ISO-10303-21;
HEADER;
FILE_DESCRIPTION (( 'STEP AP203' ),
    '1' );
FILE_NAME ('ADR-REF-W_REV_A.step',
    '2025-08-17T04:50:07',
    ( '' ),
    ( '' ),
    'SwSTEP 2.0',
    'SolidWorks 2024',
    '' );
FILE_SCHEMA (( 'CONFIG_CONTROL_DESIGN' ));
ENDSEC;

DATA;
#1 = DIRECTION ( 'NONE',  ( 0.000000000000000000, -1.000000000000000000, 0.000000000000000000 ) ) ;
#2 = CARTESIAN_POINT ( 'NONE',  ( 43.16046758780948522, 7.853276077121603471, -15.85187180104800220 ) ) ;
#3 = CARTESIAN_POINT ( 'NONE',  ( 42.25874812612785547, 8.609834275239867551, 15.92332950791331569 ) ) ;
#4 = CARTESIAN_POINT ( 'NONE',  ( 40.51600202407421136, 9.996384919383128675, -13.56178234274181271 ) ) ;
#5 = CARTESIAN_POINT ( 'NONE',  ( -40.77690851640944913, 9.973656829390177947, 13.75734538165508702 ) ) ;
#6 = VECTOR ( 'NONE', #3037, 1000.000000000000000 ) ;
#7 = CARTESIAN_POINT ( 'NONE',  ( -42.66397775770719392, 7.532391476259254759, 16.32884453260393443 ) ) ;
#8 = ORIENTED_EDGE ( 'NONE', *, *, #3334, .T. ) ;
#9 = CARTESIAN_POINT ( 'NONE',  ( -41.40411429078302774, 9.823787336943905046, -14.12684991862165873 ) ) ;
#10 = CARTESIAN_POINT ( 'NONE',  ( 41.75943269479681419, 9.669931939708380497, -14.45997047985828665 ) ) ;
#11 = CARTESIAN_POINT ( 'NONE',  ( 40.55587550811070940, 9.996598302883089815, 13.52180833103340518 ) ) ;
#12 = CARTESIAN_POINT ( 'NONE',  ( -41.87105256907094741, 9.513954951201320398, 14.95163849098829978 ) ) ;
#13 = DIRECTION ( 'NONE',  ( -0.000000000000000000, -1.000000000000000000, -0.000000000000000000 ) ) ;
#14 = CARTESIAN_POINT ( 'NONE',  ( -42.50000000000000711, 5.000000000000000000, 15.50000000000000178 ) ) ;
#15 = CARTESIAN_POINT ( 'NONE',  ( 41.61249405637899201, 9.513135846417588581, 15.03150470274283634 ) ) ;
#16 = CARTESIAN_POINT ( 'NONE',  ( -42.86132201822617560, 8.701933361714480952, -15.23887808103055264 ) ) ;
#17 = CARTESIAN_POINT ( 'NONE',  ( -42.02888839645015651, 9.337178505424731156, -15.21472252363935418 ) ) ;
#18 = EDGE_LOOP ( 'NONE', ( #36, #1151, #1558, #2795 ) ) ;
#19 = CARTESIAN_POINT ( 'NONE',  ( 42.12351319230464242, 9.241484358278007960, -15.32237764954459180 ) ) ;
#20 = CARTESIAN_POINT ( 'NONE',  ( -43.36079865040422732, 7.168196617695873130, 15.74110917939806242 ) ) ;
#21 = CARTESIAN_POINT ( 'NONE',  ( 42.40642106274187739, 8.064367438664314491, -16.19733992837295489 ) ) ;
#22 = CARTESIAN_POINT ( 'NONE',  ( 42.21943392074159362, 8.693352387893071409, 15.86817826241169627 ) ) ;
#23 = CARTESIAN_POINT ( 'NONE',  ( 40.56030410236854777, 9.996442871220006410, -13.51745367397818498 ) ) ;
#24 = CARTESIAN_POINT ( 'NONE',  ( -40.72464561671660732, 9.982421387497472764, -13.65596645424499300 ) ) ;
#25 = CARTESIAN_POINT ( 'NONE',  ( -40.51842143688840281, 9.996480994016771149, 13.55931877589916290 ) ) ;
#26 = ORIENTED_EDGE ( 'NONE', *, *, #3280, .F. ) ;
#27 = CARTESIAN_POINT ( 'NONE',  ( -42.81709681032012327, 8.767463577036394895, -15.13580240888916606 ) ) ;
#28 = CARTESIAN_POINT ( 'NONE',  ( 42.05340119303323121, 9.489608052657271031, -14.75204023784302798 ) ) ;
#29 = CARTESIAN_POINT ( 'NONE',  ( 40.80145855237771002, 9.972376092743795439, 13.73271184219420604 ) ) ;
#30 = CARTESIAN_POINT ( 'NONE',  ( -41.92992491552976730, 9.426327150483587047, 15.10307905693424324 ) ) ;
#31 = CARTESIAN_POINT ( 'NONE',  ( -42.50000000000000711, 5.000000000000000000, 17.50000000000000000 ) ) ;
#32 = CARTESIAN_POINT ( 'NONE',  ( 40.39106740344013957, 10.00000000000000000, 13.39106740344015378 ) ) ;
#33 = CARTESIAN_POINT ( 'NONE',  ( 41.87105249385222550, 9.513954949898442592, 14.95163858995460160 ) ) ;
#34 = CARTESIAN_POINT ( 'NONE',  ( -43.03215499698586655, 8.426058625006534797, 15.30922775151649340 ) ) ;
#35 = CARTESIAN_POINT ( 'NONE',  ( -42.28504757492908794, 9.327168560511564621, -14.76089522324624959 ) ) ;
#36 = ORIENTED_EDGE ( 'NONE', *, *, #1877, .F. ) ;
#37 = CARTESIAN_POINT ( 'NONE',  ( 42.02888859274568745, 9.337178599136354507, -15.21472239876816346 ) ) ;
#38 = CARTESIAN_POINT ( 'NONE',  ( 43.28669462004479840, 7.790101579903952356, 15.44953432457215925 ) ) ;
#39 = CARTESIAN_POINT ( 'NONE',  ( 43.26899939005138407, 7.818810583328581920, -15.59209282492644100 ) ) ;
#40 = CARTESIAN_POINT ( 'NONE',  ( 42.70164390721927816, 8.530660438112708022, 15.83500573321199312 ) ) ;
#41 = CARTESIAN_POINT ( 'NONE',  ( -40.54657128109356279, 9.996790729501276118, 13.53100839504368125 ) ) ;
#42 = CARTESIAN_POINT ( 'NONE',  ( -41.06829838774315533, 9.923299372073442370, -13.92937038604556044 ) ) ;
#43 = ORIENTED_EDGE ( 'NONE', *, *, #1129, .T. ) ;
#44 = CARTESIAN_POINT ( 'NONE',  ( 43.38236231671152154, 7.244245942583694919, 15.51436518486614879 ) ) ;
#45 = CARTESIAN_POINT ( 'NONE',  ( 41.53356385473784229, 9.628696278110384199, -14.83424225543069852 ) ) ;
#46 = CARTESIAN_POINT ( 'NONE',  ( 40.66090774557711995, 9.982766697678153278, 13.71970343229434874 ) ) ;
#47 = CARTESIAN_POINT ( 'NONE',  ( -42.26887650338917268, 9.339566395869551840, 14.78724504586707944 ) ) ;
#48 = CARTESIAN_POINT ( 'NONE',  ( 42.34656499750332870, 9.275094464978534958, -14.80470180738810093 ) ) ;
#49 = CARTESIAN_POINT ( 'NONE',  ( 40.70751414256602629, 9.969624971489745136, 13.82641784947105457 ) ) ;
#50 = CARTESIAN_POINT ( 'NONE',  ( 42.19215673832575675, 9.394487633818547678, 14.81560345768954967 ) ) ;
#51 = EDGE_CURVE ( 'NONE', #671, #2463, #1187, .T. ) ;
#52 = CARTESIAN_POINT ( 'NONE',  ( -42.46605643134326868, 8.378995621497702828, 16.04498610886533427 ) ) ;
#53 = AXIS2_PLACEMENT_3D ( 'NONE', #3491, #1243, #2087 ) ;
#54 = CARTESIAN_POINT ( 'NONE',  ( -42.93585426531240046, 8.591995904124987149, -15.21798788878504105 ) ) ;
#55 = CARTESIAN_POINT ( 'NONE',  ( -41.96322134951265781, 9.397579611864498972, -15.14048257121915597 ) ) ;
#56 = ORIENTED_EDGE ( 'NONE', *, *, #1686, .T. ) ;
#57 = CARTESIAN_POINT ( 'NONE',  ( 42.31691758924388580, 9.297120278579599884, -14.89166721332094312 ) ) ;
#58 = CARTESIAN_POINT ( 'NONE',  ( -43.19885968577442270, 8.060316040153949757, 15.39420867223015499 ) ) ;
#59 = CARTESIAN_POINT ( 'NONE',  ( 42.62231566743427891, 7.163400603104063791, -16.38662097869172385 ) ) ;
#60 = CARTESIAN_POINT ( 'NONE',  ( 42.67489779644684944, 8.786780880272294425, -15.55101319909500823 ) ) ;
#61 = CARTESIAN_POINT ( 'NONE',  ( 43.04498610895755917, 8.378995621252640191, 15.46605643100292760 ) ) ;
#62 = CARTESIAN_POINT ( 'NONE',  ( -40.56128942591448805, 9.996404748433503684, 13.51648591527534471 ) ) ;
#63 = CARTESIAN_POINT ( 'NONE',  ( -41.03395979165875929, 9.869848552439213663, -14.26977708451646620 ) ) ;
#64 = ADVANCED_FACE ( 'NONE', ( #939 ), #1706, .T. ) ;
#65 = CARTESIAN_POINT ( 'NONE',  ( 42.50000000717245285, 7.243092321016639801, -16.38244451272867508 ) ) ;
#66 = CARTESIAN_POINT ( 'NONE',  ( -43.05744454828768397, 8.374994739046760728, -15.30054635711468691 ) ) ;
#67 = CARTESIAN_POINT ( 'NONE',  ( 41.47226536812326003, 9.604948519815870611, -14.88224119310629057 ) ) ;
#68 = CARTESIAN_POINT ( 'NONE',  ( 40.72150101707083536, 9.971408088589107876, 13.81259458998532175 ) ) ;
#69 = AXIS2_PLACEMENT_3D ( 'NONE', #270, #3034, #2160 ) ;
#70 = CARTESIAN_POINT ( 'NONE',  ( -41.82277338046935711, 9.265601913089394515, 15.35823315592764793 ) ) ;
#71 = CARTESIAN_POINT ( 'NONE',  ( 42.87719416874828937, 8.690372273674091375, -15.17770934468752131 ) ) ;
#72 = CIRCLE ( 'NONE', #2088, 0.9999999999999991118 ) ;
#73 = CARTESIAN_POINT ( 'NONE',  ( 42.05764728228162141, 8.912317187279070296, 15.70465152975787326 ) ) ;
#74 = CARTESIAN_POINT ( 'NONE',  ( 41.75869369385370788, 9.370349037499805078, 15.22990284894409996 ) ) ;
#75 = CARTESIAN_POINT ( 'NONE',  ( -41.68029167924584044, 9.691113753953997545, -14.55003165300843371 ) ) ;
#76 = CARTESIAN_POINT ( 'NONE',  ( -42.97220279547669719, 8.487202556464890080, 15.48304227476634942 ) ) ;
#77 = CARTESIAN_POINT ( 'NONE',  ( -42.00594594596521603, 9.029536919263815520, -15.60072501679153056 ) ) ;
#78 = CARTESIAN_POINT ( 'NONE',  ( -41.77411187518458746, 9.333523443769955463, -15.27704875715464716 ) ) ;
#79 = ORIENTED_EDGE ( 'NONE', *, *, #3519, .T. ) ;
#80 = CARTESIAN_POINT ( 'NONE',  ( 41.85732967365062507, 9.281803007229274982, -15.33785334266634059 ) ) ;
#81 = CARTESIAN_POINT ( 'NONE',  ( 42.60355237868543554, 8.705054999589011189, -15.73056932313500766 ) ) ;
#82 = CARTESIAN_POINT ( 'NONE',  ( 42.57524607078746470, 9.057149119647363023, 14.96669246655492280 ) ) ;
#83 = CARTESIAN_POINT ( 'NONE',  ( -40.70879361770027316, 9.969801996300120095, 13.82515518649294961 ) ) ;
#84 = CARTESIAN_POINT ( 'NONE',  ( -41.12769875149655974, 9.849595144575500782, -14.33151188000963216 ) ) ;
#85 = CARTESIAN_POINT ( 'NONE',  ( 42.49999999999998579, 7.157007868728832101, -16.38695600770387628 ) ) ;
#86 = CARTESIAN_POINT ( 'NONE',  ( 43.23135572204709121, 7.549486992642931327, 15.91183395510289955 ) ) ;
#87 = CARTESIAN_POINT ( 'NONE',  ( 42.03929473101134562, 9.508421798709266071, -14.60159768794256863 ) ) ;
#88 = CARTESIAN_POINT ( 'NONE',  ( 40.45694421963560217, 10.00000000000000000, 13.47132802490220804 ) ) ;
#89 = CARTESIAN_POINT ( 'NONE',  ( -41.72387481450516589, 9.480396907867296719, 15.07503045406060416 ) ) ;
#90 = CARTESIAN_POINT ( 'NONE',  ( 41.33611008521892671, 9.848343900575612153, -14.07758558005370730 ) ) ;
#91 = CARTESIAN_POINT ( 'NONE',  ( 40.51551810605411674, 9.996364305024524555, 13.56227552229308486 ) ) ;
#92 = CARTESIAN_POINT ( 'NONE',  ( 42.03929468611170250, 9.508421827835579876, 14.60159774748286843 ) ) ;
#93 = CARTESIAN_POINT ( 'NONE',  ( -43.10714365790828850, 8.212168423955198193, 15.58495861530905557 ) ) ;
#94 = CARTESIAN_POINT ( 'NONE',  ( -41.91369880699786421, 9.558333986068188182, -14.76003119032739619 ) ) ;
#95 = ORIENTED_EDGE ( 'NONE', *, *, #1877, .T. ) ;
#96 = CARTESIAN_POINT ( 'NONE',  ( -43.50000000000001421, 5.000000000000000000, 15.49999999999999822 ) ) ;
#97 = CARTESIAN_POINT ( 'NONE',  ( 42.92987583368218196, 8.601122007648335455, -15.23840319953235856 ) ) ;
#98 = CARTESIAN_POINT ( 'NONE',  ( 41.98989844266316140, 9.021606217811690698, 15.60819686516914828 ) ) ;
#99 = EDGE_CURVE ( 'NONE', #2637, #3429, #2063, .T. ) ;
#100 = CARTESIAN_POINT ( 'NONE',  ( -40.98866315215045830, 9.885385555599240703, 14.21357298636110222 ) ) ;
#101 = LINE ( 'NONE', #403, #2850 ) ;
#102 = CARTESIAN_POINT ( 'NONE',  ( 43.16664144841764994, 7.552932143746461158, 16.00683518958161855 ) ) ;
#103 = CARTESIAN_POINT ( 'NONE',  ( 41.35805348813627091, 9.841401586659317857, -14.09837836412141598 ) ) ;
#104 = CARTESIAN_POINT ( 'NONE',  ( -41.64862329044610334, 9.694609515972361535, 14.58349799678535419 ) ) ;
#105 = CARTESIAN_POINT ( 'NONE',  ( 41.06156683814450048, 9.924773826555702172, -13.87833286146318557 ) ) ;
#106 = CARTESIAN_POINT ( 'NONE',  ( -43.38695600770388694, 7.157007868728832101, -15.50000000000000178 ) ) ;
#107 = CARTESIAN_POINT ( 'NONE',  ( 41.32893613299343372, 9.750198613701655859, 14.59079680451228178 ) ) ;
#108 = CARTESIAN_POINT ( 'NONE',  ( -41.65629377932565092, 9.653509416561320222, -14.72537067402978295 ) ) ;
#109 = CARTESIAN_POINT ( 'NONE',  ( -42.22603647184096332, 8.980221557279058686, 15.61705118140888970 ) ) ;
#110 = LINE ( 'NONE', #2200, #6 ) ;
#111 = CARTESIAN_POINT ( 'NONE',  ( -42.74408373097419656, 8.860931621297330807, -15.15371805034340902 ) ) ;
#112 = CARTESIAN_POINT ( 'NONE',  ( -43.19136434642783229, 8.075555913774598693, 15.44301378088471566 ) ) ;
#113 = CARTESIAN_POINT ( 'NONE',  ( -42.11979471514635520, 9.453806653538778804, -14.66021338060908086 ) ) ;
#114 = ORIENTED_EDGE ( 'NONE', *, *, #1491, .T. ) ;
#115 = EDGE_CURVE ( 'NONE', #1455, #1113, #2554, .T. ) ;
#116 = CARTESIAN_POINT ( 'NONE',  ( -44.50000000000001421, 5.000000000000000000, -15.50000000000000178 ) ) ;
#117 = CARTESIAN_POINT ( 'NONE',  ( 42.23840319694672019, 8.601122008593177881, -15.92987583354314651 ) ) ;
#118 = CARTESIAN_POINT ( 'NONE',  ( 42.13277593614969874, 9.081897935549928746, 15.53064645487879325 ) ) ;
#119 = CARTESIAN_POINT ( 'NONE',  ( -40.39106740344016089, 10.00000000000000000, 13.39106740344014845 ) ) ;
#120 = CARTESIAN_POINT ( 'NONE',  ( -41.09542363840368751, 9.840503873647682198, -14.36070354230324142 ) ) ;
#121 = DIRECTION ( 'NONE',  ( -1.000000000000000000, 0.000000000000000000, -0.000000000000000000 ) ) ;
#122 = CARTESIAN_POINT ( 'NONE',  ( 42.94365679898635335, 7.260511809336784417, 16.27044834864171818 ) ) ;
#123 = CARTESIAN_POINT ( 'NONE',  ( 41.48293745734170557, 9.792130574859559289, -14.28625581820346291 ) ) ;
#124 = CARTESIAN_POINT ( 'NONE',  ( -42.03929473120376059, 9.508421798582928020, 14.60159768772528111 ) ) ;
#125 = PLANE ( 'NONE',  #573 ) ;
#126 = CARTESIAN_POINT ( 'NONE',  ( 42.47537405648424169, 7.606221077952796783, 16.33070191008929228 ) ) ;
#127 = CARTESIAN_POINT ( 'NONE',  ( 41.62064931891698905, 9.649577460738422374, 14.75882558987085247 ) ) ;
#128 = CARTESIAN_POINT ( 'NONE',  ( -42.55034823855812220, 9.005697345344305660, 15.32325934326407513 ) ) ;
#129 = CARTESIAN_POINT ( 'NONE',  ( -42.24793694536769806, 8.528445891606375895, -15.97917399883162837 ) ) ;
#130 = CIRCLE ( 'NONE', #2432, 2.000000000000000000 ) ;
#131 = CARTESIAN_POINT ( 'NONE',  ( -42.28734648522397777, 8.722421420769562062, -15.84294740844363325 ) ) ;
#132 = ORIENTED_EDGE ( 'NONE', *, *, #366, .T. ) ;
#133 = CARTESIAN_POINT ( 'NONE',  ( 42.07470920978893503, 8.920670496792681092, -15.69749001002979050 ) ) ;
#134 = CARTESIAN_POINT ( 'NONE',  ( 42.15122779395843367, 8.955545792118593695, 15.66237188737725994 ) ) ;
#135 = CARTESIAN_POINT ( 'NONE',  ( -40.54532236226545905, 9.993670699552533065, 13.60341992889935625 ) ) ;
#136 = CARTESIAN_POINT ( 'NONE',  ( -41.00473271197489566, 9.937960474313529247, -13.83708908931438231 ) ) ;
#137 = ORIENTED_EDGE ( 'NONE', *, *, #299, .T. ) ;
#138 = CARTESIAN_POINT ( 'NONE',  ( 43.00683516744272339, 7.552932141789327147, 16.16664146725031159 ) ) ;
#139 = CARTESIAN_POINT ( 'NONE',  ( 41.79467153494901765, 9.653185654458447118, -14.41608528315975235 ) ) ;
#140 =( NAMED_UNIT ( * ) PLANE_ANGLE_UNIT ( ) SI_UNIT ( $, .RADIAN. ) );
#141 = CARTESIAN_POINT ( 'NONE',  ( -41.87864186699229663, 9.607000587074809417, 14.47701467574023582 ) ) ;
#142 = CARTESIAN_POINT ( 'NONE',  ( 40.45260328947562556, 10.00000000000000000, -13.47572726869405280 ) ) ;
#143 = CARTESIAN_POINT ( 'NONE',  ( -42.57524607052350518, 9.057149119927927927, 14.96669246699102374 ) ) ;
#144 = CARTESIAN_POINT ( 'NONE',  ( 41.75208528091000915, 9.672521001929945683, 14.46865318548508128 ) ) ;
#145 = CARTESIAN_POINT ( 'NONE',  ( -41.43879378296668392, 9.800523672805271147, -14.33379896048511704 ) ) ;
#146 = CARTESIAN_POINT ( 'NONE',  ( -42.03795112277364865, 9.044632863336488526, 15.58505366726469887 ) ) ;
#147 = ADVANCED_FACE ( 'NONE', ( #3450 ), #1724, .F. ) ;
#148 = CARTESIAN_POINT ( 'NONE',  ( 40.39106740344013957, 10.00000000000000000, 13.39106740344015378 ) ) ;
#149 = CARTESIAN_POINT ( 'NONE',  ( -42.23922777754750513, 9.109897209833816234, -15.45466899602964439 ) ) ;
#150 = CARTESIAN_POINT ( 'NONE',  ( -41.71253468437071632, 9.476470198728154770, -15.08358385502322285 ) ) ;
#151 = EDGE_LOOP ( 'NONE', ( #3189, #303, #1385, #2584, #3466 ) ) ;
#152 = CARTESIAN_POINT ( 'NONE',  ( -42.52879614252126572, 7.244583060492638893, 16.38200819255731844 ) ) ;
#153 = CARTESIAN_POINT ( 'NONE',  ( -40.39106740344013247, 10.00000000000000000, -13.39106740344015556 ) ) ;
#154 = CARTESIAN_POINT ( 'NONE',  ( 42.23922793968451117, 9.109897294713094951, -15.45466894727459284 ) ) ;
#155 = CARTESIAN_POINT ( 'NONE',  ( 41.89166721282354189, 9.297120278228968360, 15.31691758965272854 ) ) ;
#156 = CARTESIAN_POINT ( 'NONE',  ( -41.61164066616210988, 9.483243236991237168, 15.07655170362344599 ) ) ;
#157 = CARTESIAN_POINT ( 'NONE',  ( -40.96984572606664443, 9.943594448347576886, -13.87309868447942485 ) ) ;
#158 = CARTESIAN_POINT ( 'NONE',  ( 42.49851193145389061, 7.516284980984506703, -16.34762123730181926 ) ) ;
#159 = CARTESIAN_POINT ( 'NONE',  ( 43.34304082112107892, 7.522963449294508109, 15.56760437058172108 ) ) ;
#160 = CARTESIAN_POINT ( 'NONE',  ( 41.11454961411391906, 9.885097972042837355, -14.19392059581330301 ) ) ;
#161 = CARTESIAN_POINT ( 'NONE',  ( -41.33640571926331830, 9.752204630122877305, 14.58420190761037638 ) ) ;
#162 = DIRECTION ( 'NONE',  ( 0.000000000000000000, 0.05233595624294388321, 0.9986295347545739443 ) ) ;
#163 = CARTESIAN_POINT ( 'NONE',  ( 42.50000000708605086, 7.243092321010670354, 16.38244451272898772 ) ) ;
#164 = CARTESIAN_POINT ( 'NONE',  ( 41.55675946622282879, 9.635514304139508823, 14.81485880005704558 ) ) ;
#165 = CARTESIAN_POINT ( 'NONE',  ( -42.56462406073138993, 9.062609942832811072, 15.07784393421279923 ) ) ;
#166 = CARTESIAN_POINT ( 'NONE',  ( 40.73762081282362146, 9.981176790769394458, 13.64297353239266819 ) ) ;
#167 = CARTESIAN_POINT ( 'NONE',  ( -42.68163144609631132, 7.832756250560861666, -16.24068487778600911 ) ) ;
#168 = ORIENTED_EDGE ( 'NONE', *, *, #1507, .F. ) ;
#169 = CARTESIAN_POINT ( 'NONE',  ( -42.51436518491779992, 7.244245942584159437, 16.38236231671151089 ) ) ;
#170 = CARTESIAN_POINT ( 'NONE',  ( -42.77079583636889026, 8.149288811400170474, -16.06337834924339347 ) ) ;
#171 = LOCAL_TIME ( 14, 50, 7.000000000000000000, #1901 ) ;
#172 = CARTESIAN_POINT ( 'NONE',  ( 42.10923791383136461, 8.840282998644321211, -15.76237732390143798 ) ) ;
#173 = CARTESIAN_POINT ( 'NONE',  ( 42.21472239895680190, 9.337178598890060854, 15.02888859253454612 ) ) ;
#174 = CARTESIAN_POINT ( 'NONE',  ( 43.49999999999998579, 5.000000000000000000, 15.50000000000000178 ) ) ;
#175 = CARTESIAN_POINT ( 'NONE',  ( 43.38244451272865376, 7.243092321016670887, -15.50000000717326465 ) ) ;
#176 = CARTESIAN_POINT ( 'NONE',  ( 43.06725008501573626, 7.961432519733543600, 15.91538114217760658 ) ) ;
#177 = CARTESIAN_POINT ( 'NONE',  ( 41.33640571937810648, 9.752204630185493883, -14.58420190746992695 ) ) ;
#178 = CARTESIAN_POINT ( 'NONE',  ( 40.39106740344013957, 10.00000000000000355, 13.39106740344015556 ) ) ;
#179 = CARTESIAN_POINT ( 'NONE',  ( -41.79467153513397193, 9.653185654361147172, 14.41608528297020797 ) ) ;
#180 = LINE ( 'NONE', #1569, #3015 ) ;
#181 = APPROVAL ( #1207, 'UNSPECIFIED' ) ;
#182 = CARTESIAN_POINT ( 'NONE',  ( -42.40029963002857727, 9.228371414970164111, 14.84290105472861754 ) ) ;
#183 = CARTESIAN_POINT ( 'NONE',  ( 41.23778523162955878, 9.778521051362059069, 14.52590243105251488 ) ) ;
#184 = CARTESIAN_POINT ( 'NONE',  ( -42.62816842223218572, 8.975975457230072507, 15.20983239395436115 ) ) ;
#185 = CARTESIAN_POINT ( 'NONE',  ( 42.60819686516890670, 9.021606217811900308, 14.98989844266332305 ) ) ;
#186 = CARTESIAN_POINT ( 'NONE',  ( -42.50241900192670386, 7.610088976749080913, -16.32943092366429028 ) ) ;
#187 = AXIS2_PLACEMENT_3D ( 'NONE', #1177, #1193, #2789 ) ;
#188 = ORIENTED_EDGE ( 'NONE', *, *, #742, .T. ) ;
#189 = FACE_OUTER_BOUND ( 'NONE', #1008, .T. ) ;
#190 = AXIS2_PLACEMENT_3D ( 'NONE', #14, #1412, #2251 ) ;
#191 = CARTESIAN_POINT ( 'NONE',  ( -43.08207358122486141, 8.330200526716994958, -15.33015741688096689 ) ) ;
#192 = CARTESIAN_POINT ( 'NONE',  ( 42.10032105785191447, 8.835910734030827385, -15.76575768104319941 ) ) ;
#193 = CARTESIAN_POINT ( 'NONE',  ( -42.30054635695137932, 8.374994739004755218, 16.05744454830932355 ) ) ;
#194 = CARTESIAN_POINT ( 'NONE',  ( 43.00683518949038131, 7.552932143807707277, -16.16664144859142027 ) ) ;
#195 = CARTESIAN_POINT ( 'NONE',  ( 42.39420867183839903, 8.060316039980266467, 16.19885968583935565 ) ) ;
#196 = CARTESIAN_POINT ( 'NONE',  ( 41.01523787700332235, 9.928826525337411724, -13.98372261039782671 ) ) ;
#197 = CARTESIAN_POINT ( 'NONE',  ( -41.33379896051981461, 9.800523672759346994, 14.43879378306174388 ) ) ;
#198 = CARTESIAN_POINT ( 'NONE',  ( -42.50000000000000711, 5.000000000000000000, 16.50000000000000000 ) ) ;
#199 = CARTESIAN_POINT ( 'NONE',  ( -43.37333166476118151, 7.334309440428873117, -15.52565042033258180 ) ) ;
#200 = CARTESIAN_POINT ( 'NONE',  ( 40.90796925326075240, 9.946253391777313269, 13.93547696770847821 ) ) ;
#201 = CARTESIAN_POINT ( 'NONE',  ( -41.58420190754233658, 9.752204630152892406, -14.33640571932358299 ) ) ;
#202 = CARTESIAN_POINT ( 'NONE',  ( -42.20740608690910278, 9.216900831755140189, 15.30891738870826302 ) ) ;
#203 = CARTESIAN_POINT ( 'NONE',  ( 40.82641784947101371, 9.969624971489743359, 13.70751414256604583 ) ) ;
#204 = CARTESIAN_POINT ( 'NONE',  ( -42.55186080650207714, 9.079746654486923418, -15.01379140378529442 ) ) ;
#205 = CARTESIAN_POINT ( 'NONE',  ( -42.52817426526036826, 8.100829454088151138, -16.17471362601628115 ) ) ;
#206 = CARTESIAN_POINT ( 'NONE',  ( 41.98242539445851662, 9.064933219916182949, -15.56767925327149982 ) ) ;
#207 = CARTESIAN_POINT ( 'NONE',  ( -41.79850069213552644, 9.282561878482651352, 15.33784740944095226 ) ) ;
#208 = CARTESIAN_POINT ( 'NONE',  ( 42.77847203609258742, 7.348277508457415230, -16.32768885493948829 ) ) ;
#209 = CARTESIAN_POINT ( 'NONE',  ( 43.26147338344134141, 7.822970783783698145, 15.61788476153411764 ) ) ;
#210 = CARTESIAN_POINT ( 'NONE',  ( 40.75734548461277029, 9.973656831339756224, -13.77690841852286852 ) ) ;
#211 = CARTESIAN_POINT ( 'NONE',  ( -40.51600202330833156, 9.996384919380119527, -13.56178234326532817 ) ) ;
#212 = EDGE_CURVE ( 'NONE', #2275, #2500, #2031, .T. ) ;
#213 = CARTESIAN_POINT ( 'NONE',  ( -40.94364194469108043, 9.925287900277451669, 14.05449647783785139 ) ) ;
#214 = CARTESIAN_POINT ( 'NONE',  ( -42.73172486296575556, 7.537911073677494578, -16.30964702851651893 ) ) ;
#215 = CARTESIAN_POINT ( 'NONE',  ( 40.96787561219002782, 9.927982499771200509, 14.03089464509288575 ) ) ;
#216 = CARTESIAN_POINT ( 'NONE',  ( -42.46318024945271219, 9.165137037881391890, 15.00187193043897871 ) ) ;
#217 = CARTESIAN_POINT ( 'NONE',  ( 43.08731151679862137, 8.315463774777390071, -15.32058076843801508 ) ) ;
#218 = CARTESIAN_POINT ( 'NONE',  ( -42.50777332068863501, 9.126489587564494244, -14.91905863107423258 ) ) ;
#219 = DIRECTION ( 'NONE',  ( 1.000000000000000000, 0.000000000000000000, 0.000000000000000000 ) ) ;
#220 = CARTESIAN_POINT ( 'NONE',  ( -42.34157007263088701, 8.334620325170304156, -16.07960536774193727 ) ) ;
#221 = CC_DESIGN_PERSON_AND_ORGANIZATION_ASSIGNMENT ( #3008, #787, ( #3486 ) ) ;
#222 = CARTESIAN_POINT ( 'NONE',  ( 42.46939068067160150, 9.164007705803676629, -14.90206508951823672 ) ) ;
#223 = DIRECTION ( 'NONE',  ( 0.000000000000000000, 0.000000000000000000, 1.000000000000000000 ) ) ;
#224 = CARTESIAN_POINT ( 'NONE',  ( 42.75745471730681402, 7.539564769183753512, -16.29846255372787667 ) ) ;
#225 = CARTESIAN_POINT ( 'NONE',  ( 42.50140916869317920, 7.800895703943258930, 16.28170914703485295 ) ) ;
#226 = CARTESIAN_POINT ( 'NONE',  ( 41.00473271192561242, 9.937960474323602966, -13.83708908935528825 ) ) ;
#227 = CARTESIAN_POINT ( 'NONE',  ( -40.52084074092325494, 9.996570927337378620, -13.55685725927983754 ) ) ;
#228 = CARTESIAN_POINT ( 'NONE',  ( -41.31283806071368048, 9.853788968240387192, 14.14779122447520976 ) ) ;
#229 = CARTESIAN_POINT ( 'NONE',  ( -42.65395449759520830, 7.342335647360743067, -16.36370192634037224 ) ) ;
#230 = CARTESIAN_POINT ( 'NONE',  ( 41.03395979142747052, 9.869848552357090909, 14.26977708478733753 ) ) ;
#231 = CARTESIAN_POINT ( 'NONE',  ( -42.45734675073914843, 9.174571821113135073, 14.92425641604534725 ) ) ;
#232 = CARTESIAN_POINT ( 'NONE',  ( 43.20406480581644360, 7.176186972796776864, 16.04885893490744309 ) ) ;
#233 = DIRECTION ( 'NONE',  ( 0.000000000000000000, 0.000000000000000000, 1.000000000000000000 ) ) ;
#234 = CARTESIAN_POINT ( 'NONE',  ( 42.44925675414602750, 9.181535180361279913, 14.93903514999179727 ) ) ;
#235 = CARTESIAN_POINT ( 'NONE',  ( -42.82281488782705736, 8.252409556245916988, -15.96592407052273366 ) ) ;
#236 = CARTESIAN_POINT ( 'NONE',  ( 41.84290105499778889, 9.228371415146684242, -15.40029962983272149 ) ) ;
#237 = CARTESIAN_POINT ( 'NONE',  ( -42.85550605781241273, 8.157865625307227475, 16.00180995033605313 ) ) ;
#238 = DIRECTION ( 'NONE',  ( 0.000000000000000000, 0.000000000000000000, 1.000000000000000000 ) ) ;
#239 = VECTOR ( 'NONE', #13, 1000.000000000000000 ) ;
#240 = CARTESIAN_POINT ( 'NONE',  ( 43.28997747483657577, 7.636203480748495309, -15.71735834894446171 ) ) ;
#241 = CARTESIAN_POINT ( 'NONE',  ( 43.19885968583922420, 8.060316039980541802, 15.39420867183856245 ) ) ;
#242 = CARTESIAN_POINT ( 'NONE',  ( 40.91477833451966717, 9.920540185801005606, -14.08222830707071438 ) ) ;
#243 = CARTESIAN_POINT ( 'NONE',  ( -41.04730615599380883, 9.873348460962905193, 14.25752191162928995 ) ) ;
#244 = ORIENTED_EDGE ( 'NONE', *, *, #2017, .F. ) ;
#245 = CARTESIAN_POINT ( 'NONE',  ( -42.98805807013362568, 7.654977587224994551, -16.14637483073950719 ) ) ;
#246 = CARTESIAN_POINT ( 'NONE',  ( 41.27524164902482795, 9.859820147107162924, 14.18742519663869750 ) ) ;
#247 = CARTESIAN_POINT ( 'NONE',  ( -41.88538722855720664, 9.248574651764940313, 15.37605043682966688 ) ) ;
#248 = CARTESIAN_POINT ( 'NONE',  ( 43.07552951712956713, 8.339343280021164873, -15.31269420661840286 ) ) ;
#249 = CARTESIAN_POINT ( 'NONE',  ( -41.94926664305111075, 9.141085011383101033, -15.49199766930046529 ) ) ;
#250 = CARTESIAN_POINT ( 'NONE',  ( 44.49999999999998579, 5.000000000000000000, 15.50000000000000000 ) ) ;
#251 = CARTESIAN_POINT ( 'NONE',  ( 42.37605043710231456, 9.248574651523412626, 14.88538722820996085 ) ) ;
#252 = CARTESIAN_POINT ( 'NONE',  ( -43.03215500242296798, 8.426058615455623624, -15.30922772432056611 ) ) ;
#253 = CARTESIAN_POINT ( 'NONE',  ( 42.27611191503364552, 9.248707019656519535, -15.17672232108989405 ) ) ;
#254 = CARTESIAN_POINT ( 'NONE',  ( -42.74108410761554921, 7.168195266494438833, 16.36080574673973942 ) ) ;
#255 = CARTESIAN_POINT ( 'NONE',  ( 43.02642757932652984, 8.243192750795360624, -15.74022662957967178 ) ) ;
#256 = CARTESIAN_POINT ( 'NONE',  ( 42.36432956530183702, 8.343194760923655195, 16.07420213665566777 ) ) ;
#257 = CARTESIAN_POINT ( 'NONE',  ( 40.90423021952544502, 9.918307535530781038, -14.09223679492273362 ) ) ;
#258 = CARTESIAN_POINT ( 'NONE',  ( -40.73023705208581191, 9.972212609217910639, -13.80392161671194273 ) ) ;
#259 = B_SPLINE_SURFACE_WITH_KNOTS ( 'NONE', 3, 3, ( 
 ( #106, #427, #1211, #2308, #2036, #666, #2883, #391, #1533, #1784, #2632, #3494, #2594, #682, #1517, #826 ),
 ( #1351, #1080, #2172, #1922, #3549, #3581, #3566, #3304, #465, #2673, #535, #3258, #1095, #757, #2144, #1859 ),
 ( #1634, #2980, #199, #2189, #806, #2399, #482, #1907, #2743, #3288, #1065, #229, #1331, #2155, #790, #1888 ),
 ( #3011, #1368, #3532, #1586, #264, #2465, #2417, #515, #772, #3596, #214, #3322, #1874, #1615, #2687, #1034 ),
 ( #499, #1051, #1318, #3274, #2997, #1598, #2703, #2721, #245, #2449, #450, #3517, #1024, #186, #2366, #1538 ),
 ( #1289, #2387, #1270, #2114, #3499, #2095, #725, #1006, #3242, #3224, #167, #3203, #1556, #3477, #1828, #2076 ),
 ( #2948, #2655, #2928, #744, #1845, #431, #2636, #2967, #2346, #986, #707, #1810, #2370, #1575, #3540, #2117 ),
 ( #3227, #3296, #2988, #1849, #2680, #1294, #1273, #3246, #433, #170, #730, #205, #2162, #2694, #2389, #3001 ),
 ( #1605, #2439, #2148, #1813, #1541, #2639, #1041, #747, #235, #2658, #1059, #3502, #503, #2969, #3266, #2951 ),
 ( #3522, #191, #472, #764, #1010, #2099, #3279, #3555, #454, #1310, #2135, #2406, #491, #220, #1323, #2424 ),
 ( #779, #1880, #252, #1103, #522, #1358, #272, #1659, #2527, #2793, #2473, #3094, #852, #600, #1434, #1698 ),
 ( #54, #1161, #3052, #3330, #312, #1415, #2510, #2255, #834, #797, #2770, #1895, #1623, #2455, #1086, #558 ),
 ( #290, #1396, #2493, #16, #1125, #1453, #1984, #415, #2598, #3113, #2545, #131, #1232, #2583, #2870, #3150 ),
 ( #1753, #654, #381, #111, #1215, #687, #1251, #2273, #396, #1505, #1733, #2312, #1198, #3460, #3131, #1521 ),
 ( #3442, #1180, #3386, #950, #931, #364, #616, #2888, #3406, #912, #2908, #2041, #3166, #2329, #670, #967 ),
 ( #2056, #2294, #633, #1716, #3187, #1788, #2023, #2619, #1770, #149, #895, #2831, #347, #77, #2563, #2001 ),
 ( #2851, #1471, #1620, #204, #471, #1602, #3585, #1590, #3309, #2728, #2435, #1290, #451, #745, #2691, #1829 ),
 ( #218, #519, #1846, #3016, #2678, #1069, #2968, #794, #3263, #2404, #1039, #1573, #249, #1308, #3537, #3243 ),
 ( #1355, #2132, #1557, #3293, #761, #2985, #488, #1322, #2422, #3553, #1055, #777, #2159, #1656, #2748, #3602 ),
 ( #576, #269, #1099, #1121, #2490, #287, #1373, #3327, #1675, #309, #2470, #3347, #811, #3033, #847, #831 ),
 ( #3050, #555, #2766, #1392, #3407, #3072, #2771, #2002, #1145, #17, #2236, #1699, #1946, #313, #3053, #896 ),
 ( #35, #580, #3331, #2794, #3605, #2198, #291, #3368, #634, #55, #1416, #1454, #2814, #78, #1734, #2832 ),
 ( #1376, #1929, #3095, #2511, #875, #3387, #3114, #1985, #1966, #559, #332, #1435, #1162, #348, #1397, #2546 ),
 ( #2274, #397, #113, #2367, #655, #2599, #951, #1007, #726, #3188, #2889, #150, #3478, #3204, #2852, #2313 ),
 ( #688, #1811, #1472, #2564, #2096, #932, #94, #1754, #3167, #2871, #1487, #1199, #1216, #3424, #1789, #2909 ),
 ( #416, #1522, #2620, #2347, #1195, #2020, #651, #2580, #108, #3437, #947, #2038, #3163, #1143, #2253, #2885 ),
 ( #3111, #393, #1451, #1502, #893, #2234, #75, #873, #3403, #3092, #597, #2812, #330, #3184, #2964, #2616 ),
 ( #3260, #2944, #447, #467, #201, #1305, #2401, #3534, #1266, #982, #684, #1036, #2127, #2363, #2982, #3496 ),
 ( #484, #1002, #3457, #3221, #2925, #2905, #145, #1248, #2343, #3474, #2073, #3200, #702, #1807, #2504, #1710 ),
 ( #2268, #888, #2784, #2229, #1427, #867, #3085, #592, #1692, #2807, #1991, #84, #2820, #1758, #1705, #120 ),
 ( #1723, #2263, #1442, #1186, #2301, #3138, #3375, #3449, #675, #3175, #2840, #1742, #2876, #2571, #63, #1776 ),
 ( #937, #402, #3155, #1170, #42, #2243, #883, #2283, #920, #2534, #354, #2010, #2607, #1257, #1835, #2644 ),
 ( #136, #1239, #3250, #2917, #3465, #157, #2375, #1527, #2354, #751, #3487, #2062, #972, #694, #993, #3212 ),
 ( #1297, #1795, #2103, #3232, #1562, #2664, #822, #1918, #3041, #566, #258, #298, #1685, #2756, #1666, #278 ),
 ( #1110, #2223, #1934, #1403, #24, #3356, #1149, #859, #1953, #2800, #318, #1421, #2169, #1856, #531, #2717 ),
 ( #1902, #2123, #1301, #2977, #3026, #2701, #3235, #1049, #2995, #1567, #1583, #227, #2737, #2395, #211, #788 ),
 ( #1329, #736, #2415, #3577, #2380, #3547, #510, #3510, #2445, #3272, #3563, #3528, #2153, #770, #1346, #1814 ),
 ( #1576, #1791, #2408, #3247, #3482, #2660, #2390, #1011, #989, #2079, #418, #748, #1850, #153, #711, #2932 ) ),
 .UNSPECIFIED., .F., .F., .F.,
 ( 4, 2, 2, 2, 2, 2, 2, 2, 2, 2, 2, 2, 2, 2, 2, 2, 2, 2, 4 ),
 ( 4, 2, 1, 2, 2, 2, 1, 2, 4 ),
 ( 0.000000000000000000, 0.05504582538790431245, 0.1100916507758086249, 0.1651374761637129374, 0.2201833015516172498, 0.2831320669031911486, 0.3460808322547651028, 0.4090295976063390571, 0.4405039802821260064, 0.4719783629579129558, 0.5055608979414520920, 0.5391434329249911173, 0.6063085028920693897, 0.6734735728591476622, 0.7406386428262259347, 0.8054789821196695065, 0.8703193214131129674, 0.9351596607065564282, 1.000000000000000000 ),
 ( 0.000000000000000000, 0.03125000000000000000, 0.1250000000000000000, 0.2500000000000000000, 0.5000000000000000000, 0.7500000000000000000, 0.9375000000000000000, 0.9687500000000000000, 1.000000000000000000 ),
 .UNSPECIFIED. ) ;
#260 = CARTESIAN_POINT ( 'NONE',  ( -41.20965309623333184, 9.861471082910584940, 14.25356871172542661 ) ) ;
#261 = CARTESIAN_POINT ( 'NONE',  ( -43.33874051790034798, 7.347245440226010338, 15.75204441445647596 ) ) ;
#262 = VERTEX_POINT ( 'NONE', #607 ) ;
#263 = FACE_OUTER_BOUND ( 'NONE', #534, .T. ) ;
#264 = CARTESIAN_POINT ( 'NONE',  ( -43.32884453258301960, 7.532391476244767681, -15.66397775777321755 ) ) ;
#265 = CARTESIAN_POINT ( 'NONE',  ( 41.05449647794759471, 9.925287900250385320, 13.94364194462132467 ) ) ;
#266 = CARTESIAN_POINT ( 'NONE',  ( -43.33016520549667661, 7.608880114087894775, 15.48883662312371001 ) ) ;
#267 = CARTESIAN_POINT ( 'NONE',  ( -42.30891737159213761, 9.216900831355317791, 15.20740609579821090 ) ) ;
#268 = CARTESIAN_POINT ( 'NONE',  ( 42.49999999999998579, 7.157007868728830324, 16.38695600770387628 ) ) ;
#269 = CARTESIAN_POINT ( 'NONE',  ( -42.39637453136052869, 9.231909295744614496, -14.85001986929759710 ) ) ;
#270 = CARTESIAN_POINT ( 'NONE',  ( -42.50000000000000711, 5.000000000000000000, -15.50000000000000178 ) ) ;
#271 = CARTESIAN_POINT ( 'NONE',  ( 42.20706148197317020, 9.312406585496308509, 15.11197274016786807 ) ) ;
#272 = CARTESIAN_POINT ( 'NONE',  ( -42.89235280619345758, 8.520751231251900037, -15.62564002923024908 ) ) ;
#273 = CARTESIAN_POINT ( 'NONE',  ( 41.98174854371328024, 9.284649768937802250, -15.31224572814716645 ) ) ;
#274 = CARTESIAN_POINT ( 'NONE',  ( -42.95435456531068752, 7.174588451305472070, 16.26946485353650473 ) ) ;
#275 = CARTESIAN_POINT ( 'NONE',  ( 42.94236694199372550, 7.859384228995401678, -16.09669478949373911 ) ) ;
#276 = CARTESIAN_POINT ( 'NONE',  ( 42.31872011167017433, 8.325649544938931612, 16.08430324013009383 ) ) ;
#277 = CARTESIAN_POINT ( 'NONE',  ( 40.51648591677148659, 9.996404748439440269, -13.56128942487892886 ) ) ;
#278 = CARTESIAN_POINT ( 'NONE',  ( -40.70751414268117685, 9.969624971509785993, -13.82641784932830298 ) ) ;
#279 = CARTESIAN_POINT ( 'NONE',  ( -40.56178234327710896, 9.996384919379403655, 13.51600202330045875 ) ) ;
#280 = VERTEX_POINT ( 'NONE', #3156 ) ;
#281 = CARTESIAN_POINT ( 'NONE',  ( -40.39106740344013247, 10.00000000000000000, -13.39106740344015556 ) ) ;
#282 = CARTESIAN_POINT ( 'NONE',  ( 41.58349819074689435, 9.694609526790364029, -14.64862308243369071 ) ) ;
#283 = CARTESIAN_POINT ( 'NONE',  ( 40.73661751629533256, 9.981285794908590248, 13.64397908471030618 ) ) ;
#284 = CARTESIAN_POINT ( 'NONE',  ( -42.70595142687636070, 7.835687626920929461, 16.22922526711854374 ) ) ;
#285 = CARTESIAN_POINT ( 'NONE',  ( -41.77411195762974216, 9.333523485120144514, 15.27704870612763521 ) ) ;
#286 = CARTESIAN_POINT ( 'NONE',  ( -40.39106740344013247, 10.00000000000000000, -13.39106740344015556 ) ) ;
#287 = CARTESIAN_POINT ( 'NONE',  ( -42.31224572821678720, 9.284649768872304421, -14.98174854364411956 ) ) ;
#288 = CARTESIAN_POINT ( 'NONE',  ( -42.50000000000000711, 7.157007868728830324, -16.38695600770387628 ) ) ;
#289 = CARTESIAN_POINT ( 'NONE',  ( 42.11979471553022591, 9.453806653268626903, 14.66021338015084297 ) ) ;
#290 = CARTESIAN_POINT ( 'NONE',  ( -42.88135752373764120, 8.675777915258494843, -15.18049096828241318 ) ) ;
#291 = CARTESIAN_POINT ( 'NONE',  ( -42.14048242927459853, 9.397579699789400109, -14.96322154322097120 ) ) ;
#292 = CARTESIAN_POINT ( 'NONE',  ( 41.90206513746278461, 9.164007729678980141, -15.46939065591874218 ) ) ;
#293 = CARTESIAN_POINT ( 'NONE',  ( -42.50000000000000711, 0.000000000000000000, 17.50000000000000000 ) ) ;
#294 = VECTOR ( 'NONE', #891, 1000.000000000000000 ) ;
#295 = CARTESIAN_POINT ( 'NONE',  ( 43.28580625825369310, 7.793397574856355980, -15.46246450328331257 ) ) ;
#296 = CARTESIAN_POINT ( 'NONE',  ( 42.28710246017080721, 8.416931718788729810, 16.03732712360955404 ) ) ;
#297 = CARTESIAN_POINT ( 'NONE',  ( 40.52180833121308012, 9.996598302885622900, -13.55587550794547091 ) ) ;
#298 = CARTESIAN_POINT ( 'NONE',  ( -40.72150101715982373, 9.971408088603753939, -13.81259458987654476 ) ) ;
#299 = EDGE_CURVE ( 'NONE', #2929, #933, #101, .T. ) ;
#300 = CARTESIAN_POINT ( 'NONE',  ( -41.00296779427341676, 9.938321062763019853, 13.83892735485244607 ) ) ;
#301 = CIRCLE ( 'NONE', #414, 0.9999999999999991118 ) ;
#302 = CARTESIAN_POINT ( 'NONE',  ( -43.38236231666788001, 7.244245943294520096, 15.51436518639541084 ) ) ;
#303 = ORIENTED_EDGE ( 'NONE', *, *, #51, .F. ) ;
#304 = CARTESIAN_POINT ( 'NONE',  ( -42.94923416346899359, 8.567817359418601342, -15.22698026393664428 ) ) ;
#305 = CARTESIAN_POINT ( 'NONE',  ( 41.84193307010767882, 9.625789388273156888, -14.52424752260599305 ) ) ;
#306 = CARTESIAN_POINT ( 'NONE',  ( 40.39106740344013957, 10.00000000000000000, 13.39106740344015556 ) ) ;
#307 = CARTESIAN_POINT ( 'NONE',  ( -42.11979476401744193, 9.453806619311126980, 14.66021331167314123 ) ) ;
#308 = CARTESIAN_POINT ( 'NONE',  ( 42.40995294008913419, 9.219288222293192447, -14.84973004974573563 ) ) ;
#309 = CARTESIAN_POINT ( 'NONE',  ( -42.06129378480426340, 9.305549219973348940, -15.25155683435925447 ) ) ;
#310 = CARTESIAN_POINT ( 'NONE',  ( 42.04315377812614685, 9.505983429901833759, 14.59613154169995397 ) ) ;
#311 = CARTESIAN_POINT ( 'NONE',  ( -42.66841191715888471, 8.427887537519540118, 15.94188510656280577 ) ) ;
#312 = CARTESIAN_POINT ( 'NONE',  ( -42.88992597725542311, 8.646136150391901865, -15.34976202638401510 ) ) ;
#313 = CARTESIAN_POINT ( 'NONE',  ( -41.82970638936881613, 9.268930451604626697, -15.35421285949747094 ) ) ;
#314 = CARTESIAN_POINT ( 'NONE',  ( 42.36218233528424548, 9.262162451795777685, -14.81581424065853803 ) ) ;
#315 = CARTESIAN_POINT ( 'NONE',  ( 43.38695600770386562, 7.157007868728831212, 15.50000000000000178 ) ) ;
#316 = CARTESIAN_POINT ( 'NONE',  ( 42.50926560762983542, 7.900169961788670037, -16.25080385263474625 ) ) ;
#317 = CARTESIAN_POINT ( 'NONE',  ( 43.06879892086010386, 8.351769165018620100, 15.38708897059063929 ) ) ;
#318 = CARTESIAN_POINT ( 'NONE',  ( -40.66090774555299703, 9.982766697687575075, -13.71970343227001976 ) ) ;
#319 = CARTESIAN_POINT ( 'NONE',  ( -40.82389517631506948, 9.969972641536910984, 13.71006959358301280 ) ) ;
#320 = CARTESIAN_POINT ( 'NONE',  ( -42.49851193132649740, 7.516284980954717199, 16.34762123730677885 ) ) ;
#321 = VERTEX_POINT ( 'NONE', #3395 ) ;
#322 = CARTESIAN_POINT ( 'NONE',  ( 42.49999999999998579, 7.157007868728831212, 16.38695600770387273 ) ) ;
#323 = ADVANCED_FACE ( 'NONE', ( #1992 ), #3144, .T. ) ;
#324 = CARTESIAN_POINT ( 'NONE',  ( 41.66115012873602552, 9.532640623660194379, -14.99569454221487241 ) ) ;
#325 = CARTESIAN_POINT ( 'NONE',  ( 40.68248191474757647, 9.983648399734370571, 13.69811217830231342 ) ) ;
#326 = CARTESIAN_POINT ( 'NONE',  ( -41.90509701805415688, 9.302010356812388636, 15.30776436605829893 ) ) ;
#327 = CARTESIAN_POINT ( 'NONE',  ( 42.35244208034114166, 9.270033124531574131, -14.80888119040594830 ) ) ;
#328 = CARTESIAN_POINT ( 'NONE',  ( 40.83708908915027536, 9.937960474273035416, 14.00473271217303939 ) ) ;
#329 = CARTESIAN_POINT ( 'NONE',  ( 42.26070411448023378, 9.345609456554166528, 14.80037843352162419 ) ) ;
#330 = CARTESIAN_POINT ( 'NONE',  ( -41.42927151587903722, 9.658375848175356992, -14.78416539485516878 ) ) ;
#331 = CARTESIAN_POINT ( 'NONE',  ( -42.54220595862081922, 8.399523448804284698, 16.01049245887220707 ) ) ;
#332 = CARTESIAN_POINT ( 'NONE',  ( -41.84635356525076588, 9.404875960809967239, -15.16964603687212865 ) ) ;
#333 = ORIENTED_EDGE ( 'NONE', *, *, #3334, .F. ) ;
#334 = CARTESIAN_POINT ( 'NONE',  ( 42.20811302335286541, 9.375345650685311227, -14.87736610798585168 ) ) ;
#335 = CARTESIAN_POINT ( 'NONE',  ( 43.02192699572454870, 8.394796148748818965, -15.52117176326948922 ) ) ;
#336 = CARTESIAN_POINT ( 'NONE',  ( 42.99559385731129169, 8.471168933970815829, 15.42971657502353899 ) ) ;
#337 = CARTESIAN_POINT ( 'NONE',  ( -40.70751414265328094, 9.969624971504609690, 13.82641784936494211 ) ) ;
#338 = CARTESIAN_POINT ( 'NONE',  ( 43.38501096706169591, 7.159941747680339752, -15.55792678594111855 ) ) ;
#339 = CARTESIAN_POINT ( 'NONE',  ( -40.89323099147355123, 9.957674974589068029, -13.75606441722981188 ) ) ;
#340 = CARTESIAN_POINT ( 'NONE',  ( 42.03150470228062829, 9.513135846720336630, -14.61249405689828862 ) ) ;
#341 = CARTESIAN_POINT ( 'NONE',  ( 40.78668050441186210, 9.973356965795579399, 13.74756017031224964 ) ) ;
#342 = CARTESIAN_POINT ( 'NONE',  ( -42.17115222065727664, 9.343840187272171249, 15.07827712948341059 ) ) ;
#343 = CARTESIAN_POINT ( 'NONE',  ( -44.50000000000001421, 0.000000000000000000, -15.50000000000000178 ) ) ;
#344 = CARTESIAN_POINT ( 'NONE',  ( -43.38695600770388694, 7.157007868728831212, -15.50000000000000178 ) ) ;
#345 = CARTESIAN_POINT ( 'NONE',  ( 41.65050539642634675, 9.529065493302017131, 15.00398799530397120 ) ) ;
#346 = CARTESIAN_POINT ( 'NONE',  ( -42.33015741673666810, 8.330200526641815983, 16.08207358126218978 ) ) ;
#347 = CARTESIAN_POINT ( 'NONE',  ( -42.02194843058521911, 9.037084839977660877, -15.59288938795289958 ) ) ;
#348 = CARTESIAN_POINT ( 'NONE',  ( -41.74591915444874957, 9.364516962628512076, -15.23804577381107705 ) ) ;
#349 = ORIENTED_EDGE ( 'NONE', *, *, #814, .T. ) ;
#350 = CARTESIAN_POINT ( 'NONE',  ( 41.74591923389913717, 9.364517002462630302, -15.23804572286491776 ) ) ;
#351 = CARTESIAN_POINT ( 'NONE',  ( 42.33015741702789825, 8.330200526803881900, -16.08207358118703922 ) ) ;
#352 = CARTESIAN_POINT ( 'NONE',  ( 42.70114285825109590, 8.916560038722074921, 15.06618283396300839 ) ) ;
#353 = CARTESIAN_POINT ( 'NONE',  ( -40.84806048417662083, 9.940010602513682514, 13.99417627148771714 ) ) ;
#354 = CARTESIAN_POINT ( 'NONE',  ( -40.93960283397699129, 9.924838781632658424, -14.05843025859100415 ) ) ;
#355 = DIRECTION ( 'NONE',  ( 0.000000000000000000, 0.000000000000000000, 1.000000000000000000 ) ) ;
#356 = CARTESIAN_POINT ( 'NONE',  ( 43.37013529688244518, 7.337955913187869328, 15.58273000760122073 ) ) ;
#357 = CARTESIAN_POINT ( 'NONE',  ( 41.72537067401569288, 9.653509416582910063, -14.65629377934716615 ) ) ;
#358 = CARTESIAN_POINT ( 'NONE',  ( 40.46603153430579169, 10.00000000000000000, 13.46220572350990530 ) ) ;
#359 = CARTESIAN_POINT ( 'NONE',  ( -42.34603316794913042, 9.275366671550415276, 14.84351791589300262 ) ) ;
#360 = CARTESIAN_POINT ( 'NONE',  ( 42.47526752337033429, 9.158845989039852142, -14.89601331847441124 ) ) ;
#361 = CARTESIAN_POINT ( 'NONE',  ( 41.91905863050956782, 9.126489587194368980, 15.50777332106031814 ) ) ;
#362 = CARTESIAN_POINT ( 'NONE',  ( 42.23804572334924501, 9.364517002084095765, 14.74591923329731458 ) ) ;
#363 = CARTESIAN_POINT ( 'NONE',  ( -43.16445241984275327, 8.147451284995065990, 15.37181668983248883 ) ) ;
#364 = CARTESIAN_POINT ( 'NONE',  ( -42.61705118138942083, 8.980221557320746228, -15.22603647195903598 ) ) ;
#365 = EDGE_LOOP ( 'NONE', ( #3340, #513, #95, #1252 ) ) ;
#366 = EDGE_CURVE ( 'NONE', #933, #3168, #3207, .T. ) ;
#367 = CARTESIAN_POINT ( 'NONE',  ( -42.59786358782726978, 7.919521760768370555, 16.23238998441066983 ) ) ;
#368 = CARTESIAN_POINT ( 'NONE',  ( 42.89235277820157677, 8.520751252093939243, -15.62564009776522234 ) ) ;
#369 = CARTESIAN_POINT ( 'NONE',  ( 42.10662082341853818, 9.116282750318475792, 15.49744582319538821 ) ) ;
#370 = CARTESIAN_POINT ( 'NONE',  ( -40.46794833691565429, 10.00000000000000000, 13.46029669503210435 ) ) ;
#371 = CARTESIAN_POINT ( 'NONE',  ( 42.94607055486348912, 7.174481725043696301, -16.27430649364597670 ) ) ;
#372 = CARTESIAN_POINT ( 'NONE',  ( 42.93703772799085527, 7.354469920931996363, 16.26137890372110206 ) ) ;
#373 = CARTESIAN_POINT ( 'NONE',  ( 41.43560776619991515, 9.769291073384131607, -14.49245183687948924 ) ) ;
#374 = CARTESIAN_POINT ( 'NONE',  ( 40.39106740344013957, 10.00000000000000000, 13.39106740344015556 ) ) ;
#375 = CARTESIAN_POINT ( 'NONE',  ( -41.42048565176221331, 9.654955332449537408, 14.79118505469320333 ) ) ;
#376 = CARTESIAN_POINT ( 'NONE',  ( 42.43306748998314504, 7.881641187746297739, -16.25998078583556961 ) ) ;
#377 = CARTESIAN_POINT ( 'NONE',  ( 42.49999999999998579, 5.000000000000000000, -16.50000000000000000 ) ) ;
#378 = CARTESIAN_POINT ( 'NONE',  ( 41.51984909570069959, 9.780828473430707604, 14.24477144454679234 ) ) ;
#379 = CARTESIAN_POINT ( 'NONE',  ( -42.60355237854232513, 8.705054999582552355, 15.73056932306898759 ) ) ;
#380 = DIRECTION ( 'NONE',  ( 0.000000000000000000, 1.000000000000000000, 0.000000000000000000 ) ) ;
#381 = CARTESIAN_POINT ( 'NONE',  ( -42.75884046719325937, 8.844520629791867705, -15.11814545250950381 ) ) ;
#382 = ORIENTED_EDGE ( 'NONE', *, *, #2911, .T. ) ;
#383 = CARTESIAN_POINT ( 'NONE',  ( 42.97220279539964594, 8.487202556623447691, -15.48304227494912233 ) ) ;
#384 = CARTESIAN_POINT ( 'NONE',  ( 42.09173453044402180, 8.928626519083337598, 15.68990403501450537 ) ) ;
#385 = CARTESIAN_POINT ( 'NONE',  ( -40.39106740344016089, 10.00000000000000000, 13.39106740344014845 ) ) ;
#386 = CARTESIAN_POINT ( 'NONE',  ( 42.94365679796126045, 7.260511809319044829, -16.27044834920721428 ) ) ;
#387 = CARTESIAN_POINT ( 'NONE',  ( 42.75706658452580200, 7.254787292033462620, 16.34796647599998920 ) ) ;
#388 = CARTESIAN_POINT ( 'NONE',  ( 41.43879402695101533, 9.800523638159823747, -14.33379870839015702 ) ) ;
#389 = CARTESIAN_POINT ( 'NONE',  ( -41.81485879985451248, 9.635514304257867479, 14.55675946640050711 ) ) ;
#390 = DIRECTION ( 'NONE',  ( 0.000000000000000000, 0.000000000000000000, 1.000000000000000000 ) ) ;
#391 = CARTESIAN_POINT ( 'NONE',  ( -43.20853795074089732, 7.176187423156032530, -16.04438575659811406 ) ) ;
#392 = CARTESIAN_POINT ( 'NONE',  ( 41.35502832134415740, 9.756908580543923293, 14.56763048678667438 ) ) ;
#393 = CARTESIAN_POINT ( 'NONE',  ( -41.79467151854291984, 9.653185663064933308, -14.41608530161888346 ) ) ;
#394 = CARTESIAN_POINT ( 'NONE',  ( -42.15371805020833307, 8.860931621211738829, 15.74408373104182246 ) ) ;
#395 = CARTESIAN_POINT ( 'NONE',  ( -42.35804193639722826, 8.195070457703659272, -16.14365582576690628 ) ) ;
#396 = CARTESIAN_POINT ( 'NONE',  ( -42.44183704074725938, 8.941357056652320168, -15.55896051935668822 ) ) ;
#397 = CARTESIAN_POINT ( 'NONE',  ( -42.12374584214309436, 9.451129921313333071, -14.65435884258332067 ) ) ;
#398 = ORIENTED_EDGE ( 'NONE', *, *, #598, .F. ) ;
#399 = CARTESIAN_POINT ( 'NONE',  ( 42.19998981199720589, 8.684771444932785300, -15.87503448968263697 ) ) ;
#400 = CARTESIAN_POINT ( 'NONE',  ( 42.25928059431736727, 8.901654601090578822, 15.69042139842106565 ) ) ;
#401 = CARTESIAN_POINT ( 'NONE',  ( -40.45742315006776124, 10.00000000000000533, 13.47084520839294086 ) ) ;
#402 = CARTESIAN_POINT ( 'NONE',  ( -41.09223679497738146, 9.918307535517909557, -13.90423021947908033 ) ) ;
#403 = CARTESIAN_POINT ( 'NONE',  ( 42.49999999999998579, 5.000000000000000000, -16.50000000000000000 ) ) ;
#404 = CARTESIAN_POINT ( 'NONE',  ( 43.27868485544157551, 7.638270185766614873, 15.74264679990490556 ) ) ;
#405 = CARTESIAN_POINT ( 'NONE',  ( 41.61965693057629068, 9.738570170324866382, -14.29500691141662294 ) ) ;
#406 = ADVANCED_FACE ( 'NONE', ( #1621 ), #470, .T. ) ;
#407 = CARTESIAN_POINT ( 'NONE',  ( -41.66115012861055789, 9.532640623536929425, 14.99569454240427824 ) ) ;
#408 = CARTESIAN_POINT ( 'NONE',  ( 42.28710246092325775, 8.416931719205065221, -16.03732712338785404 ) ) ;
#409 = CARTESIAN_POINT ( 'NONE',  ( -41.27223084302982414, 9.869103040624457535, 14.03127335505245910 ) ) ;
#410 = CARTESIAN_POINT ( 'NONE',  ( 41.60687549189961487, 9.743882926506522324, 14.31010422935484883 ) ) ;
#411 = VECTOR ( 'NONE', #1462, 1000.000000000000000 ) ;
#412 = CARTESIAN_POINT ( 'NONE',  ( -42.19998981170176933, 8.684771444748816904, 15.87503448980656628 ) ) ;
#413 = CARTESIAN_POINT ( 'NONE',  ( -41.01975918753820594, 9.873852790674893853, -14.25641767420741424 ) ) ;
#414 = AXIS2_PLACEMENT_3D ( 'NONE', #583, #2582, #2040 ) ;
#415 = CARTESIAN_POINT ( 'NONE',  ( -42.67489785183909845, 8.786780879619470852, -15.55101316815905399 ) ) ;
#416 = CARTESIAN_POINT ( 'NONE',  ( -41.88224119320223338, 9.604948519761101977, -14.47226536802038588 ) ) ;
#417 = ORIENTED_EDGE ( 'NONE', *, *, #473, .F. ) ;
#418 = CARTESIAN_POINT ( 'NONE',  ( -40.39106740344013247, 10.00000000000000000, -13.39106740344015556 ) ) ;
#419 = CARTESIAN_POINT ( 'NONE',  ( 42.00594602525040244, 9.029536958472636599, -15.60072498131487961 ) ) ;
#420 = CARTESIAN_POINT ( 'NONE',  ( 42.45466894745515418, 9.109897294397740097, 15.23922793945390630 ) ) ;
#421 = CARTESIAN_POINT ( 'NONE',  ( -40.39106740344016089, 10.00000000000000355, 13.39106740344014845 ) ) ;
#422 = CARTESIAN_POINT ( 'NONE',  ( 43.14637481072529823, 7.654977589275692829, 15.98805809215519247 ) ) ;
#423 = CARTESIAN_POINT ( 'NONE',  ( 41.06578242000957601, 9.877684983568055799, -14.24039482199065176 ) ) ;
#424 = CARTESIAN_POINT ( 'NONE',  ( 40.39106740344013247, 10.00000000000000178, 13.39106740344015556 ) ) ;
#425 = CARTESIAN_POINT ( 'NONE',  ( -41.48175430905595817, 9.608985857525295771, 14.87501455960705954 ) ) ;
#426 = CARTESIAN_POINT ( 'NONE',  ( 42.10032105785191447, 8.835910734030827385, -15.76575768104319941 ) ) ;
#427 = CARTESIAN_POINT ( 'NONE',  ( -43.38691631442737418, 7.157765261563440617, -15.51449160947999673 ) ) ;
#428 = CARTESIAN_POINT ( 'NONE',  ( 41.64862308254507894, 9.694609526663937160, 14.58349819069585074 ) ) ;
#429 = CARTESIAN_POINT ( 'NONE',  ( -42.38519300671239876, 9.014195612824670079, 15.49870760914782331 ) ) ;
#430 = CARTESIAN_POINT ( 'NONE',  ( 42.47325136571407711, 9.160287152906331443, 14.89463077057302520 ) ) ;
#431 = CARTESIAN_POINT ( 'NONE',  ( -43.19955207266743002, 7.934159464067686685, -15.68397696611519088 ) ) ;
#432 = VERTEX_POINT ( 'NONE', #250 ) ;
#433 = CARTESIAN_POINT ( 'NONE',  ( -42.85550605048482709, 8.157865625562990886, -16.00180995847212984 ) ) ;
#434 = LINE ( 'NONE', #1542, #1102 ) ;
#435 = CARTESIAN_POINT ( 'NONE',  ( 42.87503449462159466, 8.684771436631121944, -15.19998979800861960 ) ) ;
#436 = CARTESIAN_POINT ( 'NONE',  ( 42.34588194612995693, 9.269362720608876671, 14.93431824096210647 ) ) ;
#437 = EDGE_CURVE ( 'NONE', #1812, #3151, #3310, .T. ) ;
#438 = CARTESIAN_POINT ( 'NONE',  ( -40.75322746382897776, 9.958333942312592058, 13.88932780190599026 ) ) ;
#439 = CARTESIAN_POINT ( 'NONE',  ( 42.48476051272038490, 7.513974939115544593, -16.34801059824912528 ) ) ;
#440 = CARTESIAN_POINT ( 'NONE',  ( 43.28469165690113130, 7.795617669940685168, 15.47547976211750687 ) ) ;
#441 = CARTESIAN_POINT ( 'NONE',  ( 41.41302107576197500, 9.802849420327905960, -14.36051574613072646 ) ) ;
#442 =( NAMED_UNIT ( * ) SI_UNIT ( $, .STERADIAN. ) SOLID_ANGLE_UNIT ( ) );
#443 = CARTESIAN_POINT ( 'NONE',  ( -41.75882558974382164, 9.649577460836116671, 14.62064931899464426 ) ) ;
#444 = CARTESIAN_POINT ( 'NONE',  ( -42.50000000000000711, 5.000000000000000000, -17.50000000000000000 ) ) ;
#445 = CARTESIAN_POINT ( 'NONE',  ( 43.49999999999998579, 5.000000000000000000, -15.50000000000000178 ) ) ;
#446 = CARTESIAN_POINT ( 'NONE',  ( 41.47226536760953763, 9.604948519540148055, 14.88224119358914344 ) ) ;
#447 = CARTESIAN_POINT ( 'NONE',  ( -41.61965690727726752, 9.738570180351540984, -14.29500693585776361 ) ) ;
#448 = CARTESIAN_POINT ( 'NONE',  ( -42.68990403478863271, 8.928626519355255198, 15.09173453085757544 ) ) ;
#449 = CARTESIAN_POINT ( 'NONE',  ( 42.28504757532621738, 9.327168560188457747, 14.76089522273090004 ) ) ;
#450 = CARTESIAN_POINT ( 'NONE',  ( -42.71735834886397498, 7.636203480726563519, -16.28997747488353909 ) ) ;
#451 = CARTESIAN_POINT ( 'NONE',  ( -41.99810824780738017, 9.072339862296567858, -15.55977009962079194 ) ) ;
#452 = ORIENTED_EDGE ( 'NONE', *, *, #3061, .F. ) ;
#453 = PLANE ( 'NONE',  #3438 ) ;
#454 = CARTESIAN_POINT ( 'NONE',  ( -42.74676776103898135, 8.437694964895120719, -15.88351303821031912 ) ) ;
#455 =( GEOMETRIC_REPRESENTATION_CONTEXT ( 3 ) GLOBAL_UNCERTAINTY_ASSIGNED_CONTEXT ( ( #2930 ) ) GLOBAL_UNIT_ASSIGNED_CONTEXT ( ( #976, #140, #442 ) ) REPRESENTATION_CONTEXT ( 'NONE', 'WORKASPACE' ) );
#456 = CARTESIAN_POINT ( 'NONE',  ( 42.40514111750440662, 9.117838347949298594, -15.29745765750503317 ) ) ;
#457 = CARTESIAN_POINT ( 'NONE',  ( 42.41915912778519981, 9.187001814066560357, 15.06753943618032743 ) ) ;
#458 = CARTESIAN_POINT ( 'NONE',  ( -42.25204852959446100, 8.506980787845845882, 15.98584503198087781 ) ) ;
#459 = CARTESIAN_POINT ( 'NONE',  ( 42.51131382255313440, 7.333970727634770981, -16.37371981453144798 ) ) ;
#460 = CARTESIAN_POINT ( 'NONE',  ( 42.85550605028707594, 8.157865625494771677, 16.00180995839587794 ) ) ;
#461 = CARTESIAN_POINT ( 'NONE',  ( 41.09424542774074496, 9.917831340991662969, -13.90210608061449982 ) ) ;
#462 = CARTESIAN_POINT ( 'NONE',  ( -41.08623026648515264, 9.919653664762089207, 13.91056218343644701 ) ) ;
#463 = CARTESIAN_POINT ( 'NONE',  ( 41.81581424065849717, 9.262162451795765250, -15.36218233528426147 ) ) ;
#464 = CARTESIAN_POINT ( 'NONE',  ( -43.14430859901706583, 8.120441877898910477, 15.61174590632481340 ) ) ;
#465 = CARTESIAN_POINT ( 'NONE',  ( -43.04155425080703878, 7.262212907616305557, -16.20499360982520543 ) ) ;
#466 = CARTESIAN_POINT ( 'NONE',  ( 40.96984572619252418, 9.943594448320732582, 13.87309868439609417 ) ) ;
#467 = CARTESIAN_POINT ( 'NONE',  ( -41.60687549158087961, 9.743882926648774756, -14.31010422964255646 ) ) ;
#468 = CARTESIAN_POINT ( 'NONE',  ( -42.67489779646781756, 8.786780880132161187, 15.55101319903418755 ) ) ;
#469 = CARTESIAN_POINT ( 'NONE',  ( 41.88224119358880415, 9.604948519540332796, 14.47226536760959981 ) ) ;
#470 = CONICAL_SURFACE ( 'NONE', #1796, 0.9999999999999991118, 0.05235987755982993153 ) ;
#471 = CARTESIAN_POINT ( 'NONE',  ( -42.52180475463421772, 9.103030586807946634, -15.06831047277607816 ) ) ;
#472 = CARTESIAN_POINT ( 'NONE',  ( -43.07960537366578535, 8.334620312930004715, -15.34157003899862026 ) ) ;
#473 = EDGE_CURVE ( 'NONE', #884, #262, #3389, .T. ) ;
#474 = CARTESIAN_POINT ( 'NONE',  ( 42.05764728303942945, 8.912317187754750236, -15.70465152936554709 ) ) ;
#475 = CARTESIAN_POINT ( 'NONE',  ( -41.72267105130742948, 9.369759283719085730, 15.23152195485462812 ) ) ;
#476 = CARTESIAN_POINT ( 'NONE',  ( 43.34801059824912528, 7.513974939115527718, -15.48476051272078102 ) ) ;
#477 = CARTESIAN_POINT ( 'NONE',  ( 43.13042457336594993, 7.954403383137162997, 15.82673316836804389 ) ) ;
#478 = CARTESIAN_POINT ( 'NONE',  ( 41.09223680206851270, 9.918307533843327306, -13.90423021020244398 ) ) ;
#479 = DATE_TIME_ROLE ( 'classification_date' ) ;
#480 = CARTESIAN_POINT ( 'NONE',  ( -41.22379243994550535, 9.773784250874140156, 14.53798033849527727 ) ) ;
#481 = LINE ( 'NONE', #2979, #3254 ) ;
#482 = CARTESIAN_POINT ( 'NONE',  ( -43.26137889515124613, 7.354469921350186290, -15.93703774023846265 ) ) ;
#483 = CARTESIAN_POINT ( 'NONE',  ( 41.26977707565977482, 9.869848555124946188, 14.03395980284365230 ) ) ;
#484 = CARTESIAN_POINT ( 'NONE',  ( -41.53798033840901383, 9.773784250909599791, -14.22379244002298293 ) ) ;
#485 = CARTESIAN_POINT ( 'NONE',  ( -42.27611191507660493, 9.248707019543816799, 15.17672232105258701 ) ) ;
#486 = EDGE_CURVE ( 'NONE', #3518, #2077, #1879, .T. ) ;
#487 = CARTESIAN_POINT ( 'NONE',  ( 43.23069604311109515, 7.973492226400956007, -15.41451989144142054 ) ) ;
#488 = CARTESIAN_POINT ( 'NONE',  ( -42.32237764957306325, 9.241484358235556584, -15.12351319224807611 ) ) ;
#489 = DIRECTION ( 'NONE',  ( 0.000000000000000000, 0.000000000000000000, -1.000000000000000000 ) ) ;
#490 = CARTESIAN_POINT ( 'NONE',  ( -43.28669462001693802, 7.790101580008801818, 15.44953432488329526 ) ) ;
#491 = CARTESIAN_POINT ( 'NONE',  ( -42.36432956587292864, 8.343194761265982251, -16.07420213652697427 ) ) ;
#492 = CARTESIAN_POINT ( 'NONE',  ( 42.10876007813015320, 8.936582654255555980, -15.68231797042189690 ) ) ;
#493 = CARTESIAN_POINT ( 'NONE',  ( -42.40642106248591148, 8.064367438548941891, 16.19733992841628023 ) ) ;
#494 = CARTESIAN_POINT ( 'NONE',  ( -41.76298018369564602, 9.324315998422111562, 15.28798422496417153 ) ) ;
#495 = CARTESIAN_POINT ( 'NONE',  ( 43.37371981441946645, 7.333970728827884145, -15.51131382436150652 ) ) ;
#496 = CARTESIAN_POINT ( 'NONE',  ( 43.23238998443142833, 7.919521760631537788, 15.59786358758458569 ) ) ;
#497 = CARTESIAN_POINT ( 'NONE',  ( 40.82515518995292325, 9.969801995829808305, -13.70879361295384058 ) ) ;
#498 = CARTESIAN_POINT ( 'NONE',  ( -41.53798033849496107, 9.773784250874259172, 14.22379243994656228 ) ) ;
#499 = CARTESIAN_POINT ( 'NONE',  ( -43.33070191007322336, 7.606221078035653171, -15.47537405680136935 ) ) ;
#500 = CARTESIAN_POINT ( 'NONE',  ( 41.27223084323884450, 9.869103040560990081, 14.03127335487656779 ) ) ;
#501 = CARTESIAN_POINT ( 'NONE',  ( -42.50777332078196480, 9.126489587471581899, 14.91905863093338880 ) ) ;
#502 = DIRECTION ( 'NONE',  ( 0.000000000000000000, 1.000000000000000000, 0.000000000000000000 ) ) ;
#503 = CARTESIAN_POINT ( 'NONE',  ( -42.41975070439858797, 8.163861451300260086, -16.15606468152594744 ) ) ;
#504 = CARTESIAN_POINT ( 'NONE',  ( 41.96433989622165939, 9.148200280619748881, -15.48396076709809321 ) ) ;
#505 = DIRECTION ( 'NONE',  ( 0.000000000000000000, 1.000000000000000000, 0.000000000000000000 ) ) ;
#506 = CARTESIAN_POINT ( 'NONE',  ( 43.00180995846346832, 8.157865625707428237, -15.85550605046093509 ) ) ;
#507 = CARTESIAN_POINT ( 'NONE',  ( 43.09561281417725809, 8.216600417179328986, 15.60713961883352852 ) ) ;
#508 = CARTESIAN_POINT ( 'NONE',  ( 40.71516044285080227, 9.970630135805489402, -13.81886498510678152 ) ) ;
#509 = APPROVAL_DATE_TIME ( #1048, #1673 ) ;
#510 = CARTESIAN_POINT ( 'NONE',  ( -40.46794833098874022, 10.00000000000000533, -13.46029670219037833 ) ) ;
#511 = LOCAL_TIME ( 14, 50, 7.000000000000000000, #3509 ) ;
#512 = CARTESIAN_POINT ( 'NONE',  ( -41.03663652469136025, 9.870568655824865090, 14.26732496626728874 ) ) ;
#513 = ORIENTED_EDGE ( 'NONE', *, *, #709, .T. ) ;
#514 = EDGE_CURVE ( 'NONE', #1506, #2448, #816, .T. ) ;
#515 = CARTESIAN_POINT ( 'NONE',  ( -43.16664144851230844, 7.552932143805839438, -16.00683518964177310 ) ) ;
#516 = CARTESIAN_POINT ( 'NONE',  ( 41.09837836380144438, 9.841401586536955293, 14.35805348850245267 ) ) ;
#517 = CARTESIAN_POINT ( 'NONE',  ( -42.42967835596388682, 9.183251507100212763, 15.05330589708997380 ) ) ;
#518 = CARTESIAN_POINT ( 'NONE',  ( 43.38662097869170253, 7.163400603104063791, 15.62231566743433397 ) ) ;
#519 = CARTESIAN_POINT ( 'NONE',  ( -42.50395444493740627, 9.130290731867992449, -14.92663569108283639 ) ) ;
#520 = CARTESIAN_POINT ( 'NONE',  ( 40.39106740344013957, 10.00000000000000355, -13.39106740344015556 ) ) ;
#521 = CARTESIAN_POINT ( 'NONE',  ( 42.02611806635360381, 9.215822504601982601, 15.39511385331364757 ) ) ;
#522 = CARTESIAN_POINT ( 'NONE',  ( -42.99559385715652127, 8.471168934267742756, -15.42971657546746478 ) ) ;
#523 = CARTESIAN_POINT ( 'NONE',  ( 41.92663569122024114, 9.130290731959300743, -15.50395444484565566 ) ) ;
#524 = VECTOR ( 'NONE', #812, 1000.000000000000000 ) ;
#525 = DIRECTION ( 'NONE',  ( 0.05233595624294389015, -0.9986295347545739443, -0.000000000000000000 ) ) ;
#526 = VECTOR ( 'NONE', #2250, 1000.000000000000000 ) ;
#527 = CARTESIAN_POINT ( 'NONE',  ( 43.28669461999829338, 7.790101580078701460, -15.44953432509062274 ) ) ;
#528 = CARTESIAN_POINT ( 'NONE',  ( 42.87503448998855049, 8.684771444481778957, 15.19998981125416826 ) ) ;
#529 = CARTESIAN_POINT ( 'NONE',  ( 40.97329185192927525, 9.943256423877402383, -13.86958768825914667 ) ) ;
#530 = PERSON_AND_ORGANIZATION_ROLE ( 'classification_officer' ) ;
#531 = CARTESIAN_POINT ( 'NONE',  ( -40.64397908168681539, 9.981285794679060075, -13.73661751844029233 ) ) ;
#532 = CARTESIAN_POINT ( 'NONE',  ( -41.18742519666641755, 9.859820147157718040, 14.27524164890443537 ) ) ;
#533 = CARTESIAN_POINT ( 'NONE',  ( -42.49707348779943317, 7.332410560586584580, 16.37388189957968976 ) ) ;
#534 = EDGE_LOOP ( 'NONE', ( #1905, #1271, #1790 ) ) ;
#535 = CARTESIAN_POINT ( 'NONE',  ( -42.75706658456808640, 7.254787292037165436, -16.34796647598610164 ) ) ;
#536 = CARTESIAN_POINT ( 'NONE',  ( 41.11454937810925969, 9.885097949782114313, 14.19392081354863500 ) ) ;
#537 = CARTESIAN_POINT ( 'NONE',  ( -43.31674426520660859, 7.626372598807601655, 15.62399914078175378 ) ) ;
#538 = CARTESIAN_POINT ( 'NONE',  ( -41.90947800739041185, 9.167608623875523222, 15.46543657984119235 ) ) ;
#539 = DIRECTION ( 'NONE',  ( 0.000000000000000000, -0.000000000000000000, -1.000000000000000000 ) ) ;
#540 = CARTESIAN_POINT ( 'NONE',  ( 43.49999999999998579, 5.000000000000000000, 15.50000000000000178 ) ) ;
#541 = CARTESIAN_POINT ( 'NONE',  ( 42.00187193012403242, 9.165137037646234219, 15.46318024969042426 ) ) ;
#542 = CARTESIAN_POINT ( 'NONE',  ( 42.50395446842736646, 9.130290708448800530, -14.92663564387586739 ) ) ;
#543 = CYLINDRICAL_SURFACE ( 'NONE', #1058, 3.000000000000002665 ) ;
#544 = CARTESIAN_POINT ( 'NONE',  ( 42.70595142698579139, 7.835687626934269012, -16.22922526709581348 ) ) ;
#545 = CARTESIAN_POINT ( 'NONE',  ( 42.87828631699112947, 8.680343207828995489, 15.19024747614878557 ) ) ;
#546 = CARTESIAN_POINT ( 'NONE',  ( 40.53100840996798127, 9.996790729525695696, -13.54657126812251278 ) ) ;
#547 = CARTESIAN_POINT ( 'NONE',  ( -40.67467330493177968, 9.983466514914637102, 13.70592987737793678 ) ) ;
#548 = CARTESIAN_POINT ( 'NONE',  ( -43.37173348085603664, 7.336132677447342765, 15.55419021634925336 ) ) ;
#549 = VERTEX_POINT ( 'NONE', #2133 ) ;
#550 = CARTESIAN_POINT ( 'NONE',  ( -40.82027619934050477, 9.969189755458815583, -13.70300842594704704 ) ) ;
#551 = CARTESIAN_POINT ( 'NONE',  ( 41.48175430925954998, 9.608985857626926474, -14.87501455942736150 ) ) ;
#552 = CARTESIAN_POINT ( 'NONE',  ( 40.70592987746321256, 9.983466514910569245, 13.67467330484083554 ) ) ;
#553 = CARTESIAN_POINT ( 'NONE',  ( -42.39511385315540792, 9.215822504749983324, 15.02611806663148286 ) ) ;
#554 = DIRECTION ( 'NONE',  ( -0.000000000000000000, -1.000000000000000000, -0.000000000000000000 ) ) ;
#555 = CARTESIAN_POINT ( 'NONE',  ( -42.35823315583073878, 9.265601913173613369, -14.82277338059953387 ) ) ;
#556 = CARTESIAN_POINT ( 'NONE',  ( 40.39106740344013957, 10.00000000000000000, -13.39106740344015556 ) ) ;
#557 = CARTESIAN_POINT ( 'NONE',  ( 42.02888839630149675, 9.337178505210475876, 15.21472252381001056 ) ) ;
#558 = CARTESIAN_POINT ( 'NONE',  ( -42.21798788878505349, 8.591995904124891226, -15.93585426531245908 ) ) ;
#559 = CARTESIAN_POINT ( 'NONE',  ( -41.92992472164246465, 9.426327066001105592, -15.10307920810921267 ) ) ;
#560 = CARTESIAN_POINT ( 'NONE',  ( 42.50777332059580971, 9.126489587656909208, -14.91905863121538545 ) ) ;
#561 = EDGE_CURVE ( 'NONE', #2621, #1291, #2986, .T. ) ;
#562 = CARTESIAN_POINT ( 'NONE',  ( -43.38695600770388694, 7.157007868728830324, 15.49999999999999822 ) ) ;
#563 = CARTESIAN_POINT ( 'NONE',  ( 42.38382915555820318, 8.151706968187721003, -16.16269811601420869 ) ) ;
#564 = CARTESIAN_POINT ( 'NONE',  ( 42.88351303045180885, 8.437694966482643721, 15.74676777172591713 ) ) ;
#565 = CARTESIAN_POINT ( 'NONE',  ( 40.55685725926849727, 9.996570927337904422, -13.52084074093485455 ) ) ;
#566 = CARTESIAN_POINT ( 'NONE',  ( -40.74756007328397089, 9.973356961938288023, -13.78668059124809808 ) ) ;
#567 = CARTESIAN_POINT ( 'NONE',  ( -40.82641784936526363, 9.969624971504547517, 13.70751414265330936 ) ) ;
#568 = ORIENTED_EDGE ( 'NONE', *, *, #2911, .F. ) ;
#569 = CARTESIAN_POINT ( 'NONE',  ( -42.23152195474295922, 9.369759283806427419, -14.72267105139125221 ) ) ;
#570 = CARTESIAN_POINT ( 'NONE',  ( 41.87501459630877321, 9.608985837115868733, -14.48175426581481773 ) ) ;
#571 = CARTESIAN_POINT ( 'NONE',  ( 40.53100839517012588, 9.996790729500400374, 13.54657128099520591 ) ) ;
#572 = CARTESIAN_POINT ( 'NONE',  ( -42.65090290357771607, 7.629305431314641339, 16.30970721621587671 ) ) ;
#573 = AXIS2_PLACEMENT_3D ( 'NONE', #2686, #3256, #1303 ) ;
#574 = CARTESIAN_POINT ( 'NONE',  ( -41.77146844295339179, 9.376181217232813836, 15.22175978849911182 ) ) ;
#575 = CARTESIAN_POINT ( 'NONE',  ( 42.37181669010603002, 8.147451285126214415, -16.16445241978903624 ) ) ;
#576 = CARTESIAN_POINT ( 'NONE',  ( -42.40029962993075685, 9.228371415058315819, -14.84290105486339861 ) ) ;
#577 = DIRECTION ( 'NONE',  ( -0.000000000000000000, -0.9986295347545739443, -0.05233595624294389015 ) ) ;
#578 = CARTESIAN_POINT ( 'NONE',  ( 41.87864184800983480, 9.607000597820713139, 14.47701469828214016 ) ) ;
#579 = CARTESIAN_POINT ( 'NONE',  ( -42.22820510281725603, 8.596627619931972220, 15.93296113612409393 ) ) ;
#580 = CARTESIAN_POINT ( 'NONE',  ( -42.28107744705933868, 9.330398151524287087, -14.76751723040419861 ) ) ;
#581 = ORIENTED_EDGE ( 'NONE', *, *, #473, .T. ) ;
#582 = PRODUCT ( 'ADR-REF-W_REV_A', 'ADR-REF-W_REV_A', '', ( #1261 ) ) ;
#583 = CARTESIAN_POINT ( 'NONE',  ( -42.50000000000000711, 5.000000000000000000, 15.50000000000000178 ) ) ;
#584 = CARTESIAN_POINT ( 'NONE',  ( 43.14430859898155290, 8.120441877975874689, -15.61174590654430538 ) ) ;
#585 = CARTESIAN_POINT ( 'NONE',  ( 42.76237732426324811, 8.840282998176180129, 15.10923791307987507 ) ) ;
#586 = CARTESIAN_POINT ( 'NONE',  ( -40.82138009101811349, 9.970301387422292549, 13.71261500462646765 ) ) ;
#587 = CONICAL_SURFACE ( 'NONE', #2489, 0.9999999999999991118, 0.05235987755982993153 ) ;
#588 = ORIENTED_EDGE ( 'NONE', *, *, #1982, .F. ) ;
#589 = CARTESIAN_POINT ( 'NONE',  ( 42.51449161034908997, 7.157765261608863838, 16.38691631442498675 ) ) ;
#590 = CARTESIAN_POINT ( 'NONE',  ( 41.68353922228671848, 9.464156857483780882, -15.10382747405368420 ) ) ;
#591 = CARTESIAN_POINT ( 'NONE',  ( 40.73762081282362146, 9.981176790769394458, 13.64297353239266819 ) ) ;
#592 = CARTESIAN_POINT ( 'NONE',  ( -41.25356871176464324, 9.861471082896537510, -14.20965309629089468 ) ) ;
#593 = CARTESIAN_POINT ( 'NONE',  ( -42.12765550516902380, 9.448363617157868433, 14.64848168238128423 ) ) ;
#594 = DIRECTION ( 'NONE',  ( -0.05233595624294389015, -0.9986295347545739443, -0.000000000000000000 ) ) ;
#595 = CARTESIAN_POINT ( 'NONE',  ( 41.64848168202246370, 9.448363616946304333, 15.12765550546772353 ) ) ;
#596 = CARTESIAN_POINT ( 'NONE',  ( 41.64848168202246370, 9.448363616946304333, 15.12765550546772353 ) ) ;
#597 = CARTESIAN_POINT ( 'NONE',  ( -41.49028562900602424, 9.678593232549561165, -14.73358433971888104 ) ) ;
#598 = EDGE_CURVE ( 'NONE', #876, #1113, #1911, .T. ) ;
#599 = CARTESIAN_POINT ( 'NONE',  ( -43.00443756223128844, 8.464350351512422321, 15.40814667979840102 ) ) ;
#600 = CARTESIAN_POINT ( 'NONE',  ( -42.30922775166141037, 8.426058625086914944, -16.03215499694221435 ) ) ;
#601 = ORIENTED_EDGE ( 'NONE', *, *, #2213, .F. ) ;
#602 = CARTESIAN_POINT ( 'NONE',  ( 41.73306302043033611, 9.358383632740155278, -15.24603010892336208 ) ) ;
#603 = B_SPLINE_CURVE_WITH_KNOTS ( 'NONE', 3,
 ( #2094, #686, #2887, #1268, #1809, #2618, #395, #2328, #2677, #1504, #1787, #129, #1250, #2386, #2947, #743, #1843, #2112, #705, #2345, #1231, #966, #3202, #3223, #1307, #3459, #2365, #3241, #2654, #724, #2907, #1827, #2403, #2597, #413, #3601, #1863, #1926, #3569, #2176, #1878, #3032, #1354, #2469, #3584, #286 ),
 .UNSPECIFIED., .F., .F.,
 ( 4, 2, 2, 1, 1, 2, 2, 2, 2, 1, 1, 1, 2, 2, 2, 2, 1, 1, 1, 2, 2, 2, 1, 1, 1, 1, 2, 2, 4 ),
 ( 0.000000000000000000, 0.1249999999999574785, 0.1874999999999359124, 0.2187499999999255873, 0.2343749999999198697, 0.2421874999999183709, 0.2499999999999168443, 0.3749999999999014122, 0.4374999999998942513, 0.4687499999998911981, 0.4843749999998896993, 0.4921874999998880340, 0.4960937499998880340, 0.4999999999998880895, 0.6249999999998874234, 0.6874999999998855360, 0.7187499999998854250, 0.7343749999998863132, 0.7421874999998854250, 0.7460937499998853140, 0.7499999999998852029, 0.8124999999998863132, 0.8437499999998876454, 0.8593749999998882005, 0.8671874999998882005, 0.8710937499998882005, 0.8730468749998889777, 0.8749999999998897549, 1.000000000000000000 ),
 .UNSPECIFIED. ) ;
#604 = CARTESIAN_POINT ( 'NONE',  ( 42.48192307359082776, 8.777291310279739633, -15.72971352340499607 ) ) ;
#605 = CARTESIAN_POINT ( 'NONE',  ( 42.88992597743314406, 8.646136150096586093, 15.34976202591752781 ) ) ;
#606 = CARTESIAN_POINT ( 'NONE',  ( -40.94916967596367385, 9.945622515655971441, 13.89416383043043446 ) ) ;
#607 = CARTESIAN_POINT ( 'NONE',  ( -42.50000000000000711, 7.157007868728830324, -16.38695600770387628 ) ) ;
#608 = CARTESIAN_POINT ( 'NONE',  ( -40.84498213910610787, 9.965533238159673957, -13.72098197071708015 ) ) ;
#609 = CARTESIAN_POINT ( 'NONE',  ( 41.73358433965764647, 9.678593232580460892, -14.49028562906737960 ) ) ;
#610 = CARTESIAN_POINT ( 'NONE',  ( 40.70751414256602629, 9.969624971489745136, 13.82641784947105457 ) ) ;
#611 = CARTESIAN_POINT ( 'NONE',  ( -41.97561432666837078, 9.432350818000115211, 15.06215423663936370 ) ) ;
#612 = CARTESIAN_POINT ( 'NONE',  ( 41.76569000345590865, 9.668232349701611383, -14.38804239906007609 ) ) ;
#613 = DIRECTION ( 'NONE',  ( -0.9986295347545739443, 0.05233595624294388321, 0.000000000000000000 ) ) ;
#614 = CARTESIAN_POINT ( 'NONE',  ( 41.87685739311815070, 9.563183508719669490, 14.80004746525790971 ) ) ;
#615 = CARTESIAN_POINT ( 'NONE',  ( -43.07960536777649452, 8.334620325098407889, 15.34157007248104065 ) ) ;
#616 = CARTESIAN_POINT ( 'NONE',  ( -42.55034822579717257, 9.005697412453052664, -15.32325946341311429 ) ) ;
#617 = ORIENTED_EDGE ( 'NONE', *, *, #115, .T. ) ;
#618 = CARTESIAN_POINT ( 'NONE',  ( 42.28107747412307305, 9.330398129507502247, -14.76751718653127199 ) ) ;
#619 = CARTESIAN_POINT ( 'NONE',  ( 43.38695600770381589, 7.157007868729673206, -15.50000000000000178 ) ) ;
#620 = CARTESIAN_POINT ( 'NONE',  ( 42.73056927680963923, 8.705055000398308707, -15.60355240661740872 ) ) ;
#621 = CARTESIAN_POINT ( 'NONE',  ( 42.57152082875789034, 9.061104166586101627, 14.97456620340461342 ) ) ;
#622 = CARTESIAN_POINT ( 'NONE',  ( -40.81259458990214739, 9.971408088600915320, 13.72150101713550008 ) ) ;
#623 = DIRECTION ( 'NONE',  ( 1.000000000000000000, 0.000000000000000000, -0.000000000000000000 ) ) ;
#624 = CARTESIAN_POINT ( 'NONE',  ( 42.47537405648424169, 7.606221077952796783, 16.33070191008929228 ) ) ;
#625 = CARTESIAN_POINT ( 'NONE',  ( 41.60159774802348664, 9.508421828152918920, -15.03929468562820126 ) ) ;
#626 = CARTESIAN_POINT ( 'NONE',  ( 40.47254137763952997, 10.00000000000000178, 13.45574398869848665 ) ) ;
#627 = CARTESIAN_POINT ( 'NONE',  ( -42.09870287851614989, 9.403825594647011954, 15.01011148071999735 ) ) ;
#628 = CARTESIAN_POINT ( 'NONE',  ( 42.49707348786633077, 7.332410560595714166, -16.37388189957886198 ) ) ;
#629 = EDGE_CURVE ( 'NONE', #1830, #671, #2692, .T. ) ;
#630 = LINE ( 'NONE', #3383, #294 ) ;
#631 = CARTESIAN_POINT ( 'NONE',  ( 41.60159768739709563, 9.508421798394918412, 15.03929473149002760 ) ) ;
#632 = CARTESIAN_POINT ( 'NONE',  ( -42.96592407053180551, 8.252409556151757641, 15.82281488784710533 ) ) ;
#633 = CARTESIAN_POINT ( 'NONE',  ( -42.60072498140009145, 9.029536958378704625, -15.00594602511212905 ) ) ;
#634 = CARTESIAN_POINT ( 'NONE',  ( -42.01011148074185542, 9.403825594685892852, -15.09870287849922654 ) ) ;
#635 = ORIENTED_EDGE ( 'NONE', *, *, #3531, .F. ) ;
#636 = CARTESIAN_POINT ( 'NONE',  ( 41.97561432668519643, 9.432350818098653278, -15.06215423657723740 ) ) ;
#637 = CARTESIAN_POINT ( 'NONE',  ( 42.66841191731184324, 8.427887537734266132, -15.94188510656561952 ) ) ;
#638 = CARTESIAN_POINT ( 'NONE',  ( 42.55896057737866300, 8.941357056792400115, 15.44183701172172718 ) ) ;
#639 = ADVANCED_FACE ( 'NONE', ( #1998 ), #848, .T. ) ;
#640 = CARTESIAN_POINT ( 'NONE',  ( -40.39106740344016089, 10.00000000000000000, 13.39106740344014845 ) ) ;
#641 = VECTOR ( 'NONE', #2071, 1000.000000000000000 ) ;
#642 = CARTESIAN_POINT ( 'NONE',  ( 42.52879614254821661, 7.244583060494592885, -16.38200819255612828 ) ) ;
#643 = CARTESIAN_POINT ( 'NONE',  ( 42.52945123957215401, 7.613793036745998499, 16.32713861991516069 ) ) ;
#644 = CARTESIAN_POINT ( 'NONE',  ( 41.35540196949046532, 9.842268988606683422, -14.10132418372938901 ) ) ;
#645 = CALENDAR_DATE ( 2025, 17, 8 ) ;
#646 = AXIS2_PLACEMENT_3D ( 'NONE', #1882, #3021, #2427 ) ;
#647 = CARTESIAN_POINT ( 'NONE',  ( -41.40660229242409685, 9.766597412333581474, 14.52028191548955682 ) ) ;
#648 = CARTESIAN_POINT ( 'NONE',  ( 42.47537405688053980, 7.606221078056301543, -16.33070191006920879 ) ) ;
#649 = DIRECTION ( 'NONE',  ( -1.000000000000000000, 0.000000000000000000, -0.000000000000000000 ) ) ;
#650 = CARTESIAN_POINT ( 'NONE',  ( 42.04435473417511560, 9.492324496039872272, 14.76301263267558639 ) ) ;
#651 = CARTESIAN_POINT ( 'NONE',  ( -41.75882537164713426, 9.649577512316438899, -14.62064953230295039 ) ) ;
#652 = CARTESIAN_POINT ( 'NONE',  ( -42.35329464061116767, 8.443499807150168124, 16.02050722739383204 ) ) ;
#653 = CARTESIAN_POINT ( 'NONE',  ( 43.49999999999998579, 5.000000000000000000, 15.50000000000000178 ) ) ;
#654 = CARTESIAN_POINT ( 'NONE',  ( -42.76237732397297719, 8.840282998552174476, -15.10923791368029789 ) ) ;
#655 = CARTESIAN_POINT ( 'NONE',  ( -42.07503045398702568, 9.480396907922438388, -14.72387481459136716 ) ) ;
#656 = EDGE_LOOP ( 'NONE', ( #2872, #2547, #588, #952 ) ) ;
#657 = CARTESIAN_POINT ( 'NONE',  ( 42.27909304692548176, 8.618546546110273709, -15.91678318251014979 ) ) ;
#658 = CARTESIAN_POINT ( 'NONE',  ( 42.07470914675960216, 8.920670465452941400, 15.69749003531522824 ) ) ;
#659 = CARTESIAN_POINT ( 'NONE',  ( -40.39106740344016089, 10.00000000000000000, 13.39106740344015023 ) ) ;
#660 = DIRECTION ( 'NONE',  ( -1.000000000000000000, 0.000000000000000000, 0.000000000000000000 ) ) ;
#661 = CARTESIAN_POINT ( 'NONE',  ( 43.33016520616237699, 7.608880110720395606, 15.48883661544797086 ) ) ;
#662 = CARTESIAN_POINT ( 'NONE',  ( 41.28744155183203191, 9.735774144208946268, -14.62600353050556734 ) ) ;
#663 = PERSON_AND_ORGANIZATION_ROLE ( 'design_owner' ) ;
#664 = CARTESIAN_POINT ( 'NONE',  ( -41.50067197973836386, 9.616660966388629106, 14.86039639029169024 ) ) ;
#665 = CARTESIAN_POINT ( 'NONE',  ( 41.73306302043033611, 9.358383632740155278, -15.24603010892336208 ) ) ;
#666 = CARTESIAN_POINT ( 'NONE',  ( -43.34110610340865577, 7.169560078494239264, -15.78536033456200194 ) ) ;
#667 = CARTESIAN_POINT ( 'NONE',  ( 41.52028191558995474, 9.766597412268296807, 14.40660229235187373 ) ) ;
#668 = CARTESIAN_POINT ( 'NONE',  ( -42.23922793962256605, 9.109897294550799884, 15.45466894737601038 ) ) ;
#669 = CARTESIAN_POINT ( 'NONE',  ( -43.20406477168164372, 7.176187873527087646, 16.04885890249762781 ) ) ;
#670 = CARTESIAN_POINT ( 'NONE',  ( -42.06618280131345244, 8.916560022631285776, -15.70114287135738707 ) ) ;
#671 = VERTEX_POINT ( 'NONE', #3145 ) ;
#672 = CARTESIAN_POINT ( 'NONE',  ( 42.31872011240478315, 8.325649545330824353, -16.08430323993878730 ) ) ;
#673 = CARTESIAN_POINT ( 'NONE',  ( 42.44183704060973383, 8.941357056415933258, 15.55896051939000735 ) ) ;
#674 = CARTESIAN_POINT ( 'NONE',  ( -40.74938730055028913, 9.959222195858442817, 13.88404465053745263 ) ) ;
#675 = CARTESIAN_POINT ( 'NONE',  ( -41.13459583466783442, 9.886453525167544498, -14.17428873983175919 ) ) ;
#676 = CARTESIAN_POINT ( 'NONE',  ( 43.49999999999998579, 5.000000000000000000, -15.50000000000000178 ) ) ;
#677 = CARTESIAN_POINT ( 'NONE',  ( 42.49707348769615578, 7.332410560572790281, 16.37388189958089768 ) ) ;
#678 = CARTESIAN_POINT ( 'NONE',  ( 41.13345270993281133, 9.850849516368274550, -14.32618230964946093 ) ) ;
#679 = CARTESIAN_POINT ( 'NONE',  ( 40.39106740344013957, 10.00000000000000000, 13.39106740344015556 ) ) ;
#680 = CARTESIAN_POINT ( 'NONE',  ( -41.41608530152392120, 9.653185663015449336, 14.79467151863673458 ) ) ;
#681 = CARTESIAN_POINT ( 'NONE',  ( 41.98989844339844524, 9.021606218282739675, -15.60819686474004975 ) ) ;
#682 = CARTESIAN_POINT ( 'NONE',  ( -42.52898204095814805, 7.158503800971347530, -16.38651805434077957 ) ) ;
#683 = CARTESIAN_POINT ( 'NONE',  ( 41.53195568350793110, 9.776213659968348679, 14.23079910868755427 ) ) ;
#684 = CARTESIAN_POINT ( 'NONE',  ( -41.35502832154527653, 9.756908580652408958, -14.56763048655159665 ) ) ;
#685 = CARTESIAN_POINT ( 'NONE',  ( -42.80929040590729073, 8.744706005598509080, 15.35396734101184002 ) ) ;
#686 = CARTESIAN_POINT ( 'NONE',  ( -42.50000001710760955, 7.362787310024594412, -16.37617156416346376 ) ) ;
#687 = CARTESIAN_POINT ( 'NONE',  ( -42.67918670927410574, 8.906058957463152126, -15.27616709393600658 ) ) ;
#688 = CARTESIAN_POINT ( 'NONE',  ( -42.04697616078703959, 9.503463297759930484, -14.59064781866449501 ) ) ;
#689 = ORIENTED_EDGE ( 'NONE', *, *, #2726, .T. ) ;
#690 = CARTESIAN_POINT ( 'NONE',  ( -42.45848418561671167, 7.888001567784807655, 16.25755473302146470 ) ) ;
#691 = CARTESIAN_POINT ( 'NONE',  ( 42.80929040581414569, 8.744706005749632638, -15.35396734120755191 ) ) ;
#692 = CARTESIAN_POINT ( 'NONE',  ( 42.37342483955807637, 9.151456141257082066, 15.26776036691557259 ) ) ;
#693 = DIRECTION ( 'NONE',  ( 0.000000000000000000, 0.9986295347545739443, 0.05233595624294388321 ) ) ;
#694 = CARTESIAN_POINT ( 'NONE',  ( -40.84075898722463904, 9.938668971874275115, -14.00120668661881318 ) ) ;
#695 = CARTESIAN_POINT ( 'NONE',  ( 42.49707348786633077, 7.332410560595714166, -16.37388189957886198 ) ) ;
#696 = CARTESIAN_POINT ( 'NONE',  ( 43.03410996358670104, 7.356617739720183735, 16.19632722950502313 ) ) ;
#697 = CARTESIAN_POINT ( 'NONE',  ( 41.29122695656703002, 9.737195536553931774, -14.62283768461008471 ) ) ;
#698 = CARTESIAN_POINT ( 'NONE',  ( -41.86770554402919231, 9.612823374601918047, 14.49121306386415675 ) ) ;
#699 = CARTESIAN_POINT ( 'NONE',  ( 41.47226536812326003, 9.604948519815870611, -14.88224119310629057 ) ) ;
#700 = CARTESIAN_POINT ( 'NONE',  ( -43.16445241984275327, 8.147451284995065990, 15.37181668983248883 ) ) ;
#701 = CARTESIAN_POINT ( 'NONE',  ( 41.62600353095197647, 9.735774144008301434, 14.28744155141444239 ) ) ;
#702 = CARTESIAN_POINT ( 'NONE',  ( -41.23778523189681522, 9.778521051497101269, -14.52590243072154763 ) ) ;
#703 = AXIS2_PLACEMENT_3D ( 'NONE', #1240, #1171, #2011 ) ;
#704 = CARTESIAN_POINT ( 'NONE',  ( -42.16806227952524466, 8.961648146698490081, 15.65282349779831250 ) ) ;
#705 = CARTESIAN_POINT ( 'NONE',  ( -41.82603274757374123, 9.249010462358008056, -15.37657446102270065 ) ) ;
#706 = AXIS2_PLACEMENT_3D ( 'NONE', #1372, #2765, #2147 ) ;
#707 = CARTESIAN_POINT ( 'NONE',  ( -42.66018436294254457, 7.930785515460846646, -16.21107331451208111 ) ) ;
#708 = ORIENTED_EDGE ( 'NONE', *, *, #2129, .F. ) ;
#709 = EDGE_CURVE ( 'NONE', #3115, #2314, #3128, .T. ) ;
#710 = CARTESIAN_POINT ( 'NONE',  ( -43.28170914700117322, 7.800895704057974278, 15.50140916902623722 ) ) ;
#711 = CARTESIAN_POINT ( 'NONE',  ( -40.39106740344013247, 10.00000000000000000, -13.39106740344015556 ) ) ;
#712 = CARTESIAN_POINT ( 'NONE',  ( 42.75146212953340807, 8.852726083486082587, -15.13593166780507460 ) ) ;
#713 = CARTESIAN_POINT ( 'NONE',  ( 42.46939065638808586, 9.164007729227026999, 14.90206513678539757 ) ) ;
#714 = CARTESIAN_POINT ( 'NONE',  ( -40.39106740344016089, 10.00000000000000178, 13.39106740344014668 ) ) ;
#715 = CARTESIAN_POINT ( 'NONE',  ( 42.65090290361833070, 7.629305431318281094, -16.30970721619298658 ) ) ;
#716 = CARTESIAN_POINT ( 'NONE',  ( 42.39582230036589294, 8.155840697827185792, 16.16066710321676680 ) ) ;
#717 = CARTESIAN_POINT ( 'NONE',  ( 41.62283769657508259, 9.737195531249479785, -14.29122694398417792 ) ) ;
#718 = PERSON_AND_ORGANIZATION ( #3521, #1662 ) ;
#719 = CARTESIAN_POINT ( 'NONE',  ( -41.47226536791709606, 9.604948519705683196, 14.88224119329926154 ) ) ;
#720 = PLANE ( 'NONE',  #1155 ) ;
#721 = CARTESIAN_POINT ( 'NONE',  ( -41.62600353068418713, 9.735774144128686913, 14.28744155166530838 ) ) ;
#722 = CARTESIAN_POINT ( 'NONE',  ( 41.33379870836527203, 9.800523638018400874, 14.43879402720368610 ) ) ;
#723 = CARTESIAN_POINT ( 'NONE',  ( -42.05764728273661746, 8.912317187564402943, 15.70465152952259302 ) ) ;
#724 = CARTESIAN_POINT ( 'NONE',  ( -41.16069463820453933, 9.806623276380829424, -14.45084819959669353 ) ) ;
#725 = CARTESIAN_POINT ( 'NONE',  ( -43.16046757950185508, 7.853276062278560232, -15.85187177117940571 ) ) ;
#726 = CARTESIAN_POINT ( 'NONE',  ( -41.87105249392518402, 9.513954950040242053, -14.95163858987713468 ) ) ;
#727 = ORIENTED_EDGE ( 'NONE', *, *, #2350, .F. ) ;
#728 = CARTESIAN_POINT ( 'NONE',  ( -43.27430649308008270, 7.174481725065404270, 15.94607055584365973 ) ) ;
#729 = CARTESIAN_POINT ( 'NONE',  ( -42.43306748975519582, 7.881641187660824777, 16.25998078586149731 ) ) ;
#730 = CARTESIAN_POINT ( 'NONE',  ( -42.61174590647966198, 8.120441877851286350, -16.14430859902478588 ) ) ;
#731 = CARTESIAN_POINT ( 'NONE',  ( 42.29745764508702877, 9.117838349328089009, -15.40514115030604891 ) ) ;
#732 = CARTESIAN_POINT ( 'NONE',  ( 42.06129378465768553, 9.305549219737631716, 15.25155683453618849 ) ) ;
#733 = CARTESIAN_POINT ( 'NONE',  ( -42.13580240876808602, 8.767463576773080192, 15.81709681051188632 ) ) ;
#734 = CARTESIAN_POINT ( 'NONE',  ( 42.37181668942170631, 8.147451284798968629, 16.16445241992305171 ) ) ;
#735 = CARTESIAN_POINT ( 'NONE',  ( 40.73271184226786090, 9.972376092759745347, -13.80145855226490959 ) ) ;
#736 = CARTESIAN_POINT ( 'NONE',  ( -40.47548092768430905, 10.00000000000000178, -13.45284574303676806 ) ) ;
#737 = CARTESIAN_POINT ( 'NONE',  ( -41.22818232906308822, 9.880116404108537864, 14.07874832125638420 ) ) ;
#738 = CARTESIAN_POINT ( 'NONE',  ( 42.21798788893946863, 8.591995904215218971, -15.93585426525619120 ) ) ;
#739 = CARTESIAN_POINT ( 'NONE',  ( -43.38244451272880298, 7.243092321014320767, 15.50000000713861859 ) ) ;
#740 = CARTESIAN_POINT ( 'NONE',  ( 40.90423020997353376, 9.918307533777987572, 14.09223680234513587 ) ) ;
#741 = CARTESIAN_POINT ( 'NONE',  ( -42.75884048455431952, 8.844520606450171130, 15.11814540604981438 ) ) ;
#742 = EDGE_CURVE ( 'NONE', #1688, #1812, #630, .T. ) ;
#743 = CARTESIAN_POINT ( 'NONE',  ( -41.93377954528230589, 9.105417067947024989, -15.52875937803191775 ) ) ;
#744 = CARTESIAN_POINT ( 'NONE',  ( -43.25080385265057714, 7.900169961752070868, -15.50926560755040384 ) ) ;
#745 = CARTESIAN_POINT ( 'NONE',  ( -41.98242531085551121, 9.064933178538877812, -15.56767929202820788 ) ) ;
#746 = EDGE_LOOP ( 'NONE', ( #1093, #398, #2295, #2565, #2481, #957, #1217, #2528 ) ) ;
#747 = CARTESIAN_POINT ( 'NONE',  ( -42.96592407821265169, 8.252409554462868613, -15.82281487707898293 ) ) ;
#748 = CARTESIAN_POINT ( 'NONE',  ( -40.39106740344013957, 10.00000000000000355, -13.39106740344015911 ) ) ;
#749 = CARTESIAN_POINT ( 'NONE',  ( 42.60819686473987389, 9.021606218282908429, -14.98989844339862465 ) ) ;
#750 = PLANE ( 'NONE',  #1969 ) ;
#751 = CARTESIAN_POINT ( 'NONE',  ( -40.89416383043555925, 9.945622515662794427, -13.94916967593954560 ) ) ;
#752 = CARTESIAN_POINT ( 'NONE',  ( 43.37173348086377445, 7.336132677446629557, -15.55419021637844423 ) ) ;
#753 = CARTESIAN_POINT ( 'NONE',  ( 42.91538112780452963, 7.961432519077241921, 16.06725009989143160 ) ) ;
#754 = CARTESIAN_POINT ( 'NONE',  ( 40.82641784929258932, 9.969624971514797096, -13.70751414271034463 ) ) ;
#755 = CARTESIAN_POINT ( 'NONE',  ( -41.03089464500950356, 9.927982499795980686, 13.96787561220864760 ) ) ;
#756 = CARTESIAN_POINT ( 'NONE',  ( 42.49999999999998579, 5.000000000000000000, -17.50000000000000000 ) ) ;
#757 = CARTESIAN_POINT ( 'NONE',  ( -42.52879614406619879, 7.244583060573967614, -16.38200819256032759 ) ) ;
#758 = CARTESIAN_POINT ( 'NONE',  ( 40.82641784947101371, 9.969624971489743359, 13.70751414256604583 ) ) ;
#759 = CARTESIAN_POINT ( 'NONE',  ( -42.56767929211464718, 9.064933178447061479, 14.98242531071704775 ) ) ;
#760 = CARTESIAN_POINT ( 'NONE',  ( 43.34401136166989943, 7.569277748582335263, -15.48371809579018432 ) ) ;
#761 = CARTESIAN_POINT ( 'NONE',  ( -42.41903357373804084, 9.203402295853798876, -14.99026487701911314 ) ) ;
#762 = CARTESIAN_POINT ( 'NONE',  ( 40.39106740344013247, 10.00000000000000178, -13.39106740344015556 ) ) ;
#763 = VECTOR ( 'NONE', #525, 1000.000000000000000 ) ;
#764 = CARTESIAN_POINT ( 'NONE',  ( -43.06879892072071669, 8.351769165315376497, -15.38708897111458995 ) ) ;
#765 = CARTESIAN_POINT ( 'NONE',  ( 42.01379140391373568, 9.079746654568499054, -15.55186080642301683 ) ) ;
#766 = CARTESIAN_POINT ( 'NONE',  ( 42.49999999999998579, 5.000000000000000000, -15.50000000000000178 ) ) ;
#767 = CARTESIAN_POINT ( 'NONE',  ( 43.37333166471836421, 7.334309440799653856, -15.52565042188968647 ) ) ;
#768 = CARTESIAN_POINT ( 'NONE',  ( 42.77079583610135671, 8.149288811328384341, 16.06337834920974927 ) ) ;
#769 = CARTESIAN_POINT ( 'NONE',  ( 40.94364194474236740, 9.925287900294284427, -14.05449647777010824 ) ) ;
#770 = CARTESIAN_POINT ( 'NONE',  ( -40.45308792638141426, 10.00000000000000178, -13.47523497807322990 ) ) ;
#771 = CARTESIAN_POINT ( 'NONE',  ( -41.03127335505334372, 9.869103040624494838, 14.27223084302981171 ) ) ;
#772 = CARTESIAN_POINT ( 'NONE',  ( -43.00683516762920533, 7.552932141859887594, -16.16664146726437679 ) ) ;
#773 = CARTESIAN_POINT ( 'NONE',  ( 40.99417627162151234, 9.940010602486593072, 13.84806048407353707 ) ) ;
#774 = CARTESIAN_POINT ( 'NONE',  ( -42.50003445613791087, 9.133969857883451837, 14.93419362272407369 ) ) ;
#775 = LINE ( 'NONE', #2488, #1225 ) ;
#776 = B_SPLINE_CURVE_WITH_KNOTS ( 'NONE', 3,
 ( #3423, #1088, #254, #274, #2495, #669, #3055, #20, #2311, #562 ),
 .UNSPECIFIED., .F., .F.,
 ( 4, 2, 2, 2, 4 ),
 ( 0.000000000000000000, 0.2500000000000000000, 0.5000000000000000000, 0.7500000000000000000, 1.000000000000000000 ),
 .UNSPECIFIED. ) ;
#777 = CARTESIAN_POINT ( 'NONE',  ( -41.97581610795731422, 9.198108400774746229, -15.42839600503881492 ) ) ;
#778 = CARTESIAN_POINT ( 'NONE',  ( -42.95437695783603260, 7.174589802505451530, -16.26945154782135106 ) ) ;
#779 = CARTESIAN_POINT ( 'NONE',  ( -43.03732712343204980, 8.416931719122105804, -15.28710246077277723 ) ) ;
#780 = CARTESIAN_POINT ( 'NONE',  ( 42.11197274022687509, 9.312406585786932922, -15.20706148183866802 ) ) ;
#781 = CARTESIAN_POINT ( 'NONE',  ( -42.41863857641276780, 8.068106548685085144, 16.19554670049237899 ) ) ;
#782 = LINE ( 'NONE', #174, #763 ) ;
#783 = ADVANCED_FACE ( 'NONE', ( #2214 ), #1749, .F. ) ;
#784 = CARTESIAN_POINT ( 'NONE',  ( 43.31674426515854748, 7.626372598821977711, -15.62399914102026877 ) ) ;
#785 = CARTESIAN_POINT ( 'NONE',  ( 42.41863860861552382, 8.068106561016227474, 16.19554669581730977 ) ) ;
#786 = CARTESIAN_POINT ( 'NONE',  ( 40.87309868450587658, 9.943594448354277304, -13.96984572604093700 ) ) ;
#787 = PERSON_AND_ORGANIZATION_ROLE ( 'creator' ) ;
#788 = CARTESIAN_POINT ( 'NONE',  ( -40.51551810595037750, 9.996364305026986585, -13.56227552234332556 ) ) ;
#789 = CARTESIAN_POINT ( 'NONE',  ( -41.07224916656667801, 9.922641919972825519, 13.92526374553966129 ) ) ;
#790 = CARTESIAN_POINT ( 'NONE',  ( -42.51131382432876649, 7.333970728822998275, -16.37371981441978974 ) ) ;
#791 = CARTESIAN_POINT ( 'NONE',  ( 41.00120667514149631, 9.938668974110989041, 13.84075900235534995 ) ) ;
#792 = CARTESIAN_POINT ( 'NONE',  ( -42.53129665240791724, 9.097383413326939561, 15.05287474655373003 ) ) ;
#793 = CARTESIAN_POINT ( 'NONE',  ( 42.49999999999998579, 7.157007868728831212, -16.38695600770387628 ) ) ;
#794 = CARTESIAN_POINT ( 'NONE',  ( -42.30891738868991325, 9.216900831802245619, -15.20740608693283313 ) ) ;
#795 = CARTESIAN_POINT ( 'NONE',  ( 40.39106740344013957, 10.00000000000000000, -13.39106740344015734 ) ) ;
#796 = CARTESIAN_POINT ( 'NONE',  ( 42.17672232095566898, 9.248707019448048072, 15.27611191508950839 ) ) ;
#797 = CARTESIAN_POINT ( 'NONE',  ( -42.53215302465557102, 8.695317087947943335, -15.78619511998880576 ) ) ;
#798 = CARTESIAN_POINT ( 'NONE',  ( 42.40029962983265932, 9.228371415146710888, -14.84290105499784751 ) ) ;
#799 = CARTESIAN_POINT ( 'NONE',  ( -41.68641767476494664, 9.407989755998604764, 15.18087854153896643 ) ) ;
#800 = CC_DESIGN_APPROVAL ( #2791, ( #1461 ) ) ;
#801 = CARTESIAN_POINT ( 'NONE',  ( 42.82281487710749701, 8.252409554387748258, -15.96592407824802251 ) ) ;
#802 = CARTESIAN_POINT ( 'NONE',  ( 43.02050722751005196, 8.443499806932571516, 15.35329464020349910 ) ) ;
#803 = CARTESIAN_POINT ( 'NONE',  ( 40.90210608061451580, 9.917831340991677180, -14.09424542774061884 ) ) ;
#804 = CARTESIAN_POINT ( 'NONE',  ( -41.36070354237891422, 9.840503873622093778, 14.09542363833853784 ) ) ;
#805 = ORIENTED_EDGE ( 'NONE', *, *, #561, .F. ) ;
#806 = CARTESIAN_POINT ( 'NONE',  ( -43.35722606456990036, 7.343800524819635633, -15.68224552009381689 ) ) ;
#807 = CARTESIAN_POINT ( 'NONE',  ( 40.91056218331362970, 9.919653664724352282, 14.08623026664615807 ) ) ;
#808 = CARTESIAN_POINT ( 'NONE',  ( -43.28997747493973236, 7.636203480744691241, 15.71735834854924541 ) ) ;
#809 = CARTESIAN_POINT ( 'NONE',  ( -41.93903515035265173, 9.181535180606154256, 15.44925675388985375 ) ) ;
#810 = CARTESIAN_POINT ( 'NONE',  ( 43.04885890249762070, 7.176187873527086758, 16.20406477168162596 ) ) ;
#811 = CARTESIAN_POINT ( 'NONE',  ( -41.87125053801948837, 9.241953846469806777, -15.38421078566726408 ) ) ;
#812 = DIRECTION ( 'NONE',  ( -0.000000000000000000, -1.000000000000000000, -0.000000000000000000 ) ) ;
#813 = CARTESIAN_POINT ( 'NONE',  ( 42.35604478044493248, 9.209502597783361111, 15.15293855224359731 ) ) ;
#814 = EDGE_CURVE ( 'NONE', #2815, #2929, #2866, .T. ) ;
#815 = CARTESIAN_POINT ( 'NONE',  ( 42.50003445595676510, 9.133969858062039648, -14.93419362299367670 ) ) ;
#816 = CIRCLE ( 'NONE', #2083, 2.000000000000000000 ) ;
#817 = DIRECTION ( 'NONE',  ( 0.000000000000000000, -0.000000000000000000, 1.000000000000000000 ) ) ;
#818 = B_SPLINE_CURVE_WITH_KNOTS ( 'NONE', 3,
 ( #1817, #3174, #135, #2082, #2318, #3428, #971, #2935, #674, #438, #1545, #1794, #2570, #3413, #100, #1238, #1185, #3448, #2334, #2008, #2061, #1526, #2625, #1256, #156, #799, #475, #494, #1561, #1625, #1044, #207, #1028, #1277, #733, #1073, #3505, #458, #2102, #3524, #3283, #193, #1852, #2164, #2991 ),
 .UNSPECIFIED., .F., .F.,
 ( 4, 2, 2, 1, 1, 1, 2, 2, 2, 1, 1, 1, 2, 2, 2, 2, 1, 1, 1, 2, 2, 2, 2, 1, 1, 2, 2, 4 ),
 ( 0.000000000000000000, 0.06250000000002962908, 0.09375000000004327094, 0.1093750000000505984, 0.1171875000000526246, 0.1210937500000559691, 0.1230468750000565659, 0.1250000000000571765, 0.1875000000000590084, 0.2187500000000599243, 0.2343750000000611733, 0.2421875000000631994, 0.2460937500000629219, 0.2500000000000626721, 0.3750000000000466294, 0.4375000000000400791, 0.4687500000000360822, 0.4843750000000329181, 0.4921875000000304756, 0.4960937500000311418, 0.5000000000000317524, 0.6250000000000149880, 0.6875000000000074385, 0.7187500000000041078, 0.7343750000000025535, 0.7421875000000023315, 0.7500000000000021094, 1.000000000000000000 ),
 .UNSPECIFIED. ) ;
#819 = CARTESIAN_POINT ( 'NONE',  ( 43.19554669571002847, 8.068106561298698409, -15.41863860924338603 ) ) ;
#820 = CARTESIAN_POINT ( 'NONE',  ( 43.03732712360957890, 8.416931718788635663, 15.28710246017096885 ) ) ;
#821 = CARTESIAN_POINT ( 'NONE',  ( 40.47523497806481174, 10.00000000000000000, -13.45308792638841133 ) ) ;
#822 = CARTESIAN_POINT ( 'NONE',  ( -40.78668050435998538, 9.973356965805489693, -13.74756017034512112 ) ) ;
#823 = CARTESIAN_POINT ( 'NONE',  ( -40.65596645422592559, 9.982421387495147513, 13.72464561673657180 ) ) ;
#824 = ORIENTED_EDGE ( 'NONE', *, *, #2992, .F. ) ;
#825 = CARTESIAN_POINT ( 'NONE',  ( -43.05288897673298010, 8.383777939114359867, -15.29747735129385156 ) ) ;
#826 = CARTESIAN_POINT ( 'NONE',  ( -42.49999999999999289, 7.157007868728832101, -16.38695600770387628 ) ) ;
#827 = CARTESIAN_POINT ( 'NONE',  ( 40.45284574278691991, 10.00000000000000000, 13.47548092782635010 ) ) ;
#828 = CARTESIAN_POINT ( 'NONE',  ( -42.47547976243212275, 7.795617670054833859, 16.28469165687214470 ) ) ;
#829 = CARTESIAN_POINT ( 'NONE',  ( -41.93431824124203189, 9.269362720829066760, 15.34588194588530108 ) ) ;
#830 = DIRECTION ( 'NONE',  ( 0.000000000000000000, 0.000000000000000000, 1.000000000000000000 ) ) ;
#831 = CARTESIAN_POINT ( 'NONE',  ( -41.84290105486310551, 9.228371415058269633, -15.40029962993082435 ) ) ;
#832 = CARTESIAN_POINT ( 'NONE',  ( -43.38662097869168122, 7.163400603105033682, -15.62231566745290046 ) ) ;
#833 = CARTESIAN_POINT ( 'NONE',  ( 42.36218233577728398, 9.262162451366330984, 14.81581423999480229 ) ) ;
#834 = CARTESIAN_POINT ( 'NONE',  ( -42.60355240655125897, 8.705055000389002373, -15.73056927678377548 ) ) ;
#835 = CARTESIAN_POINT ( 'NONE',  ( -40.39106740344016089, 7.000000000000000000, -15.50000000000000178 ) ) ;
#836 = CARTESIAN_POINT ( 'NONE',  ( 42.41863857666096749, 8.068106548798489541, -16.19554670044890798 ) ) ;
#837 = CARTESIAN_POINT ( 'NONE',  ( 42.55101319893511658, 8.786780879950111256, 15.67489779648157544 ) ) ;
#838 = CARTESIAN_POINT ( 'NONE',  ( 40.54266983811651670, 9.996822927779419388, -13.53488791662655188 ) ) ;
#839 = CARTESIAN_POINT ( 'NONE',  ( -40.53100840996498277, 9.996790729524624552, 13.54657126813775925 ) ) ;
#840 = CARTESIAN_POINT ( 'NONE',  ( -43.26137890366644712, 7.354469920990706733, 15.93703772830688514 ) ) ;
#841 = ORIENTED_EDGE ( 'NONE', *, *, #598, .T. ) ;
#842 = CARTESIAN_POINT ( 'NONE',  ( -40.88932780185066207, 9.958333942321910826, -13.75322746385151262 ) ) ;
#843 = CARTESIAN_POINT ( 'NONE',  ( 41.49882094506293129, 9.680381939329631535, -14.72597093917491051 ) ) ;
#844 = CARTESIAN_POINT ( 'NONE',  ( 40.45308792650791929, 10.00000000000000000, 13.47523497799228487 ) ) ;
#845 = CARTESIAN_POINT ( 'NONE',  ( -41.96322154317996933, 9.397579699745541859, 15.14048242931272448 ) ) ;
#846 = CARTESIAN_POINT ( 'NONE',  ( 42.50000000717245285, 7.243092321016639801, -16.38244451272867508 ) ) ;
#847 = CARTESIAN_POINT ( 'NONE',  ( -41.85001982142905774, 9.231909271818825147, -15.39637455787948639 ) ) ;
#848 = CYLINDRICAL_SURFACE ( 'NONE', #190, 2.000000000000000000 ) ;
#849 = CARTESIAN_POINT ( 'NONE',  ( 41.59064781820699608, 9.503463297498811357, 15.04697616118267689 ) ) ;
#850 = ADVANCED_FACE ( 'NONE', ( #1122 ), #2507, .T. ) ;
#851 = CARTESIAN_POINT ( 'NONE',  ( -42.52682095691611153, 8.197364518631827579, 16.12967958919374922 ) ) ;
#852 = CARTESIAN_POINT ( 'NONE',  ( -42.33126123221821757, 8.434779228812789853, -16.02633110467487398 ) ) ;
#853 = EDGE_LOOP ( 'NONE', ( #568, #987, #973, #1974 ) ) ;
#854 = CARTESIAN_POINT ( 'NONE',  ( 41.91905863121520781, 9.126489587656815061, -15.50777332059593050 ) ) ;
#855 = DIRECTION ( 'NONE',  ( 0.000000000000000000, -0.000000000000000000, -1.000000000000000000 ) ) ;
#856 = CARTESIAN_POINT ( 'NONE',  ( 42.63446720635683818, 8.124562821636539311, -16.13274714942973986 ) ) ;
#857 = CARTESIAN_POINT ( 'NONE',  ( 42.18049096766257122, 8.675777914887362385, 15.88135752398672729 ) ) ;
#858 = CARTESIAN_POINT ( 'NONE',  ( 40.45308792711954737, 10.00000000000000000, -13.47523497762682787 ) ) ;
#859 = CARTESIAN_POINT ( 'NONE',  ( -40.69811211387723660, 9.983648400723629024, -13.68248198266245730 ) ) ;
#860 = CARTESIAN_POINT ( 'NONE',  ( -40.99769149620158259, 9.939339784096294039, 13.84440971364223572 ) ) ;
#861 = CARTESIAN_POINT ( 'NONE',  ( -42.51238898072560346, 7.517056823484860040, 16.34704181310677029 ) ) ;
#862 = CC_DESIGN_PERSON_AND_ORGANIZATION_ASSIGNMENT ( #3179, #1746, ( #1461 ) ) ;
#863 = ORIENTED_EDGE ( 'NONE', *, *, #1287, .F. ) ;
#864 = CARTESIAN_POINT ( 'NONE',  ( -42.87264680887794555, 8.688442309630397986, -15.17430474265528773 ) ) ;
#865 = CARTESIAN_POINT ( 'NONE',  ( 41.88224119310613958, 9.604948519815964758, -14.47226536812332220 ) ) ;
#866 = CARTESIAN_POINT ( 'NONE',  ( 40.73023705201433131, 9.972212609205593381, 13.80392161680048524 ) ) ;
#867 = CARTESIAN_POINT ( 'NONE',  ( -41.30746702002760173, 9.854650592376478002, -14.15345336052873115 ) ) ;
#868 = CARTESIAN_POINT ( 'NONE',  ( -42.89437773127379927, 7.650670504926879723, 16.21092914774590810 ) ) ;
#869 = CARTESIAN_POINT ( 'NONE',  ( -41.95163858989184291, 9.513954950009731348, 14.87105249389852091 ) ) ;
#870 = DIRECTION ( 'NONE',  ( -0.000000000000000000, -0.9986295347545739443, 0.05233595624294389015 ) ) ;
#871 = CARTESIAN_POINT ( 'NONE',  ( 41.76089522273096577, 9.327168560188628277, 15.28504757532602731 ) ) ;
#872 = CARTESIAN_POINT ( 'NONE',  ( 41.96322134935144987, 9.397579611681607048, 15.14048257137094922 ) ) ;
#873 = CARTESIAN_POINT ( 'NONE',  ( -41.64862308244818934, 9.694609526769804475, -14.58349819073017706 ) ) ;
#874 = CARTESIAN_POINT ( 'NONE',  ( -42.82281487705293443, 8.252409554368965061, 15.96592407824913629 ) ) ;
#875 = CARTESIAN_POINT ( 'NONE',  ( -42.19215673800999156, 9.394487634065386672, -14.81560345804359891 ) ) ;
#876 = VERTEX_POINT ( 'NONE', #1676 ) ;
#877 = CARTESIAN_POINT ( 'NONE',  ( 41.85829260901798676, 9.407940552726291372, -15.16013627814316678 ) ) ;
#878 = VECTOR ( 'NONE', #3264, 1000.000000000000000 ) ;
#879 = CARTESIAN_POINT ( 'NONE',  ( 42.42971657555298748, 8.471168934386312799, -15.99559385709293302 ) ) ;
#880 = CARTESIAN_POINT ( 'NONE',  ( 42.73056932307981270, 8.705054999386986125, 15.60355237843977605 ) ) ;
#881 = CARTESIAN_POINT ( 'NONE',  ( -40.71006960299946797, 9.969972642452454181, 13.82389516932224538 ) ) ;
#882 = CIRCLE ( 'NONE', #646, 2.000000000000000000 ) ;
#883 = CARTESIAN_POINT ( 'NONE',  ( -41.03089447192231631, 9.927982513353491356, -13.96787580270890672 ) ) ;
#884 = VERTEX_POINT ( 'NONE', #344 ) ;
#885 = CARTESIAN_POINT ( 'NONE',  ( -42.32724841786487957, 9.291556008197447980, -14.79095654819417405 ) ) ;
#886 = CARTESIAN_POINT ( 'NONE',  ( 41.43805751304715557, 9.661796423501334274, -14.77714561492264345 ) ) ;
#887 = CARTESIAN_POINT ( 'NONE',  ( 40.53488791675627567, 9.996822927777623491, 13.54266983801573154 ) ) ;
#888 = CARTESIAN_POINT ( 'NONE',  ( -41.35805347885155925, 9.841401589880561573, -14.09837837523765103 ) ) ;
#889 = CARTESIAN_POINT ( 'NONE',  ( -42.14048257125391928, 9.397579611822726164, 14.96322134946930582 ) ) ;
#890 = CARTESIAN_POINT ( 'NONE',  ( 40.91749384064330286, 9.953462564697517223, -13.77369491826030767 ) ) ;
#891 = DIRECTION ( 'NONE',  ( 1.000000000000000000, -0.000000000000000000, -0.000000000000000000 ) ) ;
#892 = CARTESIAN_POINT ( 'NONE',  ( 41.97561429034875857, 9.432350818160953665, 15.06215429134504191 ) ) ;
#893 = CARTESIAN_POINT ( 'NONE',  ( -41.75208528061585156, 9.672521002082962838, -14.46865318575526693 ) ) ;
#894 = CARTESIAN_POINT ( 'NONE',  ( -43.02633110471791156, 8.434779228734543111, 15.33126123207911817 ) ) ;
#895 = CARTESIAN_POINT ( 'NONE',  ( -42.13277593651450559, 9.081897935829049473, -15.53064645463851079 ) ) ;
#896 = CARTESIAN_POINT ( 'NONE',  ( -41.81581424052559726, 9.262162451709835764, -15.36218233538293632 ) ) ;
#897 = ORIENTED_EDGE ( 'NONE', *, *, #2017, .T. ) ;
#898 = CARTESIAN_POINT ( 'NONE',  ( 42.14048257116365193, 9.397579611924648191, -14.96322134953630290 ) ) ;
#899 = CARTESIAN_POINT ( 'NONE',  ( 42.54220595883562339, 8.399523449020636079, -16.01049245883703165 ) ) ;
#900 = CARTESIAN_POINT ( 'NONE',  ( 42.38519302852898107, 9.014195611392075591, 15.49870755934751365 ) ) ;
#901 = EDGE_CURVE ( 'NONE', #3151, #3115, #2277, .T. ) ;
#902 = CARTESIAN_POINT ( 'NONE',  ( -40.71516044280448909, 9.970630135796342941, 13.81886498517308048 ) ) ;
#903 = CARTESIAN_POINT ( 'NONE',  ( -42.49999999999998579, 10.00000000000000000, -13.39106740344015556 ) ) ;
#904 = CARTESIAN_POINT ( 'NONE',  ( 43.27430649364595183, 7.174481725043690972, 15.94607055486351577 ) ) ;
#905 = CARTESIAN_POINT ( 'NONE',  ( 41.86770554385120136, 9.612823374702253787, -14.49121306405286980 ) ) ;
#906 = CARTESIAN_POINT ( 'NONE',  ( 40.51745367407347231, 9.996442871217185555, 13.56030410232836125 ) ) ;
#907 = CARTESIAN_POINT ( 'NONE',  ( -41.82970647711172063, 9.268930495525157909, 15.35421280896935059 ) ) ;
#908 = LINE ( 'NONE', #31, #2179 ) ;
#909 = CARTESIAN_POINT ( 'NONE',  ( 41.59064781820699608, 9.503463297498811357, 15.04697616118267689 ) ) ;
#910 = CARTESIAN_POINT ( 'NONE',  ( 41.78724504551534125, 9.339566395644853358, 15.26887650366774096 ) ) ;
#911 = CARTESIAN_POINT ( 'NONE',  ( -42.73056927676202577, 8.705055000359729789, 15.60355240649333908 ) ) ;
#912 = CARTESIAN_POINT ( 'NONE',  ( -42.32325934334031814, 9.005697345384401586, -15.55034823855119797 ) ) ;
#913 = CARTESIAN_POINT ( 'NONE',  ( -43.19554669575367001, 8.068106561188306713, 15.41863860898515526 ) ) ;
#914 = ORIENTED_EDGE ( 'NONE', *, *, #3280, .T. ) ;
#915 = CARTESIAN_POINT ( 'NONE',  ( 41.80037843407185250, 9.345609456920000113, -15.26070411402498905 ) ) ;
#916 = DIRECTION ( 'NONE',  ( -1.000000000000000000, 0.000000000000000000, 0.000000000000000000 ) ) ;
#917 = CARTESIAN_POINT ( 'NONE',  ( 42.86588135076402750, 8.662064737221907507, -15.39922880259224236 ) ) ;
#918 = CARTESIAN_POINT ( 'NONE',  ( 42.00594594540170590, 9.029536918899641051, 15.60072501712564552 ) ) ;
#919 = CARTESIAN_POINT ( 'NONE',  ( -40.45260328946365291, 10.00000000000000178, 13.47572726870826543 ) ) ;
#920 = CARTESIAN_POINT ( 'NONE',  ( -40.98372261037656017, 9.928826525336797104, -14.01523787699878199 ) ) ;
#921 = CARTESIAN_POINT ( 'NONE',  ( 43.27430649308004718, 7.174481725065402493, -15.94607055584365618 ) ) ;
#922 = CARTESIAN_POINT ( 'NONE',  ( 43.29846255379673892, 7.539564769118110021, 15.75745471687479693 ) ) ;
#923 = CARTESIAN_POINT ( 'NONE',  ( 42.11979476382636278, 9.453806619444883097, -14.66021331190333221 ) ) ;
#924 = CARTESIAN_POINT ( 'NONE',  ( -42.28447616479432725, 9.313482529007325539, 14.93841770875051544 ) ) ;
#925 = CARTESIAN_POINT ( 'NONE',  ( 41.45084819967767942, 9.806623276350507012, -14.16069463838237574 ) ) ;
#926 = APPROVAL_PERSON_ORGANIZATION ( #2669, #1673, #2958 ) ;
#927 = CARTESIAN_POINT ( 'NONE',  ( 42.39420867183839903, 8.060316039980266467, 16.19885968583935565 ) ) ;
#928 = CARTESIAN_POINT ( 'NONE',  ( 41.73306301979736332, 9.358383632349100978, 15.24603010942076509 ) ) ;
#929 = CARTESIAN_POINT ( 'NONE',  ( -42.86588135082944717, 8.662064737100546807, 15.39922880237868696 ) ) ;
#930 = DIRECTION ( 'NONE',  ( 0.9986295347545739443, 0.05233595624294388321, 0.000000000000000000 ) ) ;
#931 = CARTESIAN_POINT ( 'NONE',  ( -42.65282349776046544, 8.961648146752967392, -15.16806227965867393 ) ) ;
#932 = CARTESIAN_POINT ( 'NONE',  ( -41.96602619576044191, 9.543499304097391445, -14.69795749328518042 ) ) ;
#933 = VERTEX_POINT ( 'NONE', #1552 ) ;
#934 = CARTESIAN_POINT ( 'NONE',  ( 42.30922772446015045, 8.426058615545375829, -16.03215500237451607 ) ) ;
#935 = CARTESIAN_POINT ( 'NONE',  ( 42.06618280072007821, 8.916560022256151186, 15.70114287166777345 ) ) ;
#936 = CARTESIAN_POINT ( 'NONE',  ( -40.45284574302923630, 10.00000000000000178, 13.47548092769199890 ) ) ;
#937 = CARTESIAN_POINT ( 'NONE',  ( -41.09424542779681389, 9.917831340978359833, -13.90210608056749386 ) ) ;
#938 = AXIS2_PLACEMENT_3D ( 'NONE', #2836, #1457, #916 ) ;
#939 = FACE_OUTER_BOUND ( 'NONE', #1126, .T. ) ;
#940 = CARTESIAN_POINT ( 'NONE',  ( 43.19632721719028012, 7.356617740817433138, 16.03410997948429184 ) ) ;
#941 = CARTESIAN_POINT ( 'NONE',  ( 41.52028214516960958, 9.766597375860268215, -14.40660206330632143 ) ) ;
#942 = AXIS2_PLACEMENT_3D ( 'NONE', #1325, #3558, #1061 ) ;
#943 = CARTESIAN_POINT ( 'NONE',  ( -41.62283769675149614, 9.737195531170206309, 14.29122694382246195 ) ) ;
#944 = LINE ( 'NONE', #2035, #2769 ) ;
#945 = CARTESIAN_POINT ( 'NONE',  ( -43.50000000000001421, 5.000000000000000000, -15.50000000000000178 ) ) ;
#946 = CARTESIAN_POINT ( 'NONE',  ( 41.83424225577754640, 9.628696277916560575, 14.53356385434891251 ) ) ;
#947 = CARTESIAN_POINT ( 'NONE',  ( -41.55675946647718177, 9.635514304287092102, -14.81485879980608900 ) ) ;
#948 = CARTESIAN_POINT ( 'NONE',  ( -42.40514111755934579, 9.117838347803752796, 15.29745765747806452 ) ) ;
#949 = CARTESIAN_POINT ( 'NONE',  ( -42.50000000000000711, 5.000000000000000000, 15.50000000000000178 ) ) ;
#950 = CARTESIAN_POINT ( 'NONE',  ( -42.68231797048386511, 8.936582654185411201, -15.10876007798522203 ) ) ;
#951 = CARTESIAN_POINT ( 'NONE',  ( -41.99007734242393042, 9.508622334223735706, -14.82884523517489050 ) ) ;
#952 = ORIENTED_EDGE ( 'NONE', *, *, #2624, .T. ) ;
#953 = CARTESIAN_POINT ( 'NONE',  ( 42.49999999999998579, 7.157007868728831212, -16.38695600770387628 ) ) ;
#954 = CARTESIAN_POINT ( 'NONE',  ( 42.50341328582353384, 8.491995191367262663, -15.96079567879481154 ) ) ;
#955 = CARTESIAN_POINT ( 'NONE',  ( 42.50777332106005701, 9.126489587194576814, 14.91905863050977565 ) ) ;
#956 = CARTESIAN_POINT ( 'NONE',  ( -40.46220572363848333, 10.00000000000000178, 13.46603153417759735 ) ) ;
#957 = ORIENTED_EDGE ( 'NONE', *, *, #979, .F. ) ;
#958 = CARTESIAN_POINT ( 'NONE',  ( 42.50000000708605086, 7.243092321010670354, 16.38244451272898772 ) ) ;
#959 = CARTESIAN_POINT ( 'NONE',  ( 41.09542363846789215, 9.840503873673204893, -14.36070354222775336 ) ) ;
#960 = APPROVAL_DATE_TIME ( #2014, #2791 ) ;
#961 = CARTESIAN_POINT ( 'NONE',  ( -41.87501459649438829, 9.608985837010665776, 14.48175426561779844 ) ) ;
#962 = CARTESIAN_POINT ( 'NONE',  ( 41.96669246728108504, 9.057149120115749241, -15.57524607034671504 ) ) ;
#963 = CARTESIAN_POINT ( 'NONE',  ( -41.88224119329902351, 9.604948519705825305, 14.47226536791773022 ) ) ;
#964 = CARTESIAN_POINT ( 'NONE',  ( 41.42927151553069365, 9.658375847989399077, 14.78416539520994277 ) ) ;
#965 = CARTESIAN_POINT ( 'NONE',  ( -42.66237188716954876, 8.955545792369481006, 15.15122779429945510 ) ) ;
#966 = CARTESIAN_POINT ( 'NONE',  ( -41.80470180723132501, 9.275094464924810822, -15.34656499756588133 ) ) ;
#967 = CARTESIAN_POINT ( 'NONE',  ( -42.05764728288806253, 8.912317187659674289, -15.70465152944393239 ) ) ;
#968 = EDGE_LOOP ( 'NONE', ( #897, #1423, #2600, #2187 ) ) ;
#969 = CARTESIAN_POINT ( 'NONE',  ( 42.21078028379319136, 9.143699574052137180, -15.42218723684450055 ) ) ;
#970 = CARTESIAN_POINT ( 'NONE',  ( 41.99810824727502734, 9.072339861946808526, 15.55977009995246618 ) ) ;
#971 = CARTESIAN_POINT ( 'NONE',  ( -40.72098197083000315, 9.965533238123191140, 13.84498213934119804 ) ) ;
#972 = CARTESIAN_POINT ( 'NONE',  ( -40.84440971367862971, 9.939339784105852615, -13.99769149615550923 ) ) ;
#973 = ORIENTED_EDGE ( 'NONE', *, *, #2438, .T. ) ;
#974 = CARTESIAN_POINT ( 'NONE',  ( 43.27044834917938942, 7.260511809320116861, 15.94365679823076754 ) ) ;
#975 = CARTESIAN_POINT ( 'NONE',  ( 41.36070354222757572, 9.840503873673267066, -14.09542363846801472 ) ) ;
#976 =( LENGTH_UNIT ( ) NAMED_UNIT ( * ) SI_UNIT ( .MILLI., .METRE. ) );
#977 = CARTESIAN_POINT ( 'NONE',  ( -41.73358433977318782, 9.678593232519059342, 14.49028562894024930 ) ) ;
#978 = FACE_OUTER_BOUND ( 'NONE', #365, .T. ) ;
#979 = EDGE_CURVE ( 'NONE', #3168, #1291, #2341, .T. ) ;
#980 = CARTESIAN_POINT ( 'NONE',  ( 42.49999999999998579, 7.157007868728830324, 16.38695600770387628 ) ) ;
#981 = CARTESIAN_POINT ( 'NONE',  ( 41.58349799677263547, 9.694609515886899231, 14.64862329053108603 ) ) ;
#982 = CARTESIAN_POINT ( 'NONE',  ( -41.40660206328964676, 9.766597375832692052, -14.52028214521040184 ) ) ;
#983 = MANIFOLD_SOLID_BREP ( 'Split Line1', #2601 ) ;
#984 = CARTESIAN_POINT ( 'NONE',  ( -42.21566791965405940, 8.886818305726327694, 15.71506056987425559 ) ) ;
#985 = CARTESIAN_POINT ( 'NONE',  ( 41.00473271217301630, 9.937960474273037192, 13.83708908915029490 ) ) ;
#986 = CARTESIAN_POINT ( 'NONE',  ( -42.82673321174450365, 7.954403403100201331, -16.13042457781360639 ) ) ;
#987 = ORIENTED_EDGE ( 'NONE', *, *, #437, .T. ) ;
#988 = AXIS2_PLACEMENT_3D ( 'NONE', #198, #162, #1263 ) ;
#989 = CARTESIAN_POINT ( 'NONE',  ( -40.39106740344013247, 10.00000000000000000, -13.39106740344015556 ) ) ;
#990 = CARTESIAN_POINT ( 'NONE',  ( 42.42218729709568237, 9.143699484812609413, -15.21078011151824505 ) ) ;
#991 = CARTESIAN_POINT ( 'NONE',  ( 42.32237764972563099, 9.241484358010383815, 15.12351319207572331 ) ) ;
#992 = CARTESIAN_POINT ( 'NONE',  ( -40.47474381905781371, 10.00000000000000000, 13.45357179615736776 ) ) ;
#993 = CARTESIAN_POINT ( 'NONE',  ( -40.83892735489303050, 9.938321062772834225, -14.00296779422570204 ) ) ;
#994 = CARTESIAN_POINT ( 'NONE',  ( 42.93703773977045302, 7.354469921418965939, -16.26137889517847768 ) ) ;
#995 = CARTESIAN_POINT ( 'NONE',  ( 42.50241900161138631, 7.610088976677655381, 16.32943092367642990 ) ) ;
#996 = CARTESIAN_POINT ( 'NONE',  ( 41.24477144488017188, 9.780828473586289817, -14.51984909532399470 ) ) ;
#997 = CALENDAR_DATE ( 2025, 17, 8 ) ;
#998 = CARTESIAN_POINT ( 'NONE',  ( -41.59079680430875925, 9.750198613791011937, 14.32893613319315129 ) ) ;
#999 = CARTESIAN_POINT ( 'NONE',  ( 41.91905863121520781, 9.126489587656815061, -15.50777332059593050 ) ) ;
#1000 = CARTESIAN_POINT ( 'NONE',  ( -42.04697616088593293, 9.503463297694660028, 14.59064781855012960 ) ) ;
#1001 = CARTESIAN_POINT ( 'NONE',  ( 41.43879378314000661, 9.800523672709744005, 14.33379896044342949 ) ) ;
#1002 = CARTESIAN_POINT ( 'NONE',  ( -41.53497282853628292, 9.775019383323252598, -14.22729918211043731 ) ) ;
#1003 = CARTESIAN_POINT ( 'NONE',  ( -42.75146212967236181, 8.852726083307059568, 15.13593166752316677 ) ) ;
#1004 = CARTESIAN_POINT ( 'NONE',  ( 42.88135752398665090, 8.675777914887458309, 15.18049096766279504 ) ) ;
#1005 = VECTOR ( 'NONE', #2747, 1000.000000000000000 ) ;
#1006 = CARTESIAN_POINT ( 'NONE',  ( -43.09669478942419119, 7.859384228946348472, -15.94236694207442184 ) ) ;
#1007 = CARTESIAN_POINT ( 'NONE',  ( -41.95163849097622943, 9.513954951234856239, -14.87105256909225304 ) ) ;
#1008 = EDGE_LOOP ( 'NONE', ( #114, #1233, #1937, #3479, #1436 ) ) ;
#1009 = CARTESIAN_POINT ( 'NONE',  ( -43.38691631442500096, 7.157765261608864726, 15.51449161034910240 ) ) ;
#1010 = CARTESIAN_POINT ( 'NONE',  ( -43.04498610884577658, 8.378995621539743865, -15.46605643145564812 ) ) ;
#1011 = CARTESIAN_POINT ( 'NONE',  ( -40.39106740344013247, 10.00000000000000000, -13.39106740344015556 ) ) ;
#1012 = CARTESIAN_POINT ( 'NONE',  ( 42.11814545265833232, 8.844520629881305496, -15.75884046712345388 ) ) ;
#1013 = CARTESIAN_POINT ( 'NONE',  ( 42.28504757532621738, 9.327168560188457747, 14.76089522273090004 ) ) ;
#1014 = DIRECTION ( 'NONE',  ( -0.000000000000000000, -0.9986295347545739443, 0.05233595624294389015 ) ) ;
#1015 = MANIFOLD_SOLID_BREP ( 'Boss-Extrude1', #2376 ) ;
#1016 = CARTESIAN_POINT ( 'NONE',  ( 43.19554670055761392, 8.068106548513400256, 15.41863857603347299 ) ) ;
#1017 = CARTESIAN_POINT ( 'NONE',  ( 41.00120668657175571, 9.938668971883906522, -13.84075898726381837 ) ) ;
#1018 = CARTESIAN_POINT ( 'NONE',  ( -42.03150470246728077, 9.513135846598110845, 14.61249405669230406 ) ) ;
#1019 = CARTESIAN_POINT ( 'NONE',  ( 41.09542363846789215, 9.840503873673204893, -14.36070354222775336 ) ) ;
#1020 = CARTESIAN_POINT ( 'NONE',  ( -43.38695600770388694, 7.157007868728830324, 15.49999999999999822 ) ) ;
#1021 = CARTESIAN_POINT ( 'NONE',  ( 41.41302080712505074, 9.802849437575087421, 14.36051601899898600 ) ) ;
#1022 = CARTESIAN_POINT ( 'NONE',  ( -42.49870755927817356, 9.014195611613812886, 15.38519302858384208 ) ) ;
#1023 = CARTESIAN_POINT ( 'NONE',  ( 42.57524607078746470, 9.057149119647363023, 14.96669246655492280 ) ) ;
#1024 = CARTESIAN_POINT ( 'NONE',  ( -42.52945123990964760, 7.613793036808099934, -16.32713861990110615 ) ) ;
#1025 = EDGE_LOOP ( 'NONE', ( #824, #581, #8, #132 ) ) ;
#1026 = CARTESIAN_POINT ( 'NONE',  ( -42.68666038665853080, 7.252057713346393264, 16.36637346039167795 ) ) ;
#1027 = CARTESIAN_POINT ( 'NONE',  ( 41.98989844339844524, 9.021606218282739675, -15.60819686474004975 ) ) ;
#1028 = CARTESIAN_POINT ( 'NONE',  ( -41.91282286371325227, 9.144896169801528529, 15.49856074584468679 ) ) ;
#1029 = CARTESIAN_POINT ( 'NONE',  ( 43.16664146736518859, 7.552932141855572823, -16.00683516745031199 ) ) ;
#1030 = CARTESIAN_POINT ( 'NONE',  ( 42.47547978309575711, 7.795617677536152534, 16.28469165463084423 ) ) ;
#1031 = CARTESIAN_POINT ( 'NONE',  ( 40.65596645425993927, 9.982421387499728738, -13.72464561669531413 ) ) ;
#1032 = CARTESIAN_POINT ( 'NONE',  ( -41.50464945989311616, 9.786312938938259265, 14.26218884523534136 ) ) ;
#1033 = FACE_OUTER_BOUND ( 'NONE', #3594, .T. ) ;
#1034 = CARTESIAN_POINT ( 'NONE',  ( -42.48476051265640052, 7.513974939101212946, -16.34801059825151270 ) ) ;
#1035 = CARTESIAN_POINT ( 'NONE',  ( 41.25752191181521056, 9.873348460907086732, 14.04730615584288955 ) ) ;
#1036 = CARTESIAN_POINT ( 'NONE',  ( -41.32893613324669246, 9.750198613826388083, -14.59079680422911984 ) ) ;
#1037 = CARTESIAN_POINT ( 'NONE',  ( -41.98242539418048835, 9.064933219735063830, 15.56767925344285075 ) ) ;
#1038 = CARTESIAN_POINT ( 'NONE',  ( 42.93585426553783435, 8.591995903762954967, 15.21798788816721704 ) ) ;
#1039 = CARTESIAN_POINT ( 'NONE',  ( -42.05330589717743806, 9.183251507164140293, -15.42967835589894321 ) ) ;
#1040 = CARTESIAN_POINT ( 'NONE',  ( 42.49999999999998579, 10.00000000000000000, -15.50000000000000178 ) ) ;
#1041 = CARTESIAN_POINT ( 'NONE',  ( -43.02642759731176625, 8.243192719172299121, -15.74022654295034052 ) ) ;
#1042 = CARTESIAN_POINT ( 'NONE',  ( 42.14798363585517649, 9.085897979051583917, -15.51979241400728071 ) ) ;
#1043 = CARTESIAN_POINT ( 'NONE',  ( -43.25417928738910689, 7.894085782078764879, 15.48387494282345678 ) ) ;
#1044 = CARTESIAN_POINT ( 'NONE',  ( -41.79647851057333696, 9.284978938478252175, 15.33500595957697499 ) ) ;
#1045 = CARTESIAN_POINT ( 'NONE',  ( 42.56760437081154436, 7.522963449362805477, -16.34304082108340239 ) ) ;
#1046 = CARTESIAN_POINT ( 'NONE',  ( 43.16650599081779660, 8.106680092929710923, 15.55224427105536478 ) ) ;
#1047 = CARTESIAN_POINT ( 'NONE',  ( 41.08623026638404241, 9.919653664785780478, -13.91056218352394858 ) ) ;
#1048 = DATE_AND_TIME ( #3025, #511 ) ;
#1049 = CARTESIAN_POINT ( 'NONE',  ( -40.54266982338829450, 9.996822927792761604, -13.53488793233634269 ) ) ;
#1050 = CARTESIAN_POINT ( 'NONE',  ( -41.10132420555839872, 9.842268994748899047, 14.35540195114353601 ) ) ;
#1051 = CARTESIAN_POINT ( 'NONE',  ( -43.33016520614724953, 7.608880110802213714, -15.48883661576027748 ) ) ;
#1052 = CARTESIAN_POINT ( 'NONE',  ( 41.35540195136718467, 9.842268994673755600, 14.10132420537730802 ) ) ;
#1053 = CARTESIAN_POINT ( 'NONE',  ( -42.49744582301489970, 9.116282750521214950, 15.10662082369291426 ) ) ;
#1054 = CARTESIAN_POINT ( 'NONE',  ( 42.74110917939805177, 7.168196617695873130, 16.36079865040420245 ) ) ;
#1055 = CARTESIAN_POINT ( 'NONE',  ( -42.02611806669728622, 9.215822504857191788, -15.39511385305688940 ) ) ;
#1056 = CARTESIAN_POINT ( 'NONE',  ( 42.49999999999998579, 10.00000000000000000, 13.39106740344015378 ) ) ;
#1057 = EDGE_CURVE ( 'NONE', #1688, #2621, #2067, .T. ) ;
#1058 = AXIS2_PLACEMENT_3D ( 'NONE', #835, #1914, #1378 ) ;
#1059 = CARTESIAN_POINT ( 'NONE',  ( -42.58495861535026705, 8.212168424039179015, -16.10714365787390179 ) ) ;
#1060 = CARTESIAN_POINT ( 'NONE',  ( 42.04003196265380637, 9.219488637387568630, -15.38472281112832007 ) ) ;
#1061 = DIRECTION ( 'NONE',  ( 0.000000000000000000, 0.000000000000000000, 1.000000000000000000 ) ) ;
#1062 = CARTESIAN_POINT ( 'NONE',  ( 42.57265241680971712, 7.914733183469978783, 16.24016565834807579 ) ) ;
#1063 = CARTESIAN_POINT ( 'NONE',  ( 41.07224916648293345, 9.922641919992047477, -13.92526374561377978 ) ) ;
#1064 = CARTESIAN_POINT ( 'NONE',  ( -41.22729918203766175, 9.775019383287220975, 14.53497282862423212 ) ) ;
#1065 = CARTESIAN_POINT ( 'NONE',  ( -42.75204441470432215, 7.347245440175777631, -16.33874051785774739 ) ) ;
#1066 = CARTESIAN_POINT ( 'NONE',  ( 41.09023217035087328, 9.918767155667303825, 13.90634610335139953 ) ) ;
#1067 = CARTESIAN_POINT ( 'NONE',  ( -42.46543662619900061, 9.167608579114469691, 14.90947791751604257 ) ) ;
#1068 = FACE_OUTER_BOUND ( 'NONE', #746, .T. ) ;
#1069 = CARTESIAN_POINT ( 'NONE',  ( -42.41915912753898965, 9.187001814328157323, -15.06753943650120142 ) ) ;
#1070 = CARTESIAN_POINT ( 'NONE',  ( 40.39106740344013957, 10.00000000000000000, -13.39106740344015556 ) ) ;
#1071 = CARTESIAN_POINT ( 'NONE',  ( 42.47325136571407711, 9.160287152906331443, 14.89463077057302520 ) ) ;
#1072 = CARTESIAN_POINT ( 'NONE',  ( 42.55977009953782186, 9.072339862384014353, -14.99810824794011310 ) ) ;
#1073 = CARTESIAN_POINT ( 'NONE',  ( -42.17430474253106354, 8.688442309380503659, 15.87264680904616831 ) ) ;
#1074 = CARTESIAN_POINT ( 'NONE',  ( 43.28170914698983296, 7.800895704123336216, -15.50140916918847900 ) ) ;
#1075 = CARTESIAN_POINT ( 'NONE',  ( 42.58495861507319802, 8.212168423947764140, 16.10714365800015457 ) ) ;
#1076 = CARTESIAN_POINT ( 'NONE',  ( 40.78668059122819756, 9.973356961941089338, -13.74756007328553586 ) ) ;
#1077 = CARTESIAN_POINT ( 'NONE',  ( -41.26907933134337014, 9.788052355278155758, 14.49846303357126054 ) ) ;
#1078 = CARTESIAN_POINT ( 'NONE',  ( -43.34704181255541044, 7.517056825896930583, 15.51238898804718858 ) ) ;
#1079 = ORIENTED_EDGE ( 'NONE', *, *, #2774, .T. ) ;
#1080 = CARTESIAN_POINT ( 'NONE',  ( -43.38236231671139365, 7.244245942588824150, -15.51436518493550132 ) ) ;
#1081 = CARTESIAN_POINT ( 'NONE',  ( 40.84440971353179606, 9.939339784068447869, 13.99769149633996612 ) ) ;
#1082 = CARTESIAN_POINT ( 'NONE',  ( -42.57524607052350518, 9.057149119927927927, 14.96669246699102374 ) ) ;
#1083 = CARTESIAN_POINT ( 'NONE',  ( 44.49999999999998579, 5.000000000000000000, 15.50000000000000000 ) ) ;
#1084 = CARTESIAN_POINT ( 'NONE',  ( -43.50000000000001421, 5.000000000000000000, 15.49999999999999822 ) ) ;
#1085 = CARTESIAN_POINT ( 'NONE',  ( 41.91905863050956782, 9.126489587194368980, 15.50777332106031814 ) ) ;
#1086 = CARTESIAN_POINT ( 'NONE',  ( -42.22820510431360219, 8.596627619506344686, -15.93296113626277410 ) ) ;
#1087 = CARTESIAN_POINT ( 'NONE',  ( 42.42839600498494690, 9.198108400815353747, -14.97581610807747765 ) ) ;
#1088 = CARTESIAN_POINT ( 'NONE',  ( -42.62231566743434996, 7.163400603104065567, 16.38662097869172385 ) ) ;
#1089 = CARTESIAN_POINT ( 'NONE',  ( 42.77079577246639275, 8.149288784560056342, -16.06337835322925756 ) ) ;
#1090 = CARTESIAN_POINT ( 'NONE',  ( 42.93585426553783435, 8.591995903762954967, 15.21798788816721704 ) ) ;
#1091 = CARTESIAN_POINT ( 'NONE',  ( 40.47302735474636393, 10.00000000000000355, -13.45526359856929233 ) ) ;
#1092 = CARTESIAN_POINT ( 'NONE',  ( -41.52590243080783239, 9.778521051460794311, 14.23778523183448996 ) ) ;
#1093 = ORIENTED_EDGE ( 'NONE', *, *, #1801, .F. ) ;
#1094 = CARTESIAN_POINT ( 'NONE',  ( 43.04438575757317409, 7.176187423167830204, 16.20853794999095498 ) ) ;
#1095 = CARTESIAN_POINT ( 'NONE',  ( -42.55756050238999677, 7.246016349051983774, -16.38051147558693543 ) ) ;
#1096 = CARTESIAN_POINT ( 'NONE',  ( 41.20965284500181980, 9.861471069824156999, 14.25356895569729332 ) ) ;
#1097 = CARTESIAN_POINT ( 'NONE',  ( -42.06831047267338164, 9.103030586728321438, 15.52180475470509258 ) ) ;
#1098 = CARTESIAN_POINT ( 'NONE',  ( 40.39106740344013957, 10.00000000000000000, -15.50000000000000178 ) ) ;
#1099 = CARTESIAN_POINT ( 'NONE',  ( -42.39237095381133003, 9.235333203730732521, -14.85711417297548920 ) ) ;
#1100 = DIRECTION ( 'NONE',  ( -0.000000000000000000, -1.000000000000000000, -0.000000000000000000 ) ) ;
#1101 = CARTESIAN_POINT ( 'NONE',  ( 42.35823315621939145, 9.265601912836254783, 14.82277338008057477 ) ) ;
#1102 = VECTOR ( 'NONE', #2640, 1000.000000000000000 ) ;
#1103 = CARTESIAN_POINT ( 'NONE',  ( -43.02050722733988408, 8.443499807247560440, -15.35329464073259764 ) ) ;
#1104 = CARTESIAN_POINT ( 'NONE',  ( 41.82277338073007655, 9.265601913257052402, -15.35823315573451353 ) ) ;
#1105 = VECTOR ( 'NONE', #1014, 1000.000000000000000 ) ;
#1106 = CARTESIAN_POINT ( 'NONE',  ( 42.49999999999998579, 0.000000000000000000, -17.50000000000000000 ) ) ;
#1107 = CARTESIAN_POINT ( 'NONE',  ( 42.68397696631177496, 7.934159464080219770, -16.19955207264383645 ) ) ;
#1108 = CARTESIAN_POINT ( 'NONE',  ( 42.72971352352502095, 8.777291309951946729, 15.48192307331055773 ) ) ;
#1109 = CARTESIAN_POINT ( 'NONE',  ( 40.56227552232742539, 9.996364305027597652, -13.51551810596351721 ) ) ;
#1110 = CARTESIAN_POINT ( 'NONE',  ( -40.73762081265573443, 9.981176790781846719, -13.64297353255756384 ) ) ;
#1111 = CARTESIAN_POINT ( 'NONE',  ( -40.69811217833932204, 9.983648399739223578, 13.68248191468482133 ) ) ;
#1112 = CARTESIAN_POINT ( 'NONE',  ( -42.91183395471889384, 7.549486992713272393, 16.23135572213624300 ) ) ;
#1113 = VERTEX_POINT ( 'NONE', #445 ) ;
#1114 = CARTESIAN_POINT ( 'NONE',  ( -41.27557203077584091, 9.867173269368898048, -14.03365305685949238 ) ) ;
#1115 = ADVANCED_FACE ( 'NONE', ( #2052 ), #259, .T. ) ;
#1116 = CARTESIAN_POINT ( 'NONE',  ( 41.78416539476778269, 9.658375848220355664, -14.42927151596834001 ) ) ;
#1117 = CARTESIAN_POINT ( 'NONE',  ( 40.64498273904924730, 9.981390827797534726, 13.73561583318162960 ) ) ;
#1118 = CARTESIAN_POINT ( 'NONE',  ( -43.09669480729705526, 7.859384227608440909, 15.94236692388335896 ) ) ;
#1119 = CARTESIAN_POINT ( 'NONE',  ( -42.08358385509983179, 9.476470198677446888, 14.71253468427478595 ) ) ;
#1120 = CARTESIAN_POINT ( 'NONE',  ( 42.49999999999998579, 5.000000000000000000, 15.50000000000000178 ) ) ;
#1121 = CARTESIAN_POINT ( 'NONE',  ( -42.37605043674553684, 9.248574651838710636, -14.88538722867597031 ) ) ;
#1122 = FACE_OUTER_BOUND ( 'NONE', #3205, .T. ) ;
#1123 = CARTESIAN_POINT ( 'NONE',  ( 42.12374584253409893, 9.451129921037408010, 14.65435884211482787 ) ) ;
#1124 = CARTESIAN_POINT ( 'NONE',  ( -42.93585426536867544, 8.591995904034639864, 15.21798788863060281 ) ) ;
#1125 = CARTESIAN_POINT ( 'NONE',  ( -42.83362308458352175, 8.729073810261450461, -15.30650692832164950 ) ) ;
#1126 = EDGE_LOOP ( 'NONE', ( #2890, #2335, #2115, #2910 ) ) ;
#1127 = CARTESIAN_POINT ( 'NONE',  ( 42.17672231323761167, 9.248707019585607370, -15.27611192645731286 ) ) ;
#1128 = DIRECTION ( 'NONE',  ( 0.000000000000000000, 1.000000000000000000, -0.000000000000000000 ) ) ;
#1129 = EDGE_CURVE ( 'NONE', #2463, #1688, #434, .T. ) ;
#1130 = CARTESIAN_POINT ( 'NONE',  ( 42.46738886765779597, 8.083005233634821707, -16.18718200931031959 ) ) ;
#1131 = CARTESIAN_POINT ( 'NONE',  ( 42.19998979726652522, 8.684771436177932458, 15.87503449492818142 ) ) ;
#1132 = CARTESIAN_POINT ( 'NONE',  ( 40.56128942588778585, 9.996404748434800425, -13.51648591529571952 ) ) ;
#1133 = CARTESIAN_POINT ( 'NONE',  ( -40.52180833119914638, 9.996598302884418530, 13.55587550796978213 ) ) ;
#1134 = CARTESIAN_POINT ( 'NONE',  ( -42.77847203607593229, 7.348277508518956225, 16.32768885495756450 ) ) ;
#1135 = VERTEX_POINT ( 'NONE', #2892 ) ;
#1136 = CARTESIAN_POINT ( 'NONE',  ( -41.34405234416881569, 9.844738235125213066, -14.08331799908828330 ) ) ;
#1137 = CARTESIAN_POINT ( 'NONE',  ( 41.99007752267583271, 9.508622260198023923, -14.82884503552843647 ) ) ;
#1138 = CARTESIAN_POINT ( 'NONE',  ( 40.77690841856800574, 9.973656831328447936, 13.75734548460501649 ) ) ;
#1139 = CARTESIAN_POINT ( 'NONE',  ( -41.65435884246632270, 9.451129921244321608, 15.12374584224044227 ) ) ;
#1140 = DIRECTION ( 'NONE',  ( 1.000000000000000000, 0.000000000000000000, 0.000000000000000000 ) ) ;
#1141 = CARTESIAN_POINT ( 'NONE',  ( 41.47226536760953763, 9.604948519540148055, 14.88224119358914344 ) ) ;
#1142 = CARTESIAN_POINT ( 'NONE',  ( 41.84635356495168423, 9.404875960583884975, 15.16964603714877846 ) ) ;
#1143 = CARTESIAN_POINT ( 'NONE',  ( -41.48175426571722824, 9.608985837062553159, -14.87501459640314749 ) ) ;
#1144 = CARTESIAN_POINT ( 'NONE',  ( -43.03732712347633083, 8.416931719038970527, 15.28710246062230205 ) ) ;
#1145 = CARTESIAN_POINT ( 'NONE',  ( -42.07827712949696775, 9.343840187325628932, -15.17115222063111446 ) ) ;
#1146 = CARTESIAN_POINT ( 'NONE',  ( 42.23987174568121361, 9.359989860826996022, -14.83301442023294925 ) ) ;
#1147 = CARTESIAN_POINT ( 'NONE',  ( 42.23887808116118947, 8.701933361807634881, -15.86132201816331566 ) ) ;
#1148 = CARTESIAN_POINT ( 'NONE',  ( 42.62564009751464056, 8.520751251708766461, 15.89235277830660564 ) ) ;
#1149 = CARTESIAN_POINT ( 'NONE',  ( -40.70592987736988277, 9.983466514916269574, -13.67467330494264921 ) ) ;
#1150 = CARTESIAN_POINT ( 'NONE',  ( -40.55685725929048147, 9.996570927336779988, 13.52084074091927945 ) ) ;
#1151 = ORIENTED_EDGE ( 'NONE', *, *, #2244, .T. ) ;
#1152 = CARTESIAN_POINT ( 'NONE',  ( -41.59775043389163329, 9.753864628040391338, -14.26712752140659468 ) ) ;
#1153 = CARTESIAN_POINT ( 'NONE',  ( 41.87685752318213162, 9.563183505863529277, -14.80004735906794444 ) ) ;
#1154 = CARTESIAN_POINT ( 'NONE',  ( 40.56227552250626189, 9.996364305024522778, 13.51551810576084911 ) ) ;
#1155 = AXIS2_PLACEMENT_3D ( 'NONE', #1839, #1823, #390 ) ;
#1156 = CARTESIAN_POINT ( 'NONE',  ( -42.20811302349516581, 9.375345650566211830, 14.87736610783686864 ) ) ;
#1157 = CARTESIAN_POINT ( 'NONE',  ( 40.93855541182119140, 9.949663945625744077, -13.78899685037467115 ) ) ;
#1158 = CARTESIAN_POINT ( 'NONE',  ( 42.43306748941352424, 7.881641187532665072, 16.25998078590025742 ) ) ;
#1159 = CARTESIAN_POINT ( 'NONE',  ( 42.06215423670732889, 9.432350817868714543, 14.97561432662161174 ) ) ;
#1160 = CARTESIAN_POINT ( 'NONE',  ( -43.07420213655800723, 8.343194761200042109, 15.36432956572091690 ) ) ;
#1161 = CARTESIAN_POINT ( 'NONE',  ( -42.93296113607040354, 8.596627620017732951, -15.22820510297125551 ) ) ;
#1162 = CARTESIAN_POINT ( 'NONE',  ( -41.75869369431349298, 9.370349037790202118, -15.22990284857118226 ) ) ;
#1163 = ORIENTED_EDGE ( 'NONE', *, *, #2959, .F. ) ;
#1164 = CARTESIAN_POINT ( 'NONE',  ( 42.34603316776504300, 9.275366671709504018, -14.84351791613514848 ) ) ;
#1165 = EDGE_CURVE ( 'NONE', #2815, #1455, #1894, .T. ) ;
#1166 = VECTOR ( 'NONE', #577, 1000.000000000000000 ) ;
#1167 = CARTESIAN_POINT ( 'NONE',  ( 43.02633110463152377, 8.434779228894687009, -15.33126123235569160 ) ) ;
#1168 = CARTESIAN_POINT ( 'NONE',  ( 42.19808287672471181, 8.880501078344233079, 15.72457158772268571 ) ) ;
#1169 = CARTESIAN_POINT ( 'NONE',  ( -40.51648591674996425, 9.996404748438157739, 13.56128942490727773 ) ) ;
#1170 = CARTESIAN_POINT ( 'NONE',  ( -41.08222830711764573, 9.920540185790276411, -13.91477833447653900 ) ) ;
#1171 = DIRECTION ( 'NONE',  ( -0.000000000000000000, -1.000000000000000000, -0.000000000000000000 ) ) ;
#1172 = CARTESIAN_POINT ( 'NONE',  ( 43.38695600770385852, 7.157007868728832101, 15.50000000000000000 ) ) ;
#1173 = CARTESIAN_POINT ( 'NONE',  ( 42.11181118421477976, 9.458981693604169294, -14.67187617602697536 ) ) ;
#1174 = CARTESIAN_POINT ( 'NONE',  ( 40.71773574995268774, 9.982866673597435181, 13.66287429297247158 ) ) ;
#1175 = CARTESIAN_POINT ( 'NONE',  ( -41.85732967341569832, 9.281803007079938439, 15.33785334283993684 ) ) ;
#1176 = DIRECTION ( 'NONE',  ( -1.000000000000000000, -0.000000000000000000, -0.000000000000000000 ) ) ;
#1177 = CARTESIAN_POINT ( 'NONE',  ( -42.50000000000000711, 5.000000000000000000, 17.50000000000000000 ) ) ;
#1178 = CARTESIAN_POINT ( 'NONE',  ( 42.23089553263469043, 9.364579250969677915, 14.84575449276966097 ) ) ;
#1179 = CARTESIAN_POINT ( 'NONE',  ( -42.23840319664034126, 8.601122008432859900, 15.92987583364424431 ) ) ;
#1180 = CARTESIAN_POINT ( 'NONE',  ( -42.70114285794102926, 8.916560039097534585, -15.06618283455619611 ) ) ;
#1181 = EDGE_LOOP ( 'NONE', ( #2237, #2171, #1163, #3408 ) ) ;
#1182 = CARTESIAN_POINT ( 'NONE',  ( 42.35823318268011661, 9.265601889788337431, -14.82277333388465124 ) ) ;
#1183 = CARTESIAN_POINT ( 'NONE',  ( 42.94188509920921604, 8.427887561877247080, -15.66841198051411510 ) ) ;
#1184 = CARTESIAN_POINT ( 'NONE',  ( 42.42218723701229521, 9.143699573756910226, 15.21078028355248613 ) ) ;
#1185 = CARTESIAN_POINT ( 'NONE',  ( -41.08331799879273660, 9.844738235204914645, 14.34405234393360651 ) ) ;
#1186 = CARTESIAN_POINT ( 'NONE',  ( -41.25752191157108939, 9.873348460980343688, -14.04730615604683486 ) ) ;
#1187 = LINE ( 'NONE', #903, #2719 ) ;
#1188 = CARTESIAN_POINT ( 'NONE',  ( 43.34704181311343518, 7.517056823438079682, 15.51238898051135173 ) ) ;
#1189 = CARTESIAN_POINT ( 'NONE',  ( 42.24603010892337096, 9.358383632740135738, -14.73306302043034677 ) ) ;
#1190 = CARTESIAN_POINT ( 'NONE',  ( 40.45526359869077027, 10.00000000000000355, 13.47302735466406887 ) ) ;
#1191 = CARTESIAN_POINT ( 'NONE',  ( -41.99007752273091398, 9.508622260139308224, 14.82884503543084342 ) ) ;
#1192 = CARTESIAN_POINT ( 'NONE',  ( -43.50000000000001421, 5.000000000000000000, -15.50000000000000178 ) ) ;
#1193 = DIRECTION ( 'NONE',  ( 0.000000000000000000, 0.000000000000000000, -1.000000000000000000 ) ) ;
#1194 = CARTESIAN_POINT ( 'NONE',  ( 42.10307905705700193, 9.426327150342508787, 14.92992491542126032 ) ) ;
#1195 = CARTESIAN_POINT ( 'NONE',  ( -41.83424225548689890, 9.628696278079058146, -14.53356385464770995 ) ) ;
#1196 = CARTESIAN_POINT ( 'NONE',  ( -43.13806479901148094, 8.191070666601802941, 15.50329764744999927 ) ) ;
#1197 = CARTESIAN_POINT ( 'NONE',  ( 43.25998078590014018, 7.881641187532935078, 15.43306748941373208 ) ) ;
#1198 = CARTESIAN_POINT ( 'NONE',  ( -42.13593166766449372, 8.852726083395218382, -15.75146212960239644 ) ) ;
#1199 = CARTESIAN_POINT ( 'NONE',  ( -41.65050539676366981, 9.529065493515277652, -15.00398799497511249 ) ) ;
#1200 = EDGE_LOOP ( 'NONE', ( #3351, #3062, #617, #2225 ) ) ;
#1201 = CARTESIAN_POINT ( 'NONE',  ( 42.89910234310347903, 8.639359435344116989, -15.32977595257579573 ) ) ;
#1202 = CARTESIAN_POINT ( 'NONE',  ( 42.55186080682565120, 9.079746654144260631, 15.01379140328219464 ) ) ;
#1203 = CARTESIAN_POINT ( 'NONE',  ( -40.45308792710808632, 10.00000000000000178, 13.47523497764050049 ) ) ;
#1204 = CARTESIAN_POINT ( 'NONE',  ( 42.68666038666636808, 7.252057713347666912, -16.36637346038753194 ) ) ;
#1205 = CARTESIAN_POINT ( 'NONE',  ( 42.49851193630366453, 7.516284983454250224, 16.34762123689379010 ) ) ;
#1206 = CARTESIAN_POINT ( 'NONE',  ( 41.31283806066281983, 9.853788968242328750, -14.14779122460163663 ) ) ;
#1207 = APPROVAL_STATUS ( 'not_yet_approved' ) ;
#1208 = CARTESIAN_POINT ( 'NONE',  ( -41.31010422956887140, 9.743882926613684603, 14.60687549166037691 ) ) ;
#1209 = CARTESIAN_POINT ( 'NONE',  ( 40.89799120434528845, 9.956861731322147691, -13.75952364641072556 ) ) ;
#1210 = VECTOR ( 'NONE', #1551, 1000.000000000000000 ) ;
#1211 = CARTESIAN_POINT ( 'NONE',  ( -43.38651805434955833, 7.158503800891204527, -15.52898203942011435 ) ) ;
#1212 = CARTESIAN_POINT ( 'NONE',  ( 41.48175426532405652, 9.608985836851346107, 14.87501459677525517 ) ) ;
#1213 = CARTESIAN_POINT ( 'NONE',  ( -42.07470920949010917, 8.920670496618305023, 15.69749001017459555 ) ) ;
#1214 = FACE_OUTER_BOUND ( 'NONE', #3081, .T. ) ;
#1215 = CARTESIAN_POINT ( 'NONE',  ( -42.71506056981498745, 8.886818305802037798, -15.21566791976746558 ) ) ;
#1216 = CARTESIAN_POINT ( 'NONE',  ( -41.61249405679278368, 9.513135846660658146, -15.03150470237084591 ) ) ;
#1217 = ORIENTED_EDGE ( 'NONE', *, *, #366, .F. ) ;
#1218 = CARTESIAN_POINT ( 'NONE',  ( 43.07960536769895299, 8.334620325248023320, -15.34157007276629869 ) ) ;
#1219 = CARTESIAN_POINT ( 'NONE',  ( 42.56767925370010630, 9.064933219462961489, 14.98242539376400551 ) ) ;
#1220 = DIRECTION ( 'NONE',  ( 0.000000000000000000, 0.05233595624294388321, -0.9986295347545739443 ) ) ;
#1221 = CARTESIAN_POINT ( 'NONE',  ( 42.49999999999998579, 5.000000000000000000, 17.50000000000000000 ) ) ;
#1222 = CARTESIAN_POINT ( 'NONE',  ( 42.52879614400343655, 7.244583060569567579, 16.38200819256170604 ) ) ;
#1223 = CARTESIAN_POINT ( 'NONE',  ( 41.33379896051697955, 9.800523672825670829, -14.43879378294816718 ) ) ;
#1224 = PERSON_AND_ORGANIZATION ( #3521, #1662 ) ;
#1225 = VECTOR ( 'NONE', #3049, 1000.000000000000000 ) ;
#1226 = CARTESIAN_POINT ( 'NONE',  ( -41.62064953224058428, 9.649577512305544502, 14.75882537165442798 ) ) ;
#1227 = CARTESIAN_POINT ( 'NONE',  ( 41.59064781877844297, 9.503463297825506473, -15.04697616068765598 ) ) ;
#1228 = CARTESIAN_POINT ( 'NONE',  ( -42.60819686491208813, 9.021606218093939589, 14.98989844310476549 ) ) ;
#1229 = CARTESIAN_POINT ( 'NONE',  ( 41.47701467543925702, 9.607000586912366913, 14.87864186727781401 ) ) ;
#1230 = CARTESIAN_POINT ( 'NONE',  ( -42.69749003508449903, 8.920670465731205923, 15.07470914719384680 ) ) ;
#1231 = CARTESIAN_POINT ( 'NONE',  ( -41.80888119023166638, 9.270033124500532296, -15.35244208037705427 ) ) ;
#1232 = CARTESIAN_POINT ( 'NONE',  ( -42.21943392130842199, 8.693352388249492080, -15.86817826217131966 ) ) ;
#1233 = ORIENTED_EDGE ( 'NONE', *, *, #709, .F. ) ;
#1234 = FACE_OUTER_BOUND ( 'NONE', #2759, .T. ) ;
#1235 = CARTESIAN_POINT ( 'NONE',  ( 42.06831047288467573, 9.103030586877535413, -15.52180475456660069 ) ) ;
#1236 = CARTESIAN_POINT ( 'NONE',  ( 42.11814540560691711, 8.844520606175581889, 15.75884048476749655 ) ) ;
#1237 = ADVANCED_FACE ( 'NONE', ( #1234 ), #2331, .T. ) ;
#1238 = CARTESIAN_POINT ( 'NONE',  ( -41.03365305642349625, 9.867173269505878253, 14.27557203034031019 ) ) ;
#1239 = CARTESIAN_POINT ( 'NONE',  ( -41.00296778833044442, 9.938321063966364832, -13.83892736268627921 ) ) ;
#1240 = CARTESIAN_POINT ( 'NONE',  ( 42.49999999999998579, 5.000000000000000000, 15.50000000000000178 ) ) ;
#1241 = CARTESIAN_POINT ( 'NONE',  ( 42.53999668845705173, 7.520010140689044498, 16.34504131629414303 ) ) ;
#1242 = CARTESIAN_POINT ( 'NONE',  ( 41.18742519673686786, 9.859820147159336301, -14.27524164888320790 ) ) ;
#1243 = DIRECTION ( 'NONE',  ( 0.000000000000000000, 0.000000000000000000, 1.000000000000000000 ) ) ;
#1244 = CARTESIAN_POINT ( 'NONE',  ( -41.49882094495130502, 9.680381939264671942, 14.72597093928991185 ) ) ;
#1245 = CARTESIAN_POINT ( 'NONE',  ( 42.49999999999998579, 5.000000000000000000, -15.50000000000000178 ) ) ;
#1246 = CARTESIAN_POINT ( 'NONE',  ( -42.88135752379987764, 8.675777915165783227, 15.18049096812753262 ) ) ;
#1247 = CARTESIAN_POINT ( 'NONE',  ( 41.41167801536107618, 9.651356278394016996, 14.79813395837067702 ) ) ;
#1248 = CARTESIAN_POINT ( 'NONE',  ( -41.41302080699739463, 9.802849437668488264, -14.36051601897641739 ) ) ;
#1249 = CARTESIAN_POINT ( 'NONE',  ( -42.23887808089461515, 8.701933361627274266, 15.86132201828463550 ) ) ;
#1250 = CARTESIAN_POINT ( 'NONE',  ( -42.17770934437188401, 8.690372273945484949, -15.87719416856353583 ) ) ;
#1251 = CARTESIAN_POINT ( 'NONE',  ( -42.61177886679146098, 8.932484534778415863, -15.37748500879598268 ) ) ;
#1252 = ORIENTED_EDGE ( 'NONE', *, *, #212, .T. ) ;
#1253 = CARTESIAN_POINT ( 'NONE',  ( -43.04438575659811050, 7.176187423156033418, 16.20853795074089021 ) ) ;
#1254 = CARTESIAN_POINT ( 'NONE',  ( 42.37342481221569557, 9.151456140354790492, -15.26776037756936333 ) ) ;
#1255 = CARTESIAN_POINT ( 'NONE',  ( 41.84351791553224587, 9.275366671309713595, 15.34603316822848562 ) ) ;
#1256 = CARTESIAN_POINT ( 'NONE',  ( -41.55876231973652324, 9.531806134795379748, 15.00294141323929509 ) ) ;
#1257 = CARTESIAN_POINT ( 'NONE',  ( -40.90634608523911453, 9.918767152501962059, -14.09023218427142332 ) ) ;
#1258 = CARTESIAN_POINT ( 'NONE',  ( 42.50241899018931946, 7.610088972766479998, -16.32943092465278312 ) ) ;
#1259 = CARTESIAN_POINT ( 'NONE',  ( 43.38200819255754936, 7.244583060489121706, 15.52879614245849282 ) ) ;
#1260 = CARTESIAN_POINT ( 'NONE',  ( 41.13459608680717849, 9.886453536317041824, -14.17428849681445513 ) ) ;
#1261 = MECHANICAL_CONTEXT ( 'NONE', #2025, 'mechanical' ) ;
#1262 = CARTESIAN_POINT ( 'NONE',  ( -41.80004746531706417, 9.563183508815731315, 14.87685739306816401 ) ) ;
#1263 = DIRECTION ( 'NONE',  ( 0.000000000000000000, -0.9986295347545739443, 0.05233595624294388321 ) ) ;
#1264 = CARTESIAN_POINT ( 'NONE',  ( -43.33070191007728766, 7.606221078014823611, 15.47537405672197153 ) ) ;
#1265 = CARTESIAN_POINT ( 'NONE',  ( 41.47663107786637937, 9.793329624905290132, 14.29304784449932164 ) ) ;
#1266 = CARTESIAN_POINT ( 'NONE',  ( -41.43560752725570495, 9.769291058052475663, -14.49245207893073761 ) ) ;
#1267 = CARTESIAN_POINT ( 'NONE',  ( -42.60072501687608337, 9.029536919171745168, 15.00594594582504904 ) ) ;
#1268 = CARTESIAN_POINT ( 'NONE',  ( -42.43487230588473835, 7.873172682487854068, -16.26309774109770956 ) ) ;
#1269 = APPROVAL_PERSON_ORGANIZATION ( #2049, #2791, #1496 ) ;
#1270 = CARTESIAN_POINT ( 'NONE',  ( -43.28469165685987008, 7.795617670077160000, -15.47547976251467361 ) ) ;
#1271 = ORIENTED_EDGE ( 'NONE', *, *, #2659, .F. ) ;
#1272 = CARTESIAN_POINT ( 'NONE',  ( -42.78536033456201437, 7.169560078494239264, 16.34110610340864511 ) ) ;
#1273 = CARTESIAN_POINT ( 'NONE',  ( -43.06337835325111030, 8.149288784444173928, -15.77079577251349818 ) ) ;
#1274 = EDGE_CURVE ( 'NONE', #2448, #2853, #2005, .T. ) ;
#1275 = CARTESIAN_POINT ( 'NONE',  ( 42.32325946349856594, 9.005697412468576246, -15.55034822579576215 ) ) ;
#1276 = CARTESIAN_POINT ( 'NONE',  ( 41.81581423999482183, 9.262162451366414473, 15.36218233577719872 ) ) ;
#1277 = CARTESIAN_POINT ( 'NONE',  ( -42.01013944873248107, 8.998628321571207067, 15.63687896031635027 ) ) ;
#1278 = CARTESIAN_POINT ( 'NONE',  ( 42.58273000770299177, 7.337955913228269900, -16.37013529685642510 ) ) ;
#1279 = CARTESIAN_POINT ( 'NONE',  ( 42.44301378051457618, 8.075555913604116398, 16.19136434649134060 ) ) ;
#1280 = CARTESIAN_POINT ( 'NONE',  ( 41.53798033832315184, 9.773784250944908436, -14.22379244009963273 ) ) ;
#1281 = SECURITY_CLASSIFICATION_LEVEL ( 'unclassified' ) ;
#1282 = CARTESIAN_POINT ( 'NONE',  ( -41.62339058557422078, 9.517849972027383032, 15.02371455137616607 ) ) ;
#1283 = CARTESIAN_POINT ( 'NONE',  ( 40.51551810596250647, 9.996364305027579888, -13.56227552232814126 ) ) ;
#1284 = CARTESIAN_POINT ( 'NONE',  ( -42.70465152952274934, 8.912317187564198662, 15.05764728273653574 ) ) ;
#1285 = CARTESIAN_POINT ( 'NONE',  ( 41.45997047949912684, 9.669931939509615049, 14.75943269518267620 ) ) ;
#1286 = CARTESIAN_POINT ( 'NONE',  ( -42.11814545236212837, 8.844520629700086900, 15.75884046726479859 ) ) ;
#1287 = EDGE_CURVE ( 'NONE', #280, #3518, #2971, .T. ) ;
#1288 = CARTESIAN_POINT ( 'NONE',  ( 42.50777332106005701, 9.126489587194576814, 14.91905863050977565 ) ) ;
#1289 = CARTESIAN_POINT ( 'NONE',  ( -43.28669462000765833, 7.790101580043653939, -15.44953432498690660 ) ) ;
#1290 = CARTESIAN_POINT ( 'NONE',  ( -42.05287474666244663, 9.097383413408627106, -15.53129665233288392 ) ) ;
#1291 = VERTEX_POINT ( 'NONE', #96 ) ;
#1292 = CARTESIAN_POINT ( 'NONE',  ( -42.50000000713904313, 7.243092321014388268, 16.38244451272879232 ) ) ;
#1293 = DESIGN_CONTEXT ( 'detailed design', #1333, 'design' ) ;
#1294 = CARTESIAN_POINT ( 'NONE',  ( -43.13274714946833654, 8.124562821541145397, -15.63446720625746877 ) ) ;
#1295 = CARTESIAN_POINT ( 'NONE',  ( 42.56462406058350467, 9.062609942995573320, -15.07784393443326465 ) ) ;
#1296 = CARTESIAN_POINT ( 'NONE',  ( -42.50000000000000711, 5.000000000000000000, -17.50000000000000000 ) ) ;
#1297 = CARTESIAN_POINT ( 'NONE',  ( -40.82641784932844331, 9.969624971509761124, -13.70751414268142554 ) ) ;
#1298 = CARTESIAN_POINT ( 'NONE',  ( 43.26137890372727668, 7.354469920925349236, -15.93703772801677232 ) ) ;
#1299 = CARTESIAN_POINT ( 'NONE',  ( 42.82281488776810363, 8.252409556200419161, 15.96592407054973251 ) ) ;
#1300 = CARTESIAN_POINT ( 'NONE',  ( 40.82389517624548603, 9.969972641546485548, -13.71006959363765354 ) ) ;
#1301 = CARTESIAN_POINT ( 'NONE',  ( -40.56128942489195310, 9.996404748438843413, -13.51648591676201860 ) ) ;
#1302 = CARTESIAN_POINT ( 'NONE',  ( -41.26732498431518081, 9.870568650547459910, 14.03663650228366322 ) ) ;
#1303 = DIRECTION ( 'NONE',  ( 0.000000000000000000, 0.000000000000000000, -1.000000000000000000 ) ) ;
#1304 = CARTESIAN_POINT ( 'NONE',  ( 40.94916953253123637, 9.945622525229275368, 13.89416398909339101 ) ) ;
#1305 = CARTESIAN_POINT ( 'NONE',  ( -41.56086626289219765, 9.758292740947679178, -14.36239617623700759 ) ) ;
#1306 = CARTESIAN_POINT ( 'NONE',  ( -41.84290105472840082, 9.228371414969975817, 15.40029963002876379 ) ) ;
#1307 = CARTESIAN_POINT ( 'NONE',  ( -41.44697686387031865, 9.624289802584383935, -14.84752995349244031 ) ) ;
#1308 = CARTESIAN_POINT ( 'NONE',  ( -41.93419362285917629, 9.133969857972509487, -15.50003445604730423 ) ) ;
#1309 = CARTESIAN_POINT ( 'NONE',  ( -43.20499360991477289, 7.262212907615680280, 16.04155425071736829 ) ) ;
#1310 = CARTESIAN_POINT ( 'NONE',  ( -42.66841198049937844, 8.427887561745643907, -15.94188509923944963 ) ) ;
#1311 = CARTESIAN_POINT ( 'NONE',  ( 42.75884048441116647, 8.844520606634818094, -15.11814540634420645 ) ) ;
#1312 = CYLINDRICAL_SURFACE ( 'NONE', #2603, 2.999999999999999112 ) ;
#1313 = CARTESIAN_POINT ( 'NONE',  ( 43.36370192630918297, 7.342335647365735518, -15.65395449758161561 ) ) ;
#1314 = CARTESIAN_POINT ( 'NONE',  ( 42.44574748383472240, 7.885216059854413650, 16.25889166841983879 ) ) ;
#1315 = CARTESIAN_POINT ( 'NONE',  ( 40.98372281321446309, 9.928826532135904159, -14.01523768291431793 ) ) ;
#1316 = CARTESIAN_POINT ( 'NONE',  ( -41.27524186835782416, 9.859820121133036963, 14.18742496260827046 ) ) ;
#1317 = ADVANCED_FACE ( 'NONE', ( #1540 ), #453, .T. ) ;
#1318 = CARTESIAN_POINT ( 'NONE',  ( -43.32943092465801982, 7.610088972742075519, -15.50241899010566193 ) ) ;
#1319 = CARTESIAN_POINT ( 'NONE',  ( 41.14779122435783165, 9.853788968189730824, 14.31283806085369292 ) ) ;
#1320 = CARTESIAN_POINT ( 'NONE',  ( -41.85001986916541483, 9.231909295658713432, 15.39637453145626544 ) ) ;
#1321 = CARTESIAN_POINT ( 'NONE',  ( 43.06877040597730399, 8.352790143215415242, -15.30815933428195308 ) ) ;
#1322 = CARTESIAN_POINT ( 'NONE',  ( -42.27611192646219251, 9.248707019558452203, -15.17672231319455811 ) ) ;
#1323 = CARTESIAN_POINT ( 'NONE',  ( -42.33015743484428128, 8.330200533253124817, -16.08207357805294535 ) ) ;
#1324 = CARTESIAN_POINT ( 'NONE',  ( 41.85001986942926067, 9.231909295830559969, -15.39637453126396061 ) ) ;
#1325 = CARTESIAN_POINT ( 'NONE',  ( 42.49999999999998579, 0.000000000000000000, 15.50000000000000178 ) ) ;
#1326 = CARTESIAN_POINT ( 'NONE',  ( 43.30964702847483494, 7.537911073672788120, -15.73172486304357598 ) ) ;
#1327 = CARTESIAN_POINT ( 'NONE',  ( 43.22922526716842384, 7.835687626745834855, 15.70595142651470866 ) ) ;
#1328 = CARTESIAN_POINT ( 'NONE',  ( 40.64297353257981626, 9.981176790784958897, -13.73762081262752410 ) ) ;
#1329 = CARTESIAN_POINT ( 'NONE',  ( -40.47572726870044590, 10.00000000000000178, -13.45260328947130368 ) ) ;
#1330 = CARTESIAN_POINT ( 'NONE',  ( -41.41302107587173964, 9.802849420248595180, 14.36051574618877069 ) ) ;
#1331 = CARTESIAN_POINT ( 'NONE',  ( -42.55419021635901089, 7.336132677441844940, -16.37173348085903157 ) ) ;
#1332 = CARTESIAN_POINT ( 'NONE',  ( 41.09424542802226910, 9.917831340924898598, 13.90210608037913609 ) ) ;
#1333 = APPLICATION_CONTEXT ( 'configuration controlled 3d designs of mechanical parts and assemblies' ) ;
#1334 = CARTESIAN_POINT ( 'NONE',  ( -42.46939068085925584, 9.164007705623960831, 14.90206508924670814 ) ) ;
#1335 = CARTESIAN_POINT ( 'NONE',  ( 42.62233290294946642, 7.163401503905021173, 16.38662093148274934 ) ) ;
#1336 = VECTOR ( 'NONE', #1337, 1000.000000000000000 ) ;
#1337 = DIRECTION ( 'NONE',  ( -0.05233595624294389015, -0.9986295347545739443, -1.815768238646592455E-16 ) ) ;
#1338 = CARTESIAN_POINT ( 'NONE',  ( 42.05330589684058396, 9.183251506886492166, 15.42967835616590477 ) ) ;
#1339 = VECTOR ( 'NONE', #3298, 1000.000000000000000 ) ;
#1340 = CARTESIAN_POINT ( 'NONE',  ( 42.38421078556403643, 9.241953846567003694, -14.87125053813539211 ) ) ;
#1341 = FACE_OUTER_BOUND ( 'NONE', #1025, .T. ) ;
#1342 = CARTESIAN_POINT ( 'NONE',  ( 43.33070191006919458, 7.606221078056269569, -15.47537405688054513 ) ) ;
#1343 = CARTESIAN_POINT ( 'NONE',  ( 43.18718200941992791, 8.083005233358218078, 15.46738886708987337 ) ) ;
#1344 = CARTESIAN_POINT ( 'NONE',  ( 40.98541291612409054, 9.941600106024505834, -13.85714337256770889 ) ) ;
#1345 = APPROVAL_STATUS ( 'not_yet_approved' ) ;
#1346 = CARTESIAN_POINT ( 'NONE',  ( -40.45284574266047883, 10.00000000000000178, -13.47548092790633589 ) ) ;
#1347 = ADVANCED_FACE ( 'NONE', ( #189 ), #3480, .T. ) ;
#1348 = CARTESIAN_POINT ( 'NONE',  ( -41.29304784464065392, 9.793329624968007963, 14.47663107772904034 ) ) ;
#1349 = CARTESIAN_POINT ( 'NONE',  ( -42.48476051259093822, 7.513974939086739191, 16.34801059825393565 ) ) ;
#1350 = ORIENTED_EDGE ( 'NONE', *, *, #3061, .T. ) ;
#1351 = CARTESIAN_POINT ( 'NONE',  ( -43.38244451272874613, 7.243092321015417667, -15.50000000715570891 ) ) ;
#1352 = CARTESIAN_POINT ( 'NONE',  ( 40.85714337241859084, 9.941600105984452540, 13.98541291632118799 ) ) ;
#1353 = CARTESIAN_POINT ( 'NONE',  ( -42.49199766938825462, 9.141085011297676033, 14.94926664292194296 ) ) ;
#1354 = CARTESIAN_POINT ( 'NONE',  ( -40.75952364634527214, 9.956861731322495856, -13.89799120434315327 ) ) ;
#1355 = CARTESIAN_POINT ( 'NONE',  ( -42.47325136533346779, 9.160287153273273475, -14.89463077112807987 ) ) ;
#1356 = CARTESIAN_POINT ( 'NONE',  ( -43.26946485352218019, 7.174588451306925130, -15.95435456533481045 ) ) ;
#1357 = CARTESIAN_POINT ( 'NONE',  ( 41.87125053753404558, 9.241953846134531858, 15.38421078604050507 ) ) ;
#1358 = CARTESIAN_POINT ( 'NONE',  ( -42.96079567885691119, 8.491995191241372254, -15.50341328576435806 ) ) ;
#1359 = CARTESIAN_POINT ( 'NONE',  ( 42.39511385302301250, 9.215822504880502919, -15.02611806680099349 ) ) ;
#1360 = DIRECTION ( 'NONE',  ( 0.000000000000000000, 0.000000000000000000, -1.000000000000000000 ) ) ;
#1361 = CARTESIAN_POINT ( 'NONE',  ( 42.39582226435340573, 8.155840684102292570, -16.16066710901447578 ) ) ;
#1362 = CARTESIAN_POINT ( 'NONE',  ( 43.03215500259860704, 8.426058615128603435, 15.30922772374295704 ) ) ;
#1363 = CARTESIAN_POINT ( 'NONE',  ( 40.99769149611082497, 9.939339784115039933, -13.84440971371631157 ) ) ;
#1364 = CARTESIAN_POINT ( 'NONE',  ( -41.26977708458342420, 9.869848552418869048, 14.03395979159973095 ) ) ;
#1365 = CARTESIAN_POINT ( 'NONE',  ( -43.16664146745218034, 7.552932141864025617, 16.00683516738703105 ) ) ;
#1366 = ORIENTED_EDGE ( 'NONE', *, *, #3519, .F. ) ;
#1367 = CARTESIAN_POINT ( 'NONE',  ( -41.39139470631961615, 9.828315715769667449, -14.11763339665287020 ) ) ;
#1368 = CARTESIAN_POINT ( 'NONE',  ( -43.34762123730411076, 7.516284980973079399, -15.49851193138975702 ) ) ;
#1369 = CARTESIAN_POINT ( 'NONE',  ( 41.03663650211478853, 9.870568650487216544, 14.26732498451429088 ) ) ;
#1370 = CARTESIAN_POINT ( 'NONE',  ( -42.44953432488293998, 7.790101580008872872, 16.28669462001690249 ) ) ;
#1371 = CARTESIAN_POINT ( 'NONE',  ( -41.96433989597902325, 9.148200280451213473, 15.48396076727012449 ) ) ;
#1372 = CARTESIAN_POINT ( 'NONE',  ( 42.49999999999998579, 5.000000000000000000, -15.50000000000000178 ) ) ;
#1373 = CARTESIAN_POINT ( 'NONE',  ( -42.25155671840747829, 9.305549315806951327, -15.06129398235526828 ) ) ;
#1374 = CARTESIAN_POINT ( 'NONE',  ( 40.39106740344013957, 10.00000000000000000, -13.39106740344015734 ) ) ;
#1375 = CARTESIAN_POINT ( 'NONE',  ( 42.33785334310922366, 9.281803006848967641, 14.85732967307227348 ) ) ;
#1376 = CARTESIAN_POINT ( 'NONE',  ( -42.24603010902314537, 9.358383632661732676, -14.73306302030401227 ) ) ;
#1377 = CARTESIAN_POINT ( 'NONE',  ( 42.25155683427684039, 9.305549220081815065, -15.06129378481812431 ) ) ;
#1378 = DIRECTION ( 'NONE',  ( 1.000000000000000000, 0.000000000000000000, 0.000000000000000000 ) ) ;
#1379 = ADVANCED_FACE ( 'NONE', ( #3554 ), #2218, .T. ) ;
#1380 = LOCAL_TIME ( 14, 50, 7.000000000000000000, #2322 ) ;
#1381 = CARTESIAN_POINT ( 'NONE',  ( 42.46246449127955458, 7.793397569968441907, -16.28580625956050554 ) ) ;
#1382 = CARTESIAN_POINT ( 'NONE',  ( 42.22820510370616631, 8.596627619151766098, 15.93296113648450607 ) ) ;
#1383 = CARTESIAN_POINT ( 'NONE',  ( 40.45742315007464640, 10.00000000000000355, -13.47084520838403954 ) ) ;
#1384 = CARTESIAN_POINT ( 'NONE',  ( -40.56227552235520051, 9.996364305026256503, 13.51551810594210856 ) ) ;
#1385 = ORIENTED_EDGE ( 'NONE', *, *, #629, .F. ) ;
#1386 = CARTESIAN_POINT ( 'NONE',  ( -40.99362017582110695, 9.940524307078185018, -13.82901699021613950 ) ) ;
#1387 = CARTESIAN_POINT ( 'NONE',  ( 41.47701469878667524, 9.607000598089040722, -14.87864184753791363 ) ) ;
#1388 = CARTESIAN_POINT ( 'NONE',  ( 40.54657126827144964, 9.996790729523683083, 13.53100840982269304 ) ) ;
#1389 = CARTESIAN_POINT ( 'NONE',  ( -42.85187177082679710, 7.853276062331234542, 16.16046757953164459 ) ) ;
#1390 = CARTESIAN_POINT ( 'NONE',  ( -41.88963145822935985, 9.378522085130944319, 15.19845132256434184 ) ) ;
#1391 = CARTESIAN_POINT ( 'NONE',  ( -40.39106740344013247, 10.00000000000000000, -13.39106740344015556 ) ) ;
#1392 = CARTESIAN_POINT ( 'NONE',  ( -42.33785334275059853, 9.281803007157328977, -14.85732967353052736 ) ) ;
#1393 = CARTESIAN_POINT ( 'NONE',  ( 42.49999999999998579, 5.000000000000000000, -17.50000000000000000 ) ) ;
#1394 = CARTESIAN_POINT ( 'NONE',  ( 41.68761160777598462, 9.541026737527488422, 14.97474765047480538 ) ) ;
#1395 = AXIS2_PLACEMENT_3D ( 'NONE', #2856, #1473, #2566 ) ;
#1396 = CARTESIAN_POINT ( 'NONE',  ( -42.87828631674488378, 8.680343208193407989, -15.19024747675685205 ) ) ;
#1397 = CARTESIAN_POINT ( 'NONE',  ( -41.73950445581237290, 9.361500643673572597, -15.24206472573395210 ) ) ;
#1398 = AXIS2_PLACEMENT_3D ( 'NONE', #949, #2457, #1752 ) ;
#1399 = CARTESIAN_POINT ( 'NONE',  ( 43.34801059826107661, 7.513974939043772672, 15.48476051239521212 ) ) ;
#1400 = CARTESIAN_POINT ( 'NONE',  ( 43.32943092364802595, 7.610088976769027624, -15.50241900199403489 ) ) ;
#1401 = CARTESIAN_POINT ( 'NONE',  ( 42.48304227448734594, 8.487202556232260164, 15.97220279558514378 ) ) ;
#1402 = CARTESIAN_POINT ( 'NONE',  ( 40.55342264115223117, 9.996662232284242222, -13.52422781363435789 ) ) ;
#1403 = CARTESIAN_POINT ( 'NONE',  ( -40.73161512216927349, 9.981795360716750665, -13.64899031756497472 ) ) ;
#1404 = CARTESIAN_POINT ( 'NONE',  ( -40.80392161673175622, 9.972212609215874934, 13.73023705206518130 ) ) ;
#1405 = CARTESIAN_POINT ( 'NONE',  ( -43.36370192633815890, 7.342335647388139819, 15.65395449742924860 ) ) ;
#1406 = VERTEX_POINT ( 'NONE', #1741 ) ;
#1407 = CARTESIAN_POINT ( 'NONE',  ( -43.02563882175918053, 8.435265533231847357, -15.27907322386043454 ) ) ;
#1408 = CARTESIAN_POINT ( 'NONE',  ( 41.97474765013159725, 9.541026737764024546, -14.68761160810994326 ) ) ;
#1409 = CARTESIAN_POINT ( 'NONE',  ( 40.46029669516062199, 10.00000000000000000, 13.46794833680648473 ) ) ;
#1410 = CARTESIAN_POINT ( 'NONE',  ( -42.36218233548106582, 9.262162451624389448, 14.81581424039283768 ) ) ;
#1411 = CARTESIAN_POINT ( 'NONE',  ( 2.081668171172168513E-14, 10.00000000000000000, -15.50000000000005684 ) ) ;
#1412 = DIRECTION ( 'NONE',  ( -0.000000000000000000, -1.000000000000000000, -0.000000000000000000 ) ) ;
#1413 = CARTESIAN_POINT ( 'NONE',  ( 41.80321258253338357, 9.390059330983765662, 15.20103503567998260 ) ) ;
#1414 = CARTESIAN_POINT ( 'NONE',  ( -42.60713961907472935, 8.216600417274067425, 16.09561281412304723 ) ) ;
#1415 = CARTESIAN_POINT ( 'NONE',  ( -42.85449762185638889, 8.666815076076597180, -15.41821795950169083 ) ) ;
#1416 = CARTESIAN_POINT ( 'NONE',  ( -41.87736610791800018, 9.375345650619669513, -15.20811302343101268 ) ) ;
#1417 = CARTESIAN_POINT ( 'NONE',  ( 41.81560345812372503, 9.394487634134058851, -15.19215673792310284 ) ) ;
#1418 = CARTESIAN_POINT ( 'NONE',  ( 43.33070191008933136, 7.606221077952667997, 15.47537405648423281 ) ) ;
#1419 = CARTESIAN_POINT ( 'NONE',  ( 43.19136434638905797, 8.075555913880132053, -15.44301378112161771 ) ) ;
#1420 = CARTESIAN_POINT ( 'NONE',  ( 42.74676776076802298, 8.437694964509079298, 15.88351303811269233 ) ) ;
#1421 = CARTESIAN_POINT ( 'NONE',  ( -40.65398737948321894, 9.982273722513424374, -13.72662484031892483 ) ) ;
#1422 = CARTESIAN_POINT ( 'NONE',  ( -40.89416398911917838, 9.945622525246269774, 13.94916953246797142 ) ) ;
#1423 = ORIENTED_EDGE ( 'NONE', *, *, #2549, .F. ) ;
#1424 = CARTESIAN_POINT ( 'NONE',  ( -40.76812532440150960, 9.976417192169057202, -13.66507056186951452 ) ) ;
#1425 = CARTESIAN_POINT ( 'NONE',  ( 41.80004746529441206, 9.563183508917363795, -14.87685739297274345 ) ) ;
#1426 = CARTESIAN_POINT ( 'NONE',  ( 40.64297353253929401, 9.981176790769398011, 13.73762081271706137 ) ) ;
#1427 = CARTESIAN_POINT ( 'NONE',  ( -41.32618230972741458, 9.850849516343727075, -14.13345270990553004 ) ) ;
#1428 = CARTESIAN_POINT ( 'NONE',  ( -42.35823318287387451, 9.265601889620118214, 14.82277333362488925 ) ) ;
#1429 = CARTESIAN_POINT ( 'NONE',  ( 41.49128522424101106, 9.791162335345481083, -14.18995721250650099 ) ) ;
#1430 = ADVANCED_FACE ( 'NONE', ( #2045 ), #2916, .T. ) ;
#1431 = CARTESIAN_POINT ( 'NONE',  ( 41.09542363814541233, 9.840503873545307201, 14.36070354260592907 ) ) ;
#1432 = CARTESIAN_POINT ( 'NONE',  ( 42.09870283678453262, 9.403825594051129499, 15.01011150688557372 ) ) ;
#1433 = CARTESIAN_POINT ( 'NONE',  ( -43.16269811291480352, 8.151706975528508536, 15.38382917481879097 ) ) ;
#1434 = CARTESIAN_POINT ( 'NONE',  ( -42.29817790649008202, 8.421562467471256141, -16.03485124028322062 ) ) ;
#1435 = CARTESIAN_POINT ( 'NONE',  ( -41.80321258291188968, 9.390059331237470275, -15.20103503535203693 ) ) ;
#1436 = ORIENTED_EDGE ( 'NONE', *, *, #742, .F. ) ;
#1437 = CARTESIAN_POINT ( 'NONE',  ( 41.90509701825217803, 9.302010356939304003, -15.30776436591262524 ) ) ;
#1438 = CARTESIAN_POINT ( 'NONE',  ( 42.92332950765055699, 8.609834275656989888, -15.25874812684653037 ) ) ;
#1439 = CARTESIAN_POINT ( 'NONE',  ( 42.28734648474897995, 8.722421420438553952, 15.84294740866447349 ) ) ;
#1440 = CARTESIAN_POINT ( 'NONE',  ( -40.97329185199438228, 9.943256423862550264, 13.86958768821296850 ) ) ;
#1441 = APPROVAL_PERSON_ORGANIZATION ( #718, #181, #1549 ) ;
#1442 = CARTESIAN_POINT ( 'NONE',  ( -41.26732496620203250, 9.870568655844605743, -14.03663652474816281 ) ) ;
#1443 = CARTESIAN_POINT ( 'NONE',  ( 43.38691631442497254, 7.157765261608864726, -15.51449161034911128 ) ) ;
#1444 = CARTESIAN_POINT ( 'NONE',  ( -42.07655170345564954, 9.483243237105982715, -14.61164066617339152 ) ) ;
#1445 = CARTESIAN_POINT ( 'NONE',  ( 41.72387481469338155, 9.480396907962465036, -15.07503045392616059 ) ) ;
#1446 = CARTESIAN_POINT ( 'NONE',  ( 40.67467324082696223, 9.983466512959592976, 13.70592993449998609 ) ) ;
#1447 = CARTESIAN_POINT ( 'NONE',  ( -42.31691758940446846, 9.297120278441072472, 14.89166721311951846 ) ) ;
#1448 = CARTESIAN_POINT ( 'NONE',  ( 42.49999999999998579, 5.000000000000000000, 16.50000000000000000 ) ) ;
#1449 = CARTESIAN_POINT ( 'NONE',  ( 41.41167801536107618, 9.651356278394016996, 14.79813395837067702 ) ) ;
#1450 = CARTESIAN_POINT ( 'NONE',  ( 41.83301441974992940, 9.359989860500100178, 15.23987174609012207 ) ) ;
#1451 = CARTESIAN_POINT ( 'NONE',  ( -41.79118505460088073, 9.654955332498136755, -14.42048565185482190 ) ) ;
#1452 = CARTESIAN_POINT ( 'NONE',  ( -42.30922772417984135, 8.426058615367244542, 16.03215500247093672 ) ) ;
#1453 = CARTESIAN_POINT ( 'NONE',  ( -42.79792227942283489, 8.749361077365556127, -15.37224677401912132 ) ) ;
#1454 = CARTESIAN_POINT ( 'NONE',  ( -41.83301442014182925, 9.359989860756973812, -15.23987174576895143 ) ) ;
#1455 = VERTEX_POINT ( 'NONE', #1476 ) ;
#1456 = CARTESIAN_POINT ( 'NONE',  ( 41.92992491558838708, 9.426327150587351156, -15.10307905683647434 ) ) ;
#1457 = DIRECTION ( 'NONE',  ( 0.000000000000000000, 0.000000000000000000, -1.000000000000000000 ) ) ;
#1458 = CARTESIAN_POINT ( 'NONE',  ( 42.53215300072651672, 8.695317089192633020, -15.78619515627436520 ) ) ;
#1459 = CARTESIAN_POINT ( 'NONE',  ( 42.65282349801428552, 8.961648146431851814, 15.16806227922202233 ) ) ;
#1460 = CARTESIAN_POINT ( 'NONE',  ( -40.87309868445665728, 9.943594448341521286, 13.96984572609628650 ) ) ;
#1461 = PRODUCT_DEFINITION ( 'UNKNOWN', '', #3486, #1293 ) ;
#1462 = DIRECTION ( 'NONE',  ( 1.000000000000000000, 0.000000000000000000, 0.000000000000000000 ) ) ;
#1463 = CARTESIAN_POINT ( 'NONE',  ( 43.32884453259891444, 7.532391476196409030, 15.66397775758872335 ) ) ;
#1464 = CARTESIAN_POINT ( 'NONE',  ( 41.76003119033914146, 9.558333986119448511, -14.91369880693575567 ) ) ;
#1465 = CARTESIAN_POINT ( 'NONE',  ( 40.64397908167251217, 9.981285794666749922, 13.73661751849932067 ) ) ;
#1466 = CARTESIAN_POINT ( 'NONE',  ( -42.10307920815228755, 9.426327065952081696, 14.92992472160973705 ) ) ;
#1467 = CARTESIAN_POINT ( 'NONE',  ( 40.90235319692822458, 9.956111686977754616, -13.76269339381268964 ) ) ;
#1468 = CARTESIAN_POINT ( 'NONE',  ( 42.10032105708472727, 8.835910733555596863, 15.76575768140973288 ) ) ;
#1469 = CARTESIAN_POINT ( 'NONE',  ( 41.76089522273096577, 9.327168560188628277, 15.28504757532602731 ) ) ;
#1470 = CARTESIAN_POINT ( 'NONE',  ( -42.38708897098399575, 8.351769165254854244, 16.06879892075211913 ) ) ;
#1471 = CARTESIAN_POINT ( 'NONE',  ( -42.57152082840964624, 9.061104166955363581, -14.97456620397256444 ) ) ;
#1472 = CARTESIAN_POINT ( 'NONE',  ( -42.03929468572775363, 9.508421828087833205, -14.60159774791812204 ) ) ;
#1473 = DIRECTION ( 'NONE',  ( 0.000000000000000000, 1.000000000000000000, -0.000000000000000000 ) ) ;
#1474 = CARTESIAN_POINT ( 'NONE',  ( 42.74676777199302080, 8.437694967018293468, -15.88351303053435082 ) ) ;
#1475 = CARTESIAN_POINT ( 'NONE',  ( 42.07784393387100152, 9.062609942603726765, 15.56462406094330930 ) ) ;
#1476 = CARTESIAN_POINT ( 'NONE',  ( 43.38695600770381589, 7.157007868729673206, -15.50000000000000178 ) ) ;
#1477 = CARTESIAN_POINT ( 'NONE',  ( 43.38651805434076891, 7.158503800971349307, -15.52898204095813384 ) ) ;
#1478 = CARTESIAN_POINT ( 'NONE',  ( 43.34801059826107661, 7.513974939043772672, 15.48476051239521212 ) ) ;
#1479 = CARTESIAN_POINT ( 'NONE',  ( 41.20965309629117002, 9.861471082903062069, -14.25356871173861606 ) ) ;
#1480 = APPLICATION_PROTOCOL_DEFINITION ( 'international standard', 'config_control_design', 1994, #1333 ) ;
#1481 = CARTESIAN_POINT ( 'NONE',  ( -41.61965693075048023, 9.738570170246555691, 14.29500691125979195 ) ) ;
#1482 = CARTESIAN_POINT ( 'NONE',  ( 41.63682132711458195, 9.729534750239830387, -14.29509703326387005 ) ) ;
#1483 = CARTESIAN_POINT ( 'NONE',  ( -42.28504757502780365, 9.327168560431328359, 14.76089522311701430 ) ) ;
#1484 = CARTESIAN_POINT ( 'NONE',  ( 41.28744155141408356, 9.735774144008084718, 14.62600353095245609 ) ) ;
#1485 = CARTESIAN_POINT ( 'NONE',  ( -42.92987583379199634, 8.601122007472971731, 15.23840319923530373 ) ) ;
#1486 = CARTESIAN_POINT ( 'NONE',  ( 43.38695600770386562, 7.157007868728832101, 15.49999999999999467 ) ) ;
#1487 = CARTESIAN_POINT ( 'NONE',  ( -41.68761160803899202, 9.541026737718445005, -14.97474765019494036 ) ) ;
#1488 = EDGE_LOOP ( 'NONE', ( #2042, #417, #635 ) ) ;
#1489 = CARTESIAN_POINT ( 'NONE',  ( 43.03215499689837031, 8.426058625169284610, -15.30922775180543027 ) ) ;
#1490 = CARTESIAN_POINT ( 'NONE',  ( 42.60072498173436628, 9.029536958014970693, 15.00594602454892623 ) ) ;
#1491 = EDGE_CURVE ( 'NONE', #1688, #2314, #818, .T. ) ;
#1492 = CARTESIAN_POINT ( 'NONE',  ( -40.39106740344016089, 10.00000000000000000, 13.39106740344014845 ) ) ;
#1493 = CARTESIAN_POINT ( 'NONE',  ( 43.04155424976188016, 7.262212907605367640, -16.20499361064445054 ) ) ;
#1494 = CARTESIAN_POINT ( 'NONE',  ( 42.65812224204987047, 7.250897078920033323, 16.37280578201344383 ) ) ;
#1495 = CARTESIAN_POINT ( 'NONE',  ( 41.61326624452477319, 9.741226534957833749, -14.30255553565631033 ) ) ;
#1496 = APPROVAL_ROLE ( '' ) ;
#1497 = CARTESIAN_POINT ( 'NONE',  ( -41.47701469858169787, 9.607000597983232026, 14.87864184772416465 ) ) ;
#1498 = CARTESIAN_POINT ( 'NONE',  ( 42.49999999999998579, 0.000000000000000000, 17.50000000000000000 ) ) ;
#1499 = AXIS2_PLACEMENT_3D ( 'NONE', #3417, #2863, #3216 ) ;
#1500 = CARTESIAN_POINT ( 'NONE',  ( -40.56227552235520051, 9.996364305026256503, 13.51551810594210856 ) ) ;
#1501 = CARTESIAN_POINT ( 'NONE',  ( 41.61965690762178127, 9.738570180197230641, 14.29500693553923263 ) ) ;
#1502 = CARTESIAN_POINT ( 'NONE',  ( -41.77714561500489054, 9.661796423458403282, -14.43805751296171103 ) ) ;
#1503 = CARTESIAN_POINT ( 'NONE',  ( -41.98989844310472819, 9.021606218094072815, 15.60819686491196734 ) ) ;
#1504 = CARTESIAN_POINT ( 'NONE',  ( -42.31269420645814705, 8.339343279987811997, -16.07552951714620804 ) ) ;
#1505 = CARTESIAN_POINT ( 'NONE',  ( -42.37748492791760668, 8.932484484796304969, -15.61177885714984725 ) ) ;
#1506 = VERTEX_POINT ( 'NONE', #1296 ) ;
#1507 = EDGE_CURVE ( 'NONE', #2077, #1406, #1870, .T. ) ;
#1508 = CARTESIAN_POINT ( 'NONE',  ( 43.03732712338777588, 8.416931719205200224, -15.28710246092319736 ) ) ;
#1509 = CARTESIAN_POINT ( 'NONE',  ( 42.49870760922250668, 9.014195612594228635, 15.38519300666645329 ) ) ;
#1510 = CARTESIAN_POINT ( 'NONE',  ( -40.39106740344016089, 10.00000000000000000, 13.39106740344014845 ) ) ;
#1511 = CARTESIAN_POINT ( 'NONE',  ( 42.51449160947997541, 7.157765261563440617, -16.38691631442737062 ) ) ;
#1512 = CARTESIAN_POINT ( 'NONE',  ( 42.98805806991040157, 7.654977587244077952, 16.14637483069408219 ) ) ;
#1513 = CARTESIAN_POINT ( 'NONE',  ( 41.25356895566284265, 9.861471069850173521, -14.20965284507815873 ) ) ;
#1514 = CIRCLE ( 'NONE', #2315, 2.000000000000000000 ) ;
#1515 = CARTESIAN_POINT ( 'NONE',  ( -42.00398799506658065, 9.529065493457146374, 14.65050539668779805 ) ) ;
#1516 = CARTESIAN_POINT ( 'NONE',  ( 42.49999999999998579, 7.157007868728830324, 16.38695600770387628 ) ) ;
#1517 = CARTESIAN_POINT ( 'NONE',  ( -42.51449161034910418, 7.157765261608864726, -16.38691631442499030 ) ) ;
#1518 = CARTESIAN_POINT ( 'NONE',  ( 41.87501455988874710, 9.608985857365528460, 14.48175430876427683 ) ) ;
#1519 = CARTESIAN_POINT ( 'NONE',  ( -42.70465152952274934, 8.912317187564198662, 15.05764728273653574 ) ) ;
#1520 = CARTESIAN_POINT ( 'NONE',  ( 41.53798033875231965, 9.773784250768416726, 14.22379243971591123 ) ) ;
#1521 = CARTESIAN_POINT ( 'NONE',  ( -42.10032105769852251, 8.835910733935785188, -15.76575768111650255 ) ) ;
#1522 = CARTESIAN_POINT ( 'NONE',  ( -41.87864184763044051, 9.607000598036439243, -14.47701469868436419 ) ) ;
#1523 = ORIENTED_EDGE ( 'NONE', *, *, #2827, .T. ) ;
#1524 = CARTESIAN_POINT ( 'NONE',  ( 42.88135752367549713, 8.675777915351053693, -15.18049096843728307 ) ) ;
#1525 = CARTESIAN_POINT ( 'NONE',  ( 42.13593166709787852, 8.852726083042194105, 15.75146212987847960 ) ) ;
#1526 = CARTESIAN_POINT ( 'NONE',  ( -41.26712752139516738, 9.753864627985949554, 14.59775043403420192 ) ) ;
#1527 = CARTESIAN_POINT ( 'NONE',  ( -40.93547680650308962, 9.946253396613171205, -13.90796942202247699 ) ) ;
#1528 = CARTESIAN_POINT ( 'NONE',  ( 43.37388189958090834, 7.332410560572826697, 15.49707348769612913 ) ) ;
#1529 = CARTESIAN_POINT ( 'NONE',  ( 41.08386293362983821, 9.880828079858975599, -14.22328767287429230 ) ) ;
#1530 = CARTESIAN_POINT ( 'NONE',  ( 40.39106740344013957, 10.00000000000000000, 13.39106740344015556 ) ) ;
#1531 = CARTESIAN_POINT ( 'NONE',  ( -41.29500693577683279, 9.738570180313002922, 14.61965690736362333 ) ) ;
#1532 = CARTESIAN_POINT ( 'NONE',  ( 40.39106740344013957, 10.00000000000000000, 13.39106740344015378 ) ) ;
#1533 = CARTESIAN_POINT ( 'NONE',  ( -43.04438575757318830, 7.176187423167830204, -16.20853794999095854 ) ) ;
#1534 = CARTESIAN_POINT ( 'NONE',  ( 41.29500691101764431, 9.738570170132110349, 14.61965693100679431 ) ) ;
#1535 = CARTESIAN_POINT ( 'NONE',  ( -42.00594602497382368, 9.029536958284975157, 15.60072498148651476 ) ) ;
#1536 = EDGE_CURVE ( 'NONE', #549, #2024, #882, .T. ) ;
#1537 = CARTESIAN_POINT ( 'NONE',  ( 41.62600353095197647, 9.735774144008301434, 14.28744155141444239 ) ) ;
#1538 = CARTESIAN_POINT ( 'NONE',  ( -42.47537405680155587, 7.606221078035611427, -16.33070191007321625 ) ) ;
#1539 = ORIENTED_EDGE ( 'NONE', *, *, #3228, .T. ) ;
#1540 = FACE_OUTER_BOUND ( 'NONE', #853, .T. ) ;
#1541 = CARTESIAN_POINT ( 'NONE',  ( -43.12967958916143374, 8.197364518711266257, -15.52682095701752907 ) ) ;
#1542 = CARTESIAN_POINT ( 'NONE',  ( -40.39106740344016089, 10.00000000000000000, 15.49999999999999112 ) ) ;
#1543 = CARTESIAN_POINT ( 'NONE',  ( 42.27616709403980622, 8.906058957518153463, -15.67918670923682711 ) ) ;
#1544 = CARTESIAN_POINT ( 'NONE',  ( 41.90947791711408854, 9.167608578857359802, 15.46543662646961792 ) ) ;
#1545 = CARTESIAN_POINT ( 'NONE',  ( -40.75576683544645817, 9.957743367267308798, 13.89282163840418427 ) ) ;
#1546 = CARTESIAN_POINT ( 'NONE',  ( 43.14637483082601932, 7.654977587262934868, -15.98805806996218415 ) ) ;
#1547 = CARTESIAN_POINT ( 'NONE',  ( 42.48387494247253926, 7.894085781958214199, 16.25417928742867346 ) ) ;
#1548 = CARTESIAN_POINT ( 'NONE',  ( 41.53195570426074568, 9.776213651892174283, -14.23079908596072052 ) ) ;
#1549 = APPROVAL_ROLE ( '' ) ;
#1550 = CARTESIAN_POINT ( 'NONE',  ( -41.76003119032591826, 9.558333986011389172, 14.91369880706815643 ) ) ;
#1551 = DIRECTION ( 'NONE',  ( -0.000000000000000000, -1.000000000000000000, -0.000000000000000000 ) ) ;
#1552 = CARTESIAN_POINT ( 'NONE',  ( -42.50000000000000711, 5.000000000000000000, -16.50000000000000000 ) ) ;
#1553 = CARTESIAN_POINT ( 'NONE',  ( 41.72537048927241443, 9.653509424291947028, 14.65629394495921822 ) ) ;
#1554 = CARTESIAN_POINT ( 'NONE',  ( -42.59288938803555169, 9.037084839888018806, 15.02194843045187689 ) ) ;
#1555 = CARTESIAN_POINT ( 'NONE',  ( 42.04697616118276926, 9.503463297498734974, 14.59064781820707246 ) ) ;
#1556 = CARTESIAN_POINT ( 'NONE',  ( -42.50140916910070388, 7.800895704093717242, -16.28170914699252236 ) ) ;
#1557 = CARTESIAN_POINT ( 'NONE',  ( -42.46543657974666530, 9.167608623966188475, -14.90947800752235963 ) ) ;
#1558 = ORIENTED_EDGE ( 'NONE', *, *, #561, .T. ) ;
#1559 = CARTESIAN_POINT ( 'NONE',  ( -43.38695600770388694, 7.157007868728832101, 15.49999999999999467 ) ) ;
#1560 = CARTESIAN_POINT ( 'NONE',  ( 42.53064645457613580, 9.081897935905983488, -15.13277593660214571 ) ) ;
#1561 = CARTESIAN_POINT ( 'NONE',  ( -41.78263813149520445, 9.301409785151694365, 15.31556607461195973 ) ) ;
#1562 = CARTESIAN_POINT ( 'NONE',  ( -40.81011405668553493, 9.971649020008900521, -13.72400063017518868 ) ) ;
#1563 = CARTESIAN_POINT ( 'NONE',  ( 42.52565042037043241, 7.334309440442834394, -16.37333166476071256 ) ) ;
#1564 = CARTESIAN_POINT ( 'NONE',  ( 42.40642107964890783, 8.064367445209507324, 16.19733992592389171 ) ) ;
#1565 = CARTESIAN_POINT ( 'NONE',  ( 40.92937038608413758, 9.923299372081411107, -14.06829838770697094 ) ) ;
#1566 = CALENDAR_DATE ( 2025, 17, 8 ) ;
#1567 = CARTESIAN_POINT ( 'NONE',  ( -40.53100839504027419, 9.996790729501809025, -13.54657128108611630 ) ) ;
#1568 = CARTESIAN_POINT ( 'NONE',  ( -41.09837837517247294, 9.841401589856809906, 14.35805347892266859 ) ) ;
#1569 = CARTESIAN_POINT ( 'NONE',  ( -42.50000000000000711, 5.000000000000000000, -16.50000000000000000 ) ) ;
#1570 = CARTESIAN_POINT ( 'NONE',  ( 40.93547680655785115, 9.946253396592316776, 13.90796942201763819 ) ) ;
#1571 = CARTESIAN_POINT ( 'NONE',  ( -42.76575768118988918, 8.835910733840650622, 15.10032105754508436 ) ) ;
#1572 = CARTESIAN_POINT ( 'NONE',  ( 40.47572726883627325, 10.00000000000000000, 13.45260328930240945 ) ) ;
#1573 = CARTESIAN_POINT ( 'NONE',  ( -42.00187193054738799, 9.165137037954549371, -15.46318024937516000 ) ) ;
#1574 = CARTESIAN_POINT ( 'NONE',  ( -43.38501096706171012, 7.159941747680339752, 15.55792678594110789 ) ) ;
#1575 = CARTESIAN_POINT ( 'NONE',  ( -42.45848421136913231, 7.888001577408896736, -16.25755472990383765 ) ) ;
#1576 = CARTESIAN_POINT ( 'NONE',  ( -40.39106740344013247, 10.00000000000000000, -13.39106740344015556 ) ) ;
#1577 = CARTESIAN_POINT ( 'NONE',  ( 41.96669246728108504, 9.057149120115749241, -15.57524607034671504 ) ) ;
#1578 = CARTESIAN_POINT ( 'NONE',  ( -44.50000000000001421, 5.000000000000000000, 15.50000000000000000 ) ) ;
#1579 = EDGE_CURVE ( 'NONE', #3044, #876, #782, .T. ) ;
#1580 = CARTESIAN_POINT ( 'NONE',  ( 42.89437773120858566, 7.650670504901246005, -16.21092914774514782 ) ) ;
#1581 = CARTESIAN_POINT ( 'NONE',  ( 42.46246450277453022, 7.793397574679394424, 16.28580625830057826 ) ) ;
#1582 = CARTESIAN_POINT ( 'NONE',  ( 40.89416398914600848, 9.945622525256828439, -13.94916953243516389 ) ) ;
#1583 = CARTESIAN_POINT ( 'NONE',  ( -40.52422781362419357, 9.996662232283764382, -13.55342264116118045 ) ) ;
#1584 = CARTESIAN_POINT ( 'NONE',  ( -41.09424542785200885, 9.917831340965214793, 13.90210608051947894 ) ) ;
#1585 = DIRECTION ( 'NONE',  ( 1.000000000000000000, 0.000000000000000000, 0.000000000000000000 ) ) ;
#1586 = CARTESIAN_POINT ( 'NONE',  ( -43.34304082110369194, 7.522963449347696674, -15.56760437080619219 ) ) ;
#1587 = CARTESIAN_POINT ( 'NONE',  ( 40.90634608506266545, 9.918767152450103097, 14.09023218449101478 ) ) ;
#1588 = CARTESIAN_POINT ( 'NONE',  ( -42.32237773962017968, 9.241484262734109834, 15.12351300588386138 ) ) ;
#1589 = CARTESIAN_POINT ( 'NONE',  ( 43.17401466852270886, 8.121605546212698812, -15.37788554266719920 ) ) ;
#1590 = CARTESIAN_POINT ( 'NONE',  ( -42.37342483949569072, 9.151456141487518181, -15.26776036701381578 ) ) ;
#1591 = CARTESIAN_POINT ( 'NONE',  ( -42.68779891424382100, 7.166001621521207454, 16.37076811982709756 ) ) ;
#1592 = CARTESIAN_POINT ( 'NONE',  ( 42.66237188704158712, 8.955545792519128412, -15.15122779453995960 ) ) ;
#1593 = CARTESIAN_POINT ( 'NONE',  ( -43.25889166838136646, 7.885216059980329817, 15.44574748417086951 ) ) ;
#1594 = CARTESIAN_POINT ( 'NONE',  ( -42.50000000000000711, 0.000000000000000000, -17.50000000000000000 ) ) ;
#1595 = CARTESIAN_POINT ( 'NONE',  ( 43.16269811614763086, 8.151706967872907938, 15.38382915489009051 ) ) ;
#1596 = CARTESIAN_POINT ( 'NONE',  ( 41.26977708444742632, 9.869848552460149804, -14.03395979171478380 ) ) ;
#1597 = CARTESIAN_POINT ( 'NONE',  ( -41.17428873983695325, 9.886453525161115863, 14.13459583465130898 ) ) ;
#1598 = CARTESIAN_POINT ( 'NONE',  ( -43.27868485545491239, 7.638270185803344603, -15.74264680009792450 ) ) ;
#1599 = CARTESIAN_POINT ( 'NONE',  ( 41.24039482225373376, 9.877684983488695281, 14.06578241980746924 ) ) ;
#1600 = CARTESIAN_POINT ( 'NONE',  ( -41.96669246699093492, 9.057149119928011416, 15.57524607052344479 ) ) ;
#1601 = LINE ( 'NONE', #1083, #1681 ) ;
#1602 = CARTESIAN_POINT ( 'NONE',  ( -42.48669447240138908, 9.120199581751645468, -15.12150103179475735 ) ) ;
#1603 = CARTESIAN_POINT ( 'NONE',  ( -43.36080574673211174, 7.168195266495894558, -15.74108410764254629 ) ) ;
#1604 = CARTESIAN_POINT ( 'NONE',  ( 42.30891738876873376, 9.216900831589786236, 15.20740608684518058 ) ) ;
#1605 = CARTESIAN_POINT ( 'NONE',  ( -43.16445241981589476, 8.147451285060645532, -15.37181668996940154 ) ) ;
#1606 = CIRCLE ( 'NONE', #1722, 2.000000000000000000 ) ;
#1607 = CARTESIAN_POINT ( 'NONE',  ( 42.42967835583087322, 9.183251507235423716, -15.05330589726068524 ) ) ;
#1608 = CARTESIAN_POINT ( 'NONE',  ( -42.46738886742721775, 8.083005233526817435, 16.18718200935274965 ) ) ;
#1609 = FACE_OUTER_BOUND ( 'NONE', #151, .T. ) ;
#1610 = CARTESIAN_POINT ( 'NONE',  ( 42.60713961921756976, 8.216600417302904802, -16.09561281408052835 ) ) ;
#1611 = CARTESIAN_POINT ( 'NONE',  ( 42.96592407824715565, 8.252409554377402756, 15.82281487697142985 ) ) ;
#1612 = CARTESIAN_POINT ( 'NONE',  ( 40.66287429311351076, 9.982866673606476837, -13.71773574981866695 ) ) ;
#1613 = CARTESIAN_POINT ( 'NONE',  ( -41.09223680217721153, 9.918307533817603883, 13.90423021010927940 ) ) ;
#1614 = EDGE_LOOP ( 'NONE', ( #2780, #3132, #2803, #2368 ) ) ;
#1615 = CARTESIAN_POINT ( 'NONE',  ( -42.51238898816670542, 7.517056825912278306, -16.34704181255019506 ) ) ;
#1616 = CARTESIAN_POINT ( 'NONE',  ( 41.04197129662585297, 9.871958548526690080, 14.26242347458972404 ) ) ;
#1617 = CARTESIAN_POINT ( 'NONE',  ( -42.55648344760470536, 7.617497086460773836, 16.32484631834865141 ) ) ;
#1618 = CARTESIAN_POINT ( 'NONE',  ( -42.12351319222687351, 9.241484358145219957, 15.32237764963340965 ) ) ;
#1619 = CARTESIAN_POINT ( 'NONE',  ( 43.10473675710630914, 8.279545747933239497, -15.33221980720058220 ) ) ;
#1620 = CARTESIAN_POINT ( 'NONE',  ( -42.56767925335660152, 9.064933219826786015, -14.98242539431893050 ) ) ;
#1621 = FACE_OUTER_BOUND ( 'NONE', #3225, .T. ) ;
#1622 = CARTESIAN_POINT ( 'NONE',  ( 42.40029963032311144, 9.228371414704657383, 14.84290105432511986 ) ) ;
#1623 = CARTESIAN_POINT ( 'NONE',  ( -42.25874812670302560, 8.609834275573732043, -15.92332950770368072 ) ) ;
#1624 = CARTESIAN_POINT ( 'NONE',  ( 41.93903515058945430, 9.181535180780389993, -15.44925675371098173 ) ) ;
#1625 = CARTESIAN_POINT ( 'NONE',  ( -41.79095654803909810, 9.291556008148791790, 15.32724841792244419 ) ) ;
#1626 = CARTESIAN_POINT ( 'NONE',  ( 42.96592407054135521, 8.252409556203264884, -15.82281488790275148 ) ) ;
#1627 = CARTESIAN_POINT ( 'NONE',  ( 42.79792227958602524, 8.749361077091778682, 15.37224677363733250 ) ) ;
#1628 = CARTESIAN_POINT ( 'NONE',  ( 40.67467330494657318, 9.983466514917802570, -13.70592987735814106 ) ) ;
#1629 = PERSON_AND_ORGANIZATION ( #3521, #1662 ) ;
#1630 = CARTESIAN_POINT ( 'NONE',  ( -41.25356895563901105, 9.861471069865752170, 14.20965284500515224 ) ) ;
#1631 = CARTESIAN_POINT ( 'NONE',  ( -42.56760437069706882, 7.522963449348343268, 16.34304082109889933 ) ) ;
#1632 = ORIENTED_EDGE ( 'NONE', *, *, #1057, .T. ) ;
#1633 = CARTESIAN_POINT ( 'NONE',  ( 43.38651805434952990, 7.158503800891202751, 15.52898203942011612 ) ) ;
#1634 = CARTESIAN_POINT ( 'NONE',  ( -43.37388189957926699, 7.332410560591121396, -15.49707348783285710 ) ) ;
#1635 = B_SPLINE_CURVE_WITH_KNOTS ( 'NONE', 3,
 ( #281, #1993, #1707, #2482, #1424, #550, #608, #3063, #2207, #842, #2760, #339, #1386, #1650, #1689, #1114, #1136, #3341, #1367, #3122, #9, #1152, #2804, #2822, #1444, #2246, #569, #1938, #3595, #885, #3377, #1669, #1975, #2781, #27, #864, #304, #3104, #1407, #2501, #825, #66, #2226, #2536, #2742 ),
 .UNSPECIFIED., .F., .F.,
 ( 4, 2, 2, 1, 1, 1, 2, 2, 2, 1, 1, 1, 2, 2, 2, 2, 1, 1, 1, 2, 2, 2, 2, 1, 1, 2, 2, 4 ),
 ( 0.000000000000000000, 0.06249999999999521216, 0.09374999999999311662, 0.1093749999999916456, 0.1171874999999909933, 0.1210937499999883010, 0.1230468749999889533, 0.1249999999999896055, 0.1874999999999733269, 0.2187499999999668598, 0.2343749999999640565, 0.2421874999999609479, 0.2460937499999612810, 0.2499999999999616140, 0.3750000000000051625, 0.4375000000000252021, 0.4687500000000361933, 0.4843750000000404676, 0.4921875000000431877, 0.4960937500000445199, 0.5000000000000458522, 0.6250000000000387468, 0.6875000000000357492, 0.7187500000000330846, 0.7343750000000313083, 0.7421875000000305311, 0.7500000000000296430, 1.000000000000000000 ),
 .UNSPECIFIED. ) ;
#1636 = CARTESIAN_POINT ( 'NONE',  ( 41.06829838792026521, 9.923299372031502585, 13.92937038592339682 ) ) ;
#1637 = CARTESIAN_POINT ( 'NONE',  ( -43.32713861990184512, 7.613793036795452274, 15.52945123986257236 ) ) ;
#1638 = CARTESIAN_POINT ( 'NONE',  ( -42.35511414028107424, 9.264331450284116087, 14.92054588930805537 ) ) ;
#1639 = CARTESIAN_POINT ( 'NONE',  ( 42.49999999999998579, 5.000000000000000000, 17.50000000000000000 ) ) ;
#1640 = CARTESIAN_POINT ( 'NONE',  ( 40.47572726869344706, 10.00000000000000000, -13.45260328947658834 ) ) ;
#1641 = CARTESIAN_POINT ( 'NONE',  ( 42.38472281143876330, 9.219488637055771818, 15.04003196226237549 ) ) ;
#1642 = CARTESIAN_POINT ( 'NONE',  ( 41.85711417310432125, 9.235333203814484193, -15.39237095371621855 ) ) ;
#1643 = CARTESIAN_POINT ( 'NONE',  ( 42.49999999999998579, 5.000000000000000000, -15.50000000000000178 ) ) ;
#1644 = CARTESIAN_POINT ( 'NONE',  ( 42.47547976261936498, 7.795617670116294029, -16.28469165685200792 ) ) ;
#1645 = CARTESIAN_POINT ( 'NONE',  ( 43.01049245893565143, 8.399523448538978698, 15.54220595832992835 ) ) ;
#1646 = CARTESIAN_POINT ( 'NONE',  ( 40.47474381904616081, 10.00000000000000000, -13.45357179616671495 ) ) ;
#1647 = CARTESIAN_POINT ( 'NONE',  ( -40.73561583315128587, 9.981390827806448485, 13.64498273904107251 ) ) ;
#1648 = ADVANCED_FACE ( 'NONE', ( #2663 ), #750, .T. ) ;
#1649 = ORIENTED_EDGE ( 'NONE', *, *, #2726, .F. ) ;
#1650 = CARTESIAN_POINT ( 'NONE',  ( -41.08515016848016899, 9.919950353835012891, -13.89545673917851509 ) ) ;
#1651 = CARTESIAN_POINT ( 'NONE',  ( 41.56588680799568181, 9.637523407929508679, -14.80685384889266309 ) ) ;
#1652 = CARTESIAN_POINT ( 'NONE',  ( 40.82389516942379259, 9.969972642438365895, 13.71006960291595433 ) ) ;
#1653 = CARTESIAN_POINT ( 'NONE',  ( -42.50241899005509794, 7.610088972731698043, 16.32943092466469182 ) ) ;
#1654 = CARTESIAN_POINT ( 'NONE',  ( -42.24603010912205292, 9.358383632584041933, 14.73306302017696368 ) ) ;
#1655 = CARTESIAN_POINT ( 'NONE',  ( 42.95437695786013421, 7.174589802506905478, 16.26945154780701586 ) ) ;
#1656 = CARTESIAN_POINT ( 'NONE',  ( -41.90947791764601504, 9.167608579209124642, -15.46543662610146797 ) ) ;
#1657 = CARTESIAN_POINT ( 'NONE',  ( 40.39106740344013957, 10.00000000000000000, -13.39106740344015556 ) ) ;
#1658 = CARTESIAN_POINT ( 'NONE',  ( 41.93841770851684458, 9.313482528817228712, 15.28447616500491790 ) ) ;
#1659 = CARTESIAN_POINT ( 'NONE',  ( -42.83500575412278266, 8.530660438190366790, -15.70164389262627935 ) ) ;
#1660 = CARTESIAN_POINT ( 'NONE',  ( 41.89463077126671209, 9.160287153364869539, -15.47325136523847888 ) ) ;
#1661 = CARTESIAN_POINT ( 'NONE',  ( -42.50000000000000711, 7.157007868728831212, 16.38695600770387628 ) ) ;
#1662 = ORGANIZATION ( 'UNSPECIFIED', 'UNSPECIFIED', '' ) ;
#1663 = CARTESIAN_POINT ( 'NONE',  ( 43.25417928736609952, 7.894085782163400289, -15.48387494301181277 ) ) ;
#1664 = CARTESIAN_POINT ( 'NONE',  ( 42.40814667945714689, 8.464350351267892592, 16.00443756236051840 ) ) ;
#1665 = CARTESIAN_POINT ( 'NONE',  ( 40.46220572364032364, 10.00000000000000000, -13.46603153417384213 ) ) ;
#1666 = CARTESIAN_POINT ( 'NONE',  ( -40.70879361292560361, 9.969801995824893126, -13.82515518998818216 ) ) ;
#1667 = CARTESIAN_POINT ( 'NONE',  ( -40.72662484033986630, 9.982273722510742076, 13.65398737946701679 ) ) ;
#1668 = ORIENTED_EDGE ( 'NONE', *, *, #2992, .T. ) ;
#1669 = CARTESIAN_POINT ( 'NONE',  ( -42.33784740939753277, 9.282561878519672405, -14.79850069230490739 ) ) ;
#1670 = CARTESIAN_POINT ( 'NONE',  ( 42.00398799489983759, 9.529065493565866518, -14.65050539685375952 ) ) ;
#1671 = CARTESIAN_POINT ( 'NONE',  ( 40.51551810605411674, 9.996364305024524555, 13.56227552229308486 ) ) ;
#1672 = CARTESIAN_POINT ( 'NONE',  ( -41.82884523513498465, 9.508622334185508507, 14.99007734245512857 ) ) ;
#1673 = APPROVAL ( #1345, 'UNSPECIFIED' ) ;
#1674 = CARTESIAN_POINT ( 'NONE',  ( 42.08069809658793758, 9.485531860866839082, -14.61469292593996094 ) ) ;
#1675 = CARTESIAN_POINT ( 'NONE',  ( -42.11197273149637255, 9.312406585577175377, -15.20706149441264721 ) ) ;
#1676 = CARTESIAN_POINT ( 'NONE',  ( 43.49999999999998579, 5.000000000000000000, 15.50000000000000178 ) ) ;
#1677 = CARTESIAN_POINT ( 'NONE',  ( 42.10382747448997520, 9.464156857180679339, 14.68353922175727888 ) ) ;
#1678 = CARTESIAN_POINT ( 'NONE',  ( -42.39582226409499555, 8.155840683986514961, 16.16066710906855874 ) ) ;
#1679 = ORIENTED_EDGE ( 'NONE', *, *, #2407, .T. ) ;
#1680 = CARTESIAN_POINT ( 'NONE',  ( 42.20103503526747346, 9.390059331302831325, -14.80321258300423537 ) ) ;
#1681 = VECTOR ( 'NONE', #554, 1000.000000000000000 ) ;
#1682 = DIRECTION ( 'NONE',  ( -0.000000000000000000, -0.000000000000000000, 1.000000000000000000 ) ) ;
#1683 = CARTESIAN_POINT ( 'NONE',  ( 43.25998078583555895, 7.881641187746288857, -15.43306748998332978 ) ) ;
#1684 = CARTESIAN_POINT ( 'NONE',  ( 42.94188510656722713, 8.427887537214546754, 15.66841191694916624 ) ) ;
#1685 = CARTESIAN_POINT ( 'NONE',  ( -40.71261500465315919, 9.970301387426600215, -13.82138009098543208 ) ) ;
#1686 = EDGE_CURVE ( 'NONE', #2621, #884, #2119, .T. ) ;
#1687 = CARTESIAN_POINT ( 'NONE',  ( -40.64498274528550326, 9.981390828267272752, 13.73561582857746188 ) ) ;
#1688 = VERTEX_POINT ( 'NONE', #3004 ) ;
#1689 = CARTESIAN_POINT ( 'NONE',  ( -41.21357298687026116, 9.885385555454069717, -13.98866315263101434 ) ) ;
#1690 = CARTESIAN_POINT ( 'NONE',  ( 41.87105256913439888, 9.513954951250346070, -14.95163849097965958 ) ) ;
#1691 = CARTESIAN_POINT ( 'NONE',  ( 40.75734538164672216, 9.973656829383038769, 13.77690851643272119 ) ) ;
#1692 = CARTESIAN_POINT ( 'NONE',  ( -41.20965284506164039, 9.861471069853012139, -14.25356895566868687 ) ) ;
#1693 = CARTESIAN_POINT ( 'NONE',  ( -41.64848168238157911, 9.448363617157792049, 15.12765550516909130 ) ) ;
#1694 = CARTESIAN_POINT ( 'NONE',  ( 42.36211550587393049, 9.261638872046393800, -14.81575768956643557 ) ) ;
#1695 = CARTESIAN_POINT ( 'NONE',  ( 41.28744155141408356, 9.735774144008084718, 14.62600353095245609 ) ) ;
#1696 = CARTESIAN_POINT ( 'NONE',  ( 42.04697616118276926, 9.503463297498734974, 14.59064781820707246 ) ) ;
#1697 = CARTESIAN_POINT ( 'NONE',  ( -42.21798788863018359, 8.591995904034352094, 15.93585426536887617 ) ) ;
#1698 = CARTESIAN_POINT ( 'NONE',  ( -42.28710246077280743, 8.416931719121961919, -16.03732712343211020 ) ) ;
#1699 = CARTESIAN_POINT ( 'NONE',  ( -41.89166721321605280, 9.297120278513638425, -15.31691758932032776 ) ) ;
#1700 = ORIENTED_EDGE ( 'NONE', *, *, #3371, .F. ) ;
#1701 = CARTESIAN_POINT ( 'NONE',  ( 42.10307920805984594, 9.426327066054284387, -14.92992472167098406 ) ) ;
#1702 = CARTESIAN_POINT ( 'NONE',  ( 43.07420213648027385, 8.343194761343843524, -15.36432956599745303 ) ) ;
#1703 = CARTESIAN_POINT ( 'NONE',  ( 42.48192306344972735, 8.777291292797649191, 15.72971349003550046 ) ) ;
#1704 = CARTESIAN_POINT ( 'NONE',  ( -40.98541291620255578, 9.941600106007884463, 13.85714337250832529 ) ) ;
#1705 = CARTESIAN_POINT ( 'NONE',  ( -41.09837836405611000, 9.841401586635909027, -14.35805348820821514 ) ) ;
#1706 = CYLINDRICAL_SURFACE ( 'NONE', #703, 2.000000000000000000 ) ;
#1707 = CARTESIAN_POINT ( 'NONE',  ( -40.60341992846282722, 9.993670699583395489, -13.54532236197963257 ) ) ;
#1708 = CARTESIAN_POINT ( 'NONE',  ( 42.08358385494642562, 9.476470198781147047, -14.71253468446471402 ) ) ;
#1709 = CARTESIAN_POINT ( 'NONE',  ( 40.47523497776851542, 10.00000000000000000, 13.45308792694849487 ) ) ;
#1710 = CARTESIAN_POINT ( 'NONE',  ( -41.22379244002264187, 9.773784250909589133, -14.53798033840905113 ) ) ;
#1711 = CARTESIAN_POINT ( 'NONE',  ( -42.23804577390732362, 9.364516962553150137, 14.74591915432819000 ) ) ;
#1712 = CARTESIAN_POINT ( 'NONE',  ( 42.97917399892236290, 8.528445891422530067, -15.24793694563181035 ) ) ;
#1713 = CARTESIAN_POINT ( 'NONE',  ( -42.49999999999998579, 7.157007868728832101, 16.38695600770387628 ) ) ;
#1714 = CARTESIAN_POINT ( 'NONE',  ( 41.80004735902145541, 9.563183505671938534, 14.87685752331774225 ) ) ;
#1715 = CARTESIAN_POINT ( 'NONE',  ( -42.28710246062200895, 8.416931719038851512, 16.03732712347640188 ) ) ;
#1716 = CARTESIAN_POINT ( 'NONE',  ( -42.58505366717878360, 9.044632863428377689, -15.03795112289534153 ) ) ;
#1717 = ORIENTED_EDGE ( 'NONE', *, *, #1579, .F. ) ;
#1718 = CARTESIAN_POINT ( 'NONE',  ( 42.17115222062589908, 9.343840187359980121, -15.07827712953108446 ) ) ;
#1719 = CARTESIAN_POINT ( 'NONE',  ( 43.08430323993868427, 8.325649545331023305, -15.31872011240473341 ) ) ;
#1720 = CARTESIAN_POINT ( 'NONE',  ( 42.48669447263460341, 9.120199581469478289, 15.12150103146631253 ) ) ;
#1721 = CARTESIAN_POINT ( 'NONE',  ( -40.83892736264531464, 9.938321063956689017, 14.00296778837803302 ) ) ;
#1722 = AXIS2_PLACEMENT_3D ( 'NONE', #2360, #2051, #3218 ) ;
#1723 = CARTESIAN_POINT ( 'NONE',  ( -41.27223084296097255, 9.869103040645446967, -14.03127335511200258 ) ) ;
#1724 = PLANE ( 'NONE',  #2195 ) ;
#1725 = CARTESIAN_POINT ( 'NONE',  ( 43.34762123731338335, 7.516284980915597380, 15.49851193113315873 ) ) ;
#1726 = CARTESIAN_POINT ( 'NONE',  ( 42.12765550496987998, 9.448363617298777939, -14.64848168262047601 ) ) ;
#1727 = CARTESIAN_POINT ( 'NONE',  ( 40.46794833112088696, 10.00000000000000355, 13.46029670205150452 ) ) ;
#1728 = CARTESIAN_POINT ( 'NONE',  ( -41.76089522311702495, 9.327168560431136513, 15.28504757502798128 ) ) ;
#1729 = CARTESIAN_POINT ( 'NONE',  ( 40.90841627099352706, 9.955056618366292298, -13.76709905579907911 ) ) ;
#1730 = CARTESIAN_POINT ( 'NONE',  ( 41.03127335487685912, 9.869103040561078899, 14.27223084323860292 ) ) ;
#1731 = CARTESIAN_POINT ( 'NONE',  ( 41.65435880554284154, 9.451129902822966500, 15.12374586831734824 ) ) ;
#1732 = CARTESIAN_POINT ( 'NONE',  ( -43.15606468155674236, 8.163861451229829314, 15.41975070428657979 ) ) ;
#1733 = CARTESIAN_POINT ( 'NONE',  ( -42.25928059471544884, 8.901654601370525555, -15.69042139821972448 ) ) ;
#1734 = CARTESIAN_POINT ( 'NONE',  ( -41.76751718640590383, 9.330398129427704745, -15.28107747422158980 ) ) ;
#1735 = ORIENTED_EDGE ( 'NONE', *, *, #1491, .F. ) ;
#1736 = CARTESIAN_POINT ( 'NONE',  ( 41.84575449321341978, 9.364579251295326756, -15.23089553223365655 ) ) ;
#1737 = DIRECTION ( 'NONE',  ( -0.000000000000000000, -1.000000000000000000, -0.000000000000000000 ) ) ;
#1738 = VECTOR ( 'NONE', #3538, 1000.000000000000000 ) ;
#1739 = CARTESIAN_POINT ( 'NONE',  ( 43.16269811286257863, 8.151706975659706700, -15.38382917508602432 ) ) ;
#1740 = CARTESIAN_POINT ( 'NONE',  ( 42.21078011127294616, 9.143699484521500054, 15.42218729726107540 ) ) ;
#1741 = CARTESIAN_POINT ( 'NONE',  ( -42.50000000000000711, 0.000000000000000000, -17.50000000000000000 ) ) ;
#1742 = CARTESIAN_POINT ( 'NONE',  ( -41.06057788357922789, 9.876647147954210837, -14.24527760682261324 ) ) ;
#1743 = DIRECTION ( 'NONE',  ( 0.05233595624294389015, -0.9986295347545739443, -0.000000000000000000 ) ) ;
#1744 = CARTESIAN_POINT ( 'NONE',  ( 42.48883662288894669, 7.608880114029677344, 16.33016520550776818 ) ) ;
#1745 = CARTESIAN_POINT ( 'NONE',  ( 41.24527760675785970, 9.876647147973766749, -14.06057788361239069 ) ) ;
#1746 = PERSON_AND_ORGANIZATION_ROLE ( 'creator' ) ;
#1747 = CARTESIAN_POINT ( 'NONE',  ( -41.91369900333064180, 9.558333920210259294, 14.76003098624161858 ) ) ;
#1748 = CARTESIAN_POINT ( 'NONE',  ( 42.44953432509049662, 7.790101580078641064, -16.28669461999833956 ) ) ;
#1749 = PLANE ( 'NONE',  #187 ) ;
#1750 = CARTESIAN_POINT ( 'NONE',  ( 41.36070354260616710, 9.840503873545216607, 14.09542363814515120 ) ) ;
#1751 = CARTESIAN_POINT ( 'NONE',  ( -42.92332950775683997, 8.609834275487312283, 15.25874812656088864 ) ) ;
#1752 = DIRECTION ( 'NONE',  ( 0.000000000000000000, 0.000000000000000000, 1.000000000000000000 ) ) ;
#1753 = CARTESIAN_POINT ( 'NONE',  ( -42.76575768111646170, 8.835910733935822492, -15.10032105769866462 ) ) ;
#1754 = CARTESIAN_POINT ( 'NONE',  ( -41.87685739301387855, 9.563183508870537253, -14.80004746529793103 ) ) ;
#1755 = CARTESIAN_POINT ( 'NONE',  ( 43.05365699014172520, 8.372277270595761323, -15.44375755414863249 ) ) ;
#1756 = CARTESIAN_POINT ( 'NONE',  ( 42.60819686516890670, 9.021606217811900308, 14.98989844266332305 ) ) ;
#1757 = CARTESIAN_POINT ( 'NONE',  ( -40.39106740344016089, 10.00000000000000355, 13.39106740344014845 ) ) ;
#1758 = CARTESIAN_POINT ( 'NONE',  ( -41.10132418366332985, 9.842268988585306744, -14.35540196955887815 ) ) ;
#1759 = CARTESIAN_POINT ( 'NONE',  ( 42.78372232846412970, 7.255605080187414124, -16.33689245814485247 ) ) ;
#1760 = CARTESIAN_POINT ( 'NONE',  ( 43.32484631837388633, 7.617497086382624794, 15.55648344744815326 ) ) ;
#1761 = CARTESIAN_POINT ( 'NONE',  ( 41.36051601898499541, 9.802849437693325285, -14.41302080698191546 ) ) ;
#1762 = CARTESIAN_POINT ( 'NONE',  ( 40.39106740344013957, 10.00000000000000355, 13.39106740344015556 ) ) ;
#1763 = CARTESIAN_POINT ( 'NONE',  ( -41.72537067402077327, 9.653509416550836164, 14.65629377928438259 ) ) ;
#1764 = CARTESIAN_POINT ( 'NONE',  ( -43.50000000000001421, 5.000000000000000000, -15.50000000000000178 ) ) ;
#1765 = EDGE_CURVE ( 'NONE', #2448, #3010, #2697, .T. ) ;
#1766 = CARTESIAN_POINT ( 'NONE',  ( -42.76575768118988918, 8.835910733840650622, 15.10032105754508436 ) ) ;
#1767 = CARTESIAN_POINT ( 'NONE',  ( 41.53497282887436626, 9.775019383184432087, 14.22729918181159192 ) ) ;
#1768 = CARTESIAN_POINT ( 'NONE',  ( -42.60452274181603372, 9.025635441733301789, 14.99792853316406749 ) ) ;
#1769 = CARTESIAN_POINT ( 'NONE',  ( 43.03732712360957890, 8.416931718788635663, 15.28710246017096885 ) ) ;
#1770 = CARTESIAN_POINT ( 'NONE',  ( -42.29745765748877773, 9.117838347875053984, -15.40514111752970905 ) ) ;
#1771 = ORIENTED_EDGE ( 'NONE', *, *, #2959, .T. ) ;
#1772 = CARTESIAN_POINT ( 'NONE',  ( -42.82673316829377796, 7.954403383263579208, 16.13042457342015723 ) ) ;
#1773 = CARTESIAN_POINT ( 'NONE',  ( 42.62564002925012119, 8.520751231383558277, -15.89235280614147072 ) ) ;
#1774 = CARTESIAN_POINT ( 'NONE',  ( 42.71506057005564116, 8.886818305474726287, 15.21566791932558260 ) ) ;
#1775 = CARTESIAN_POINT ( 'NONE',  ( -40.46603154100303357, 10.00000000000000178, 13.46220571619728013 ) ) ;
#1776 = CARTESIAN_POINT ( 'NONE',  ( -41.03127335511243245, 9.869103040645418545, -14.27223084296108979 ) ) ;
#1777 = ORIENTED_EDGE ( 'NONE', *, *, #2296, .F. ) ;
#1778 = CARTESIAN_POINT ( 'NONE',  ( 42.91183395132188849, 7.549486995736364392, 16.23135573442148072 ) ) ;
#1779 = CARTESIAN_POINT ( 'NONE',  ( 41.31010422971250762, 9.743882926685088819, -14.60687549149917430 ) ) ;
#1780 = COORDINATED_UNIVERSAL_TIME_OFFSET ( 10, 0, .AHEAD. ) ;
#1781 = CARTESIAN_POINT ( 'NONE',  ( -41.43805751287841588, 9.661796423413296253, 14.77714561509105629 ) ) ;
#1782 = CARTESIAN_POINT ( 'NONE',  ( 41.28744155183203191, 9.735774144208946268, -14.62600353050556734 ) ) ;
#1783 = SECURITY_CLASSIFICATION ( '', '', #1281 ) ;
#1784 = CARTESIAN_POINT ( 'NONE',  ( -42.94607055584365440, 7.174481725065404270, -16.27430649308005428 ) ) ;
#1785 = CARTESIAN_POINT ( 'NONE',  ( 41.77714561534535420, 9.661796423281465707, 14.43805751262921788 ) ) ;
#1786 = CARTESIAN_POINT ( 'NONE',  ( -42.72971348996684782, 8.777291292994204852, 15.48192306361406878 ) ) ;
#1787 = CARTESIAN_POINT ( 'NONE',  ( -42.30815933412624474, 8.352790143162696523, -16.06877040600402040 ) ) ;
#1788 = CARTESIAN_POINT ( 'NONE',  ( -42.51979241407599375, 9.085897978962570676, -15.14798363578538698 ) ) ;
#1789 = CARTESIAN_POINT ( 'NONE',  ( -41.59613151029729039, 9.505983414469357129, -15.04315380164169369 ) ) ;
#1790 = ORIENTED_EDGE ( 'NONE', *, *, #2350, .T. ) ;
#1791 = CARTESIAN_POINT ( 'NONE',  ( -40.39106740344013247, 10.00000000000000000, -13.39106740344015556 ) ) ;
#1792 = CARTESIAN_POINT ( 'NONE',  ( 42.26776036704515604, 9.151456141535273758, -15.37342483948408223 ) ) ;
#1793 = CARTESIAN_POINT ( 'NONE',  ( 42.10032105708472727, 8.835910733555596863, 15.76575768140973288 ) ) ;
#1794 = CARTESIAN_POINT ( 'NONE',  ( -40.75606441719025952, 9.957674974583534677, 13.89323099150610119 ) ) ;
#1795 = CARTESIAN_POINT ( 'NONE',  ( -40.82515518645701746, 9.969801996305223568, -13.70879361772761129 ) ) ;
#1796 = AXIS2_PLACEMENT_3D ( 'NONE', #2436, #1100, #233 ) ;
#1797 = CARTESIAN_POINT ( 'NONE',  ( 42.47537405688053980, 7.606221078056301543, -16.33070191006920879 ) ) ;
#1798 = CARTESIAN_POINT ( 'NONE',  ( 42.63653860941410301, 7.530044569286636680, 16.33564216864061791 ) ) ;
#1799 = CARTESIAN_POINT ( 'NONE',  ( 41.22729918218728784, 9.775019383357143710, -14.53497282845418326 ) ) ;
#1800 = CARTESIAN_POINT ( 'NONE',  ( 40.39106740344013957, 10.00000000000000000, 13.39106740344015556 ) ) ;
#1801 = EDGE_CURVE ( 'NONE', #1113, #2929, #2913, .T. ) ;
#1802 = CIRCLE ( 'NONE', #942, 2.000000000000000000 ) ;
#1803 = CARTESIAN_POINT ( 'NONE',  ( -41.29122695640302965, 9.737195536475118374, 14.62283768478613233 ) ) ;
#1804 = CARTESIAN_POINT ( 'NONE',  ( 41.22379244009967891, 9.773784250944952845, -14.53798033832303993 ) ) ;
#1805 = CARTESIAN_POINT ( 'NONE',  ( -43.37388189957970042, 7.332410560586572146, 15.49707348779894289 ) ) ;
#1806 = CARTESIAN_POINT ( 'NONE',  ( 41.62283768504894965, 9.737195536357143411, 14.29122695615948047 ) ) ;
#1807 = CARTESIAN_POINT ( 'NONE',  ( -41.23079908589246401, 9.776213651855032438, -14.53195570434830231 ) ) ;
#1808 = CARTESIAN_POINT ( 'NONE',  ( -42.55896051936534263, 8.941357056599393616, 15.44183704071318708 ) ) ;
#1809 = CARTESIAN_POINT ( 'NONE',  ( -42.41451989131606837, 7.973492226430241026, -16.23069604310052938 ) ) ;
#1810 = CARTESIAN_POINT ( 'NONE',  ( -42.57265241717638560, 7.914733183679408590, -16.24016565828383207 ) ) ;
#1811 = CARTESIAN_POINT ( 'NONE',  ( -42.04315377773624363, 9.505983430158488900, -14.59613154214627073 ) ) ;
#1812 = VERTEX_POINT ( 'NONE', #3231 ) ;
#1813 = CARTESIAN_POINT ( 'NONE',  ( -43.15146227568088477, 8.171882167685211584, -15.44367901142588551 ) ) ;
#1814 = CARTESIAN_POINT ( 'NONE',  ( -40.45260328946931594, 10.00000000000000178, -13.47572726870213522 ) ) ;
#1815 = CARTESIAN_POINT ( 'NONE',  ( 42.68990403464084693, 8.928626519531142947, -15.09173453113739249 ) ) ;
#1816 = CARTESIAN_POINT ( 'NONE',  ( 42.25155671857406503, 9.305549315588226733, 15.06129398219883520 ) ) ;
#1817 = CARTESIAN_POINT ( 'NONE',  ( -40.39106740344016089, 10.00000000000000000, 13.39106740344014668 ) ) ;
#1818 = CARTESIAN_POINT ( 'NONE',  ( 42.74264680036959163, 7.638270185853265559, -16.27868485537674559 ) ) ;
#1819 = CARTESIAN_POINT ( 'NONE',  ( 43.19955207269883601, 7.934159463896950371, 15.68397696584714041 ) ) ;
#1820 = CARTESIAN_POINT ( 'NONE',  ( 41.79813395789710739, 9.651356278644461995, -14.41167801584382424 ) ) ;
#1821 = DATE_AND_TIME ( #3469, #2300 ) ;
#1822 = CARTESIAN_POINT ( 'NONE',  ( -41.56763048662156734, 9.756908580619986893, 14.35502832150726071 ) ) ;
#1823 = DIRECTION ( 'NONE',  ( -1.000000000000000000, 0.000000000000000000, 0.000000000000000000 ) ) ;
#1824 = CARTESIAN_POINT ( 'NONE',  ( -40.73762081268473167, 9.981176790778528485, 13.64297353253565248 ) ) ;
#1825 = CARTESIAN_POINT ( 'NONE',  ( 41.49245183699028416, 9.769291073277054593, 14.43560776616525487 ) ) ;
#1826 = CARTESIAN_POINT ( 'NONE',  ( -42.86817826223040839, 8.693352388160441535, 15.21943392116641824 ) ) ;
#1827 = CARTESIAN_POINT ( 'NONE',  ( -41.13959164765333298, 9.817414962713526094, -14.42170392041744620 ) ) ;
#1828 = CARTESIAN_POINT ( 'NONE',  ( -42.46246450318081855, 7.793397574822518159, -16.28580625826235462 ) ) ;
#1829 = CARTESIAN_POINT ( 'NONE',  ( -41.96669246713619117, 9.057149120022163657, -15.57524607043478149 ) ) ;
#1830 = VERTEX_POINT ( 'NONE', #2137 ) ;
#1831 = CARTESIAN_POINT ( 'NONE',  ( -43.38651805434078312, 7.158503800971349307, 15.52898204095812495 ) ) ;
#1832 = CARTESIAN_POINT ( 'NONE',  ( 42.86817826211101590, 8.693352388336130332, -15.21943392145116469 ) ) ;
#1833 = CARTESIAN_POINT ( 'NONE',  ( 42.35421280925670118, 9.268930495276574533, 14.82970647673202080 ) ) ;
#1834 = CARTESIAN_POINT ( 'NONE',  ( -42.50000000000000711, 5.000000000000000000, 16.50000000000000000 ) ) ;
#1835 = CARTESIAN_POINT ( 'NONE',  ( -40.90423021015600114, 9.918307533830599709, -14.09223680212272889 ) ) ;
#1836 = CARTESIAN_POINT ( 'NONE',  ( 43.08430324013012580, 8.325649544938814373, 15.31872011167030045 ) ) ;
#1837 = CARTESIAN_POINT ( 'NONE',  ( 40.80392161668468276, 9.972212609221445589, -13.73023705209888767 ) ) ;
#1838 = CARTESIAN_POINT ( 'NONE',  ( -41.01523787702414836, 9.928826525326481800, 13.98372261038480246 ) ) ;
#1839 = CARTESIAN_POINT ( 'NONE',  ( 44.49999999999998579, 5.000000000000000000, 15.50000000000000000 ) ) ;
#1840 = CARTESIAN_POINT ( 'NONE',  ( -41.00473271202327652, 9.937960474303606517, 13.83708908927258641 ) ) ;
#1841 = CARTESIAN_POINT ( 'NONE',  ( 41.00296778852488444, 9.938321063926764509, 13.83892736252628097 ) ) ;
#1842 = CARTESIAN_POINT ( 'NONE',  ( -42.18049096812711696, 8.675777915165443943, 15.88135752380008903 ) ) ;
#1843 = CARTESIAN_POINT ( 'NONE',  ( -41.89601331822985486, 9.158845989130787402, -15.47526752327406108 ) ) ;
#1844 = AXIS2_PLACEMENT_3D ( 'NONE', #3530, #2125, #2398 ) ;
#1845 = CARTESIAN_POINT ( 'NONE',  ( -43.23238998438196035, 7.919521760796597754, -15.59786358791610361 ) ) ;
#1846 = CARTESIAN_POINT ( 'NONE',  ( -42.50003441191458364, 9.133969902057135215, -14.93419371161199471 ) ) ;
#1847 = ORIENTED_EDGE ( 'NONE', *, *, #514, .F. ) ;
#1848 = CARTESIAN_POINT ( 'NONE',  ( -43.35223937137325834, 7.168739804108573921, 15.75857529892307340 ) ) ;
#1849 = CARTESIAN_POINT ( 'NONE',  ( -43.18718200933818707, 8.083005233566565195, -15.46738886755371922 ) ) ;
#1850 = CARTESIAN_POINT ( 'NONE',  ( -40.39106740344013247, 10.00000000000000000, -13.39106740344015556 ) ) ;
#1851 = CARTESIAN_POINT ( 'NONE',  ( 42.70465152936533570, 8.912317187754966952, -15.05764728303956979 ) ) ;
#1852 = CARTESIAN_POINT ( 'NONE',  ( -42.43487231430245288, 7.983221880745509758, 16.25727541543115962 ) ) ;
#1853 = CARTESIAN_POINT ( 'NONE',  ( 43.34762123688144442, 7.516284983527505403, -15.49851193662413351 ) ) ;
#1854 = CARTESIAN_POINT ( 'NONE',  ( 42.82673321152580570, 7.954403402874496543, 16.13042457784279904 ) ) ;
#1855 = CARTESIAN_POINT ( 'NONE',  ( 40.72662484029422814, 9.982273722515790482, -13.65398737949996466 ) ) ;
#1856 = CARTESIAN_POINT ( 'NONE',  ( -40.64498273906092862, 9.981390827809669020, -13.73561583312430656 ) ) ;
#1857 = CARTESIAN_POINT ( 'NONE',  ( -41.09542363833939760, 9.840503873622152398, 14.36070354237875968 ) ) ;
#1858 = CYLINDRICAL_SURFACE ( 'NONE', #1844, 2.000000000000000000 ) ;
#1859 = CARTESIAN_POINT ( 'NONE',  ( -42.50000000715670012, 7.243092321015440760, -16.38244451272873903 ) ) ;
#1860 = CARTESIAN_POINT ( 'NONE',  ( 40.82515518659675280, 9.969801996285653445, 13.70879361761490323 ) ) ;
#1861 = VECTOR ( 'NONE', #2954, 1000.000000000000000 ) ;
#1862 = CARTESIAN_POINT ( 'NONE',  ( -42.42218729716307024, 9.143699484691088841, 15.21078011142331832 ) ) ;
#1863 = CARTESIAN_POINT ( 'NONE',  ( -40.87833286105875885, 9.924773826650227448, -14.06156683772097438 ) ) ;
#1864 = DIRECTION ( 'NONE',  ( 0.000000000000000000, 1.000000000000000000, -0.000000000000000000 ) ) ;
#1865 = CARTESIAN_POINT ( 'NONE',  ( -42.58687152736588644, 7.161379694205333379, 16.38350387983000189 ) ) ;
#1866 = CARTESIAN_POINT ( 'NONE',  ( -43.26899939009188500, 7.818810583275662474, 15.59209282468309077 ) ) ;
#1867 = ADVANCED_FACE ( 'NONE', ( #1341 ), #587, .T. ) ;
#1868 = CARTESIAN_POINT ( 'NONE',  ( 42.69042139817245385, 8.901654601444899839, -15.25928059481330124 ) ) ;
#1869 = CARTESIAN_POINT ( 'NONE',  ( -43.25755472992206307, 7.888001577354218696, 15.45848421123831962 ) ) ;
#1870 = LINE ( 'NONE', #1594, #1861 ) ;
#1871 = CARTESIAN_POINT ( 'NONE',  ( 43.27872664501381195, 7.806173710481663974, 15.52733849987586900 ) ) ;
#1872 = CARTESIAN_POINT ( 'NONE',  ( 41.09023218421921086, 9.918767152514105234, -13.90634608528534955 ) ) ;
#1873 = CARTESIAN_POINT ( 'NONE',  ( -40.90634610348524092, 9.918767155705857874, 14.09023217018717311 ) ) ;
#1874 = CARTESIAN_POINT ( 'NONE',  ( -42.53999668874018170, 7.520010140753225159, -16.34504131628037982 ) ) ;
#1875 = CARTESIAN_POINT ( 'NONE',  ( 41.34478923576430986, 9.845618497717792295, 14.11307307319976623 ) ) ;
#1876 = CARTESIAN_POINT ( 'NONE',  ( -42.35604486079144948, 9.209502503515704319, 15.15293836863495969 ) ) ;
#1877 = EDGE_CURVE ( 'NONE', #2314, #2275, #2410, .T. ) ;
#1878 = CARTESIAN_POINT ( 'NONE',  ( -40.76709905571780723, 9.955056618369969357, -13.90841627097249145 ) ) ;
#1879 = LINE ( 'NONE', #1393, #524 ) ;
#1880 = CARTESIAN_POINT ( 'NONE',  ( -43.03485124315621135, 8.421562462335463906, -15.29817789193250022 ) ) ;
#1881 = CARTESIAN_POINT ( 'NONE',  ( 42.20706149435270049, 9.312406585675896409, -15.11197273149039866 ) ) ;
#1882 = CARTESIAN_POINT ( 'NONE',  ( -42.50000000000000711, 0.000000000000000000, 15.50000000000000178 ) ) ;
#1883 = CARTESIAN_POINT ( 'NONE',  ( 43.33016520548834194, 7.608880114128486305, -15.48883662327989796 ) ) ;
#1884 = CARTESIAN_POINT ( 'NONE',  ( 43.16066710914724069, 8.155840683799414847, 15.39582226370123763 ) ) ;
#1885 = CARTESIAN_POINT ( 'NONE',  ( 40.81259458984587241, 9.971408088607770281, -13.72150101717893200 ) ) ;
#1886 = PERSON_AND_ORGANIZATION ( #3521, #1662 ) ;
#1887 = CARTESIAN_POINT ( 'NONE',  ( -41.11307307335560068, 9.845618497789342172, 14.34478923554927832 ) ) ;
#1888 = CARTESIAN_POINT ( 'NONE',  ( -42.49707348783396554, 7.332410560591126725, -16.37388189957927054 ) ) ;
#1889 = CARTESIAN_POINT ( 'NONE',  ( 40.98194682803282518, 9.942095887247086594, 13.86070641969030781 ) ) ;
#1890 = CARTESIAN_POINT ( 'NONE',  ( -42.12150103171380522, 9.120199581677479017, 15.48669447245999642 ) ) ;
#1891 = CARTESIAN_POINT ( 'NONE',  ( 43.38695600770381589, 7.157007868729673206, -15.50000000000000178 ) ) ;
#1892 = CARTESIAN_POINT ( 'NONE',  ( 40.39106740344013957, 10.00000000000000000, -13.39106740344015556 ) ) ;
#1893 = CARTESIAN_POINT ( 'NONE',  ( 41.89463077057284579, 9.160287152906162689, 15.47325136571428139 ) ) ;
#1894 = B_SPLINE_CURVE_WITH_KNOTS ( 'NONE', 3,
 ( #953, #59, #3410, #3444, #2585, #3171, #3391, #3117, #2602, #619 ),
 .UNSPECIFIED., .F., .F.,
 ( 4, 2, 2, 2, 4 ),
 ( 0.000000000000000000, 0.2500000000000000000, 0.5000000000000000000, 0.7500000000000000000, 1.000000000000000000 ),
 .UNSPECIFIED. ) ;
#1895 = CARTESIAN_POINT ( 'NONE',  ( -42.32977595245066027, 8.639359435274027277, -15.89910234314938187 ) ) ;
#1896 = CARTESIAN_POINT ( 'NONE',  ( 41.82970647736730285, 9.268930495689035709, -15.35421280878010641 ) ) ;
#1897 = DIRECTION ( 'NONE',  ( -0.000000000000000000, -1.000000000000000000, -0.000000000000000000 ) ) ;
#1898 = CARTESIAN_POINT ( 'NONE',  ( 42.45848418582718153, 7.888001567864137975, -16.25755473299432197 ) ) ;
#1899 = CARTESIAN_POINT ( 'NONE',  ( 42.89235280625933910, 8.520751230980783575, 15.62564002900915305 ) ) ;
#1900 = CARTESIAN_POINT ( 'NONE',  ( 40.94916967592601509, 9.945622515667965402, -13.89416383045155534 ) ) ;
#1901 = COORDINATED_UNIVERSAL_TIME_OFFSET ( 10, 0, .AHEAD. ) ;
#1902 = CARTESIAN_POINT ( 'NONE',  ( -40.56227552234173572, 9.996364305026968822, -13.51551810595250380 ) ) ;
#1903 = CARTESIAN_POINT ( 'NONE',  ( -41.26242347440008018, 9.871958548583981141, 14.04197129678787448 ) ) ;
#1904 = CARTESIAN_POINT ( 'NONE',  ( -43.38051147558694964, 7.246016349050634631, 15.55756050239864763 ) ) ;
#1905 = ORIENTED_EDGE ( 'NONE', *, *, #901, .T. ) ;
#1906 = ADVANCED_FACE ( 'NONE', ( #1609 ), #1312, .T. ) ;
#1907 = CARTESIAN_POINT ( 'NONE',  ( -43.19632721725762536, 7.356617740778256476, -16.03410997951890948 ) ) ;
#1908 = CARTESIAN_POINT ( 'NONE',  ( 41.26732496646869208, 9.870568655763994670, 14.03663652452329735 ) ) ;
#1909 = CARTESIAN_POINT ( 'NONE',  ( -42.01379140365994402, 9.079746654399905026, 15.55186080658307901 ) ) ;
#1910 = CARTESIAN_POINT ( 'NONE',  ( 42.49999999999998579, 5.000000000000000000, 15.50000000000000178 ) ) ;
#1911 = LINE ( 'NONE', #540, #1738 ) ;
#1912 = CARTESIAN_POINT ( 'NONE',  ( 42.12351300572028379, 9.241484262632367219, 15.32237773968509842 ) ) ;
#1913 = CARTESIAN_POINT ( 'NONE',  ( 42.45734675056050378, 9.174571821281929829, -14.92425641629921884 ) ) ;
#1914 = DIRECTION ( 'NONE',  ( 0.000000000000000000, -0.000000000000000000, 1.000000000000000000 ) ) ;
#1915 = CARTESIAN_POINT ( 'NONE',  ( 42.52733850029338925, 7.806173710660805121, -16.27872664494987731 ) ) ;
#1916 = CARTESIAN_POINT ( 'NONE',  ( 42.85449762199174017, 8.666815075809589430, 15.41821795911449655 ) ) ;
#1917 = CARTESIAN_POINT ( 'NONE',  ( 40.52519647941253567, 9.996680589055243260, -13.55244386646623944 ) ) ;
#1918 = CARTESIAN_POINT ( 'NONE',  ( -40.77690841853850401, 9.973656831337294193, -13.75734548461778495 ) ) ;
#1919 = CARTESIAN_POINT ( 'NONE',  ( -40.68248198265576576, 9.983648400722080041, 13.69811211388101491 ) ) ;
#1920 = ORIENTED_EDGE ( 'NONE', *, *, #979, .T. ) ;
#1921 = CARTESIAN_POINT ( 'NONE',  ( 42.65910698655884659, 7.164837599105883470, 16.37724917669774172 ) ) ;
#1922 = CARTESIAN_POINT ( 'NONE',  ( -43.37901475864456557, 7.247449637343894580, -15.58632485715860838 ) ) ;
#1923 = CARTESIAN_POINT ( 'NONE',  ( 40.45260328959567175, 10.00000000000000000, 13.47572726862310688 ) ) ;
#1924 = CARTESIAN_POINT ( 'NONE',  ( -42.52733850010780969, 7.806173710612941186, 16.27872664497226296 ) ) ;
#1925 = CARTESIAN_POINT ( 'NONE',  ( -41.90206513719223125, 9.164007729496820076, 15.46939065610758490 ) ) ;
#1926 = CARTESIAN_POINT ( 'NONE',  ( -40.81924705983456647, 9.941757981685602985, -13.98019984778318481 ) ) ;
#1927 = CARTESIAN_POINT ( 'NONE',  ( -42.62233290293090704, 7.163401503904049505, -16.38662093148279908 ) ) ;
#1928 = CARTESIAN_POINT ( 'NONE',  ( 41.90206508883735381, 9.164007705358072187, 15.46939068113719884 ) ) ;
#1929 = CARTESIAN_POINT ( 'NONE',  ( -42.24206469874804526, 9.361500664878638744, -14.73950449806613427 ) ) ;
#1930 = CARTESIAN_POINT ( 'NONE',  ( 42.49999999999998579, 10.00000000000000000, -15.50000000000000178 ) ) ;
#1931 = CARTESIAN_POINT ( 'NONE',  ( 43.19733992581661397, 8.064367445495754794, -15.40642108028942125 ) ) ;
#1932 = CARTESIAN_POINT ( 'NONE',  ( 42.33126123166838539, 8.434779228485600910, 16.02633110485125201 ) ) ;
#1933 = CARTESIAN_POINT ( 'NONE',  ( 40.73661751841127909, 9.981285794682104751, -13.64397908171021001 ) ) ;
#1934 = CARTESIAN_POINT ( 'NONE',  ( -40.73561582854928531, 9.981390828270370719, -13.64498274530816957 ) ) ;
#1935 = CARTESIAN_POINT ( 'NONE',  ( -40.74756017033772793, 9.973356965802695484, 13.78668050437363668 ) ) ;
#1936 = CARTESIAN_POINT ( 'NONE',  ( -43.37388189957970042, 7.332410560586572146, 15.49707348779894289 ) ) ;
#1937 = ORIENTED_EDGE ( 'NONE', *, *, #901, .F. ) ;
#1938 = CARTESIAN_POINT ( 'NONE',  ( -42.28798422488281261, 9.324315998488701851, -14.76298018381912591 ) ) ;
#1939 = CARTESIAN_POINT ( 'NONE',  ( 41.50067197993560342, 9.616660966474301020, -14.86039639013757707 ) ) ;
#1940 = CARTESIAN_POINT ( 'NONE',  ( 40.47572726883627325, 10.00000000000000000, 13.45260328930240945 ) ) ;
#1941 = CARTESIAN_POINT ( 'NONE',  ( -42.35421285959326099, 9.268930451521649516, 14.82970638924276230 ) ) ;
#1942 = CARTESIAN_POINT ( 'NONE',  ( 42.21959792469235850, 9.383853404636720796, -14.71438718672348145 ) ) ;
#1943 = CARTESIAN_POINT ( 'NONE',  ( 42.44953432457196385, 7.790101579903764950, 16.28669462004484458 ) ) ;
#1944 = CARTESIAN_POINT ( 'NONE',  ( 41.88224119358880415, 9.604948519540332796, 14.47226536760959981 ) ) ;
#1945 = CARTESIAN_POINT ( 'NONE',  ( -43.08430324001513156, 8.325649545174442778, 15.31872011211093820 ) ) ;
#1946 = CARTESIAN_POINT ( 'NONE',  ( -41.84351791601245196, 9.275366671631028126, -15.34603316785584326 ) ) ;
#1947 = ORIENTED_EDGE ( 'NONE', *, *, #99, .F. ) ;
#1948 = CARTESIAN_POINT ( 'NONE',  ( 42.49199766921236687, 9.141085011469888499, -14.94926664317915233 ) ) ;
#1949 = FACE_OUTER_BOUND ( 'NONE', #3028, .T. ) ;
#1950 = CARTESIAN_POINT ( 'NONE',  ( 43.06337834921149010, 8.149288811545391198, -15.77079583636382587 ) ) ;
#1951 = CARTESIAN_POINT ( 'NONE',  ( 42.53215302439167544, 8.695317087736896156, 15.78619512003274394 ) ) ;
#1952 = CARTESIAN_POINT ( 'NONE',  ( 40.45574398885767664, 10.00000000000000178, -13.47254137750076097 ) ) ;
#1953 = CARTESIAN_POINT ( 'NONE',  ( -40.68248191468885722, 9.983648399740877366, -13.69811217833695771 ) ) ;
#1954 = CARTESIAN_POINT ( 'NONE',  ( -40.73271184224330455, 9.972376092752767818, 13.80145855231497265 ) ) ;
#1955 = CARTESIAN_POINT ( 'NONE',  ( -43.03410997939064941, 7.356617740935411653, 16.19632721734241088 ) ) ;
#1956 = EDGE_LOOP ( 'NONE', ( #3388, #2656, #3244 ) ) ;
#1957 = CARTESIAN_POINT ( 'NONE',  ( 43.34110610340862735, 7.169560078494235711, 15.78536033456200194 ) ) ;
#1958 = CARTESIAN_POINT ( 'NONE',  ( 41.41167801584383312, 9.651356278644405151, -14.79813395789719266 ) ) ;
#1959 = CARTESIAN_POINT ( 'NONE',  ( 40.73561582871097642, 9.981390828258668080, 13.64498274514578213 ) ) ;
#1960 = CARTESIAN_POINT ( 'NONE',  ( -42.06215429127687599, 9.432350818290375472, 14.97561429039845216 ) ) ;
#1961 = CARTESIAN_POINT ( 'NONE',  ( -44.50000000000001421, 5.000000000000000000, 15.50000000000000000 ) ) ;
#1962 = CARTESIAN_POINT ( 'NONE',  ( 41.98989844266316140, 9.021606217811690698, 15.60819686516914828 ) ) ;
#1963 = CARTESIAN_POINT ( 'NONE',  ( 42.16013627848192158, 9.407940552440290816, 14.85829260868426793 ) ) ;
#1964 = CARTESIAN_POINT ( 'NONE',  ( -42.37181668983230765, 8.147451284994872367, 16.16445241984284209 ) ) ;
#1965 = VECTOR ( 'NONE', #2284, 1000.000000000000000 ) ;
#1966 = CARTESIAN_POINT ( 'NONE',  ( -41.97561429041025605, 9.432350818335969223, -15.06215429125183114 ) ) ;
#1967 = ORIENTED_EDGE ( 'NONE', *, *, #2676, .T. ) ;
#1968 = CARTESIAN_POINT ( 'NONE',  ( 41.76089522337475302, 9.327168560592502544, -15.28504757482957288 ) ) ;
#1969 = AXIS2_PLACEMENT_3D ( 'NONE', #2972, #2392, #2441 ) ;
#1970 = EDGE_CURVE ( 'NONE', #3429, #2003, #1802, .T. ) ;
#1971 = CARTESIAN_POINT ( 'NONE',  ( 43.15606468150879493, 8.163861451360254762, -15.41975070453468000 ) ) ;
#1972 = CARTESIAN_POINT ( 'NONE',  ( 42.32977595195145426, 8.639359434985930619, 15.89910234332884542 ) ) ;
#1973 = CARTESIAN_POINT ( 'NONE',  ( -40.64297353253432732, 9.981176790778585328, 13.73762081268547952 ) ) ;
#1974 = ORIENTED_EDGE ( 'NONE', *, *, #629, .T. ) ;
#1975 = CARTESIAN_POINT ( 'NONE',  ( -42.49856074566353215, 9.144896169962358101, -14.91282286385146350 ) ) ;
#1976 = CARTESIAN_POINT ( 'NONE',  ( 41.46865318582725024, 9.672521002118832811, -14.75208528054753110 ) ) ;
#1977 = CARTESIAN_POINT ( 'NONE',  ( 40.69811211395874295, 9.983648400717985538, 13.68248198258274861 ) ) ;
#1978 = CARTESIAN_POINT ( 'NONE',  ( -42.28504757502780365, 9.327168560431328359, 14.76089522311701430 ) ) ;
#1979 = CARTESIAN_POINT ( 'NONE',  ( 42.49999999999998579, 5.000000000000000000, -16.50000000000000000 ) ) ;
#1980 = CARTESIAN_POINT ( 'NONE',  ( -42.49999999999998579, 10.00000000000000000, -13.39106740344015556 ) ) ;
#1981 = CARTESIAN_POINT ( 'NONE',  ( 41.99569454262417167, 9.532640623390705059, 14.66115012835787468 ) ) ;
#1982 = EDGE_CURVE ( 'NONE', #432, #280, #2149, .T. ) ;
#1983 = CARTESIAN_POINT ( 'NONE',  ( -42.94188509922481956, 8.427887561737414046, 15.66841198036966354 ) ) ;
#1984 = CARTESIAN_POINT ( 'NONE',  ( -42.72971352343918028, 8.777291310196179808, -15.48192307354954522 ) ) ;
#1985 = CARTESIAN_POINT ( 'NONE',  ( -42.06215423661289066, 9.432350818044319851, -14.97561432668261538 ) ) ;
#1986 = ORIENTED_EDGE ( 'NONE', *, *, #2659, .T. ) ;
#1987 = CARTESIAN_POINT ( 'NONE',  ( 41.77411195787374965, 9.333523485277209986, -15.27704870593334618 ) ) ;
#1988 = CARTESIAN_POINT ( 'NONE',  ( 42.88351303820557092, 8.437694965053344376, -15.74676776103705755 ) ) ;
#1989 = CARTESIAN_POINT ( 'NONE',  ( 42.40514115039286480, 9.117838349029772971, 15.29745764496798976 ) ) ;
#1990 = CARTESIAN_POINT ( 'NONE',  ( -40.83708908927256687, 9.937960474303560332, 14.00473271202357317 ) ) ;
#1991 = CARTESIAN_POINT ( 'NONE',  ( -41.14779122453958138, 9.853788968243096136, -14.31283806068948472 ) ) ;
#1992 = FACE_OUTER_BOUND ( 'NONE', #1956, .T. ) ;
#1993 = CARTESIAN_POINT ( 'NONE',  ( -40.50448152643813415, 10.00000000000000000, -13.47350361480982883 ) ) ;
#1994 = CARTESIAN_POINT ( 'NONE',  ( 41.87864186680298673, 9.607000587182470852, -14.47701467594149705 ) ) ;
#1995 = CARTESIAN_POINT ( 'NONE',  ( 40.51600202341315793, 9.996384919377714340, 13.56178234321409626 ) ) ;
#1996 = CARTESIAN_POINT ( 'NONE',  ( -41.84575449304217187, 9.364579251160204620, 15.23089553240047245 ) ) ;
#1997 = CARTESIAN_POINT ( 'NONE',  ( 43.38695600770386562, 7.157007868728831212, 15.50000000000000178 ) ) ;
#1998 = FACE_OUTER_BOUND ( 'NONE', #2057, .T. ) ;
#1999 = CARTESIAN_POINT ( 'NONE',  ( 42.19845132275774091, 9.378522084960374983, 14.88963145801547405 ) ) ;
#2000 = CARTESIAN_POINT ( 'NONE',  ( -42.74676777188624754, 8.437694966820712850, 15.88351303049976160 ) ) ;
#2001 = CARTESIAN_POINT ( 'NONE',  ( -41.98989844325172527, 9.021606218188646054, -15.60819686482574120 ) ) ;
#2002 = CARTESIAN_POINT ( 'NONE',  ( -42.17115219924663450, 9.343840187124683894, -15.07827714267519958 ) ) ;
#2003 = VERTEX_POINT ( 'NONE', #2869 ) ;
#2004 = CARTESIAN_POINT ( 'NONE',  ( 42.06215429121818516, 9.432350818388137270, -14.97561429041580006 ) ) ;
#2005 = LINE ( 'NONE', #116, #2486 ) ;
#2006 = CARTESIAN_POINT ( 'NONE',  ( 43.10714365787968916, 8.212168424066733863, -15.58495861547299555 ) ) ;
#2007 = CARTESIAN_POINT ( 'NONE',  ( 42.52180475491789480, 9.103030586499297527, 15.06831047236226517 ) ) ;
#2008 = CARTESIAN_POINT ( 'NONE',  ( -41.12439228358449128, 9.824999349515032065, 14.40072238223026879 ) ) ;
#2009 = AXIS2_PLACEMENT_3D ( 'NONE', #1245, #2882, #2340 ) ;
#2010 = CARTESIAN_POINT ( 'NONE',  ( -40.92526374557007784, 9.922641919984751979, -14.07224916651795610 ) ) ;
#2011 = DIRECTION ( 'NONE',  ( 0.000000000000000000, 0.000000000000000000, -1.000000000000000000 ) ) ;
#2012 = CARTESIAN_POINT ( 'NONE',  ( 42.52565042172473397, 7.334309440784248402, 16.37333166472777535 ) ) ;
#2013 = CARTESIAN_POINT ( 'NONE',  ( 41.15345336054537739, 9.854650592397238285, -14.30746701995894554 ) ) ;
#2014 = DATE_AND_TIME ( #645, #1380 ) ;
#2015 = CARTESIAN_POINT ( 'NONE',  ( -41.95134242453018203, 9.316867832648599190, 15.27451116125087793 ) ) ;
#2016 = CARTESIAN_POINT ( 'NONE',  ( 42.48476051272038490, 7.513974939115544593, -16.34801059824912528 ) ) ;
#2017 = EDGE_CURVE ( 'NONE', #2853, #549, #110, .T. ) ;
#2018 = CARTESIAN_POINT ( 'NONE',  ( -43.50000000000001421, 5.000000000000000000, -15.50000000000000178 ) ) ;
#2019 = CARTESIAN_POINT ( 'NONE',  ( 41.77411187469196108, 9.333523443459831981, 15.27704875753822478 ) ) ;
#2020 = CARTESIAN_POINT ( 'NONE',  ( -41.80685384893283185, 9.637523407905012718, -14.56588680791866253 ) ) ;
#2021 = CARTESIAN_POINT ( 'NONE',  ( -42.44367901130488718, 8.171882167612709580, 16.15146227571013782 ) ) ;
#2022 = CARTESIAN_POINT ( 'NONE',  ( 43.16445241992293802, 8.147451284799167581, 15.37181668942182000 ) ) ;
#2023 = CARTESIAN_POINT ( 'NONE',  ( -42.45466894732231111, 9.109897294629385911, -15.23922793965277123 ) ) ;
#2024 = VERTEX_POINT ( 'NONE', #293 ) ;
#2025 = APPLICATION_CONTEXT ( 'configuration controlled 3d designs of mechanical parts and assemblies' ) ;
#2026 = AXIS2_PLACEMENT_3D ( 'NONE', #3333, #1128, #3075 ) ;
#2027 = CARTESIAN_POINT ( 'NONE',  ( 42.19024747690751553, 8.680343208286220857, -15.87828631668238977 ) ) ;
#2028 = CARTESIAN_POINT ( 'NONE',  ( 42.05764728228162141, 8.912317187279070296, 15.70465152975787326 ) ) ;
#2029 = EDGE_CURVE ( 'NONE', #1291, #2275, #301, .T. ) ;
#2030 = CARTESIAN_POINT ( 'NONE',  ( -40.47132802500001247, 10.00000000000000000, 13.45694421950675768 ) ) ;
#2031 = LINE ( 'NONE', #3139, #411 ) ;
#2032 = CARTESIAN_POINT ( 'NONE',  ( 42.65395449743619594, 7.342335647375941576, 16.36370192633513199 ) ) ;
#2033 = CARTESIAN_POINT ( 'NONE',  ( 41.62600353050562063, 9.735774144208935610, -14.28744155183197684 ) ) ;
#2034 = CARTESIAN_POINT ( 'NONE',  ( -41.62600353068418713, 9.735774144128686913, 14.28744155166530838 ) ) ;
#2035 = CARTESIAN_POINT ( 'NONE',  ( 44.49999999999998579, 0.000000000000000000, 15.50000000000000000 ) ) ;
#2036 = CARTESIAN_POINT ( 'NONE',  ( -43.37076811982710467, 7.166001621521209231, -15.68779891424382278 ) ) ;
#2037 = CARTESIAN_POINT ( 'NONE',  ( 41.58420190781485815, 9.752204630029778443, 14.33640571908940764 ) ) ;
#2038 = CARTESIAN_POINT ( 'NONE',  ( -41.52424752253263307, 9.625789388227776300, -14.84193307019079811 ) ) ;
#2039 = CARTESIAN_POINT ( 'NONE',  ( -42.06618283440577954, 8.916560039005929639, 15.70114285801635390 ) ) ;
#2040 = DIRECTION ( 'NONE',  ( 0.000000000000000000, 0.000000000000000000, 1.000000000000000000 ) ) ;
#2041 = CARTESIAN_POINT ( 'NONE',  ( -42.15122779442205569, 8.955545792443720288, -15.66237188710904782 ) ) ;
#2042 = ORIENTED_EDGE ( 'NONE', *, *, #2396, .F. ) ;
#2043 = CARTESIAN_POINT ( 'NONE',  ( 42.70164389262777149, 8.530660438316848726, -15.83500575408762856 ) ) ;
#2044 = CARTESIAN_POINT ( 'NONE',  ( 42.74408373124673943, 8.860931620942029241, 15.15371804980980919 ) ) ;
#2045 = FACE_OUTER_BOUND ( 'NONE', #2741, .T. ) ;
#2046 = CARTESIAN_POINT ( 'NONE',  ( 43.34796647597088537, 7.254787292037143231, -15.75706658462442888 ) ) ;
#2047 = CARTESIAN_POINT ( 'NONE',  ( 43.26137889511807799, 7.354469921380990094, 15.93703774018916874 ) ) ;
#2048 = CARTESIAN_POINT ( 'NONE',  ( 41.10132420568231737, 9.842268994796684822, -14.35540195099967242 ) ) ;
#2049 = PERSON_AND_ORGANIZATION ( #3521, #1662 ) ;
#2050 = CARTESIAN_POINT ( 'NONE',  ( -41.56588680783666945, 9.637523407883055171, 14.80685384897041601 ) ) ;
#2051 = DIRECTION ( 'NONE',  ( 0.000000000000000000, 1.000000000000000000, -0.000000000000000000 ) ) ;
#2052 = FACE_OUTER_BOUND ( 'NONE', #1488, .T. ) ;
#2053 = CARTESIAN_POINT ( 'NONE',  ( 41.53798033875231965, 9.773784250768416726, 14.22379243971591123 ) ) ;
#2054 = CARTESIAN_POINT ( 'NONE',  ( -42.69042139827233484, 8.901654601302320557, 15.25928059461678288 ) ) ;
#2055 = CARTESIAN_POINT ( 'NONE',  ( 41.79813395837020806, 9.651356278394258581, 14.41167801536128756 ) ) ;
#2056 = CARTESIAN_POINT ( 'NONE',  ( -42.60819686482568613, 9.021606218188688686, -14.98989844325154763 ) ) ;
#2057 = EDGE_LOOP ( 'NONE', ( #3580, #1649, #1777, #2348 ) ) ;
#2058 = ADVANCED_FACE ( 'NONE', ( #2219 ), #543, .T. ) ;
#2059 = CARTESIAN_POINT ( 'NONE',  ( 42.44183701189243152, 8.941357057084728055, -15.55896057735094296 ) ) ;
#2060 = CARTESIAN_POINT ( 'NONE',  ( 42.55510703657932225, 9.068372788850135535, 15.09362036559802256 ) ) ;
#2061 = CARTESIAN_POINT ( 'NONE',  ( -41.12684991852286487, 9.823787336930937641, 14.40411429081917305 ) ) ;
#2062 = CARTESIAN_POINT ( 'NONE',  ( -40.85714337253527617, 9.941600106016821314, -13.98541291616060356 ) ) ;
#2063 = LINE ( 'NONE', #1221, #1965 ) ;
#2064 = CARTESIAN_POINT ( 'NONE',  ( 43.20499361058524812, 7.262212907601726997, 16.04155424982119627 ) ) ;
#2065 = CARTESIAN_POINT ( 'NONE',  ( 41.03395980313064939, 9.869848555228159626, -14.26977707531912287 ) ) ;
#2066 = APPLICATION_PROTOCOL_DEFINITION ( 'international standard', 'config_control_design', 1994, #2025 ) ;
#2067 = B_SPLINE_CURVE_WITH_KNOTS ( 'NONE', 3,
 ( #3219, #2923, #1500, #1824, #2651, #1840, #2614, #409, #2361, #2091, #721, #2962, #963, #1000, #3472, #2942, #1483, #2578, #182, #3161, #2109, #143, #1228, #1284, #1766, #1246, #3182, #3513, #3198, #700, #2383, #3455, #2325, #1264, #3238, #1805, #739, #1020 ),
 .UNSPECIFIED., .F., .F.,
 ( 4, 2, 2, 2, 2, 2, 2, 2, 2, 2, 2, 2, 2, 2, 2, 2, 2, 2, 4 ),
 ( 0.000000000000000000, 0.06484033929598254087, 0.1296806785919650817, 0.1945210178879475116, 0.2593613571839300525, 0.3265264271523109496, 0.3936914971206919578, 0.4608565670890729660, 0.4944391020732634701, 0.5280216370574539742, 0.5594960197324072571, 0.5909704024073606510, 0.6539191677572673278, 0.7168679331071738936, 0.7798166984570805704, 0.8348625238428104556, 0.8899083492285402297, 0.9449541746142701149, 1.000000000000000000 ),
 .UNSPECIFIED. ) ;
#2068 = CARTESIAN_POINT ( 'NONE',  ( -41.78416539494027404, 9.658375848130599906, 14.42927151578922462 ) ) ;
#2069 = CARTESIAN_POINT ( 'NONE',  ( 42.18049096843717649, 8.675777915351130076, -15.88135752367547049 ) ) ;
#2070 = LOCAL_TIME ( 14, 50, 7.000000000000000000, #1780 ) ;
#2071 = DIRECTION ( 'NONE',  ( 0.000000000000000000, 0.000000000000000000, 1.000000000000000000 ) ) ;
#2072 = CARTESIAN_POINT ( 'NONE',  ( 41.49121306358490813, 9.612823374448607794, 14.86770554430064983 ) ) ;
#2073 = CARTESIAN_POINT ( 'NONE',  ( -41.28625581818585033, 9.792130574816017230, -14.48293745742486749 ) ) ;
#2074 = CARTESIAN_POINT ( 'NONE',  ( -42.44183701181226098, 8.941357056987046192, 15.55896057735536075 ) ) ;
#2075 = CARTESIAN_POINT ( 'NONE',  ( 42.76575768140968847, 8.835910733555623509, 15.10032105708473260 ) ) ;
#2076 = CARTESIAN_POINT ( 'NONE',  ( -42.44953432498654422, 7.790101580043670815, -16.28669462000763701 ) ) ;
#2077 = VERTEX_POINT ( 'NONE', #1106 ) ;
#2078 = CARTESIAN_POINT ( 'NONE',  ( -42.51449160947998962, 7.157765261563440617, 16.38691631442736707 ) ) ;
#2079 = CARTESIAN_POINT ( 'NONE',  ( -40.39106740344013247, 10.00000000000000000, -13.39106740344015556 ) ) ;
#2080 = CARTESIAN_POINT ( 'NONE',  ( 42.60072501670808265, 9.029536919355392044, -15.00594594610570098 ) ) ;
#2081 = CARTESIAN_POINT ( 'NONE',  ( 42.50003441227561751, 9.133969901700911720, 14.93419371107201243 ) ) ;
#2082 = CARTESIAN_POINT ( 'NONE',  ( -40.63712428670829979, 9.981126354439794568, 13.72970455729593198 ) ) ;
#2083 = AXIS2_PLACEMENT_3D ( 'NONE', #3586, #1864, #3294 ) ;
#2084 = CARTESIAN_POINT ( 'NONE',  ( 43.38051147559119158, 7.246016349053406636, -15.55756050240571042 ) ) ;
#2085 = CARTESIAN_POINT ( 'NONE',  ( 42.51131382419224991, 7.333970728807532424, 16.37371981442103319 ) ) ;
#2086 = CARTESIAN_POINT ( 'NONE',  ( 41.19392081341601397, 9.885097949837563291, -14.11454937818774447 ) ) ;
#2087 = DIRECTION ( 'NONE',  ( 1.000000000000000000, 0.000000000000000000, 0.000000000000000000 ) ) ;
#2088 = AXIS2_PLACEMENT_3D ( 'NONE', #1120, #3292, #830 ) ;
#2089 = CARTESIAN_POINT ( 'NONE',  ( -41.61326624469437263, 9.741226534881414878, 14.30255553550912495 ) ) ;
#2090 = CARTESIAN_POINT ( 'NONE',  ( 40.70751414271025226, 9.969624971514765122, -13.82641784929281847 ) ) ;
#2091 = CARTESIAN_POINT ( 'NONE',  ( -41.53798033849496107, 9.773784250874259172, 14.22379243994656228 ) ) ;
#2092 = CARTESIAN_POINT ( 'NONE',  ( 41.36051574616546844, 9.802849420196922736, 14.41302107593908666 ) ) ;
#2093 = CARTESIAN_POINT ( 'NONE',  ( -42.30650692820808700, 8.729073810180267401, 15.83362308463554236 ) ) ;
#2094 = CARTESIAN_POINT ( 'NONE',  ( -42.50000000000000711, 7.157007868728830324, -16.38695600770387628 ) ) ;
#2095 = CARTESIAN_POINT ( 'NONE',  ( -43.22922526713922053, 7.835687626873463429, -15.70595142676087974 ) ) ;
#2096 = CARTESIAN_POINT ( 'NONE',  ( -41.99569454230968546, 9.532640623598966911, -14.66115012867285827 ) ) ;
#2097 = ORIENTED_EDGE ( 'NONE', *, *, #1274, .F. ) ;
#2098 = ADVANCED_FACE ( 'NONE', ( #2475 ), #3352, .F. ) ;
#2099 = CARTESIAN_POINT ( 'NONE',  ( -43.01049245887027439, 8.399523448832434624, -15.54220595871710842 ) ) ;
#2100 = CARTESIAN_POINT ( 'NONE',  ( 42.61177885713271962, 8.932484484855178763, -15.37748492797700628 ) ) ;
#2101 = CARTESIAN_POINT ( 'NONE',  ( 42.11197273143558562, 9.312406585357193123, 15.20706149451375211 ) ) ;
#2102 = CARTESIAN_POINT ( 'NONE',  ( -42.27907322370956678, 8.435265533126500515, 16.02563882181627264 ) ) ;
#2103 = CARTESIAN_POINT ( 'NONE',  ( -40.82389516928690654, 9.969972642457509693, -13.71006960302600319 ) ) ;
#2104 = CARTESIAN_POINT ( 'NONE',  ( 42.23804577371404179, 9.364516962704305669, -14.74591915456906754 ) ) ;
#2105 = CARTESIAN_POINT ( 'NONE',  ( 42.38382917441879272, 8.151706975346696638, 16.16269811299757819 ) ) ;
#2106 = CARTESIAN_POINT ( 'NONE',  ( 41.00296779417745086, 9.938321062782694781, -13.83892735493294879 ) ) ;
#2107 = CARTESIAN_POINT ( 'NONE',  ( -41.41167801564978390, 9.651356278544293232, 14.79813395808657361 ) ) ;
#2108 = CARTESIAN_POINT ( 'NONE',  ( 42.05764728303942945, 8.912317187754750236, -15.70465152936554709 ) ) ;
#2109 = CARTESIAN_POINT ( 'NONE',  ( -42.50777332078196480, 9.126489587471581899, 14.91905863093338880 ) ) ;
#2110 = CARTESIAN_POINT ( 'NONE',  ( 41.22729917007360001, 9.775019378856001140, 14.53497283961362285 ) ) ;
#2111 = CARTESIAN_POINT ( 'NONE',  ( -42.37748500874013757, 8.932484534720900982, 15.61177886681695171 ) ) ;
#2112 = CARTESIAN_POINT ( 'NONE',  ( -41.84973004953668152, 9.219288222320772164, -15.40995294005820249 ) ) ;
#2113 = B_SPLINE_CURVE_WITH_KNOTS ( 'NONE', 3,
 ( #2289, #846, #628, #2016, #648, #1748, #376, #3068, #575, #2787, #408, #738, #2069, #426, #2108, #681, #962, #999, #2961, #3197, #463, #2941, #665, #3433, #1227, #699, #2671, #1782, #1804, #1019, #2324, #2382, #3181, #2090, #3454, #1283, #142, #2902 ),
 .UNSPECIFIED., .F., .F.,
 ( 4, 2, 2, 2, 2, 2, 2, 2, 2, 2, 2, 2, 2, 2, 2, 2, 2, 2, 4 ),
 ( 0.000000000000000000, 0.05504582539007410458, 0.1100916507801482092, 0.1651374761702223137, 0.2201833015602964183, 0.2831320669135352630, 0.3460808322667741077, 0.4090295976200129524, 0.4405039802966324025, 0.4719783629732517971, 0.5055608979561410088, 0.5391434329390303315, 0.6063085029048089769, 0.6734735728705875113, 0.7406386428363660457, 0.8054789821272745343, 0.8703193214181830228, 0.9351596607090915114, 1.000000000000000000 ),
 .UNSPECIFIED. ) ;
#2114 = CARTESIAN_POINT ( 'NONE',  ( -43.27872664496719324, 7.806173710613909300, -15.52733850023802908 ) ) ;
#2115 = ORIENTED_EDGE ( 'NONE', *, *, #2676, .F. ) ;
#2116 = CARTESIAN_POINT ( 'NONE',  ( -42.94365679798297464, 7.260511809318358267, 16.27044834920538818 ) ) ;
#2117 = CARTESIAN_POINT ( 'NONE',  ( -42.43306748986901766, 7.881641187703532836, -16.25998078584852635 ) ) ;
#2118 = CARTESIAN_POINT ( 'NONE',  ( 42.38519300683707058, 9.014195612863211693, -15.49870760918988921 ) ) ;
#2119 = LINE ( 'NONE', #3249, #1339 ) ;
#2120 = CARTESIAN_POINT ( 'NONE',  ( 43.23135573442350932, 7.549486995808544876, -15.91183395139662160 ) ) ;
#2121 = CARTESIAN_POINT ( 'NONE',  ( 43.25889167014580039, 7.885216054165115729, 15.44574746957898803 ) ) ;
#2122 = CARTESIAN_POINT ( 'NONE',  ( 40.71970343224865729, 9.982766697689603674, -13.66090774556545462 ) ) ;
#2123 = CARTESIAN_POINT ( 'NONE',  ( -40.56178234275512295, 9.996384919382524714, -13.51600202406446805 ) ) ;
#2124 = CARTESIAN_POINT ( 'NONE',  ( -40.90423021943314552, 9.918307535504888861, 14.09223679503219095 ) ) ;
#2125 = DIRECTION ( 'NONE',  ( -0.000000000000000000, -1.000000000000000000, -0.000000000000000000 ) ) ;
#2126 = CARTESIAN_POINT ( 'NONE',  ( 41.00473271217301630, 9.937960474273037192, 13.83708908915029490 ) ) ;
#2127 = CARTESIAN_POINT ( 'NONE',  ( -41.30255553558089332, 9.741226534919842805, -14.61326624460829038 ) ) ;
#2128 = CARTESIAN_POINT ( 'NONE',  ( -42.21078028369434776, 9.143699573934943814, 15.42218723691009785 ) ) ;
#2129 = EDGE_CURVE ( 'NONE', #1406, #2853, #3089, .T. ) ;
#2130 = CARTESIAN_POINT ( 'NONE',  ( 42.40029963032311144, 9.228371414704657383, 14.84290105432511986 ) ) ;
#2131 = CC_DESIGN_APPROVAL ( #1673, ( #1783 ) ) ;
#2132 = CARTESIAN_POINT ( 'NONE',  ( -42.46939065601251428, 9.164007729588160345, -14.90206513732762517 ) ) ;
#2133 = CARTESIAN_POINT ( 'NONE',  ( -44.50000000000001421, 0.000000000000000000, 15.50000000000000000 ) ) ;
#2134 = CARTESIAN_POINT ( 'NONE',  ( -43.34796647602026809, 7.254787292035522306, 15.75706658444146413 ) ) ;
#2135 = CARTESIAN_POINT ( 'NONE',  ( -42.52117176321002034, 8.394796148653899337, -16.02192699577820179 ) ) ;
#2136 = CARTESIAN_POINT ( 'NONE',  ( 42.45466899598954313, 9.109897209906847593, -15.23922777758918201 ) ) ;
#2137 = CARTESIAN_POINT ( 'NONE',  ( 40.39106740344014668, 10.00000000000000000, -13.39106740344015556 ) ) ;
#2138 = CARTESIAN_POINT ( 'NONE',  ( 42.22990284847688258, 9.370349037863590524, -14.75869369442758661 ) ) ;
#2139 = CARTESIAN_POINT ( 'NONE',  ( 43.38200819255438745, 7.244583060574918854, -15.52879614408145414 ) ) ;
#2140 = CARTESIAN_POINT ( 'NONE',  ( 43.06337835323212460, 8.149288784333283076, 15.77079577227582341 ) ) ;
#2141 = CARTESIAN_POINT ( 'NONE',  ( 40.70751414271025226, 9.969624971514765122, -13.82641784929281847 ) ) ;
#2142 = ADVANCED_FACE ( 'NONE', ( #1214 ), #2752, .T. ) ;
#2143 = CARTESIAN_POINT ( 'NONE',  ( -41.03395980301604595, 9.869848555187115124, 14.26977707545453988 ) ) ;
#2144 = CARTESIAN_POINT ( 'NONE',  ( -42.51436518641069995, 7.244245943296092172, -16.38236231666745368 ) ) ;
#2145 = CARTESIAN_POINT ( 'NONE',  ( 40.92526374544632262, 9.922641919939321653, 14.07224916671101234 ) ) ;
#2146 = CARTESIAN_POINT ( 'NONE',  ( -42.57152084919638924, 9.061104144847046626, 14.97456615931254831 ) ) ;
#2147 = DIRECTION ( 'NONE',  ( 0.000000000000000000, -0.000000000000000000, 1.000000000000000000 ) ) ;
#2148 = CARTESIAN_POINT ( 'NONE',  ( -43.16066710904088666, 8.155840684054609824, -15.39582226422679767 ) ) ;
#2149 = LINE ( 'NONE', #3573, #3559 ) ;
#2150 = CARTESIAN_POINT ( 'NONE',  ( 42.91538114225969736, 7.961432519894636961, -16.06725008514471398 ) ) ;
#2151 = CARTESIAN_POINT ( 'NONE',  ( 42.43306748941352424, 7.881641187532665072, 16.25998078590025742 ) ) ;
#2152 = CARTESIAN_POINT ( 'NONE',  ( 40.69811217832714334, 9.983648399742287793, -13.68248191468916097 ) ) ;
#2153 = CARTESIAN_POINT ( 'NONE',  ( -40.45357179615999144, 10.00000000000000178, -13.47474381905430363 ) ) ;
#2154 = CARTESIAN_POINT ( 'NONE',  ( -41.35009562961101892, 9.843943734769929677, 14.10719859673376497 ) ) ;
#2155 = CARTESIAN_POINT ( 'NONE',  ( -42.52565042186493827, 7.334309440795764523, -16.37333166472817325 ) ) ;
#2156 = CARTESIAN_POINT ( 'NONE',  ( 41.08222830732058384, 9.920540185742611428, 13.91477833431878075 ) ) ;
#2157 = CARTESIAN_POINT ( 'NONE',  ( -41.85711417284605318, 9.235333203647266842, 15.39237095390477172 ) ) ;
#2158 = PLANE ( 'NONE',  #706 ) ;
#2159 = CARTESIAN_POINT ( 'NONE',  ( -41.92425641616682697, 9.174571821210141920, -15.45734675064006858 ) ) ;
#2160 = DIRECTION ( 'NONE',  ( 0.000000000000000000, 0.000000000000000000, 1.000000000000000000 ) ) ;
#2161 = CARTESIAN_POINT ( 'NONE',  ( 42.20740609573915947, 9.216900831185776966, 15.30891737165382338 ) ) ;
#2162 = CARTESIAN_POINT ( 'NONE',  ( -42.44301378101010869, 8.075555913803121655, -16.19136434641578504 ) ) ;
#2163 = CARTESIAN_POINT ( 'NONE',  ( 42.32236076636418431, 9.281166331645890111, -14.96849060931647557 ) ) ;
#2164 = CARTESIAN_POINT ( 'NONE',  ( -42.50000003413327931, 7.568596159584034311, 16.36538557940124861 ) ) ;
#2165 = ADVANCED_FACE ( 'NONE', ( #1949 ), #3165, .T. ) ;
#2166 = CARTESIAN_POINT ( 'NONE',  ( 43.25755472988896599, 7.888001577438670253, -15.45848421147876728 ) ) ;
#2167 = CARTESIAN_POINT ( 'NONE',  ( 42.66841198014294889, 8.427887561340289935, 15.94188509919474939 ) ) ;
#2168 = CARTESIAN_POINT ( 'NONE',  ( 40.90796942203220254, 9.946253396618104148, -13.93547680649794529 ) ) ;
#2169 = CARTESIAN_POINT ( 'NONE',  ( -40.64698651931606577, 9.981593093636924152, -13.73361548437214630 ) ) ;
#2170 = CARTESIAN_POINT ( 'NONE',  ( -41.06578241992935574, 9.877684983536454411, 14.24039482209556517 ) ) ;
#2171 = ORIENTED_EDGE ( 'NONE', *, *, #3321, .F. ) ;
#2172 = CARTESIAN_POINT ( 'NONE',  ( -43.38200819255509089, 7.244583060493475557, -15.52879614252519147 ) ) ;
#2173 = CARTESIAN_POINT ( 'NONE',  ( 40.84075898706910834, 9.938668971835376453, 14.00120668681005753 ) ) ;
#2174 = CARTESIAN_POINT ( 'NONE',  ( -43.34762123688672375, 7.516284983497829586, 15.49851193649605996 ) ) ;
#2175 = CARTESIAN_POINT ( 'NONE',  ( -42.20706149439504173, 9.312406585579706686, 15.11197273145124953 ) ) ;
#2176 = CARTESIAN_POINT ( 'NONE',  ( -40.77369491815498037, 9.953462564706653026, -13.91749384059167838 ) ) ;
#2177 = CARTESIAN_POINT ( 'NONE',  ( 40.39106740344013957, 10.00000000000000355, -13.39106740344015556 ) ) ;
#2178 = CARTESIAN_POINT ( 'NONE',  ( 41.85001982090431483, 9.231909271469916689, 15.39637455826733081 ) ) ;
#2179 = VECTOR ( 'NONE', #1140, 1000.000000000000000 ) ;
#2180 = CARTESIAN_POINT ( 'NONE',  ( 42.56767929194251110, 9.064933178629413391, -14.98242531099439390 ) ) ;
#2181 = DIRECTION ( 'NONE',  ( 0.000000000000000000, 0.000000000000000000, -1.000000000000000000 ) ) ;
#2182 = CARTESIAN_POINT ( 'NONE',  ( 43.13042457784645478, 7.954403403039076892, -15.82673321174140746 ) ) ;
#2183 = CARTESIAN_POINT ( 'NONE',  ( 42.39922880206269440, 8.662064736911927909, 15.86588135093545304 ) ) ;
#2184 = CARTESIAN_POINT ( 'NONE',  ( 40.51842143690706166, 9.996480994018027033, -13.55931877587217471 ) ) ;
#2185 = CARTESIAN_POINT ( 'NONE',  ( -40.86070641977160278, 9.942095887270586019, 13.98194682791754495 ) ) ;
#2186 = CARTESIAN_POINT ( 'NONE',  ( -43.38200819256211105, 7.244583060573180688, 15.52879614402356623 ) ) ;
#2187 = ORIENTED_EDGE ( 'NONE', *, *, #1274, .T. ) ;
#2188 = CARTESIAN_POINT ( 'NONE',  ( 42.94607055584362598, 7.174481725065400717, 16.27430649308006494 ) ) ;
#2189 = CARTESIAN_POINT ( 'NONE',  ( -43.37013529687181546, 7.337955913196711144, -15.58273000771845140 ) ) ;
#2190 = CARTESIAN_POINT ( 'NONE',  ( 41.03089447203019091, 9.927982513320209534, 13.96787580268109430 ) ) ;
#2191 = CARTESIAN_POINT ( 'NONE',  ( -43.34801059825392855, 7.513974939086822680, 15.48476051259062025 ) ) ;
#2192 = AXIS2_PLACEMENT_3D ( 'NONE', #2018, #613, #2828 ) ;
#2193 = CARTESIAN_POINT ( 'NONE',  ( -42.01664475631682905, 9.170550355823868571, 15.45376594762790745 ) ) ;
#2194 = DIRECTION ( 'NONE',  ( 0.000000000000000000, 0.000000000000000000, 1.000000000000000000 ) ) ;
#2195 = AXIS2_PLACEMENT_3D ( 'NONE', #2897, #355, #623 ) ;
#2196 = CARTESIAN_POINT ( 'NONE',  ( -43.20406480582953890, 7.176186972797745867, -16.04885893489430160 ) ) ;
#2197 = CARTESIAN_POINT ( 'NONE',  ( 42.17115219934090931, 9.343840186924911251, 15.07827714260996110 ) ) ;
#2198 = CARTESIAN_POINT ( 'NONE',  ( -42.19845132250060260, 9.378522085185247548, -14.88963145830215673 ) ) ;
#2199 = CARTESIAN_POINT ( 'NONE',  ( 42.35604486071278529, 9.209502503629190429, -15.15293836872197986 ) ) ;
#2200 = CARTESIAN_POINT ( 'NONE',  ( -44.50000000000001421, 0.000000000000000000, 15.50000000000000000 ) ) ;
#2201 = CARTESIAN_POINT ( 'NONE',  ( 43.06725009998250187, 7.961432519236538496, -15.91538112793914728 ) ) ;
#2202 = CARTESIAN_POINT ( 'NONE',  ( 42.88135752398665090, 8.675777914887458309, 15.18049096766279504 ) ) ;
#2203 = CARTESIAN_POINT ( 'NONE',  ( 40.51551810596250647, 9.996364305027579888, -13.56227552232814126 ) ) ;
#2204 = CARTESIAN_POINT ( 'NONE',  ( -40.73661751846793777, 9.981285794675772038, 13.64397908166656315 ) ) ;
#2205 = CARTESIAN_POINT ( 'NONE',  ( -43.33564216864118634, 7.530044569340410554, 15.63653860945640695 ) ) ;
#2206 = EDGE_LOOP ( 'NONE', ( #914, #3461, #863, #1539 ) ) ;
#2207 = CARTESIAN_POINT ( 'NONE',  ( -40.88404465045717018, 9.959222195871854311, -13.74938730055412073 ) ) ;
#2208 = CARTESIAN_POINT ( 'NONE',  ( 41.79118508628490503, 9.654955316233111873, -14.42048561642904936 ) ) ;
#2209 = CARTESIAN_POINT ( 'NONE',  ( 40.52084074103811417, 9.996570927335486800, 13.55685725921783202 ) ) ;
#2210 = CARTESIAN_POINT ( 'NONE',  ( -43.16046758775632952, 7.853276077099740959, 15.85187180122872874 ) ) ;
#2211 = CARTESIAN_POINT ( 'NONE',  ( -41.68353922207050033, 9.464156857365464859, 15.10382747422270455 ) ) ;
#2212 = CARTESIAN_POINT ( 'NONE',  ( 43.37617156416536801, 7.362787309988142681, -15.50000001714723652 ) ) ;
#2213 = EDGE_CURVE ( 'NONE', #1455, #3044, #2732, .T. ) ;
#2214 = FACE_OUTER_BOUND ( 'NONE', #3425, .T. ) ;
#2215 = CARTESIAN_POINT ( 'NONE',  ( 41.59613150985053664, 9.505983414212881399, 15.04315380203166974 ) ) ;
#2216 = CARTESIAN_POINT ( 'NONE',  ( -42.38382915529223993, 8.151706968064409864, 16.16269811606820994 ) ) ;
#2217 = ORIENTED_EDGE ( 'NONE', *, *, #514, .T. ) ;
#2218 = B_SPLINE_SURFACE_WITH_KNOTS ( 'NONE', 3, 3, ( 
 ( #3245, #2078, #2369, #1865, #1591, #1272, #3539, #1253, #2693, #728, #1848, #2638, #1574, #1831, #1009, #1559 ),
 ( #1292, #169, #152, #3520, #1026, #3206, #2116, #2679, #1309, #2405, #2134, #2349, #1904, #2186, #302, #2779 ),
 ( #533, #3318, #3080, #2802, #2462, #1134, #2447, #1955, #3043, #840, #261, #1405, #548, #2758, #2480, #1936 ),
 ( #1349, #320, #861, #1631, #7, #3060, #1112, #2740, #1365, #3579, #2517, #2205, #3339, #1078, #2174, #2191 ),
 ( #3306, #3030, #1653, #1617, #572, #3324, #868, #3344, #3086, #2723, #808, #537, #1637, #2745, #266, #3066 ),
 ( #1370, #3598, #828, #1924, #2763, #284, #1389, #2485, #1118, #2210, #2785, #1866, #710, #3501, #2931, #490 ),
 ( #729, #2657, #690, #2912, #367, #3170, #1772, #2891, #3098, #2530, #2259, #3542, #1043, #1869, #1593, #2990 ),
 ( #3003, #493, #781, #1608, #2696, #2712, #2426, #237, #3282, #2672, #464, #3257, #112, #913, #2371, #58 ),
 ( #1964, #2216, #1678, #2021, #851, #1414, #3071, #874, #632, #2272, #93, #1196, #1732, #2849, #1433, #363 ),
 ( #3112, #346, #2254, #1470, #52, #331, #311, #2000, #3350, #1983, #2792, #3385, #1160, #615, #2562, #1945 ),
 ( #1715, #2292, #1452, #652, #2526, #2509, #2868, #2830, #3093, #2544, #76, #599, #894, #34, #3422, #1144 ),
 ( #1697, #579, #1179, #2235, #3367, #2813, #3405, #379, #911, #3130, #929, #3148, #1751, #1485, #2581, #1124 ),
 ( #1842, #2926, #412, #1249, #2093, #2945, #3222, #2344, #468, #1786, #685, #2364, #1826, #2965, #3497, #2385 ),
 ( #3475, #3458, #1286, #394, #984, #2906, #2111, #2074, #1808, #3515, #2054, #2327, #1003, #741, #3201, #1571 ),
 ( #723, #2039, #1213, #2596, #704, #109, #3185, #429, #1022, #128, #184, #965, #448, #1230, #2653, #1519 ),
 ( #1503, #2310, #1535, #146, #2617, #3439, #668, #3240, #948, #2634, #3164, #165, #1554, #1267, #1768, #2886 ),
 ( #1600, #3551, #1037, #1909, #1097, #1890, #2128, #2433, #3290, #1862, #1053, #792, #2467, #759, #2146, #1082 ),
 ( #3013, #3261, #3276, #1371, #2193, #2419, #3031, #202, #267, #1876, #517, #216, #1353, #774, #2999, #501 ),
 ( #3600, #1925, #538, #809, #2983, #3568, #1618, #2705, #485, #1588, #553, #2725, #231, #1067, #1334, #2689 ),
 ( #1306, #1320, #2157, #247, #829, #2451, #3583, #3325, #2175, #3048, #2675, #1638, #2402, #3535, #3307, #2746 ),
 ( #2808, #70, #907, #1175, #326, #2015, #3363, #2230, #342, #3399, #924, #1447, #359, #1941, #1428, #1410 ),
 ( #1728, #3345, #285, #2288, #1996, #1390, #845, #3125, #627, #889, #1156, #2522, #47, #2249, #3380, #1978 ),
 ( #3107, #2558, #3142, #574, #2269, #2845, #30, #611, #1960, #1466, #2505, #3418, #3087, #1711, #3067, #1654 ),
 ( #1693, #1139, #2764, #2211, #89, #2487, #1672, #12, #869, #1191, #2825, #1119, #2786, #307, #2539, #593 ),
 ( #2592, #2881, #2921, #1282, #407, #2381, #1550, #1262, #2576, #1747, #3159, #1515, #1018, #124, #2612, #2940 ),
 ( #719, #1497, #425, #664, #3217, #2050, #1226, #3453, #1763, #443, #389, #2323, #698, #961, #141, #3180 ),
 ( #2107, #680, #375, #1781, #2901, #1244, #2649, #3470, #104, #2339, #977, #3432, #2068, #3196, #179, #2306 ),
 ( #2630, #1803, #1531, #1208, #161, #3511, #647, #2359, #3492, #2864, #1822, #998, #2089, #1481, #943, #2034 ),
 ( #480, #1064, #3027, #2461, #1077, #1348, #197, #2996, #1330, #3548, #2397, #1032, #1092, #3287, #3273, #498 ),
 ( #1857, #1568, #1050, #1887, #2702, #2960, #532, #260, #1630, #1316, #228, #2446, #2154, #3255, #3578, #804 ),
 ( #771, #2143, #512, #243, #2170, #3236, #2685, #2718, #1597, #3302, #737, #3593, #1903, #1302, #1364, #3529 ),
 ( #2739, #2124, #1873, #2416, #2430, #213, #2670, #3565, #1838, #755, #2978, #789, #462, #3009, #1613, #1584 ),
 ( #1990, #1721, #2533, #353, #2185, #1460, #1422, #2499, #3358, #606, #1440, #1704, #860, #2553, #300, #2778 ),
 ( #337, #83, #881, #902, #2479, #1954, #1935, #3394, #5, #3079, #1404, #622, #586, #319, #3120, #567 ),
 ( #1973, #2839, #1687, #3317, #823, #2819, #547, #1919, #1111, #2801, #3042, #1667, #2516, #1647, #2204, #2262 ),
 ( #3102, #3338, #1169, #25, #1133, #2224, #839, #2757, #3059, #41, #2242, #1150, #3374, #62, #279, #1384 ),
 ( #919, #936, #1203, #2875, #3211, #401, #3137, #956, #1775, #370, #2030, #2895, #992, #2859, #3154, #3192 ),
 ( #1510, #640, #659, #3485, #714, #1757, #421, #2282, #2353, #385, #2606, #2299, #3464, #1492, #2588, #119 ) ),
 .UNSPECIFIED., .F., .F., .F.,
 ( 4, 2, 2, 2, 2, 2, 2, 2, 2, 2, 2, 2, 2, 2, 2, 2, 2, 2, 4 ),
 ( 4, 2, 1, 2, 2, 2, 1, 2, 4 ),
 ( 0.000000000000000000, 0.05504582538572985739, 0.1100916507714597148, 0.1651374761571895722, 0.2201833015429194296, 0.2831320668928261064, 0.3460808322427327277, 0.4090295975926393490, 0.4405039802675926874, 0.4719783629425460258, 0.5055608979267365299, 0.5391434329109270340, 0.6063085028793080422, 0.6734735728476890504, 0.7406386428160699475, 0.8054789821120524884, 0.8703193214080349183, 0.9351596607040174591, 1.000000000000000000 ),
 ( 0.000000000000000000, 0.03125000000000000000, 0.1250000000000000000, 0.2500000000000000000, 0.5000000000000000000, 0.7500000000000000000, 0.9375000000000000000, 0.9687500000000000000, 1.000000000000000000 ),
 .UNSPECIFIED. ) ;
#2219 = FACE_OUTER_BOUND ( 'NONE', #1614, .T. ) ;
#2220 = CARTESIAN_POINT ( 'NONE',  ( 42.44574747013837879, 7.885216054375714378, -16.25889167008233827 ) ) ;
#2221 = CARTESIAN_POINT ( 'NONE',  ( 42.19024746864965181, 8.680343203397857366, 15.87828631976648275 ) ) ;
#2222 = CARTESIAN_POINT ( 'NONE',  ( 40.45284574304095315, 10.00000000000000000, -13.47548092767805805 ) ) ;
#2223 = CARTESIAN_POINT ( 'NONE',  ( -40.73661751613060034, 9.981285794920657040, -13.64397908487399391 ) ) ;
#2224 = CARTESIAN_POINT ( 'NONE',  ( -40.52519647940276570, 9.996680589054088628, 13.55244386648736565 ) ) ;
#2225 = ORIENTED_EDGE ( 'NONE', *, *, #1801, .T. ) ;
#2226 = CARTESIAN_POINT ( 'NONE',  ( -43.25727541547204424, 7.983221880678978088, -15.43487231443627294 ) ) ;
#2227 = CARTESIAN_POINT ( 'NONE',  ( 41.69795749332789825, 9.543499304154998697, -14.96602619567598680 ) ) ;
#2228 = CARTESIAN_POINT ( 'NONE',  ( 40.71261500454745885, 9.970301387408616378, 13.82138009111571186 ) ) ;
#2229 = CARTESIAN_POINT ( 'NONE',  ( -41.34478923549914953, 9.845618497804705882, -14.11307307342561579 ) ) ;
#2230 = CARTESIAN_POINT ( 'NONE',  ( -42.07827714266041141, 9.343840187072018466, 15.17115219927155145 ) ) ;
#2231 = CARTESIAN_POINT ( 'NONE',  ( 41.84752995424798883, 9.624289802164991414, -14.44697686455611851 ) ) ;
#2232 = CARTESIAN_POINT ( 'NONE',  ( 41.73306301979736332, 9.358383632349100978, 15.24603010942076509 ) ) ;
#2233 = CARTESIAN_POINT ( 'NONE',  ( 41.71253468400730924, 9.476470198505216658, 15.08358385534435975 ) ) ;
#2234 = CARTESIAN_POINT ( 'NONE',  ( -41.72597093922930611, 9.680381939299092409, -14.49882094500500429 ) ) ;
#2235 = CARTESIAN_POINT ( 'NONE',  ( -42.27909304662662748, 8.618546545987689100, 15.91678318258891700 ) ) ;
#2236 = CARTESIAN_POINT ( 'NONE',  ( -41.93841770882558961, 9.313482529073509042, -15.28447616472208992 ) ) ;
#2237 = ORIENTED_EDGE ( 'NONE', *, *, #1507, .T. ) ;
#2238 = CARTESIAN_POINT ( 'NONE',  ( 42.26887650320247047, 9.339566396019529648, -14.78724504610065082 ) ) ;
#2239 = VECTOR ( 'NONE', #870, 1000.000000000000000 ) ;
#2240 = CARTESIAN_POINT ( 'NONE',  ( 42.30650692842552729, 8.729073810353767726, -15.83362308452301903 ) ) ;
#2241 = CARTESIAN_POINT ( 'NONE',  ( 42.44375755352414359, 8.372277270130165761, 16.05365699028536142 ) ) ;
#2242 = CARTESIAN_POINT ( 'NONE',  ( -40.55342264117090423, 9.996662232283203053, 13.52422781362279913 ) ) ;
#2243 = CARTESIAN_POINT ( 'NONE',  ( -41.05449647779585121, 9.925287900288532583, -13.94364194470839458 ) ) ;
#2244 = EDGE_CURVE ( 'NONE', #2314, #2621, #776, .T. ) ;
#2245 = ORIENTED_EDGE ( 'NONE', *, *, #3321, .T. ) ;
#2246 = CARTESIAN_POINT ( 'NONE',  ( -42.18087854140616599, 9.407989756097542511, -14.68641767482154314 ) ) ;
#2247 = CARTESIAN_POINT ( 'NONE',  ( 41.65435884270151945, 9.451129921381347998, -15.12374584204627048 ) ) ;
#2248 = CARTESIAN_POINT ( 'NONE',  ( 40.56178234291888884, 9.996384919380114198, 13.51600202387418470 ) ) ;
#2249 = CARTESIAN_POINT ( 'NONE',  ( -42.27704875724968758, 9.333523443693298560, 14.77411187506083756 ) ) ;
#2250 = DIRECTION ( 'NONE',  ( 1.295433309170826946E-15, 0.000000000000000000, -1.000000000000000000 ) ) ;
#2251 = DIRECTION ( 'NONE',  ( 0.000000000000000000, 0.000000000000000000, -1.000000000000000000 ) ) ;
#2252 = CARTESIAN_POINT ( 'NONE',  ( 41.73950445531760778, 9.361500643366705177, 15.24206472612559793 ) ) ;
#2253 = CARTESIAN_POINT ( 'NONE',  ( -41.47701467584104762, 9.607000587128295521, -14.87864186689840906 ) ) ;
#2254 = CARTESIAN_POINT ( 'NONE',  ( -42.34157003885709969, 8.334620312857831337, 16.07960537370206211 ) ) ;
#2255 = CARTESIAN_POINT ( 'NONE',  ( -42.73056932309799549, 8.705054999595766674, -15.60355237861103106 ) ) ;
#2256 = ORIENTED_EDGE ( 'NONE', *, *, #1970, .F. ) ;
#2257 = CARTESIAN_POINT ( 'NONE',  ( 42.35421285940266500, 9.268930451686768990, -14.82970638949662856 ) ) ;
#2258 = AXIS2_PLACEMENT_3D ( 'NONE', #1643, #1, #855 ) ;
#2259 = CARTESIAN_POINT ( 'NONE',  ( -43.21107331457845646, 7.930785515344895842, 15.66018436277084191 ) ) ;
#2260 = CARTESIAN_POINT ( 'NONE',  ( 42.18049096843717649, 8.675777915351130076, -15.88135752367547049 ) ) ;
#2261 = CARTESIAN_POINT ( 'NONE',  ( 41.99792853273160631, 9.025635441456186570, 15.60452274206943812 ) ) ;
#2262 = CARTESIAN_POINT ( 'NONE',  ( -40.73762081268473167, 9.981176790778528485, 13.64297353253565248 ) ) ;
#2263 = CARTESIAN_POINT ( 'NONE',  ( -41.26977707538749485, 9.869848555207450858, -14.03395980307378288 ) ) ;
#2264 = CARTESIAN_POINT ( 'NONE',  ( 42.51436518495347627, 7.244245942588421805, -16.38236231671185905 ) ) ;
#2265 = CARTESIAN_POINT ( 'NONE',  ( 43.38691631442735286, 7.157765261563440617, 15.51449160947999495 ) ) ;
#2266 = CARTESIAN_POINT ( 'NONE',  ( 41.76301263303801647, 9.492324496257221966, -15.04435473388588385 ) ) ;
#2267 = CARTESIAN_POINT ( 'NONE',  ( 40.55244386662534595, 9.996680589052921562, 13.52519647924541069 ) ) ;
#2268 = CARTESIAN_POINT ( 'NONE',  ( -41.36070354230320589, 9.840503873647699962, -14.09542363840340151 ) ) ;
#2269 = CARTESIAN_POINT ( 'NONE',  ( -41.81560345795472244, 9.394487634005070475, 15.19215673808949418 ) ) ;
#2270 = CARTESIAN_POINT ( 'NONE',  ( 41.43337997781434012, 9.813116279066818493, -14.14804704297806914 ) ) ;
#2271 = CARTESIAN_POINT ( 'NONE',  ( 42.14048242943184874, 9.397579699602587766, 14.96322154306422725 ) ) ;
#2272 = CARTESIAN_POINT ( 'NONE',  ( -43.02642757933259787, 8.243192750719201101, 15.74022662948839901 ) ) ;
#2273 = CARTESIAN_POINT ( 'NONE',  ( -42.55896057734818072, 8.941357057040672629, -15.44183701184500279 ) ) ;
#2274 = CARTESIAN_POINT ( 'NONE',  ( -42.12765550506986756, 9.448363617228018541, -14.64848168250119187 ) ) ;
#2275 = VERTEX_POINT ( 'NONE', #3440 ) ;
#2276 = CARTESIAN_POINT ( 'NONE',  ( 41.88963145835833757, 9.378522085255038832, -15.19845132242162933 ) ) ;
#2277 = B_SPLINE_CURVE_WITH_KNOTS ( 'NONE', 3,
 ( #32, #2847, #91, #2491, #49, #328, #3401, #1730, #1431, #2290, #1695, #1449, #1141, #909, #595, #2232, #871, #2542, #3420, #3348, #361, #3109, #1962, #73, #1468, #3090, #2524, #2810, #2560, #3069, #927, #1158, #1943, #126, #3435, #2903, #163, #980 ),
 .UNSPECIFIED., .F., .F.,
 ( 4, 2, 2, 2, 2, 2, 2, 2, 2, 2, 2, 2, 2, 2, 2, 2, 2, 2, 4 ),
 ( 0.000000000000000000, 0.06484033930359323072, 0.1296806786071864614, 0.1945210179107796922, 0.2593613572143729229, 0.3265264271866589185, 0.3936914971589449141, 0.4608565671312309098, 0.4944391021173738521, 0.5280216371035169054, 0.5594960197759711873, 0.5909704024484254692, 0.6539191677933342550, 0.7168679331382428188, 0.7798166984831516046, 0.8348625238623637035, 0.8899083492415758023, 0.9449541746207879012, 1.000000000000000000 ),
 .UNSPECIFIED. ) ;
#2278 = CARTESIAN_POINT ( 'NONE',  ( 42.21798788893946863, 8.591995904215218971, -15.93585426525619120 ) ) ;
#2279 = CARTESIAN_POINT ( 'NONE',  ( 42.26776037743689329, 9.151456140078655821, 15.37342481228911062 ) ) ;
#2280 = ADVANCED_FACE ( 'NONE', ( #2797 ), #2724, .T. ) ;
#2281 = B_SPLINE_CURVE_WITH_KNOTS ( 'NONE', 3,
 ( #315, #2773, #2513, #1399, #1418, #38, #1197, #2293, #2022, #3536, #1769, #1038, #1004, #2075, #2927, #185, #1023, #1288, #430, #2130, #3476, #449, #3516, #3262, #1555, #469, #2055, #1537, #1520, #2966, #3186, #2635, #985, #203, #166, #3498, #1572, #148 ),
 .UNSPECIFIED., .F., .F.,
 ( 4, 2, 2, 2, 2, 2, 2, 2, 2, 2, 2, 2, 2, 2, 2, 2, 2, 2, 4 ),
 ( 0.000000000000000000, 0.05504582537921211272, 0.1100916507584242254, 0.1651374761376363520, 0.2201833015168484509, 0.2831320668617571257, 0.3460808322066658005, 0.4090295975515744753, 0.4405039802240288127, 0.4719783628964831501, 0.5055608978826261479, 0.5391434328687690902, 0.6063085028410550859, 0.6734735728133410815, 0.7406386427856270771, 0.8054789820892203078, 0.8703193213928135386, 0.9351596606964067693, 1.000000000000000000 ),
 .UNSPECIFIED. ) ;
#2282 = CARTESIAN_POINT ( 'NONE',  ( -40.39106740344016089, 10.00000000000000000, 13.39106740344014845 ) ) ;
#2283 = CARTESIAN_POINT ( 'NONE',  ( -41.01523768291190919, 9.928826532134642946, -13.98372281319489474 ) ) ;
#2284 = DIRECTION ( 'NONE',  ( -0.000000000000000000, -1.000000000000000000, -0.000000000000000000 ) ) ;
#2285 = CARTESIAN_POINT ( 'NONE',  ( 42.48476051239524764, 7.513974939043854384, 16.34801059826105885 ) ) ;
#2286 = CARTESIAN_POINT ( 'NONE',  ( 41.64848168262043515, 9.448363617298804584, -15.12765550496983735 ) ) ;
#2287 = CARTESIAN_POINT ( 'NONE',  ( 40.39106740344013957, 10.00000000000000000, 13.39106740344015556 ) ) ;
#2288 = CARTESIAN_POINT ( 'NONE',  ( -41.80037843385488117, 9.345609456771260426, 15.26070411421026485 ) ) ;
#2289 = CARTESIAN_POINT ( 'NONE',  ( 42.49999999999998579, 7.157007868728831212, -16.38695600770387628 ) ) ;
#2290 = CARTESIAN_POINT ( 'NONE',  ( 41.22379243971555240, 9.773784250768272841, 14.53798033875270157 ) ) ;
#2291 = CARTESIAN_POINT ( 'NONE',  ( 41.95163849105195908, 9.513954951093817058, 14.87105256901849515 ) ) ;
#2292 = CARTESIAN_POINT ( 'NONE',  ( -42.29817789178681409, 8.421562462249541525, 16.03485124320248190 ) ) ;
#2293 = CARTESIAN_POINT ( 'NONE',  ( 43.19885968583922420, 8.060316039980541802, 15.39420867183856245 ) ) ;
#2294 = CARTESIAN_POINT ( 'NONE',  ( -42.60452272276551611, 9.025635462682226162, -14.99792857552385961 ) ) ;
#2295 = ORIENTED_EDGE ( 'NONE', *, *, #2774, .F. ) ;
#2296 = EDGE_CURVE ( 'NONE', #3010, #321, #1514, .T. ) ;
#2297 = CARTESIAN_POINT ( 'NONE',  ( 42.93585426525619653, 8.591995904215213642, -15.21798788893947396 ) ) ;
#2298 = CARTESIAN_POINT ( 'NONE',  ( 42.05287474621596289, 9.097383413100228466, 15.53129665262505732 ) ) ;
#2299 = CARTESIAN_POINT ( 'NONE',  ( -40.39106740344015378, 10.00000000000000355, 13.39106740344014845 ) ) ;
#2300 = LOCAL_TIME ( 14, 50, 7.000000000000000000, #2611 ) ;
#2301 = CARTESIAN_POINT ( 'NONE',  ( -41.24039482204943141, 9.877684983550286901, -14.06578241997555700 ) ) ;
#2302 = CARTESIAN_POINT ( 'NONE',  ( 43.04438575659809629, 7.176187423156031642, -16.20853795074089732 ) ) ;
#2303 = CARTESIAN_POINT ( 'NONE',  ( 43.28580625960696437, 7.793397569794455748, 15.46246449077046314 ) ) ;
#2304 = CARTESIAN_POINT ( 'NONE',  ( 41.50464945971575048, 9.786312939019627066, -14.26218884530735309 ) ) ;
#2305 = APPROVAL_DATE_TIME ( #1821, #181 ) ;
#2306 = CARTESIAN_POINT ( 'NONE',  ( -41.79813395808623966, 9.651356278544472644, 14.41167801565089057 ) ) ;
#2307 = DIRECTION ( 'NONE',  ( -0.000000000000000000, -0.9986295347545739443, -0.05233595624294389015 ) ) ;
#2308 = CARTESIAN_POINT ( 'NONE',  ( -43.38350387982999479, 7.161379694205334268, -15.58687152736589354 ) ) ;
#2309 = CARTESIAN_POINT ( 'NONE',  ( 41.79467151891549292, 9.653185662868644101, 14.41608530124191390 ) ) ;
#2310 = CARTESIAN_POINT ( 'NONE',  ( -41.99792857538133006, 9.025635462588043723, 15.60452272285192876 ) ) ;
#2311 = CARTESIAN_POINT ( 'NONE',  ( -43.38662093148275289, 7.163401503905021173, 15.62233290294947885 ) ) ;
#2312 = CARTESIAN_POINT ( 'NONE',  ( -42.19808287720805140, 8.880501078653479041, -15.72457158747913475 ) ) ;
#2313 = CARTESIAN_POINT ( 'NONE',  ( -41.64848168250131266, 9.448363617228100253, -15.12765550506972900 ) ) ;
#2314 = VERTEX_POINT ( 'NONE', #1661 ) ;
#2315 = AXIS2_PLACEMENT_3D ( 'NONE', #3149, #3589, #2181 ) ;
#2316 = CARTESIAN_POINT ( 'NONE',  ( 43.03485124023914210, 8.421562467553991738, -15.29817790663732424 ) ) ;
#2317 = CARTESIAN_POINT ( 'NONE',  ( 41.98242531029858071, 9.064933178176838524, 15.56767929237080494 ) ) ;
#2318 = CARTESIAN_POINT ( 'NONE',  ( -40.66507056211411708, 9.976417192116878496, 13.76812532480688667 ) ) ;
#2319 = CARTESIAN_POINT ( 'NONE',  ( 43.27044834864089751, 7.260511809342037992, -15.94365679894911203 ) ) ;
#2320 = CARTESIAN_POINT ( 'NONE',  ( 42.51436518634583450, 7.244245943291097056, 16.38236231666872200 ) ) ;
#2321 = CARTESIAN_POINT ( 'NONE',  ( 41.53497283918605376, 9.775019379031991917, -14.22729917044303605 ) ) ;
#2322 = COORDINATED_UNIVERSAL_TIME_OFFSET ( 10, 0, .AHEAD. ) ;
#2323 = CARTESIAN_POINT ( 'NONE',  ( -41.84193307025812913, 9.625789388189682327, 14.52424752244577455 ) ) ;
#2324 = CARTESIAN_POINT ( 'NONE',  ( 41.03127335517079644, 9.869103040666457716, -14.27223084289179411 ) ) ;
#2325 = CARTESIAN_POINT ( 'NONE',  ( -43.28669462001693802, 7.790101580008801818, 15.44953432488329526 ) ) ;
#2326 = CARTESIAN_POINT ( 'NONE',  ( 41.43560752721921148, 9.769291057972630199, 14.49245207901192600 ) ) ;
#2327 = CARTESIAN_POINT ( 'NONE',  ( -42.72457158754209416, 8.880501078576775953, 15.19808287708796435 ) ) ;
#2328 = CARTESIAN_POINT ( 'NONE',  ( -42.33221980704516341, 8.279545747912909093, -16.10473675711580555 ) ) ;
#2329 = CARTESIAN_POINT ( 'NONE',  ( -42.07470914733992373, 8.920670465822785999, -15.69749003500865037 ) ) ;
#2330 = ORIENTED_EDGE ( 'NONE', *, *, #1579, .T. ) ;
#2331 = CYLINDRICAL_SURFACE ( 'NONE', #938, 3.000000000000002665 ) ;
#2332 = CARTESIAN_POINT ( 'NONE',  ( 42.37748500886664260, 8.932484534822881628, -15.61177886677750770 ) ) ;
#2333 = CARTESIAN_POINT ( 'NONE',  ( 42.68231797077280731, 8.936582653833932355, 15.10876007745761918 ) ) ;
#2334 = CARTESIAN_POINT ( 'NONE',  ( -41.11763339649395022, 9.828315715786077433, 14.39139470627333139 ) ) ;
#2335 = ORIENTED_EDGE ( 'NONE', *, *, #2624, .F. ) ;
#2336 = CARTESIAN_POINT ( 'NONE',  ( 43.33070191008933136, 7.606221077952667997, 15.47537405648423281 ) ) ;
#2337 = CARTESIAN_POINT ( 'NONE',  ( 41.33151187996984532, 9.849595144580762351, -14.12769875156602239 ) ) ;
#2338 = DATE_TIME_ROLE ( 'creation_date' ) ;
#2339 = CARTESIAN_POINT ( 'NONE',  ( -41.68029190301356124, 9.691113708535402438, 14.55003143506896279 ) ) ;
#2340 = DIRECTION ( 'NONE',  ( 0.000000000000000000, 0.000000000000000000, -1.000000000000000000 ) ) ;
#2341 = LINE ( 'NONE', #945, #641 ) ;
#2342 = CARTESIAN_POINT ( 'NONE',  ( 41.86039639055695716, 9.616660966239553687, 14.50067197947797126 ) ) ;
#2343 = CARTESIAN_POINT ( 'NONE',  ( -41.36051574613890125, 9.802849420293362925, -14.41302107579844538 ) ) ;
#2344 = CARTESIAN_POINT ( 'NONE',  ( -42.55101316812444878, 8.786780879550768475, 15.67489785184519491 ) ) ;
#2345 = CARTESIAN_POINT ( 'NONE',  ( -41.81575768938612470, 9.261638872025354630, -15.36211550589805874 ) ) ;
#2346 = CARTESIAN_POINT ( 'NONE',  ( -42.91538112796228432, 7.961432519294965537, -16.06725009989747477 ) ) ;
#2347 = CARTESIAN_POINT ( 'NONE',  ( -41.86039639021401371, 9.616660966431558322, -14.50067197983723410 ) ) ;
#2348 = ORIENTED_EDGE ( 'NONE', *, *, #2549, .T. ) ;
#2349 = CARTESIAN_POINT ( 'NONE',  ( -43.37280578200949321, 7.250897078923436823, 15.65812224200878511 ) ) ;
#2350 = EDGE_CURVE ( 'NONE', #3044, #3151, #2281, .T. ) ;
#2351 = CARTESIAN_POINT ( 'NONE',  ( 42.60452274164588715, 9.025635441919531488, -14.99792853345134347 ) ) ;
#2352 = CARTESIAN_POINT ( 'NONE',  ( 41.82970638886344972, 9.268930451272510140, 15.35421285988122087 ) ) ;
#2353 = CARTESIAN_POINT ( 'NONE',  ( -40.39106740344016089, 10.00000000000000000, 13.39106740344014845 ) ) ;
#2354 = CARTESIAN_POINT ( 'NONE',  ( -40.90796925326421274, 9.946253391798544286, -13.93547696765259047 ) ) ;
#2355 = CARTESIAN_POINT ( 'NONE',  ( 43.34704181253576394, 7.517056825923395635, -15.51238898821991619 ) ) ;
#2356 = CARTESIAN_POINT ( 'NONE',  ( 42.75204441452152082, 7.347245440203008293, 16.33874051785622328 ) ) ;
#2357 = CARTESIAN_POINT ( 'NONE',  ( 41.03127335517079644, 9.869103040666457716, -14.27223084289179411 ) ) ;
#2358 = CARTESIAN_POINT ( 'NONE',  ( 40.39106740344013957, 10.00000000000000000, 13.39106740344015556 ) ) ;
#2359 = CARTESIAN_POINT ( 'NONE',  ( -41.43560776619681718, 9.769291073335441666, 14.49245183693668437 ) ) ;
#2360 = CARTESIAN_POINT ( 'NONE',  ( 42.49999999999998579, 0.000000000000000000, -15.50000000000000178 ) ) ;
#2361 = CARTESIAN_POINT ( 'NONE',  ( -41.36070354237891422, 9.840503873622093778, 14.09542363833853784 ) ) ;
#2362 = CARTESIAN_POINT ( 'NONE',  ( 41.56086626311650178, 9.758292740839044299, 14.36239617605543373 ) ) ;
#2363 = CARTESIAN_POINT ( 'NONE',  ( -41.29500691133687695, 9.738570170285846928, -14.61965693066268202 ) ) ;
#2364 = CARTESIAN_POINT ( 'NONE',  ( -42.84294740849649230, 8.722421420686545801, 15.28734648510433480 ) ) ;
#2365 = CARTESIAN_POINT ( 'NONE',  ( -41.29509703277960853, 9.729534750472684124, -14.63682132660152568 ) ) ;
#2366 = CARTESIAN_POINT ( 'NONE',  ( -42.48883662320231025, 7.608880114107376080, -16.33016520549292139 ) ) ;
#2367 = CARTESIAN_POINT ( 'NONE',  ( -42.10382747413502358, 9.464156857428537961, -14.68353922217449359 ) ) ;
#2368 = ORIENTED_EDGE ( 'NONE', *, *, #1129, .F. ) ;
#2369 = CARTESIAN_POINT ( 'NONE',  ( -42.52898203942011435, 7.158503800891206303, 16.38651805434956188 ) ) ;
#2370 = CARTESIAN_POINT ( 'NONE',  ( -42.48387494290531663, 7.894085782144840913, -16.25417928736904472 ) ) ;
#2371 = CARTESIAN_POINT ( 'NONE',  ( -43.19733992585928917, 8.064367445382327304, 15.40642108003292421 ) ) ;
#2372 = CARTESIAN_POINT ( 'NONE',  ( 42.62816842213518242, 8.975975457353474241, -15.20983239416036525 ) ) ;
#2373 = CARTESIAN_POINT ( 'NONE',  ( 41.96849060894913208, 9.281166331255489510, 15.32236076675754610 ) ) ;
#2374 = DIRECTION ( 'NONE',  ( -0.000000000000000000, -0.000000000000000000, 1.000000000000000000 ) ) ;
#2375 = CARTESIAN_POINT ( 'NONE',  ( -40.94916953244807445, 9.945622525251433643, -13.89416398912927519 ) ) ;
#2376 = CLOSED_SHELL ( 'NONE', ( #3169, #147, #3481, #3434, #639, #783, #64, #3291, #2098, #1648 ) ) ;
#2377 = CARTESIAN_POINT ( 'NONE',  ( 43.34504131628397516, 7.520010140762826367, -15.53999668878609342 ) ) ;
#2378 = CARTESIAN_POINT ( 'NONE',  ( 43.25080385270452155, 7.900169961585455702, 15.50926560715241287 ) ) ;
#2379 = CARTESIAN_POINT ( 'NONE',  ( 41.59079680415570124, 9.750198613860900920, -14.32893613330702287 ) ) ;
#2380 = CARTESIAN_POINT ( 'NONE',  ( -40.47254137750528713, 10.00000000000000888, -13.45574398885509382 ) ) ;
#2381 = CARTESIAN_POINT ( 'NONE',  ( -41.69795749324644873, 9.543499304037334596, 14.96602619584742122 ) ) ;
#2382 = CARTESIAN_POINT ( 'NONE',  ( 40.90210608061451580, 9.917831340991677180, -14.09424542774061884 ) ) ;
#2383 = CARTESIAN_POINT ( 'NONE',  ( -43.19885968577442270, 8.060316040153949757, 15.39420867223015499 ) ) ;
#2384 = CARTESIAN_POINT ( 'NONE',  ( 41.23079908560553264, 9.776213651716901154, 14.53195570468590070 ) ) ;
#2385 = CARTESIAN_POINT ( 'NONE',  ( -42.88135752379987764, 8.675777915165783227, 15.18049096812753262 ) ) ;
#2386 = CARTESIAN_POINT ( 'NONE',  ( -42.05204638433772857, 8.921539656472456059, -15.69697970181586477 ) ) ;
#2387 = CARTESIAN_POINT ( 'NONE',  ( -43.28580625956910666, 7.793397569933249613, -15.46246449117785282 ) ) ;
#2388 = ORIENTED_EDGE ( 'NONE', *, *, #51, .T. ) ;
#2389 = CARTESIAN_POINT ( 'NONE',  ( -42.40642108016313472, 8.064367445432642612, -16.19733992583995175 ) ) ;
#2390 = CARTESIAN_POINT ( 'NONE',  ( -40.39106740344013247, 10.00000000000000355, -13.39106740344015556 ) ) ;
#2391 = CARTESIAN_POINT ( 'NONE',  ( 42.70114287127944408, 8.916560022724835832, -15.06618280146176581 ) ) ;
#2392 = DIRECTION ( 'NONE',  ( 0.000000000000000000, -1.000000000000000000, 0.000000000000000000 ) ) ;
#2393 = CARTESIAN_POINT ( 'NONE',  ( 42.94236692388393095, 7.859384227423650060, 16.09669480716429391 ) ) ;
#2394 = CARTESIAN_POINT ( 'NONE',  ( 41.03089464497237060, 9.927982499807823658, -13.96787561223919916 ) ) ;
#2395 = CARTESIAN_POINT ( 'NONE',  ( -40.51648591528282140, 9.996404748434208898, -13.56128942590281561 ) ) ;
#2396 = EDGE_CURVE ( 'NONE', #262, #2463, #603, .T. ) ;
#2397 = CARTESIAN_POINT ( 'NONE',  ( -41.48293745751053052, 9.792130574776122032, 14.28625581817080636 ) ) ;
#2398 = DIRECTION ( 'NONE',  ( 0.000000000000000000, 0.000000000000000000, -1.000000000000000000 ) ) ;
#2399 = CARTESIAN_POINT ( 'NONE',  ( -43.32768885499846334, 7.348277508387525359, -15.77847203588522440 ) ) ;
#2400 = CARTESIAN_POINT ( 'NONE',  ( 40.86958768814388776, 9.943256423842226965, 13.97329185209383517 ) ) ;
#2401 = CARTESIAN_POINT ( 'NONE',  ( -41.52028191544990676, 9.766597412356793129, -14.40660229244410750 ) ) ;
#2402 = CARTESIAN_POINT ( 'NONE',  ( -42.38421078574951650, 9.241953846399571404, 14.87125053789234386 ) ) ;
#2403 = CARTESIAN_POINT ( 'NONE',  ( -41.13444545353006276, 9.820001252370500922, -14.41459905068108860 ) ) ;
#2404 = CARTESIAN_POINT ( 'NONE',  ( -42.15293836868141852, 9.209502503566300291, -15.35604486075511588 ) ) ;
#2405 = CARTESIAN_POINT ( 'NONE',  ( -43.27044834859106714, 7.260511809340249201, 15.94365679915516587 ) ) ;
#2406 = CARTESIAN_POINT ( 'NONE',  ( -42.44375755406092310, 8.372277270515484204, -16.05365699019928982 ) ) ;
#2407 = EDGE_CURVE ( 'NONE', #262, #2815, #775, .T. ) ;
#2408 = CARTESIAN_POINT ( 'NONE',  ( -40.39106740344013247, 10.00000000000000000, -13.39106740344015734 ) ) ;
#2409 = CARTESIAN_POINT ( 'NONE',  ( 41.99792857566640691, 9.025635462776238072, -15.60452272268002893 ) ) ;
#2410 = LINE ( 'NONE', #1834, #1105 ) ;
#2411 = CARTESIAN_POINT ( 'NONE',  ( 43.37388189957884777, 7.332410560595729265, -15.49707348786714078 ) ) ;
#2412 = CARTESIAN_POINT ( 'NONE',  ( 43.16046757948642920, 7.853276062144771252, 15.85187177102388389 ) ) ;
#2413 = CARTESIAN_POINT ( 'NONE',  ( 40.70592993449744768, 9.983466512968542261, -13.67467324078368840 ) ) ;
#2414 = DATE_AND_TIME ( #1566, #171 ) ;
#2415 = CARTESIAN_POINT ( 'NONE',  ( -40.47523497763292966, 10.00000000000000178, -13.45308792711548840 ) ) ;
#2416 = CARTESIAN_POINT ( 'NONE',  ( -40.91477833443858714, 9.920540185777904085, 14.08222830716939100 ) ) ;
#2417 = CARTESIAN_POINT ( 'NONE',  ( -43.23135572209555022, 7.549486992696308185, -15.91183395519431265 ) ) ;
#2418 = CARTESIAN_POINT ( 'NONE',  ( 41.18742496256137997, 9.859820121090958622, 14.27524186844332910 ) ) ;
#2419 = CARTESIAN_POINT ( 'NONE',  ( -42.06753943642029014, 9.187001814265569166, 15.41915912760116392 ) ) ;
#2420 = LINE ( 'NONE', #2727, #1005 ) ;
#2421 = CC_DESIGN_APPROVAL ( #181, ( #3486 ) ) ;
#2422 = CARTESIAN_POINT ( 'NONE',  ( -42.17672232104713004, 9.248707019647685712, -15.27611191501890175 ) ) ;
#2423 = CARTESIAN_POINT ( 'NONE',  ( 40.39106740344015378, 10.00000000000000355, -13.39106740344015911 ) ) ;
#2424 = CARTESIAN_POINT ( 'NONE',  ( -42.31872011225787844, 8.325649545252591821, -16.08430323997698608 ) ) ;
#2425 = CARTESIAN_POINT ( 'NONE',  ( 41.93431824143819853, 9.269362720952564416, -15.34588194573852959 ) ) ;
#2426 = CARTESIAN_POINT ( 'NONE',  ( -42.77079577237345376, 8.149288784485966275, 16.06337835322835161 ) ) ;
#2427 = DIRECTION ( 'NONE',  ( 0.000000000000000000, 0.000000000000000000, -1.000000000000000000 ) ) ;
#2428 = CARTESIAN_POINT ( 'NONE',  ( 42.85187180088284720, 7.853276076924868399, 16.16046758780878534 ) ) ;
#2429 = CARTESIAN_POINT ( 'NONE',  ( 40.64397908489569744, 9.981285794923696386, -13.73661751610293713 ) ) ;
#2430 = CARTESIAN_POINT ( 'NONE',  ( -40.92937038601839106, 9.923299372061846313, 14.06829838779034425 ) ) ;
#2431 = CARTESIAN_POINT ( 'NONE',  ( 41.13459583462839930, 9.886453525132514741, 14.17428873987672766 ) ) ;
#2432 = AXIS2_PLACEMENT_3D ( 'NONE', #1910, #502, #2194 ) ;
#2433 = CARTESIAN_POINT ( 'NONE',  ( -42.26776036699159533, 9.151456141423260249, 15.37342483951338856 ) ) ;
#2434 = LINE ( 'NONE', #3326, #239 ) ;
#2435 = CARTESIAN_POINT ( 'NONE',  ( -42.10662082377951521, 9.116282750596921503, -15.49744582295135942 ) ) ;
#2436 = CARTESIAN_POINT ( 'NONE',  ( 42.49999999999998579, 5.000000000000000000, 15.50000000000000178 ) ) ;
#2437 = CARTESIAN_POINT ( 'NONE',  ( 42.46543658011696465, 9.167608623610746577, 14.90947800699287917 ) ) ;
#2438 = EDGE_CURVE ( 'NONE', #3151, #1830, #2706, .T. ) ;
#2439 = CARTESIAN_POINT ( 'NONE',  ( -43.16269811604092155, 8.151706968131360753, -15.38382915542670659 ) ) ;
#2440 = CARTESIAN_POINT ( 'NONE',  ( 42.39237100348966436, 9.235333158962044209, -14.85711408332068117 ) ) ;
#2441 = DIRECTION ( 'NONE',  ( 0.000000000000000000, -0.000000000000000000, -1.000000000000000000 ) ) ;
#2442 = CARTESIAN_POINT ( 'NONE',  ( 42.44367901153384537, 8.171882167700267985, -16.15146227565621828 ) ) ;
#2443 = CARTESIAN_POINT ( 'NONE',  ( 43.02642759737474165, 8.243192719049940109, 15.74022654275982624 ) ) ;
#2444 = CARTESIAN_POINT ( 'NONE',  ( 40.90634610357525958, 9.918767155731179841, -14.09023217007986517 ) ) ;
#2445 = CARTESIAN_POINT ( 'NONE',  ( -40.46220571619592477, 10.00000000000000178, -13.46603154100403366 ) ) ;
#2446 = CARTESIAN_POINT ( 'NONE',  ( -41.33151188005331278, 9.849595144565171267, 14.12769875143173515 ) ) ;
#2447 = CARTESIAN_POINT ( 'NONE',  ( -42.93703773984549343, 7.354469921503549834, 16.26137889517429613 ) ) ;
#2448 = VERTEX_POINT ( 'NONE', #3277 ) ;
#2449 = CARTESIAN_POINT ( 'NONE',  ( -42.89437773796765185, 7.650670511287054332, -16.21092916007454221 ) ) ;
#2450 = CARTESIAN_POINT ( 'NONE',  ( 41.10719859655561237, 9.843943734700449255, 14.35009562981667131 ) ) ;
#2451 = CARTESIAN_POINT ( 'NONE',  ( -41.98174854355742980, 9.284649768830494310, 15.31224572826620012 ) ) ;
#2452 = CARTESIAN_POINT ( 'NONE',  ( -43.38695600770388694, 7.157007868728830324, 15.49999999999999822 ) ) ;
#2453 = CARTESIAN_POINT ( 'NONE',  ( -43.04885890248456093, 7.176187873526116867, -16.20406477169478165 ) ) ;
#2454 = CARTESIAN_POINT ( 'NONE',  ( 42.27611192653774452, 9.248707019350868919, 15.17672231310761433 ) ) ;
#2455 = CARTESIAN_POINT ( 'NONE',  ( -42.23840319938348387, 8.601122007561448513, -15.92987583373710692 ) ) ;
#2456 = CARTESIAN_POINT ( 'NONE',  ( 42.46543662601429503, 9.167608579290416060, -14.90947791778171094 ) ) ;
#2457 = DIRECTION ( 'NONE',  ( -0.000000000000000000, -1.000000000000000000, -0.000000000000000000 ) ) ;
#2458 = CARTESIAN_POINT ( 'NONE',  ( 42.43306748998314504, 7.881641187746297739, -16.25998078583556961 ) ) ;
#2459 = CARTESIAN_POINT ( 'NONE',  ( 42.33015743426015831, 8.330200532931542057, 16.08207357819993533 ) ) ;
#2460 = CARTESIAN_POINT ( 'NONE',  ( 41.05843025856718498, 9.924838781637385310, -13.93960283401679945 ) ) ;
#2461 = CARTESIAN_POINT ( 'NONE',  ( -41.24477144475384449, 9.780828473519989075, 14.51984909548366609 ) ) ;
#2462 = CARTESIAN_POINT ( 'NONE',  ( -42.68224552004330974, 7.343800524918850492, 16.35722606457996875 ) ) ;
#2463 = VERTEX_POINT ( 'NONE', #1391 ) ;
#2464 = CARTESIAN_POINT ( 'NONE',  ( 43.20853795074088310, 7.176187423156032530, 16.04438575659811050 ) ) ;
#2465 = CARTESIAN_POINT ( 'NONE',  ( -43.29846255380026321, 7.539564769167719227, -15.75745471702317779 ) ) ;
#2466 = CARTESIAN_POINT ( 'NONE',  ( 41.03127335487685912, 9.869103040561078899, 14.27223084323860292 ) ) ;
#2467 = CARTESIAN_POINT ( 'NONE',  ( -42.55977009970478520, 9.072339862207059014, 14.99810824767556916 ) ) ;
#2468 = CC_DESIGN_DATE_AND_TIME_ASSIGNMENT ( #2414, #479, ( #1783 ) ) ;
#2469 = CARTESIAN_POINT ( 'NONE',  ( -40.67836821577741091, 9.975940925825369732, -13.78631364001884840 ) ) ;
#2470 = CARTESIAN_POINT ( 'NONE',  ( -41.96849060925808317, 9.281166331533276193, -15.32236076646877265 ) ) ;
#2471 = CARTESIAN_POINT ( 'NONE',  ( 42.30776436629357562, 9.302010356608999331, 14.90509701777374119 ) ) ;
#2472 = CC_DESIGN_SECURITY_CLASSIFICATION ( #1783, ( #3486 ) ) ;
#2473 = CARTESIAN_POINT ( 'NONE',  ( -42.48304227486062246, 8.487202556537461362, -15.97220279543903132 ) ) ;
#2474 = CARTESIAN_POINT ( 'NONE',  ( 42.39637455777975816, 9.231909271909733761, -14.85001982155894495 ) ) ;
#2475 = FACE_OUTER_BOUND ( 'NONE', #3303, .T. ) ;
#2476 = CARTESIAN_POINT ( 'NONE',  ( 43.09669480726331869, 7.859384227618541274, -15.94236692396689925 ) ) ;
#2477 = CARTESIAN_POINT ( 'NONE',  ( 42.86132201845643408, 8.701933361380614684, 15.23887808048095671 ) ) ;
#2478 = CARTESIAN_POINT ( 'NONE',  ( 40.45405566804311093, 10.00000000000000000, -13.47425265872659139 ) ) ;
#2479 = CARTESIAN_POINT ( 'NONE',  ( -40.72400063015671634, 9.971649020004537789, 13.81011405671380921 ) ) ;
#2480 = CARTESIAN_POINT ( 'NONE',  ( -43.37371981441981461, 7.333970728820183638, 15.51131382429392325 ) ) ;
#2481 = ORIENTED_EDGE ( 'NONE', *, *, #2029, .F. ) ;
#2482 = CARTESIAN_POINT ( 'NONE',  ( -40.72970455685592128, 9.981126354489751051, -13.63712428643451879 ) ) ;
#2483 = CARTESIAN_POINT ( 'NONE',  ( 41.64862329041691424, 9.694609516014390138, -14.58349799682173042 ) ) ;
#2484 = CARTESIAN_POINT ( 'NONE',  ( 40.70879361281279074, 9.969801995805394057, 13.82515519012778071 ) ) ;
#2485 = CARTESIAN_POINT ( 'NONE',  ( -42.94236694195346615, 7.859384228996830757, 16.09669478950058519 ) ) ;
#2486 = VECTOR ( 'NONE', #1737, 1000.000000000000000 ) ;
#2487 = CARTESIAN_POINT ( 'NONE',  ( -41.76301263288072363, 9.492324496178778048, 15.04435473398697631 ) ) ;
#2488 = CARTESIAN_POINT ( 'NONE',  ( 42.49999999999998579, 7.157007868728832101, -16.38695600770387628 ) ) ;
#2489 = AXIS2_PLACEMENT_3D ( 'NONE', #2682, #1897, #3543 ) ;
#2490 = CARTESIAN_POINT ( 'NONE',  ( -42.34588194581802156, 9.269362720886100249, -14.93431824134353825 ) ) ;
#2491 = CARTESIAN_POINT ( 'NONE',  ( 40.64297353253929401, 9.981176790769398011, 13.73762081271706137 ) ) ;
#2492 = CARTESIAN_POINT ( 'NONE',  ( 41.76003098612991948, 9.558333920103978087, 14.91369900343742216 ) ) ;
#2493 = CARTESIAN_POINT ( 'NONE',  ( -42.87503448974530329, 8.684771444839855192, -15.19998981185059606 ) ) ;
#2494 = CARTESIAN_POINT ( 'NONE',  ( 41.90947800765417242, 9.167608624056114763, -15.46543657965421836 ) ) ;
#2495 = CARTESIAN_POINT ( 'NONE',  ( -43.04885893490743598, 7.176186972796779528, 16.20406480581646846 ) ) ;
#2496 = CARTESIAN_POINT ( 'NONE',  ( 42.44953432509049662, 7.790101580078641064, -16.28669461999833956 ) ) ;
#2497 = CARTESIAN_POINT ( 'NONE',  ( 42.93296113629320132, 8.596627619661200370, 15.22820510236512348 ) ) ;
#2498 = CARTESIAN_POINT ( 'NONE',  ( 40.56178234324987386, 9.996384919380721712, -13.51600202332135225 ) ) ;
#2499 = CARTESIAN_POINT ( 'NONE',  ( -40.90796942202128861, 9.946253396607913189, 13.93547680651708376 ) ) ;
#2500 = VERTEX_POINT ( 'NONE', #3000 ) ;
#2501 = CARTESIAN_POINT ( 'NONE',  ( -43.04207155311902255, 8.404390426915592016, -15.29017917506259394 ) ) ;
#2502 = CARTESIAN_POINT ( 'NONE',  ( 41.62064953235423559, 9.649577512332990992, -14.75882537163164443 ) ) ;
#2503 = CARTESIAN_POINT ( 'NONE',  ( 40.71006959349988108, 9.969972641522682366, 13.82389517641677479 ) ) ;
#2504 = CARTESIAN_POINT ( 'NONE',  ( -41.22729917037052871, 9.775019378995709829, -14.53497283927290162 ) ) ;
#2505 = CARTESIAN_POINT ( 'NONE',  ( -42.16964603694286495, 9.404875960751066799, 14.84635356517876481 ) ) ;
#2506 = CARTESIAN_POINT ( 'NONE',  ( 42.52875937816751417, 9.105417067810101628, -14.93377954555015208 ) ) ;
#2507 = PLANE ( 'NONE',  #2192 ) ;
#2508 = CARTESIAN_POINT ( 'NONE',  ( 42.24206469914007300, 9.361500664571483554, 14.73950449757134962 ) ) ;
#2509 = CARTESIAN_POINT ( 'NONE',  ( -42.50341328569918886, 8.491995191128944853, 15.96079567891384876 ) ) ;
#2510 = CARTESIAN_POINT ( 'NONE',  ( -42.78619515625196357, 8.695317089199901872, -15.53215300062779569 ) ) ;
#2511 = CARTESIAN_POINT ( 'NONE',  ( -42.22175978840869703, 9.376181217301908788, -14.77146844306266082 ) ) ;
#2512 = CARTESIAN_POINT ( 'NONE',  ( 42.01011150695730123, 9.403825594285976308, -15.09870283666084312 ) ) ;
#2513 = CARTESIAN_POINT ( 'NONE',  ( 43.37388189958090834, 7.332410560572826697, 15.49707348769612913 ) ) ;
#2514 = CARTESIAN_POINT ( 'NONE',  ( 42.37181669010603002, 8.147451285126214415, -16.16445241978903624 ) ) ;
#2515 = CARTESIAN_POINT ( 'NONE',  ( 42.96079567898330964, 8.491995190956027173, 15.50341328540411290 ) ) ;
#2516 = CARTESIAN_POINT ( 'NONE',  ( -40.73361548439777380, 9.981593093633822633, 13.64698651929701612 ) ) ;
#2517 = CARTESIAN_POINT ( 'NONE',  ( -43.30964702858561566, 7.537911073659258498, 15.73172486264998149 ) ) ;
#2518 = ORIENTED_EDGE ( 'NONE', *, *, #1536, .F. ) ;
#2519 = CARTESIAN_POINT ( 'NONE',  ( 43.38244451272895930, 7.243092321010781376, 15.50000000708606329 ) ) ;
#2520 = CARTESIAN_POINT ( 'NONE',  ( 42.04315380154480408, 9.505983414533272224, -14.59613151040905699 ) ) ;
#2521 = CARTESIAN_POINT ( 'NONE',  ( 40.74756007324845086, 9.973356961929134457, 13.78668059129767087 ) ) ;
#2522 = CARTESIAN_POINT ( 'NONE',  ( -42.23987174584706139, 9.359989860695192121, 14.83301442004173865 ) ) ;
#2523 = LINE ( 'NONE', #1411, #526 ) ;
#2524 = CARTESIAN_POINT ( 'NONE',  ( 42.21798788816700210, 8.591995903762944309, 15.93585426553786455 ) ) ;
#2525 = CARTESIAN_POINT ( 'NONE',  ( 42.24603010942097825, 9.358383632348916237, 14.73306301979731003 ) ) ;
#2526 = CARTESIAN_POINT ( 'NONE',  ( -42.42971657537707131, 8.471168934158811226, 15.99559385721645022 ) ) ;
#2527 = CARTESIAN_POINT ( 'NONE',  ( -42.70164390734882431, 8.530660438389023881, -15.83500573319863314 ) ) ;
#2528 = ORIENTED_EDGE ( 'NONE', *, *, #299, .F. ) ;
#2529 = CARTESIAN_POINT ( 'NONE',  ( 42.07827714271198971, 9.343840187156855492, -15.17115219924282776 ) ) ;
#2530 = CARTESIAN_POINT ( 'NONE',  ( -43.13042457781990890, 7.954403402979199456, 15.82673321184018356 ) ) ;
#2531 = CARTESIAN_POINT ( 'NONE',  ( 42.34157003914533135, 8.334620313025101979, -16.07960537362824738 ) ) ;
#2532 = CARTESIAN_POINT ( 'NONE',  ( 42.52117176272755472, 8.394796148252481771, 16.02192699582180424 ) ) ;
#2533 = CARTESIAN_POINT ( 'NONE',  ( -40.84075900247118085, 9.938668974140334456, 14.00120667499724547 ) ) ;
#2534 = CARTESIAN_POINT ( 'NONE',  ( -40.96787561220990170, 9.927982499806532246, -14.03089464497673688 ) ) ;
#2535 = CARTESIAN_POINT ( 'NONE',  ( 43.38695600770385852, 7.157007868728832101, -15.50000000000000178 ) ) ;
#2536 = CARTESIAN_POINT ( 'NONE',  ( -43.36538557940609451, 7.568596159491841391, -15.50000003421297734 ) ) ;
#2537 = CARTESIAN_POINT ( 'NONE',  ( 41.82884523523748044, 9.508622334241417562, -14.99007734241026490 ) ) ;
#2538 = CARTESIAN_POINT ( 'NONE',  ( 40.81886498526572638, 9.970630135783716597, 13.71516044272847168 ) ) ;
#2539 = CARTESIAN_POINT ( 'NONE',  ( -42.12374586802332033, 9.451129903030739854, 14.65435880589324746 ) ) ;
#2540 = CARTESIAN_POINT ( 'NONE',  ( 40.98019984802334648, 9.941757981638458475, -13.81924706008944881 ) ) ;
#2541 = PRODUCT_DEFINITION_SHAPE ( 'NONE', 'NONE',  #1461 ) ;
#2542 = CARTESIAN_POINT ( 'NONE',  ( 41.81581423999482183, 9.262162451366414473, 15.36218233577719872 ) ) ;
#2543 = CARTESIAN_POINT ( 'NONE',  ( 41.76751718590209350, 9.330398129111275196, 15.28107747461190691 ) ) ;
#2544 = CARTESIAN_POINT ( 'NONE',  ( -42.89235277826062998, 8.520751251913987190, 15.62564009768099105 ) ) ;
#2545 = CARTESIAN_POINT ( 'NONE',  ( -42.35396734110948813, 8.744706005676768257, -15.80929040586370427 ) ) ;
#2546 = CARTESIAN_POINT ( 'NONE',  ( -41.73306302030383819, 9.358383632661768203, -15.24603010902309919 ) ) ;
#2547 = ORIENTED_EDGE ( 'NONE', *, *, #3228, .F. ) ;
#2548 = CARTESIAN_POINT ( 'NONE',  ( 42.21472252361323285, 9.337178505464565959, -15.02888839650344011 ) ) ;
#2549 = EDGE_CURVE ( 'NONE', #3010, #549, #2420, .T. ) ;
#2550 = AXIS2_PLACEMENT_3D ( 'NONE', #2987, #219, #489 ) ;
#2551 = CARTESIAN_POINT ( 'NONE',  ( 42.29817789207746159, 8.421562462421938733, -16.03485124310977383 ) ) ;
#2552 = CARTESIAN_POINT ( 'NONE',  ( 42.32325934313431759, 9.005697345121884467, 15.55034823867483773 ) ) ;
#2553 = CARTESIAN_POINT ( 'NONE',  ( -41.00120668666600210, 9.938668971864544233, 13.84075898718547926 ) ) ;
#2554 = LINE ( 'NONE', #676, #3557 ) ;
#2555 = CARTESIAN_POINT ( 'NONE',  ( 43.35722606458200801, 7.343800524823654641, 15.68224551999770533 ) ) ;
#2556 = CARTESIAN_POINT ( 'NONE',  ( 41.42048565194779997, 9.654955332545529956, -14.79118505451070575 ) ) ;
#2557 = CARTESIAN_POINT ( 'NONE',  ( 40.46220571632566987, 10.00000000000000000, 13.46603154088739807 ) ) ;
#2558 = CARTESIAN_POINT ( 'NONE',  ( -41.73950449794212858, 9.361500664802333560, 15.24206469884572357 ) ) ;
#2559 = LINE ( 'NONE', #3364, #2707 ) ;
#2560 = CARTESIAN_POINT ( 'NONE',  ( 42.31872011167017433, 8.325649544938931612, 16.08430324013009383 ) ) ;
#2561 = CARTESIAN_POINT ( 'NONE',  ( 41.92992472149707339, 9.426327065814945172, 15.10307920827372996 ) ) ;
#2562 = CARTESIAN_POINT ( 'NONE',  ( -43.08207357808927895, 8.330200533178151900, 15.33015743469574765 ) ) ;
#2563 = CARTESIAN_POINT ( 'NONE',  ( -41.99792853330764331, 9.025635441826654670, -15.60452274173055720 ) ) ;
#2564 = CARTESIAN_POINT ( 'NONE',  ( -42.02371455127820354, 9.517849972091253719, -14.62339058566357153 ) ) ;
#2565 = ORIENTED_EDGE ( 'NONE', *, *, #212, .F. ) ;
#2566 = DIRECTION ( 'NONE',  ( 0.000000000000000000, 0.000000000000000000, -1.000000000000000000 ) ) ;
#2567 = CARTESIAN_POINT ( 'NONE',  ( 43.00443756214897206, 8.464350351665427041, -15.40814668003076449 ) ) ;
#2568 = CARTESIAN_POINT ( 'NONE',  ( 42.75884046748023337, 8.844520629420046021, 15.11814545192250847 ) ) ;
#2569 = B_SPLINE_SURFACE_WITH_KNOTS ( 'NONE', 3, 3, ( 
 ( #1172, #2265, #1633, #3360, #3396, #1957, #904, #2464, #1094, #2188, #3320, #1921, #3045, #3082, #589, #322 ),
 ( #2519, #44, #1259, #3467, #2842, #3415, #974, #2064, #3451, #122, #387, #1494, #2590, #1222, #2320, #958 ),
 ( #1528, #2627, #3489, #356, #2555, #2573, #2047, #940, #696, #372, #2356, #2032, #3177, #2012, #2085, #677 ),
 ( #1478, #1725, #1188, #159, #1463, #922, #86, #102, #138, #1778, #3193, #1798, #1241, #3157, #1205, #2285 ),
 ( #2336, #661, #2918, #1760, #2898, #404, #2878, #422, #1512, #3430, #3140, #2609, #643, #995, #1744, #624 ),
 ( #2861, #2303, #440, #1871, #209, #1327, #2412, #2715, #2393, #2428, #2699, #3526, #225, #1030, #1581, #3545 ),
 ( #3561, #2121, #3252, #2378, #496, #1819, #477, #176, #753, #1854, #2683, #1062, #1547, #2993, #1314, #2151 ),
 ( #241, #2974, #1016, #1343, #1046, #2956, #2140, #3270, #460, #768, #3507, #3285, #1279, #785, #1564, #195 ),
 ( #2646, #1595, #1884, #3006, #2937, #507, #2443, #1611, #1299, #3575, #1075, #3214, #3233, #716, #2105, #734 ),
 ( #1836, #2667, #2799, #317, #61, #1645, #1684, #564, #1420, #2167, #2532, #2241, #256, #2818, #2459, #276 ),
 ( #820, #3373, #1362, #802, #336, #2515, #1899, #3591, #40, #1148, #1401, #1664, #1932, #3057, #2776, #296 ),
 ( #1090, #2497, #3300, #2734, #605, #1916, #3023, #880, #3039, #1951, #2183, #1972, #3, #2754, #1382, #3315 ),
 ( #2202, #545, #528, #2477, #3100, #1627, #1108, #3336, #837, #1703, #3354, #1439, #22, #1131, #2221, #857 ),
 ( #3077, #585, #2568, #2044, #1774, #2894, #2623, #638, #673, #3153, #400, #1168, #1525, #1236, #2838, #1793 ),
 ( #2858, #352, #3412, #2333, #1459, #3393, #2915, #1509, #900, #2552, #2605, #134, #384, #658, #935, #2028 ),
 ( #1756, #2874, #1490, #2587, #2060, #3191, #420, #1989, #3119, #3136, #118, #1475, #3463, #918, #2261, #98 ),
 ( #82, #621, #1219, #1202, #2007, #1720, #1184, #692, #2279, #1740, #369, #2298, #970, #2317, #3427, #3446 ),
 ( #955, #3173, #2081, #3035, #3311, #457, #813, #1604, #2161, #3018, #1338, #541, #2709, #2953, #2934, #1085 ),
 ( #1071, #713, #2437, #234, #3295, #1641, #991, #2454, #796, #1912, #521, #3329, #3571, #1544, #1928, #1893 ),
 ( #1622, #2730, #3504, #251, #436, #2750, #1816, #271, #2101, #732, #2373, #3210, #1357, #3587, #2178, #3484 ),
 ( #833, #1101, #1833, #1375, #2471, #3603, #173, #2197, #3051, #557, #1658, #155, #1255, #2352, #2642, #1276 ),
 ( #1013, #3230, #3091, #329, #1178, #1999, #2271, #1432, #3146, #872, #3366, #1450, #910, #2019, #2543, #1469 ),
 ( #2525, #2508, #362, #3070, #50, #1963, #1194, #1159, #892, #2561, #1142, #1413, #74, #3421, #2252, #928 ),
 ( #3402, #1123, #289, #1677, #3384, #650, #3349, #2291, #33, #2768, #2848, #2233, #3129, #2790, #1731, #596 ),
 ( #1696, #310, #92, #2811, #1981, #2829, #3110, #614, #1714, #2492, #1394, #345, #15, #631, #2215, #849 ),
 ( #1944, #578, #1518, #2342, #946, #2595, #3473, #1553, #3436, #127, #164, #2924, #2072, #1212, #1229, #446 ),
 ( #2615, #2309, #2904, #1785, #144, #3220, #2579, #428, #981, #3495, #3199, #1285, #964, #3162, #3514, #1247 ),
 ( #701, #1806, #1501, #410, #2037, #2362, #667, #1825, #2326, #3456, #392, #107, #3183, #1534, #2633, #1484 ),
 ( #2053, #1767, #683, #378, #2884, #1265, #1001, #1021, #2092, #722, #2943, #2652, #183, #2384, #2110, #3239 ),
 ( #1750, #2867, #1052, #1875, #2722, #3582, #246, #2998, #1096, #2418, #1319, #3012, #2450, #3597, #516, #3029 ),
 ( #500, #483, #1908, #1035, #1599, #3550, #2744, #2704, #2431, #536, #2688, #2981, #1616, #1369, #230, #2466 ),
 ( #1332, #3567, #1066, #2156, #1636, #265, #2190, #2963, #2674, #215, #3289, #2145, #807, #1587, #740, #3275 ),
 ( #2126, #1841, #791, #773, #1889, #466, #1304, #1570, #200, #3259, #2400, #1352, #1081, #2173, #3305, #3533 ),
 ( #758, #1860, #1652, #2538, #2824, #29, #341, #1138, #1691, #2521, #866, #68, #2228, #2503, #2484, #610 ),
 ( #591, #283, #1959, #3362, #2806, #1174, #552, #1977, #325, #1446, #46, #2844, #3084, #1117, #1465, #1426 ),
 ( #1154, #2248, #3065, #3379, #11, #2267, #1388, #3398, #887, #571, #3106, #2209, #906, #3343, #1995, #1671 ),
 ( #1940, #2762, #1709, #3124, #626, #3047, #1727, #358, #2557, #1409, #88, #1190, #3323, #844, #827, #1923 ),
 ( #2783, #306, #3195, #2920, #424, #178, #1762, #1800, #679, #1530, #2287, #2648, #2358, #374, #2939, #2575 ) ),
 .UNSPECIFIED., .F., .F., .F.,
 ( 4, 2, 2, 2, 2, 2, 2, 2, 2, 2, 2, 2, 2, 2, 2, 2, 2, 2, 4 ),
 ( 4, 2, 1, 2, 2, 2, 1, 2, 4 ),
 ( 0.000000000000000000, 0.05504582537921211272, 0.1100916507584242254, 0.1651374761376363520, 0.2201833015168484509, 0.2831320668617571257, 0.3460808322066658005, 0.4090295975515744753, 0.4405039802240288127, 0.4719783628964831501, 0.5055608978826261479, 0.5391434328687690902, 0.6063085028410550859, 0.6734735728133410815, 0.7406386427856270771, 0.8054789820892203078, 0.8703193213928135386, 0.9351596606964067693, 1.000000000000000000 ),
 ( 0.000000000000000000, 0.03125000000000000000, 0.1250000000000000000, 0.2500000000000000000, 0.5000000000000000000, 0.7500000000000000000, 0.9375000000000000000, 0.9687500000000000000, 1.000000000000000000 ),
 .UNSPECIFIED. ) ;
#2570 = CARTESIAN_POINT ( 'NONE',  ( -40.82901698989034855, 9.940524307136490378, 13.99362017547564108 ) ) ;
#2571 = CARTESIAN_POINT ( 'NONE',  ( -41.03663650234175009, 9.870568650567202340, -14.26732498424998319 ) ) ;
#2572 = CARTESIAN_POINT ( 'NONE',  ( 42.58632485715229166, 7.247449637345257933, -16.37901475863809253 ) ) ;
#2573 = CARTESIAN_POINT ( 'NONE',  ( 43.32768885499731226, 7.348277508401845459, 15.77847203580750879 ) ) ;
#2574 = CARTESIAN_POINT ( 'NONE',  ( 41.26732498418130035, 9.870568650587998150, -14.03663650239540672 ) ) ;
#2575 = CARTESIAN_POINT ( 'NONE',  ( 40.39106740344013957, 10.00000000000000000, 13.39106740344015556 ) ) ;
#2576 = CARTESIAN_POINT ( 'NONE',  ( -41.87685752326517985, 9.563183505769345061, 14.80004735907815849 ) ) ;
#2577 = CARTESIAN_POINT ( 'NONE',  ( 41.25641767467867993, 9.873852790532877677, -14.01975918800944321 ) ) ;
#2578 = CARTESIAN_POINT ( 'NONE',  ( -42.36218233548106582, 9.262162451624389448, 14.81581424039283768 ) ) ;
#2579 = CARTESIAN_POINT ( 'NONE',  ( 41.68029167940404278, 9.691113753841193557, 14.55003165290530731 ) ) ;
#2580 = CARTESIAN_POINT ( 'NONE',  ( -41.72537048919939195, 9.653509424394265181, -14.65629394502362715 ) ) ;
#2581 = CARTESIAN_POINT ( 'NONE',  ( -42.93296113631839006, 8.596627619416928212, 15.22820510416232764 ) ) ;
#2582 = DIRECTION ( 'NONE',  ( 0.000000000000000000, 1.000000000000000000, 0.000000000000000000 ) ) ;
#2583 = CARTESIAN_POINT ( 'NONE',  ( -42.19998979785974313, 8.684771436541652179, -15.87503449468292693 ) ) ;
#2584 = ORIENTED_EDGE ( 'NONE', *, *, #3101, .F. ) ;
#2585 = CARTESIAN_POINT ( 'NONE',  ( 43.04885893490742177, 7.176186972796776864, -16.20406480581646491 ) ) ;
#2586 = CARTESIAN_POINT ( 'NONE',  ( 43.13806479897333901, 8.191070666728139216, -15.50329764765418794 ) ) ;
#2587 = CARTESIAN_POINT ( 'NONE',  ( 42.58505366749371035, 9.044632863089486108, 15.03795112238209342 ) ) ;
#2588 = CARTESIAN_POINT ( 'NONE',  ( -40.39106740344016089, 10.00000000000000000, 13.39106740344014845 ) ) ;
#2589 = CARTESIAN_POINT ( 'NONE',  ( 43.20499360989233395, 7.262212907617096036, -16.04155425073957275 ) ) ;
#2590 = CARTESIAN_POINT ( 'NONE',  ( 42.55756050232036358, 7.246016349047234684, 16.38051147559258069 ) ) ;
#2591 = CARTESIAN_POINT ( 'NONE',  ( 41.29304784469781708, 9.793329625031603314, -14.47663107759451684 ) ) ;
#2592 = CARTESIAN_POINT ( 'NONE',  ( -41.59064781855042980, 9.503463297694654699, 15.04697616088592760 ) ) ;
#2593 = FACE_OUTER_BOUND ( 'NONE', #968, .T. ) ;
#2594 = CARTESIAN_POINT ( 'NONE',  ( -42.55792678594112743, 7.159941747680337976, -16.38501096706171012 ) ) ;
#2595 = CARTESIAN_POINT ( 'NONE',  ( 41.80685384916860414, 9.637523407764046368, 14.56588680768069999 ) ) ;
#2596 = CARTESIAN_POINT ( 'NONE',  ( -42.10876007784081310, 8.936582654110811319, 15.68231797054294319 ) ) ;
#2597 = CARTESIAN_POINT ( 'NONE',  ( -41.07758557970484503, 9.848343900682912988, -14.33611008492503025 ) ) ;
#2598 = CARTESIAN_POINT ( 'NONE',  ( -42.55101319906734858, 8.786780880201105148, -15.67489779646381898 ) ) ;
#2599 = CARTESIAN_POINT ( 'NONE',  ( -42.04435473392872780, 9.492324496227114494, -14.76301263294962496 ) ) ;
#2600 = ORIENTED_EDGE ( 'NONE', *, *, #1765, .F. ) ;
#2601 = CLOSED_SHELL ( 'NONE', ( #2142, #3604, #1430, #1867, #850, #2280, #3265, #406, #2165, #1317, #2738, #1115, #2058, #1906, #1379, #323, #1347, #1237, #3564 ) ) ;
#2602 = CARTESIAN_POINT ( 'NONE',  ( 43.38662093148272447, 7.163401503905021173, -15.62233290294947530 ) ) ;
#2603 = AXIS2_PLACEMENT_3D ( 'NONE', #3268, #2713, #238 ) ;
#2604 = CARTESIAN_POINT ( 'NONE',  ( 42.41821795962910358, 8.666815076088646208, -15.85449762185307065 ) ) ;
#2605 = CARTESIAN_POINT ( 'NONE',  ( 42.20983239368570139, 8.975975456992236090, 15.62816842241402782 ) ) ;
#2606 = CARTESIAN_POINT ( 'NONE',  ( -40.39106740344016089, 10.00000000000000000, 13.39106740344014845 ) ) ;
#2607 = CARTESIAN_POINT ( 'NONE',  ( -40.91056218347821982, 9.919653664774751078, -14.08623026643235221 ) ) ;
#2608 = CARTESIAN_POINT ( 'NONE',  ( 42.78536033456198595, 7.169560078494240152, -16.34110610340865577 ) ) ;
#2609 = CARTESIAN_POINT ( 'NONE',  ( 42.62399914069025186, 7.626372598775781775, 16.31674426520292087 ) ) ;
#2610 = CARTESIAN_POINT ( 'NONE',  ( 41.27524186836029685, 9.859820121118541891, -14.18742496270666997 ) ) ;
#2611 = COORDINATED_UNIVERSAL_TIME_OFFSET ( 10, 0, .AHEAD. ) ;
#2612 = CARTESIAN_POINT ( 'NONE',  ( -42.04315380174012518, 9.505983414404756360, 14.59613151018618105 ) ) ;
#2613 = FACE_OUTER_BOUND ( 'NONE', #2206, .T. ) ;
#2614 = CARTESIAN_POINT ( 'NONE',  ( -41.09424542785200885, 9.917831340965214793, 13.90210608051947894 ) ) ;
#2615 = CARTESIAN_POINT ( 'NONE',  ( 41.79813395837020806, 9.651356278394258581, 14.41167801536128756 ) ) ;
#2616 = CARTESIAN_POINT ( 'NONE',  ( -41.41167801574654561, 9.651356278594517946, -14.79813395799159537 ) ) ;
#2617 = CARTESIAN_POINT ( 'NONE',  ( -42.09362036593028478, 9.068372789061585948, 15.55510703638574199 ) ) ;
#2618 = CARTESIAN_POINT ( 'NONE',  ( -42.37788554252629325, 8.121605546221262628, -16.17401466851913838 ) ) ;
#2619 = CARTESIAN_POINT ( 'NONE',  ( -42.40514115033446529, 9.117838349248504670, -15.29745764507639905 ) ) ;
#2620 = CARTESIAN_POINT ( 'NONE',  ( -41.87501455951657903, 9.608985857576378464, -14.48175430915792283 ) ) ;
#2621 = VERTEX_POINT ( 'NONE', #2452 ) ;
#2622 = CARTESIAN_POINT ( 'NONE',  ( 42.55896051936021962, 8.941357056703582273, -15.44183704078668384 ) ) ;
#2623 = CARTESIAN_POINT ( 'NONE',  ( 42.61177886689674210, 8.932484534512495244, 15.37748500858451450 ) ) ;
#2624 = EDGE_CURVE ( 'NONE', #432, #2003, #1601, .T. ) ;
#2625 = CARTESIAN_POINT ( 'NONE',  ( -41.39104625838859874, 9.670560947656513306, 14.76977140918823928 ) ) ;
#2626 = CARTESIAN_POINT ( 'NONE',  ( 42.68224552003086103, 7.343800524872952096, -16.35722606456998562 ) ) ;
#2627 = CARTESIAN_POINT ( 'NONE',  ( 43.37371981453376435, 7.333970727610261697, 15.51131382238524026 ) ) ;
#2628 = CARTESIAN_POINT ( 'NONE',  ( 41.40660229245997925, 9.766597412383450916, -14.52028191540694024 ) ) ;
#2629 = FACE_OUTER_BOUND ( 'NONE', #1200, .T. ) ;
#2630 = CARTESIAN_POINT ( 'NONE',  ( -41.28744155166399565, 9.735774144128521712, 14.62600353068458503 ) ) ;
#2631 = CARTESIAN_POINT ( 'NONE',  ( 44.49999999999998579, 5.000000000000000000, -15.50000000000000178 ) ) ;
#2632 = CARTESIAN_POINT ( 'NONE',  ( -42.75857529892306985, 7.168739804108573921, -16.35223937137322991 ) ) ;
#2633 = CARTESIAN_POINT ( 'NONE',  ( 41.29122694357572954, 9.737195531052746489, 14.62283769701376279 ) ) ;
#2634 = CARTESIAN_POINT ( 'NONE',  ( -42.45466899607465194, 9.109897209762525705, 15.23922777751056934 ) ) ;
#2635 = CARTESIAN_POINT ( 'NONE',  ( 41.09424542802226910, 9.917831340924898598, 13.90210608037913609 ) ) ;
#2636 = CARTESIAN_POINT ( 'NONE',  ( -43.13042457337651570, 7.954403383320637566, -15.82673316853272816 ) ) ;
#2637 = VERTEX_POINT ( 'NONE', #1639 ) ;
#2638 = CARTESIAN_POINT ( 'NONE',  ( -43.37724917669775948, 7.164837599105890575, 15.65910698655885369 ) ) ;
#2639 = CARTESIAN_POINT ( 'NONE',  ( -43.09561281408804945, 8.216600417358613129, -15.60713961915615933 ) ) ;
#2640 = DIRECTION ( 'NONE',  ( -0.000000000000000000, -0.000000000000000000, 1.000000000000000000 ) ) ;
#2641 = CARTESIAN_POINT ( 'NONE',  ( 42.22603647207638744, 8.980221557352939143, -15.61705118136146631 ) ) ;
#2642 = CARTESIAN_POINT ( 'NONE',  ( 41.82277333323624191, 9.265601889366628541, 15.35823318316598929 ) ) ;
#2643 = CARTESIAN_POINT ( 'NONE',  ( 42.49999999999998579, 5.000000000000000000, -16.50000000000000000 ) ) ;
#2644 = CARTESIAN_POINT ( 'NONE',  ( -40.90210608056788999, 9.917831340978327859, -14.09424542779700040 ) ) ;
#2645 = CARTESIAN_POINT ( 'NONE',  ( 43.21092916006829654, 7.650670511321238543, -15.89437773782052155 ) ) ;
#2646 = CARTESIAN_POINT ( 'NONE',  ( 43.16445241992293802, 8.147451284799167581, 15.37181668942182000 ) ) ;
#2647 = CARTESIAN_POINT ( 'NONE',  ( 41.29500693593676175, 9.738570180390277997, -14.61965690719054223 ) ) ;
#2648 = CARTESIAN_POINT ( 'NONE',  ( 40.39106740344015378, 10.00000000000000355, 13.39106740344015911 ) ) ;
#2649 = CARTESIAN_POINT ( 'NONE',  ( -41.55003165297799228, 9.691113753926801522, 14.68029167928158607 ) ) ;
#2650 = LINE ( 'NONE', #2631, #2835 ) ;
#2651 = CARTESIAN_POINT ( 'NONE',  ( -40.82641784936526363, 9.969624971504547517, 13.70751414265330936 ) ) ;
#2652 = CARTESIAN_POINT ( 'NONE',  ( 41.26218884507414231, 9.786312938851834176, 14.50464946011288703 ) ) ;
#2653 = CARTESIAN_POINT ( 'NONE',  ( -42.70114287143476872, 8.916560022537760588, 15.06618280116467368 ) ) ;
#2654 = CARTESIAN_POINT ( 'NONE',  ( -41.18995721225205386, 9.791162335420359852, -14.49128522404845398 ) ) ;
#2655 = CARTESIAN_POINT ( 'NONE',  ( -43.25889167009443526, 7.885216054335153046, -15.44574747002604553 ) ) ;
#2656 = ORIENTED_EDGE ( 'NONE', *, *, #3101, .T. ) ;
#2657 = CARTESIAN_POINT ( 'NONE',  ( -42.44574746991440861, 7.885216054291514176, 16.25889167010804925 ) ) ;
#2658 = CARTESIAN_POINT ( 'NONE',  ( -42.74022662948370055, 8.243192750811276781, -16.02642757931004880 ) ) ;
#2659 = EDGE_CURVE ( 'NONE', #3044, #3115, #2710, .T. ) ;
#2660 = CARTESIAN_POINT ( 'NONE',  ( -40.39106740344013247, 10.00000000000000355, -13.39106740344015556 ) ) ;
#2661 = CARTESIAN_POINT ( 'NONE',  ( 42.76237733327258184, 8.840282986247885333, -15.10923788910066889 ) ) ;
#2662 = VECTOR ( 'NONE', #649, 1000.000000000000000 ) ;
#2663 = FACE_OUTER_BOUND ( 'NONE', #2949, .T. ) ;
#2664 = CARTESIAN_POINT ( 'NONE',  ( -40.80145855229194751, 9.972376092756555011, -13.73271184225753672 ) ) ;
#2665 = VECTOR ( 'NONE', #1682, 1000.000000000000000 ) ;
#2666 = CARTESIAN_POINT ( 'NONE',  ( 42.91183395463040995, 7.549486992693338117, -16.23135572213342925 ) ) ;
#2667 = CARTESIAN_POINT ( 'NONE',  ( 43.08207358137646992, 8.330200526406603245, 15.33015741630417317 ) ) ;
#2668 = CARTESIAN_POINT ( 'NONE',  ( 40.64899031758388759, 9.981795360719447174, -13.73161512214430857 ) ) ;
#2669 = PERSON_AND_ORGANIZATION ( #3521, #1662 ) ;
#2670 = CARTESIAN_POINT ( 'NONE',  ( -40.96787580270766682, 9.927982513343092563, 14.03089447195471173 ) ) ;
#2671 = CARTESIAN_POINT ( 'NONE',  ( 41.41167801584383312, 9.651356278644405151, -14.79813395789719266 ) ) ;
#2672 = CARTESIAN_POINT ( 'NONE',  ( -43.06337834919705188, 8.149288811482488626, 15.77079583630180615 ) ) ;
#2673 = CARTESIAN_POINT ( 'NONE',  ( -42.94365679900653987, 7.260511809339868172, -16.27044834862807932 ) ) ;
#2674 = CARTESIAN_POINT ( 'NONE',  ( 40.98372261039088471, 9.928826525303533046, 14.01523787708125646 ) ) ;
#2675 = CARTESIAN_POINT ( 'NONE',  ( -42.32236076650426071, 9.281166331510188883, 14.96849060915961260 ) ) ;
#2676 = EDGE_CURVE ( 'NONE', #2637, #432, #130, .T. ) ;
#2677 = CARTESIAN_POINT ( 'NONE',  ( -42.32058076827967597, 8.315463774749314751, -16.08731151681229932 ) ) ;
#2678 = CARTESIAN_POINT ( 'NONE',  ( -42.45376594755268229, 9.170550355894830474, -15.01664475641850949 ) ) ;
#2679 = CARTESIAN_POINT ( 'NONE',  ( -43.04155424974043598, 7.262212907603968759, 16.20499361066588762 ) ) ;
#2680 = CARTESIAN_POINT ( 'NONE',  ( -43.16650599074978345, 8.106680093109993379, -15.55224427145347832 ) ) ;
#2681 = CARTESIAN_POINT ( 'NONE',  ( 41.97456620411492167, 9.061104167046794444, -15.57152082832307016 ) ) ;
#2682 = CARTESIAN_POINT ( 'NONE',  ( -42.50000000000000711, 5.000000000000000000, -15.50000000000000178 ) ) ;
#2683 = CARTESIAN_POINT ( 'NONE',  ( 42.66018436261664704, 7.930785515240698302, 16.21107331457378464 ) ) ;
#2684 = CARTESIAN_POINT ( 'NONE',  ( 40.74756017034578548, 9.973356965808092056, -13.78668050433938674 ) ) ;
#2685 = CARTESIAN_POINT ( 'NONE',  ( -41.11454961408829689, 9.885097972019467605, 14.19392059587162969 ) ) ;
#2686 = CARTESIAN_POINT ( 'NONE',  ( -44.50000000000001421, 5.000000000000000000, 15.50000000000000000 ) ) ;
#2687 = CARTESIAN_POINT ( 'NONE',  ( -42.49851193656062520, 7.516284983513928708, -16.34762123688388868 ) ) ;
#2688 = CARTESIAN_POINT ( 'NONE',  ( 41.07874832114507768, 9.880116404068154168, 14.22818232919003201 ) ) ;
#2689 = CARTESIAN_POINT ( 'NONE',  ( -42.47325136542895052, 9.160287153181249309, 14.89463077098950095 ) ) ;
#2690 = CARTESIAN_POINT ( 'NONE',  ( 43.38695600770386562, 7.157007868728831212, 15.50000000000000178 ) ) ;
#2691 = CARTESIAN_POINT ( 'NONE',  ( -41.97456615945435487, 9.061104144940054894, -15.57152084910877932 ) ) ;
#2692 = LINE ( 'NONE', #1980, #2662 ) ;
#2693 = CARTESIAN_POINT ( 'NONE',  ( -43.20853794999095498, 7.176187423167832868, 16.04438575757318475 ) ) ;
#2694 = CARTESIAN_POINT ( 'NONE',  ( -42.41863860912266659, 8.068106561230925067, -16.19554669573645356 ) ) ;
#2695 = CARTESIAN_POINT ( 'NONE',  ( 42.01664475651440256, 9.170550355974759427, -15.45376594747529708 ) ) ;
#2696 = CARTESIAN_POINT ( 'NONE',  ( -42.55224427134351117, 8.106680093093046935, 16.16650599075862615 ) ) ;
#2697 = LINE ( 'NONE', #1578, #3441 ) ;
#2698 = CARTESIAN_POINT ( 'NONE',  ( 43.19632722959242699, 7.356617739724502947, -16.03410996356712914 ) ) ;
#2699 = CARTESIAN_POINT ( 'NONE',  ( 42.68163144576450918, 7.832756250390636943, 16.24068487782492909 ) ) ;
#2700 = CARTESIAN_POINT ( 'NONE',  ( 40.96787580273456797, 9.927982513356063521, -14.03089447191390171 ) ) ;
#2701 = CARTESIAN_POINT ( 'NONE',  ( -40.55244386647369481, 9.996680589054765420, -13.52519647940733272 ) ) ;
#2702 = CARTESIAN_POINT ( 'NONE',  ( -41.13345270983129609, 9.850849516338621825, 14.32618230975123197 ) ) ;
#2703 = CARTESIAN_POINT ( 'NONE',  ( -43.21092914772138727, 7.650670504860595855, -15.89437773173420609 ) ) ;
#2704 = CARTESIAN_POINT ( 'NONE',  ( 41.17428849689805759, 9.886453536265193520, 14.13459608678468094 ) ) ;
#2705 = CARTESIAN_POINT ( 'NONE',  ( -42.17672231320268850, 9.248707019463189738, 15.27611192650681815 ) ) ;
#2706 = LINE ( 'NONE', #1098, #3269 ) ;
#2707 = VECTOR ( 'NONE', #1176, 1000.000000000000000 ) ;
#2708 = CARTESIAN_POINT ( 'NONE',  ( 40.39106740344013957, 10.00000000000000000, -13.39106740344015556 ) ) ;
#2709 = CARTESIAN_POINT ( 'NONE',  ( 41.94926664253799231, 9.141085011036185648, 15.49199766965268843 ) ) ;
#2710 = B_SPLINE_CURVE_WITH_KNOTS ( 'NONE', 3,
 ( #2690, #518, #3308, #3552, #232, #810, #1655, #1054, #1335, #268 ),
 .UNSPECIFIED., .F., .F.,
 ( 4, 2, 2, 2, 4 ),
 ( 0.000000000000000000, 0.2500000000000000000, 0.5000000000000000000, 0.7500000000000000000, 1.000000000000000000 ),
 .UNSPECIFIED. ) ;
#2711 = CARTESIAN_POINT ( 'NONE',  ( 42.46318024929595936, 9.165137038032142414, -15.00187193065282898 ) ) ;
#2712 = CARTESIAN_POINT ( 'NONE',  ( -42.63446720619811003, 8.124562821547792524, 16.13274714945690391 ) ) ;
#2713 = DIRECTION ( 'NONE',  ( -1.000000000000000000, 0.000000000000000000, 0.000000000000000000 ) ) ;
#2714 = CARTESIAN_POINT ( 'NONE',  ( 42.74022654298659774, 8.243192719091457121, -16.02642759732712818 ) ) ;
#2715 = CARTESIAN_POINT ( 'NONE',  ( 43.09669478936012865, 7.859384228802984040, 15.94236694197182658 ) ) ;
#2716 = CARTESIAN_POINT ( 'NONE',  ( 41.27223084289173727, 9.869103040666493243, -14.03127335517086394 ) ) ;
#2717 = CARTESIAN_POINT ( 'NONE',  ( -40.64297353255631151, 9.981176790781878694, -13.73762081265640767 ) ) ;
#2718 = CARTESIAN_POINT ( 'NONE',  ( -41.13459608680432922, 9.886453536294869338, 14.17428849685334313 ) ) ;
#2719 = VECTOR ( 'NONE', #121, 1000.000000000000000 ) ;
#2720 = ORIENTED_EDGE ( 'NONE', *, *, #2438, .F. ) ;
#2721 = CARTESIAN_POINT ( 'NONE',  ( -43.14637481084545101, 7.654977589270594684, -15.98805809225288144 ) ) ;
#2722 = CARTESIAN_POINT ( 'NONE',  ( 41.32618230994746256, 9.850849516273314066, 14.13345270971616330 ) ) ;
#2723 = CARTESIAN_POINT ( 'NONE',  ( -43.21092916000960571, 7.650670511337319901, 15.89437773813070720 ) ) ;
#2724 = CONICAL_SURFACE ( 'NONE', #1398, 0.9999999999999991118, 0.05235987755982993153 ) ;
#2725 = CARTESIAN_POINT ( 'NONE',  ( -42.42839600514200527, 9.198108400670232498, 14.97581610786513551 ) ) ;
#2726 = EDGE_CURVE ( 'NONE', #321, #2024, #2434, .T. ) ;
#2727 = CARTESIAN_POINT ( 'NONE',  ( -44.50000000000001421, 5.000000000000000000, 15.50000000000000000 ) ) ;
#2728 = CARTESIAN_POINT ( 'NONE',  ( -42.21078011146800435, 9.143699484758041507, -15.42218729712633696 ) ) ;
#2729 = CARTESIAN_POINT ( 'NONE',  ( 40.39106740344013957, 10.00000000000000000, -13.39106740344015556 ) ) ;
#2730 = CARTESIAN_POINT ( 'NONE',  ( 42.39637453174715631, 9.231909295397764836, 14.85001986877134250 ) ) ;
#2731 = CARTESIAN_POINT ( 'NONE',  ( 42.15293855245925414, 9.209502598073488144, -15.35604478025055641 ) ) ;
#2732 = LINE ( 'NONE', #1486, #2665 ) ;
#2733 = CARTESIAN_POINT ( 'NONE',  ( 43.21107331450899380, 7.930785515418944165, -15.66018436306074157 ) ) ;
#2734 = CARTESIAN_POINT ( 'NONE',  ( 42.91678318275536697, 8.618546545721505581, 15.27909304622732911 ) ) ;
#2735 = CARTESIAN_POINT ( 'NONE',  ( 40.86070641983345553, 9.942095887285097078, -13.98194682784846599 ) ) ;
#2736 = SHAPE_DEFINITION_REPRESENTATION ( #2541, #2855 ) ;
#2737 = CARTESIAN_POINT ( 'NONE',  ( -40.51745367396554087, 9.996442871219436199, -13.56030410238274087 ) ) ;
#2738 = ADVANCED_FACE ( 'NONE', ( #1068 ), #2158, .F. ) ;
#2739 = CARTESIAN_POINT ( 'NONE',  ( -40.90210608051992835, 9.917831340965200582, 14.09424542785221490 ) ) ;
#2740 = CARTESIAN_POINT ( 'NONE',  ( -43.00683518950146578, 7.552932143825201727, 16.16664144862965813 ) ) ;
#2741 = EDGE_LOOP ( 'NONE', ( #333, #1679, #349, #137 ) ) ;
#2742 = CARTESIAN_POINT ( 'NONE',  ( -43.38695600770388694, 7.157007868728831212, -15.50000000000000178 ) ) ;
#2743 = CARTESIAN_POINT ( 'NONE',  ( -43.03410996371842145, 7.356617739674578438, -16.19632722951868686 ) ) ;
#2744 = CARTESIAN_POINT ( 'NONE',  ( 41.19392059595067224, 9.885097971986551713, 14.11454961403948438 ) ) ;
#2745 = CARTESIAN_POINT ( 'NONE',  ( -43.32943092366959092, 7.610088976733104360, 15.50241900179662302 ) ) ;
#2746 = CARTESIAN_POINT ( 'NONE',  ( -42.40029963002857727, 9.228371414970164111, 14.84290105472861754 ) ) ;
#2747 = DIRECTION ( 'NONE',  ( -0.000000000000000000, -1.000000000000000000, -0.000000000000000000 ) ) ;
#2748 = CARTESIAN_POINT ( 'NONE',  ( -41.90206508938098295, 9.164007705717333252, -15.46939068076269130 ) ) ;
#2749 = CARTESIAN_POINT ( 'NONE',  ( 40.39106740344013957, 10.00000000000000000, -13.39106740344015556 ) ) ;
#2750 = CARTESIAN_POINT ( 'NONE',  ( 42.31224572847742138, 9.284649768620687027, 14.98174854334647144 ) ) ;
#2751 = CARTESIAN_POINT ( 'NONE',  ( 41.88538722879310683, 9.248574651914545086, -15.37605043665617721 ) ) ;
#2752 = PLANE ( 'NONE',  #3208 ) ;
#2753 = CARTESIAN_POINT ( 'NONE',  ( 42.85187177082874399, 7.853276062328707674, -16.16046757953915147 ) ) ;
#2754 = CARTESIAN_POINT ( 'NONE',  ( 42.23840319878674165, 8.601122007213952259, 15.92987583395494333 ) ) ;
#2755 = CARTESIAN_POINT ( 'NONE',  ( 40.47548092789777741, 10.00000000000000000, -13.45284574266761624 ) ) ;
#2756 = CARTESIAN_POINT ( 'NONE',  ( -40.71006959361034205, 9.969972641541666292, -13.82389517628029907 ) ) ;
#2757 = CARTESIAN_POINT ( 'NONE',  ( -40.53488793233830734, 9.996822927792155866, 13.54266982339835934 ) ) ;
#2758 = CARTESIAN_POINT ( 'NONE',  ( -43.37333166472937762, 7.334309440796696222, 15.52565042178533794 ) ) ;
#2759 = EDGE_LOOP ( 'NONE', ( #1523, #2720, #727, #601 ) ) ;
#2760 = CARTESIAN_POINT ( 'NONE',  ( -40.89282163836577411, 9.957743367273828028, -13.75576683548168333 ) ) ;
#2761 = CARTESIAN_POINT ( 'NONE',  ( 41.55003165304191981, 9.691113753977150580, -14.68029167921536526 ) ) ;
#2762 = CARTESIAN_POINT ( 'NONE',  ( 40.47548092782001561, 10.00000000000000000, 13.45284574286882417 ) ) ;
#2763 = CARTESIAN_POINT ( 'NONE',  ( -42.61788476173969542, 7.822970783939442896, 16.26147338341632320 ) ) ;
#2764 = CARTESIAN_POINT ( 'NONE',  ( -41.66021338049470302, 9.453806653470966381, 15.11979471524179708 ) ) ;
#2765 = DIRECTION ( 'NONE',  ( 0.000000000000000000, 1.000000000000000000, 0.000000000000000000 ) ) ;
#2766 = CARTESIAN_POINT ( 'NONE',  ( -42.35421280887393181, 9.268930495607966336, -14.82970647723881719 ) ) ;
#2767 = CARTESIAN_POINT ( 'NONE',  ( -43.38695600770388694, 7.157007868728831212, -15.50000000000000178 ) ) ;
#2768 = CARTESIAN_POINT ( 'NONE',  ( 41.82884503532635279, 9.508622260017641992, 14.99007752284838801 ) ) ;
#2769 = VECTOR ( 'NONE', #3160, 1000.000000000000000 ) ;
#2770 = CARTESIAN_POINT ( 'NONE',  ( -42.39922880248278858, 8.662064737167481709, -15.86588135079620621 ) ) ;
#2771 = CARTESIAN_POINT ( 'NONE',  ( -42.21472239879081201, 9.337178599100880660, -15.02888859268778177 ) ) ;
#2772 = CARTESIAN_POINT ( 'NONE',  ( 42.57524607034654451, 9.057149120115894902, -14.96669246728127156 ) ) ;
#2773 = CARTESIAN_POINT ( 'NONE',  ( 43.38244451272895930, 7.243092321010781376, 15.50000000708606329 ) ) ;
#2774 = EDGE_CURVE ( 'NONE', #2500, #876, #72, .T. ) ;
#2775 = CARTESIAN_POINT ( 'NONE',  ( 43.28469165457688916, 7.795617677712844085, -15.47547978359265741 ) ) ;
#2776 = CARTESIAN_POINT ( 'NONE',  ( 42.29817790590121263, 8.421562467139509067, 16.03485124046087051 ) ) ;
#2777 = CARTESIAN_POINT ( 'NONE',  ( 40.46603154100079536, 10.00000000000000000, -13.46220571619756967 ) ) ;
#2778 = CARTESIAN_POINT ( 'NONE',  ( -41.00473271202327652, 9.937960474303606517, 13.83708908927258641 ) ) ;
#2779 = CARTESIAN_POINT ( 'NONE',  ( -43.38244451272880298, 7.243092321014320767, 15.50000000713861859 ) ) ;
#2780 = ORIENTED_EDGE ( 'NONE', *, *, #3531, .T. ) ;
#2781 = CARTESIAN_POINT ( 'NONE',  ( -42.63687896009641065, 8.998628321818658904, -15.01013944885508877 ) ) ;
#2782 = CARTESIAN_POINT ( 'NONE',  ( 41.59613154225586129, 9.505983430223837516, -15.04315377763670192 ) ) ;
#2783 = CARTESIAN_POINT ( 'NONE',  ( 40.39106740344013957, 10.00000000000000000, 13.39106740344015556 ) ) ;
#2784 = CARTESIAN_POINT ( 'NONE',  ( -41.35540195107673611, 9.842268994770918766, -14.10132420562464795 ) ) ;
#2785 = CARTESIAN_POINT ( 'NONE',  ( -43.24068487783554104, 7.832756250536904830, 15.68163144584879021 ) ) ;
#2786 = CARTESIAN_POINT ( 'NONE',  ( -42.11181118439760240, 9.458981693477253927, 14.67187617580574965 ) ) ;
#2787 = CARTESIAN_POINT ( 'NONE',  ( 42.31872011240478315, 8.325649545330824353, -16.08430323993878730 ) ) ;
#2788 = AXIS2_PLACEMENT_3D ( 'NONE', #766, #505, #223 ) ;
#2789 = DIRECTION ( 'NONE',  ( -1.000000000000000000, 0.000000000000000000, -0.000000000000000000 ) ) ;
#2790 = CARTESIAN_POINT ( 'NONE',  ( 41.66021331133111261, 9.453806619107057330, 15.11979476430668967 ) ) ;
#2791 = APPROVAL ( #2880, 'UNSPECIFIED' ) ;
#2792 = CARTESIAN_POINT ( 'NONE',  ( -43.02192699578585433, 8.394796148623438370, 15.52117176305745794 ) ) ;
#2793 = CARTESIAN_POINT ( 'NONE',  ( -42.62564009772717810, 8.520751251994271414, -15.89235277823299697 ) ) ;
#2794 = CARTESIAN_POINT ( 'NONE',  ( -42.26070411412058547, 9.345609456842582929, -14.80037843396665842 ) ) ;
#2795 = ORIENTED_EDGE ( 'NONE', *, *, #2029, .T. ) ;
#2796 = CARTESIAN_POINT ( 'NONE',  ( 41.77146844316705909, 9.376181217375725296, -15.22175978831398346 ) ) ;
#2797 = FACE_OUTER_BOUND ( 'NONE', #18, .T. ) ;
#2798 = CARTESIAN_POINT ( 'NONE',  ( 43.32713861990075088, 7.613793036828856664, -15.52945123996896903 ) ) ;
#2799 = CARTESIAN_POINT ( 'NONE',  ( 43.07960537381533328, 8.334620312622680771, 15.34157003843249534 ) ) ;
#2800 = CARTESIAN_POINT ( 'NONE',  ( -40.67467324077921376, 9.983466512967003936, -13.70592993451167096 ) ) ;
#2801 = CARTESIAN_POINT ( 'NONE',  ( -40.70592993451892738, 9.983466512965179618, 13.67467324077164292 ) ) ;
#2802 = CARTESIAN_POINT ( 'NONE',  ( -42.58273000764164351, 7.337955913245487238, 16.37013529686383961 ) ) ;
#2803 = ORIENTED_EDGE ( 'NONE', *, *, #1057, .F. ) ;
#2804 = CARTESIAN_POINT ( 'NONE',  ( -41.76977140900148555, 9.670560947752703029, -14.39104625836370666 ) ) ;
#2805 = CARTESIAN_POINT ( 'NONE',  ( 41.59064781877844297, 9.503463297825506473, -15.04697616068765598 ) ) ;
#2806 = CARTESIAN_POINT ( 'NONE',  ( 40.72464561684777351, 9.982421387489189613, 13.65596645409974741 ) ) ;
#2807 = CARTESIAN_POINT ( 'NONE',  ( -41.18742496266897035, 9.859820121124137415, -14.27524186836945397 ) ) ;
#2808 = CARTESIAN_POINT ( 'NONE',  ( -41.81581424039269024, 9.262162451624183390, 15.36218233548125767 ) ) ;
#2809 = CARTESIAN_POINT ( 'NONE',  ( 40.78631363852030489, 9.975940926080580695, -13.67836821473011710 ) ) ;
#2810 = CARTESIAN_POINT ( 'NONE',  ( 42.28710246017080721, 8.416931718788729810, 16.03732712360955404 ) ) ;
#2811 = CARTESIAN_POINT ( 'NONE',  ( 42.02371455163780922, 9.517849971856053415, 14.62339058527239999 ) ) ;
#2812 = CARTESIAN_POINT ( 'NONE',  ( -41.45997047978299577, 9.669931939671490895, -14.75943269487159348 ) ) ;
#2813 = CARTESIAN_POINT ( 'NONE',  ( -42.41821795937931938, 8.666815076051133104, 15.85449762186490830 ) ) ;
#2814 = CARTESIAN_POINT ( 'NONE',  ( -41.78724504598558553, 9.339566395942803467, -15.26887650329786084 ) ) ;
#2815 = VERTEX_POINT ( 'NONE', #793 ) ;
#2816 = CARTESIAN_POINT ( 'NONE',  ( 41.95134242469036678, 9.316867832759811563, -15.27451116113446083 ) ) ;
#2817 = CARTESIAN_POINT ( 'NONE',  ( 42.55101316817833634, 8.786780879697852598, -15.67489785182321604 ) ) ;
#2818 = CARTESIAN_POINT ( 'NONE',  ( 42.34157007205083545, 8.334620324841422345, 16.07960536788282369 ) ) ;
#2819 = CARTESIAN_POINT ( 'NONE',  ( -40.66287429308640355, 9.982866673602504903, 13.71773574985182087 ) ) ;
#2820 = CARTESIAN_POINT ( 'NONE',  ( -41.10719859679881694, 9.843943734789807110, -14.35009562954705054 ) ) ;
#2821 = CARTESIAN_POINT ( 'NONE',  ( 43.20853794999094077, 7.176187423167829316, -16.04438575757319185 ) ) ;
#2822 = CARTESIAN_POINT ( 'NONE',  ( -42.00294141305792550, 9.531806134910786099, -14.55876231972968604 ) ) ;
#2823 = CARTESIAN_POINT ( 'NONE',  ( 42.12374586782817687, 9.451129903168022039, -14.65435880612793440 ) ) ;
#2824 = CARTESIAN_POINT ( 'NONE',  ( 40.81011405679112158, 9.971649019994112351, 13.72400063009400739 ) ) ;
#2825 = CARTESIAN_POINT ( 'NONE',  ( -42.05340119315471981, 9.489608052571670171, 14.75204023768392503 ) ) ;
#2826 = CARTESIAN_POINT ( 'NONE',  ( 40.39106740344014668, 10.00000000000000000, -13.39106740344015556 ) ) ;
#2827 = EDGE_CURVE ( 'NONE', #1455, #1830, #3127, .T. ) ;
#2828 = DIRECTION ( 'NONE',  ( -0.05233595624294388321, -0.9986295347545739443, 0.000000000000000000 ) ) ;
#2829 = CARTESIAN_POINT ( 'NONE',  ( 41.96602619602424511, 9.543499303909248610, 14.69795749304382504 ) ) ;
#2830 = CARTESIAN_POINT ( 'NONE',  ( -42.70164389261802995, 8.530660438084559871, 15.83500575414966249 ) ) ;
#2831 = CARTESIAN_POINT ( 'NONE',  ( -42.07784393432208958, 9.062609942914432892, -15.56462406065569937 ) ) ;
#2832 = CARTESIAN_POINT ( 'NONE',  ( -41.76089522324596004, 9.327168560511584161, -15.28504757492907373 ) ) ;
#2833 = ORIENTED_EDGE ( 'NONE', *, *, #2244, .F. ) ;
#2834 = CARTESIAN_POINT ( 'NONE',  ( 42.28504757482957643, 9.327168560592488333, -14.76089522337478321 ) ) ;
#2835 = VECTOR ( 'NONE', #3471, 1000.000000000000000 ) ;
#2836 = CARTESIAN_POINT ( 'NONE',  ( 40.39106740344013957, 7.000000000000000000, -15.50000000000000178 ) ) ;
#2837 = CARTESIAN_POINT ( 'NONE',  ( 42.83500573317447646, 8.530660438499515053, -15.70164390735871329 ) ) ;
#2838 = CARTESIAN_POINT ( 'NONE',  ( 42.10923788834835335, 8.840282985780687497, 15.76237733363426052 ) ) ;
#2839 = CARTESIAN_POINT ( 'NONE',  ( -40.64397908485103983, 9.981285794917479137, 13.73661751615954785 ) ) ;
#2840 = CARTESIAN_POINT ( 'NONE',  ( -41.07874832129837728, 9.880116404120325768, -14.22818232902494984 ) ) ;
#2841 = CARTESIAN_POINT ( 'NONE',  ( 43.35223937137322281, 7.168739804108572145, -15.75857529892306985 ) ) ;
#2842 = CARTESIAN_POINT ( 'NONE',  ( 43.36637346039069030, 7.252057713344127521, 15.68666038664592222 ) ) ;
#2843 = CARTESIAN_POINT ( 'NONE',  ( 41.91369900322300168, 9.558333920303422104, -14.76003098627966281 ) ) ;
#2844 = CARTESIAN_POINT ( 'NONE',  ( 40.65398737949389840, 9.982273722502849722, 13.72662484035968333 ) ) ;
#2845 = CARTESIAN_POINT ( 'NONE',  ( -41.85829260889076409, 9.407940552607859885, 15.16013627828585086 ) ) ;
#2846 = CARTESIAN_POINT ( 'NONE',  ( 40.61793117561724387, 9.999999999999998224, -13.55596564877419041 ) ) ;
#2847 = CARTESIAN_POINT ( 'NONE',  ( 40.45260328959567175, 10.00000000000000000, 13.47572726862310688 ) ) ;
#2848 = CARTESIAN_POINT ( 'NONE',  ( 41.75204023747215842, 9.489608052419407969, 15.05340119335907012 ) ) ;
#2849 = CARTESIAN_POINT ( 'NONE',  ( -43.16066710313187116, 8.155840697995454747, 15.39582230075529523 ) ) ;
#2850 = VECTOR ( 'NONE', #660, 1000.000000000000000 ) ;
#2851 = CARTESIAN_POINT ( 'NONE',  ( -42.57524607043472997, 9.057149120022204514, -14.96669246713596380 ) ) ;
#2852 = CARTESIAN_POINT ( 'NONE',  ( -41.65435880601113183, 9.451129903098996365, -15.12374586792606834 ) ) ;
#2853 = VERTEX_POINT ( 'NONE', #343 ) ;
#2854 = CARTESIAN_POINT ( 'NONE',  ( 42.27704875705714471, 9.333523443848697809, -14.77411187530650949 ) ) ;
#2855 = ADVANCED_BREP_SHAPE_REPRESENTATION ( 'ADR-REF-W_REV_A', ( #1015, #983, #53 ), #455 ) ;
#2856 = CARTESIAN_POINT ( 'NONE',  ( 42.49999999999998579, 5.000000000000000000, -15.50000000000000178 ) ) ;
#2857 = CARTESIAN_POINT ( 'NONE',  ( 42.35329464085137374, 8.443499807349517994, -16.02050722728426990 ) ) ;
#2858 = CARTESIAN_POINT ( 'NONE',  ( 42.70465152975773293, 8.912317187279196418, 15.05764728228166049 ) ) ;
#2859 = CARTESIAN_POINT ( 'NONE',  ( -40.47523497807700466, 10.00000000000000000, 13.45308792637855788 ) ) ;
#2860 = CARTESIAN_POINT ( 'NONE',  ( 42.58687152736590065, 7.161379694205336044, -16.38350387982999834 ) ) ;
#2861 = CARTESIAN_POINT ( 'NONE',  ( 43.28669462004479840, 7.790101579903952356, 15.44953432457215925 ) ) ;
#2862 = CARTESIAN_POINT ( 'NONE',  ( 41.26242347427051982, 9.871958548623085861, -14.04197129689307744 ) ) ;
#2863 = DIRECTION ( 'NONE',  ( -0.000000000000000000, -1.000000000000000000, -0.000000000000000000 ) ) ;
#2864 = CARTESIAN_POINT ( 'NONE',  ( -41.52028214525754635, 9.766597375805408987, 14.40660206327946113 ) ) ;
#2865 = CARTESIAN_POINT ( 'NONE',  ( 41.41459905062080793, 9.820001252392334123, -14.13444545361042159 ) ) ;
#2866 = LINE ( 'NONE', #377, #1166 ) ;
#2867 = CARTESIAN_POINT ( 'NONE',  ( 41.35805347914828900, 9.841401589780772952, 14.09837837498488433 ) ) ;
#2868 = CARTESIAN_POINT ( 'NONE',  ( -42.62564002920327511, 8.520751231139019666, 15.89235280623808499 ) ) ;
#2869 = CARTESIAN_POINT ( 'NONE',  ( 44.49999999999998579, 0.000000000000000000, 15.50000000000000000 ) ) ;
#2870 = CARTESIAN_POINT ( 'NONE',  ( -42.19024746925612845, 8.680343203765257698, -15.87828631951914637 ) ) ;
#2871 = CARTESIAN_POINT ( 'NONE',  ( -41.76003098624946830, 9.558333920262882089, -14.91369900326423270 ) ) ;
#2872 = ORIENTED_EDGE ( 'NONE', *, *, #3371, .T. ) ;
#2873 = CARTESIAN_POINT ( 'NONE',  ( 43.16445241978907177, 8.147451285126097176, -15.37181669010622009 ) ) ;
#2874 = CARTESIAN_POINT ( 'NONE',  ( 42.60452272310438815, 9.025635462312068924, 14.99792857494815479 ) ) ;
#2875 = CARTESIAN_POINT ( 'NONE',  ( -40.45405566803267305, 10.00000000000000178, 13.47425265873918931 ) ) ;
#2876 = CARTESIAN_POINT ( 'NONE',  ( -41.04197129684403222, 9.871958548602570716, -14.26242347433838908 ) ) ;
#2877 = CARTESIAN_POINT ( 'NONE',  ( 43.37724917669770974, 7.164837599105890575, -15.65910698655884481 ) ) ;
#2878 = CARTESIAN_POINT ( 'NONE',  ( 43.21092914765355886, 7.650670504850503484, 15.89437773160290845 ) ) ;
#2879 = CARTESIAN_POINT ( 'NONE',  ( 41.22379244009967891, 9.773784250944952845, -14.53798033832303993 ) ) ;
#2880 = APPROVAL_STATUS ( 'not_yet_approved' ) ;
#2881 = CARTESIAN_POINT ( 'NONE',  ( -41.59613154203643859, 9.505983430093433384, 15.04315377783512808 ) ) ;
#2882 = DIRECTION ( 'NONE',  ( -0.000000000000000000, -1.000000000000000000, -0.000000000000000000 ) ) ;
#2883 = CARTESIAN_POINT ( 'NONE',  ( -43.27430649364598025, 7.174481725043693636, -15.94607055486351577 ) ) ;
#2884 = CARTESIAN_POINT ( 'NONE',  ( 41.49846303374541634, 9.788052355204982291, 14.26907933116627802 ) ) ;
#2885 = CARTESIAN_POINT ( 'NONE',  ( -41.47226536801991870, 9.604948519760940329, -14.88224119320250338 ) ) ;
#2886 = CARTESIAN_POINT ( 'NONE',  ( -42.60819686491208813, 9.021606218093939589, 14.98989844310476549 ) ) ;
#2887 = CARTESIAN_POINT ( 'NONE',  ( -42.48371809571727198, 7.569277748632522673, -16.34401136165971380 ) ) ;
#2888 = CARTESIAN_POINT ( 'NONE',  ( -42.49870760917502110, 9.014195612848467931, -15.38519300677756974 ) ) ;
#2889 = CARTESIAN_POINT ( 'NONE',  ( -41.75204023776358753, 9.489608052614306288, -15.05340119309269653 ) ) ;
#2890 = ORIENTED_EDGE ( 'NONE', *, *, #1970, .T. ) ;
#2891 = CARTESIAN_POINT ( 'NONE',  ( -42.91538114221454236, 7.961432519855629941, 16.06725008514834485 ) ) ;
#2892 = CARTESIAN_POINT ( 'NONE',  ( 44.49999999999998579, 0.000000000000000000, -15.50000000000000178 ) ) ;
#2893 = CARTESIAN_POINT ( 'NONE',  ( 42.38708897125940211, 8.351769165441185194, -16.06879892068426940 ) ) ;
#2894 = CARTESIAN_POINT ( 'NONE',  ( 42.67918670946903603, 8.906058957160373879, 15.27616709358106917 ) ) ;
#2895 = CARTESIAN_POINT ( 'NONE',  ( -40.47302735475617652, 10.00000000000000355, 13.45526359856171261 ) ) ;
#2896 = VECTOR ( 'NONE', #594, 1000.000000000000000 ) ;
#2897 = CARTESIAN_POINT ( 'NONE',  ( -42.50000000000000711, 5.000000000000000000, -17.50000000000000000 ) ) ;
#2898 = CARTESIAN_POINT ( 'NONE',  ( 43.30970721621371666, 7.629305431226124590, 15.65090290342473978 ) ) ;
#2899 = CARTESIAN_POINT ( 'NONE',  ( 41.56763048648874559, 9.756908580684150678, -14.35502832159078324 ) ) ;
#2900 = DATE_AND_TIME ( #997, #2070 ) ;
#2901 = CARTESIAN_POINT ( 'NONE',  ( -41.46865318568744385, 9.672521002043650284, 14.75208528069023473 ) ) ;
#2902 = CARTESIAN_POINT ( 'NONE',  ( 40.39106740344014668, 10.00000000000000000, -13.39106740344015556 ) ) ;
#2903 = CARTESIAN_POINT ( 'NONE',  ( 42.49707348769615578, 7.332410560572790281, 16.37388189958089768 ) ) ;
#2904 = CARTESIAN_POINT ( 'NONE',  ( 41.79118505496707314, 9.654955332305835469, 14.42048565148674655 ) ) ;
#2905 = CARTESIAN_POINT ( 'NONE',  ( -41.47663107762785017, 9.793329625011651274, -14.29304784463994160 ) ) ;
#2906 = CARTESIAN_POINT ( 'NONE',  ( -42.27616709384406590, 8.906058957395028841, 15.67918670932188085 ) ) ;
#2907 = CARTESIAN_POINT ( 'NONE',  ( -41.14804704283469761, 9.813116279078030857, -14.43337997778401061 ) ) ;
#2908 = CARTESIAN_POINT ( 'NONE',  ( -42.20983239406091059, 8.975975457291614390, -15.62816842218819602 ) ) ;
#2909 = CARTESIAN_POINT ( 'NONE',  ( -41.59064781866480587, 9.503463297760010420, -15.04697616078691169 ) ) ;
#2910 = ORIENTED_EDGE ( 'NONE', *, *, #99, .T. ) ;
#2911 = EDGE_CURVE ( 'NONE', #1812, #671, #2523, .T. ) ;
#2912 = CARTESIAN_POINT ( 'NONE',  ( -42.50926560742710336, 7.900169961719345046, 16.25080385266348415 ) ) ;
#2913 = CIRCLE ( 'NONE', #2788, 0.9999999999999991118 ) ;
#2914 = CARTESIAN_POINT ( 'NONE',  ( 42.87828631945736646, 8.680343203856239143, -15.19024746940805137 ) ) ;
#2915 = CARTESIAN_POINT ( 'NONE',  ( 42.55034822591642296, 9.005697412187245732, 15.32325946321051724 ) ) ;
#2916 = PLANE ( 'NONE',  #3382 ) ;
#2917 = CARTESIAN_POINT ( 'NONE',  ( -40.99417627144534038, 9.940010602522043826, -13.84806048421316405 ) ) ;
#2918 = CARTESIAN_POINT ( 'NONE',  ( 43.32943092467608892, 7.610088972663698215, 15.50241898980216249 ) ) ;
#2919 = CARTESIAN_POINT ( 'NONE',  ( 41.52590243063296072, 9.778521051535770781, -14.23778523195702306 ) ) ;
#2920 = CARTESIAN_POINT ( 'NONE',  ( 40.39106740344013957, 10.00000000000000000, 13.39106740344015734 ) ) ;
#2921 = CARTESIAN_POINT ( 'NONE',  ( -41.60159774781245545, 9.508421828023012168, 15.03929468582652795 ) ) ;
#2922 = CYLINDRICAL_SURFACE ( 'NONE', #2009, 2.000000000000000000 ) ;
#2923 = CARTESIAN_POINT ( 'NONE',  ( -40.47572726870618709, 10.00000000000000000, 13.45260328946622685 ) ) ;
#2924 = CARTESIAN_POINT ( 'NONE',  ( 41.52424752221720894, 9.625789388056613660, 14.84193307049631194 ) ) ;
#2925 = CARTESIAN_POINT ( 'NONE',  ( -41.49846303346981813, 9.788052355319891262, -14.26907933136535789 ) ) ;
#2926 = CARTESIAN_POINT ( 'NONE',  ( -42.19024747660479591, 8.680343208101380270, 15.87828631680677027 ) ) ;
#2927 = CARTESIAN_POINT ( 'NONE',  ( 42.70465152975773293, 8.912317187279196418, 15.05764728228166049 ) ) ;
#2928 = CARTESIAN_POINT ( 'NONE',  ( -43.25755473300547749, 7.888001567823236471, -15.45848418571285343 ) ) ;
#2929 = VERTEX_POINT ( 'NONE', #1979 ) ;
#2930 = UNCERTAINTY_MEASURE_WITH_UNIT (LENGTH_MEASURE( 1.000000000000000082E-05 ), #976, 'distance_accuracy_value', 'NONE');
#2931 = CARTESIAN_POINT ( 'NONE',  ( -43.28580625827195405, 7.793397574786665949, 15.46246450307968523 ) ) ;
#2932 = CARTESIAN_POINT ( 'NONE',  ( -40.39106740344013247, 10.00000000000000000, -13.39106740344015556 ) ) ;
#2933 = CARTESIAN_POINT ( 'NONE',  ( 42.69749003493151918, 8.920670465914563252, -15.07470914748511071 ) ) ;
#2934 = CARTESIAN_POINT ( 'NONE',  ( 41.92663564318630165, 9.130290707993742316, 15.50395446888618878 ) ) ;
#2935 = CARTESIAN_POINT ( 'NONE',  ( -40.74020917859967028, 9.961309953850520316, 13.87142031785098162 ) ) ;
#2936 = CARTESIAN_POINT ( 'NONE',  ( 42.98805809210874429, 7.654977589317267572, -16.14637481090916182 ) ) ;
#2937 = CARTESIAN_POINT ( 'NONE',  ( 43.12967958926118683, 8.197364518498302388, 15.52682095661560346 ) ) ;
#2938 = CARTESIAN_POINT ( 'NONE',  ( 41.36239617627699516, 9.758292740977717372, -14.56086626283027563 ) ) ;
#2939 = CARTESIAN_POINT ( 'NONE',  ( 40.39106740344013957, 10.00000000000000000, 13.39106740344015556 ) ) ;
#2940 = CARTESIAN_POINT ( 'NONE',  ( -42.04697616088593293, 9.503463297694660028, 14.59064781855012960 ) ) ;
#2941 = CARTESIAN_POINT ( 'NONE',  ( 41.76089522337475302, 9.327168560592502544, -15.28504757482957288 ) ) ;
#2942 = CARTESIAN_POINT ( 'NONE',  ( -42.24603010912205292, 9.358383632584041933, 14.73306302017696368 ) ) ;
#2943 = CARTESIAN_POINT ( 'NONE',  ( 41.28625581804663369, 9.792130574700415480, 14.48293745769787044 ) ) ;
#2944 = CARTESIAN_POINT ( 'NONE',  ( -41.62283768469802681, 9.737195536514564154, -14.29122695648574037 ) ) ;
#2945 = CARTESIAN_POINT ( 'NONE',  ( -42.37224677392698879, 8.749361077288821065, 15.79792227946515482 ) ) ;
#2946 = EDGE_CURVE ( 'NONE', #3115, #2500, #3108, .T. ) ;
#2947 = CARTESIAN_POINT ( 'NONE',  ( -42.00677180456961679, 8.996631595194942932, -15.63238271057924855 ) ) ;
#2948 = CARTESIAN_POINT ( 'NONE',  ( -43.25998078584854767, 7.881641187703477769, -15.43306748986939247 ) ) ;
#2949 = EDGE_LOOP ( 'NONE', ( #26, #1700, #2256, #1366, #2518, #244, #708, #168 ) ) ;
#2950 = DIRECTION ( 'NONE',  ( 0.000000000000000000, 1.000000000000000000, 0.000000000000000000 ) ) ;
#2951 = CARTESIAN_POINT ( 'NONE',  ( -42.37181668996929318, 8.147451285060700599, -16.16445241981586634 ) ) ;
#2952 = CARTESIAN_POINT ( 'NONE',  ( 42.16806227979260768, 8.961648146799404913, -15.65282349771639225 ) ) ;
#2953 = CARTESIAN_POINT ( 'NONE',  ( 41.93419362232028647, 9.133969857614244958, 15.50003445640960109 ) ) ;
#2954 = DIRECTION ( 'NONE',  ( -1.000000000000000000, -0.000000000000000000, -0.000000000000000000 ) ) ;
#2955 = CARTESIAN_POINT ( 'NONE',  ( 43.38236231666761000, 7.244245943297663359, -15.51436518642919182 ) ) ;
#2956 = CARTESIAN_POINT ( 'NONE',  ( 43.13274714950843247, 8.124562821387808498, 15.63446720592038375 ) ) ;
#2957 = CARTESIAN_POINT ( 'NONE',  ( 40.83892736272657942, 9.938321063976264469, -14.00296778828223054 ) ) ;
#2958 = APPROVAL_ROLE ( '' ) ;
#2959 = EDGE_CURVE ( 'NONE', #3518, #1506, #2559, .T. ) ;
#2960 = CARTESIAN_POINT ( 'NONE',  ( -41.15345336045541558, 9.854650592378531471, 14.30746702003116155 ) ) ;
#2961 = CARTESIAN_POINT ( 'NONE',  ( 41.89463077126671209, 9.160287153364869539, -15.47325136523847888 ) ) ;
#2962 = CARTESIAN_POINT ( 'NONE',  ( -41.79813395808623966, 9.651356278544472644, 14.41167801565089057 ) ) ;
#2963 = CARTESIAN_POINT ( 'NONE',  ( 41.01523768299012573, 9.928826532102407398, 13.98372281320538413 ) ) ;
#2964 = CARTESIAN_POINT ( 'NONE',  ( -41.41608528306446857, 9.653185654409794481, -14.79467153504175947 ) ) ;
#2965 = CARTESIAN_POINT ( 'NONE',  ( -42.87503449474366590, 8.684771436450828830, 15.19998979771132852 ) ) ;
#2966 = CARTESIAN_POINT ( 'NONE',  ( 41.36070354260616710, 9.840503873545216607, 14.09542363814515120 ) ) ;
#2967 = CARTESIAN_POINT ( 'NONE',  ( -43.06725008506935382, 7.961432519930158769, -15.91538114228064771 ) ) ;
#2968 = CARTESIAN_POINT ( 'NONE',  ( -42.35604478029317477, 9.209502598006814367, -15.15293855242236454 ) ) ;
#2969 = CARTESIAN_POINT ( 'NONE',  ( -42.39582230087935955, 8.155840698063554939, -16.16066710310280996 ) ) ;
#2970 = CARTESIAN_POINT ( 'NONE',  ( 42.49870755930358968, 9.014195611670420050, -15.38519302869239702 ) ) ;
#2971 = CIRCLE ( 'NONE', #1395, 2.000000000000000000 ) ;
#2972 = CARTESIAN_POINT ( 'NONE',  ( 42.49999999999998579, 0.000000000000000000, -15.50000000000000178 ) ) ;
#2973 = AXIS2_PLACEMENT_3D ( 'NONE', #653, #930, #3313 ) ;
#2974 = CARTESIAN_POINT ( 'NONE',  ( 43.19733992848132687, 8.064367438377239239, 15.40642106210219708 ) ) ;
#2975 = CARTESIAN_POINT ( 'NONE',  ( 40.68248198266172722, 9.983648400725039451, -13.69811211386943661 ) ) ;
#2976 = PERSON_AND_ORGANIZATION_ROLE ( 'design_supplier' ) ;
#2977 = CARTESIAN_POINT ( 'NONE',  ( -40.55931877588403722, 9.996480994017465704, -13.51842143689862041 ) ) ;
#2978 = CARTESIAN_POINT ( 'NONE',  ( -41.05843025863488549, 9.924838781621291517, 13.93960283395686872 ) ) ;
#2979 = CARTESIAN_POINT ( 'NONE',  ( -42.50000000000000711, 0.000000000000000000, 17.50000000000000000 ) ) ;
#2980 = CARTESIAN_POINT ( 'NONE',  ( -43.37371981453188852, 7.333970727627693975, -15.51131382252041568 ) ) ;
#2981 = CARTESIAN_POINT ( 'NONE',  ( 41.06057788339212777, 9.876647147892134271, 14.24527760702904011 ) ) ;
#2982 = CARTESIAN_POINT ( 'NONE',  ( -41.29122694390227366, 9.737195531209930977, -14.62283769666290745 ) ) ;
#2983 = CARTESIAN_POINT ( 'NONE',  ( -41.99026487692651699, 9.203402295767828534, 15.41903357382462936 ) ) ;
#2984 = CARTESIAN_POINT ( 'NONE',  ( 43.26309774110951167, 7.873172682449367521, -15.43487230599816051 ) ) ;
#2985 = CARTESIAN_POINT ( 'NONE',  ( -42.38472281118693985, 9.219488637323278724, -15.04003196257178132 ) ) ;
#2986 = LINE ( 'NONE', #1084, #1336 ) ;
#2987 = CARTESIAN_POINT ( 'NONE',  ( 42.49999999999998579, 7.000000000000000000, 13.39106740344015378 ) ) ;
#2988 = CARTESIAN_POINT ( 'NONE',  ( -43.19554670047198641, 8.068106548737128847, -15.41863857653598124 ) ) ;
#2989 = CARTESIAN_POINT ( 'NONE',  ( 42.06618283470674413, 8.916560039188095033, -15.70114285786548791 ) ) ;
#2990 = CARTESIAN_POINT ( 'NONE',  ( -43.25998078586150797, 7.881641187660821224, 15.43306748975555820 ) ) ;
#2991 = CARTESIAN_POINT ( 'NONE',  ( -42.50000000000000711, 7.157007868728831212, 16.38695600770387628 ) ) ;
#2992 = EDGE_CURVE ( 'NONE', #884, #3168, #3400, .T. ) ;
#2993 = CARTESIAN_POINT ( 'NONE',  ( 42.45848421093132430, 7.888001577230017602, 16.25755472995848550 ) ) ;
#2994 = CARTESIAN_POINT ( 'NONE',  ( 40.84806048425002700, 9.940010602530938044, -13.99417627140339349 ) ) ;
#2995 = CARTESIAN_POINT ( 'NONE',  ( -40.53488791662217494, 9.996822927779005497, -13.54266983811920610 ) ) ;
#2996 = CARTESIAN_POINT ( 'NONE',  ( -41.36051601902718744, 9.802849437622354500, 14.41302080708079991 ) ) ;
#2997 = CARTESIAN_POINT ( 'NONE',  ( -43.30970721620197139, 7.629305431278979199, -15.65090290365699843 ) ) ;
#2998 = CARTESIAN_POINT ( 'NONE',  ( 41.25356871180574103, 9.861471082864753157, 14.20965309623500161 ) ) ;
#2999 = CARTESIAN_POINT ( 'NONE',  ( -42.50395446861107018, 9.130290708266905142, 14.92663564360006845 ) ) ;
#3000 = CARTESIAN_POINT ( 'NONE',  ( 42.49999999999998579, 5.000000000000000000, 16.50000000000000000 ) ) ;
#3001 = CARTESIAN_POINT ( 'NONE',  ( -42.39420867236039925, 8.060316040212049060, -16.19885968575263746 ) ) ;
#3002 = CARTESIAN_POINT ( 'NONE',  ( 42.35511414011537568, 9.264331450435550508, -14.92054588950621508 ) ) ;
#3003 = CARTESIAN_POINT ( 'NONE',  ( -42.39420867222986544, 8.060316040153823636, 16.19885968577446533 ) ) ;
#3004 = CARTESIAN_POINT ( 'NONE',  ( -40.39106740344016089, 10.00000000000000000, 13.39106740344014668 ) ) ;
#3005 = CARTESIAN_POINT ( 'NONE',  ( 43.24016565827172087, 7.914733183658945848, -15.57265241726297766 ) ) ;
#3006 = CARTESIAN_POINT ( 'NONE',  ( 43.15146227578540561, 8.171882167443847322, 15.44367901094478235 ) ) ;
#3007 = CARTESIAN_POINT ( 'NONE',  ( 40.70879361775542549, 9.969801996310108549, -13.82515518642174968 ) ) ;
#3008 = PERSON_AND_ORGANIZATION ( #3521, #1662 ) ;
#3009 = CARTESIAN_POINT ( 'NONE',  ( -41.09023218432536595, 9.918767152489078143, 13.90634608519406257 ) ) ;
#3010 = VERTEX_POINT ( 'NONE', #1961 ) ;
#3011 = CARTESIAN_POINT ( 'NONE',  ( -43.34801059825150560, 7.513974939101238704, -15.48476051265568820 ) ) ;
#3012 = CARTESIAN_POINT ( 'NONE',  ( 41.12769875128125818, 9.849595144507313549, 14.33151188022316980 ) ) ;
#3013 = CARTESIAN_POINT ( 'NONE',  ( -41.91905863093321472, 9.126489587471560583, 15.50777332078197013 ) ) ;
#3014 = CARTESIAN_POINT ( 'NONE',  ( 43.14365582576569125, 8.195070457707185341, -15.35804193654530359 ) ) ;
#3015 = VECTOR ( 'NONE', #2307, 1000.000000000000000 ) ;
#3016 = CARTESIAN_POINT ( 'NONE',  ( -42.48396076718444903, 9.148200280533355766, -14.96433989610185833 ) ) ;
#3017 = CARTESIAN_POINT ( 'NONE',  ( 40.39106740344013957, 10.00000000000000000, -13.39106740344015556 ) ) ;
#3018 = CARTESIAN_POINT ( 'NONE',  ( 42.15293836850997877, 9.209502503334926260, 15.35604486091001775 ) ) ;
#3019 = CC_DESIGN_DATE_AND_TIME_ASSIGNMENT ( #2900, #2338, ( #1461 ) ) ;
#3020 = CARTESIAN_POINT ( 'NONE',  ( 42.57152084902178046, 9.061104145032169654, -14.97456615959633197 ) ) ;
#3021 = DIRECTION ( 'NONE',  ( 0.000000000000000000, 1.000000000000000000, -0.000000000000000000 ) ) ;
#3022 = CARTESIAN_POINT ( 'NONE',  ( 42.85550605788672129, 8.157865625374043361, -16.00180995035470843 ) ) ;
#3023 = CARTESIAN_POINT ( 'NONE',  ( 42.78619515630387582, 8.695317088973867570, 15.53215300037298796 ) ) ;
#3024 = CARTESIAN_POINT ( 'NONE',  ( 40.64498274532930822, 9.981390828273337235, -13.73561582852217278 ) ) ;
#3025 = CALENDAR_DATE ( 2025, 17, 8 ) ;
#3026 = CARTESIAN_POINT ( 'NONE',  ( -40.55587550795520002, 9.996598302885104204, -13.52180833120634240 ) ) ;
#3027 = CARTESIAN_POINT ( 'NONE',  ( -41.23079910890993460, 9.776213660068336253, 14.53195568326453646 ) ) ;
#3028 = EDGE_LOOP ( 'NONE', ( #3073, #3096, #2330, #841 ) ) ;
#3029 = CARTESIAN_POINT ( 'NONE',  ( 41.09542363814541233, 9.840503873545307201, 14.36070354260592907 ) ) ;
#3030 = CARTESIAN_POINT ( 'NONE',  ( -42.48883661568248016, 7.608880110780149586, 16.33016520615090172 ) ) ;
#3031 = CARTESIAN_POINT ( 'NONE',  ( -42.15293855237632670, 9.209502597955754766, 15.35604478033077314 ) ) ;
#3032 = CARTESIAN_POINT ( 'NONE',  ( -40.76269339374770340, 9.956111686977800801, -13.90235319692792793 ) ) ;
#3033 = CARTESIAN_POINT ( 'NONE',  ( -41.85711408319553328, 9.235333158868893833, -15.39237100359070354 ) ) ;
#3034 = DIRECTION ( 'NONE',  ( 0.000000000000000000, 1.000000000000000000, 0.000000000000000000 ) ) ;
#3035 = CARTESIAN_POINT ( 'NONE',  ( 42.48396076752360528, 9.148200280203028001, 14.96433989561082889 ) ) ;
#3036 = CARTESIAN_POINT ( 'NONE',  ( 41.93419371174585564, 9.133969902147448749, -15.50003441182386510 ) ) ;
#3037 = DIRECTION ( 'NONE',  ( -0.000000000000000000, -0.000000000000000000, 1.000000000000000000 ) ) ;
#3038 = CARTESIAN_POINT ( 'NONE',  ( 42.61788476184383256, 7.822970783964116492, -16.26147338339491810 ) ) ;
#3039 = CARTESIAN_POINT ( 'NONE',  ( 42.60355240637512253, 8.705055000187718051, 15.73056927676194228 ) ) ;
#3040 = CARTESIAN_POINT ( 'NONE',  ( 40.73762081262699297, 9.981176790784997976, -13.64297353258039536 ) ) ;
#3041 = CARTESIAN_POINT ( 'NONE',  ( -40.75734538166091880, 9.973656829391511991, -13.77690851640426217 ) ) ;
#3042 = CARTESIAN_POINT ( 'NONE',  ( -40.71970343228628764, 9.982766697685232060, 13.66090774553957132 ) ) ;
#3043 = CARTESIAN_POINT ( 'NONE',  ( -43.19632722965049965, 7.356617739802329581, 16.03410996351905382 ) ) ;
#3044 = VERTEX_POINT ( 'NONE', #1997 ) ;
#3045 = CARTESIAN_POINT ( 'NONE',  ( 42.55792678594109191, 7.159941747680337976, 16.38501096706170657 ) ) ;
#3046 = CARTESIAN_POINT ( 'NONE',  ( 42.04697616068768440, 9.503463297825488709, -14.59064781877851225 ) ) ;
#3047 = CARTESIAN_POINT ( 'NONE',  ( 40.47084520852102685, 10.00000000000000355, 13.45742314992293487 ) ) ;
#3048 = CARTESIAN_POINT ( 'NONE',  ( -42.25155683435831833, 9.305549219973332953, 15.06129378473867675 ) ) ;
#3049 = DIRECTION ( 'NONE',  ( 1.000000000000000000, -0.000000000000000000, -0.000000000000000000 ) ) ;
#3050 = CARTESIAN_POINT ( 'NONE',  ( -42.36218233538289013, 9.262162451709857081, -14.81581424052593832 ) ) ;
#3051 = CARTESIAN_POINT ( 'NONE',  ( 42.07827712943396392, 9.343840187124138552, 15.17115222072775360 ) ) ;
#3052 = CARTESIAN_POINT ( 'NONE',  ( -42.92987583359327175, 8.601122008514018091, -15.23840319679332822 ) ) ;
#3053 = CARTESIAN_POINT ( 'NONE',  ( -41.82277333375429151, 9.265601889704315752, -15.35823318277688543 ) ) ;
#3054 = CARTESIAN_POINT ( 'NONE',  ( 42.53129665225988987, 9.097383413485486514, -15.05287474677366966 ) ) ;
#3055 = CARTESIAN_POINT ( 'NONE',  ( -43.26945154780703007, 7.174589802506908143, 15.95437695786014842 ) ) ;
#3056 = CARTESIAN_POINT ( 'NONE',  ( 43.19885968573094459, 8.060316040269986715, -15.39420867249112845 ) ) ;
#3057 = CARTESIAN_POINT ( 'NONE',  ( 42.30922775108560074, 8.426058624756675997, 16.03215499711968661 ) ) ;
#3058 = CARTESIAN_POINT ( 'NONE',  ( 40.54657128108140540, 9.996790729502235351, -13.53100839504700481 ) ) ;
#3059 = CARTESIAN_POINT ( 'NONE',  ( -40.54266983812508585, 9.996822927778447720, 13.53488791662806001 ) ) ;
#3060 = CARTESIAN_POINT ( 'NONE',  ( -42.75745471726641256, 7.539564769192588223, 16.29846255375921871 ) ) ;
#3061 = EDGE_CURVE ( 'NONE', #321, #2637, #908, .T. ) ;
#3062 = ORIENTED_EDGE ( 'NONE', *, *, #1165, .T. ) ;
#3063 = CARTESIAN_POINT ( 'NONE',  ( -40.87142031771529105, 9.961309953872675038, -13.74020917856182500 ) ) ;
#3064 = CARTESIAN_POINT ( 'NONE',  ( 41.75882558969597369, 9.649577460878736801, -14.62064931908273202 ) ) ;
#3065 = CARTESIAN_POINT ( 'NONE',  ( 40.56128942505498003, 9.996404748436468424, 13.51648591657312792 ) ) ;
#3066 = CARTESIAN_POINT ( 'NONE',  ( -43.33070191007728766, 7.606221078014823611, 15.47537405672197153 ) ) ;
#3067 = CARTESIAN_POINT ( 'NONE',  ( -42.24206472583156824, 9.361500643597041815, 14.73950445568865497 ) ) ;
#3068 = CARTESIAN_POINT ( 'NONE',  ( 42.39420867249089753, 8.060316040270086191, -16.19885968573091972 ) ) ;
#3069 = CARTESIAN_POINT ( 'NONE',  ( 42.37181668942170631, 8.147451284798968629, 16.16445241992305171 ) ) ;
#3070 = CARTESIAN_POINT ( 'NONE',  ( 42.22175978877034908, 9.376181217021512637, 14.77146844262700753 ) ) ;
#3071 = CARTESIAN_POINT ( 'NONE',  ( -42.74022654290265422, 8.243192719080740360, 16.02642759734930422 ) ) ;
#3072 = CARTESIAN_POINT ( 'NONE',  ( -42.27451116118545826, 9.316867832711587027, -14.95134242460259877 ) ) ;
#3073 = ORIENTED_EDGE ( 'NONE', *, *, #115, .F. ) ;
#3074 = CARTESIAN_POINT ( 'NONE',  ( 42.32237773954218341, 9.241484262847460940, -15.12351300596873571 ) ) ;
#3075 = DIRECTION ( 'NONE',  ( 0.000000000000000000, 0.000000000000000000, -1.000000000000000000 ) ) ;
#3076 = CARTESIAN_POINT ( 'NONE',  ( 43.24068487776090564, 7.832756250580013457, -15.68163144619251170 ) ) ;
#3077 = CARTESIAN_POINT ( 'NONE',  ( 42.76575768140968847, 8.835910733555623509, 15.10032105708473260 ) ) ;
#3078 = CARTESIAN_POINT ( 'NONE',  ( 40.46794833691136262, 10.00000000000000000, -13.46029669503440118 ) ) ;
#3079 = CARTESIAN_POINT ( 'NONE',  ( -40.78668059125789114, 9.973356961937083653, 13.74756007327207108 ) ) ;
#3080 = CARTESIAN_POINT ( 'NONE',  ( -42.52565042032090759, 7.334309440443627537, 16.37333166476397750 ) ) ;
#3081 = EDGE_LOOP ( 'NONE', ( #188, #382, #2388, #43 ) ) ;
#3082 = CARTESIAN_POINT ( 'NONE',  ( 42.52898204095811252, 7.158503800971347530, 16.38651805434077602 ) ) ;
#3083 = CARTESIAN_POINT ( 'NONE',  ( 41.41608530171372138, 9.653185663113477588, -14.79467151845076955 ) ) ;
#3084 = CARTESIAN_POINT ( 'NONE',  ( 40.64698651930946482, 9.981593093625132695, 13.73361548442590774 ) ) ;
#3085 = CARTESIAN_POINT ( 'NONE',  ( -41.27524164893058156, 9.859820147146209024, -14.18742519673378943 ) ) ;
#3086 = CARTESIAN_POINT ( 'NONE',  ( -43.14637483090040604, 7.654977587287196350, 15.98805806988865008 ) ) ;
#3087 = CARTESIAN_POINT ( 'NONE',  ( -42.22990284866457245, 9.370349037717122798, 14.75869369419916133 ) ) ;
#3088 = CARTESIAN_POINT ( 'NONE',  ( 42.69697970202258830, 8.921539656224439341, -15.05204638465485978 ) ) ;
#3089 = CIRCLE ( 'NONE', #2026, 2.000000000000000000 ) ;
#3090 = CARTESIAN_POINT ( 'NONE',  ( 42.18049096766257122, 8.675777914887362385, 15.88135752398672729 ) ) ;
#3091 = CARTESIAN_POINT ( 'NONE',  ( 42.27704870641667867, 9.333523484886258714, 14.77411195726131865 ) ) ;
#3092 = CARTESIAN_POINT ( 'NONE',  ( -41.55003143510605668, 9.691113708558454221, -14.68029190298668318 ) ) ;
#3093 = CARTESIAN_POINT ( 'NONE',  ( -42.83500573321770588, 8.530660438299520365, 15.70164390733029869 ) ) ;
#3094 = CARTESIAN_POINT ( 'NONE',  ( -42.40814667991668330, 8.464350351584309706, -16.00443756219051039 ) ) ;
#3095 = CARTESIAN_POINT ( 'NONE',  ( -42.23804572296316451, 9.364517002385758460, -14.74591923378022962 ) ) ;
#3096 = ORIENTED_EDGE ( 'NONE', *, *, #2213, .T. ) ;
#3097 = CARTESIAN_POINT ( 'NONE',  ( 41.76751723052873189, 9.330398151604631707, -15.28107744696035297 ) ) ;
#3098 = CARTESIAN_POINT ( 'NONE',  ( -43.06725010000918985, 7.961432519186192991, 15.91538112786328796 ) ) ;
#3099 = CARTESIAN_POINT ( 'NONE',  ( 42.28710246092325775, 8.416931719205065221, -16.03732712338785404 ) ) ;
#3100 = CARTESIAN_POINT ( 'NONE',  ( 42.83362308478591984, 8.729073809963995956, 15.30650692785543399 ) ) ;
#3101 = EDGE_CURVE ( 'NONE', #2815, #1830, #2113, .T. ) ;
#3102 = CARTESIAN_POINT ( 'NONE',  ( -40.51551810593951330, 9.996364305026284924, 13.56227552235713674 ) ) ;
#3103 = ORIENTED_EDGE ( 'NONE', *, *, #2296, .T. ) ;
#3104 = CARTESIAN_POINT ( 'NONE',  ( -42.98584503188819639, 8.506980788007354022, -15.25204852973535807 ) ) ;
#3105 = CARTESIAN_POINT ( 'NONE',  ( 41.68029190295334985, 9.691113708580854080, -14.55003143513946284 ) ) ;
#3106 = CARTESIAN_POINT ( 'NONE',  ( 40.52422781374455241, 9.996662232282087501, 13.55342264109008887 ) ) ;
#3107 = CARTESIAN_POINT ( 'NONE',  ( -41.73306302017706315, 9.358383632583880285, 15.24603010912221102 ) ) ;
#3108 = LINE ( 'NONE', #1448, #2239 ) ;
#3109 = CARTESIAN_POINT ( 'NONE',  ( 41.96669246655472563, 9.057149119647133872, 15.57524607078775247 ) ) ;
#3110 = CARTESIAN_POINT ( 'NONE',  ( 41.91369880716988661, 9.558333985907799146, 14.76003119020924359 ) ) ;
#3111 = CARTESIAN_POINT ( 'NONE',  ( -41.79813395799132536, 9.651356278594676041, -14.41167801574714780 ) ) ;
#3112 = CARTESIAN_POINT ( 'NONE',  ( -42.31872011211075346, 8.325649545174451660, 16.08430324001514933 ) ) ;
#3113 = CARTESIAN_POINT ( 'NONE',  ( -42.48192306366973270, 8.777291293065363931, -15.72971348994625274 ) ) ;
#3114 = CARTESIAN_POINT ( 'NONE',  ( -42.10307905689038677, 9.426327150529838050, -14.92992491556529622 ) ) ;
#3115 = VERTEX_POINT ( 'NONE', #1516 ) ;
#3116 = CARTESIAN_POINT ( 'NONE',  ( 42.28447616466178971, 9.313482529129190723, -14.93841770891309828 ) ) ;
#3117 = CARTESIAN_POINT ( 'NONE',  ( 43.36079865040419890, 7.168196617695871353, -15.74110917939805532 ) ) ;
#3118 = CARTESIAN_POINT ( 'NONE',  ( 43.08207357801214243, 8.330200533331050039, -15.33015743498530981 ) ) ;
#3119 = CARTESIAN_POINT ( 'NONE',  ( 42.29745765738183394, 9.117838347655705888, 15.40514111758591476 ) ) ;
#3120 = CARTESIAN_POINT ( 'NONE',  ( -40.82515519002403437, 9.969801995819906892, 13.70879361289799370 ) ) ;
#3121 = CARTESIAN_POINT ( 'NONE',  ( 42.52898203942010014, 7.158503800891206303, -16.38651805434955833 ) ) ;
#3122 = CARTESIAN_POINT ( 'NONE',  ( -41.40072238223469725, 9.824999349513406699, -14.12439228371280642 ) ) ;
#3123 = CARTESIAN_POINT ( 'NONE',  ( 41.81485879973695319, 9.635514304325965895, -14.55675946653591701 ) ) ;
#3124 = CARTESIAN_POINT ( 'NONE',  ( 40.47425265886721490, 10.00000000000000000, 13.45405566787638030 ) ) ;
#3125 = CARTESIAN_POINT ( 'NONE',  ( -42.01011150693906160, 9.403825594184485936, 15.09870283672064950 ) ) ;
#3126 = CARTESIAN_POINT ( 'NONE',  ( 41.57086230638611113, 9.759031807756786137, -14.24748843347772898 ) ) ;
#3127 = B_SPLINE_CURVE_WITH_KNOTS ( 'NONE', 3,
 ( #1891, #2212, #760, #2984, #487, #1589, #3014, #1619, #217, #248, #1321, #1712, #71, #3088, #3381, #2506, #360, #308, #3419, #1694, #327, #48, #1942, #1674, #2231, #612, #1482, #3126, #1429, #925, #2270, #3143, #2865, #90, #2577, #3346, #105, #2540, #1157, #890, #1729, #1467, #1209, #2809, #2846, #2826 ),
 .UNSPECIFIED., .F., .F.,
 ( 4, 2, 2, 1, 1, 2, 2, 2, 2, 1, 1, 1, 2, 2, 2, 2, 1, 1, 1, 2, 2, 2, 1, 1, 1, 1, 2, 2, 4 ),
 ( 0.000000000000000000, 0.1249999999999588385, 0.1874999999999376610, 0.2187499999999274192, 0.2343749999999229228, 0.2421874999999208411, 0.2499999999999187317, 0.3749999999998794853, 0.4374999999998605005, 0.4687499999998519518, 0.4843749999998477329, 0.4921874999998467892, 0.4960937499998475664, 0.4999999999998483435, 0.6249999999998887557, 0.6874999999999087397, 0.7187499999999197309, 0.7343749999999250599, 0.7421874999999279465, 0.7460937499999307221, 0.7499999999999334976, 0.8125000000000079936, 0.8437500000000455191, 0.8593750000000655032, 0.8671875000000758282, 0.8710937500000811573, 0.8730468750000835998, 0.8750000000000859313, 1.000000000000000000 ),
 .UNSPECIFIED. ) ;
#3128 = LINE ( 'NONE', #1713, #3147 ) ;
#3129 = CARTESIAN_POINT ( 'NONE',  ( 41.67187617548036371, 9.458981693280405167, 15.11181118467707130 ) ) ;
#3130 = CARTESIAN_POINT ( 'NONE',  ( -42.78619511999001901, 8.695317087904758324, 15.53215302458259295 ) ) ;
#3131 = CARTESIAN_POINT ( 'NONE',  ( -42.10923788895042463, 8.840282986153697564, -15.76237733334506075 ) ) ;
#3132 = ORIENTED_EDGE ( 'NONE', *, *, #1686, .F. ) ;
#3133 = CARTESIAN_POINT ( 'NONE',  ( 42.16964603679851109, 9.404875960869999219, -14.84635356532136008 ) ) ;
#3134 = CC_DESIGN_PERSON_AND_ORGANIZATION_ASSIGNMENT ( #1629, #530, ( #1783 ) ) ;
#3135 = CARTESIAN_POINT ( 'NONE',  ( 42.46605643159193733, 8.378995621707964858, -16.04498610881083920 ) ) ;
#3136 = CARTESIAN_POINT ( 'NONE',  ( 42.23922777734957634, 9.109897209600935852, 15.45466899616011602 ) ) ;
#3137 = CARTESIAN_POINT ( 'NONE',  ( -40.46029670218656094, 10.00000000000000533, 13.46794833099273880 ) ) ;
#3138 = CARTESIAN_POINT ( 'NONE',  ( -41.22328767292712826, 9.880828079842130407, -14.08386293360858588 ) ) ;
#3139 = CARTESIAN_POINT ( 'NONE',  ( -42.50000000000000711, 5.000000000000000000, 16.50000000000000000 ) ) ;
#3140 = CARTESIAN_POINT ( 'NONE',  ( 42.71735834853614477, 7.636203480719510495, 16.28997747487995440 ) ) ;
#3141 = CARTESIAN_POINT ( 'NONE',  ( 41.49245207890327691, 9.769291058078710677, -14.43560752725653629 ) ) ;
#3142 = CARTESIAN_POINT ( 'NONE',  ( -41.74591923365917978, 9.364517002310940086, 15.23804572305941285 ) ) ;
#3143 = CARTESIAN_POINT ( 'NONE',  ( 41.42170392041337124, 9.817414962715050208, -14.13959164777336319 ) ) ;
#3144 = B_SPLINE_SURFACE_WITH_KNOTS ( 'NONE', 3, 3, ( 
 ( #85, #1511, #3121, #2860, #3414, #2608, #371, #2302, #2821, #921, #2841, #2877, #338, #1477, #1443, #2535 ),
 ( #65, #2264, #642, #2572, #1204, #1759, #386, #1493, #2589, #2319, #2046, #3176, #2084, #2139, #2955, #175 ),
 ( #695, #459, #1563, #1278, #2626, #208, #994, #3213, #2698, #1298, #3525, #1313, #752, #767, #495, #2411 ),
 ( #439, #158, #3544, #1045, #3506, #224, #2666, #194, #1029, #2120, #1326, #3251, #2377, #2355, #1853, #476 ),
 ( #1797, #3560, #1258, #3488, #715, #1818, #1580, #2936, #1546, #2645, #240, #784, #2798, #1400, #1883, #1342 ),
 ( #2496, #1381, #1644, #1915, #3038, #544, #2753, #275, #2476, #2, #3076, #39, #1074, #2775, #295, #527 ),
 ( #2458, #2220, #1898, #316, #3590, #1107, #3574, #2150, #2201, #2182, #2733, #3005, #1663, #2166, #3299, #1683 ),
 ( #3335, #21, #836, #1130, #3353, #856, #1089, #3022, #506, #1950, #584, #3314, #1419, #819, #1931, #3056 ),
 ( #2514, #563, #1361, #2442, #3284, #1610, #2714, #801, #1626, #255, #2006, #2586, #1971, #3426, #1739, #2873 ),
 ( #672, #351, #2531, #2893, #3135, #899, #637, #1474, #1988, #1183, #335, #1755, #1702, #1218, #3118, #1719 ),
 ( #3099, #2551, #934, #2857, #879, #954, #1773, #2043, #2837, #368, #383, #2567, #1167, #1489, #2316, #1508 ),
 ( #2278, #3152, #117, #657, #3411, #2604, #1458, #81, #620, #3445, #917, #1201, #1438, #97, #3172, #2297 ),
 ( #2260, #2027, #399, #1147, #2240, #3372, #604, #2817, #60, #3392, #691, #3503, #1832, #435, #2914, #1524 ),
 ( #192, #172, #1012, #3209, #3190, #1543, #2332, #2059, #2622, #2100, #1868, #3523, #712, #1311, #2661, #3541 ),
 ( #474, #2989, #133, #492, #2952, #2641, #1275, #2118, #2970, #3248, #2372, #1592, #1815, #2933, #2391, #1851 ),
 ( #1027, #2409, #419, #3229, #3483, #1042, #154, #731, #456, #2136, #1560, #1295, #3267, #2080, #2351, #749 ),
 ( #1577, #2681, #206, #765, #1235, #3462, #969, #1792, #1254, #990, #3332, #3054, #1072, #2180, #3020, #2772 ),
 ( #854, #523, #3036, #504, #2695, #3588, #2731, #3297, #3556, #2199, #1607, #2711, #1948, #815, #542, #560 ),
 ( #1660, #292, #2494, #1624, #3572, #1060, #19, #1127, #253, #3074, #1359, #1087, #1913, #2456, #222, #3312 ),
 ( #236, #1324, #1642, #2751, #2425, #273, #3281, #780, #1881, #1377, #2163, #3002, #1340, #2440, #2474, #798 ),
 ( #3606, #1104, #1896, #80, #1437, #2816, #37, #2529, #1718, #2548, #3116, #57, #1164, #2257, #1182, #314 ),
 ( #1968, #3097, #1987, #915, #1736, #2276, #3409, #2512, #3390, #898, #334, #1146, #2238, #2854, #618, #2834 ),
 ( #602, #3370, #350, #2796, #1417, #877, #1456, #636, #2004, #1701, #3133, #1680, #2138, #2104, #3397, #1189 ),
 ( #2286, #2247, #3361, #590, #1445, #2266, #2537, #1690, #3416, #1137, #28, #1708, #1173, #923, #2823, #1726 ),
 ( #2805, #2782, #625, #3342, #324, #2227, #1464, #1425, #1153, #2843, #1408, #1670, #340, #87, #2520, #3046 ),
 ( #67, #1387, #551, #1939, #45, #1651, #2502, #3378, #357, #3064, #3123, #305, #905, #570, #1994, #865 ),
 ( #1958, #3083, #2556, #886, #1976, #843, #2761, #282, #2483, #3105, #609, #10, #1116, #2208, #139, #1820 ),
 ( #662, #697, #2647, #1779, #177, #2938, #2628, #373, #3141, #941, #2899, #2379, #1495, #405, #717, #2033 ),
 ( #2879, #1799, #3158, #996, #3452, #2591, #1223, #1761, #441, #388, #123, #2304, #2919, #1548, #2321, #1280 ),
 ( #959, #3508, #2048, #3178, #678, #2013, #1242, #1479, #1513, #2610, #1206, #2337, #3468, #644, #103, #975 ),
 ( #2357, #2065, #3194, #3431, #423, #1529, #160, #1260, #3490, #2086, #3215, #1745, #2862, #2574, #1596, #2716 ),
 ( #803, #257, #2444, #242, #1565, #769, #2700, #1315, #196, #2394, #2460, #1063, #1047, #1872, #478, #461 ),
 ( #3234, #2957, #3527, #2994, #2735, #786, #1582, #2168, #3562, #1900, #529, #1344, #1363, #1017, #2106, #226 ),
 ( #2141, #3007, #3576, #508, #3271, #735, #2684, #210, #3286, #1076, #1837, #1885, #3301, #1300, #497, #754 ),
 ( #1328, #2429, #3024, #2668, #1031, #1612, #1628, #2975, #2152, #2413, #2122, #1855, #3253, #3546, #1933, #3040 ),
 ( #2203, #4, #277, #2184, #297, #1917, #546, #3355, #838, #3058, #1402, #565, #23, #1132, #2498, #1109 ),
 ( #3316, #2222, #858, #2478, #1952, #1383, #3337, #1665, #2777, #3078, #3592, #1091, #1646, #821, #2755, #1640 ),
 ( #1070, #3570, #795, #1374, #762, #2177, #520, #2749, #2729, #556, #2708, #2423, #1657, #1892, #3278, #3017 ) ),
 .UNSPECIFIED., .F., .F., .F.,
 ( 4, 2, 2, 2, 2, 2, 2, 2, 2, 2, 2, 2, 2, 2, 2, 2, 2, 2, 4 ),
 ( 4, 2, 1, 2, 2, 2, 1, 2, 4 ),
 ( 0.000000000000000000, 0.05504582539007410458, 0.1100916507801482092, 0.1651374761702223137, 0.2201833015602964183, 0.2831320669135352630, 0.3460808322667741077, 0.4090295976200129524, 0.4405039802966324025, 0.4719783629732517971, 0.5055608979561410088, 0.5391434329390303315, 0.6063085029048089769, 0.6734735728705875113, 0.7406386428363660457, 0.8054789821272745343, 0.8703193214181830228, 0.9351596607090915114, 1.000000000000000000 ),
 ( 0.000000000000000000, 0.03125000000000000000, 0.1250000000000000000, 0.2500000000000000000, 0.5000000000000000000, 0.7500000000000000000, 0.9375000000000000000, 0.9687500000000000000, 1.000000000000000000 ),
 .UNSPECIFIED. ) ;
#3145 = CARTESIAN_POINT ( 'NONE',  ( 1.945069094553177386E-14, 10.00000000000000000, -13.39106740344015556 ) ) ;
#3146 = CARTESIAN_POINT ( 'NONE',  ( 42.01011148066544365, 9.403825594514573893, 15.09870287857898852 ) ) ;
#3147 = VECTOR ( 'NONE', #3365, 1000.000000000000000 ) ;
#3148 = CARTESIAN_POINT ( 'NONE',  ( -42.89910234319556537, 8.639359435195435921, 15.32977595232919477 ) ) ;
#3149 = CARTESIAN_POINT ( 'NONE',  ( -42.50000000000000711, 5.000000000000000000, 15.50000000000000178 ) ) ;
#3150 = CARTESIAN_POINT ( 'NONE',  ( -42.18049096828235633, 8.675777915258453987, -15.88135752373767673 ) ) ;
#3151 = VERTEX_POINT ( 'NONE', #1532 ) ;
#3152 = CARTESIAN_POINT ( 'NONE',  ( 42.22820510312524789, 8.596627620102276879, -15.93296113601727981 ) ) ;
#3153 = CARTESIAN_POINT ( 'NONE',  ( 42.37748492768687214, 8.932484484554159110, 15.61177885725158632 ) ) ;
#3154 = CARTESIAN_POINT ( 'NONE',  ( -40.47548092791024743, 10.00000000000000000, 13.45284574265751054 ) ) ;
#3155 = CARTESIAN_POINT ( 'NONE',  ( -41.09023217013295692, 9.918767155718743567, -13.90634610352955214 ) ) ;
#3156 = CARTESIAN_POINT ( 'NONE',  ( 44.49999999999998579, 5.000000000000000000, -15.50000000000000178 ) ) ;
#3157 = CARTESIAN_POINT ( 'NONE',  ( 42.51238898790764154, 7.517056825851964774, 16.34704181255879263 ) ) ;
#3158 = CARTESIAN_POINT ( 'NONE',  ( 41.23079910905494216, 9.776213660137461403, -14.53195568309660857 ) ) ;
#3159 = CARTESIAN_POINT ( 'NONE',  ( -41.97474765027934751, 9.541026737662919643, 14.68761160798679022 ) ) ;
#3160 = DIRECTION ( 'NONE',  ( 0.000000000000000000, 0.000000000000000000, -1.000000000000000000 ) ) ;
#3161 = CARTESIAN_POINT ( 'NONE',  ( -42.47325136542895052, 9.160287153181249309, 14.89463077098950095 ) ) ;
#3162 = CARTESIAN_POINT ( 'NONE',  ( 41.42048561596889300, 9.654955315992646447, 14.79118508674293331 ) ) ;
#3163 = CARTESIAN_POINT ( 'NONE',  ( -41.49121306396079945, 9.612823374650686148, -14.86770554394324684 ) ) ;
#3164 = CARTESIAN_POINT ( 'NONE',  ( -42.53064645470525562, 9.081897935752252238, 15.13277593642980889 ) ) ;
#3165 = PLANE ( 'NONE',  #2973 ) ;
#3166 = CARTESIAN_POINT ( 'NONE',  ( -42.09173453099836593, 8.928626519442966369, -15.68990403471605433 ) ) ;
#3167 = CARTESIAN_POINT ( 'NONE',  ( -41.80004735906294400, 9.563183505822069108, -14.87685752321213606 ) ) ;
#3168 = VERTEX_POINT ( 'NONE', #1764 ) ;
#3169 = ADVANCED_FACE ( 'NONE', ( #2613 ), #2922, .T. ) ;
#3170 = CARTESIAN_POINT ( 'NONE',  ( -42.68397696618598047, 7.934159464034645559, 16.19955207266995600 ) ) ;
#3171 = CARTESIAN_POINT ( 'NONE',  ( 43.20406477168160109, 7.176187873527084093, -16.04885890249762426 ) ) ;
#3172 = CARTESIAN_POINT ( 'NONE',  ( 42.93296113620711196, 8.596627619594988445, -15.22820510446522313 ) ) ;
#3173 = CARTESIAN_POINT ( 'NONE',  ( 42.50395444530372657, 9.130290731505045443, 14.92663569053061323 ) ) ;
#3174 = CARTESIAN_POINT ( 'NONE',  ( -40.47350361500306803, 10.00000000000000355, 13.50448152672857738 ) ) ;
#3175 = CARTESIAN_POINT ( 'NONE',  ( -41.11454937819170397, 9.885097949820469410, -14.19392081346204648 ) ) ;
#3176 = CARTESIAN_POINT ( 'NONE',  ( 43.37280578198809877, 7.250897078923835615, -15.65812224209579107 ) ) ;
#3177 = CARTESIAN_POINT ( 'NONE',  ( 42.55419021619569264, 7.336132677435632132, 16.37173348086168545 ) ) ;
#3178 = CARTESIAN_POINT ( 'NONE',  ( 41.11307307347083650, 9.845618497830571414, -14.34478923542015849 ) ) ;
#3179 = PERSON_AND_ORGANIZATION ( #3521, #1662 ) ;
#3180 = CARTESIAN_POINT ( 'NONE',  ( -41.88224119329902351, 9.604948519705825305, 14.47226536791773022 ) ) ;
#3181 = CARTESIAN_POINT ( 'NONE',  ( 40.83708908935535931, 9.937960474323642046, -14.00473271192540459 ) ) ;
#3182 = CARTESIAN_POINT ( 'NONE',  ( -42.93585426536867544, 8.591995904034639864, 15.21798788863060281 ) ) ;
#3183 = CARTESIAN_POINT ( 'NONE',  ( 41.30255553527628365, 9.741226534772748025, 14.61326624493887749 ) ) ;
#3184 = CARTESIAN_POINT ( 'NONE',  ( -41.42048561633575332, 9.654955316185709790, -14.79118508637586515 ) ) ;
#3185 = CARTESIAN_POINT ( 'NONE',  ( -42.32325946332438349, 9.005697412427069892, 15.55034822578707043 ) ) ;
#3186 = CARTESIAN_POINT ( 'NONE',  ( 41.27223084323884450, 9.869103040560990081, 14.03127335487656779 ) ) ;
#3187 = CARTESIAN_POINT ( 'NONE',  ( -42.55510703630327640, 9.068372789149966806, -15.09362036602426471 ) ) ;
#3188 = CARTESIAN_POINT ( 'NONE',  ( -41.82884503547713706, 9.508622260171478047, -14.99007752269874949 ) ) ;
#3189 = ORIENTED_EDGE ( 'NONE', *, *, #2396, .T. ) ;
#3190 = CARTESIAN_POINT ( 'NONE',  ( 42.21566791989010881, 8.886818305866077239, -15.71506056976459931 ) ) ;
#3191 = CARTESIAN_POINT ( 'NONE',  ( 42.51979241430259293, 9.085897978691550136, 15.14798363544415061 ) ) ;
#3192 = CARTESIAN_POINT ( 'NONE',  ( -40.47572726870618709, 10.00000000000000000, 13.45260328946622685 ) ) ;
#3193 = CARTESIAN_POINT ( 'NONE',  ( 42.73172486268726544, 7.537911073601275547, 16.30964702852948989 ) ) ;
#3194 = CARTESIAN_POINT ( 'NONE',  ( 41.03663652480311441, 9.870568655865028518, -14.26732496613445456 ) ) ;
#3195 = CARTESIAN_POINT ( 'NONE',  ( 40.39106740344013957, 10.00000000000000000, 13.39106740344015734 ) ) ;
#3196 = CARTESIAN_POINT ( 'NONE',  ( -41.79118508646567420, 9.654955316138396526, 14.42048561624294578 ) ) ;
#3197 = CARTESIAN_POINT ( 'NONE',  ( 41.84290105499778889, 9.228371415146684242, -15.40029962983272149 ) ) ;
#3198 = CARTESIAN_POINT ( 'NONE',  ( -43.08430324001513156, 8.325649545174442778, 15.31872011211093820 ) ) ;
#3199 = CARTESIAN_POINT ( 'NONE',  ( 41.49028562878495308, 9.678593232406297986, 14.73358433998177119 ) ) ;
#3200 = CARTESIAN_POINT ( 'NONE',  ( -41.26218884527367692, 9.786312938976298170, -14.50464945980643350 ) ) ;
#3201 = CARTESIAN_POINT ( 'NONE',  ( -42.76237733341769598, 8.840282986060383763, 15.10923788880000984 ) ) ;
#3202 = CARTESIAN_POINT ( 'NONE',  ( -41.71438718619427277, 9.383853404997125836, -15.21959792427692015 ) ) ;
#3203 = CARTESIAN_POINT ( 'NONE',  ( -42.59209282487451276, 7.818810583308175133, -16.26899939007962104 ) ) ;
#3204 = CARTESIAN_POINT ( 'NONE',  ( -41.66021331178886555, 9.453806619377493448, -15.11979476392223809 ) ) ;
#3205 = EDGE_LOOP ( 'NONE', ( #805, #56, #1668, #1920 ) ) ;
#3206 = CARTESIAN_POINT ( 'NONE',  ( -42.78372232843062761, 7.255605080185290490, 16.33689245815529034 ) ) ;
#3207 = CIRCLE ( 'NONE', #69, 0.9999999999999991118 ) ;
#3208 = AXIS2_PLACEMENT_3D ( 'NONE', #1930, #380, #817 ) ;
#3209 = CARTESIAN_POINT ( 'NONE',  ( 42.15371805048310705, 8.860931621376469280, -15.74408373091138635 ) ) ;
#3210 = CARTESIAN_POINT ( 'NONE',  ( 41.92054588902712453, 9.264331450021444425, 15.35511414056150592 ) ) ;
#3211 = CARTESIAN_POINT ( 'NONE',  ( -40.45574398884903644, 10.00000000000000888, 13.47254137751149372 ) ) ;
#3212 = CARTESIAN_POINT ( 'NONE',  ( -40.83708908931462389, 9.937960474313497272, -14.00473271197506087 ) ) ;
#3213 = CARTESIAN_POINT ( 'NONE',  ( 43.03410997938414795, 7.356617740848776066, -16.19632721731627001 ) ) ;
#3214 = CARTESIAN_POINT ( 'NONE',  ( 42.50329764715250747, 8.191070666543781797, 16.13806479910994085 ) ) ;
#3215 = CARTESIAN_POINT ( 'NONE',  ( 41.22818232896544544, 9.880116404138973962, -14.07874832131814635 ) ) ;
#3216 = DIRECTION ( 'NONE',  ( 0.000000000000000000, 0.000000000000000000, 1.000000000000000000 ) ) ;
#3217 = CARTESIAN_POINT ( 'NONE',  ( -41.53356385455574440, 9.628696278048593626, 14.83424225554336395 ) ) ;
#3218 = DIRECTION ( 'NONE',  ( 0.000000000000000000, 0.000000000000000000, -1.000000000000000000 ) ) ;
#3219 = CARTESIAN_POINT ( 'NONE',  ( -40.39106740344016089, 10.00000000000000000, 13.39106740344014668 ) ) ;
#3220 = CARTESIAN_POINT ( 'NONE',  ( 41.72597093947431546, 9.680381939163220650, 14.49882094479672645 ) ) ;
#3221 = CARTESIAN_POINT ( 'NONE',  ( -41.51984909538869317, 9.780828473558642600, -14.24477144480426816 ) ) ;
#3222 = CARTESIAN_POINT ( 'NONE',  ( -42.48192307349292207, 8.777291310125507451, 15.72971352346202956 ) ) ;
#3223 = CARTESIAN_POINT ( 'NONE',  ( -41.61469292523617725, 9.485531861350500193, -15.08069809587687438 ) ) ;
#3224 = CARTESIAN_POINT ( 'NONE',  ( -42.85187180111981320, 7.853276077094420771, -16.16046758779880221 ) ) ;
#3225 = EDGE_LOOP ( 'NONE', ( #1717, #1986, #3500, #1079 ) ) ;
#3226 = DIRECTION ( 'NONE',  ( 0.000000000000000000, -0.000000000000000000, 1.000000000000000000 ) ) ;
#3227 = CARTESIAN_POINT ( 'NONE',  ( -43.19885968575267299, 8.060316040211972677, -15.39420867236064261 ) ) ;
#3228 = EDGE_CURVE ( 'NONE', #280, #1135, #2650, .T. ) ;
#3229 = CARTESIAN_POINT ( 'NONE',  ( 42.03795112301683901, 9.044632863521830046, -15.58505366709508166 ) ) ;
#3230 = CARTESIAN_POINT ( 'NONE',  ( 42.28107744745046404, 9.330398151207221602, 14.76751722990064764 ) ) ;
#3231 = CARTESIAN_POINT ( 'NONE',  ( -1.524377857400436803E-14, 10.00000000000000000, 13.39106740344015378 ) ) ;
#3232 = CARTESIAN_POINT ( 'NONE',  ( -40.81886498514016637, 9.970630135801174632, -13.71516044282793167 ) ) ;
#3233 = CARTESIAN_POINT ( 'NONE',  ( 42.41975070391793423, 8.163861451087186083, 16.15606468164519782 ) ) ;
#3234 = CARTESIAN_POINT ( 'NONE',  ( 40.83708908935535931, 9.937960474323642046, -14.00473271192540459 ) ) ;
#3235 = CARTESIAN_POINT ( 'NONE',  ( -40.54657126812598733, 9.996790729525265817, -13.53100840996538246 ) ) ;
#3236 = CARTESIAN_POINT ( 'NONE',  ( -41.08386293356979024, 9.880828079830930477, 14.22328767296199814 ) ) ;
#3237 = LINE ( 'NONE', #444, #1210 ) ;
#3238 = CARTESIAN_POINT ( 'NONE',  ( -43.34801059825392855, 7.513974939086822680, 15.48476051259062025 ) ) ;
#3239 = CARTESIAN_POINT ( 'NONE',  ( 41.22379243971555240, 9.773784250768272841, 14.53798033875270157 ) ) ;
#3240 = CARTESIAN_POINT ( 'NONE',  ( -42.29745764506844097, 9.117838349173556622, 15.40514115036905984 ) ) ;
#3241 = CARTESIAN_POINT ( 'NONE',  ( -41.24748843308542945, 9.759031807919607004, -14.57086230599695753 ) ) ;
#3242 = CARTESIAN_POINT ( 'NONE',  ( -42.94236692405883105, 7.859384227584896188, -16.09669480718408252 ) ) ;
#3243 = CARTESIAN_POINT ( 'NONE',  ( -41.91905863107439956, 9.126489587564455164, -15.50777332068868120 ) ) ;
#3244 = ORIENTED_EDGE ( 'NONE', *, *, #2827, .F. ) ;
#3245 = CARTESIAN_POINT ( 'NONE',  ( -42.49999999999999289, 7.157007868728832101, 16.38695600770387273 ) ) ;
#3246 = CARTESIAN_POINT ( 'NONE',  ( -43.00180995036560461, 8.157865625243490015, -15.85550605789883960 ) ) ;
#3247 = CARTESIAN_POINT ( 'NONE',  ( -40.39106740344013247, 10.00000000000000000, -13.39106740344015734 ) ) ;
#3248 = CARTESIAN_POINT ( 'NONE',  ( 42.55034823853379322, 9.005697345421941336, -15.32325934340578932 ) ) ;
#3249 = CARTESIAN_POINT ( 'NONE',  ( -43.38695600770388694, 7.157007868728832101, -15.50000000000000178 ) ) ;
#3250 = CARTESIAN_POINT ( 'NONE',  ( -41.00120667495072269, 9.938668974149736712, -13.84075900251126967 ) ) ;
#3251 = CARTESIAN_POINT ( 'NONE',  ( 43.33564216859104334, 7.530044569358444129, -15.63653860967777121 ) ) ;
#3252 = CARTESIAN_POINT ( 'NONE',  ( 43.25755473305853371, 7.888001567654630009, 15.45848418527642032 ) ) ;
#3253 = CARTESIAN_POINT ( 'NONE',  ( 40.73361548434439783, 9.981593093639755665, -13.64698651933742291 ) ) ;
#3254 = VECTOR ( 'NONE', #1585, 1000.000000000000000 ) ;
#3255 = CARTESIAN_POINT ( 'NONE',  ( -41.35540196962868009, 9.842268988562631549, 14.10132418359823525 ) ) ;
#3256 = DIRECTION ( 'NONE',  ( 1.000000000000000000, -0.000000000000000000, 0.000000000000000000 ) ) ;
#3257 = CARTESIAN_POINT ( 'NONE',  ( -43.17471362601314411, 8.100829454107074667, 15.52817426511144205 ) ) ;
#3258 = CARTESIAN_POINT ( 'NONE',  ( -42.65812224208886505, 7.250897078923419947, -16.37280578200571668 ) ) ;
#3259 = CARTESIAN_POINT ( 'NONE',  ( 40.89416383040231295, 9.945622515639888306, 13.94916967602510383 ) ) ;
#3260 = CARTESIAN_POINT ( 'NONE',  ( -41.62600353059471558, 9.735774144168924948, -14.28744155174844721 ) ) ;
#3261 = CARTESIAN_POINT ( 'NONE',  ( -41.92663569094485609, 9.130290731776941726, 15.50395444502955122 ) ) ;
#3262 = CARTESIAN_POINT ( 'NONE',  ( 42.12765550546793492, 9.448363616946133803, 14.64848168202245127 ) ) ;
#3263 = CARTESIAN_POINT ( 'NONE',  ( -42.20740609582189506, 9.216900831402201177, -15.30891737157471155 ) ) ;
#3264 = DIRECTION ( 'NONE',  ( 1.000000000000000000, -0.000000000000000000, -0.000000000000000000 ) ) ;
#3265 = ADVANCED_FACE ( 'NONE', ( #978 ), #3512, .T. ) ;
#3266 = CARTESIAN_POINT ( 'NONE',  ( -42.38382917494910629, 8.151706975595397253, -16.16269811288675484 ) ) ;
#3267 = CARTESIAN_POINT ( 'NONE',  ( 42.59288938787193501, 9.037084840066794911, -15.02194843071920793 ) ) ;
#3268 = CARTESIAN_POINT ( 'NONE',  ( 42.49999999999998579, 7.000000000000000000, -13.39106740344015556 ) ) ;
#3269 = VECTOR ( 'NONE', #539, 1000.000000000000000 ) ;
#3270 = CARTESIAN_POINT ( 'NONE',  ( 43.00180995029222686, 8.157865625155716671, 15.85550605772048272 ) ) ;
#3271 = CARTESIAN_POINT ( 'NONE',  ( 40.72400063019147609, 9.971649020012550935, -13.81011405665501890 ) ) ;
#3272 = CARTESIAN_POINT ( 'NONE',  ( -40.46029669503161585, 10.00000000000000178, -13.46794833691569515 ) ) ;
#3273 = CARTESIAN_POINT ( 'NONE',  ( -41.53497283935893591, 9.775019378960140060, 14.22729917029790236 ) ) ;
#3274 = CARTESIAN_POINT ( 'NONE',  ( -43.32484631835490063, 7.617497086453199451, -15.55648344772479064 ) ) ;
#3275 = CARTESIAN_POINT ( 'NONE',  ( 40.90210608037929063, 9.917831340924943007, 14.09424542802215541 ) ) ;
#3276 = CARTESIAN_POINT ( 'NONE',  ( -41.93419371147704311, 9.133969901967915916, 15.50003441200549226 ) ) ;
#3277 = CARTESIAN_POINT ( 'NONE',  ( -44.50000000000001421, 5.000000000000000000, -15.50000000000000178 ) ) ;
#3278 = CARTESIAN_POINT ( 'NONE',  ( 40.39106740344013957, 10.00000000000000000, -13.39106740344015556 ) ) ;
#3279 = CARTESIAN_POINT ( 'NONE',  ( -42.94188510659438407, 8.427887537528473416, -15.66841191722911830 ) ) ;
#3280 = EDGE_CURVE ( 'NONE', #1135, #2077, #1606, .T. ) ;
#3281 = CARTESIAN_POINT ( 'NONE',  ( 42.06129398237975892, 9.305549315876261218, -15.25155671835567617 ) ) ;
#3282 = CARTESIAN_POINT ( 'NONE',  ( -43.00180995844835508, 8.157865625646346430, 15.85550605037480665 ) ) ;
#3283 = CARTESIAN_POINT ( 'NONE',  ( -42.29747735113490847, 8.383777939055475414, 16.05288897676356186 ) ) ;
#3284 = CARTESIAN_POINT ( 'NONE',  ( 42.52682095709756993, 8.197364518680048562, -16.12967958914265765 ) ) ;
#3285 = CARTESIAN_POINT ( 'NONE',  ( 42.52817426482023677, 8.100829453941919667, 16.17471362606951502 ) ) ;
#3286 = CARTESIAN_POINT ( 'NONE',  ( 40.77690851638895708, 9.973656829394069945, -13.75734538165637133 ) ) ;
#3287 = CARTESIAN_POINT ( 'NONE',  ( -41.53195570443444495, 9.776213651819221084, 14.23079908582328024 ) ) ;
#3288 = CARTESIAN_POINT ( 'NONE',  ( -42.93703772815274533, 7.354469920888337064, -16.26137890372849881 ) ) ;
#3289 = CARTESIAN_POINT ( 'NONE',  ( 40.93960283388976507, 9.924838781591219572, 14.05843025875996588 ) ) ;
#3290 = CARTESIAN_POINT ( 'NONE',  ( -42.37342481224522572, 9.151456140240613379, 15.26776037751843695 ) ) ;
#3291 = ADVANCED_FACE ( 'NONE', ( #3493 ), #720, .F. ) ;
#3292 = DIRECTION ( 'NONE',  ( 0.000000000000000000, 1.000000000000000000, 0.000000000000000000 ) ) ;
#3293 = CARTESIAN_POINT ( 'NONE',  ( -42.44925675379774077, 9.181535180694467613, -14.93903515047063735 ) ) ;
#3294 = DIRECTION ( 'NONE',  ( 0.000000000000000000, 0.000000000000000000, -1.000000000000000000 ) ) ;
#3295 = CARTESIAN_POINT ( 'NONE',  ( 42.41903357404308395, 9.203402295556951884, 14.99026487662714757 ) ) ;
#3296 = CARTESIAN_POINT ( 'NONE',  ( -43.19733992839538672, 8.064367438604996607, -15.40642106261473643 ) ) ;
#3297 = CARTESIAN_POINT ( 'NONE',  ( 42.20740608694747209, 9.216900831865460830, -15.30891738866582052 ) ) ;
#3298 = DIRECTION ( 'NONE',  ( -0.000000000000000000, 0.000000000000000000, -1.000000000000000000 ) ) ;
#3299 = CARTESIAN_POINT ( 'NONE',  ( 43.25889166835502664, 7.885216060066295718, -15.44574748439405276 ) ) ;
#3300 = CARTESIAN_POINT ( 'NONE',  ( 42.92987583381312078, 8.601122008162880306, 15.23840319619888284 ) ) ;
#3301 = CARTESIAN_POINT ( 'NONE',  ( 40.82138009095154274, 9.970301387431238282, -13.71261500467864813 ) ) ;
#3302 = CARTESIAN_POINT ( 'NONE',  ( -41.19392081347862700, 9.885097949812880813, 14.11454937816542454 ) ) ;
#3303 = EDGE_LOOP ( 'NONE', ( #3376, #1771, #2217, #3359, #3103, #1350, #1967, #3443 ) ) ;
#3304 = CARTESIAN_POINT ( 'NONE',  ( -43.20499361057718346, 7.262212907604578938, -16.04155424982896960 ) ) ;
#3305 = CARTESIAN_POINT ( 'NONE',  ( 40.83892735473310154, 9.938321062733166400, 14.00296779442032324 ) ) ;
#3306 = CARTESIAN_POINT ( 'NONE',  ( -42.47537405672205324, 7.606221078014698378, 16.33070191007728056 ) ) ;
#3307 = CARTESIAN_POINT ( 'NONE',  ( -42.39637455797323184, 9.231909271735458944, 14.85001982129635856 ) ) ;
#3308 = CARTESIAN_POINT ( 'NONE',  ( 43.36080574673972876, 7.168195266494437945, 15.74108410761553323 ) ) ;
#3309 = CARTESIAN_POINT ( 'NONE',  ( -42.26776037754088833, 9.151456140304995657, -15.37342481222671431 ) ) ;
#3310 = LINE ( 'NONE', #1056, #878 ) ;
#3311 = CARTESIAN_POINT ( 'NONE',  ( 42.45376594784959678, 9.170550355604666137, 15.01664475601316617 ) ) ;
#3312 = CARTESIAN_POINT ( 'NONE',  ( 42.47325136523838296, 9.160287153364933488, -14.89463077126685597 ) ) ;
#3313 = DIRECTION ( 'NONE',  ( -0.05233595624294388321, 0.9986295347545739443, 0.000000000000000000 ) ) ;
#3314 = CARTESIAN_POINT ( 'NONE',  ( 43.17471362597499507, 8.100829454194997226, -15.52817426533804124 ) ) ;
#3315 = CARTESIAN_POINT ( 'NONE',  ( 42.21798788816700210, 8.591995903762944309, 15.93585426553786455 ) ) ;
#3316 = CARTESIAN_POINT ( 'NONE',  ( 40.45260328947562556, 10.00000000000000000, -13.47572726869405280 ) ) ;
#3317 = CARTESIAN_POINT ( 'NONE',  ( -40.64899031754355008, 9.981795360713965337, 13.73161512219436631 ) ) ;
#3318 = CARTESIAN_POINT ( 'NONE',  ( -42.51131382248680524, 7.333970727627471931, 16.37371981453202707 ) ) ;
#3319 = EDGE_LOOP ( 'NONE', ( #1632, #2833, #1735 ) ) ;
#3320 = CARTESIAN_POINT ( 'NONE',  ( 42.75857529892303432, 7.168739804108570368, 16.35223937137323702 ) ) ;
#3321 = EDGE_CURVE ( 'NONE', #1506, #1406, #3237, .T. ) ;
#3322 = CARTESIAN_POINT ( 'NONE',  ( -42.63653860967542641, 7.530044569358540052, -16.33564216863259233 ) ) ;
#3323 = CARTESIAN_POINT ( 'NONE',  ( 40.45357179628665989, 10.00000000000000000, 13.47474381897145257 ) ) ;
#3324 = CARTESIAN_POINT ( 'NONE',  ( -42.74264680030764652, 7.638270185860453587, 16.27868485540788512 ) ) ;
#3325 = CARTESIAN_POINT ( 'NONE',  ( -42.11197274018495307, 9.312406585701074491, 15.20706148187423778 ) ) ;
#3326 = CARTESIAN_POINT ( 'NONE',  ( -42.50000000000000711, 5.000000000000000000, 17.50000000000000000 ) ) ;
#3327 = CARTESIAN_POINT ( 'NONE',  ( -42.20706148187744589, 9.312406585707790896, -15.11197274023338011 ) ) ;
#3328 = CARTESIAN_POINT ( 'NONE',  ( -42.74110917937105114, 7.168196617694420958, -16.36079865041185499 ) ) ;
#3329 = CARTESIAN_POINT ( 'NONE',  ( 41.97581610753095305, 9.198108400485670799, 15.42839600534776423 ) ) ;
#3330 = CARTESIAN_POINT ( 'NONE',  ( -42.91678318254853508, 8.618546546051506496, -15.27909304677510960 ) ) ;
#3331 = CARTESIAN_POINT ( 'NONE',  ( -42.27704870603171372, 9.333523485197455116, -14.77411195775312081 ) ) ;
#3332 = CARTESIAN_POINT ( 'NONE',  ( 42.49744582289125105, 9.116282750665057222, -15.10662082386991756 ) ) ;
#3333 = CARTESIAN_POINT ( 'NONE',  ( -42.50000000000000711, 0.000000000000000000, -15.50000000000000178 ) ) ;
#3334 = EDGE_CURVE ( 'NONE', #262, #933, #180, .T. ) ;
#3335 = CARTESIAN_POINT ( 'NONE',  ( 42.39420867249089753, 8.060316040270086191, -16.19885968573091972 ) ) ;
#3336 = CARTESIAN_POINT ( 'NONE',  ( 42.67489785185982498, 8.786780879380216902, 15.55101316801266265 ) ) ;
#3337 = CARTESIAN_POINT ( 'NONE',  ( 40.46029670219041918, 10.00000000000000355, -13.46794833098694610 ) ) ;
#3338 = CARTESIAN_POINT ( 'NONE',  ( -40.51600202405195006, 9.996384919381842593, 13.56178234277049022 ) ) ;
#3339 = CARTESIAN_POINT ( 'NONE',  ( -43.34504131628209223, 7.520010140735664095, 15.53999668870987350 ) ) ;
#3340 = ORIENTED_EDGE ( 'NONE', *, *, #2946, .F. ) ;
#3341 = CARTESIAN_POINT ( 'NONE',  ( -41.37733514610464169, 9.833275452684123508, -14.10744465035991624 ) ) ;
#3342 = CARTESIAN_POINT ( 'NONE',  ( 41.62339058575258832, 9.517849972155165261, -15.02371455117922139 ) ) ;
#3343 = CARTESIAN_POINT ( 'NONE',  ( 40.51648591538869937, 9.996404748431858778, 13.56128942585055164 ) ) ;
#3344 = CARTESIAN_POINT ( 'NONE',  ( -42.98805809210566764, 7.654977589345362432, 16.14637481093919646 ) ) ;
#3345 = CARTESIAN_POINT ( 'NONE',  ( -41.76751723027791030, 9.330398151445436383, 15.28107744715677008 ) ) ;
#3346 = CARTESIAN_POINT ( 'NONE',  ( 41.12799530229730749, 9.908419245962061694, -13.92655277454495533 ) ) ;
#3347 = CARTESIAN_POINT ( 'NONE',  ( -41.92054588942187365, 9.264331450325716588, -15.35511414022463583 ) ) ;
#3348 = CARTESIAN_POINT ( 'NONE',  ( 41.89463077057284579, 9.160287152906162689, 15.47325136571428139 ) ) ;
#3349 = CARTESIAN_POINT ( 'NONE',  ( 41.99007734257061486, 9.508622334071423765, 14.82884523502197105 ) ) ;
#3350 = CARTESIAN_POINT ( 'NONE',  ( -42.88351303818311777, 8.437694964893212912, 15.74676776093160768 ) ) ;
#3351 = ORIENTED_EDGE ( 'NONE', *, *, #814, .F. ) ;
#3352 = PLANE ( 'NONE',  #2258 ) ;
#3353 = CARTESIAN_POINT ( 'NONE',  ( 42.55224427152847255, 8.106680093190803404, -16.16650599072143990 ) ) ;
#3354 = CARTESIAN_POINT ( 'NONE',  ( 42.35396734072278235, 8.744706005369428325, 15.80929040604814695 ) ) ;
#3355 = CARTESIAN_POINT ( 'NONE',  ( 40.53488793233730547, 9.996822927793182600, -13.54266982338756620 ) ) ;
#3356 = CARTESIAN_POINT ( 'NONE',  ( -40.71773574983640742, 9.982866673604528174, -13.66287429310260748 ) ) ;
#3357 = PRODUCT_RELATED_PRODUCT_CATEGORY ( 'detail', '', ( #582 ) ) ;
#3358 = CARTESIAN_POINT ( 'NONE',  ( -40.93547696766850663, 9.946253391792456711, 13.90796925326569600 ) ) ;
#3359 = ORIENTED_EDGE ( 'NONE', *, *, #1765, .T. ) ;
#3360 = CARTESIAN_POINT ( 'NONE',  ( 43.38350387982996637, 7.161379694205332491, 15.58687152736590242 ) ) ;
#3361 = CARTESIAN_POINT ( 'NONE',  ( 41.66021338072615521, 9.453806653604146959, -15.11979471505268080 ) ) ;
#3362 = CARTESIAN_POINT ( 'NONE',  ( 40.73161512231914116, 9.981795360706444242, 13.64899031740814550 ) ) ;
#3363 = CARTESIAN_POINT ( 'NONE',  ( -42.02888859265056709, 9.337178599045893534, 15.21472239883306443 ) ) ;
#3364 = CARTESIAN_POINT ( 'NONE',  ( -42.50000000000000711, 5.000000000000000000, -17.50000000000000000 ) ) ;
#3365 = DIRECTION ( 'NONE',  ( -1.000000000000000000, 0.000000000000000000, -0.000000000000000000 ) ) ;
#3366 = CARTESIAN_POINT ( 'NONE',  ( 41.87736610760406819, 9.375345650393272834, 15.20811302369836504 ) ) ;
#3367 = CARTESIAN_POINT ( 'NONE',  ( -42.34976202624610409, 8.646136150352885963, 15.88992597727859035 ) ) ;
#3368 = CARTESIAN_POINT ( 'NONE',  ( -42.09870283670177571, 9.403825594224407780, -15.01011150696001550 ) ) ;
#3369 = ORIENTED_EDGE ( 'NONE', *, *, #2129, .T. ) ;
#3370 = CARTESIAN_POINT ( 'NONE',  ( 41.73950449818872244, 9.361500664956279749, -15.24206469864899205 ) ) ;
#3371 = EDGE_CURVE ( 'NONE', #2003, #1135, #944, .T. ) ;
#3372 = CARTESIAN_POINT ( 'NONE',  ( 42.37224677409891171, 8.749361077454993918, -15.79792227937035243 ) ) ;
#3373 = CARTESIAN_POINT ( 'NONE',  ( 43.03485124333293754, 8.421562462005292460, 15.29817789134277461 ) ) ;
#3374 = CARTESIAN_POINT ( 'NONE',  ( -40.56030410239419837, 9.996442871218754078, 13.51745367395886177 ) ) ;
#3375 = CARTESIAN_POINT ( 'NONE',  ( -41.19392059585541688, 9.885097972027066859, -14.11454961411380182 ) ) ;
#3376 = ORIENTED_EDGE ( 'NONE', *, *, #1287, .T. ) ;
#3377 = CARTESIAN_POINT ( 'NONE',  ( -42.33500595952435219, 9.284978938523032355, -14.79647851073504583 ) ) ;
#3378 = CARTESIAN_POINT ( 'NONE',  ( 41.65629394505337046, 9.653509424410524176, -14.72537048919654801 ) ) ;
#3379 = CARTESIAN_POINT ( 'NONE',  ( 40.55931877604417224, 9.996480994015220389, 13.51842143671538565 ) ) ;
#3380 = CARTESIAN_POINT ( 'NONE',  ( -42.28107747431848651, 9.330398129349282144, 14.76751718627954801 ) ) ;
#3381 = CARTESIAN_POINT ( 'NONE',  ( 42.63238271077353403, 8.996631594980080138, -15.00677180487460305 ) ) ;
#3382 = AXIS2_PLACEMENT_3D ( 'NONE', #2643, #1220, #693 ) ;
#3383 = CARTESIAN_POINT ( 'NONE',  ( 42.49999999999998579, 10.00000000000000000, 13.39106740344015378 ) ) ;
#3384 = CARTESIAN_POINT ( 'NONE',  ( 42.07503045428963162, 9.480396907709552679, 14.72387481424596700 ) ) ;
#3385 = CARTESIAN_POINT ( 'NONE',  ( -43.05365699021805881, 8.372277270469696830, 15.44375755390302984 ) ) ;
#3386 = CARTESIAN_POINT ( 'NONE',  ( -42.69749001010256961, 8.920670496706375019, -15.07470920963940131 ) ) ;
#3387 = CARTESIAN_POINT ( 'NONE',  ( -42.16013627821893550, 9.407940552662090283, -14.85829260895968673 ) ) ;
#3388 = ORIENTED_EDGE ( 'NONE', *, *, #1165, .F. ) ;
#3389 = B_SPLINE_CURVE_WITH_KNOTS ( 'NONE', 3,
 ( #2767, #832, #1603, #1356, #2196, #2453, #778, #3328, #1927, #288 ),
 .UNSPECIFIED., .F., .F.,
 ( 4, 2, 2, 2, 4 ),
 ( 0.000000000000000000, 0.2500000000000000000, 0.5000000000000000000, 0.7500000000000000000, 1.000000000000000000 ),
 .UNSPECIFIED. ) ;
#3390 = CARTESIAN_POINT ( 'NONE',  ( 42.09870287845933490, 9.403825594745383043, -15.01011148074200818 ) ) ;
#3391 = CARTESIAN_POINT ( 'NONE',  ( 43.26945154780700165, 7.174589802506903702, -15.95437695786014132 ) ) ;
#3392 = CARTESIAN_POINT ( 'NONE',  ( 42.72971348991507767, 8.777291293134528161, -15.48192306372262017 ) ) ;
#3393 = CARTESIAN_POINT ( 'NONE',  ( 42.61705118159721195, 8.980221557022748158, 15.22603647161026785 ) ) ;
#3394 = CARTESIAN_POINT ( 'NONE',  ( -40.75734548461439744, 9.973656831335166117, 13.77690841854544246 ) ) ;
#3395 = CARTESIAN_POINT ( 'NONE',  ( -42.50000000000000711, 5.000000000000000000, 17.50000000000000000 ) ) ;
#3396 = CARTESIAN_POINT ( 'NONE',  ( 43.37076811982711888, 7.166001621521210119, 15.68779891424381567 ) ) ;
#3397 = CARTESIAN_POINT ( 'NONE',  ( 42.24206472563555792, 9.361500643750623851, -14.73950445593577996 ) ) ;
#3398 = CARTESIAN_POINT ( 'NONE',  ( 40.54266982353018989, 9.996822927791299662, 13.53488793220698305 ) ) ;
#3399 = CARTESIAN_POINT ( 'NONE',  ( -42.21472252368408817, 9.337178505368166626, 15.02888839641546070 ) ) ;
#3400 = LINE ( 'NONE', #1192, #2896 ) ;
#3401 = CARTESIAN_POINT ( 'NONE',  ( 40.90210608037929063, 9.917831340924943007, 14.09424542802215541 ) ) ;
#3402 = CARTESIAN_POINT ( 'NONE',  ( 42.12765550546793492, 9.448363616946133803, 14.64848168202245127 ) ) ;
#3403 = CARTESIAN_POINT ( 'NONE',  ( -41.58349799680426884, 9.694609515994208948, -14.64862329043358891 ) ) ;
#3404 = CC_DESIGN_PERSON_AND_ORGANIZATION_ASSIGNMENT ( #1886, #2976, ( #3486 ) ) ;
#3405 = CARTESIAN_POINT ( 'NONE',  ( -42.53215300053513914, 8.695317089188842274, 15.78619515623678637 ) ) ;
#3406 = CARTESIAN_POINT ( 'NONE',  ( -42.38519302864408189, 9.014195611644673534, -15.49870755929554456 ) ) ;
#3407 = CARTESIAN_POINT ( 'NONE',  ( -42.30776436598019075, 9.302010356881364572, -14.90509701814755417 ) ) ;
#3408 = ORIENTED_EDGE ( 'NONE', *, *, #486, .T. ) ;
#3409 = CARTESIAN_POINT ( 'NONE',  ( 41.96322154323983966, 9.397579699853704227, -15.14048242921600718 ) ) ;
#3410 = CARTESIAN_POINT ( 'NONE',  ( 42.74108410761547816, 7.168195266494437945, -16.36080574673975008 ) ) ;
#3411 = CARTESIAN_POINT ( 'NONE',  ( 42.34976202652590160, 8.646136150421069644, -15.88992597723597200 ) ) ;
#3412 = CARTESIAN_POINT ( 'NONE',  ( 42.69749001040860747, 8.920670496335826982, 15.07470920905936218 ) ) ;
#3413 = CARTESIAN_POINT ( 'NONE',  ( -40.89545673870994591, 9.919950353958777001, 14.08515016795994867 ) ) ;
#3414 = CARTESIAN_POINT ( 'NONE',  ( 42.68779891424379258, 7.166001621521212783, -16.37076811982707980 ) ) ;
#3415 = CARTESIAN_POINT ( 'NONE',  ( 43.33689245818370495, 7.255605080180449029, 15.78372232826994193 ) ) ;
#3416 = CARTESIAN_POINT ( 'NONE',  ( 41.95163858987652361, 9.513954950060165672, -14.87105249396107887 ) ) ;
#3417 = CARTESIAN_POINT ( 'NONE',  ( 42.49999999999998579, 5.000000000000000000, -15.50000000000000178 ) ) ;
#3418 = CARTESIAN_POINT ( 'NONE',  ( -42.20103503543511181, 9.390059331172167845, 14.80321258281924734 ) ) ;
#3419 = CARTESIAN_POINT ( 'NONE',  ( 42.37657446101587055, 9.249010462364175567, -14.82603274776297830 ) ) ;
#3420 = CARTESIAN_POINT ( 'NONE',  ( 41.84290105432508966, 9.228371414704678699, 15.40029963032311500 ) ) ;
#3421 = CARTESIAN_POINT ( 'NONE',  ( 41.74591915396569419, 9.364516962327259719, 15.23804577419656958 ) ) ;
#3422 = CARTESIAN_POINT ( 'NONE',  ( -43.03485124032715703, 8.421562467389653861, 15.29817790634233177 ) ) ;
#3423 = CARTESIAN_POINT ( 'NONE',  ( -42.50000000000000711, 7.157007868728831212, 16.38695600770387628 ) ) ;
#3424 = CARTESIAN_POINT ( 'NONE',  ( -41.60159768783282885, 9.508421798646820022, -15.03929473110596504 ) ) ;
#3425 = EDGE_LOOP ( 'NONE', ( #79, #1947, #452, #689 ) ) ;
#3426 = CARTESIAN_POINT ( 'NONE',  ( 43.16066710308106735, 8.155840698126562316, -15.39582230101610172 ) ) ;
#3427 = CARTESIAN_POINT ( 'NONE',  ( 41.97456615888516041, 9.061104144571640262, 15.57152084945665393 ) ) ;
#3428 = CARTESIAN_POINT ( 'NONE',  ( -40.70300842611015923, 9.969189755415145626, 13.82027619964116738 ) ) ;
#3429 = VERTEX_POINT ( 'NONE', #1498 ) ;
#3430 = CARTESIAN_POINT ( 'NONE',  ( 42.89437773769375184, 7.650670511304932475, 16.21092916004770146 ) ) ;
#3431 = CARTESIAN_POINT ( 'NONE',  ( 41.04730615609412325, 9.873348460999682885, -14.25752191150672665 ) ) ;
#3432 = CARTESIAN_POINT ( 'NONE',  ( -41.75943269494045751, 9.669931939635262097, 14.45997047970400651 ) ) ;
#3433 = CARTESIAN_POINT ( 'NONE',  ( 41.64848168262043515, 9.448363617298804584, -15.12765550496983735 ) ) ;
#3434 = ADVANCED_FACE ( 'NONE', ( #2593 ), #125, .F. ) ;
#3435 = CARTESIAN_POINT ( 'NONE',  ( 42.48476051239524764, 7.513974939043854384, 16.34801059826105885 ) ) ;
#3436 = CARTESIAN_POINT ( 'NONE',  ( 41.65629377926256893, 9.653509416458286196, 14.72537067410148559 ) ) ;
#3437 = CARTESIAN_POINT ( 'NONE',  ( -41.62064931904949816, 9.649577460851519461, -14.75882558973235525 ) ) ;
#3438 = AXIS2_PLACEMENT_3D ( 'NONE', #1040, #2950, #3226 ) ;
#3439 = CARTESIAN_POINT ( 'NONE',  ( -42.14798363571596695, 9.085897978877911285, 15.51979241414948341 ) ) ;
#3440 = CARTESIAN_POINT ( 'NONE',  ( -42.50000000000000711, 5.000000000000000000, 16.50000000000000000 ) ) ;
#3441 = VECTOR ( 'NONE', #2374, 1000.000000000000000 ) ;
#3442 = CARTESIAN_POINT ( 'NONE',  ( -42.70465152944387910, 8.912317187659711593, -15.05764728288802701 ) ) ;
#3443 = ORIENTED_EDGE ( 'NONE', *, *, #1982, .T. ) ;
#3444 = CARTESIAN_POINT ( 'NONE',  ( 42.95435456531063068, 7.174588451305470294, -16.26946485353651894 ) ) ;
#3445 = CARTESIAN_POINT ( 'NONE',  ( 42.78619511999046665, 8.695317087972792791, -15.53215302473621939 ) ) ;
#3446 = CARTESIAN_POINT ( 'NONE',  ( 41.96669246655472563, 9.057149119647133872, 15.57524607078775247 ) ) ;
#3447 = CC_DESIGN_PERSON_AND_ORGANIZATION_ASSIGNMENT ( #1224, #663, ( #582 ) ) ;
#3448 = CARTESIAN_POINT ( 'NONE',  ( -41.10744465015669391, 9.833275452721666809, 14.37733514599752915 ) ) ;
#3449 = CARTESIAN_POINT ( 'NONE',  ( -41.17428849684862513, 9.886453536301305078, -14.13459608682016899 ) ) ;
#3450 = FACE_OUTER_BOUND ( 'NONE', #1181, .T. ) ;
#3451 = CARTESIAN_POINT ( 'NONE',  ( 43.04155425079844832, 7.262212907613429635, 16.20499360983389181 ) ) ;
#3452 = CARTESIAN_POINT ( 'NONE',  ( 41.26907933143578333, 9.788052355341386956, -14.49846303342484255 ) ) ;
#3453 = CARTESIAN_POINT ( 'NONE',  ( -41.65629394497771187, 9.653509424386037097, 14.72537048918919567 ) ) ;
#3454 = CARTESIAN_POINT ( 'NONE',  ( 40.64297353257981626, 9.981176790784958897, -13.73762081262752410 ) ) ;
#3455 = CARTESIAN_POINT ( 'NONE',  ( -43.25998078586150797, 7.881641187660821224, 15.43306748975555820 ) ) ;
#3456 = CARTESIAN_POINT ( 'NONE',  ( 41.40660206319313374, 9.766597375747094745, 14.52028214534811745 ) ) ;
#3457 = CARTESIAN_POINT ( 'NONE',  ( -41.53195568317505604, 9.776213660104913217, -14.23079910897814315 ) ) ;
#3458 = CARTESIAN_POINT ( 'NONE',  ( -42.10923791352986001, 8.840282998458800279, 15.76237732404543301 ) ) ;
#3459 = CARTESIAN_POINT ( 'NONE',  ( -41.38804239842690436, 9.668232350058973523, -14.76569000275184251 ) ) ;
#3460 = CARTESIAN_POINT ( 'NONE',  ( -42.11814540619720759, 8.844520606541726337, -15.75884048448253694 ) ) ;
#3461 = ORIENTED_EDGE ( 'NONE', *, *, #486, .F. ) ;
#3462 = CARTESIAN_POINT ( 'NONE',  ( 42.12150103188321282, 9.120199581812951095, -15.48669447234705387 ) ) ;
#3463 = CARTESIAN_POINT ( 'NONE',  ( 42.02194843004669877, 9.037084839625675770, 15.59288938827704207 ) ) ;
#3464 = CARTESIAN_POINT ( 'NONE',  ( -40.39106740344016089, 10.00000000000000000, 13.39106740344014845 ) ) ;
#3465 = CARTESIAN_POINT ( 'NONE',  ( -40.98194682788197696, 9.942095887277462296, -13.86070641980158236 ) ) ;
#3466 = ORIENTED_EDGE ( 'NONE', *, *, #2407, .F. ) ;
#3467 = CARTESIAN_POINT ( 'NONE',  ( 43.37901475865088230, 7.247449637339151707, 15.58632485709806303 ) ) ;
#3468 = CARTESIAN_POINT ( 'NONE',  ( 41.35009562948529549, 9.843943734807393042, -14.10719859686594546 ) ) ;
#3469 = CALENDAR_DATE ( 2025, 17, 8 ) ;
#3470 = CARTESIAN_POINT ( 'NONE',  ( -41.58349819071401754, 9.694609526745889383, 14.64862308246567757 ) ) ;
#3471 = DIRECTION ( 'NONE',  ( -0.000000000000000000, -1.000000000000000000, -0.000000000000000000 ) ) ;
#3472 = CARTESIAN_POINT ( 'NONE',  ( -42.12765550516902380, 9.448363617157868433, 14.64848168238128423 ) ) ;
#3473 = CARTESIAN_POINT ( 'NONE',  ( 41.75882537178684828, 9.649577512204764673, 14.62064953216918717 ) ) ;
#3474 = CARTESIAN_POINT ( 'NONE',  ( -41.33379870839409875, 9.800523638120001380, -14.43879402700924963 ) ) ;
#3475 = CARTESIAN_POINT ( 'NONE',  ( -42.10032105754516607, 8.835910733840812270, 15.76575768118975951 ) ) ;
#3476 = CARTESIAN_POINT ( 'NONE',  ( 42.36218233577728398, 9.262162451366330984, 14.81581423999480229 ) ) ;
#3477 = CARTESIAN_POINT ( 'NONE',  ( -42.47547978349805931, 7.795617677681231150, -16.28469165459288348 ) ) ;
#3478 = CARTESIAN_POINT ( 'NONE',  ( -41.67187617591712012, 9.458981693540014390, -15.11181118430651260 ) ) ;
#3479 = ORIENTED_EDGE ( 'NONE', *, *, #437, .F. ) ;
#3480 = CYLINDRICAL_SURFACE ( 'NONE', #2550, 3.000000000000000888 ) ;
#3481 = ADVANCED_FACE ( 'NONE', ( #1033 ), #1858, .T. ) ;
#3482 = CARTESIAN_POINT ( 'NONE',  ( -40.39106740344013247, 10.00000000000000178, -13.39106740344015556 ) ) ;
#3483 = CARTESIAN_POINT ( 'NONE',  ( 42.09362036611811675, 9.068372789241818666, -15.55510703622464419 ) ) ;
#3484 = CARTESIAN_POINT ( 'NONE',  ( 41.84290105432508966, 9.228371414704678699, 15.40029963032311500 ) ) ;
#3485 = CARTESIAN_POINT ( 'NONE',  ( -40.39106740344016089, 10.00000000000000000, 13.39106740344015023 ) ) ;
#3486 = PRODUCT_DEFINITION_FORMATION_WITH_SPECIFIED_SOURCE ( 'ANY', '', #582, .NOT_KNOWN. ) ;
#3487 = CARTESIAN_POINT ( 'NONE',  ( -40.86958768823203059, 9.943256423870762362, -13.97329185195787637 ) ) ;
#3488 = CARTESIAN_POINT ( 'NONE',  ( 42.55648344774485992, 7.617497086485157887, -16.32484631833030519 ) ) ;
#3489 = CARTESIAN_POINT ( 'NONE',  ( 43.37333166476668111, 7.334309440414212844, 15.52565042020240327 ) ) ;
#3490 = CARTESIAN_POINT ( 'NONE',  ( 41.17428873979566362, 9.886453525183940272, -14.13459583465274960 ) ) ;
#3491 = CARTESIAN_POINT ( 'NONE',  ( 0.000000000000000000, 0.000000000000000000, 0.000000000000000000 ) ) ;
#3492 = CARTESIAN_POINT ( 'NONE',  ( -41.49245207896210985, 9.769291058027526731, 14.43560752725898411 ) ) ;
#3493 = FACE_OUTER_BOUND ( 'NONE', #656, .T. ) ;
#3494 = CARTESIAN_POINT ( 'NONE',  ( -42.65910698655882527, 7.164837599105880805, -16.37724917669773106 ) ) ;
#3495 = CARTESIAN_POINT ( 'NONE',  ( 41.55003143500715623, 9.691113708442752994, 14.68029190314721788 ) ) ;
#3496 = CARTESIAN_POINT ( 'NONE',  ( -41.28744155174789654, 9.735774144168841460, -14.62600353059486658 ) ) ;
#3497 = CARTESIAN_POINT ( 'NONE',  ( -42.87828631958064562, 8.680343203673523078, 15.19024746910451285 ) ) ;
#3498 = CARTESIAN_POINT ( 'NONE',  ( 40.56227552250626189, 9.996364305024522778, 13.51551810576084911 ) ) ;
#3499 = CARTESIAN_POINT ( 'NONE',  ( -43.26147338339423243, 7.822970783909727110, -15.61788476183639141 ) ) ;
#3500 = ORIENTED_EDGE ( 'NONE', *, *, #2946, .T. ) ;
#3501 = CARTESIAN_POINT ( 'NONE',  ( -43.28469165460403190, 7.795617677646166754, 15.47547978336155161 ) ) ;
#3502 = CARTESIAN_POINT ( 'NONE',  ( -42.50329764752137152, 8.191070666680085210, -16.13806479897565183 ) ) ;
#3503 = CARTESIAN_POINT ( 'NONE',  ( 42.84294740838731741, 8.722421420847007667, -15.28734648534499385 ) ) ;
#3504 = CARTESIAN_POINT ( 'NONE',  ( 42.39237095419208856, 9.235333203390412748, 14.85711417246127475 ) ) ;
#3505 = CARTESIAN_POINT ( 'NONE',  ( -42.22698026380220426, 8.567817359222106077, 15.94923416358898649 ) ) ;
#3506 = CARTESIAN_POINT ( 'NONE',  ( 42.66397775772011158, 7.532391476256665719, -16.32884453258316171 ) ) ;
#3507 = CARTESIAN_POINT ( 'NONE',  ( 42.61174590609370938, 8.120441877738450387, 16.14430859905280968 ) ) ;
#3508 = CARTESIAN_POINT ( 'NONE',  ( 41.09837837529862981, 9.841401589906238812, -14.35805347877519011 ) ) ;
#3509 = COORDINATED_UNIVERSAL_TIME_OFFSET ( 10, 0, .AHEAD. ) ;
#3510 = CARTESIAN_POINT ( 'NONE',  ( -40.46603153417448340, 10.00000000000000178, -13.46220572364137347 ) ) ;
#3511 = CARTESIAN_POINT ( 'NONE',  ( -41.36239617619137476, 9.758292740920774477, 14.56086626294966457 ) ) ;
#3512 = PLANE ( 'NONE',  #988 ) ;
#3513 = CARTESIAN_POINT ( 'NONE',  ( -43.03732712347633083, 8.416931719038970527, 15.28710246062230205 ) ) ;
#3514 = CARTESIAN_POINT ( 'NONE',  ( 41.41608528268832146, 9.653185654213068290, 14.79467153541488500 ) ) ;
#3515 = CARTESIAN_POINT ( 'NONE',  ( -42.61177885717681590, 8.932484484740196962, 15.37748492786058918 ) ) ;
#3516 = CARTESIAN_POINT ( 'NONE',  ( 42.24603010942097825, 9.358383632348916237, 14.73306301979731003 ) ) ;
#3517 = CARTESIAN_POINT ( 'NONE',  ( -42.62399914100582521, 7.626372598802598546, -16.31674426520381971 ) ) ;
#3518 = VERTEX_POINT ( 'NONE', #756 ) ;
#3519 = EDGE_CURVE ( 'NONE', #2024, #3429, #481, .T. ) ;
#3520 = CARTESIAN_POINT ( 'NONE',  ( -42.58632485710815985, 7.247449637342471718, 16.37901475864118694 ) ) ;
#3521 = PERSON ( 'UNSPECIFIED', 'UNSPECIFIED', 'UNSPECIFIED', ('UNSPECIFIED'), ('UNSPECIFIED'), ('UNSPECIFIED') ) ;
#3522 = CARTESIAN_POINT ( 'NONE',  ( -43.08430323997692568, 8.325649545252728601, -15.31872011225788199 ) ) ;
#3523 = CARTESIAN_POINT ( 'NONE',  ( 42.72457158741897842, 8.880501078736422471, -15.19808287732641539 ) ) ;
#3524 = CARTESIAN_POINT ( 'NONE',  ( -42.29017917490693179, 8.404390426837668571, 16.04207155316025180 ) ) ;
#3525 = CARTESIAN_POINT ( 'NONE',  ( 43.33874051782514414, 7.347245440188590493, -15.75204441475289840 ) ) ;
#3526 = CARTESIAN_POINT ( 'NONE',  ( 42.59209282451909218, 7.818810583143695148, 16.26899939012043461 ) ) ;
#3527 = CARTESIAN_POINT ( 'NONE',  ( 40.84075900255088953, 9.938668974159428515, -14.00120667490377002 ) ) ;
#3528 = CARTESIAN_POINT ( 'NONE',  ( -40.45526359856354759, 9.999999999999998224, -13.47302735475358659 ) ) ;
#3529 = CARTESIAN_POINT ( 'NONE',  ( -41.27223084302982414, 9.869103040624457535, 14.03127335505245910 ) ) ;
#3530 = CARTESIAN_POINT ( 'NONE',  ( -42.50000000000000711, 5.000000000000000000, -15.50000000000000178 ) ) ;
#3531 = EDGE_CURVE ( 'NONE', #2463, #884, #1635, .T. ) ;
#3532 = CARTESIAN_POINT ( 'NONE',  ( -43.34704181310023330, 7.517056823493303952, -15.51238898075976103 ) ) ;
#3533 = CARTESIAN_POINT ( 'NONE',  ( 40.83708908915027536, 9.937960474273035416, 14.00473271217303939 ) ) ;
#3534 = CARTESIAN_POINT ( 'NONE',  ( -41.49245183690849359, 9.769291073358356670, -14.43560776619905006 ) ) ;
#3535 = CARTESIAN_POINT ( 'NONE',  ( -42.39237100368054456, 9.235333158790046681, 14.85711408306465664 ) ) ;
#3536 = CARTESIAN_POINT ( 'NONE',  ( 43.08430324013012580, 8.325649544938814373, 15.31872011167030045 ) ) ;
#3537 = CARTESIAN_POINT ( 'NONE',  ( -41.92663564373812335, 9.130290708357838625, -15.50395446851910108 ) ) ;
#3538 = DIRECTION ( 'NONE',  ( 0.000000000000000000, 0.000000000000000000, -1.000000000000000000 ) ) ;
#3539 = CARTESIAN_POINT ( 'NONE',  ( -42.94607055486352465, 7.174481725043695413, 16.27430649364597315 ) ) ;
#3540 = CARTESIAN_POINT ( 'NONE',  ( -42.44574748427983479, 7.885216060029803131, -16.25889166836613242 ) ) ;
#3541 = CARTESIAN_POINT ( 'NONE',  ( 42.76575768104300579, 8.835910734031040548, -15.10032105785203882 ) ) ;
#3542 = CARTESIAN_POINT ( 'NONE',  ( -43.24016565831813352, 7.914733183579436115, 15.57265241703124126 ) ) ;
#3543 = DIRECTION ( 'NONE',  ( 0.000000000000000000, 0.000000000000000000, 1.000000000000000000 ) ) ;
#3544 = CARTESIAN_POINT ( 'NONE',  ( 42.51238898083063589, 7.517056823507691554, -16.34704181309803062 ) ) ;
#3545 = CARTESIAN_POINT ( 'NONE',  ( 42.44953432457196385, 7.790101579903764950, 16.28669462004484458 ) ) ;
#3546 = CARTESIAN_POINT ( 'NONE',  ( 40.73561583309572143, 9.981390827812640865, -13.64498273908363402 ) ) ;
#3547 = CARTESIAN_POINT ( 'NONE',  ( -40.47084520838755850, 10.00000000000000533, -13.45742315007299439 ) ) ;
#3548 = CARTESIAN_POINT ( 'NONE',  ( -41.43879402708898141, 9.800523638076814592, 14.33379870842207815 ) ) ;
#3549 = CARTESIAN_POINT ( 'NONE',  ( -43.36637346037885976, 7.252057713347704215, -15.68666038669550389 ) ) ;
#3550 = CARTESIAN_POINT ( 'NONE',  ( 41.22328767309124942, 9.880828079789345963, 14.08386293347519924 ) ) ;
#3551 = CARTESIAN_POINT ( 'NONE',  ( -41.97456620383083958, 9.061104166862424591, 15.57152082849715491 ) ) ;
#3552 = CARTESIAN_POINT ( 'NONE',  ( 43.26946485353647631, 7.174588451305467629, 15.95435456531068041 ) ) ;
#3553 = CARTESIAN_POINT ( 'NONE',  ( -42.12351300590187719, 9.241484262841645148, -15.32237773954220650 ) ) ;
#3554 = FACE_OUTER_BOUND ( 'NONE', #3319, .T. ) ;
#3555 = CARTESIAN_POINT ( 'NONE',  ( -42.88351303055802077, 8.437694966822981257, -15.74676777194126309 ) ) ;
#3556 = CARTESIAN_POINT ( 'NONE',  ( 42.30891737154976084, 9.216900831463521016, -15.20740609583934955 ) ) ;
#3557 = VECTOR ( 'NONE', #1743, 1000.000000000000000 ) ;
#3558 = DIRECTION ( 'NONE',  ( 0.000000000000000000, 1.000000000000000000, 0.000000000000000000 ) ) ;
#3559 = VECTOR ( 'NONE', #1360, 1000.000000000000000 ) ;
#3560 = CARTESIAN_POINT ( 'NONE',  ( 42.48883661583830929, 7.608880110822057397, -16.33016520614258837 ) ) ;
#3561 = CARTESIAN_POINT ( 'NONE',  ( 43.25998078590014018, 7.881641187532935078, 15.43306748941373208 ) ) ;
#3562 = CARTESIAN_POINT ( 'NONE',  ( 40.93547696764718324, 9.946253391803365318, -13.90796925327352440 ) ) ;
#3563 = CARTESIAN_POINT ( 'NONE',  ( -40.45694421950781106, 10.00000000000000178, -13.47132802499832138 ) ) ;
#3564 = ADVANCED_FACE ( 'NONE', ( #263 ), #2569, .T. ) ;
#3565 = CARTESIAN_POINT ( 'NONE',  ( -40.98372281320326493, 9.928826532124405801, 14.01523768293698069 ) ) ;
#3566 = CARTESIAN_POINT ( 'NONE',  ( -43.27044834916628702, 7.260511809323154431, -15.94365679825007120 ) ) ;
#3567 = CARTESIAN_POINT ( 'NONE',  ( 41.09223679519904948, 9.918307535465478608, 13.90423021929582603 ) ) ;
#3568 = CARTESIAN_POINT ( 'NONE',  ( -42.04003196250566532, 9.219488637236421980, 15.38472281126493790 ) ) ;
#3569 = CARTESIAN_POINT ( 'NONE',  ( -40.78899685021592347, 9.949663945647621688, -13.93855541170185752 ) ) ;
#3570 = CARTESIAN_POINT ( 'NONE',  ( 40.39106740344013957, 10.00000000000000000, -13.39106740344015556 ) ) ;
#3571 = CARTESIAN_POINT ( 'NONE',  ( 41.92425641565834127, 9.174571820872778005, 15.45734675099525290 ) ) ;
#3572 = CARTESIAN_POINT ( 'NONE',  ( 41.99026487711746114, 9.203402295930510846, -15.41903357366339300 ) ) ;
#3573 = CARTESIAN_POINT ( 'NONE',  ( 44.49999999999998579, 5.000000000000000000, 15.50000000000000000 ) ) ;
#3574 = CARTESIAN_POINT ( 'NONE',  ( 42.82673316832455868, 7.954403383299841757, -16.13042457342069369 ) ) ;
#3575 = CARTESIAN_POINT ( 'NONE',  ( 42.74022662935994532, 8.243192750768853827, 16.02642757938847851 ) ) ;
#3576 = CARTESIAN_POINT ( 'NONE',  ( 40.71006960305280842, 9.969972642462275658, -13.82389516925199757 ) ) ;
#3577 = CARTESIAN_POINT ( 'NONE',  ( -40.47425265873212652, 10.00000000000000178, -13.45405566803958664 ) ) ;
#3578 = CARTESIAN_POINT ( 'NONE',  ( -41.35805348828095163, 9.841401586611793206, 14.09837836399098876 ) ) ;
#3579 = CARTESIAN_POINT ( 'NONE',  ( -43.23135573436503876, 7.549486995808391221, 15.91183395174982174 ) ) ;
#3580 = ORIENTED_EDGE ( 'NONE', *, *, #1536, .T. ) ;
#3581 = CARTESIAN_POINT ( 'NONE',  ( -43.33689245817021884, 7.255605080183984867, -15.78372232830809274 ) ) ;
#3582 = CARTESIAN_POINT ( 'NONE',  ( 41.30746702020135785, 9.854650592319009306, 14.15345336037420942 ) ) ;
#3583 = CARTESIAN_POINT ( 'NONE',  ( -42.06129398229258953, 9.305549315788436360, 15.25155671842574456 ) ) ;
#3584 = CARTESIAN_POINT ( 'NONE',  ( -40.55596564983756736, 9.999999999999998224, -13.61793117713028423 ) ) ;
#3585 = CARTESIAN_POINT ( 'NONE',  ( -42.42218723687447834, 9.143699574001654895, -15.21078028373914925 ) ) ;
#3586 = CARTESIAN_POINT ( 'NONE',  ( -42.50000000000000711, 5.000000000000000000, -15.50000000000000178 ) ) ;
#3587 = CARTESIAN_POINT ( 'NONE',  ( 41.85711408268395672, 9.235333158524584363, 15.39237100397384772 ) ) ;
#3588 = CARTESIAN_POINT ( 'NONE',  ( 42.06753943657474792, 9.187001814402703914, -15.41915912747352913 ) ) ;
#3589 = DIRECTION ( 'NONE',  ( 0.000000000000000000, 1.000000000000000000, -0.000000000000000000 ) ) ;
#3590 = CARTESIAN_POINT ( 'NONE',  ( 42.59786358796126393, 7.919521760821147893, -16.23238998438319314 ) ) ;
#3591 = CARTESIAN_POINT ( 'NONE',  ( 42.83500575413250999, 8.530660437921239847, 15.70164389249220349 ) ) ;
#3592 = CARTESIAN_POINT ( 'NONE',  ( 40.47132802499207571, 10.00000000000000000, -13.45694421951257169 ) ) ;
#3593 = CARTESIAN_POINT ( 'NONE',  ( -41.24527760687213629, 9.876647147939516813, 14.06057788352981852 ) ) ;
#3594 = EDGE_LOOP ( 'NONE', ( #3369, #2097, #1847, #2245 ) ) ;
#3595 = CARTESIAN_POINT ( 'NONE',  ( -42.31556607454707830, 9.301409785206022462, -14.78263813164054064 ) ) ;
#3596 = CARTESIAN_POINT ( 'NONE',  ( -42.91183395155391622, 7.549486995812109136, -16.23135573442077373 ) ) ;
#3597 = CARTESIAN_POINT ( 'NONE',  ( 41.10132418341240879, 9.842268988489641046, 14.35540196984481298 ) ) ;
#3598 = CARTESIAN_POINT ( 'NONE',  ( -42.46246449107538012, 7.793397569900236022, 16.28580625957865635 ) ) ;
#3599 = CONICAL_SURFACE ( 'NONE', #1499, 0.9999999999999991118, 0.05235987755982993153 ) ;
#3600 = CARTESIAN_POINT ( 'NONE',  ( -41.89463077098929489, 9.160287153181171149, 15.47325136542901802 ) ) ;
#3601 = CARTESIAN_POINT ( 'NONE',  ( -40.92655277408566405, 9.908419246084211096, -14.12799530181533747 ) ) ;
#3602 = CARTESIAN_POINT ( 'NONE',  ( -41.89463077112814204, 9.160287153273232619, -15.47325136533354062 ) ) ;
#3603 = CARTESIAN_POINT ( 'NONE',  ( 42.27451116144678878, 9.316867832465366206, 14.95134242431118565 ) ) ;
#3604 = ADVANCED_FACE ( 'NONE', ( #2629 ), #3599, .T. ) ;
#3605 = CARTESIAN_POINT ( 'NONE',  ( -42.23089553232271953, 9.364579251221929468, -14.84575449313402196 ) ) ;
#3606 = CARTESIAN_POINT ( 'NONE',  ( 41.81581424065849717, 9.262162451795765250, -15.36218233528426147 ) ) ;
ENDSEC;
END-ISO-10303-21;
