ISO-10303-21;
HEADER;
FILE_DESCRIPTION (( 'STEP AP203' ),
    '1' );
FILE_NAME ('ADR-LED-IND_REV_.step',
    '2025-08-17T04:50:25',
    ( '' ),
    ( '' ),
    'SwSTEP 2.0',
    'SolidWorks 2024',
    '' );
FILE_SCHEMA (( 'CONFIG_CONTROL_DESIGN' ));
ENDSEC;

DATA;
#1 = FACE_OUTER_BOUND ( 'NONE', #136, .T. ) ;
#2 = ORIENTED_EDGE ( 'NONE', *, *, #211, .T. ) ;
#3 = DIRECTION ( 'NONE',  ( 0.000000000000000000, 0.000000000000000000, 1.000000000000000000 ) ) ;
#4 = ADVANCED_FACE ( 'NONE', ( #18 ), #1366, .F. ) ;
#5 = CARTESIAN_POINT ( 'NONE',  ( 59.86754128908251715, 13.00000000000000000, -33.80000000000001847 ) ) ;
#6 = DIRECTION ( 'NONE',  ( 0.000000000000000000, 0.000000000000000000, -1.000000000000000000 ) ) ;
#7 = CARTESIAN_POINT ( 'NONE',  ( -27.49999999999999645, 23.00000000000000000, 32.97595509923318247 ) ) ;
#8 = EDGE_LOOP ( 'NONE', ( #922, #852, #650, #487 ) ) ;
#9 = DIRECTION ( 'NONE',  ( 0.000000000000000000, 0.000000000000000000, -1.000000000000000000 ) ) ;
#10 = FACE_OUTER_BOUND ( 'NONE', #789, .T. ) ;
#11 = TOROIDAL_SURFACE ( 'NONE', #216, 70.15650457012129948, 2.000000000000000000 ) ;
#12 = ORIENTED_EDGE ( 'NONE', *, *, #1269, .F. ) ;
#13 = EDGE_CURVE ( 'NONE', #375, #2351, #1736, .T. ) ;
#14 = CIRCLE ( 'NONE', #1409, 2.000000000000001776 ) ;
#15 = CARTESIAN_POINT ( 'NONE',  ( 22.50000000000000711, -0.4874773736205920693, 35.82981539343469990 ) ) ;
#16 = CARTESIAN_POINT ( 'NONE',  ( 59.86754128908251715, 13.00000000000000000, 34.17376140642682714 ) ) ;
#17 = AXIS2_PLACEMENT_3D ( 'NONE', #460, #857, #1976 ) ;
#18 = FACE_OUTER_BOUND ( 'NONE', #1770, .T. ) ;
#19 = VECTOR ( 'NONE', #2470, 1000.000000000000000 ) ;
#20 = AXIS2_PLACEMENT_3D ( 'NONE', #939, #574, #2097 ) ;
#21 = PRODUCT ( 'ADR-LED-IND_REV_', 'ADR-LED-IND_REV_', '', ( #1199 ) ) ;
#22 = DIRECTION ( 'NONE',  ( 1.000000000000000000, -0.000000000000000000, -1.159041068748986758E-16 ) ) ;
#23 = EDGE_LOOP ( 'NONE', ( #2016, #80, #1358, #1549 ) ) ;
#24 = DIRECTION ( 'NONE',  ( -1.150401752381052000E-16, 0.1218693434051477398, -0.9925461516413219831 ) ) ;
#25 = DIRECTION ( 'NONE',  ( -0.8708006005684724160, 0.000000000000000000, 0.4916363636363647593 ) ) ;
#26 = EDGE_CURVE ( 'NONE', #1813, #2442, #2128, .T. ) ;
#27 = EDGE_LOOP ( 'NONE', ( #1132, #1543, #783, #543 ) ) ;
#28 = CIRCLE ( 'NONE', #1422, 0.3737614064268507397 ) ;
#29 = DIRECTION ( 'NONE',  ( 0.000000000000000000, -0.9925461516413219831, 0.1218693434051477398 ) ) ;
#30 = DIRECTION ( 'NONE',  ( 0.000000000000000000, 0.000000000000000000, -1.000000000000000000 ) ) ;
#31 = VECTOR ( 'NONE', #1112, 1000.000000000000000 ) ;
#32 = VECTOR ( 'NONE', #1356, 1000.000000000000000 ) ;
#33 = AXIS2_PLACEMENT_3D ( 'NONE', #1261, #2024, #2010 ) ;
#34 = CARTESIAN_POINT ( 'NONE',  ( -59.86754128908249584, -0.4874773736205909591, -35.82981539343470700 ) ) ;
#35 = CIRCLE ( 'NONE', #1546, 1.478822454552990218 ) ;
#36 = DIRECTION ( 'NONE',  ( -0.000000000000000000, -0.9925461516413219831, 0.1218693434051477398 ) ) ;
#37 = ORIENTED_EDGE ( 'NONE', *, *, #321, .T. ) ;
#38 = EDGE_CURVE ( 'NONE', #2227, #989, #28, .T. ) ;
#39 = DESIGN_CONTEXT ( 'detailed design', #1085, 'design' ) ;
#40 = DIRECTION ( 'NONE',  ( -0.000000000000000000, -0.9925461516413219831, 0.1218693434051477537 ) ) ;
#41 = CARTESIAN_POINT ( 'NONE',  ( -63.70237359062114280, 13.00000000000000000, -35.96506856638934124 ) ) ;
#42 = ORIENTED_EDGE ( 'NONE', *, *, #204, .F. ) ;
#43 = DIRECTION ( 'NONE',  ( -1.000000000000000000, -0.000000000000000000, 1.159041068748987004E-16 ) ) ;
#44 = LINE ( 'NONE', #1539, #315 ) ;
#45 = ORIENTED_EDGE ( 'NONE', *, *, #1438, .F. ) ;
#46 = DIRECTION ( 'NONE',  ( 0.000000000000000000, 0.000000000000000000, -1.000000000000000000 ) ) ;
#47 = ADVANCED_FACE ( 'NONE', ( #581 ), #2092, .T. ) ;
#48 = LINE ( 'NONE', #1357, #895 ) ;
#49 = ORIENTED_EDGE ( 'NONE', *, *, #295, .F. ) ;
#50 = ADVANCED_FACE ( 'NONE', ( #1905 ), #960, .F. ) ;
#51 = CARTESIAN_POINT ( 'NONE',  ( 59.86754128908249584, -0.4874773736205892938, -35.82981539343472122 ) ) ;
#52 = DIRECTION ( 'NONE',  ( -0.000000000000000000, 1.000000000000000000, -0.000000000000000000 ) ) ;
#53 = EDGE_LOOP ( 'NONE', ( #1260, #522, #1565, #1035 ) ) ;
#54 = CARTESIAN_POINT ( 'NONE',  ( 59.86754128908251715, 23.00000000000000000, 33.79999999999997584 ) ) ;
#55 = DIRECTION ( 'NONE',  ( 0.000000000000000000, 1.000000000000000000, 0.000000000000000000 ) ) ;
#56 = PRODUCT_DEFINITION_FORMATION_WITH_SPECIFIED_SOURCE ( 'ANY', '', #21, .NOT_KNOWN. ) ;
#57 = VERTEX_POINT ( 'NONE', #1142 ) ;
#58 = AXIS2_PLACEMENT_3D ( 'NONE', #1387, #24, #620 ) ;
#59 = LINE ( 'NONE', #1750, #32 ) ;
#60 = EDGE_CURVE ( 'NONE', #2095, #1271, #766, .T. ) ;
#61 = AXIS2_PLACEMENT_3D ( 'NONE', #834, #1479, #1516 ) ;
#62 = DIRECTION ( 'NONE',  ( -1.000000000000000000, 0.000000000000000000, 1.982541115402064863E-16 ) ) ;
#63 = ORIENTED_EDGE ( 'NONE', *, *, #1082, .F. ) ;
#64 = PLANE ( 'NONE',  #931 ) ;
#65 = ORIENTED_EDGE ( 'NONE', *, *, #1586, .T. ) ;
#66 = AXIS2_PLACEMENT_3D ( 'NONE', #1912, #208, #1921 ) ;
#67 = DIRECTION ( 'NONE',  ( 0.000000000000000000, 0.000000000000000000, -1.000000000000000000 ) ) ;
#68 = CARTESIAN_POINT ( 'NONE',  ( 17.50000000000000000, 19.00000000000000000, 33.79999999999997584 ) ) ;
#69 = DIRECTION ( 'NONE',  ( 0.000000000000000000, -1.000000000000000000, 0.000000000000000000 ) ) ;
#70 = EDGE_LOOP ( 'NONE', ( #2008, #1932 ) ) ;
#71 = CIRCLE ( 'NONE', #1152, 6.000000000000000888 ) ;
#72 = AXIS2_PLACEMENT_3D ( 'NONE', #400, #1004, #46 ) ;
#73 = DIRECTION ( 'NONE',  ( 0.000000000000000000, 0.000000000000000000, -1.000000000000000000 ) ) ;
#74 = CIRCLE ( 'NONE', #706, 3.391596873403949886 ) ;
#75 = CIRCLE ( 'NONE', #506, 2.000000000000000888 ) ;
#76 = ADVANCED_FACE ( 'NONE', ( #1178 ), #2015, .T. ) ;
#77 = DIRECTION ( 'NONE',  ( 0.000000000000000000, 0.000000000000000000, 1.000000000000000000 ) ) ;
#78 = ORIENTED_EDGE ( 'NONE', *, *, #13, .F. ) ;
#79 = DIRECTION ( 'NONE',  ( 0.000000000000000000, 0.000000000000000000, 1.000000000000000000 ) ) ;
#80 = ORIENTED_EDGE ( 'NONE', *, *, #438, .T. ) ;
#81 = ADVANCED_FACE ( 'NONE', ( #1552 ), #1780, .T. ) ;
#82 = CARTESIAN_POINT ( 'NONE',  ( -59.86754128908249584, -0.4874773736205909591, -35.82981539343470700 ) ) ;
#83 = DIRECTION ( 'NONE',  ( 0.000000000000000000, -0.000000000000000000, 1.000000000000000000 ) ) ;
#84 = EDGE_LOOP ( 'NONE', ( #2149, #967, #225, #560 ) ) ;
#85 = EDGE_CURVE ( 'NONE', #1106, #1138, #2106, .T. ) ;
#86 = FACE_OUTER_BOUND ( 'NONE', #442, .T. ) ;
#87 = DIRECTION ( 'NONE',  ( 0.000000000000000000, -0.000000000000000000, 1.000000000000000000 ) ) ;
#88 = VERTEX_POINT ( 'NONE', #993 ) ;
#89 = CARTESIAN_POINT ( 'NONE',  ( -59.79691272839460225, 17.02937040391148571, -33.67901693066740876 ) ) ;
#90 = ORIENTED_EDGE ( 'NONE', *, *, #778, .T. ) ;
#91 = CARTESIAN_POINT ( 'NONE',  ( 65.09234489249337230, 0.000000000000000000, 36.74981818181817061 ) ) ;
#92 = CARTESIAN_POINT ( 'NONE',  ( 0.000000000000000000, 0.000000000000000000, 0.000000000000000000 ) ) ;
#93 = LINE ( 'NONE', #850, #949 ) ;
#94 = EDGE_CURVE ( 'NONE', #1106, #1944, #2308, .T. ) ;
#95 = ORIENTED_EDGE ( 'NONE', *, *, #1707, .T. ) ;
#96 = DIRECTION ( 'NONE',  ( 0.000000000000000000, 0.9925461516413219831, 0.1218693434051477398 ) ) ;
#97 = AXIS2_PLACEMENT_3D ( 'NONE', #1587, #1197, #67 ) ;
#98 = LOCAL_TIME ( 14, 50, 25.00000000000000000, #1188 ) ;
#99 = DIRECTION ( 'NONE',  ( 0.000000000000000000, 0.000000000000000000, 1.000000000000000000 ) ) ;
#100 = ORIENTED_EDGE ( 'NONE', *, *, #629, .F. ) ;
#101 = AXIS2_PLACEMENT_3D ( 'NONE', #226, #1009, #1557 ) ;
#102 = AXIS2_PLACEMENT_3D ( 'NONE', #2310, #595, #1763 ) ;
#103 = DIRECTION ( 'NONE',  ( 0.000000000000000000, 1.000000000000000000, 0.000000000000000000 ) ) ;
#104 = EDGE_LOOP ( 'NONE', ( #2009, #870, #177, #251, #300, #1194 ) ) ;
#105 = CARTESIAN_POINT ( 'NONE',  ( 2.449293598294707893E-16, 4.000000000000000000, -2.000000000000000888 ) ) ;
#106 = EDGE_CURVE ( 'NONE', #255, #1559, #59, .T. ) ;
#107 = CALENDAR_DATE ( 2025, 17, 8 ) ;
#108 = CARTESIAN_POINT ( 'NONE',  ( -62.82094588332883234, 21.24373868681029620, 35.46743235376077052 ) ) ;
#109 = ORIENTED_EDGE ( 'NONE', *, *, #2291, .T. ) ;
#110 = PLANE ( 'NONE',  #984 ) ;
#111 = DIRECTION ( 'NONE',  ( 0.000000000000000000, 1.000000000000000000, 0.000000000000000000 ) ) ;
#112 = EDGE_LOOP ( 'NONE', ( #604, #564 ) ) ;
#113 = CIRCLE ( 'NONE', #313, 69.12376140642685129 ) ;
#114 = CIRCLE ( 'NONE', #1386, 1.999999999999998224 ) ;
#115 = DIRECTION ( 'NONE',  ( 0.000000000000000000, 0.000000000000000000, 1.000000000000000000 ) ) ;
#116 = EDGE_CURVE ( 'NONE', #363, #1229, #950, .T. ) ;
#117 = ORIENTED_EDGE ( 'NONE', *, *, #745, .F. ) ;
#118 = ORIENTED_EDGE ( 'NONE', *, *, #679, .F. ) ;
#119 = DIRECTION ( 'NONE',  ( 0.000000000000000000, 0.000000000000000000, 1.000000000000000000 ) ) ;
#120 = EDGE_LOOP ( 'NONE', ( #1833, #612, #709, #316 ) ) ;
#121 = DIRECTION ( 'NONE',  ( -0.000000000000000000, -1.000000000000000000, -0.000000000000000000 ) ) ;
#122 = CARTESIAN_POINT ( 'NONE',  ( 50.00000000000000000, -13.00000000000000000, 2.500000000000002220 ) ) ;
#123 = DIRECTION ( 'NONE',  ( -0.1061238974280881847, -0.9925461516413219831, 0.05991540083045799464 ) ) ;
#124 = ORIENTED_EDGE ( 'NONE', *, *, #530, .T. ) ;
#125 = EDGE_CURVE ( 'NONE', #410, #2119, #2142, .T. ) ;
#126 = DIRECTION ( 'NONE',  ( 1.000000000000000000, -0.000000000000000000, -1.159041068748986758E-16 ) ) ;
#127 = EDGE_CURVE ( 'NONE', #644, #2423, #1278, .T. ) ;
#128 = EDGE_LOOP ( 'NONE', ( #203, #1088, #509, #1822 ) ) ;
#129 = VERTEX_POINT ( 'NONE', #1191 ) ;
#130 = DIRECTION ( 'NONE',  ( 0.000000000000000000, 1.000000000000000000, 0.000000000000000000 ) ) ;
#131 = ADVANCED_FACE ( 'NONE', ( #2345 ), #630, .F. ) ;
#132 = ORIENTED_EDGE ( 'NONE', *, *, #237, .F. ) ;
#133 = CARTESIAN_POINT ( 'NONE',  ( -65.09234489249335809, 0.000000000000000000, 36.74981818181817772 ) ) ;
#134 = DIRECTION ( 'NONE',  ( 0.000000000000000000, 0.000000000000000000, -1.000000000000000000 ) ) ;
#135 = DIRECTION ( 'NONE',  ( 0.000000000000000000, -0.9925461516413219831, 0.1218693434051477398 ) ) ;
#136 = EDGE_LOOP ( 'NONE', ( #1040, #919, #320 ) ) ;
#137 = ADVANCED_FACE ( 'NONE', ( #1213 ), #1042, .F. ) ;
#138 = AXIS2_PLACEMENT_3D ( 'NONE', #214, #796, #79 ) ;
#139 = DIRECTION ( 'NONE',  ( 0.000000000000000000, -0.000000000000000000, 1.000000000000000000 ) ) ;
#140 = CIRCLE ( 'NONE', #1012, 2.500000000000002220 ) ;
#141 = ORIENTED_EDGE ( 'NONE', *, *, #1586, .F. ) ;
#142 = CIRCLE ( 'NONE', #1532, 4.403800708262246566 ) ;
#143 = APPROVAL_DATE_TIME ( #1061, #2297 ) ;
#144 = CIRCLE ( 'NONE', #2447, 2.000000000000003553 ) ;
#145 = CARTESIAN_POINT ( 'NONE',  ( -59.86754128908249584, 13.00000000000000000, -38.20380070826222862 ) ) ;
#146 = ORIENTED_EDGE ( 'NONE', *, *, #1490, .T. ) ;
#147 = LINE ( 'NONE', #1500, #2063 ) ;
#148 = LINE ( 'NONE', #526, #2183 ) ;
#149 = FACE_BOUND ( 'NONE', #70, .T. ) ;
#150 = ORIENTED_EDGE ( 'NONE', *, *, #1322, .F. ) ;
#151 = LINE ( 'NONE', #1857, #573 ) ;
#152 = AXIS2_PLACEMENT_3D ( 'NONE', #367, #1151, #762 ) ;
#153 = VECTOR ( 'NONE', #1690, 1000.000000000000000 ) ;
#154 = ORIENTED_EDGE ( 'NONE', *, *, #1643, .F. ) ;
#155 = AXIS2_PLACEMENT_3D ( 'NONE', #998, #52, #1677 ) ;
#156 = VECTOR ( 'NONE', #739, 1000.000000000000000 ) ;
#157 = CARTESIAN_POINT ( 'NONE',  ( -59.86754128908250294, -0.4874773736205909591, 35.82981539343470700 ) ) ;
#158 = DIRECTION ( 'NONE',  ( 1.000000000000000000, -0.000000000000000000, -1.159041068748986758E-16 ) ) ;
#159 = ORIENTED_EDGE ( 'NONE', *, *, #279, .T. ) ;
#160 = EDGE_CURVE ( 'NONE', #1879, #1392, #272, .T. ) ;
#161 = CARTESIAN_POINT ( 'NONE',  ( -59.86754128908249584, 20.99999999999999645, -33.79999999999999716 ) ) ;
#162 = DIRECTION ( 'NONE',  ( 0.000000000000000000, 0.000000000000000000, 1.000000000000000000 ) ) ;
#163 = ADVANCED_FACE ( 'NONE', ( #1431 ), #110, .F. ) ;
#164 = FACE_OUTER_BOUND ( 'NONE', #1480, .T. ) ;
#165 = EDGE_LOOP ( 'NONE', ( #1609, #627, #1056, #957 ) ) ;
#166 = DIRECTION ( 'NONE',  ( 0.000000000000000000, 0.000000000000000000, -1.000000000000000000 ) ) ;
#167 = ORIENTED_EDGE ( 'NONE', *, *, #722, .T. ) ;
#168 = DIRECTION ( 'NONE',  ( -0.000000000000000000, -1.000000000000000000, -0.000000000000000000 ) ) ;
#169 = FACE_OUTER_BOUND ( 'NONE', #27, .T. ) ;
#170 = EDGE_CURVE ( 'NONE', #2039, #743, #1222, .T. ) ;
#171 = ORIENTED_EDGE ( 'NONE', *, *, #1993, .T. ) ;
#172 = DIRECTION ( 'NONE',  ( 0.1061238974280881431, -0.9925461516413219831, -0.05991540083045804321 ) ) ;
#173 = CARTESIAN_POINT ( 'NONE',  ( 59.86754128908251715, 23.00000000000000000, 33.79999999999997584 ) ) ;
#174 = FACE_BOUND ( 'NONE', #884, .T. ) ;
#175 = ORIENTED_EDGE ( 'NONE', *, *, #1478, .T. ) ;
#176 = CARTESIAN_POINT ( 'NONE',  ( -59.86754128908250294, 13.00000000000000000, 34.17376140642684135 ) ) ;
#177 = ORIENTED_EDGE ( 'NONE', *, *, #1747, .T. ) ;
#178 = EDGE_LOOP ( 'NONE', ( #357, #109, #1706, #1059, #187, #249, #182, #760 ) ) ;
#179 = VECTOR ( 'NONE', #2014, 1000.000000000000000 ) ;
#180 = DIRECTION ( 'NONE',  ( 0.000000000000000000, 0.000000000000000000, 1.000000000000000000 ) ) ;
#181 = CARTESIAN_POINT ( 'NONE',  ( -59.86754128908249584, -0.4874773736205909591, 33.79999999999999005 ) ) ;
#182 = ORIENTED_EDGE ( 'NONE', *, *, #1190, .T. ) ;
#183 = EDGE_CURVE ( 'NONE', #2069, #1886, #1629, .T. ) ;
#184 = CARTESIAN_POINT ( 'NONE',  ( 59.86754128908249584, 4.000000000000000000, -35.27882245455300136 ) ) ;
#185 = CARTESIAN_POINT ( 'NONE',  ( 59.86754128908251715, 0.000000000000000000, 33.79999999999997584 ) ) ;
#186 = DIRECTION ( 'NONE',  ( 0.000000000000000000, 0.000000000000000000, 1.000000000000000000 ) ) ;
#187 = ORIENTED_EDGE ( 'NONE', *, *, #170, .T. ) ;
#188 = CARTESIAN_POINT ( 'NONE',  ( -59.86754128908249584, 20.99999999999999645, -35.20650457012131085 ) ) ;
#189 = ORIENTED_EDGE ( 'NONE', *, *, #204, .T. ) ;
#190 = VERTEX_POINT ( 'NONE', #1988 ) ;
#191 = ADVANCED_FACE ( 'NONE', ( #854, #86 ), #833, .F. ) ;
#192 = CIRCLE ( 'NONE', #2141, 2.000000000000003553 ) ;
#193 = AXIS2_PLACEMENT_3D ( 'NONE', #1417, #1227, #96 ) ;
#194 = DIRECTION ( 'NONE',  ( -0.000000000000000000, -0.9925461516413219831, 0.1218693434051477537 ) ) ;
#195 = DIRECTION ( 'NONE',  ( -0.000000000000000000, -1.000000000000000000, -0.000000000000000000 ) ) ;
#196 = AXIS2_PLACEMENT_3D ( 'NONE', #2251, #1639, #1466 ) ;
#197 = EDGE_CURVE ( 'NONE', #973, #741, #1464, .T. ) ;
#198 = ORIENTED_EDGE ( 'NONE', *, *, #822, .T. ) ;
#199 = DIRECTION ( 'NONE',  ( 1.000000000000000000, -0.000000000000000000, -1.159041068748986758E-16 ) ) ;
#200 = DIRECTION ( 'NONE',  ( 0.000000000000000000, 0.000000000000000000, 1.000000000000000000 ) ) ;
#201 = ORIENTED_EDGE ( 'NONE', *, *, #594, .T. ) ;
#202 = FACE_OUTER_BOUND ( 'NONE', #2035, .T. ) ;
#203 = ORIENTED_EDGE ( 'NONE', *, *, #1310, .T. ) ;
#204 = EDGE_CURVE ( 'NONE', #1256, #1512, #2379, .T. ) ;
#205 = DIRECTION ( 'NONE',  ( 0.000000000000000000, -0.9925461516413219831, 0.1218693434051477398 ) ) ;
#206 = CARTESIAN_POINT ( 'NONE',  ( 61.09232631344647046, 23.00000000000000000, 34.49148879229231568 ) ) ;
#207 = ORIENTED_EDGE ( 'NONE', *, *, #1959, .F. ) ;
#208 = DIRECTION ( 'NONE',  ( 0.000000000000000000, -1.000000000000000000, 0.000000000000000000 ) ) ;
#209 = CARTESIAN_POINT ( 'NONE',  ( -59.86754128908250294, 13.00000000000000000, 38.20380070826222862 ) ) ;
#210 = DIRECTION ( 'NONE',  ( -1.412515740280397419E-17, -0.9925461516413219831, -0.1218693434051477398 ) ) ;
#211 = EDGE_CURVE ( 'NONE', #802, #363, #2355, .T. ) ;
#212 = DIRECTION ( 'NONE',  ( 0.000000000000000000, 0.000000000000000000, 1.000000000000000000 ) ) ;
#213 = VERTEX_POINT ( 'NONE', #1016 ) ;
#214 = CARTESIAN_POINT ( 'NONE',  ( 59.86754128908251715, 13.00000000000000000, 33.79999999999997584 ) ) ;
#215 = CARTESIAN_POINT ( 'NONE',  ( -50.00000000000000000, 0.000000000000000000, 0.000000000000000000 ) ) ;
#216 = AXIS2_PLACEMENT_3D ( 'NONE', #1697, #586, #2273 ) ;
#217 = VERTEX_POINT ( 'NONE', #2200 ) ;
#218 = AXIS2_PLACEMENT_3D ( 'NONE', #731, #2256, #336 ) ;
#219 = PLANE ( 'NONE',  #1502 ) ;
#220 = DIRECTION ( 'NONE',  ( 1.000000000000000000, -0.000000000000000000, -1.159041068748986758E-16 ) ) ;
#221 = EDGE_CURVE ( 'NONE', #1211, #88, #1237, .T. ) ;
#222 = DIRECTION ( 'NONE',  ( -1.000000000000000000, -0.000000000000000000, 0.000000000000000000 ) ) ;
#223 = CIRCLE ( 'NONE', #1967, 68.38705404100940655 ) ;
#224 = CARTESIAN_POINT ( 'NONE',  ( -17.50000000000000000, 19.00000000000000000, 33.79999999999997584 ) ) ;
#225 = ORIENTED_EDGE ( 'NONE', *, *, #1440, .T. ) ;
#226 = CARTESIAN_POINT ( 'NONE',  ( 59.86754128908251715, 23.00000000000000000, 33.79999999999997584 ) ) ;
#227 = DIRECTION ( 'NONE',  ( 0.000000000000000000, -0.000000000000000000, 1.000000000000000000 ) ) ;
#228 = EDGE_LOOP ( 'NONE', ( #898, #1065, #117, #1825 ) ) ;
#229 = CLOSED_SHELL ( 'NONE', ( #50, #1859, #262, #2065, #1008, #1036, #497, #2257, #855, #1139, #458, #2140, #2412, #1060, #1219, #1784, #617, #1611, #2402, #1017, #961, #1505, #2269, #4, #1553, #1005, #605, #163, #701, #2246, #1343 ) ) ;
#230 = CARTESIAN_POINT ( 'NONE',  ( 59.86754128908251715, -0.4874773736205909591, 33.79999999999997584 ) ) ;
#231 = FACE_OUTER_BOUND ( 'NONE', #2354, .T. ) ;
#232 = VECTOR ( 'NONE', #890, 1000.000000000000000 ) ;
#233 = VECTOR ( 'NONE', #724, 1000.000000000000000 ) ;
#234 = EDGE_CURVE ( 'NONE', #365, #737, #2364, .T. ) ;
#235 = VERTEX_POINT ( 'NONE', #1800 ) ;
#236 = AXIS2_PLACEMENT_3D ( 'NONE', #1014, #1812, #303 ) ;
#237 = EDGE_CURVE ( 'NONE', #1892, #1614, #2060, .T. ) ;
#238 = DIRECTION ( 'NONE',  ( -0.000000000000000000, 1.000000000000000000, -0.000000000000000000 ) ) ;
#239 = EDGE_LOOP ( 'NONE', ( #1180, #2199, #1395, #1127 ) ) ;
#240 = DIRECTION ( 'NONE',  ( -1.000000000000000000, -0.000000000000000000, 1.159041068748987004E-16 ) ) ;
#241 = DIRECTION ( 'NONE',  ( 0.000000000000000000, 0.000000000000000000, 1.000000000000000000 ) ) ;
#242 = VERTEX_POINT ( 'NONE', #122 ) ;
#243 = LINE ( 'NONE', #825, #1416 ) ;
#244 = EDGE_CURVE ( 'NONE', #519, #1983, #868, .T. ) ;
#245 = DATE_AND_TIME ( #840, #98 ) ;
#246 = FACE_OUTER_BOUND ( 'NONE', #1423, .T. ) ;
#247 = CARTESIAN_POINT ( 'NONE',  ( 59.86754128908251715, 16.04404237534729560, 33.79999999999997584 ) ) ;
#248 = CARTESIAN_POINT ( 'NONE',  ( -61.63510575272859171, -0.4874773736205909591, 34.79793105888134619 ) ) ;
#249 = ORIENTED_EDGE ( 'NONE', *, *, #832, .T. ) ;
#250 = CARTESIAN_POINT ( 'NONE',  ( 60.19301294626835386, 13.00000000000000000, 33.98375469872326704 ) ) ;
#251 = ORIENTED_EDGE ( 'NONE', *, *, #2054, .T. ) ;
#252 = DIRECTION ( 'NONE',  ( 0.000000000000000000, 1.000000000000000000, 0.000000000000000000 ) ) ;
#253 = DATE_AND_TIME ( #1946, #2445 ) ;
#254 = DIRECTION ( 'NONE',  ( 0.000000000000000000, 0.000000000000000000, 1.000000000000000000 ) ) ;
#255 = VERTEX_POINT ( 'NONE', #640 ) ;
#256 = EDGE_CURVE ( 'NONE', #1990, #2311, #1403, .T. ) ;
#257 = VECTOR ( 'NONE', #240, 1000.000000000000000 ) ;
#258 = DIRECTION ( 'NONE',  ( 0.1061238974280881431, -0.9925461516413219831, 0.05991540083045802934 ) ) ;
#259 = VECTOR ( 'NONE', #1739, 1000.000000000000000 ) ;
#260 = DIRECTION ( 'NONE',  ( 0.000000000000000000, 0.000000000000000000, -1.000000000000000000 ) ) ;
#261 = EDGE_LOOP ( 'NONE', ( #1681, #2, #1537, #2434 ) ) ;
#262 = ADVANCED_FACE ( 'NONE', ( #1442 ), #2155, .T. ) ;
#263 = CARTESIAN_POINT ( 'NONE',  ( 17.50000000000000000, 23.00000000000000000, -32.97595509923320378 ) ) ;
#264 = ADVANCED_FACE ( 'NONE', ( #443 ), #1425, .T. ) ;
#265 = VERTEX_POINT ( 'NONE', #1129 ) ;
#266 = CARTESIAN_POINT ( 'NONE',  ( 59.86754128908251715, 23.00000000000000000, 33.79999999999997584 ) ) ;
#267 = DATE_TIME_ROLE ( 'creation_date' ) ;
#268 = CARTESIAN_POINT ( 'NONE',  ( -59.86754128908249584, -3.147506937371660318E-16, -39.80000000000001137 ) ) ;
#269 = ORIENTED_EDGE ( 'NONE', *, *, #337, .F. ) ;
#270 = CIRCLE ( 'NONE', #1063, 4.403800708262246566 ) ;
#271 = AXIS2_PLACEMENT_3D ( 'NONE', #1678, #2430, #162 ) ;
#272 = LINE ( 'NONE', #2166, #2462 ) ;
#273 = CIRCLE ( 'NONE', #394, 73.15380070826223857 ) ;
#274 = AXIS2_PLACEMENT_3D ( 'NONE', #2126, #992, #2116 ) ;
#275 = LINE ( 'NONE', #503, #732 ) ;
#276 = VERTEX_POINT ( 'NONE', #1889 ) ;
#277 = CIRCLE ( 'NONE', #1430, 2.000000000000000888 ) ;
#278 = DIRECTION ( 'NONE',  ( -1.000000000000000000, -0.000000000000000000, 1.159041068748987004E-16 ) ) ;
#279 = EDGE_CURVE ( 'NONE', #242, #2133, #1867, .T. ) ;
#280 = ORIENTED_EDGE ( 'NONE', *, *, #2348, .F. ) ;
#281 = CARTESIAN_POINT ( 'NONE',  ( -59.86754128908249584, -3.147506937371660318E-16, -39.80000000000001137 ) ) ;
#282 = DIRECTION ( 'NONE',  ( 0.000000000000000000, 1.000000000000000000, 0.000000000000000000 ) ) ;
#283 = DIRECTION ( 'NONE',  ( -0.000000000000000000, -1.000000000000000000, -0.000000000000000000 ) ) ;
#284 = ORIENTED_EDGE ( 'NONE', *, *, #530, .F. ) ;
#285 = CARTESIAN_POINT ( 'NONE',  ( 65.09234489249335809, 7.344182853867207409E-16, -36.74981818181819904 ) ) ;
#286 = CARTESIAN_POINT ( 'NONE',  ( 27.50000000000001066, 19.00000000000000000, 33.79999999999997584 ) ) ;
#287 = ORIENTED_EDGE ( 'NONE', *, *, #928, .F. ) ;
#288 = EDGE_CURVE ( 'NONE', #1398, #1392, #663, .T. ) ;
#289 = DIRECTION ( 'NONE',  ( -0.000000000000000000, -1.000000000000000000, -0.000000000000000000 ) ) ;
#290 = ORIENTED_EDGE ( 'NONE', *, *, #1592, .F. ) ;
#291 = FACE_OUTER_BOUND ( 'NONE', #2071, .T. ) ;
#292 = CARTESIAN_POINT ( 'NONE',  ( 59.86754128908251715, 4.000000000000000000, 35.27882245455297294 ) ) ;
#293 = ORIENTED_EDGE ( 'NONE', *, *, #2380, .T. ) ;
#294 = CARTESIAN_POINT ( 'NONE',  ( -59.86754128908249584, 13.00000000000000000, 33.79999999999999005 ) ) ;
#295 = EDGE_CURVE ( 'NONE', #1136, #2227, #1877, .T. ) ;
#296 = DIRECTION ( 'NONE',  ( 0.000000000000000000, 0.000000000000000000, 1.000000000000000000 ) ) ;
#297 = ORIENTED_EDGE ( 'NONE', *, *, #288, .F. ) ;
#298 = VECTOR ( 'NONE', #1530, 1000.000000000000000 ) ;
#299 = CARTESIAN_POINT ( 'NONE',  ( 59.72615981277979813, 18.01468965900745545, -33.55803493858128661 ) ) ;
#300 = ORIENTED_EDGE ( 'NONE', *, *, #1794, .T. ) ;
#301 = ORIENTED_EDGE ( 'NONE', *, *, #803, .F. ) ;
#302 = PERSON_AND_ORGANIZATION_ROLE ( 'design_supplier' ) ;
#303 = DIRECTION ( 'NONE',  ( 0.000000000000000000, 0.000000000000000000, 1.000000000000000000 ) ) ;
#304 = ORIENTED_EDGE ( 'NONE', *, *, #1943, .T. ) ;
#305 = DIRECTION ( 'NONE',  ( 0.000000000000000000, 0.000000000000000000, -1.000000000000000000 ) ) ;
#306 = CARTESIAN_POINT ( 'NONE',  ( 4.336808689942017736E-15, 13.00000000000000000, -1.081267381472375111E-14 ) ) ;
#307 = EDGE_CURVE ( 'NONE', #1162, #2325, #917, .T. ) ;
#308 = CLOSED_SHELL ( 'NONE', ( #2231, #1601, #1922, #1149, #1355, #2440, #1766, #76, #1217, #1838, #1545, #1117, #691, #491, #2455, #1296, #264, #1041, #1576, #81, #1198, #1737, #47, #836, #887, #1372, #1815, #511, #1377, #384, #2162, #1514, #137, #934, #2186, #1404, #1716, #1265, #1933, #131, #555, #2120, #1447, #1826, #191, #1801, #1663, #2194, #810 ) ) ;
#309 = DIRECTION ( 'NONE',  ( -0.000000000000000000, 0.000000000000000000, -1.000000000000000000 ) ) ;
#310 = EDGE_LOOP ( 'NONE', ( #632, #1201, #1444, #349 ) ) ;
#311 = APPROVAL ( #1175, 'UNSPECIFIED' ) ;
#312 = VECTOR ( 'NONE', #808, 1000.000000000000000 ) ;
#313 = AXIS2_PLACEMENT_3D ( 'NONE', #945, #1701, #2025 ) ;
#314 = CARTESIAN_POINT ( 'NONE',  ( 22.50000000000000711, 13.00000000000000000, 34.17376140642683424 ) ) ;
#315 = VECTOR ( 'NONE', #2304, 1000.000000000000000 ) ;
#316 = ORIENTED_EDGE ( 'NONE', *, *, #321, .F. ) ;
#317 = ORIENTED_EDGE ( 'NONE', *, *, #221, .F. ) ;
#318 = COORDINATED_UNIVERSAL_TIME_OFFSET ( 10, 0, .AHEAD. ) ;
#319 = DIRECTION ( 'NONE',  ( 0.000000000000000000, 1.000000000000000000, 0.000000000000000000 ) ) ;
#320 = ORIENTED_EDGE ( 'NONE', *, *, #1102, .F. ) ;
#321 = EDGE_CURVE ( 'NONE', #2281, #1752, #1624, .T. ) ;
#322 = DIRECTION ( 'NONE',  ( 1.000000000000000000, 0.000000000000000000, 0.000000000000000000 ) ) ;
#323 = PLANE ( 'NONE',  #1506 ) ;
#324 = CARTESIAN_POINT ( 'NONE',  ( -59.86754128908249584, 13.00000000000000000, -33.79999999999999716 ) ) ;
#325 = ORIENTED_EDGE ( 'NONE', *, *, #1848, .T. ) ;
#326 = CARTESIAN_POINT ( 'NONE',  ( 7.806255641895631925E-15, 0.000000000000000000, -1.546489501303238626E-14 ) ) ;
#327 = ORIENTED_EDGE ( 'NONE', *, *, #1310, .F. ) ;
#328 = CYLINDRICAL_SURFACE ( 'NONE', #1579, 2.000000000000001776 ) ;
#329 = ORIENTED_EDGE ( 'NONE', *, *, #2312, .T. ) ;
#330 = CARTESIAN_POINT ( 'NONE',  ( 22.50000000000001421, 13.00000000000000000, -38.20380070826223573 ) ) ;
#331 = FACE_OUTER_BOUND ( 'NONE', #1323, .T. ) ;
#332 = CARTESIAN_POINT ( 'NONE',  ( -59.65528122024534952, 19.00000000000000000, 33.43705404100941081 ) ) ;
#333 = ORIENTED_EDGE ( 'NONE', *, *, #183, .T. ) ;
#334 = VECTOR ( 'NONE', #2188, 1000.000000000000000 ) ;
#335 = CIRCLE ( 'NONE', #1649, 0.3737614064268507397 ) ;
#336 = DIRECTION ( 'NONE',  ( -3.552713678800500929E-15, 0.000000000000000000, 1.000000000000000000 ) ) ;
#337 = EDGE_CURVE ( 'NONE', #644, #129, #556, .T. ) ;
#338 = CIRCLE ( 'NONE', #940, 1.406504570121314135 ) ;
#339 = VERTEX_POINT ( 'NONE', #515 ) ;
#340 = LINE ( 'NONE', #2284, #414 ) ;
#341 = AXIS2_PLACEMENT_3D ( 'NONE', #1337, #1965, #1767 ) ;
#342 = CARTESIAN_POINT ( 'NONE',  ( -59.86754128908249584, 13.00000000000000000, 33.79999999999999005 ) ) ;
#343 = EDGE_CURVE ( 'NONE', #2368, #235, #1304, .T. ) ;
#344 = ORIENTED_EDGE ( 'NONE', *, *, #1707, .F. ) ;
#345 = CC_DESIGN_PERSON_AND_ORGANIZATION_ASSIGNMENT ( #1284, #1234, ( #416 ) ) ;
#346 = FACE_OUTER_BOUND ( 'NONE', #120, .T. ) ;
#347 = DIRECTION ( 'NONE',  ( 6.938893903907234689E-15, 1.000000000000000000, 0.000000000000000000 ) ) ;
#348 = DIRECTION ( 'NONE',  ( -0.1061238974280881014, -0.9925461516413219831, -0.05991540083045814036 ) ) ;
#349 = ORIENTED_EDGE ( 'NONE', *, *, #978, .T. ) ;
#350 = CARTESIAN_POINT ( 'NONE',  ( -59.86754128908249584, 0.000000000000000000, -39.79999999999999716 ) ) ;
#351 = ORIENTED_EDGE ( 'NONE', *, *, #1231, .T. ) ;
#352 = AXIS2_PLACEMENT_3D ( 'NONE', #712, #1476, #2239 ) ;
#353 = VECTOR ( 'NONE', #927, 1000.000000000000000 ) ;
#354 = EDGE_CURVE ( 'NONE', #1135, #519, #867, .T. ) ;
#355 = CARTESIAN_POINT ( 'NONE',  ( 63.70237359062117122, 13.00000000000000000, 35.96506856638924177 ) ) ;
#356 = LINE ( 'NONE', #145, #31 ) ;
#357 = ORIENTED_EDGE ( 'NONE', *, *, #1632, .T. ) ;
#358 = DIRECTION ( 'NONE',  ( 0.000000000000000000, 0.000000000000000000, 1.000000000000000000 ) ) ;
#359 = DIRECTION ( 'NONE',  ( 0.000000000000000000, 0.000000000000000000, 1.000000000000000000 ) ) ;
#360 = CARTESIAN_POINT ( 'NONE',  ( 61.15530077064140357, 4.000000000000000000, -34.52704289402025495 ) ) ;
#361 = VERTEX_POINT ( 'NONE', #370 ) ;
#362 = CARTESIAN_POINT ( 'NONE',  ( 59.86754128908249584, 21.24373868681028910, -37.19159687340395237 ) ) ;
#363 = VERTEX_POINT ( 'NONE', #1454 ) ;
#364 = EDGE_CURVE ( 'NONE', #989, #1892, #113, .T. ) ;
#365 = VERTEX_POINT ( 'NONE', #891 ) ;
#366 = CARTESIAN_POINT ( 'NONE',  ( 59.86754128908251715, -0.4874773736205909591, -33.80000000000001847 ) ) ;
#367 = CARTESIAN_POINT ( 'NONE',  ( 59.86754128908251715, -0.4874773736205909591, -33.80000000000001847 ) ) ;
#368 = EDGE_LOOP ( 'NONE', ( #2475, #590, #1309, #2271 ) ) ;
#369 = CARTESIAN_POINT ( 'NONE',  ( 0.000000000000000000, 0.000000000000000000, 0.000000000000000000 ) ) ;
#370 = CARTESIAN_POINT ( 'NONE',  ( 61.15530077064142489, 4.000000000000000000, 34.52704289402019100 ) ) ;
#371 = CARTESIAN_POINT ( 'NONE',  ( 59.86754128908251715, 20.99999999999999645, -33.80000000000001847 ) ) ;
#372 = EDGE_LOOP ( 'NONE', ( #1244, #858, #1671 ) ) ;
#373 = EDGE_CURVE ( 'NONE', #1686, #1021, #1653, .T. ) ;
#374 = CARTESIAN_POINT ( 'NONE',  ( -61.09232631344641362, 23.00000000000000000, -34.49148879229240094 ) ) ;
#375 = VERTEX_POINT ( 'NONE', #686 ) ;
#376 = ORIENTED_EDGE ( 'NONE', *, *, #2111, .T. ) ;
#377 = AXIS2_PLACEMENT_3D ( 'NONE', #1743, #2159, #1160 ) ;
#378 = DIRECTION ( 'NONE',  ( -1.150401752381052000E-16, 0.1218693434051477398, -0.9925461516413219831 ) ) ;
#379 = FACE_BOUND ( 'NONE', #1075, .T. ) ;
#380 = VECTOR ( 'NONE', #1193, 1000.000000000000000 ) ;
#381 = ORIENTED_EDGE ( 'NONE', *, *, #2212, .F. ) ;
#382 = CARTESIAN_POINT ( 'NONE',  ( -59.86754128908250294, 0.000000000000000000, 39.79999999999999716 ) ) ;
#383 = CARTESIAN_POINT ( 'NONE',  ( 59.86754128908251715, 23.00000000000000000, 33.79999999999997584 ) ) ;
#384 = ADVANCED_FACE ( 'NONE', ( #331 ), #323, .T. ) ;
#385 = DIRECTION ( 'NONE',  ( 1.000000000000000000, 0.000000000000000000, -1.159041068748986758E-16 ) ) ;
#386 = DIRECTION ( 'NONE',  ( 1.000000000000000000, 0.000000000000000000, -0.000000000000000000 ) ) ;
#387 = ORIENTED_EDGE ( 'NONE', *, *, #1951, .T. ) ;
#388 = ORIENTED_EDGE ( 'NONE', *, *, #597, .T. ) ;
#389 = EDGE_CURVE ( 'NONE', #2220, #2258, #700, .T. ) ;
#390 = AXIS2_PLACEMENT_3D ( 'NONE', #1731, #393, #1898 ) ;
#391 = VECTOR ( 'NONE', #1616, 1000.000000000000000 ) ;
#392 = CARTESIAN_POINT ( 'NONE',  ( 61.63510575272859882, -0.4874773736205909591, -34.79793105888137461 ) ) ;
#393 = DIRECTION ( 'NONE',  ( -0.000000000000000000, -1.000000000000000000, -0.000000000000000000 ) ) ;
#394 = AXIS2_PLACEMENT_3D ( 'NONE', #1664, #1303, #2429 ) ;
#395 = CIRCLE ( 'NONE', #1108, 73.15380070826222436 ) ;
#396 = VERTEX_POINT ( 'NONE', #1852 ) ;
#397 = DIRECTION ( 'NONE',  ( 0.000000000000000000, 0.9925461516413219831, 0.1218693434051477398 ) ) ;
#398 = PLANE ( 'NONE',  #2222 ) ;
#399 = EDGE_CURVE ( 'NONE', #2428, #519, #148, .T. ) ;
#400 = CARTESIAN_POINT ( 'NONE',  ( 59.86754128908251715, 0.000000000000000000, -33.80000000000001847 ) ) ;
#401 = CARTESIAN_POINT ( 'NONE',  ( -59.86754128908250294, 21.24373868681029620, 37.19159687340393816 ) ) ;
#402 = EDGE_LOOP ( 'NONE', ( #2154, #1028, #2242, #2110 ) ) ;
#403 = CARTESIAN_POINT ( 'NONE',  ( -59.86754128908250294, 4.000000000000000000, 35.27882245455298715 ) ) ;
#404 = CARTESIAN_POINT ( 'NONE',  ( 50.00000000000000000, -4.000000000000000000, -2.500000000000002220 ) ) ;
#405 = ORIENTED_EDGE ( 'NONE', *, *, #1556, .T. ) ;
#406 = CARTESIAN_POINT ( 'NONE',  ( -59.86754128908250294, 21.24373868681029265, 37.19159687340393816 ) ) ;
#407 = CARTESIAN_POINT ( 'NONE',  ( 59.38452459552401308, 23.00000000000000000, 32.97595509923317536 ) ) ;
#408 = EDGE_LOOP ( 'NONE', ( #1446, #141, #269, #1899, #768, #1519 ) ) ;
#409 = CARTESIAN_POINT ( 'NONE',  ( 59.86754128908251715, 23.00000000000000000, 32.97595509923317536 ) ) ;
#410 = VERTEX_POINT ( 'NONE', #1667 ) ;
#411 = CARTESIAN_POINT ( 'NONE',  ( -50.00000000000000000, 0.000000000000000000, 0.000000000000000000 ) ) ;
#412 = EDGE_CURVE ( 'NONE', #2275, #213, #713, .T. ) ;
#413 = FACE_OUTER_BOUND ( 'NONE', #2207, .T. ) ;
#414 = VECTOR ( 'NONE', #2463, 1000.000000000000000 ) ;
#415 = ORIENTED_EDGE ( 'NONE', *, *, #2378, .T. ) ;
#416 = SECURITY_CLASSIFICATION ( '', '', #2033 ) ;
#417 = DIRECTION ( 'NONE',  ( -0.000000000000000000, -1.000000000000000000, -0.000000000000000000 ) ) ;
#418 = DIRECTION ( 'NONE',  ( 0.000000000000000000, 1.000000000000000000, 0.000000000000000000 ) ) ;
#419 = CC_DESIGN_PERSON_AND_ORGANIZATION_ASSIGNMENT ( #2340, #1955, ( #750 ) ) ;
#420 = CARTESIAN_POINT ( 'NONE',  ( -59.86754128908249584, 23.00000000000000000, -35.20650457012130374 ) ) ;
#421 = AXIS2_PLACEMENT_3D ( 'NONE', #1693, #1507, #1926 ) ;
#422 = DIRECTION ( 'NONE',  ( 0.000000000000000000, 1.000000000000000000, 0.000000000000000000 ) ) ;
#423 = CONICAL_SURFACE ( 'NONE', #1966, 2.029815393434719617, 0.1221730476396033355 ) ;
#424 = DIRECTION ( 'NONE',  ( 1.000000000000000000, -0.000000000000000000, -1.159041068748986758E-16 ) ) ;
#425 = EDGE_LOOP ( 'NONE', ( #1895, #1254, #159, #1381 ) ) ;
#426 = EDGE_CURVE ( 'NONE', #1813, #1569, #114, .T. ) ;
#427 = LINE ( 'NONE', #2358, #493 ) ;
#428 = CYLINDRICAL_SURFACE ( 'NONE', #155, 2.500000000000002220 ) ;
#429 = EDGE_LOOP ( 'NONE', ( #2377, #1708, #835, #883 ) ) ;
#430 = PLANE ( 'NONE',  #728 ) ;
#431 = DIRECTION ( 'NONE',  ( 0.000000000000000000, -1.000000000000000000, 0.000000000000000000 ) ) ;
#432 = VECTOR ( 'NONE', #1327, 1000.000000000000000 ) ;
#433 = AXIS2_PLACEMENT_3D ( 'NONE', #2230, #1488, #134 ) ;
#434 = CARTESIAN_POINT ( 'NONE',  ( 59.86754128908251715, 20.99999999999999645, 35.20650457012128243 ) ) ;
#435 = CARTESIAN_POINT ( 'NONE',  ( -59.86754128908249584, -0.4874773736205909591, -33.79999999999999716 ) ) ;
#436 = ORIENTED_EDGE ( 'NONE', *, *, #1332, .T. ) ;
#437 = CARTESIAN_POINT ( 'NONE',  ( -59.86754128908249584, 21.24373868681029265, -37.19159687340395237 ) ) ;
#438 = EDGE_CURVE ( 'NONE', #1162, #716, #2454, .T. ) ;
#439 = ORIENTED_EDGE ( 'NONE', *, *, #734, .T. ) ;
#440 = DIRECTION ( 'NONE',  ( 0.000000000000000000, 0.000000000000000000, -1.000000000000000000 ) ) ;
#441 = LINE ( 'NONE', #1590, #1668 ) ;
#442 = EDGE_LOOP ( 'NONE', ( #569, #284, #1475, #1460 ) ) ;
#443 = FACE_OUTER_BOUND ( 'NONE', #977, .T. ) ;
#444 = EDGE_CURVE ( 'NONE', #538, #938, #1501, .T. ) ;
#445 = CARTESIAN_POINT ( 'NONE',  ( -59.86754128908250294, 21.24373868681029265, 37.19159687340393816 ) ) ;
#446 = ORIENTED_EDGE ( 'NONE', *, *, #792, .F. ) ;
#447 = EDGE_CURVE ( 'NONE', #2428, #2046, #1148, .T. ) ;
#448 = DIRECTION ( 'NONE',  ( -1.000000000000000000, -0.000000000000000000, 0.000000000000000000 ) ) ;
#449 = EDGE_LOOP ( 'NONE', ( #561, #473, #1509, #1992 ) ) ;
#450 = DIRECTION ( 'NONE',  ( -1.150401752381052000E-16, 0.1218693434051477398, -0.9925461516413219831 ) ) ;
#451 = DATE_AND_TIME ( #1572, #1845 ) ;
#452 = DIRECTION ( 'NONE',  ( 0.000000000000000000, 0.000000000000000000, 1.000000000000000000 ) ) ;
#453 =( GEOMETRIC_REPRESENTATION_CONTEXT ( 3 ) GLOBAL_UNCERTAINTY_ASSIGNED_CONTEXT ( ( #1033 ) ) GLOBAL_UNIT_ASSIGNED_CONTEXT ( ( #800, #1612, #2138 ) ) REPRESENTATION_CONTEXT ( 'NONE', 'WORKASPACE' ) );
#454 = ORIENTED_EDGE ( 'NONE', *, *, #256, .T. ) ;
#455 = CONICAL_SURFACE ( 'NONE', #1052, 74.75000000000000000, 0.1221730476396033355 ) ;
#456 = DIRECTION ( 'NONE',  ( 1.000000000000000000, -0.000000000000000000, 6.528772806179441985E-16 ) ) ;
#457 = AXIS2_PLACEMENT_3D ( 'NONE', #2157, #238, #2145 ) ;
#458 = ADVANCED_FACE ( 'NONE', ( #567 ), #1582, .T. ) ;
#459 = AXIS2_PLACEMENT_3D ( 'NONE', #964, #2448, #735 ) ;
#460 = CARTESIAN_POINT ( 'NONE',  ( -59.86754128908249584, 0.000000000000000000, -39.79999999999999716 ) ) ;
#461 = ORIENTED_EDGE ( 'NONE', *, *, #2393, .F. ) ;
#462 = CARTESIAN_POINT ( 'NONE',  ( 4.336808689942017736E-15, 23.00000000000000000, -1.081267381472375111E-14 ) ) ;
#463 = VERTEX_POINT ( 'NONE', #420 ) ;
#464 = FACE_BOUND ( 'NONE', #607, .T. ) ;
#465 = CARTESIAN_POINT ( 'NONE',  ( 59.86754128908251715, 13.00000000000000000, 33.79999999999997584 ) ) ;
#466 = CARTESIAN_POINT ( 'NONE',  ( 0.000000000000000000, 0.000000000000000000, 0.000000000000000000 ) ) ;
#467 = VECTOR ( 'NONE', #1924, 1000.000000000000000 ) ;
#468 = ORIENTED_EDGE ( 'NONE', *, *, #1943, .F. ) ;
#469 = VECTOR ( 'NONE', #1910, 1000.000000000000000 ) ;
#470 = DIRECTION ( 'NONE',  ( 0.000000000000000000, -0.9925461516413219831, 0.1218693434051477398 ) ) ;
#471 = EDGE_CURVE ( 'NONE', #1879, #802, #395, .T. ) ;
#472 = LINE ( 'NONE', #482, #1054 ) ;
#473 = ORIENTED_EDGE ( 'NONE', *, *, #1192, .T. ) ;
#474 = TOROIDAL_SURFACE ( 'NONE', #2067, 1.406504570121309250, 2.000000000000000000 ) ;
#475 = CARTESIAN_POINT ( 'NONE',  ( -59.86754128908249584, 16.04404237534769706, -33.79999999999994742 ) ) ;
#476 = ORIENTED_EDGE ( 'NONE', *, *, #2204, .F. ) ;
#477 = DIRECTION ( 'NONE',  ( 1.150401752381051754E-16, 0.1218693434051477398, 0.9925461516413219831 ) ) ;
#478 = DIRECTION ( 'NONE',  ( -0.000000000000000000, 1.000000000000000000, -0.000000000000000000 ) ) ;
#479 = EDGE_CURVE ( 'NONE', #845, #1196, #980, .T. ) ;
#480 = ORIENTED_EDGE ( 'NONE', *, *, #444, .T. ) ;
#481 = DIRECTION ( 'NONE',  ( -1.000000000000000000, 0.000000000000000000, -2.176257602059812434E-16 ) ) ;
#482 = CARTESIAN_POINT ( 'NONE',  ( -59.86754128908249584, 4.000000000000000000, -35.27882245455298715 ) ) ;
#483 = ORIENTED_EDGE ( 'NONE', *, *, #1114, .F. ) ;
#484 = CARTESIAN_POINT ( 'NONE',  ( 59.86754128908251715, 19.00000000000000000, 33.79999999999997584 ) ) ;
#485 = EDGE_LOOP ( 'NONE', ( #2263, #2006, #1058, #1858 ) ) ;
#486 = EDGE_CURVE ( 'NONE', #375, #995, #75, .T. ) ;
#487 = ORIENTED_EDGE ( 'NONE', *, *, #256, .F. ) ;
#488 = CALENDAR_DATE ( 2025, 17, 8 ) ;
#489 = DIRECTION ( 'NONE',  ( 0.000000000000000000, 0.000000000000000000, -1.000000000000000000 ) ) ;
#490 = EDGE_LOOP ( 'NONE', ( #1232, #301, #915, #2061 ) ) ;
#491 = ADVANCED_FACE ( 'NONE', ( #1551 ), #2328, .T. ) ;
#492 = CARTESIAN_POINT ( 'NONE',  ( -59.86754128908249584, 4.000000000000000000, -33.79999999999999716 ) ) ;
#493 = VECTOR ( 'NONE', #975, 1000.000000000000000 ) ;
#494 = CARTESIAN_POINT ( 'NONE',  ( 50.00000000000000000, -13.00000000000000000, -2.500000000000002220 ) ) ;
#495 = ORIENTED_EDGE ( 'NONE', *, *, #1592, .T. ) ;
#496 = DIRECTION ( 'NONE',  ( -0.000000000000000000, 1.000000000000000000, -0.000000000000000000 ) ) ;
#497 = ADVANCED_FACE ( 'NONE', ( #246 ), #829, .T. ) ;
#498 = ORIENTED_EDGE ( 'NONE', *, *, #38, .F. ) ;
#499 = ORIENTED_EDGE ( 'NONE', *, *, #1438, .T. ) ;
#500 = DIRECTION ( 'NONE',  ( 0.000000000000000000, 0.000000000000000000, -1.000000000000000000 ) ) ;
#501 = ORIENTED_EDGE ( 'NONE', *, *, #1397, .T. ) ;
#502 = CYLINDRICAL_SURFACE ( 'NONE', #33, 2.000000000000001776 ) ;
#503 = CARTESIAN_POINT ( 'NONE',  ( -22.50000000000000711, 19.00000000000000000, 33.79999999999997584 ) ) ;
#504 = ORIENTED_EDGE ( 'NONE', *, *, #946, .F. ) ;
#505 = VECTOR ( 'NONE', #397, 1000.000000000000000 ) ;
#506 = AXIS2_PLACEMENT_3D ( 'NONE', #2317, #431, #1734 ) ;
#507 = CYLINDRICAL_SURFACE ( 'NONE', #2450, 2.000000000000001776 ) ;
#508 = AXIS2_PLACEMENT_3D ( 'NONE', #1522, #2314, #2285 ) ;
#509 = ORIENTED_EDGE ( 'NONE', *, *, #1452, .T. ) ;
#510 = ORIENTED_EDGE ( 'NONE', *, *, #1458, .T. ) ;
#511 = ADVANCED_FACE ( 'NONE', ( #603, #231 ), #398, .T. ) ;
#512 = CARTESIAN_POINT ( 'NONE',  ( -22.50000000000001421, 20.99999999999999645, -35.20650457012131085 ) ) ;
#513 = ORIENTED_EDGE ( 'NONE', *, *, #2212, .T. ) ;
#514 = DIRECTION ( 'NONE',  ( -0.000000000000000000, -1.000000000000000000, -0.000000000000000000 ) ) ;
#515 = CARTESIAN_POINT ( 'NONE',  ( -61.09232631344643494, 23.00000000000000000, 34.49148879229236542 ) ) ;
#516 = B_SPLINE_CURVE_WITH_KNOTS ( 'NONE', 3,
 ( #2003, #680, #299, #655 ),
 .UNSPECIFIED., .F., .F.,
 ( 4, 4 ),
 ( 0.000000000000000000, 0.002985710901060943667 ),
 .UNSPECIFIED. ) ;
#517 = EDGE_CURVE ( 'NONE', #746, #678, #1782, .T. ) ;
#518 = DIRECTION ( 'NONE',  ( 0.000000000000000000, 0.000000000000000000, -1.000000000000000000 ) ) ;
#519 = VERTEX_POINT ( 'NONE', #1002 ) ;
#520 = LINE ( 'NONE', #2270, #932 ) ;
#521 = EDGE_CURVE ( 'NONE', #1977, #1106, #1714, .T. ) ;
#522 = ORIENTED_EDGE ( 'NONE', *, *, #1918, .T. ) ;
#523 = DIRECTION ( 'NONE',  ( -1.000000000000000000, 0.000000000000000000, 1.159041068748987004E-16 ) ) ;
#524 = ORIENTED_EDGE ( 'NONE', *, *, #1432, .T. ) ;
#525 = DIRECTION ( 'NONE',  ( 1.000000000000000000, -0.000000000000000000, -1.159041068748986758E-16 ) ) ;
#526 = CARTESIAN_POINT ( 'NONE',  ( 59.86754128908251715, 23.00000000000000000, 35.20650457012128243 ) ) ;
#527 = DIRECTION ( 'NONE',  ( 0.000000000000000000, 1.000000000000000000, 0.000000000000000000 ) ) ;
#528 = ORIENTED_EDGE ( 'NONE', *, *, #94, .F. ) ;
#529 = AXIS2_PLACEMENT_3D ( 'NONE', #1195, #1930, #821 ) ;
#530 = EDGE_CURVE ( 'NONE', #2275, #1977, #2147, .T. ) ;
#531 = CIRCLE ( 'NONE', #1887, 70.15650457012129948 ) ;
#532 = CARTESIAN_POINT ( 'NONE',  ( -50.00000000000000000, -13.00000000000000000, 2.500000000000002220 ) ) ;
#533 = VECTOR ( 'NONE', #424, 1000.000000000000000 ) ;
#534 = ORIENTED_EDGE ( 'NONE', *, *, #996, .T. ) ;
#535 = DIRECTION ( 'NONE',  ( 0.000000000000000000, -0.9925461516413219831, 0.1218693434051477398 ) ) ;
#536 = VECTOR ( 'NONE', #1037, 1000.000000000000000 ) ;
#537 = CARTESIAN_POINT ( 'NONE',  ( 4.336808689942017736E-15, 4.000000000000000000, -1.081267381472375111E-14 ) ) ;
#538 = VERTEX_POINT ( 'NONE', #407 ) ;
#539 = CARTESIAN_POINT ( 'NONE',  ( 59.86754128908249584, 13.00000000000000000, -34.17376140642685556 ) ) ;
#540 = DIRECTION ( 'NONE',  ( 0.1061238974280881431, -0.9925461516413219831, 0.05991540083045803627 ) ) ;
#541 = CONICAL_SURFACE ( 'NONE', #1934, 6.000000000000012434, 0.1221730476396033355 ) ;
#542 = FACE_OUTER_BOUND ( 'NONE', #1044, .T. ) ;
#543 = ORIENTED_EDGE ( 'NONE', *, *, #859, .F. ) ;
#544 = EDGE_CURVE ( 'NONE', #190, #1239, #589, .T. ) ;
#545 = ADVANCED_BREP_SHAPE_REPRESENTATION ( 'ADR-LED-IND_REV_', ( #1305, #2129, #1243 ), #453 ) ;
#546 = CARTESIAN_POINT ( 'NONE',  ( 27.50000000000000711, 19.00000000000000000, -32.97595509923322510 ) ) ;
#547 = CIRCLE ( 'NONE', #2424, 4.403800708262240349 ) ;
#548 = VERTEX_POINT ( 'NONE', #2139 ) ;
#549 = VECTOR ( 'NONE', #970, 1000.000000000000000 ) ;
#550 = DIRECTION ( 'NONE',  ( 1.150401752381051754E-16, 0.1218693434051477398, 0.9925461516413219831 ) ) ;
#551 = DIRECTION ( 'NONE',  ( 0.4916363636363628165, 0.000000000000000000, -0.8708006005684735262 ) ) ;
#552 = CIRCLE ( 'NONE', #1104, 70.15650457012128527 ) ;
#553 = ORIENTED_EDGE ( 'NONE', *, *, #2370, .T. ) ;
#554 = DIRECTION ( 'NONE',  ( -0.1061238974280881847, -0.9925461516413219831, 0.05991540083045798076 ) ) ;
#555 = ADVANCED_FACE ( 'NONE', ( #592 ), #2064, .F. ) ;
#556 = LINE ( 'NONE', #2252, #1383 ) ;
#557 = CARTESIAN_POINT ( 'NONE',  ( -59.79691272839458094, 17.02937040391120860, 33.67901693066744429 ) ) ;
#558 = ORIENTED_EDGE ( 'NONE', *, *, #1482, .F. ) ;
#559 = DIRECTION ( 'NONE',  ( 1.000000000000000000, 0.000000000000000000, -0.000000000000000000 ) ) ;
#560 = ORIENTED_EDGE ( 'NONE', *, *, #1231, .F. ) ;
#561 = ORIENTED_EDGE ( 'NONE', *, *, #364, .T. ) ;
#562 = FACE_OUTER_BOUND ( 'NONE', #23, .T. ) ;
#563 = CARTESIAN_POINT ( 'NONE',  ( 59.86754128908251715, 13.00000000000000000, -33.80000000000001847 ) ) ;
#564 = ORIENTED_EDGE ( 'NONE', *, *, #2215, .T. ) ;
#565 = EDGE_CURVE ( 'NONE', #1321, #2258, #1913, .T. ) ;
#566 = CARTESIAN_POINT ( 'NONE',  ( 59.86754128908249584, 13.00000000000000000, -34.17376140642685556 ) ) ;
#567 = FACE_OUTER_BOUND ( 'NONE', #368, .T. ) ;
#568 = CC_DESIGN_PERSON_AND_ORGANIZATION_ASSIGNMENT ( #2175, #1787, ( #56 ) ) ;
#569 = ORIENTED_EDGE ( 'NONE', *, *, #521, .F. ) ;
#570 = FACE_OUTER_BOUND ( 'NONE', #2160, .T. ) ;
#571 = VERTEX_POINT ( 'NONE', #1723 ) ;
#572 = VERTEX_POINT ( 'NONE', #16 ) ;
#573 = VECTOR ( 'NONE', #1295, 1000.000000000000000 ) ;
#574 = DIRECTION ( 'NONE',  ( 0.000000000000000000, 1.000000000000000000, 0.000000000000000000 ) ) ;
#575 = CARTESIAN_POINT ( 'NONE',  ( 59.86754128908253136, 16.04404237534707178, -33.80000000000003268 ) ) ;
#576 = EDGE_CURVE ( 'NONE', #2268, #1470, #44, .T. ) ;
#577 = ORIENTED_EDGE ( 'NONE', *, *, #447, .F. ) ;
#578 = VECTOR ( 'NONE', #1521, 1000.000000000000000 ) ;
#579 = CARTESIAN_POINT ( 'NONE',  ( 59.86754128908251715, 21.24373868681028910, -33.80000000000001847 ) ) ;
#580 = DIRECTION ( 'NONE',  ( -0.000000000000000000, 1.000000000000000000, -0.000000000000000000 ) ) ;
#581 = FACE_OUTER_BOUND ( 'NONE', #1406, .T. ) ;
#582 = LINE ( 'NONE', #1751, #1964 ) ;
#583 = ORIENTED_EDGE ( 'NONE', *, *, #211, .F. ) ;
#584 = AXIS2_PLACEMENT_3D ( 'NONE', #1710, #1931, #2464 ) ;
#585 = AXIS2_PLACEMENT_3D ( 'NONE', #185, #2439, #359 ) ;
#586 = DIRECTION ( 'NONE',  ( 0.000000000000000000, 1.000000000000000000, 0.000000000000000000 ) ) ;
#587 = DIRECTION ( 'NONE',  ( -0.000000000000000000, -1.000000000000000000, -0.000000000000000000 ) ) ;
#588 = AXIS2_PLACEMENT_3D ( 'NONE', #2438, #121, #1689 ) ;
#589 = CIRCLE ( 'NONE', #908, 0.3737614064268438008 ) ;
#590 = ORIENTED_EDGE ( 'NONE', *, *, #1536, .T. ) ;
#591 = DIRECTION ( 'NONE',  ( -0.000000000000000000, -1.000000000000000000, -0.000000000000000000 ) ) ;
#592 = FACE_OUTER_BOUND ( 'NONE', #1636, .T. ) ;
#593 = CARTESIAN_POINT ( 'NONE',  ( -22.50000000000000711, -0.4874773736205915142, 35.82981539343469990 ) ) ;
#594 = EDGE_CURVE ( 'NONE', #1618, #1627, #801, .T. ) ;
#595 = DIRECTION ( 'NONE',  ( -0.000000000000000000, -1.000000000000000000, -0.000000000000000000 ) ) ;
#596 = ORIENTED_EDGE ( 'NONE', *, *, #656, .T. ) ;
#597 = EDGE_CURVE ( 'NONE', #983, #2268, #991, .T. ) ;
#598 = FACE_OUTER_BOUND ( 'NONE', #2080, .T. ) ;
#599 = DIRECTION ( 'NONE',  ( 0.000000000000000000, 0.000000000000000000, -1.000000000000000000 ) ) ;
#600 = VERTEX_POINT ( 'NONE', #1956 ) ;
#601 = LINE ( 'NONE', #979, #505 ) ;
#602 = CARTESIAN_POINT ( 'NONE',  ( -59.86754128908249584, 13.00000000000000000, -33.79999999999999716 ) ) ;
#603 = FACE_BOUND ( 'NONE', #1793, .T. ) ;
#604 = ORIENTED_EDGE ( 'NONE', *, *, #882, .T. ) ;
#605 = ADVANCED_FACE ( 'NONE', ( #1401 ), #1982, .F. ) ;
#606 = PLANE ( 'NONE',  #2091 ) ;
#607 = EDGE_LOOP ( 'NONE', ( #480, #2193, #1595, #2372 ) ) ;
#608 = APPLICATION_CONTEXT ( 'configuration controlled 3d designs of mechanical parts and assemblies' ) ;
#609 = CARTESIAN_POINT ( 'NONE',  ( -59.86754128908250294, -0.4874773736205909591, 35.82981539343470700 ) ) ;
#610 = CARTESIAN_POINT ( 'NONE',  ( -60.19301294626831833, 13.00000000000000000, -33.98375469872335941 ) ) ;
#611 = CIRCLE ( 'NONE', #1287, 4.403800708262246566 ) ;
#612 = ORIENTED_EDGE ( 'NONE', *, *, #2054, .F. ) ;
#613 = AXIS2_PLACEMENT_3D ( 'NONE', #1607, #103, #860 ) ;
#614 = DIRECTION ( 'NONE',  ( 0.000000000000000000, -0.000000000000000000, 1.000000000000000000 ) ) ;
#615 = CARTESIAN_POINT ( 'NONE',  ( -59.86754128908249584, 0.000000000000000000, -33.79999999999999716 ) ) ;
#616 = DIRECTION ( 'NONE',  ( 0.000000000000000000, 1.000000000000000000, 0.000000000000000000 ) ) ;
#617 = ADVANCED_FACE ( 'NONE', ( #2164 ), #2376, .T. ) ;
#618 = DIRECTION ( 'NONE',  ( -0.000000000000000000, -1.000000000000000000, -0.000000000000000000 ) ) ;
#619 = VERTEX_POINT ( 'NONE', #292 ) ;
#620 = DIRECTION ( 'NONE',  ( 0.000000000000000000, 0.9925461516413219831, 0.1218693434051477398 ) ) ;
#621 = CARTESIAN_POINT ( 'NONE',  ( 4.336808689942017736E-15, 0.000000000000000000, -1.081267381472375111E-14 ) ) ;
#622 = EDGE_LOOP ( 'NONE', ( #280, #37, #1987, #2173 ) ) ;
#623 = DIRECTION ( 'NONE',  ( 0.000000000000000000, 0.000000000000000000, -1.000000000000000000 ) ) ;
#624 = APPROVAL_DATE_TIME ( #451, #1894 ) ;
#625 = DIRECTION ( 'NONE',  ( 0.000000000000000000, 1.000000000000000000, 0.000000000000000000 ) ) ;
#626 = CONICAL_SURFACE ( 'NONE', #2017, 74.75000000000001421, 0.1221730476396033355 ) ;
#627 = ORIENTED_EDGE ( 'NONE', *, *, #2153, .T. ) ;
#628 = VECTOR ( 'NONE', #220, 1000.000000000000000 ) ;
#629 = EDGE_CURVE ( 'NONE', #2220, #365, #2021, .T. ) ;
#630 = PLANE ( 'NONE',  #1738 ) ;
#631 = LINE ( 'NONE', #1157, #259 ) ;
#632 = ORIENTED_EDGE ( 'NONE', *, *, #1361, .F. ) ;
#633 = DIRECTION ( 'NONE',  ( 0.000000000000000000, 0.000000000000000000, 1.000000000000000000 ) ) ;
#634 = ORIENTED_EDGE ( 'NONE', *, *, #1711, .T. ) ;
#635 = LINE ( 'NONE', #2360, #334 ) ;
#636 = DIRECTION ( 'NONE',  ( -0.000000000000000000, -1.000000000000000000, -0.000000000000000000 ) ) ;
#637 = DIRECTION ( 'NONE',  ( 0.000000000000000000, 0.000000000000000000, 1.000000000000000000 ) ) ;
#638 = EDGE_CURVE ( 'NONE', #1990, #845, #2226, .T. ) ;
#639 = ORIENTED_EDGE ( 'NONE', *, *, #426, .T. ) ;
#640 = CARTESIAN_POINT ( 'NONE',  ( 59.65528122024536373, 19.00000000000000000, -33.43705404100942502 ) ) ;
#641 = CYLINDRICAL_SURFACE ( 'NONE', #2332, 2.000000000000000888 ) ;
#642 = ORIENTED_EDGE ( 'NONE', *, *, #1959, .T. ) ;
#643 = CARTESIAN_POINT ( 'NONE',  ( 59.86754128908251715, 20.99999999999999645, 35.20650457012128243 ) ) ;
#644 = VERTEX_POINT ( 'NONE', #1613 ) ;
#645 = FACE_OUTER_BOUND ( 'NONE', #872, .T. ) ;
#646 = EDGE_CURVE ( 'NONE', #2351, #1459, #277, .T. ) ;
#647 = APPROVAL_ROLE ( '' ) ;
#648 = CARTESIAN_POINT ( 'NONE',  ( -59.86754128908250294, 16.04404237534727429, 33.79999999999999005 ) ) ;
#649 = AXIS2_PLACEMENT_3D ( 'NONE', #266, #252, #1625 ) ;
#650 = ORIENTED_EDGE ( 'NONE', *, *, #987, .T. ) ;
#651 = CIRCLE ( 'NONE', #687, 2.000000000000000888 ) ;
#652 = DIRECTION ( 'NONE',  ( 1.000000000000000000, -0.000000000000000000, -1.159041068748986758E-16 ) ) ;
#653 = CARTESIAN_POINT ( 'NONE',  ( 7.806255641895631925E-15, -0.4874773736205909591, -1.546489501303238626E-14 ) ) ;
#654 = ORIENTED_EDGE ( 'NONE', *, *, #987, .F. ) ;
#655 = CARTESIAN_POINT ( 'NONE',  ( 59.65528122024536373, 19.00000000000000000, -33.43705404100942502 ) ) ;
#656 = EDGE_CURVE ( 'NONE', #2177, #1512, #1210, .T. ) ;
#657 = VERTEX_POINT ( 'NONE', #1413 ) ;
#658 = CARTESIAN_POINT ( 'NONE',  ( -27.50000000000001066, 19.00000000000000000, -32.97595509923321799 ) ) ;
#659 = CARTESIAN_POINT ( 'NONE',  ( 7.806255641895631925E-15, 0.000000000000000000, -1.546489501303238626E-14 ) ) ;
#660 = CARTESIAN_POINT ( 'NONE',  ( 59.86754128908251715, 4.000000000000000000, 33.79999999999997584 ) ) ;
#661 = EDGE_LOOP ( 'NONE', ( #2254, #45, #2413, #1335 ) ) ;
#662 = CIRCLE ( 'NONE', #1862, 72.14159687340394100 ) ;
#663 = CIRCLE ( 'NONE', #585, 6.000000000000012434 ) ;
#664 = CARTESIAN_POINT ( 'NONE',  ( -59.86754128908250294, -0.4874773736205909591, 35.82981539343470700 ) ) ;
#665 = AXIS2_PLACEMENT_3D ( 'NONE', #215, #587, #1172 ) ;
#666 = CARTESIAN_POINT ( 'NONE',  ( -59.65528122024537083, 19.00000000000000000, -33.43705404100941081 ) ) ;
#667 = ORIENTED_EDGE ( 'NONE', *, *, #2108, .T. ) ;
#668 = EDGE_CURVE ( 'NONE', #1138, #1559, #441, .T. ) ;
#669 = DIRECTION ( 'NONE',  ( 0.000000000000000000, 1.000000000000000000, 0.000000000000000000 ) ) ;
#670 = EDGE_CURVE ( 'NONE', #1752, #842, #1391, .T. ) ;
#671 = ORIENTED_EDGE ( 'NONE', *, *, #1620, .F. ) ;
#672 = ORIENTED_EDGE ( 'NONE', *, *, #2472, .T. ) ;
#673 = DATE_TIME_ROLE ( 'classification_date' ) ;
#674 = DIRECTION ( 'NONE',  ( -1.492469013153037857E-17, -0.9925461516413219831, -0.1218693434051477398 ) ) ;
#675 = ORIENTED_EDGE ( 'NONE', *, *, #920, .T. ) ;
#676 = DIRECTION ( 'NONE',  ( -0.000000000000000000, 1.000000000000000000, -0.000000000000000000 ) ) ;
#677 = CARTESIAN_POINT ( 'NONE',  ( 22.50000000000000711, 13.00000000000000000, 38.20380070826222152 ) ) ;
#678 = VERTEX_POINT ( 'NONE', #827 ) ;
#679 = EDGE_CURVE ( 'NONE', #2432, #1319, #35, .T. ) ;
#680 = CARTESIAN_POINT ( 'NONE',  ( 59.79691272839460936, 17.02937040391107359, -33.67901693066747271 ) ) ;
#681 = VERTEX_POINT ( 'NONE', #108 ) ;
#682 = VERTEX_POINT ( 'NONE', #1626 ) ;
#683 = DIRECTION ( 'NONE',  ( -1.000000000000000000, 0.000000000000000000, 1.159041068748987004E-16 ) ) ;
#684 = ORIENTED_EDGE ( 'NONE', *, *, #2111, .F. ) ;
#685 = FACE_OUTER_BOUND ( 'NONE', #310, .T. ) ;
#686 = CARTESIAN_POINT ( 'NONE',  ( 0.000000000000000000, 0.000000000000000000, 2.000000000000000888 ) ) ;
#687 = AXIS2_PLACEMENT_3D ( 'NONE', #1753, #1171, #2350 ) ;
#688 = CARTESIAN_POINT ( 'NONE',  ( -62.82094588332883234, 21.24373868681029620, -35.46743235376083447 ) ) ;
#689 = ORIENTED_EDGE ( 'NONE', *, *, #106, .T. ) ;
#690 = CIRCLE ( 'NONE', #102, 67.92595509923320662 ) ;
#691 = ADVANCED_FACE ( 'NONE', ( #1049 ), #474, .T. ) ;
#692 = FACE_OUTER_BOUND ( 'NONE', #104, .T. ) ;
#693 = CIRCLE ( 'NONE', #1969, 6.000000000000008882 ) ;
#694 = ORIENTED_EDGE ( 'NONE', *, *, #1073, .T. ) ;
#695 = ORIENTED_EDGE ( 'NONE', *, *, #343, .F. ) ;
#696 = DIRECTION ( 'NONE',  ( 0.000000000000000000, -0.000000000000000000, 1.000000000000000000 ) ) ;
#697 = ORIENTED_EDGE ( 'NONE', *, *, #1301, .F. ) ;
#698 = EDGE_CURVE ( 'NONE', #57, #1908, #2387, .T. ) ;
#699 = CARTESIAN_POINT ( 'NONE',  ( -65.09234489249335809, 0.000000000000000000, -36.74981818181823456 ) ) ;
#700 = LINE ( 'NONE', #1090, #1185 ) ;
#701 = ADVANCED_FACE ( 'NONE', ( #1026, #2176 ), #1789, .T. ) ;
#702 = CIRCLE ( 'NONE', #584, 4.403800708262246566 ) ;
#703 = VECTOR ( 'NONE', #456, 1000.000000000000000 ) ;
#704 = DIRECTION ( 'NONE',  ( 0.000000000000000000, 0.000000000000000000, 1.000000000000000000 ) ) ;
#705 = ORIENTED_EDGE ( 'NONE', *, *, #1890, .T. ) ;
#706 = AXIS2_PLACEMENT_3D ( 'NONE', #579, #591, #2101 ) ;
#707 = LINE ( 'NONE', #2070, #1206 ) ;
#708 = CONICAL_SURFACE ( 'NONE', #1259, 5.999999999999998224, 0.1221730476396033355 ) ;
#709 = ORIENTED_EDGE ( 'NONE', *, *, #1975, .F. ) ;
#710 = LINE ( 'NONE', #2401, #1589 ) ;
#711 = ORIENTED_EDGE ( 'NONE', *, *, #565, .F. ) ;
#712 = CARTESIAN_POINT ( 'NONE',  ( -59.86754128908249584, 4.000000000000000000, 33.79999999999999005 ) ) ;
#713 = LINE ( 'NONE', #1477, #353 ) ;
#714 = EDGE_CURVE ( 'NONE', #1003, #1441, #552, .T. ) ;
#715 = FACE_BOUND ( 'NONE', #2197, .T. ) ;
#716 = VERTEX_POINT ( 'NONE', #814 ) ;
#717 = CARTESIAN_POINT ( 'NONE',  ( 63.70237359062117122, 13.00000000000000000, 35.96506856638924177 ) ) ;
#718 = ORIENTED_EDGE ( 'NONE', *, *, #2295, .T. ) ;
#719 = CARTESIAN_POINT ( 'NONE',  ( -61.09232631344643494, 20.99999999999999645, 34.49148879229235831 ) ) ;
#720 = FACE_OUTER_BOUND ( 'NONE', #1257, .T. ) ;
#721 = VERTEX_POINT ( 'NONE', #648 ) ;
#722 = EDGE_CURVE ( 'NONE', #1916, #1271, #71, .T. ) ;
#723 = FACE_OUTER_BOUND ( 'NONE', #2031, .T. ) ;
#724 = DIRECTION ( 'NONE',  ( -0.000000000000000000, 1.000000000000000000, -0.000000000000000000 ) ) ;
#725 = CC_DESIGN_SECURITY_CLASSIFICATION ( #416, ( #56 ) ) ;
#726 = DIRECTION ( 'NONE',  ( 0.000000000000000000, 1.000000000000000000, 0.000000000000000000 ) ) ;
#727 = ORIENTED_EDGE ( 'NONE', *, *, #1735, .F. ) ;
#728 = AXIS2_PLACEMENT_3D ( 'NONE', #54, #2339, #614 ) ;
#729 = APPROVAL_PERSON_ORGANIZATION ( #2400, #2297, #1245 ) ;
#730 = AXIS2_PLACEMENT_3D ( 'NONE', #411, #1371, #633 ) ;
#731 = CARTESIAN_POINT ( 'NONE',  ( 7.806255641895631925E-15, 23.00000000000000000, -1.546489501303238626E-14 ) ) ;
#732 = VECTOR ( 'NONE', #309, 1000.000000000000000 ) ;
#733 = ORIENTED_EDGE ( 'NONE', *, *, #899, .T. ) ;
#734 = EDGE_CURVE ( 'NONE', #1908, #1944, #93, .T. ) ;
#735 = DIRECTION ( 'NONE',  ( 0.000000000000000000, 0.9925461516413219831, 0.1218693434051477398 ) ) ;
#736 = DIRECTION ( 'NONE',  ( -0.000000000000000000, -1.000000000000000000, -0.000000000000000000 ) ) ;
#737 = VERTEX_POINT ( 'NONE', #1648 ) ;
#738 = CARTESIAN_POINT ( 'NONE',  ( 59.86754128908251005, 19.00000000000000000, -33.43705404100943213 ) ) ;
#739 = DIRECTION ( 'NONE',  ( -2.124719708610945140E-17, 0.9925461516413219831, 0.1218693434051477398 ) ) ;
#740 = CARTESIAN_POINT ( 'NONE',  ( -17.50000000000000000, 23.00000000000000000, 32.97595509923318957 ) ) ;
#741 = VERTEX_POINT ( 'NONE', #2210 ) ;
#742 = DIRECTION ( 'NONE',  ( -1.052114166674823898E-16, 0.000000000000000000, -1.000000000000000000 ) ) ;
#743 = VERTEX_POINT ( 'NONE', #2249 ) ;
#744 = VECTOR ( 'NONE', #43, 1000.000000000000000 ) ;
#745 = EDGE_CURVE ( 'NONE', #1003, #746, #192, .T. ) ;
#746 = VERTEX_POINT ( 'NONE', #2260 ) ;
#747 = AXIS2_PLACEMENT_3D ( 'NONE', #1164, #1947, #1189 ) ;
#748 = CARTESIAN_POINT ( 'NONE',  ( -59.86754128908249584, 0.000000000000000000, -39.79999999999999716 ) ) ;
#749 = FACE_OUTER_BOUND ( 'NONE', #239, .T. ) ;
#750 = PRODUCT_DEFINITION ( 'UNKNOWN', '', #56, #39 ) ;
#751 = ORIENTED_EDGE ( 'NONE', *, *, #1643, .T. ) ;
#752 = CARTESIAN_POINT ( 'NONE',  ( 59.86754128908249584, 0.000000000000000000, -39.80000000000001137 ) ) ;
#753 = DIRECTION ( 'NONE',  ( -1.000000000000000000, 0.000000000000000000, 2.176257602059815145E-16 ) ) ;
#754 = B_SPLINE_CURVE_WITH_KNOTS ( 'NONE', 3,
 ( #947, #557, #1469, #332 ),
 .UNSPECIFIED., .F., .F.,
 ( 4, 4 ),
 ( 0.000000000000000000, 0.002985710901060736368 ),
 .UNSPECIFIED. ) ;
#755 = DIRECTION ( 'NONE',  ( 0.000000000000000000, 1.000000000000000000, 0.000000000000000000 ) ) ;
#756 = ORIENTED_EDGE ( 'NONE', *, *, #1679, .T. ) ;
#757 = EDGE_CURVE ( 'NONE', #2133, #2074, #1022, .T. ) ;
#758 = CARTESIAN_POINT ( 'NONE',  ( -59.38452459552405571, 23.00000000000000000, 32.97595509923317536 ) ) ;
#759 = ORIENTED_EDGE ( 'NONE', *, *, #2444, .F. ) ;
#760 = ORIENTED_EDGE ( 'NONE', *, *, #2086, .T. ) ;
#761 = CARTESIAN_POINT ( 'NONE',  ( 59.86754128908251005, 23.00000000000000000, -35.20650457012131795 ) ) ;
#762 = DIRECTION ( 'NONE',  ( 0.000000000000000000, 0.000000000000000000, -1.000000000000000000 ) ) ;
#763 = ORIENTED_EDGE ( 'NONE', *, *, #638, .F. ) ;
#764 = DIRECTION ( 'NONE',  ( 0.000000000000000000, -0.9925461516413219831, 0.1218693434051477398 ) ) ;
#765 = CARTESIAN_POINT ( 'NONE',  ( -50.00000000000000000, -4.000000000000000000, -2.500000000000002220 ) ) ;
#766 = LINE ( 'NONE', #1715, #1182 ) ;
#767 = CARTESIAN_POINT ( 'NONE',  ( 59.86754128908249584, 21.24373868681028910, -37.19159687340395237 ) ) ;
#768 = ORIENTED_EDGE ( 'NONE', *, *, #1432, .F. ) ;
#769 = AXIS2_PLACEMENT_3D ( 'NONE', #913, #550, #1674 ) ;
#770 = VECTOR ( 'NONE', #559, 1000.000000000000000 ) ;
#771 = CARTESIAN_POINT ( 'NONE',  ( 22.50000000000001066, 19.00000000000000000, -33.43705404100942502 ) ) ;
#772 = LINE ( 'NONE', #787, #2305 ) ;
#773 = ORIENTED_EDGE ( 'NONE', *, *, #2422, .F. ) ;
#774 = VECTOR ( 'NONE', #135, 1000.000000000000000 ) ;
#775 = CIRCLE ( 'NONE', #1844, 4.403800708262240349 ) ;
#776 = DIRECTION ( 'NONE',  ( 1.412515740280397111E-17, -0.9925461516413219831, 0.1218693434051477398 ) ) ;
#777 = DIRECTION ( 'NONE',  ( 0.000000000000000000, 0.000000000000000000, -1.000000000000000000 ) ) ;
#778 = EDGE_CURVE ( 'NONE', #1242, #1618, #270, .T. ) ;
#779 = VECTOR ( 'NONE', #1772, 1000.000000000000000 ) ;
#780 = CARTESIAN_POINT ( 'NONE',  ( 7.806255641895631925E-15, 20.99999999999999645, -1.546489501303238626E-14 ) ) ;
#781 = EDGE_CURVE ( 'NONE', #953, #1239, #2020, .T. ) ;
#782 = CARTESIAN_POINT ( 'NONE',  ( -59.86754128908250294, 0.000000000000000000, 39.79999999999999716 ) ) ;
#783 = ORIENTED_EDGE ( 'NONE', *, *, #2156, .F. ) ;
#784 = CONICAL_SURFACE ( 'NONE', #152, 2.029815393434712512, 0.1221730476396033355 ) ;
#785 = VECTOR ( 'NONE', #1562, 1000.000000000000000 ) ;
#786 = CARTESIAN_POINT ( 'NONE',  ( 59.86754128908251715, 19.00000000000000000, 32.97595509923318247 ) ) ;
#787 = CARTESIAN_POINT ( 'NONE',  ( 59.86754128908249584, 21.24373868681028910, -37.19159687340395237 ) ) ;
#788 = VECTOR ( 'NONE', #776, 1000.000000000000000 ) ;
#789 = EDGE_LOOP ( 'NONE', ( #201, #405, #1437, #146, #1330, #864, #1856, #90 ) ) ;
#790 = CARTESIAN_POINT ( 'NONE',  ( -63.70237359062114280, 13.00000000000000000, 35.96506856638928440 ) ) ;
#791 = CARTESIAN_POINT ( 'NONE',  ( 59.86754128908251715, 23.00000000000000000, 32.97595509923316826 ) ) ;
#792 = EDGE_CURVE ( 'NONE', #1470, #1368, #2414, .T. ) ;
#793 = DIRECTION ( 'NONE',  ( -0.000000000000000000, 1.000000000000000000, -0.000000000000000000 ) ) ;
#794 = DIRECTION ( 'NONE',  ( -1.000000000000000000, 2.296894360783942764E-35, 1.159041068748986758E-16 ) ) ;
#795 = ORIENTED_EDGE ( 'NONE', *, *, #1769, .T. ) ;
#796 = DIRECTION ( 'NONE',  ( 0.000000000000000000, 1.000000000000000000, 0.000000000000000000 ) ) ;
#797 = DIRECTION ( 'NONE',  ( -0.000000000000000000, -1.000000000000000000, -0.000000000000000000 ) ) ;
#798 = ORIENTED_EDGE ( 'NONE', *, *, #38, .T. ) ;
#799 = CARTESIAN_POINT ( 'NONE',  ( 22.50000000000001421, -0.4874773736205897934, -35.82981539343471411 ) ) ;
#800 =( LENGTH_UNIT ( ) NAMED_UNIT ( * ) SI_UNIT ( .MILLI., .METRE. ) );
#801 = LINE ( 'NONE', #1354, #628 ) ;
#802 = VERTEX_POINT ( 'NONE', #1685 ) ;
#803 = EDGE_CURVE ( 'NONE', #1745, #746, #662, .T. ) ;
#804 = DIRECTION ( 'NONE',  ( 1.000000000000000000, -0.000000000000000000, -1.159041068748986758E-16 ) ) ;
#805 = DIRECTION ( 'NONE',  ( 0.000000000000000000, -0.9925461516413219831, 0.1218693434051477398 ) ) ;
#806 = ORIENTED_EDGE ( 'NONE', *, *, #2005, .F. ) ;
#807 = DIRECTION ( 'NONE',  ( -0.000000000000000000, -0.9925461516413219831, -0.1218693434051477398 ) ) ;
#808 = DIRECTION ( 'NONE',  ( -1.492469013153037857E-17, -0.9925461516413219831, -0.1218693434051477398 ) ) ;
#809 = CIRCLE ( 'NONE', #1691, 2.500000000000002220 ) ;
#810 = ADVANCED_FACE ( 'NONE', ( #1314 ), #1637, .F. ) ;
#811 = ORIENTED_EDGE ( 'NONE', *, *, #1747, .F. ) ;
#812 = DIRECTION ( 'NONE',  ( -0.8708006005684733042, 0.000000000000000000, -0.4916363636363633161 ) ) ;
#813 = COORDINATED_UNIVERSAL_TIME_OFFSET ( 10, 0, .AHEAD. ) ;
#814 = CARTESIAN_POINT ( 'NONE',  ( 22.50000000000001421, 21.24373868681028910, -37.19159687340394527 ) ) ;
#815 = EDGE_LOOP ( 'NONE', ( #290, #695, #684, #1721 ) ) ;
#816 = CIRCLE ( 'NONE', #61, 69.12376140642683708 ) ;
#817 = CARTESIAN_POINT ( 'NONE',  ( 59.86754128908249584, 3.851859888774471706E-31, -39.80000000000001137 ) ) ;
#818 = AXIS2_PLACEMENT_3D ( 'NONE', #1491, #1855, #186 ) ;
#819 = FACE_OUTER_BOUND ( 'NONE', #372, .T. ) ;
#820 = ORIENTED_EDGE ( 'NONE', *, *, #996, .F. ) ;
#821 = DIRECTION ( 'NONE',  ( 0.000000000000000000, 0.000000000000000000, 1.000000000000000000 ) ) ;
#822 = EDGE_CURVE ( 'NONE', #1635, #361, #710, .T. ) ;
#823 = ORIENTED_EDGE ( 'NONE', *, *, #1997, .F. ) ;
#824 = AXIS2_PLACEMENT_3D ( 'NONE', #1874, #2236, #900 ) ;
#825 = CARTESIAN_POINT ( 'NONE',  ( 59.86754128908251715, 19.00000000000000000, 32.97595509923317536 ) ) ;
#826 = APPROVAL_ROLE ( '' ) ;
#827 = CARTESIAN_POINT ( 'NONE',  ( 59.86754128908251715, 21.24373868681029620, 37.19159687340393106 ) ) ;
#828 = AXIS2_PLACEMENT_3D ( 'NONE', #369, #1341, #3 ) ;
#829 = CONICAL_SURFACE ( 'NONE', #2265, 6.000000000000008882, 0.1221730476396033355 ) ;
#830 = ORIENTED_EDGE ( 'NONE', *, *, #479, .F. ) ;
#831 = AXIS2_PLACEMENT_3D ( 'NONE', #1225, #1200, #2353 ) ;
#832 = EDGE_CURVE ( 'NONE', #743, #657, #1345, .T. ) ;
#833 = PLANE ( 'NONE',  #1307 ) ;
#834 = CARTESIAN_POINT ( 'NONE',  ( 7.806255641895631925E-15, 13.00000000000000000, -1.546489501303238626E-14 ) ) ;
#835 = ORIENTED_EDGE ( 'NONE', *, *, #2086, .F. ) ;
#836 = ADVANCED_FACE ( 'NONE', ( #720 ), #328, .T. ) ;
#837 = DIRECTION ( 'NONE',  ( 0.000000000000000000, 1.000000000000000000, 0.000000000000000000 ) ) ;
#838 = ORIENTED_EDGE ( 'NONE', *, *, #1073, .F. ) ;
#839 = DIRECTION ( 'NONE',  ( 1.000000000000000000, -0.000000000000000000, -1.159041068748986758E-16 ) ) ;
#840 = CALENDAR_DATE ( 2025, 17, 8 ) ;
#841 = CARTESIAN_POINT ( 'NONE',  ( 59.86754128908251715, 4.000000000000000000, -33.80000000000001847 ) ) ;
#842 = VERTEX_POINT ( 'NONE', #1449 ) ;
#843 = CARTESIAN_POINT ( 'NONE',  ( 59.86754128908251715, 19.00000000000000000, 33.79999999999997584 ) ) ;
#844 = DIRECTION ( 'NONE',  ( -0.000000000000000000, -1.000000000000000000, -0.000000000000000000 ) ) ;
#845 = VERTEX_POINT ( 'NONE', #1861 ) ;
#846 = DIRECTION ( 'NONE',  ( 0.000000000000000000, 0.000000000000000000, 1.000000000000000000 ) ) ;
#847 = ORIENTED_EDGE ( 'NONE', *, *, #1536, .F. ) ;
#848 = PLANE ( 'NONE',  #649 ) ;
#849 = APPLICATION_PROTOCOL_DEFINITION ( 'international standard', 'config_control_design', 1994, #608 ) ;
#850 = CARTESIAN_POINT ( 'NONE',  ( -59.86754128908250294, 13.00000000000000000, 34.17376140642684135 ) ) ;
#851 = AXIS2_PLACEMENT_3D ( 'NONE', #1771, #477, #1610 ) ;
#852 = ORIENTED_EDGE ( 'NONE', *, *, #479, .T. ) ;
#853 = CIRCLE ( 'NONE', #421, 69.12376140642685129 ) ;
#854 = FACE_BOUND ( 'NONE', #1605, .T. ) ;
#855 = ADVANCED_FACE ( 'NONE', ( #1300 ), #708, .T. ) ;
#856 = AXIS2_PLACEMENT_3D ( 'NONE', #1816, #111, #1630 ) ;
#857 = DIRECTION ( 'NONE',  ( -1.150401752381052000E-16, 0.1218693434051477398, -0.9925461516413219831 ) ) ;
#858 = ORIENTED_EDGE ( 'NONE', *, *, #1818, .F. ) ;
#859 = EDGE_CURVE ( 'NONE', #1983, #1483, #1471, .T. ) ;
#860 = DIRECTION ( 'NONE',  ( 0.000000000000000000, -0.000000000000000000, 1.000000000000000000 ) ) ;
#861 = ORIENTED_EDGE ( 'NONE', *, *, #438, .F. ) ;
#862 = DIRECTION ( 'NONE',  ( 0.000000000000000000, -1.000000000000000000, 0.000000000000000000 ) ) ;
#863 = CARTESIAN_POINT ( 'NONE',  ( 0.000000000000000000, 4.000000000000000000, 0.000000000000000000 ) ) ;
#864 = ORIENTED_EDGE ( 'NONE', *, *, #2336, .T. ) ;
#865 = EDGE_CURVE ( 'NONE', #276, #1229, #2225, .T. ) ;
#866 = VECTOR ( 'NONE', #1277, 1000.000000000000000 ) ;
#867 = CIRCLE ( 'NONE', #2262, 2.000000000000001776 ) ;
#868 = LINE ( 'NONE', #1776, #2103 ) ;
#869 = DIRECTION ( 'NONE',  ( 0.000000000000000000, 0.000000000000000000, -1.000000000000000000 ) ) ;
#870 = ORIENTED_EDGE ( 'NONE', *, *, #244, .T. ) ;
#871 = CARTESIAN_POINT ( 'NONE',  ( -59.86754128908250294, 13.00000000000000000, 34.17376140642684135 ) ) ;
#872 = EDGE_LOOP ( 'NONE', ( #1011, #1326, #756, #2217, #901, #415 ) ) ;
#873 = VERTEX_POINT ( 'NONE', #1846 ) ;
#874 = CARTESIAN_POINT ( 'NONE',  ( 50.00000000000000000, 0.000000000000000000, 0.000000000000000000 ) ) ;
#875 = ORIENTED_EDGE ( 'NONE', *, *, #1669, .T. ) ;
#876 = CARTESIAN_POINT ( 'NONE',  ( -22.50000000000000711, 19.00000000000000000, 33.43705404100940370 ) ) ;
#877 = CARTESIAN_POINT ( 'NONE',  ( -50.00000000000000000, -4.000000000000000000, 0.000000000000000000 ) ) ;
#878 = EDGE_CURVE ( 'NONE', #276, #2474, #356, .T. ) ;
#879 = FACE_OUTER_BOUND ( 'NONE', #2202, .T. ) ;
#880 = EDGE_LOOP ( 'NONE', ( #1434, #1872 ) ) ;
#881 = DIRECTION ( 'NONE',  ( 0.000000000000000000, 0.000000000000000000, 1.000000000000000000 ) ) ;
#882 = EDGE_CURVE ( 'NONE', #242, #2235, #1221, .T. ) ;
#883 = ORIENTED_EDGE ( 'NONE', *, *, #1418, .F. ) ;
#884 = EDGE_LOOP ( 'NONE', ( #344, #654 ) ) ;
#885 = PERSON_AND_ORGANIZATION ( #1999, #1762 ) ;
#886 = DIRECTION ( 'NONE',  ( 0.000000000000000000, -0.000000000000000000, 1.000000000000000000 ) ) ;
#887 = ADVANCED_FACE ( 'NONE', ( #169 ), #1660, .T. ) ;
#888 = ORIENTED_EDGE ( 'NONE', *, *, #1975, .T. ) ;
#889 = CONICAL_SURFACE ( 'NONE', #2127, 70.77981539343473116, 0.1221730476396033355 ) ;
#890 = DIRECTION ( 'NONE',  ( -0.1061238974280881014, -0.9925461516413219831, -0.05991540083045814036 ) ) ;
#891 = CARTESIAN_POINT ( 'NONE',  ( 22.50000000000000711, 23.00000000000000000, 35.20650457012128953 ) ) ;
#892 = CONICAL_SURFACE ( 'NONE', #2288, 2.029815393434726722, 0.1221730476396033355 ) ;
#893 = DIRECTION ( 'NONE',  ( 0.000000000000000000, 0.000000000000000000, 1.000000000000000000 ) ) ;
#894 = ORIENTED_EDGE ( 'NONE', *, *, #629, .T. ) ;
#895 = VECTOR ( 'NONE', #22, 1000.000000000000000 ) ;
#896 = VECTOR ( 'NONE', #839, 1000.000000000000000 ) ;
#897 = FACE_BOUND ( 'NONE', #1220, .T. ) ;
#898 = ORIENTED_EDGE ( 'NONE', *, *, #1082, .T. ) ;
#899 = EDGE_CURVE ( 'NONE', #571, #265, #1143, .T. ) ;
#900 = DIRECTION ( 'NONE',  ( 0.000000000000000000, 0.000000000000000000, -1.000000000000000000 ) ) ;
#901 = ORIENTED_EDGE ( 'NONE', *, *, #1620, .T. ) ;
#902 = LINE ( 'NONE', #2213, #866 ) ;
#903 = DIRECTION ( 'NONE',  ( 1.000000000000000000, -0.000000000000000000, -1.159041068748986758E-16 ) ) ;
#904 = VECTOR ( 'NONE', #1325, 1000.000000000000000 ) ;
#905 = CARTESIAN_POINT ( 'NONE',  ( -59.86754128908249584, 23.00000000000000000, -35.20650457012130374 ) ) ;
#906 = ORIENTED_EDGE ( 'NONE', *, *, #911, .T. ) ;
#907 = VECTOR ( 'NONE', #1652, 1000.000000000000000 ) ;
#908 = AXIS2_PLACEMENT_3D ( 'NONE', #5, #1749, #1526 ) ;
#909 = AXIS2_PLACEMENT_3D ( 'NONE', #2198, #283, #1427 ) ;
#910 = DIRECTION ( 'NONE',  ( 0.000000000000000000, 0.000000000000000000, -1.000000000000000000 ) ) ;
#911 = EDGE_CURVE ( 'NONE', #1441, #1745, #1779, .T. ) ;
#912 = VERTEX_POINT ( 'NONE', #941 ) ;
#913 = CARTESIAN_POINT ( 'NONE',  ( -59.86754128908250294, 0.000000000000000000, 39.79999999999999716 ) ) ;
#914 = DIRECTION ( 'NONE',  ( 0.000000000000000000, 0.000000000000000000, 1.000000000000000000 ) ) ;
#915 = ORIENTED_EDGE ( 'NONE', *, *, #911, .F. ) ;
#916 = DIRECTION ( 'NONE',  ( 0.000000000000000000, 1.000000000000000000, 0.000000000000000000 ) ) ;
#917 = LINE ( 'NONE', #2077, #1064 ) ;
#918 = DIRECTION ( 'NONE',  ( 0.000000000000000000, 0.000000000000000000, 1.000000000000000000 ) ) ;
#919 = ORIENTED_EDGE ( 'NONE', *, *, #544, .F. ) ;
#920 = EDGE_CURVE ( 'NONE', #741, #1718, #702, .T. ) ;
#921 = LINE ( 'NONE', #2433, #770 ) ;
#922 = ORIENTED_EDGE ( 'NONE', *, *, #638, .T. ) ;
#923 = DIRECTION ( 'NONE',  ( 0.000000000000000000, 0.000000000000000000, 1.000000000000000000 ) ) ;
#924 = CARTESIAN_POINT ( 'NONE',  ( 59.86754128908249584, -0.4874773736205892938, -35.82981539343472122 ) ) ;
#925 = EDGE_LOOP ( 'NONE', ( #1272, #1796, #1830, #1281, #697 ) ) ;
#926 = CARTESIAN_POINT ( 'NONE',  ( 7.806255641895631925E-15, 0.000000000000000000, -1.546489501303238626E-14 ) ) ;
#927 = DIRECTION ( 'NONE',  ( 1.000000000000000000, -0.000000000000000000, -1.159041068748987004E-16 ) ) ;
#928 = EDGE_CURVE ( 'NONE', #995, #1459, #1548, .T. ) ;
#929 = CARTESIAN_POINT ( 'NONE',  ( -59.86754128908249584, 0.000000000000000000, -33.79999999999999716 ) ) ;
#930 = ORIENTED_EDGE ( 'NONE', *, *, #576, .T. ) ;
#931 = AXIS2_PLACEMENT_3D ( 'NONE', #1359, #837, #997 ) ;
#932 = VECTOR ( 'NONE', #2280, 1000.000000000000000 ) ;
#933 = DIRECTION ( 'NONE',  ( 1.000000000000000000, 2.296894360783942764E-35, -1.159041068748987004E-16 ) ) ;
#934 = ADVANCED_FACE ( 'NONE', ( #1 ), #784, .F. ) ;
#935 = EDGE_LOOP ( 'NONE', ( #2398, #1778, #524, #1840 ) ) ;
#936 = CC_DESIGN_PERSON_AND_ORGANIZATION_ASSIGNMENT ( #885, #302, ( #56 ) ) ;
#937 = VECTOR ( 'NONE', #2012, 1000.000000000000000 ) ;
#938 = VERTEX_POINT ( 'NONE', #1558 ) ;
#939 = CARTESIAN_POINT ( 'NONE',  ( 7.806255641895631925E-15, 13.00000000000000000, -1.546489501303238626E-14 ) ) ;
#940 = AXIS2_PLACEMENT_3D ( 'NONE', #1455, #1018, #77 ) ;
#941 = CARTESIAN_POINT ( 'NONE',  ( 17.50000000000000000, 19.00000000000000000, -32.97595509923319668 ) ) ;
#942 = ORIENTED_EDGE ( 'NONE', *, *, #2444, .T. ) ;
#943 = AXIS2_PLACEMENT_3D ( 'NONE', #1318, #527, #1291 ) ;
#944 = DIRECTION ( 'NONE',  ( 0.000000000000000000, 0.000000000000000000, 1.000000000000000000 ) ) ;
#945 = CARTESIAN_POINT ( 'NONE',  ( 4.336808689942017736E-15, 13.00000000000000000, -1.081267381472375111E-14 ) ) ;
#946 = EDGE_CURVE ( 'NONE', #1752, #1483, #772, .T. ) ;
#947 = CARTESIAN_POINT ( 'NONE',  ( -59.86754128908250294, 16.04404237534727429, 33.79999999999999005 ) ) ;
#948 = EDGE_LOOP ( 'NONE', ( #2407, #1465, #1849, #1110, #1764 ) ) ;
#949 = VECTOR ( 'NONE', #158, 1000.000000000000000 ) ;
#950 = CIRCLE ( 'NONE', #72, 5.999999999999998224 ) ;
#951 = DIRECTION ( 'NONE',  ( 1.000000000000000000, -0.000000000000000000, 0.000000000000000000 ) ) ;
#952 = ORIENTED_EDGE ( 'NONE', *, *, #1329, .T. ) ;
#953 = VERTEX_POINT ( 'NONE', #575 ) ;
#954 = DIRECTION ( 'NONE',  ( 0.000000000000000000, 0.9925461516413219831, 0.1218693434051477398 ) ) ;
#955 = CARTESIAN_POINT ( 'NONE',  ( 61.09232631344644915, 20.99999999999999645, -34.49148879229237963 ) ) ;
#956 = AXIS2_PLACEMENT_3D ( 'NONE', #2274, #1535, #2323 ) ;
#957 = ORIENTED_EDGE ( 'NONE', *, *, #197, .T. ) ;
#958 = CARTESIAN_POINT ( 'NONE',  ( -22.50000000000001421, 13.00000000000000000, -34.17376140642684845 ) ) ;
#959 = DIRECTION ( 'NONE',  ( 1.000000000000000000, 0.000000000000000000, -1.159041068748986758E-16 ) ) ;
#960 = CYLINDRICAL_SURFACE ( 'NONE', #1863, 2.000000000000000888 ) ;
#961 = ADVANCED_FACE ( 'NONE', ( #749 ), #1424, .F. ) ;
#962 = LINE ( 'NONE', #2443, #974 ) ;
#963 = EDGE_LOOP ( 'NONE', ( #1659, #1071, #528, #1158 ) ) ;
#964 = CARTESIAN_POINT ( 'NONE',  ( -59.86754128908249584, -0.4874773736205909591, -35.82981539343470700 ) ) ;
#965 = EDGE_CURVE ( 'NONE', #2235, #2074, #1511, .T. ) ;
#966 = CARTESIAN_POINT ( 'NONE',  ( 7.806255641895631925E-15, -0.4874773736205909591, -1.546489501303238626E-14 ) ) ;
#967 = ORIENTED_EDGE ( 'NONE', *, *, #2261, .T. ) ;
#968 = FACE_OUTER_BOUND ( 'NONE', #2158, .T. ) ;
#969 = EDGE_CURVE ( 'NONE', #1226, #716, #1906, .T. ) ;
#970 = DIRECTION ( 'NONE',  ( 1.000000000000000000, -0.000000000000000000, -1.159041068748986758E-16 ) ) ;
#971 = CARTESIAN_POINT ( 'NONE',  ( -59.86754128908249584, 13.00000000000000000, -33.79999999999999716 ) ) ;
#972 = FACE_OUTER_BOUND ( 'NONE', #815, .T. ) ;
#973 = VERTEX_POINT ( 'NONE', #41 ) ;
#974 = VECTOR ( 'NONE', #2420, 1000.000000000000000 ) ;
#975 = DIRECTION ( 'NONE',  ( -1.000000000000000000, -0.000000000000000000, 1.159041068748987004E-16 ) ) ;
#976 = DIRECTION ( 'NONE',  ( 0.000000000000000000, 1.000000000000000000, 0.000000000000000000 ) ) ;
#977 = EDGE_LOOP ( 'NONE', ( #1694, #468, #577, #1704 ) ) ;
#978 = EDGE_CURVE ( 'NONE', #548, #1574, #2349, .T. ) ;
#979 = CARTESIAN_POINT ( 'NONE',  ( -22.50000000000001421, -0.4874773736205904040, -35.82981539343471411 ) ) ;
#980 = LINE ( 'NONE', #765, #1263 ) ;
#981 = CARTESIAN_POINT ( 'NONE',  ( 59.79691272839459515, 17.02937040391122281, 33.67901693066743007 ) ) ;
#982 = DIRECTION ( 'NONE',  ( 0.000000000000000000, 1.000000000000000000, 0.000000000000000000 ) ) ;
#983 = VERTEX_POINT ( 'NONE', #2301 ) ;
#984 = AXIS2_PLACEMENT_3D ( 'NONE', #664, #1593, #1030 ) ;
#985 = LINE ( 'NONE', #1783, #2205 ) ;
#986 = FACE_OUTER_BOUND ( 'NONE', #485, .T. ) ;
#987 = EDGE_CURVE ( 'NONE', #1196, #2311, #2306, .T. ) ;
#988 = AXIS2_PLACEMENT_3D ( 'NONE', #2076, #1700, #944 ) ;
#989 = VERTEX_POINT ( 'NONE', #610 ) ;
#990 = FACE_OUTER_BOUND ( 'NONE', #2042, .T. ) ;
#991 = CIRCLE ( 'NONE', #909, 67.92595509923320662 ) ;
#992 = DIRECTION ( 'NONE',  ( 0.000000000000000000, 1.000000000000000000, 0.000000000000000000 ) ) ;
#993 = CARTESIAN_POINT ( 'NONE',  ( 59.38452459552402729, 23.00000000000000000, -32.97595509923319668 ) ) ;
#994 = DIRECTION ( 'NONE',  ( -0.1061238974280881847, -0.9925461516413219831, 0.05991540083045798076 ) ) ;
#995 = VERTEX_POINT ( 'NONE', #1338 ) ;
#996 = EDGE_CURVE ( 'NONE', #1173, #2442, #547, .T. ) ;
#997 = DIRECTION ( 'NONE',  ( 0.000000000000000000, -0.000000000000000000, 1.000000000000000000 ) ) ;
#998 = CARTESIAN_POINT ( 'NONE',  ( 50.00000000000000000, -4.000000000000000000, 0.000000000000000000 ) ) ;
#999 = ORIENTED_EDGE ( 'NONE', *, *, #2477, .T. ) ;
#1000 = LINE ( 'NONE', #1399, #1729 ) ;
#1001 = APPLICATION_PROTOCOL_DEFINITION ( 'international standard', 'config_control_design', 1994, #1085 ) ;
#1002 = CARTESIAN_POINT ( 'NONE',  ( -22.50000000000000711, 23.00000000000000000, 35.20650457012128953 ) ) ;
#1003 = VERTEX_POINT ( 'NONE', #206 ) ;
#1004 = DIRECTION ( 'NONE',  ( 0.000000000000000000, 1.000000000000000000, -0.000000000000000000 ) ) ;
#1005 = ADVANCED_FACE ( 'NONE', ( #413 ), #2104, .F. ) ;
#1006 = LINE ( 'NONE', #224, #380 ) ;
#1007 = EDGE_LOOP ( 'NONE', ( #823, #1645, #806, #317 ) ) ;
#1008 = ADVANCED_FACE ( 'NONE', ( #1720 ), #1027, .T. ) ;
#1009 = DIRECTION ( 'NONE',  ( 0.000000000000000000, 1.000000000000000000, 0.000000000000000000 ) ) ;
#1010 = AXIS2_PLACEMENT_3D ( 'NONE', #350, #1518, #2234 ) ;
#1011 = ORIENTED_EDGE ( 'NONE', *, *, #1993, .F. ) ;
#1012 = AXIS2_PLACEMENT_3D ( 'NONE', #1238, #1792, #869 ) ;
#1013 = FACE_OUTER_BOUND ( 'NONE', #925, .T. ) ;
#1014 = CARTESIAN_POINT ( 'NONE',  ( -59.86754128908249584, 13.00000000000000000, 33.79999999999999005 ) ) ;
#1015 = ORIENTED_EDGE ( 'NONE', *, *, #1880, .T. ) ;
#1016 = CARTESIAN_POINT ( 'NONE',  ( -22.50000000000001066, 19.00000000000000000, -33.43705404100942502 ) ) ;
#1017 = ADVANCED_FACE ( 'NONE', ( #379, #10 ), #1360, .T. ) ;
#1018 = DIRECTION ( 'NONE',  ( 0.000000000000000000, 1.000000000000000000, 0.000000000000000000 ) ) ;
#1019 = ORIENTED_EDGE ( 'NONE', *, *, #170, .F. ) ;
#1020 = DIRECTION ( 'NONE',  ( 0.000000000000000000, 1.000000000000000000, 0.000000000000000000 ) ) ;
#1021 = VERTEX_POINT ( 'NONE', #1137 ) ;
#1022 = CIRCLE ( 'NONE', #1382, 2.500000000000002220 ) ;
#1023 = VECTOR ( 'NONE', #652, 1000.000000000000000 ) ;
#1024 = FACE_OUTER_BOUND ( 'NONE', #1007, .T. ) ;
#1025 = PERSON_AND_ORGANIZATION_ROLE ( 'design_owner' ) ;
#1026 = FACE_BOUND ( 'NONE', #2399, .T. ) ;
#1027 = CONICAL_SURFACE ( 'NONE', #2143, 6.000000000000012434, 0.1221730476396033355 ) ;
#1028 = ORIENTED_EDGE ( 'NONE', *, *, #1794, .F. ) ;
#1029 = AXIS2_PLACEMENT_3D ( 'NONE', #2390, #1573, #489 ) ;
#1030 = DIRECTION ( 'NONE',  ( 0.000000000000000000, -0.9925461516413219831, 0.1218693434051477398 ) ) ;
#1031 = FACE_OUTER_BOUND ( 'NONE', #1832, .T. ) ;
#1032 = EDGE_LOOP ( 'NONE', ( #1973, #1375, #325, #689, #1051 ) ) ;
#1033 = UNCERTAINTY_MEASURE_WITH_UNIT (LENGTH_MEASURE( 1.000000000000000082E-05 ), #800, 'distance_accuracy_value', 'NONE');
#1034 = CYLINDRICAL_SURFACE ( 'NONE', #1528, 6.000000000000000888 ) ;
#1035 = ORIENTED_EDGE ( 'NONE', *, *, #565, .T. ) ;
#1036 = ADVANCED_FACE ( 'NONE', ( #986 ), #1385, .T. ) ;
#1037 = DIRECTION ( 'NONE',  ( -0.000000000000000000, -0.9925461516413219831, -0.1218693434051477537 ) ) ;
#1038 = CARTESIAN_POINT ( 'NONE',  ( -59.86754128908249584, 13.00000000000000178, -38.20380070826224284 ) ) ;
#1039 = CARTESIAN_POINT ( 'NONE',  ( 0.000000000000000000, -4.000000000000000000, 0.000000000000000000 ) ) ;
#1040 = ORIENTED_EDGE ( 'NONE', *, *, #781, .T. ) ;
#1041 = ADVANCED_FACE ( 'NONE', ( #1568 ), #626, .T. ) ;
#1042 = PLANE ( 'NONE',  #193 ) ;
#1043 = FACE_OUTER_BOUND ( 'NONE', #1081, .T. ) ;
#1044 = EDGE_LOOP ( 'NONE', ( #297, #1508, #1843, #1451, #773, #150, #1835, #2338 ) ) ;
#1045 = DIRECTION ( 'NONE',  ( 0.000000000000000000, 1.000000000000000000, 0.000000000000000000 ) ) ;
#1046 = EDGE_CURVE ( 'NONE', #2227, #2039, #1184, .T. ) ;
#1047 = EDGE_LOOP ( 'NONE', ( #1499, #2083, #672, #583 ) ) ;
#1048 = DIRECTION ( 'NONE',  ( -1.000000000000000000, -0.000000000000000000, 0.000000000000000000 ) ) ;
#1049 = FACE_OUTER_BOUND ( 'NONE', #228, .T. ) ;
#1050 = CIRCLE ( 'NONE', #529, 1.406504570121300368 ) ;
#1051 = ORIENTED_EDGE ( 'NONE', *, *, #1332, .F. ) ;
#1052 = AXIS2_PLACEMENT_3D ( 'NONE', #326, #289, #1218 ) ;
#1053 = DIRECTION ( 'NONE',  ( 0.000000000000000000, 0.000000000000000000, 1.000000000000000000 ) ) ;
#1054 = VECTOR ( 'NONE', #1604, 1000.000000000000000 ) ;
#1055 = CARTESIAN_POINT ( 'NONE',  ( 27.50000000000001066, 19.00000000000000000, 32.97595509923317536 ) ) ;
#1056 = ORIENTED_EDGE ( 'NONE', *, *, #2348, .T. ) ;
#1057 = FACE_BOUND ( 'NONE', #2419, .T. ) ;
#1058 = ORIENTED_EDGE ( 'NONE', *, *, #1687, .T. ) ;
#1059 = ORIENTED_EDGE ( 'NONE', *, *, #2204, .T. ) ;
#1060 = ADVANCED_FACE ( 'NONE', ( #1754 ), #428, .T. ) ;
#1061 = DATE_AND_TIME ( #488, #1960 ) ;
#1062 = DIRECTION ( 'NONE',  ( 0.000000000000000000, 1.000000000000000000, 0.000000000000000000 ) ) ;
#1063 = AXIS2_PLACEMENT_3D ( 'NONE', #342, #130, #1274 ) ;
#1064 = VECTOR ( 'NONE', #2240, 1000.000000000000000 ) ;
#1065 = ORIENTED_EDGE ( 'NONE', *, *, #517, .F. ) ;
#1066 = DIRECTION ( 'NONE',  ( 0.000000000000000000, 0.000000000000000000, 1.000000000000000000 ) ) ;
#1067 = AXIS2_PLACEMENT_3D ( 'NONE', #1744, #1885, #2337 ) ;
#1068 = VECTOR ( 'NONE', #804, 1000.000000000000000 ) ;
#1069 = CARTESIAN_POINT ( 'NONE',  ( -59.86754128908249584, 13.00000000000000000, -34.17376140642684135 ) ) ;
#1070 = DIRECTION ( 'NONE',  ( -0.000000000000000000, 0.000000000000000000, -1.000000000000000000 ) ) ;
#1071 = ORIENTED_EDGE ( 'NONE', *, *, #1871, .F. ) ;
#1072 = CYLINDRICAL_SURFACE ( 'NONE', #2088, 6.000000000000000888 ) ;
#1073 = EDGE_CURVE ( 'NONE', #2325, #1483, #1876, .T. ) ;
#1074 = ORIENTED_EDGE ( 'NONE', *, *, #1904, .F. ) ;
#1075 = EDGE_LOOP ( 'NONE', ( #1869, #132, #1817, #498, #49, #1504, #1591, #2411 ) ) ;
#1076 = DIRECTION ( 'NONE',  ( 0.000000000000000000, 0.000000000000000000, -1.000000000000000000 ) ) ;
#1077 = VERTEX_POINT ( 'NONE', #133 ) ;
#1078 = CARTESIAN_POINT ( 'NONE',  ( -22.50000000000000711, 21.24373868681029265, 37.19159687340393106 ) ) ;
#1079 = DIRECTION ( 'NONE',  ( 0.000000000000000000, -0.000000000000000000, 1.000000000000000000 ) ) ;
#1080 = CARTESIAN_POINT ( 'NONE',  ( 22.50000000000001421, 13.00000000000000000, -34.17376140642684845 ) ) ;
#1081 = EDGE_LOOP ( 'NONE', ( #287, #553, #2196, #1740 ) ) ;
#1082 = EDGE_CURVE ( 'NONE', #737, #678, #1348, .T. ) ;
#1083 = CARTESIAN_POINT ( 'NONE',  ( 59.86754128908249584, 21.24373868681029265, -37.19159687340395237 ) ) ;
#1084 = ORIENTED_EDGE ( 'NONE', *, *, #426, .F. ) ;
#1085 = APPLICATION_CONTEXT ( 'configuration controlled 3d designs of mechanical parts and assemblies' ) ;
#1086 = CC_DESIGN_DATE_AND_TIME_ASSIGNMENT ( #1461, #673, ( #416 ) ) ;
#1087 = DIRECTION ( 'NONE',  ( -1.412515740280397419E-17, -0.9925461516413219831, -0.1218693434051477398 ) ) ;
#1088 = ORIENTED_EDGE ( 'NONE', *, *, #389, .T. ) ;
#1089 = LINE ( 'NONE', #2453, #1467 ) ;
#1090 = CARTESIAN_POINT ( 'NONE',  ( 22.50000000000000711, -2.891816829211301896E-15, 39.79999999999999005 ) ) ;
#1091 = AXIS2_PLACEMENT_3D ( 'NONE', #465, #418, #2151 ) ;
#1092 = CIRCLE ( 'NONE', #2330, 3.391596873403960544 ) ;
#1093 = PLANE ( 'NONE',  #818 ) ;
#1094 = ORIENTED_EDGE ( 'NONE', *, *, #2238, .F. ) ;
#1095 = EDGE_CURVE ( 'NONE', #873, #396, #2416, .T. ) ;
#1096 = CIRCLE ( 'NONE', #1293, 2.000000000000000888 ) ;
#1097 = CARTESIAN_POINT ( 'NONE',  ( -59.86754128908249584, 21.24373868681029265, 33.79999999999999005 ) ) ;
#1098 = ORIENTED_EDGE ( 'NONE', *, *, #85, .F. ) ;
#1099 = PLANE ( 'NONE',  #2002 ) ;
#1100 = DIRECTION ( 'NONE',  ( -0.000000000000000000, -0.9925461516413219831, -0.1218693434051477398 ) ) ;
#1101 = ORIENTED_EDGE ( 'NONE', *, *, #1159, .T. ) ;
#1102 = EDGE_CURVE ( 'NONE', #953, #190, #147, .T. ) ;
#1103 = CARTESIAN_POINT ( 'NONE',  ( 22.50000000000001421, 2.891816829211302291E-15, -39.80000000000000426 ) ) ;
#1104 = AXIS2_PLACEMENT_3D ( 'NONE', #1758, #55, #2362 ) ;
#1105 = LINE ( 'NONE', #905, #1212 ) ;
#1106 = VERTEX_POINT ( 'NONE', #876 ) ;
#1107 = AXIS2_PLACEMENT_3D ( 'NONE', #966, #2113, #2085 ) ;
#1108 = AXIS2_PLACEMENT_3D ( 'NONE', #1561, #1328, #200 ) ;
#1109 = LINE ( 'NONE', #1870, #1247 ) ;
#1110 = ORIENTED_EDGE ( 'NONE', *, *, #2393, .T. ) ;
#1111 = FACE_OUTER_BOUND ( 'NONE', #402, .T. ) ;
#1112 = DIRECTION ( 'NONE',  ( -1.000000000000000000, -0.000000000000000000, 1.159041068748987004E-16 ) ) ;
#1113 = ORIENTED_EDGE ( 'NONE', *, *, #1482, .T. ) ;
#1114 = EDGE_CURVE ( 'NONE', #213, #1559, #1288, .T. ) ;
#1115 = DIRECTION ( 'NONE',  ( -0.000000000000000000, 0.9925461516413219831, 0.1218693434051477398 ) ) ;
#1116 = DIRECTION ( 'NONE',  ( -1.000000000000000000, -0.000000000000000000, -0.000000000000000000 ) ) ;
#1117 = ADVANCED_FACE ( 'NONE', ( #685 ), #1262, .T. ) ;
#1118 = FACE_OUTER_BOUND ( 'NONE', #1302, .T. ) ;
#1119 = EDGE_LOOP ( 'NONE', ( #642, #942, #2018, #1531 ) ) ;
#1120 = PRODUCT_RELATED_PRODUCT_CATEGORY ( 'detail', '', ( #21 ) ) ;
#1121 = CARTESIAN_POINT ( 'NONE',  ( -50.00000000000000000, -13.00000000000000000, 0.000000000000000000 ) ) ;
#1122 = ORIENTED_EDGE ( 'NONE', *, *, #1166, .F. ) ;
#1123 = EDGE_LOOP ( 'NONE', ( #1122, #2209, #1436, #1864, #727, #1168, #1695, #820, #1414, #1578, #1809, #711 ) ) ;
#1124 = CARTESIAN_POINT ( 'NONE',  ( 59.86754128908251715, 4.196675916495547091E-16, 39.79999999999999005 ) ) ;
#1125 = DIRECTION ( 'NONE',  ( 0.000000000000000000, 0.000000000000000000, -1.000000000000000000 ) ) ;
#1126 = EDGE_CURVE ( 'NONE', #2074, #2133, #1428, .T. ) ;
#1127 = ORIENTED_EDGE ( 'NONE', *, *, #1192, .F. ) ;
#1128 = CARTESIAN_POINT ( 'NONE',  ( -59.86754128908250294, 0.000000000000000000, 39.79999999999999716 ) ) ;
#1129 = CARTESIAN_POINT ( 'NONE',  ( 59.38452459552400597, 19.00000000000000000, 32.97595509923317536 ) ) ;
#1130 = CC_DESIGN_APPROVAL ( #311, ( #750 ) ) ;
#1131 = CARTESIAN_POINT ( 'NONE',  ( -65.09234489249335809, 0.000000000000000000, -36.74981818181823456 ) ) ;
#1132 = ORIENTED_EDGE ( 'NONE', *, *, #2312, .F. ) ;
#1133 = VECTOR ( 'NONE', #807, 1000.000000000000000 ) ;
#1134 = CARTESIAN_POINT ( 'NONE',  ( -59.65528122024534952, 19.00000000000000000, 33.43705404100941081 ) ) ;
#1135 = VERTEX_POINT ( 'NONE', #1078 ) ;
#1136 = VERTEX_POINT ( 'NONE', #539 ) ;
#1137 = CARTESIAN_POINT ( 'NONE',  ( 17.50000000000000711, 23.00000000000000000, 32.97595509923318247 ) ) ;
#1138 = VERTEX_POINT ( 'NONE', #2404 ) ;
#1139 = ADVANCED_FACE ( 'NONE', ( #2229 ), #1980, .T. ) ;
#1140 = CARTESIAN_POINT ( 'NONE',  ( 22.50000000000001421, 23.00000000000000000, -35.20650457012131085 ) ) ;
#1141 = DIRECTION ( 'NONE',  ( 0.000000000000000000, -0.000000000000000000, 1.000000000000000000 ) ) ;
#1142 = CARTESIAN_POINT ( 'NONE',  ( -60.19301294626832544, 13.00000000000000000, 33.98375469872330257 ) ) ;
#1143 = CIRCLE ( 'NONE', #390, 67.92595509923316399 ) ;
#1144 = AXIS2_PLACEMENT_3D ( 'NONE', #492, #2178, #1791 ) ;
#1145 = EDGE_CURVE ( 'NONE', #2177, #600, #902, .T. ) ;
#1146 = DIRECTION ( 'NONE',  ( 0.000000000000000000, 0.000000000000000000, 1.000000000000000000 ) ) ;
#1147 = ORIENTED_EDGE ( 'NONE', *, *, #859, .T. ) ;
#1148 = CIRCLE ( 'NONE', #2105, 2.000000000000001776 ) ;
#1149 = ADVANCED_FACE ( 'NONE', ( #723 ), #502, .T. ) ;
#1150 = LINE ( 'NONE', #157, #2286 ) ;
#1151 = DIRECTION ( 'NONE',  ( -0.000000000000000000, -1.000000000000000000, -0.000000000000000000 ) ) ;
#1152 = AXIS2_PLACEMENT_3D ( 'NONE', #466, #1985, #1798 ) ;
#1153 = ORIENTED_EDGE ( 'NONE', *, *, #343, .T. ) ;
#1154 = LINE ( 'NONE', #799, #1216 ) ;
#1155 = DIRECTION ( 'NONE',  ( 0.000000000000000000, 0.000000000000000000, 1.000000000000000000 ) ) ;
#1156 = DIRECTION ( 'NONE',  ( 0.000000000000000000, 0.000000000000000000, 1.000000000000000000 ) ) ;
#1157 = CARTESIAN_POINT ( 'NONE',  ( -59.86754128908250294, 0.000000000000000000, 39.79999999999999716 ) ) ;
#1158 = ORIENTED_EDGE ( 'NONE', *, *, #85, .T. ) ;
#1159 = EDGE_CURVE ( 'NONE', #681, #741, #1836, .T. ) ;
#1160 = DIRECTION ( 'NONE',  ( 0.000000000000000000, 0.000000000000000000, 1.000000000000000000 ) ) ;
#1161 = CARTESIAN_POINT ( 'NONE',  ( -59.86754128908249584, 0.000000000000000000, 33.79999999999999005 ) ) ;
#1162 = VERTEX_POINT ( 'NONE', #330 ) ;
#1163 = CARTESIAN_POINT ( 'NONE',  ( -22.50000000000000711, 13.00000000000000000, 38.20380070826222152 ) ) ;
#1164 = CARTESIAN_POINT ( 'NONE',  ( 59.86754128908251715, 0.000000000000000000, 33.79999999999997584 ) ) ;
#1165 = DIRECTION ( 'NONE',  ( -0.000000000000000000, 1.000000000000000000, -0.000000000000000000 ) ) ;
#1166 = EDGE_CURVE ( 'NONE', #1718, #1321, #1089, .T. ) ;
#1167 = CARTESIAN_POINT ( 'NONE',  ( -17.50000000000000000, 19.00000000000000000, 32.97595509923318957 ) ) ;
#1168 = ORIENTED_EDGE ( 'NONE', *, *, #307, .F. ) ;
#1169 = VECTOR ( 'NONE', #535, 1000.000000000000000 ) ;
#1170 = CIRCLE ( 'NONE', #138, 0.3737614064268507397 ) ;
#1171 = DIRECTION ( 'NONE',  ( -0.000000000000000000, -1.000000000000000000, -0.000000000000000000 ) ) ;
#1172 = DIRECTION ( 'NONE',  ( 0.000000000000000000, 0.000000000000000000, 1.000000000000000000 ) ) ;
#1173 = VERTEX_POINT ( 'NONE', #1851 ) ;
#1174 = LINE ( 'NONE', #406, #1665 ) ;
#1175 = APPROVAL_STATUS ( 'not_yet_approved' ) ;
#1176 = DIRECTION ( 'NONE',  ( -0.000000000000000000, -1.000000000000000000, -0.000000000000000000 ) ) ;
#1177 = EDGE_CURVE ( 'NONE', #873, #1242, #273, .T. ) ;
#1178 = FACE_OUTER_BOUND ( 'NONE', #490, .T. ) ;
#1179 = LINE ( 'NONE', #248, #1651 ) ;
#1180 = ORIENTED_EDGE ( 'NONE', *, *, #237, .T. ) ;
#1181 = TOROIDAL_SURFACE ( 'NONE', #1306, 1.406504570121310804, 2.000000000000000000 ) ;
#1182 = VECTOR ( 'NONE', #793, 1000.000000000000000 ) ;
#1183 = CARTESIAN_POINT ( 'NONE',  ( 62.82094588332883234, 21.24373868681029265, -35.46743235376079184 ) ) ;
#1184 = LINE ( 'NONE', #2135, #312 ) ;
#1185 = VECTOR ( 'NONE', #1468, 1000.000000000000000 ) ;
#1186 = EDGE_LOOP ( 'NONE', ( #499, #175 ) ) ;
#1187 = CARTESIAN_POINT ( 'NONE',  ( 7.806255641895631925E-15, 19.00000000000000000, -1.546489501303238626E-14 ) ) ;
#1188 = COORDINATED_UNIVERSAL_TIME_OFFSET ( 10, 0, .AHEAD. ) ;
#1189 = DIRECTION ( 'NONE',  ( 0.000000000000000000, 0.000000000000000000, 1.000000000000000000 ) ) ;
#1190 = EDGE_CURVE ( 'NONE', #657, #1712, #1781, .T. ) ;
#1191 = CARTESIAN_POINT ( 'NONE',  ( 60.19301294626835386, 13.00000000000000000, 33.98375469872326704 ) ) ;
#1192 = EDGE_CURVE ( 'NONE', #1892, #657, #2264, .T. ) ;
#1193 = DIRECTION ( 'NONE',  ( -0.000000000000000000, 0.000000000000000000, -1.000000000000000000 ) ) ;
#1194 = ORIENTED_EDGE ( 'NONE', *, *, #2282, .T. ) ;
#1195 = CARTESIAN_POINT ( 'NONE',  ( 59.86754128908251715, 23.00000000000000000, -33.80000000000001847 ) ) ;
#1196 = VERTEX_POINT ( 'NONE', #2048 ) ;
#1197 = DIRECTION ( 'NONE',  ( 0.000000000000000000, 1.000000000000000000, -0.000000000000000000 ) ) ;
#1198 = ADVANCED_FACE ( 'NONE', ( #346 ), #1181, .T. ) ;
#1199 = MECHANICAL_CONTEXT ( 'NONE', #608, 'mechanical' ) ;
#1200 = DIRECTION ( 'NONE',  ( -0.000000000000000000, -1.000000000000000000, -0.000000000000000000 ) ) ;
#1201 = ORIENTED_EDGE ( 'NONE', *, *, #517, .T. ) ;
#1202 = CARTESIAN_POINT ( 'NONE',  ( 59.86754128908251715, 23.00000000000000000, 32.97595509923320378 ) ) ;
#1203 = CARTESIAN_POINT ( 'NONE',  ( -59.86754128908250294, 4.000000000000000000, 35.27882245455298715 ) ) ;
#1204 = ORIENTED_EDGE ( 'NONE', *, *, #2318, .T. ) ;
#1205 = LINE ( 'NONE', #786, #1765 ) ;
#1206 = VECTOR ( 'NONE', #2041, 1000.000000000000000 ) ;
#1207 = ORIENTED_EDGE ( 'NONE', *, *, #1951, .F. ) ;
#1208 = AXIS2_PLACEMENT_3D ( 'NONE', #1542, #2333, #260 ) ;
#1209 = LINE ( 'NONE', #1970, #896 ) ;
#1210 = LINE ( 'NONE', #1600, #2185 ) ;
#1211 = VERTEX_POINT ( 'NONE', #1865 ) ;
#1212 = VECTOR ( 'NONE', #2253, 1000.000000000000000 ) ;
#1213 = FACE_OUTER_BOUND ( 'NONE', #1520, .T. ) ;
#1214 = CARTESIAN_POINT ( 'NONE',  ( 22.50000000000000711, 21.24373868681029265, 37.19159687340393106 ) ) ;
#1215 = VERTEX_POINT ( 'NONE', #1722 ) ;
#1216 = VECTOR ( 'NONE', #1560, 1000.000000000000000 ) ;
#1217 = ADVANCED_FACE ( 'NONE', ( #2468 ), #219, .T. ) ;
#1218 = DIRECTION ( 'NONE',  ( 0.000000000000000000, 0.000000000000000000, 1.000000000000000000 ) ) ;
#1219 = ADVANCED_FACE ( 'NONE', ( #1935 ), #2124, .T. ) ;
#1220 = EDGE_LOOP ( 'NONE', ( #1622, #1775, #759, #207 ) ) ;
#1221 = CIRCLE ( 'NONE', #824, 2.500000000000002220 ) ;
#1222 = CIRCLE ( 'NONE', #1144, 1.478822454552997101 ) ;
#1223 = CARTESIAN_POINT ( 'NONE',  ( -59.86754128908250294, 0.000000000000000000, 39.79999999999999716 ) ) ;
#1224 = DIRECTION ( 'NONE',  ( 0.000000000000000000, 1.000000000000000000, 0.000000000000000000 ) ) ;
#1225 = CARTESIAN_POINT ( 'NONE',  ( 59.86754128908251715, -0.4874773736205909591, 33.79999999999997584 ) ) ;
#1226 = VERTEX_POINT ( 'NONE', #1140 ) ;
#1227 = DIRECTION ( 'NONE',  ( -1.150401752381052000E-16, 0.1218693434051477398, -0.9925461516413219831 ) ) ;
#1228 = CARTESIAN_POINT ( 'NONE',  ( 60.19301294626833254, 13.00000000000000000, -33.98375469872332388 ) ) ;
#1229 = VERTEX_POINT ( 'NONE', #752 ) ;
#1230 = CARTESIAN_POINT ( 'NONE',  ( -59.72615981277979103, 18.01468965900766150, -33.55803493858125108 ) ) ;
#1231 = EDGE_CURVE ( 'NONE', #1618, #217, #1513, .T. ) ;
#1232 = ORIENTED_EDGE ( 'NONE', *, *, #745, .T. ) ;
#1233 = DIRECTION ( 'NONE',  ( -0.000000000000000000, -1.000000000000000000, -0.000000000000000000 ) ) ;
#1234 = PERSON_AND_ORGANIZATION_ROLE ( 'classification_officer' ) ;
#1235 = DIRECTION ( 'NONE',  ( -0.000000000000000000, 0.000000000000000000, -1.000000000000000000 ) ) ;
#1236 = ORIENTED_EDGE ( 'NONE', *, *, #946, .T. ) ;
#1237 = LINE ( 'NONE', #1603, #703 ) ;
#1238 = CARTESIAN_POINT ( 'NONE',  ( 50.00000000000000000, -13.00000000000000000, 0.000000000000000000 ) ) ;
#1239 = VERTEX_POINT ( 'NONE', #566 ) ;
#1240 = EDGE_CURVE ( 'NONE', #519, #365, #2316, .T. ) ;
#1241 = CARTESIAN_POINT ( 'NONE',  ( -59.86754128908249584, 13.00000000000000000, -34.17376140642684135 ) ) ;
#1242 = VERTEX_POINT ( 'NONE', #790 ) ;
#1243 = AXIS2_PLACEMENT_3D ( 'NONE', #92, #2327, #2163 ) ;
#1244 = ORIENTED_EDGE ( 'NONE', *, *, #1145, .T. ) ;
#1245 = APPROVAL_ROLE ( '' ) ;
#1246 = DIRECTION ( 'NONE',  ( -0.000000000000000000, -0.9925461516413219831, -0.1218693434051477537 ) ) ;
#1247 = VECTOR ( 'NONE', #2055, 1000.000000000000000 ) ;
#1248 = ORIENTED_EDGE ( 'NONE', *, *, #1252, .F. ) ;
#1249 = VECTOR ( 'NONE', #123, 1000.000000000000000 ) ;
#1250 = DIRECTION ( 'NONE',  ( 0.000000000000000000, 1.000000000000000000, 0.000000000000000000 ) ) ;
#1251 = VECTOR ( 'NONE', #794, 1000.000000000000000 ) ;
#1252 = EDGE_CURVE ( 'NONE', #1256, #213, #601, .T. ) ;
#1253 = PLANE ( 'NONE',  #1566 ) ;
#1254 = ORIENTED_EDGE ( 'NONE', *, *, #882, .F. ) ;
#1255 = LINE ( 'NONE', #871, #179 ) ;
#1256 = VERTEX_POINT ( 'NONE', #958 ) ;
#1257 = EDGE_LOOP ( 'NONE', ( #811, #1147, #504, #888 ) ) ;
#1258 = CARTESIAN_POINT ( 'NONE',  ( 59.86754128908249584, 3.851859888774471706E-31, -39.80000000000001137 ) ) ;
#1259 = AXIS2_PLACEMENT_3D ( 'NONE', #2058, #2436, #1076 ) ;
#1260 = ORIENTED_EDGE ( 'NONE', *, *, #389, .F. ) ;
#1261 = CARTESIAN_POINT ( 'NONE',  ( 59.86754128908251005, 20.99999999999999645, -35.20650457012131795 ) ) ;
#1262 = CONICAL_SURFACE ( 'NONE', #196, 6.000000000000012434, 0.1221730476396033355 ) ;
#1263 = VECTOR ( 'NONE', #580, 1000.000000000000000 ) ;
#1264 = DIRECTION ( 'NONE',  ( 0.000000000000000000, 0.000000000000000000, -1.000000000000000000 ) ) ;
#1265 = ADVANCED_FACE ( 'NONE', ( #990 ), #2182, .F. ) ;
#1266 = CARTESIAN_POINT ( 'NONE',  ( -65.09234489249335809, -5.245844895619433864E-16, 36.74981818181817772 ) ) ;
#1267 = ORIENTED_EDGE ( 'NONE', *, *, #2040, .T. ) ;
#1268 = AXIS2_PLACEMENT_3D ( 'NONE', #955, #1698, #25 ) ;
#1269 = EDGE_CURVE ( 'NONE', #682, #2069, #1888, .T. ) ;
#1270 = CARTESIAN_POINT ( 'NONE',  ( 0.000000000000000000, -4.000000000000000000, 0.000000000000000000 ) ) ;
#1271 = VERTEX_POINT ( 'NONE', #2089 ) ;
#1272 = ORIENTED_EDGE ( 'NONE', *, *, #1929, .F. ) ;
#1273 = APPROVAL_STATUS ( 'not_yet_approved' ) ;
#1274 = DIRECTION ( 'NONE',  ( 0.000000000000000000, 0.000000000000000000, 1.000000000000000000 ) ) ;
#1275 = ORIENTED_EDGE ( 'NONE', *, *, #1240, .F. ) ;
#1276 = EDGE_CURVE ( 'NONE', #1271, #1916, #2385, .T. ) ;
#1277 = DIRECTION ( 'NONE',  ( -0.1061238974280881014, -0.9925461516413219831, -0.05991540083045814730 ) ) ;
#1278 = B_SPLINE_CURVE_WITH_KNOTS ( 'NONE', 3,
 ( #247, #981, #1761, #2319 ),
 .UNSPECIFIED., .F., .F.,
 ( 4, 4 ),
 ( 0.000000000000000000, 0.002985710901060716418 ),
 .UNSPECIFIED. ) ;
#1279 = CARTESIAN_POINT ( 'NONE',  ( -59.86754128908249584, 13.00000000000000000, -34.17376140642684135 ) ) ;
#1280 = DIRECTION ( 'NONE',  ( -0.1061238974280881014, -0.9925461516413219831, -0.05991540083045814730 ) ) ;
#1281 = ORIENTED_EDGE ( 'NONE', *, *, #2108, .F. ) ;
#1282 = CARTESIAN_POINT ( 'NONE',  ( -22.50000000000000711, 13.00000000000000000, 34.17376140642683424 ) ) ;
#1283 = VERTEX_POINT ( 'NONE', #1746 ) ;
#1284 = PERSON_AND_ORGANIZATION ( #1999, #1762 ) ;
#1285 = DIRECTION ( 'NONE',  ( 0.000000000000000000, 0.000000000000000000, 1.000000000000000000 ) ) ;
#1286 = ORIENTED_EDGE ( 'NONE', *, *, #1986, .T. ) ;
#1287 = AXIS2_PLACEMENT_3D ( 'NONE', #1884, #2435, #180 ) ;
#1288 = LINE ( 'NONE', #738, #907 ) ;
#1289 = CARTESIAN_POINT ( 'NONE',  ( 59.86754128908249584, 20.99999999999999289, -35.20650457012131085 ) ) ;
#1290 = CIRCLE ( 'NONE', #218, 67.92595509923316399 ) ;
#1291 = DIRECTION ( 'NONE',  ( 0.000000000000000000, -0.000000000000000000, 1.000000000000000000 ) ) ;
#1292 = ORIENTED_EDGE ( 'NONE', *, *, #670, .F. ) ;
#1293 = AXIS2_PLACEMENT_3D ( 'NONE', #1891, #1655, #518 ) ;
#1294 = VECTOR ( 'NONE', #2137, 1000.000000000000000 ) ;
#1295 = DIRECTION ( 'NONE',  ( -0.000000000000000000, 1.000000000000000000, -0.000000000000000000 ) ) ;
#1296 = ADVANCED_FACE ( 'NONE', ( #968 ), #2303, .T. ) ;
#1297 = ORIENTED_EDGE ( 'NONE', *, *, #1361, .T. ) ;
#1298 = CIRCLE ( 'NONE', #2255, 74.75000000000000000 ) ;
#1299 = CARTESIAN_POINT ( 'NONE',  ( 59.86754128908251715, 13.00000000000000000, -33.80000000000001847 ) ) ;
#1300 = FACE_OUTER_BOUND ( 'NONE', #261, .T. ) ;
#1301 = EDGE_CURVE ( 'NONE', #1138, #1875, #2115, .T. ) ;
#1302 = EDGE_LOOP ( 'NONE', ( #906, #2451, #639, #671 ) ) ;
#1303 = DIRECTION ( 'NONE',  ( 0.000000000000000000, 1.000000000000000000, 0.000000000000000000 ) ) ;
#1304 = LINE ( 'NONE', #2266, #1938 ) ;
#1305 = MANIFOLD_SOLID_BREP ( 'Shell2', #308 ) ;
#1306 = AXIS2_PLACEMENT_3D ( 'NONE', #161, #916, #358 ) ;
#1307 = AXIS2_PLACEMENT_3D ( 'NONE', #843, #1250, #2392 ) ;
#1308 = LINE ( 'NONE', #2418, #19 ) ;
#1309 = ORIENTED_EDGE ( 'NONE', *, *, #288, .T. ) ;
#1310 = EDGE_CURVE ( 'NONE', #678, #2220, #1174, .T. ) ;
#1311 = CARTESIAN_POINT ( 'NONE',  ( 65.09234489249335809, 7.344182853867207409E-16, -36.74981818181819904 ) ) ;
#1312 = ORIENTED_EDGE ( 'NONE', *, *, #1563, .F. ) ;
#1313 = DIRECTION ( 'NONE',  ( -0.000000000000000000, -1.000000000000000000, -0.000000000000000000 ) ) ;
#1314 = FACE_OUTER_BOUND ( 'NONE', #1119, .T. ) ;
#1315 = ORIENTED_EDGE ( 'NONE', *, *, #2477, .F. ) ;
#1316 = DIRECTION ( 'NONE',  ( 0.000000000000000000, 0.000000000000000000, 1.000000000000000000 ) ) ;
#1317 = CARTESIAN_POINT ( 'NONE',  ( -22.50000000000000711, 20.99999999999999645, 35.20650457012128953 ) ) ;
#1318 = CARTESIAN_POINT ( 'NONE',  ( 59.86754128908251715, 0.000000000000000000, 33.79999999999997584 ) ) ;
#1319 = VERTEX_POINT ( 'NONE', #184 ) ;
#1320 = LINE ( 'NONE', #1311, #2004 ) ;
#1321 = VERTEX_POINT ( 'NONE', #1163 ) ;
#1322 = EDGE_CURVE ( 'NONE', #1229, #2190, #1733, .T. ) ;
#1323 = EDGE_LOOP ( 'NONE', ( #381, #1662, #1968, #12 ) ) ;
#1324 = DIRECTION ( 'NONE',  ( 0.000000000000000000, 0.000000000000000000, 1.000000000000000000 ) ) ;
#1325 = DIRECTION ( 'NONE',  ( -0.000000000000000000, 1.000000000000000000, -0.000000000000000000 ) ) ;
#1326 = ORIENTED_EDGE ( 'NONE', *, *, #234, .T. ) ;
#1327 = DIRECTION ( 'NONE',  ( 1.052114166674823898E-16, -0.000000000000000000, 1.000000000000000000 ) ) ;
#1328 = DIRECTION ( 'NONE',  ( 0.000000000000000000, 1.000000000000000000, 0.000000000000000000 ) ) ;
#1329 = EDGE_CURVE ( 'NONE', #1813, #1745, #74, .T. ) ;
#1330 = ORIENTED_EDGE ( 'NONE', *, *, #878, .T. ) ;
#1331 = CIRCLE ( 'NONE', #730, 2.500000000000002220 ) ;
#1332 = EDGE_CURVE ( 'NONE', #2357, #1559, #1154, .T. ) ;
#1333 = CIRCLE ( 'NONE', #1810, 1.406504570121314135 ) ;
#1334 = CARTESIAN_POINT ( 'NONE',  ( -60.19301294626832544, 13.00000000000000000, 33.98375469872330257 ) ) ;
#1335 = ORIENTED_EDGE ( 'NONE', *, *, #1276, .T. ) ;
#1336 = EDGE_LOOP ( 'NONE', ( #1940, #439, #1692, #667, #999, #65, #2250, #2437, #387, #189, #2343, #2302 ) ) ;
#1337 = CARTESIAN_POINT ( 'NONE',  ( 50.00000000000000000, -13.00000000000000000, 0.000000000000000000 ) ) ;
#1338 = CARTESIAN_POINT ( 'NONE',  ( 2.449293598294707893E-16, 0.000000000000000000, -2.000000000000000888 ) ) ;
#1339 = ORIENTED_EDGE ( 'NONE', *, *, #244, .F. ) ;
#1340 = AXIS2_PLACEMENT_3D ( 'NONE', #371, #1224, #2125 ) ;
#1341 = DIRECTION ( 'NONE',  ( -0.000000000000000000, -1.000000000000000000, -0.000000000000000000 ) ) ;
#1342 = CARTESIAN_POINT ( 'NONE',  ( 4.336808689942017736E-15, -0.4874773736205909591, -1.081267381472375111E-14 ) ) ;
#1343 = ADVANCED_FACE ( 'NONE', ( #2326 ), #1538, .F. ) ;
#1344 = CARTESIAN_POINT ( 'NONE',  ( 0.000000000000000000, -4.000000000000000000, 0.000000000000000000 ) ) ;
#1345 = CIRCLE ( 'NONE', #2228, 70.22882245455299710 ) ;
#1346 = FACE_OUTER_BOUND ( 'NONE', #1927, .T. ) ;
#1347 = ORIENTED_EDGE ( 'NONE', *, *, #412, .F. ) ;
#1348 = CIRCLE ( 'NONE', #1702, 2.000000000000001776 ) ;
#1349 = VECTOR ( 'NONE', #2037, 1000.000000000000000 ) ;
#1350 = FACE_OUTER_BOUND ( 'NONE', #2321, .T. ) ;
#1351 = DIRECTION ( 'NONE',  ( 0.000000000000000000, 0.000000000000000000, 1.000000000000000000 ) ) ;
#1352 = VERTEX_POINT ( 'NONE', #1954 ) ;
#1353 = CARTESIAN_POINT ( 'NONE',  ( 59.86754128908251715, 23.00000000000000000, 35.20650457012128243 ) ) ;
#1354 = CARTESIAN_POINT ( 'NONE',  ( -59.86754128908250294, 13.00000000000000000, 38.20380070826222862 ) ) ;
#1355 = ADVANCED_FACE ( 'NONE', ( #1945 ), #2294, .T. ) ;
#1356 = DIRECTION ( 'NONE',  ( -1.000000000000000000, -0.000000000000000000, 1.159041068748987004E-16 ) ) ;
#1357 = CARTESIAN_POINT ( 'NONE',  ( -59.86754128908250294, 13.00000000000000000, 34.17376140642684135 ) ) ;
#1358 = ORIENTED_EDGE ( 'NONE', *, *, #2019, .T. ) ;
#1359 = CARTESIAN_POINT ( 'NONE',  ( 59.86754128908251715, 19.00000000000000000, 33.79999999999997584 ) ) ;
#1360 = PLANE ( 'NONE',  #2465 ) ;
#1361 = EDGE_CURVE ( 'NONE', #746, #1574, #635, .T. ) ;
#1362 = ORIENTED_EDGE ( 'NONE', *, *, #1478, .F. ) ;
#1363 = CARTESIAN_POINT ( 'NONE',  ( -59.86754128908249584, 0.000000000000000000, -39.79999999999999716 ) ) ;
#1364 = CARTESIAN_POINT ( 'NONE',  ( -61.63510575272858460, -0.4874773736205909591, -34.79793105888141014 ) ) ;
#1365 = DIRECTION ( 'NONE',  ( -0.000000000000000000, -1.000000000000000000, -0.000000000000000000 ) ) ;
#1366 = PLANE ( 'NONE',  #2218 ) ;
#1367 = DIRECTION ( 'NONE',  ( 0.000000000000000000, 1.000000000000000000, 0.000000000000000000 ) ) ;
#1368 = VERTEX_POINT ( 'NONE', #1797 ) ;
#1369 = AXIS2_PLACEMENT_3D ( 'NONE', #1426, #862, #2084 ) ;
#1370 = AXIS2_PLACEMENT_3D ( 'NONE', #1795, #2371, #846 ) ;
#1371 = DIRECTION ( 'NONE',  ( -0.000000000000000000, -1.000000000000000000, -0.000000000000000000 ) ) ;
#1372 = ADVANCED_FACE ( 'NONE', ( #645, #464 ), #430, .T. ) ;
#1373 = CARTESIAN_POINT ( 'NONE',  ( 2.449293598294707893E-16, -4.000000000000000000, -2.000000000000000888 ) ) ;
#1374 = AXIS2_PLACEMENT_3D ( 'NONE', #653, #844, #1419 ) ;
#1375 = ORIENTED_EDGE ( 'NONE', *, *, #781, .F. ) ;
#1376 = DIRECTION ( 'NONE',  ( -0.000000000000000000, -1.000000000000000000, -0.000000000000000000 ) ) ;
#1377 = ADVANCED_FACE ( 'NONE', ( #1024 ), #848, .T. ) ;
#1378 = DIRECTION ( 'NONE',  ( 0.000000000000000000, 1.000000000000000000, 0.000000000000000000 ) ) ;
#1379 = DIRECTION ( 'NONE',  ( -0.000000000000000000, -1.000000000000000000, -0.000000000000000000 ) ) ;
#1380 = CARTESIAN_POINT ( 'NONE',  ( -59.86754128908249584, 23.00000000000000000, -33.79999999999999716 ) ) ;
#1381 = ORIENTED_EDGE ( 'NONE', *, *, #757, .T. ) ;
#1382 = AXIS2_PLACEMENT_3D ( 'NONE', #874, #1834, #1823 ) ;
#1383 = VECTOR ( 'NONE', #540, 1000.000000000000000 ) ;
#1384 = EDGE_CURVE ( 'NONE', #2281, #1920, #144, .T. ) ;
#1385 = CONICAL_SURFACE ( 'NONE', #1067, 74.75000000000001421, 0.1221730476396033355 ) ;
#1386 = AXIS2_PLACEMENT_3D ( 'NONE', #1289, #2049, #347 ) ;
#1387 = CARTESIAN_POINT ( 'NONE',  ( -59.86754128908249584, 0.000000000000000000, -39.79999999999999716 ) ) ;
#1388 = EDGE_LOOP ( 'NONE', ( #1362, #705, #167, #1896 ) ) ;
#1389 = CARTESIAN_POINT ( 'NONE',  ( 59.86754128908251715, 0.000000000000000000, -33.80000000000001847 ) ) ;
#1390 = DIRECTION ( 'NONE',  ( 0.000000000000000000, 0.000000000000000000, -1.000000000000000000 ) ) ;
#1391 = LINE ( 'NONE', #268, #2309 ) ;
#1392 = VERTEX_POINT ( 'NONE', #91 ) ;
#1393 = DIRECTION ( 'NONE',  ( 0.000000000000000000, 0.000000000000000000, 1.000000000000000000 ) ) ;
#1394 = CARTESIAN_POINT ( 'NONE',  ( 0.000000000000000000, -4.000000000000000000, 6.000000000000000888 ) ) ;
#1395 = ORIENTED_EDGE ( 'NONE', *, *, #1190, .F. ) ;
#1396 = LINE ( 'NONE', #1941, #257 ) ;
#1397 = EDGE_CURVE ( 'NONE', #265, #2283, #243, .T. ) ;
#1398 = VERTEX_POINT ( 'NONE', #2174 ) ;
#1399 = CARTESIAN_POINT ( 'NONE',  ( -59.86754128908250294, -0.4874773736205909591, 35.82981539343470700 ) ) ;
#1400 = CARTESIAN_POINT ( 'NONE',  ( -59.86754128908249584, 0.000000000000000000, 33.79999999999999005 ) ) ;
#1401 = FACE_OUTER_BOUND ( 'NONE', #2395, .T. ) ;
#1402 = ORIENTED_EDGE ( 'NONE', *, *, #2365, .F. ) ;
#1403 = LINE ( 'NONE', #1814, #2421 ) ;
#1404 = ADVANCED_FACE ( 'NONE', ( #1013 ), #1571, .F. ) ;
#1405 = FACE_OUTER_BOUND ( 'NONE', #1728, .T. ) ;
#1406 = EDGE_LOOP ( 'NONE', ( #1602, #2363, #2315, #1911 ) ) ;
#1407 = EDGE_CURVE ( 'NONE', #217, #1398, #1994, .T. ) ;
#1408 = DIRECTION ( 'NONE',  ( 1.000000000000000000, 0.000000000000000000, -1.159041068748986758E-16 ) ) ;
#1409 = AXIS2_PLACEMENT_3D ( 'NONE', #188, #951, #1881 ) ;
#1410 = ORIENTED_EDGE ( 'NONE', *, *, #646, .F. ) ;
#1411 = DIRECTION ( 'NONE',  ( 0.4916363636363644263, 9.252741289400975232E-16, -0.8708006005684726381 ) ) ;
#1412 = APPROVAL_DATE_TIME ( #245, #311 ) ;
#1413 = CARTESIAN_POINT ( 'NONE',  ( -61.15530077064139647, 4.000000000000000000, 34.52704289402022653 ) ) ;
#1414 = ORIENTED_EDGE ( 'NONE', *, *, #2380, .F. ) ;
#1415 = CIRCLE ( 'NONE', #2373, 73.15380070826222436 ) ;
#1416 = VECTOR ( 'NONE', #1048, 1000.000000000000000 ) ;
#1417 = CARTESIAN_POINT ( 'NONE',  ( -59.86754128908249584, -0.4874773736205909591, -35.82981539343470700 ) ) ;
#1418 = EDGE_CURVE ( 'NONE', #1614, #1712, #1000, .T. ) ;
#1419 = DIRECTION ( 'NONE',  ( 0.000000000000000000, 0.000000000000000000, 1.000000000000000000 ) ) ;
#1420 = ORIENTED_EDGE ( 'NONE', *, *, #1240, .T. ) ;
#1421 = FACE_OUTER_BOUND ( 'NONE', #935, .T. ) ;
#1422 = AXIS2_PLACEMENT_3D ( 'NONE', #971, #422, #1156 ) ;
#1423 = EDGE_LOOP ( 'NONE', ( #2170, #510, #2053, #2334 ) ) ;
#1424 = CONICAL_SURFACE ( 'NONE', #2023, 2.029815393434726722, 0.1221730476396033355 ) ;
#1425 = TOROIDAL_SURFACE ( 'NONE', #271, 1.406504570121314357, 2.000000000000000000 ) ;
#1426 = CARTESIAN_POINT ( 'NONE',  ( 0.000000000000000000, -4.000000000000000000, 0.000000000000000000 ) ) ;
#1427 = DIRECTION ( 'NONE',  ( 0.000000000000000000, 0.000000000000000000, 1.000000000000000000 ) ) ;
#1428 = CIRCLE ( 'NONE', #588, 2.500000000000002220 ) ;
#1429 = EDGE_LOOP ( 'NONE', ( #1098, #2028, #2299, #2022 ) ) ;
#1430 = AXIS2_PLACEMENT_3D ( 'NONE', #863, #2342, #254 ) ;
#1431 = FACE_OUTER_BOUND ( 'NONE', #429, .T. ) ;
#1432 = EDGE_CURVE ( 'NONE', #255, #2423, #223, .T. ) ;
#1433 = CARTESIAN_POINT ( 'NONE',  ( -59.86754128908249584, 0.000000000000000000, -39.80000000000001137 ) ) ;
#1434 = ORIENTED_EDGE ( 'NONE', *, *, #486, .F. ) ;
#1435 = FACE_BOUND ( 'NONE', #1957, .T. ) ;
#1436 = ORIENTED_EDGE ( 'NONE', *, *, #197, .F. ) ;
#1437 = ORIENTED_EDGE ( 'NONE', *, *, #471, .T. ) ;
#1438 = EDGE_CURVE ( 'NONE', #2095, #1283, #1615, .T. ) ;
#1439 = DIRECTION ( 'NONE',  ( 0.000000000000000000, 1.000000000000000000, 0.000000000000000000 ) ) ;
#1440 = EDGE_CURVE ( 'NONE', #1077, #217, #1724, .T. ) ;
#1441 = VERTEX_POINT ( 'NONE', #2352 ) ;
#1442 = FACE_OUTER_BOUND ( 'NONE', #8, .T. ) ;
#1443 = FACE_OUTER_BOUND ( 'NONE', #1123, .T. ) ;
#1444 = ORIENTED_EDGE ( 'NONE', *, *, #1696, .T. ) ;
#1445 = CARTESIAN_POINT ( 'NONE',  ( 0.000000000000000000, -4.000000000000000000, 0.000000000000000000 ) ) ;
#1446 = ORIENTED_EDGE ( 'NONE', *, *, #1102, .T. ) ;
#1447 = ADVANCED_FACE ( 'NONE', ( #291 ), #2161, .F. ) ;
#1448 = ORIENTED_EDGE ( 'NONE', *, *, #2238, .T. ) ;
#1449 = CARTESIAN_POINT ( 'NONE',  ( -59.86754128908249584, 13.00000000000000178, -38.20380070826224284 ) ) ;
#1450 = VECTOR ( 'NONE', #126, 1000.000000000000000 ) ;
#1451 = ORIENTED_EDGE ( 'NONE', *, *, #1687, .F. ) ;
#1452 = EDGE_CURVE ( 'NONE', #2258, #548, #1209, .T. ) ;
#1453 = CARTESIAN_POINT ( 'NONE',  ( -22.50000000000001421, 5.238880943157864902E-16, -39.80000000000000426 ) ) ;
#1454 = CARTESIAN_POINT ( 'NONE',  ( 65.09234489249335809, 0.000000000000000000, -36.74981818181819904 ) ) ;
#1455 = CARTESIAN_POINT ( 'NONE',  ( -59.86754128908249584, 23.00000000000000000, 33.79999999999999005 ) ) ;
#1456 = EDGE_LOOP ( 'NONE', ( #1699, #2087, #1755, #1732 ) ) ;
#1457 = CARTESIAN_POINT ( 'NONE',  ( -59.86754128908249584, 13.00000000000000000, -33.79999999999999716 ) ) ;
#1458 = EDGE_CURVE ( 'NONE', #2474, #2190, #1598, .T. ) ;
#1459 = VERTEX_POINT ( 'NONE', #105 ) ;
#1460 = ORIENTED_EDGE ( 'NONE', *, *, #2181, .F. ) ;
#1461 = DATE_AND_TIME ( #107, #1807 ) ;
#1462 = DIRECTION ( 'NONE',  ( 0.1061238974280881431, -0.9925461516413219831, 0.05991540083045803627 ) ) ;
#1463 = VECTOR ( 'NONE', #886, 1000.000000000000000 ) ;
#1464 = CIRCLE ( 'NONE', #2344, 73.15380070826223857 ) ;
#1465 = ORIENTED_EDGE ( 'NONE', *, *, #734, .F. ) ;
#1466 = DIRECTION ( 'NONE',  ( 0.000000000000000000, 0.000000000000000000, 1.000000000000000000 ) ) ;
#1467 = VECTOR ( 'NONE', #525, 1000.000000000000000 ) ;
#1468 = DIRECTION ( 'NONE',  ( -2.124719708610945140E-17, -0.9925461516413219831, 0.1218693434051477398 ) ) ;
#1469 = CARTESIAN_POINT ( 'NONE',  ( -59.72615981277977681, 18.01468965900752650, 33.55803493858126529 ) ) ;
#1470 = VERTEX_POINT ( 'NONE', #658 ) ;
#1471 = CIRCLE ( 'NONE', #1902, 2.000000000000001776 ) ;
#1472 = CARTESIAN_POINT ( 'NONE',  ( 27.50000000000001066, 23.00000000000000000, 33.79999999999997584 ) ) ;
#1473 = ORIENTED_EDGE ( 'NONE', *, *, #354, .F. ) ;
#1474 = CARTESIAN_POINT ( 'NONE',  ( 59.86754128908251005, 20.99999999999999645, -35.20650457012131795 ) ) ;
#1475 = ORIENTED_EDGE ( 'NONE', *, *, #412, .T. ) ;
#1476 = DIRECTION ( 'NONE',  ( 0.000000000000000000, 1.000000000000000000, 0.000000000000000000 ) ) ;
#1477 = CARTESIAN_POINT ( 'NONE',  ( 59.86754128908251005, 19.00000000000000000, -33.43705404100943213 ) ) ;
#1478 = EDGE_CURVE ( 'NONE', #1283, #2095, #1928, .T. ) ;
#1479 = DIRECTION ( 'NONE',  ( 0.000000000000000000, 1.000000000000000000, 0.000000000000000000 ) ) ;
#1480 = EDGE_LOOP ( 'NONE', ( #763, #2123 ) ) ;
#1481 = CARTESIAN_POINT ( 'NONE',  ( -22.50000000000000711, 23.00000000000000000, -35.20650457012131085 ) ) ;
#1482 = EDGE_CURVE ( 'NONE', #2211, #2432, #1897, .T. ) ;
#1483 = VERTEX_POINT ( 'NONE', #1873 ) ;
#1484 = CARTESIAN_POINT ( 'NONE',  ( 4.336808689942017736E-15, -0.4874773736205909591, -1.081267381472375111E-14 ) ) ;
#1485 = CARTESIAN_POINT ( 'NONE',  ( 59.86754128908251005, 20.99999999999999645, -35.20650457012131795 ) ) ;
#1486 = ORIENTED_EDGE ( 'NONE', *, *, #295, .T. ) ;
#1487 = CARTESIAN_POINT ( 'NONE',  ( -65.09234489249335809, -5.245844895619433864E-16, 36.74981818181817772 ) ) ;
#1488 = DIRECTION ( 'NONE',  ( -0.000000000000000000, -1.000000000000000000, -0.000000000000000000 ) ) ;
#1489 = AXIS2_PLACEMENT_3D ( 'NONE', #2172, #2184, #1644 ) ;
#1490 = EDGE_CURVE ( 'NONE', #802, #276, #775, .T. ) ;
#1491 = CARTESIAN_POINT ( 'NONE',  ( -50.00000000000000000, -13.00000000000000000, 0.000000000000000000 ) ) ;
#1492 = ORIENTED_EDGE ( 'NONE', *, *, #1397, .F. ) ;
#1493 = CIRCLE ( 'NONE', #1208, 72.14159687340394100 ) ;
#1494 = EDGE_CURVE ( 'NONE', #721, #1908, #1150, .T. ) ;
#1495 = LINE ( 'NONE', #1472, #2369 ) ;
#1496 = ORIENTED_EDGE ( 'NONE', *, *, #2078, .T. ) ;
#1497 = PLANE ( 'NONE',  #769 ) ;
#1498 = DIRECTION ( 'NONE',  ( -0.8708006005684733042, 0.000000000000000000, -0.4916363636363633161 ) ) ;
#1499 = ORIENTED_EDGE ( 'NONE', *, *, #471, .F. ) ;
#1500 = CARTESIAN_POINT ( 'NONE',  ( 61.63510575272859882, -0.4874773736205909591, -34.79793105888137461 ) ) ;
#1501 = LINE ( 'NONE', #791, #1824 ) ;
#1502 = AXIS2_PLACEMENT_3D ( 'NONE', #1128, #1713, #1550 ) ;
#1503 = LINE ( 'NONE', #1364, #2050 ) ;
#1504 = ORIENTED_EDGE ( 'NONE', *, *, #1769, .F. ) ;
#1505 = ADVANCED_FACE ( 'NONE', ( #2072 ), #889, .F. ) ;
#1506 = AXIS2_PLACEMENT_3D ( 'NONE', #173, #2214, #1079 ) ;
#1507 = DIRECTION ( 'NONE',  ( 0.000000000000000000, 1.000000000000000000, 0.000000000000000000 ) ) ;
#1508 = ORIENTED_EDGE ( 'NONE', *, *, #1407, .F. ) ;
#1509 = ORIENTED_EDGE ( 'NONE', *, *, #832, .F. ) ;
#1510 = DIRECTION ( 'NONE',  ( -0.8708006005684746365, 0.000000000000000000, 0.4916363636363606515 ) ) ;
#1511 = LINE ( 'NONE', #404, #469 ) ;
#1512 = VERTEX_POINT ( 'NONE', #2248 ) ;
#1513 = LINE ( 'NONE', #2276, #788 ) ;
#1514 = ADVANCED_FACE ( 'NONE', ( #2057 ), #1684, .F. ) ;
#1515 = CARTESIAN_POINT ( 'NONE',  ( -59.86754128908250294, 20.99999999999999645, 35.20650457012130374 ) ) ;
#1516 = DIRECTION ( 'NONE',  ( 0.000000000000000000, 0.000000000000000000, 1.000000000000000000 ) ) ;
#1517 = EDGE_LOOP ( 'NONE', ( #2146, #952, #2082, #534 ) ) ;
#1518 = DIRECTION ( 'NONE',  ( -1.150401752381052000E-16, 0.1218693434051477398, -0.9925461516413219831 ) ) ;
#1519 = ORIENTED_EDGE ( 'NONE', *, *, #1848, .F. ) ;
#1520 = EDGE_LOOP ( 'NONE', ( #436, #483, #1248, #1207 ) ) ;
#1521 = DIRECTION ( 'NONE',  ( 0.1061238974280881431, -0.9925461516413219831, -0.05991540083045806403 ) ) ;
#1522 = CARTESIAN_POINT ( 'NONE',  ( 59.86754128908251715, 13.00000000000000000, 33.79999999999997584 ) ) ;
#1523 = ORIENTED_EDGE ( 'NONE', *, *, #2378, .F. ) ;
#1524 = EDGE_CURVE ( 'NONE', #681, #339, #2167, .T. ) ;
#1525 = DIRECTION ( 'NONE',  ( 1.150401752381051754E-16, 0.1218693434051477398, 0.9925461516413219831 ) ) ;
#1526 = DIRECTION ( 'NONE',  ( 0.000000000000000000, 0.000000000000000000, 1.000000000000000000 ) ) ;
#1527 = DIRECTION ( 'NONE',  ( 0.000000000000000000, 0.000000000000000000, 1.000000000000000000 ) ) ;
#1528 = AXIS2_PLACEMENT_3D ( 'NONE', #1445, #1633, #115 ) ;
#1529 = AXIS2_PLACEMENT_3D ( 'NONE', #1829, #2000, #87 ) ;
#1530 = DIRECTION ( 'NONE',  ( 1.000000000000000000, 2.296894360783942764E-35, -1.159041068748987004E-16 ) ) ;
#1531 = ORIENTED_EDGE ( 'NONE', *, *, #2030, .T. ) ;
#1532 = AXIS2_PLACEMENT_3D ( 'NONE', #324, #726, #2232 ) ;
#1533 = AXIS2_PLACEMENT_3D ( 'NONE', #82, #450, #1984 ) ;
#1534 = LINE ( 'NONE', #2300, #1169 ) ;
#1535 = DIRECTION ( 'NONE',  ( -1.000000000000000000, 0.000000000000000000, -1.743440679373675317E-16 ) ) ;
#1536 = EDGE_CURVE ( 'NONE', #1627, #1398, #2259, .T. ) ;
#1537 = ORIENTED_EDGE ( 'NONE', *, *, #116, .T. ) ;
#1538 = PLANE ( 'NONE',  #66 ) ;
#1539 = CARTESIAN_POINT ( 'NONE',  ( 59.86754128908251715, 19.00000000000000000, -32.97595509923323931 ) ) ;
#1540 = DIRECTION ( 'NONE',  ( 0.000000000000000000, 0.000000000000000000, 1.000000000000000000 ) ) ;
#1541 = AXIS2_PLACEMENT_3D ( 'NONE', #294, #1828, #1053 ) ;
#1542 = CARTESIAN_POINT ( 'NONE',  ( 4.336808689942017736E-15, 21.24373868681028910, -1.081267381472375111E-14 ) ) ;
#1543 = ORIENTED_EDGE ( 'NONE', *, *, #969, .T. ) ;
#1544 = AXIS2_PLACEMENT_3D ( 'NONE', #926, #514, #1066 ) ;
#1545 = ADVANCED_FACE ( 'NONE', ( #2476 ), #1497, .T. ) ;
#1546 = AXIS2_PLACEMENT_3D ( 'NONE', #841, #1439, #637 ) ;
#1547 = DIRECTION ( 'NONE',  ( 0.000000000000000000, -0.9925461516413219831, 0.1218693434051477398 ) ) ;
#1548 = LINE ( 'NONE', #1373, #904 ) ;
#1549 = ORIENTED_EDGE ( 'NONE', *, *, #26, .T. ) ;
#1550 = DIRECTION ( 'NONE',  ( 0.000000000000000000, -0.9925461516413219831, 0.1218693434051477398 ) ) ;
#1551 = FACE_OUTER_BOUND ( 'NONE', #2272, .T. ) ;
#1552 = FACE_OUTER_BOUND ( 'NONE', #622, .T. ) ;
#1553 = ADVANCED_FACE ( 'NONE', ( #1719 ), #1805, .F. ) ;
#1554 = PLANE ( 'NONE',  #2007 ) ;
#1555 = ORIENTED_EDGE ( 'NONE', *, *, #1760, .T. ) ;
#1556 = EDGE_CURVE ( 'NONE', #1627, #1879, #611, .T. ) ;
#1557 = DIRECTION ( 'NONE',  ( 0.000000000000000000, 0.000000000000000000, 1.000000000000000000 ) ) ;
#1558 = CARTESIAN_POINT ( 'NONE',  ( 27.50000000000001066, 23.00000000000000000, 32.97595509923317536 ) ) ;
#1559 = VERTEX_POINT ( 'NONE', #771 ) ;
#1560 = DIRECTION ( 'NONE',  ( 0.000000000000000000, 0.9925461516413219831, 0.1218693434051477398 ) ) ;
#1561 = CARTESIAN_POINT ( 'NONE',  ( 7.806255641895631925E-15, 13.00000000000000000, -1.546489501303238626E-14 ) ) ;
#1562 = DIRECTION ( 'NONE',  ( 0.000000000000000000, -0.9925461516413219831, 0.1218693434051477398 ) ) ;
#1563 = EDGE_CURVE ( 'NONE', #572, #619, #1534, .T. ) ;
#1564 = CYLINDRICAL_SURFACE ( 'NONE', #457, 2.500000000000002220 ) ;
#1565 = ORIENTED_EDGE ( 'NONE', *, *, #2100, .T. ) ;
#1566 = AXIS2_PLACEMENT_3D ( 'NONE', #2367, #2179, #2216 ) ;
#1567 = DIRECTION ( 'NONE',  ( 1.150401752381051754E-16, 0.1218693434051477398, 0.9925461516413219831 ) ) ;
#1568 = FACE_OUTER_BOUND ( 'NONE', #165, .T. ) ;
#1569 = VERTEX_POINT ( 'NONE', #761 ) ;
#1570 = CIRCLE ( 'NONE', #856, 70.22882245455298289 ) ;
#1571 = PLANE ( 'NONE',  #851 ) ;
#1572 = CALENDAR_DATE ( 2025, 17, 8 ) ;
#1573 = DIRECTION ( 'NONE',  ( -1.000000000000000000, 0.000000000000000000, -1.743440679373675317E-16 ) ) ;
#1574 = VERTEX_POINT ( 'NONE', #355 ) ;
#1575 = CARTESIAN_POINT ( 'NONE',  ( -59.86754128908250294, 19.00000000000000000, 33.43705404100941081 ) ) ;
#1576 = ADVANCED_FACE ( 'NONE', ( #1111 ), #11, .T. ) ;
#1577 = DIRECTION ( 'NONE',  ( 0.000000000000000000, 0.000000000000000000, 1.000000000000000000 ) ) ;
#1578 = ORIENTED_EDGE ( 'NONE', *, *, #978, .F. ) ;
#1579 = AXIS2_PLACEMENT_3D ( 'NONE', #1485, #683, #914 ) ;
#1580 = AXIS2_PLACEMENT_3D ( 'NONE', #1948, #1379, #1527 ) ;
#1581 = VECTOR ( 'NONE', #199, 1000.000000000000000 ) ;
#1582 = CONICAL_SURFACE ( 'NONE', #747, 6.000000000000012434, 0.1221730476396033355 ) ;
#1583 = CARTESIAN_POINT ( 'NONE',  ( -59.38452459552402729, 23.00000000000000000, -32.97595509923323931 ) ) ;
#1584 = AXIS2_PLACEMENT_3D ( 'NONE', #1342, #2102, #1155 ) ;
#1585 = ORIENTED_EDGE ( 'NONE', *, *, #597, .F. ) ;
#1586 = EDGE_CURVE ( 'NONE', #129, #190, #1606, .T. ) ;
#1587 = CARTESIAN_POINT ( 'NONE',  ( -59.86754128908249584, 0.000000000000000000, 33.79999999999999005 ) ) ;
#1588 = FACE_OUTER_BOUND ( 'NONE', #1799, .T. ) ;
#1589 = VECTOR ( 'NONE', #1462, 1000.000000000000000 ) ;
#1590 = CARTESIAN_POINT ( 'NONE',  ( 22.50000000000000711, 19.00000000000000000, 33.79999999999997584 ) ) ;
#1591 = ORIENTED_EDGE ( 'NONE', *, *, #2295, .F. ) ;
#1592 = EDGE_CURVE ( 'NONE', #235, #1686, #340, .T. ) ;
#1593 = DIRECTION ( 'NONE',  ( 1.150401752381051754E-16, 0.1218693434051477398, 0.9925461516413219831 ) ) ;
#1594 = DIRECTION ( 'NONE',  ( -0.000000000000000000, 1.000000000000000000, -0.000000000000000000 ) ) ;
#1595 = ORIENTED_EDGE ( 'NONE', *, *, #221, .T. ) ;
#1596 = DIRECTION ( 'NONE',  ( 0.000000000000000000, 0.000000000000000000, 1.000000000000000000 ) ) ;
#1597 = ORIENTED_EDGE ( 'NONE', *, *, #698, .F. ) ;
#1598 = LINE ( 'NONE', #281, #536 ) ;
#1599 = PERSON_AND_ORGANIZATION ( #1999, #1762 ) ;
#1600 = CARTESIAN_POINT ( 'NONE',  ( -59.86754128908249584, -0.4874773736205909591, -35.82981539343471411 ) ) ;
#1601 = ADVANCED_FACE ( 'NONE', ( #562 ), #1099, .T. ) ;
#1602 = ORIENTED_EDGE ( 'NONE', *, *, #2131, .F. ) ;
#1603 = CARTESIAN_POINT ( 'NONE',  ( 59.86754128908255979, 23.00000000000000000, -32.97595509923319668 ) ) ;
#1604 = DIRECTION ( 'NONE',  ( -1.000000000000000000, -0.000000000000000000, 1.159041068748987004E-16 ) ) ;
#1605 = EDGE_LOOP ( 'NONE', ( #1585, #154, #446, #1962 ) ) ;
#1606 = CIRCLE ( 'NONE', #20, 69.12376140642683708 ) ;
#1607 = CARTESIAN_POINT ( 'NONE',  ( 59.86754128908251715, 19.00000000000000000, 33.79999999999997584 ) ) ;
#1608 = VECTOR ( 'NONE', #933, 1000.000000000000000 ) ;
#1609 = ORIENTED_EDGE ( 'NONE', *, *, #1159, .F. ) ;
#1610 = DIRECTION ( 'NONE',  ( 0.000000000000000000, -0.9925461516413219831, 0.1218693434051477398 ) ) ;
#1611 = ADVANCED_FACE ( 'NONE', ( #1860 ), #1709, .T. ) ;
#1612 =( NAMED_UNIT ( * ) PLANE_ANGLE_UNIT ( ) SI_UNIT ( $, .RADIAN. ) );
#1613 = CARTESIAN_POINT ( 'NONE',  ( 59.86754128908251715, 16.04404237534729560, 33.79999999999997584 ) ) ;
#1614 = VERTEX_POINT ( 'NONE', #2313 ) ;
#1615 = CIRCLE ( 'NONE', #2245, 6.000000000000000888 ) ;
#1616 = DIRECTION ( 'NONE',  ( -1.000000000000000000, -0.000000000000000000, 1.159041068748987004E-16 ) ) ;
#1617 = LINE ( 'NONE', #1266, #1249 ) ;
#1618 = VERTEX_POINT ( 'NONE', #2121 ) ;
#1619 = CARTESIAN_POINT ( 'NONE',  ( -59.86754128908250294, 13.00000000000000000, 34.17376140642684135 ) ) ;
#1620 = EDGE_CURVE ( 'NONE', #1441, #1569, #1050, .T. ) ;
#1621 = VECTOR ( 'NONE', #210, 1000.000000000000000 ) ;
#1622 = ORIENTED_EDGE ( 'NONE', *, *, #2030, .F. ) ;
#1623 = VECTOR ( 'NONE', #2036, 1000.000000000000000 ) ;
#1624 = CIRCLE ( 'NONE', #433, 3.391596873403956991 ) ;
#1625 = DIRECTION ( 'NONE',  ( 0.000000000000000000, -0.000000000000000000, 1.000000000000000000 ) ) ;
#1626 = CARTESIAN_POINT ( 'NONE',  ( -27.50000000000000355, 23.00000000000000000, -32.97595509923320378 ) ) ;
#1627 = VERTEX_POINT ( 'NONE', #2112 ) ;
#1628 = AXIS2_PLACEMENT_3D ( 'NONE', #660, #2152, #83 ) ;
#1629 = LINE ( 'NONE', #1202, #2466 ) ;
#1630 = DIRECTION ( 'NONE',  ( 0.000000000000000000, 0.000000000000000000, 1.000000000000000000 ) ) ;
#1631 = EDGE_LOOP ( 'NONE', ( #1448, #1286, #733, #501 ) ) ;
#1632 = EDGE_CURVE ( 'NONE', #619, #361, #1808, .T. ) ;
#1633 = DIRECTION ( 'NONE',  ( -0.000000000000000000, 1.000000000000000000, -0.000000000000000000 ) ) ;
#1634 = CC_DESIGN_PERSON_AND_ORGANIZATION_ASSIGNMENT ( #2375, #1025, ( #21 ) ) ;
#1635 = VERTEX_POINT ( 'NONE', #250 ) ;
#1636 = EDGE_LOOP ( 'NONE', ( #1496, #2388, #1759, #1555, #124, #461 ) ) ;
#1637 = PLANE ( 'NONE',  #1978 ) ;
#1638 = EDGE_LOOP ( 'NONE', ( #830, #1015, #454, #95 ) ) ;
#1639 = DIRECTION ( 'NONE',  ( -0.000000000000000000, -1.000000000000000000, -0.000000000000000000 ) ) ;
#1640 = DIRECTION ( 'NONE',  ( -0.000000000000000000, 1.000000000000000000, -0.000000000000000000 ) ) ;
#1641 = CARTESIAN_POINT ( 'NONE',  ( -59.86754128908249584, -0.4874773736205909591, -33.79999999999999716 ) ) ;
#1642 = ORIENTED_EDGE ( 'NONE', *, *, #1322, .T. ) ;
#1643 = EDGE_CURVE ( 'NONE', #1368, #983, #1205, .T. ) ;
#1644 = DIRECTION ( 'NONE',  ( 0.000000000000000000, -0.000000000000000000, 1.000000000000000000 ) ) ;
#1645 = ORIENTED_EDGE ( 'NONE', *, *, #444, .F. ) ;
#1646 = VERTEX_POINT ( 'NONE', #1583 ) ;
#1647 = SHAPE_DEFINITION_REPRESENTATION ( #2208, #545 ) ;
#1648 = CARTESIAN_POINT ( 'NONE',  ( 59.86754128908251715, 23.00000000000000000, 35.20650457012128243 ) ) ;
#1649 = AXIS2_PLACEMENT_3D ( 'NONE', #1457, #669, #1841 ) ;
#1650 = EDGE_LOOP ( 'NONE', ( #795, #875, #118, #558 ) ) ;
#1651 = VECTOR ( 'NONE', #994, 1000.000000000000000 ) ;
#1652 = DIRECTION ( 'NONE',  ( 1.000000000000000000, -0.000000000000000000, -1.159041068748987004E-16 ) ) ;
#1653 = LINE ( 'NONE', #2417, #1349 ) ;
#1654 = AXIS2_PLACEMENT_3D ( 'NONE', #602, #755, #893 ) ;
#1655 = DIRECTION ( 'NONE',  ( 0.000000000000000000, -1.000000000000000000, 0.000000000000000000 ) ) ;
#1656 = ORIENTED_EDGE ( 'NONE', *, *, #2291, .F. ) ;
#1657 = EDGE_CURVE ( 'NONE', #1459, #2351, #651, .T. ) ;
#1658 = DIRECTION ( 'NONE',  ( 0.000000000000000000, 1.000000000000000000, 0.000000000000000000 ) ) ;
#1659 = ORIENTED_EDGE ( 'NONE', *, *, #1301, .T. ) ;
#1660 = CYLINDRICAL_SURFACE ( 'NONE', #2059, 2.000000000000001776 ) ;
#1661 = AXIS2_PLACEMENT_3D ( 'NONE', #877, #1640, #2405 ) ;
#1662 = ORIENTED_EDGE ( 'NONE', *, *, #2040, .F. ) ;
#1663 = ADVANCED_FACE ( 'NONE', ( #1917 ), #64, .F. ) ;
#1664 = CARTESIAN_POINT ( 'NONE',  ( 4.336808689942017736E-15, 13.00000000000000000, -1.081267381472375111E-14 ) ) ;
#1665 = VECTOR ( 'NONE', #2289, 1000.000000000000000 ) ;
#1666 = AXIS2_PLACEMENT_3D ( 'NONE', #2090, #959, #777 ) ;
#1667 = CARTESIAN_POINT ( 'NONE',  ( 17.50000000000000355, 19.00000000000000000, 32.97595509923318247 ) ) ;
#1668 = VECTOR ( 'NONE', #1235, 1000.000000000000000 ) ;
#1669 = EDGE_CURVE ( 'NONE', #1136, #1319, #1952, .T. ) ;
#1670 = CARTESIAN_POINT ( 'NONE',  ( -50.00000000000000000, 0.000000000000000000, 2.500000000000002220 ) ) ;
#1671 = ORIENTED_EDGE ( 'NONE', *, *, #656, .F. ) ;
#1672 = DIRECTION ( 'NONE',  ( -0.000000000000000000, -1.000000000000000000, -0.000000000000000000 ) ) ;
#1673 = ORIENTED_EDGE ( 'NONE', *, *, #1669, .F. ) ;
#1674 = DIRECTION ( 'NONE',  ( 0.000000000000000000, -0.9925461516413219831, 0.1218693434051477398 ) ) ;
#1675 = DIRECTION ( 'NONE',  ( -1.000000000000000000, -0.000000000000000000, -0.000000000000000000 ) ) ;
#1676 = ORIENTED_EDGE ( 'NONE', *, *, #2131, .T. ) ;
#1677 = DIRECTION ( 'NONE',  ( 0.000000000000000000, 0.000000000000000000, 1.000000000000000000 ) ) ;
#1678 = CARTESIAN_POINT ( 'NONE',  ( -59.86754128908249584, 20.99999999999999645, 33.79999999999999005 ) ) ;
#1679 = EDGE_CURVE ( 'NONE', #737, #1003, #2408, .T. ) ;
#1680 = LINE ( 'NONE', #1703, #1768 ) ;
#1681 = ORIENTED_EDGE ( 'NONE', *, *, #1490, .F. ) ;
#1682 = CARTESIAN_POINT ( 'NONE',  ( 59.86754128908251715, 19.00000000000000000, -32.97595509923322510 ) ) ;
#1683 = ORIENTED_EDGE ( 'NONE', *, *, #2078, .F. ) ;
#1684 = PLANE ( 'NONE',  #459 ) ;
#1685 = CARTESIAN_POINT ( 'NONE',  ( 63.70237359062114280, 13.00000000000000000, -35.96506856638930572 ) ) ;
#1686 = VERTEX_POINT ( 'NONE', #263 ) ;
#1687 = EDGE_CURVE ( 'NONE', #396, #1077, #1963, .T. ) ;
#1688 = VECTOR ( 'NONE', #194, 1000.000000000000000 ) ;
#1689 = DIRECTION ( 'NONE',  ( 0.000000000000000000, 0.000000000000000000, 1.000000000000000000 ) ) ;
#1690 = DIRECTION ( 'NONE',  ( -1.000000000000000000, -0.000000000000000000, 1.159041068748987004E-16 ) ) ;
#1691 = AXIS2_PLACEMENT_3D ( 'NONE', #1121, #1907, #1146 ) ;
#1692 = ORIENTED_EDGE ( 'NONE', *, *, #1871, .T. ) ;
#1693 = CARTESIAN_POINT ( 'NONE',  ( 4.336808689942017736E-15, 13.00000000000000000, -1.081267381472375111E-14 ) ) ;
#1694 = ORIENTED_EDGE ( 'NONE', *, *, #1524, .F. ) ;
#1695 = ORIENTED_EDGE ( 'NONE', *, *, #2307, .F. ) ;
#1696 = EDGE_CURVE ( 'NONE', #678, #548, #985, .T. ) ;
#1697 = CARTESIAN_POINT ( 'NONE',  ( 4.336808689942017736E-15, 20.99999999999999645, -1.081267381472375111E-14 ) ) ;
#1698 = DIRECTION ( 'NONE',  ( -0.4916363636363643153, 0.000000000000000000, -0.8708006005684726381 ) ) ;
#1699 = ORIENTED_EDGE ( 'NONE', *, *, #2215, .F. ) ;
#1700 = DIRECTION ( 'NONE',  ( -0.000000000000000000, 1.000000000000000000, -0.000000000000000000 ) ) ;
#1701 = DIRECTION ( 'NONE',  ( 0.000000000000000000, 1.000000000000000000, 0.000000000000000000 ) ) ;
#1702 = AXIS2_PLACEMENT_3D ( 'NONE', #1827, #322, #305 ) ;
#1703 = CARTESIAN_POINT ( 'NONE',  ( -59.86754128908249584, 13.00000000000000000, -38.20380070826222862 ) ) ;
#1704 = ORIENTED_EDGE ( 'NONE', *, *, #2282, .F. ) ;
#1705 = LINE ( 'NONE', #362, #1608 ) ;
#1706 = ORIENTED_EDGE ( 'NONE', *, *, #679, .T. ) ;
#1707 = EDGE_CURVE ( 'NONE', #2311, #1196, #1331, .T. ) ;
#1708 = ORIENTED_EDGE ( 'NONE', *, *, #1563, .T. ) ;
#1709 = PLANE ( 'NONE',  #341 ) ;
#1710 = CARTESIAN_POINT ( 'NONE',  ( -59.86754128908249584, 13.00000000000000000, 33.79999999999999005 ) ) ;
#1711 = EDGE_CURVE ( 'NONE', #572, #1635, #1170, .T. ) ;
#1712 = VERTEX_POINT ( 'NONE', #403 ) ;
#1713 = DIRECTION ( 'NONE',  ( 1.150401752381051754E-16, 0.1218693434051477398, 0.9925461516413219831 ) ) ;
#1714 = LINE ( 'NONE', #1937, #1742 ) ;
#1715 = CARTESIAN_POINT ( 'NONE',  ( 0.000000000000000000, -4.000000000000000000, 6.000000000000000888 ) ) ;
#1716 = ADVANCED_FACE ( 'NONE', ( #2322 ), #2335, .F. ) ;
#1717 = CARTESIAN_POINT ( 'NONE',  ( 50.00000000000000000, 0.000000000000000000, 2.500000000000002220 ) ) ;
#1718 = VERTEX_POINT ( 'NONE', #2134 ) ;
#1719 = FACE_OUTER_BOUND ( 'NONE', #1650, .T. ) ;
#1720 = FACE_OUTER_BOUND ( 'NONE', #84, .T. ) ;
#1721 = ORIENTED_EDGE ( 'NONE', *, *, #373, .F. ) ;
#1722 = CARTESIAN_POINT ( 'NONE',  ( -17.50000000000000000, 19.00000000000000000, -32.97595509923319668 ) ) ;
#1723 = CARTESIAN_POINT ( 'NONE',  ( 59.38452459552399887, 19.00000000000000000, -32.97595509923322510 ) ) ;
#1724 = CIRCLE ( 'NONE', #97, 6.000000000000012434 ) ;
#1725 = DIRECTION ( 'NONE',  ( 0.000000000000000000, 0.000000000000000000, 1.000000000000000000 ) ) ;
#1726 = VECTOR ( 'NONE', #386, 1000.000000000000000 ) ;
#1727 = CARTESIAN_POINT ( 'NONE',  ( -59.86754128908249584, 16.04404237534769706, -33.79999999999994742 ) ) ;
#1728 = EDGE_LOOP ( 'NONE', ( #2165, #2233, #1642, #2471 ) ) ;
#1729 = VECTOR ( 'NONE', #1786, 1000.000000000000000 ) ;
#1730 = PLANE ( 'NONE',  #58 ) ;
#1731 = CARTESIAN_POINT ( 'NONE',  ( 7.806255641895631925E-15, 19.00000000000000000, -1.546489501303238626E-14 ) ) ;
#1732 = ORIENTED_EDGE ( 'NONE', *, *, #279, .F. ) ;
#1733 = LINE ( 'NONE', #1363, #744 ) ;
#1734 = DIRECTION ( 'NONE',  ( 0.000000000000000000, 0.000000000000000000, -1.000000000000000000 ) ) ;
#1735 = EDGE_CURVE ( 'NONE', #2325, #842, #427, .T. ) ;
#1736 = LINE ( 'NONE', #2293, #467 ) ;
#1737 = ADVANCED_FACE ( 'NONE', ( #1350 ), #1730, .T. ) ;
#1738 = AXIS2_PLACEMENT_3D ( 'NONE', #1974, #1958, #470 ) ;
#1739 = DIRECTION ( 'NONE',  ( 1.412515740280397111E-17, -0.9925461516413219831, 0.1218693434051477398 ) ) ;
#1740 = ORIENTED_EDGE ( 'NONE', *, *, #1657, .F. ) ;
#1741 = AXIS2_PLACEMENT_3D ( 'NONE', #230, #417, #1316 ) ;
#1742 = VECTOR ( 'NONE', #2469, 1000.000000000000000 ) ;
#1743 = CARTESIAN_POINT ( 'NONE',  ( 59.86754128908251715, 4.000000000000000000, 33.79999999999997584 ) ) ;
#1744 = CARTESIAN_POINT ( 'NONE',  ( 4.336808689942017736E-15, 0.000000000000000000, -1.081267381472375111E-14 ) ) ;
#1745 = VERTEX_POINT ( 'NONE', #1183 ) ;
#1746 = CARTESIAN_POINT ( 'NONE',  ( 7.347880794884120722E-16, -4.000000000000000000, -6.000000000000000888 ) ) ;
#1747 = EDGE_CURVE ( 'NONE', #1983, #463, #1396, .T. ) ;
#1748 = COORDINATED_UNIVERSAL_TIME_OFFSET ( 10, 0, .AHEAD. ) ;
#1749 = DIRECTION ( 'NONE',  ( 0.000000000000000000, 1.000000000000000000, 0.000000000000000000 ) ) ;
#1750 = CARTESIAN_POINT ( 'NONE',  ( -59.86754128908249584, 19.00000000000000000, -33.43705404100941081 ) ) ;
#1751 = CARTESIAN_POINT ( 'NONE',  ( -22.50000000000000711, -5.238880943157865888E-16, 39.79999999999999005 ) ) ;
#1752 = VERTEX_POINT ( 'NONE', #437 ) ;
#1753 = CARTESIAN_POINT ( 'NONE',  ( 0.000000000000000000, 4.000000000000000000, 0.000000000000000000 ) ) ;
#1754 = FACE_OUTER_BOUND ( 'NONE', #425, .T. ) ;
#1755 = ORIENTED_EDGE ( 'NONE', *, *, #1126, .T. ) ;
#1756 = DIRECTION ( 'NONE',  ( 0.000000000000000000, 0.000000000000000000, 1.000000000000000000 ) ) ;
#1757 = APPROVAL_STATUS ( 'not_yet_approved' ) ;
#1758 = CARTESIAN_POINT ( 'NONE',  ( 7.806255641895631925E-15, 23.00000000000000000, -1.546489501303238626E-14 ) ) ;
#1759 = ORIENTED_EDGE ( 'NONE', *, *, #1145, .F. ) ;
#1760 = EDGE_CURVE ( 'NONE', #2177, #2275, #2396, .T. ) ;
#1761 = CARTESIAN_POINT ( 'NONE',  ( 59.72615981277978392, 18.01468965900753361, 33.55803493858125108 ) ) ;
#1762 = ORGANIZATION ( 'UNSPECIFIED', 'UNSPECIFIED', '' ) ;
#1763 = DIRECTION ( 'NONE',  ( 0.000000000000000000, 0.000000000000000000, 1.000000000000000000 ) ) ;
#1764 = ORIENTED_EDGE ( 'NONE', *, *, #521, .T. ) ;
#1765 = VECTOR ( 'NONE', #448, 1000.000000000000000 ) ;
#1766 = ADVANCED_FACE ( 'NONE', ( #598 ), #455, .T. ) ;
#1767 = DIRECTION ( 'NONE',  ( 0.000000000000000000, -0.000000000000000000, -1.000000000000000000 ) ) ;
#1768 = VECTOR ( 'NONE', #2038, 1000.000000000000000 ) ;
#1769 = EDGE_CURVE ( 'NONE', #2211, #1136, #2171, .T. ) ;
#1770 = EDGE_LOOP ( 'NONE', ( #1486, #1882, #476, #1673 ) ) ;
#1771 = CARTESIAN_POINT ( 'NONE',  ( -59.86754128908250294, -0.4874773736205909591, 35.82981539343470700 ) ) ;
#1772 = DIRECTION ( 'NONE',  ( 0.000000000000000000, -0.000000000000000000, 1.000000000000000000 ) ) ;
#1773 = DIRECTION ( 'NONE',  ( 0.000000000000000000, 0.000000000000000000, 1.000000000000000000 ) ) ;
#1774 = EDGE_CURVE ( 'NONE', #1614, #572, #2409, .T. ) ;
#1775 = ORIENTED_EDGE ( 'NONE', *, *, #125, .F. ) ;
#1776 = CARTESIAN_POINT ( 'NONE',  ( -22.50000000000000711, 23.00000000000000000, 33.79999999999997584 ) ) ;
#1777 = CARTESIAN_POINT ( 'NONE',  ( -59.86754128908249584, 13.00000000000000000, -34.17376140642684845 ) ) ;
#1778 = ORIENTED_EDGE ( 'NONE', *, *, #106, .F. ) ;
#1779 = CIRCLE ( 'NONE', #1268, 1.999999999999997780 ) ;
#1780 = CONICAL_SURFACE ( 'NONE', #1580, 6.000000000000008882, 0.1221730476396033355 ) ;
#1781 = CIRCLE ( 'NONE', #352, 1.478822454552997101 ) ;
#1782 = CIRCLE ( 'NONE', #2425, 3.391596873403953438 ) ;
#1783 = CARTESIAN_POINT ( 'NONE',  ( 59.86754128908251715, 4.196675916495547091E-16, 39.79999999999999005 ) ) ;
#1784 = ADVANCED_FACE ( 'NONE', ( #2029 ), #1072, .T. ) ;
#1785 = ORIENTED_EDGE ( 'NONE', *, *, #1494, .T. ) ;
#1786 = DIRECTION ( 'NONE',  ( 0.000000000000000000, -0.9925461516413219831, 0.1218693434051477398 ) ) ;
#1787 = PERSON_AND_ORGANIZATION_ROLE ( 'creator' ) ;
#1788 = VECTOR ( 'NONE', #1087, 1000.000000000000000 ) ;
#1789 = PLANE ( 'NONE',  #1628 ) ;
#1790 = ORIENTED_EDGE ( 'NONE', *, *, #822, .F. ) ;
#1791 = DIRECTION ( 'NONE',  ( 0.000000000000000000, 0.000000000000000000, 1.000000000000000000 ) ) ;
#1792 = DIRECTION ( 'NONE',  ( 0.000000000000000000, -1.000000000000000000, 0.000000000000000000 ) ) ;
#1793 = EDGE_LOOP ( 'NONE', ( #1153, #495, #2359, #376 ) ) ;
#1794 = EDGE_CURVE ( 'NONE', #1920, #339, #531, .T. ) ;
#1795 = CARTESIAN_POINT ( 'NONE',  ( 59.86754128908251715, 13.00000000000000000, -33.80000000000001847 ) ) ;
#1796 = ORIENTED_EDGE ( 'NONE', *, *, #127, .F. ) ;
#1797 = CARTESIAN_POINT ( 'NONE',  ( -27.50000000000000355, 19.00000000000000000, 32.97595509923318247 ) ) ;
#1798 = DIRECTION ( 'NONE',  ( 0.000000000000000000, 0.000000000000000000, 1.000000000000000000 ) ) ;
#1799 = EDGE_LOOP ( 'NONE', ( #2237, #304, #1101, #675 ) ) ;
#1800 = CARTESIAN_POINT ( 'NONE',  ( -17.49999999999999645, 23.00000000000000000, -32.97595509923318957 ) ) ;
#1801 = ADVANCED_FACE ( 'NONE', ( #897, #1806 ), #2397, .F. ) ;
#1802 = CARTESIAN_POINT ( 'NONE',  ( 0.000000000000000000, -4.000000000000000000, 0.000000000000000000 ) ) ;
#1803 = ORIENTED_EDGE ( 'NONE', *, *, #2075, .T. ) ;
#1804 = CC_DESIGN_APPROVAL ( #2297, ( #416 ) ) ;
#1805 = CONICAL_SURFACE ( 'NONE', #1854, 2.029815393434712512, 0.1221730476396033355 ) ;
#1806 = FACE_OUTER_BOUND ( 'NONE', #1429, .T. ) ;
#1807 = LOCAL_TIME ( 14, 50, 25.00000000000000000, #318 ) ;
#1808 = CIRCLE ( 'NONE', #377, 1.478822454552997101 ) ;
#1809 = ORIENTED_EDGE ( 'NONE', *, *, #1452, .F. ) ;
#1810 = AXIS2_PLACEMENT_3D ( 'NONE', #1380, #982, #1577 ) ;
#1811 = CARTESIAN_POINT ( 'NONE',  ( 0.000000000000000000, -4.000000000000000000, 0.000000000000000000 ) ) ;
#1812 = DIRECTION ( 'NONE',  ( 0.000000000000000000, 1.000000000000000000, 0.000000000000000000 ) ) ;
#1813 = VERTEX_POINT ( 'NONE', #1083 ) ;
#1814 = CARTESIAN_POINT ( 'NONE',  ( -50.00000000000000000, -4.000000000000000000, 2.500000000000002220 ) ) ;
#1815 = ADVANCED_FACE ( 'NONE', ( #1057, #692 ), #2386, .T. ) ;
#1816 = CARTESIAN_POINT ( 'NONE',  ( 7.806255641895631925E-15, 4.000000000000000000, -1.546489501303238626E-14 ) ) ;
#1817 = ORIENTED_EDGE ( 'NONE', *, *, #364, .F. ) ;
#1818 = EDGE_CURVE ( 'NONE', #1512, #600, #335, .T. ) ;
#1819 = FACE_OUTER_BOUND ( 'NONE', #1388, .T. ) ;
#1820 = ORIENTED_EDGE ( 'NONE', *, *, #1918, .F. ) ;
#1821 = VECTOR ( 'NONE', #1115, 1000.000000000000000 ) ;
#1822 = ORIENTED_EDGE ( 'NONE', *, *, #1696, .F. ) ;
#1823 = DIRECTION ( 'NONE',  ( 0.000000000000000000, 0.000000000000000000, 1.000000000000000000 ) ) ;
#1824 = VECTOR ( 'NONE', #753, 1000.000000000000000 ) ;
#1825 = ORIENTED_EDGE ( 'NONE', *, *, #1679, .F. ) ;
#1826 = ADVANCED_FACE ( 'NONE', ( #1421, #1435 ), #2195, .F. ) ;
#1827 = CARTESIAN_POINT ( 'NONE',  ( 59.86754128908251715, 20.99999999999999645, 35.20650457012128243 ) ) ;
#1828 = DIRECTION ( 'NONE',  ( 0.000000000000000000, 1.000000000000000000, 0.000000000000000000 ) ) ;
#1829 = CARTESIAN_POINT ( 'NONE',  ( 0.000000000000000000, 13.00000000000000000, 0.000000000000000000 ) ) ;
#1830 = ORIENTED_EDGE ( 'NONE', *, *, #2365, .T. ) ;
#1831 = DIRECTION ( 'NONE',  ( 0.000000000000000000, 0.000000000000000000, 1.000000000000000000 ) ) ;
#1832 = EDGE_LOOP ( 'NONE', ( #930, #2099, #751, #388 ) ) ;
#1833 = ORIENTED_EDGE ( 'NONE', *, *, #1384, .T. ) ;
#1834 = DIRECTION ( 'NONE',  ( -0.000000000000000000, -1.000000000000000000, -0.000000000000000000 ) ) ;
#1835 = ORIENTED_EDGE ( 'NONE', *, *, #116, .F. ) ;
#1836 = LINE ( 'NONE', #1487, #1623 ) ;
#1837 = CARTESIAN_POINT ( 'NONE',  ( 50.00000000000000000, -4.000000000000000000, 2.500000000000002220 ) ) ;
#1838 = ADVANCED_FACE ( 'NONE', ( #2219 ), #507, .T. ) ;
#1839 = CARTESIAN_POINT ( 'NONE',  ( 59.86754128908251715, -0.4874773736205909591, 35.82981539343469279 ) ) ;
#1840 = ORIENTED_EDGE ( 'NONE', *, *, #1929, .T. ) ;
#1841 = DIRECTION ( 'NONE',  ( 0.000000000000000000, 0.000000000000000000, 1.000000000000000000 ) ) ;
#1842 = EDGE_CURVE ( 'NONE', #1239, #2357, #2206, .T. ) ;
#1843 = ORIENTED_EDGE ( 'NONE', *, *, #1440, .F. ) ;
#1844 = AXIS2_PLACEMENT_3D ( 'NONE', #1299, #2043, #1324 ) ;
#1845 = LOCAL_TIME ( 14, 50, 25.00000000000000000, #813 ) ;
#1846 = CARTESIAN_POINT ( 'NONE',  ( -63.70237359062114280, 13.00000000000000000, -35.96506856638934124 ) ) ;
#1847 = AXIS2_PLACEMENT_3D ( 'NONE', #2148, #1020, #1596 ) ;
#1848 = EDGE_CURVE ( 'NONE', #953, #255, #516, .T. ) ;
#1849 = ORIENTED_EDGE ( 'NONE', *, *, #1494, .F. ) ;
#1850 = VECTOR ( 'NONE', #1070, 1000.000000000000000 ) ;
#1851 = CARTESIAN_POINT ( 'NONE',  ( 63.70237359062114280, 13.00000000000000000, -35.96506856638930572 ) ) ;
#1852 = CARTESIAN_POINT ( 'NONE',  ( -65.09234489249334388, 0.000000000000000000, -36.74981818181824877 ) ) ;
#1853 = VECTOR ( 'NONE', #348, 1000.000000000000000 ) ;
#1854 = AXIS2_PLACEMENT_3D ( 'NONE', #366, #1313, #9 ) ;
#1855 = DIRECTION ( 'NONE',  ( -0.000000000000000000, 1.000000000000000000, 0.000000000000000000 ) ) ;
#1856 = ORIENTED_EDGE ( 'NONE', *, *, #1177, .T. ) ;
#1857 = CARTESIAN_POINT ( 'NONE',  ( 7.347880794884120722E-16, -4.000000000000000000, -6.000000000000000888 ) ) ;
#1858 = ORIENTED_EDGE ( 'NONE', *, *, #2261, .F. ) ;
#1859 = ADVANCED_FACE ( 'NONE', ( #1819 ), #1034, .T. ) ;
#1860 = FACE_OUTER_BOUND ( 'NONE', #112, .T. ) ;
#1861 = CARTESIAN_POINT ( 'NONE',  ( -50.00000000000000000, -13.00000000000000000, -2.500000000000002220 ) ) ;
#1862 = AXIS2_PLACEMENT_3D ( 'NONE', #2449, #736, #2426 ) ;
#1863 = AXIS2_PLACEMENT_3D ( 'NONE', #1344, #1165, #1725 ) ;
#1864 = ORIENTED_EDGE ( 'NONE', *, *, #2324, .F. ) ;
#1865 = CARTESIAN_POINT ( 'NONE',  ( 27.50000000000000355, 23.00000000000000000, -32.97595509923321799 ) ) ;
#1866 = VECTOR ( 'NONE', #554, 1000.000000000000000 ) ;
#1867 = LINE ( 'NONE', #1837, #233 ) ;
#1868 = CARTESIAN_POINT ( 'NONE',  ( 0.000000000000000000, 4.000000000000000000, 2.000000000000000888 ) ) ;
#1869 = ORIENTED_EDGE ( 'NONE', *, *, #1774, .F. ) ;
#1870 = CARTESIAN_POINT ( 'NONE',  ( 59.86754128908251715, 19.00000000000000000, 33.43705404100939660 ) ) ;
#1871 = EDGE_CURVE ( 'NONE', #1944, #1875, #1255, .T. ) ;
#1872 = ORIENTED_EDGE ( 'NONE', *, *, #2370, .F. ) ;
#1873 = CARTESIAN_POINT ( 'NONE',  ( -22.50000000000001421, 21.24373868681028910, -37.19159687340394527 ) ) ;
#1874 = CARTESIAN_POINT ( 'NONE',  ( 50.00000000000000000, -13.00000000000000000, 0.000000000000000000 ) ) ;
#1875 = VERTEX_POINT ( 'NONE', #314 ) ;
#1876 = LINE ( 'NONE', #1453, #1821 ) ;
#1877 = LINE ( 'NONE', #1279, #153 ) ;
#1878 = CARTESIAN_POINT ( 'NONE',  ( 7.806255641895631925E-15, 13.00000000000000000, -1.546489501303238626E-14 ) ) ;
#1879 = VERTEX_POINT ( 'NONE', #717 ) ;
#1880 = EDGE_CURVE ( 'NONE', #845, #1990, #809, .T. ) ;
#1881 = DIRECTION ( 'NONE',  ( 0.000000000000000000, 0.000000000000000000, -1.000000000000000000 ) ) ;
#1882 = ORIENTED_EDGE ( 'NONE', *, *, #1046, .T. ) ;
#1883 = ORIENTED_EDGE ( 'NONE', *, *, #2156, .T. ) ;
#1884 = CARTESIAN_POINT ( 'NONE',  ( 59.86754128908251715, 13.00000000000000000, 33.79999999999997584 ) ) ;
#1885 = DIRECTION ( 'NONE',  ( -0.000000000000000000, -1.000000000000000000, -0.000000000000000000 ) ) ;
#1886 = VERTEX_POINT ( 'NONE', #758 ) ;
#1887 = AXIS2_PLACEMENT_3D ( 'NONE', #462, #1045, #881 ) ;
#1888 = LINE ( 'NONE', #1900, #432 ) ;
#1889 = CARTESIAN_POINT ( 'NONE',  ( 59.86754128908249584, 13.00000000000000000, -38.20380070826224284 ) ) ;
#1890 = EDGE_CURVE ( 'NONE', #1283, #1916, #151, .T. ) ;
#1891 = CARTESIAN_POINT ( 'NONE',  ( 0.000000000000000000, 0.000000000000000000, 0.000000000000000000 ) ) ;
#1892 = VERTEX_POINT ( 'NONE', #1334 ) ;
#1893 = LINE ( 'NONE', #1682, #1726 ) ;
#1894 = APPROVAL ( #1757, 'UNSPECIFIED' ) ;
#1895 = ORIENTED_EDGE ( 'NONE', *, *, #965, .F. ) ;
#1896 = ORIENTED_EDGE ( 'NONE', *, *, #60, .F. ) ;
#1897 = LINE ( 'NONE', #392, #578 ) ;
#1898 = DIRECTION ( 'NONE',  ( 1.776356839400250465E-15, 0.000000000000000000, 1.000000000000000000 ) ) ;
#1899 = ORIENTED_EDGE ( 'NONE', *, *, #127, .T. ) ;
#1900 = CARTESIAN_POINT ( 'NONE',  ( -27.49999999999999645, 23.00000000000000000, 33.79999999999998295 ) ) ;
#1901 = DIRECTION ( 'NONE',  ( 0.000000000000000000, 0.000000000000000000, -1.000000000000000000 ) ) ;
#1902 = AXIS2_PLACEMENT_3D ( 'NONE', #512, #1675, #500 ) ;
#1903 = AXIS2_PLACEMENT_3D ( 'NONE', #434, #385, #6 ) ;
#1904 = EDGE_CURVE ( 'NONE', #1745, #1173, #1320, .T. ) ;
#1905 = FACE_OUTER_BOUND ( 'NONE', #2389, .T. ) ;
#1906 = CIRCLE ( 'NONE', #956, 2.000000000000001776 ) ;
#1907 = DIRECTION ( 'NONE',  ( -0.000000000000000000, 1.000000000000000000, -0.000000000000000000 ) ) ;
#1908 = VERTEX_POINT ( 'NONE', #176 ) ;
#1909 = DIRECTION ( 'NONE',  ( -0.4916363636363613177, 3.021196489401667252E-15, -0.8708006005684743034 ) ) ;
#1910 = DIRECTION ( 'NONE',  ( -0.000000000000000000, 1.000000000000000000, -0.000000000000000000 ) ) ;
#1911 = ORIENTED_EDGE ( 'NONE', *, *, #447, .T. ) ;
#1912 = CARTESIAN_POINT ( 'NONE',  ( 0.000000000000000000, 0.000000000000000000, 0.000000000000000000 ) ) ;
#1913 = LINE ( 'NONE', #209, #549 ) ;
#1914 = DIRECTION ( 'NONE',  ( -1.150401752381052000E-16, 0.1218693434051477398, -0.9925461516413219831 ) ) ;
#1915 = CARTESIAN_POINT ( 'NONE',  ( 50.00000000000000000, 0.000000000000000000, -2.500000000000002220 ) ) ;
#1916 = VERTEX_POINT ( 'NONE', #2094 ) ;
#1917 = FACE_OUTER_BOUND ( 'NONE', #1631, .T. ) ;
#1918 = EDGE_CURVE ( 'NONE', #2220, #1135, #520, .T. ) ;
#1919 = DIRECTION ( 'NONE',  ( 1.000000000000000000, 2.296894360783942764E-35, -1.159041068748987004E-16 ) ) ;
#1920 = VERTEX_POINT ( 'NONE', #374 ) ;
#1921 = DIRECTION ( 'NONE',  ( 0.000000000000000000, -0.000000000000000000, -1.000000000000000000 ) ) ;
#1922 = ADVANCED_FACE ( 'NONE', ( #202 ), #2473, .T. ) ;
#1923 = CARTESIAN_POINT ( 'NONE',  ( 59.86754128908251715, 21.24373868681029265, 33.79999999999997584 ) ) ;
#1924 = DIRECTION ( 'NONE',  ( -0.000000000000000000, 1.000000000000000000, -0.000000000000000000 ) ) ;
#1925 = VECTOR ( 'NONE', #278, 1000.000000000000000 ) ;
#1926 = DIRECTION ( 'NONE',  ( 0.000000000000000000, 0.000000000000000000, 1.000000000000000000 ) ) ;
#1927 = EDGE_LOOP ( 'NONE', ( #1996, #351, #2136, #847 ) ) ;
#1928 = CIRCLE ( 'NONE', #1369, 6.000000000000000888 ) ;
#1929 = EDGE_CURVE ( 'NONE', #2423, #1138, #1109, .T. ) ;
#1930 = DIRECTION ( 'NONE',  ( 0.000000000000000000, 1.000000000000000000, 0.000000000000000000 ) ) ;
#1931 = DIRECTION ( 'NONE',  ( 0.000000000000000000, 1.000000000000000000, 0.000000000000000000 ) ) ;
#1932 = ORIENTED_EDGE ( 'NONE', *, *, #722, .F. ) ;
#1933 = ADVANCED_FACE ( 'NONE', ( #570 ), #892, .F. ) ;
#1934 = AXIS2_PLACEMENT_3D ( 'NONE', #1400, #636, #1390 ) ;
#1935 = FACE_OUTER_BOUND ( 'NONE', #1638, .T. ) ;
#1936 = DIRECTION ( 'NONE',  ( 0.000000000000000000, 0.000000000000000000, 1.000000000000000000 ) ) ;
#1937 = CARTESIAN_POINT ( 'NONE',  ( -59.86754128908250294, 19.00000000000000000, 33.43705404100941081 ) ) ;
#1938 = VECTOR ( 'NONE', #2066, 1000.000000000000000 ) ;
#1939 = LINE ( 'NONE', #445, #1251 ) ;
#1940 = ORIENTED_EDGE ( 'NONE', *, *, #698, .T. ) ;
#1941 = CARTESIAN_POINT ( 'NONE',  ( -59.86754128908249584, 23.00000000000000000, -35.20650457012130374 ) ) ;
#1942 = DIRECTION ( 'NONE',  ( -0.000000000000000000, -1.000000000000000000, -0.000000000000000000 ) ) ;
#1943 = EDGE_CURVE ( 'NONE', #2046, #681, #1092, .T. ) ;
#1944 = VERTEX_POINT ( 'NONE', #1282 ) ;
#1945 = FACE_OUTER_BOUND ( 'NONE', #1517, .T. ) ;
#1946 = CALENDAR_DATE ( 2025, 17, 8 ) ;
#1947 = DIRECTION ( 'NONE',  ( -0.000000000000000000, -1.000000000000000000, -0.000000000000000000 ) ) ;
#1948 = CARTESIAN_POINT ( 'NONE',  ( -59.86754128908249584, 0.000000000000000000, -33.79999999999999716 ) ) ;
#1949 = CARTESIAN_POINT ( 'NONE',  ( -59.86754128908249584, 4.000000000000000000, -35.27882245455299426 ) ) ;
#1950 = ORIENTED_EDGE ( 'NONE', *, *, #1046, .F. ) ;
#1951 = EDGE_CURVE ( 'NONE', #2357, #1256, #707, .T. ) ;
#1952 = LINE ( 'NONE', #51, #1133 ) ;
#1953 = ORIENTED_EDGE ( 'NONE', *, *, #1657, .T. ) ;
#1954 = CARTESIAN_POINT ( 'NONE',  ( 59.86754128908251715, 13.00000000000000000, 34.17376140642682714 ) ) ;
#1955 = PERSON_AND_ORGANIZATION_ROLE ( 'creator' ) ;
#1956 = CARTESIAN_POINT ( 'NONE',  ( -60.19301294626831833, 13.00000000000000000, -33.98375469872335941 ) ) ;
#1957 = EDGE_LOOP ( 'NONE', ( #1492, #2180, #2187, #1094 ) ) ;
#1958 = DIRECTION ( 'NONE',  ( 1.150401752381051754E-16, 0.1218693434051477398, 0.9925461516413219831 ) ) ;
#1959 = EDGE_CURVE ( 'NONE', #1215, #912, #921, .T. ) ;
#1960 = LOCAL_TIME ( 14, 50, 25.00000000000000000, #2224 ) ;
#1961 = DIRECTION ( 'NONE',  ( 1.150401752381051754E-16, 0.1218693434051477398, 0.9925461516413219831 ) ) ;
#1962 = ORIENTED_EDGE ( 'NONE', *, *, #576, .F. ) ;
#1963 = CIRCLE ( 'NONE', #1847, 74.75000000000001421 ) ;
#1964 = VECTOR ( 'NONE', #36, 1000.000000000000000 ) ;
#1965 = DIRECTION ( 'NONE',  ( 0.000000000000000000, -1.000000000000000000, 0.000000000000000000 ) ) ;
#1966 = AXIS2_PLACEMENT_3D ( 'NONE', #1641, #2406, #296 ) ;
#1967 = AXIS2_PLACEMENT_3D ( 'NONE', #1187, #1233, #1756 ) ;
#1968 = ORIENTED_EDGE ( 'NONE', *, *, #183, .F. ) ;
#1969 = AXIS2_PLACEMENT_3D ( 'NONE', #929, #2052, #918 ) ;
#1970 = CARTESIAN_POINT ( 'NONE',  ( -59.86754128908250294, 13.00000000000000000, 38.20380070826222862 ) ) ;
#1971 = LINE ( 'NONE', #68, #779 ) ;
#1972 = DIRECTION ( 'NONE',  ( 0.000000000000000000, -0.000000000000000000, -1.000000000000000000 ) ) ;
#1973 = ORIENTED_EDGE ( 'NONE', *, *, #1842, .F. ) ;
#1974 = CARTESIAN_POINT ( 'NONE',  ( -59.86754128908250294, -0.4874773736205909591, 35.82981539343470700 ) ) ;
#1975 = EDGE_CURVE ( 'NONE', #1752, #463, #14, .T. ) ;
#1976 = DIRECTION ( 'NONE',  ( 0.000000000000000000, 0.9925461516413219831, 0.1218693434051477398 ) ) ;
#1977 = VERTEX_POINT ( 'NONE', #1134 ) ;
#1978 = AXIS2_PLACEMENT_3D ( 'NONE', #2073, #1062, #696 ) ;
#1979 = VECTOR ( 'NONE', #2191, 1000.000000000000000 ) ;
#1980 = CONICAL_SURFACE ( 'NONE', #1544, 74.75000000000000000, 0.1221730476396033355 ) ;
#1981 = DIRECTION ( 'NONE',  ( 0.000000000000000000, 0.000000000000000000, -1.000000000000000000 ) ) ;
#1982 = CONICAL_SURFACE ( 'NONE', #831, 2.029815393434719617, 0.1221730476396033355 ) ;
#1983 = VERTEX_POINT ( 'NONE', #1481 ) ;
#1984 = DIRECTION ( 'NONE',  ( 0.000000000000000000, 0.9925461516413219831, 0.1218693434051477398 ) ) ;
#1985 = DIRECTION ( 'NONE',  ( -0.000000000000000000, -1.000000000000000000, -0.000000000000000000 ) ) ;
#1986 = EDGE_CURVE ( 'NONE', #2013, #571, #1893, .T. ) ;
#1987 = ORIENTED_EDGE ( 'NONE', *, *, #670, .T. ) ;
#1988 = CARTESIAN_POINT ( 'NONE',  ( 60.19301294626833254, 13.00000000000000000, -33.98375469872332388 ) ) ;
#1989 = FACE_BOUND ( 'NONE', #1336, .T. ) ;
#1990 = VERTEX_POINT ( 'NONE', #532 ) ;
#1991 = CARTESIAN_POINT ( 'NONE',  ( -59.65528122024537083, 19.00000000000000000, -33.43705404100941081 ) ) ;
#1992 = ORIENTED_EDGE ( 'NONE', *, *, #2318, .F. ) ;
#1993 = EDGE_CURVE ( 'NONE', #365, #1226, #962, .T. ) ;
#1994 = LINE ( 'NONE', #1223, #1294 ) ;
#1995 = CARTESIAN_POINT ( 'NONE',  ( 59.86754128908251715, 20.99999999999999645, 33.79999999999997584 ) ) ;
#1996 = ORIENTED_EDGE ( 'NONE', *, *, #594, .F. ) ;
#1997 = EDGE_CURVE ( 'NONE', #938, #1211, #1495, .T. ) ;
#1998 = CARTESIAN_POINT ( 'NONE',  ( 59.86754128908251715, 23.00000000000000000, 35.20650457012128243 ) ) ;
#1999 = PERSON ( 'UNSPECIFIED', 'UNSPECIFIED', 'UNSPECIFIED', ('UNSPECIFIED'), ('UNSPECIFIED'), ('UNSPECIFIED') ) ;
#2000 = DIRECTION ( 'NONE',  ( 0.000000000000000000, 1.000000000000000000, 0.000000000000000000 ) ) ;
#2001 = ORIENTED_EDGE ( 'NONE', *, *, #307, .T. ) ;
#2002 = AXIS2_PLACEMENT_3D ( 'NONE', #748, #378, #954 ) ;
#2003 = CARTESIAN_POINT ( 'NONE',  ( 59.86754128908253136, 16.04404237534707178, -33.80000000000003268 ) ) ;
#2004 = VECTOR ( 'NONE', #2458, 1000.000000000000000 ) ;
#2005 = EDGE_CURVE ( 'NONE', #88, #538, #1290, .T. ) ;
#2006 = ORIENTED_EDGE ( 'NONE', *, *, #1095, .T. ) ;
#2007 = AXIS2_PLACEMENT_3D ( 'NONE', #782, #1961, #805 ) ;
#2008 = ORIENTED_EDGE ( 'NONE', *, *, #1276, .F. ) ;
#2009 = ORIENTED_EDGE ( 'NONE', *, *, #399, .T. ) ;
#2010 = DIRECTION ( 'NONE',  ( 0.000000000000000000, 0.000000000000000000, 1.000000000000000000 ) ) ;
#2011 = DIRECTION ( 'NONE',  ( 0.000000000000000000, 1.000000000000000000, 0.000000000000000000 ) ) ;
#2012 = DIRECTION ( 'NONE',  ( 1.000000000000000000, 0.000000000000000000, -4.352515204119625360E-16 ) ) ;
#2013 = VERTEX_POINT ( 'NONE', #546 ) ;
#2014 = DIRECTION ( 'NONE',  ( 1.000000000000000000, -0.000000000000000000, -1.159041068748986758E-16 ) ) ;
#2015 = TOROIDAL_SURFACE ( 'NONE', #2144, 70.15650457012128527, 2.000000000000000000 ) ;
#2016 = ORIENTED_EDGE ( 'NONE', *, *, #2307, .T. ) ;
#2017 = AXIS2_PLACEMENT_3D ( 'NONE', #621, #1942, #241 ) ;
#2018 = ORIENTED_EDGE ( 'NONE', *, *, #125, .T. ) ;
#2019 = EDGE_CURVE ( 'NONE', #716, #1813, #1705, .T. ) ;
#2020 = LINE ( 'NONE', #924, #2461 ) ;
#2021 = CIRCLE ( 'NONE', #1029, 2.000000000000001776 ) ;
#2022 = ORIENTED_EDGE ( 'NONE', *, *, #668, .F. ) ;
#2023 = AXIS2_PLACEMENT_3D ( 'NONE', #181, #797, #1125 ) ;
#2024 = DIRECTION ( 'NONE',  ( -1.000000000000000000, 0.000000000000000000, 1.159041068748987004E-16 ) ) ;
#2025 = DIRECTION ( 'NONE',  ( 0.000000000000000000, 0.000000000000000000, 1.000000000000000000 ) ) ;
#2026 = EDGE_CURVE ( 'NONE', #600, #57, #853, .T. ) ;
#2027 = CARTESIAN_POINT ( 'NONE',  ( 59.86754128908248873, 23.00000000000000000, -32.97595509923323931 ) ) ;
#2028 = ORIENTED_EDGE ( 'NONE', *, *, #2181, .T. ) ;
#2029 = FACE_OUTER_BOUND ( 'NONE', #661, .T. ) ;
#2030 = EDGE_CURVE ( 'NONE', #2119, #1215, #1006, .T. ) ;
#2031 = EDGE_LOOP ( 'NONE', ( #2457, #1523, #1084, #2382 ) ) ;
#2032 = ORIENTED_EDGE ( 'NONE', *, *, #1269, .T. ) ;
#2033 = SECURITY_CLASSIFICATION_LEVEL ( 'unclassified' ) ;
#2034 = CARTESIAN_POINT ( 'NONE',  ( -27.50000000000001066, 19.00000000000000000, 33.79999999999997584 ) ) ;
#2035 = EDGE_LOOP ( 'NONE', ( #861, #2001, #694, #1883 ) ) ;
#2036 = DIRECTION ( 'NONE',  ( -0.1061238974280881847, -0.9925461516413219831, 0.05991540083045799464 ) ) ;
#2037 = DIRECTION ( 'NONE',  ( 1.052114166674823898E-16, -0.000000000000000000, 1.000000000000000000 ) ) ;
#2038 = DIRECTION ( 'NONE',  ( -1.000000000000000000, -0.000000000000000000, 1.159041068748987004E-16 ) ) ;
#2039 = VERTEX_POINT ( 'NONE', #1949 ) ;
#2040 = EDGE_CURVE ( 'NONE', #1886, #1646, #690, .T. ) ;
#2041 = DIRECTION ( 'NONE',  ( -1.000000000000000000, -0.000000000000000000, 1.159041068748987004E-16 ) ) ;
#2042 = EDGE_LOOP ( 'NONE', ( #2467, #1315, #1402 ) ) ;
#2043 = DIRECTION ( 'NONE',  ( 0.000000000000000000, 1.000000000000000000, 0.000000000000000000 ) ) ;
#2044 = CARTESIAN_POINT ( 'NONE',  ( 61.09232631344647046, 20.99999999999999645, 34.49148879229231568 ) ) ;
#2045 = AXIS2_PLACEMENT_3D ( 'NONE', #484, #1658, #139 ) ;
#2046 = VERTEX_POINT ( 'NONE', #401 ) ;
#2047 = VECTOR ( 'NONE', #62, 1000.000000000000000 ) ;
#2048 = CARTESIAN_POINT ( 'NONE',  ( -50.00000000000000000, 0.000000000000000000, -2.500000000000002220 ) ) ;
#2049 = DIRECTION ( 'NONE',  ( 1.000000000000000000, -6.938893903907213389E-15, -8.519890411430942020E-16 ) ) ;
#2050 = VECTOR ( 'NONE', #1280, 1000.000000000000000 ) ;
#2051 = AXIS2_PLACEMENT_3D ( 'NONE', #1389, #1376, #440 ) ;
#2052 = DIRECTION ( 'NONE',  ( 0.000000000000000000, 1.000000000000000000, 0.000000000000000000 ) ) ;
#2053 = ORIENTED_EDGE ( 'NONE', *, *, #2422, .T. ) ;
#2054 = EDGE_CURVE ( 'NONE', #463, #1920, #1333, .T. ) ;
#2055 = DIRECTION ( 'NONE',  ( -1.000000000000000000, -0.000000000000000000, 1.159041068748986758E-16 ) ) ;
#2056 = ORIENTED_EDGE ( 'NONE', *, *, #234, .F. ) ;
#2057 = FACE_OUTER_BOUND ( 'NONE', #1032, .T. ) ;
#2058 = CARTESIAN_POINT ( 'NONE',  ( 59.86754128908251715, 0.000000000000000000, -33.80000000000001847 ) ) ;
#2059 = AXIS2_PLACEMENT_3D ( 'NONE', #1474, #523, #1285 ) ;
#2060 = CIRCLE ( 'NONE', #1541, 0.3737614064268576786 ) ;
#2061 = ORIENTED_EDGE ( 'NONE', *, *, #714, .F. ) ;
#2062 = CARTESIAN_POINT ( 'NONE',  ( -61.63510575272859171, -0.4874773736205909591, 34.79793105888134619 ) ) ;
#2063 = VECTOR ( 'NONE', #172, 1000.000000000000000 ) ;
#2064 = CONICAL_SURFACE ( 'NONE', #1584, 70.77981539343473116, 0.1221730476396033355 ) ;
#2065 = ADVANCED_FACE ( 'NONE', ( #2346 ), #1564, .T. ) ;
#2066 = DIRECTION ( 'NONE',  ( -1.052114166674823898E-16, 0.000000000000000000, -1.000000000000000000 ) ) ;
#2067 = AXIS2_PLACEMENT_3D ( 'NONE', #1995, #625, #452 ) ;
#2068 = CARTESIAN_POINT ( 'NONE',  ( 59.65528122024535662, 19.00000000000000000, 33.43705404100939660 ) ) ;
#2069 = VERTEX_POINT ( 'NONE', #7 ) ;
#2070 = CARTESIAN_POINT ( 'NONE',  ( -59.86754128908249584, 13.00000000000000000, -34.17376140642684135 ) ) ;
#2071 = EDGE_LOOP ( 'NONE', ( #2446, #1347, #2279, #596, #42 ) ) ;
#2072 = FACE_OUTER_BOUND ( 'NONE', #449, .T. ) ;
#2073 = CARTESIAN_POINT ( 'NONE',  ( 59.86754128908251715, 19.00000000000000000, 33.79999999999997584 ) ) ;
#2074 = VERTEX_POINT ( 'NONE', #1915 ) ;
#2075 = EDGE_CURVE ( 'NONE', #2046, #1718, #631, .T. ) ;
#2076 = CARTESIAN_POINT ( 'NONE',  ( -50.00000000000000000, -4.000000000000000000, 0.000000000000000000 ) ) ;
#2077 = CARTESIAN_POINT ( 'NONE',  ( -59.86754128908249584, 13.00000000000000000, -38.20380070826222862 ) ) ;
#2078 = EDGE_CURVE ( 'NONE', #721, #57, #1179, .T. ) ;
#2079 = CARTESIAN_POINT ( 'NONE',  ( -59.86754128908250294, 23.00000000000000000, 35.20650457012130374 ) ) ;
#2080 = EDGE_LOOP ( 'NONE', ( #1074, #2347, #1297, #293 ) ) ;
#2081 = DIRECTION ( 'NONE',  ( -0.000000000000000000, -1.000000000000000000, -0.000000000000000000 ) ) ;
#2082 = ORIENTED_EDGE ( 'NONE', *, *, #1904, .T. ) ;
#2083 = ORIENTED_EDGE ( 'NONE', *, *, #160, .T. ) ;
#2084 = DIRECTION ( 'NONE',  ( 0.000000000000000000, 0.000000000000000000, -1.000000000000000000 ) ) ;
#2085 = DIRECTION ( 'NONE',  ( 0.000000000000000000, 0.000000000000000000, 1.000000000000000000 ) ) ;
#2086 = EDGE_CURVE ( 'NONE', #1712, #619, #2298, .T. ) ;
#2087 = ORIENTED_EDGE ( 'NONE', *, *, #965, .T. ) ;
#2088 = AXIS2_PLACEMENT_3D ( 'NONE', #1270, #496, #1831 ) ;
#2089 = CARTESIAN_POINT ( 'NONE',  ( 0.000000000000000000, 0.000000000000000000, 6.000000000000000888 ) ) ;
#2090 = CARTESIAN_POINT ( 'NONE',  ( 59.86754128908251715, 20.99999999999999645, 35.20650457012128243 ) ) ;
#2091 = AXIS2_PLACEMENT_3D ( 'NONE', #2109, #1367, #2132 ) ;
#2092 = CYLINDRICAL_SURFACE ( 'NONE', #1903, 2.000000000000001776 ) ;
#2093 = CIRCLE ( 'NONE', #1654, 4.403800708262246566 ) ;
#2094 = CARTESIAN_POINT ( 'NONE',  ( 7.347880794884120722E-16, 0.000000000000000000, -6.000000000000000888 ) ) ;
#2095 = VERTEX_POINT ( 'NONE', #1394 ) ;
#2096 = ORIENTED_EDGE ( 'NONE', *, *, #757, .F. ) ;
#2097 = DIRECTION ( 'NONE',  ( 0.000000000000000000, 0.000000000000000000, 1.000000000000000000 ) ) ;
#2098 = DIRECTION ( 'NONE',  ( 0.000000000000000000, 1.000000000000000000, 0.000000000000000000 ) ) ;
#2099 = ORIENTED_EDGE ( 'NONE', *, *, #792, .T. ) ;
#2100 = EDGE_CURVE ( 'NONE', #1135, #1321, #582, .T. ) ;
#2101 = DIRECTION ( 'NONE',  ( 0.000000000000000000, 0.000000000000000000, -1.000000000000000000 ) ) ;
#2102 = DIRECTION ( 'NONE',  ( -0.000000000000000000, -1.000000000000000000, -0.000000000000000000 ) ) ;
#2103 = VECTOR ( 'NONE', #73, 1000.000000000000000 ) ;
#2104 = CONICAL_SURFACE ( 'NONE', #1107, 70.77981539343471695, 0.1221730476396033355 ) ;
#2105 = AXIS2_PLACEMENT_3D ( 'NONE', #1515, #2290, #1901 ) ;
#2106 = LINE ( 'NONE', #1575, #1068 ) ;
#2107 = AXIS2_PLACEMENT_3D ( 'NONE', #1039, #69, #1972 ) ;
#2108 = EDGE_CURVE ( 'NONE', #1875, #1352, #48, .T. ) ;
#2109 = CARTESIAN_POINT ( 'NONE',  ( 59.86754128908251715, 23.00000000000000000, 33.79999999999997584 ) ) ;
#2110 = ORIENTED_EDGE ( 'NONE', *, *, #2153, .F. ) ;
#2111 = EDGE_CURVE ( 'NONE', #1021, #2368, #2118, .T. ) ;
#2112 = CARTESIAN_POINT ( 'NONE',  ( 59.86754128908251715, 13.00000000000000000, 38.20380070826222152 ) ) ;
#2113 = DIRECTION ( 'NONE',  ( -0.000000000000000000, -1.000000000000000000, -0.000000000000000000 ) ) ;
#2114 = ORIENTED_EDGE ( 'NONE', *, *, #646, .T. ) ;
#2115 = LINE ( 'NONE', #15, #2221 ) ;
#2116 = DIRECTION ( 'NONE',  ( 0.000000000000000000, 0.000000000000000000, 1.000000000000000000 ) ) ;
#2117 = CARTESIAN_POINT ( 'NONE',  ( 59.86754128908251715, 19.00000000000000000, 32.97595509923318247 ) ) ;
#2118 = LINE ( 'NONE', #409, #2047 ) ;
#2119 = VERTEX_POINT ( 'NONE', #1167 ) ;
#2120 = ADVANCED_FACE ( 'NONE', ( #819 ), #2410, .F. ) ;
#2121 = CARTESIAN_POINT ( 'NONE',  ( -59.86754128908250294, 13.00000000000000178, 38.20380070826222862 ) ) ;
#2122 = CARTESIAN_POINT ( 'NONE',  ( 0.000000000000000000, 13.00000000000000000, 0.000000000000000000 ) ) ;
#2123 = ORIENTED_EDGE ( 'NONE', *, *, #1880, .F. ) ;
#2124 = CYLINDRICAL_SURFACE ( 'NONE', #988, 2.500000000000002220 ) ;
#2125 = DIRECTION ( 'NONE',  ( 0.000000000000000000, 0.000000000000000000, 1.000000000000000000 ) ) ;
#2126 = CARTESIAN_POINT ( 'NONE',  ( 4.336808689942017736E-15, 19.00000000000000000, -1.081267381472375111E-14 ) ) ;
#2127 = AXIS2_PLACEMENT_3D ( 'NONE', #1484, #168, #923 ) ;
#2128 = LINE ( 'NONE', #817, #1621 ) ;
#2129 = MANIFOLD_SOLID_BREP ( 'Shell1', #229 ) ;
#2130 = AXIS2_PLACEMENT_3D ( 'NONE', #609, #1567, #1547 ) ;
#2131 = EDGE_CURVE ( 'NONE', #1135, #2046, #1939, .T. ) ;
#2132 = DIRECTION ( 'NONE',  ( 0.000000000000000000, -0.000000000000000000, 1.000000000000000000 ) ) ;
#2133 = VERTEX_POINT ( 'NONE', #1717 ) ;
#2134 = CARTESIAN_POINT ( 'NONE',  ( -59.86754128908250294, 13.00000000000000178, 38.20380070826222862 ) ) ;
#2135 = CARTESIAN_POINT ( 'NONE',  ( -59.86754128908249584, -0.4874773736205909591, -35.82981539343471411 ) ) ;
#2136 = ORIENTED_EDGE ( 'NONE', *, *, #1407, .T. ) ;
#2137 = DIRECTION ( 'NONE',  ( 1.000000000000000000, 0.000000000000000000, -1.159041068748986758E-16 ) ) ;
#2138 =( NAMED_UNIT ( * ) SI_UNIT ( $, .STERADIAN. ) SOLID_ANGLE_UNIT ( ) );
#2139 = CARTESIAN_POINT ( 'NONE',  ( 59.86754128908251715, 13.00000000000000000, 38.20380070826222152 ) ) ;
#2140 = ADVANCED_FACE ( 'NONE', ( #1346 ), #1554, .T. ) ;
#2141 = AXIS2_PLACEMENT_3D ( 'NONE', #2044, #551, #1498 ) ;
#2142 = LINE ( 'NONE', #2117, #2384 ) ;
#2143 = AXIS2_PLACEMENT_3D ( 'NONE', #1161, #195, #599 ) ;
#2144 = AXIS2_PLACEMENT_3D ( 'NONE', #780, #616, #1540 ) ;
#2145 = DIRECTION ( 'NONE',  ( 0.000000000000000000, 0.000000000000000000, 1.000000000000000000 ) ) ;
#2146 = ORIENTED_EDGE ( 'NONE', *, *, #26, .F. ) ;
#2147 = CIRCLE ( 'NONE', #274, 68.38705404100942076 ) ;
#2148 = CARTESIAN_POINT ( 'NONE',  ( 4.336808689942017736E-15, 0.000000000000000000, -1.081267381472375111E-14 ) ) ;
#2149 = ORIENTED_EDGE ( 'NONE', *, *, #778, .F. ) ;
#2150 = CARTESIAN_POINT ( 'NONE',  ( -61.09232631344644915, 20.99999999999999645, -34.49148879229242226 ) ) ;
#2151 = DIRECTION ( 'NONE',  ( 0.000000000000000000, 0.000000000000000000, 1.000000000000000000 ) ) ;
#2152 = DIRECTION ( 'NONE',  ( 0.000000000000000000, 1.000000000000000000, 0.000000000000000000 ) ) ;
#2153 = EDGE_CURVE ( 'NONE', #681, #2281, #1493, .T. ) ;
#2154 = ORIENTED_EDGE ( 'NONE', *, *, #1524, .T. ) ;
#2155 = CYLINDRICAL_SURFACE ( 'NONE', #1661, 2.500000000000002220 ) ;
#2156 = EDGE_CURVE ( 'NONE', #1483, #716, #2320, .T. ) ;
#2157 = CARTESIAN_POINT ( 'NONE',  ( 50.00000000000000000, -4.000000000000000000, 0.000000000000000000 ) ) ;
#2158 = EDGE_LOOP ( 'NONE', ( #2460, #1676, #1803, #2459 ) ) ;
#2159 = DIRECTION ( 'NONE',  ( 0.000000000000000000, 1.000000000000000000, 0.000000000000000000 ) ) ;
#2160 = EDGE_LOOP ( 'NONE', ( #1785, #1597, #1683 ) ) ;
#2161 = PLANE ( 'NONE',  #1533 ) ;
#2162 = ADVANCED_FACE ( 'NONE', ( #972 ), #606, .T. ) ;
#2163 = DIRECTION ( 'NONE',  ( 1.000000000000000000, 0.000000000000000000, 0.000000000000000000 ) ) ;
#2164 = FACE_OUTER_BOUND ( 'NONE', #1186, .T. ) ;
#2165 = ORIENTED_EDGE ( 'NONE', *, *, #878, .F. ) ;
#2166 = CARTESIAN_POINT ( 'NONE',  ( 65.09234489249338651, 0.000000000000000000, 36.74981818181813509 ) ) ;
#2167 = CIRCLE ( 'NONE', #2366, 2.000000000000000444 ) ;
#2168 = CC_DESIGN_APPROVAL ( #1894, ( #56 ) ) ;
#2169 = PLANE ( 'NONE',  #1529 ) ;
#2170 = ORIENTED_EDGE ( 'NONE', *, *, #2336, .F. ) ;
#2171 = CIRCLE ( 'NONE', #1370, 0.3737614064268438008 ) ;
#2172 = CARTESIAN_POINT ( 'NONE',  ( 59.86754128908251715, 23.00000000000000000, 33.79999999999997584 ) ) ;
#2173 = ORIENTED_EDGE ( 'NONE', *, *, #2324, .T. ) ;
#2174 = CARTESIAN_POINT ( 'NONE',  ( 59.86754128908251715, 0.000000000000000000, 39.79999999999998295 ) ) ;
#2175 = PERSON_AND_ORGANIZATION ( #1999, #1762 ) ;
#2176 = FACE_OUTER_BOUND ( 'NONE', #178, .T. ) ;
#2177 = VERTEX_POINT ( 'NONE', #1727 ) ;
#2178 = DIRECTION ( 'NONE',  ( 0.000000000000000000, 1.000000000000000000, 0.000000000000000000 ) ) ;
#2179 = DIRECTION ( 'NONE',  ( 0.000000000000000000, 1.000000000000000000, 0.000000000000000000 ) ) ;
#2180 = ORIENTED_EDGE ( 'NONE', *, *, #899, .F. ) ;
#2181 = EDGE_CURVE ( 'NONE', #1106, #213, #275, .T. ) ;
#2182 = CONICAL_SURFACE ( 'NONE', #1741, 2.029815393434719617, 0.1221730476396033355 ) ;
#2183 = VECTOR ( 'NONE', #903, 1000.000000000000000 ) ;
#2184 = DIRECTION ( 'NONE',  ( 0.000000000000000000, 1.000000000000000000, 0.000000000000000000 ) ) ;
#2185 = VECTOR ( 'NONE', #674, 1000.000000000000000 ) ;
#2186 = ADVANCED_FACE ( 'NONE', ( #2356 ), #2452, .F. ) ;
#2187 = ORIENTED_EDGE ( 'NONE', *, *, #1986, .F. ) ;
#2188 = DIRECTION ( 'NONE',  ( 0.1061238974280881431, -0.9925461516413219831, 0.05991540083045802934 ) ) ;
#2189 = CARTESIAN_POINT ( 'NONE',  ( -50.00000000000000000, -13.00000000000000000, 0.000000000000000000 ) ) ;
#2190 = VERTEX_POINT ( 'NONE', #1433 ) ;
#2191 = DIRECTION ( 'NONE',  ( 0.1061238974280881431, -0.9925461516413219831, -0.05991540083045806403 ) ) ;
#2192 = LINE ( 'NONE', #2027, #937 ) ;
#2193 = ORIENTED_EDGE ( 'NONE', *, *, #1997, .T. ) ;
#2194 = ADVANCED_FACE ( 'NONE', ( #1031 ), #1253, .F. ) ;
#2195 = PLANE ( 'NONE',  #2045 ) ;
#2196 = ORIENTED_EDGE ( 'NONE', *, *, #13, .T. ) ;
#2197 = EDGE_LOOP ( 'NONE', ( #2096, #2415 ) ) ;
#2198 = CARTESIAN_POINT ( 'NONE',  ( 4.336808689942017736E-15, 19.00000000000000000, -1.081267381472375111E-14 ) ) ;
#2199 = ORIENTED_EDGE ( 'NONE', *, *, #1418, .T. ) ;
#2200 = CARTESIAN_POINT ( 'NONE',  ( -59.86754128908250294, 0.000000000000000000, 39.79999999999999716 ) ) ;
#2201 = LINE ( 'NONE', #286, #1850 ) ;
#2202 = EDGE_LOOP ( 'NONE', ( #798, #1204, #1019, #1950 ) ) ;
#2203 = APPROVAL_PERSON_ORGANIZATION ( #2361, #311, #647 ) ;
#2204 = EDGE_CURVE ( 'NONE', #1319, #2039, #472, .T. ) ;
#2205 = VECTOR ( 'NONE', #40, 1000.000000000000000 ) ;
#2206 = LINE ( 'NONE', #1241, #1925 ) ;
#2207 = EDGE_LOOP ( 'NONE', ( #718, #1113, #1656, #1790 ) ) ;
#2208 = PRODUCT_DEFINITION_SHAPE ( 'NONE', 'NONE',  #750 ) ;
#2209 = ORIENTED_EDGE ( 'NONE', *, *, #920, .F. ) ;
#2210 = CARTESIAN_POINT ( 'NONE',  ( -63.70237359062114280, 13.00000000000000000, 35.96506856638928440 ) ) ;
#2211 = VERTEX_POINT ( 'NONE', #1228 ) ;
#2212 = EDGE_CURVE ( 'NONE', #1646, #682, #2192, .T. ) ;
#2213 = CARTESIAN_POINT ( 'NONE',  ( -61.63510575272858460, -0.4874773736205909591, -34.79793105888141014 ) ) ;
#2214 = DIRECTION ( 'NONE',  ( 0.000000000000000000, 1.000000000000000000, 0.000000000000000000 ) ) ;
#2215 = EDGE_CURVE ( 'NONE', #2235, #242, #140, .T. ) ;
#2216 = DIRECTION ( 'NONE',  ( 0.000000000000000000, -0.000000000000000000, 1.000000000000000000 ) ) ;
#2217 = ORIENTED_EDGE ( 'NONE', *, *, #714, .T. ) ;
#2218 = AXIS2_PLACEMENT_3D ( 'NONE', #34, #1914, #2331 ) ;
#2219 = FACE_OUTER_BOUND ( 'NONE', #2391, .T. ) ;
#2220 = VERTEX_POINT ( 'NONE', #1214 ) ;
#2221 = VECTOR ( 'NONE', #29, 1000.000000000000000 ) ;
#2222 = AXIS2_PLACEMENT_3D ( 'NONE', #383, #1378, #1141 ) ;
#2223 = ORIENTED_EDGE ( 'NONE', *, *, #1735, .T. ) ;
#2224 = COORDINATED_UNIVERSAL_TIME_OFFSET ( 10, 0, .AHEAD. ) ;
#2225 = LINE ( 'NONE', #1258, #1788 ) ;
#2226 = CIRCLE ( 'NONE', #2427, 2.500000000000002220 ) ;
#2227 = VERTEX_POINT ( 'NONE', #1777 ) ;
#2228 = AXIS2_PLACEMENT_3D ( 'NONE', #537, #319, #119 ) ;
#2229 = FACE_OUTER_BOUND ( 'NONE', #1047, .T. ) ;
#2230 = CARTESIAN_POINT ( 'NONE',  ( -59.86754128908249584, 21.24373868681029265, -33.79999999999999716 ) ) ;
#2231 = ADVANCED_FACE ( 'NONE', ( #1989, #1443 ), #2169, .F. ) ;
#2232 = DIRECTION ( 'NONE',  ( 0.000000000000000000, 0.000000000000000000, 1.000000000000000000 ) ) ;
#2233 = ORIENTED_EDGE ( 'NONE', *, *, #865, .T. ) ;
#2234 = DIRECTION ( 'NONE',  ( 0.000000000000000000, 0.9925461516413219831, 0.1218693434051477398 ) ) ;
#2235 = VERTEX_POINT ( 'NONE', #494 ) ;
#2236 = DIRECTION ( 'NONE',  ( 0.000000000000000000, -1.000000000000000000, 0.000000000000000000 ) ) ;
#2237 = ORIENTED_EDGE ( 'NONE', *, *, #2075, .F. ) ;
#2238 = EDGE_CURVE ( 'NONE', #2283, #2013, #2201, .T. ) ;
#2239 = DIRECTION ( 'NONE',  ( 0.000000000000000000, 0.000000000000000000, 1.000000000000000000 ) ) ;
#2240 = DIRECTION ( 'NONE',  ( -1.000000000000000000, -0.000000000000000000, 1.159041068748987004E-16 ) ) ;
#2241 = PLANE ( 'NONE',  #943 ) ;
#2242 = ORIENTED_EDGE ( 'NONE', *, *, #1384, .F. ) ;
#2243 = CARTESIAN_POINT ( 'NONE',  ( -59.86754128908249584, -0.4874773736205909591, 33.79999999999999005 ) ) ;
#2244 = ORIENTED_EDGE ( 'NONE', *, *, #928, .T. ) ;
#2245 = AXIS2_PLACEMENT_3D ( 'NONE', #1811, #2374, #623 ) ;
#2246 = ADVANCED_FACE ( 'NONE', ( #1043 ), #641, .F. ) ;
#2247 = CIRCLE ( 'NONE', #1091, 0.3737614064268507397 ) ;
#2248 = CARTESIAN_POINT ( 'NONE',  ( -59.86754128908249584, 13.00000000000000000, -34.17376140642684845 ) ) ;
#2249 = CARTESIAN_POINT ( 'NONE',  ( -61.15530077064138936, 4.000000000000000000, -34.52704289402029048 ) ) ;
#2250 = ORIENTED_EDGE ( 'NONE', *, *, #544, .T. ) ;
#2251 = CARTESIAN_POINT ( 'NONE',  ( 59.86754128908251715, 0.000000000000000000, 33.79999999999997584 ) ) ;
#2252 = CARTESIAN_POINT ( 'NONE',  ( 61.63510575272862013, -0.4874773736205909591, 34.79793105888131066 ) ) ;
#2253 = DIRECTION ( 'NONE',  ( -1.000000000000000000, -0.000000000000000000, 1.159041068748987004E-16 ) ) ;
#2254 = ORIENTED_EDGE ( 'NONE', *, *, #1890, .F. ) ;
#2255 = AXIS2_PLACEMENT_3D ( 'NONE', #659, #282, #1936 ) ;
#2256 = DIRECTION ( 'NONE',  ( -0.000000000000000000, -1.000000000000000000, -0.000000000000000000 ) ) ;
#2257 = ADVANCED_FACE ( 'NONE', ( #1405 ), #2394, .T. ) ;
#2258 = VERTEX_POINT ( 'NONE', #677 ) ;
#2259 = LINE ( 'NONE', #1124, #1688 ) ;
#2260 = CARTESIAN_POINT ( 'NONE',  ( 62.82094588332886076, 21.24373868681029265, 35.46743235376072789 ) ) ;
#2261 = EDGE_CURVE ( 'NONE', #1242, #1077, #1617, .T. ) ;
#2262 = AXIS2_PLACEMENT_3D ( 'NONE', #1317, #1116, #1264 ) ;
#2263 = ORIENTED_EDGE ( 'NONE', *, *, #1177, .F. ) ;
#2264 = LINE ( 'NONE', #2062, #1866 ) ;
#2265 = AXIS2_PLACEMENT_3D ( 'NONE', #615, #1176, #2277 ) ;
#2266 = CARTESIAN_POINT ( 'NONE',  ( -17.49999999999998934, 23.00000000000000000, 33.79999999999998295 ) ) ;
#2267 = LINE ( 'NONE', #1839, #774 ) ;
#2268 = VERTEX_POINT ( 'NONE', #2381 ) ;
#2269 = ADVANCED_FACE ( 'NONE', ( #879 ), #423, .F. ) ;
#2270 = CARTESIAN_POINT ( 'NONE',  ( -59.86754128908250294, 21.24373868681029265, 37.19159687340393816 ) ) ;
#2271 = ORIENTED_EDGE ( 'NONE', *, *, #160, .F. ) ;
#2272 = EDGE_LOOP ( 'NONE', ( #1820, #894, #1275, #1473 ) ) ;
#2273 = DIRECTION ( 'NONE',  ( 0.000000000000000000, 0.000000000000000000, 1.000000000000000000 ) ) ;
#2274 = CARTESIAN_POINT ( 'NONE',  ( 22.50000000000001421, 20.99999999999999645, -35.20650457012131085 ) ) ;
#2275 = VERTEX_POINT ( 'NONE', #666 ) ;
#2276 = CARTESIAN_POINT ( 'NONE',  ( -59.86754128908250294, 0.000000000000000000, 39.79999999999999716 ) ) ;
#2277 = DIRECTION ( 'NONE',  ( 0.000000000000000000, 0.000000000000000000, 1.000000000000000000 ) ) ;
#2278 = CARTESIAN_POINT ( 'NONE',  ( -22.50000000000001421, 13.00000000000000000, -38.20380070826223573 ) ) ;
#2279 = ORIENTED_EDGE ( 'NONE', *, *, #1760, .F. ) ;
#2280 = DIRECTION ( 'NONE',  ( -1.000000000000000000, 2.296894360783942764E-35, 1.159041068748986758E-16 ) ) ;
#2281 = VERTEX_POINT ( 'NONE', #688 ) ;
#2282 = EDGE_CURVE ( 'NONE', #339, #2428, #338, .T. ) ;
#2283 = VERTEX_POINT ( 'NONE', #1055 ) ;
#2284 = CARTESIAN_POINT ( 'NONE',  ( 59.86754128908250294, 23.00000000000000000, -32.97595509923321089 ) ) ;
#2285 = DIRECTION ( 'NONE',  ( 0.000000000000000000, 0.000000000000000000, 1.000000000000000000 ) ) ;
#2286 = VECTOR ( 'NONE', #205, 1000.000000000000000 ) ;
#2287 = ORIENTED_EDGE ( 'NONE', *, *, #1632, .F. ) ;
#2288 = AXIS2_PLACEMENT_3D ( 'NONE', #2243, #2081, #166 ) ;
#2289 = DIRECTION ( 'NONE',  ( -1.000000000000000000, 2.296894360783942764E-35, 1.159041068748986758E-16 ) ) ;
#2290 = DIRECTION ( 'NONE',  ( 1.000000000000000000, 0.000000000000000000, 0.000000000000000000 ) ) ;
#2291 = EDGE_CURVE ( 'NONE', #361, #2432, #1570, .T. ) ;
#2292 = AXIS2_PLACEMENT_3D ( 'NONE', #435, #618, #212 ) ;
#2293 = CARTESIAN_POINT ( 'NONE',  ( 0.000000000000000000, -4.000000000000000000, 2.000000000000000888 ) ) ;
#2294 = CONICAL_SURFACE ( 'NONE', #2051, 5.999999999999998224, 0.1221730476396033355 ) ;
#2295 = EDGE_CURVE ( 'NONE', #1635, #2211, #816, .T. ) ;
#2296 = TOROIDAL_SURFACE ( 'NONE', #1340, 1.406504570121301922, 2.000000000000000000 ) ;
#2297 = APPROVAL ( #1273, 'UNSPECIFIED' ) ;
#2298 = LINE ( 'NONE', #1203, #533 ) ;
#2299 = ORIENTED_EDGE ( 'NONE', *, *, #1114, .T. ) ;
#2300 = CARTESIAN_POINT ( 'NONE',  ( 59.86754128908251715, -0.4874773736205909591, 35.82981539343469279 ) ) ;
#2301 = CARTESIAN_POINT ( 'NONE',  ( -59.38452459552404861, 19.00000000000000000, 32.97595509923318247 ) ) ;
#2302 = ORIENTED_EDGE ( 'NONE', *, *, #2026, .T. ) ;
#2303 = PLANE ( 'NONE',  #2383 ) ;
#2304 = DIRECTION ( 'NONE',  ( 1.000000000000000000, 0.000000000000000000, -0.000000000000000000 ) ) ;
#2305 = VECTOR ( 'NONE', #1919, 1000.000000000000000 ) ;
#2306 = CIRCLE ( 'NONE', #665, 2.500000000000002220 ) ;
#2307 = EDGE_CURVE ( 'NONE', #2442, #1162, #1680, .T. ) ;
#2308 = LINE ( 'NONE', #593, #785 ) ;
#2309 = VECTOR ( 'NONE', #1246, 1000.000000000000000 ) ;
#2310 = CARTESIAN_POINT ( 'NONE',  ( 4.336808689942017736E-15, 23.00000000000000000, -1.081267381472375111E-14 ) ) ;
#2311 = VERTEX_POINT ( 'NONE', #1670 ) ;
#2312 = EDGE_CURVE ( 'NONE', #1226, #1983, #1105, .T. ) ;
#2313 = CARTESIAN_POINT ( 'NONE',  ( -59.86754128908250294, 13.00000000000000000, 34.17376140642684135 ) ) ;
#2314 = DIRECTION ( 'NONE',  ( 0.000000000000000000, 1.000000000000000000, 0.000000000000000000 ) ) ;
#2315 = ORIENTED_EDGE ( 'NONE', *, *, #399, .F. ) ;
#2316 = LINE ( 'NONE', #1353, #1581 ) ;
#2317 = CARTESIAN_POINT ( 'NONE',  ( 0.000000000000000000, 0.000000000000000000, 0.000000000000000000 ) ) ;
#2318 = EDGE_CURVE ( 'NONE', #989, #743, #1503, .T. ) ;
#2319 = CARTESIAN_POINT ( 'NONE',  ( 59.65528122024535662, 19.00000000000000000, 33.43705404100939660 ) ) ;
#2320 = LINE ( 'NONE', #767, #298 ) ;
#2321 = EDGE_LOOP ( 'NONE', ( #838, #2223, #1292, #1236 ) ) ;
#2322 = FACE_OUTER_BOUND ( 'NONE', #963, .T. ) ;
#2323 = DIRECTION ( 'NONE',  ( 0.000000000000000000, 0.000000000000000000, -1.000000000000000000 ) ) ;
#2324 = EDGE_CURVE ( 'NONE', #842, #973, #2093, .T. ) ;
#2325 = VERTEX_POINT ( 'NONE', #2278 ) ;
#2326 = FACE_OUTER_BOUND ( 'NONE', #880, .T. ) ;
#2327 = DIRECTION ( 'NONE',  ( 0.000000000000000000, 0.000000000000000000, 1.000000000000000000 ) ) ;
#2328 = CYLINDRICAL_SURFACE ( 'NONE', #1666, 2.000000000000001776 ) ;
#2329 = APPROVAL_PERSON_ORGANIZATION ( #1599, #1894, #826 ) ;
#2330 = AXIS2_PLACEMENT_3D ( 'NONE', #1097, #1672, #910 ) ;
#2331 = DIRECTION ( 'NONE',  ( 0.000000000000000000, 0.9925461516413219831, 0.1218693434051477398 ) ) ;
#2332 = AXIS2_PLACEMENT_3D ( 'NONE', #1802, #1594, #99 ) ;
#2333 = DIRECTION ( 'NONE',  ( -0.000000000000000000, -1.000000000000000000, -0.000000000000000000 ) ) ;
#2334 = ORIENTED_EDGE ( 'NONE', *, *, #1095, .F. ) ;
#2335 = PLANE ( 'NONE',  #2130 ) ;
#2336 = EDGE_CURVE ( 'NONE', #2474, #873, #142, .T. ) ;
#2337 = DIRECTION ( 'NONE',  ( 0.000000000000000000, 0.000000000000000000, 1.000000000000000000 ) ) ;
#2338 = ORIENTED_EDGE ( 'NONE', *, *, #2472, .F. ) ;
#2339 = DIRECTION ( 'NONE',  ( 0.000000000000000000, 1.000000000000000000, 0.000000000000000000 ) ) ;
#2340 = PERSON_AND_ORGANIZATION ( #1999, #1762 ) ;
#2341 = CC_DESIGN_DATE_AND_TIME_ASSIGNMENT ( #253, #267, ( #750 ) ) ;
#2342 = DIRECTION ( 'NONE',  ( -0.000000000000000000, -1.000000000000000000, -0.000000000000000000 ) ) ;
#2343 = ORIENTED_EDGE ( 'NONE', *, *, #1818, .T. ) ;
#2344 = AXIS2_PLACEMENT_3D ( 'NONE', #306, #2011, #1393 ) ;
#2345 = FACE_OUTER_BOUND ( 'NONE', #948, .T. ) ;
#2346 = FACE_OUTER_BOUND ( 'NONE', #1456, .T. ) ;
#2347 = ORIENTED_EDGE ( 'NONE', *, *, #803, .T. ) ;
#2348 = EDGE_CURVE ( 'NONE', #2281, #973, #2431, .T. ) ;
#2349 = CIRCLE ( 'NONE', #508, 4.403800708262246566 ) ;
#2350 = DIRECTION ( 'NONE',  ( 0.000000000000000000, 0.000000000000000000, 1.000000000000000000 ) ) ;
#2351 = VERTEX_POINT ( 'NONE', #1868 ) ;
#2352 = CARTESIAN_POINT ( 'NONE',  ( 61.09232631344644915, 23.00000000000000000, -34.49148879229237963 ) ) ;
#2353 = DIRECTION ( 'NONE',  ( 0.000000000000000000, 0.000000000000000000, 1.000000000000000000 ) ) ;
#2354 = EDGE_LOOP ( 'NONE', ( #1420, #171, #329, #1339 ) ) ;
#2355 = LINE ( 'NONE', #285, #1979 ) ;
#2356 = FACE_OUTER_BOUND ( 'NONE', #408, .T. ) ;
#2357 = VERTEX_POINT ( 'NONE', #1080 ) ;
#2358 = CARTESIAN_POINT ( 'NONE',  ( -59.86754128908249584, 13.00000000000000000, -38.20380070826222862 ) ) ;
#2359 = ORIENTED_EDGE ( 'NONE', *, *, #373, .T. ) ;
#2360 = CARTESIAN_POINT ( 'NONE',  ( 65.09234489249338651, 0.000000000000000000, 36.74981818181813509 ) ) ;
#2361 = PERSON_AND_ORGANIZATION ( #1999, #1762 ) ;
#2362 = DIRECTION ( 'NONE',  ( 0.000000000000000000, 0.000000000000000000, 1.000000000000000000 ) ) ;
#2363 = ORIENTED_EDGE ( 'NONE', *, *, #354, .T. ) ;
#2364 = LINE ( 'NONE', #1998, #1023 ) ;
#2365 = EDGE_CURVE ( 'NONE', #644, #1352, #2267, .T. ) ;
#2366 = AXIS2_PLACEMENT_3D ( 'NONE', #719, #1909, #1510 ) ;
#2367 = CARTESIAN_POINT ( 'NONE',  ( 59.86754128908251715, 19.00000000000000000, 33.79999999999997584 ) ) ;
#2368 = VERTEX_POINT ( 'NONE', #740 ) ;
#2369 = VECTOR ( 'NONE', #742, 1000.000000000000000 ) ;
#2370 = EDGE_CURVE ( 'NONE', #995, #375, #1096, .T. ) ;
#2371 = DIRECTION ( 'NONE',  ( 0.000000000000000000, 1.000000000000000000, 0.000000000000000000 ) ) ;
#2372 = ORIENTED_EDGE ( 'NONE', *, *, #2005, .T. ) ;
#2373 = AXIS2_PLACEMENT_3D ( 'NONE', #1878, #2441, #704 ) ;
#2374 = DIRECTION ( 'NONE',  ( 0.000000000000000000, -1.000000000000000000, 0.000000000000000000 ) ) ;
#2375 = PERSON_AND_ORGANIZATION ( #1999, #1762 ) ;
#2376 = PLANE ( 'NONE',  #2107 ) ;
#2377 = ORIENTED_EDGE ( 'NONE', *, *, #1774, .T. ) ;
#2378 = EDGE_CURVE ( 'NONE', #1569, #1226, #1308, .T. ) ;
#2379 = LINE ( 'NONE', #1069, #391 ) ;
#2380 = EDGE_CURVE ( 'NONE', #1574, #1173, #1415, .T. ) ;
#2381 = CARTESIAN_POINT ( 'NONE',  ( -59.38452459552403440, 19.00000000000000000, -32.97595509923323931 ) ) ;
#2382 = ORIENTED_EDGE ( 'NONE', *, *, #2019, .F. ) ;
#2383 = AXIS2_PLACEMENT_3D ( 'NONE', #382, #1525, #764 ) ;
#2384 = VECTOR ( 'NONE', #222, 1000.000000000000000 ) ;
#2385 = CIRCLE ( 'NONE', #828, 6.000000000000000888 ) ;
#2386 = PLANE ( 'NONE',  #1489 ) ;
#2387 = CIRCLE ( 'NONE', #236, 0.3737614064268576786 ) ;
#2388 = ORIENTED_EDGE ( 'NONE', *, *, #2026, .F. ) ;
#2389 = EDGE_LOOP ( 'NONE', ( #2403, #2244, #1410, #78 ) ) ;
#2390 = CARTESIAN_POINT ( 'NONE',  ( 22.50000000000000711, 20.99999999999999645, 35.20650457012128953 ) ) ;
#2391 = EDGE_LOOP ( 'NONE', ( #100, #327, #63, #2056 ) ) ;
#2392 = DIRECTION ( 'NONE',  ( 0.000000000000000000, -0.000000000000000000, 1.000000000000000000 ) ) ;
#2393 = EDGE_CURVE ( 'NONE', #721, #1977, #754, .T. ) ;
#2394 = PLANE ( 'NONE',  #17 ) ;
#2395 = EDGE_LOOP ( 'NONE', ( #634, #198, #2287, #1312 ) ) ;
#2396 = B_SPLINE_CURVE_WITH_KNOTS ( 'NONE', 3,
 ( #475, #89, #1230, #1991 ),
 .UNSPECIFIED., .F., .F.,
 ( 4, 4 ),
 ( 0.000000000000000000, 0.002985710901060314830 ),
 .UNSPECIFIED. ) ;
#2397 = PLANE ( 'NONE',  #613 ) ;
#2398 = ORIENTED_EDGE ( 'NONE', *, *, #668, .T. ) ;
#2399 = EDGE_LOOP ( 'NONE', ( #2114, #1953 ) ) ;
#2400 = PERSON_AND_ORGANIZATION ( #1999, #1762 ) ;
#2401 = CARTESIAN_POINT ( 'NONE',  ( 61.63510575272862013, -0.4874773736205909591, 34.79793105888131066 ) ) ;
#2402 = ADVANCED_FACE ( 'NONE', ( #164 ), #1093, .F. ) ;
#2403 = ORIENTED_EDGE ( 'NONE', *, *, #486, .T. ) ;
#2404 = CARTESIAN_POINT ( 'NONE',  ( 22.50000000000000711, 19.00000000000000000, 33.43705404100940370 ) ) ;
#2405 = DIRECTION ( 'NONE',  ( 0.000000000000000000, 0.000000000000000000, 1.000000000000000000 ) ) ;
#2406 = DIRECTION ( 'NONE',  ( -0.000000000000000000, -1.000000000000000000, -0.000000000000000000 ) ) ;
#2407 = ORIENTED_EDGE ( 'NONE', *, *, #94, .T. ) ;
#2408 = CIRCLE ( 'NONE', #101, 1.406504570121307252 ) ;
#2409 = LINE ( 'NONE', #1619, #1450 ) ;
#2410 = CONICAL_SURFACE ( 'NONE', #2292, 2.029815393434719617, 0.1221730476396033355 ) ;
#2411 = ORIENTED_EDGE ( 'NONE', *, *, #1711, .F. ) ;
#2412 = ADVANCED_FACE ( 'NONE', ( #149, #174, #715, #542 ), #2241, .F. ) ;
#2413 = ORIENTED_EDGE ( 'NONE', *, *, #60, .T. ) ;
#2414 = LINE ( 'NONE', #2034, #1463 ) ;
#2415 = ORIENTED_EDGE ( 'NONE', *, *, #1126, .F. ) ;
#2416 = LINE ( 'NONE', #699, #232 ) ;
#2417 = CARTESIAN_POINT ( 'NONE',  ( 17.50000000000000711, 23.00000000000000000, 33.79999999999998295 ) ) ;
#2418 = CARTESIAN_POINT ( 'NONE',  ( -59.86754128908249584, 23.00000000000000000, -35.20650457012130374 ) ) ;
#2419 = EDGE_LOOP ( 'NONE', ( #1267, #513, #2032, #333 ) ) ;
#2420 = DIRECTION ( 'NONE',  ( 1.743440679373675317E-16, 0.000000000000000000, -1.000000000000000000 ) ) ;
#2421 = VECTOR ( 'NONE', #676, 1000.000000000000000 ) ;
#2422 = EDGE_CURVE ( 'NONE', #2190, #396, #693, .T. ) ;
#2423 = VERTEX_POINT ( 'NONE', #2068 ) ;
#2424 = AXIS2_PLACEMENT_3D ( 'NONE', #563, #2098, #1351 ) ;
#2425 = AXIS2_PLACEMENT_3D ( 'NONE', #1923, #1365, #30 ) ;
#2426 = DIRECTION ( 'NONE',  ( 0.000000000000000000, 0.000000000000000000, -1.000000000000000000 ) ) ;
#2427 = AXIS2_PLACEMENT_3D ( 'NONE', #2189, #478, #1773 ) ;
#2428 = VERTEX_POINT ( 'NONE', #2079 ) ;
#2429 = DIRECTION ( 'NONE',  ( 0.000000000000000000, 0.000000000000000000, 1.000000000000000000 ) ) ;
#2430 = DIRECTION ( 'NONE',  ( 0.000000000000000000, 1.000000000000000000, 0.000000000000000000 ) ) ;
#2431 = LINE ( 'NONE', #1131, #1853 ) ;
#2432 = VERTEX_POINT ( 'NONE', #360 ) ;
#2433 = CARTESIAN_POINT ( 'NONE',  ( 59.86754128908251715, 19.00000000000000000, -32.97595509923319668 ) ) ;
#2434 = ORIENTED_EDGE ( 'NONE', *, *, #865, .F. ) ;
#2435 = DIRECTION ( 'NONE',  ( 0.000000000000000000, 1.000000000000000000, 0.000000000000000000 ) ) ;
#2436 = DIRECTION ( 'NONE',  ( -0.000000000000000000, -1.000000000000000000, -0.000000000000000000 ) ) ;
#2437 = ORIENTED_EDGE ( 'NONE', *, *, #1842, .T. ) ;
#2438 = CARTESIAN_POINT ( 'NONE',  ( 50.00000000000000000, 0.000000000000000000, 0.000000000000000000 ) ) ;
#2439 = DIRECTION ( 'NONE',  ( 0.000000000000000000, 1.000000000000000000, 0.000000000000000000 ) ) ;
#2440 = ADVANCED_FACE ( 'NONE', ( #1118 ), #2296, .T. ) ;
#2441 = DIRECTION ( 'NONE',  ( 0.000000000000000000, 1.000000000000000000, 0.000000000000000000 ) ) ;
#2442 = VERTEX_POINT ( 'NONE', #2456 ) ;
#2443 = CARTESIAN_POINT ( 'NONE',  ( 22.50000000000000711, 23.00000000000000000, 33.79999999999996874 ) ) ;
#2444 = EDGE_CURVE ( 'NONE', #912, #410, #1971, .T. ) ;
#2445 = LOCAL_TIME ( 14, 50, 25.00000000000000000, #1748 ) ;
#2446 = ORIENTED_EDGE ( 'NONE', *, *, #1252, .T. ) ;
#2447 = AXIS2_PLACEMENT_3D ( 'NONE', #2150, #1411, #812 ) ;
#2448 = DIRECTION ( 'NONE',  ( -1.150401752381052000E-16, 0.1218693434051477398, -0.9925461516413219831 ) ) ;
#2449 = CARTESIAN_POINT ( 'NONE',  ( 7.806255641895631925E-15, 21.24373868681029265, -1.546489501303238626E-14 ) ) ;
#2450 = AXIS2_PLACEMENT_3D ( 'NONE', #643, #1408, #1981 ) ;
#2451 = ORIENTED_EDGE ( 'NONE', *, *, #1329, .F. ) ;
#2452 = CONICAL_SURFACE ( 'NONE', #1374, 70.77981539343471695, 0.1221730476396033355 ) ;
#2453 = CARTESIAN_POINT ( 'NONE',  ( -59.86754128908250294, 13.00000000000000000, 38.20380070826222862 ) ) ;
#2454 = LINE ( 'NONE', #1103, #156 ) ;
#2455 = ADVANCED_FACE ( 'NONE', ( #1588 ), #541, .T. ) ;
#2456 = CARTESIAN_POINT ( 'NONE',  ( 59.86754128908249584, 13.00000000000000000, -38.20380070826224284 ) ) ;
#2457 = ORIENTED_EDGE ( 'NONE', *, *, #969, .F. ) ;
#2458 = DIRECTION ( 'NONE',  ( 0.1061238974280881431, -0.9925461516413219831, -0.05991540083045806403 ) ) ;
#2459 = ORIENTED_EDGE ( 'NONE', *, *, #1166, .T. ) ;
#2460 = ORIENTED_EDGE ( 'NONE', *, *, #2100, .F. ) ;
#2461 = VECTOR ( 'NONE', #1100, 1000.000000000000000 ) ;
#2462 = VECTOR ( 'NONE', #258, 1000.000000000000000 ) ;
#2463 = DIRECTION ( 'NONE',  ( 1.000000000000000000, 0.000000000000000000, -1.982541115402064863E-16 ) ) ;
#2464 = DIRECTION ( 'NONE',  ( 0.000000000000000000, 0.000000000000000000, 1.000000000000000000 ) ) ;
#2465 = AXIS2_PLACEMENT_3D ( 'NONE', #2122, #976, #227 ) ;
#2466 = VECTOR ( 'NONE', #481, 1000.000000000000000 ) ;
#2467 = ORIENTED_EDGE ( 'NONE', *, *, #337, .T. ) ;
#2468 = FACE_OUTER_BOUND ( 'NONE', #128, .T. ) ;
#2469 = DIRECTION ( 'NONE',  ( 1.000000000000000000, -0.000000000000000000, -1.159041068748986758E-16 ) ) ;
#2470 = DIRECTION ( 'NONE',  ( -1.000000000000000000, -0.000000000000000000, 1.159041068748987004E-16 ) ) ;
#2471 = ORIENTED_EDGE ( 'NONE', *, *, #1458, .F. ) ;
#2472 = EDGE_CURVE ( 'NONE', #1392, #363, #1298, .T. ) ;
#2473 = PLANE ( 'NONE',  #1010 ) ;
#2474 = VERTEX_POINT ( 'NONE', #1038 ) ;
#2475 = ORIENTED_EDGE ( 'NONE', *, *, #1556, .F. ) ;
#2476 = FACE_OUTER_BOUND ( 'NONE', #53, .T. ) ;
#2477 = EDGE_CURVE ( 'NONE', #1352, #129, #2247, .T. ) ;
ENDSEC;
END-ISO-10303-21;
