ISO-10303-21;
HEADER;
FILE_DESCRIPTION (( 'STEP AP203' ),
    '1' );
FILE_NAME ('CV03-TR-14_REV_B_5d77a0e1ba7b46bb8749a23d37d2a579.tmp.step',
    '2026-07-11T06:44:49',
    ( '' ),
    ( '' ),
    'SwSTEP 2.0',
    'SolidWorks 2025',
    '' );
FILE_SCHEMA (( 'CONFIG_CONTROL_DESIGN' ));
ENDSEC;

DATA;
#1 = ORIENTED_EDGE ( 'NONE', *, *, #1247, .T. ) ;
#2 = CARTESIAN_POINT ( 'NONE',  ( 999.9999999999997726, -574.8301822523413875, -544.8999999999997499 ) ) ;
#3 = ORIENTED_EDGE ( 'NONE', *, *, #178, .T. ) ;
#4 = FACE_OUTER_BOUND ( 'NONE', #1178, .T. ) ;
#5 = VECTOR ( 'NONE', #145, 1000.000000000000000 ) ;
#6 = FACE_OUTER_BOUND ( 'NONE', #873, .T. ) ;
#7 = DIRECTION ( 'NONE',  ( 0.4999999999999995559, -0.000000000000000000, 0.8660254037844389297 ) ) ;
#8 = ORIENTED_EDGE ( 'NONE', *, *, #1478, .F. ) ;
#9 = DIRECTION ( 'NONE',  ( 0.000000000000000000, 0.000000000000000000, -1.000000000000000000 ) ) ;
#10 = ORIENTED_EDGE ( 'NONE', *, *, #800, .F. ) ;
#11 = DIRECTION ( 'NONE',  ( 0.000000000000000000, 1.000000000000000000, -0.000000000000000000 ) ) ;
#12 = ORIENTED_EDGE ( 'NONE', *, *, #1199, .T. ) ;
#13 = CARTESIAN_POINT ( 'NONE',  ( 986.4499999999997044, -1169.805262667903889, -658.4692884425583088 ) ) ;
#14 = ORIENTED_EDGE ( 'NONE', *, *, #1130, .F. ) ;
#15 = DIRECTION ( 'NONE',  ( 0.000000000000000000, 0.000000000000000000, -1.000000000000000000 ) ) ;
#16 = EDGE_CURVE ( 'NONE', #529, #149, #563, .T. ) ;
#17 = VECTOR ( 'NONE', #1103, 1000.000000000000000 ) ;
#18 = ADVANCED_FACE ( 'NONE', ( #1112 ), #1102, .T. ) ;
#19 = EDGE_LOOP ( 'NONE', ( #442, #662, #995, #1596 ) ) ;
#20 = DIRECTION ( 'NONE',  ( 0.8660254037844389297, -0.000000000000000000, -0.4999999999999995559 ) ) ;
#21 = DIRECTION ( 'NONE',  ( 6.001205538514363462E-16, 0.000000000000000000, -1.000000000000000000 ) ) ;
#22 = LINE ( 'NONE', #1678, #1253 ) ;
#23 = VERTEX_POINT ( 'NONE', #1780 ) ;
#24 = CYLINDRICAL_SURFACE ( 'NONE', #1147, 12.00000000000001066 ) ;
#25 = APPLICATION_CONTEXT ( 'configuration controlled 3d designs of mechanical parts and assemblies' ) ;
#26 = UNCERTAINTY_MEASURE_WITH_UNIT (LENGTH_MEASURE( 1.000000000000000082E-05 ), #1396, 'distance_accuracy_value', 'NONE');
#27 = ORIENTED_EDGE ( 'NONE', *, *, #48, .F. ) ;
#28 = CARTESIAN_POINT ( 'NONE',  ( 892.4999999999997726, -1184.660601727231324, -821.1954618136544468 ) ) ;
#29 = VECTOR ( 'NONE', #640, 1000.000000000000000 ) ;
#30 = DIRECTION ( 'NONE',  ( 0.000000000000000000, -1.000000000000000000, 0.000000000000000000 ) ) ;
#31 = CARTESIAN_POINT ( 'NONE',  ( 999.9999999999997726, -574.8301822523413875, -550.0999999999996817 ) ) ;
#32 = PERSON_AND_ORGANIZATION ( #1008, #417 ) ;
#33 = ORIENTED_EDGE ( 'NONE', *, *, #1373, .T. ) ;
#34 = LINE ( 'NONE', #725, #1626 ) ;
#35 = EDGE_LOOP ( 'NONE', ( #45, #1166, #594, #1606 ) ) ;
#36 = DIRECTION ( 'NONE',  ( 0.000000000000000000, 1.000000000000000000, 0.000000000000000000 ) ) ;
#37 = SECURITY_CLASSIFICATION ( '', '', #734 ) ;
#38 = EDGE_CURVE ( 'NONE', #325, #1542, #959, .T. ) ;
#39 = EDGE_CURVE ( 'NONE', #1430, #529, #543, .T. ) ;
#40 = DIRECTION ( 'NONE',  ( -0.4999999999999987788, 0.000000000000000000, -0.8660254037844393737 ) ) ;
#41 = LINE ( 'NONE', #1013, #1108 ) ;
#42 = PERSON_AND_ORGANIZATION_ROLE ( 'design_owner' ) ;
#43 = ORIENTED_EDGE ( 'NONE', *, *, #1666, .F. ) ;
#44 = PLANE ( 'NONE',  #1007 ) ;
#45 = ORIENTED_EDGE ( 'NONE', *, *, #1269, .F. ) ;
#46 = LINE ( 'NONE', #595, #484 ) ;
#47 = LINE ( 'NONE', #1299, #151 ) ;
#48 = EDGE_CURVE ( 'NONE', #1705, #325, #1245, .T. ) ;
#49 = EDGE_CURVE ( 'NONE', #1200, #331, #1639, .T. ) ;
#50 = DIRECTION ( 'NONE',  ( -1.000000000000000000, 0.000000000000000000, -6.001205538514363462E-16 ) ) ;
#51 = ADVANCED_FACE ( 'NONE', ( #126 ), #282, .F. ) ;
#52 = CARTESIAN_POINT ( 'NONE',  ( 940.1776695296639446, -1114.305262667903662, -738.6153158017973510 ) ) ;
#53 = COORDINATED_UNIVERSAL_TIME_OFFSET ( 10, 0, .AHEAD. ) ;
#54 = ORIENTED_EDGE ( 'NONE', *, *, #786, .T. ) ;
#55 = CARTESIAN_POINT ( 'NONE',  ( 999.9999999999997726, -1089.305262667903889, -633.3923048454130367 ) ) ;
#56 = ORIENTED_EDGE ( 'NONE', *, *, #479, .T. ) ;
#57 = DIRECTION ( 'NONE',  ( 0.000000000000000000, 1.000000000000000000, 0.000000000000000000 ) ) ;
#58 = VECTOR ( 'NONE', #1579, 1000.000000000000000 ) ;
#59 = CARTESIAN_POINT ( 'NONE',  ( 999.9999999999997726, -1178.805262667903662, -544.8999999999997499 ) ) ;
#60 = AXIS2_PLACEMENT_3D ( 'NONE', #1254, #418, #21 ) ;
#61 = DIRECTION ( 'NONE',  ( 0.8660254037844389297, -0.000000000000000000, -0.4999999999999995559 ) ) ;
#62 = LINE ( 'NONE', #1022, #1313 ) ;
#63 = ORIENTED_EDGE ( 'NONE', *, *, #1319, .F. ) ;
#64 = LINE ( 'NONE', #605, #233 ) ;
#65 = ORIENTED_EDGE ( 'NONE', *, *, #1221, .T. ) ;
#66 = FACE_BOUND ( 'NONE', #1456, .T. ) ;
#67 = DIRECTION ( 'NONE',  ( -1.000000000000000000, 0.000000000000000000, -6.001205538514363462E-16 ) ) ;
#68 = CARTESIAN_POINT ( 'NONE',  ( 999.9999999999997726, -1249.305262667903662, -634.9999999999997726 ) ) ;
#69 = CARTESIAN_POINT ( 'NONE',  ( 991.6461524227063364, -1169.805262667903889, -661.4692884425581951 ) ) ;
#70 = VECTOR ( 'NONE', #1028, 1000.000000000000000 ) ;
#71 = ORIENTED_EDGE ( 'NONE', *, *, #1442, .F. ) ;
#72 = CARTESIAN_POINT ( 'NONE',  ( 999.9999999999997726, -1173.805262667904117, -544.8999999999997499 ) ) ;
#73 = ORIENTED_EDGE ( 'NONE', *, *, #488, .F. ) ;
#74 = EDGE_CURVE ( 'NONE', #1524, #394, #680, .T. ) ;
#75 = DIRECTION ( 'NONE',  ( 0.000000000000000000, 1.000000000000000000, 0.000000000000000000 ) ) ;
#76 = EDGE_CURVE ( 'NONE', #139, #1587, #272, .T. ) ;
#77 = CARTESIAN_POINT ( 'NONE',  ( 955.1461524227066775, -1169.805262667903889, -724.6891429188217444 ) ) ;
#78 = LINE ( 'NONE', #1175, #1250 ) ;
#79 = ORIENTED_EDGE ( 'NONE', *, *, #1189, .T. ) ;
#80 = DIRECTION ( 'NONE',  ( -0.000000000000000000, 1.000000000000000000, -0.000000000000000000 ) ) ;
#81 = EDGE_LOOP ( 'NONE', ( #1260, #915, #702, #157 ) ) ;
#82 = DIRECTION ( 'NONE',  ( -0.4999999999999995559, -0.000000000000000000, -0.8660254037844389297 ) ) ;
#83 = CARTESIAN_POINT ( 'NONE',  ( 999.9999999999997726, -574.8301822523413875, -544.8999999999997499 ) ) ;
#84 = DIRECTION ( 'NONE',  ( -1.000000000000000000, 0.000000000000000000, -6.001205538514363462E-16 ) ) ;
#85 = VECTOR ( 'NONE', #570, 1000.000000000000000 ) ;
#86 = VECTOR ( 'NONE', #148, 1000.000000000000000 ) ;
#87 = EDGE_LOOP ( 'NONE', ( #8, #1209, #650, #241 ) ) ;
#88 = DIRECTION ( 'NONE',  ( 0.4999999999999995559, -0.000000000000000000, 0.8660254037844389297 ) ) ;
#89 = VERTEX_POINT ( 'NONE', #400 ) ;
#90 = CARTESIAN_POINT ( 'NONE',  ( 1005.999999999999773, -574.8301822523413875, -550.0999999999996817 ) ) ;
#91 = ADVANCED_FACE ( 'NONE', ( #6 ), #1512, .F. ) ;
#92 = CARTESIAN_POINT ( 'NONE',  ( 993.9999999999997726, -1089.305262667903889, -633.3923048454130367 ) ) ;
#93 = EDGE_CURVE ( 'NONE', #1661, #388, #832, .T. ) ;
#94 = ORIENTED_EDGE ( 'NONE', *, *, #877, .T. ) ;
#95 = CARTESIAN_POINT ( 'NONE',  ( 999.9999999999997726, -1178.805262667903662, -603.8999999999998636 ) ) ;
#96 = ORIENTED_EDGE ( 'NONE', *, *, #902, .T. ) ;
#97 = LINE ( 'NONE', #2, #363 ) ;
#98 = EDGE_LOOP ( 'NONE', ( #1449, #440, #1620, #970 ) ) ;
#99 = LINE ( 'NONE', #399, #490 ) ;
#100 = VECTOR ( 'NONE', #330, 1000.000000000000000 ) ;
#101 = FACE_BOUND ( 'NONE', #1575, .T. ) ;
#102 = ADVANCED_FACE ( 'NONE', ( #134 ), #689, .F. ) ;
#103 = VERTEX_POINT ( 'NONE', #437 ) ;
#104 = CARTESIAN_POINT ( 'NONE',  ( 999.9999999999997726, -1178.805262667903662, -609.0999999999999091 ) ) ;
#105 = ORIENTED_EDGE ( 'NONE', *, *, #841, .F. ) ;
#106 = FACE_OUTER_BOUND ( 'NONE', #1368, .T. ) ;
#107 = VERTEX_POINT ( 'NONE', #983 ) ;
#108 = PLANE ( 'NONE',  #1064 ) ;
#109 = LINE ( 'NONE', #527, #1771 ) ;
#110 = EDGE_CURVE ( 'NONE', #762, #1731, #299, .T. ) ;
#111 = EDGE_LOOP ( 'NONE', ( #27, #286, #3, #164 ) ) ;
#112 = LINE ( 'NONE', #234, #29 ) ;
#113 = ORIENTED_EDGE ( 'NONE', *, *, #204, .T. ) ;
#114 = CARTESIAN_POINT ( 'NONE',  ( 989.0499999999999545, -1089.305262667903889, -653.9659563428787123 ) ) ;
#115 = VECTOR ( 'NONE', #1193, 1000.000000000000000 ) ;
#116 = ORIENTED_EDGE ( 'NONE', *, *, #1060, .F. ) ;
#117 = CARTESIAN_POINT ( 'NONE',  ( 949.9500000000000455, -1169.805262667903889, -721.6891429188217444 ) ) ;
#118 = ORIENTED_EDGE ( 'NONE', *, *, #390, .T. ) ;
#119 = LINE ( 'NONE', #1208, #836 ) ;
#120 = VERTEX_POINT ( 'NONE', #1770 ) ;
#121 = DIRECTION ( 'NONE',  ( 0.000000000000000000, -1.000000000000000000, 0.000000000000000000 ) ) ;
#122 = EDGE_CURVE ( 'NONE', #567, #407, #536, .T. ) ;
#123 = VERTEX_POINT ( 'NONE', #1495 ) ;
#124 = ADVANCED_FACE ( 'NONE', ( #1685 ), #1271, .F. ) ;
#125 = DIRECTION ( 'NONE',  ( -0.4999999999999995559, -0.000000000000000000, -0.8660254037844389297 ) ) ;
#126 = FACE_OUTER_BOUND ( 'NONE', #1380, .T. ) ;
#127 = CARTESIAN_POINT ( 'NONE',  ( 1010.883743184927539, -937.5377762980507441, -616.1488038271734240 ) ) ;
#128 = ORIENTED_EDGE ( 'NONE', *, *, #1399, .T. ) ;
#129 = CARTESIAN_POINT ( 'NONE',  ( 829.5299461620750208, -1174.805262667903662, -930.2627944162877611 ) ) ;
#130 = DESIGN_CONTEXT ( 'detailed design', #430, 'design' ) ;
#131 = ORIENTED_EDGE ( 'NONE', *, *, #357, .T. ) ;
#132 = CARTESIAN_POINT ( 'NONE',  ( 952.5500000000000682, -1093.405262667904026, -717.1858108191424890 ) ) ;
#133 = VECTOR ( 'NONE', #168, 1000.000000000000000 ) ;
#134 = FACE_OUTER_BOUND ( 'NONE', #1009, .T. ) ;
#135 = LINE ( 'NONE', #31, #651 ) ;
#136 = EDGE_LOOP ( 'NONE', ( #716, #1297, #560, #905 ) ) ;
#137 = DIRECTION ( 'NONE',  ( 0.000000000000000000, 1.000000000000000000, -0.000000000000000000 ) ) ;
#138 = AXIS2_PLACEMENT_3D ( 'NONE', #696, #1123, #1670 ) ;
#139 = VERTEX_POINT ( 'NONE', #1548 ) ;
#140 = LINE ( 'NONE', #568, #1659 ) ;
#141 = VECTOR ( 'NONE', #1762, 1000.000000000000000 ) ;
#142 = EDGE_CURVE ( 'NONE', #1430, #567, #1293, .T. ) ;
#143 = DIRECTION ( 'NONE',  ( -0.3535533905932753962, -0.7071067811865435759, -0.6123724356957981341 ) ) ;
#144 = ADVANCED_FACE ( 'NONE', ( #1708 ), #210, .F. ) ;
#145 = DIRECTION ( 'NONE',  ( -1.000000000000000000, 0.000000000000000000, -6.001205538514363462E-16 ) ) ;
#146 = PERSON_AND_ORGANIZATION_ROLE ( 'creator' ) ;
#147 = ORIENTED_EDGE ( 'NONE', *, *, #1029, .T. ) ;
#148 = DIRECTION ( 'NONE',  ( -1.000000000000000000, 0.000000000000000000, -6.001205538514363462E-16 ) ) ;
#149 = VERTEX_POINT ( 'NONE', #1174 ) ;
#150 = CARTESIAN_POINT ( 'NONE',  ( 999.9999999999997726, -1249.305262667903662, -634.9999999999997726 ) ) ;
#151 = VECTOR ( 'NONE', #1044, 1000.000000000000000 ) ;
#152 = DIRECTION ( 'NONE',  ( 9.996022874851759560E-48, 1.000000000000000000, -1.665669141091664491E-32 ) ) ;
#153 = LINE ( 'NONE', #127, #535 ) ;
#154 = ADVANCED_FACE ( 'NONE', ( #346 ), #752, .F. ) ;
#155 = VERTEX_POINT ( 'NONE', #1163 ) ;
#156 = FACE_OUTER_BOUND ( 'NONE', #87, .T. ) ;
#157 = ORIENTED_EDGE ( 'NONE', *, *, #501, .T. ) ;
#158 = DIRECTION ( 'NONE',  ( 0.000000000000000000, 1.000000000000000000, 0.000000000000000000 ) ) ;
#159 = ADVANCED_FACE ( 'NONE', ( #741 ), #1425, .F. ) ;
#160 = DIRECTION ( 'NONE',  ( 0.000000000000000000, 1.000000000000000000, 0.000000000000000000 ) ) ;
#161 = DIRECTION ( 'NONE',  ( -1.000000000000000000, 0.000000000000000000, -6.001205538514363462E-16 ) ) ;
#162 = VECTOR ( 'NONE', #11, 1000.000000000000000 ) ;
#163 = DIRECTION ( 'NONE',  ( 0.000000000000000000, 0.000000000000000000, 1.000000000000000000 ) ) ;
#164 = ORIENTED_EDGE ( 'NONE', *, *, #1364, .T. ) ;
#165 = CARTESIAN_POINT ( 'NONE',  ( 999.9999999999996589, -1089.305262667903889, -474.9999999999999432 ) ) ;
#166 = VERTEX_POINT ( 'NONE', #481 ) ;
#167 = CC_DESIGN_DATE_AND_TIME_ASSIGNMENT ( #591, #583, ( #942 ) ) ;
#168 = DIRECTION ( 'NONE',  ( -0.4999999999999995559, 0.000000000000000000, -0.8660254037844389297 ) ) ;
#169 = VECTOR ( 'NONE', #254, 1000.000000000000000 ) ;
#170 = VECTOR ( 'NONE', #828, 1000.000000000000000 ) ;
#171 = VECTOR ( 'NONE', #1644, 1000.000000000000000 ) ;
#172 = VECTOR ( 'NONE', #1721, 1000.000000000000000 ) ;
#173 = CARTESIAN_POINT ( 'NONE',  ( 999.9999999999997726, -574.8301822523413875, -609.0999999999999091 ) ) ;
#174 = FACE_OUTER_BOUND ( 'NONE', #98, .T. ) ;
#175 = VERTEX_POINT ( 'NONE', #472 ) ;
#176 = PLANE ( 'NONE',  #1117 ) ;
#177 = VERTEX_POINT ( 'NONE', #1290 ) ;
#178 = EDGE_CURVE ( 'NONE', #886, #496, #1012, .T. ) ;
#179 = DIRECTION ( 'NONE',  ( 0.000000000000000000, 1.000000000000000000, 0.000000000000000000 ) ) ;
#180 = EDGE_CURVE ( 'NONE', #630, #1701, #1634, .T. ) ;
#181 = DIRECTION ( 'NONE',  ( -0.8660254037844389297, 0.000000000000000000, 0.4999999999999995559 ) ) ;
#182 = EDGE_CURVE ( 'NONE', #166, #1587, #1433, .T. ) ;
#183 = VECTOR ( 'NONE', #181, 1000.000000000000000 ) ;
#184 = DIRECTION ( 'NONE',  ( 0.4999999999999995559, 0.000000000000000000, 0.8660254037844389297 ) ) ;
#185 = DIRECTION ( 'NONE',  ( -6.001205538514363462E-16, 0.000000000000000000, 1.000000000000000000 ) ) ;
#186 = PERSON_AND_ORGANIZATION_ROLE ( 'design_supplier' ) ;
#187 = ORIENTED_EDGE ( 'NONE', *, *, #76, .F. ) ;
#188 = FACE_OUTER_BOUND ( 'NONE', #963, .T. ) ;
#189 = ORIENTED_EDGE ( 'NONE', *, *, #710, .T. ) ;
#190 = CARTESIAN_POINT ( 'NONE',  ( 999.9999999999997726, -574.8301822523413875, -550.0999999999996817 ) ) ;
#191 = DIRECTION ( 'NONE',  ( 0.4999999999999995559, -0.000000000000000000, 0.8660254037844389297 ) ) ;
#192 = DIRECTION ( 'NONE',  ( 0.000000000000000000, -1.000000000000000000, 0.000000000000000000 ) ) ;
#193 = CARTESIAN_POINT ( 'NONE',  ( 999.9999999999997726, -1178.805262667903662, -634.9999999999997726 ) ) ;
#194 = SHAPE_DEFINITION_REPRESENTATION ( #1651, #1309 ) ;
#195 = ORIENTED_EDGE ( 'NONE', *, *, #1269, .T. ) ;
#196 = FACE_OUTER_BOUND ( 'NONE', #313, .T. ) ;
#197 = ORIENTED_EDGE ( 'NONE', *, *, #881, .F. ) ;
#198 = LINE ( 'NONE', #1450, #227 ) ;
#199 = CARTESIAN_POINT ( 'NONE',  ( 1005.999999999999773, -1249.305262667903435, -634.9999999999997726 ) ) ;
#200 = AXIS2_PLACEMENT_3D ( 'NONE', #892, #870, #619 ) ;
#201 = DIRECTION ( 'NONE',  ( -0.4999999999999994449, 0.000000000000000000, -0.8660254037844389297 ) ) ;
#202 = LINE ( 'NONE', #1558, #1741 ) ;
#203 = ADVANCED_FACE ( 'NONE', ( #1031 ), #1151, .F. ) ;
#204 = EDGE_CURVE ( 'NONE', #1755, #837, #1572, .T. ) ;
#205 = ORIENTED_EDGE ( 'NONE', *, *, #841, .T. ) ;
#206 = DIRECTION ( 'NONE',  ( 0.000000000000000000, -1.000000000000000000, 0.000000000000000000 ) ) ;
#207 = ORIENTED_EDGE ( 'NONE', *, *, #877, .F. ) ;
#208 = CARTESIAN_POINT ( 'NONE',  ( 945.3738219523704629, -1089.305262667903889, -741.6153158017973510 ) ) ;
#209 = DIRECTION ( 'NONE',  ( 0.000000000000000000, 0.000000000000000000, 1.000000000000000000 ) ) ;
#210 = PLANE ( 'NONE',  #1728 ) ;
#211 = DIRECTION ( 'NONE',  ( -0.8660254037844389297, 0.000000000000000000, 0.4999999999999995559 ) ) ;
#212 = VECTOR ( 'NONE', #1289, 1000.000000000000000 ) ;
#213 = ORIENTED_EDGE ( 'NONE', *, *, #1374, .F. ) ;
#214 = LINE ( 'NONE', #1315, #375 ) ;
#215 = ORIENTED_EDGE ( 'NONE', *, *, #789, .F. ) ;
#216 = DIRECTION ( 'NONE',  ( -0.4999999999999995559, 0.000000000000000000, -0.8660254037844389297 ) ) ;
#217 = CARTESIAN_POINT ( 'NONE',  ( 940.1776695296638309, -1089.305262667903889, -738.6153158017973510 ) ) ;
#218 = VECTOR ( 'NONE', #1727, 1000.000000000000000 ) ;
#219 = CARTESIAN_POINT ( 'NONE',  ( 989.0499999999999545, -574.8301822523413875, -653.9659563428787123 ) ) ;
#220 = VERTEX_POINT ( 'NONE', #1557 ) ;
#221 = DIRECTION ( 'NONE',  ( 0.8660254037844389297, -0.000000000000000000, -0.4999999999999995559 ) ) ;
#222 = AXIS2_PLACEMENT_3D ( 'NONE', #848, #962, #15 ) ;
#223 = ORIENTED_EDGE ( 'NONE', *, *, #445, .T. ) ;
#224 = CARTESIAN_POINT ( 'NONE',  ( 999.9999999999996589, -1089.305262667903889, -474.9999999999999432 ) ) ;
#225 = AXIS2_PLACEMENT_3D ( 'NONE', #868, #20, #727 ) ;
#226 = ADVANCED_FACE ( 'NONE', ( #721 ), #1413, .F. ) ;
#227 = VECTOR ( 'NONE', #1019, 1000.000000000000000 ) ;
#228 = EDGE_CURVE ( 'NONE', #1207, #1155, #329, .T. ) ;
#229 = DIRECTION ( 'NONE',  ( 0.4999999999999987788, 0.000000000000000000, 0.8660254037844393737 ) ) ;
#230 = VECTOR ( 'NONE', #581, 1000.000000000000000 ) ;
#231 = VECTOR ( 'NONE', #1136, 1000.000000000000000 ) ;
#232 = VERTEX_POINT ( 'NONE', #1677 ) ;
#233 = VECTOR ( 'NONE', #1303, 1000.000000000000000 ) ;
#234 = CARTESIAN_POINT ( 'NONE',  ( 999.9999999999997726, -1089.305262667903889, -633.3923048454130367 ) ) ;
#235 = EDGE_LOOP ( 'NONE', ( #1217, #587, #584, #1610 ) ) ;
#236 = LINE ( 'NONE', #114, #480 ) ;
#237 = ORIENTED_EDGE ( 'NONE', *, *, #1084, .T. ) ;
#238 = EDGE_CURVE ( 'NONE', #1376, #1338, #731, .T. ) ;
#239 = ADVANCED_FACE ( 'NONE', ( #859 ), #1404, .F. ) ;
#240 = CARTESIAN_POINT ( 'NONE',  ( 999.9999999999997726, -1245.205262667903526, -634.9999999999997726 ) ) ;
#241 = ORIENTED_EDGE ( 'NONE', *, *, #1374, .T. ) ;
#242 = DIRECTION ( 'NONE',  ( -1.000000000000000000, 0.000000000000000000, -6.001205538514363462E-16 ) ) ;
#243 = ORIENTED_EDGE ( 'NONE', *, *, #919, .F. ) ;
#244 = PLANE ( 'NONE',  #251 ) ;
#245 = VERTEX_POINT ( 'NONE', #1234 ) ;
#246 = CARTESIAN_POINT ( 'NONE',  ( 1005.999999999999773, -1249.305262667903435, -544.8999999999997499 ) ) ;
#247 = DIRECTION ( 'NONE',  ( 0.000000000000000000, 1.000000000000000000, 0.000000000000000000 ) ) ;
#248 = VERTEX_POINT ( 'NONE', #381 ) ;
#249 = CARTESIAN_POINT ( 'NONE',  ( 952.5500000000000682, -1093.405262667904026, -717.1858108191424890 ) ) ;
#250 = VERTEX_POINT ( 'NONE', #1213 ) ;
#251 = AXIS2_PLACEMENT_3D ( 'NONE', #1051, #918, #1633 ) ;
#252 = DIRECTION ( 'NONE',  ( -1.000000000000000000, 0.000000000000000000, -6.001205538514363462E-16 ) ) ;
#253 = ORIENTED_EDGE ( 'NONE', *, *, #182, .T. ) ;
#254 = DIRECTION ( 'NONE',  ( 0.000000000000000000, -1.000000000000000000, -0.000000000000000000 ) ) ;
#255 = ORIENTED_EDGE ( 'NONE', *, *, #424, .F. ) ;
#256 = CARTESIAN_POINT ( 'NONE',  ( 999.9999999999996589, -1249.305262667903662, -535.3553390593270933 ) ) ;
#257 = EDGE_CURVE ( 'NONE', #911, #1755, #1228, .T. ) ;
#258 = ADVANCED_FACE ( 'NONE', ( #4 ), #108, .F. ) ;
#259 = ORIENTED_EDGE ( 'NONE', *, *, #1628, .T. ) ;
#260 = DIRECTION ( 'NONE',  ( 0.000000000000000000, -1.000000000000000000, 0.000000000000000000 ) ) ;
#261 = VECTOR ( 'NONE', #1058, 999.9999999999998863 ) ;
#262 = ORIENTED_EDGE ( 'NONE', *, *, #1684, .T. ) ;
#263 = LINE ( 'NONE', #1349, #633 ) ;
#264 = DIRECTION ( 'NONE',  ( 6.001205538514363462E-16, -1.665669141091664491E-32, -1.000000000000000000 ) ) ;
#265 = FACE_OUTER_BOUND ( 'NONE', #1220, .T. ) ;
#266 = CC_DESIGN_APPROVAL ( #271, ( #37 ) ) ;
#267 = ORIENTED_EDGE ( 'NONE', *, *, #545, .F. ) ;
#268 = FACE_OUTER_BOUND ( 'NONE', #1505, .T. ) ;
#269 = ORIENTED_EDGE ( 'NONE', *, *, #279, .F. ) ;
#270 = CARTESIAN_POINT ( 'NONE',  ( 1005.999999999999773, -1114.305262667903662, -449.9999999999998863 ) ) ;
#271 = APPROVAL ( #699, 'UNSPECIFIED' ) ;
#272 = LINE ( 'NONE', #815, #1754 ) ;
#273 = LINE ( 'NONE', #420, #1377 ) ;
#274 = ORIENTED_EDGE ( 'NONE', *, *, #368, .T. ) ;
#275 = LINE ( 'NONE', #1388, #170 ) ;
#276 = ORIENTED_EDGE ( 'NONE', *, *, #1687, .F. ) ;
#277 = PLANE ( 'NONE',  #1088 ) ;
#278 = CIRCLE ( 'NONE', #222, 25.00000000000002132 ) ;
#279 = EDGE_CURVE ( 'NONE', #1053, #540, #1074, .T. ) ;
#280 = EDGE_CURVE ( 'NONE', #404, #371, #1625, .T. ) ;
#281 = AXIS2_PLACEMENT_3D ( 'NONE', #982, #1527, #158 ) ;
#282 = PLANE ( 'NONE',  #1002 ) ;
#283 = VECTOR ( 'NONE', #487, 1000.000000000000000 ) ;
#284 = CARTESIAN_POINT ( 'NONE',  ( 834.7260985847816528, -1174.805262667903435, -933.2627944162877611 ) ) ;
#285 = APPLICATION_PROTOCOL_DEFINITION ( 'international standard', 'config_control_design', 1994, #430 ) ;
#286 = ORIENTED_EDGE ( 'NONE', *, *, #1684, .F. ) ;
#287 = LINE ( 'NONE', #585, #1494 ) ;
#288 = VECTOR ( 'NONE', #1205, 1000.000000000000000 ) ;
#289 = ORIENTED_EDGE ( 'NONE', *, *, #1777, .T. ) ;
#290 = CARTESIAN_POINT ( 'NONE',  ( 952.5500000000000682, -574.8301822523413875, -717.1858108191424890 ) ) ;
#291 = EDGE_CURVE ( 'NONE', #386, #886, #1750, .T. ) ;
#292 = DIRECTION ( 'NONE',  ( 6.001205538514363462E-16, 0.000000000000000000, -1.000000000000000000 ) ) ;
#293 = LINE ( 'NONE', #1255, #780 ) ;
#294 = ORIENTED_EDGE ( 'NONE', *, *, #1325, .F. ) ;
#295 = LINE ( 'NONE', #574, #718 ) ;
#296 = ORIENTED_EDGE ( 'NONE', *, *, #545, .T. ) ;
#297 = CARTESIAN_POINT ( 'NONE',  ( 999.9999999999997726, -574.8301822523413875, -609.0999999999999091 ) ) ;
#298 = CC_DESIGN_APPROVAL ( #1468, ( #328 ) ) ;
#299 = LINE ( 'NONE', #1393, #460 ) ;
#300 = DIRECTION ( 'NONE',  ( -0.000000000000000000, -1.000000000000000000, 0.000000000000000000 ) ) ;
#301 = EDGE_CURVE ( 'NONE', #558, #1524, #1759, .T. ) ;
#302 = DATE_AND_TIME ( #1533, #1615 ) ;
#303 = ORIENTED_EDGE ( 'NONE', *, *, #447, .T. ) ;
#304 = ADVANCED_FACE ( 'NONE', ( #1222 ), #1768, .T. ) ;
#305 = CARTESIAN_POINT ( 'NONE',  ( 999.9999999999997726, -1245.205262667903526, -603.8999999999990678 ) ) ;
#306 = AXIS2_PLACEMENT_3D ( 'NONE', #1566, #1301, #1142 ) ;
#307 = ORIENTED_EDGE ( 'NONE', *, *, #952, .T. ) ;
#308 = DIRECTION ( 'NONE',  ( -0.4999999999999987788, 0.000000000000000000, -0.8660254037844393737 ) ) ;
#309 = CIRCLE ( 'NONE', #600, 24.99999999999997158 ) ;
#310 = DIRECTION ( 'NONE',  ( -0.8660254037844389297, 0.000000000000000000, 0.4999999999999995559 ) ) ;
#311 = DIRECTION ( 'NONE',  ( -6.001205538514363462E-16, -0.000000000000000000, 1.000000000000000000 ) ) ;
#312 =( NAMED_UNIT ( * ) SI_UNIT ( $, .STERADIAN. ) SOLID_ANGLE_UNIT ( ) );
#313 = EDGE_LOOP ( 'NONE', ( #813, #1050, #1514, #1752 ) ) ;
#314 = LINE ( 'NONE', #1398, #1156 ) ;
#315 = EDGE_CURVE ( 'NONE', #407, #987, #99, .T. ) ;
#316 = EDGE_CURVE ( 'NONE', #1077, #533, #931, .T. ) ;
#317 = ORIENTED_EDGE ( 'NONE', *, *, #1725, .T. ) ;
#318 = CARTESIAN_POINT ( 'NONE',  ( 829.5299461620750208, -1089.305262667903889, -930.2627944162877611 ) ) ;
#319 = AXIS2_PLACEMENT_3D ( 'NONE', #1300, #61, #1140 ) ;
#320 = CARTESIAN_POINT ( 'NONE',  ( 904.9999999999996589, -1249.305262667903662, -799.5448267190434990 ) ) ;
#321 = CARTESIAN_POINT ( 'NONE',  ( 989.0499999999997272, -1169.805262667903889, -653.9659563428791671 ) ) ;
#322 = MECHANICAL_CONTEXT ( 'NONE', #25, 'mechanical' ) ;
#323 = VERTEX_POINT ( 'NONE', #948 ) ;
#324 = DIRECTION ( 'NONE',  ( -6.001205538514363462E-16, 1.665669141091664491E-32, 1.000000000000000000 ) ) ;
#325 = VERTEX_POINT ( 'NONE', #117 ) ;
#326 = DIRECTION ( 'NONE',  ( -1.000000000000000000, 0.000000000000000000, -6.001205538514363462E-16 ) ) ;
#327 = CARTESIAN_POINT ( 'NONE',  ( 834.7260985847816528, -574.8301822523413875, -933.2627944162877611 ) ) ;
#328 = PRODUCT_DEFINITION_FORMATION_WITH_SPECIFIED_SOURCE ( 'ANY', '', #1636, .NOT_KNOWN. ) ;
#329 = LINE ( 'NONE', #446, #230 ) ;
#330 = DIRECTION ( 'NONE',  ( -1.000000000000000000, 0.000000000000000000, -6.001205538514363462E-16 ) ) ;
#331 = VERTEX_POINT ( 'NONE', #1485 ) ;
#332 = CARTESIAN_POINT ( 'NONE',  ( 910.1961524227064046, -1184.660601727231324, -802.5448267190434990 ) ) ;
#333 = VERTEX_POINT ( 'NONE', #270 ) ;
#334 = CARTESIAN_POINT ( 'NONE',  ( 999.9999999999996589, -1241.982932197567607, -517.6776695296633761 ) ) ;
#335 = CARTESIAN_POINT ( 'NONE',  ( 834.7260985847816528, -1169.805262667903889, -933.2627944162877611 ) ) ;
#336 = EDGE_CURVE ( 'NONE', #911, #1233, #1083, .T. ) ;
#337 = EDGE_CURVE ( 'NONE', #248, #807, #1065, .T. ) ;
#338 = AXIS2_PLACEMENT_3D ( 'NONE', #1490, #1090, #1595 ) ;
#339 = DIRECTION ( 'NONE',  ( -0.8660254037844389297, 0.000000000000000000, 0.4999999999999995559 ) ) ;
#340 = LINE ( 'NONE', #620, #100 ) ;
#341 = EDGE_LOOP ( 'NONE', ( #197, #205, #1454, #1427 ) ) ;
#342 = PLANE ( 'NONE',  #1604 ) ;
#343 = ORIENTED_EDGE ( 'NONE', *, *, #1238, .T. ) ;
#344 = DIRECTION ( 'NONE',  ( 0.4999999999999995559, -0.000000000000000000, 0.8660254037844389297 ) ) ;
#345 = FACE_OUTER_BOUND ( 'NONE', #524, .T. ) ;
#346 = FACE_OUTER_BOUND ( 'NONE', #136, .T. ) ;
#347 = DIRECTION ( 'NONE',  ( -1.000000000000000000, 0.000000000000000000, -6.001205538514363462E-16 ) ) ;
#348 = VERTEX_POINT ( 'NONE', #1475 ) ;
#349 = DIRECTION ( 'NONE',  ( 9.996022874851759560E-48, 1.000000000000000000, -1.665669141091664491E-32 ) ) ;
#350 = VERTEX_POINT ( 'NONE', #1100 ) ;
#351 = PLANE ( 'NONE',  #1663 ) ;
#352 = LINE ( 'NONE', #907, #1584 ) ;
#353 = LOCAL_TIME ( 16, 44, 49.00000000000000000, #1134 ) ;
#354 = CARTESIAN_POINT ( 'NONE',  ( 904.9999999999996589, -1249.305262667903662, -799.5448267190434990 ) ) ;
#355 = ORIENTED_EDGE ( 'NONE', *, *, #1189, .F. ) ;
#356 = DIRECTION ( 'NONE',  ( -0.8660254037844389297, 0.000000000000000000, 0.4999999999999995559 ) ) ;
#357 = EDGE_CURVE ( 'NONE', #1437, #911, #806, .T. ) ;
#358 = ORIENTED_EDGE ( 'NONE', *, *, #368, .F. ) ;
#359 = CARTESIAN_POINT ( 'NONE',  ( 1005.999999999999773, -1089.305262667903889, -474.9999999999999432 ) ) ;
#360 = LINE ( 'NONE', #1441, #985 ) ;
#361 = VECTOR ( 'NONE', #347, 1000.000000000000000 ) ;
#362 = CARTESIAN_POINT ( 'NONE',  ( 1005.999999999999773, -1163.949923608576455, -474.9999999999999432 ) ) ;
#363 = VECTOR ( 'NONE', #1355, 1000.000000000000000 ) ;
#364 = ORIENTED_EDGE ( 'NONE', *, *, #1757, .F. ) ;
#365 = DIRECTION ( 'NONE',  ( 0.000000000000000000, -1.000000000000000000, 0.000000000000000000 ) ) ;
#366 = EDGE_CURVE ( 'NONE', #333, #348, #416, .T. ) ;
#367 = ORIENTED_EDGE ( 'NONE', *, *, #291, .T. ) ;
#368 = EDGE_CURVE ( 'NONE', #1492, #660, #263, .T. ) ;
#369 = LINE ( 'NONE', #785, #1256 ) ;
#370 = ADVANCED_FACE ( 'NONE', ( #1310 ), #814, .T. ) ;
#371 = VERTEX_POINT ( 'NONE', #1608 ) ;
#372 = DIRECTION ( 'NONE',  ( 0.000000000000000000, -1.000000000000000000, 0.000000000000000000 ) ) ;
#373 = VECTOR ( 'NONE', #50, 1000.000000000000000 ) ;
#374 = VERTEX_POINT ( 'NONE', #246 ) ;
#375 = VECTOR ( 'NONE', #356, 1000.000000000000000 ) ;
#376 = DIRECTION ( 'NONE',  ( -0.4999999999999995559, 0.000000000000000000, -0.8660254037844389297 ) ) ;
#377 = AXIS2_PLACEMENT_3D ( 'NONE', #438, #1239, #1658 ) ;
#378 = EDGE_LOOP ( 'NONE', ( #1497, #131, #1025, #794 ) ) ;
#379 = DIRECTION ( 'NONE',  ( 0.000000000000000000, 0.000000000000000000, 1.000000000000000000 ) ) ;
#380 = ORIENTED_EDGE ( 'NONE', *, *, #1666, .T. ) ;
#381 = CARTESIAN_POINT ( 'NONE',  ( 1005.999999999999773, -1173.805262667903889, -609.0999999999999091 ) ) ;
#382 = PLANE ( 'NONE',  #933 ) ;
#383 = MANIFOLD_SOLID_BREP ( 'Convert-Solid1', #608 ) ;
#384 = ORIENTED_EDGE ( 'NONE', *, *, #1319, .T. ) ;
#385 = FACE_OUTER_BOUND ( 'NONE', #494, .T. ) ;
#386 = VERTEX_POINT ( 'NONE', #1617 ) ;
#387 = FACE_OUTER_BOUND ( 'NONE', #465, .T. ) ;
#388 = VERTEX_POINT ( 'NONE', #389 ) ;
#389 = CARTESIAN_POINT ( 'NONE',  ( 999.9999999999997726, -1173.805262667903889, -609.0999999999999091 ) ) ;
#390 = EDGE_CURVE ( 'NONE', #1722, #724, #1149, .T. ) ;
#391 = LINE ( 'NONE', #219, #1717 ) ;
#392 = VECTOR ( 'NONE', #564, 1000.000000000000000 ) ;
#393 = ADVANCED_FACE ( 'NONE', ( #561 ), #1268, .F. ) ;
#394 = VERTEX_POINT ( 'NONE', #453 ) ;
#395 = PLANE ( 'NONE',  #1188 ) ;
#396 = ORIENTED_EDGE ( 'NONE', *, *, #1120, .F. ) ;
#397 = CARTESIAN_POINT ( 'NONE',  ( 904.9999999999996589, -1184.660601727231324, -799.5448267190434990 ) ) ;
#398 = ORIENTED_EDGE ( 'NONE', *, *, #122, .T. ) ;
#399 = CARTESIAN_POINT ( 'NONE',  ( 949.9500000000000455, -1089.305262667903889, -721.6891429188216307 ) ) ;
#400 = CARTESIAN_POINT ( 'NONE',  ( 1005.999999999999773, -1249.305262667903662, -535.3553390593270933 ) ) ;
#401 = AXIS2_PLACEMENT_3D ( 'NONE', #173, #598, #883 ) ;
#402 = DIRECTION ( 'NONE',  ( 0.000000000000000000, 0.000000000000000000, -1.000000000000000000 ) ) ;
#403 = AXIS2_PLACEMENT_3D ( 'NONE', #809, #242, #793 ) ;
#404 = VERTEX_POINT ( 'NONE', #1655 ) ;
#405 = DIRECTION ( 'NONE',  ( 0.000000000000000000, 1.000000000000000000, 0.000000000000000000 ) ) ;
#406 = AXIS2_PLACEMENT_3D ( 'NONE', #802, #1488, #376 ) ;
#407 = VERTEX_POINT ( 'NONE', #990 ) ;
#408 = DIRECTION ( 'NONE',  ( 0.000000000000000000, -1.000000000000000000, 0.000000000000000000 ) ) ;
#409 = CARTESIAN_POINT ( 'NONE',  ( 999.9999999999997726, -574.8301822523413875, -603.8999999999990678 ) ) ;
#410 = DIRECTION ( 'NONE',  ( -0.8660254037844389297, 0.000000000000000000, 0.4999999999999995559 ) ) ;
#411 = ORIENTED_EDGE ( 'NONE', *, *, #742, .F. ) ;
#412 = CARTESIAN_POINT ( 'NONE',  ( 999.9999999999997726, -1178.805262667903662, -550.0999999999996817 ) ) ;
#413 = EDGE_CURVE ( 'NONE', #103, #374, #46, .T. ) ;
#414 = EDGE_CURVE ( 'NONE', #1089, #120, #1538, .T. ) ;
#415 = EDGE_LOOP ( 'NONE', ( #1063, #855, #847, #1740 ) ) ;
#416 = LINE ( 'NONE', #964, #1403 ) ;
#417 = ORGANIZATION ( 'UNSPECIFIED', 'UNSPECIFIED', '' ) ;
#418 = DIRECTION ( 'NONE',  ( 0.000000000000000000, 1.000000000000000000, 0.000000000000000000 ) ) ;
#419 = AXIS2_PLACEMENT_3D ( 'NONE', #1264, #300, #853 ) ;
#420 = CARTESIAN_POINT ( 'NONE',  ( 999.9999999999997726, -1245.205262667903526, -544.8999999999997499 ) ) ;
#421 = ORIENTED_EDGE ( 'NONE', *, *, #1270, .T. ) ;
#422 = DIRECTION ( 'NONE',  ( -0.8660254037844389297, 0.000000000000000000, 0.4999999999999995559 ) ) ;
#423 = ORIENTED_EDGE ( 'NONE', *, *, #1704, .T. ) ;
#424 = EDGE_CURVE ( 'NONE', #1417, #220, #577, .T. ) ;
#425 = DIRECTION ( 'NONE',  ( -1.000000000000000000, 0.000000000000000000, -6.001205538514363462E-16 ) ) ;
#426 = VECTOR ( 'NONE', #1665, 1000.000000000000000 ) ;
#427 = CARTESIAN_POINT ( 'NONE',  ( 949.9500000000000455, -574.8301822523413875, -721.6891429188217444 ) ) ;
#428 = AXIS2_PLACEMENT_3D ( 'NONE', #1732, #1706, #1160 ) ;
#429 = CARTESIAN_POINT ( 'NONE',  ( 829.5299461620750208, -1169.805262667903889, -930.2627944162877611 ) ) ;
#430 = APPLICATION_CONTEXT ( 'configuration controlled 3d designs of mechanical parts and assemblies' ) ;
#431 = APPLICATION_PROTOCOL_DEFINITION ( 'international standard', 'config_control_design', 1994, #25 ) ;
#432 = ORIENTED_EDGE ( 'NONE', *, *, #926, .F. ) ;
#433 = CARTESIAN_POINT ( 'NONE',  ( 1005.999999999999773, -1245.205262667903526, -609.0999999999991132 ) ) ;
#434 = VECTOR ( 'NONE', #339, 1000.000000000000000 ) ;
#435 = ORIENTED_EDGE ( 'NONE', *, *, #315, .T. ) ;
#436 = PLANE ( 'NONE',  #281 ) ;
#437 = CARTESIAN_POINT ( 'NONE',  ( 1005.999999999999773, -1245.205262667903526, -544.8999999999997499 ) ) ;
#438 = CARTESIAN_POINT ( 'NONE',  ( 999.9999999999997726, -574.8301822523413875, -634.9999999999997726 ) ) ;
#439 = PERSON_AND_ORGANIZATION ( #1008, #417 ) ;
#440 = ORIENTED_EDGE ( 'NONE', *, *, #1510, .F. ) ;
#441 = CARTESIAN_POINT ( 'NONE',  ( 999.9999999999996589, -574.8301822523413875, -449.9999999999998863 ) ) ;
#442 = ORIENTED_EDGE ( 'NONE', *, *, #580, .F. ) ;
#443 = DIRECTION ( 'NONE',  ( 0.000000000000000000, -1.000000000000000000, -0.000000000000000000 ) ) ;
#444 = APPROVAL_PERSON_ORGANIZATION ( #1679, #626, #854 ) ;
#445 = EDGE_CURVE ( 'NONE', #388, #1207, #1277, .T. ) ;
#446 = CARTESIAN_POINT ( 'NONE',  ( 999.9999999999997726, -1178.805262667903662, -634.9999999999997726 ) ) ;
#447 = EDGE_CURVE ( 'NONE', #1643, #1233, #1518, .T. ) ;
#448 = DIRECTION ( 'NONE',  ( 6.001205538514363462E-16, 0.000000000000000000, -1.000000000000000000 ) ) ;
#449 = APPROVAL_ROLE ( '' ) ;
#450 = ORIENTED_EDGE ( 'NONE', *, *, #1553, .T. ) ;
#451 = CARTESIAN_POINT ( 'NONE',  ( 952.5500000000000682, -574.8301822523413875, -717.1858108191424890 ) ) ;
#452 = ORIENTED_EDGE ( 'NONE', *, *, #1641, .F. ) ;
#453 = CARTESIAN_POINT ( 'NONE',  ( 986.4499999999997044, -1169.805262667903889, -658.4692884425583088 ) ) ;
#454 = DIRECTION ( 'NONE',  ( 0.000000000000000000, 1.000000000000000000, 0.000000000000000000 ) ) ;
#455 = CARTESIAN_POINT ( 'NONE',  ( 999.9999999999997726, -574.8301822523413875, -603.8999999999998636 ) ) ;
#456 = ORIENTED_EDGE ( 'NONE', *, *, #1198, .F. ) ;
#457 = LINE ( 'NONE', #1576, #1235 ) ;
#458 = ORIENTED_EDGE ( 'NONE', *, *, #479, .F. ) ;
#459 = DIRECTION ( 'NONE',  ( 6.001205538514363462E-16, -1.665669141091664491E-32, -1.000000000000000000 ) ) ;
#460 = VECTOR ( 'NONE', #160, 1000.000000000000000 ) ;
#461 = AXIS2_PLACEMENT_3D ( 'NONE', #441, #1177, #1428 ) ;
#462 = CARTESIAN_POINT ( 'NONE',  ( 999.9999999999997726, -574.8301822523413875, -550.0999999999996817 ) ) ;
#463 = CARTESIAN_POINT ( 'NONE',  ( 999.9999999999997726, -574.8301822523413875, -550.0999999999996817 ) ) ;
#464 = DIRECTION ( 'NONE',  ( -0.4999999999999987788, 0.000000000000000000, -0.8660254037844393737 ) ) ;
#465 = EDGE_LOOP ( 'NONE', ( #1126, #452, #1675, #842 ) ) ;
#466 = CARTESIAN_POINT ( 'NONE',  ( 897.6961524227064046, -1184.660601727231324, -824.1954618136544468 ) ) ;
#467 = ORIENTED_EDGE ( 'NONE', *, *, #922, .F. ) ;
#468 = EDGE_CURVE ( 'NONE', #374, #331, #140, .T. ) ;
#469 = CARTESIAN_POINT ( 'NONE',  ( 955.1461524227066775, -1174.805262667903435, -724.6891429188217444 ) ) ;
#470 = ADVANCED_FACE ( 'NONE', ( #1129 ), #277, .F. ) ;
#471 = LINE ( 'NONE', #335, #759 ) ;
#472 = CARTESIAN_POINT ( 'NONE',  ( 1005.999999999999773, -1249.305262667903662, -633.3923048454130367 ) ) ;
#473 = CARTESIAN_POINT ( 'NONE',  ( 892.4999999999997726, -1224.305262667903889, -821.1954618136544468 ) ) ;
#474 = ORIENTED_EDGE ( 'NONE', *, *, #280, .T. ) ;
#475 = CARTESIAN_POINT ( 'NONE',  ( 829.5299461620750208, -1089.305262667903889, -930.2627944162877611 ) ) ;
#476 = ORIENTED_EDGE ( 'NONE', *, *, #1006, .T. ) ;
#477 = CARTESIAN_POINT ( 'NONE',  ( 829.5299461620750208, -1169.805262667903889, -930.2627944162877611 ) ) ;
#478 = DIRECTION ( 'NONE',  ( 0.4999999999999995559, 0.000000000000000000, 0.8660254037844389297 ) ) ;
#479 = EDGE_CURVE ( 'NONE', #1587, #323, #309, .T. ) ;
#480 = VECTOR ( 'NONE', #670, 1000.000000000000000 ) ;
#481 = CARTESIAN_POINT ( 'NONE',  ( 910.1961524227064046, -1249.305262667903662, -802.5448267190434990 ) ) ;
#482 = LINE ( 'NONE', #1574, #1536 ) ;
#483 = ORIENTED_EDGE ( 'NONE', *, *, #1130, .T. ) ;
#484 = VECTOR ( 'NONE', #443, 1000.000000000000000 ) ;
#485 = FACE_OUTER_BOUND ( 'NONE', #1119, .T. ) ;
#486 = ORIENTED_EDGE ( 'NONE', *, *, #1048, .F. ) ;
#487 = DIRECTION ( 'NONE',  ( -0.8660254037844389297, 0.000000000000000000, 0.4999999999999995559 ) ) ;
#488 = EDGE_CURVE ( 'NONE', #1042, #592, #1371, .T. ) ;
#489 = DIRECTION ( 'NONE',  ( -0.4999999999999995559, 0.000000000000000000, -0.8660254037844389297 ) ) ;
#490 = VECTOR ( 'NONE', #1363, 1000.000000000000000 ) ;
#491 = ADVANCED_FACE ( 'NONE', ( #998 ), #588, .F. ) ;
#492 = CARTESIAN_POINT ( 'NONE',  ( 999.9999999999997726, -1249.305262667903435, -603.8999999999990678 ) ) ;
#493 = VECTOR ( 'NONE', #1621, 1000.000000000000000 ) ;
#494 = EDGE_LOOP ( 'NONE', ( #646, #1622, #96, #1657 ) ) ;
#495 = LINE ( 'NONE', #895, #865 ) ;
#496 = VERTEX_POINT ( 'NONE', #1683 ) ;
#497 = CARTESIAN_POINT ( 'NONE',  ( 1005.999999999999773, -1173.805262667904117, -603.8999999999998636 ) ) ;
#498 = CARTESIAN_POINT ( 'NONE',  ( 829.5299461620750208, -1089.305262667903889, -930.2627944162877611 ) ) ;
#499 = APPROVAL_PERSON_ORGANIZATION ( #1700, #271, #1115 ) ;
#500 = CARTESIAN_POINT ( 'NONE',  ( 1005.999999999999773, -574.8301822523413875, -634.9999999999997726 ) ) ;
#501 = EDGE_CURVE ( 'NONE', #1701, #987, #1545, .T. ) ;
#502 = EDGE_CURVE ( 'NONE', #232, #177, #1676, .T. ) ;
#503 = ORIENTED_EDGE ( 'NONE', *, *, #614, .F. ) ;
#504 = CARTESIAN_POINT ( 'NONE',  ( 834.7260985847816528, -1249.305262667903662, -933.2627944162877611 ) ) ;
#505 = ORIENTED_EDGE ( 'NONE', *, *, #1373, .F. ) ;
#506 = LINE ( 'NONE', #607, #1598 ) ;
#507 = ORIENTED_EDGE ( 'NONE', *, *, #337, .F. ) ;
#508 = DIRECTION ( 'NONE',  ( 0.000000000000000000, 1.000000000000000000, 0.000000000000000000 ) ) ;
#509 = VERTEX_POINT ( 'NONE', #1252 ) ;
#510 = LINE ( 'NONE', #1744, #261 ) ;
#511 = ORIENTED_EDGE ( 'NONE', *, *, #390, .F. ) ;
#512 = LINE ( 'NONE', #804, #654 ) ;
#513 = ORIENTED_EDGE ( 'NONE', *, *, #993, .F. ) ;
#514 = CARTESIAN_POINT ( 'NONE',  ( 989.0499999999997272, -574.8301822523413875, -653.9659563428791671 ) ) ;
#515 = CC_DESIGN_PERSON_AND_ORGANIZATION_ASSIGNMENT ( #861, #994, ( #328 ) ) ;
#516 = DIRECTION ( 'NONE',  ( 0.000000000000000000, 0.000000000000000000, 1.000000000000000000 ) ) ;
#517 = VECTOR ( 'NONE', #1095, 1000.000000000000000 ) ;
#518 = ORIENTED_EDGE ( 'NONE', *, *, #414, .F. ) ;
#519 = CIRCLE ( 'NONE', #1406, 25.00000000000002132 ) ;
#520 = LINE ( 'NONE', #1070, #1067 ) ;
#521 = ORIENTED_EDGE ( 'NONE', *, *, #1292, .T. ) ;
#522 = CARTESIAN_POINT ( 'NONE',  ( 999.9999999999996589, -1163.949923608576455, -449.9999999999998863 ) ) ;
#523 = EDGE_CURVE ( 'NONE', #540, #149, #999, .T. ) ;
#524 = EDGE_LOOP ( 'NONE', ( #1069, #511, #411, #474, #1211, #483, #1599, #116, #237, #1578, #1332, #398, #207, #1040, #1321, #343 ) ) ;
#525 = ADVANCED_FACE ( 'NONE', ( #1121 ), #436, .T. ) ;
#526 = CARTESIAN_POINT ( 'NONE',  ( 892.4999999999997726, -1184.660601727231324, -821.1954618136544468 ) ) ;
#527 = CARTESIAN_POINT ( 'NONE',  ( 989.0499999999999545, -1093.405262667904026, -653.9659563428787123 ) ) ;
#529 = VERTEX_POINT ( 'NONE', #712 ) ;
#528 = AXIS2_PLACEMENT_3D ( 'NONE', #498, #891, #758 ) ;
#530 = DIRECTION ( 'NONE',  ( -0.4999999999999995559, 0.000000000000000000, -0.8660254037844389297 ) ) ;
#531 = ORIENTED_EDGE ( 'NONE', *, *, #1221, .F. ) ;
#532 = DIRECTION ( 'NONE',  ( -0.3535533905932753962, -0.7071067811865435759, -0.6123724356957981341 ) ) ;
#533 = VERTEX_POINT ( 'NONE', #1262 ) ;
#534 = DIRECTION ( 'NONE',  ( 0.4999999999999995559, -0.000000000000000000, 0.8660254037844389297 ) ) ;
#535 = VECTOR ( 'NONE', #697, 1000.000000000000000 ) ;
#536 = LINE ( 'NONE', #1629, #1695 ) ;
#537 = DIRECTION ( 'NONE',  ( -0.4999999999999995559, 0.000000000000000000, -0.8660254037844389297 ) ) ;
#538 = ORIENTED_EDGE ( 'NONE', *, *, #1219, .F. ) ;
#539 = CARTESIAN_POINT ( 'NONE',  ( 991.6461524227066775, -1093.405262667904026, -661.4692884425577404 ) ) ;
#540 = VERTEX_POINT ( 'NONE', #28 ) ;
#541 = CARTESIAN_POINT ( 'NONE',  ( 834.7260985847816528, -1093.405262667904026, -933.2627944162877611 ) ) ;
#542 = EDGE_CURVE ( 'NONE', #592, #1104, #1324, .T. ) ;
#543 = LINE ( 'NONE', #704, #921 ) ;
#544 = AXIS2_PLACEMENT_3D ( 'NONE', #409, #292, #1385 ) ;
#545 = EDGE_CURVE ( 'NONE', #1376, #155, #198, .T. ) ;
#546 = DIRECTION ( 'NONE',  ( -0.8660254037844389297, 0.000000000000000000, 0.4999999999999995559 ) ) ;
#547 = VECTOR ( 'NONE', #422, 1000.000000000000000 ) ;
#548 = ORIENTED_EDGE ( 'NONE', *, *, #973, .F. ) ;
#549 = CARTESIAN_POINT ( 'NONE',  ( 949.9500000000000455, -1093.405262667904026, -721.6891429188216307 ) ) ;
#550 = ORIENTED_EDGE ( 'NONE', *, *, #729, .F. ) ;
#551 = CARTESIAN_POINT ( 'NONE',  ( 999.9999999999997726, -1245.205262667903526, -634.9999999999997726 ) ) ;
#552 = ADVANCED_FACE ( 'NONE', ( #624 ), #1458, .T. ) ;
#553 = DIRECTION ( 'NONE',  ( -0.4999999999999995559, 0.000000000000000000, -0.8660254037844389297 ) ) ;
#554 = FACE_OUTER_BOUND ( 'NONE', #745, .T. ) ;
#555 = ADVANCED_FACE ( 'NONE', ( #738, #66, #1562 ), #912, .T. ) ;
#556 = EDGE_CURVE ( 'NONE', #1341, #839, #642, .T. ) ;
#557 = VECTOR ( 'NONE', #1318, 1000.000000000000000 ) ;
#558 = VERTEX_POINT ( 'NONE', #616 ) ;
#559 = CARTESIAN_POINT ( 'NONE',  ( 999.9999999999997726, -1173.805262667903889, -609.0999999999999091 ) ) ;
#560 = ORIENTED_EDGE ( 'NONE', *, *, #973, .T. ) ;
#561 = FACE_OUTER_BOUND ( 'NONE', #1484, .T. ) ;
#562 = AXIS2_PLACEMENT_3D ( 'NONE', #455, #1698, #753 ) ;
#563 = LINE ( 'NONE', #1358, #1601 ) ;
#564 = DIRECTION ( 'NONE',  ( -0.8660254037844389297, 0.000000000000000000, 0.4999999999999995559 ) ) ;
#565 = ORIENTED_EDGE ( 'NONE', *, *, #468, .F. ) ;
#566 = CARTESIAN_POINT ( 'NONE',  ( 957.7461524227068139, -1169.805262667903889, -720.1858108191426027 ) ) ;
#567 = VERTEX_POINT ( 'NONE', #208 ) ;
#568 = CARTESIAN_POINT ( 'NONE',  ( 999.9999999999997726, -1249.305262667903435, -544.8999999999997499 ) ) ;
#569 = VECTOR ( 'NONE', #459, 1000.000000000000000 ) ;
#570 = DIRECTION ( 'NONE',  ( 6.001205538514363462E-16, -1.665669141091664491E-32, -1.000000000000000000 ) ) ;
#571 = CARTESIAN_POINT ( 'NONE',  ( 1005.999999999999545, -967.0677224601214448, -242.7624597922183227 ) ) ;
#572 = CALENDAR_DATE ( 2026, 11, 7 ) ;
#573 = ORIENTED_EDGE ( 'NONE', *, *, #556, .T. ) ;
#574 = CARTESIAN_POINT ( 'NONE',  ( 955.1461524227066775, -574.8301822523413875, -724.6891429188216307 ) ) ;
#575 = VECTOR ( 'NONE', #1259, 1000.000000000000000 ) ;
#576 = EDGE_LOOP ( 'NONE', ( #531, #573, #421, #10 ) ) ;
#577 = LINE ( 'NONE', #1692, #162 ) ;
#578 = CIRCLE ( 'NONE', #1577, 24.99999999999997158 ) ;
#579 = ADVANCED_FACE ( 'NONE', ( #1171 ), #1739, .F. ) ;
#580 = EDGE_CURVE ( 'NONE', #639, #496, #506, .T. ) ;
#581 = DIRECTION ( 'NONE',  ( -6.001205538514363462E-16, 1.665669141091664491E-32, 1.000000000000000000 ) ) ;
#582 = LINE ( 'NONE', #284, #1052 ) ;
#583 = DATE_TIME_ROLE ( 'creation_date' ) ;
#584 = ORIENTED_EDGE ( 'NONE', *, *, #867, .T. ) ;
#585 = CARTESIAN_POINT ( 'NONE',  ( 999.9999999999997726, -1173.805262667904117, -544.8999999999997499 ) ) ;
#586 = AXIS2_PLACEMENT_3D ( 'NONE', #362, #914, #1460 ) ;
#587 = ORIENTED_EDGE ( 'NONE', *, *, #142, .F. ) ;
#588 = PLANE ( 'NONE',  #773 ) ;
#589 = DIRECTION ( 'NONE',  ( 6.001205538514363462E-16, 0.000000000000000000, -1.000000000000000000 ) ) ;
#590 = DIRECTION ( 'NONE',  ( -0.000000000000000000, 1.000000000000000000, 0.000000000000000000 ) ) ;
#591 = DATE_AND_TIME ( #1672, #1357 ) ;
#592 = VERTEX_POINT ( 'NONE', #748 ) ;
#593 = DIRECTION ( 'NONE',  ( 0.4999999999999995559, 0.000000000000000000, 0.8660254037844389297 ) ) ;
#594 = ORIENTED_EDGE ( 'NONE', *, *, #468, .T. ) ;
#595 = CARTESIAN_POINT ( 'NONE',  ( 1005.999999999999773, -574.8301822523413875, -544.8999999999997499 ) ) ;
#596 = CARTESIAN_POINT ( 'NONE',  ( 1005.999999999999773, -1241.982932197567607, -517.6776695296633761 ) ) ;
#597 = EDGE_CURVE ( 'NONE', #979, #1155, #1554, .T. ) ;
#598 = DIRECTION ( 'NONE',  ( 6.001205538514363462E-16, 0.000000000000000000, -1.000000000000000000 ) ) ;
#599 = LINE ( 'NONE', #492, #361 ) ;
#600 = AXIS2_PLACEMENT_3D ( 'NONE', #830, #1391, #308 ) ;
#601 = EDGE_CURVE ( 'NONE', #807, #979, #1588, .T. ) ;
#602 = CALENDAR_DATE ( 2026, 11, 7 ) ;
#603 = ADVANCED_FACE ( 'NONE', ( #1026 ), #1431, .F. ) ;
#604 = VERTEX_POINT ( 'NONE', #224 ) ;
#605 = CARTESIAN_POINT ( 'NONE',  ( 989.0499999999997272, -1169.805262667903889, -653.9659563428791671 ) ) ;
#606 = VERTEX_POINT ( 'NONE', #469 ) ;
#607 = CARTESIAN_POINT ( 'NONE',  ( 952.5500000000000682, -574.8301822523413875, -717.1858108191426027 ) ) ;
#608 = CLOSED_SHELL ( 'NONE', ( #102, #579, #1141, #643, #203, #603, #470, #1030, #124, #1457, #258, #239, #370, #1106, #304, #1703, #901, #1170, #1688, #1508, #1531, #791, #658, #1564, #1372, #144, #393, #1062, #525, #1605, #18, #91, #552, #766, #822, #159, #1607, #491, #688, #932, #1191, #1326, #1085, #226, #709, #51, #972, #154, #1582, #1257, #555, #819, #1618, #1745 ) ) ;
#609 = LINE ( 'NONE', #1451, #1710 ) ;
#610 = DIRECTION ( 'NONE',  ( 0.000000000000000000, 1.000000000000000000, 0.000000000000000000 ) ) ;
#611 = CARTESIAN_POINT ( 'NONE',  ( 936.5349871875388317, -1096.627593138239945, -756.9246266941921704 ) ) ;
#612 = EDGE_LOOP ( 'NONE', ( #1248, #1401, #303, #1215, #1517, #1763, #677, #384, #1251, #79, #458, #187, #849, #548, #450, #803 ) ) ;
#613 = CARTESIAN_POINT ( 'NONE',  ( 999.9999999999997726, -1245.205262667903526, -609.0999999999991132 ) ) ;
#614 = EDGE_CURVE ( 'NONE', #1713, #245, #757, .T. ) ;
#615 = ORIENTED_EDGE ( 'NONE', *, *, #1029, .F. ) ;
#616 = CARTESIAN_POINT ( 'NONE',  ( 989.0499999999997272, -1174.805262667903662, -653.9659563428791671 ) ) ;
#617 = DIRECTION ( 'NONE',  ( -0.4999999999999995559, 0.000000000000000000, -0.8660254037844389297 ) ) ;
#618 = AXIS2_PLACEMENT_3D ( 'NONE', #1327, #934, #1214 ) ;
#619 = DIRECTION ( 'NONE',  ( -0.4999999999999995559, 0.000000000000000000, -0.8660254037844389297 ) ) ;
#620 = CARTESIAN_POINT ( 'NONE',  ( 999.9999999999997726, -1178.805262667903662, -609.0999999999999091 ) ) ;
#621 = ORIENTED_EDGE ( 'NONE', *, *, #1343, .T. ) ;
#622 = LINE ( 'NONE', #475, #1669 ) ;
#623 = ORIENTED_EDGE ( 'NONE', *, *, #1746, .T. ) ;
#624 = FACE_OUTER_BOUND ( 'NONE', #981, .T. ) ;
#625 = CARTESIAN_POINT ( 'NONE',  ( 986.4499999999999318, -1089.305262667903889, -658.4692884425578541 ) ) ;
#626 = APPROVAL ( #1014, 'UNSPECIFIED' ) ;
#627 = CARTESIAN_POINT ( 'NONE',  ( 999.9999999999996589, -574.8301822523413875, -449.9999999999998863 ) ) ;
#628 = VERTEX_POINT ( 'NONE', #359 ) ;
#629 = LINE ( 'NONE', #1157, #808 ) ;
#630 = VERTEX_POINT ( 'NONE', #906 ) ;
#631 = CARTESIAN_POINT ( 'NONE',  ( 999.9999999999997726, -1178.805262667903662, -603.8999999999998636 ) ) ;
#632 = CARTESIAN_POINT ( 'NONE',  ( 834.7260985847816528, -1169.805262667903889, -933.2627944162877611 ) ) ;
#633 = VECTOR ( 'NONE', #1776, 1000.000000000000000 ) ;
#634 = CIRCLE ( 'NONE', #1635, 6.000000000000005329 ) ;
#635 = EDGE_CURVE ( 'NONE', #660, #1242, #767, .T. ) ;
#636 = EDGE_CURVE ( 'NONE', #175, #782, #1307, .T. ) ;
#637 = AXIS2_PLACEMENT_3D ( 'NONE', #1438, #1712, #1455 ) ;
#638 = CARTESIAN_POINT ( 'NONE',  ( 999.9999999999997726, -1178.805262667903662, -550.0999999999996817 ) ) ;
#639 = VERTEX_POINT ( 'NONE', #1179 ) ;
#640 = DIRECTION ( 'NONE',  ( -1.000000000000000000, -0.000000000000000000, -0.000000000000000000 ) ) ;
#641 = ORIENTED_EDGE ( 'NONE', *, *, #1507, .T. ) ;
#642 = LINE ( 'NONE', #1288, #1693 ) ;
#643 = ADVANCED_FACE ( 'NONE', ( #1036 ), #351, .F. ) ;
#644 = CIRCLE ( 'NONE', #1168, 6.000000000000005329 ) ;
#645 = CARTESIAN_POINT ( 'NONE',  ( 993.9999999999997726, -1249.305262667903662, -633.3923048454130367 ) ) ;
#646 = ORIENTED_EDGE ( 'NONE', *, *, #1476, .F. ) ;
#647 = LINE ( 'NONE', #1047, #115 ) ;
#648 = VERTEX_POINT ( 'NONE', #497 ) ;
#649 = DIRECTION ( 'NONE',  ( -0.000000000000000000, -1.000000000000000000, 0.000000000000000000 ) ) ;
#650 = ORIENTED_EDGE ( 'NONE', *, *, #1476, .T. ) ;
#651 = VECTOR ( 'NONE', #1513, 1000.000000000000000 ) ;
#652 = DIRECTION ( 'NONE',  ( -9.996022874851759560E-48, -1.000000000000000000, 1.665669141091664491E-32 ) ) ;
#653 = DIRECTION ( 'NONE',  ( 6.001205538514363462E-16, 0.000000000000000000, -1.000000000000000000 ) ) ;
#654 = VECTOR ( 'NONE', #1347, 1000.000000000000000 ) ;
#655 = ORIENTED_EDGE ( 'NONE', *, *, #1238, .F. ) ;
#656 = CARTESIAN_POINT ( 'NONE',  ( 829.5299461620750208, -1093.405262667904026, -930.2627944162877611 ) ) ;
#657 = EDGE_CURVE ( 'NONE', #394, #1242, #1043, .T. ) ;
#658 = ADVANCED_FACE ( 'NONE', ( #106 ), #1748, .T. ) ;
#659 = VECTOR ( 'NONE', #1010, 1000.000000000000000 ) ;
#660 = VERTEX_POINT ( 'NONE', #1472 ) ;
#661 = DIRECTION ( 'NONE',  ( 0.000000000000000000, 0.000000000000000000, -1.000000000000000000 ) ) ;
#662 = ORIENTED_EDGE ( 'NONE', *, *, #786, .F. ) ;
#663 = AXIS2_PLACEMENT_3D ( 'NONE', #477, #57, #216 ) ;
#664 = DIRECTION ( 'NONE',  ( -0.8660254037844389297, 0.000000000000000000, 0.4999999999999995559 ) ) ;
#665 = CARTESIAN_POINT ( 'NONE',  ( 949.9500000000000455, -1174.805262667903435, -721.6891429188217444 ) ) ;
#666 = VECTOR ( 'NONE', #941, 1000.000000000000000 ) ;
#667 = ORIENTED_EDGE ( 'NONE', *, *, #1434, .T. ) ;
#668 = LINE ( 'NONE', #1600, #493 ) ;
#669 = ORIENTED_EDGE ( 'NONE', *, *, #1294, .F. ) ;
#670 = DIRECTION ( 'NONE',  ( -0.8660254037844389297, 0.000000000000000000, 0.4999999999999995559 ) ) ;
#671 = ORIENTED_EDGE ( 'NONE', *, *, #1573, .F. ) ;
#672 = CARTESIAN_POINT ( 'NONE',  ( 834.7260985847816528, -1089.305262667903889, -933.2627944162877611 ) ) ;
#673 = ORIENTED_EDGE ( 'NONE', *, *, #1139, .T. ) ;
#674 = LINE ( 'NONE', #656, #1520 ) ;
#675 = ORIENTED_EDGE ( 'NONE', *, *, #1006, .F. ) ;
#676 = CYLINDRICAL_SURFACE ( 'NONE', #890, 25.00000000000002132 ) ;
#677 = ORIENTED_EDGE ( 'NONE', *, *, #180, .F. ) ;
#678 = DIRECTION ( 'NONE',  ( 0.000000000000000000, 1.000000000000000000, 0.000000000000000000 ) ) ;
#679 = EDGE_CURVE ( 'NONE', #724, #1711, #928, .T. ) ;
#680 = LINE ( 'NONE', #1237, #1546 ) ;
#681 = CARTESIAN_POINT ( 'NONE',  ( 1005.999999999999773, -1249.305262667903662, -634.9999999999997726 ) ) ;
#682 = ORIENTED_EDGE ( 'NONE', *, *, #1499, .F. ) ;
#683 = DIRECTION ( 'NONE',  ( 0.4999999999999995559, 0.000000000000000000, 0.8660254037844389297 ) ) ;
#684 = ORIENTED_EDGE ( 'NONE', *, *, #1764, .T. ) ;
#685 = CARTESIAN_POINT ( 'NONE',  ( 1005.999999999999773, -574.8301822523413875, -609.0999999999999091 ) ) ;
#686 = AXIS2_PLACEMENT_3D ( 'NONE', #190, #1298, #776 ) ;
#687 = EDGE_CURVE ( 'NONE', #1664, #1089, #97, .T. ) ;
#688 = ADVANCED_FACE ( 'NONE', ( #387 ), #676, .T. ) ;
#689 = PLANE ( 'NONE',  #138 ) ;
#690 = VECTOR ( 'NONE', #991, 1000.000000000000000 ) ;
#691 = LINE ( 'NONE', #681, #885 ) ;
#692 = EDGE_LOOP ( 'NONE', ( #1182, #255, #667, #1323 ) ) ;
#693 = DIRECTION ( 'NONE',  ( 0.000000000000000000, -1.000000000000000000, 0.000000000000000000 ) ) ;
#694 = EDGE_LOOP ( 'NONE', ( #503, #294, #1736, #876 ) ) ;
#695 = DIRECTION ( 'NONE',  ( 0.000000000000000000, -0.000000000000000000, 1.000000000000000000 ) ) ;
#696 = CARTESIAN_POINT ( 'NONE',  ( 949.9500000000000455, -574.8301822523413875, -721.6891429188217444 ) ) ;
#697 = DIRECTION ( 'NONE',  ( -0.3535533905932753962, -0.7071067811865435759, -0.6123724356957981341 ) ) ;
#698 = AXIS2_PLACEMENT_3D ( 'NONE', #1452, #1333, #908 ) ;
#699 = APPROVAL_STATUS ( 'not_yet_approved' ) ;
#700 = ORIENTED_EDGE ( 'NONE', *, *, #867, .F. ) ;
#701 = CARTESIAN_POINT ( 'NONE',  ( 834.7260985847816528, -1174.805262667903435, -933.2627944162877611 ) ) ;
#702 = ORIENTED_EDGE ( 'NONE', *, *, #879, .T. ) ;
#703 = DIRECTION ( 'NONE',  ( 6.001205538514363462E-16, 0.000000000000000000, -1.000000000000000000 ) ) ;
#704 = CARTESIAN_POINT ( 'NONE',  ( 1016.079895607634285, -937.5377762980507441, -619.1488038271734240 ) ) ;
#705 = PLANE ( 'NONE',  #419 ) ;
#706 =( NAMED_UNIT ( * ) PLANE_ANGLE_UNIT ( ) SI_UNIT ( $, .RADIAN. ) );
#707 = VERTEX_POINT ( 'NONE', #522 ) ;
#708 = DIRECTION ( 'NONE',  ( 0.000000000000000000, -1.000000000000000000, 0.000000000000000000 ) ) ;
#709 = ADVANCED_FACE ( 'NONE', ( #1337 ), #1774, .F. ) ;
#710 = EDGE_CURVE ( 'NONE', #1713, #89, #1054, .T. ) ;
#711 = ORIENTED_EDGE ( 'NONE', *, *, #1500, .T. ) ;
#712 = CARTESIAN_POINT ( 'NONE',  ( 901.3573176578746597, -1166.982932197567607, -817.8541376114382047 ) ) ;
#713 = CARTESIAN_POINT ( 'NONE',  ( 999.9999999999997726, -1249.305262667903662, -634.9999999999997726 ) ) ;
#714 = LINE ( 'NONE', #1532, #17 ) ;
#715 = VECTOR ( 'NONE', #1493, 1000.000000000000000 ) ;
#716 = ORIENTED_EDGE ( 'NONE', *, *, #280, .F. ) ;
#717 = LINE ( 'NONE', #1535, #547 ) ;
#718 = VECTOR ( 'NONE', #137, 1000.000000000000000 ) ;
#719 = ORIENTED_EDGE ( 'NONE', *, *, #1642, .T. ) ;
#720 = CARTESIAN_POINT ( 'NONE',  ( 999.9999999999997726, -1173.805262667903889, -634.9999999999997726 ) ) ;
#721 = FACE_OUTER_BOUND ( 'NONE', #930, .T. ) ;
#722 = LINE ( 'NONE', #193, #218 ) ;
#723 = PERSON_AND_ORGANIZATION ( #1008, #417 ) ;
#724 = VERTEX_POINT ( 'NONE', #539 ) ;
#725 = CARTESIAN_POINT ( 'NONE',  ( 1005.999999999999773, -574.8301822523413875, -603.8999999999990678 ) ) ;
#726 = ORIENTED_EDGE ( 'NONE', *, *, #1261, .T. ) ;
#727 = DIRECTION ( 'NONE',  ( -0.4999999999999987788, 0.000000000000000000, -0.8660254037844393737 ) ) ;
#728 = DIRECTION ( 'NONE',  ( 0.000000000000000000, 1.000000000000000000, 0.000000000000000000 ) ) ;
#729 = EDGE_CURVE ( 'NONE', #839, #784, #512, .T. ) ;
#730 = EDGE_CURVE ( 'NONE', #604, #1397, #1114, .T. ) ;
#731 = LINE ( 'NONE', #1281, #373 ) ;
#732 = CARTESIAN_POINT ( 'NONE',  ( 999.9999999999996589, -1114.305262667903662, -449.9999999999998863 ) ) ;
#733 = VECTOR ( 'NONE', #311, 1000.000000000000000 ) ;
#734 = SECURITY_CLASSIFICATION_LEVEL ( 'unclassified' ) ;
#735 = ORIENTED_EDGE ( 'NONE', *, *, #1442, .T. ) ;
#736 = LINE ( 'NONE', #1167, #1699 ) ;
#737 = ORIENTED_EDGE ( 'NONE', *, *, #1172, .F. ) ;
#738 = FACE_OUTER_BOUND ( 'NONE', #612, .T. ) ;
#739 = CARTESIAN_POINT ( 'NONE',  ( 955.1461524227066775, -1093.405262667904026, -724.6891429188216307 ) ) ;
#740 = AXIS2_PLACEMENT_3D ( 'NONE', #1110, #179, #695 ) ;
#741 = FACE_OUTER_BOUND ( 'NONE', #1645, .T. ) ;
#742 = EDGE_CURVE ( 'NONE', #404, #1722, #1072, .T. ) ;
#743 = CARTESIAN_POINT ( 'NONE',  ( 989.0499999999997272, -1174.805262667903662, -653.9659563428791671 ) ) ;
#744 = VECTOR ( 'NONE', #75, 1000.000000000000000 ) ;
#745 = EDGE_LOOP ( 'NONE', ( #1018, #396, #423, #1479, #1202, #1360, #1747, #513, #924, #213, #997, #829, #1097, #1015, #1227, #1534 ) ) ;
#746 = PLANE ( 'NONE',  #751 ) ;
#747 = VERTEX_POINT ( 'NONE', #1603 ) ;
#748 = CARTESIAN_POINT ( 'NONE',  ( 1005.999999999999773, -1173.805262667903889, -550.0999999999996817 ) ) ;
#749 = AXIS2_PLACEMENT_3D ( 'NONE', #463, #589, #1539 ) ;
#750 = DIRECTION ( 'NONE',  ( 6.001205538514363462E-16, 0.000000000000000000, -1.000000000000000000 ) ) ;
#751 = AXIS2_PLACEMENT_3D ( 'NONE', #1568, #206, #1296 ) ;
#752 = PLANE ( 'NONE',  #1519 ) ;
#753 = DIRECTION ( 'NONE',  ( 0.000000000000000000, 1.000000000000000000, 0.000000000000000000 ) ) ;
#754 = ORIENTED_EDGE ( 'NONE', *, *, #1510, .T. ) ;
#755 = CARTESIAN_POINT ( 'NONE',  ( 999.9999999999997726, -1245.205262667903526, -544.8999999999997499 ) ) ;
#756 = EDGE_LOOP ( 'NONE', ( #989, #118, #1680, #671 ) ) ;
#757 = LINE ( 'NONE', #334, #1344 ) ;
#758 = DIRECTION ( 'NONE',  ( 0.4999999999999995559, 0.000000000000000000, 0.8660254037844389297 ) ) ;
#759 = VECTOR ( 'NONE', #617, 1000.000000000000000 ) ;
#760 = CARTESIAN_POINT ( 'NONE',  ( 999.9999999999997726, -1178.805262667903662, -634.9999999999997726 ) ) ;
#761 = DIRECTION ( 'NONE',  ( 0.8660254037844389297, -0.000000000000000000, -0.4999999999999995559 ) ) ;
#762 = VERTEX_POINT ( 'NONE', #1361 ) ;
#763 = DIRECTION ( 'NONE',  ( -9.996022874851759560E-48, -1.000000000000000000, 1.665669141091664491E-32 ) ) ;
#764 = AXIS2_PLACEMENT_3D ( 'NONE', #52, #1619, #229 ) ;
#765 = ORIENTED_EDGE ( 'NONE', *, *, #316, .F. ) ;
#766 = ADVANCED_FACE ( 'NONE', ( #268 ), #244, .T. ) ;
#767 = LINE ( 'NONE', #878, #283 ) ;
#768 = VECTOR ( 'NONE', #1686, 1000.000000000000000 ) ;
#769 = EDGE_CURVE ( 'NONE', #1155, #1661, #369, .T. ) ;
#770 = DIRECTION ( 'NONE',  ( 0.000000000000000000, 1.000000000000000000, 0.000000000000000000 ) ) ;
#771 = FACE_OUTER_BOUND ( 'NONE', #954, .T. ) ;
#772 = ORIENTED_EDGE ( 'NONE', *, *, #926, .T. ) ;
#773 = AXIS2_PLACEMENT_3D ( 'NONE', #1383, #1138, #850 ) ;
#774 = CARTESIAN_POINT ( 'NONE',  ( 1005.999999999999773, -1178.805262667903662, -603.8999999999998636 ) ) ;
#775 = VERTEX_POINT ( 'NONE', #1331 ) ;
#776 = DIRECTION ( 'NONE',  ( 0.000000000000000000, 1.000000000000000000, 0.000000000000000000 ) ) ;
#777 = VECTOR ( 'NONE', #310, 1000.000000000000000 ) ;
#778 = VECTOR ( 'NONE', #365, 1000.000000000000000 ) ;
#779 = DIRECTION ( 'NONE',  ( -0.8660254037844389297, 0.000000000000000000, 0.4999999999999995559 ) ) ;
#780 = VECTOR ( 'NONE', #992, 1000.000000000000000 ) ;
#781 = PRODUCT_RELATED_PRODUCT_CATEGORY ( 'detail', '', ( #1636 ) ) ;
#782 = VERTEX_POINT ( 'NONE', #1210 ) ;
#783 = PLANE ( 'NONE',  #406 ) ;
#784 = VERTEX_POINT ( 'NONE', #1756 ) ;
#785 = CARTESIAN_POINT ( 'NONE',  ( 999.9999999999997726, -574.8301822523413875, -603.8999999999998636 ) ) ;
#786 = EDGE_CURVE ( 'NONE', #1542, #639, #818, .T. ) ;
#787 = EDGE_LOOP ( 'NONE', ( #215, #956, #920, #863 ) ) ;
#788 = VECTOR ( 'NONE', #1571, 1000.000000000000000 ) ;
#789 = EDGE_CURVE ( 'NONE', #404, #123, #236, .T. ) ;
#790 = DIRECTION ( 'NONE',  ( -6.001205538514363462E-16, -1.665669141091664491E-32, 1.000000000000000000 ) ) ;
#791 = ADVANCED_FACE ( 'NONE', ( #1218 ), #1232, .T. ) ;
#792 = ORIENTED_EDGE ( 'NONE', *, *, #1583, .T. ) ;
#793 = DIRECTION ( 'NONE',  ( 0.000000000000000000, 0.000000000000000000, 1.000000000000000000 ) ) ;
#794 = ORIENTED_EDGE ( 'NONE', *, *, #447, .F. ) ;
#795 = DIRECTION ( 'NONE',  ( 0.4999999999999995559, 0.000000000000000000, 0.8660254037844389297 ) ) ;
#796 = CIRCLE ( 'NONE', #306, 25.00000000000002132 ) ;
#797 = ORIENTED_EDGE ( 'NONE', *, *, #238, .T. ) ;
#798 = DIRECTION ( 'NONE',  ( -0.000000000000000000, -1.000000000000000000, 0.000000000000000000 ) ) ;
#799 = LINE ( 'NONE', #638, #882 ) ;
#800 = EDGE_CURVE ( 'NONE', #232, #1077, #1080, .T. ) ;
#801 = ORIENTED_EDGE ( 'NONE', *, *, #1725, .F. ) ;
#802 = CARTESIAN_POINT ( 'NONE',  ( 829.5299461620750208, -1093.405262667904026, -930.2627944162877611 ) ) ;
#803 = ORIENTED_EDGE ( 'NONE', *, *, #1573, .T. ) ;
#804 = CARTESIAN_POINT ( 'NONE',  ( 1005.999999999999773, -1245.205262667903526, -634.9999999999997726 ) ) ;
#805 = ORIENTED_EDGE ( 'NONE', *, *, #1107, .T. ) ;
#806 = LINE ( 'NONE', #1646, #1184 ) ;
#807 = VERTEX_POINT ( 'NONE', #1127 ) ;
#808 = VECTOR ( 'NONE', #904, 999.9999999999998863 ) ;
#809 = CARTESIAN_POINT ( 'NONE',  ( 999.9999999999996589, -1114.305262667903662, -474.9999999999999432 ) ) ;
#810 = ORIENTED_EDGE ( 'NONE', *, *, #16, .F. ) ;
#811 = DIRECTION ( 'NONE',  ( 0.4999999999999987788, 0.000000000000000000, 0.8660254037844393737 ) ) ;
#812 = CC_DESIGN_PERSON_AND_ORGANIZATION_ASSIGNMENT ( #723, #146, ( #942 ) ) ;
#813 = ORIENTED_EDGE ( 'NONE', *, *, #1122, .F. ) ;
#814 = PLANE ( 'NONE',  #1093 ) ;
#815 = CARTESIAN_POINT ( 'NONE',  ( 829.5299461620750208, -1249.305262667903662, -930.2627944162877611 ) ) ;
#816 = DIRECTION ( 'NONE',  ( 4.243493131577765870E-16, -0.7071067811865489050, -0.7071067811865462405 ) ) ;
#817 = EDGE_LOOP ( 'NONE', ( #1594, #518, #1295, #1348 ) ) ;
#818 = LINE ( 'NONE', #129, #1486 ) ;
#819 = ADVANCED_FACE ( 'NONE', ( #838 ), #24, .T. ) ;
#820 = EDGE_CURVE ( 'NONE', #628, #333, #278, .T. ) ;
#821 = ORIENTED_EDGE ( 'NONE', *, *, #1084, .F. ) ;
#822 = ADVANCED_FACE ( 'NONE', ( #1515 ), #176, .T. ) ;
#823 = DIRECTION ( 'NONE',  ( -0.4999999999999995559, 0.000000000000000000, -0.8660254037844389297 ) ) ;
#824 = DIRECTION ( 'NONE',  ( -0.4999999999999995004, 0.000000000000000000, -0.8660254037844390407 ) ) ;
#825 = CARTESIAN_POINT ( 'NONE',  ( 989.0499999999999545, -1093.405262667904026, -653.9659563428787123 ) ) ;
#826 = AXIS2_PLACEMENT_3D ( 'NONE', #939, #260, #795 ) ;
#827 = ORIENTED_EDGE ( 'NONE', *, *, #204, .F. ) ;
#828 = DIRECTION ( 'NONE',  ( -1.000000000000000000, 0.000000000000000000, -6.001205538514363462E-16 ) ) ;
#829 = ORIENTED_EDGE ( 'NONE', *, *, #1447, .F. ) ;
#830 = CARTESIAN_POINT ( 'NONE',  ( 904.9999999999996589, -1224.305262667903889, -799.5448267190434990 ) ) ;
#831 = VECTOR ( 'NONE', #897, 1000.000000000000000 ) ;
#832 = LINE ( 'NONE', #1366, #85 ) ;
#833 = AXIS2_PLACEMENT_3D ( 'NONE', #1697, #1565, #40 ) ;
#834 = CYLINDRICAL_SURFACE ( 'NONE', #1082, 24.99999999999997158 ) ;
#835 = APPROVAL_DATE_TIME ( #302, #1468 ) ;
#836 = VECTOR ( 'NONE', #1087, 1000.000000000000000 ) ;
#837 = VERTEX_POINT ( 'NONE', #549 ) ;
#838 = FACE_OUTER_BOUND ( 'NONE', #1616, .T. ) ;
#839 = VERTEX_POINT ( 'NONE', #433 ) ;
#840 = DIRECTION ( 'NONE',  ( -6.001205538514363462E-16, 0.000000000000000000, 1.000000000000000000 ) ) ;
#841 = EDGE_CURVE ( 'NONE', #784, #350, #34, .T. ) ;
#842 = ORIENTED_EDGE ( 'NONE', *, *, #1236, .T. ) ;
#843 = EDGE_CURVE ( 'NONE', #1437, #1643, #1105, .T. ) ;
#844 = LINE ( 'NONE', #1378, #1312 ) ;
#845 = LOCAL_TIME ( 16, 44, 49.00000000000000000, #53 ) ;
#846 = DATE_AND_TIME ( #977, #1305 ) ;
#847 = ORIENTED_EDGE ( 'NONE', *, *, #614, .T. ) ;
#848 = CARTESIAN_POINT ( 'NONE',  ( 1005.999999999999773, -1114.305262667903662, -474.9999999999999432 ) ) ;
#849 = ORIENTED_EDGE ( 'NONE', *, *, #1107, .F. ) ;
#850 = DIRECTION ( 'NONE',  ( 4.243493131577765870E-16, -0.7071067811865489050, -0.7071067811865462405 ) ) ;
#851 = AXIS2_PLACEMENT_3D ( 'NONE', #893, #1291, #1405 ) ;
#852 = DIRECTION ( 'NONE',  ( 6.001205538514363462E-16, 0.000000000000000000, -1.000000000000000000 ) ) ;
#853 = DIRECTION ( 'NONE',  ( -6.001205538514363462E-16, 0.000000000000000000, 1.000000000000000000 ) ) ;
#854 = APPROVAL_ROLE ( '' ) ;
#855 = ORIENTED_EDGE ( 'NONE', *, *, #710, .F. ) ;
#856 = FACE_OUTER_BOUND ( 'NONE', #378, .T. ) ;
#857 = EDGE_LOOP ( 'NONE', ( #269, #1489, #1585, #355 ) ) ;
#858 = DIRECTION ( 'NONE',  ( 6.001205538514363462E-16, 0.000000000000000000, -1.000000000000000000 ) ) ;
#859 = FACE_OUTER_BOUND ( 'NONE', #1330, .T. ) ;
#860 = DIRECTION ( 'NONE',  ( -1.000000000000000000, 0.000000000000000000, -6.001205538514363462E-16 ) ) ;
#861 = PERSON_AND_ORGANIZATION ( #1008, #417 ) ;
#862 = VECTOR ( 'NONE', #823, 1000.000000000000000 ) ;
#863 = ORIENTED_EDGE ( 'NONE', *, *, #1553, .F. ) ;
#864 = PLANE ( 'NONE',  #1066 ) ;
#865 = VECTOR ( 'NONE', #1285, 1000.000000000000000 ) ;
#866 = ORIENTED_EDGE ( 'NONE', *, *, #769, .F. ) ;
#867 = EDGE_CURVE ( 'NONE', #1430, #630, #717, .T. ) ;
#868 = CARTESIAN_POINT ( 'NONE',  ( 904.9999999999996589, -1184.660601727231324, -799.5448267190434990 ) ) ;
#869 = EDGE_CURVE ( 'NONE', #1042, #1089, #287, .T. ) ;
#870 = DIRECTION ( 'NONE',  ( 0.000000000000000000, 1.000000000000000000, 0.000000000000000000 ) ) ;
#871 = FACE_OUTER_BOUND ( 'NONE', #81, .T. ) ;
#872 = APPROVAL_DATE_TIME ( #1125, #626 ) ;
#873 = EDGE_LOOP ( 'NONE', ( #1445, #1691, #797, #1109 ) ) ;
#874 = DIRECTION ( 'NONE',  ( -0.000000000000000000, -1.000000000000000000, 0.000000000000000000 ) ) ;
#875 = VECTOR ( 'NONE', #750, 1000.000000000000000 ) ;
#876 = ORIENTED_EDGE ( 'NONE', *, *, #993, .T. ) ;
#877 = EDGE_CURVE ( 'NONE', #1755, #407, #295, .T. ) ;
#878 = CARTESIAN_POINT ( 'NONE',  ( 986.4499999999997044, -1174.805262667903435, -658.4692884425583088 ) ) ;
#879 = EDGE_CURVE ( 'NONE', #567, #1701, #314, .T. ) ;
#880 = PLANE ( 'NONE',  #1415 ) ;
#881 = EDGE_CURVE ( 'NONE', #784, #533, #988, .T. ) ;
#882 = VECTOR ( 'NONE', #1597, 1000.000000000000000 ) ;
#883 = DIRECTION ( 'NONE',  ( 0.000000000000000000, -1.000000000000000000, 0.000000000000000000 ) ) ;
#884 = LINE ( 'NONE', #1549, #1280 ) ;
#885 = VECTOR ( 'NONE', #448, 1000.000000000000000 ) ;
#886 = VERTEX_POINT ( 'NONE', #566 ) ;
#887 = DIRECTION ( 'NONE',  ( -0.4999999999999987788, 0.000000000000000000, -0.8660254037844393737 ) ) ;
#888 = ORIENTED_EDGE ( 'NONE', *, *, #1696, .F. ) ;
#889 = DIRECTION ( 'NONE',  ( 0.000000000000000000, 1.000000000000000000, 0.000000000000000000 ) ) ;
#890 = AXIS2_PLACEMENT_3D ( 'NONE', #1061, #252, #379 ) ;
#891 = DIRECTION ( 'NONE',  ( 0.000000000000000000, -1.000000000000000000, 0.000000000000000000 ) ) ;
#892 = CARTESIAN_POINT ( 'NONE',  ( 829.5299461620750208, -1169.805262667903889, -930.2627944162877611 ) ) ;
#893 = CARTESIAN_POINT ( 'NONE',  ( 829.5299461620750208, -1089.305262667903889, -930.2627944162877611 ) ) ;
#894 = EDGE_LOOP ( 'NONE', ( #1602, #1135, #113, #456 ) ) ;
#895 = CARTESIAN_POINT ( 'NONE',  ( 999.9999999999997726, -1173.805262667903889, -550.0999999999996817 ) ) ;
#896 = ORIENTED_EDGE ( 'NONE', *, *, #74, .F. ) ;
#897 = DIRECTION ( 'NONE',  ( -1.000000000000000000, 0.000000000000000000, -6.001205538514363462E-16 ) ) ;
#898 = FACE_OUTER_BOUND ( 'NONE', #1652, .T. ) ;
#899 = CARTESIAN_POINT ( 'NONE',  ( 949.9500000000000455, -1093.405262667904026, -721.6891429188216307 ) ) ;
#900 = CARTESIAN_POINT ( 'NONE',  ( 994.2461524227064729, -1174.805262667903662, -656.9659563428791671 ) ) ;
#901 = ADVANCED_FACE ( 'NONE', ( #856 ), #864, .T. ) ;
#902 = EDGE_CURVE ( 'NONE', #628, #604, #1543, .T. ) ;
#903 = ORIENTED_EDGE ( 'NONE', *, *, #39, .T. ) ;
#904 = DIRECTION ( 'NONE',  ( 4.243493131577765870E-16, -0.7071067811865489050, -0.7071067811865462405 ) ) ;
#905 = ORIENTED_EDGE ( 'NONE', *, *, #1005, .F. ) ;
#906 = CARTESIAN_POINT ( 'NONE',  ( 931.3388347648321997, -1096.627593138239945, -753.9246266941921704 ) ) ;
#907 = CARTESIAN_POINT ( 'NONE',  ( 999.9999999999997726, -1178.805262667903662, -544.8999999999997499 ) ) ;
#908 = DIRECTION ( 'NONE',  ( 0.000000000000000000, 0.000000000000000000, 1.000000000000000000 ) ) ;
#909 = VERTEX_POINT ( 'NONE', #412 ) ;
#910 = PLANE ( 'NONE',  #637 ) ;
#911 = VERTEX_POINT ( 'NONE', #1506 ) ;
#912 = PLANE ( 'NONE',  #428 ) ;
#913 = VECTOR ( 'NONE', #1359, 1000.000000000000000 ) ;
#914 = DIRECTION ( 'NONE',  ( 1.000000000000000000, -0.000000000000000000, 6.001205538514363462E-16 ) ) ;
#915 = ORIENTED_EDGE ( 'NONE', *, *, #122, .F. ) ;
#916 = FACE_OUTER_BOUND ( 'NONE', #756, .T. ) ;
#917 = ORIENTED_EDGE ( 'NONE', *, *, #542, .T. ) ;
#918 = DIRECTION ( 'NONE',  ( 9.996022874851759560E-48, -1.000000000000000000, -1.665669141091664491E-32 ) ) ;
#919 = EDGE_CURVE ( 'NONE', #175, #177, #275, .T. ) ;
#920 = ORIENTED_EDGE ( 'NONE', *, *, #1555, .T. ) ;
#921 = VECTOR ( 'NONE', #143, 1000.000000000000000 ) ;
#922 = EDGE_CURVE ( 'NONE', #775, #965, #634, .T. ) ;
#923 = CARTESIAN_POINT ( 'NONE',  ( 993.9999999999997726, -574.8301822523413875, -633.3923048454130367 ) ) ;
#924 = ORIENTED_EDGE ( 'NONE', *, *, #1236, .F. ) ;
#925 = LINE ( 'NONE', #1216, #141 ) ;
#926 = EDGE_CURVE ( 'NONE', #248, #388, #1525, .T. ) ;
#927 = ORIENTED_EDGE ( 'NONE', *, *, #1345, .T. ) ;
#928 = LINE ( 'NONE', #946, #1392 ) ;
#929 = EDGE_CURVE ( 'NONE', #606, #386, #969, .T. ) ;
#930 = EDGE_LOOP ( 'NONE', ( #1758, #1464, #1561, #1159 ) ) ;
#931 = LINE ( 'NONE', #551, #1491 ) ;
#932 = ADVANCED_FACE ( 'NONE', ( #156 ), #1674, .F. ) ;
#933 = AXIS2_PLACEMENT_3D ( 'NONE', #500, #84, #653 ) ;
#934 = DIRECTION ( 'NONE',  ( -0.4999999999999995559, -0.000000000000000000, -0.8660254037844389297 ) ) ;
#935 = ORIENTED_EDGE ( 'NONE', *, *, #74, .T. ) ;
#936 = DIRECTION ( 'NONE',  ( 0.000000000000000000, 1.000000000000000000, 0.000000000000000000 ) ) ;
#937 = CARTESIAN_POINT ( 'NONE',  ( 829.5299461620750208, -1089.305262667903889, -930.2627944162877611 ) ) ;
#938 = ORIENTED_EDGE ( 'NONE', *, *, #1778, .T. ) ;
#939 = CARTESIAN_POINT ( 'NONE',  ( 829.5299461620750208, -1174.805262667903662, -930.2627944162877611 ) ) ;
#940 = ORIENTED_EDGE ( 'NONE', *, *, #48, .T. ) ;
#941 = DIRECTION ( 'NONE',  ( 0.000000000000000000, 1.000000000000000000, -0.000000000000000000 ) ) ;
#942 = PRODUCT_DEFINITION ( 'UNKNOWN', '', #328, #130 ) ;
#943 = ORIENTED_EDGE ( 'NONE', *, *, #1304, .T. ) ;
#944 = CARTESIAN_POINT ( 'NONE',  ( 1005.999999999999773, -1178.805262667903662, -550.0999999999996817 ) ) ;
#945 = ORIENTED_EDGE ( 'NONE', *, *, #1424, .F. ) ;
#946 = CARTESIAN_POINT ( 'NONE',  ( 991.6461524227066775, -574.8301822523413875, -661.4692884425577404 ) ) ;
#947 = ORIENTED_EDGE ( 'NONE', *, *, #869, .T. ) ;
#948 = CARTESIAN_POINT ( 'NONE',  ( 892.4999999999997726, -1224.305262667903889, -821.1954618136544468 ) ) ;
#949 = AXIS2_PLACEMENT_3D ( 'NONE', #1339, #534, #1502 ) ;
#950 = DIRECTION ( 'NONE',  ( 0.4999999999999995559, -0.000000000000000000, 0.8660254037844389297 ) ) ;
#951 = LINE ( 'NONE', #1322, #1094 ) ;
#952 = EDGE_CURVE ( 'NONE', #177, #965, #457, .T. ) ;
#953 = EDGE_CURVE ( 'NONE', #533, #250, #1418, .T. ) ;
#954 = EDGE_LOOP ( 'NONE', ( #1592, #1544, #1673, #765 ) ) ;
#955 = CARTESIAN_POINT ( 'NONE',  ( 1005.999999999999773, -1224.305262667903889, -535.3553390593270933 ) ) ;
#956 = ORIENTED_EDGE ( 'NONE', *, *, #742, .T. ) ;
#957 = CARTESIAN_POINT ( 'NONE',  ( 957.7461524227068139, -574.8301822523413875, -720.1858108191426027 ) ) ;
#958 = CIRCLE ( 'NONE', #586, 25.00000000000002132 ) ;
#959 = LINE ( 'NONE', #427, #1436 ) ;
#960 = LINE ( 'NONE', #13, #392 ) ;
#961 = VERTEX_POINT ( 'NONE', #755 ) ;
#962 = DIRECTION ( 'NONE',  ( 1.000000000000000000, -0.000000000000000000, 6.001205538514363462E-16 ) ) ;
#963 = EDGE_LOOP ( 'NONE', ( #1767, #737, #259, #128 ) ) ;
#964 = CARTESIAN_POINT ( 'NONE',  ( 1005.999999999999773, -574.8301822523413875, -449.9999999999998863 ) ) ;
#965 = VERTEX_POINT ( 'NONE', #55 ) ;
#966 = CARTESIAN_POINT ( 'NONE',  ( 999.9999999999997726, -1249.305262667903435, -550.0999999999996817 ) ) ;
#967 = AXIS2_PLACEMENT_3D ( 'NONE', #955, #1465, #661 ) ;
#968 = ORIENTED_EDGE ( 'NONE', *, *, #1447, .T. ) ;
#969 = LINE ( 'NONE', #701, #1547 ) ;
#970 = ORIENTED_EDGE ( 'NONE', *, *, #769, .T. ) ;
#971 = CARTESIAN_POINT ( 'NONE',  ( 999.9999999999997726, -574.8301822523413875, -544.8999999999997499 ) ) ;
#972 = ADVANCED_FACE ( 'NONE', ( #485 ), #44, .F. ) ;
#973 = EDGE_CURVE ( 'NONE', #123, #775, #622, .T. ) ;
#974 = ORIENTED_EDGE ( 'NONE', *, *, #1048, .T. ) ;
#975 = VECTOR ( 'NONE', #852, 1000.000000000000000 ) ;
#976 = LINE ( 'NONE', #984, #5 ) ;
#977 = CALENDAR_DATE ( 2026, 11, 7 ) ;
#978 = VECTOR ( 'NONE', #874, 1000.000000000000000 ) ;
#979 = VERTEX_POINT ( 'NONE', #774 ) ;
#980 = DIRECTION ( 'NONE',  ( -1.000000000000000000, 0.000000000000000000, -6.001205538514363462E-16 ) ) ;
#981 = EDGE_LOOP ( 'NONE', ( #1204, #296, #726, #1419 ) ) ;
#982 = CARTESIAN_POINT ( 'NONE',  ( 999.9999999999997726, -574.8301822523413875, -609.0999999999991132 ) ) ;
#983 = CARTESIAN_POINT ( 'NONE',  ( 999.9999999999996589, -1181.627593138240172, -457.3223304703362260 ) ) ;
#984 = CARTESIAN_POINT ( 'NONE',  ( 999.9999999999996589, -1249.305262667903662, -535.3553390593270933 ) ) ;
#985 = VECTOR ( 'NONE', #478, 1000.000000000000000 ) ;
#986 = COORDINATED_UNIVERSAL_TIME_OFFSET ( 10, 0, .AHEAD. ) ;
#987 = VERTEX_POINT ( 'NONE', #1034 ) ;
#988 = LINE ( 'NONE', #305, #231 ) ;
#989 = ORIENTED_EDGE ( 'NONE', *, *, #1555, .F. ) ;
#990 = CARTESIAN_POINT ( 'NONE',  ( 955.1461524227066775, -1089.305262667903889, -724.6891429188216307 ) ) ;
#991 = DIRECTION ( 'NONE',  ( -0.8660254037844389297, 0.000000000000000000, 0.4999999999999995559 ) ) ;
#992 = DIRECTION ( 'NONE',  ( -1.000000000000000000, 0.000000000000000000, -6.001205538514363462E-16 ) ) ;
#993 = EDGE_CURVE ( 'NONE', #107, #245, #629, .T. ) ;
#994 = PERSON_AND_ORGANIZATION_ROLE ( 'creator' ) ;
#995 = ORIENTED_EDGE ( 'NONE', *, *, #38, .F. ) ;
#996 = DIRECTION ( 'NONE',  ( -0.4999999999999995559, -0.000000000000000000, -0.8660254037844389297 ) ) ;
#997 = ORIENTED_EDGE ( 'NONE', *, *, #730, .F. ) ;
#998 = FACE_OUTER_BOUND ( 'NONE', #694, .T. ) ;
#999 = CIRCLE ( 'NONE', #225, 24.99999999999997158 ) ;
#1000 = CARTESIAN_POINT ( 'NONE',  ( 829.5299461620750208, -1089.305262667903889, -930.2627944162877611 ) ) ;
#1001 = DIRECTION ( 'NONE',  ( -1.000000000000000000, 0.000000000000000000, -6.001205538514363462E-16 ) ) ;
#1002 = AXIS2_PLACEMENT_3D ( 'NONE', #1530, #152, #264 ) ;
#1003 = ORIENTED_EDGE ( 'NONE', *, *, #523, .T. ) ;
#1004 = DIRECTION ( 'NONE',  ( 6.001205538514363462E-16, -1.665669141091664491E-32, -1.000000000000000000 ) ) ;
#1005 = EDGE_CURVE ( 'NONE', #371, #775, #214, .T. ) ;
#1006 = EDGE_CURVE ( 'NONE', #1341, #175, #736, .T. ) ;
#1007 = AXIS2_PLACEMENT_3D ( 'NONE', #1690, #349, #1004 ) ;
#1008 = PERSON ( 'UNSPECIFIED', 'UNSPECIFIED', 'UNSPECIFIED', ('UNSPECIFIED'), ('UNSPECIFIED'), ('UNSPECIFIED') ) ;
#1009 = EDGE_LOOP ( 'NONE', ( #538, #615, #940, #1526 ) ) ;
#1010 = DIRECTION ( 'NONE',  ( 0.000000000000000000, -1.000000000000000000, 0.000000000000000000 ) ) ;
#1011 = CARTESIAN_POINT ( 'NONE',  ( 994.2461524227065865, -1093.405262667904026, -656.9659563428787123 ) ) ;
#1012 = LINE ( 'NONE', #1443, #777 ) ;
#1013 = CARTESIAN_POINT ( 'NONE',  ( 1005.999999999999773, -1173.805262667904117, -634.9999999999997726 ) ) ;
#1014 = APPROVAL_STATUS ( 'not_yet_approved' ) ;
#1015 = ORIENTED_EDGE ( 'NONE', *, *, #502, .F. ) ;
#1016 = FACE_OUTER_BOUND ( 'NONE', #1258, .T. ) ;
#1017 = AXIS2_PLACEMENT_3D ( 'NONE', #923, #247, #1190 ) ;
#1018 = ORIENTED_EDGE ( 'NONE', *, *, #953, .T. ) ;
#1019 = DIRECTION ( 'NONE',  ( -0.000000000000000000, 1.000000000000000000, 0.000000000000000000 ) ) ;
#1020 = LINE ( 'NONE', #632, #788 ) ;
#1021 = CARTESIAN_POINT ( 'NONE',  ( 829.5299461620750208, -1249.305262667903662, -930.2627944162877611 ) ) ;
#1022 = CARTESIAN_POINT ( 'NONE',  ( 999.9999999999996589, -1114.305262667903662, -449.9999999999998863 ) ) ;
#1023 = EDGE_LOOP ( 'NONE', ( #1613, #684, #274, #927 ) ) ;
#1024 = DIRECTION ( 'NONE',  ( 6.001205538514363462E-16, 0.000000000000000000, -1.000000000000000000 ) ) ;
#1025 = ORIENTED_EDGE ( 'NONE', *, *, #336, .T. ) ;
#1026 = FACE_OUTER_BOUND ( 'NONE', #692, .T. ) ;
#1027 = VECTOR ( 'NONE', #649, 1000.000000000000000 ) ;
#1028 = DIRECTION ( 'NONE',  ( -1.000000000000000000, 0.000000000000000000, -6.001205538514363462E-16 ) ) ;
#1029 = EDGE_CURVE ( 'NONE', #1705, #606, #1446, .T. ) ;
#1030 = ADVANCED_FACE ( 'NONE', ( #188 ), #342, .F. ) ;
#1031 = FACE_OUTER_BOUND ( 'NONE', #1194, .T. ) ;
#1032 = PLANE ( 'NONE',  #562 ) ;
#1033 = ORIENTED_EDGE ( 'NONE', *, *, #488, .T. ) ;
#1034 = CARTESIAN_POINT ( 'NONE',  ( 949.9500000000000455, -1089.305262667903889, -721.6891429188216307 ) ) ;
#1035 = ORIENTED_EDGE ( 'NONE', *, *, #1423, .F. ) ;
#1036 = FACE_OUTER_BOUND ( 'NONE', #1550, .T. ) ;
#1037 = CARTESIAN_POINT ( 'NONE',  ( 949.9500000000000455, -574.8301822523413875, -721.6891429188216307 ) ) ;
#1038 = VECTOR ( 'NONE', #537, 1000.000000000000000 ) ;
#1039 = CARTESIAN_POINT ( 'NONE',  ( 957.7461524227068139, -1089.305262667903889, -720.1858108191424890 ) ) ;
#1040 = ORIENTED_EDGE ( 'NONE', *, *, #257, .F. ) ;
#1041 = CARTESIAN_POINT ( 'NONE',  ( 897.6961524227064046, -574.8301822523413875, -824.1954618136544468 ) ) ;
#1042 = VERTEX_POINT ( 'NONE', #1183 ) ;
#1043 = LINE ( 'NONE', #1226, #1111 ) ;
#1044 = DIRECTION ( 'NONE',  ( -0.8660254037844389297, 0.000000000000000000, 0.4999999999999995559 ) ) ;
#1045 = PLANE ( 'NONE',  #1648 ) ;
#1046 = VERTEX_POINT ( 'NONE', #1730 ) ;
#1047 = CARTESIAN_POINT ( 'NONE',  ( 999.9999999999997726, -1249.305262667903662, -634.9999999999997726 ) ) ;
#1048 = EDGE_CURVE ( 'NONE', #592, #120, #495, .T. ) ;
#1049 = EDGE_CURVE ( 'NONE', #220, #1524, #64, .T. ) ;
#1050 = ORIENTED_EDGE ( 'NONE', *, *, #1583, .F. ) ;
#1051 = CARTESIAN_POINT ( 'NONE',  ( 999.9999999999997726, -1245.205262667903526, -634.9999999999997726 ) ) ;
#1052 = VECTOR ( 'NONE', #7, 1000.000000000000000 ) ;
#1053 = VERTEX_POINT ( 'NONE', #466 ) ;
#1054 = CIRCLE ( 'NONE', #967, 25.00000000000002132 ) ;
#1055 = DIRECTION ( 'NONE',  ( 0.000000000000000000, 0.000000000000000000, 1.000000000000000000 ) ) ;
#1056 = ORIENTED_EDGE ( 'NONE', *, *, #636, .F. ) ;
#1057 = VECTOR ( 'NONE', #1411, 1000.000000000000000 ) ;
#1058 = DIRECTION ( 'NONE',  ( -0.8660254037844475894, -0.000000000000000000, 0.4999999999999846789 ) ) ;
#1059 = EDGE_LOOP ( 'NONE', ( #888, #1637, #380, #1185 ) ) ;
#1060 = EDGE_CURVE ( 'NONE', #1053, #1567, #1551, .T. ) ;
#1061 = CARTESIAN_POINT ( 'NONE',  ( 999.9999999999996589, -1163.949923608576455, -474.9999999999999432 ) ) ;
#1062 = ADVANCED_FACE ( 'NONE', ( #1016 ), #910, .F. ) ;
#1063 = ORIENTED_EDGE ( 'NONE', *, *, #1247, .F. ) ;
#1064 = AXIS2_PLACEMENT_3D ( 'NONE', #760, #652, #1092 ) ;
#1065 = LINE ( 'NONE', #685, #169 ) ;
#1066 = AXIS2_PLACEMENT_3D ( 'NONE', #451, #996, #693 ) ;
#1067 = VECTOR ( 'NONE', #1342, 1000.000000000000000 ) ;
#1068 = FACE_OUTER_BOUND ( 'NONE', #415, .T. ) ;
#1069 = ORIENTED_EDGE ( 'NONE', *, *, #679, .F. ) ;
#1070 = CARTESIAN_POINT ( 'NONE',  ( 999.9999999999997726, -1249.305262667903435, -609.0999999999991132 ) ) ;
#1071 = ORIENTED_EDGE ( 'NONE', *, *, #1507, .F. ) ;
#1072 = LINE ( 'NONE', #1498, #1027 ) ;
#1073 = ORIENTED_EDGE ( 'NONE', *, *, #1642, .F. ) ;
#1074 = LINE ( 'NONE', #526, #1212 ) ;
#1075 = CC_DESIGN_APPROVAL ( #626, ( #942 ) ) ;
#1076 = DIRECTION ( 'NONE',  ( -0.4999999999999995559, 0.000000000000000000, -0.8660254037844389297 ) ) ;
#1077 = VERTEX_POINT ( 'NONE', #613 ) ;
#1078 = CARTESIAN_POINT ( 'NONE',  ( 829.5299461620750208, -1093.405262667904026, -930.2627944162877611 ) ) ;
#1079 = ORIENTED_EDGE ( 'NONE', *, *, #820, .T. ) ;
#1080 = LINE ( 'NONE', #1623, #1429 ) ;
#1081 = ORIENTED_EDGE ( 'NONE', *, *, #919, .T. ) ;
#1082 = AXIS2_PLACEMENT_3D ( 'NONE', #1640, #410, #1246 ) ;
#1083 = LINE ( 'NONE', #132, #715 ) ;
#1084 = EDGE_CURVE ( 'NONE', #1053, #529, #578, .T. ) ;
#1085 = ADVANCED_FACE ( 'NONE', ( #196 ), #746, .F. ) ;
#1086 = DIRECTION ( 'NONE',  ( -0.8660254037844389297, 0.000000000000000000, 0.4999999999999995559 ) ) ;
#1087 = DIRECTION ( 'NONE',  ( -0.8660254037844389297, 0.000000000000000000, 0.4999999999999995559 ) ) ;
#1088 = AXIS2_PLACEMENT_3D ( 'NONE', #971, #840, #36 ) ;
#1089 = VERTEX_POINT ( 'NONE', #72 ) ;
#1090 = DIRECTION ( 'NONE',  ( 1.000000000000000000, -0.000000000000000000, 6.001205538514363462E-16 ) ) ;
#1091 = ORIENTED_EDGE ( 'NONE', *, *, #1219, .T. ) ;
#1092 = DIRECTION ( 'NONE',  ( -6.001205538514363462E-16, 1.665669141091664491E-32, 1.000000000000000000 ) ) ;
#1093 = AXIS2_PLACEMENT_3D ( 'NONE', #1356, #125, #408 ) ;
#1094 = VECTOR ( 'NONE', #88, 1000.000000000000000 ) ;
#1095 = DIRECTION ( 'NONE',  ( -0.8660254037844389297, 0.000000000000000000, 0.4999999999999995559 ) ) ;
#1096 = LINE ( 'NONE', #429, #913 ) ;
#1097 = ORIENTED_EDGE ( 'NONE', *, *, #952, .F. ) ;
#1098 = DIRECTION ( 'NONE',  ( -0.8660254037844389297, 0.000000000000000000, 0.4999999999999995559 ) ) ;
#1099 = ORIENTED_EDGE ( 'NONE', *, *, #228, .T. ) ;
#1100 = CARTESIAN_POINT ( 'NONE',  ( 1005.999999999999773, -1249.305262667903435, -603.8999999999990678 ) ) ;
#1101 = VECTOR ( 'NONE', #770, 1000.000000000000000 ) ;
#1102 = PLANE ( 'NONE',  #544 ) ;
#1103 = DIRECTION ( 'NONE',  ( -0.000000000000000000, 1.000000000000000000, 0.000000000000000000 ) ) ;
#1104 = VERTEX_POINT ( 'NONE', #944 ) ;
#1105 = LINE ( 'NONE', #1266, #575 ) ;
#1106 = ADVANCED_FACE ( 'NONE', ( #916 ), #1496, .T. ) ;
#1107 = EDGE_CURVE ( 'NONE', #775, #139, #668, .T. ) ;
#1108 = VECTOR ( 'NONE', #1444, 1000.000000000000000 ) ;
#1109 = ORIENTED_EDGE ( 'NONE', *, *, #1120, .T. ) ;
#1110 = CARTESIAN_POINT ( 'NONE',  ( 993.9999999999997726, -1249.305262667903662, -633.3923048454130367 ) ) ;
#1111 = VECTOR ( 'NONE', #121, 1000.000000000000000 ) ;
#1112 = FACE_OUTER_BOUND ( 'NONE', #341, .T. ) ;
#1113 = LINE ( 'NONE', #627, #768 ) ;
#1114 = CIRCLE ( 'NONE', #338, 25.00000000000002132 ) ;
#1115 = APPROVAL_ROLE ( '' ) ;
#1116 = ORIENTED_EDGE ( 'NONE', *, *, #1628, .F. ) ;
#1117 = AXIS2_PLACEMENT_3D ( 'NONE', #1275, #1662, #708 ) ;
#1118 = DIRECTION ( 'NONE',  ( 0.4999999999999995559, -0.000000000000000000, 0.8660254037844389297 ) ) ;
#1119 = EDGE_LOOP ( 'NONE', ( #73, #947, #1387, #486 ) ) ;
#1120 = EDGE_CURVE ( 'NONE', #1338, #250, #647, .T. ) ;
#1121 = FACE_OUTER_BOUND ( 'NONE', #576, .T. ) ;
#1122 = EDGE_CURVE ( 'NONE', #782, #965, #112, .T. ) ;
#1123 = DIRECTION ( 'NONE',  ( -0.4999999999999995559, -0.000000000000000000, -0.8660254037844389297 ) ) ;
#1124 = PLANE ( 'NONE',  #377 ) ;
#1125 = DATE_AND_TIME ( #572, #353 ) ;
#1126 = ORIENTED_EDGE ( 'NONE', *, *, #1769, .F. ) ;
#1127 = CARTESIAN_POINT ( 'NONE',  ( 1005.999999999999773, -1178.805262667903662, -609.0999999999999091 ) ) ;
#1128 = ORIENTED_EDGE ( 'NONE', *, *, #1365, .F. ) ;
#1129 = FACE_OUTER_BOUND ( 'NONE', #1274, .T. ) ;
#1130 = EDGE_CURVE ( 'NONE', #509, #166, #1201, .T. ) ;
#1131 = DIRECTION ( 'NONE',  ( 0.4999999999999995559, 0.000000000000000000, 0.8660254037844389297 ) ) ;
#1132 = CARTESIAN_POINT ( 'NONE',  ( 986.4499999999997044, -1174.805262667903435, -658.4692884425583088 ) ) ;
#1133 = VECTOR ( 'NONE', #1481, 1000.000000000000000 ) ;
#1134 = COORDINATED_UNIVERSAL_TIME_OFFSET ( 10, 0, .AHEAD. ) ;
#1135 = ORIENTED_EDGE ( 'NONE', *, *, #257, .T. ) ;
#1136 = DIRECTION ( 'NONE',  ( -1.000000000000000000, 0.000000000000000000, -6.001205538514363462E-16 ) ) ;
#1137 = ORIENTED_EDGE ( 'NONE', *, *, #1641, .T. ) ;
#1138 = DIRECTION ( 'NONE',  ( 4.243493131577781155E-16, 0.7071067811865462405, -0.7071067811865489050 ) ) ;
#1139 = EDGE_CURVE ( 'NONE', #509, #139, #510, .T. ) ;
#1140 = DIRECTION ( 'NONE',  ( -0.4999999999999987788, 0.000000000000000000, -0.8660254037844393737 ) ) ;
#1141 = ADVANCED_FACE ( 'NONE', ( #265 ), #395, .F. ) ;
#1142 = DIRECTION ( 'NONE',  ( 0.000000000000000000, 0.000000000000000000, -1.000000000000000000 ) ) ;
#1143 = CARTESIAN_POINT ( 'NONE',  ( 0.000000000000000000, 0.000000000000000000, 0.000000000000000000 ) ) ;
#1144 = ORIENTED_EDGE ( 'NONE', *, *, #1500, .F. ) ;
#1145 = DIRECTION ( 'NONE',  ( -0.000000000000000000, -1.000000000000000000, 0.000000000000000000 ) ) ;
#1146 = AXIS2_PLACEMENT_3D ( 'NONE', #397, #1614, #811 ) ;
#1147 = AXIS2_PLACEMENT_3D ( 'NONE', #1381, #1369, #1681 ) ;
#1148 = ORIENTED_EDGE ( 'NONE', *, *, #542, .F. ) ;
#1149 = LINE ( 'NONE', #1402, #133 ) ;
#1150 = LINE ( 'NONE', #1733, #183 ) ;
#1151 = PLANE ( 'NONE',  #200 ) ;
#1152 = CARTESIAN_POINT ( 'NONE',  ( 910.1961524227064046, -1224.305262667903889, -802.5448267190434990 ) ) ;
#1153 = DATE_AND_TIME ( #602, #845 ) ;
#1154 = AXIS2_PLACEMENT_3D ( 'NONE', #1263, #30, #184 ) ;
#1155 = VERTEX_POINT ( 'NONE', #95 ) ;
#1156 = VECTOR ( 'NONE', #1098, 1000.000000000000000 ) ;
#1157 = CARTESIAN_POINT ( 'NONE',  ( 999.9999999999995453, -967.0677224601214448, -242.7624597922183227 ) ) ;
#1158 = VECTOR ( 'NONE', #1353, 1000.000000000000000 ) ;
#1159 = ORIENTED_EDGE ( 'NONE', *, *, #1434, .F. ) ;
#1160 = DIRECTION ( 'NONE',  ( -0.4999999999999995559, 0.000000000000000000, -0.8660254037844389297 ) ) ;
#1161 = LINE ( 'NONE', #1037, #212 ) ;
#1162 = CC_DESIGN_PERSON_AND_ORGANIZATION_ASSIGNMENT ( #1416, #186, ( #328 ) ) ;
#1163 = CARTESIAN_POINT ( 'NONE',  ( 1005.999999999999773, -1245.205262667903526, -550.0999999999996817 ) ) ;
#1164 = LINE ( 'NONE', #473, #1775 ) ;
#1165 = APPROVAL_DATE_TIME ( #846, #271 ) ;
#1166 = ORIENTED_EDGE ( 'NONE', *, *, #413, .T. ) ;
#1167 = CARTESIAN_POINT ( 'NONE',  ( 1005.999999999999773, -1249.305262667903435, -634.9999999999997726 ) ) ;
#1168 = AXIS2_PLACEMENT_3D ( 'NONE', #1432, #1589, #209 ) ;
#1169 = ORIENTED_EDGE ( 'NONE', *, *, #1764, .F. ) ;
#1170 = ADVANCED_FACE ( 'NONE', ( #1772 ), #783, .T. ) ;
#1171 = FACE_OUTER_BOUND ( 'NONE', #111, .T. ) ;
#1172 = EDGE_CURVE ( 'NONE', #1104, #747, #925, .T. ) ;
#1173 = LINE ( 'NONE', #1716, #70 ) ;
#1174 = CARTESIAN_POINT ( 'NONE',  ( 896.1611652351680277, -1166.982932197567607, -814.8541376114382047 ) ) ;
#1175 = CARTESIAN_POINT ( 'NONE',  ( 999.9999999999996589, -1163.949923608576455, -449.9999999999998863 ) ) ;
#1176 = ORIENTED_EDGE ( 'NONE', *, *, #1292, .F. ) ;
#1177 = DIRECTION ( 'NONE',  ( 6.001205538514363462E-16, 0.000000000000000000, -1.000000000000000000 ) ) ;
#1178 = EDGE_LOOP ( 'NONE', ( #1729, #1354, #711, #1099 ) ) ;
#1179 = CARTESIAN_POINT ( 'NONE',  ( 952.5500000000000682, -1174.805262667903662, -717.1858108191426027 ) ) ;
#1180 = LINE ( 'NONE', #83, #557 ) ;
#1181 = DIRECTION ( 'NONE',  ( -6.001205538514363462E-16, -1.665669141091664491E-32, 1.000000000000000000 ) ) ;
#1182 = ORIENTED_EDGE ( 'NONE', *, *, #1049, .F. ) ;
#1183 = CARTESIAN_POINT ( 'NONE',  ( 1005.999999999999773, -1173.805262667904117, -544.8999999999997499 ) ) ;
#1184 = VECTOR ( 'NONE', #798, 1000.000000000000000 ) ;
#1185 = ORIENTED_EDGE ( 'NONE', *, *, #110, .F. ) ;
#1186 = DIRECTION ( 'NONE',  ( 0.000000000000000000, -1.000000000000000000, 0.000000000000000000 ) ) ;
#1187 = CARTESIAN_POINT ( 'NONE',  ( 949.9500000000000455, -574.8301822523413875, -721.6891429188216307 ) ) ;
#1188 = AXIS2_PLACEMENT_3D ( 'NONE', #1753, #1224, #936 ) ;
#1189 = EDGE_CURVE ( 'NONE', #540, #323, #1737, .T. ) ;
#1190 = DIRECTION ( 'NONE',  ( 0.000000000000000000, 0.000000000000000000, 1.000000000000000000 ) ) ;
#1191 = ADVANCED_FACE ( 'NONE', ( #385 ), #1593, .T. ) ;
#1192 = EDGE_LOOP ( 'NONE', ( #1223, #1346, #866, #1773 ) ) ;
#1193 = DIRECTION ( 'NONE',  ( 6.001205538514363462E-16, 0.000000000000000000, -1.000000000000000000 ) ) ;
#1194 = EDGE_LOOP ( 'NONE', ( #505, #1169, #1316, #935 ) ) ;
#1195 = DIRECTION ( 'NONE',  ( -0.000000000000000000, 1.000000000000000000, 0.000000000000000000 ) ) ;
#1196 = VECTOR ( 'NONE', #1076, 1000.000000000000000 ) ;
#1197 = FACE_BOUND ( 'NONE', #1276, .T. ) ;
#1198 = EDGE_CURVE ( 'NONE', #1233, #837, #674, .T. ) ;
#1199 = EDGE_CURVE ( 'NONE', #155, #103, #1480, .T. ) ;
#1200 = VERTEX_POINT ( 'NONE', #256 ) ;
#1201 = LINE ( 'NONE', #504, #1038 ) ;
#1202 = ORIENTED_EDGE ( 'NONE', *, *, #1668, .T. ) ;
#1203 = CARTESIAN_POINT ( 'NONE',  ( 1010.883743184927539, -937.5377762980507441, -616.1488038271734240 ) ) ;
#1204 = ORIENTED_EDGE ( 'NONE', *, *, #238, .F. ) ;
#1205 = DIRECTION ( 'NONE',  ( 0.4999999999999995559, -0.000000000000000000, 0.8660254037844389297 ) ) ;
#1206 = FACE_OUTER_BOUND ( 'NONE', #857, .T. ) ;
#1207 = VERTEX_POINT ( 'NONE', #104 ) ;
#1208 = CARTESIAN_POINT ( 'NONE',  ( 949.9500000000000455, -1174.805262667903435, -721.6891429188217444 ) ) ;
#1209 = ORIENTED_EDGE ( 'NONE', *, *, #366, .F. ) ;
#1210 = CARTESIAN_POINT ( 'NONE',  ( 1005.999999999999773, -1089.305262667903889, -633.3923048454130367 ) ) ;
#1211 = ORIENTED_EDGE ( 'NONE', *, *, #1294, .T. ) ;
#1212 = VECTOR ( 'NONE', #664, 1000.000000000000000 ) ;
#1213 = CARTESIAN_POINT ( 'NONE',  ( 999.9999999999997726, -1249.305262667903435, -603.8999999999990678 ) ) ;
#1214 = DIRECTION ( 'NONE',  ( 0.000000000000000000, -1.000000000000000000, 0.000000000000000000 ) ) ;
#1215 = ORIENTED_EDGE ( 'NONE', *, *, #1198, .T. ) ;
#1216 = CARTESIAN_POINT ( 'NONE',  ( 1005.999999999999773, -1178.805262667903662, -634.9999999999997726 ) ) ;
#1217 = ORIENTED_EDGE ( 'NONE', *, *, #879, .F. ) ;
#1218 = FACE_OUTER_BOUND ( 'NONE', #1487, .T. ) ;
#1219 = EDGE_CURVE ( 'NONE', #606, #1542, #119, .T. ) ;
#1220 = EDGE_LOOP ( 'NONE', ( #1469, #1370, #943, #1632 ) ) ;
#1221 = EDGE_CURVE ( 'NONE', #1341, #232, #520, .T. ) ;
#1222 = FACE_OUTER_BOUND ( 'NONE', #1059, .T. ) ;
#1223 = ORIENTED_EDGE ( 'NONE', *, *, #445, .F. ) ;
#1224 = DIRECTION ( 'NONE',  ( 0.4999999999999995559, -0.000000000000000000, 0.8660254037844389297 ) ) ;
#1225 = ORIENTED_EDGE ( 'NONE', *, *, #601, .T. ) ;
#1226 = CARTESIAN_POINT ( 'NONE',  ( 986.4499999999997044, -574.8301822523413875, -658.4692884425583088 ) ) ;
#1227 = ORIENTED_EDGE ( 'NONE', *, *, #800, .T. ) ;
#1228 = LINE ( 'NONE', #541, #862 ) ;
#1229 = DIRECTION ( 'NONE',  ( 0.000000000000000000, -1.000000000000000000, 0.000000000000000000 ) ) ;
#1230 = FACE_OUTER_BOUND ( 'NONE', #1738, .T. ) ;
#1231 = EDGE_LOOP ( 'NONE', ( #1569, #1091, #54, #1624 ) ) ;
#1232 = PLANE ( 'NONE',  #1395 ) ;
#1233 = VERTEX_POINT ( 'NONE', #249 ) ;
#1234 = CARTESIAN_POINT ( 'NONE',  ( 999.9999999999996589, -1241.982932197567607, -517.6776695296633761 ) ) ;
#1235 = VECTOR ( 'NONE', #80, 1000.000000000000000 ) ;
#1236 = EDGE_CURVE ( 'NONE', #707, #107, #519, .T. ) ;
#1237 = CARTESIAN_POINT ( 'NONE',  ( 829.5299461620750208, -1169.805262667903889, -930.2627944162877611 ) ) ;
#1238 = EDGE_CURVE ( 'NONE', #1437, #1711, #951, .T. ) ;
#1239 = DIRECTION ( 'NONE',  ( -1.000000000000000000, 0.000000000000000000, -6.001205538514363462E-16 ) ) ;
#1240 = EDGE_LOOP ( 'NONE', ( #827, #94, #435, #364 ) ) ;
#1241 = DIRECTION ( 'NONE',  ( 0.000000000000000000, -1.000000000000000000, 0.000000000000000000 ) ) ;
#1242 = VERTEX_POINT ( 'NONE', #1132 ) ;
#1243 = CARTESIAN_POINT ( 'NONE',  ( 1005.999999999999773, -1173.805262667904117, -634.9999999999997726 ) ) ;
#1244 = AXIS2_PLACEMENT_3D ( 'NONE', #645, #508, #1055 ) ;
#1245 = LINE ( 'NONE', #1521, #517 ) ;
#1246 = DIRECTION ( 'NONE',  ( 0.4999999999999987788, 0.000000000000000000, 0.8660254037844393737 ) ) ;
#1247 = EDGE_CURVE ( 'NONE', #89, #1200, #976, .T. ) ;
#1248 = ORIENTED_EDGE ( 'NONE', *, *, #110, .T. ) ;
#1249 = DIRECTION ( 'NONE',  ( 0.000000000000000000, -1.000000000000000000, -0.000000000000000000 ) ) ;
#1250 = VECTOR ( 'NONE', #860, 1000.000000000000000 ) ;
#1251 = ORIENTED_EDGE ( 'NONE', *, *, #523, .F. ) ;
#1252 = CARTESIAN_POINT ( 'NONE',  ( 1004.392304845413037, -1249.305262667903662, -639.3923048454129230 ) ) ;
#1253 = VECTOR ( 'NONE', #1540, 1000.000000000000000 ) ;
#1254 = CARTESIAN_POINT ( 'NONE',  ( 999.9999999999997726, -1249.305262667903662, -634.9999999999997726 ) ) ;
#1255 = CARTESIAN_POINT ( 'NONE',  ( 999.9999999999997726, -1245.205262667903526, -550.0999999999996817 ) ) ;
#1256 = VECTOR ( 'NONE', #405, 1000.000000000000000 ) ;
#1257 = ADVANCED_FACE ( 'NONE', ( #554, #1781, #1522 ), #1124, .T. ) ;
#1258 = EDGE_LOOP ( 'NONE', ( #243, #675, #65, #1649 ) ) ;
#1259 = DIRECTION ( 'NONE',  ( -0.8660254037844389297, 0.000000000000000000, 0.4999999999999995559 ) ) ;
#1260 = ORIENTED_EDGE ( 'NONE', *, *, #315, .F. ) ;
#1261 = EDGE_CURVE ( 'NONE', #155, #1046, #293, .T. ) ;
#1262 = CARTESIAN_POINT ( 'NONE',  ( 999.9999999999997726, -1245.205262667903526, -603.8999999999990678 ) ) ;
#1263 = CARTESIAN_POINT ( 'NONE',  ( 829.5299461620750208, -1174.805262667903662, -930.2627944162877611 ) ) ;
#1264 = CARTESIAN_POINT ( 'NONE',  ( 999.9999999999997726, -1089.305262667903889, -634.9999999999997726 ) ) ;
#1265 = ORIENTED_EDGE ( 'NONE', *, *, #657, .T. ) ;
#1266 = CARTESIAN_POINT ( 'NONE',  ( 952.5500000000000682, -1089.305262667903889, -717.1858108191424890 ) ) ;
#1267 = ORIENTED_EDGE ( 'NONE', *, *, #1172, .T. ) ;
#1268 = PLANE ( 'NONE',  #740 ) ;
#1269 = EDGE_CURVE ( 'NONE', #103, #961, #273, .T. ) ;
#1270 = EDGE_CURVE ( 'NONE', #839, #1077, #1650, .T. ) ;
#1271 = PLANE ( 'NONE',  #749 ) ;
#1272 = LINE ( 'NONE', #1709, #733 ) ;
#1273 = DIRECTION ( 'NONE',  ( 1.000000000000000000, 0.000000000000000000, 0.000000000000000000 ) ) ;
#1274 = EDGE_LOOP ( 'NONE', ( #1314, #1176, #289, #1466 ) ) ;
#1275 = CARTESIAN_POINT ( 'NONE',  ( 999.9999999999997726, -574.8301822523413875, -544.8999999999997499 ) ) ;
#1276 = EDGE_LOOP ( 'NONE', ( #917, #1267, #521, #1033 ) ) ;
#1277 = LINE ( 'NONE', #297, #426 ) ;
#1278 = LINE ( 'NONE', #462, #1101 ) ;
#1279 = AXIS2_PLACEMENT_3D ( 'NONE', #1152, #761, #464 ) ;
#1280 = VECTOR ( 'NONE', #590, 1000.000000000000000 ) ;
#1281 = CARTESIAN_POINT ( 'NONE',  ( 999.9999999999997726, -1249.305262667903435, -550.0999999999996817 ) ) ;
#1282 = LINE ( 'NONE', #743, #1389 ) ;
#1283 = PERSON_AND_ORGANIZATION ( #1008, #417 ) ;
#1284 = VERTEX_POINT ( 'NONE', #825 ) ;
#1285 = DIRECTION ( 'NONE',  ( -1.000000000000000000, 0.000000000000000000, -6.001205538514363462E-16 ) ) ;
#1286 = CC_DESIGN_PERSON_AND_ORGANIZATION_ASSIGNMENT ( #1283, #1379, ( #37 ) ) ;
#1287 = EDGE_LOOP ( 'NONE', ( #1482, #71, #1302, #968 ) ) ;
#1288 = CARTESIAN_POINT ( 'NONE',  ( 1005.999999999999773, -574.8301822523413875, -609.0999999999991132 ) ) ;
#1289 = DIRECTION ( 'NONE',  ( 0.000000000000000000, 1.000000000000000000, 0.000000000000000000 ) ) ;
#1290 = CARTESIAN_POINT ( 'NONE',  ( 999.9999999999997726, -1249.305262667903662, -633.3923048454130367 ) ) ;
#1291 = DIRECTION ( 'NONE',  ( 0.000000000000000000, -1.000000000000000000, 0.000000000000000000 ) ) ;
#1292 = EDGE_CURVE ( 'NONE', #747, #1042, #714, .T. ) ;
#1293 = CIRCLE ( 'NONE', #319, 24.99999999999997158 ) ;
#1294 = EDGE_CURVE ( 'NONE', #371, #509, #22, .T. ) ;
#1295 = ORIENTED_EDGE ( 'NONE', *, *, #687, .F. ) ;
#1296 = DIRECTION ( 'NONE',  ( 0.000000000000000000, -0.000000000000000000, -1.000000000000000000 ) ) ;
#1297 = ORIENTED_EDGE ( 'NONE', *, *, #789, .T. ) ;
#1298 = DIRECTION ( 'NONE',  ( -6.001205538514363462E-16, 0.000000000000000000, 1.000000000000000000 ) ) ;
#1299 = CARTESIAN_POINT ( 'NONE',  ( 986.4499999999999318, -1089.305262667903889, -658.4692884425578541 ) ) ;
#1300 = CARTESIAN_POINT ( 'NONE',  ( 945.3738219523705766, -1114.305262667903662, -741.6153158017973510 ) ) ;
#1301 = DIRECTION ( 'NONE',  ( 1.000000000000000000, -0.000000000000000000, 6.001205538514363462E-16 ) ) ;
#1302 = ORIENTED_EDGE ( 'NONE', *, *, #1122, .T. ) ;
#1303 = DIRECTION ( 'NONE',  ( -0.8660254037844389297, 0.000000000000000000, 0.4999999999999995559 ) ) ;
#1304 = EDGE_CURVE ( 'NONE', #386, #639, #844, .T. ) ;
#1305 = LOCAL_TIME ( 16, 44, 49.00000000000000000, #1660 ) ;
#1306 = EDGE_LOOP ( 'NONE', ( #105, #550, #1410, #476, #1328, #735, #1079, #1390, #1137, #1408, #189, #1382, #1743, #1761, #267, #623 ) ) ;
#1307 = LINE ( 'NONE', #1421, #744 ) ;
#1308 = FACE_OUTER_BOUND ( 'NONE', #1240, .T. ) ;
#1309 = ADVANCED_BREP_SHAPE_REPRESENTATION ( 'CV03-TR-14_REV_B_5d77a0e1ba7b46bb8749a23d37d2a579.tmp', ( #383, #1384 ), #1735 ) ;
#1310 = FACE_OUTER_BOUND ( 'NONE', #787, .T. ) ;
#1311 = PLANE ( 'NONE',  #851 ) ;
#1312 = VECTOR ( 'NONE', #546, 1000.000000000000000 ) ;
#1313 = VECTOR ( 'NONE', #1001, 1000.000000000000000 ) ;
#1314 = ORIENTED_EDGE ( 'NONE', *, *, #869, .F. ) ;
#1315 = CARTESIAN_POINT ( 'NONE',  ( 999.1961524227064046, -1089.305262667903889, -636.3923048454130367 ) ) ;
#1316 = ORIENTED_EDGE ( 'NONE', *, *, #1049, .T. ) ;
#1317 = CARTESIAN_POINT ( 'NONE',  ( 986.4499999999997044, -574.8301822523413875, -658.4692884425583088 ) ) ;
#1318 = DIRECTION ( 'NONE',  ( 0.000000000000000000, -1.000000000000000000, 0.000000000000000000 ) ) ;
#1319 = EDGE_CURVE ( 'NONE', #630, #149, #153, .T. ) ;
#1320 = PLANE ( 'NONE',  #618 ) ;
#1321 = ORIENTED_EDGE ( 'NONE', *, *, #357, .F. ) ;
#1322 = CARTESIAN_POINT ( 'NONE',  ( 834.7260985847816528, -1089.305262667903889, -933.2627944162877611 ) ) ;
#1323 = ORIENTED_EDGE ( 'NONE', *, *, #301, .T. ) ;
#1324 = LINE ( 'NONE', #90, #1630 ) ;
#1325 = EDGE_CURVE ( 'NONE', #23, #1713, #1386, .T. ) ;
#1326 = ADVANCED_FACE ( 'NONE', ( #1671 ), #705, .F. ) ;
#1327 = CARTESIAN_POINT ( 'NONE',  ( 892.4999999999997726, -574.8301822523413875, -821.1954618136544468 ) ) ;
#1328 = ORIENTED_EDGE ( 'NONE', *, *, #636, .T. ) ;
#1329 = DIRECTION ( 'NONE',  ( -0.4999999999999995559, 0.000000000000000000, -0.8660254037844389297 ) ) ;
#1330 = EDGE_LOOP ( 'NONE', ( #1144, #507, #772, #223 ) ) ;
#1331 = CARTESIAN_POINT ( 'NONE',  ( 999.1961524227064046, -1089.305262667903889, -636.3923048454130367 ) ) ;
#1332 = ORIENTED_EDGE ( 'NONE', *, *, #142, .T. ) ;
#1333 = DIRECTION ( 'NONE',  ( -1.000000000000000000, 0.000000000000000000, -6.001205538514363462E-16 ) ) ;
#1334 = EDGE_LOOP ( 'NONE', ( #367, #262, #147, #1503 ) ) ;
#1335 = CARTESIAN_POINT ( 'NONE',  ( 1005.999999999999773, -1245.205262667903526, -634.9999999999997726 ) ) ;
#1336 = ORIENTED_EDGE ( 'NONE', *, *, #843, .T. ) ;
#1337 = FACE_OUTER_BOUND ( 'NONE', #1231, .T. ) ;
#1338 = VERTEX_POINT ( 'NONE', #966 ) ;
#1339 = CARTESIAN_POINT ( 'NONE',  ( 986.4499999999999318, -574.8301822523413875, -658.4692884425578541 ) ) ;
#1340 = CARTESIAN_POINT ( 'NONE',  ( 952.5500000000000682, -1089.305262667903889, -717.1858108191424890 ) ) ;
#1341 = VERTEX_POINT ( 'NONE', #1394 ) ;
#1342 = DIRECTION ( 'NONE',  ( -1.000000000000000000, 0.000000000000000000, -6.001205538514363462E-16 ) ) ;
#1343 = EDGE_CURVE ( 'NONE', #120, #909, #135, .T. ) ;
#1344 = VECTOR ( 'NONE', #326, 1000.000000000000000 ) ;
#1345 = EDGE_CURVE ( 'NONE', #660, #1417, #582, .T. ) ;
#1346 = ORIENTED_EDGE ( 'NONE', *, *, #93, .F. ) ;
#1347 = DIRECTION ( 'NONE',  ( -6.001205538514363462E-16, -0.000000000000000000, 1.000000000000000000 ) ) ;
#1348 = ORIENTED_EDGE ( 'NONE', *, *, #1399, .F. ) ;
#1349 = CARTESIAN_POINT ( 'NONE',  ( 991.6461524227063364, -574.8301822523413875, -661.4692884425581951 ) ) ;
#1350 = VECTOR ( 'NONE', #1145, 1000.000000000000000 ) ;
#1351 = DIRECTION ( 'NONE',  ( -1.000000000000000000, 0.000000000000000000, -6.001205538514363462E-16 ) ) ;
#1352 = ORIENTED_EDGE ( 'NONE', *, *, #1726, .T. ) ;
#1353 = DIRECTION ( 'NONE',  ( -6.001205538514363462E-16, -0.000000000000000000, 1.000000000000000000 ) ) ;
#1354 = ORIENTED_EDGE ( 'NONE', *, *, #601, .F. ) ;
#1355 = DIRECTION ( 'NONE',  ( 0.000000000000000000, 1.000000000000000000, 0.000000000000000000 ) ) ;
#1356 = CARTESIAN_POINT ( 'NONE',  ( 989.0499999999999545, -574.8301822523413875, -653.9659563428787123 ) ) ;
#1357 = LOCAL_TIME ( 16, 44, 49.00000000000000000, #986 ) ;
#1358 = CARTESIAN_POINT ( 'NONE',  ( 896.1611652351680277, -1166.982932197567607, -814.8541376114382047 ) ) ;
#1359 = DIRECTION ( 'NONE',  ( -0.4999999999999995559, 0.000000000000000000, -0.8660254037844389297 ) ) ;
#1360 = ORIENTED_EDGE ( 'NONE', *, *, #49, .F. ) ;
#1361 = CARTESIAN_POINT ( 'NONE',  ( 986.4500000000000455, -1093.405262667904026, -658.4692884425578541 ) ) ;
#1362 = EDGE_LOOP ( 'NONE', ( #1682, #14, #673, #1509 ) ) ;
#1363 = DIRECTION ( 'NONE',  ( -0.8660254037844389297, 0.000000000000000000, 0.4999999999999995559 ) ) ;
#1364 = EDGE_CURVE ( 'NONE', #496, #325, #1096, .T. ) ;
#1365 = EDGE_CURVE ( 'NONE', #89, #374, #691, .T. ) ;
#1366 = CARTESIAN_POINT ( 'NONE',  ( 999.9999999999997726, -1173.805262667903889, -634.9999999999997726 ) ) ;
#1367 = DIRECTION ( 'NONE',  ( -1.000000000000000000, 0.000000000000000000, -6.001205538514363462E-16 ) ) ;
#1368 = EDGE_LOOP ( 'NONE', ( #810, #821, #1471, #1003 ) ) ;
#1369 = DIRECTION ( 'NONE',  ( 0.000000000000000000, 1.000000000000000000, 0.000000000000000000 ) ) ;
#1370 = ORIENTED_EDGE ( 'NONE', *, *, #291, .F. ) ;
#1371 = LINE ( 'NONE', #1243, #1627 ) ;
#1372 = ADVANCED_FACE ( 'NONE', ( #1230 ), #834, .T. ) ;
#1373 = EDGE_CURVE ( 'NONE', #1492, #394, #960, .T. ) ;
#1374 = EDGE_CURVE ( 'NONE', #1397, #707, #1113, .T. ) ;
#1375 = AXIS2_PLACEMENT_3D ( 'NONE', #1078, #1462, #1329 ) ;
#1376 = VERTEX_POINT ( 'NONE', #1435 ) ;
#1377 = VECTOR ( 'NONE', #1367, 1000.000000000000000 ) ;
#1378 = CARTESIAN_POINT ( 'NONE',  ( 952.5500000000000682, -1174.805262667903662, -717.1858108191426027 ) ) ;
#1379 = PERSON_AND_ORGANIZATION_ROLE ( 'classification_officer' ) ;
#1380 = EDGE_LOOP ( 'NONE', ( #1071, #1352, #1461, #432 ) ) ;
#1381 = CARTESIAN_POINT ( 'NONE',  ( 993.9999999999997726, -574.8301822523413875, -633.3923048454130367 ) ) ;
#1382 = ORIENTED_EDGE ( 'NONE', *, *, #1365, .T. ) ;
#1383 = CARTESIAN_POINT ( 'NONE',  ( 999.9999999999995453, -967.0677224601214448, -242.7624597922183227 ) ) ;
#1384 = AXIS2_PLACEMENT_3D ( 'NONE', #1143, #163, #1273 ) ;
#1385 = DIRECTION ( 'NONE',  ( 0.000000000000000000, -1.000000000000000000, 0.000000000000000000 ) ) ;
#1386 = LINE ( 'NONE', #571, #1591 ) ;
#1387 = ORIENTED_EDGE ( 'NONE', *, *, #414, .T. ) ;
#1388 = CARTESIAN_POINT ( 'NONE',  ( 999.9999999999997726, -1249.305262667903662, -633.3923048454130367 ) ) ;
#1389 = VECTOR ( 'NONE', #1719, 1000.000000000000000 ) ;
#1390 = ORIENTED_EDGE ( 'NONE', *, *, #366, .T. ) ;
#1391 = DIRECTION ( 'NONE',  ( 0.8660254037844389297, -0.000000000000000000, -0.4999999999999995559 ) ) ;
#1392 = VECTOR ( 'NONE', #1483, 1000.000000000000000 ) ;
#1393 = CARTESIAN_POINT ( 'NONE',  ( 986.4499999999999318, -574.8301822523413875, -658.4692884425578541 ) ) ;
#1394 = CARTESIAN_POINT ( 'NONE',  ( 1005.999999999999773, -1249.305262667903435, -609.0999999999991132 ) ) ;
#1395 = AXIS2_PLACEMENT_3D ( 'NONE', #1203, #1765, #532 ) ;
#1396 =( LENGTH_UNIT ( ) NAMED_UNIT ( * ) SI_UNIT ( .MILLI., .METRE. ) );
#1397 = VERTEX_POINT ( 'NONE', #732 ) ;
#1398 = CARTESIAN_POINT ( 'NONE',  ( 940.1776695296638309, -1089.305262667903889, -738.6153158017973510 ) ) ;
#1399 = EDGE_CURVE ( 'NONE', #909, #1664, #722, .T. ) ;
#1400 = EDGE_CURVE ( 'NONE', #350, #250, #599, .T. ) ;
#1401 = ORIENTED_EDGE ( 'NONE', *, *, #1778, .F. ) ;
#1402 = CARTESIAN_POINT ( 'NONE',  ( 834.7260985847816528, -1093.405262667904026, -933.2627944162877611 ) ) ;
#1403 = VECTOR ( 'NONE', #1511, 1000.000000000000000 ) ;
#1404 = PLANE ( 'NONE',  #401 ) ;
#1405 = DIRECTION ( 'NONE',  ( 0.4999999999999995559, 0.000000000000000000, 0.8660254037844389297 ) ) ;
#1406 = AXIS2_PLACEMENT_3D ( 'NONE', #1631, #1611, #402 ) ;
#1407 = APPROVAL_STATUS ( 'not_yet_approved' ) ;
#1408 = ORIENTED_EDGE ( 'NONE', *, *, #1325, .T. ) ;
#1409 = DIRECTION ( 'NONE',  ( 0.000000000000000000, 1.000000000000000000, 0.000000000000000000 ) ) ;
#1410 = ORIENTED_EDGE ( 'NONE', *, *, #556, .F. ) ;
#1411 = DIRECTION ( 'NONE',  ( 0.4999999999999995559, 0.000000000000000000, 0.8660254037844389297 ) ) ;
#1412 = FACE_BOUND ( 'NONE', #1334, .T. ) ;
#1413 = PLANE ( 'NONE',  #1154 ) ;
#1414 = CYLINDRICAL_SURFACE ( 'NONE', #764, 24.99999999999997158 ) ;
#1415 = AXIS2_PLACEMENT_3D ( 'NONE', #1187, #191, #728 ) ;
#1416 = PERSON_AND_ORGANIZATION ( #1008, #417 ) ;
#1417 = VERTEX_POINT ( 'NONE', #900 ) ;
#1418 = LINE ( 'NONE', #1560, #172 ) ;
#1419 = ORIENTED_EDGE ( 'NONE', *, *, #1704, .F. ) ;
#1420 = CC_DESIGN_SECURITY_CLASSIFICATION ( #37, ( #328 ) ) ;
#1421 = CARTESIAN_POINT ( 'NONE',  ( 1005.999999999999773, -574.8301822523413875, -633.3923048454130367 ) ) ;
#1422 = LINE ( 'NONE', #199, #875 ) ;
#1423 = EDGE_CURVE ( 'NONE', #1567, #323, #1164, .T. ) ;
#1424 = EDGE_CURVE ( 'NONE', #1046, #961, #482, .T. ) ;
#1425 = PLANE ( 'NONE',  #1463 ) ;
#1426 = FACE_OUTER_BOUND ( 'NONE', #235, .T. ) ;
#1427 = ORIENTED_EDGE ( 'NONE', *, *, #953, .F. ) ;
#1428 = DIRECTION ( 'NONE',  ( 0.000000000000000000, -1.000000000000000000, -0.000000000000000000 ) ) ;
#1429 = VECTOR ( 'NONE', #1409, 1000.000000000000000 ) ;
#1430 = VERTEX_POINT ( 'NONE', #611 ) ;
#1431 = PLANE ( 'NONE',  #1516 ) ;
#1432 = CARTESIAN_POINT ( 'NONE',  ( 993.9999999999997726, -1249.305262667903662, -633.3923048454130367 ) ) ;
#1433 = LINE ( 'NONE', #320, #434 ) ;
#1434 = EDGE_CURVE ( 'NONE', #1417, #558, #1282, .T. ) ;
#1435 = CARTESIAN_POINT ( 'NONE',  ( 1005.999999999999773, -1249.305262667903435, -550.0999999999996817 ) ) ;
#1436 = VECTOR ( 'NONE', #1229, 1000.000000000000000 ) ;
#1437 = VERTEX_POINT ( 'NONE', #1039 ) ;
#1438 = CARTESIAN_POINT ( 'NONE',  ( 999.9999999999997726, -1249.305262667903662, -634.9999999999997726 ) ) ;
#1439 = ORIENTED_EDGE ( 'NONE', *, *, #16, .T. ) ;
#1440 = DIRECTION ( 'NONE',  ( 0.000000000000000000, 1.000000000000000000, 0.000000000000000000 ) ) ;
#1441 = CARTESIAN_POINT ( 'NONE',  ( 829.5299461620750208, -1174.805262667903662, -930.2627944162877611 ) ) ;
#1442 = EDGE_CURVE ( 'NONE', #782, #628, #1272, .T. ) ;
#1443 = CARTESIAN_POINT ( 'NONE',  ( 952.5500000000000682, -1169.805262667903889, -717.1858108191426027 ) ) ;
#1444 = DIRECTION ( 'NONE',  ( 6.001205538514363462E-16, 0.000000000000000000, -1.000000000000000000 ) ) ;
#1445 = ORIENTED_EDGE ( 'NONE', *, *, #1400, .F. ) ;
#1446 = LINE ( 'NONE', #1702, #1350 ) ;
#1447 = EDGE_CURVE ( 'NONE', #965, #604, #202, .T. ) ;
#1448 = APPROVAL_PERSON_ORGANIZATION ( #439, #1468, #449 ) ;
#1449 = ORIENTED_EDGE ( 'NONE', *, *, #1726, .F. ) ;
#1450 = CARTESIAN_POINT ( 'NONE',  ( 1005.999999999999773, -574.8301822523413875, -550.0999999999996817 ) ) ;
#1451 = CARTESIAN_POINT ( 'NONE',  ( 999.9999999999997726, -1173.805262667904117, -603.8999999999998636 ) ) ;
#1452 = CARTESIAN_POINT ( 'NONE',  ( 999.9999999999996589, -1224.305262667903889, -535.3553390593270933 ) ) ;
#1453 = VECTOR ( 'NONE', #161, 1000.000000000000000 ) ;
#1454 = ORIENTED_EDGE ( 'NONE', *, *, #1400, .T. ) ;
#1455 = DIRECTION ( 'NONE',  ( 6.001205538514363462E-16, 0.000000000000000000, -1.000000000000000000 ) ) ;
#1456 = EDGE_LOOP ( 'NONE', ( #1552, #276, #1501, #896 ) ) ;
#1457 = ADVANCED_FACE ( 'NONE', ( #174 ), #1032, .F. ) ;
#1458 = PLANE ( 'NONE',  #686 ) ;
#1459 = EDGE_CURVE ( 'NONE', #245, #1200, #796, .T. ) ;
#1460 = DIRECTION ( 'NONE',  ( 0.000000000000000000, 0.000000000000000000, -1.000000000000000000 ) ) ;
#1461 = ORIENTED_EDGE ( 'NONE', *, *, #93, .T. ) ;
#1462 = DIRECTION ( 'NONE',  ( 0.000000000000000000, 1.000000000000000000, 0.000000000000000000 ) ) ;
#1463 = AXIS2_PLACEMENT_3D ( 'NONE', #68, #610, #1718 ) ;
#1464 = ORIENTED_EDGE ( 'NONE', *, *, #635, .T. ) ;
#1465 = DIRECTION ( 'NONE',  ( 1.000000000000000000, -0.000000000000000000, 6.001205538514363462E-16 ) ) ;
#1466 = ORIENTED_EDGE ( 'NONE', *, *, #687, .T. ) ;
#1467 = DIRECTION ( 'NONE',  ( -0.000000000000000000, -1.000000000000000000, -0.000000000000000000 ) ) ;
#1468 = APPROVAL ( #1407, 'UNSPECIFIED' ) ;
#1469 = ORIENTED_EDGE ( 'NONE', *, *, #178, .F. ) ;
#1470 = CARTESIAN_POINT ( 'NONE',  ( 892.4999999999997726, -574.8301822523413875, -821.1954618136544468 ) ) ;
#1471 = ORIENTED_EDGE ( 'NONE', *, *, #279, .T. ) ;
#1472 = CARTESIAN_POINT ( 'NONE',  ( 991.6461524227063364, -1174.805262667903435, -661.4692884425581951 ) ) ;
#1473 = AXIS2_PLACEMENT_3D ( 'NONE', #92, #1467, #516 ) ;
#1474 = ORIENTED_EDGE ( 'NONE', *, *, #635, .F. ) ;
#1475 = CARTESIAN_POINT ( 'NONE',  ( 1005.999999999999773, -1163.949923608576455, -449.9999999999998863 ) ) ;
#1476 = EDGE_CURVE ( 'NONE', #333, #1397, #62, .T. ) ;
#1477 = DIRECTION ( 'NONE',  ( 9.996022874851759560E-48, -1.000000000000000000, -1.665669141091664491E-32 ) ) ;
#1478 = EDGE_CURVE ( 'NONE', #348, #707, #78, .T. ) ;
#1479 = ORIENTED_EDGE ( 'NONE', *, *, #1424, .T. ) ;
#1480 = LINE ( 'NONE', #1335, #1158 ) ;
#1481 = DIRECTION ( 'NONE',  ( 0.4999999999999995559, 0.000000000000000000, 0.8660254037844389297 ) ) ;
#1482 = ORIENTED_EDGE ( 'NONE', *, *, #902, .F. ) ;
#1483 = DIRECTION ( 'NONE',  ( 0.000000000000000000, 1.000000000000000000, -0.000000000000000000 ) ) ;
#1484 = EDGE_LOOP ( 'NONE', ( #1720, #1073, #1081, #317 ) ) ;
#1485 = CARTESIAN_POINT ( 'NONE',  ( 999.9999999999997726, -1249.305262667903435, -544.8999999999997499 ) ) ;
#1486 = VECTOR ( 'NONE', #683, 1000.000000000000000 ) ;
#1487 = EDGE_LOOP ( 'NONE', ( #700, #903, #1439, #63 ) ) ;
#1488 = DIRECTION ( 'NONE',  ( 0.000000000000000000, 1.000000000000000000, 0.000000000000000000 ) ) ;
#1489 = ORIENTED_EDGE ( 'NONE', *, *, #1060, .T. ) ;
#1490 = CARTESIAN_POINT ( 'NONE',  ( 999.9999999999996589, -1114.305262667903662, -474.9999999999999432 ) ) ;
#1491 = VECTOR ( 'NONE', #1638, 1000.000000000000000 ) ;
#1492 = VERTEX_POINT ( 'NONE', #69 ) ;
#1493 = DIRECTION ( 'NONE',  ( -0.8660254037844389297, 0.000000000000000000, 0.4999999999999995559 ) ) ;
#1494 = VECTOR ( 'NONE', #980, 1000.000000000000000 ) ;
#1495 = CARTESIAN_POINT ( 'NONE',  ( 989.0499999999999545, -1089.305262667903889, -653.9659563428787123 ) ) ;
#1496 = PLANE ( 'NONE',  #1375 ) ;
#1497 = ORIENTED_EDGE ( 'NONE', *, *, #843, .F. ) ;
#1498 = CARTESIAN_POINT ( 'NONE',  ( 994.2461524227065865, -574.8301822523413875, -656.9659563428787123 ) ) ;
#1499 = EDGE_CURVE ( 'NONE', #166, #1567, #1715, .T. ) ;
#1500 = EDGE_CURVE ( 'NONE', #807, #1207, #340, .T. ) ;
#1501 = ORIENTED_EDGE ( 'NONE', *, *, #657, .F. ) ;
#1502 = DIRECTION ( 'NONE',  ( 0.000000000000000000, 1.000000000000000000, 0.000000000000000000 ) ) ;
#1503 = ORIENTED_EDGE ( 'NONE', *, *, #929, .T. ) ;
#1504 = CARTESIAN_POINT ( 'NONE',  ( 999.9999999999997726, -1245.205262667903526, -609.0999999999991132 ) ) ;
#1505 = EDGE_LOOP ( 'NONE', ( #1749, #12, #195, #945 ) ) ;
#1506 = CARTESIAN_POINT ( 'NONE',  ( 957.7461524227068139, -1093.405262667904026, -720.1858108191424890 ) ) ;
#1507 = EDGE_CURVE ( 'NONE', #648, #248, #41, .T. ) ;
#1508 = ADVANCED_FACE ( 'NONE', ( #871 ), #1311, .F. ) ;
#1509 = ORIENTED_EDGE ( 'NONE', *, *, #76, .T. ) ;
#1510 = EDGE_CURVE ( 'NONE', #979, #648, #884, .T. ) ;
#1511 = DIRECTION ( 'NONE',  ( 0.000000000000000000, -1.000000000000000000, -0.000000000000000000 ) ) ;
#1512 = PLANE ( 'NONE',  #60 ) ;
#1513 = DIRECTION ( 'NONE',  ( 0.000000000000000000, -1.000000000000000000, 0.000000000000000000 ) ) ;
#1514 = ORIENTED_EDGE ( 'NONE', *, *, #1005, .T. ) ;
#1515 = FACE_OUTER_BOUND ( 'NONE', #35, .T. ) ;
#1516 = AXIS2_PLACEMENT_3D ( 'NONE', #1570, #344, #1440 ) ;
#1517 = ORIENTED_EDGE ( 'NONE', *, *, #1757, .T. ) ;
#1518 = LINE ( 'NONE', #290, #659 ) ;
#1519 = AXIS2_PLACEMENT_3D ( 'NONE', #1000, #192, #1131 ) ;
#1520 = VECTOR ( 'NONE', #530, 1000.000000000000000 ) ;
#1521 = CARTESIAN_POINT ( 'NONE',  ( 949.9500000000000455, -1169.805262667903889, -721.6891429188217444 ) ) ;
#1522 = FACE_BOUND ( 'NONE', #817, .T. ) ;
#1523 = DATE_TIME_ROLE ( 'classification_date' ) ;
#1524 = VERTEX_POINT ( 'NONE', #321 ) ;
#1525 = LINE ( 'NONE', #559, #86 ) ;
#1526 = ORIENTED_EDGE ( 'NONE', *, *, #38, .T. ) ;
#1527 = DIRECTION ( 'NONE',  ( -6.001205538514363462E-16, 0.000000000000000000, 1.000000000000000000 ) ) ;
#1528 = CIRCLE ( 'NONE', #1473, 12.00000000000001066 ) ;
#1529 = CC_DESIGN_PERSON_AND_ORGANIZATION_ASSIGNMENT ( #32, #42, ( #1636 ) ) ;
#1530 = CARTESIAN_POINT ( 'NONE',  ( 999.9999999999997726, -1173.805262667903889, -634.9999999999997726 ) ) ;
#1531 = ADVANCED_FACE ( 'NONE', ( #1426 ), #1414, .T. ) ;
#1532 = CARTESIAN_POINT ( 'NONE',  ( 1005.999999999999773, -574.8301822523413875, -544.8999999999997499 ) ) ;
#1533 = CALENDAR_DATE ( 2026, 11, 7 ) ;
#1534 = ORIENTED_EDGE ( 'NONE', *, *, #316, .T. ) ;
#1535 = CARTESIAN_POINT ( 'NONE',  ( 931.3388347648321997, -1096.627593138239945, -753.9246266941921704 ) ) ;
#1536 = VECTOR ( 'NONE', #1181, 1000.000000000000000 ) ;
#1537 = EDGE_LOOP ( 'NONE', ( #1116, #1148, #974, #621 ) ) ;
#1538 = LINE ( 'NONE', #720, #569 ) ;
#1539 = DIRECTION ( 'NONE',  ( 0.000000000000000000, -1.000000000000000000, 0.000000000000000000 ) ) ;
#1540 = DIRECTION ( 'NONE',  ( -0.000000000000000000, -1.000000000000000000, -0.000000000000000000 ) ) ;
#1541 = COORDINATED_UNIVERSAL_TIME_OFFSET ( 10, 0, .AHEAD. ) ;
#1542 = VERTEX_POINT ( 'NONE', #665 ) ;
#1543 = LINE ( 'NONE', #165, #171 ) ;
#1544 = ORIENTED_EDGE ( 'NONE', *, *, #729, .T. ) ;
#1545 = LINE ( 'NONE', #318, #1057 ) ;
#1546 = VECTOR ( 'NONE', #553, 1000.000000000000000 ) ;
#1547 = VECTOR ( 'NONE', #1118, 1000.000000000000000 ) ;
#1548 = CARTESIAN_POINT ( 'NONE',  ( 999.1961524227064046, -1249.305262667903662, -636.3923048454130367 ) ) ;
#1549 = CARTESIAN_POINT ( 'NONE',  ( 1005.999999999999773, -574.8301822523413875, -603.8999999999998636 ) ) ;
#1550 = EDGE_LOOP ( 'NONE', ( #1474, #358, #33, #1265 ) ) ;
#1551 = LINE ( 'NONE', #1041, #978 ) ;
#1552 = ORIENTED_EDGE ( 'NONE', *, *, #301, .F. ) ;
#1553 = EDGE_CURVE ( 'NONE', #123, #1284, #391, .T. ) ;
#1554 = LINE ( 'NONE', #631, #831 ) ;
#1555 = EDGE_CURVE ( 'NONE', #1722, #1284, #109, .T. ) ;
#1556 = PLANE ( 'NONE',  #1647 ) ;
#1557 = CARTESIAN_POINT ( 'NONE',  ( 994.2461524227064729, -1169.805262667903889, -656.9659563428791671 ) ) ;
#1558 = CARTESIAN_POINT ( 'NONE',  ( 999.9999999999997726, -1089.305262667903889, -634.9999999999997726 ) ) ;
#1559 = ORIENTED_EDGE ( 'NONE', *, *, #337, .T. ) ;
#1560 = CARTESIAN_POINT ( 'NONE',  ( 999.9999999999997726, -574.8301822523413875, -603.8999999999990678 ) ) ;
#1561 = ORIENTED_EDGE ( 'NONE', *, *, #1687, .T. ) ;
#1562 = FACE_BOUND ( 'NONE', #19, .T. ) ;
#1563 = CARTESIAN_POINT ( 'NONE',  ( 991.6461524227065638, -1089.305262667903889, -661.4692884425578541 ) ) ;
#1564 = ADVANCED_FACE ( 'NONE', ( #1206 ), #1320, .T. ) ;
#1565 = DIRECTION ( 'NONE',  ( 0.8660254037844389297, -0.000000000000000000, -0.4999999999999995559 ) ) ;
#1566 = CARTESIAN_POINT ( 'NONE',  ( 999.9999999999996589, -1224.305262667903889, -535.3553390593270933 ) ) ;
#1567 = VERTEX_POINT ( 'NONE', #1734 ) ;
#1568 = CARTESIAN_POINT ( 'NONE',  ( 993.9999999999997726, -1089.305262667903889, -633.3923048454130367 ) ) ;
#1569 = ORIENTED_EDGE ( 'NONE', *, *, #929, .F. ) ;
#1570 = CARTESIAN_POINT ( 'NONE',  ( 989.0499999999997272, -574.8301822523413875, -653.9659563428791671 ) ) ;
#1571 = DIRECTION ( 'NONE',  ( -0.4999999999999995559, 0.000000000000000000, -0.8660254037844389297 ) ) ;
#1572 = LINE ( 'NONE', #899, #690 ) ;
#1573 = EDGE_CURVE ( 'NONE', #1284, #762, #1742, .T. ) ;
#1574 = CARTESIAN_POINT ( 'NONE',  ( 999.9999999999997726, -1245.205262667903526, -634.9999999999997726 ) ) ;
#1575 = EDGE_LOOP ( 'NONE', ( #1559, #1225, #754, #641 ) ) ;
#1576 = CARTESIAN_POINT ( 'NONE',  ( 999.9999999999997726, -1089.305262667903889, -633.3923048454130367 ) ) ;
#1577 = AXIS2_PLACEMENT_3D ( 'NONE', #332, #221, #887 ) ;
#1578 = ORIENTED_EDGE ( 'NONE', *, *, #39, .F. ) ;
#1579 = DIRECTION ( 'NONE',  ( -6.001205538514363462E-16, -0.000000000000000000, 1.000000000000000000 ) ) ;
#1580 = FACE_BOUND ( 'NONE', #1023, .T. ) ;
#1581 = FACE_OUTER_BOUND ( 'NONE', #1654, .T. ) ;
#1582 = ADVANCED_FACE ( 'NONE', ( #1581 ), #1590, .F. ) ;
#1583 = EDGE_CURVE ( 'NONE', #371, #782, #1528, .T. ) ;
#1585 = ORIENTED_EDGE ( 'NONE', *, *, #1423, .T. ) ;
#1584 = VECTOR ( 'NONE', #1351, 1000.000000000000000 ) ;
#1586 = CARTESIAN_POINT ( 'NONE',  ( 999.9999999999997726, -1178.805262667903662, -634.9999999999997726 ) ) ;
#1587 = VERTEX_POINT ( 'NONE', #354 ) ;
#1588 = LINE ( 'NONE', #1714, #58 ) ;
#1589 = DIRECTION ( 'NONE',  ( 0.000000000000000000, 1.000000000000000000, 0.000000000000000000 ) ) ;
#1590 = CYLINDRICAL_SURFACE ( 'NONE', #1017, 6.000000000000005329 ) ;
#1591 = VECTOR ( 'NONE', #816, 999.9999999999998863 ) ;
#1592 = ORIENTED_EDGE ( 'NONE', *, *, #1270, .F. ) ;
#1593 = CYLINDRICAL_SURFACE ( 'NONE', #403, 25.00000000000002132 ) ;
#1594 = ORIENTED_EDGE ( 'NONE', *, *, #1343, .F. ) ;
#1595 = DIRECTION ( 'NONE',  ( 0.000000000000000000, 0.000000000000000000, -1.000000000000000000 ) ) ;
#1596 = ORIENTED_EDGE ( 'NONE', *, *, #1364, .F. ) ;
#1597 = DIRECTION ( 'NONE',  ( -1.000000000000000000, 0.000000000000000000, -6.001205538514363462E-16 ) ) ;
#1598 = VECTOR ( 'NONE', #889, 1000.000000000000000 ) ;
#1599 = ORIENTED_EDGE ( 'NONE', *, *, #1499, .T. ) ;
#1600 = CARTESIAN_POINT ( 'NONE',  ( 999.1961524227064046, -1249.305262667903662, -636.3923048454130367 ) ) ;
#1601 = VECTOR ( 'NONE', #1086, 1000.000000000000000 ) ;
#1602 = ORIENTED_EDGE ( 'NONE', *, *, #336, .F. ) ;
#1603 = CARTESIAN_POINT ( 'NONE',  ( 1005.999999999999773, -1178.805262667903662, -544.8999999999997499 ) ) ;
#1604 = AXIS2_PLACEMENT_3D ( 'NONE', #1586, #763, #324 ) ;
#1605 = ADVANCED_FACE ( 'NONE', ( #771 ), #1045, .T. ) ;
#1606 = ORIENTED_EDGE ( 'NONE', *, *, #1668, .F. ) ;
#1607 = ADVANCED_FACE ( 'NONE', ( #1068 ), #1751, .T. ) ;
#1608 = CARTESIAN_POINT ( 'NONE',  ( 1004.392304845413037, -1089.305262667903889, -639.3923048454129230 ) ) ;
#1609 = FACE_OUTER_BOUND ( 'NONE', #1306, .T. ) ;
#1610 = ORIENTED_EDGE ( 'NONE', *, *, #180, .T. ) ;
#1611 = DIRECTION ( 'NONE',  ( 1.000000000000000000, -0.000000000000000000, 6.001205538514363462E-16 ) ) ;
#1612 = LINE ( 'NONE', #937, #1133 ) ;
#1613 = ORIENTED_EDGE ( 'NONE', *, *, #424, .T. ) ;
#1614 = DIRECTION ( 'NONE',  ( -0.8660254037844389297, 0.000000000000000000, 0.4999999999999995559 ) ) ;
#1615 = LOCAL_TIME ( 16, 44, 49.00000000000000000, #1541 ) ;
#1616 = EDGE_LOOP ( 'NONE', ( #792, #1056, #719, #669 ) ) ;
#1617 = CARTESIAN_POINT ( 'NONE',  ( 957.7461524227068139, -1174.805262667903662, -720.1858108191426027 ) ) ;
#1618 = ADVANCED_FACE ( 'NONE', ( #1609, #101, #1197 ), #382, .F. ) ;
#1619 = DIRECTION ( 'NONE',  ( -0.8660254037844389297, 0.000000000000000000, 0.4999999999999995559 ) ) ;
#1620 = ORIENTED_EDGE ( 'NONE', *, *, #597, .T. ) ;
#1621 = DIRECTION ( 'NONE',  ( 0.000000000000000000, -1.000000000000000000, 0.000000000000000000 ) ) ;
#1622 = ORIENTED_EDGE ( 'NONE', *, *, #820, .F. ) ;
#1623 = CARTESIAN_POINT ( 'NONE',  ( 999.9999999999997726, -574.8301822523413875, -609.0999999999991132 ) ) ;
#1624 = ORIENTED_EDGE ( 'NONE', *, *, #1304, .F. ) ;
#1625 = LINE ( 'NONE', #672, #288 ) ;
#1626 = VECTOR ( 'NONE', #1249, 1000.000000000000000 ) ;
#1627 = VECTOR ( 'NONE', #858, 1000.000000000000000 ) ;
#1628 = EDGE_CURVE ( 'NONE', #1104, #909, #799, .T. ) ;
#1629 = CARTESIAN_POINT ( 'NONE',  ( 834.7260985847816528, -1089.305262667903889, -933.2627944162877611 ) ) ;
#1630 = VECTOR ( 'NONE', #1723, 1000.000000000000000 ) ;
#1631 = CARTESIAN_POINT ( 'NONE',  ( 999.9999999999996589, -1163.949923608576455, -474.9999999999999432 ) ) ;
#1632 = ORIENTED_EDGE ( 'NONE', *, *, #580, .T. ) ;
#1633 = DIRECTION ( 'NONE',  ( -6.001205538514363462E-16, -1.665669141091664491E-32, 1.000000000000000000 ) ) ;
#1634 = CIRCLE ( 'NONE', #833, 24.99999999999997158 ) ;
#1635 = AXIS2_PLACEMENT_3D ( 'NONE', #1653, #1241, #9 ) ;
#1636 = PRODUCT ( 'CV03-TR-14_REV_B_5d77a0e1ba7b46bb8749a23d37d2a579.tmp', 'CV03-TR-14_REV_B_5d77a0e1ba7b46bb8749a23d37d2a579.tmp', '', ( #322 ) ) ;
#1637 = ORIENTED_EDGE ( 'NONE', *, *, #679, .T. ) ;
#1638 = DIRECTION ( 'NONE',  ( -6.001205538514363462E-16, -1.665669141091664491E-32, 1.000000000000000000 ) ) ;
#1639 = LINE ( 'NONE', #713, #975 ) ;
#1640 = CARTESIAN_POINT ( 'NONE',  ( 904.9999999999996589, -1224.305262667903889, -799.5448267190434990 ) ) ;
#1641 = EDGE_CURVE ( 'NONE', #348, #23, #958, .T. ) ;
#1642 = EDGE_CURVE ( 'NONE', #175, #509, #1766, .T. ) ;
#1643 = VERTEX_POINT ( 'NONE', #1340 ) ;
#1644 = DIRECTION ( 'NONE',  ( -1.000000000000000000, 0.000000000000000000, -6.001205538514363462E-16 ) ) ;
#1645 = EDGE_LOOP ( 'NONE', ( #565, #1128, #1, #1689 ) ) ;
#1646 = CARTESIAN_POINT ( 'NONE',  ( 957.7461524227068139, -574.8301822523413875, -720.1858108191424890 ) ) ;
#1647 = AXIS2_PLACEMENT_3D ( 'NONE', #327, #1724, #489 ) ;
#1648 = AXIS2_PLACEMENT_3D ( 'NONE', #240, #1477, #790 ) ;
#1649 = ORIENTED_EDGE ( 'NONE', *, *, #502, .T. ) ;
#1650 = LINE ( 'NONE', #1504, #1453 ) ;
#1651 = PRODUCT_DEFINITION_SHAPE ( 'NONE', 'NONE',  #942 ) ;
#1652 = EDGE_LOOP ( 'NONE', ( #43, #655, #1336, #938 ) ) ;
#1653 = CARTESIAN_POINT ( 'NONE',  ( 993.9999999999997726, -1089.305262667903889, -633.3923048454130367 ) ) ;
#1654 = EDGE_LOOP ( 'NONE', ( #467, #805, #801, #307 ) ) ;
#1655 = CARTESIAN_POINT ( 'NONE',  ( 994.2461524227065865, -1089.305262667903889, -656.9659563428787123 ) ) ;
#1656 = CC_DESIGN_DATE_AND_TIME_ASSIGNMENT ( #1153, #1523, ( #37 ) ) ;
#1657 = ORIENTED_EDGE ( 'NONE', *, *, #730, .T. ) ;
#1658 = DIRECTION ( 'NONE',  ( 6.001205538514363462E-16, 0.000000000000000000, -1.000000000000000000 ) ) ;
#1659 = VECTOR ( 'NONE', #425, 1000.000000000000000 ) ;
#1660 = COORDINATED_UNIVERSAL_TIME_OFFSET ( 10, 0, .AHEAD. ) ;
#1661 = VERTEX_POINT ( 'NONE', #1707 ) ;
#1662 = DIRECTION ( 'NONE',  ( 6.001205538514363462E-16, 0.000000000000000000, -1.000000000000000000 ) ) ;
#1663 = AXIS2_PLACEMENT_3D ( 'NONE', #1317, #82, #1186 ) ;
#1664 = VERTEX_POINT ( 'NONE', #59 ) ;
#1665 = DIRECTION ( 'NONE',  ( 0.000000000000000000, -1.000000000000000000, 0.000000000000000000 ) ) ;
#1666 = EDGE_CURVE ( 'NONE', #1711, #1731, #47, .T. ) ;
#1667 = VECTOR ( 'NONE', #678, 1000.000000000000000 ) ;
#1668 = EDGE_CURVE ( 'NONE', #961, #331, #1180, .T. ) ;
#1669 = VECTOR ( 'NONE', #593, 1000.000000000000000 ) ;
#1670 = DIRECTION ( 'NONE',  ( 0.000000000000000000, -1.000000000000000000, 0.000000000000000000 ) ) ;
#1671 = FACE_OUTER_BOUND ( 'NONE', #1287, .T. ) ;
#1672 = CALENDAR_DATE ( 2026, 11, 7 ) ;
#1673 = ORIENTED_EDGE ( 'NONE', *, *, #881, .T. ) ;
#1674 = PLANE ( 'NONE',  #461 ) ;
#1675 = ORIENTED_EDGE ( 'NONE', *, *, #1478, .T. ) ;
#1676 = LINE ( 'NONE', #150, #1779 ) ;
#1677 = CARTESIAN_POINT ( 'NONE',  ( 999.9999999999997726, -1249.305262667903435, -609.0999999999991132 ) ) ;
#1678 = CARTESIAN_POINT ( 'NONE',  ( 1004.392304845413037, -574.8301822523413875, -639.3923048454131504 ) ) ;
#1679 = PERSON_AND_ORGANIZATION ( #1008, #417 ) ;
#1680 = ORIENTED_EDGE ( 'NONE', *, *, #1696, .T. ) ;
#1681 = DIRECTION ( 'NONE',  ( 0.000000000000000000, 0.000000000000000000, 1.000000000000000000 ) ) ;
#1682 = ORIENTED_EDGE ( 'NONE', *, *, #182, .F. ) ;
#1683 = CARTESIAN_POINT ( 'NONE',  ( 952.5500000000000682, -1169.805262667903889, -717.1858108191426027 ) ) ;
#1684 = EDGE_CURVE ( 'NONE', #886, #1705, #1020, .T. ) ;
#1685 = FACE_OUTER_BOUND ( 'NONE', #1537, .T. ) ;
#1686 = DIRECTION ( 'NONE',  ( 0.000000000000000000, -1.000000000000000000, -0.000000000000000000 ) ) ;
#1687 = EDGE_CURVE ( 'NONE', #1242, #558, #360, .T. ) ;
#1688 = ADVANCED_FACE ( 'NONE', ( #1308 ), #880, .T. ) ;
#1689 = ORIENTED_EDGE ( 'NONE', *, *, #49, .T. ) ;
#1690 = CARTESIAN_POINT ( 'NONE',  ( 999.9999999999997726, -1173.805262667903889, -634.9999999999997726 ) ) ;
#1691 = ORIENTED_EDGE ( 'NONE', *, *, #1746, .F. ) ;
#1692 = CARTESIAN_POINT ( 'NONE',  ( 994.2461524227064729, -574.8301822523413875, -656.9659563428791671 ) ) ;
#1693 = VECTOR ( 'NONE', #1195, 1000.000000000000000 ) ;
#1694 = PLANE ( 'NONE',  #528 ) ;
#1695 = VECTOR ( 'NONE', #950, 1000.000000000000000 ) ;
#1696 = EDGE_CURVE ( 'NONE', #724, #762, #1150, .T. ) ;
#1697 = CARTESIAN_POINT ( 'NONE',  ( 940.1776695296639446, -1114.305262667903662, -738.6153158017973510 ) ) ;
#1698 = DIRECTION ( 'NONE',  ( -6.001205538514363462E-16, 0.000000000000000000, 1.000000000000000000 ) ) ;
#1699 = VECTOR ( 'NONE', #1024, 1000.000000000000000 ) ;
#1700 = PERSON_AND_ORGANIZATION ( #1008, #417 ) ;
#1701 = VERTEX_POINT ( 'NONE', #217 ) ;
#1702 = CARTESIAN_POINT ( 'NONE',  ( 955.1461524227066775, -574.8301822523413875, -724.6891429188217444 ) ) ;
#1703 = ADVANCED_FACE ( 'NONE', ( #898 ), #1694, .F. ) ;
#1704 = EDGE_CURVE ( 'NONE', #1338, #1046, #1278, .T. ) ;
#1705 = VERTEX_POINT ( 'NONE', #77 ) ;
#1706 = DIRECTION ( 'NONE',  ( -0.8660254037844389297, 0.000000000000000000, 0.4999999999999995559 ) ) ;
#1707 = CARTESIAN_POINT ( 'NONE',  ( 999.9999999999997726, -1173.805262667904117, -603.8999999999998636 ) ) ;
#1708 = FACE_OUTER_BOUND ( 'NONE', #1362, .T. ) ;
#1709 = CARTESIAN_POINT ( 'NONE',  ( 1005.999999999999773, -1089.305262667903889, -634.9999999999997726 ) ) ;
#1710 = VECTOR ( 'NONE', #67, 1000.000000000000000 ) ;
#1711 = VERTEX_POINT ( 'NONE', #1563 ) ;
#1712 = DIRECTION ( 'NONE',  ( 0.000000000000000000, 1.000000000000000000, 0.000000000000000000 ) ) ;
#1713 = VERTEX_POINT ( 'NONE', #596 ) ;
#1714 = CARTESIAN_POINT ( 'NONE',  ( 1005.999999999999773, -1178.805262667903662, -634.9999999999997726 ) ) ;
#1715 = CIRCLE ( 'NONE', #1279, 24.99999999999997158 ) ;
#1716 = CARTESIAN_POINT ( 'NONE',  ( 999.9999999999996589, -1181.627593138240172, -457.3223304703362260 ) ) ;
#1717 = VECTOR ( 'NONE', #372, 1000.000000000000000 ) ;
#1718 = DIRECTION ( 'NONE',  ( 6.001205538514363462E-16, 0.000000000000000000, -1.000000000000000000 ) ) ;
#1719 = DIRECTION ( 'NONE',  ( -0.8660254037844389297, 0.000000000000000000, 0.4999999999999995559 ) ) ;
#1720 = ORIENTED_EDGE ( 'NONE', *, *, #1139, .F. ) ;
#1721 = DIRECTION ( 'NONE',  ( 0.000000000000000000, -1.000000000000000000, 0.000000000000000000 ) ) ;
#1722 = VERTEX_POINT ( 'NONE', #1011 ) ;
#1723 = DIRECTION ( 'NONE',  ( 0.000000000000000000, -1.000000000000000000, -0.000000000000000000 ) ) ;
#1724 = DIRECTION ( 'NONE',  ( -0.8660254037844389297, 0.000000000000000000, 0.4999999999999995559 ) ) ;
#1725 = EDGE_CURVE ( 'NONE', #177, #139, #644, .T. ) ;
#1726 = EDGE_CURVE ( 'NONE', #648, #1661, #609, .T. ) ;
#1727 = DIRECTION ( 'NONE',  ( -6.001205538514363462E-16, 1.665669141091664491E-32, 1.000000000000000000 ) ) ;
#1728 = AXIS2_PLACEMENT_3D ( 'NONE', #1021, #454, #201 ) ;
#1729 = ORIENTED_EDGE ( 'NONE', *, *, #597, .F. ) ;
#1730 = CARTESIAN_POINT ( 'NONE',  ( 999.9999999999997726, -1245.205262667903526, -550.0999999999996817 ) ) ;
#1731 = VERTEX_POINT ( 'NONE', #625 ) ;
#1732 = CARTESIAN_POINT ( 'NONE',  ( 829.5299461620750208, -574.8301822523413875, -930.2627944162877611 ) ) ;
#1733 = CARTESIAN_POINT ( 'NONE',  ( 986.4500000000000455, -1093.405262667904026, -658.4692884425578541 ) ) ;
#1734 = CARTESIAN_POINT ( 'NONE',  ( 897.6961524227064046, -1224.305262667903889, -824.1954618136544468 ) ) ;
#1736 = ORIENTED_EDGE ( 'NONE', *, *, #1769, .T. ) ;
#1735 =( GEOMETRIC_REPRESENTATION_CONTEXT ( 3 ) GLOBAL_UNCERTAINTY_ASSIGNED_CONTEXT ( ( #26 ) ) GLOBAL_UNIT_ASSIGNED_CONTEXT ( ( #1396, #706, #312 ) ) REPRESENTATION_CONTEXT ( 'NONE', 'WORKASPACE' ) );
#1737 = LINE ( 'NONE', #1470, #778 ) ;
#1738 = EDGE_LOOP ( 'NONE', ( #1035, #682, #253, #56 ) ) ;
#1739 = PLANE ( 'NONE',  #663 ) ;
#1740 = ORIENTED_EDGE ( 'NONE', *, *, #1459, .T. ) ;
#1741 = VECTOR ( 'NONE', #185, 1000.000000000000000 ) ;
#1742 = LINE ( 'NONE', #1760, #1196 ) ;
#1743 = ORIENTED_EDGE ( 'NONE', *, *, #413, .F. ) ;
#1744 = CARTESIAN_POINT ( 'NONE',  ( 999.1961524227064046, -1249.305262667903662, -636.3923048454130367 ) ) ;
#1745 = ADVANCED_FACE ( 'NONE', ( #345, #1580, #1412 ), #1556, .F. ) ;
#1746 = EDGE_CURVE ( 'NONE', #1376, #350, #1422, .T. ) ;
#1747 = ORIENTED_EDGE ( 'NONE', *, *, #1459, .F. ) ;
#1748 = CYLINDRICAL_SURFACE ( 'NONE', #1146, 24.99999999999997158 ) ;
#1749 = ORIENTED_EDGE ( 'NONE', *, *, #1261, .F. ) ;
#1750 = LINE ( 'NONE', #957, #666 ) ;
#1751 = CYLINDRICAL_SURFACE ( 'NONE', #698, 25.00000000000002132 ) ;
#1752 = ORIENTED_EDGE ( 'NONE', *, *, #922, .T. ) ;
#1753 = CARTESIAN_POINT ( 'NONE',  ( 952.5500000000000682, -574.8301822523413875, -717.1858108191426027 ) ) ;
#1754 = VECTOR ( 'NONE', #824, 999.9999999999998863 ) ;
#1755 = VERTEX_POINT ( 'NONE', #739 ) ;
#1756 = CARTESIAN_POINT ( 'NONE',  ( 1005.999999999999773, -1245.205262667903526, -603.8999999999990678 ) ) ;
#1757 = EDGE_CURVE ( 'NONE', #837, #987, #1161, .T. ) ;
#1758 = ORIENTED_EDGE ( 'NONE', *, *, #1345, .F. ) ;
#1759 = LINE ( 'NONE', #514, #1667 ) ;
#1760 = CARTESIAN_POINT ( 'NONE',  ( 829.5299461620750208, -1093.405262667904026, -930.2627944162877611 ) ) ;
#1761 = ORIENTED_EDGE ( 'NONE', *, *, #1199, .F. ) ;
#1762 = DIRECTION ( 'NONE',  ( -6.001205538514363462E-16, -0.000000000000000000, 1.000000000000000000 ) ) ;
#1763 = ORIENTED_EDGE ( 'NONE', *, *, #501, .F. ) ;
#1764 = EDGE_CURVE ( 'NONE', #220, #1492, #471, .T. ) ;
#1765 = DIRECTION ( 'NONE',  ( -0.3535533905932714549, 0.7071067811865514585, -0.6123724356957912507 ) ) ;
#1766 = CIRCLE ( 'NONE', #1244, 12.00000000000001066 ) ;
#1767 = ORIENTED_EDGE ( 'NONE', *, *, #1777, .F. ) ;
#1768 = PLANE ( 'NONE',  #949 ) ;
#1769 = EDGE_CURVE ( 'NONE', #23, #107, #1173, .T. ) ;
#1770 = CARTESIAN_POINT ( 'NONE',  ( 999.9999999999997726, -1173.805262667903889, -550.0999999999996817 ) ) ;
#1771 = VECTOR ( 'NONE', #779, 1000.000000000000000 ) ;
#1772 = FACE_OUTER_BOUND ( 'NONE', #894, .T. ) ;
#1773 = ORIENTED_EDGE ( 'NONE', *, *, #228, .F. ) ;
#1774 = PLANE ( 'NONE',  #826 ) ;
#1775 = VECTOR ( 'NONE', #211, 1000.000000000000000 ) ;
#1776 = DIRECTION ( 'NONE',  ( -0.000000000000000000, -1.000000000000000000, 0.000000000000000000 ) ) ;
#1777 = EDGE_CURVE ( 'NONE', #747, #1664, #352, .T. ) ;
#1778 = EDGE_CURVE ( 'NONE', #1643, #1731, #1612, .T. ) ;
#1779 = VECTOR ( 'NONE', #703, 1000.000000000000000 ) ;
#1780 = CARTESIAN_POINT ( 'NONE',  ( 1005.999999999999773, -1181.627593138240172, -457.3223304703362260 ) ) ;
#1781 = FACE_BOUND ( 'NONE', #1192, .T. ) ;
ENDSEC;
END-ISO-10303-21;
