ISO-10303-21;
HEADER;
FILE_DESCRIPTION (( 'STEP AP203' ),
    '1' );
FILE_NAME ('CV03-TR-10_REV_B_475630b7bbc94f0588e1bd655b29a1fb.tmp.step',
    '2026-07-11T06:44:19',
    ( '' ),
    ( '' ),
    'SwSTEP 2.0',
    'SolidWorks 2025',
    '' );
FILE_SCHEMA (( 'CONFIG_CONTROL_DESIGN' ));
ENDSEC;

DATA;
#1 = ORIENTED_EDGE ( 'NONE', *, *, #1659, .T. ) ;
#2 = EDGE_CURVE ( 'NONE', #692, #1911, #1711, .T. ) ;
#3 = PLANE ( 'NONE',  #501 ) ;
#4 = ORIENTED_EDGE ( 'NONE', *, *, #1097, .F. ) ;
#5 = DIRECTION ( 'NONE',  ( -0.000000000000000000, -0.000000000000000000, 1.000000000000000000 ) ) ;
#6 = CARTESIAN_POINT ( 'NONE',  ( 639.9765291005604695, -1095.404905036272794, -1258.578831587474724 ) ) ;
#7 = CARTESIAN_POINT ( 'NONE',  ( -613.4639947775445989, -1158.805262667903435, -1260.499999999999773 ) ) ;
#8 = LINE ( 'NONE', #631, #1726 ) ;
#9 = ORIENTED_EDGE ( 'NONE', *, *, #387, .T. ) ;
#10 = CARTESIAN_POINT ( 'NONE',  ( -523.1000000000004775, -1149.805262667903889, -1257.499999999999773 ) ) ;
#11 = CARTESIAN_POINT ( 'NONE',  ( 638.8674066218874259, -1153.805262667903662, -1257.499999999999545 ) ) ;
#12 = CIRCLE ( 'NONE', #2483, 5.249999999999976907 ) ;
#13 = PERSON_AND_ORGANIZATION ( #2066, #108 ) ;
#14 = ORIENTED_EDGE ( 'NONE', *, *, #2580, .T. ) ;
#15 = FACE_OUTER_BOUND ( 'NONE', #200, .T. ) ;
#16 = VERTEX_POINT ( 'NONE', #1682 ) ;
#17 = EDGE_CURVE ( 'NONE', #1220, #1556, #1478, .T. ) ;
#18 = AXIS2_PLACEMENT_3D ( 'NONE', #1770, #1799, #741 ) ;
#19 = DIRECTION ( 'NONE',  ( 0.000000000000000000, 1.000000000000000000, 0.000000000000000000 ) ) ;
#20 = EDGE_CURVE ( 'NONE', #998, #45, #870, .T. ) ;
#21 = EDGE_CURVE ( 'NONE', #83, #1603, #12, .T. ) ;
#22 = AXIS2_PLACEMENT_3D ( 'NONE', #1296, #892, #1506 ) ;
#23 = PLANE ( 'NONE',  #1926 ) ;
#24 = DIRECTION ( 'NONE',  ( -0.8660254037844380415, 0.000000000000000000, 0.5000000000000009992 ) ) ;
#25 = LINE ( 'NONE', #2508, #729 ) ;
#26 = ADVANCED_BREP_SHAPE_REPRESENTATION ( 'CV03-TR-10_REV_B_475630b7bbc94f0588e1bd655b29a1fb.tmp', ( #719, #1280 ), #2232 ) ;
#27 = VECTOR ( 'NONE', #1920, 1000.000000000000000 ) ;
#28 = ORIENTED_EDGE ( 'NONE', *, *, #2575, .F. ) ;
#29 = LINE ( 'NONE', #448, #1785 ) ;
#30 = CARTESIAN_POINT ( 'NONE',  ( 670.3329962927230099, -1093.805262667903662, -1211.999999999999545 ) ) ;
#31 = VERTEX_POINT ( 'NONE', #10 ) ;
#32 = FACE_BOUND ( 'NONE', #1264, .T. ) ;
#33 = ORIENTED_EDGE ( 'NONE', *, *, #2377, .T. ) ;
#34 = PLANE ( 'NONE',  #407 ) ;
#35 = CARTESIAN_POINT ( 'NONE',  ( -552.1231010869422562, -1148.805262667896613, -1257.499999999999545 ) ) ;
#36 = CARTESIAN_POINT ( 'NONE',  ( -639.9242104524654451, -1097.648446724520682, -1256.585252371599381 ) ) ;
#37 = DIRECTION ( 'NONE',  ( -0.000000000000000000, 0.000000000000000000, 1.000000000000000000 ) ) ;
#38 = CARTESIAN_POINT ( 'NONE',  ( -672.1631233116455633, -1096.805262667903207, -1218.830127018921985 ) ) ;
#39 = ORIENTED_EDGE ( 'NONE', *, *, #128, .F. ) ;
#40 = AXIS2_PLACEMENT_3D ( 'NONE', #581, #2058, #1801 ) ;
#41 = DIRECTION ( 'NONE',  ( 0.000000000000000000, 1.000000000000000000, 0.000000000000000000 ) ) ;
#42 = CYLINDRICAL_SURFACE ( 'NONE', #1915, 5.249999999999976907 ) ;
#43 = ORIENTED_EDGE ( 'NONE', *, *, #2463, .F. ) ;
#44 = CARTESIAN_POINT ( 'NONE',  ( -540.0000000000002274, -1096.805262667903435, -1219.999999999999545 ) ) ;
#45 = VERTEX_POINT ( 'NONE', #1670 ) ;
#46 = DIRECTION ( 'NONE',  ( -0.000000000000000000, 0.000000000000000000, 1.000000000000000000 ) ) ;
#47 = FACE_OUTER_BOUND ( 'NONE', #2456, .T. ) ;
#48 = LINE ( 'NONE', #864, #2247 ) ;
#49 = DIRECTION ( 'NONE',  ( 1.000000000000000000, -0.000000000000000000, 0.000000000000000000 ) ) ;
#50 = LINE ( 'NONE', #2524, #1102 ) ;
#51 = EDGE_LOOP ( 'NONE', ( #513, #717, #1449, #922 ) ) ;
#52 = ORIENTED_EDGE ( 'NONE', *, *, #1464, .F. ) ;
#53 = ADVANCED_FACE ( 'NONE', ( #1289 ), #2540, .F. ) ;
#54 = ADVANCED_FACE ( 'NONE', ( #2500 ), #437, .F. ) ;
#55 = ADVANCED_FACE ( 'NONE', ( #1512 ), #1245, .T. ) ;
#56 = EDGE_LOOP ( 'NONE', ( #2339, #2212, #2322, #352 ) ) ;
#57 = CARTESIAN_POINT ( 'NONE',  ( -546.8731010869423699, -1114.805262667903662, -1257.499999999999545 ) ) ;
#58 = ORIENTED_EDGE ( 'NONE', *, *, #2430, .F. ) ;
#59 = VECTOR ( 'NONE', #2676, 1000.000000000000000 ) ;
#60 = CARTESIAN_POINT ( 'NONE',  ( -643.8674066218874259, -1153.805262667903662, -1260.499999999999773 ) ) ;
#61 = CARTESIAN_POINT ( 'NONE',  ( 639.9993112021601291, -1097.586963650457392, -1256.519705070783857 ) ) ;
#62 = CARTESIAN_POINT ( 'NONE',  ( -640.0677198634493834, -1097.531007368959536, -1256.459817531835597 ) ) ;
#63 = DIRECTION ( 'NONE',  ( 0.000000000000000000, 0.000000000000000000, 1.000000000000000000 ) ) ;
#64 = VECTOR ( 'NONE', #625, 1000.000000000000114 ) ;
#65 = CARTESIAN_POINT ( 'NONE',  ( 638.8674066218876533, -1093.805262667903662, -1260.499999999999773 ) ) ;
#66 = ORIENTED_EDGE ( 'NONE', *, *, #2624, .T. ) ;
#67 = VECTOR ( 'NONE', #1970, 1000.000000000000114 ) ;
#68 = ORIENTED_EDGE ( 'NONE', *, *, #1745, .F. ) ;
#69 = AXIS2_PLACEMENT_3D ( 'NONE', #2438, #602, #552 ) ;
#70 = ORIENTED_EDGE ( 'NONE', *, *, #1943, .F. ) ;
#71 = EDGE_CURVE ( 'NONE', #1123, #658, #29, .T. ) ;
#72 = CARTESIAN_POINT ( 'NONE',  ( 668.3329962927228962, -1096.805262667903207, -1216.464101615137224 ) ) ;
#73 = ORIENTED_EDGE ( 'NONE', *, *, #1330, .T. ) ;
#74 = CARTESIAN_POINT ( 'NONE',  ( -639.9708822066598941, -1095.414041497376274, -1258.588664798574428 ) ) ;
#75 = CARTESIAN_POINT ( 'NONE',  ( 638.9144382597654612, -1099.363785180199329, -1257.499999999999545 ) ) ;
#76 = CYLINDRICAL_SURFACE ( 'NONE', #1789, 5.249999999999976907 ) ;
#77 = DIRECTION ( 'NONE',  ( -0.000000000000000000, 0.000000000000000000, 1.000000000000000000 ) ) ;
#78 = DIRECTION ( 'NONE',  ( 0.000000000000000000, 1.000000000000000000, -0.000000000000000000 ) ) ;
#79 = VERTEX_POINT ( 'NONE', #2105 ) ;
#80 = LINE ( 'NONE', #2604, #1400 ) ;
#81 = VERTEX_POINT ( 'NONE', #2119 ) ;
#82 = DIRECTION ( 'NONE',  ( 0.000000000000000000, -1.000000000000000000, 0.000000000000000000 ) ) ;
#83 = VERTEX_POINT ( 'NONE', #244 ) ;
#84 = CC_DESIGN_DATE_AND_TIME_ASSIGNMENT ( #2294, #2528, ( #762 ) ) ;
#85 = CARTESIAN_POINT ( 'NONE',  ( -668.3329962927228962, -1096.805262667903207, -1215.464101615137224 ) ) ;
#86 = ADVANCED_FACE ( 'NONE', ( #1071 ), #1897, .T. ) ;
#87 = ADVANCED_FACE ( 'NONE', ( #1493 ), #542, .T. ) ;
#88 = CARTESIAN_POINT ( 'NONE',  ( 1090.972523324353915, -1166.805262667903662, -1260.499999999999773 ) ) ;
#89 = CARTESIAN_POINT ( 'NONE',  ( 668.3329962927228962, -1096.805262667903207, -1215.464101615137224 ) ) ;
#90 = FACE_OUTER_BOUND ( 'NONE', #2121, .T. ) ;
#91 = CARTESIAN_POINT ( 'NONE',  ( 523.1000000000004775, -1093.805262667903662, -1257.499999999999773 ) ) ;
#92 = ORIENTED_EDGE ( 'NONE', *, *, #128, .T. ) ;
#93 = DIRECTION ( 'NONE',  ( 0.000000000000000000, 1.000000000000000000, -0.000000000000000000 ) ) ;
#94 = EDGE_LOOP ( 'NONE', ( #341, #381 ) ) ;
#95 = LINE ( 'NONE', #1526, #1715 ) ;
#96 = ORIENTED_EDGE ( 'NONE', *, *, #1808, .F. ) ;
#97 = AXIS2_PLACEMENT_3D ( 'NONE', #228, #2304, #1878 ) ;
#98 = CARTESIAN_POINT ( 'NONE',  ( -609.1338677586223866, -1166.805262667903662, -1251.999999999999545 ) ) ;
#99 = DIRECTION ( 'NONE',  ( 1.000000000000000000, 0.000000000000000000, 0.000000000000000000 ) ) ;
#100 = EDGE_CURVE ( 'NONE', #2605, #1070, #1151, .T. ) ;
#101 = CARTESIAN_POINT ( 'NONE',  ( 644.8674066218874259, -1153.805262667903662, -1257.499999999999545 ) ) ;
#102 = EDGE_CURVE ( 'NONE', #145, #16, #1369, .T. ) ;
#103 = AXIS2_PLACEMENT_3D ( 'NONE', #2611, #2384, #1143 ) ;
#104 = PLANE ( 'NONE',  #18 ) ;
#105 = EDGE_LOOP ( 'NONE', ( #2297, #1477, #1409, #2387, #951, #205, #1057, #1658, #1125, #2525, #2009, #1985, #1371, #2547, #2248, #720 ) ) ;
#106 = DIRECTION ( 'NONE',  ( -0.000000000000000000, 0.000000000000000000, 1.000000000000000000 ) ) ;
#107 = AXIS2_PLACEMENT_3D ( 'NONE', #1089, #1918, #1719 ) ;
#108 = ORGANIZATION ( 'UNSPECIFIED', 'UNSPECIFIED', '' ) ;
#109 = VERTEX_POINT ( 'NONE', #2199 ) ;
#110 = DIRECTION ( 'NONE',  ( 0.000000000000000000, -1.000000000000000000, 0.000000000000000000 ) ) ;
#111 = ORIENTED_EDGE ( 'NONE', *, *, #1992, .F. ) ;
#112 = DIRECTION ( 'NONE',  ( 0.000000000000000000, 1.000000000000000000, -0.000000000000000000 ) ) ;
#113 = LINE ( 'NONE', #2600, #886 ) ;
#114 = CARTESIAN_POINT ( 'NONE',  ( 519.9000000000004320, -1113.805262667903662, -1257.499999999999773 ) ) ;
#115 = DIRECTION ( 'NONE',  ( -0.000000000000000000, 0.000000000000000000, 1.000000000000000000 ) ) ;
#116 = ORIENTED_EDGE ( 'NONE', *, *, #1634, .F. ) ;
#117 = FACE_BOUND ( 'NONE', #2481, .T. ) ;
#118 = EDGE_LOOP ( 'NONE', ( #970, #2680, #2529, #1606 ) ) ;
#119 = AXIS2_PLACEMENT_3D ( 'NONE', #2181, #2551, #63 ) ;
#120 = LINE ( 'NONE', #1575, #2539 ) ;
#121 = EDGE_LOOP ( 'NONE', ( #2352, #92, #1964, #1235 ) ) ;
#122 = CARTESIAN_POINT ( 'NONE',  ( 668.3329962927228962, -1093.805262667903435, -1216.464101615137224 ) ) ;
#123 = DIRECTION ( 'NONE',  ( 1.000000000000000000, 0.000000000000000000, 0.000000000000000000 ) ) ;
#124 = CARTESIAN_POINT ( 'NONE',  ( -608.4639947775447126, -1163.805262667903662, -1260.499999999999773 ) ) ;
#125 = FACE_OUTER_BOUND ( 'NONE', #938, .T. ) ;
#126 = EDGE_LOOP ( 'NONE', ( #1174, #2514, #1912, #617 ) ) ;
#127 = CARTESIAN_POINT ( 'NONE',  ( 519.9000000000004320, -1149.805262667903889, -1257.499999999999773 ) ) ;
#128 = EDGE_CURVE ( 'NONE', #439, #351, #2361, .T. ) ;
#129 = ORIENTED_EDGE ( 'NONE', *, *, #215, .F. ) ;
#130 = EDGE_CURVE ( 'NONE', #45, #2579, #1954, .T. ) ;
#131 = DIRECTION ( 'NONE',  ( 0.000000000000000000, 0.000000000000000000, 1.000000000000000000 ) ) ;
#132 = EDGE_CURVE ( 'NONE', #638, #2605, #1562, .T. ) ;
#133 = FACE_OUTER_BOUND ( 'NONE', #1173, .T. ) ;
#134 = ORIENTED_EDGE ( 'NONE', *, *, #100, .F. ) ;
#135 = DIRECTION ( 'NONE',  ( -0.000000000000000000, 0.000000000000000000, 1.000000000000000000 ) ) ;
#136 = CYLINDRICAL_SURFACE ( 'NONE', #2401, 5.000000000000004441 ) ;
#137 = CARTESIAN_POINT ( 'NONE',  ( 674.6631233116455633, -1096.805262667903207, -1214.499999999999773 ) ) ;
#138 = AXIS2_PLACEMENT_3D ( 'NONE', #1784, #1965, #704 ) ;
#139 = CARTESIAN_POINT ( 'NONE',  ( -667.8329962927230099, -1096.805262667903207, -1216.330127018921758 ) ) ;
#140 = ORIENTED_EDGE ( 'NONE', *, *, #1745, .T. ) ;
#141 = LINE ( 'NONE', #1171, #2164 ) ;
#142 = AXIS2_PLACEMENT_3D ( 'NONE', #1157, #1781, #752 ) ;
#143 = EDGE_LOOP ( 'NONE', ( #1818, #837, #2324, #1504 ) ) ;
#144 = CIRCLE ( 'NONE', #710, 1.000000000000000888 ) ;
#145 = VERTEX_POINT ( 'NONE', #2564 ) ;
#146 = CARTESIAN_POINT ( 'NONE',  ( -639.9383115423944446, -1095.467724375333546, -1258.645682239847929 ) ) ;
#147 = AXIS2_PLACEMENT_3D ( 'NONE', #562, #524, #536 ) ;
#148 = CARTESIAN_POINT ( 'NONE',  ( 546.8731010869423699, -1114.805262667903662, -1257.499999999999545 ) ) ;
#149 = ORIENTED_EDGE ( 'NONE', *, *, #2008, .T. ) ;
#150 = VECTOR ( 'NONE', #2079, 1000.000000000000000 ) ;
#151 = LINE ( 'NONE', #1856, #543 ) ;
#152 = AXIS2_PLACEMENT_3D ( 'NONE', #1146, #908, #943 ) ;
#153 = CARTESIAN_POINT ( 'NONE',  ( -519.9000000000004320, -1113.805262667903662, -1260.499999999999773 ) ) ;
#154 = DIRECTION ( 'NONE',  ( 0.000000000000000000, -1.000000000000000000, 0.000000000000000000 ) ) ;
#155 = ORIENTED_EDGE ( 'NONE', *, *, #2222, .T. ) ;
#156 = DIRECTION ( 'NONE',  ( 0.000000000000000000, -1.000000000000000000, 0.000000000000000000 ) ) ;
#157 = EDGE_LOOP ( 'NONE', ( #283, #974, #2381, #1394 ) ) ;
#158 = EDGE_LOOP ( 'NONE', ( #2283, #190, #33, #1824 ) ) ;
#159 = CARTESIAN_POINT ( 'NONE',  ( -641.0465189349597495, -1094.233985431040310, -1256.758602092324736 ) ) ;
#160 = DIRECTION ( 'NONE',  ( -0.000000000000000000, 0.000000000000000000, 1.000000000000000000 ) ) ;
#161 = EDGE_LOOP ( 'NONE', ( #1170, #597 ) ) ;
#162 = CIRCLE ( 'NONE', #119, 6.000000000000005329 ) ;
#163 = B_SPLINE_CURVE_WITH_KNOTS ( 'NONE', 3,
 ( #846, #639, #1688, #684, #2570, #2005, #342, #1994, #905, #2403, #146, #2419, #264, #745, #1309, #74, #2548, #761, #2558, #1729, #960, #975, #1804, #472, #1934 ),
 .UNSPECIFIED., .F., .F.,
 ( 4, 2, 2, 2, 1, 1, 1, 1, 1, 2, 2, 2, 2, 2, 4 ),
 ( 0.000000000000000000, 0.2499999999959099384, 0.3749999999938456452, 0.4374999999928589345, 0.4687499999923256389, 0.4843749999920884952, 0.4921874999919699234, 0.4960937499919329530, 0.4980468749919144678, 0.4990234374919051974, 0.4999999999918959270, 0.6249999999939219730, 0.7499999999959480190, 0.8749999999979740650, 1.000000000000000000 ),
 .UNSPECIFIED. ) ;
#164 = DIRECTION ( 'NONE',  ( 0.000000000000000000, -1.000000000000000000, 0.000000000000000000 ) ) ;
#165 = ADVANCED_FACE ( 'NONE', ( #1762 ), #505, .F. ) ;
#166 = DIRECTION ( 'NONE',  ( -0.000000000000000000, 0.000000000000000000, 1.000000000000000000 ) ) ;
#167 = ADVANCED_FACE ( 'NONE', ( #946, #1160, #2593, #2388, #728, #340, #1113, #117, #2160 ), #310, .T. ) ;
#168 = EDGE_CURVE ( 'NONE', #316, #2198, #529, .T. ) ;
#169 = CARTESIAN_POINT ( 'NONE',  ( 640.1127210840257931, -1097.502116860341403, -1256.422680685386922 ) ) ;
#170 = CARTESIAN_POINT ( 'NONE',  ( -519.9000000000004320, -1093.805262667903662, -1260.499999999999773 ) ) ;
#171 = VERTEX_POINT ( 'NONE', #2351 ) ;
#172 = CARTESIAN_POINT ( 'NONE',  ( 638.9143756571774020, -1098.923482970862096, -1260.499999999999773 ) ) ;
#173 = EDGE_LOOP ( 'NONE', ( #812, #324, #1971, #1676 ) ) ;
#174 = ORIENTED_EDGE ( 'NONE', *, *, #1499, .T. ) ;
#175 = CARTESIAN_POINT ( 'NONE',  ( -639.0516884048598740, -1098.918436970781841, -1257.395202671479410 ) ) ;
#176 = CARTESIAN_POINT ( 'NONE',  ( -523.1000000000003638, -1093.805262667903662, -1257.499999999999773 ) ) ;
#177 = ORIENTED_EDGE ( 'NONE', *, *, #468, .F. ) ;
#178 = DIRECTION ( 'NONE',  ( -0.000000000000000000, 0.000000000000000000, 1.000000000000000000 ) ) ;
#179 = LINE ( 'NONE', #2451, #1932 ) ;
#180 = CARTESIAN_POINT ( 'NONE',  ( 639.3986631695358938, -1098.191399650998619, -1257.062105173628197 ) ) ;
#181 = EDGE_CURVE ( 'NONE', #2159, #493, #691, .T. ) ;
#182 = CARTESIAN_POINT ( 'NONE',  ( 669.1990216965073159, -1093.805262667903662, -1215.964101615137224 ) ) ;
#183 = ADVANCED_FACE ( 'NONE', ( #1772 ), #957, .T. ) ;
#184 = CARTESIAN_POINT ( 'NONE',  ( 640.2069790383942518, -1095.068618837399981, -1258.185527273617708 ) ) ;
#185 = AXIS2_PLACEMENT_3D ( 'NONE', #832, #611, #2314 ) ;
#186 = VERTEX_POINT ( 'NONE', #718 ) ;
#187 = CARTESIAN_POINT ( 'NONE',  ( -639.4350799628253981, -1096.568898347064760, -1259.567203449156068 ) ) ;
#188 = VECTOR ( 'NONE', #966, 1000.000000000000000 ) ;
#189 = DIRECTION ( 'NONE',  ( 0.000000000000000000, 1.000000000000000000, 0.000000000000000000 ) ) ;
#190 = ORIENTED_EDGE ( 'NONE', *, *, #1380, .T. ) ;
#191 = CARTESIAN_POINT ( 'NONE',  ( 519.9000000000004320, -1149.805262667903889, -1260.499999999999773 ) ) ;
#192 = AXIS2_PLACEMENT_3D ( 'NONE', #736, #939, #1345 ) ;
#193 = CARTESIAN_POINT ( 'NONE',  ( 1216.949570326560661, -1163.805262667903662, -1254.499999999999773 ) ) ;
#194 = CC_DESIGN_APPROVAL ( #199, ( #762 ) ) ;
#195 = AXIS2_PLACEMENT_3D ( 'NONE', #137, #564, #1377 ) ;
#196 = CARTESIAN_POINT ( 'NONE',  ( 638.9144382597654612, -1099.363785180199329, -1257.499999999999545 ) ) ;
#197 = LINE ( 'NONE', #810, #1370 ) ;
#198 = CARTESIAN_POINT ( 'NONE',  ( 642.0405440171596183, -1093.805262667903435, -1255.006886144664804 ) ) ;
#199 = APPROVAL ( #2280, 'UNSPECIFIED' ) ;
#200 = EDGE_LOOP ( 'NONE', ( #727, #1231, #2208, #1084 ) ) ;
#201 = ORIENTED_EDGE ( 'NONE', *, *, #2291, .T. ) ;
#202 = EDGE_CURVE ( 'NONE', #1165, #1620, #2186, .T. ) ;
#203 = PLANE ( 'NONE',  #2172 ) ;
#204 = CARTESIAN_POINT ( 'NONE',  ( -519.9000000000004320, -1113.805262667903662, -1257.499999999999773 ) ) ;
#205 = ORIENTED_EDGE ( 'NONE', *, *, #1260, .F. ) ;
#206 = DIRECTION ( 'NONE',  ( 0.000000000000000000, 0.000000000000000000, -1.000000000000000000 ) ) ;
#207 = CYLINDRICAL_SURFACE ( 'NONE', #185, 1.000000000000000888 ) ;
#208 = DIRECTION ( 'NONE',  ( -0.000000000000000000, 0.000000000000000000, 1.000000000000000000 ) ) ;
#209 = AXIS2_PLACEMENT_3D ( 'NONE', #2535, #1475, #673 ) ;
#210 = DIRECTION ( 'NONE',  ( -0.000000000000000000, 0.000000000000000000, 1.000000000000000000 ) ) ;
#211 = PLANE ( 'NONE',  #209 ) ;
#212 = ORIENTED_EDGE ( 'NONE', *, *, #646, .F. ) ;
#213 = DIRECTION ( 'NONE',  ( 1.000000000000000000, 0.000000000000000000, 0.000000000000000000 ) ) ;
#214 = CARTESIAN_POINT ( 'NONE',  ( -640.0677198634493834, -1095.256752070015409, -1258.419635063671421 ) ) ;
#215 = EDGE_CURVE ( 'NONE', #382, #1561, #2144, .T. ) ;
#216 = CALENDAR_DATE ( 2026, 11, 7 ) ;
#217 = EDGE_CURVE ( 'NONE', #1101, #1896, #80, .T. ) ;
#218 = ORIENTED_EDGE ( 'NONE', *, *, #2578, .F. ) ;
#219 = EDGE_CURVE ( 'NONE', #1723, #2647, #230, .T. ) ;
#220 = FACE_BOUND ( 'NONE', #904, .T. ) ;
#221 = ORIENTED_EDGE ( 'NONE', *, *, #2575, .T. ) ;
#222 = CARTESIAN_POINT ( 'NONE',  ( -644.8674066218874259, -1157.805262667903662, -1257.499999999999545 ) ) ;
#223 = CARTESIAN_POINT ( 'NONE',  ( 639.9758468823307567, -1095.405999169410734, -1258.580014232591793 ) ) ;
#224 = CARTESIAN_POINT ( 'NONE',  ( 613.4639947775447126, -1166.805262667903662, -1254.500000000000000 ) ) ;
#225 = CARTESIAN_POINT ( 'NONE',  ( -523.1000000000004775, -1107.805262667903889, -1257.499999999999773 ) ) ;
#226 = VECTOR ( 'NONE', #438, 1000.000000000000000 ) ;
#227 = ORIENTED_EDGE ( 'NONE', *, *, #181, .T. ) ;
#228 = CARTESIAN_POINT ( 'NONE',  ( 1090.972523324353915, -1166.805262667903662, -1210.499999999999773 ) ) ;
#229 = CARTESIAN_POINT ( 'NONE',  ( 1090.972523324353915, -1158.805262667903435, -1257.499999999999773 ) ) ;
#230 = CIRCLE ( 'NONE', #795, 5.249999999999976907 ) ;
#231 = PERSON_AND_ORGANIZATION_ROLE ( 'design_supplier' ) ;
#232 = ORIENTED_EDGE ( 'NONE', *, *, #215, .T. ) ;
#233 = VECTOR ( 'NONE', #1938, 1000.000000000000000 ) ;
#234 = CARTESIAN_POINT ( 'NONE',  ( 1090.972523324353915, -1166.805262667903662, -1254.499999999999773 ) ) ;
#235 = VERTEX_POINT ( 'NONE', #1410 ) ;
#236 = VECTOR ( 'NONE', #2572, 1000.000000000000000 ) ;
#237 = DIRECTION ( 'NONE',  ( 0.000000000000000000, 1.000000000000000000, 0.000000000000000000 ) ) ;
#238 = VECTOR ( 'NONE', #330, 1000.000000000000000 ) ;
#239 = CARTESIAN_POINT ( 'NONE',  ( -523.1000000000005912, -1113.805262667903662, -1257.499999999999773 ) ) ;
#240 = DIRECTION ( 'NONE',  ( 0.000000000000000000, 0.000000000000000000, -1.000000000000000000 ) ) ;
#241 = CARTESIAN_POINT ( 'NONE',  ( -552.1231010869422562, -1114.805262667903662, -1260.499999999999545 ) ) ;
#242 = DIRECTION ( 'NONE',  ( 0.000000000000000000, -1.000000000000000000, 0.000000000000000000 ) ) ;
#243 = EDGE_LOOP ( 'NONE', ( #479, #2130, #510, #1565 ) ) ;
#244 = CARTESIAN_POINT ( 'NONE',  ( 546.8731010869423699, -1148.805262667896613, -1257.499999999999545 ) ) ;
#245 = DIRECTION ( 'NONE',  ( 0.000000000000000000, -1.000000000000000000, 0.000000000000000000 ) ) ;
#246 = ORIENTED_EDGE ( 'NONE', *, *, #2094, .F. ) ;
#247 = DIRECTION ( 'NONE',  ( -0.000000000000000000, 0.000000000000000000, 1.000000000000000000 ) ) ;
#248 = ORIENTED_EDGE ( 'NONE', *, *, #1147, .F. ) ;
#249 = DIRECTION ( 'NONE',  ( -1.000000000000000000, 0.000000000000000000, -0.000000000000000000 ) ) ;
#250 = DESIGN_CONTEXT ( 'detailed design', #1899, 'design' ) ;
#251 = DIRECTION ( 'NONE',  ( -0.000000000000000000, 0.000000000000000000, 1.000000000000000000 ) ) ;
#252 = EDGE_CURVE ( 'NONE', #296, #1127, #2311, .T. ) ;
#253 = CARTESIAN_POINT ( 'NONE',  ( -640.1889491662184355, -1097.445160487568955, -1256.358145605908476 ) ) ;
#254 = EDGE_CURVE ( 'NONE', #1123, #1317, #1487, .T. ) ;
#255 = LINE ( 'NONE', #1907, #1120 ) ;
#256 = EDGE_CURVE ( 'NONE', #1086, #1787, #141, .T. ) ;
#257 = CIRCLE ( 'NONE', #773, 5.249999999999976907 ) ;
#258 = CARTESIAN_POINT ( 'NONE',  ( -638.8674066218875396, -1099.805262667903662, -1260.499999999999773 ) ) ;
#259 = ORIENTED_EDGE ( 'NONE', *, *, #900, .T. ) ;
#260 = EDGE_LOOP ( 'NONE', ( #1492, #1001 ) ) ;
#261 = ORIENTED_EDGE ( 'NONE', *, *, #288, .T. ) ;
#262 = DIRECTION ( 'NONE',  ( -1.000000000000000000, 0.000000000000000000, -0.000000000000000000 ) ) ;
#263 = ORIENTED_EDGE ( 'NONE', *, *, #457, .T. ) ;
#264 = CARTESIAN_POINT ( 'NONE',  ( -639.9632632876690650, -1095.426465320914531, -1258.601974032710814 ) ) ;
#265 = FACE_OUTER_BOUND ( 'NONE', #1397, .T. ) ;
#266 = CARTESIAN_POINT ( 'NONE',  ( -639.9336111790846644, -1097.640477922585887, -1256.576978203815770 ) ) ;
#267 = CARTESIAN_POINT ( 'NONE',  ( 523.1000000000004775, -1093.805262667903662, -1257.499999999999773 ) ) ;
#268 = DIRECTION ( 'NONE',  ( 0.000000000000000000, -1.000000000000000000, 0.000000000000000000 ) ) ;
#269 = ADVANCED_FACE ( 'NONE', ( #2246 ), #1214, .T. ) ;
#270 = ORIENTED_EDGE ( 'NONE', *, *, #2493, .F. ) ;
#271 = DIRECTION ( 'NONE',  ( 1.000000000000000000, 0.000000000000000000, 0.000000000000000000 ) ) ;
#272 = APPROVAL_DATE_TIME ( #1454, #1243 ) ;
#273 = ORIENTED_EDGE ( 'NONE', *, *, #612, .F. ) ;
#274 = FACE_OUTER_BOUND ( 'NONE', #2634, .T. ) ;
#275 = ORIENTED_EDGE ( 'NONE', *, *, #1731, .T. ) ;
#276 = DIRECTION ( 'NONE',  ( 0.000000000000000000, 0.000000000000000000, -1.000000000000000000 ) ) ;
#277 = CARTESIAN_POINT ( 'NONE',  ( 639.9758468823307567, -1097.605630918656971, -1256.540007116295783 ) ) ;
#278 = CARTESIAN_POINT ( 'NONE',  ( -639.9525472468044427, -1097.624681668969515, -1256.560363862002760 ) ) ;
#279 = CIRCLE ( 'NONE', #1318, 5.249999999547227958 ) ;
#280 = FACE_OUTER_BOUND ( 'NONE', #1341, .T. ) ;
#281 = CIRCLE ( 'NONE', #1013, 5.000000000000115463 ) ;
#282 = CARTESIAN_POINT ( 'NONE',  ( 669.1990216965073159, -1096.805262667903207, -1215.964101615137224 ) ) ;
#283 = ORIENTED_EDGE ( 'NONE', *, *, #2344, .F. ) ;
#284 = AXIS2_PLACEMENT_3D ( 'NONE', #1944, #82, #913 ) ;
#285 = DIRECTION ( 'NONE',  ( -0.000000000000000000, 0.000000000000000000, 1.000000000000000000 ) ) ;
#286 = EDGE_CURVE ( 'NONE', #344, #2004, #756, .T. ) ;
#287 = ORIENTED_EDGE ( 'NONE', *, *, #2495, .T. ) ;
#288 = EDGE_CURVE ( 'NONE', #855, #481, #605, .T. ) ;
#289 = CARTESIAN_POINT ( 'NONE',  ( 638.8674066218876533, -1099.805262667903662, -1260.499999999999773 ) ) ;
#290 = ORIENTED_EDGE ( 'NONE', *, *, #2061, .F. ) ;
#291 = LINE ( 'NONE', #1117, #1436 ) ;
#292 = CYLINDRICAL_SURFACE ( 'NONE', #22, 2.999999999999891642 ) ;
#293 = CARTESIAN_POINT ( 'NONE',  ( 609.1338677586223866, -1166.805262667903662, -1251.999999999999773 ) ) ;
#294 = CARTESIAN_POINT ( 'NONE',  ( 638.8674066218876533, -1099.805262667903662, -1260.499999999999773 ) ) ;
#295 = CARTESIAN_POINT ( 'NONE',  ( -540.0000000000002274, -1096.805262667903435, -1225.249999999546844 ) ) ;
#296 = VERTEX_POINT ( 'NONE', #2669 ) ;
#297 = DIRECTION ( 'NONE',  ( 0.000000000000000000, 0.000000000000000000, -1.000000000000000000 ) ) ;
#298 = VECTOR ( 'NONE', #37, 1000.000000000000000 ) ;
#299 = EDGE_LOOP ( 'NONE', ( #174, #1045 ) ) ;
#300 = ADVANCED_FACE ( 'NONE', ( #2633, #1200, #362 ), #1611, .T. ) ;
#301 = EDGE_CURVE ( 'NONE', #235, #1025, #776, .T. ) ;
#302 = FACE_OUTER_BOUND ( 'NONE', #1848, .T. ) ;
#303 = EDGE_CURVE ( 'NONE', #774, #2442, #1336, .T. ) ;
#304 = ORIENTED_EDGE ( 'NONE', *, *, #256, .F. ) ;
#305 = CARTESIAN_POINT ( 'NONE',  ( -557.3731010869422562, -1114.805262667903662, -1257.499999999999545 ) ) ;
#306 = DIRECTION ( 'NONE',  ( 1.000000000000000000, 0.000000000000000000, 0.000000000000000000 ) ) ;
#307 = CARTESIAN_POINT ( 'NONE',  ( -667.8329962927230099, -1093.805262667903662, -1216.330127018921758 ) ) ;
#308 = CARTESIAN_POINT ( 'NONE',  ( 1090.972523324353915, -1158.805262667903207, -1257.499999999999773 ) ) ;
#309 = VERTEX_POINT ( 'NONE', #1627 ) ;
#310 = PLANE ( 'NONE',  #359 ) ;
#311 = VECTOR ( 'NONE', #607, 1000.000000000000114 ) ;
#312 = ORIENTED_EDGE ( 'NONE', *, *, #2461, .F. ) ;
#313 = B_SPLINE_CURVE_WITH_KNOTS ( 'NONE', 1,
 ( #258, #1534 ),
 .UNSPECIFIED., .F., .F.,
 ( 2, 2 ),
 ( 0.000000000000000000, 1.000000000000000000 ),
 .UNSPECIFIED. ) ;
#314 = VECTOR ( 'NONE', #1467, 1000.000000000000000 ) ;
#315 = DIRECTION ( 'NONE',  ( 1.000000000000000000, 0.000000000000000000, 0.000000000000000000 ) ) ;
#316 = VERTEX_POINT ( 'NONE', #786 ) ;
#317 = B_SPLINE_SURFACE_WITH_KNOTS ( 'NONE', 1, 3, ( 
 ( #598, #2037, #587, #2022, #187, #2645, #2076, #1038, #1015, #2225, #2048, #426, #814, #1605, #2682, #1232, #1644, #572, #1191, #214, #2445, #1425, #1413, #159, #2671, #827, #1398, #775 ),
 ( #2239, #2264, #175, #367, #1002, #1828, #383, #1247, #1863, #1203, #1840, #2659, #2434, #989, #1816, #790, #1617, #802, #1452, #1633, #2471, #1655, #1027, #2458, #2250, #397, #1218, #409 ) ),
 .UNSPECIFIED., .F., .F., .F.,
 ( 2, 2 ),
 ( 4, 2, 2, 2, 2, 2, 2, 2, 2, 2, 2, 2, 2, 4 ),
 ( 0.000000000000000000, 1.000000000000000000 ),
 ( 0.000000000000000000, 0.2500000000000000000, 0.3750000000000000000, 0.4375000000000000000, 0.4687500000000000000, 0.4843750000000000000, 0.4921875000000000000, 0.4960937500000000000, 0.4980468750000000000, 0.5000000000000000000, 0.6250000000000000000, 0.7500000000000000000, 0.8750000000000000000, 1.000000000000000000 ),
 .UNSPECIFIED. ) ;
#318 = VECTOR ( 'NONE', #2399, 1000.000000000000000 ) ;
#319 = DIRECTION ( 'NONE',  ( 0.000000000000000000, -1.000000000000000000, 0.000000000000000000 ) ) ;
#320 = LINE ( 'NONE', #942, #188 ) ;
#321 = CARTESIAN_POINT ( 'NONE',  ( 1090.972523324353915, -1113.805262667903662, -1260.499999999999773 ) ) ;
#322 = VECTOR ( 'NONE', #99, 1000.000000000000000 ) ;
#323 = FACE_OUTER_BOUND ( 'NONE', #2191, .T. ) ;
#324 = ORIENTED_EDGE ( 'NONE', *, *, #2091, .T. ) ;
#325 = DIRECTION ( 'NONE',  ( -0.000000000000000000, 0.000000000000000000, 1.000000000000000000 ) ) ;
#326 = AXIS2_PLACEMENT_3D ( 'NONE', #35, #251, #2125 ) ;
#327 = AXIS2_PLACEMENT_3D ( 'NONE', #693, #429, #262 ) ;
#328 = EDGE_LOOP ( 'NONE', ( #331, #1812, #366, #985 ) ) ;
#329 = VECTOR ( 'NONE', #688, 1000.000000000000000 ) ;
#330 = DIRECTION ( 'NONE',  ( -0.000000000000000000, 1.000000000000000000, 7.401486830834096312E-14 ) ) ;
#331 = ORIENTED_EDGE ( 'NONE', *, *, #1979, .F. ) ;
#332 = DIRECTION ( 'NONE',  ( 0.000000000000000000, -1.000000000000000000, 0.000000000000000000 ) ) ;
#333 = DIRECTION ( 'NONE',  ( 1.000000000000000000, 0.000000000000000000, 0.000000000000000000 ) ) ;
#334 = DIRECTION ( 'NONE',  ( 1.000000000000000000, 0.000000000000000000, 0.000000000000000000 ) ) ;
#335 = EDGE_CURVE ( 'NONE', #2416, #2376, #2443, .T. ) ;
#336 = DIRECTION ( 'NONE',  ( 1.000000000000000000, 0.000000000000000000, 0.000000000000000000 ) ) ;
#337 = EDGE_CURVE ( 'NONE', #956, #109, #2652, .T. ) ;
#338 = EDGE_LOOP ( 'NONE', ( #1367, #1540, #1933, #545 ) ) ;
#339 = EDGE_CURVE ( 'NONE', #1003, #1306, #520, .T. ) ;
#340 = FACE_BOUND ( 'NONE', #1756, .T. ) ;
#341 = ORIENTED_EDGE ( 'NONE', *, *, #1945, .F. ) ;
#342 = CARTESIAN_POINT ( 'NONE',  ( -639.6842112538253105, -1095.950963427387705, -1259.102159021868374 ) ) ;
#343 = CARTESIAN_POINT ( 'NONE',  ( -552.1231010869422562, -1114.805262667903662, -1257.499999999999545 ) ) ;
#344 = VERTEX_POINT ( 'NONE', #435 ) ;
#345 = DIRECTION ( 'NONE',  ( 0.000000000000000000, 0.000000000000000000, -1.000000000000000000 ) ) ;
#346 = LINE ( 'NONE', #1998, #1404 ) ;
#347 = FACE_OUTER_BOUND ( 'NONE', #2174, .T. ) ;
#348 = CYLINDRICAL_SURFACE ( 'NONE', #2099, 5.249999999999976907 ) ;
#349 = ORIENTED_EDGE ( 'NONE', *, *, #1330, .F. ) ;
#350 = CARTESIAN_POINT ( 'NONE',  ( 639.9749300136935517, -1095.407479848817275, -1258.581606284556074 ) ) ;
#351 = VERTEX_POINT ( 'NONE', #643 ) ;
#352 = ORIENTED_EDGE ( 'NONE', *, *, #1260, .T. ) ;
#353 = CARTESIAN_POINT ( 'NONE',  ( 751.8936857975053272, -1093.805262667903662, -1064.732741877367744 ) ) ;
#354 = CARTESIAN_POINT ( 'NONE',  ( 0.000000000000000000, 0.000000000000000000, 0.000000000000000000 ) ) ;
#355 = VERTEX_POINT ( 'NONE', #1080 ) ;
#356 = DIRECTION ( 'NONE',  ( 0.000000000000000000, 0.000000000000000000, -1.000000000000000000 ) ) ;
#357 = LINE ( 'NONE', #1391, #322 ) ;
#358 = CARTESIAN_POINT ( 'NONE',  ( 644.8674066218873122, -1154.805262667903435, -1257.499999999999318 ) ) ;
#359 = AXIS2_PLACEMENT_3D ( 'NONE', #1991, #519, #921 ) ;
#360 = FACE_OUTER_BOUND ( 'NONE', #873, .T. ) ;
#361 = ORIENTED_EDGE ( 'NONE', *, *, #1211, .F. ) ;
#362 = FACE_OUTER_BOUND ( 'NONE', #105, .T. ) ;
#363 = VECTOR ( 'NONE', #969, 1000.000000000000000 ) ;
#364 = EDGE_LOOP ( 'NONE', ( #2214, #2555, #2312, #557 ) ) ;
#365 = AXIS2_PLACEMENT_3D ( 'NONE', #1167, #2180, #1780 ) ;
#366 = ORIENTED_EDGE ( 'NONE', *, *, #286, .T. ) ;
#367 = CARTESIAN_POINT ( 'NONE',  ( -639.3277449709304392, -1098.359341360282770, -1257.136565218929945 ) ) ;
#368 = CIRCLE ( 'NONE', #757, 5.249999999999976907 ) ;
#369 = EDGE_CURVE ( 'NONE', #1941, #1114, #879, .T. ) ;
#370 = CARTESIAN_POINT ( 'NONE',  ( 670.6990216965074296, -1096.805262667903207, -1213.366025403783851 ) ) ;
#371 = ADVANCED_FACE ( 'NONE', ( #2127 ), #865, .T. ) ;
#372 = VERTEX_POINT ( 'NONE', #1256 ) ;
#373 = VECTOR ( 'NONE', #599, 1000.000000000000000 ) ;
#374 = CARTESIAN_POINT ( 'NONE',  ( -643.8674066218874259, -1157.805262667903662, -1257.499999999999545 ) ) ;
#375 = PLANE ( 'NONE',  #195 ) ;
#376 = CARTESIAN_POINT ( 'NONE',  ( 552.1231010869422562, -1148.805262667896613, -1260.499999999999545 ) ) ;
#377 = CARTESIAN_POINT ( 'NONE',  ( 672.1631233116455633, -1093.805262667903435, -1218.830127018921985 ) ) ;
#378 = ORIENTED_EDGE ( 'NONE', *, *, #21, .T. ) ;
#379 = VECTOR ( 'NONE', #1422, 1000.000000000000114 ) ;
#380 = CARTESIAN_POINT ( 'NONE',  ( 640.6725574348188275, -1094.538047411404705, -1257.397689264300425 ) ) ;
#381 = ORIENTED_EDGE ( 'NONE', *, *, #1418, .F. ) ;
#382 = VERTEX_POINT ( 'NONE', #1708 ) ;
#383 = CARTESIAN_POINT ( 'NONE',  ( -639.6842112538253105, -1097.878113047645911, -1256.801079510934414 ) ) ;
#384 = LINE ( 'NONE', #1178, #891 ) ;
#385 = EDGE_LOOP ( 'NONE', ( #760, #580, #2642, #1761 ) ) ;
#386 = ADVANCED_FACE ( 'NONE', ( #1242 ), #211, .F. ) ;
#387 = EDGE_CURVE ( 'NONE', #2670, #1724, #1300, .T. ) ;
#388 = CARTESIAN_POINT ( 'NONE',  ( -540.0000000000002274, -1096.805262667903435, -1219.999999999999545 ) ) ;
#389 = CIRCLE ( 'NONE', #1204, 0.9999999999998898659 ) ;
#390 = VECTOR ( 'NONE', #596, 1000.000000000000114 ) ;
#391 = CARTESIAN_POINT ( 'NONE',  ( 552.1231010869422562, -1114.805262667903662, -1260.499999999999545 ) ) ;
#392 = CARTESIAN_POINT ( 'NONE',  ( 639.9993112021601291, -1095.368664633011349, -1258.539410141568169 ) ) ;
#393 = CARTESIAN_POINT ( 'NONE',  ( 519.9000000000004320, -1107.805262667903889, -1257.499999999999773 ) ) ;
#394 = DIRECTION ( 'NONE',  ( -1.000000000000000000, 0.000000000000000000, -0.000000000000000000 ) ) ;
#395 = ORIENTED_EDGE ( 'NONE', *, *, #1613, .F. ) ;
#396 = EDGE_LOOP ( 'NONE', ( #561, #96, #920, #742, #395, #1594, #914, #2262, #1591, #2118, #2592, #312, #4, #1854, #940, #1412 ) ) ;
#397 = CARTESIAN_POINT ( 'NONE',  ( -641.7621994001219718, -1096.839039552596205, -1255.001587745098504 ) ) ;
#398 = EDGE_LOOP ( 'NONE', ( #428, #875, #1685, #1386 ) ) ;
#399 = DIRECTION ( 'NONE',  ( 0.000000000000000000, 0.000000000000000000, 1.000000000000000000 ) ) ;
#400 = CARTESIAN_POINT ( 'NONE',  ( -643.8674066218874259, -1158.805262667903435, -1257.499999999999545 ) ) ;
#401 = CARTESIAN_POINT ( 'NONE',  ( 641.2621010417748266, -1096.932139509527815, -1255.440916015136054 ) ) ;
#402 = EDGE_CURVE ( 'NONE', #945, #471, #1050, .T. ) ;
#403 = CARTESIAN_POINT ( 'NONE',  ( -557.3731010869422562, -1148.805262667896613, -1257.499999999999545 ) ) ;
#404 = CARTESIAN_POINT ( 'NONE',  ( 639.6516604487195536, -1095.928971235466179, -1259.142785954654073 ) ) ;
#405 = AXIS2_PLACEMENT_3D ( 'NONE', #2140, #2345, #2156 ) ;
#406 = VERTEX_POINT ( 'NONE', #2100 ) ;
#407 = AXIS2_PLACEMENT_3D ( 'NONE', #1649, #2285, #2476 ) ;
#408 = EDGE_LOOP ( 'NONE', ( #899, #619, #2134, #2350, #1702, #1610 ) ) ;
#409 = CARTESIAN_POINT ( 'NONE',  ( -642.3315082370254459, -1096.805262667903662, -1254.499999999999545 ) ) ;
#410 = CIRCLE ( 'NONE', #2268, 1.000000000000000888 ) ;
#411 = FACE_OUTER_BOUND ( 'NONE', #2024, .T. ) ;
#412 = ORIENTED_EDGE ( 'NONE', *, *, #508, .T. ) ;
#413 = VECTOR ( 'NONE', #1935, 1000.000000000000000 ) ;
#414 = DIRECTION ( 'NONE',  ( 0.000000000000000000, 1.000000000000000000, 0.000000000000000000 ) ) ;
#415 = AXIS2_PLACEMENT_3D ( 'NONE', #1790, #2608, #1373 ) ;
#416 = CARTESIAN_POINT ( 'NONE',  ( 523.1000000000004775, -1093.805262667903662, -1257.499999999999773 ) ) ;
#417 = AXIS2_PLACEMENT_3D ( 'NONE', #2612, #1209, #2414 ) ;
#418 = DIRECTION ( 'NONE',  ( 1.000000000000000000, 0.000000000000000000, 0.000000000000000000 ) ) ;
#419 = DIRECTION ( 'NONE',  ( 1.000000000000000000, 0.000000000000000000, 0.000000000000000000 ) ) ;
#420 = PLANE ( 'NONE',  #987 ) ;
#421 = EDGE_CURVE ( 'NONE', #608, #2277, #2334, .T. ) ;
#422 = EDGE_CURVE ( 'NONE', #79, #1320, #2382, .T. ) ;
#423 = EDGE_CURVE ( 'NONE', #2681, #83, #2479, .T. ) ;
#424 = ORIENTED_EDGE ( 'NONE', *, *, #1297, .T. ) ;
#425 = CARTESIAN_POINT ( 'NONE',  ( 552.1231010869422562, -1148.805262667896613, -1257.499999999999545 ) ) ;
#426 = CARTESIAN_POINT ( 'NONE',  ( -639.9242104524654451, -1095.491630781137474, -1258.670504743199444 ) ) ;
#427 = PERSON_AND_ORGANIZATION ( #2066, #108 ) ;
#428 = ORIENTED_EDGE ( 'NONE', *, *, #533, .F. ) ;
#429 = DIRECTION ( 'NONE',  ( 0.000000000000000000, 1.000000000000000000, 0.000000000000000000 ) ) ;
#430 = VERTEX_POINT ( 'NONE', #2319 ) ;
#431 = DIRECTION ( 'NONE',  ( -1.000000000000000000, 0.000000000000000000, -0.000000000000000000 ) ) ;
#432 = CARTESIAN_POINT ( 'NONE',  ( 640.2069790383941381, -1097.436940752651708, -1256.342763636808741 ) ) ;
#433 = VECTOR ( 'NONE', #1680, 1000.000000000000000 ) ;
#434 = DIRECTION ( 'NONE',  ( 0.000000000000000000, 0.000000000000000000, 1.000000000000000000 ) ) ;
#435 = CARTESIAN_POINT ( 'NONE',  ( -609.1338677586223866, -1169.805262667903662, -1251.999999999999545 ) ) ;
#436 = ORIENTED_EDGE ( 'NONE', *, *, #335, .T. ) ;
#437 = PLANE ( 'NONE',  #1049 ) ;
#438 = DIRECTION ( 'NONE',  ( 1.000000000000000000, 0.000000000000000000, 0.000000000000000000 ) ) ;
#439 = VERTEX_POINT ( 'NONE', #2496 ) ;
#440 = LINE ( 'NONE', #1266, #973 ) ;
#441 = ORIENTED_EDGE ( 'NONE', *, *, #1099, .F. ) ;
#442 = FACE_OUTER_BOUND ( 'NONE', #1673, .T. ) ;
#443 = CARTESIAN_POINT ( 'NONE',  ( 1090.972523324353915, -1158.805262667903435, -1260.499999999999773 ) ) ;
#444 = CARTESIAN_POINT ( 'NONE',  ( -640.6532063764839222, -1097.181778069807706, -1255.967116876364344 ) ) ;
#445 = CARTESIAN_POINT ( 'NONE',  ( -644.8674066218874259, -1157.805262667903662, -1257.499999999999545 ) ) ;
#446 = DIRECTION ( 'NONE',  ( -1.000000000000000000, 0.000000000000000000, 0.000000000000000000 ) ) ;
#447 = VERTEX_POINT ( 'NONE', #463 ) ;
#448 = CARTESIAN_POINT ( 'NONE',  ( 608.4639947775447126, -1163.805262667903662, -1257.499999999999545 ) ) ;
#449 = CARTESIAN_POINT ( 'NONE',  ( -668.3329962927228962, -1093.805262667903435, -1216.464101615137224 ) ) ;
#450 = VECTOR ( 'NONE', #492, 1000.000000000000000 ) ;
#451 = ORIENTED_EDGE ( 'NONE', *, *, #489, .F. ) ;
#452 = CC_DESIGN_DATE_AND_TIME_ASSIGNMENT ( #1073, #1496, ( #2606 ) ) ;
#453 = ADVANCED_FACE ( 'NONE', ( #1447 ), #420, .T. ) ;
#454 = VECTOR ( 'NONE', #446, 1000.000000000000000 ) ;
#455 = EDGE_CURVE ( 'NONE', #439, #2001, #8, .T. ) ;
#456 = DIRECTION ( 'NONE',  ( -0.000000000000000000, 0.000000000000000000, 1.000000000000000000 ) ) ;
#457 = EDGE_CURVE ( 'NONE', #1051, #2469, #1666, .T. ) ;
#458 = ORIENTED_EDGE ( 'NONE', *, *, #2092, .F. ) ;
#459 = LINE ( 'NONE', #2111, #1224 ) ;
#460 = DIRECTION ( 'NONE',  ( 0.000000000000000000, 1.000000000000000000, -0.000000000000000000 ) ) ;
#461 = LINE ( 'NONE', #1285, #1873 ) ;
#462 = EDGE_CURVE ( 'NONE', #1911, #1291, #2084, .T. ) ;
#463 = CARTESIAN_POINT ( 'NONE',  ( -523.1000000000005912, -1155.805262667903889, -1257.499999999999773 ) ) ;
#464 = DIRECTION ( 'NONE',  ( 0.8660254037844380415, 0.000000000000000000, 0.5000000000000009992 ) ) ;
#465 = ORIENTED_EDGE ( 'NONE', *, *, #2128, .T. ) ;
#466 = ORIENTED_EDGE ( 'NONE', *, *, #1263, .F. ) ;
#467 = DATE_AND_TIME ( #1100, #674 ) ;
#468 = EDGE_CURVE ( 'NONE', #638, #31, #25, .T. ) ;
#469 = ORIENTED_EDGE ( 'NONE', *, *, #2653, .F. ) ;
#470 = CARTESIAN_POINT ( 'NONE',  ( 519.9000000000004320, -1113.805262667903662, -1257.499999999999773 ) ) ;
#471 = VERTEX_POINT ( 'NONE', #445 ) ;
#472 = CARTESIAN_POINT ( 'NONE',  ( -642.0342826558290881, -1093.805262667903889, -1255.020333761135362 ) ) ;
#473 = EDGE_CURVE ( 'NONE', #677, #2609, #257, .T. ) ;
#474 = DIRECTION ( 'NONE',  ( -0.000000000000000000, 0.000000000000000000, 1.000000000000000000 ) ) ;
#475 = CARTESIAN_POINT ( 'NONE',  ( -674.6631233116455633, -1093.805262667903435, -1214.499999999999773 ) ) ;
#476 = CARTESIAN_POINT ( 'NONE',  ( -608.4639947775447126, -1163.805262667903662, -1254.499999999999773 ) ) ;
#477 = PLANE ( 'NONE',  #1053 ) ;
#478 = ORIENTED_EDGE ( 'NONE', *, *, #2224, .T. ) ;
#479 = ORIENTED_EDGE ( 'NONE', *, *, #252, .T. ) ;
#480 = SECURITY_CLASSIFICATION_LEVEL ( 'unclassified' ) ;
#481 = VERTEX_POINT ( 'NONE', #2116 ) ;
#482 = CARTESIAN_POINT ( 'NONE',  ( -523.1000000000005912, -1155.805262667903889, -1257.499999999999773 ) ) ;
#483 = ORIENTED_EDGE ( 'NONE', *, *, #2178, .F. ) ;
#484 = FACE_OUTER_BOUND ( 'NONE', #2249, .T. ) ;
#485 = CARTESIAN_POINT ( 'NONE',  ( 552.1231010869422562, -1114.805262667903662, -1257.499999999999545 ) ) ;
#486 = CARTESIAN_POINT ( 'NONE',  ( -639.3277449709304392, -1098.359341360282770, -1257.136565218929945 ) ) ;
#487 = LINE ( 'NONE', #321, #1974 ) ;
#488 = AXIS2_PLACEMENT_3D ( 'NONE', #1372, #2201, #131 ) ;
#489 = EDGE_CURVE ( 'NONE', #2393, #372, #255, .T. ) ;
#490 = CARTESIAN_POINT ( 'NONE',  ( 519.9000000000004320, -1093.805262667903662, -1257.499999999999773 ) ) ;
#491 = ORIENTED_EDGE ( 'NONE', *, *, #1892, .T. ) ;
#492 = DIRECTION ( 'NONE',  ( -0.000000000000000000, 0.000000000000000000, 1.000000000000000000 ) ) ;
#493 = VERTEX_POINT ( 'NONE', #1721 ) ;
#494 = CARTESIAN_POINT ( 'NONE',  ( -519.9000000000004320, -1107.805262667903889, -1257.499999999999773 ) ) ;
#495 = ORIENTED_EDGE ( 'NONE', *, *, #1927, .T. ) ;
#496 = PLANE ( 'NONE',  #2133 ) ;
#497 = CARTESIAN_POINT ( 'NONE',  ( 670.6990216965074296, -1093.805262667903662, -1213.366025403783851 ) ) ;
#498 = CARTESIAN_POINT ( 'NONE',  ( -546.8731010869423699, -1114.805262667903662, -1260.499999999999545 ) ) ;
#499 = CIRCLE ( 'NONE', #2053, 5.000000000000115463 ) ;
#500 = CARTESIAN_POINT ( 'NONE',  ( -670.6990216965074296, -1093.805262667903662, -1213.366025403783851 ) ) ;
#501 = AXIS2_PLACEMENT_3D ( 'NONE', #2639, #779, #1657 ) ;
#502 = DIRECTION ( 'NONE',  ( 0.000000000000000000, 1.000000000000000000, 0.000000000000000000 ) ) ;
#503 = ORIENTED_EDGE ( 'NONE', *, *, #130, .F. ) ;
#504 = AXIS2_PLACEMENT_3D ( 'NONE', #1399, #2228, #2240 ) ;
#505 = PLANE ( 'NONE',  #835 ) ;
#506 = ADVANCED_FACE ( 'NONE', ( #90 ), #2358, .F. ) ;
#507 = EDGE_CURVE ( 'NONE', #1724, #2004, #538, .T. ) ;
#508 = EDGE_CURVE ( 'NONE', #1457, #744, #162, .T. ) ;
#509 = AXIS2_PLACEMENT_3D ( 'NONE', #391, #1005, #334 ) ;
#510 = ORIENTED_EDGE ( 'NONE', *, *, #613, .F. ) ;
#511 = AXIS2_PLACEMENT_3D ( 'NONE', #1034, #2668, #2235 ) ;
#512 = DIRECTION ( 'NONE',  ( -1.000000000000000000, 0.000000000000000000, -0.000000000000000000 ) ) ;
#513 = ORIENTED_EDGE ( 'NONE', *, *, #301, .F. ) ;
#514 = LINE ( 'NONE', #2193, #2101 ) ;
#515 = CARTESIAN_POINT ( 'NONE',  ( 643.8674066218874259, -1157.805262667903662, -1257.499999999999545 ) ) ;
#516 = DIRECTION ( 'NONE',  ( 1.000000000000000000, 0.000000000000000000, 0.000000000000000000 ) ) ;
#517 = CARTESIAN_POINT ( 'NONE',  ( 633.0939039299920523, -1169.805262667903662, -1210.500000000000000 ) ) ;
#518 = ORIENTED_EDGE ( 'NONE', *, *, #252, .F. ) ;
#519 = DIRECTION ( 'NONE',  ( -0.000000000000000000, 0.000000000000000000, 1.000000000000000000 ) ) ;
#520 = CIRCLE ( 'NONE', #1339, 2.999999999999891642 ) ;
#521 = ORIENTED_EDGE ( 'NONE', *, *, #568, .T. ) ;
#522 = DIRECTION ( 'NONE',  ( -0.000000000000000000, 0.000000000000000000, 1.000000000000000000 ) ) ;
#523 = ORIENTED_EDGE ( 'NONE', *, *, #1697, .T. ) ;
#524 = DIRECTION ( 'NONE',  ( 0.8660254037844363761, -0.000000000000000000, 0.5000000000000041078 ) ) ;
#525 = CARTESIAN_POINT ( 'NONE',  ( 725.9129236839734176, -1169.805262667903662, -1049.732741877366834 ) ) ;
#526 = DIRECTION ( 'NONE',  ( 0.8660254037844380415, 0.000000000000000000, 0.5000000000000009992 ) ) ;
#527 = DIRECTION ( 'NONE',  ( -0.000000000000000000, 0.000000000000000000, 1.000000000000000000 ) ) ;
#528 = VERTEX_POINT ( 'NONE', #500 ) ;
#529 = LINE ( 'NONE', #1342, #1619 ) ;
#530 = VERTEX_POINT ( 'NONE', #307 ) ;
#531 = LINE ( 'NONE', #1984, #544 ) ;
#532 = EDGE_LOOP ( 'NONE', ( #2367, #2263, #1257, #2336 ) ) ;
#533 = EDGE_CURVE ( 'NONE', #606, #1543, #1769, .T. ) ;
#534 = EDGE_CURVE ( 'NONE', #2605, #1201, #1312, .T. ) ;
#535 = ADVANCED_FACE ( 'NONE', ( #280 ), #2167, .T. ) ;
#536 = DIRECTION ( 'NONE',  ( 0.5000000000000041078, 0.000000000000000000, -0.8660254037844363761 ) ) ;
#537 = CARTESIAN_POINT ( 'NONE',  ( -546.8731010869423699, -1148.805262667896613, -1257.499999999999545 ) ) ;
#538 = LINE ( 'NONE', #2590, #947 ) ;
#539 = VECTOR ( 'NONE', #2423, 1000.000000000000000 ) ;
#540 = CARTESIAN_POINT ( 'NONE',  ( 552.1231010869422562, -1114.805262667903662, -1257.499999999999545 ) ) ;
#541 = VERTEX_POINT ( 'NONE', #114 ) ;
#542 = PLANE ( 'NONE',  #138 ) ;
#543 = VECTOR ( 'NONE', #1842, 1000.000000000000000 ) ;
#544 = VECTOR ( 'NONE', #1164, 1000.000000000000000 ) ;
#545 = ORIENTED_EDGE ( 'NONE', *, *, #1612, .F. ) ;
#546 = CARTESIAN_POINT ( 'NONE',  ( 669.8329962927230099, -1096.805262667903207, -1212.866025403784079 ) ) ;
#547 = CC_DESIGN_APPROVAL ( #2410, ( #847 ) ) ;
#548 = DIRECTION ( 'NONE',  ( 1.000000000000000000, -0.000000000000000000, 0.000000000000000000 ) ) ;
#549 = ORIENTED_EDGE ( 'NONE', *, *, #1632, .T. ) ;
#550 = FACE_OUTER_BOUND ( 'NONE', #2281, .T. ) ;
#551 = CARTESIAN_POINT ( 'NONE',  ( 638.8674066218876533, -1099.805262667903662, -1257.499999999999545 ) ) ;
#552 = DIRECTION ( 'NONE',  ( 1.000000000000000000, 0.000000000000000000, 0.000000000000000000 ) ) ;
#553 = EDGE_CURVE ( 'NONE', #530, #109, #2157, .T. ) ;
#554 = PLANE ( 'NONE',  #2010 ) ;
#555 = ORIENTED_EDGE ( 'NONE', *, *, #17, .F. ) ;
#556 = DIRECTION ( 'NONE',  ( 0.000000000000000000, 0.000000000000000000, -1.000000000000000000 ) ) ;
#557 = ORIENTED_EDGE ( 'NONE', *, *, #2378, .F. ) ;
#558 = EDGE_LOOP ( 'NONE', ( #1250, #813, #2480, #9 ) ) ;
#559 = CARTESIAN_POINT ( 'NONE',  ( 1090.972523324353915, -1149.805262667903889, -1260.499999999999773 ) ) ;
#560 = DIRECTION ( 'NONE',  ( 0.000000000000000000, 1.000000000000000000, 0.000000000000000000 ) ) ;
#561 = ORIENTED_EDGE ( 'NONE', *, *, #901, .F. ) ;
#562 = CARTESIAN_POINT ( 'NONE',  ( -180.4266620217875925, -1166.805262667903662, -1994.542661907073352 ) ) ;
#563 = FACE_OUTER_BOUND ( 'NONE', #1631, .T. ) ;
#564 = DIRECTION ( 'NONE',  ( 0.5000000000000009992, 0.000000000000000000, 0.8660254037844380415 ) ) ;
#565 = CARTESIAN_POINT ( 'NONE',  ( 640.1127210840257931, -1095.198971052779370, -1258.345361370774071 ) ) ;
#566 = EDGE_LOOP ( 'NONE', ( #1590, #221, #1604, #792 ) ) ;
#567 = CARTESIAN_POINT ( 'NONE',  ( 639.9959833215229992, -1095.373876811286891, -1258.545149206518772 ) ) ;
#568 = EDGE_CURVE ( 'NONE', #854, #1343, #1325, .T. ) ;
#569 = EDGE_CURVE ( 'NONE', #471, #1374, #2152, .T. ) ;
#570 = VERTEX_POINT ( 'NONE', #725 ) ;
#571 = VERTEX_POINT ( 'NONE', #2601 ) ;
#572 = CARTESIAN_POINT ( 'NONE',  ( -639.9668465191639370, -1095.420610420216690, -1258.595712067577551 ) ) ;
#573 =( NAMED_UNIT ( * ) SI_UNIT ( $, .STERADIAN. ) SOLID_ANGLE_UNIT ( ) );
#574 = ORIENTED_EDGE ( 'NONE', *, *, #1463, .T. ) ;
#575 = FACE_OUTER_BOUND ( 'NONE', #126, .T. ) ;
#576 = FACE_OUTER_BOUND ( 'NONE', #2085, .T. ) ;
#577 = VECTOR ( 'NONE', #93, 1000.000000000000000 ) ;
#578 = CARTESIAN_POINT ( 'NONE',  ( 639.9758468823307567, -1097.605630918656971, -1256.540007116295783 ) ) ;
#579 = DIRECTION ( 'NONE',  ( 1.000000000000000000, 0.000000000000000000, 0.000000000000000000 ) ) ;
#580 = ORIENTED_EDGE ( 'NONE', *, *, #1248, .F. ) ;
#581 = CARTESIAN_POINT ( 'NONE',  ( 1090.972523324353915, -1107.805262667903889, -1257.499999999999773 ) ) ;
#582 = CIRCLE ( 'NONE', #926, 5.000000000000004441 ) ;
#583 = ORIENTED_EDGE ( 'NONE', *, *, #2578, .T. ) ;
#584 = VECTOR ( 'NONE', #1581, 1000.000000000000000 ) ;
#585 = ORIENTED_EDGE ( 'NONE', *, *, #423, .T. ) ;
#586 = EDGE_CURVE ( 'NONE', #2442, #1471, #1403, .T. ) ;
#587 = CARTESIAN_POINT ( 'NONE',  ( -639.0516884048598740, -1098.031611273660246, -1260.290405342958820 ) ) ;
#588 = ADVANCED_FACE ( 'NONE', ( #1559 ), #1951, .T. ) ;
#589 = CIRCLE ( 'NONE', #504, 5.249999999999976907 ) ;
#590 = ORIENTED_EDGE ( 'NONE', *, *, #473, .F. ) ;
#591 = DIRECTION ( 'NONE',  ( 0.000000000000000000, -1.000000000000000000, 0.000000000000000000 ) ) ;
#592 = VECTOR ( 'NONE', #1255, 1000.000000000000000 ) ;
#593 = CARTESIAN_POINT ( 'NONE',  ( 608.4639947775447126, -1163.805262667903662, -1257.499999999999545 ) ) ;
#594 = CARTESIAN_POINT ( 'NONE',  ( 519.9000000000004320, -1107.805262667903889, -1260.499999999999773 ) ) ;
#595 = CARTESIAN_POINT ( 'NONE',  ( -519.9000000000004320, -1155.805262667903889, -1260.499999999999773 ) ) ;
#596 = DIRECTION ( 'NONE',  ( -0.5000000000000009992, 0.000000000000000000, 0.8660254037844380415 ) ) ;
#597 = ORIENTED_EDGE ( 'NONE', *, *, #422, .T. ) ;
#598 = CARTESIAN_POINT ( 'NONE',  ( -638.8674066218874259, -1099.805262667903662, -1260.499999999999545 ) ) ;
#599 = DIRECTION ( 'NONE',  ( 0.000000000000000000, -1.000000000000000000, 0.000000000000000000 ) ) ;
#600 = ORIENTED_EDGE ( 'NONE', *, *, #455, .T. ) ;
#601 = CARTESIAN_POINT ( 'NONE',  ( 669.8329962927230099, -1093.805262667903435, -1212.866025403784079 ) ) ;
#602 = DIRECTION ( 'NONE',  ( -0.000000000000000000, 0.000000000000000000, 1.000000000000000000 ) ) ;
#603 = CARTESIAN_POINT ( 'NONE',  ( 639.6516604487197810, -1097.867116951684920, -1256.821392977326923 ) ) ;
#604 = CARTESIAN_POINT ( 'NONE',  ( -552.1231010869422562, -1114.805262667903662, -1260.499999999999545 ) ) ;
#605 = LINE ( 'NONE', #1186, #2424 ) ;
#606 = VERTEX_POINT ( 'NONE', #1350 ) ;
#607 = DIRECTION ( 'NONE',  ( 0.8660254037844380415, 0.000000000000000000, 0.5000000000000009992 ) ) ;
#608 = VERTEX_POINT ( 'NONE', #2396 ) ;
#609 = LINE ( 'NONE', #2040, #64 ) ;
#610 = EDGE_CURVE ( 'NONE', #658, #1306, #2385, .T. ) ;
#611 = DIRECTION ( 'NONE',  ( -0.000000000000000000, 0.000000000000000000, 1.000000000000000000 ) ) ;
#612 = EDGE_CURVE ( 'NONE', #662, #692, #487, .T. ) ;
#613 = EDGE_CURVE ( 'NONE', #1955, #1654, #806, .T. ) ;
#614 = CARTESIAN_POINT ( 'NONE',  ( 639.9813537437303239, -1095.397167025134195, -1258.570467704388875 ) ) ;
#615 = DIRECTION ( 'NONE',  ( -0.000000000000000000, 1.000000000000000000, -0.000000000000000000 ) ) ;
#616 = DIRECTION ( 'NONE',  ( 0.000000000000000000, 0.000000000000000000, 1.000000000000000000 ) ) ;
#617 = ORIENTED_EDGE ( 'NONE', *, *, #569, .F. ) ;
#618 = AXIS2_PLACEMENT_3D ( 'NONE', #1182, #46, #2532 ) ;
#619 = ORIENTED_EDGE ( 'NONE', *, *, #507, .F. ) ;
#620 = CARTESIAN_POINT ( 'NONE',  ( -519.9000000000004320, -1093.805262667903662, -1257.499999999999773 ) ) ;
#621 = AXIS2_PLACEMENT_3D ( 'NONE', #1298, #2126, #2317 ) ;
#622 = PERSON_AND_ORGANIZATION_ROLE ( 'creator' ) ;
#623 = ORIENTED_EDGE ( 'NONE', *, *, #903, .F. ) ;
#624 = VECTOR ( 'NONE', #2069, 1000.000000000000000 ) ;
#625 = DIRECTION ( 'NONE',  ( -0.5000000000000014433, 0.000000000000000000, 0.8660254037844378194 ) ) ;
#626 = VECTOR ( 'NONE', #2329, 1000.000000000000000 ) ;
#627 = ORIENTED_EDGE ( 'NONE', *, *, #1265, .F. ) ;
#628 = CARTESIAN_POINT ( 'NONE',  ( -643.8674066218874259, -1154.805262667903435, -1257.499999999999545 ) ) ;
#629 = CYLINDRICAL_SURFACE ( 'NONE', #1406, 5.249999999999976907 ) ;
#630 = DIRECTION ( 'NONE',  ( -0.000000000000000000, 1.000000000000000000, -0.000000000000000000 ) ) ;
#631 = CARTESIAN_POINT ( 'NONE',  ( 523.1000000000004775, -1149.805262667903889, -1257.499999999999773 ) ) ;
#632 = ORIENTED_EDGE ( 'NONE', *, *, #219, .F. ) ;
#633 = ORIENTED_EDGE ( 'NONE', *, *, #1462, .F. ) ;
#634 = CARTESIAN_POINT ( 'NONE',  ( 608.4639947775447126, -1163.805262667903662, -1260.499999999999773 ) ) ;
#635 = PERSON_AND_ORGANIZATION ( #2066, #108 ) ;
#636 = ORIENTED_EDGE ( 'NONE', *, *, #1299, .F. ) ;
#637 = FACE_BOUND ( 'NONE', #161, .T. ) ;
#638 = VERTEX_POINT ( 'NONE', #2561 ) ;
#639 = CARTESIAN_POINT ( 'NONE',  ( -638.9289152402977834, -1098.893494176226568, -1260.499999999999318 ) ) ;
#640 = CARTESIAN_POINT ( 'NONE',  ( 644.8674066218874259, -1157.805262667903662, -1257.499999999999545 ) ) ;
#641 = VECTOR ( 'NONE', #1068, 1000.000000000000000 ) ;
#642 = CARTESIAN_POINT ( 'NONE',  ( -638.8674066218875396, -1099.805262667903662, -1257.499999999999773 ) ) ;
#643 = CARTESIAN_POINT ( 'NONE',  ( 523.1000000000004775, -1155.805262667903889, -1260.499999999999773 ) ) ;
#644 = ORIENTED_EDGE ( 'NONE', *, *, #1098, .T. ) ;
#645 = ORIENTED_EDGE ( 'NONE', *, *, #1429, .T. ) ;
#646 = EDGE_CURVE ( 'NONE', #1620, #2637, #1121, .T. ) ;
#647 = CARTESIAN_POINT ( 'NONE',  ( -540.0000000000002274, -1096.805262667903435, -1225.249999999546844 ) ) ;
#648 = ADVANCED_FACE ( 'NONE', ( #2574 ), #714, .F. ) ;
#649 = ADVANCED_FACE ( 'NONE', ( #2630 ), #2029, .F. ) ;
#650 = ORIENTED_EDGE ( 'NONE', *, *, #1177, .T. ) ;
#651 = FACE_BOUND ( 'NONE', #1354, .T. ) ;
#652 = EDGE_LOOP ( 'NONE', ( #111, #2360, #1766, #2517 ) ) ;
#653 = DIRECTION ( 'NONE',  ( 1.000000000000000000, 0.000000000000000000, 0.000000000000000000 ) ) ;
#654 = CARTESIAN_POINT ( 'NONE',  ( 639.9862072106564028, -1097.597338769949147, -1256.531030917814860 ) ) ;
#655 = DIRECTION ( 'NONE',  ( 1.000000000000000000, 0.000000000000000000, 0.000000000000000000 ) ) ;
#656 = DIRECTION ( 'NONE',  ( -0.000000000000000000, 0.000000000000000000, 1.000000000000000000 ) ) ;
#657 = CARTESIAN_POINT ( 'NONE',  ( -665.2349200813694097, -1096.805262667903207, -1214.830127018921758 ) ) ;
#658 = VERTEX_POINT ( 'NONE', #593 ) ;
#659 = CARTESIAN_POINT ( 'NONE',  ( -613.4639947775447126, -1158.805262667903435, -1257.499999999999773 ) ) ;
#660 = LINE ( 'NONE', #647, #1532 ) ;
#661 = ADVANCED_FACE ( 'NONE', ( #1597 ), #1623, .T. ) ;
#662 = VERTEX_POINT ( 'NONE', #153 ) ;
#663 = EDGE_CURVE ( 'NONE', #744, #1306, #2041, .T. ) ;
#664 = CIRCLE ( 'NONE', #2187, 0.9999999999998898659 ) ;
#665 = FACE_OUTER_BOUND ( 'NONE', #1643, .T. ) ;
#666 = ORIENTED_EDGE ( 'NONE', *, *, #1945, .T. ) ;
#667 = VECTOR ( 'NONE', #135, 1000.000000000000000 ) ;
#668 = DIRECTION ( 'NONE',  ( 0.000000000000000000, 1.000000000000000000, -0.000000000000000000 ) ) ;
#669 = B_SPLINE_CURVE_WITH_KNOTS ( 'NONE', 3,
 ( #642, #1691, #698, #486, #2550, #893, #1090, #672, #1679, #907, #2507, #36, #266, #2534, #278, #2300, #1508, #1079, #2115, #62, #253, #1936, #444, #1950, #878, #1324, #1311, #2333 ),
 .UNSPECIFIED., .F., .F.,
 ( 4, 2, 2, 2, 2, 2, 2, 2, 2, 2, 2, 2, 2, 4 ),
 ( 0.000000000000000000, 0.2500000000000000000, 0.3750000000000000000, 0.4375000000000000000, 0.4687500000000000000, 0.4843750000000000000, 0.4921875000000000000, 0.4960937500000000000, 0.4980468750000000000, 0.5000000000000000000, 0.6250000000000000000, 0.7500000000000000000, 0.8750000000000000000, 1.000000000000000000 ),
 .UNSPECIFIED. ) ;
#670 = AXIS2_PLACEMENT_3D ( 'NONE', #2310, #1902, #1292 ) ;
#671 = DIRECTION ( 'NONE',  ( -0.000000000000000000, 0.000000000000000000, 1.000000000000000000 ) ) ;
#672 = CARTESIAN_POINT ( 'NONE',  ( -639.7876867025534011, -1097.772692434220744, -1256.707006204969048 ) ) ;
#673 = DIRECTION ( 'NONE',  ( 1.000000000000000000, 0.000000000000000000, 0.000000000000000000 ) ) ;
#674 = LOCAL_TIME ( 16, 44, 19.00000000000000000, #679 ) ;
#675 = AXIS2_PLACEMENT_3D ( 'NONE', #1521, #2347, #2141 ) ;
#676 = CARTESIAN_POINT ( 'NONE',  ( -546.8731010869423699, -1148.805262667896613, -1257.499999999999545 ) ) ;
#677 = VERTEX_POINT ( 'NONE', #2233 ) ;
#678 = CARTESIAN_POINT ( 'NONE',  ( -613.4639947775447126, -1163.805262667903662, -1257.499999999999773 ) ) ;
#679 = COORDINATED_UNIVERSAL_TIME_OFFSET ( 10, 0, .AHEAD. ) ;
#680 = VERTEX_POINT ( 'NONE', #2014 ) ;
#681 = AXIS2_PLACEMENT_3D ( 'NONE', #224, #2057, #2441 ) ;
#682 = DIRECTION ( 'NONE',  ( 0.000000000000000000, 0.000000000000000000, 1.000000000000000000 ) ) ;
#683 = ORIENTED_EDGE ( 'NONE', *, *, #462, .F. ) ;
#684 = CARTESIAN_POINT ( 'NONE',  ( -639.3277449709304392, -1096.913420052662104, -1259.773130437859891 ) ) ;
#685 = EDGE_CURVE ( 'NONE', #2647, #1723, #2018, .T. ) ;
#686 = CARTESIAN_POINT ( 'NONE',  ( -552.1231010869422562, -1114.805262667903662, -1257.499999999999545 ) ) ;
#687 = DIRECTION ( 'NONE',  ( -1.000000000000000000, -0.000000000000000000, -0.000000000000000000 ) ) ;
#688 = DIRECTION ( 'NONE',  ( -1.000000000000000000, -0.000000000000000000, -0.000000000000000000 ) ) ;
#689 = CARTESIAN_POINT ( 'NONE',  ( -613.4639947775447126, -1158.805262667903435, -1257.499999999999773 ) ) ;
#690 = ORIENTED_EDGE ( 'NONE', *, *, #508, .F. ) ;
#691 = LINE ( 'NONE', #127, #1536 ) ;
#692 = VERTEX_POINT ( 'NONE', #2243 ) ;
#693 = CARTESIAN_POINT ( 'NONE',  ( 1090.972523324353915, -1113.805262667903662, -1257.499999999999773 ) ) ;
#694 = ORIENTED_EDGE ( 'NONE', *, *, #1145, .T. ) ;
#695 = DIRECTION ( 'NONE',  ( 1.000000000000000000, 0.000000000000000000, 0.000000000000000000 ) ) ;
#696 = DIRECTION ( 'NONE',  ( -0.000000000000000000, 0.000000000000000000, 1.000000000000000000 ) ) ;
#697 = EDGE_CURVE ( 'NONE', #1896, #372, #2439, .T. ) ;
#698 = CARTESIAN_POINT ( 'NONE',  ( -639.0516884048598740, -1098.918436970781841, -1257.395202671479410 ) ) ;
#699 = ADVANCED_FACE ( 'NONE', ( #576 ), #375, .T. ) ;
#700 = DIRECTION ( 'NONE',  ( -0.000000000000000000, -1.000000000000000000, 0.000000000000000000 ) ) ;
#701 = EDGE_CURVE ( 'NONE', #1561, #1114, #1608, .T. ) ;
#702 = CARTESIAN_POINT ( 'NONE',  ( 609.1338677586223866, -1166.805262667903662, -1251.999999999999773 ) ) ;
#703 = EDGE_LOOP ( 'NONE', ( #1800, #1815, #478, #2068 ) ) ;
#704 = DIRECTION ( 'NONE',  ( 0.8660254037844380415, 0.000000000000000000, 0.5000000000000009992 ) ) ;
#705 = ORIENTED_EDGE ( 'NONE', *, *, #2177, .T. ) ;
#706 = AXIS2_PLACEMENT_3D ( 'NONE', #1136, #2581, #297 ) ;
#707 = CIRCLE ( 'NONE', #2315, 5.000000000000004441 ) ;
#708 = CARTESIAN_POINT ( 'NONE',  ( -540.0000000000002274, -1096.805262667903435, -1214.750000000452246 ) ) ;
#709 = ORIENTED_EDGE ( 'NONE', *, *, #1579, .T. ) ;
#710 = AXIS2_PLACEMENT_3D ( 'NONE', #2411, #751, #123 ) ;
#711 = CARTESIAN_POINT ( 'NONE',  ( 519.9000000000004320, -1093.805262667903662, -1257.499999999999773 ) ) ;
#712 = LINE ( 'NONE', #525, #2488 ) ;
#713 = AXIS2_PLACEMENT_3D ( 'NONE', #1473, #1871, #862 ) ;
#714 = PLANE ( 'NONE',  #2326 ) ;
#715 = VECTOR ( 'NONE', #208, 1000.000000000000000 ) ;
#716 = LINE ( 'NONE', #1811, #363 ) ;
#717 = ORIENTED_EDGE ( 'NONE', *, *, #2546, .T. ) ;
#718 = CARTESIAN_POINT ( 'NONE',  ( 557.3731010869422562, -1148.805262667896613, -1260.499999999999545 ) ) ;
#719 = MANIFOLD_SOLID_BREP ( 'Convert-Solid1', #1355 ) ;
#720 = ORIENTED_EDGE ( 'NONE', *, *, #335, .F. ) ;
#721 = FACE_OUTER_BOUND ( 'NONE', #2644, .T. ) ;
#722 = ORIENTED_EDGE ( 'NONE', *, *, #423, .F. ) ;
#723 = FACE_OUTER_BOUND ( 'NONE', #1549, .T. ) ;
#724 = CARTESIAN_POINT ( 'NONE',  ( -519.9000000000004320, -1093.805262667903662, -1257.499999999999773 ) ) ;
#725 = CARTESIAN_POINT ( 'NONE',  ( 609.1338677586223866, -1169.805262667903662, -1251.999999999999773 ) ) ;
#726 = DIRECTION ( 'NONE',  ( 0.5000000000000041078, 0.000000000000000000, 0.8660254037844363761 ) ) ;
#727 = ORIENTED_EDGE ( 'NONE', *, *, #1662, .F. ) ;
#728 = FACE_BOUND ( 'NONE', #1036, .T. ) ;
#729 = VECTOR ( 'NONE', #2301, 1000.000000000000000 ) ;
#730 = VECTOR ( 'NONE', #1823, 1000.000000000000000 ) ;
#731 = AXIS2_PLACEMENT_3D ( 'NONE', #1423, #394, #2019 ) ;
#732 = EDGE_CURVE ( 'NONE', #81, #658, #1236, .T. ) ;
#733 = ORIENTED_EDGE ( 'NONE', *, *, #1130, .F. ) ;
#734 = EDGE_CURVE ( 'NONE', #658, #2046, #1588, .T. ) ;
#735 = EDGE_CURVE ( 'NONE', #430, #1841, #179, .T. ) ;
#736 = CARTESIAN_POINT ( 'NONE',  ( -643.8674066218874259, -1154.805262667903435, -1257.499999999999545 ) ) ;
#737 = ORIENTED_EDGE ( 'NONE', *, *, #20, .T. ) ;
#738 = CARTESIAN_POINT ( 'NONE',  ( 519.9000000000004320, -1093.805262667903662, -1257.499999999999773 ) ) ;
#739 = CYLINDRICAL_SURFACE ( 'NONE', #2146, 0.9999999999998898659 ) ;
#740 = DIRECTION ( 'NONE',  ( 0.000000000000000000, 0.000000000000000000, -1.000000000000000000 ) ) ;
#741 = DIRECTION ( 'NONE',  ( 0.000000000000000000, 1.000000000000000000, 0.000000000000000000 ) ) ;
#742 = ORIENTED_EDGE ( 'NONE', *, *, #732, .F. ) ;
#743 = CARTESIAN_POINT ( 'NONE',  ( -674.6631233116455633, -1096.805262667903207, -1214.499999999999773 ) ) ;
#744 = VERTEX_POINT ( 'NONE', #124 ) ;
#745 = CARTESIAN_POINT ( 'NONE',  ( -639.9668474539867020, -1095.420612382527224, -1258.595711175788210 ) ) ;
#746 = AXIS2_PLACEMENT_3D ( 'NONE', #1241, #615, #2494 ) ;
#747 = DIRECTION ( 'NONE',  ( 0.000000000000000000, 0.000000000000000000, -1.000000000000000000 ) ) ;
#748 = ADVANCED_FACE ( 'NONE', ( #2206 ), #808, .F. ) ;
#749 = ORIENTED_EDGE ( 'NONE', *, *, #1028, .T. ) ;
#750 = CARTESIAN_POINT ( 'NONE',  ( 613.4639947775447126, -1169.805262667903662, -1254.500000000000000 ) ) ;
#751 = DIRECTION ( 'NONE',  ( 0.000000000000000000, 0.000000000000000000, -1.000000000000000000 ) ) ;
#752 = DIRECTION ( 'NONE',  ( 0.000000000000000000, 0.000000000000000000, -1.000000000000000000 ) ) ;
#753 = CIRCLE ( 'NONE', #1752, 5.249999999999976907 ) ;
#754 = CARTESIAN_POINT ( 'NONE',  ( 640.2069790383941381, -1095.068618837399981, -1258.185527273617481 ) ) ;
#755 = ORIENTED_EDGE ( 'NONE', *, *, #1613, .T. ) ;
#756 = LINE ( 'NONE', #1826, #2034 ) ;
#757 = AXIS2_PLACEMENT_3D ( 'NONE', #485, #696, #2155 ) ;
#758 = VECTOR ( 'NONE', #1515, 1000.000000000000000 ) ;
#759 = ORIENTED_EDGE ( 'NONE', *, *, #785, .T. ) ;
#760 = ORIENTED_EDGE ( 'NONE', *, *, #1552, .F. ) ;
#761 = CARTESIAN_POINT ( 'NONE',  ( -640.1889491662184355, -1095.085058307234476, -1258.216291211817406 ) ) ;
#762 = SECURITY_CLASSIFICATION ( '', '', #480 ) ;
#763 = CIRCLE ( 'NONE', #509, 5.249999999999976907 ) ;
#764 = EDGE_LOOP ( 'NONE', ( #759, #1957, #829, #1764 ) ) ;
#765 = CARTESIAN_POINT ( 'NONE',  ( 638.8674066218876533, -1093.805262667903662, -1257.499999999999773 ) ) ;
#766 = DIRECTION ( 'NONE',  ( 0.000000000000000000, -1.000000000000000000, 0.000000000000000000 ) ) ;
#767 = EDGE_CURVE ( 'NONE', #2457, #571, #763, .T. ) ;
#768 = FACE_OUTER_BOUND ( 'NONE', #398, .T. ) ;
#769 = ADVANCED_FACE ( 'NONE', ( #347 ), #2217, .F. ) ;
#770 = CARTESIAN_POINT ( 'NONE',  ( 640.4996553202203131, -1094.714871999544357, -1257.691060030239896 ) ) ;
#771 = ORIENTED_EDGE ( 'NONE', *, *, #2546, .F. ) ;
#772 = CARTESIAN_POINT ( 'NONE',  ( 640.2757207799033949, -1094.980121152608490, -1258.069558050467322 ) ) ;
#773 = AXIS2_PLACEMENT_3D ( 'NONE', #2523, #1488, #1286 ) ;
#774 = VERTEX_POINT ( 'NONE', #1584 ) ;
#775 = CARTESIAN_POINT ( 'NONE',  ( -642.3315082370254459, -1093.805262667903889, -1254.499999999999318 ) ) ;
#776 = CIRCLE ( 'NONE', #1602, 5.249999999547227958 ) ;
#777 = CARTESIAN_POINT ( 'NONE',  ( 633.0939039299920523, -1166.805262667903662, -1210.500000000000000 ) ) ;
#778 = ORIENTED_EDGE ( 'NONE', *, *, #2148, .T. ) ;
#779 = DIRECTION ( 'NONE',  ( 1.000000000000000000, -0.000000000000000000, 0.000000000000000000 ) ) ;
#780 = CARTESIAN_POINT ( 'NONE',  ( -552.1231010869422562, -1148.805262667896613, -1260.499999999999545 ) ) ;
#781 = EDGE_CURVE ( 'NONE', #2416, #2198, #1168, .T. ) ;
#782 = CARTESIAN_POINT ( 'NONE',  ( 640.0059669634341617, -1097.581751472182304, -1256.513966005833026 ) ) ;
#783 = ADVANCED_FACE ( 'NONE', ( #768 ), #1392, .T. ) ;
#784 = EDGE_LOOP ( 'NONE', ( #2433, #1642, #523, #116 ) ) ;
#785 = EDGE_CURVE ( 'NONE', #1786, #541, #2269, .T. ) ;
#786 = CARTESIAN_POINT ( 'NONE',  ( 667.8329962927230099, -1096.805262667903207, -1216.330127018921758 ) ) ;
#787 = EDGE_LOOP ( 'NONE', ( #1668, #73, #1469, #1389 ) ) ;
#788 = VECTOR ( 'NONE', #890, 1000.000000000000000 ) ;
#789 = ORIENTED_EDGE ( 'NONE', *, *, #1065, .T. ) ;
#790 = CARTESIAN_POINT ( 'NONE',  ( -639.9596875347563127, -1097.618799294008340, -1256.554114431769676 ) ) ;
#791 = LINE ( 'NONE', #1205, #844 ) ;
#792 = ORIENTED_EDGE ( 'NONE', *, *, #1714, .F. ) ;
#793 = LINE ( 'NONE', #1238, #624 ) ;
#794 = CARTESIAN_POINT ( 'NONE',  ( 725.9129236839734176, -1166.805262667903662, -1049.732741877366834 ) ) ;
#795 = AXIS2_PLACEMENT_3D ( 'NONE', #1572, #911, #1737 ) ;
#796 = CARTESIAN_POINT ( 'NONE',  ( 640.0827775422186505, -1097.523645072611771, -1256.448143917528796 ) ) ;
#797 = CARTESIAN_POINT ( 'NONE',  ( 519.9000000000004320, -1155.805262667903889, -1260.499999999999773 ) ) ;
#798 = CARTESIAN_POINT ( 'NONE',  ( 640.1127210840260204, -1095.198971052779370, -1258.345361370774299 ) ) ;
#799 = CIRCLE ( 'NONE', #1141, 5.000000000000004441 ) ;
#800 = VECTOR ( 'NONE', #1142, 1000.000000000000000 ) ;
#801 = ORIENTED_EDGE ( 'NONE', *, *, #1344, .F. ) ;
#802 = CARTESIAN_POINT ( 'NONE',  ( -639.9668465191639370, -1097.612936544060176, -1256.547856033788548 ) ) ;
#803 = APPROVAL_PERSON_ORGANIZATION ( #13, #1243, #1261 ) ;
#804 = DIRECTION ( 'NONE',  ( 0.000000000000000000, -1.000000000000000000, 0.000000000000000000 ) ) ;
#805 = ORIENTED_EDGE ( 'NONE', *, *, #130, .T. ) ;
#806 = CIRCLE ( 'NONE', #675, 0.9999999999998898659 ) ;
#807 = DIRECTION ( 'NONE',  ( 1.000000000000000000, 0.000000000000000000, 0.000000000000000000 ) ) ;
#808 = PLANE ( 'NONE',  #1674 ) ;
#809 = CARTESIAN_POINT ( 'NONE',  ( 641.2621010417748266, -1096.932139509527815, -1255.440916015136054 ) ) ;
#810 = CARTESIAN_POINT ( 'NONE',  ( 523.1000000000004775, -1093.805262667903662, -1260.499999999999773 ) ) ;
#811 = DIRECTION ( 'NONE',  ( 0.000000000000000000, -1.000000000000000000, 0.000000000000000000 ) ) ;
#812 = ORIENTED_EDGE ( 'NONE', *, *, #1577, .T. ) ;
#813 = ORIENTED_EDGE ( 'NONE', *, *, #1128, .F. ) ;
#814 = CARTESIAN_POINT ( 'NONE',  ( -639.9336111790846644, -1095.475693177268113, -1258.653956407631995 ) ) ;
#815 = ADVANCED_FACE ( 'NONE', ( #442 ), #861, .F. ) ;
#816 = CYLINDRICAL_SURFACE ( 'NONE', #2450, 5.249999999547227958 ) ;
#817 = ADVANCED_FACE ( 'NONE', ( #1077 ), #1677, .T. ) ;
#818 = ORIENTED_EDGE ( 'NONE', *, *, #1297, .F. ) ;
#819 = EDGE_CURVE ( 'NONE', #1861, #1724, #2096, .T. ) ;
#820 = DIRECTION ( 'NONE',  ( 1.000000000000000000, -0.000000000000000000, 0.000000000000000000 ) ) ;
#821 = FACE_OUTER_BOUND ( 'NONE', #869, .T. ) ;
#822 = CARTESIAN_POINT ( 'NONE',  ( 640.1127210840257931, -1097.502116860341403, -1256.422680685386922 ) ) ;
#823 = DIRECTION ( 'NONE',  ( 1.000000000000000000, 0.000000000000000000, 0.000000000000000000 ) ) ;
#824 = DIRECTION ( 'NONE',  ( 1.000000000000000000, 0.000000000000000000, 0.000000000000000000 ) ) ;
#825 = ORIENTED_EDGE ( 'NONE', *, *, #369, .T. ) ;
#826 = ORIENTED_EDGE ( 'NONE', *, *, #1890, .T. ) ;
#827 = CARTESIAN_POINT ( 'NONE',  ( -641.7621994001219718, -1093.872816437288748, -1255.503175490196782 ) ) ;
#828 = COORDINATED_UNIVERSAL_TIME_OFFSET ( 10, 0, .AHEAD. ) ;
#829 = ORIENTED_EDGE ( 'NONE', *, *, #2309, .T. ) ;
#830 = DIRECTION ( 'NONE',  ( 1.000000000000000000, -0.000000000000000000, 0.000000000000000000 ) ) ;
#831 = ORIENTED_EDGE ( 'NONE', *, *, #2654, .T. ) ;
#832 = CARTESIAN_POINT ( 'NONE',  ( 643.8674066218874259, -1154.805262667903435, -1257.499999999999545 ) ) ;
#833 = DIRECTION ( 'NONE',  ( -0.000000000000000000, 0.000000000000000000, 1.000000000000000000 ) ) ;
#834 = LINE ( 'NONE', #1872, #592 ) ;
#835 = AXIS2_PLACEMENT_3D ( 'NONE', #743, #1329, #1982 ) ;
#836 = DIRECTION ( 'NONE',  ( -0.000000000000000000, 0.000000000000000000, 1.000000000000000000 ) ) ;
#837 = ORIENTED_EDGE ( 'NONE', *, *, #1172, .T. ) ;
#838 = VERTEX_POINT ( 'NONE', #1021 ) ;
#839 = PLANE ( 'NONE',  #2567 ) ;
#840 = VECTOR ( 'NONE', #1184, 1000.000000000000000 ) ;
#841 = ORIENTED_EDGE ( 'NONE', *, *, #1346, .T. ) ;
#842 = CIRCLE ( 'NONE', #2663, 0.9999999999998898659 ) ;
#843 = FACE_BOUND ( 'NONE', #2622, .T. ) ;
#844 = VECTOR ( 'NONE', #1017, 1000.000000000000000 ) ;
#845 = EDGE_LOOP ( 'NONE', ( #1805, #2557, #1993, #1303 ) ) ;
#846 = CARTESIAN_POINT ( 'NONE',  ( -638.8674066218875396, -1099.805262667903662, -1260.499999999999773 ) ) ;
#847 = PRODUCT_DEFINITION_FORMATION_WITH_SPECIFIED_SOURCE ( 'ANY', '', #2284, .NOT_KNOWN. ) ;
#848 = CIRCLE ( 'NONE', #621, 5.249999999547227958 ) ;
#849 = CARTESIAN_POINT ( 'NONE',  ( 639.3986631695358938, -1098.191399650998619, -1257.062105173628197 ) ) ;
#850 = EDGE_CURVE ( 'NONE', #2001, #855, #1843, .T. ) ;
#851 = FACE_OUTER_BOUND ( 'NONE', #328, .T. ) ;
#852 = ADVANCED_FACE ( 'NONE', ( #2054 ), #1032, .F. ) ;
#853 = CARTESIAN_POINT ( 'NONE',  ( 546.8731010869423699, -1148.805262667896613, -1257.499999999999545 ) ) ;
#854 = VERTEX_POINT ( 'NONE', #1063 ) ;
#855 = VERTEX_POINT ( 'NONE', #1239 ) ;
#856 = CARTESIAN_POINT ( 'NONE',  ( 644.8674066218874259, -1157.805262667903662, -1260.499999999999773 ) ) ;
#857 = PERSON_AND_ORGANIZATION_ROLE ( 'design_owner' ) ;
#858 = ORIENTED_EDGE ( 'NONE', *, *, #369, .F. ) ;
#859 = CYLINDRICAL_SURFACE ( 'NONE', #2665, 5.249999999547227958 ) ;
#860 = ORIENTED_EDGE ( 'NONE', *, *, #1097, .T. ) ;
#861 = CYLINDRICAL_SURFACE ( 'NONE', #2657, 2.999999999999891642 ) ;
#862 = DIRECTION ( 'NONE',  ( 1.000000000000000000, 0.000000000000000000, 0.000000000000000000 ) ) ;
#863 = VECTOR ( 'NONE', #2274, 1000.000000000000000 ) ;
#864 = CARTESIAN_POINT ( 'NONE',  ( 1090.972523324353915, -1153.805262667903662, -1260.499999999999773 ) ) ;
#865 = PLANE ( 'NONE',  #1814 ) ;
#866 = EDGE_CURVE ( 'NONE', #2569, #680, #2616, .T. ) ;
#867 = DIRECTION ( 'NONE',  ( 0.000000000000000000, 1.000000000000000000, -0.000000000000000000 ) ) ;
#868 = EDGE_CURVE ( 'NONE', #355, #638, #2255, .T. ) ;
#869 = EDGE_LOOP ( 'NONE', ( #1527, #690, #1783, #1411 ) ) ;
#870 = LINE ( 'NONE', #2131, #963 ) ;
#871 = CARTESIAN_POINT ( 'NONE',  ( -644.8674066218874259, -1153.805262667903662, -1257.499999999999545 ) ) ;
#872 = PERSON_AND_ORGANIZATION_ROLE ( 'classification_officer' ) ;
#873 = EDGE_LOOP ( 'NONE', ( #2278, #2078, #1202, #2444 ) ) ;
#874 = FACE_BOUND ( 'NONE', #2614, .T. ) ;
#875 = ORIENTED_EDGE ( 'NONE', *, *, #2006, .F. ) ;
#876 = FACE_OUTER_BOUND ( 'NONE', #1199, .T. ) ;
#877 = CYLINDRICAL_SURFACE ( 'NONE', #107, 0.9999999999998898659 ) ;
#878 = CARTESIAN_POINT ( 'NONE',  ( -641.2683175396874731, -1096.946271540829230, -1255.436076690835080 ) ) ;
#879 = LINE ( 'NONE', #1652, #298 ) ;
#880 = CIRCLE ( 'NONE', #746, 0.9999999999998898659 ) ;
#881 = DIRECTION ( 'NONE',  ( 0.000000000000000000, 1.000000000000000000, 0.000000000000000000 ) ) ;
#882 = ORIENTED_EDGE ( 'NONE', *, *, #402, .T. ) ;
#883 = VERTEX_POINT ( 'NONE', #1253 ) ;
#884 = ADVANCED_FACE ( 'NONE', ( #876 ), #207, .T. ) ;
#885 = ORIENTED_EDGE ( 'NONE', *, *, #1344, .T. ) ;
#886 = VECTOR ( 'NONE', #1596, 1000.000000000000114 ) ;
#887 = PLANE ( 'NONE',  #2583 ) ;
#888 = ORIENTED_EDGE ( 'NONE', *, *, #489, .T. ) ;
#889 = VECTOR ( 'NONE', #1419, 1000.000000000000000 ) ;
#890 = DIRECTION ( 'NONE',  ( -0.000000000000000000, 0.000000000000000000, 1.000000000000000000 ) ) ;
#891 = VECTOR ( 'NONE', #991, 1000.000000000000000 ) ;
#892 = DIRECTION ( 'NONE',  ( 1.000000000000000000, -0.000000000000000000, 0.000000000000000000 ) ) ;
#893 = CARTESIAN_POINT ( 'NONE',  ( -639.6190566554744237, -1097.952407671478568, -1256.861427780600707 ) ) ;
#894 = CARTESIAN_POINT ( 'NONE',  ( -668.3329962927228962, -1096.805262667903207, -1215.464101615137224 ) ) ;
#895 = VECTOR ( 'NONE', #1833, 1000.000000000000000 ) ;
#896 = DIRECTION ( 'NONE',  ( 0.000000000000000000, 1.000000000000000000, 0.000000000000000000 ) ) ;
#897 = ORIENTED_EDGE ( 'NONE', *, *, #2025, .T. ) ;
#898 = VERTEX_POINT ( 'NONE', #1888 ) ;
#899 = ORIENTED_EDGE ( 'NONE', *, *, #1580, .F. ) ;
#900 = EDGE_CURVE ( 'NONE', #1070, #1417, #1283, .T. ) ;
#901 = EDGE_CURVE ( 'NONE', #1556, #1374, #459, .T. ) ;
#902 = CARTESIAN_POINT ( 'NONE',  ( -643.8674066218874259, -1153.805262667903662, -1257.499999999999545 ) ) ;
#903 = EDGE_CURVE ( 'NONE', #2153, #1374, #1904, .T. ) ;
#904 = EDGE_LOOP ( 'NONE', ( #925, #361, #633, #935 ) ) ;
#905 = CARTESIAN_POINT ( 'NONE',  ( -639.8408603147174745, -1095.637708503840258, -1258.818162487116979 ) ) ;
#906 = FACE_OUTER_BOUND ( 'NONE', #1656, .T. ) ;
#907 = CARTESIAN_POINT ( 'NONE',  ( -639.8777452772942524, -1097.688856351759568, -1256.626349532173890 ) ) ;
#908 = DIRECTION ( 'NONE',  ( -0.000000000000000000, -0.000000000000000000, 1.000000000000000000 ) ) ;
#909 = DIRECTION ( 'NONE',  ( 0.000000000000000000, 0.000000000000000000, 1.000000000000000000 ) ) ;
#910 = ORIENTED_EDGE ( 'NONE', *, *, #337, .T. ) ;
#911 = DIRECTION ( 'NONE',  ( -0.000000000000000000, 0.000000000000000000, 1.000000000000000000 ) ) ;
#912 = ORIENTED_EDGE ( 'NONE', *, *, #473, .T. ) ;
#913 = DIRECTION ( 'NONE',  ( 0.000000000000000000, 0.000000000000000000, -1.000000000000000000 ) ) ;
#914 = ORIENTED_EDGE ( 'NONE', *, *, #697, .T. ) ;
#915 = CARTESIAN_POINT ( 'NONE',  ( 539.9999999999997726, -1093.805262667903662, -1214.750000000452246 ) ) ;
#916 = DIRECTION ( 'NONE',  ( 0.000000000000000000, 1.000000000000000000, 0.000000000000000000 ) ) ;
#917 = CARTESIAN_POINT ( 'NONE',  ( 613.4639947775447126, -1163.805262667903435, -1257.499999999999773 ) ) ;
#918 = CARTESIAN_POINT ( 'NONE',  ( 671.1990216965073159, -1096.805262667903207, -1212.499999999999545 ) ) ;
#919 = CARTESIAN_POINT ( 'NONE',  ( 1090.972523324353915, -1155.805262667903889, -1257.499999999999773 ) ) ;
#920 = ORIENTED_EDGE ( 'NONE', *, *, #610, .F. ) ;
#921 = DIRECTION ( 'NONE',  ( 1.000000000000000000, 0.000000000000000000, 0.000000000000000000 ) ) ;
#922 = ORIENTED_EDGE ( 'NONE', *, *, #1065, .F. ) ;
#923 = VECTOR ( 'NONE', #106, 1000.000000000000000 ) ;
#924 = LINE ( 'NONE', #1755, #1798 ) ;
#925 = ORIENTED_EDGE ( 'NONE', *, *, #1380, .F. ) ;
#926 = AXIS2_PLACEMENT_3D ( 'NONE', #1570, #115, #1148 ) ;
#927 = CARTESIAN_POINT ( 'NONE',  ( 643.8674066218874259, -1157.805262667903662, -1260.499999999999545 ) ) ;
#928 = DIRECTION ( 'NONE',  ( 0.5000000000000041078, 0.000000000000000000, 0.8660254037844363761 ) ) ;
#929 = VECTOR ( 'NONE', #112, 1000.000000000000000 ) ;
#930 = DIRECTION ( 'NONE',  ( -1.000000000000000000, 0.000000000000000000, 0.000000000000000000 ) ) ;
#931 = VECTOR ( 'NONE', #977, 1000.000000000000000 ) ;
#932 = ADVANCED_FACE ( 'NONE', ( #821 ), #34, .F. ) ;
#933 = DIRECTION ( 'NONE',  ( -0.000000000000000000, 0.000000000000000000, 1.000000000000000000 ) ) ;
#934 = ADVANCED_FACE ( 'NONE', ( #1442 ), #2081, .F. ) ;
#935 = ORIENTED_EDGE ( 'NONE', *, *, #735, .F. ) ;
#936 = EDGE_CURVE ( 'NONE', #2579, #956, #163, .T. ) ;
#937 = DIRECTION ( 'NONE',  ( 1.000000000000000000, 0.000000000000000000, 0.000000000000000000 ) ) ;
#938 = EDGE_LOOP ( 'NONE', ( #1140, #1030, #888, #1095 ) ) ;
#939 = DIRECTION ( 'NONE',  ( -0.000000000000000000, 0.000000000000000000, 1.000000000000000000 ) ) ;
#940 = ORIENTED_EDGE ( 'NONE', *, *, #948, .F. ) ;
#941 = DIRECTION ( 'NONE',  ( 0.000000000000000000, 0.000000000000000000, -1.000000000000000000 ) ) ;
#942 = CARTESIAN_POINT ( 'NONE',  ( -667.8329962927230099, -1096.805262667903207, -1216.330127018921758 ) ) ;
#943 = DIRECTION ( 'NONE',  ( -1.000000000000000000, 0.000000000000000000, 0.000000000000000000 ) ) ;
#944 = DIRECTION ( 'NONE',  ( -1.000000000000000000, 0.000000000000000000, 0.000000000000000000 ) ) ;
#945 = VERTEX_POINT ( 'NONE', #2636 ) ;
#946 = FACE_OUTER_BOUND ( 'NONE', #396, .T. ) ;
#947 = VECTOR ( 'NONE', #1976, 1000.000000000000000 ) ;
#948 = EDGE_CURVE ( 'NONE', #471, #680, #2045, .T. ) ;
#949 = ORIENTED_EDGE ( 'NONE', *, *, #2625, .T. ) ;
#950 = DIRECTION ( 'NONE',  ( 0.000000000000000000, 1.000000000000000000, -0.000000000000000000 ) ) ;
#951 = ORIENTED_EDGE ( 'NONE', *, *, #646, .T. ) ;
#952 = FACE_OUTER_BOUND ( 'NONE', #1308, .T. ) ;
#953 = DIRECTION ( 'NONE',  ( 0.000000000000000000, -1.000000000000000000, 0.000000000000000000 ) ) ;
#954 = CARTESIAN_POINT ( 'NONE',  ( -608.4639947775447126, -1163.805262667903662, -1257.499999999999773 ) ) ;
#955 = CARTESIAN_POINT ( 'NONE',  ( 641.2621010417748266, -1094.059016351152195, -1256.381832030272335 ) ) ;
#956 = VERTEX_POINT ( 'NONE', #1517 ) ;
#957 = CYLINDRICAL_SURFACE ( 'NONE', #706, 0.9999999999998898659 ) ;
#958 = ORIENTED_EDGE ( 'NONE', *, *, #1464, .T. ) ;
#959 = ORIENTED_EDGE ( 'NONE', *, *, #586, .T. ) ;
#960 = CARTESIAN_POINT ( 'NONE',  ( -641.0465189349600905, -1094.233985431040537, -1256.758602092325418 ) ) ;
#961 = ADVANCED_FACE ( 'NONE', ( #1741 ), #1788, .T. ) ;
#962 = CARTESIAN_POINT ( 'NONE',  ( 557.3731010869422562, -1114.805262667903662, -1260.499999999999545 ) ) ;
#963 = VECTOR ( 'NONE', #271, 1000.000000000000000 ) ;
#964 = ORIENTED_EDGE ( 'NONE', *, *, #1694, .T. ) ;
#965 = CARTESIAN_POINT ( 'NONE',  ( -1284.683459398313516, -1099.805262667903662, -1254.499999999999773 ) ) ;
#966 = DIRECTION ( 'NONE',  ( 0.000000000000000000, -1.000000000000000000, 0.000000000000000000 ) ) ;
#967 = CARTESIAN_POINT ( 'NONE',  ( 644.8674066218874259, -1157.805262667903662, -1257.499999999999545 ) ) ;
#968 = VECTOR ( 'NONE', #1722, 1000.000000000000000 ) ;
#969 = DIRECTION ( 'NONE',  ( -0.000000000000000000, 0.000000000000000000, 1.000000000000000000 ) ) ;
#970 = ORIENTED_EDGE ( 'NONE', *, *, #1172, .F. ) ;
#971 = DIRECTION ( 'NONE',  ( 0.000000000000000000, 0.000000000000000000, -1.000000000000000000 ) ) ;
#972 = AXIS2_PLACEMENT_3D ( 'NONE', #1767, #2599, #1335 ) ;
#973 = VECTOR ( 'NONE', #1886, 1000.000000000000000 ) ;
#974 = ORIENTED_EDGE ( 'NONE', *, *, #868, .T. ) ;
#975 = CARTESIAN_POINT ( 'NONE',  ( -641.2683175396875868, -1094.087280413754343, -1256.372153381671069 ) ) ;
#976 = VECTOR ( 'NONE', #1213, 1000.000000000000000 ) ;
#977 = DIRECTION ( 'NONE',  ( 0.000000000000000000, 1.000000000000000000, -0.000000000000000000 ) ) ;
#978 = ORIENTED_EDGE ( 'NONE', *, *, #2346, .T. ) ;
#979 = ADVANCED_FACE ( 'NONE', ( #484 ), #2342, .T. ) ;
#980 = ADVANCED_FACE ( 'NONE', ( #2138 ), #1106, .F. ) ;
#981 = EDGE_CURVE ( 'NONE', #2159, #439, #1574, .T. ) ;
#982 = CARTESIAN_POINT ( 'NONE',  ( 1090.972523324353915, -1099.805262667903662, -1257.499999999999773 ) ) ;
#983 = DIRECTION ( 'NONE',  ( 1.000000000000000000, 0.000000000000000000, 0.000000000000000000 ) ) ;
#984 = DIRECTION ( 'NONE',  ( 0.000000000000000000, 0.000000000000000000, -1.000000000000000000 ) ) ;
#985 = ORIENTED_EDGE ( 'NONE', *, *, #1580, .T. ) ;
#986 = CARTESIAN_POINT ( 'NONE',  ( 639.0300207737647042, -1098.074706437728537, -1260.303526700762177 ) ) ;
#987 = AXIS2_PLACEMENT_3D ( 'NONE', #2073, #1893, #1860 ) ;
#988 = EDGE_LOOP ( 'NONE', ( #2047, #2598, #910, #1497, #1587, #518, #2462, #28, #1738, #1179, #248, #201, #1152, #2021, #694, #1725 ) ) ;
#989 = CARTESIAN_POINT ( 'NONE',  ( -639.9478020120010342, -1097.628618953355726, -1256.564522948065814 ) ) ;
#990 = AXIS2_PLACEMENT_3D ( 'NONE', #241, #1035, #824 ) ;
#991 = DIRECTION ( 'NONE',  ( 0.5000000000000041078, 0.000000000000000000, -0.8660254037844363761 ) ) ;
#992 = ORIENTED_EDGE ( 'NONE', *, *, #1825, .T. ) ;
#993 = CARTESIAN_POINT ( 'NONE',  ( 1216.949570326560661, -1169.805262667903662, -1254.499999999999773 ) ) ;
#994 = DIRECTION ( 'NONE',  ( 0.000000000000000000, 1.000000000000000000, -0.000000000000000000 ) ) ;
#995 = CC_DESIGN_PERSON_AND_ORGANIZATION_ASSIGNMENT ( #2306, #231, ( #847 ) ) ;
#996 = CARTESIAN_POINT ( 'NONE',  ( 639.9862072106564028, -1097.597338769949147, -1256.531030917814860 ) ) ;
#997 = DIRECTION ( 'NONE',  ( -1.000000000000000000, 0.000000000000000000, 0.000000000000000000 ) ) ;
#998 = VERTEX_POINT ( 'NONE', #60 ) ;
#999 = CARTESIAN_POINT ( 'NONE',  ( 1090.972523324353915, -1096.805262667903435, -1254.499999999999545 ) ) ;
#1000 = ORIENTED_EDGE ( 'NONE', *, *, #1263, .T. ) ;
#1001 = ORIENTED_EDGE ( 'NONE', *, *, #685, .T. ) ;
#1002 = CARTESIAN_POINT ( 'NONE',  ( -639.4350799628253981, -1098.187080507484097, -1257.033601724577920 ) ) ;
#1003 = VERTEX_POINT ( 'NONE', #1528 ) ;
#1004 = FACE_OUTER_BOUND ( 'NONE', #1913, .T. ) ;
#1005 = DIRECTION ( 'NONE',  ( -0.000000000000000000, 0.000000000000000000, 1.000000000000000000 ) ) ;
#1006 = CARTESIAN_POINT ( 'NONE',  ( 638.8674066218884491, -1099.805262667903662, -1257.499999999999545 ) ) ;
#1007 = LINE ( 'NONE', #170, #730 ) ;
#1008 = CARTESIAN_POINT ( 'NONE',  ( 639.9845778588452276, -1095.392004549122703, -1258.564880607165605 ) ) ;
#1009 = ADVANCED_FACE ( 'NONE', ( #2355, #1294, #1387 ), #496, .F. ) ;
#1010 = CIRCLE ( 'NONE', #1967, 1.000000000000000888 ) ;
#1011 = EDGE_CURVE ( 'NONE', #774, #2223, #1505, .T. ) ;
#1012 = EDGE_CURVE ( 'NONE', #1201, #1417, #1087, .T. ) ;
#1013 = AXIS2_PLACEMENT_3D ( 'NONE', #2052, #414, #1819 ) ;
#1014 = ORIENTED_EDGE ( 'NONE', *, *, #303, .T. ) ;
#1015 = CARTESIAN_POINT ( 'NONE',  ( -639.8231357773294121, -1095.671846402739220, -1258.850112461391063 ) ) ;
#1016 = AXIS2_PLACEMENT_3D ( 'NONE', #1542, #110, #747 ) ;
#1017 = DIRECTION ( 'NONE',  ( 0.000000000000000000, -1.000000000000000000, 0.000000000000000000 ) ) ;
#1018 = ORIENTED_EDGE ( 'NONE', *, *, #1773, .F. ) ;
#1019 = CARTESIAN_POINT ( 'NONE',  ( 665.2349200813698644, -1093.805262667903662, -1214.830127018921758 ) ) ;
#1020 = CIRCLE ( 'NONE', #1192, 5.249999999547227958 ) ;
#1021 = CARTESIAN_POINT ( 'NONE',  ( -670.6990216965074296, -1096.805262667903207, -1213.366025403783851 ) ) ;
#1022 = CARTESIAN_POINT ( 'NONE',  ( 640.6725574348187138, -1097.171655039654524, -1255.948844632150212 ) ) ;
#1023 = LINE ( 'NONE', #1640, #1237 ) ;
#1024 = CARTESIAN_POINT ( 'NONE',  ( 640.4996553202204268, -1094.714871999544584, -1257.691060030240351 ) ) ;
#1025 = VERTEX_POINT ( 'NONE', #2154 ) ;
#1026 = ORIENTED_EDGE ( 'NONE', *, *, #981, .F. ) ;
#1027 = CARTESIAN_POINT ( 'NONE',  ( -640.6532063764839222, -1097.181778069807706, -1255.967116876364344 ) ) ;
#1028 = EDGE_CURVE ( 'NONE', #296, #1955, #291, .T. ) ;
#1029 = DIRECTION ( 'NONE',  ( 0.000000000000000000, 0.000000000000000000, 1.000000000000000000 ) ) ;
#1030 = ORIENTED_EDGE ( 'NONE', *, *, #2607, .T. ) ;
#1031 = FACE_OUTER_BOUND ( 'NONE', #532, .T. ) ;
#1032 = CYLINDRICAL_SURFACE ( 'NONE', #2266, 5.249999999999976907 ) ;
#1033 = CARTESIAN_POINT ( 'NONE',  ( 638.8674066218884491, -1099.805262667903662, -1260.499999999999545 ) ) ;
#1034 = CARTESIAN_POINT ( 'NONE',  ( -613.4639947775447126, -1166.805262667903662, -1254.499999999999773 ) ) ;
#1035 = DIRECTION ( 'NONE',  ( -0.000000000000000000, 0.000000000000000000, 1.000000000000000000 ) ) ;
#1036 = EDGE_LOOP ( 'NONE', ( #2163, #2584 ) ) ;
#1037 = VERTEX_POINT ( 'NONE', #915 ) ;
#1038 = CARTESIAN_POINT ( 'NONE',  ( -639.7876867025534011, -1095.740122200537826, -1258.914012409938096 ) ) ;
#1039 = DATE_AND_TIME ( #1056, #1110 ) ;
#1040 = VECTOR ( 'NONE', #695, 1000.000000000000000 ) ;
#1041 = ORIENTED_EDGE ( 'NONE', *, *, #2307, .F. ) ;
#1042 = ADVANCED_FACE ( 'NONE', ( #2067 ), #317, .T. ) ;
#1043 = EDGE_CURVE ( 'NONE', #2277, #1135, #1849, .T. ) ;
#1044 = DIRECTION ( 'NONE',  ( -0.000000000000000000, 1.000000000000000000, -0.000000000000000000 ) ) ;
#1045 = ORIENTED_EDGE ( 'NONE', *, *, #2178, .T. ) ;
#1046 = CARTESIAN_POINT ( 'NONE',  ( -519.9000000000004320, -1093.805262667903662, -1257.499999999999773 ) ) ;
#1047 = DIRECTION ( 'NONE',  ( -0.5000000000000014433, 0.000000000000000000, 0.8660254037844378194 ) ) ;
#1048 = DIRECTION ( 'NONE',  ( 0.000000000000000000, 0.000000000000000000, -1.000000000000000000 ) ) ;
#1049 = AXIS2_PLACEMENT_3D ( 'NONE', #1258, #1451, #2086 ) ;
#1050 = LINE ( 'NONE', #1509, #1947 ) ;
#1051 = VERTEX_POINT ( 'NONE', #2279 ) ;
#1052 = ORIENTED_EDGE ( 'NONE', *, *, #1851, .F. ) ;
#1053 = AXIS2_PLACEMENT_3D ( 'NONE', #2577, #2349, #2158 ) ;
#1054 = LINE ( 'NONE', #1259, #314 ) ;
#1055 = VECTOR ( 'NONE', #1973, 1000.000000000000000 ) ;
#1056 = CALENDAR_DATE ( 2026, 11, 7 ) ;
#1057 = ORIENTED_EDGE ( 'NONE', *, *, #1099, .T. ) ;
#1058 = LINE ( 'NONE', #72, #758 ) ;
#1059 = UNCERTAINTY_MEASURE_WITH_UNIT (LENGTH_MEASURE( 1.000000000000000082E-05 ), #2251, 'distance_accuracy_value', 'NONE');
#1060 = VECTOR ( 'NONE', #1234, 1000.000000000000000 ) ;
#1061 = ORIENTED_EDGE ( 'NONE', *, *, #2656, .F. ) ;
#1062 = ADVANCED_FACE ( 'NONE', ( #1438 ), #203, .T. ) ;
#1063 = CARTESIAN_POINT ( 'NONE',  ( 667.7349200813698644, -1093.805262667903662, -1210.499999999999545 ) ) ;
#1064 = ADVANCED_FACE ( 'NONE', ( #1698 ), #839, .F. ) ;
#1065 = EDGE_CURVE ( 'NONE', #1025, #1563, #660, .T. ) ;
#1066 = CARTESIAN_POINT ( 'NONE',  ( 638.8674066218874259, -1153.805262667903662, -1260.499999999999773 ) ) ;
#1067 = DIRECTION ( 'NONE',  ( 1.000000000000000000, 0.000000000000000000, 0.000000000000000000 ) ) ;
#1068 = DIRECTION ( 'NONE',  ( -0.000000000000000000, 0.000000000000000000, 1.000000000000000000 ) ) ;
#1069 = FACE_OUTER_BOUND ( 'NONE', #2137, .T. ) ;
#1070 = VERTEX_POINT ( 'NONE', #2515 ) ;
#1071 = FACE_OUTER_BOUND ( 'NONE', #787, .T. ) ;
#1072 = DIRECTION ( 'NONE',  ( 0.000000000000000000, 1.000000000000000000, 0.000000000000000000 ) ) ;
#1073 = DATE_AND_TIME ( #216, #2497 ) ;
#1074 = EDGE_LOOP ( 'NONE', ( #555, #801, #2036, #2219 ) ) ;
#1075 = CARTESIAN_POINT ( 'NONE',  ( 668.3329962927228962, -1096.805262667903207, -1216.464101615137224 ) ) ;
#1076 = EDGE_LOOP ( 'NONE', ( #1401, #2003 ) ) ;
#1077 = FACE_OUTER_BOUND ( 'NONE', #1868, .T. ) ;
#1078 = CARTESIAN_POINT ( 'NONE',  ( -669.1990216965073159, -1096.805262667903207, -1215.964101615137224 ) ) ;
#1079 = CARTESIAN_POINT ( 'NONE',  ( -639.9668465191639370, -1097.612936544060176, -1256.547856033788548 ) ) ;
#1080 = CARTESIAN_POINT ( 'NONE',  ( -523.1000000000005912, -1155.805262667903889, -1260.499999999999773 ) ) ;
#1081 = CARTESIAN_POINT ( 'NONE',  ( 1090.972523324353915, -1096.805262667903435, -1210.499999999999545 ) ) ;
#1082 = ORIENTED_EDGE ( 'NONE', *, *, #610, .T. ) ;
#1083 = ORIENTED_EDGE ( 'NONE', *, *, #2196, .T. ) ;
#1084 = ORIENTED_EDGE ( 'NONE', *, *, #1226, .T. ) ;
#1085 = FACE_BOUND ( 'NONE', #260, .T. ) ;
#1086 = VERTEX_POINT ( 'NONE', #30 ) ;
#1087 = LINE ( 'NONE', #1917, #788 ) ;
#1088 = B_SPLINE_CURVE_WITH_KNOTS ( 'NONE', 3,
 ( #2286, #2667, #401, #1022, #2677, #2477, #432, #169, #796, #1834, #2316, #1310, #61, #1529, #654, #1678, #1690, #1889, #277, #2506, #849, #1706, #75, #2559 ),
 .UNSPECIFIED., .F., .F.,
 ( 4, 2, 2, 2, 2, 2, 2, 2, 2, 2, 2, 4 ),
 ( 0.000000000000000000, 0.2500000000000000000, 0.3750000000000000000, 0.4375000000000000000, 0.4687500000000000000, 0.4843750000000000000, 0.4921875000000000000, 0.4960937500000000000, 0.4980468750000000000, 0.5000000000000000000, 0.7500000000000000000, 1.000000000000000000 ),
 .UNSPECIFIED. ) ;
#1089 = CARTESIAN_POINT ( 'NONE',  ( 668.3329962927228962, -1096.805262667903207, -1215.464101615137224 ) ) ;
#1090 = CARTESIAN_POINT ( 'NONE',  ( -639.6842112538253105, -1097.878113047645911, -1256.801079510934414 ) ) ;
#1091 = CARTESIAN_POINT ( 'NONE',  ( 1090.972523324353915, -1163.805262667903662, -1257.499999999999773 ) ) ;
#1092 = AXIS2_PLACEMENT_3D ( 'NONE', #2453, #630, #434 ) ;
#1093 = DIRECTION ( 'NONE',  ( -1.000000000000000000, -0.000000000000000000, -0.000000000000000000 ) ) ;
#1094 = AXIS2_PLACEMENT_3D ( 'NONE', #678, #1304, #2554 ) ;
#1095 = ORIENTED_EDGE ( 'NONE', *, *, #697, .F. ) ;
#1096 = DIRECTION ( 'NONE',  ( 0.000000000000000000, 1.000000000000000000, -0.000000000000000000 ) ) ;
#1097 = EDGE_CURVE ( 'NONE', #2569, #171, #2292, .T. ) ;
#1098 = EDGE_CURVE ( 'NONE', #956, #2376, #2455, .T. ) ;
#1099 = EDGE_CURVE ( 'NONE', #1787, #1343, #1495, .T. ) ;
#1100 = CALENDAR_DATE ( 2026, 11, 7 ) ;
#1101 = VERTEX_POINT ( 'NONE', #856 ) ;
#1102 = VECTOR ( 'NONE', #1895, 1000.000000000000000 ) ;
#1103 = PLANE ( 'NONE',  #327 ) ;
#1104 = ORIENTED_EDGE ( 'NONE', *, *, #948, .T. ) ;
#1105 = CIRCLE ( 'NONE', #972, 0.9999999999998898659 ) ;
#1106 = PLANE ( 'NONE',  #488 ) ;
#1107 = CARTESIAN_POINT ( 'NONE',  ( -633.0939039299922797, -1169.805262667903662, -1210.499999999999773 ) ) ;
#1108 = CARTESIAN_POINT ( 'NONE',  ( 667.7349200813698644, -1096.805262667903435, -1210.499999999999545 ) ) ;
#1109 = DIRECTION ( 'NONE',  ( 0.000000000000000000, -1.000000000000000000, 0.000000000000000000 ) ) ;
#1110 = LOCAL_TIME ( 16, 44, 19.00000000000000000, #2077 ) ;
#1111 = CARTESIAN_POINT ( 'NONE',  ( 1090.972523324353915, -1158.805262667903207, -1257.499999999999773 ) ) ;
#1112 = VERTEX_POINT ( 'NONE', #2325 ) ;
#1113 = FACE_BOUND ( 'NONE', #173, .T. ) ;
#1114 = VERTEX_POINT ( 'NONE', #11 ) ;
#1115 = CARTESIAN_POINT ( 'NONE',  ( -643.8674066218874259, -1153.805262667903662, -1257.499999999999545 ) ) ;
#1116 = ORIENTED_EDGE ( 'NONE', *, *, #181, .F. ) ;
#1117 = CARTESIAN_POINT ( 'NONE',  ( -669.1990216965073159, -1096.805262667903207, -1215.964101615137224 ) ) ;
#1118 = CARTESIAN_POINT ( 'NONE',  ( -638.8674066218875396, -1099.805262667903662, -1257.499999999999773 ) ) ;
#1119 = DIRECTION ( 'NONE',  ( 0.8660254037844380415, 0.000000000000000000, 0.5000000000000009992 ) ) ;
#1120 = VECTOR ( 'NONE', #77, 1000.000000000000000 ) ;
#1121 = LINE ( 'NONE', #918, #1503 ) ;
#1122 = LINE ( 'NONE', #1111, #454 ) ;
#1123 = VERTEX_POINT ( 'NONE', #634 ) ;
#1124 = CARTESIAN_POINT ( 'NONE',  ( 523.1000000000004775, -1107.805262667903889, -1257.499999999999773 ) ) ;
#1125 = ORIENTED_EDGE ( 'NONE', *, *, #1043, .F. ) ;
#1126 = CARTESIAN_POINT ( 'NONE',  ( 608.4639947775447126, -1166.805262667903662, -1254.500000000000000 ) ) ;
#1127 = VERTEX_POINT ( 'NONE', #449 ) ;
#1128 = EDGE_CURVE ( 'NONE', #1736, #1861, #1054, .T. ) ;
#1129 = ADVANCED_FACE ( 'NONE', ( #1879 ), #42, .F. ) ;
#1130 = EDGE_CURVE ( 'NONE', #1165, #1990, #880, .T. ) ;
#1131 = DIRECTION ( 'NONE',  ( 1.000000000000000000, 0.000000000000000000, 0.000000000000000000 ) ) ;
#1132 = CARTESIAN_POINT ( 'NONE',  ( 643.8674066218874259, -1158.805262667903435, -1257.499999999999545 ) ) ;
#1133 = DIRECTION ( 'NONE',  ( 0.000000000000000000, 1.000000000000000000, 0.000000000000000000 ) ) ;
#1134 = DIRECTION ( 'NONE',  ( 0.000000000000000000, 1.000000000000000000, 0.000000000000000000 ) ) ;
#1135 = VERTEX_POINT ( 'NONE', #2478 ) ;
#1136 = CARTESIAN_POINT ( 'NONE',  ( -669.8329962927230099, -1096.805262667903207, -1212.866025403784079 ) ) ;
#1137 = ORIENTED_EDGE ( 'NONE', *, *, #71, .F. ) ;
#1138 = VECTOR ( 'NONE', #237, 1000.000000000000000 ) ;
#1139 = LINE ( 'NONE', #1333, #67 ) ;
#1140 = ORIENTED_EDGE ( 'NONE', *, *, #217, .F. ) ;
#1141 = AXIS2_PLACEMENT_3D ( 'NONE', #2631, #2386, #336 ) ;
#1142 = DIRECTION ( 'NONE',  ( -1.000000000000000000, -0.000000000000000000, -0.000000000000000000 ) ) ;
#1143 = DIRECTION ( 'NONE',  ( 1.000000000000000000, 0.000000000000000000, 0.000000000000000000 ) ) ;
#1144 = VECTOR ( 'NONE', #830, 1000.000000000000000 ) ;
#1145 = EDGE_CURVE ( 'NONE', #1990, #1154, #2261, .T. ) ;
#1146 = CARTESIAN_POINT ( 'NONE',  ( -643.8674066218874259, -1157.805262667903662, -1257.499999999999545 ) ) ;
#1147 = EDGE_CURVE ( 'NONE', #1086, #854, #1626, .T. ) ;
#1148 = DIRECTION ( 'NONE',  ( 1.000000000000000000, 0.000000000000000000, 0.000000000000000000 ) ) ;
#1149 = ORIENTED_EDGE ( 'NONE', *, *, #457, .F. ) ;
#1150 = AXIS2_PLACEMENT_3D ( 'NONE', #794, #1405, #2666 ) ;
#1151 = LINE ( 'NONE', #2170, #450 ) ;
#1152 = ORIENTED_EDGE ( 'NONE', *, *, #1518, .F. ) ;
#1153 = LINE ( 'NONE', #2597, #1453 ) ;
#1154 = VERTEX_POINT ( 'NONE', #2072 ) ;
#1155 = DIRECTION ( 'NONE',  ( 1.000000000000000000, 0.000000000000000000, 0.000000000000000000 ) ) ;
#1156 = CARTESIAN_POINT ( 'NONE',  ( 642.3315082370262417, -1093.805262667903662, -1254.499999999999318 ) ) ;
#1157 = CARTESIAN_POINT ( 'NONE',  ( 539.9999999999997726, -1096.805262667903435, -1219.999999999999545 ) ) ;
#1158 = CARTESIAN_POINT ( 'NONE',  ( 642.3315082370262417, -1093.805262667903889, -1254.499999999999773 ) ) ;
#1159 = ORIENTED_EDGE ( 'NONE', *, *, #901, .T. ) ;
#1160 = FACE_BOUND ( 'NONE', #1435, .T. ) ;
#1161 = EDGE_CURVE ( 'NONE', #998, #1903, #2368, .T. ) ;
#1162 = ORIENTED_EDGE ( 'NONE', *, *, #1981, .T. ) ;
#1163 = CARTESIAN_POINT ( 'NONE',  ( -644.8674066218873122, -1154.805262667903435, -1257.499999999999318 ) ) ;
#1164 = DIRECTION ( 'NONE',  ( 0.000000000000000000, 1.000000000000000000, 0.000000000000000000 ) ) ;
#1165 = VERTEX_POINT ( 'NONE', #182 ) ;
#1166 = LINE ( 'NONE', #2179, #1669 ) ;
#1167 = CARTESIAN_POINT ( 'NONE',  ( 539.9999999999997726, -1096.805262667903435, -1219.999999999999545 ) ) ;
#1168 = LINE ( 'NONE', #1999, #1664 ) ;
#1169 = CARTESIAN_POINT ( 'NONE',  ( -633.0939039299922797, -1166.805262667903662, -1210.499999999999773 ) ) ;
#1170 = ORIENTED_EDGE ( 'NONE', *, *, #1265, .T. ) ;
#1171 = CARTESIAN_POINT ( 'NONE',  ( 670.3329962927230099, -1096.805262667903207, -1211.999999999999545 ) ) ;
#1172 = EDGE_CURVE ( 'NONE', #1841, #2185, #1460, .T. ) ;
#1173 = EDGE_LOOP ( 'NONE', ( #2229, #2502, #1162, #2406 ) ) ;
#1174 = ORIENTED_EDGE ( 'NONE', *, *, #402, .F. ) ;
#1175 = EDGE_CURVE ( 'NONE', #1025, #235, #1020, .T. ) ;
#1176 = DIRECTION ( 'NONE',  ( 0.000000000000000000, -1.000000000000000000, 0.000000000000000000 ) ) ;
#1177 = EDGE_CURVE ( 'NONE', #2647, #1866, #2287, .T. ) ;
#1178 = CARTESIAN_POINT ( 'NONE',  ( -180.4266620217875925, -1169.805262667903662, -1994.542661907073352 ) ) ;
#1179 = ORIENTED_EDGE ( 'NONE', *, *, #2544, .F. ) ;
#1180 = LINE ( 'NONE', #2242, #2013 ) ;
#1181 = DIRECTION ( 'NONE',  ( 0.000000000000000000, -1.000000000000000000, 0.000000000000000000 ) ) ;
#1182 = CARTESIAN_POINT ( 'NONE',  ( 643.8674066218874259, -1157.805262667903662, -1257.499999999999545 ) ) ;
#1183 = AXIS2_PLACEMENT_3D ( 'NONE', #91, #2102, #242 ) ;
#1184 = DIRECTION ( 'NONE',  ( -0.000000000000000000, 0.000000000000000000, 1.000000000000000000 ) ) ;
#1185 = ORIENTED_EDGE ( 'NONE', *, *, #1855, .F. ) ;
#1186 = CARTESIAN_POINT ( 'NONE',  ( 1090.972523324353915, -1155.805262667903889, -1257.499999999999773 ) ) ;
#1187 = CIRCLE ( 'NONE', #2270, 5.249999999999976907 ) ;
#1188 = VECTOR ( 'NONE', #2151, 1000.000000000000000 ) ;
#1189 = ORIENTED_EDGE ( 'NONE', *, *, #1378, .T. ) ;
#1190 = ORIENTED_EDGE ( 'NONE', *, *, #100, .T. ) ;
#1191 = CARTESIAN_POINT ( 'NONE',  ( -639.9701315271499880, -1095.415260795263293, -1258.589975106597421 ) ) ;
#1192 = AXIS2_PLACEMENT_3D ( 'NONE', #1835, #1446, #1048 ) ;
#1193 = DIRECTION ( 'NONE',  ( 1.000000000000000000, 0.000000000000000000, 0.000000000000000000 ) ) ;
#1194 = ORIENTED_EDGE ( 'NONE', *, *, #2426, .F. ) ;
#1195 = CARTESIAN_POINT ( 'NONE',  ( -670.3329962927230099, -1096.805262667903207, -1211.999999999999545 ) ) ;
#1196 = DIRECTION ( 'NONE',  ( 1.000000000000000000, 0.000000000000000000, 0.000000000000000000 ) ) ;
#1197 = DIRECTION ( 'NONE',  ( 1.000000000000000000, 0.000000000000000000, 0.000000000000000000 ) ) ;
#1198 = CARTESIAN_POINT ( 'NONE',  ( 669.8329962927230099, -1096.805262667903207, -1212.866025403784079 ) ) ;
#1199 = EDGE_LOOP ( 'NONE', ( #451, #52, #232, #1216 ) ) ;
#1200 = FACE_BOUND ( 'NONE', #1827, .T. ) ;
#1201 = VERTEX_POINT ( 'NONE', #595 ) ;
#1202 = ORIENTED_EDGE ( 'NONE', *, *, #781, .F. ) ;
#1203 = CARTESIAN_POINT ( 'NONE',  ( -639.8777452772942524, -1097.688856351759568, -1256.626349532173890 ) ) ;
#1204 = AXIS2_PLACEMENT_3D ( 'NONE', #1198, #2467, #2031 ) ;
#1205 = CARTESIAN_POINT ( 'NONE',  ( -670.6990216965074296, -1096.805262667903207, -1213.366025403783851 ) ) ;
#1206 = ORIENTED_EDGE ( 'NONE', *, *, #819, .T. ) ;
#1207 = DIRECTION ( 'NONE',  ( 1.000000000000000000, 0.000000000000000000, 0.000000000000000000 ) ) ;
#1208 = EDGE_CURVE ( 'NONE', #2457, #677, #834, .T. ) ;
#1209 = DIRECTION ( 'NONE',  ( -1.000000000000000000, 0.000000000000000000, -0.000000000000000000 ) ) ;
#1210 = ADVANCED_FACE ( 'NONE', ( #851 ), #2043, .F. ) ;
#1211 = EDGE_CURVE ( 'NONE', #145, #1830, #197, .T. ) ;
#1212 = CARTESIAN_POINT ( 'NONE',  ( 639.0300207737647042, -1098.939984552815986, -1257.401763350381088 ) ) ;
#1213 = DIRECTION ( 'NONE',  ( -0.000000000000000000, 0.000000000000000000, 1.000000000000000000 ) ) ;
#1214 = PLANE ( 'NONE',  #40 ) ;
#1215 = ADVANCED_FACE ( 'NONE', ( #2678 ), #2083, .F. ) ;
#1216 = ORIENTED_EDGE ( 'NONE', *, *, #1428, .T. ) ;
#1217 = ORIENTED_EDGE ( 'NONE', *, *, #1177, .F. ) ;
#1218 = CARTESIAN_POINT ( 'NONE',  ( -642.0341845067952136, -1096.805262667903662, -1254.760252792176288 ) ) ;
#1219 = DIRECTION ( 'NONE',  ( 0.000000000000000000, 0.000000000000000000, -1.000000000000000000 ) ) ;
#1220 = VERTEX_POINT ( 'NONE', #7 ) ;
#1221 = LINE ( 'NONE', #2028, #2189 ) ;
#1222 = DIRECTION ( 'NONE',  ( -1.000000000000000000, 0.000000000000000000, -0.000000000000000000 ) ) ;
#1223 = CARTESIAN_POINT ( 'NONE',  ( 639.9813537437303239, -1097.601214846518815, -1256.535233852194551 ) ) ;
#1224 = VECTOR ( 'NONE', #1222, 1000.000000000000000 ) ;
#1225 = DIRECTION ( 'NONE',  ( -0.000000000000000000, -1.000000000000000000, 0.000000000000000000 ) ) ;
#1226 = EDGE_CURVE ( 'NONE', #2046, #1334, #2412, .T. ) ;
#1227 = DIRECTION ( 'NONE',  ( -1.000000000000000000, -0.000000000000000000, 0.000000000000000000 ) ) ;
#1228 = VECTOR ( 'NONE', #464, 1000.000000000000114 ) ;
#1229 = ORIENTED_EDGE ( 'NONE', *, *, #1853, .F. ) ;
#1230 = CIRCLE ( 'NONE', #2363, 5.000000000000115463 ) ;
#1231 = ORIENTED_EDGE ( 'NONE', *, *, #2128, .F. ) ;
#1232 = CARTESIAN_POINT ( 'NONE',  ( -639.9596875347563127, -1095.432335920113019, -1258.608228863539352 ) ) ;
#1233 = AXIS2_PLACEMENT_3D ( 'NONE', #2518, #2545, #682 ) ;
#1234 = DIRECTION ( 'NONE',  ( -1.000000000000000000, 0.000000000000000000, -0.000000000000000000 ) ) ;
#1235 = ORIENTED_EDGE ( 'NONE', *, *, #850, .F. ) ;
#1236 = CIRCLE ( 'NONE', #69, 5.000000000000004441 ) ;
#1237 = VECTOR ( 'NONE', #579, 1000.000000000000000 ) ;
#1238 = CARTESIAN_POINT ( 'NONE',  ( 523.1000000000004775, -1113.805262667903662, -1257.499999999999773 ) ) ;
#1239 = CARTESIAN_POINT ( 'NONE',  ( 523.1000000000004775, -1155.805262667903889, -1257.499999999999773 ) ) ;
#1240 = CARTESIAN_POINT ( 'NONE',  ( 639.9765291005604695, -1097.605083852088001, -1256.539415793737135 ) ) ;
#1241 = CARTESIAN_POINT ( 'NONE',  ( 668.3329962927228962, -1093.805262667903435, -1215.464101615137224 ) ) ;
#1242 = FACE_OUTER_BOUND ( 'NONE', #845, .T. ) ;
#1243 = APPROVAL ( #2107, 'UNSPECIFIED' ) ;
#1244 = ORIENTED_EDGE ( 'NONE', *, *, #1908, .T. ) ;
#1245 = PLANE ( 'NONE',  #97 ) ;
#1246 = EDGE_CURVE ( 'NONE', #493, #2001, #1023, .T. ) ;
#1247 = CARTESIAN_POINT ( 'NONE',  ( -639.7876867025534011, -1097.772692434220744, -1256.707006204969048 ) ) ;
#1248 = EDGE_CURVE ( 'NONE', #1154, #2223, #1408, .T. ) ;
#1249 = COORDINATED_UNIVERSAL_TIME_OFFSET ( 10, 0, .AHEAD. ) ;
#1250 = ORIENTED_EDGE ( 'NONE', *, *, #819, .F. ) ;
#1251 = CARTESIAN_POINT ( 'NONE',  ( 644.8674066218873122, -1154.805262667903435, -1260.499999999999773 ) ) ;
#1252 = ORIENTED_EDGE ( 'NONE', *, *, #2511, .F. ) ;
#1253 = CARTESIAN_POINT ( 'NONE',  ( 613.4639947775447126, -1158.805262667903207, -1260.499999999999773 ) ) ;
#1254 = CARTESIAN_POINT ( 'NONE',  ( 519.9000000000004320, -1155.805262667903889, -1257.499999999999773 ) ) ;
#1255 = DIRECTION ( 'NONE',  ( -0.000000000000000000, 0.000000000000000000, 1.000000000000000000 ) ) ;
#1256 = CARTESIAN_POINT ( 'NONE',  ( 644.8674066218873122, -1154.805262667903435, -1257.499999999999318 ) ) ;
#1257 = ORIENTED_EDGE ( 'NONE', *, *, #462, .T. ) ;
#1258 = CARTESIAN_POINT ( 'NONE',  ( -671.1990216965073159, -1096.805262667903207, -1212.499999999999545 ) ) ;
#1259 = CARTESIAN_POINT ( 'NONE',  ( 1090.972523324353915, -1169.805262667903662, -1210.500000000000000 ) ) ;
#1260 = EDGE_CURVE ( 'NONE', #1787, #2637, #389, .T. ) ;
#1261 = APPROVAL_ROLE ( '' ) ;
#1262 = AXIS2_PLACEMENT_3D ( 'NONE', #546, #1176, #276 ) ;
#1263 = EDGE_CURVE ( 'NONE', #1051, #662, #1007, .T. ) ;
#1264 = EDGE_LOOP ( 'NONE', ( #70, #2075, #273, #466 ) ) ;
#1265 = EDGE_CURVE ( 'NONE', #1320, #79, #1295, .T. ) ;
#1266 = CARTESIAN_POINT ( 'NONE',  ( 1090.972523324353915, -1158.805262667903435, -1260.499999999999773 ) ) ;
#1267 = ORIENTED_EDGE ( 'NONE', *, *, #339, .F. ) ;
#1268 = CARTESIAN_POINT ( 'NONE',  ( 1090.972523324353915, -1149.805262667903889, -1257.499999999999773 ) ) ;
#1269 = DIRECTION ( 'NONE',  ( 1.000000000000000000, 0.000000000000000000, 0.000000000000000000 ) ) ;
#1270 = DIRECTION ( 'NONE',  ( -0.000000000000000000, 0.000000000000000000, 1.000000000000000000 ) ) ;
#1271 = AXIS2_PLACEMENT_3D ( 'NONE', #89, #2098, #240 ) ;
#1272 = DIRECTION ( 'NONE',  ( -1.000000000000000000, 0.000000000000000000, 0.000000000000000000 ) ) ;
#1273 = CARTESIAN_POINT ( 'NONE',  ( 557.3731010869422562, -1148.805262667896613, -1257.499999999999545 ) ) ;
#1274 = ORIENTED_EDGE ( 'NONE', *, *, #1694, .F. ) ;
#1275 = DIRECTION ( 'NONE',  ( -0.000000000000000000, 0.000000000000000000, 1.000000000000000000 ) ) ;
#1276 = VECTOR ( 'NONE', #726, 1000.000000000000000 ) ;
#1277 = DIRECTION ( 'NONE',  ( 0.000000000000000000, -1.000000000000000000, 0.000000000000000000 ) ) ;
#1278 = CIRCLE ( 'NONE', #2536, 1.000000000000000888 ) ;
#1279 = ORIENTED_EDGE ( 'NONE', *, *, #71, .T. ) ;
#1280 = AXIS2_PLACEMENT_3D ( 'NONE', #354, #1029, #1593 ) ;
#1281 = DIRECTION ( 'NONE',  ( 0.000000000000000000, -1.000000000000000000, 0.000000000000000000 ) ) ;
#1282 = EDGE_LOOP ( 'NONE', ( #2337, #1681, #495, #1511 ) ) ;
#1283 = LINE ( 'NONE', #1046, #1356 ) ;
#1284 = LINE ( 'NONE', #443, #413 ) ;
#1285 = CARTESIAN_POINT ( 'NONE',  ( 1090.972523324353915, -1113.805262667903662, -1260.499999999999773 ) ) ;
#1286 = DIRECTION ( 'NONE',  ( 1.000000000000000000, 0.000000000000000000, 0.000000000000000000 ) ) ;
#1287 = CARTESIAN_POINT ( 'NONE',  ( -668.3329962927228962, -1096.805262667903207, -1216.464101615137224 ) ) ;
#1288 = ORIENTED_EDGE ( 'NONE', *, *, #701, .F. ) ;
#1289 = FACE_OUTER_BOUND ( 'NONE', #1074, .T. ) ;
#1290 = APPROVAL_ROLE ( '' ) ;
#1291 = VERTEX_POINT ( 'NONE', #2651 ) ;
#1292 = DIRECTION ( 'NONE',  ( 0.000000000000000000, 0.000000000000000000, 1.000000000000000000 ) ) ;
#1293 = VERTEX_POINT ( 'NONE', #797 ) ;
#1294 = FACE_BOUND ( 'NONE', #299, .T. ) ;
#1295 = CIRCLE ( 'NONE', #1850, 5.249999999999976907 ) ;
#1296 = CARTESIAN_POINT ( 'NONE',  ( -1284.683459398313516, -1099.805262667903662, -1254.499999999999773 ) ) ;
#1297 = EDGE_CURVE ( 'NONE', #382, #1941, #48, .T. ) ;
#1298 = CARTESIAN_POINT ( 'NONE',  ( 539.9999999999997726, -1096.805262667903435, -1219.999999999999545 ) ) ;
#1299 = EDGE_CURVE ( 'NONE', #2089, #2376, #669, .T. ) ;
#1300 = LINE ( 'NONE', #1846, #433 ) ;
#1301 = EDGE_CURVE ( 'NONE', #608, #2499, #1530, .T. ) ;
#1302 = DIRECTION ( 'NONE',  ( 0.000000000000000000, -1.000000000000000000, 0.000000000000000000 ) ) ;
#1303 = ORIENTED_EDGE ( 'NONE', *, *, #1699, .F. ) ;
#1304 = DIRECTION ( 'NONE',  ( -0.000000000000000000, 0.000000000000000000, 1.000000000000000000 ) ) ;
#1305 = PERSON_AND_ORGANIZATION ( #2066, #108 ) ;
#1306 = VERTEX_POINT ( 'NONE', #2357 ) ;
#1307 = LINE ( 'NONE', #470, #1544 ) ;
#1308 = EDGE_LOOP ( 'NONE', ( #2050, #227, #2150, #1876 ) ) ;
#1309 = CARTESIAN_POINT ( 'NONE',  ( -639.9692387678443311, -1095.416714347884408, -1258.591534162557991 ) ) ;
#1310 = CARTESIAN_POINT ( 'NONE',  ( 640.0059669634341617, -1097.581751472182304, -1256.513966005833026 ) ) ;
#1311 = CARTESIAN_POINT ( 'NONE',  ( -642.0341845067952136, -1096.805262667903662, -1254.760252792176288 ) ) ;
#1312 = LINE ( 'NONE', #1338, #2541 ) ;
#1313 = DIRECTION ( 'NONE',  ( 0.000000000000000000, -1.000000000000000000, 0.000000000000000000 ) ) ;
#1314 = AXIS2_PLACEMENT_3D ( 'NONE', #1696, #41, #2526 ) ;
#1315 = ORIENTED_EDGE ( 'NONE', *, *, #981, .T. ) ;
#1316 = DIRECTION ( 'NONE',  ( 0.000000000000000000, -1.000000000000000000, 0.000000000000000000 ) ) ;
#1317 = VERTEX_POINT ( 'NONE', #1474 ) ;
#1318 = AXIS2_PLACEMENT_3D ( 'NONE', #2629, #766, #1558 ) ;
#1319 = CARTESIAN_POINT ( 'NONE',  ( 1090.972523324353915, -1093.805262667903662, -1210.499999999999545 ) ) ;
#1320 = VERTEX_POINT ( 'NONE', #498 ) ;
#1321 = VECTOR ( 'NONE', #474, 1000.000000000000000 ) ;
#1322 = DIRECTION ( 'NONE',  ( 0.000000000000000000, -1.000000000000000000, 0.000000000000000000 ) ) ;
#1323 = DIRECTION ( 'NONE',  ( 1.000000000000000000, 0.000000000000000000, 0.000000000000000000 ) ) ;
#1324 = CARTESIAN_POINT ( 'NONE',  ( -641.7621994001219718, -1096.839039552596205, -1255.001587745098504 ) ) ;
#1325 = LINE ( 'NONE', #1759, #27 ) ;
#1326 = AXIS2_PLACEMENT_3D ( 'NONE', #780, #166, #983 ) ;
#1327 = PLANE ( 'NONE',  #1183 ) ;
#1328 = EDGE_LOOP ( 'NONE', ( #1573, #1728 ) ) ;
#1329 = DIRECTION ( 'NONE',  ( 0.5000000000000009992, 0.000000000000000000, -0.8660254037844380415 ) ) ;
#1330 = EDGE_CURVE ( 'NONE', #1201, #355, #1720, .T. ) ;
#1331 = ORIENTED_EDGE ( 'NONE', *, *, #2493, .T. ) ;
#1332 = ADVANCED_FACE ( 'NONE', ( #1906 ), #1520, .F. ) ;
#1333 = CARTESIAN_POINT ( 'NONE',  ( -206.4074241353259822, -1096.805262667903435, -2009.542661907070169 ) ) ;
#1334 = VERTEX_POINT ( 'NONE', #293 ) ;
#1335 = DIRECTION ( 'NONE',  ( 0.000000000000000000, 0.000000000000000000, -1.000000000000000000 ) ) ;
#1336 = B_SPLINE_CURVE_WITH_KNOTS ( 'NONE', 3,
 ( #2209, #198, #1813, #2260, #2044, #380, #1024, #772, #184, #798, #1641, #2431, #2468, #567, #1008, #1434, #2002, #350, #1395, #404, #2220, #986, #172, #2643 ),
 .UNSPECIFIED., .F., .F.,
 ( 4, 2, 2, 2, 2, 2, 1, 1, 1, 1, 2, 2, 2, 4 ),
 ( 0.000000000000000000, 0.1249999999955945240, 0.2499999999911890480, 0.3749999999867835720, 0.4374999999845212151, 0.4687499999833960040, 0.4843749999828672048, 0.4921874999826028607, 0.4960937499825130992, 0.4980468749824681907, 0.4990234374825244790, 0.4999999999825807118, 0.7499999999912903004, 1.000000000000000000 ),
 .UNSPECIFIED. ) ;
#1337 = DIRECTION ( 'NONE',  ( 0.000000000000000000, 0.000000000000000000, -1.000000000000000000 ) ) ;
#1338 = CARTESIAN_POINT ( 'NONE',  ( -519.9000000000004320, -1093.805262667903662, -1260.499999999999773 ) ) ;
#1339 = AXIS2_PLACEMENT_3D ( 'NONE', #476, #49, #616 ) ;
#1340 = CARTESIAN_POINT ( 'NONE',  ( 523.1000000000004775, -1155.805262667903889, -1257.499999999999773 ) ) ;
#1341 = EDGE_LOOP ( 'NONE', ( #129, #424, #825, #1288 ) ) ;
#1342 = CARTESIAN_POINT ( 'NONE',  ( 672.1631233116455633, -1096.805262667903207, -1218.830127018921985 ) ) ;
#1343 = VERTEX_POINT ( 'NONE', #1108 ) ;
#1344 = EDGE_CURVE ( 'NONE', #744, #1220, #707, .T. ) ;
#1345 = DIRECTION ( 'NONE',  ( 1.000000000000000000, 0.000000000000000000, 0.000000000000000000 ) ) ;
#1346 = EDGE_CURVE ( 'NONE', #1620, #2364, #1870, .T. ) ;
#1347 = ORIENTED_EDGE ( 'NONE', *, *, #2147, .F. ) ;
#1348 = CARTESIAN_POINT ( 'NONE',  ( -665.2349200813694097, -1096.805262667903207, -1214.830127018921758 ) ) ;
#1349 = CARTESIAN_POINT ( 'NONE',  ( -523.1000000000003638, -1093.805262667903662, -1257.499999999999773 ) ) ;
#1350 = CARTESIAN_POINT ( 'NONE',  ( 643.8674066218874259, -1158.805262667903435, -1260.499999999999773 ) ) ;
#1351 = FACE_OUTER_BOUND ( 'NONE', #1282, .T. ) ;
#1352 = ORIENTED_EDGE ( 'NONE', *, *, #2254, .T. ) ;
#1353 = DIRECTION ( 'NONE',  ( -0.000000000000000000, 0.000000000000000000, 1.000000000000000000 ) ) ;
#1354 = EDGE_LOOP ( 'NONE', ( #2447, #39, #1026, #58 ) ) ;
#1355 = CLOSED_SHELL ( 'NONE', ( #2626, #2428, #852, #1776, #1910, #1363, #588, #1500, #269, #371, #2390, #453, #1689, #1661, #1614, #2226, #2176, #86, #2672, #817, #1332, #1977, #2543, #961, #699, #386, #165, #183, #54, #979, #87, #648, #1042, #748, #506, #2474, #934, #2273, #1064, #53, #932, #1210, #2062, #55, #649, #2348, #2210, #1382, #1747, #783, #1775, #884, #535, #1942, #1822, #1839, #1215, #1129, #2595, #1502, #1062, #2113, #661, #2459, #769, #1700, #1894, #300, #815, #2145, #167, #2060, #1009, #2392, #980, #2293 ) ) ;
#1356 = VECTOR ( 'NONE', #1705, 1000.000000000000000 ) ;
#1357 = LINE ( 'NONE', #1635, #1060 ) ;
#1358 = EDGE_LOOP ( 'NONE', ( #2065, #2303, #992, #2095 ) ) ;
#1359 = VECTOR ( 'NONE', #502, 1000.000000000000000 ) ;
#1360 = LINE ( 'NONE', #765, #584 ) ;
#1361 = CARTESIAN_POINT ( 'NONE',  ( 642.3315082370262417, -1096.805262667903435, -1254.499999999999545 ) ) ;
#1362 = VECTOR ( 'NONE', #1207, 1000.000000000000000 ) ;
#1363 = ADVANCED_FACE ( 'NONE', ( #1707 ), #76, .F. ) ;
#1364 = CARTESIAN_POINT ( 'NONE',  ( 638.8674066218876533, -1099.805262667903662, -1258.499999999999773 ) ) ;
#1365 = VECTOR ( 'NONE', #1716, 1000.000000000000000 ) ;
#1366 = CARTESIAN_POINT ( 'NONE',  ( 523.1000000000004775, -1113.805262667903662, -1257.499999999999773 ) ) ;
#1367 = ORIENTED_EDGE ( 'NONE', *, *, #1145, .F. ) ;
#1368 = AXIS2_PLACEMENT_3D ( 'NONE', #2425, #1196, #2465 ) ;
#1369 = LINE ( 'NONE', #1124, #923 ) ;
#1370 = VECTOR ( 'NONE', #1225, 1000.000000000000000 ) ;
#1371 = ORIENTED_EDGE ( 'NONE', *, *, #2307, .T. ) ;
#1372 = CARTESIAN_POINT ( 'NONE',  ( 1090.972523324353915, -1169.805262667903662, -1260.499999999999773 ) ) ;
#1373 = DIRECTION ( 'NONE',  ( 0.5000000000000014433, 0.000000000000000000, 0.8660254037844378194 ) ) ;
#1374 = VERTEX_POINT ( 'NONE', #1891 ) ;
#1375 = DIRECTION ( 'NONE',  ( 0.000000000000000000, 1.000000000000000000, 0.000000000000000000 ) ) ;
#1376 = DIRECTION ( 'NONE',  ( 0.000000000000000000, 1.000000000000000000, 0.000000000000000000 ) ) ;
#1377 = DIRECTION ( 'NONE',  ( -0.8660254037844380415, 0.000000000000000000, 0.5000000000000009992 ) ) ;
#1378 = EDGE_CURVE ( 'NONE', #406, #2039, #848, .T. ) ;
#1379 = CARTESIAN_POINT ( 'NONE',  ( 751.8936857975053272, -1096.805262667903435, -1064.732741877367744 ) ) ;
#1380 = EDGE_CURVE ( 'NONE', #1830, #430, #461, .T. ) ;
#1381 = VERTEX_POINT ( 'NONE', #2194 ) ;
#1382 = ADVANCED_FACE ( 'NONE', ( #563 ), #136, .F. ) ;
#1383 = DIRECTION ( 'NONE',  ( 0.000000000000000000, 0.000000000000000000, -1.000000000000000000 ) ) ;
#1384 = AXIS2_PLACEMENT_3D ( 'NONE', #2417, #811, #556 ) ;
#1385 = ORIENTED_EDGE ( 'NONE', *, *, #533, .T. ) ;
#1386 = ORIENTED_EDGE ( 'NONE', *, *, #1535, .T. ) ;
#1387 = FACE_OUTER_BOUND ( 'NONE', #988, .T. ) ;
#1388 = CYLINDRICAL_SURFACE ( 'NONE', #1972, 5.249999999999976907 ) ;
#1389 = ORIENTED_EDGE ( 'NONE', *, *, #1553, .F. ) ;
#1390 = DIRECTION ( 'NONE',  ( -1.000000000000000000, 0.000000000000000000, -0.000000000000000000 ) ) ;
#1391 = CARTESIAN_POINT ( 'NONE',  ( 1090.972523324353915, -1107.805262667903889, -1260.499999999999773 ) ) ;
#1392 = CYLINDRICAL_SURFACE ( 'NONE', #618, 1.000000000000000888 ) ;
#1393 = DIRECTION ( 'NONE',  ( 1.000000000000000000, 0.000000000000000000, 0.000000000000000000 ) ) ;
#1394 = ORIENTED_EDGE ( 'NONE', *, *, #2624, .F. ) ;
#1395 = CARTESIAN_POINT ( 'NONE',  ( 639.9745903457665008, -1095.408026192922762, -1258.582195518336448 ) ) ;
#1396 = ORIENTED_EDGE ( 'NONE', *, *, #2413, .T. ) ;
#1397 = EDGE_LOOP ( 'NONE', ( #858, #964, #959, #458 ) ) ;
#1398 = CARTESIAN_POINT ( 'NONE',  ( -642.0341120671996578, -1093.805262667903889, -1255.020632399706528 ) ) ;
#1399 = CARTESIAN_POINT ( 'NONE',  ( 552.1231010869422562, -1114.805262667903662, -1260.499999999999545 ) ) ;
#1400 = VECTOR ( 'NONE', #285, 1000.000000000000000 ) ;
#1401 = ORIENTED_EDGE ( 'NONE', *, *, #1175, .T. ) ;
#1402 = CARTESIAN_POINT ( 'NONE',  ( 519.9000000000004320, -1107.805262667903889, -1257.499999999999773 ) ) ;
#1403 = B_SPLINE_CURVE_WITH_KNOTS ( 'NONE', 3,
 ( #294, #1569, #1364, #1734 ),
 .UNSPECIFIED., .F., .F.,
 ( 4, 4 ),
 ( 0.000000000000000000, 1.000000000000000000 ),
 .UNSPECIFIED. ) ;
#1404 = VECTOR ( 'NONE', #1313, 1000.000000000000000 ) ;
#1405 = DIRECTION ( 'NONE',  ( -0.8660254037844363761, 0.000000000000000000, 0.5000000000000041078 ) ) ;
#1406 = AXIS2_PLACEMENT_3D ( 'NONE', #2082, #833, #418 ) ;
#1407 = LINE ( 'NONE', #1254, #715 ) ;
#1408 = LINE ( 'NONE', #377, #379 ) ;
#1409 = ORIENTED_EDGE ( 'NONE', *, *, #2026, .F. ) ;
#1410 = CARTESIAN_POINT ( 'NONE',  ( -540.0000000000002274, -1093.805262667903662, -1214.750000000452246 ) ) ;
#1411 = ORIENTED_EDGE ( 'NONE', *, *, #339, .T. ) ;
#1412 = ORIENTED_EDGE ( 'NONE', *, *, #569, .T. ) ;
#1413 = CARTESIAN_POINT ( 'NONE',  ( -640.6532063764839222, -1094.558293471711522, -1257.434233752729369 ) ) ;
#1414 = EDGE_CURVE ( 'NONE', #2039, #406, #2318, .T. ) ;
#1415 = LINE ( 'NONE', #1645, #931 ) ;
#1416 = EDGE_CURVE ( 'NONE', #530, #1717, #320, .T. ) ;
#1417 = VERTEX_POINT ( 'NONE', #2166 ) ;
#1418 = EDGE_CURVE ( 'NONE', #1866, #1636, #1541, .T. ) ;
#1419 = DIRECTION ( 'NONE',  ( -0.000000000000000000, 0.000000000000000000, 1.000000000000000000 ) ) ;
#1420 = DIRECTION ( 'NONE',  ( 0.000000000000000000, 1.000000000000000000, -0.000000000000000000 ) ) ;
#1421 = CARTESIAN_POINT ( 'NONE',  ( 639.3986631695358938, -1096.577536634093804, -1259.624210347256394 ) ) ;
#1422 = DIRECTION ( 'NONE',  ( -0.8660254037844380415, 0.000000000000000000, 0.5000000000000009992 ) ) ;
#1423 = CARTESIAN_POINT ( 'NONE',  ( 608.4639947775447126, -1163.805262667903662, -1254.499999999999773 ) ) ;
#1424 = ORIENTED_EDGE ( 'NONE', *, *, #17, .T. ) ;
#1425 = CARTESIAN_POINT ( 'NONE',  ( -640.4816924227355912, -1094.735849943829862, -1257.723694186877538 ) ) ;
#1426 = CARTESIAN_POINT ( 'NONE',  ( 546.8731010869423699, -1148.805262667896613, -1260.499999999999545 ) ) ;
#1427 = ORIENTED_EDGE ( 'NONE', *, *, #1731, .F. ) ;
#1428 = EDGE_CURVE ( 'NONE', #1561, #372, #144, .T. ) ;
#1429 = EDGE_CURVE ( 'NONE', #774, #2416, #1962, .T. ) ;
#1430 = FACE_OUTER_BOUND ( 'NONE', #2169, .T. ) ;
#1431 = DIRECTION ( 'NONE',  ( 0.8660254037844380415, 0.000000000000000000, 0.5000000000000009992 ) ) ;
#1432 = CARTESIAN_POINT ( 'NONE',  ( 639.9862072106564028, -1095.389414871994632, -1258.562061835629947 ) ) ;
#1433 = DIRECTION ( 'NONE',  ( -0.000000000000000000, 0.000000000000000000, 1.000000000000000000 ) ) ;
#1434 = CARTESIAN_POINT ( 'NONE',  ( 639.9789356573941177, -1095.401038882238481, -1258.574658027309397 ) ) ;
#1435 = EDGE_LOOP ( 'NONE', ( #2341, #43 ) ) ;
#1436 = VECTOR ( 'NONE', #1948, 1000.000000000000000 ) ;
#1437 = EDGE_LOOP ( 'NONE', ( #2236, #1923 ) ) ;
#1438 = FACE_OUTER_BOUND ( 'NONE', #2252, .T. ) ;
#1439 = EDGE_LOOP ( 'NONE', ( #1615, #503, #2188, #1953 ) ) ;
#1440 = CARTESIAN_POINT ( 'NONE',  ( 608.4639947775447126, -1163.805262667903662, -1254.499999999999773 ) ) ;
#1441 = VECTOR ( 'NONE', #937, 1000.000000000000000 ) ;
#1442 = FACE_OUTER_BOUND ( 'NONE', #2265, .T. ) ;
#1443 = CARTESIAN_POINT ( 'NONE',  ( 640.2069790383941381, -1097.436940752651708, -1256.342763636808741 ) ) ;
#1444 = AXIS2_PLACEMENT_3D ( 'NONE', #222, #1869, #19 ) ;
#1445 = EDGE_CURVE ( 'NONE', #1381, #1291, #1744, .T. ) ;
#1446 = DIRECTION ( 'NONE',  ( 0.000000000000000000, -1.000000000000000000, 0.000000000000000000 ) ) ;
#1447 = FACE_OUTER_BOUND ( 'NONE', #1753, .T. ) ;
#1448 = VECTOR ( 'NONE', #268, 1000.000000000000000 ) ;
#1449 = ORIENTED_EDGE ( 'NONE', *, *, #1551, .T. ) ;
#1450 = AXIS2_PLACEMENT_3D ( 'NONE', #2449, #591, #2648 ) ;
#1451 = DIRECTION ( 'NONE',  ( 0.8660254037844378194, 0.000000000000000000, 0.5000000000000014433 ) ) ;
#1452 = CARTESIAN_POINT ( 'NONE',  ( -639.9701315271499880, -1097.610261731583250, -1256.544987553298597 ) ) ;
#1453 = VECTOR ( 'NONE', #950, 1000.000000000000000 ) ;
#1454 = DATE_AND_TIME ( #1684, #2407 ) ;
#1455 = ORIENTED_EDGE ( 'NONE', *, *, #303, .F. ) ;
#1456 = DIRECTION ( 'NONE',  ( 0.000000000000000000, -1.000000000000000000, 0.000000000000000000 ) ) ;
#1457 = VERTEX_POINT ( 'NONE', #1795 ) ;
#1458 = CARTESIAN_POINT ( 'NONE',  ( -633.0939039299922797, -1166.805262667903662, -1210.499999999999773 ) ) ;
#1459 = CARTESIAN_POINT ( 'NONE',  ( 639.9797416861729289, -1095.399748263203492, -1258.573261253002329 ) ) ;
#1460 = LINE ( 'NONE', #393, #976 ) ;
#1461 = CARTESIAN_POINT ( 'NONE',  ( -519.9000000000004320, -1107.805262667903889, -1257.499999999999773 ) ) ;
#1462 = EDGE_CURVE ( 'NONE', #1841, #145, #357, .T. ) ;
#1463 = EDGE_CURVE ( 'NONE', #570, #1736, #712, .T. ) ;
#1464 = EDGE_CURVE ( 'NONE', #382, #2393, #1622, .T. ) ;
#1465 = ORIENTED_EDGE ( 'NONE', *, *, #1418, .T. ) ;
#1466 = ORIENTED_EDGE ( 'NONE', *, *, #534, .F. ) ;
#1467 = DIRECTION ( 'NONE',  ( -1.000000000000000000, -0.000000000000000000, -0.000000000000000000 ) ) ;
#1468 = APPROVAL_STATUS ( 'not_yet_approved' ) ;
#1469 = ORIENTED_EDGE ( 'NONE', *, *, #2344, .T. ) ;
#1470 = FACE_BOUND ( 'NONE', #1437, .T. ) ;
#1471 = VERTEX_POINT ( 'NONE', #551 ) ;
#1472 = CARTESIAN_POINT ( 'NONE',  ( 1090.972523324353915, -1113.805262667903662, -1257.499999999999773 ) ) ;
#1473 = CARTESIAN_POINT ( 'NONE',  ( -552.1231010869422562, -1148.805262667896613, -1257.499999999999545 ) ) ;
#1474 = CARTESIAN_POINT ( 'NONE',  ( 608.4639947775447126, -1169.805262667903662, -1254.500000000000000 ) ) ;
#1475 = DIRECTION ( 'NONE',  ( 0.000000000000000000, 0.000000000000000000, -1.000000000000000000 ) ) ;
#1476 = CARTESIAN_POINT ( 'NONE',  ( 1090.972523324353915, -1107.805262667903889, -1257.499999999999773 ) ) ;
#1477 = ORIENTED_EDGE ( 'NONE', *, *, #168, .F. ) ;
#1478 = LINE ( 'NONE', #659, #1749 ) ;
#1479 = CARTESIAN_POINT ( 'NONE',  ( -642.3315082370260143, -1095.805262667903662, -1254.499999999999545 ) ) ;
#1480 = ORIENTED_EDGE ( 'NONE', *, *, #2211, .F. ) ;
#1481 = CYLINDRICAL_SURFACE ( 'NONE', #1233, 5.000000000000115463 ) ;
#1482 = VECTOR ( 'NONE', #2501, 1000.000000000000114 ) ;
#1483 = ORIENTED_EDGE ( 'NONE', *, *, #850, .T. ) ;
#1484 = DIRECTION ( 'NONE',  ( -1.000000000000000000, 0.000000000000000000, 0.000000000000000000 ) ) ;
#1485 = CARTESIAN_POINT ( 'NONE',  ( 638.8674066218876533, -1093.805262667903662, -1257.499999999999773 ) ) ;
#1486 = DIRECTION ( 'NONE',  ( -0.000000000000000000, 0.000000000000000000, 1.000000000000000000 ) ) ;
#1487 = CIRCLE ( 'NONE', #731, 6.000000000000005329 ) ;
#1488 = DIRECTION ( 'NONE',  ( -0.000000000000000000, 0.000000000000000000, 1.000000000000000000 ) ) ;
#1489 = VECTOR ( 'NONE', #2070, 1000.000000000000000 ) ;
#1490 = VECTOR ( 'NONE', #1119, 1000.000000000000114 ) ;
#1491 = CARTESIAN_POINT ( 'NONE',  ( 643.8674066218874259, -1153.805262667903662, -1257.499999999999545 ) ) ;
#1492 = ORIENTED_EDGE ( 'NONE', *, *, #219, .T. ) ;
#1493 = FACE_OUTER_BOUND ( 'NONE', #784, .T. ) ;
#1494 = CIRCLE ( 'NONE', #1578, 5.249999999547227958 ) ;
#1495 = LINE ( 'NONE', #2305, #1482 ) ;
#1496 = DATE_TIME_ROLE ( 'creation_date' ) ;
#1497 = ORIENTED_EDGE ( 'NONE', *, *, #553, .F. ) ;
#1498 = VECTOR ( 'NONE', #1675, 1000.000000000000000 ) ;
#1499 = EDGE_CURVE ( 'NONE', #898, #1037, #279, .T. ) ;
#1500 = ADVANCED_FACE ( 'NONE', ( #1582 ), #739, .T. ) ;
#1501 = DIRECTION ( 'NONE',  ( 0.000000000000000000, 0.000000000000000000, 1.000000000000000000 ) ) ;
#1502 = ADVANCED_FACE ( 'NONE', ( #2589 ), #2370, .T. ) ;
#1503 = VECTOR ( 'NONE', #1746, 1000.000000000000114 ) ;
#1504 = ORIENTED_EDGE ( 'NONE', *, *, #2377, .F. ) ;
#1505 = LINE ( 'NONE', #353, #2565 ) ;
#1506 = DIRECTION ( 'NONE',  ( 0.000000000000000000, 0.000000000000000000, -1.000000000000000000 ) ) ;
#1507 = AXIS2_PLACEMENT_3D ( 'NONE', #2259, #2245, #997 ) ;
#1508 = CARTESIAN_POINT ( 'NONE',  ( -639.9620713700313672, -1097.616842427608617, -1256.552029488160088 ) ) ;
#1509 = CARTESIAN_POINT ( 'NONE',  ( -644.8674066218874259, -1157.805262667903662, -1257.499999999999545 ) ) ;
#1510 = LINE ( 'NONE', #65, #2617 ) ;
#1511 = ORIENTED_EDGE ( 'NONE', *, *, #1208, .F. ) ;
#1512 = FACE_OUTER_BOUND ( 'NONE', #558, .T. ) ;
#1513 = PERSON_AND_ORGANIZATION ( #2066, #108 ) ;
#1514 = ORIENTED_EDGE ( 'NONE', *, *, #2510, .F. ) ;
#1515 = DIRECTION ( 'NONE',  ( 0.000000000000000000, -1.000000000000000000, 0.000000000000000000 ) ) ;
#1516 = ORIENTED_EDGE ( 'NONE', *, *, #767, .T. ) ;
#1517 = CARTESIAN_POINT ( 'NONE',  ( -642.3315082370257869, -1093.805262667903662, -1254.499999999999545 ) ) ;
#1518 = EDGE_CURVE ( 'NONE', #1165, #1887, #113, .T. ) ;
#1519 = CARTESIAN_POINT ( 'NONE',  ( -608.4639947775445989, -1166.805262667903662, -1254.499999999999773 ) ) ;
#1520 = PLANE ( 'NONE',  #405 ) ;
#1521 = CARTESIAN_POINT ( 'NONE',  ( -668.3329962927228962, -1096.805262667903207, -1215.464101615137224 ) ) ;
#1522 = CARTESIAN_POINT ( 'NONE',  ( 1090.972523324353915, -1155.805262667903889, -1257.499999999999773 ) ) ;
#1523 = ORIENTED_EDGE ( 'NONE', *, *, #2378, .T. ) ;
#1524 = CARTESIAN_POINT ( 'NONE',  ( 523.1000000000004775, -1093.805262667903662, -1260.499999999999773 ) ) ;
#1525 = ORIENTED_EDGE ( 'NONE', *, *, #1730, .F. ) ;
#1526 = CARTESIAN_POINT ( 'NONE',  ( -1284.683459398313516, -1099.805262667903662, -1260.499999999999773 ) ) ;
#1527 = ORIENTED_EDGE ( 'NONE', *, *, #663, .F. ) ;
#1528 = CARTESIAN_POINT ( 'NONE',  ( -608.4639947775445989, -1166.805262667903662, -1254.499999999999773 ) ) ;
#1529 = CARTESIAN_POINT ( 'NONE',  ( 639.9894659142786395, -1097.594749092820848, -1256.528212146278747 ) ) ;
#1530 = LINE ( 'NONE', #475, #1490 ) ;
#1531 = CARTESIAN_POINT ( 'NONE',  ( 643.8674066218874259, -1158.805262667903435, -1257.499999999999545 ) ) ;
#1532 = VECTOR ( 'NONE', #245, 1000.000000000000000 ) ;
#1533 = EDGE_CURVE ( 'NONE', #1723, #1636, #2395, .T. ) ;
#1534 = CARTESIAN_POINT ( 'NONE',  ( -638.8674066218875396, -1099.805262667903662, -1257.499999999999773 ) ) ;
#1535 = EDGE_CURVE ( 'NONE', #1896, #1543, #410, .T. ) ;
#1536 = VECTOR ( 'NONE', #1353, 1000.000000000000000 ) ;
#1537 = ORIENTED_EDGE ( 'NONE', *, *, #2495, .F. ) ;
#1538 = CARTESIAN_POINT ( 'NONE',  ( -638.8674066218875396, -1093.805262667903662, -1260.499999999999773 ) ) ;
#1539 = AXIS2_PLACEMENT_3D ( 'NONE', #724, #1567, #1975 ) ;
#1540 = ORIENTED_EDGE ( 'NONE', *, *, #2375, .T. ) ;
#1541 = CIRCLE ( 'NONE', #103, 5.249999999999976907 ) ;
#1542 = CARTESIAN_POINT ( 'NONE',  ( -540.0000000000002274, -1096.805262667903435, -1219.999999999999545 ) ) ;
#1543 = VERTEX_POINT ( 'NONE', #1132 ) ;
#1544 = VECTOR ( 'NONE', #247, 1000.000000000000000 ) ;
#1545 = DIRECTION ( 'NONE',  ( 1.000000000000000000, -0.000000000000000000, 0.000000000000000000 ) ) ;
#1546 = DIRECTION ( 'NONE',  ( 0.000000000000000000, 0.000000000000000000, -1.000000000000000000 ) ) ;
#1547 = CARTESIAN_POINT ( 'NONE',  ( -672.1631233116455633, -1093.805262667903435, -1218.830127018921985 ) ) ;
#1548 = PLANE ( 'NONE',  #2362 ) ;
#1549 = EDGE_LOOP ( 'NONE', ( #2020, #2504, #1206, #1646 ) ) ;
#1550 = CARTESIAN_POINT ( 'NONE',  ( 1090.972523324353915, -1149.805262667903889, -1260.499999999999773 ) ) ;
#1551 = EDGE_CURVE ( 'NONE', #2473, #1563, #1494, .T. ) ;
#1552 = EDGE_CURVE ( 'NONE', #2223, #2198, #346, .T. ) ;
#1553 = EDGE_CURVE ( 'NONE', #1417, #447, #1952, .T. ) ;
#1554 = ORIENTED_EDGE ( 'NONE', *, *, #337, .F. ) ;
#1555 = DIRECTION ( 'NONE',  ( 0.000000000000000000, 0.000000000000000000, -1.000000000000000000 ) ) ;
#1556 = VERTEX_POINT ( 'NONE', #689 ) ;
#1557 = LINE ( 'NONE', #2215, #1055 ) ;
#1558 = DIRECTION ( 'NONE',  ( 0.000000000000000000, 0.000000000000000000, -1.000000000000000000 ) ) ;
#1559 = FACE_OUTER_BOUND ( 'NONE', #243, .T. ) ;
#1560 = CARTESIAN_POINT ( 'NONE',  ( 552.1231010869422562, -1148.805262667896613, -1260.499999999999545 ) ) ;
#1561 = VERTEX_POINT ( 'NONE', #1491 ) ;
#1562 = LINE ( 'NONE', #1550, #1441 ) ;
#1563 = VERTEX_POINT ( 'NONE', #295 ) ;
#1564 = PLANE ( 'NONE',  #415 ) ;
#1565 = ORIENTED_EDGE ( 'NONE', *, *, #1028, .F. ) ;
#1566 = CARTESIAN_POINT ( 'NONE',  ( 608.4639947775447126, -1166.805262667903662, -1254.500000000000000 ) ) ;
#1567 = DIRECTION ( 'NONE',  ( -1.000000000000000000, 0.000000000000000000, 0.000000000000000000 ) ) ;
#1568 = AXIS2_PLACEMENT_3D ( 'NONE', #85, #1592, #2619 ) ;
#1569 = CARTESIAN_POINT ( 'NONE',  ( 638.8674066218876533, -1099.805262667903662, -1259.499999999999545 ) ) ;
#1570 = CARTESIAN_POINT ( 'NONE',  ( 613.4639947775447126, -1163.805262667903435, -1260.499999999999773 ) ) ;
#1571 = ORIENTED_EDGE ( 'NONE', *, *, #1161, .F. ) ;
#1572 = CARTESIAN_POINT ( 'NONE',  ( -552.1231010869422562, -1148.805262667896613, -1260.499999999999545 ) ) ;
#1573 = ORIENTED_EDGE ( 'NONE', *, *, #2257, .F. ) ;
#1574 = LINE ( 'NONE', #559, #1040 ) ;
#1575 = CARTESIAN_POINT ( 'NONE',  ( 539.9999999999997726, -1096.805262667903435, -1214.750000000452246 ) ) ;
#1576 = ORIENTED_EDGE ( 'NONE', *, *, #1647, .F. ) ;
#1577 = EDGE_CURVE ( 'NONE', #1291, #2469, #1748, .T. ) ;
#1578 = AXIS2_PLACEMENT_3D ( 'NONE', #1987, #953, #2205 ) ;
#1579 = EDGE_CURVE ( 'NONE', #1603, #83, #753, .T. ) ;
#1580 = EDGE_CURVE ( 'NONE', #2004, #1003, #499, .T. ) ;
#1581 = DIRECTION ( 'NONE',  ( 0.000000000000000000, 1.000000000000000000, -0.000000000000000000 ) ) ;
#1582 = FACE_OUTER_BOUND ( 'NONE', #338, .T. ) ;
#1583 = VECTOR ( 'NONE', #2437, 1000.000000000000000 ) ;
#1584 = CARTESIAN_POINT ( 'NONE',  ( 642.3315082370262417, -1093.805262667903662, -1254.499999999999318 ) ) ;
#1585 = VECTOR ( 'NONE', #1765, 1000.000000000000000 ) ;
#1586 = CARTESIAN_POINT ( 'NONE',  ( 725.9129236839734176, -1166.805262667903662, -1049.732741877366834 ) ) ;
#1587 = ORIENTED_EDGE ( 'NONE', *, *, #2008, .F. ) ;
#1588 = CIRCLE ( 'NONE', #417, 2.999999999999891642 ) ;
#1589 = DIRECTION ( 'NONE',  ( 0.000000000000000000, 1.000000000000000000, 0.000000000000000000 ) ) ;
#1590 = ORIENTED_EDGE ( 'NONE', *, *, #421, .F. ) ;
#1591 = ORIENTED_EDGE ( 'NONE', *, *, #701, .T. ) ;
#1592 = DIRECTION ( 'NONE',  ( 0.000000000000000000, -1.000000000000000000, 0.000000000000000000 ) ) ;
#1593 = DIRECTION ( 'NONE',  ( 1.000000000000000000, 0.000000000000000000, 0.000000000000000000 ) ) ;
#1594 = ORIENTED_EDGE ( 'NONE', *, *, #1535, .F. ) ;
#1595 = FACE_OUTER_BOUND ( 'NONE', #408, .T. ) ;
#1596 = DIRECTION ( 'NONE',  ( 0.5000000000000014433, 0.000000000000000000, 0.8660254037844378194 ) ) ;
#1597 = FACE_OUTER_BOUND ( 'NONE', #143, .T. ) ;
#1598 = CARTESIAN_POINT ( 'NONE',  ( 640.0400758939819070, -1095.305747397342429, -1258.469307988117862 ) ) ;
#1599 = VECTOR ( 'NONE', #1874, 1000.000000000000000 ) ;
#1600 = ORIENTED_EDGE ( 'NONE', *, *, #254, .T. ) ;
#1601 = DIRECTION ( 'NONE',  ( 0.000000000000000000, -1.000000000000000000, 0.000000000000000000 ) ) ;
#1602 = AXIS2_PLACEMENT_3D ( 'NONE', #2033, #156, #1383 ) ;
#1603 = VERTEX_POINT ( 'NONE', #1273 ) ;
#1604 = ORIENTED_EDGE ( 'NONE', *, *, #2656, .T. ) ;
#1605 = CARTESIAN_POINT ( 'NONE',  ( -639.9478020120010342, -1095.451975238807563, -1258.629045896131856 ) ) ;
#1606 = ORIENTED_EDGE ( 'NONE', *, *, #2309, .F. ) ;
#1607 = LINE ( 'NONE', #1637, #1583 ) ;
#1608 = LINE ( 'NONE', #1988, #2409 ) ;
#1609 = CARTESIAN_POINT ( 'NONE',  ( 640.6725574348187138, -1097.171655039654524, -1255.948844632150212 ) ) ;
#1610 = ORIENTED_EDGE ( 'NONE', *, *, #2346, .F. ) ;
#1611 = PLANE ( 'NONE',  #1384 ) ;
#1612 = EDGE_CURVE ( 'NONE', #1154, #316, #1922, .T. ) ;
#1613 = EDGE_CURVE ( 'NONE', #1543, #81, #1122, .T. ) ;
#1614 = ADVANCED_FACE ( 'NONE', ( #1069 ), #477, .T. ) ;
#1615 = ORIENTED_EDGE ( 'NONE', *, *, #1659, .F. ) ;
#1616 = ORIENTED_EDGE ( 'NONE', *, *, #2257, .T. ) ;
#1617 = CARTESIAN_POINT ( 'NONE',  ( -639.9620713700313672, -1097.616842427608617, -1256.552029488160088 ) ) ;
#1618 = CARTESIAN_POINT ( 'NONE',  ( 552.1231010869422562, -1148.805262667896613, -1257.499999999999545 ) ) ;
#1619 = VECTOR ( 'NONE', #1751, 1000.000000000000114 ) ;
#1620 = VERTEX_POINT ( 'NONE', #282 ) ;
#1621 = DIRECTION ( 'NONE',  ( 1.000000000000000000, 0.000000000000000000, 0.000000000000000000 ) ) ;
#1622 = CIRCLE ( 'NONE', #2576, 1.000000000000000888 ) ;
#1623 = PLANE ( 'NONE',  #1368 ) ;
#1624 = AXIS2_PLACEMENT_3D ( 'NONE', #2253, #164, #1621 ) ;
#1625 = CARTESIAN_POINT ( 'NONE',  ( 640.0059669634341617, -1095.358240276461174, -1258.527932011666280 ) ) ;
#1626 = LINE ( 'NONE', #1665, #2136 ) ;
#1627 = CARTESIAN_POINT ( 'NONE',  ( -546.8731010869423699, -1114.805262667903662, -1257.499999999999545 ) ) ;
#1628 = AXIS2_PLACEMENT_3D ( 'NONE', #601, #1044, #1501 ) ;
#1629 = LOCAL_TIME ( 16, 44, 19.00000000000000000, #1249 ) ;
#1630 = AXIS2_PLACEMENT_3D ( 'NONE', #1859, #2272, #419 ) ;
#1631 = EDGE_LOOP ( 'NONE', ( #1137, #1427, #705, #1710 ) ) ;
#1632 = EDGE_CURVE ( 'NONE', #481, #493, #2117, .T. ) ;
#1633 = CARTESIAN_POINT ( 'NONE',  ( -640.0677198634493834, -1097.531007368959536, -1256.459817531835597 ) ) ;
#1634 = EDGE_CURVE ( 'NONE', #1717, #2074, #1693, .T. ) ;
#1635 = CARTESIAN_POINT ( 'NONE',  ( -1284.683459398313516, -1093.805262667903662, -1254.499999999999318 ) ) ;
#1636 = VERTEX_POINT ( 'NONE', #676 ) ;
#1637 = CARTESIAN_POINT ( 'NONE',  ( 523.1000000000004775, -1093.805262667903662, -1257.499999999999773 ) ) ;
#1638 = CARTESIAN_POINT ( 'NONE',  ( -206.4074241353259822, -1096.805262667903435, -2009.542661907070169 ) ) ;
#1639 = CARTESIAN_POINT ( 'NONE',  ( 640.0262109553156051, -1097.566053099178816, -1256.496543249701517 ) ) ;
#1640 = CARTESIAN_POINT ( 'NONE',  ( 1090.972523324353915, -1149.805262667903889, -1257.499999999999773 ) ) ;
#1641 = CARTESIAN_POINT ( 'NONE',  ( 640.0827775422187642, -1095.242027477320335, -1258.396287835058502 ) ) ;
#1642 = ORIENTED_EDGE ( 'NONE', *, *, #553, .T. ) ;
#1643 = EDGE_LOOP ( 'NONE', ( #1600, #2308, #412, #218 ) ) ;
#1644 = CARTESIAN_POINT ( 'NONE',  ( -639.9620713700313672, -1095.428422187313799, -1258.604058976320403 ) ) ;
#1645 = CARTESIAN_POINT ( 'NONE',  ( 644.8674066218874259, -1093.805262667903662, -1260.499999999999773 ) ) ;
#1646 = ORIENTED_EDGE ( 'NONE', *, *, #507, .T. ) ;
#1647 = EDGE_CURVE ( 'NONE', #945, #1903, #50, .T. ) ;
#1648 = LINE ( 'NONE', #2664, #889 ) ;
#1649 = CARTESIAN_POINT ( 'NONE',  ( -608.4639947775447126, -1163.805262667903662, -1254.499999999999773 ) ) ;
#1650 = CARTESIAN_POINT ( 'NONE',  ( 639.6516604487197810, -1095.928971235466406, -1259.142785954654073 ) ) ;
#1651 = DIRECTION ( 'NONE',  ( -0.000000000000000000, 0.000000000000000000, 1.000000000000000000 ) ) ;
#1652 = CARTESIAN_POINT ( 'NONE',  ( 638.8674066218874259, -1153.805262667903662, -1257.499999999999545 ) ) ;
#1653 = ORIENTED_EDGE ( 'NONE', *, *, #1416, .T. ) ;
#1654 = VERTEX_POINT ( 'NONE', #1287 ) ;
#1655 = CARTESIAN_POINT ( 'NONE',  ( -640.4816924227355912, -1097.270556305866648, -1256.111847093438428 ) ) ;
#1656 = EDGE_LOOP ( 'NONE', ( #1803, #650, #1465, #2295 ) ) ;
#1657 = DIRECTION ( 'NONE',  ( 0.000000000000000000, 1.000000000000000000, 0.000000000000000000 ) ) ;
#1658 = ORIENTED_EDGE ( 'NONE', *, *, #1699, .T. ) ;
#1659 = EDGE_CURVE ( 'NONE', #2579, #2089, #313, .T. ) ;
#1660 = DIRECTION ( 'NONE',  ( 0.000000000000000000, 0.000000000000000000, 1.000000000000000000 ) ) ;
#1661 = ADVANCED_FACE ( 'NONE', ( #2359 ), #1735, .T. ) ;
#1662 = EDGE_CURVE ( 'NONE', #570, #1334, #2562, .T. ) ;
#1663 = CARTESIAN_POINT ( 'NONE',  ( 639.9894659142786395, -1095.384235517738034, -1258.556424292557494 ) ) ;
#1664 = VECTOR ( 'NONE', #1797, 1000.000000000000114 ) ;
#1665 = CARTESIAN_POINT ( 'NONE',  ( 674.6631233116455633, -1093.805262667903435, -1214.499999999999773 ) ) ;
#1666 = LINE ( 'NONE', #1461, #2379 ) ;
#1667 = VECTOR ( 'NONE', #1376, 1000.000000000000000 ) ;
#1668 = ORIENTED_EDGE ( 'NONE', *, *, #1012, .F. ) ;
#1669 = VECTOR ( 'NONE', #319, 1000.000000000000000 ) ;
#1670 = CARTESIAN_POINT ( 'NONE',  ( -638.8674066218875396, -1153.805262667903662, -1260.499999999999773 ) ) ;
#1671 = CARTESIAN_POINT ( 'NONE',  ( 552.1231010869422562, -1114.805262667903662, -1257.499999999999545 ) ) ;
#1672 = AXIS2_PLACEMENT_3D ( 'NONE', #2282, #1281, #2556 ) ;
#1673 = EDGE_LOOP ( 'NONE', ( #2513, #1082, #1267, #978 ) ) ;
#1674 = AXIS2_PLACEMENT_3D ( 'NONE', #1820, #2649, #1420 ) ;
#1675 = DIRECTION ( 'NONE',  ( -0.000000000000000000, 0.000000000000000000, 1.000000000000000000 ) ) ;
#1676 = ORIENTED_EDGE ( 'NONE', *, *, #1445, .T. ) ;
#1677 = PLANE ( 'NONE',  #2313 ) ;
#1678 = CARTESIAN_POINT ( 'NONE',  ( 639.9813537437303239, -1097.601214846518815, -1256.535233852194551 ) ) ;
#1679 = CARTESIAN_POINT ( 'NONE',  ( -639.8231357773294121, -1097.738554535321555, -1256.675056230695418 ) ) ;
#1680 = DIRECTION ( 'NONE',  ( -1.000000000000000000, -0.000000000000000000, -0.000000000000000000 ) ) ;
#1681 = ORIENTED_EDGE ( 'NONE', *, *, #1730, .T. ) ;
#1682 = CARTESIAN_POINT ( 'NONE',  ( 523.1000000000004775, -1107.805262667903889, -1257.499999999999773 ) ) ;
#1683 = CARTESIAN_POINT ( 'NONE',  ( -642.3315082370257869, -1096.805262667903662, -1254.499999999999545 ) ) ;
#1684 = CALENDAR_DATE ( 2026, 11, 7 ) ;
#1685 = ORIENTED_EDGE ( 'NONE', *, *, #217, .T. ) ;
#1686 = DIRECTION ( 'NONE',  ( 1.000000000000000000, 0.000000000000000000, 0.000000000000000000 ) ) ;
#1687 = EDGE_LOOP ( 'NONE', ( #2032, #1740, #2108, #134 ) ) ;
#1688 = CARTESIAN_POINT ( 'NONE',  ( -639.0516884048598740, -1098.031611273660246, -1260.290405342958820 ) ) ;
#1689 = ADVANCED_FACE ( 'NONE', ( #2552 ), #1327, .T. ) ;
#1690 = CARTESIAN_POINT ( 'NONE',  ( 639.9797416861729289, -1097.602505465553577, -1256.536630626501164 ) ) ;
#1691 = CARTESIAN_POINT ( 'NONE',  ( -638.9290309432708455, -1099.348520864800776, -1257.499999999999545 ) ) ;
#1692 = DIRECTION ( 'NONE',  ( 0.000000000000000000, -1.000000000000000000, 0.000000000000000000 ) ) ;
#1693 = LINE ( 'NONE', #38, #1228 ) ;
#1694 = EDGE_CURVE ( 'NONE', #1941, #2442, #1510, .T. ) ;
#1695 = ORIENTED_EDGE ( 'NONE', *, *, #1499, .F. ) ;
#1696 = CARTESIAN_POINT ( 'NONE',  ( 1090.972523324353915, -1155.805262667903889, -1257.499999999999773 ) ) ;
#1697 = EDGE_CURVE ( 'NONE', #109, #2074, #2335, .T. ) ;
#1698 = FACE_OUTER_BOUND ( 'NONE', #1916, .T. ) ;
#1699 = EDGE_CURVE ( 'NONE', #1343, #1135, #2321, .T. ) ;
#1700 = ADVANCED_FACE ( 'NONE', ( #360 ), #554, .T. ) ;
#1701 = PERSON_AND_ORGANIZATION_ROLE ( 'creator' ) ;
#1702 = ORIENTED_EDGE ( 'NONE', *, *, #1226, .F. ) ;
#1703 = LINE ( 'NONE', #482, #626 ) ;
#1704 = ORIENTED_EDGE ( 'NONE', *, *, #2006, .T. ) ;
#1705 = DIRECTION ( 'NONE',  ( 0.000000000000000000, -1.000000000000000000, 0.000000000000000000 ) ) ;
#1706 = CARTESIAN_POINT ( 'NONE',  ( 639.0300207737647042, -1098.939984552815986, -1257.401763350381088 ) ) ;
#1707 = FACE_OUTER_BOUND ( 'NONE', #364, .T. ) ;
#1708 = CARTESIAN_POINT ( 'NONE',  ( 643.8674066218874259, -1153.805262667903662, -1260.499999999999773 ) ) ;
#1709 = CARTESIAN_POINT ( 'NONE',  ( 667.8329962927230099, -1096.805262667903207, -1216.330127018921758 ) ) ;
#1710 = ORIENTED_EDGE ( 'NONE', *, *, #732, .T. ) ;
#1711 = LINE ( 'NONE', #2290, #1963 ) ;
#1712 = VECTOR ( 'NONE', #2343, 1000.000000000000000 ) ;
#1713 = ORIENTED_EDGE ( 'NONE', *, *, #1414, .T. ) ;
#1714 = EDGE_CURVE ( 'NONE', #2277, #838, #664, .T. ) ;
#1715 = VECTOR ( 'NONE', #548, 1000.000000000000000 ) ;
#1716 = DIRECTION ( 'NONE',  ( 1.000000000000000000, 0.000000000000000000, 0.000000000000000000 ) ) ;
#1717 = VERTEX_POINT ( 'NONE', #139 ) ;
#1718 = CARTESIAN_POINT ( 'NONE',  ( -644.8674066218874259, -1157.805262667903662, -1257.499999999999545 ) ) ;
#1719 = DIRECTION ( 'NONE',  ( 0.000000000000000000, 0.000000000000000000, -1.000000000000000000 ) ) ;
#1720 = LINE ( 'NONE', #2560, #1966 ) ;
#1721 = CARTESIAN_POINT ( 'NONE',  ( 519.9000000000004320, -1149.805262667903889, -1257.499999999999773 ) ) ;
#1722 = DIRECTION ( 'NONE',  ( 1.000000000000000000, 0.000000000000000000, 0.000000000000000000 ) ) ;
#1723 = VERTEX_POINT ( 'NONE', #2372 ) ;
#1724 = VERTEX_POINT ( 'NONE', #1169 ) ;
#1725 = ORIENTED_EDGE ( 'NONE', *, *, #1248, .T. ) ;
#1726 = VECTOR ( 'NONE', #836, 1000.000000000000000 ) ;
#1727 = LINE ( 'NONE', #57, #1498 ) ;
#1728 = ORIENTED_EDGE ( 'NONE', *, *, #1551, .F. ) ;
#1729 = CARTESIAN_POINT ( 'NONE',  ( -640.6532063764839222, -1094.558293471711750, -1257.434233752729597 ) ) ;
#1730 = EDGE_CURVE ( 'NONE', #571, #2609, #2168, .T. ) ;
#1731 = EDGE_CURVE ( 'NONE', #883, #1123, #582, .T. ) ;
#1732 = CYLINDRICAL_SURFACE ( 'NONE', #713, 5.249999999999976907 ) ;
#1733 = CARTESIAN_POINT ( 'NONE',  ( -552.1231010869422562, -1114.805262667903662, -1257.499999999999545 ) ) ;
#1734 = CARTESIAN_POINT ( 'NONE',  ( 638.8674066218876533, -1099.805262667903662, -1257.499999999999545 ) ) ;
#1735 = PLANE ( 'NONE',  #1832 ) ;
#1736 = VERTEX_POINT ( 'NONE', #517 ) ;
#1737 = DIRECTION ( 'NONE',  ( 1.000000000000000000, 0.000000000000000000, 0.000000000000000000 ) ) ;
#1738 = ORIENTED_EDGE ( 'NONE', *, *, #1301, .T. ) ;
#1739 = LINE ( 'NONE', #2568, #2275 ) ;
#1740 = ORIENTED_EDGE ( 'NONE', *, *, #1012, .T. ) ;
#1741 = FACE_OUTER_BOUND ( 'NONE', #56, .T. ) ;
#1742 = CARTESIAN_POINT ( 'NONE',  ( 1090.972523324353915, -1155.805262667903889, -1260.499999999999773 ) ) ;
#1743 = EDGE_CURVE ( 'NONE', #351, #855, #2000, .T. ) ;
#1744 = LINE ( 'NONE', #1349, #1667 ) ;
#1745 = EDGE_CURVE ( 'NONE', #662, #2596, #716, .T. ) ;
#1746 = DIRECTION ( 'NONE',  ( 0.5000000000000014433, 0.000000000000000000, 0.8660254037844378194 ) ) ;
#1747 = ADVANCED_FACE ( 'NONE', ( #1978 ), #1548, .F. ) ;
#1748 = LINE ( 'NONE', #1476, #968 ) ;
#1749 = VECTOR ( 'NONE', #1924, 1000.000000000000000 ) ;
#1750 = ORIENTED_EDGE ( 'NONE', *, *, #2607, .F. ) ;
#1751 = DIRECTION ( 'NONE',  ( -0.8660254037844380415, 0.000000000000000000, 0.5000000000000009992 ) ) ;
#1752 = AXIS2_PLACEMENT_3D ( 'NONE', #2142, #2302, #1909 ) ;
#1753 = EDGE_LOOP ( 'NONE', ( #1116, #1315, #600, #1792 ) ) ;
#1754 = AXIS2_PLACEMENT_3D ( 'NONE', #965, #1545, #941 ) ;
#1755 = CARTESIAN_POINT ( 'NONE',  ( -540.0000000000002274, -1096.805262667903435, -1214.750000000452246 ) ) ;
#1756 = EDGE_LOOP ( 'NONE', ( #1352, #259, #1900, #66 ) ) ;
#1757 = CARTESIAN_POINT ( 'NONE',  ( 668.3329962927228962, -1096.805262667903207, -1215.464101615137224 ) ) ;
#1758 = DIRECTION ( 'NONE',  ( 1.000000000000000000, 0.000000000000000000, 0.000000000000000000 ) ) ;
#1759 = CARTESIAN_POINT ( 'NONE',  ( 667.7349200813698644, -1096.805262667903435, -1210.499999999999545 ) ) ;
#1760 = DIRECTION ( 'NONE',  ( 1.000000000000000000, 0.000000000000000000, 0.000000000000000000 ) ) ;
#1761 = ORIENTED_EDGE ( 'NONE', *, *, #168, .T. ) ;
#1762 = FACE_OUTER_BOUND ( 'NONE', #652, .T. ) ;
#1763 = CC_DESIGN_PERSON_AND_ORGANIZATION_ASSIGNMENT ( #427, #857, ( #2284 ) ) ;
#1764 = ORIENTED_EDGE ( 'NONE', *, *, #2256, .T. ) ;
#1765 = DIRECTION ( 'NONE',  ( 0.000000000000000000, -1.000000000000000000, 0.000000000000000000 ) ) ;
#1766 = ORIENTED_EDGE ( 'NONE', *, *, #421, .T. ) ;
#1767 = CARTESIAN_POINT ( 'NONE',  ( -668.3329962927228962, -1093.805262667903435, -1215.464101615137224 ) ) ;
#1768 = CARTESIAN_POINT ( 'NONE',  ( 643.8674066218874259, -1154.805262667903435, -1260.499999999999545 ) ) ;
#1769 = LINE ( 'NONE', #1531, #2628 ) ;
#1770 = CARTESIAN_POINT ( 'NONE',  ( 644.8674066218874259, -1157.805262667903662, -1257.499999999999545 ) ) ;
#1771 = ORIENTED_EDGE ( 'NONE', *, *, #1463, .F. ) ;
#1772 = FACE_OUTER_BOUND ( 'NONE', #566, .T. ) ;
#1773 = EDGE_CURVE ( 'NONE', #945, #2153, #1010, .T. ) ;
#1774 = ORIENTED_EDGE ( 'NONE', *, *, #2211, .T. ) ;
#1775 = ADVANCED_FACE ( 'NONE', ( #125 ), #104, .T. ) ;
#1776 = ADVANCED_FACE ( 'NONE', ( #1351 ), #348, .F. ) ;
#1777 = LINE ( 'NONE', #1126, #238 ) ;
#1778 = EDGE_LOOP ( 'NONE', ( #1217, #632, #2354, #666 ) ) ;
#1779 = DIRECTION ( 'NONE',  ( 0.000000000000000000, 1.000000000000000000, -0.000000000000000000 ) ) ;
#1780 = DIRECTION ( 'NONE',  ( 0.000000000000000000, 0.000000000000000000, -1.000000000000000000 ) ) ;
#1781 = DIRECTION ( 'NONE',  ( 0.000000000000000000, -1.000000000000000000, 0.000000000000000000 ) ) ;
#1782 = CARTESIAN_POINT ( 'NONE',  ( 640.6725574348187138, -1094.538047411405159, -1257.397689264300880 ) ) ;
#1783 = ORIENTED_EDGE ( 'NONE', *, *, #1979, .T. ) ;
#1784 = CARTESIAN_POINT ( 'NONE',  ( -672.1631233116455633, -1096.805262667903207, -1218.830127018921985 ) ) ;
#1785 = VECTOR ( 'NONE', #1275, 1000.000000000000000 ) ;
#1786 = VERTEX_POINT ( 'NONE', #1366 ) ;
#1787 = VERTEX_POINT ( 'NONE', #2591 ) ;
#1788 = CYLINDRICAL_SURFACE ( 'NONE', #1262, 0.9999999999998898659 ) ;
#1789 = AXIS2_PLACEMENT_3D ( 'NONE', #1733, #1486, #1067 ) ;
#1790 = CARTESIAN_POINT ( 'NONE',  ( 671.1990216965073159, -1096.805262667903207, -1212.499999999999545 ) ) ;
#1791 = EDGE_CURVE ( 'NONE', #1334, #2670, #2197, .T. ) ;
#1792 = ORIENTED_EDGE ( 'NONE', *, *, #1246, .F. ) ;
#1793 = VECTOR ( 'NONE', #1302, 1000.000000000000000 ) ;
#1794 = DIRECTION ( 'NONE',  ( 0.000000000000000000, 0.000000000000000000, -1.000000000000000000 ) ) ;
#1795 = CARTESIAN_POINT ( 'NONE',  ( -608.4639947775447126, -1169.805262667903662, -1254.499999999999773 ) ) ;
#1796 = VECTOR ( 'NONE', #2332, 1000.000000000000000 ) ;
#1797 = DIRECTION ( 'NONE',  ( 0.5000000000000011102, 0.000000000000000000, 0.8660254037844379305 ) ) ;
#1798 = VECTOR ( 'NONE', #2173, 1000.000000000000000 ) ;
#1799 = DIRECTION ( 'NONE',  ( 1.000000000000000000, -0.000000000000000000, 0.000000000000000000 ) ) ;
#1800 = ORIENTED_EDGE ( 'NONE', *, *, #102, .F. ) ;
#1801 = DIRECTION ( 'NONE',  ( 1.000000000000000000, 0.000000000000000000, 0.000000000000000000 ) ) ;
#1802 = ORIENTED_EDGE ( 'NONE', *, *, #1981, .F. ) ;
#1803 = ORIENTED_EDGE ( 'NONE', *, *, #685, .F. ) ;
#1804 = CARTESIAN_POINT ( 'NONE',  ( -641.7621994001219718, -1093.872816437288748, -1255.503175490197009 ) ) ;
#1805 = ORIENTED_EDGE ( 'NONE', *, *, #568, .F. ) ;
#1806 = PLANE ( 'NONE',  #1624 ) ;
#1807 = CC_DESIGN_PERSON_AND_ORGANIZATION_ASSIGNMENT ( #2338, #1701, ( #2606 ) ) ;
#1808 = EDGE_CURVE ( 'NONE', #1306, #1556, #799, .T. ) ;
#1809 = DIRECTION ( 'NONE',  ( -1.000000000000000000, 0.000000000000000000, 0.000000000000000000 ) ) ;
#1810 = EDGE_CURVE ( 'NONE', #186, #2681, #2660, .T. ) ;
#1811 = CARTESIAN_POINT ( 'NONE',  ( -519.9000000000004320, -1113.805262667903662, -1257.499999999999773 ) ) ;
#1812 = ORIENTED_EDGE ( 'NONE', *, *, #2196, .F. ) ;
#1813 = CARTESIAN_POINT ( 'NONE',  ( 641.7731922183470488, -1093.869409442444521, -1255.479695639837701 ) ) ;
#1814 = AXIS2_PLACEMENT_3D ( 'NONE', #267, #1272, #1692 ) ;
#1815 = ORIENTED_EDGE ( 'NONE', *, *, #1211, .T. ) ;
#1816 = CARTESIAN_POINT ( 'NONE',  ( -639.9525472468044427, -1097.624681668969515, -1256.560363862002760 ) ) ;
#1817 = CARTESIAN_POINT ( 'NONE',  ( 539.9999999999997726, -1096.805262667903435, -1219.999999999999545 ) ) ;
#1818 = ORIENTED_EDGE ( 'NONE', *, *, #735, .T. ) ;
#1819 = DIRECTION ( 'NONE',  ( 0.000000000000000000, 0.000000000000000000, 1.000000000000000000 ) ) ;
#1820 = CARTESIAN_POINT ( 'NONE',  ( -638.8674066218875396, -1093.805262667903662, -1257.499999999999773 ) ) ;
#1821 = CARTESIAN_POINT ( 'NONE',  ( 640.4996553202203131, -1097.260067333723782, -1256.095530015119948 ) ) ;
#1822 = ADVANCED_FACE ( 'NONE', ( #323 ), #2182, .T. ) ;
#1823 = DIRECTION ( 'NONE',  ( -0.000000000000000000, -1.000000000000000000, 0.000000000000000000 ) ) ;
#1824 = ORIENTED_EDGE ( 'NONE', *, *, #785, .F. ) ;
#1825 = EDGE_CURVE ( 'NONE', #1293, #481, #1407, .T. ) ;
#1826 = CARTESIAN_POINT ( 'NONE',  ( -609.1338677586223866, -1166.805262667903662, -1251.999999999999545 ) ) ;
#1827 = EDGE_LOOP ( 'NONE', ( #2470, #2603 ) ) ;
#1828 = CARTESIAN_POINT ( 'NONE',  ( -639.6190566554744237, -1097.952407671478568, -1256.861427780600707 ) ) ;
#1829 =( NAMED_UNIT ( * ) PLANE_ANGLE_UNIT ( ) SI_UNIT ( $, .RADIAN. ) );
#1830 = VERTEX_POINT ( 'NONE', #2650 ) ;
#1831 = CARTESIAN_POINT ( 'NONE',  ( 665.2349200813698644, -1096.805262667903435, -1214.830127018921758 ) ) ;
#1832 = AXIS2_PLACEMENT_3D ( 'NONE', #1522, #896, #2129 ) ;
#1833 = DIRECTION ( 'NONE',  ( -0.000000000000000000, -0.000000000000000000, 1.000000000000000000 ) ) ;
#1834 = CARTESIAN_POINT ( 'NONE',  ( 640.0400758939819070, -1097.555505032623159, -1256.484653994058817 ) ) ;
#1835 = CARTESIAN_POINT ( 'NONE',  ( -540.0000000000002274, -1093.805262667903662, -1219.999999999999545 ) ) ;
#1836 = CARTESIAN_POINT ( 'NONE',  ( -668.3329962927228962, -1093.805262667903435, -1215.464101615137224 ) ) ;
#1837 = CIRCLE ( 'NONE', #1672, 0.9999999999998898659 ) ;
#1838 = ORIENTED_EDGE ( 'NONE', *, *, #254, .F. ) ;
#1839 = ADVANCED_FACE ( 'NONE', ( #2258 ), #629, .F. ) ;
#1840 = CARTESIAN_POINT ( 'NONE',  ( -639.8961877585827551, -1097.672541663920583, -1256.609983646084174 ) ) ;
#1841 = VERTEX_POINT ( 'NONE', #594 ) ;
#1842 = DIRECTION ( 'NONE',  ( -0.000000000000000000, 0.000000000000000000, 1.000000000000000000 ) ) ;
#1843 = LINE ( 'NONE', #416, #1489 ) ;
#1844 = CARTESIAN_POINT ( 'NONE',  ( 640.0827775422186505, -1097.523645072611771, -1256.448143917528796 ) ) ;
#1845 = DIRECTION ( 'NONE',  ( 1.000000000000000000, 0.000000000000000000, 0.000000000000000000 ) ) ;
#1846 = CARTESIAN_POINT ( 'NONE',  ( 1090.972523324353915, -1166.805262667903662, -1210.499999999999773 ) ) ;
#1847 = ORIENTED_EDGE ( 'NONE', *, *, #936, .T. ) ;
#1848 = EDGE_LOOP ( 'NONE', ( #771, #2241, #789, #1616 ) ) ;
#1849 = LINE ( 'NONE', #2482, #311 ) ;
#1850 = AXIS2_PLACEMENT_3D ( 'NONE', #604, #1433, #823 ) ;
#1851 = EDGE_CURVE ( 'NONE', #2681, #186, #2230, .T. ) ;
#1852 = CARTESIAN_POINT ( 'NONE',  ( -523.1000000000003638, -1093.805262667903662, -1257.499999999999773 ) ) ;
#1853 = EDGE_CURVE ( 'NONE', #296, #528, #2030, .T. ) ;
#1854 = ORIENTED_EDGE ( 'NONE', *, *, #866, .T. ) ;
#1855 = EDGE_CURVE ( 'NONE', #2416, #1471, #1088, .T. ) ;
#1856 = CARTESIAN_POINT ( 'NONE',  ( 613.4639947775447126, -1158.805262667903207, -1257.499999999999773 ) ) ;
#1857 = DIRECTION ( 'NONE',  ( -0.000000000000000000, 0.000000000000000000, 1.000000000000000000 ) ) ;
#1858 = CARTESIAN_POINT ( 'NONE',  ( 639.9993112021601291, -1097.586963650457392, -1256.519705070783857 ) ) ;
#1859 = CARTESIAN_POINT ( 'NONE',  ( -552.1231010869422562, -1148.805262667896613, -1257.499999999999545 ) ) ;
#1860 = DIRECTION ( 'NONE',  ( 1.000000000000000000, 0.000000000000000000, 0.000000000000000000 ) ) ;
#1861 = VERTEX_POINT ( 'NONE', #1107 ) ;
#1862 = DIRECTION ( 'NONE',  ( -0.000000000000000000, 0.000000000000000000, 1.000000000000000000 ) ) ;
#1863 = CARTESIAN_POINT ( 'NONE',  ( -639.8231357773294121, -1097.738554535321555, -1256.675056230695418 ) ) ;
#1864 = SHAPE_DEFINITION_REPRESENTATION ( #1865, #26 ) ;
#1865 = PRODUCT_DEFINITION_SHAPE ( 'NONE', 'NONE',  #2606 ) ;
#1866 = VERTEX_POINT ( 'NONE', #2533 ) ;
#1867 = CARTESIAN_POINT ( 'NONE',  ( 1090.972523324353915, -1093.805262667903662, -1260.499999999999773 ) ) ;
#1868 = EDGE_LOOP ( 'NONE', ( #177, #1968, #1190, #2289 ) ) ;
#1869 = DIRECTION ( 'NONE',  ( 1.000000000000000000, -0.000000000000000000, 0.000000000000000000 ) ) ;
#1870 = CIRCLE ( 'NONE', #1271, 0.9999999999998898659 ) ;
#1871 = DIRECTION ( 'NONE',  ( -0.000000000000000000, 0.000000000000000000, 1.000000000000000000 ) ) ;
#1872 = CARTESIAN_POINT ( 'NONE',  ( 557.3731010869422562, -1114.805262667903662, -1257.499999999999545 ) ) ;
#1873 = VECTOR ( 'NONE', #2012, 1000.000000000000000 ) ;
#1874 = DIRECTION ( 'NONE',  ( -0.000000000000000000, 0.000000000000000000, 1.000000000000000000 ) ) ;
#1875 = VECTOR ( 'NONE', #1047, 1000.000000000000114 ) ;
#1876 = ORIENTED_EDGE ( 'NONE', *, *, #1825, .F. ) ;
#1877 = VECTOR ( 'NONE', #332, 1000.000000000000000 ) ;
#1878 = DIRECTION ( 'NONE',  ( 1.000000000000000000, 0.000000000000000000, 0.000000000000000000 ) ) ;
#1879 = FACE_OUTER_BOUND ( 'NONE', #2110, .T. ) ;
#1880 = CIRCLE ( 'NONE', #1628, 0.9999999999998898659 ) ;
#1881 = APPROVAL_DATE_TIME ( #1039, #199 ) ;
#1882 = ORIENTED_EDGE ( 'NONE', *, *, #2512, .F. ) ;
#1883 = CC_DESIGN_SECURITY_CLASSIFICATION ( #762, ( #847 ) ) ;
#1884 = AXIS2_PLACEMENT_3D ( 'NONE', #101, #1133, #930 ) ;
#1885 = VECTOR ( 'NONE', #210, 1000.000000000000000 ) ;
#1886 = DIRECTION ( 'NONE',  ( -1.000000000000000000, -0.000000000000000000, -0.000000000000000000 ) ) ;
#1887 = VERTEX_POINT ( 'NONE', #497 ) ;
#1888 = CARTESIAN_POINT ( 'NONE',  ( 539.9999999999997726, -1093.805262667903662, -1225.249999999546844 ) ) ;
#1889 = CARTESIAN_POINT ( 'NONE',  ( 639.9765291005604695, -1097.605083852088001, -1256.539415793737135 ) ) ;
#1890 = EDGE_CURVE ( 'NONE', #1220, #2153, #1284, .T. ) ;
#1891 = CARTESIAN_POINT ( 'NONE',  ( -643.8674066218874259, -1158.805262667903435, -1257.499999999999545 ) ) ;
#1892 = EDGE_CURVE ( 'NONE', #309, #1112, #1187, .T. ) ;
#1893 = DIRECTION ( 'NONE',  ( 0.000000000000000000, -1.000000000000000000, 0.000000000000000000 ) ) ;
#1894 = ADVANCED_FACE ( 'NONE', ( #2356 ), #292, .F. ) ;
#1895 = DIRECTION ( 'NONE',  ( 0.000000000000000000, 1.000000000000000000, -0.000000000000000000 ) ) ;
#1896 = VERTEX_POINT ( 'NONE', #640 ) ;
#1897 = PLANE ( 'NONE',  #1314 ) ;
#1898 = CARTESIAN_POINT ( 'NONE',  ( -642.3315082370261280, -1094.805262667903662, -1254.499999999999318 ) ) ;
#1899 = APPLICATION_CONTEXT ( 'configuration controlled 3d designs of mechanical parts and assemblies' ) ;
#1900 = ORIENTED_EDGE ( 'NONE', *, *, #1553, .T. ) ;
#1901 = VECTOR ( 'NONE', #1227, 1000.000000000000000 ) ;
#1902 = DIRECTION ( 'NONE',  ( -1.000000000000000000, 0.000000000000000000, -0.000000000000000000 ) ) ;
#1903 = VERTEX_POINT ( 'NONE', #2299 ) ;
#1904 = LINE ( 'NONE', #400, #59 ) ;
#1905 = LINE ( 'NONE', #239, #1321 ) ;
#1906 = FACE_OUTER_BOUND ( 'NONE', #385, .T. ) ;
#1907 = CARTESIAN_POINT ( 'NONE',  ( 644.8674066218873122, -1154.805262667903435, -1257.499999999999318 ) ) ;
#1908 = EDGE_CURVE ( 'NONE', #692, #1381, #1905, .T. ) ;
#1909 = DIRECTION ( 'NONE',  ( 1.000000000000000000, 0.000000000000000000, 0.000000000000000000 ) ) ;
#1910 = ADVANCED_FACE ( 'NONE', ( #906 ), #1732, .F. ) ;
#1911 = VERTEX_POINT ( 'NONE', #2521 ) ;
#1912 = ORIENTED_EDGE ( 'NONE', *, *, #903, .T. ) ;
#1913 = EDGE_LOOP ( 'NONE', ( #683, #1980, #263, #2421 ) ) ;
#1914 = LINE ( 'NONE', #902, #150 ) ;
#1915 = AXIS2_PLACEMENT_3D ( 'NONE', #1671, #1651, #1845 ) ;
#1916 = EDGE_LOOP ( 'NONE', ( #623, #2161, #1424, #1159 ) ) ;
#1917 = CARTESIAN_POINT ( 'NONE',  ( -519.9000000000004320, -1155.805262667903889, -1257.499999999999773 ) ) ;
#1918 = DIRECTION ( 'NONE',  ( 0.000000000000000000, -1.000000000000000000, 0.000000000000000000 ) ) ;
#1919 = DIRECTION ( 'NONE',  ( -1.000000000000000000, -0.000000000000000000, -0.000000000000000000 ) ) ;
#1920 = DIRECTION ( 'NONE',  ( 0.000000000000000000, -1.000000000000000000, 0.000000000000000000 ) ) ;
#1921 = AXIS2_PLACEMENT_3D ( 'NONE', #628, #5, #1484 ) ;
#1922 = LINE ( 'NONE', #1709, #1793 ) ;
#1923 = ORIENTED_EDGE ( 'NONE', *, *, #1851, .T. ) ;
#1924 = DIRECTION ( 'NONE',  ( -0.000000000000000000, 0.000000000000000000, 1.000000000000000000 ) ) ;
#1925 = VECTOR ( 'NONE', #78, 1000.000000000000000 ) ;
#1926 = AXIS2_PLACEMENT_3D ( 'NONE', #1485, #1269, #460 ) ;
#1927 = EDGE_CURVE ( 'NONE', #2609, #677, #368, .T. ) ;
#1928 = ORIENTED_EDGE ( 'NONE', *, *, #868, .F. ) ;
#1929 = VECTOR ( 'NONE', #189, 1000.000000000000000 ) ;
#1930 = CYLINDRICAL_SURFACE ( 'NONE', #670, 6.000000000000005329 ) ;
#1931 = APPROVAL_PERSON_ORGANIZATION ( #635, #2410, #1290 ) ;
#1932 = VECTOR ( 'NONE', #994, 1000.000000000000000 ) ;
#1933 = ORIENTED_EDGE ( 'NONE', *, *, #2026, .T. ) ;
#1934 = CARTESIAN_POINT ( 'NONE',  ( -642.3315082370257869, -1093.805262667903662, -1254.499999999999545 ) ) ;
#1935 = DIRECTION ( 'NONE',  ( -1.000000000000000000, -0.000000000000000000, -0.000000000000000000 ) ) ;
#1936 = CARTESIAN_POINT ( 'NONE',  ( -640.4816924227355912, -1097.270556305866648, -1256.111847093438428 ) ) ;
#1937 = DIRECTION ( 'NONE',  ( -1.000000000000000000, -0.000000000000000000, -0.000000000000000000 ) ) ;
#1938 = DIRECTION ( 'NONE',  ( -1.000000000000000000, 0.000000000000000000, -0.000000000000000000 ) ) ;
#1939 = ORIENTED_EDGE ( 'NONE', *, *, #1128, .T. ) ;
#1940 = CARTESIAN_POINT ( 'NONE',  ( 643.8674066218874259, -1153.805262667903662, -1257.499999999999545 ) ) ;
#1941 = VERTEX_POINT ( 'NONE', #1066 ) ;
#1942 = ADVANCED_FACE ( 'NONE', ( #265 ), #23, .T. ) ;
#1943 = EDGE_CURVE ( 'NONE', #1911, #1051, #2114, .T. ) ;
#1944 = CARTESIAN_POINT ( 'NONE',  ( -669.8329962927230099, -1093.805262667903435, -1212.866025403784079 ) ) ;
#1945 = EDGE_CURVE ( 'NONE', #1636, #1866, #1969, .T. ) ;
#1946 = ORIENTED_EDGE ( 'NONE', *, *, #2653, .T. ) ;
#1947 = VECTOR ( 'NONE', #656, 1000.000000000000000 ) ;
#1948 = DIRECTION ( 'NONE',  ( 0.000000000000000000, -1.000000000000000000, 0.000000000000000000 ) ) ;
#1949 = PLANE ( 'NONE',  #2620 ) ;
#1950 = CARTESIAN_POINT ( 'NONE',  ( -641.0465189349597495, -1097.019624049471986, -1255.629301046162254 ) ) ;
#1951 = CYLINDRICAL_SURFACE ( 'NONE', #2063, 0.9999999999998898659 ) ;
#1952 = LINE ( 'NONE', #919, #233 ) ;
#1953 = ORIENTED_EDGE ( 'NONE', *, *, #2461, .T. ) ;
#1954 = LINE ( 'NONE', #1538, #577 ) ;
#1955 = VERTEX_POINT ( 'NONE', #1078 ) ;
#1956 = CARTESIAN_POINT ( 'NONE',  ( -668.3329962927228962, -1096.805262667903207, -1216.464101615137224 ) ) ;
#1957 = ORIENTED_EDGE ( 'NONE', *, *, #2027, .T. ) ;
#1958 = LINE ( 'NONE', #1986, #1877 ) ;
#1959 = DIRECTION ( 'NONE',  ( -0.000000000000000000, 0.000000000000000000, 1.000000000000000000 ) ) ;
#1960 = CARTESIAN_POINT ( 'NONE',  ( -644.8674066218874259, -1153.805262667903662, -1257.499999999999545 ) ) ;
#1961 = CARTESIAN_POINT ( 'NONE',  ( -643.8674066218874259, -1157.805262667903662, -1260.499999999999545 ) ) ;
#1962 = B_SPLINE_CURVE_WITH_KNOTS ( 'NONE', 1,
 ( #1156, #1361 ),
 .UNSPECIFIED., .F., .F.,
 ( 2, 2 ),
 ( 0.000000000000000000, 1.000000000000000000 ),
 .UNSPECIFIED. ) ;
#1963 = VECTOR ( 'NONE', #1096, 1000.000000000000000 ) ;
#1964 = ORIENTED_EDGE ( 'NONE', *, *, #1743, .T. ) ;
#1965 = DIRECTION ( 'NONE',  ( 0.5000000000000009992, 0.000000000000000000, -0.8660254037844380415 ) ) ;
#1966 = VECTOR ( 'NONE', #687, 1000.000000000000000 ) ;
#1967 = AXIS2_PLACEMENT_3D ( 'NONE', #1961, #2183, #2207 ) ;
#1968 = ORIENTED_EDGE ( 'NONE', *, *, #132, .T. ) ;
#1969 = CIRCLE ( 'NONE', #326, 5.249999999999976907 ) ;
#1970 = DIRECTION ( 'NONE',  ( -0.5000000000000009992, 0.000000000000000000, 0.8660254037844380415 ) ) ;
#1971 = ORIENTED_EDGE ( 'NONE', *, *, #2094, .T. ) ;
#1972 = AXIS2_PLACEMENT_3D ( 'NONE', #1618, #160, #1193 ) ;
#1973 = DIRECTION ( 'NONE',  ( 0.000000000000000000, -1.000000000000000000, 0.000000000000000000 ) ) ;
#1974 = VECTOR ( 'NONE', #1937, 1000.000000000000000 ) ;
#1975 = DIRECTION ( 'NONE',  ( 0.000000000000000000, -1.000000000000000000, 0.000000000000000000 ) ) ;
#1976 = DIRECTION ( 'NONE',  ( 0.5000000000000041078, 0.000000000000000000, -0.8660254037844363761 ) ) ;
#1977 = ADVANCED_FACE ( 'NONE', ( #47 ), #877, .T. ) ;
#1978 = FACE_OUTER_BOUND ( 'NONE', #2487, .T. ) ;
#1979 = EDGE_CURVE ( 'NONE', #1457, #1003, #2549, .T. ) ;
#1980 = ORIENTED_EDGE ( 'NONE', *, *, #1943, .T. ) ;
#1981 = EDGE_CURVE ( 'NONE', #1903, #680, #2139, .T. ) ;
#1982 = DIRECTION ( 'NONE',  ( 0.8660254037844380415, 0.000000000000000000, 0.5000000000000009992 ) ) ;
#1983 = ORIENTED_EDGE ( 'NONE', *, *, #2594, .F. ) ;
#1984 = CARTESIAN_POINT ( 'NONE',  ( 633.0939039299920523, -1166.805262667903662, -1210.500000000000000 ) ) ;
#1985 = ORIENTED_EDGE ( 'NONE', *, *, #613, .T. ) ;
#1986 = CARTESIAN_POINT ( 'NONE',  ( 670.6990216965074296, -1096.805262667903207, -1213.366025403783851 ) ) ;
#1987 = CARTESIAN_POINT ( 'NONE',  ( -540.0000000000002274, -1096.805262667903435, -1219.999999999999545 ) ) ;
#1988 = CARTESIAN_POINT ( 'NONE',  ( 644.8674066218874259, -1153.805262667903662, -1257.499999999999545 ) ) ;
#1989 = CARTESIAN_POINT ( 'NONE',  ( 641.7475829712365112, -1093.805262667903889, -1255.517250942003784 ) ) ;
#1990 = VERTEX_POINT ( 'NONE', #122 ) ;
#1991 = CARTESIAN_POINT ( 'NONE',  ( 1090.972523324353915, -1093.805262667903662, -1257.499999999999773 ) ) ;
#1992 = EDGE_CURVE ( 'NONE', #2499, #1135, #1557, .T. ) ;
#1993 = ORIENTED_EDGE ( 'NONE', *, *, #1992, .T. ) ;
#1994 = CARTESIAN_POINT ( 'NONE',  ( -639.7876867025532874, -1095.740122200538281, -1258.914012409938323 ) ) ;
#1995 = LINE ( 'NONE', #1956, #1585 ) ;
#1996 = ORIENTED_EDGE ( 'NONE', *, *, #2375, .F. ) ;
#1997 = LINE ( 'NONE', #738, #929 ) ;
#1998 = CARTESIAN_POINT ( 'NONE',  ( 665.2349200813698644, -1096.805262667903435, -1214.830127018921758 ) ) ;
#1999 = CARTESIAN_POINT ( 'NONE',  ( 751.8936857975053272, -1096.805262667903435, -1064.732741877367744 ) ) ;
#2000 = LINE ( 'NONE', #1340, #2446 ) ;
#2001 = VERTEX_POINT ( 'NONE', #2588 ) ;
#2002 = CARTESIAN_POINT ( 'NONE',  ( 639.9765305417485024, -1095.404904323393112, -1258.578829492130353 ) ) ;
#2003 = ORIENTED_EDGE ( 'NONE', *, *, #301, .T. ) ;
#2004 = VERTEX_POINT ( 'NONE', #98 ) ;
#2005 = CARTESIAN_POINT ( 'NONE',  ( -639.6190566554745374, -1096.099552675053246, -1259.222855561201641 ) ) ;
#2006 = EDGE_CURVE ( 'NONE', #1101, #606, #1278, .T. ) ;
#2007 = DIRECTION ( 'NONE',  ( 1.000000000000000000, -0.000000000000000000, 0.000000000000000000 ) ) ;
#2008 = EDGE_CURVE ( 'NONE', #1127, #530, #1105, .T. ) ;
#2009 = ORIENTED_EDGE ( 'NONE', *, *, #2222, .F. ) ;
#2010 = AXIS2_PLACEMENT_3D ( 'NONE', #1379, #2218, #2602 ) ;
#2011 = LINE ( 'NONE', #982, #1362 ) ;
#2012 = DIRECTION ( 'NONE',  ( -1.000000000000000000, -0.000000000000000000, -0.000000000000000000 ) ) ;
#2013 = VECTOR ( 'NONE', #2486, 1000.000000000000000 ) ;
#2014 = CARTESIAN_POINT ( 'NONE',  ( -644.8674066218873122, -1154.805262667903435, -1257.499999999999318 ) ) ;
#2015 = CIRCLE ( 'NONE', #2192, 5.249999999999976907 ) ;
#2016 = CARTESIAN_POINT ( 'NONE',  ( 546.8731010869423699, -1114.805262667903662, -1257.499999999999545 ) ) ;
#2017 = EDGE_LOOP ( 'NONE', ( #1061, #1229, #749, #155 ) ) ;
#2018 = CIRCLE ( 'NONE', #1326, 5.249999999999976907 ) ;
#2019 = DIRECTION ( 'NONE',  ( 0.000000000000000000, 0.000000000000000000, 1.000000000000000000 ) ) ;
#2020 = ORIENTED_EDGE ( 'NONE', *, *, #286, .F. ) ;
#2021 = ORIENTED_EDGE ( 'NONE', *, *, #1130, .T. ) ;
#2022 = CARTESIAN_POINT ( 'NONE',  ( -639.3277449709304392, -1096.913420052662104, -1259.773130437860118 ) ) ;
#2023 = CARTESIAN_POINT ( 'NONE',  ( -519.9000000000004320, -1149.805262667903889, -1260.499999999999773 ) ) ;
#2024 = EDGE_LOOP ( 'NONE', ( #722, #2538, #1774, #709 ) ) ;
#2025 = EDGE_CURVE ( 'NONE', #1887, #2637, #1958, .T. ) ;
#2026 = EDGE_CURVE ( 'NONE', #2364, #316, #842, .T. ) ;
#2027 = EDGE_CURVE ( 'NONE', #541, #2185, #1997, .T. ) ;
#2028 = CARTESIAN_POINT ( 'NONE',  ( -638.8674066218875396, -1153.805262667903662, -1257.499999999999773 ) ) ;
#2029 = PLANE ( 'NONE',  #1150 ) ;
#2030 = LINE ( 'NONE', #2071, #1875 ) ;
#2031 = DIRECTION ( 'NONE',  ( 0.000000000000000000, 0.000000000000000000, -1.000000000000000000 ) ) ;
#2032 = ORIENTED_EDGE ( 'NONE', *, *, #534, .T. ) ;
#2033 = CARTESIAN_POINT ( 'NONE',  ( -540.0000000000002274, -1093.805262667903662, -1219.999999999999545 ) ) ;
#2034 = VECTOR ( 'NONE', #1589, 1000.000000000000000 ) ;
#2035 = EDGE_LOOP ( 'NONE', ( #1083, #2432, #465, #574, #1939, #831 ) ) ;
#2036 = ORIENTED_EDGE ( 'NONE', *, *, #663, .T. ) ;
#2037 = CARTESIAN_POINT ( 'NONE',  ( -638.9290325157923007, -1098.891755751540586, -1260.499999999999545 ) ) ;
#2038 = CARTESIAN_POINT ( 'NONE',  ( -557.3731010869422562, -1148.805262667896613, -1260.499999999999545 ) ) ;
#2039 = VERTEX_POINT ( 'NONE', #2383 ) ;
#2040 = CARTESIAN_POINT ( 'NONE',  ( -671.1990216965073159, -1096.805262667903207, -1212.499999999999545 ) ) ;
#2041 = LINE ( 'NONE', #954, #895 ) ;
#2042 = CARTESIAN_POINT ( 'NONE',  ( 639.0300207737647042, -1098.074706437728537, -1260.303526700762632 ) ) ;
#2043 = CYLINDRICAL_SURFACE ( 'NONE', #511, 5.000000000000115463 ) ;
#2044 = CARTESIAN_POINT ( 'NONE',  ( 641.0655865061228269, -1094.218693371236668, -1256.720451108281850 ) ) ;
#2045 = B_SPLINE_CURVE_WITH_KNOTS ( 'NONE', 1,
 ( #1718, #1163 ),
 .UNSPECIFIED., .F., .F.,
 ( 2, 2 ),
 ( 0.2499999999999930611, 0.4375000000000052180 ),
 .UNSPECIFIED. ) ;
#2046 = VERTEX_POINT ( 'NONE', #1566 ) ;
#2047 = ORIENTED_EDGE ( 'NONE', *, *, #1011, .F. ) ;
#2048 = CARTESIAN_POINT ( 'NONE',  ( -639.8961877585827551, -1095.539820659937504, -1258.719967292168803 ) ) ;
#2049 = FACE_OUTER_BOUND ( 'NONE', #157, .T. ) ;
#2050 = ORIENTED_EDGE ( 'NONE', *, *, #2430, .T. ) ;
#2051 = VECTOR ( 'NONE', #249, 1000.000000000000000 ) ;
#2052 = CARTESIAN_POINT ( 'NONE',  ( -613.4639947775447126, -1169.805262667903662, -1254.499999999999773 ) ) ;
#2053 = AXIS2_PLACEMENT_3D ( 'NONE', #2537, #881, #909 ) ;
#2054 = FACE_OUTER_BOUND ( 'NONE', #2103, .T. ) ;
#2055 = AXIS2_PLACEMENT_3D ( 'NONE', #1440, #820, #206 ) ;
#2056 = CARTESIAN_POINT ( 'NONE',  ( 640.0400758939819070, -1097.555505032623159, -1256.484653994058817 ) ) ;
#2057 = DIRECTION ( 'NONE',  ( 0.000000000000000000, 1.000000000000000000, 0.000000000000000000 ) ) ;
#2058 = DIRECTION ( 'NONE',  ( 0.000000000000000000, -1.000000000000000000, 0.000000000000000000 ) ) ;
#2059 = CIRCLE ( 'NONE', #284, 0.9999999999998898659 ) ;
#2060 = ADVANCED_FACE ( 'NONE', ( #550 ), #2627, .T. ) ;
#2061 = EDGE_CURVE ( 'NONE', #79, #1112, #2422, .T. ) ;
#2062 = ADVANCED_FACE ( 'NONE', ( #723 ), #2369, .F. ) ;
#2063 = AXIS2_PLACEMENT_3D ( 'NONE', #894, #1109, #740 ) ;
#2064 = ORIENTED_EDGE ( 'NONE', *, *, #936, .F. ) ;
#2065 = ORIENTED_EDGE ( 'NONE', *, *, #1743, .F. ) ;
#2066 = PERSON ( 'UNSPECIFIED', 'UNSPECIFIED', 'UNSPECIFIED', ('UNSPECIFIED'), ('UNSPECIFIED'), ('UNSPECIFIED') ) ;
#2067 = FACE_OUTER_BOUND ( 'NONE', #2418, .T. ) ;
#2068 = ORIENTED_EDGE ( 'NONE', *, *, #2256, .F. ) ;
#2069 = DIRECTION ( 'NONE',  ( -0.000000000000000000, 0.000000000000000000, 1.000000000000000000 ) ) ;
#2070 = DIRECTION ( 'NONE',  ( 0.000000000000000000, -1.000000000000000000, 0.000000000000000000 ) ) ;
#2071 = CARTESIAN_POINT ( 'NONE',  ( -671.1990216965073159, -1093.805262667903435, -1212.499999999999545 ) ) ;
#2072 = CARTESIAN_POINT ( 'NONE',  ( 667.8329962927230099, -1093.805262667903662, -1216.330127018921758 ) ) ;
#2073 = CARTESIAN_POINT ( 'NONE',  ( 1090.972523324353915, -1149.805262667903889, -1257.499999999999773 ) ) ;
#2074 = VERTEX_POINT ( 'NONE', #1348 ) ;
#2075 = ORIENTED_EDGE ( 'NONE', *, *, #2, .F. ) ;
#2076 = CARTESIAN_POINT ( 'NONE',  ( -639.6842112538253105, -1095.950963427387933, -1259.102159021868829 ) ) ;
#2077 = COORDINATED_UNIVERSAL_TIME_OFFSET ( 10, 0, .AHEAD. ) ;
#2078 = ORIENTED_EDGE ( 'NONE', *, *, #1552, .T. ) ;
#2079 = DIRECTION ( 'NONE',  ( -0.000000000000000000, 0.000000000000000000, 1.000000000000000000 ) ) ;
#2080 = ORIENTED_EDGE ( 'NONE', *, *, #1208, .T. ) ;
#2081 = PLANE ( 'NONE',  #1444 ) ;
#2082 = CARTESIAN_POINT ( 'NONE',  ( -552.1231010869422562, -1114.805262667903662, -1257.499999999999545 ) ) ;
#2083 = CYLINDRICAL_SURFACE ( 'NONE', #1630, 5.249999999999976907 ) ;
#2084 = LINE ( 'NONE', #225, #1599 ) ;
#2085 = EDGE_LOOP ( 'NONE', ( #304, #2143, #521, #441 ) ) ;
#2086 = DIRECTION ( 'NONE',  ( -0.5000000000000014433, 0.000000000000000000, 0.8660254037844378194 ) ) ;
#2087 = DIRECTION ( 'NONE',  ( -1.000000000000000000, 0.000000000000000000, 0.000000000000000000 ) ) ;
#2088 = APPLICATION_PROTOCOL_DEFINITION ( 'international standard', 'config_control_design', 1994, #1899 ) ;
#2089 = VERTEX_POINT ( 'NONE', #1118 ) ;
#2090 = CC_DESIGN_PERSON_AND_ORGANIZATION_ASSIGNMENT ( #1305, #872, ( #762 ) ) ;
#2091 = EDGE_CURVE ( 'NONE', #2469, #2596, #1166, .T. ) ;
#2092 = EDGE_CURVE ( 'NONE', #1114, #1471, #1360, .T. ) ;
#2093 = FACE_OUTER_BOUND ( 'NONE', #51, .T. ) ;
#2094 = EDGE_CURVE ( 'NONE', #2596, #1381, #514, .T. ) ;
#2095 = ORIENTED_EDGE ( 'NONE', *, *, #288, .F. ) ;
#2096 = LINE ( 'NONE', #1458, #1138 ) ;
#2097 = CARTESIAN_POINT ( 'NONE',  ( 1090.972523324353915, -1107.805262667903889, -1260.499999999999773 ) ) ;
#2098 = DIRECTION ( 'NONE',  ( -0.000000000000000000, 1.000000000000000000, -0.000000000000000000 ) ) ;
#2099 = AXIS2_PLACEMENT_3D ( 'NONE', #540, #933, #1760 ) ;
#2100 = CARTESIAN_POINT ( 'NONE',  ( 539.9999999999997726, -1096.805262667903435, -1214.750000000452246 ) ) ;
#2101 = VECTOR ( 'NONE', #1390, 1000.000000000000000 ) ;
#2102 = DIRECTION ( 'NONE',  ( -1.000000000000000000, 0.000000000000000000, 0.000000000000000000 ) ) ;
#2103 = EDGE_LOOP ( 'NONE', ( #1052, #585, #378, #1480 ) ) ;
#2104 = VECTOR ( 'NONE', #2190, 1000.000000000000000 ) ;
#2105 = CARTESIAN_POINT ( 'NONE',  ( -557.3731010869422562, -1114.805262667903662, -1260.499999999999545 ) ) ;
#2106 = DIRECTION ( 'NONE',  ( -1.000000000000000000, 0.000000000000000000, -0.000000000000000000 ) ) ;
#2107 = APPROVAL_STATUS ( 'not_yet_approved' ) ;
#2108 = ORIENTED_EDGE ( 'NONE', *, *, #900, .F. ) ;
#2109 = CARTESIAN_POINT ( 'NONE',  ( 1090.972523324353915, -1107.805262667903889, -1257.499999999999773 ) ) ;
#2110 = EDGE_LOOP ( 'NONE', ( #1525, #2542, #2080, #912 ) ) ;
#2111 = CARTESIAN_POINT ( 'NONE',  ( 1090.972523324353915, -1158.805262667903435, -1257.499999999999773 ) ) ;
#2112 = EDGE_CURVE ( 'NONE', #351, #1293, #2165, .T. ) ;
#2113 = ADVANCED_FACE ( 'NONE', ( #952 ), #2408, .T. ) ;
#2114 = LINE ( 'NONE', #2097, #1796 ) ;
#2115 = CARTESIAN_POINT ( 'NONE',  ( -639.9701315271499880, -1097.610261731583250, -1256.544987553298597 ) ) ;
#2116 = CARTESIAN_POINT ( 'NONE',  ( 519.9000000000004320, -1155.805262667903889, -1257.499999999999773 ) ) ;
#2117 = LINE ( 'NONE', #490, #1925 ) ;
#2118 = ORIENTED_EDGE ( 'NONE', *, *, #2092, .T. ) ;
#2119 = CARTESIAN_POINT ( 'NONE',  ( 613.4639947775447126, -1158.805262667903207, -1257.499999999999773 ) ) ;
#2120 = PERSON_AND_ORGANIZATION ( #2066, #108 ) ;
#2121 = EDGE_LOOP ( 'NONE', ( #1347, #2436, #1396, #860 ) ) ;
#2122 = DIRECTION ( 'NONE',  ( 1.000000000000000000, 0.000000000000000000, 0.000000000000000000 ) ) ;
#2123 = ORIENTED_EDGE ( 'NONE', *, *, #1855, .T. ) ;
#2124 = DIRECTION ( 'NONE',  ( 0.000000000000000000, 0.000000000000000000, -1.000000000000000000 ) ) ;
#2125 = DIRECTION ( 'NONE',  ( 1.000000000000000000, 0.000000000000000000, 0.000000000000000000 ) ) ;
#2126 = DIRECTION ( 'NONE',  ( 0.000000000000000000, -1.000000000000000000, 0.000000000000000000 ) ) ;
#2127 = FACE_OUTER_BOUND ( 'NONE', #703, .T. ) ;
#2128 = EDGE_CURVE ( 'NONE', #1317, #570, #1230, .T. ) ;
#2129 = DIRECTION ( 'NONE',  ( -1.000000000000000000, 0.000000000000000000, -0.000000000000000000 ) ) ;
#2130 = ORIENTED_EDGE ( 'NONE', *, *, #2512, .T. ) ;
#2131 = CARTESIAN_POINT ( 'NONE',  ( 1090.972523324353915, -1153.805262667903662, -1260.499999999999773 ) ) ;
#2132 = COORDINATED_UNIVERSAL_TIME_OFFSET ( 10, 0, .AHEAD. ) ;
#2133 = AXIS2_PLACEMENT_3D ( 'NONE', #2213, #1322, #2124 ) ;
#2134 = ORIENTED_EDGE ( 'NONE', *, *, #387, .F. ) ;
#2135 = FACE_OUTER_BOUND ( 'NONE', #158, .T. ) ;
#2136 = VECTOR ( 'NONE', #24, 1000.000000000000114 ) ;
#2137 = EDGE_LOOP ( 'NONE', ( #68, #2171, #1244, #246 ) ) ;
#2138 = FACE_OUTER_BOUND ( 'NONE', #2035, .T. ) ;
#2139 = LINE ( 'NONE', #2610, #667 ) ;
#2140 = CARTESIAN_POINT ( 'NONE',  ( 672.1631233116455633, -1096.805262667903207, -1218.830127018921985 ) ) ;
#2141 = DIRECTION ( 'NONE',  ( 0.000000000000000000, 0.000000000000000000, -1.000000000000000000 ) ) ;
#2142 = CARTESIAN_POINT ( 'NONE',  ( 552.1231010869422562, -1148.805262667896613, -1257.499999999999545 ) ) ;
#2143 = ORIENTED_EDGE ( 'NONE', *, *, #1147, .T. ) ;
#2144 = LINE ( 'NONE', #1940, #2571 ) ;
#2145 = ADVANCED_FACE ( 'NONE', ( #1595 ), #1949, .T. ) ;
#2146 = AXIS2_PLACEMENT_3D ( 'NONE', #2216, #1181, #1546 ) ;
#2147 = EDGE_CURVE ( 'NONE', #45, #171, #1221, .T. ) ;
#2148 = EDGE_CURVE ( 'NONE', #2089, #1471, #2011, .T. ) ;
#2149 = AXIS2_PLACEMENT_3D ( 'NONE', #388, #1456, #356 ) ;
#2150 = ORIENTED_EDGE ( 'NONE', *, *, #1632, .F. ) ;
#2151 = DIRECTION ( 'NONE',  ( -1.000000000000000000, -0.000000000000000000, -0.000000000000000000 ) ) ;
#2152 = CIRCLE ( 'NONE', #152, 1.000000000000000888 ) ;
#2153 = VERTEX_POINT ( 'NONE', #2464 ) ;
#2154 = CARTESIAN_POINT ( 'NONE',  ( -540.0000000000002274, -1093.805262667903662, -1225.249999999546844 ) ) ;
#2155 = DIRECTION ( 'NONE',  ( 1.000000000000000000, 0.000000000000000000, 0.000000000000000000 ) ) ;
#2156 = DIRECTION ( 'NONE',  ( -0.8660254037844380415, 0.000000000000000000, 0.5000000000000009992 ) ) ;
#2157 = LINE ( 'NONE', #1547, #2498 ) ;
#2158 = DIRECTION ( 'NONE',  ( -1.000000000000000000, 0.000000000000000000, -0.000000000000000000 ) ) ;
#2159 = VERTEX_POINT ( 'NONE', #191 ) ;
#2160 = FACE_BOUND ( 'NONE', #764, .T. ) ;
#2161 = ORIENTED_EDGE ( 'NONE', *, *, #1890, .F. ) ;
#2162 = DIRECTION ( 'NONE',  ( 0.000000000000000000, -1.000000000000000000, 0.000000000000000000 ) ) ;
#2163 = ORIENTED_EDGE ( 'NONE', *, *, #1579, .F. ) ;
#2164 = VECTOR ( 'NONE', #1601, 1000.000000000000000 ) ;
#2165 = LINE ( 'NONE', #1742, #800 ) ;
#2166 = CARTESIAN_POINT ( 'NONE',  ( -519.9000000000004320, -1155.805262667903889, -1257.499999999999773 ) ) ;
#2167 = PLANE ( 'NONE',  #1884 ) ;
#2168 = LINE ( 'NONE', #2016, #840 ) ;
#2169 = EDGE_LOOP ( 'NONE', ( #1252, #1838, #1279, #2203 ) ) ;
#2170 = CARTESIAN_POINT ( 'NONE',  ( -519.9000000000004320, -1149.805262667903889, -1257.499999999999773 ) ) ;
#2171 = ORIENTED_EDGE ( 'NONE', *, *, #612, .T. ) ;
#2172 = AXIS2_PLACEMENT_3D ( 'NONE', #620, #2087, #1277 ) ;
#2173 = DIRECTION ( 'NONE',  ( 0.000000000000000000, -1.000000000000000000, 0.000000000000000000 ) ) ;
#2174 = EDGE_LOOP ( 'NONE', ( #270, #1695, #1946, #1713 ) ) ;
#2175 = CC_DESIGN_PERSON_AND_ORGANIZATION_ASSIGNMENT ( #2120, #622, ( #847 ) ) ;
#2176 = ADVANCED_FACE ( 'NONE', ( #1004 ), #1806, .T. ) ;
#2177 = EDGE_CURVE ( 'NONE', #883, #81, #151, .T. ) ;
#2178 = EDGE_CURVE ( 'NONE', #1037, #898, #2320, .T. ) ;
#2179 = CARTESIAN_POINT ( 'NONE',  ( -519.9000000000004320, -1093.805262667903662, -1257.499999999999773 ) ) ;
#2180 = DIRECTION ( 'NONE',  ( 0.000000000000000000, -1.000000000000000000, 0.000000000000000000 ) ) ;
#2181 = CARTESIAN_POINT ( 'NONE',  ( -608.4639947775447126, -1163.805262667903662, -1254.499999999999773 ) ) ;
#2182 = B_SPLINE_SURFACE_WITH_KNOTS ( 'NONE', 1, 3, ( 
 ( #1158, #1989, #955, #1782, #770, #2613, #754, #565, #2415, #1598, #2271, #1625, #392, #1663, #1432, #614, #1459, #6, #223, #1650, #1421, #2042, #2244, #1033 ),
 ( #2641, #2452, #809, #1609, #1821, #2492, #1443, #822, #1844, #2056, #1639, #782, #1858, #2440, #996, #1223, #2466, #1240, #578, #603, #180, #1212, #196, #1006 ) ),
 .UNSPECIFIED., .F., .F., .F.,
 ( 2, 2 ),
 ( 4, 2, 2, 2, 2, 2, 2, 2, 2, 2, 2, 4 ),
 ( 0.000000000000000000, 1.000000000000000000 ),
 ( 0.000000000000000000, 0.2500000000000000000, 0.3750000000000000000, 0.4375000000000000000, 0.4687500000000000000, 0.4843750000000000000, 0.4921875000000000000, 0.4960937500000000000, 0.4980468750000000000, 0.5000000000000000000, 0.7500000000000000000, 1.000000000000000000 ),
 .UNSPECIFIED. ) ;
#2183 = DIRECTION ( 'NONE',  ( -0.000000000000000000, -0.000000000000000000, 1.000000000000000000 ) ) ;
#2184 = EDGE_CURVE ( 'NONE', #1457, #1317, #2675, .T. ) ;
#2185 = VERTEX_POINT ( 'NONE', #1402 ) ;
#2186 = LINE ( 'NONE', #2374, #2221 ) ;
#2187 = AXIS2_PLACEMENT_3D ( 'NONE', #2427, #154, #984 ) ;
#2188 = ORIENTED_EDGE ( 'NONE', *, *, #2147, .T. ) ;
#2189 = VECTOR ( 'NONE', #2267, 1000.000000000000000 ) ;
#2190 = DIRECTION ( 'NONE',  ( 0.000000000000000000, 1.000000000000000000, -0.000000000000000000 ) ) ;
#2191 = EDGE_LOOP ( 'NONE', ( #2632, #1455, #645, #2123 ) ) ;
#2192 = AXIS2_PLACEMENT_3D ( 'NONE', #343, #522, #315 ) ;
#2193 = CARTESIAN_POINT ( 'NONE',  ( 1090.972523324353915, -1113.805262667903662, -1257.499999999999773 ) ) ;
#2194 = CARTESIAN_POINT ( 'NONE',  ( -523.1000000000005912, -1113.805262667903662, -1257.499999999999773 ) ) ;
#2195 = DIRECTION ( 'NONE',  ( 0.000000000000000000, -1.000000000000000000, 0.000000000000000000 ) ) ;
#2196 = EDGE_CURVE ( 'NONE', #344, #1457, #281, .T. ) ;
#2197 = LINE ( 'NONE', #1586, #1276 ) ;
#2198 = VERTEX_POINT ( 'NONE', #1831 ) ;
#2199 = CARTESIAN_POINT ( 'NONE',  ( -665.2349200813694097, -1093.805262667903662, -1214.830127018921758 ) ) ;
#2200 = EDGE_LOOP ( 'NONE', ( #590, #2635 ) ) ;
#2201 = DIRECTION ( 'NONE',  ( 0.000000000000000000, 1.000000000000000000, 0.000000000000000000 ) ) ;
#2202 = CYLINDRICAL_SURFACE ( 'NONE', #1016, 5.249999999547227958 ) ;
#2203 = ORIENTED_EDGE ( 'NONE', *, *, #734, .T. ) ;
#2204 = DIRECTION ( 'NONE',  ( 0.000000000000000000, 0.000000000000000000, 1.000000000000000000 ) ) ;
#2205 = DIRECTION ( 'NONE',  ( 0.000000000000000000, 0.000000000000000000, -1.000000000000000000 ) ) ;
#2206 = FACE_OUTER_BOUND ( 'NONE', #1439, .T. ) ;
#2207 = DIRECTION ( 'NONE',  ( -1.000000000000000000, 0.000000000000000000, 0.000000000000000000 ) ) ;
#2208 = ORIENTED_EDGE ( 'NONE', *, *, #2511, .T. ) ;
#2209 = CARTESIAN_POINT ( 'NONE',  ( 642.3315082370262417, -1093.805262667903662, -1254.499999999999318 ) ) ;
#2210 = ADVANCED_FACE ( 'NONE', ( #1430 ), #2475, .T. ) ;
#2211 = EDGE_CURVE ( 'NONE', #186, #1603, #1648, .T. ) ;
#2212 = ORIENTED_EDGE ( 'NONE', *, *, #2291, .F. ) ;
#2213 = CARTESIAN_POINT ( 'NONE',  ( 1090.972523324353915, -1093.805262667903662, -1260.499999999999545 ) ) ;
#2214 = ORIENTED_EDGE ( 'NONE', *, *, #422, .F. ) ;
#2215 = CARTESIAN_POINT ( 'NONE',  ( -667.7349200813695234, -1096.805262667903207, -1210.499999999999545 ) ) ;
#2216 = CARTESIAN_POINT ( 'NONE',  ( 668.3329962927228962, -1096.805262667903207, -1215.464101615137224 ) ) ;
#2217 = CYLINDRICAL_SURFACE ( 'NONE', #142, 5.249999999547227958 ) ;
#2218 = DIRECTION ( 'NONE',  ( 0.8660254037844380415, 0.000000000000000000, -0.5000000000000012212 ) ) ;
#2219 = ORIENTED_EDGE ( 'NONE', *, *, #1808, .T. ) ;
#2220 = CARTESIAN_POINT ( 'NONE',  ( 639.3986631695357801, -1096.577536634094031, -1259.624210347255939 ) ) ;
#2221 = VECTOR ( 'NONE', #1316, 1000.000000000000000 ) ;
#2222 = EDGE_CURVE ( 'NONE', #1955, #838, #609, .T. ) ;
#2223 = VERTEX_POINT ( 'NONE', #1019 ) ;
#2224 = EDGE_CURVE ( 'NONE', #1830, #1786, #793, .T. ) ;
#2225 = CARTESIAN_POINT ( 'NONE',  ( -639.8777452772942524, -1095.572450035615248, -1258.752699064348235 ) ) ;
#2226 = ADVANCED_FACE ( 'NONE', ( #1031 ), #3, .T. ) ;
#2227 = VECTOR ( 'NONE', #1093, 1000.000000000000000 ) ;
#2228 = DIRECTION ( 'NONE',  ( -0.000000000000000000, 0.000000000000000000, 1.000000000000000000 ) ) ;
#2229 = ORIENTED_EDGE ( 'NONE', *, *, #2413, .F. ) ;
#2230 = CIRCLE ( 'NONE', #2404, 5.249999999999976907 ) ;
#2231 = CYLINDRICAL_SURFACE ( 'NONE', #2323, 1.000000000000000888 ) ;
#2232 =( GEOMETRIC_REPRESENTATION_CONTEXT ( 3 ) GLOBAL_UNCERTAINTY_ASSIGNED_CONTEXT ( ( #1059 ) ) GLOBAL_UNIT_ASSIGNED_CONTEXT ( ( #2251, #1829, #573 ) ) REPRESENTATION_CONTEXT ( 'NONE', 'WORKASPACE' ) );
#2233 = CARTESIAN_POINT ( 'NONE',  ( 557.3731010869422562, -1114.805262667903662, -1257.499999999999545 ) ) ;
#2234 = DIRECTION ( 'NONE',  ( -0.000000000000000000, 0.000000000000000000, 1.000000000000000000 ) ) ;
#2235 = DIRECTION ( 'NONE',  ( 0.000000000000000000, 0.000000000000000000, 1.000000000000000000 ) ) ;
#2236 = ORIENTED_EDGE ( 'NONE', *, *, #1810, .T. ) ;
#2237 = DIRECTION ( 'NONE',  ( -1.000000000000000000, 0.000000000000000000, -0.000000000000000000 ) ) ;
#2238 = ORIENTED_EDGE ( 'NONE', *, *, #2426, .T. ) ;
#2239 = CARTESIAN_POINT ( 'NONE',  ( -638.8674066218874259, -1099.805262667903662, -1257.499999999999545 ) ) ;
#2240 = DIRECTION ( 'NONE',  ( 1.000000000000000000, 0.000000000000000000, 0.000000000000000000 ) ) ;
#2241 = ORIENTED_EDGE ( 'NONE', *, *, #1175, .F. ) ;
#2242 = CARTESIAN_POINT ( 'NONE',  ( 1090.972523324353915, -1149.805262667903889, -1257.499999999999773 ) ) ;
#2243 = CARTESIAN_POINT ( 'NONE',  ( -523.1000000000005912, -1113.805262667903662, -1260.499999999999773 ) ) ;
#2244 = CARTESIAN_POINT ( 'NONE',  ( 638.9144387911220520, -1098.922297716997491, -1260.499999999999545 ) ) ;
#2245 = DIRECTION ( 'NONE',  ( -0.000000000000000000, -0.000000000000000000, 1.000000000000000000 ) ) ;
#2246 = FACE_OUTER_BOUND ( 'NONE', #118, .T. ) ;
#2247 = VECTOR ( 'NONE', #1919, 1000.000000000000000 ) ;
#2248 = ORIENTED_EDGE ( 'NONE', *, *, #2580, .F. ) ;
#2249 = EDGE_LOOP ( 'NONE', ( #1882, #149, #1653, #1041 ) ) ;
#2250 = CARTESIAN_POINT ( 'NONE',  ( -641.2683175396874731, -1096.946271540829230, -1255.436076690835080 ) ) ;
#2251 =( LENGTH_UNIT ( ) NAMED_UNIT ( * ) SI_UNIT ( .MILLI., .METRE. ) );
#2252 = EDGE_LOOP ( 'NONE', ( #1000, #140, #2328, #1149 ) ) ;
#2253 = CARTESIAN_POINT ( 'NONE',  ( 1090.972523324353915, -1107.805262667903889, -1257.499999999999773 ) ) ;
#2254 = EDGE_CURVE ( 'NONE', #31, #1070, #1180, .T. ) ;
#2255 = LINE ( 'NONE', #2520, #2400 ) ;
#2256 = EDGE_CURVE ( 'NONE', #16, #1786, #1607, .T. ) ;
#2257 = EDGE_CURVE ( 'NONE', #1563, #2473, #2491, .T. ) ;
#2258 = FACE_OUTER_BOUND ( 'NONE', #2658, .T. ) ;
#2259 = CARTESIAN_POINT ( 'NONE',  ( -643.8674066218874259, -1154.805262667903435, -1260.499999999999545 ) ) ;
#2260 = CARTESIAN_POINT ( 'NONE',  ( 641.2857134628283120, -1094.076216449996309, -1256.336351408089740 ) ) ;
#2261 = CIRCLE ( 'NONE', #1092, 0.9999999999998898659 ) ;
#2262 = ORIENTED_EDGE ( 'NONE', *, *, #1428, .F. ) ;
#2263 = ORIENTED_EDGE ( 'NONE', *, *, #2, .T. ) ;
#2264 = CARTESIAN_POINT ( 'NONE',  ( -638.9290309432708455, -1099.348520864800776, -1257.499999999999545 ) ) ;
#2265 = EDGE_LOOP ( 'NONE', ( #1802, #1576, #882, #1104 ) ) ;
#2266 = AXIS2_PLACEMENT_3D ( 'NONE', #2489, #1857, #653 ) ;
#2267 = DIRECTION ( 'NONE',  ( -0.000000000000000000, 0.000000000000000000, 1.000000000000000000 ) ) ;
#2268 = AXIS2_PLACEMENT_3D ( 'NONE', #515, #1337, #306 ) ;
#2269 = LINE ( 'NONE', #1472, #2051 ) ;
#2270 = AXIS2_PLACEMENT_3D ( 'NONE', #686, #671, #1323 ) ;
#2271 = CARTESIAN_POINT ( 'NONE',  ( 640.0262109553156051, -1095.326843530454198, -1258.493086499403262 ) ) ;
#2272 = DIRECTION ( 'NONE',  ( -0.000000000000000000, 0.000000000000000000, 1.000000000000000000 ) ) ;
#2273 = ADVANCED_FACE ( 'NONE', ( #575 ), #2231, .T. ) ;
#2274 = DIRECTION ( 'NONE',  ( 0.000000000000000000, -1.000000000000000000, 0.000000000000000000 ) ) ;
#2275 = VECTOR ( 'NONE', #512, 1000.000000000000000 ) ;
#2276 = APPROVAL_PERSON_ORGANIZATION ( #1513, #199, #2327 ) ;
#2277 = VERTEX_POINT ( 'NONE', #1195 ) ;
#2278 = ORIENTED_EDGE ( 'NONE', *, *, #1011, .T. ) ;
#2279 = CARTESIAN_POINT ( 'NONE',  ( -519.9000000000004320, -1107.805262667903889, -1260.499999999999773 ) ) ;
#2280 = APPROVAL_STATUS ( 'not_yet_approved' ) ;
#2281 = EDGE_LOOP ( 'NONE', ( #1014, #1537, #1847, #1983 ) ) ;
#2282 = CARTESIAN_POINT ( 'NONE',  ( -668.3329962927228962, -1096.805262667903207, -1215.464101615137224 ) ) ;
#2283 = ORIENTED_EDGE ( 'NONE', *, *, #2224, .F. ) ;
#2284 = PRODUCT ( 'CV03-TR-10_REV_B_475630b7bbc94f0588e1bd655b29a1fb.tmp', 'CV03-TR-10_REV_B_475630b7bbc94f0588e1bd655b29a1fb.tmp', '', ( #2661 ) ) ;
#2285 = DIRECTION ( 'NONE',  ( 1.000000000000000000, -0.000000000000000000, 0.000000000000000000 ) ) ;
#2286 = CARTESIAN_POINT ( 'NONE',  ( 642.3315082370262417, -1096.805262667903435, -1254.499999999999545 ) ) ;
#2287 = LINE ( 'NONE', #403, #1885 ) ;
#2288 = DIRECTION ( 'NONE',  ( -0.000000000000000000, 0.000000000000000000, 1.000000000000000000 ) ) ;
#2289 = ORIENTED_EDGE ( 'NONE', *, *, #2254, .F. ) ;
#2290 = CARTESIAN_POINT ( 'NONE',  ( -523.1000000000005912, -1093.805262667903662, -1260.499999999999773 ) ) ;
#2291 = EDGE_CURVE ( 'NONE', #1086, #1887, #1880, .T. ) ;
#2292 = LINE ( 'NONE', #871, #226 ) ;
#2293 = ADVANCED_FACE ( 'NONE', ( #274, #637, #1085, #843, #1470, #874, #32, #651, #220 ), #887, .F. ) ;
#2294 = DATE_AND_TIME ( #2516, #1629 ) ;
#2295 = ORIENTED_EDGE ( 'NONE', *, *, #1533, .F. ) ;
#2296 = CARTESIAN_POINT ( 'NONE',  ( 642.3315082370262417, -1096.805262667903435, -1254.499999999999545 ) ) ;
#2297 = ORIENTED_EDGE ( 'NONE', *, *, #781, .T. ) ;
#2298 = DIRECTION ( 'NONE',  ( 0.000000000000000000, -1.000000000000000000, 0.000000000000000000 ) ) ;
#2299 = CARTESIAN_POINT ( 'NONE',  ( -644.8674066218873122, -1154.805262667903435, -1260.499999999999773 ) ) ;
#2300 = CARTESIAN_POINT ( 'NONE',  ( -639.9596875347563127, -1097.618799294008340, -1256.554114431769676 ) ) ;
#2301 = DIRECTION ( 'NONE',  ( -0.000000000000000000, 0.000000000000000000, 1.000000000000000000 ) ) ;
#2302 = DIRECTION ( 'NONE',  ( -0.000000000000000000, 0.000000000000000000, 1.000000000000000000 ) ) ;
#2303 = ORIENTED_EDGE ( 'NONE', *, *, #2112, .T. ) ;
#2304 = DIRECTION ( 'NONE',  ( 0.000000000000000000, 0.000000000000000000, 1.000000000000000000 ) ) ;
#2305 = CARTESIAN_POINT ( 'NONE',  ( 674.6631233116455633, -1096.805262667903207, -1214.499999999999773 ) ) ;
#2306 = PERSON_AND_ORGANIZATION ( #2066, #108 ) ;
#2307 = EDGE_CURVE ( 'NONE', #1654, #1717, #1837, .T. ) ;
#2308 = ORIENTED_EDGE ( 'NONE', *, *, #2184, .F. ) ;
#2309 = EDGE_CURVE ( 'NONE', #2185, #16, #2503, .T. ) ;
#2310 = CARTESIAN_POINT ( 'NONE',  ( 1216.949570326560661, -1163.805262667903662, -1254.499999999999773 ) ) ;
#2311 = CIRCLE ( 'NONE', #2655, 0.9999999999998898659 ) ;
#2312 = ORIENTED_EDGE ( 'NONE', *, *, #2463, .T. ) ;
#2313 = AXIS2_PLACEMENT_3D ( 'NONE', #1268, #2298, #2505 ) ;
#2314 = DIRECTION ( 'NONE',  ( 1.000000000000000000, 0.000000000000000000, 0.000000000000000000 ) ) ;
#2315 = AXIS2_PLACEMENT_3D ( 'NONE', #2522, #1270, #655 ) ;
#2316 = CARTESIAN_POINT ( 'NONE',  ( 640.0262109553156051, -1097.566053099178816, -1256.496543249701517 ) ) ;
#2317 = DIRECTION ( 'NONE',  ( 0.000000000000000000, 0.000000000000000000, -1.000000000000000000 ) ) ;
#2318 = CIRCLE ( 'NONE', #365, 5.249999999547227958 ) ;
#2319 = CARTESIAN_POINT ( 'NONE',  ( 519.9000000000004320, -1113.805262667903662, -1260.499999999999773 ) ) ;
#2320 = CIRCLE ( 'NONE', #1450, 5.249999999547227958 ) ;
#2321 = LINE ( 'NONE', #1081, #2227 ) ;
#2322 = ORIENTED_EDGE ( 'NONE', *, *, #256, .T. ) ;
#2323 = AXIS2_PLACEMENT_3D ( 'NONE', #374, #178, #807 ) ;
#2324 = ORIENTED_EDGE ( 'NONE', *, *, #2027, .F. ) ;
#2325 = CARTESIAN_POINT ( 'NONE',  ( -557.3731010869422562, -1114.805262667903662, -1257.499999999999545 ) ) ;
#2326 = AXIS2_PLACEMENT_3D ( 'NONE', #1638, #1431, #2640 ) ;
#2327 = APPROVAL_ROLE ( '' ) ;
#2328 = ORIENTED_EDGE ( 'NONE', *, *, #2091, .F. ) ;
#2329 = DIRECTION ( 'NONE',  ( -0.000000000000000000, 0.000000000000000000, 1.000000000000000000 ) ) ;
#2330 = ORIENTED_EDGE ( 'NONE', *, *, #1697, .F. ) ;
#2331 = DIRECTION ( 'NONE',  ( 0.5000000000000011102, 0.000000000000000000, 0.8660254037844379305 ) ) ;
#2332 = DIRECTION ( 'NONE',  ( 1.000000000000000000, 0.000000000000000000, 0.000000000000000000 ) ) ;
#2333 = CARTESIAN_POINT ( 'NONE',  ( -642.3315082370257869, -1096.805262667903662, -1254.499999999999545 ) ) ;
#2334 = LINE ( 'NONE', #2679, #863 ) ;
#2335 = LINE ( 'NONE', #657, #1448 ) ;
#2336 = ORIENTED_EDGE ( 'NONE', *, *, #1445, .F. ) ;
#2337 = ORIENTED_EDGE ( 'NONE', *, *, #2625, .F. ) ;
#2338 = PERSON_AND_ORGANIZATION ( #2066, #108 ) ;
#2339 = ORIENTED_EDGE ( 'NONE', *, *, #2025, .F. ) ;
#2340 = LINE ( 'NONE', #234, #1365 ) ;
#2341 = ORIENTED_EDGE ( 'NONE', *, *, #1892, .F. ) ;
#2342 = CYLINDRICAL_SURFACE ( 'NONE', #1568, 0.9999999999998898659 ) ;
#2343 = DIRECTION ( 'NONE',  ( 0.000000000000000000, 1.000000000000000000, 0.000000000000000000 ) ) ;
#2344 = EDGE_CURVE ( 'NONE', #355, #447, #1703, .T. ) ;
#2345 = DIRECTION ( 'NONE',  ( 0.5000000000000009992, 0.000000000000000000, 0.8660254037844380415 ) ) ;
#2346 = EDGE_CURVE ( 'NONE', #1003, #2046, #2340, .T. ) ;
#2347 = DIRECTION ( 'NONE',  ( 0.000000000000000000, -1.000000000000000000, 0.000000000000000000 ) ) ;
#2348 = ADVANCED_FACE ( 'NONE', ( #15 ), #1481, .F. ) ;
#2349 = DIRECTION ( 'NONE',  ( 0.000000000000000000, 1.000000000000000000, 0.000000000000000000 ) ) ;
#2350 = ORIENTED_EDGE ( 'NONE', *, *, #1791, .F. ) ;
#2351 = CARTESIAN_POINT ( 'NONE',  ( -638.8674066218875396, -1153.805262667903662, -1257.499999999999773 ) ) ;
#2352 = ORIENTED_EDGE ( 'NONE', *, *, #455, .F. ) ;
#2353 = LINE ( 'NONE', #1319, #1188 ) ;
#2354 = ORIENTED_EDGE ( 'NONE', *, *, #1533, .T. ) ;
#2355 = FACE_BOUND ( 'NONE', #1076, .T. ) ;
#2356 = FACE_OUTER_BOUND ( 'NONE', #2662, .T. ) ;
#2357 = CARTESIAN_POINT ( 'NONE',  ( -608.4639947775447126, -1163.805262667903662, -1257.499999999999773 ) ) ;
#2358 = PLANE ( 'NONE',  #2638 ) ;
#2359 = FACE_OUTER_BOUND ( 'NONE', #1358, .T. ) ;
#2360 = ORIENTED_EDGE ( 'NONE', *, *, #1301, .F. ) ;
#2361 = LINE ( 'NONE', #1524, #318 ) ;
#2362 = AXIS2_PLACEMENT_3D ( 'NONE', #308, #1134, #944 ) ;
#2363 = AXIS2_PLACEMENT_3D ( 'NONE', #750, #1375, #2204 ) ;
#2364 = VERTEX_POINT ( 'NONE', #1075 ) ;
#2365 = AXIS2_PLACEMENT_3D ( 'NONE', #176, #2007, #560 ) ;
#2366 = CARTESIAN_POINT ( 'NONE',  ( -638.8674066218875396, -1099.805262667903662, -1260.499999999999773 ) ) ;
#2367 = ORIENTED_EDGE ( 'NONE', *, *, #1908, .F. ) ;
#2368 = CIRCLE ( 'NONE', #1507, 1.000000000000000888 ) ;
#2369 = PLANE ( 'NONE',  #147 ) ;
#2370 = PLANE ( 'NONE',  #1539 ) ;
#2371 = DIRECTION ( 'NONE',  ( -0.000000000000000000, 0.000000000000000000, 1.000000000000000000 ) ) ;
#2372 = CARTESIAN_POINT ( 'NONE',  ( -546.8731010869423699, -1148.805262667896613, -1260.499999999999545 ) ) ;
#2373 = EDGE_LOOP ( 'NONE', ( #1514, #1771, #2618, #2674 ) ) ;
#2374 = CARTESIAN_POINT ( 'NONE',  ( 669.1990216965073159, -1096.805262667903207, -1215.964101615137224 ) ) ;
#2375 = EDGE_CURVE ( 'NONE', #1990, #2364, #1058, .T. ) ;
#2376 = VERTEX_POINT ( 'NONE', #2530 ) ;
#2377 = EDGE_CURVE ( 'NONE', #430, #541, #1307, .T. ) ;
#2378 = EDGE_CURVE ( 'NONE', #1320, #309, #1727, .T. ) ;
#2379 = VECTOR ( 'NONE', #2288, 1000.000000000000000 ) ;
#2380 = CARTESIAN_POINT ( 'NONE',  ( -638.8674066218875396, -1093.805262667903662, -1257.499999999999773 ) ) ;
#2381 = ORIENTED_EDGE ( 'NONE', *, *, #468, .T. ) ;
#2382 = CIRCLE ( 'NONE', #990, 5.249999999999976907 ) ;
#2383 = CARTESIAN_POINT ( 'NONE',  ( 539.9999999999997726, -1096.805262667903435, -1225.249999999546844 ) ) ;
#2384 = DIRECTION ( 'NONE',  ( -0.000000000000000000, 0.000000000000000000, 1.000000000000000000 ) ) ;
#2385 = LINE ( 'NONE', #1091, #329 ) ;
#2386 = DIRECTION ( 'NONE',  ( -0.000000000000000000, 0.000000000000000000, 1.000000000000000000 ) ) ;
#2387 = ORIENTED_EDGE ( 'NONE', *, *, #1346, .F. ) ;
#2388 = FACE_BOUND ( 'NONE', #2200, .T. ) ;
#2389 = ORIENTED_EDGE ( 'NONE', *, *, #1246, .T. ) ;
#2390 = ADVANCED_FACE ( 'NONE', ( #2135 ), #1103, .T. ) ;
#2391 = CYLINDRICAL_SURFACE ( 'NONE', #192, 1.000000000000000888 ) ;
#2392 = ADVANCED_FACE ( 'NONE', ( #665 ), #1930, .T. ) ;
#2393 = VERTEX_POINT ( 'NONE', #1251 ) ;
#2394 = DIRECTION ( 'NONE',  ( -0.000000000000000000, 1.000000000000000000, -0.000000000000000000 ) ) ;
#2395 = LINE ( 'NONE', #537, #539 ) ;
#2396 = CARTESIAN_POINT ( 'NONE',  ( -670.3329962927231236, -1093.805262667903662, -1211.999999999999545 ) ) ;
#2397 = DIRECTION ( 'NONE',  ( -0.000000000000000000, 0.000000000000000000, 1.000000000000000000 ) ) ;
#2398 = ORIENTED_EDGE ( 'NONE', *, *, #1518, .T. ) ;
#2399 = DIRECTION ( 'NONE',  ( -0.000000000000000000, -1.000000000000000000, 0.000000000000000000 ) ) ;
#2400 = VECTOR ( 'NONE', #668, 1000.000000000000000 ) ;
#2401 = AXIS2_PLACEMENT_3D ( 'NONE', #917, #1959, #333 ) ;
#2402 = ORIENTED_EDGE ( 'NONE', *, *, #1299, .T. ) ;
#2403 = CARTESIAN_POINT ( 'NONE',  ( -639.9054089992268928, -1095.523505972098746, -1258.703601406078860 ) ) ;
#2404 = AXIS2_PLACEMENT_3D ( 'NONE', #376, #2234, #1197 ) ;
#2405 = DIRECTION ( 'NONE',  ( 0.000000000000000000, -1.000000000000000000, 0.000000000000000000 ) ) ;
#2406 = ORIENTED_EDGE ( 'NONE', *, *, #866, .F. ) ;
#2407 = LOCAL_TIME ( 16, 44, 19.00000000000000000, #828 ) ;
#2408 = PLANE ( 'NONE',  #2448 ) ;
#2409 = VECTOR ( 'NONE', #1809, 1000.000000000000000 ) ;
#2410 = APPROVAL ( #1468, 'UNSPECIFIED' ) ;
#2411 = CARTESIAN_POINT ( 'NONE',  ( 643.8674066218874259, -1154.805262667903435, -1257.499999999999545 ) ) ;
#2412 = CIRCLE ( 'NONE', #681, 5.000000000000115463 ) ;
#2413 = EDGE_CURVE ( 'NONE', #998, #2569, #1914, .T. ) ;
#2414 = DIRECTION ( 'NONE',  ( 0.000000000000000000, 0.000000000000000000, 1.000000000000000000 ) ) ;
#2415 = CARTESIAN_POINT ( 'NONE',  ( 640.0827775422186505, -1095.242027477320107, -1258.396287835058047 ) ) ;
#2416 = VERTEX_POINT ( 'NONE', #2296 ) ;
#2417 = CARTESIAN_POINT ( 'NONE',  ( 1090.972523324353915, -1096.805262667903435, -1260.499999999999545 ) ) ;
#2418 = EDGE_LOOP ( 'NONE', ( #2519, #2064, #1, #2402 ) ) ;
#2419 = CARTESIAN_POINT ( 'NONE',  ( -639.9549198642062038, -1095.440163385648702, -1258.616568637943146 ) ) ;
#2420 = LINE ( 'NONE', #1852, #1929 ) ;
#2421 = ORIENTED_EDGE ( 'NONE', *, *, #1577, .F. ) ;
#2422 = LINE ( 'NONE', #305, #236 ) ;
#2423 = DIRECTION ( 'NONE',  ( -0.000000000000000000, 0.000000000000000000, 1.000000000000000000 ) ) ;
#2424 = VECTOR ( 'NONE', #2237, 1000.000000000000000 ) ;
#2425 = CARTESIAN_POINT ( 'NONE',  ( 519.9000000000004320, -1093.805262667903662, -1257.499999999999773 ) ) ;
#2426 = EDGE_CURVE ( 'NONE', #606, #883, #440, .T. ) ;
#2427 = CARTESIAN_POINT ( 'NONE',  ( -669.8329962927230099, -1096.805262667903207, -1212.866025403784079 ) ) ;
#2428 = ADVANCED_FACE ( 'NONE', ( #2093 ), #859, .F. ) ;
#2429 = ORIENTED_EDGE ( 'NONE', *, *, #1647, .T. ) ;
#2430 = EDGE_CURVE ( 'NONE', #1293, #2159, #1153, .T. ) ;
#2431 = CARTESIAN_POINT ( 'NONE',  ( 640.0400758939821344, -1095.305747397342429, -1258.469307988118317 ) ) ;
#2432 = ORIENTED_EDGE ( 'NONE', *, *, #2184, .T. ) ;
#2433 = ORIENTED_EDGE ( 'NONE', *, *, #1416, .F. ) ;
#2434 = CARTESIAN_POINT ( 'NONE',  ( -639.9336111790846644, -1097.640477922585887, -1256.576978203815770 ) ) ;
#2435 = APPLICATION_PROTOCOL_DEFINITION ( 'international standard', 'config_control_design', 1994, #2509 ) ;
#2436 = ORIENTED_EDGE ( 'NONE', *, *, #20, .F. ) ;
#2437 = DIRECTION ( 'NONE',  ( 0.000000000000000000, -1.000000000000000000, 0.000000000000000000 ) ) ;
#2438 = CARTESIAN_POINT ( 'NONE',  ( 613.4639947775447126, -1163.805262667903435, -1257.499999999999773 ) ) ;
#2439 = B_SPLINE_CURVE_WITH_KNOTS ( 'NONE', 1,
 ( #967, #358 ),
 .UNSPECIFIED., .F., .F.,
 ( 2, 2 ),
 ( 0.2499999999999930611, 0.4375000000000052180 ),
 .UNSPECIFIED. ) ;
#2440 = CARTESIAN_POINT ( 'NONE',  ( 639.9894659142786395, -1097.594749092820848, -1256.528212146278747 ) ) ;
#2441 = DIRECTION ( 'NONE',  ( 0.000000000000000000, 0.000000000000000000, 1.000000000000000000 ) ) ;
#2442 = VERTEX_POINT ( 'NONE', #289 ) ;
#2443 = LINE ( 'NONE', #999, #1901 ) ;
#2444 = ORIENTED_EDGE ( 'NONE', *, *, #1429, .F. ) ;
#2445 = CARTESIAN_POINT ( 'NONE',  ( -640.1889491662184355, -1095.085058307234476, -1258.216291211817179 ) ) ;
#2446 = VECTOR ( 'NONE', #2397, 1000.000000000000000 ) ;
#2447 = ORIENTED_EDGE ( 'NONE', *, *, #2112, .F. ) ;
#2448 = AXIS2_PLACEMENT_3D ( 'NONE', #711, #1155, #1779 ) ;
#2449 = CARTESIAN_POINT ( 'NONE',  ( 539.9999999999997726, -1093.805262667903662, -1219.999999999999545 ) ) ;
#2450 = AXIS2_PLACEMENT_3D ( 'NONE', #1817, #804, #1219 ) ;
#2451 = CARTESIAN_POINT ( 'NONE',  ( 519.9000000000004320, -1093.805262667903662, -1260.499999999999773 ) ) ;
#2452 = CARTESIAN_POINT ( 'NONE',  ( 641.7484345106111050, -1096.805262667903662, -1255.007883741467367 ) ) ;
#2453 = CARTESIAN_POINT ( 'NONE',  ( 668.3329962927228962, -1093.805262667903435, -1215.464101615137224 ) ) ;
#2454 = CARTESIAN_POINT ( 'NONE',  ( -206.4074241353259822, -1093.805262667903662, -2009.542661907070169 ) ) ;
#2455 = B_SPLINE_CURVE_WITH_KNOTS ( 'NONE', 3,
 ( #2527, #1898, #1479, #1683 ),
 .UNSPECIFIED., .F., .F.,
 ( 4, 4 ),
 ( 0.000000000000000000, 1.000000000000000000 ),
 .UNSPECIFIED. ) ;
#2456 = EDGE_LOOP ( 'NONE', ( #1996, #733, #2553, #841 ) ) ;
#2457 = VERTEX_POINT ( 'NONE', #962 ) ;
#2458 = CARTESIAN_POINT ( 'NONE',  ( -641.0465189349597495, -1097.019624049471986, -1255.629301046162254 ) ) ;
#2459 = ADVANCED_FACE ( 'NONE', ( #302 ), #2202, .F. ) ;
#2460 = LINE ( 'NONE', #2646, #373 ) ;
#2461 = EDGE_CURVE ( 'NONE', #171, #2089, #2621, .T. ) ;
#2462 = ORIENTED_EDGE ( 'NONE', *, *, #1853, .T. ) ;
#2463 = EDGE_CURVE ( 'NONE', #1112, #309, #2015, .T. ) ;
#2464 = CARTESIAN_POINT ( 'NONE',  ( -643.8674066218874259, -1158.805262667903435, -1260.499999999999773 ) ) ;
#2465 = DIRECTION ( 'NONE',  ( 0.000000000000000000, 1.000000000000000000, -0.000000000000000000 ) ) ;
#2466 = CARTESIAN_POINT ( 'NONE',  ( 639.9797416861729289, -1097.602505465553577, -1256.536630626501164 ) ) ;
#2467 = DIRECTION ( 'NONE',  ( -0.000000000000000000, 1.000000000000000000, -0.000000000000000000 ) ) ;
#2468 = CARTESIAN_POINT ( 'NONE',  ( 640.0192784859823405, -1095.337391597009400, -1258.504975755045962 ) ) ;
#2469 = VERTEX_POINT ( 'NONE', #494 ) ;
#2470 = ORIENTED_EDGE ( 'NONE', *, *, #1414, .F. ) ;
#2471 = CARTESIAN_POINT ( 'NONE',  ( -640.1889491662184355, -1097.445160487568955, -1256.358145605908476 ) ) ;
#2472 = PLANE ( 'NONE',  #2365 ) ;
#2473 = VERTEX_POINT ( 'NONE', #708 ) ;
#2474 = ADVANCED_FACE ( 'NONE', ( #133 ), #2391, .T. ) ;
#2475 = PLANE ( 'NONE',  #2055 ) ;
#2476 = DIRECTION ( 'NONE',  ( 0.000000000000000000, 0.000000000000000000, -1.000000000000000000 ) ) ;
#2477 = CARTESIAN_POINT ( 'NONE',  ( 640.2757207799031676, -1097.392691910256190, -1256.284779025233320 ) ) ;
#2478 = CARTESIAN_POINT ( 'NONE',  ( -667.7349200813695234, -1096.805262667903207, -1210.499999999999545 ) ) ;
#2479 = LINE ( 'NONE', #853, #641 ) ;
#2480 = ORIENTED_EDGE ( 'NONE', *, *, #2510, .T. ) ;
#2481 = EDGE_LOOP ( 'NONE', ( #261, #549, #2389, #1483 ) ) ;
#2482 = CARTESIAN_POINT ( 'NONE',  ( -674.6631233116455633, -1096.805262667903207, -1214.499999999999773 ) ) ;
#2483 = AXIS2_PLACEMENT_3D ( 'NONE', #425, #1862, #213 ) ;
#2484 = APPROVAL_DATE_TIME ( #467, #2410 ) ;
#2485 = ORIENTED_EDGE ( 'NONE', *, *, #202, .F. ) ;
#2486 = DIRECTION ( 'NONE',  ( 1.000000000000000000, 0.000000000000000000, 0.000000000000000000 ) ) ;
#2487 = EDGE_LOOP ( 'NONE', ( #2531, #1194, #1385, #755 ) ) ;
#2488 = VECTOR ( 'NONE', #928, 1000.000000000000000 ) ;
#2489 = CARTESIAN_POINT ( 'NONE',  ( 552.1231010869422562, -1148.805262667896613, -1257.499999999999545 ) ) ;
#2490 = PRODUCT_RELATED_PRODUCT_CATEGORY ( 'detail', '', ( #2284 ) ) ;
#2491 = CIRCLE ( 'NONE', #2149, 5.249999999547227958 ) ;
#2492 = CARTESIAN_POINT ( 'NONE',  ( 640.2757207799031676, -1097.392691910256190, -1256.284779025233320 ) ) ;
#2493 = EDGE_CURVE ( 'NONE', #1037, #406, #120, .T. ) ;
#2494 = DIRECTION ( 'NONE',  ( 0.000000000000000000, 0.000000000000000000, 1.000000000000000000 ) ) ;
#2495 = EDGE_CURVE ( 'NONE', #2579, #2442, #95, .T. ) ;
#2496 = CARTESIAN_POINT ( 'NONE',  ( 523.1000000000004775, -1149.805262667903889, -1260.499999999999773 ) ) ;
#2497 = LOCAL_TIME ( 16, 44, 19.00000000000000000, #2132 ) ;
#2498 = VECTOR ( 'NONE', #526, 1000.000000000000114 ) ;
#2499 = VERTEX_POINT ( 'NONE', #2585 ) ;
#2500 = FACE_OUTER_BOUND ( 'NONE', #2017, .T. ) ;
#2501 = DIRECTION ( 'NONE',  ( -0.8660254037844380415, 0.000000000000000000, 0.5000000000000009992 ) ) ;
#2502 = ORIENTED_EDGE ( 'NONE', *, *, #1161, .T. ) ;
#2503 = LINE ( 'NONE', #2109, #2623 ) ;
#2504 = ORIENTED_EDGE ( 'NONE', *, *, #2654, .F. ) ;
#2505 = DIRECTION ( 'NONE',  ( 1.000000000000000000, 0.000000000000000000, 0.000000000000000000 ) ) ;
#2506 = CARTESIAN_POINT ( 'NONE',  ( 639.6516604487197810, -1097.867116951684920, -1256.821392977326923 ) ) ;
#2507 = CARTESIAN_POINT ( 'NONE',  ( -639.8961877585827551, -1097.672541663920583, -1256.609983646084174 ) ) ;
#2508 = CARTESIAN_POINT ( 'NONE',  ( -523.1000000000004775, -1149.805262667903889, -1257.499999999999773 ) ) ;
#2509 = APPLICATION_CONTEXT ( 'configuration controlled 3d designs of mechanical parts and assemblies' ) ;
#2510 = EDGE_CURVE ( 'NONE', #1736, #2670, #531, .T. ) ;
#2511 = EDGE_CURVE ( 'NONE', #1317, #2046, #1777, .T. ) ;
#2512 = EDGE_CURVE ( 'NONE', #1127, #1654, #1995, .T. ) ;
#2513 = ORIENTED_EDGE ( 'NONE', *, *, #734, .F. ) ;
#2514 = ORIENTED_EDGE ( 'NONE', *, *, #1773, .T. ) ;
#2515 = CARTESIAN_POINT ( 'NONE',  ( -519.9000000000004320, -1149.805262667903889, -1257.499999999999773 ) ) ;
#2516 = CALENDAR_DATE ( 2026, 11, 7 ) ;
#2517 = ORIENTED_EDGE ( 'NONE', *, *, #1043, .T. ) ;
#2518 = CARTESIAN_POINT ( 'NONE',  ( 613.4639947775447126, -1166.805262667903662, -1254.500000000000000 ) ) ;
#2519 = ORIENTED_EDGE ( 'NONE', *, *, #1098, .F. ) ;
#2520 = CARTESIAN_POINT ( 'NONE',  ( -523.1000000000005912, -1093.805262667903662, -1260.499999999999773 ) ) ;
#2521 = CARTESIAN_POINT ( 'NONE',  ( -523.1000000000003638, -1107.805262667903889, -1260.499999999999773 ) ) ;
#2522 = CARTESIAN_POINT ( 'NONE',  ( -613.4639947775447126, -1163.805262667903662, -1260.499999999999773 ) ) ;
#2523 = CARTESIAN_POINT ( 'NONE',  ( 552.1231010869422562, -1114.805262667903662, -1257.499999999999545 ) ) ;
#2524 = CARTESIAN_POINT ( 'NONE',  ( -644.8674066218873122, -1093.805262667903662, -1260.499999999999773 ) ) ;
#2525 = ORIENTED_EDGE ( 'NONE', *, *, #1714, .T. ) ;
#2526 = DIRECTION ( 'NONE',  ( -1.000000000000000000, 0.000000000000000000, -0.000000000000000000 ) ) ;
#2527 = CARTESIAN_POINT ( 'NONE',  ( -642.3315082370257869, -1093.805262667903662, -1254.499999999999545 ) ) ;
#2528 = DATE_TIME_ROLE ( 'classification_date' ) ;
#2529 = ORIENTED_EDGE ( 'NONE', *, *, #102, .T. ) ;
#2530 = CARTESIAN_POINT ( 'NONE',  ( -642.3315082370257869, -1096.805262667903662, -1254.499999999999545 ) ) ;
#2531 = ORIENTED_EDGE ( 'NONE', *, *, #2177, .F. ) ;
#2532 = DIRECTION ( 'NONE',  ( 1.000000000000000000, 0.000000000000000000, 0.000000000000000000 ) ) ;
#2533 = CARTESIAN_POINT ( 'NONE',  ( -557.3731010869422562, -1148.805262667896613, -1257.499999999999545 ) ) ;
#2534 = CARTESIAN_POINT ( 'NONE',  ( -639.9478020120010342, -1097.628618953355726, -1256.564522948065814 ) ) ;
#2535 = CARTESIAN_POINT ( 'NONE',  ( 1090.972523324353915, -1096.805262667903435, -1210.499999999999545 ) ) ;
#2536 = AXIS2_PLACEMENT_3D ( 'NONE', #927, #1794, #1131 ) ;
#2537 = CARTESIAN_POINT ( 'NONE',  ( -613.4639947775447126, -1166.805262667903662, -1254.499999999999773 ) ) ;
#2538 = ORIENTED_EDGE ( 'NONE', *, *, #1810, .F. ) ;
#2539 = VECTOR ( 'NONE', #2405, 1000.000000000000000 ) ;
#2540 = CYLINDRICAL_SURFACE ( 'NONE', #1094, 5.000000000000004441 ) ;
#2541 = VECTOR ( 'NONE', #700, 1000.000000000000000 ) ;
#2542 = ORIENTED_EDGE ( 'NONE', *, *, #767, .F. ) ;
#2543 = ADVANCED_FACE ( 'NONE', ( #721 ), #1564, .T. ) ;
#2544 = EDGE_CURVE ( 'NONE', #854, #2499, #2353, .T. ) ;
#2545 = DIRECTION ( 'NONE',  ( 0.000000000000000000, 1.000000000000000000, 0.000000000000000000 ) ) ;
#2546 = EDGE_CURVE ( 'NONE', #235, #2473, #924, .T. ) ;
#2547 = ORIENTED_EDGE ( 'NONE', *, *, #1634, .T. ) ;
#2548 = CARTESIAN_POINT ( 'NONE',  ( -640.0677198634496108, -1095.256752070015409, -1258.419635063671649 ) ) ;
#2549 = LINE ( 'NONE', #1519, #1712 ) ;
#2550 = CARTESIAN_POINT ( 'NONE',  ( -639.4350799628253981, -1098.187080507484097, -1257.033601724577920 ) ) ;
#2551 = DIRECTION ( 'NONE',  ( 1.000000000000000000, -0.000000000000000000, 0.000000000000000000 ) ) ;
#2552 = FACE_OUTER_BOUND ( 'NONE', #121, .T. ) ;
#2553 = ORIENTED_EDGE ( 'NONE', *, *, #202, .T. ) ;
#2554 = DIRECTION ( 'NONE',  ( 1.000000000000000000, 0.000000000000000000, 0.000000000000000000 ) ) ;
#2555 = ORIENTED_EDGE ( 'NONE', *, *, #2061, .T. ) ;
#2556 = DIRECTION ( 'NONE',  ( 0.000000000000000000, 0.000000000000000000, -1.000000000000000000 ) ) ;
#2557 = ORIENTED_EDGE ( 'NONE', *, *, #2544, .T. ) ;
#2558 = CARTESIAN_POINT ( 'NONE',  ( -640.4816924227355912, -1094.735849943829635, -1257.723694186877765 ) ) ;
#2559 = CARTESIAN_POINT ( 'NONE',  ( 638.8674066218876533, -1099.805262667903662, -1257.499999999999545 ) ) ;
#2560 = CARTESIAN_POINT ( 'NONE',  ( 1090.972523324353915, -1155.805262667903889, -1260.499999999999773 ) ) ;
#2561 = CARTESIAN_POINT ( 'NONE',  ( -523.1000000000003638, -1149.805262667903889, -1260.499999999999773 ) ) ;
#2562 = LINE ( 'NONE', #702, #1359 ) ;
#2563 = EDGE_LOOP ( 'NONE', ( #483, #1331, #1189, #469 ) ) ;
#2564 = CARTESIAN_POINT ( 'NONE',  ( 523.1000000000004775, -1107.805262667903889, -1260.499999999999773 ) ) ;
#2565 = VECTOR ( 'NONE', #2331, 1000.000000000000114 ) ;
#2566 = ORIENTED_EDGE ( 'NONE', *, *, #132, .F. ) ;
#2567 = AXIS2_PLACEMENT_3D ( 'NONE', #229, #1072, #2106 ) ;
#2568 = CARTESIAN_POINT ( 'NONE',  ( 1216.949570326560661, -1163.805262667903662, -1260.499999999999773 ) ) ;
#2569 = VERTEX_POINT ( 'NONE', #1115 ) ;
#2570 = CARTESIAN_POINT ( 'NONE',  ( -639.4350799628253981, -1096.568898347064533, -1259.567203449156295 ) ) ;
#2571 = VECTOR ( 'NONE', #325, 1000.000000000000000 ) ;
#2572 = DIRECTION ( 'NONE',  ( -0.000000000000000000, 0.000000000000000000, 1.000000000000000000 ) ) ;
#2573 = DIRECTION ( 'NONE',  ( 0.000000000000000000, 0.000000000000000000, -1.000000000000000000 ) ) ;
#2574 = FACE_OUTER_BOUND ( 'NONE', #2587, .T. ) ;
#2575 = EDGE_CURVE ( 'NONE', #608, #528, #2059, .T. ) ;
#2576 = AXIS2_PLACEMENT_3D ( 'NONE', #1768, #2573, #1758 ) ;
#2577 = CARTESIAN_POINT ( 'NONE',  ( 1090.972523324353915, -1113.805262667903662, -1257.499999999999773 ) ) ;
#2578 = EDGE_CURVE ( 'NONE', #1123, #744, #1739, .T. ) ;
#2579 = VERTEX_POINT ( 'NONE', #2366 ) ;
#2580 = EDGE_CURVE ( 'NONE', #2376, #2074, #1139, .T. ) ;
#2581 = DIRECTION ( 'NONE',  ( 0.000000000000000000, -1.000000000000000000, 0.000000000000000000 ) ) ;
#2582 = AXIS2_PLACEMENT_3D ( 'NONE', #1560, #527, #1393 ) ;
#2583 = AXIS2_PLACEMENT_3D ( 'NONE', #1867, #456, #1686 ) ;
#2584 = ORIENTED_EDGE ( 'NONE', *, *, #21, .F. ) ;
#2585 = CARTESIAN_POINT ( 'NONE',  ( -667.7349200813696370, -1093.805262667903662, -1210.499999999999545 ) ) ;
#2586 = CC_DESIGN_APPROVAL ( #1243, ( #2606 ) ) ;
#2587 = EDGE_LOOP ( 'NONE', ( #2330, #1554, #644, #14 ) ) ;
#2588 = CARTESIAN_POINT ( 'NONE',  ( 523.1000000000004775, -1149.805262667903889, -1257.499999999999773 ) ) ;
#2589 = FACE_OUTER_BOUND ( 'NONE', #1687, .T. ) ;
#2590 = CARTESIAN_POINT ( 'NONE',  ( -180.4266620217875925, -1166.805262667903662, -1994.542661907073352 ) ) ;
#2591 = CARTESIAN_POINT ( 'NONE',  ( 670.3329962927230099, -1096.805262667903207, -1211.999999999999545 ) ) ;
#2592 = ORIENTED_EDGE ( 'NONE', *, *, #2148, .F. ) ;
#2593 = FACE_BOUND ( 'NONE', #94, .T. ) ;
#2594 = EDGE_CURVE ( 'NONE', #774, #956, #1357, .T. ) ;
#2595 = ADVANCED_FACE ( 'NONE', ( #411 ), #1388, .F. ) ;
#2596 = VERTEX_POINT ( 'NONE', #204 ) ;
#2597 = CARTESIAN_POINT ( 'NONE',  ( 519.9000000000004320, -1093.805262667903662, -1260.499999999999773 ) ) ;
#2598 = ORIENTED_EDGE ( 'NONE', *, *, #2594, .T. ) ;
#2599 = DIRECTION ( 'NONE',  ( 0.000000000000000000, -1.000000000000000000, 0.000000000000000000 ) ) ;
#2600 = CARTESIAN_POINT ( 'NONE',  ( 671.1990216965073159, -1093.805262667903435, -1212.499999999999545 ) ) ;
#2601 = CARTESIAN_POINT ( 'NONE',  ( 546.8731010869423699, -1114.805262667903662, -1260.499999999999545 ) ) ;
#2602 = DIRECTION ( 'NONE',  ( 0.5000000000000011102, 0.000000000000000000, 0.8660254037844379305 ) ) ;
#2603 = ORIENTED_EDGE ( 'NONE', *, *, #1378, .F. ) ;
#2604 = CARTESIAN_POINT ( 'NONE',  ( 644.8674066218874259, -1157.805262667903662, -1257.499999999999545 ) ) ;
#2605 = VERTEX_POINT ( 'NONE', #2023 ) ;
#2606 = PRODUCT_DEFINITION ( 'UNKNOWN', '', #847, #250 ) ;
#2607 = EDGE_CURVE ( 'NONE', #1101, #2393, #1415, .T. ) ;
#2608 = DIRECTION ( 'NONE',  ( 0.8660254037844378194, 0.000000000000000000, -0.5000000000000014433 ) ) ;
#2609 = VERTEX_POINT ( 'NONE', #148 ) ;
#2610 = CARTESIAN_POINT ( 'NONE',  ( -644.8674066218873122, -1154.805262667903435, -1257.499999999999318 ) ) ;
#2611 = CARTESIAN_POINT ( 'NONE',  ( -552.1231010869422562, -1148.805262667896613, -1257.499999999999545 ) ) ;
#2612 = CARTESIAN_POINT ( 'NONE',  ( 608.4639947775447126, -1163.805262667903662, -1254.499999999999773 ) ) ;
#2613 = CARTESIAN_POINT ( 'NONE',  ( 640.2757207799031676, -1094.980121152608717, -1258.069558050466867 ) ) ;
#2614 = EDGE_LOOP ( 'NONE', ( #2566, #1928, #349, #1466 ) ) ;
#2615 = DIRECTION ( 'NONE',  ( 0.000000000000000000, -1.000000000000000000, 0.000000000000000000 ) ) ;
#2616 = CIRCLE ( 'NONE', #1921, 1.000000000000000888 ) ;
#2617 = VECTOR ( 'NONE', #867, 1000.000000000000000 ) ;
#2618 = ORIENTED_EDGE ( 'NONE', *, *, #1662, .T. ) ;
#2619 = DIRECTION ( 'NONE',  ( 0.000000000000000000, 0.000000000000000000, -1.000000000000000000 ) ) ;
#2620 = AXIS2_PLACEMENT_3D ( 'NONE', #88, #916, #399 ) ;
#2621 = LINE ( 'NONE', #2380, #2104 ) ;
#2622 = EDGE_LOOP ( 'NONE', ( #1516, #949 ) ) ;
#2623 = VECTOR ( 'NONE', #2122, 1000.000000000000000 ) ;
#2624 = EDGE_CURVE ( 'NONE', #447, #31, #2420, .T. ) ;
#2625 = EDGE_CURVE ( 'NONE', #571, #2457, #589, .T. ) ;
#2626 = ADVANCED_FACE ( 'NONE', ( #2673 ), #816, .F. ) ;
#2627 = CYLINDRICAL_SURFACE ( 'NONE', #1754, 6.000000000000005329 ) ;
#2628 = VECTOR ( 'NONE', #2371, 1000.000000000000000 ) ;
#2629 = CARTESIAN_POINT ( 'NONE',  ( 539.9999999999997726, -1093.805262667903662, -1219.999999999999545 ) ) ;
#2630 = FACE_OUTER_BOUND ( 'NONE', #2373, .T. ) ;
#2631 = CARTESIAN_POINT ( 'NONE',  ( -613.4639947775447126, -1163.805262667903662, -1257.499999999999773 ) ) ;
#2632 = ORIENTED_EDGE ( 'NONE', *, *, #586, .F. ) ;
#2633 = FACE_BOUND ( 'NONE', #1328, .T. ) ;
#2634 = EDGE_LOOP ( 'NONE', ( #826, #1018, #2429, #1571, #737, #805, #287, #1274, #818, #958, #1750, #1704, #2238, #275, #583, #885 ) ) ;
#2635 = ORIENTED_EDGE ( 'NONE', *, *, #1927, .F. ) ;
#2636 = CARTESIAN_POINT ( 'NONE',  ( -644.8674066218873122, -1157.805262667903662, -1260.499999999999773 ) ) ;
#2637 = VERTEX_POINT ( 'NONE', #370 ) ;
#2638 = AXIS2_PLACEMENT_3D ( 'NONE', #1960, #2195, #516 ) ;
#2639 = CARTESIAN_POINT ( 'NONE',  ( -523.1000000000003638, -1093.805262667903662, -1257.499999999999773 ) ) ;
#2640 = DIRECTION ( 'NONE',  ( -0.5000000000000009992, 0.000000000000000000, 0.8660254037844380415 ) ) ;
#2641 = CARTESIAN_POINT ( 'NONE',  ( 642.3315082370262417, -1096.805262667903662, -1254.499999999999773 ) ) ;
#2642 = ORIENTED_EDGE ( 'NONE', *, *, #1612, .T. ) ;
#2643 = CARTESIAN_POINT ( 'NONE',  ( 638.8674066218876533, -1099.805262667903662, -1260.499999999999773 ) ) ;
#2644 = EDGE_LOOP ( 'NONE', ( #2485, #2398, #897, #212 ) ) ;
#2645 = CARTESIAN_POINT ( 'NONE',  ( -639.6190566554744237, -1096.099552675053928, -1259.222855561201641 ) ) ;
#2646 = CARTESIAN_POINT ( 'NONE',  ( 539.9999999999997726, -1096.805262667903435, -1225.249999999546844 ) ) ;
#2647 = VERTEX_POINT ( 'NONE', #2038 ) ;
#2648 = DIRECTION ( 'NONE',  ( 0.000000000000000000, 0.000000000000000000, -1.000000000000000000 ) ) ;
#2649 = DIRECTION ( 'NONE',  ( 1.000000000000000000, 0.000000000000000000, 0.000000000000000000 ) ) ;
#2650 = CARTESIAN_POINT ( 'NONE',  ( 523.1000000000004775, -1113.805262667903662, -1260.499999999999773 ) ) ;
#2651 = CARTESIAN_POINT ( 'NONE',  ( -523.1000000000004775, -1107.805262667903889, -1257.499999999999773 ) ) ;
#2652 = LINE ( 'NONE', #2454, #390 ) ;
#2653 = EDGE_CURVE ( 'NONE', #898, #2039, #2460, .T. ) ;
#2654 = EDGE_CURVE ( 'NONE', #1861, #344, #384, .T. ) ;
#2655 = AXIS2_PLACEMENT_3D ( 'NONE', #1836, #2615, #971 ) ;
#2656 = EDGE_CURVE ( 'NONE', #528, #838, #791, .T. ) ;
#2657 = AXIS2_PLACEMENT_3D ( 'NONE', #193, #431, #1660 ) ;
#2658 = EDGE_LOOP ( 'NONE', ( #290, #627, #1523, #491 ) ) ;
#2659 = CARTESIAN_POINT ( 'NONE',  ( -639.9242104524654451, -1097.648446724520682, -1256.585252371599381 ) ) ;
#2660 = CIRCLE ( 'NONE', #2582, 5.249999999999976907 ) ;
#2661 = MECHANICAL_CONTEXT ( 'NONE', #2509, 'mechanical' ) ;
#2662 = EDGE_LOOP ( 'NONE', ( #1185, #436, #636, #778 ) ) ;
#2663 = AXIS2_PLACEMENT_3D ( 'NONE', #1757, #2394, #345 ) ;
#2664 = CARTESIAN_POINT ( 'NONE',  ( 557.3731010869422562, -1148.805262667896613, -1257.499999999999545 ) ) ;
#2665 = AXIS2_PLACEMENT_3D ( 'NONE', #44, #2162, #1555 ) ;
#2666 = DIRECTION ( 'NONE',  ( 0.5000000000000041078, 0.000000000000000000, 0.8660254037844363761 ) ) ;
#2667 = CARTESIAN_POINT ( 'NONE',  ( 641.7484345106111050, -1096.805262667903662, -1255.007883741467367 ) ) ;
#2668 = DIRECTION ( 'NONE',  ( 0.000000000000000000, 1.000000000000000000, 0.000000000000000000 ) ) ;
#2669 = CARTESIAN_POINT ( 'NONE',  ( -669.1990216965073159, -1093.805262667903662, -1215.964101615137224 ) ) ;
#2670 = VERTEX_POINT ( 'NONE', #777 ) ;
#2671 = CARTESIAN_POINT ( 'NONE',  ( -641.2683175396874731, -1094.087280413754343, -1256.372153381670614 ) ) ;
#2672 = ADVANCED_FACE ( 'NONE', ( #2049 ), #2472, .T. ) ;
#2673 = FACE_OUTER_BOUND ( 'NONE', #2563, .T. ) ;
#2674 = ORIENTED_EDGE ( 'NONE', *, *, #1791, .T. ) ;
#2675 = LINE ( 'NONE', #993, #1144 ) ;
#2676 = DIRECTION ( 'NONE',  ( -0.000000000000000000, 0.000000000000000000, 1.000000000000000000 ) ) ;
#2677 = CARTESIAN_POINT ( 'NONE',  ( 640.4996553202203131, -1097.260067333723782, -1256.095530015119948 ) ) ;
#2678 = FACE_OUTER_BOUND ( 'NONE', #1778, .T. ) ;
#2679 = CARTESIAN_POINT ( 'NONE',  ( -670.3329962927230099, -1096.805262667903207, -1211.999999999999545 ) ) ;
#2680 = ORIENTED_EDGE ( 'NONE', *, *, #1462, .T. ) ;
#2681 = VERTEX_POINT ( 'NONE', #1426 ) ;
#2682 = CARTESIAN_POINT ( 'NONE',  ( -639.9525472468044427, -1095.444100670035368, -1258.620727724005974 ) ) ;
ENDSEC;
END-ISO-10303-21;
