ISO-10303-21;
HEADER;
FILE_DESCRIPTION (( 'STEP AP203' ),
    '1' );
FILE_NAME ('CV03-TR-05_REV_B_29ad76e698c943a98a97709f15de8ea6.tmp.step',
    '2026-07-11T06:43:46',
    ( '' ),
    ( '' ),
    'SwSTEP 2.0',
    'SolidWorks 2025',
    '' );
FILE_SCHEMA (( 'CONFIG_CONTROL_DESIGN' ));
ENDSEC;

DATA;
#1 = ADVANCED_FACE ( 'NONE', ( #451 ), #837, .T. ) ;
#2 = CARTESIAN_POINT ( 'NONE',  ( -450.3625437314745454, -1178.305262667903889, -1578.999999999999545 ) ) ;
#3 = LOCAL_TIME ( 16, 43, 46.00000000000000000, #524 ) ;
#4 = CARTESIAN_POINT ( 'NONE',  ( 417.2574259649591681, -1213.305262667903889, -1644.999999999999545 ) ) ;
#5 = DIRECTION ( 'NONE',  ( -1.000000000000000000, -0.000000000000000000, -0.000000000000000000 ) ) ;
#6 = ORIENTED_EDGE ( 'NONE', *, *, #1201, .F. ) ;
#7 = CARTESIAN_POINT ( 'NONE',  ( -403.5971719271142888, -1184.305262667903889, -1642.000000000000000 ) ) ;
#8 = EDGE_CURVE ( 'NONE', #1491, #881, #1206, .T. ) ;
#9 = DIRECTION ( 'NONE',  ( 0.000000000000000000, 0.000000000000000000, 1.000000000000000000 ) ) ;
#10 = CARTESIAN_POINT ( 'NONE',  ( -439.9702388860613382, -1184.305262667903889, -1578.999999999999318 ) ) ;
#11 = CARTESIAN_POINT ( 'NONE',  ( -455.3625437314745454, -1217.305262667903889, -1578.999999999999545 ) ) ;
#12 = ORIENTED_EDGE ( 'NONE', *, *, #1204, .T. ) ;
#13 = DIRECTION ( 'NONE',  ( 0.000000000000000000, 0.000000000000000000, -1.000000000000000000 ) ) ;
#14 = ORIENTED_EDGE ( 'NONE', *, *, #703, .F. ) ;
#15 = CARTESIAN_POINT ( 'NONE',  ( 415.4675425162105284, -1181.305262667904117, -1639.219957517508192 ) ) ;
#16 = CARTESIAN_POINT ( 'NONE',  ( 413.8746132417135755, -1179.217046088540883, -1642.198949471307515 ) ) ;
#17 = DIRECTION ( 'NONE',  ( -0.000000000000000000, -0.000000000000000000, 1.000000000000000000 ) ) ;
#18 = DIRECTION ( 'NONE',  ( -0.000000000000000000, 1.000000000000000000, 0.000000000000000000 ) ) ;
#19 = CARTESIAN_POINT ( 'NONE',  ( 455.3625437314745454, -1218.305262667903889, -1578.999999999999545 ) ) ;
#20 = EDGE_CURVE ( 'NONE', #1148, #591, #961, .T. ) ;
#21 = ORIENTED_EDGE ( 'NONE', *, *, #1536, .F. ) ;
#22 = EDGE_CURVE ( 'NONE', #1088, #590, #563, .T. ) ;
#23 = ORIENTED_EDGE ( 'NONE', *, *, #1338, .F. ) ;
#24 = PERSON_AND_ORGANIZATION_ROLE ( 'design_supplier' ) ;
#25 = ADVANCED_FACE ( 'NONE', ( #186 ), #455, .F. ) ;
#26 = CARTESIAN_POINT ( 'NONE',  ( -407.0612735422520814, -1187.305262667903662, -1642.000000000000000 ) ) ;
#27 = AXIS2_PLACEMENT_3D ( 'NONE', #1612, #592, #891 ) ;
#28 = CARTESIAN_POINT ( 'NONE',  ( -54.35499999999999687, -1181.305262667903662, -1603.999999999999773 ) ) ;
#29 = EDGE_CURVE ( 'NONE', #890, #60, #567, .T. ) ;
#30 = PLANE ( 'NONE',  #1244 ) ;
#31 = CARTESIAN_POINT ( 'NONE',  ( -405.0320497975428680, -1187.305262667903662, -1644.999999999999545 ) ) ;
#32 = CIRCLE ( 'NONE', #1200, 1.000000000000000888 ) ;
#33 = VERTEX_POINT ( 'NONE', #1561 ) ;
#34 = ORIENTED_EDGE ( 'NONE', *, *, #805, .T. ) ;
#35 = SHAPE_DEFINITION_REPRESENTATION ( #1089, #1541 ) ;
#36 = CARTESIAN_POINT ( 'NONE',  ( -418.2574259649591681, -1213.305262667903889, -1641.999999999999773 ) ) ;
#37 = CARTESIAN_POINT ( 'NONE',  ( -456.3625437314745454, -1214.305262667903889, -1578.999999999999318 ) ) ;
#38 = CARTESIAN_POINT ( 'NONE',  ( 446.8984421163367529, -1184.305262667903889, -1587.999999999999545 ) ) ;
#39 = VERTEX_POINT ( 'NONE', #1554 ) ;
#40 = CARTESIAN_POINT ( 'NONE',  ( 412.3989563791122919, -1182.590675019337141, -1644.754862131870595 ) ) ;
#41 = EDGE_LOOP ( 'NONE', ( #195, #581, #769, #970 ) ) ;
#42 = EDGE_LOOP ( 'NONE', ( #532, #1123, #1457, #702 ) ) ;
#43 = CARTESIAN_POINT ( 'NONE',  ( 412.5383123366785298, -1181.927053138192150, -1644.513490533027834 ) ) ;
#44 = APPROVAL ( #714, 'UNSPECIFIED' ) ;
#45 = CARTESIAN_POINT ( 'NONE',  ( -412.2574259649591113, -1187.305262667903662, -1641.999999999999773 ) ) ;
#46 = CARTESIAN_POINT ( 'NONE',  ( -439.9702388860612245, -1184.305262667903889, -1575.999999999999545 ) ) ;
#47 = EDGE_CURVE ( 'NONE', #744, #1090, #432, .T. ) ;
#48 = CARTESIAN_POINT ( 'NONE',  ( 415.3409294761677870, -1181.305262667904344, -1639.329607626634925 ) ) ;
#49 = CARTESIAN_POINT ( 'NONE',  ( -518.1010263744817621, -1187.305262667903662, -1644.999999999999545 ) ) ;
#50 = ORIENTED_EDGE ( 'NONE', *, *, #1064, .T. ) ;
#51 = DIRECTION ( 'NONE',  ( 1.000000000000000000, 0.000000000000000000, 0.000000000000000000 ) ) ;
#52 = FACE_OUTER_BOUND ( 'NONE', #411, .T. ) ;
#53 = AXIS2_PLACEMENT_3D ( 'NONE', #1558, #931, #848 ) ;
#54 = CARTESIAN_POINT ( 'NONE',  ( -430.9240974332799397, -1181.305262667903662, -1594.668376608671679 ) ) ;
#55 = CARTESIAN_POINT ( 'NONE',  ( 412.9084158596979250, -1180.780794863252822, -1643.872452427098324 ) ) ;
#56 = VECTOR ( 'NONE', #431, 1000.000000000000000 ) ;
#57 = EDGE_LOOP ( 'NONE', ( #276, #1133, #67, #256, #892, #1265, #688, #1102, #657, #584, #1166, #1003, #105, #1279 ) ) ;
#58 = CIRCLE ( 'NONE', #110, 1.000000000000000888 ) ;
#59 = AXIS2_PLACEMENT_3D ( 'NONE', #413, #1431, #1183 ) ;
#60 = VERTEX_POINT ( 'NONE', #1339 ) ;
#61 = EDGE_CURVE ( 'NONE', #890, #281, #695, .T. ) ;
#62 = CARTESIAN_POINT ( 'NONE',  ( -418.2574259649592250, -1217.305262667903889, -1641.999999999999773 ) ) ;
#63 = CARTESIAN_POINT ( 'NONE',  ( 450.3625437314746023, -1194.305262667904344, -1577.000000000000227 ) ) ;
#64 = CARTESIAN_POINT ( 'NONE',  ( 415.7215275800971312, -1181.305262667904344, -1638.999999999999773 ) ) ;
#65 = DIRECTION ( 'NONE',  ( 1.000000000000000000, 0.000000000000000000, 0.000000000000000000 ) ) ;
#66 = MANIFOLD_SOLID_BREP ( 'Convert-Solid1', #1351 ) ;
#67 = ORIENTED_EDGE ( 'NONE', *, *, #481, .F. ) ;
#68 = PLANE ( 'NONE',  #976 ) ;
#69 = CARTESIAN_POINT ( 'NONE',  ( 413.6988862479946647, -1179.419977785267520, -1642.503317552689623 ) ) ;
#70 = EDGE_CURVE ( 'NONE', #523, #328, #701, .T. ) ;
#71 = EDGE_LOOP ( 'NONE', ( #742, #1188, #1512, #783 ) ) ;
#72 = EDGE_CURVE ( 'NONE', #1618, #1079, #312, .T. ) ;
#73 = EDGE_LOOP ( 'NONE', ( #774, #1472, #1208, #871 ) ) ;
#74 = EDGE_CURVE ( 'NONE', #541, #576, #815, .T. ) ;
#75 = CARTESIAN_POINT ( 'NONE',  ( -54.35499999999999687, -1181.305262667903662, -1603.999999999999773 ) ) ;
#76 = LINE ( 'NONE', #1578, #423 ) ;
#77 = EDGE_CURVE ( 'NONE', #816, #107, #631, .T. ) ;
#78 = AXIS2_PLACEMENT_3D ( 'NONE', #462, #616, #480 ) ;
#79 = ORIENTED_EDGE ( 'NONE', *, *, #1364, .T. ) ;
#80 = AXIS2_PLACEMENT_3D ( 'NONE', #212, #1223, #88 ) ;
#81 = CARTESIAN_POINT ( 'NONE',  ( 412.2574259649591681, -1213.305262667903889, -1641.999999999999773 ) ) ;
#82 = EDGE_LOOP ( 'NONE', ( #264, #1405, #987, #1567 ) ) ;
#83 = ORIENTED_EDGE ( 'NONE', *, *, #1122, .T. ) ;
#84 = EDGE_LOOP ( 'NONE', ( #116, #1442, #847, #371 ) ) ;
#85 = CARTESIAN_POINT ( 'NONE',  ( -403.5971719271145162, -1184.305262667903889, -1644.999999999999545 ) ) ;
#86 = VECTOR ( 'NONE', #1024, 1000.000000000000000 ) ;
#87 = CARTESIAN_POINT ( 'NONE',  ( -438.2381880784923283, -1181.305262667903889, -1581.999999999999545 ) ) ;
#88 = DIRECTION ( 'NONE',  ( -1.000000000000000000, 0.000000000000000000, -0.000000000000000000 ) ) ;
#89 = DIRECTION ( 'NONE',  ( 0.000000000000000000, -1.000000000000000000, -0.000000000000000000 ) ) ;
#90 = EDGE_LOOP ( 'NONE', ( #458, #262, #1216, #1444 ) ) ;
#91 = CARTESIAN_POINT ( 'NONE',  ( -407.0612735422523656, -1196.305262667903662, -1632.999999999999545 ) ) ;
#92 = DIRECTION ( 'NONE',  ( 0.000000000000000000, 0.000000000000000000, 1.000000000000000000 ) ) ;
#93 = DIRECTION ( 'NONE',  ( 0.000000000000000000, 0.000000000000000000, 1.000000000000000000 ) ) ;
#94 = CC_DESIGN_DATE_AND_TIME_ASSIGNMENT ( #125, #849, ( #800 ) ) ;
#95 = CARTESIAN_POINT ( 'NONE',  ( 450.3625437314745454, -1184.305262667903889, -1578.999999999999545 ) ) ;
#96 = ADVANCED_FACE ( 'NONE', ( #1566 ), #1450, .T. ) ;
#97 = DIRECTION ( 'NONE',  ( -0.000000000000000000, -1.000000000000000000, -0.000000000000000000 ) ) ;
#98 = EDGE_LOOP ( 'NONE', ( #147, #826, #981, #1377 ) ) ;
#99 = LINE ( 'NONE', #1268, #1108 ) ;
#100 = PERSON_AND_ORGANIZATION ( #991, #140 ) ;
#101 = CARTESIAN_POINT ( 'NONE',  ( 456.3625437314745454, -1217.305262667903889, -1578.999999999999318 ) ) ;
#102 = ORIENTED_EDGE ( 'NONE', *, *, #1361, .F. ) ;
#103 = CARTESIAN_POINT ( 'NONE',  ( 54.35499999999999687, -1178.305262667903889, -1610.499999999999773 ) ) ;
#104 = LINE ( 'NONE', #369, #1282 ) ;
#105 = ORIENTED_EDGE ( 'NONE', *, *, #724, .T. ) ;
#106 = VECTOR ( 'NONE', #1503, 1000.000000000000000 ) ;
#107 = VERTEX_POINT ( 'NONE', #861 ) ;
#108 = CARTESIAN_POINT ( 'NONE',  ( 413.4495222717565071, -1182.040393475406972, -1640.967638325251983 ) ) ;
#109 = CARTESIAN_POINT ( 'NONE',  ( 450.3625437314745454, -1184.305262667903889, -1575.999999999999545 ) ) ;
#110 = AXIS2_PLACEMENT_3D ( 'NONE', #867, #759, #1245 ) ;
#111 = VECTOR ( 'NONE', #594, 1000.000000000000000 ) ;
#112 = PLANE ( 'NONE',  #630 ) ;
#113 = CARTESIAN_POINT ( 'NONE',  ( -518.1010263744817621, -1178.305262667903889, -1578.999999999999545 ) ) ;
#114 = AXIS2_PLACEMENT_3D ( 'NONE', #1101, #1134, #845 ) ;
#115 = DIRECTION ( 'NONE',  ( 0.000000000000000000, 0.000000000000000000, 1.000000000000000000 ) ) ;
#116 = ORIENTED_EDGE ( 'NONE', *, *, #1462, .F. ) ;
#117 = ORIENTED_EDGE ( 'NONE', *, *, #1078, .F. ) ;
#118 = CARTESIAN_POINT ( 'NONE',  ( 413.8320602614251698, -1181.784877513818628, -1640.636690495215589 ) ) ;
#119 = DIRECTION ( 'NONE',  ( 1.000000000000000000, 0.000000000000000000, 0.000000000000000000 ) ) ;
#120 = CARTESIAN_POINT ( 'NONE',  ( -518.1010263744817621, -1187.305262667903662, -1641.999999999999773 ) ) ;
#121 = CARTESIAN_POINT ( 'NONE',  ( 417.2574259649591681, -1214.305262667903889, -1641.999999999999773 ) ) ;
#122 = CARTESIAN_POINT ( 'NONE',  ( 418.2574259649591681, -1213.305262667903889, -1641.999999999999773 ) ) ;
#123 = EDGE_LOOP ( 'NONE', ( #1290, #793, #209, #285 ) ) ;
#124 = LINE ( 'NONE', #736, #570 ) ;
#125 = DATE_AND_TIME ( #1345, #1065 ) ;
#126 = ADVANCED_FACE ( 'NONE', ( #979 ), #1603, .T. ) ;
#127 = DIRECTION ( 'NONE',  ( 0.000000000000000000, 0.000000000000000000, -1.000000000000000000 ) ) ;
#128 = LINE ( 'NONE', #159, #1570 ) ;
#129 = PLANE ( 'NONE',  #1040 ) ;
#130 = EDGE_CURVE ( 'NONE', #327, #1481, #794, .T. ) ;
#131 = EDGE_LOOP ( 'NONE', ( #1197, #166 ) ) ;
#132 = DIRECTION ( 'NONE',  ( 1.000000000000000000, 0.000000000000000000, 0.000000000000000000 ) ) ;
#133 = ORIENTED_EDGE ( 'NONE', *, *, #1361, .T. ) ;
#134 = CARTESIAN_POINT ( 'NONE',  ( 412.7538322359713447, -1182.746036466717442, -1641.570097098352107 ) ) ;
#135 = AXIS2_PLACEMENT_3D ( 'NONE', #1379, #253, #502 ) ;
#136 = DIRECTION ( 'NONE',  ( -0.000000000000000000, 1.000000000000000000, 0.000000000000000000 ) ) ;
#137 = CIRCLE ( 'NONE', #1323, 1.000000000000000888 ) ;
#138 = VECTOR ( 'NONE', #244, 1000.000000000000000 ) ;
#139 = CYLINDRICAL_SURFACE ( 'NONE', #236, 6.499999999999950262 ) ;
#140 = ORGANIZATION ( 'UNSPECIFIED', 'UNSPECIFIED', '' ) ;
#141 = CARTESIAN_POINT ( 'NONE',  ( 54.35499999999999687, -1178.305262667903889, -1616.999999999999773 ) ) ;
#142 = ORIENTED_EDGE ( 'NONE', *, *, #475, .F. ) ;
#143 = CARTESIAN_POINT ( 'NONE',  ( -518.1010263744817621, -1213.305262667903889, -1575.999999999999545 ) ) ;
#144 = AXIS2_PLACEMENT_3D ( 'NONE', #1435, #307, #193 ) ;
#145 = ORIENTED_EDGE ( 'NONE', *, *, #1423, .F. ) ;
#146 = CARTESIAN_POINT ( 'NONE',  ( 415.1504712894150089, -1181.346306096504122, -1639.494549257819472 ) ) ;
#147 = ORIENTED_EDGE ( 'NONE', *, *, #1576, .T. ) ;
#148 = CARTESIAN_POINT ( 'NONE',  ( 450.3625437314745454, -1178.305262667903889, -1575.999999999999545 ) ) ;
#149 = CC_DESIGN_PERSON_AND_ORGANIZATION_ASSIGNMENT ( #362, #24, ( #575 ) ) ;
#150 = LINE ( 'NONE', #653, #1620 ) ;
#151 = DIRECTION ( 'NONE',  ( 1.000000000000000000, 0.000000000000000000, 0.000000000000000000 ) ) ;
#152 = EDGE_CURVE ( 'NONE', #881, #700, #1121, .T. ) ;
#153 = EDGE_LOOP ( 'NONE', ( #1452, #1174, #491, #1140 ) ) ;
#154 = LINE ( 'NONE', #1266, #550 ) ;
#155 = ADVANCED_FACE ( 'NONE', ( #996 ), #1479, .T. ) ;
#156 = VERTEX_POINT ( 'NONE', #1490 ) ;
#157 = CARTESIAN_POINT ( 'NONE',  ( 455.3625437314745454, -1213.305262667903889, -1578.999999999999545 ) ) ;
#158 = EDGE_CURVE ( 'NONE', #1481, #327, #1044, .T. ) ;
#159 = CARTESIAN_POINT ( 'NONE',  ( -456.3625437314745454, -1178.305262667903889, -1575.999999999999545 ) ) ;
#160 = CARTESIAN_POINT ( 'NONE',  ( -436.5061372709234320, -1196.305262667903662, -1588.000000000000000 ) ) ;
#161 = ORIENTED_EDGE ( 'NONE', *, *, #70, .F. ) ;
#162 = DIRECTION ( 'NONE',  ( 1.000000000000000000, 0.000000000000000000, 0.000000000000000000 ) ) ;
#163 = ORIENTED_EDGE ( 'NONE', *, *, #185, .T. ) ;
#164 = EDGE_LOOP ( 'NONE', ( #23, #1316, #1458, #418 ) ) ;
#165 = CALENDAR_DATE ( 2026, 11, 7 ) ;
#166 = ORIENTED_EDGE ( 'NONE', *, *, #475, .T. ) ;
#167 = CARTESIAN_POINT ( 'NONE',  ( 412.2574259649592818, -1184.305262667903889, -1644.999999999999545 ) ) ;
#168 = ORIENTED_EDGE ( 'NONE', *, *, #202, .F. ) ;
#169 = VECTOR ( 'NONE', #315, 1000.000000000000000 ) ;
#170 = CARTESIAN_POINT ( 'NONE',  ( -438.2381880784923283, -1178.305262667903889, -1581.999999999999545 ) ) ;
#171 = CARTESIAN_POINT ( 'NONE',  ( 450.3625437314744886, -1184.305262667903889, -1577.999999999999545 ) ) ;
#172 = ORIENTED_EDGE ( 'NONE', *, *, #1031, .T. ) ;
#173 = DIRECTION ( 'NONE',  ( 0.000000000000000000, 1.000000000000000000, 0.000000000000000000 ) ) ;
#174 = ORIENTED_EDGE ( 'NONE', *, *, #1127, .F. ) ;
#175 = EDGE_LOOP ( 'NONE', ( #377, #810, #1309, #1487 ) ) ;
#176 = DIRECTION ( 'NONE',  ( -0.000000000000000000, 1.000000000000000000, 0.000000000000000000 ) ) ;
#177 = DIRECTION ( 'NONE',  ( 1.000000000000000000, 0.000000000000000000, 0.000000000000000000 ) ) ;
#178 = CARTESIAN_POINT ( 'NONE',  ( -436.5061372709234888, -1184.305262667903889, -1587.999999999999545 ) ) ;
#179 = DIRECTION ( 'NONE',  ( 0.000000000000000000, -1.000000000000000000, -0.000000000000000000 ) ) ;
#180 = EDGE_LOOP ( 'NONE', ( #831, #649, #172, #1324 ) ) ;
#181 = CARTESIAN_POINT ( 'NONE',  ( -439.9702388860613382, -1184.305262667903889, -1575.999999999999545 ) ) ;
#182 = CARTESIAN_POINT ( 'NONE',  ( -407.0612735422523656, -1172.305262667903662, -1632.999999999999545 ) ) ;
#183 = FACE_OUTER_BOUND ( 'NONE', #71, .T. ) ;
#184 = CARTESIAN_POINT ( 'NONE',  ( 414.4104945283831967, -1181.523334194604558, -1640.135387927984993 ) ) ;
#185 = EDGE_CURVE ( 'NONE', #1035, #514, #104, .T. ) ;
#186 = FACE_OUTER_BOUND ( 'NONE', #41, .T. ) ;
#187 =( BOUNDED_CURVE ( )  B_SPLINE_CURVE ( 3, ( #1142, #1153, #787, #647 ),
 .UNSPECIFIED., .F., .T. ) 
 B_SPLINE_CURVE_WITH_KNOTS ( ( 4, 4 ),
 ( 3.141592653589793116, 4.712388980384689674 ),
 .UNSPECIFIED. ) 
 CURVE ( )  GEOMETRIC_REPRESENTATION_ITEM ( )  RATIONAL_B_SPLINE_CURVE ( ( 1.000000000000000000, 0.8047378541243649375, 0.8047378541243649375, 1.000000000000000000 ) ) 
 REPRESENTATION_ITEM ( '' )  );
#188 = ORIENTED_EDGE ( 'NONE', *, *, #850, .F. ) ;
#189 = VECTOR ( 'NONE', #634, 1000.000000000000000 ) ;
#190 = CARTESIAN_POINT ( 'NONE',  ( 446.8984421163368665, -1192.305262667904117, -1586.000000000000000 ) ) ;
#191 = DIRECTION ( 'NONE',  ( -0.000000000000000000, 1.000000000000000000, -0.000000000000000000 ) ) ;
#192 = CIRCLE ( 'NONE', #1007, 1.000000000000000888 ) ;
#193 = DIRECTION ( 'NONE',  ( -1.000000000000000000, 0.000000000000000000, 0.000000000000000000 ) ) ;
#194 = VECTOR ( 'NONE', #1504, 1000.000000000000000 ) ;
#195 = ORIENTED_EDGE ( 'NONE', *, *, #952, .F. ) ;
#196 = CARTESIAN_POINT ( 'NONE',  ( -518.1010263744817621, -1213.305262667903889, -1644.999999999999545 ) ) ;
#197 = EDGE_CURVE ( 'NONE', #1491, #303, #725, .T. ) ;
#198 = CARTESIAN_POINT ( 'NONE',  ( 414.9608455447836945, -1181.359257026166915, -1639.658769966783439 ) ) ;
#199 = CC_DESIGN_PERSON_AND_ORGANIZATION_ASSIGNMENT ( #604, #615, ( #1336 ) ) ;
#200 = ADVANCED_FACE ( 'NONE', ( #378 ), #245, .F. ) ;
#201 = DIRECTION ( 'NONE',  ( -1.000000000000000000, 0.000000000000000000, 0.000000000000000000 ) ) ;
#202 = EDGE_CURVE ( 'NONE', #60, #868, #192, .T. ) ;
#203 = VERTEX_POINT ( 'NONE', #1592 ) ;
#204 = VECTOR ( 'NONE', #574, 1000.000000000000000 ) ;
#205 = EDGE_CURVE ( 'NONE', #523, #1090, #137, .T. ) ;
#206 = LINE ( 'NONE', #196, #1524 ) ;
#207 = DIRECTION ( 'NONE',  ( 0.000000000000000000, 0.000000000000000000, 1.000000000000000000 ) ) ;
#208 = EDGE_LOOP ( 'NONE', ( #1217, #1259, #1519, #784 ) ) ;
#209 = ORIENTED_EDGE ( 'NONE', *, *, #1207, .T. ) ;
#210 = PLANE ( 'NONE',  #866 ) ;
#211 = DIRECTION ( 'NONE',  ( 0.000000000000000000, 0.000000000000000000, -1.000000000000000000 ) ) ;
#212 = CARTESIAN_POINT ( 'NONE',  ( -518.1010263744817621, -1218.305262667903889, -1644.999999999999545 ) ) ;
#213 = CIRCLE ( 'NONE', #27, 6.499999999999950262 ) ;
#214 = AXIS2_PLACEMENT_3D ( 'NONE', #808, #692, #820 ) ;
#215 = DIRECTION ( 'NONE',  ( -0.000000000000000000, -0.000000000000000000, -1.000000000000000000 ) ) ;
#216 = ORIENTED_EDGE ( 'NONE', *, *, #1436, .F. ) ;
#217 = ORIENTED_EDGE ( 'NONE', *, *, #972, .T. ) ;
#218 = CARTESIAN_POINT ( 'NONE',  ( -407.0612735422524224, -1174.305262667904117, -1634.000000000000000 ) ) ;
#219 = COORDINATED_UNIVERSAL_TIME_OFFSET ( 10, 0, .AHEAD. ) ;
#220 = LINE ( 'NONE', #959, #597 ) ;
#221 = ADVANCED_FACE ( 'NONE', ( #1355 ), #457, .T. ) ;
#222 = DIRECTION ( 'NONE',  ( 1.000000000000000000, 0.000000000000000000, 0.000000000000000000 ) ) ;
#223 = CARTESIAN_POINT ( 'NONE',  ( -407.0612735422520814, -1187.305262667903662, -1644.999999999999545 ) ) ;
#224 = ORIENTED_EDGE ( 'NONE', *, *, #72, .F. ) ;
#225 = CARTESIAN_POINT ( 'NONE',  ( 450.3625437314745454, -1180.790544042142528, -1575.999999999999091 ) ) ;
#226 = MECHANICAL_CONTEXT ( 'NONE', #1296, 'mechanical' ) ;
#227 = DIRECTION ( 'NONE',  ( 1.000000000000000000, 0.000000000000000000, 0.000000000000000000 ) ) ;
#228 = CARTESIAN_POINT ( 'NONE',  ( -404.3146108623288342, -1181.305262667903662, -1640.757359312880453 ) ) ;
#229 = DIRECTION ( 'NONE',  ( 0.000000000000000000, 0.000000000000000000, -1.000000000000000000 ) ) ;
#230 = ORIENTED_EDGE ( 'NONE', *, *, #1252, .F. ) ;
#231 = CARTESIAN_POINT ( 'NONE',  ( 414.6748787573578170, -1181.444512742256848, -1639.906424201498794 ) ) ;
#232 = PERSON_AND_ORGANIZATION ( #991, #140 ) ;
#233 = DIRECTION ( 'NONE',  ( -1.000000000000000000, 0.000000000000000000, 0.000000000000000000 ) ) ;
#234 = CARTESIAN_POINT ( 'NONE',  ( -405.3292227346836967, -1181.305262667903662, -1638.999999999999545 ) ) ;
#235 = DIRECTION ( 'NONE',  ( 0.000000000000000000, 0.000000000000000000, -1.000000000000000000 ) ) ;
#236 = AXIS2_PLACEMENT_3D ( 'NONE', #778, #1390, #1288 ) ;
#237 = ORIENTED_EDGE ( 'NONE', *, *, #1539, .T. ) ;
#238 = CARTESIAN_POINT ( 'NONE',  ( 413.1773814088522272, -1182.266866800626076, -1641.203579741808880 ) ) ;
#239 = CARTESIAN_POINT ( 'NONE',  ( -439.9702388860613951, -1176.305262667904117, -1578.000000000000000 ) ) ;
#240 = CYLINDRICAL_SURFACE ( 'NONE', #1455, 1.000000000000000888 ) ;
#241 = VECTOR ( 'NONE', #1515, 1000.000000000000000 ) ;
#242 = DIRECTION ( 'NONE',  ( -1.000000000000000000, 0.000000000000000000, 0.000000000000000000 ) ) ;
#243 = EDGE_CURVE ( 'NONE', #1084, #868, #250, .T. ) ;
#244 = DIRECTION ( 'NONE',  ( -0.000000000000000000, 1.000000000000000000, -0.000000000000000000 ) ) ;
#245 = PLANE ( 'NONE',  #1275 ) ;
#246 = EDGE_CURVE ( 'NONE', #1507, #591, #1382, .T. ) ;
#247 = ORIENTED_EDGE ( 'NONE', *, *, #583, .T. ) ;
#248 = ORIENTED_EDGE ( 'NONE', *, *, #316, .T. ) ;
#249 = CARTESIAN_POINT ( 'NONE',  ( 412.2574259649592250, -1184.305262667903889, -1641.999999999999773 ) ) ;
#250 = B_SPLINE_CURVE_WITH_KNOTS ( 'NONE', 1,
 ( #879, #1586 ),
 .UNSPECIFIED., .F., .F.,
 ( 2, 2 ),
 ( 0.7499999999999930056, 0.9375000000000052180 ),
 .UNSPECIFIED. ) ;
#251 = CARTESIAN_POINT ( 'NONE',  ( -518.1010263744817621, -1184.305262667903889, -1641.999999999999545 ) ) ;
#252 = EDGE_CURVE ( 'NONE', #107, #541, #804, .T. ) ;
#253 = DIRECTION ( 'NONE',  ( -0.000000000000000000, -0.000000000000000000, 1.000000000000000000 ) ) ;
#254 = CARTESIAN_POINT ( 'NONE',  ( -441.4051167564899174, -1187.305262667903662, -1575.999999999999318 ) ) ;
#255 = CARTESIAN_POINT ( 'NONE',  ( 54.35499999999999687, -1181.305262667903662, -1610.499999999999773 ) ) ;
#256 = ORIENTED_EDGE ( 'NONE', *, *, #1484, .T. ) ;
#257 = ORIENTED_EDGE ( 'NONE', *, *, #852, .T. ) ;
#258 = CARTESIAN_POINT ( 'NONE',  ( 414.9015077012467714, -1181.390240981965917, -1639.710198208922748 ) ) ;
#259 = CARTESIAN_POINT ( 'NONE',  ( -456.3625437314745454, -1214.305262667903889, -1575.999999999999545 ) ) ;
#260 = FACE_OUTER_BOUND ( 'NONE', #726, .T. ) ;
#261 = FACE_OUTER_BOUND ( 'NONE', #73, .T. ) ;
#262 = ORIENTED_EDGE ( 'NONE', *, *, #1318, .T. ) ;
#263 = CARTESIAN_POINT ( 'NONE',  ( -443.4343405011991308, -1187.305262667903662, -1575.999999999999545 ) ) ;
#264 = ORIENTED_EDGE ( 'NONE', *, *, #885, .F. ) ;
#265 = CARTESIAN_POINT ( 'NONE',  ( -405.0320497975428680, -1187.305262667903662, -1642.000000000000000 ) ) ;
#266 = AXIS2_PLACEMENT_3D ( 'NONE', #1099, #1335, #211 ) ;
#267 = VERTEX_POINT ( 'NONE', #609 ) ;
#268 = DATE_AND_TIME ( #165, #846 ) ;
#269 = DIRECTION ( 'NONE',  ( 0.000000000000000000, 0.000000000000000000, -1.000000000000000000 ) ) ;
#270 = VECTOR ( 'NONE', #162, 1000.000000000000000 ) ;
#271 = EDGE_CURVE ( 'NONE', #1084, #1392, #1196, .T. ) ;
#272 = CARTESIAN_POINT ( 'NONE',  ( -405.3292227346836967, -1181.305262667903662, -1638.999999999999545 ) ) ;
#273 = ADVANCED_FACE ( 'NONE', ( #717 ), #589, .F. ) ;
#274 = CIRCLE ( 'NONE', #322, 1.000000000000000888 ) ;
#275 = CARTESIAN_POINT ( 'NONE',  ( -439.9702388860613382, -1186.062621980784570, -1575.999999999999318 ) ) ;
#276 = ORIENTED_EDGE ( 'NONE', *, *, #72, .T. ) ;
#277 = DIRECTION ( 'NONE',  ( -0.000000000000000000, -0.000000000000000000, 1.000000000000000000 ) ) ;
#278 = ORIENTED_EDGE ( 'NONE', *, *, #972, .F. ) ;
#279 = PLANE ( 'NONE',  #762 ) ;
#280 = CARTESIAN_POINT ( 'NONE',  ( 418.2574259649592250, -1217.305262667903889, -1641.999999999999773 ) ) ;
#281 = VERTEX_POINT ( 'NONE', #1026 ) ;
#282 = FACE_OUTER_BOUND ( 'NONE', #1510, .T. ) ;
#283 = CARTESIAN_POINT ( 'NONE',  ( 446.8984421163367529, -1184.305262667903889, -1584.999999999999545 ) ) ;
#284 = PLANE ( 'NONE',  #927 ) ;
#285 = ORIENTED_EDGE ( 'NONE', *, *, #777, .F. ) ;
#286 = ORIENTED_EDGE ( 'NONE', *, *, #534, .T. ) ;
#287 = DIRECTION ( 'NONE',  ( -0.000000000000000000, -0.000000000000000000, -1.000000000000000000 ) ) ;
#288 = LINE ( 'NONE', #1177, #340 ) ;
#289 = CARTESIAN_POINT ( 'NONE',  ( 450.3625437314744886, -1184.305262667903889, -1575.999999999999545 ) ) ;
#290 = CARTESIAN_POINT ( 'NONE',  ( -455.3625437314745454, -1213.305262667903889, -1575.999999999999545 ) ) ;
#291 = ORIENTED_EDGE ( 'NONE', *, *, #1083, .T. ) ;
#292 = CARTESIAN_POINT ( 'NONE',  ( 415.7215275800969607, -1178.305262667903889, -1638.999999999999545 ) ) ;
#293 = VECTOR ( 'NONE', #1369, 1000.000000000000000 ) ;
#294 = AXIS2_PLACEMENT_3D ( 'NONE', #761, #924, #889 ) ;
#295 = ORIENTED_EDGE ( 'NONE', *, *, #583, .F. ) ;
#296 = CARTESIAN_POINT ( 'NONE',  ( -455.3625437314745454, -1218.305262667903889, -1578.999999999999545 ) ) ;
#297 = VERTEX_POINT ( 'NONE', #290 ) ;
#298 = CARTESIAN_POINT ( 'NONE',  ( 446.8984421163367529, -1172.305262667903662, -1588.000000000000000 ) ) ;
#299 = CARTESIAN_POINT ( 'NONE',  ( 414.4104945283831967, -1178.741405721304545, -1641.270775855970669 ) ) ;
#300 = AXIS2_PLACEMENT_3D ( 'NONE', #1408, #665, #910 ) ;
#301 = VERTEX_POINT ( 'NONE', #1546 ) ;
#302 = EDGE_CURVE ( 'NONE', #1531, #1463, #1278, .T. ) ;
#303 = VERTEX_POINT ( 'NONE', #417 ) ;
#304 = CARTESIAN_POINT ( 'NONE',  ( 455.3625437314745454, -1213.305262667903889, -1578.999999999999545 ) ) ;
#305 = ADVANCED_FACE ( 'NONE', ( #538 ), #1393, .T. ) ;
#306 = DIRECTION ( 'NONE',  ( -1.000000000000000000, 0.000000000000000000, 0.000000000000000000 ) ) ;
#307 = DIRECTION ( 'NONE',  ( -0.000000000000000000, -0.000000000000000000, 1.000000000000000000 ) ) ;
#308 = VERTEX_POINT ( 'NONE', #1299 ) ;
#309 = VECTOR ( 'NONE', #942, 1000.000000000000000 ) ;
#310 = FACE_OUTER_BOUND ( 'NONE', #175, .T. ) ;
#311 = CARTESIAN_POINT ( 'NONE',  ( 413.3649967565187353, -1182.098481658601031, -1641.040815558019403 ) ) ;
#312 = LINE ( 'NONE', #1205, #1125 ) ;
#313 = ORIENTED_EDGE ( 'NONE', *, *, #158, .T. ) ;
#314 = EDGE_CURVE ( 'NONE', #1595, #360, #650, .T. ) ;
#315 = DIRECTION ( 'NONE',  ( -0.000000000000000000, 1.000000000000000000, -0.000000000000000000 ) ) ;
#316 = EDGE_CURVE ( 'NONE', #523, #1420, #1401, .T. ) ;
#317 = ADVANCED_FACE ( 'NONE', ( #641 ), #1036, .F. ) ;
#318 = CARTESIAN_POINT ( 'NONE',  ( -54.35499999999999687, -1178.305262667903889, -1610.499999999999773 ) ) ;
#319 = CARTESIAN_POINT ( 'NONE',  ( -518.1010263744817621, -1218.305262667903889, -1644.999999999999545 ) ) ;
#320 = AXIS2_PLACEMENT_3D ( 'NONE', #121, #618, #1363 ) ;
#321 = ADVANCED_FACE ( 'NONE', ( #1285 ), #284, .F. ) ;
#322 = AXIS2_PLACEMENT_3D ( 'NONE', #624, #1485, #490 ) ;
#323 = ORIENTED_EDGE ( 'NONE', *, *, #246, .T. ) ;
#324 = LINE ( 'NONE', #436, #1471 ) ;
#325 = LINE ( 'NONE', #438, #400 ) ;
#326 = CARTESIAN_POINT ( 'NONE',  ( -412.2574259649591113, -1218.305262667903889, -1641.999999999999773 ) ) ;
#327 = VERTEX_POINT ( 'NONE', #1171 ) ;
#328 = VERTEX_POINT ( 'NONE', #1046 ) ;
#329 = CARTESIAN_POINT ( 'NONE',  ( -403.5971719271145162, -1184.305262667903889, -1644.999999999999545 ) ) ;
#330 = DIRECTION ( 'NONE',  ( 0.000000000000000000, 1.000000000000000000, 0.000000000000000000 ) ) ;
#331 = DIRECTION ( 'NONE',  ( -0.000000000000000000, 1.000000000000000000, -0.000000000000000000 ) ) ;
#332 = CC_DESIGN_PERSON_AND_ORGANIZATION_ASSIGNMENT ( #1358, #478, ( #800 ) ) ;
#333 = CARTESIAN_POINT ( 'NONE',  ( -439.9702388860613951, -1186.062621980784570, -1575.999999999999318 ) ) ;
#334 = ORIENTED_EDGE ( 'NONE', *, *, #1536, .T. ) ;
#335 = CARTESIAN_POINT ( 'NONE',  ( -403.5971719271146867, -1192.305262667904344, -1642.999999999999545 ) ) ;
#336 = EDGE_CURVE ( 'NONE', #328, #1302, #154, .T. ) ;
#337 =( NAMED_UNIT ( * ) SI_UNIT ( $, .STERADIAN. ) SOLID_ANGLE_UNIT ( ) );
#338 = CARTESIAN_POINT ( 'NONE',  ( 448.6304929239055923, -1181.305262667903662, -1581.999999999999545 ) ) ;
#339 = CARTESIAN_POINT ( 'NONE',  ( -456.3625437314745454, -1214.305262667903889, -1578.999999999999318 ) ) ;
#340 = VECTOR ( 'NONE', #909, 1000.000000000000000 ) ;
#341 = VECTOR ( 'NONE', #5, 1000.000000000000000 ) ;
#342 = DIRECTION ( 'NONE',  ( 0.000000000000000000, 0.000000000000000000, -1.000000000000000000 ) ) ;
#343 = CC_DESIGN_SECURITY_CLASSIFICATION ( #1453, ( #575 ) ) ;
#344 = ORIENTED_EDGE ( 'NONE', *, *, #834, .T. ) ;
#345 = CARTESIAN_POINT ( 'NONE',  ( -417.2574259649591681, -1218.305262667903889, -1641.999999999999773 ) ) ;
#346 =( BOUNDED_SURFACE ( )  B_SPLINE_SURFACE ( 3, 3, ( 
 ( #283, #1051, #678, #685 ),
 ( #1545, #190, #798, #807 ),
 ( #554, #1298, #63, #1426 ),
 ( #1068, #171, #1559, #289 ),
 ( #1537, #1564, #430, #939 ),
 ( #788, #415, #529, #298 ),
 ( #1440, #1178, #812, #38 ) ),
 .UNSPECIFIED., .T., .F., .F. ) 
 B_SPLINE_SURFACE_WITH_KNOTS ( ( 4, 3, 4 ),
 ( 4, 4 ),
 ( 0.000000000000000000, 0.5000000000000000000, 1.000000000000000000 ),
 ( 0.000000000000000000, 1.000000000000000000 ),
 .UNSPECIFIED. ) 
 GEOMETRIC_REPRESENTATION_ITEM ( )  RATIONAL_B_SPLINE_SURFACE ( (
 ( 1.000000000000000000, 1.000000000000000000, 1.000000000000000000, 1.000000000000000000),
 ( 0.3333333333333333703, 0.3333333333333333148, 0.3333333333333333148, 0.3333333333333333703),
 ( 0.3333333333333333703, 0.3333333333333333148, 0.3333333333333333148, 0.3333333333333333703),
 ( 1.000000000000000000, 1.000000000000000000, 1.000000000000000000, 1.000000000000000000),
 ( 0.3333333333333333703, 0.3333333333333333148, 0.3333333333333333148, 0.3333333333333333703),
 ( 0.3333333333333333703, 0.3333333333333333148, 0.3333333333333333148, 0.3333333333333333703),
 ( 1.000000000000000000, 1.000000000000000000, 1.000000000000000000, 1.000000000000000000) ) ) 
 REPRESENTATION_ITEM ( '' )  SURFACE ( )  );
#347 = VECTOR ( 'NONE', #1621, 1000.000000000000000 ) ;
#348 = APPROVAL_STATUS ( 'not_yet_approved' ) ;
#349 = CYLINDRICAL_SURFACE ( 'NONE', #1340, 2.999999999999891642 ) ;
#350 = DIRECTION ( 'NONE',  ( 0.000000000000000000, 0.000000000000000000, -1.000000000000000000 ) ) ;
#351 = EDGE_CURVE ( 'NONE', #107, #492, #1538, .T. ) ;
#352 = CARTESIAN_POINT ( 'NONE',  ( 456.3625437314745454, -1214.305262667903889, -1578.999999999999318 ) ) ;
#353 = EDGE_LOOP ( 'NONE', ( #862, #384, #79, #521 ) ) ;
#354 = CARTESIAN_POINT ( 'NONE',  ( 413.0984598056367076, -1182.343550602676032, -1641.271988815991108 ) ) ;
#355 = APPLICATION_PROTOCOL_DEFINITION ( 'international standard', 'config_control_design', 1994, #1296 ) ;
#356 = DIRECTION ( 'NONE',  ( -0.000000000000000000, -1.000000000000000000, -0.000000000000000000 ) ) ;
#357 = CARTESIAN_POINT ( 'NONE',  ( -456.3625437314745454, -1217.305262667903889, -1575.999999999999545 ) ) ;
#358 = DIRECTION ( 'NONE',  ( -1.000000000000000000, 0.000000000000000000, 0.000000000000000000 ) ) ;
#359 = ORIENTED_EDGE ( 'NONE', *, *, #1307, .T. ) ;
#360 = VERTEX_POINT ( 'NONE', #263 ) ;
#361 = DIRECTION ( 'NONE',  ( 0.000000000000000000, 0.000000000000000000, -1.000000000000000000 ) ) ;
#362 = PERSON_AND_ORGANIZATION ( #991, #140 ) ;
#363 = FACE_OUTER_BOUND ( 'NONE', #1047, .T. ) ;
#364 = ADVANCED_FACE ( 'NONE', ( #1165 ), #967, .F. ) ;
#365 = LINE ( 'NONE', #1461, #1004 ) ;
#366 = DIRECTION ( 'NONE',  ( -0.000000000000000000, -0.000000000000000000, 1.000000000000000000 ) ) ;
#367 = EDGE_CURVE ( 'NONE', #1618, #516, #1527, .T. ) ;
#368 = ORIENTED_EDGE ( 'NONE', *, *, #1013, .T. ) ;
#369 = CARTESIAN_POINT ( 'NONE',  ( -456.3625437314745454, -1213.305262667903889, -1578.999999999999545 ) ) ;
#370 = AXIS2_PLACEMENT_3D ( 'NONE', #853, #1517, #1415 ) ;
#371 = ORIENTED_EDGE ( 'NONE', *, *, #1187, .F. ) ;
#372 = CARTESIAN_POINT ( 'NONE',  ( 412.3887915962685611, -1183.479708220619159, -1641.886686462505168 ) ) ;
#373 = EDGE_CURVE ( 'NONE', #1079, #60, #782, .T. ) ;
#374 = FACE_OUTER_BOUND ( 'NONE', #452, .T. ) ;
#375 = CARTESIAN_POINT ( 'NONE',  ( 418.2574259649592250, -1217.305262667903889, -1641.999999999999773 ) ) ;
#376 = DIRECTION ( 'NONE',  ( -0.000000000000000000, -0.000000000000000000, 1.000000000000000000 ) ) ;
#377 = ORIENTED_EDGE ( 'NONE', *, *, #903, .F. ) ;
#378 = FACE_OUTER_BOUND ( 'NONE', #969, .T. ) ;
#379 = ORIENTED_EDGE ( 'NONE', *, *, #1031, .F. ) ;
#380 = CARTESIAN_POINT ( 'NONE',  ( -443.4343405011991308, -1187.305262667903662, -1578.999999999999318 ) ) ;
#381 = CARTESIAN_POINT ( 'NONE',  ( -518.1010263744817621, -1181.305262667903662, -1638.999999999999545 ) ) ;
#382 = DIRECTION ( 'NONE',  ( 0.000000000000000000, 1.000000000000000000, 0.000000000000000000 ) ) ;
#383 = CARTESIAN_POINT ( 'NONE',  ( -417.2574259649591681, -1213.305262667903889, -1641.999999999999773 ) ) ;
#384 = ORIENTED_EDGE ( 'NONE', *, *, #1484, .F. ) ;
#385 = CARTESIAN_POINT ( 'NONE',  ( -407.0612735422520814, -1187.305262667903662, -1644.999999999999545 ) ) ;
#386 = APPROVAL ( #398, 'UNSPECIFIED' ) ;
#387 = ORIENTED_EDGE ( 'NONE', *, *, #534, .F. ) ;
#388 = CARTESIAN_POINT ( 'NONE',  ( 413.3040938880774888, -1182.156061714088992, -1641.093714547802620 ) ) ;
#389 = CALENDAR_DATE ( 2026, 11, 7 ) ;
#390 = DIRECTION ( 'NONE',  ( 0.000000000000000000, 1.000000000000000000, 0.000000000000000000 ) ) ;
#391 = DIRECTION ( 'NONE',  ( -0.000000000000000000, 1.000000000000000000, 0.000000000000000000 ) ) ;
#392 = APPLICATION_CONTEXT ( 'configuration controlled 3d designs of mechanical parts and assemblies' ) ;
#393 = LINE ( 'NONE', #493, #138 ) ;
#394 = CARTESIAN_POINT ( 'NONE',  ( 412.7695384041941793, -1181.134775123168083, -1644.112995236056122 ) ) ;
#395 = ORIENTED_EDGE ( 'NONE', *, *, #421, .T. ) ;
#396 = CARTESIAN_POINT ( 'NONE',  ( 415.1393070060386776, -1181.347937457783701, -1639.504218092946303 ) ) ;
#397 = VECTOR ( 'NONE', #565, 1000.000000000000000 ) ;
#398 = APPROVAL_STATUS ( 'not_yet_approved' ) ;
#399 = DIRECTION ( 'NONE',  ( -1.000000000000000000, 0.000000000000000000, 0.000000000000000000 ) ) ;
#400 = VECTOR ( 'NONE', #945, 1000.000000000000000 ) ;
#401 = DIRECTION ( 'NONE',  ( 0.000000000000000000, 0.000000000000000000, 1.000000000000000000 ) ) ;
#402 = VECTOR ( 'NONE', #1284, 1000.000000000000000 ) ;
#403 = CARTESIAN_POINT ( 'NONE',  ( -518.1010263744817621, -1178.305262667903889, -1638.999999999999545 ) ) ;
#404 = ORIENTED_EDGE ( 'NONE', *, *, #74, .F. ) ;
#405 = CARTESIAN_POINT ( 'NONE',  ( -403.5971719271143456, -1186.062621980784570, -1641.999999999999773 ) ) ;
#406 = ORIENTED_EDGE ( 'NONE', *, *, #1013, .F. ) ;
#407 = CARTESIAN_POINT ( 'NONE',  ( 412.2957938972354555, -1183.292325331171014, -1644.933544791915892 ) ) ;
#408 = LINE ( 'NONE', #2, #841 ) ;
#409 = CARTESIAN_POINT ( 'NONE',  ( -439.9702388860613951, -1194.305262667904344, -1577.000000000000227 ) ) ;
#410 = CARTESIAN_POINT ( 'NONE',  ( -407.0612735422520814, -1187.305262667903662, -1642.000000000000000 ) ) ;
#411 = EDGE_LOOP ( 'NONE', ( #230, #434, #564, #387 ) ) ;
#412 = ORIENTED_EDGE ( 'NONE', *, *, #1576, .F. ) ;
#413 = CARTESIAN_POINT ( 'NONE',  ( 417.2574259649591681, -1214.305262667903889, -1641.999999999999773 ) ) ;
#414 = CARTESIAN_POINT ( 'NONE',  ( -403.5971719271145162, -1178.305262667903662, -1641.999999999999545 ) ) ;
#415 = CARTESIAN_POINT ( 'NONE',  ( 446.8984421163368665, -1176.305262667904117, -1586.000000000000000 ) ) ;
#416 = ADVANCED_FACE ( 'NONE', ( #666 ), #1118, .F. ) ;
#417 = CARTESIAN_POINT ( 'NONE',  ( -412.2574259649591113, -1213.305262667903889, -1644.999999999999545 ) ) ;
#418 = ORIENTED_EDGE ( 'NONE', *, *, #1274, .T. ) ;
#419 = ORIENTED_EDGE ( 'NONE', *, *, #158, .F. ) ;
#420 = CARTESIAN_POINT ( 'NONE',  ( -430.9240974332799397, -1178.305262667903889, -1594.668376608671679 ) ) ;
#421 = EDGE_CURVE ( 'NONE', #301, #590, #900, .T. ) ;
#422 = VECTOR ( 'NONE', #698, 1000.000000000000000 ) ;
#423 = VECTOR ( 'NONE', #449, 1000.000000000000000 ) ;
#424 = CARTESIAN_POINT ( 'NONE',  ( 450.3625437314745454, -1184.305262667903889, -1575.999999999999545 ) ) ;
#425 = LINE ( 'NONE', #1057, #870 ) ;
#426 = CARTESIAN_POINT ( 'NONE',  ( 413.2060577181336498, -1182.232830516962167, -1641.178460802914060 ) ) ;
#427 = CARTESIAN_POINT ( 'NONE',  ( -439.9702388860613951, -1184.305262667903889, -1578.999999999999318 ) ) ;
#428 = CARTESIAN_POINT ( 'NONE',  ( 456.3625437314745454, -1214.305262667903889, -1578.999999999999318 ) ) ;
#429 = CARTESIAN_POINT ( 'NONE',  ( -518.1010263744817621, -1187.305262667903662, -1578.999999999999545 ) ) ;
#430 = CARTESIAN_POINT ( 'NONE',  ( 450.3625437314746023, -1174.305262667904117, -1577.000000000000227 ) ) ;
#431 = DIRECTION ( 'NONE',  ( -0.000000000000000000, -1.000000000000000000, -0.000000000000000000 ) ) ;
#432 = LINE ( 'NONE', #319, #309 ) ;
#433 = EDGE_CURVE ( 'NONE', #1481, #620, #680, .T. ) ;
#434 = ORIENTED_EDGE ( 'NONE', *, *, #77, .T. ) ;
#435 = ADVANCED_FACE ( 'NONE', ( #566 ), #1076, .T. ) ;
#436 = CARTESIAN_POINT ( 'NONE',  ( -430.9240974332799397, -1181.305262667903662, -1594.668376608671679 ) ) ;
#437 = CARTESIAN_POINT ( 'NONE',  ( -436.5061372709234320, -1172.305262667903662, -1588.000000000000000 ) ) ;
#438 = CARTESIAN_POINT ( 'NONE',  ( -418.2574259649592250, -1218.305262667903889, -1644.999999999999545 ) ) ;
#439 = CARTESIAN_POINT ( 'NONE',  ( -403.5971719271142888, -1184.305262667903889, -1644.999999999999545 ) ) ;
#440 = ORIENTED_EDGE ( 'NONE', *, *, #852, .F. ) ;
#441 = CARTESIAN_POINT ( 'NONE',  ( -518.1010263744817621, -1184.305262667903889, -1578.999999999999545 ) ) ;
#442 = AXIS2_PLACEMENT_3D ( 'NONE', #1093, #1243, #222 ) ;
#443 = CARTESIAN_POINT ( 'NONE',  ( 414.2297846087475932, -1178.878722849495489, -1641.583774618211010 ) ) ;
#444 = EDGE_LOOP ( 'NONE', ( #907, #117, #824, #395 ) ) ;
#445 = VECTOR ( 'NONE', #390, 1000.000000000000000 ) ;
#446 = ORIENTED_EDGE ( 'NONE', *, *, #1516, .T. ) ;
#447 = ORIENTED_EDGE ( 'NONE', *, *, #152, .F. ) ;
#448 = CARTESIAN_POINT ( 'NONE',  ( -439.2527999508469065, -1181.305262667903889, -1580.242640687119092 ) ) ;
#449 = DIRECTION ( 'NONE',  ( -1.000000000000000000, 0.000000000000000000, 0.000000000000000000 ) ) ;
#450 = VERTEX_POINT ( 'NONE', #1565 ) ;
#451 = FACE_OUTER_BOUND ( 'NONE', #1445, .T. ) ;
#452 = EDGE_LOOP ( 'NONE', ( #883, #1025, #248, #344 ) ) ;
#453 = DIRECTION ( 'NONE',  ( 1.000000000000000000, 0.000000000000000000, 0.000000000000000000 ) ) ;
#454 = LINE ( 'NONE', #825, #1172 ) ;
#455 =( BOUNDED_SURFACE ( )  B_SPLINE_SURFACE ( 3, 1, ( 
 ( #427, #1571 ),
 ( #693, #333 ),
 ( #681, #1195 ),
 ( #1071, #946 ) ),
 .UNSPECIFIED., .F., .F., .F. ) 
 B_SPLINE_SURFACE_WITH_KNOTS ( ( 4, 4 ),
 ( 2, 2 ),
 ( 0.000000000000000000, 1.000000000000000000 ),
 ( 0.000000000000000000, 1.000000000000000000 ),
 .UNSPECIFIED. ) 
 GEOMETRIC_REPRESENTATION_ITEM ( )  RATIONAL_B_SPLINE_SURFACE ( (
 ( 1.000000000000000000, 1.000000000000000000),
 ( 0.8047378541243649375, 0.8047378541243649375),
 ( 0.8047378541243649375, 0.8047378541243649375),
 ( 1.000000000000000000, 1.000000000000000000) ) ) 
 REPRESENTATION_ITEM ( '' )  SURFACE ( )  );
#456 = DIRECTION ( 'NONE',  ( 1.000000000000000000, 0.000000000000000000, 0.000000000000000000 ) ) ;
#457 = CYLINDRICAL_SURFACE ( 'NONE', #1623, 1.000000000000000888 ) ;
#458 = ORIENTED_EDGE ( 'NONE', *, *, #877, .F. ) ;
#459 = DIRECTION ( 'NONE',  ( 0.000000000000000000, 0.000000000000000000, -1.000000000000000000 ) ) ;
#460 = COORDINATED_UNIVERSAL_TIME_OFFSET ( 10, 0, .AHEAD. ) ;
#461 = EDGE_CURVE ( 'NONE', #639, #881, #325, .T. ) ;
#462 = CARTESIAN_POINT ( 'NONE',  ( 54.35499999999999687, -1181.305262667903662, -1610.499999999999773 ) ) ;
#463 = CARTESIAN_POINT ( 'NONE',  ( 448.6304929239055923, -1181.305262667903662, -1581.999999999999545 ) ) ;
#464 = CIRCLE ( 'NONE', #135, 1.000000000000000888 ) ;
#465 = AXIS2_PLACEMENT_3D ( 'NONE', #352, #855, #522 ) ;
#466 = CARTESIAN_POINT ( 'NONE',  ( -403.5971719271142888, -1184.305262667903889, -1644.999999999999545 ) ) ;
#467 = VECTOR ( 'NONE', #648, 1000.000000000000000 ) ;
#468 = EDGE_LOOP ( 'NONE', ( #508, #334, #1277, #1159 ) ) ;
#469 = CARTESIAN_POINT ( 'NONE',  ( 456.3625437314745454, -1214.305262667903889, -1575.999999999999545 ) ) ;
#470 = AXIS2_PLACEMENT_3D ( 'NONE', #775, #176, #795 ) ;
#471 = CARTESIAN_POINT ( 'NONE',  ( -443.4343405011991308, -1187.305262667903662, -1578.999999999999318 ) ) ;
#472 = DIRECTION ( 'NONE',  ( -0.5000000000000009992, 0.000000000000000000, -0.8660254037844380415 ) ) ;
#473 = CARTESIAN_POINT ( 'NONE',  ( 54.35499999999999687, -1181.305262667903662, -1610.499999999999773 ) ) ;
#474 = ORIENTED_EDGE ( 'NONE', *, *, #850, .T. ) ;
#475 = EDGE_CURVE ( 'NONE', #1088, #776, #1427, .T. ) ;
#476 = ORIENTED_EDGE ( 'NONE', *, *, #1364, .F. ) ;
#477 = DIRECTION ( 'NONE',  ( -0.000000000000000000, -0.000000000000000000, 1.000000000000000000 ) ) ;
#478 = PERSON_AND_ORGANIZATION_ROLE ( 'creator' ) ;
#479 = EDGE_CURVE ( 'NONE', #1392, #1330, #76, .T. ) ;
#480 = DIRECTION ( 'NONE',  ( 0.000000000000000000, 0.000000000000000000, 1.000000000000000000 ) ) ;
#481 = EDGE_CURVE ( 'NONE', #962, #33, #1082, .T. ) ;
#482 = VECTOR ( 'NONE', #1332, 1000.000000000000000 ) ;
#483 = LINE ( 'NONE', #617, #817 ) ;
#484 = CYLINDRICAL_SURFACE ( 'NONE', #819, 2.999999999999891642 ) ;
#485 = EDGE_CURVE ( 'NONE', #156, #1587, #699, .T. ) ;
#486 = CARTESIAN_POINT ( 'NONE',  ( -518.1010263744817621, -1184.305262667903889, -1638.999999999999545 ) ) ;
#487 = ORIENTED_EDGE ( 'NONE', *, *, #596, .F. ) ;
#488 = CARTESIAN_POINT ( 'NONE',  ( 412.5958464096799503, -1183.011407350246145, -1641.706950395629974 ) ) ;
#489 = DATE_AND_TIME ( #593, #1111 ) ;
#490 = DIRECTION ( 'NONE',  ( -1.000000000000000000, 0.000000000000000000, 0.000000000000000000 ) ) ;
#491 = ORIENTED_EDGE ( 'NONE', *, *, #912, .T. ) ;
#492 = VERTEX_POINT ( 'NONE', #960 ) ;
#493 = CARTESIAN_POINT ( 'NONE',  ( 54.35499999999999687, -1181.305262667903662, -1616.999999999999773 ) ) ;
#494 = CARTESIAN_POINT ( 'NONE',  ( -455.3625437314745454, -1214.305262667903889, -1578.999999999999545 ) ) ;
#495 = VECTOR ( 'NONE', #177, 1000.000000000000000 ) ;
#496 = AXIS2_PLACEMENT_3D ( 'NONE', #318, #191, #207 ) ;
#497 = ORIENTED_EDGE ( 'NONE', *, *, #786, .F. ) ;
#498 = CARTESIAN_POINT ( 'NONE',  ( 414.5674172993655020, -1181.476649260255499, -1639.999491424925282 ) ) ;
#499 = CARTESIAN_POINT ( 'NONE',  ( -450.3625437314745454, -1178.305262667903889, -1575.999999999999545 ) ) ;
#500 = AXIS2_PLACEMENT_3D ( 'NONE', #11, #376, #731 ) ;
#501 = ADVANCED_FACE ( 'NONE', ( #799 ), #1308, .T. ) ;
#502 = DIRECTION ( 'NONE',  ( -1.000000000000000000, 0.000000000000000000, 0.000000000000000000 ) ) ;
#503 = LINE ( 'NONE', #520, #1198 ) ;
#504 = ORIENTED_EDGE ( 'NONE', *, *, #1129, .T. ) ;
#505 = CARTESIAN_POINT ( 'NONE',  ( 418.2574259649592250, -1217.305262667903889, -1641.999999999999773 ) ) ;
#506 = EDGE_LOOP ( 'NONE', ( #1114, #568, #368, #913, #1135, #1333, #50, #257, #901, #642, #102, #237, #651, #809 ) ) ;
#507 = EDGE_CURVE ( 'NONE', #492, #1148, #1193, .T. ) ;
#508 = ORIENTED_EDGE ( 'NONE', *, *, #130, .F. ) ;
#509 = CARTESIAN_POINT ( 'NONE',  ( 413.4904281863774145, -1182.010283040018521, -1640.932195290187565 ) ) ;
#510 = DIRECTION ( 'NONE',  ( 0.000000000000000000, 0.000000000000000000, -1.000000000000000000 ) ) ;
#511 = CARTESIAN_POINT ( 'NONE',  ( -54.35499999999999687, -1181.305262667903662, -1610.499999999999773 ) ) ;
#512 = LINE ( 'NONE', #383, #1530 ) ;
#513 = CARTESIAN_POINT ( 'NONE',  ( 412.5383123366785298, -1181.927053138192150, -1644.513490533027834 ) ) ;
#514 = VERTEX_POINT ( 'NONE', #1362 ) ;
#515 = CARTESIAN_POINT ( 'NONE',  ( 415.1294952517058618, -1181.349390514660399, -1639.512715800072101 ) ) ;
#516 = VERTEX_POINT ( 'NONE', #357 ) ;
#517 = DIRECTION ( 'NONE',  ( 0.000000000000000000, 0.000000000000000000, -1.000000000000000000 ) ) ;
#518 = ORIENTED_EDGE ( 'NONE', *, *, #8, .F. ) ;
#519 = CARTESIAN_POINT ( 'NONE',  ( -456.3625437314745454, -1217.305262667903889, -1578.999999999999318 ) ) ;
#520 = CARTESIAN_POINT ( 'NONE',  ( -439.9702388860613382, -1184.305262667903889, -1578.999999999999318 ) ) ;
#521 = ORIENTED_EDGE ( 'NONE', *, *, #271, .T. ) ;
#522 = DIRECTION ( 'NONE',  ( 0.000000000000000000, -1.000000000000000000, 0.000000000000000000 ) ) ;
#523 = VERTEX_POINT ( 'NONE', #1488 ) ;
#524 = COORDINATED_UNIVERSAL_TIME_OFFSET ( 10, 0, .AHEAD. ) ;
#525 = DIRECTION ( 'NONE',  ( -0.000000000000000000, 1.000000000000000000, 0.000000000000000000 ) ) ;
#526 = CC_DESIGN_APPROVAL ( #622, ( #800 ) ) ;
#527 = PLANE ( 'NONE',  #1449 ) ;
#528 = CIRCLE ( 'NONE', #603, 1.000000000000000888 ) ;
#529 = CARTESIAN_POINT ( 'NONE',  ( 446.8984421163368665, -1174.305262667904117, -1587.000000000000000 ) ) ;
#530 = DIRECTION ( 'NONE',  ( -0.000000000000000000, -0.000000000000000000, 1.000000000000000000 ) ) ;
#531 = VERTEX_POINT ( 'NONE', #1495 ) ;
#532 = ORIENTED_EDGE ( 'NONE', *, *, #539, .F. ) ;
#533 = CARTESIAN_POINT ( 'NONE',  ( 413.3649967565187353, -1179.891700649298400, -1643.081631116039489 ) ) ;
#534 = EDGE_CURVE ( 'NONE', #753, #267, #1150, .T. ) ;
#535 = CARTESIAN_POINT ( 'NONE',  ( -456.3625437314745454, -1214.305262667903889, -1578.999999999999318 ) ) ;
#536 = ADVANCED_FACE ( 'NONE', ( #723 ), #1615, .T. ) ;
#537 = CARTESIAN_POINT ( 'NONE',  ( -439.9702388860612814, -1196.305262667903662, -1576.000000000000000 ) ) ;
#538 = FACE_OUTER_BOUND ( 'NONE', #353, .T. ) ;
#539 = EDGE_CURVE ( 'NONE', #1463, #1330, #365, .T. ) ;
#540 = VERTEX_POINT ( 'NONE', #709 ) ;
#541 = VERTEX_POINT ( 'NONE', #988 ) ;
#542 = CARTESIAN_POINT ( 'NONE',  ( 412.2574259649591113, -1183.795760817199380, -1644.999999999999091 ) ) ;
#543 = CARTESIAN_POINT ( 'NONE',  ( -403.5971719271146867, -1194.305262667904344, -1643.999999999999318 ) ) ;
#544 = CARTESIAN_POINT ( 'NONE',  ( -439.9702388860611677, -1184.305262667903889, -1577.000000000000000 ) ) ;
#545 = CARTESIAN_POINT ( 'NONE',  ( -417.2574259649591681, -1217.305262667903889, -1641.999999999999773 ) ) ;
#546 = DIRECTION ( 'NONE',  ( -1.000000000000000000, 0.000000000000000000, -0.000000000000000000 ) ) ;
#547 = ORIENTED_EDGE ( 'NONE', *, *, #600, .F. ) ;
#548 = CARTESIAN_POINT ( 'NONE',  ( 412.5925150862341297, -1181.721366321576170, -1644.419608616887217 ) ) ;
#549 = AXIS2_PLACEMENT_3D ( 'NONE', #1214, #706, #93 ) ;
#550 = VECTOR ( 'NONE', #530, 1000.000000000000000 ) ;
#551 = VECTOR ( 'NONE', #546, 1000.000000000000000 ) ;
#552 = CARTESIAN_POINT ( 'NONE',  ( -407.0612735422523087, -1184.305262667903889, -1633.999999999999773 ) ) ;
#553 = ADVANCED_FACE ( 'NONE', ( #729 ), #860, .T. ) ;
#554 = CARTESIAN_POINT ( 'NONE',  ( 450.3625437314744886, -1190.305262667903662, -1579.000000000000000 ) ) ;
#555 = APPROVAL_PERSON_ORGANIZATION ( #974, #622, #1599 ) ;
#556 = CARTESIAN_POINT ( 'NONE',  ( -54.35499999999999687, -1181.305262667903662, -1610.499999999999773 ) ) ;
#557 = ADVANCED_FACE ( 'NONE', ( #1602 ), #112, .T. ) ;
#558 = EDGE_CURVE ( 'NONE', #590, #301, #790, .T. ) ;
#559 = ORIENTED_EDGE ( 'NONE', *, *, #1184, .T. ) ;
#560 = DIRECTION ( 'NONE',  ( -0.000000000000000000, -0.000000000000000000, 1.000000000000000000 ) ) ;
#561 = CARTESIAN_POINT ( 'NONE',  ( -455.3625437314745454, -1218.305262667903889, -1575.999999999999545 ) ) ;
#562 = CARTESIAN_POINT ( 'NONE',  ( 413.8746132417135755, -1181.761154378222500, -1640.599474735653303 ) ) ;
#563 = LINE ( 'NONE', #829, #1386 ) ;
#564 = ORIENTED_EDGE ( 'NONE', *, *, #754, .T. ) ;
#565 = DIRECTION ( 'NONE',  ( -0.000000000000000000, -0.000000000000000000, 1.000000000000000000 ) ) ;
#566 = FACE_OUTER_BOUND ( 'NONE', #633, .T. ) ;
#567 = LINE ( 'NONE', #689, #482 ) ;
#568 = ORIENTED_EDGE ( 'NONE', *, *, #579, .T. ) ;
#569 = DIRECTION ( 'NONE',  ( 1.000000000000000000, 0.000000000000000000, 0.000000000000000000 ) ) ;
#570 = VECTOR ( 'NONE', #477, 1000.000000000000000 ) ;
#571 = DIRECTION ( 'NONE',  ( 1.000000000000000000, 0.000000000000000000, 0.000000000000000000 ) ) ;
#572 = ORIENTED_EDGE ( 'NONE', *, *, #485, .T. ) ;
#573 = ORIENTED_EDGE ( 'NONE', *, *, #1388, .T. ) ;
#574 = DIRECTION ( 'NONE',  ( 0.000000000000000000, 1.000000000000000000, 0.000000000000000000 ) ) ;
#575 = PRODUCT_DEFINITION_FORMATION_WITH_SPECIFIED_SOURCE ( 'ANY', '', #1336, .NOT_KNOWN. ) ;
#576 = VERTEX_POINT ( 'NONE', #1371 ) ;
#577 = CARTESIAN_POINT ( 'NONE',  ( -403.5971719271145162, -1184.305262667903889, -1642.999999999999545 ) ) ;
#578 = FACE_OUTER_BOUND ( 'NONE', #1464, .T. ) ;
#579 = EDGE_CURVE ( 'NONE', #1593, #856, #1119, .T. ) ;
#580 = CARTESIAN_POINT ( 'NONE',  ( -403.5971719271144593, -1182.547903355022981, -1641.999999999999545 ) ) ;
#581 = ORIENTED_EDGE ( 'NONE', *, *, #1534, .T. ) ;
#582 = DIRECTION ( 'NONE',  ( -1.000000000000000000, 0.000000000000000000, 0.000000000000000000 ) ) ;
#583 = EDGE_CURVE ( 'NONE', #492, #1507, #696, .T. ) ;
#584 = ORIENTED_EDGE ( 'NONE', *, *, #1209, .F. ) ;
#585 = CARTESIAN_POINT ( 'NONE',  ( -403.5971719271145162, -1184.305262667903889, -1642.999999999999545 ) ) ;
#586 = CARTESIAN_POINT ( 'NONE',  ( -436.5061372709234320, -1184.305262667903889, -1585.999999999999545 ) ) ;
#587 = CARTESIAN_POINT ( 'NONE',  ( 450.3625437314745454, -1178.305262667903889, -1578.999999999999545 ) ) ;
#588 = CARTESIAN_POINT ( 'NONE',  ( 450.3625437314745454, -1182.547903355022981, -1578.999999999999318 ) ) ;
#589 = PLANE ( 'NONE',  #465 ) ;
#590 = VERTEX_POINT ( 'NONE', #1590 ) ;
#591 = VERTEX_POINT ( 'NONE', #1585 ) ;
#592 = DIRECTION ( 'NONE',  ( -0.000000000000000000, 1.000000000000000000, -0.000000000000000000 ) ) ;
#593 = CALENDAR_DATE ( 2026, 11, 7 ) ;
#594 = DIRECTION ( 'NONE',  ( 0.000000000000000000, 0.000000000000000000, -1.000000000000000000 ) ) ;
#595 = DIRECTION ( 'NONE',  ( 0.000000000000000000, 0.000000000000000000, 1.000000000000000000 ) ) ;
#596 = EDGE_CURVE ( 'NONE', #1497, #620, #1194, .T. ) ;
#597 = VECTOR ( 'NONE', #569, 1000.000000000000000 ) ;
#598 = VECTOR ( 'NONE', #89, 1000.000000000000000 ) ;
#599 = DIRECTION ( 'NONE',  ( 0.000000000000000000, 0.000000000000000000, 1.000000000000000000 ) ) ;
#600 = EDGE_CURVE ( 'NONE', #611, #838, #483, .T. ) ;
#601 = ORIENTED_EDGE ( 'NONE', *, *, #316, .F. ) ;
#602 = DIRECTION ( 'NONE',  ( -0.000000000000000000, -0.000000000000000000, 1.000000000000000000 ) ) ;
#603 = AXIS2_PLACEMENT_3D ( 'NONE', #1359, #757, #864 ) ;
#604 = PERSON_AND_ORGANIZATION ( #991, #140 ) ;
#605 = DIRECTION ( 'NONE',  ( -0.000000000000000000, -0.000000000000000000, 1.000000000000000000 ) ) ;
#606 = ADVANCED_FACE ( 'NONE', ( #1110 ), #1228, .T. ) ;
#607 = CARTESIAN_POINT ( 'NONE',  ( -403.5971719271142888, -1184.305262667903889, -1642.000000000000000 ) ) ;
#608 = CARTESIAN_POINT ( 'NONE',  ( 412.2574259649592250, -1184.305262667903889, -1641.999999999999773 ) ) ;
#609 = CARTESIAN_POINT ( 'NONE',  ( -403.5971719271142888, -1184.305262667903889, -1642.000000000000000 ) ) ;
#610 = ORIENTED_EDGE ( 'NONE', *, *, #1436, .T. ) ;
#611 = VERTEX_POINT ( 'NONE', #1337 ) ;
#612 = CARTESIAN_POINT ( 'NONE',  ( -438.2381880784923283, -1181.305262667903889, -1581.999999999999545 ) ) ;
#613 = B_SPLINE_CURVE_WITH_KNOTS ( 'NONE', 3,
 ( #167, #542, #407, #1281, #661, #43, #548, #1063, #1175, #1190, #533, #1305, #16, #670, #652, #1557, #1049, #292 ),
 .UNSPECIFIED., .F., .F.,
 ( 4, 2, 2, 2, 2, 2, 2, 2, 4 ),
 ( 0.000000000000000000, 0.1250000000000000000, 0.1875000000000000000, 0.2500000000000000000, 0.3750000000000000000, 0.5000000000000000000, 0.6250000000000000000, 0.7500000000000000000, 1.000000000000000000 ),
 .UNSPECIFIED. ) ;
#614 = EDGE_LOOP ( 'NONE', ( #142, #1258, #1267, #174 ) ) ;
#615 = PERSON_AND_ORGANIZATION_ROLE ( 'design_owner' ) ;
#616 = DIRECTION ( 'NONE',  ( -0.000000000000000000, 1.000000000000000000, -0.000000000000000000 ) ) ;
#617 = CARTESIAN_POINT ( 'NONE',  ( 438.7183260673398877, -1178.305262667903889, -1599.168376608671679 ) ) ;
#618 = DIRECTION ( 'NONE',  ( 0.000000000000000000, 0.000000000000000000, -1.000000000000000000 ) ) ;
#619 = DIRECTION ( 'NONE',  ( 1.000000000000000000, -0.000000000000000000, 0.000000000000000000 ) ) ;
#620 = VERTEX_POINT ( 'NONE', #1130 ) ;
#621 = CARTESIAN_POINT ( 'NONE',  ( 412.2574259649590545, -1184.069213051219776, -1641.999999999999773 ) ) ;
#622 = APPROVAL ( #348, 'UNSPECIFIED' ) ;
#623 = CARTESIAN_POINT ( 'NONE',  ( -439.9702388860612245, -1184.305262667903889, -1578.999999999999773 ) ) ;
#624 = CARTESIAN_POINT ( 'NONE',  ( 455.3625437314745454, -1217.305262667903889, -1575.999999999999545 ) ) ;
#625 = ORIENTED_EDGE ( 'NONE', *, *, #479, .F. ) ;
#626 = DIRECTION ( 'NONE',  ( -1.000000000000000000, 0.000000000000000000, -0.000000000000000000 ) ) ;
#627 = EDGE_CURVE ( 'NONE', #1039, #1030, #1313, .T. ) ;
#628 = CARTESIAN_POINT ( 'NONE',  ( 450.3625437314745454, -1213.305262667903889, -1575.999999999999545 ) ) ;
#629 = CARTESIAN_POINT ( 'NONE',  ( 412.2957938972354555, -1183.292325331171014, -1644.933544791915892 ) ) ;
#630 = AXIS2_PLACEMENT_3D ( 'NONE', #1236, #1255, #456 ) ;
#631 =( BOUNDED_CURVE ( )  B_SPLINE_CURVE ( 3, ( #1061, #934, #823, #439 ),
 .UNSPECIFIED., .F., .T. ) 
 B_SPLINE_CURVE_WITH_KNOTS ( ( 4, 4 ),
 ( 4.712388980384689674, 6.283185307179586232 ),
 .UNSPECIFIED. ) 
 CURVE ( )  GEOMETRIC_REPRESENTATION_ITEM ( )  RATIONAL_B_SPLINE_CURVE ( ( 1.000000000000000000, 0.8047378541243649375, 0.8047378541243649375, 1.000000000000000000 ) ) 
 REPRESENTATION_ITEM ( '' )  );
#632 = VECTOR ( 'NONE', #571, 1000.000000000000000 ) ;
#633 = EDGE_LOOP ( 'NONE', ( #1611, #547, #1293, #446 ) ) ;
#634 = DIRECTION ( 'NONE',  ( 0.000000000000000000, -1.000000000000000000, 0.000000000000000000 ) ) ;
#635 = DIRECTION ( 'NONE',  ( -1.000000000000000000, 0.000000000000000000, 0.000000000000000000 ) ) ;
#636 = CC_DESIGN_APPROVAL ( #44, ( #575 ) ) ;
#637 = CARTESIAN_POINT ( 'NONE',  ( -417.2574259649591681, -1218.305262667903889, -1644.999999999999545 ) ) ;
#638 = CARTESIAN_POINT ( 'NONE',  ( 438.7183260673398877, -1181.305262667903662, -1599.168376608671679 ) ) ;
#639 = VERTEX_POINT ( 'NONE', #1469 ) ;
#640 = ORIENTED_EDGE ( 'NONE', *, *, #710, .F. ) ;
#641 = FACE_OUTER_BOUND ( 'NONE', #506, .T. ) ;
#642 = ORIENTED_EDGE ( 'NONE', *, *, #703, .T. ) ;
#643 = DIRECTION ( 'NONE',  ( 0.000000000000000000, 1.000000000000000000, 0.000000000000000000 ) ) ;
#644 = ADVANCED_FACE ( 'NONE', ( #978 ), #1478, .F. ) ;
#645 = ORIENTED_EDGE ( 'NONE', *, *, #950, .T. ) ;
#646 = LINE ( 'NONE', #157, #768 ) ;
#647 = CARTESIAN_POINT ( 'NONE',  ( -438.2381880784923283, -1178.305262667903889, -1581.999999999999545 ) ) ;
#648 = DIRECTION ( 'NONE',  ( -1.000000000000000000, 0.000000000000000000, 0.000000000000000000 ) ) ;
#649 = ORIENTED_EDGE ( 'NONE', *, *, #74, .T. ) ;
#650 = LINE ( 'NONE', #1146, #270 ) ;
#651 = ORIENTED_EDGE ( 'NONE', *, *, #246, .F. ) ;
#652 = CARTESIAN_POINT ( 'NONE',  ( 414.4104945283831967, -1178.741405721304545, -1641.270775855970669 ) ) ;
#653 = CARTESIAN_POINT ( 'NONE',  ( -403.5971719271142888, -1184.305262667903889, -1642.000000000000000 ) ) ;
#654 = CARTESIAN_POINT ( 'NONE',  ( -436.5061372709234888, -1192.305262667904344, -1586.000000000000000 ) ) ;
#655 = DIRECTION ( 'NONE',  ( 1.000000000000000000, -0.000000000000000000, 0.000000000000000000 ) ) ;
#656 = EDGE_CURVE ( 'NONE', #540, #281, #1059, .T. ) ;
#657 = ORIENTED_EDGE ( 'NONE', *, *, #314, .F. ) ;
#658 = ADVANCED_FACE ( 'NONE', ( #282 ), #527, .F. ) ;
#659 = VERTEX_POINT ( 'NONE', #10 ) ;
#660 = ADVANCED_FACE ( 'NONE', ( #770 ), #1043, .F. ) ;
#661 = CARTESIAN_POINT ( 'NONE',  ( 412.4412825735568617, -1182.362471758872971, -1644.681551012600721 ) ) ;
#662 = CYLINDRICAL_SURFACE ( 'NONE', #683, 1.000000000000000888 ) ;
#663 = EDGE_CURVE ( 'NONE', #611, #1030, #288, .T. ) ;
#664 = VECTOR ( 'NONE', #914, 1000.000000000000000 ) ;
#665 = DIRECTION ( 'NONE',  ( -1.000000000000000000, 0.000000000000000000, 0.000000000000000000 ) ) ;
#666 = FACE_OUTER_BOUND ( 'NONE', #1542, .T. ) ;
#667 = VERTEX_POINT ( 'NONE', #895 ) ;
#668 = VERTEX_POINT ( 'NONE', #1407 ) ;
#669 = COORDINATED_UNIVERSAL_TIME_OFFSET ( 10, 0, .AHEAD. ) ;
#670 = CARTESIAN_POINT ( 'NONE',  ( 414.2297846087475932, -1178.878722849495489, -1641.583774618211010 ) ) ;
#671 = CARTESIAN_POINT ( 'NONE',  ( -403.5971719271145162, -1196.305262667903662, -1644.999999999999545 ) ) ;
#672 = CARTESIAN_POINT ( 'NONE',  ( -436.5061372709234888, -1194.305262667904344, -1587.000000000000000 ) ) ;
#673 = CARTESIAN_POINT ( 'NONE',  ( 412.5925150862341297, -1183.013314494740143, -1641.709804308443154 ) ) ;
#674 = ORIENTED_EDGE ( 'NONE', *, *, #20, .T. ) ;
#675 = ORIENTED_EDGE ( 'NONE', *, *, #903, .T. ) ;
#676 = LINE ( 'NONE', #148, #1601 ) ;
#677 = CARTESIAN_POINT ( 'NONE',  ( -407.0612735422523087, -1184.305262667903889, -1635.999999999999773 ) ) ;
#678 = CARTESIAN_POINT ( 'NONE',  ( 446.8984421163367529, -1184.305262667903889, -1586.999999999999773 ) ) ;
#679 = EDGE_CURVE ( 'NONE', #297, #1035, #915, .T. ) ;
#680 = LINE ( 'NONE', #1186, #763 ) ;
#681 = CARTESIAN_POINT ( 'NONE',  ( -441.4051167564898606, -1187.305262667903662, -1578.999999999999318 ) ) ;
#682 = ORIENTED_EDGE ( 'NONE', *, *, #600, .T. ) ;
#683 = AXIS2_PLACEMENT_3D ( 'NONE', #1169, #17, #1526 ) ;
#684 = VECTOR ( 'NONE', #132, 1000.000000000000000 ) ;
#685 = CARTESIAN_POINT ( 'NONE',  ( 446.8984421163367529, -1184.305262667903889, -1587.999999999999545 ) ) ;
#686 = CARTESIAN_POINT ( 'NONE',  ( 412.4412825735568617, -1183.333867213388430, -1641.840775506300133 ) ) ;
#687 = VECTOR ( 'NONE', #767, 1000.000000000000000 ) ;
#688 = ORIENTED_EDGE ( 'NONE', *, *, #1184, .F. ) ;
#689 = CARTESIAN_POINT ( 'NONE',  ( -518.1010263744817621, -1218.305262667903889, -1578.999999999999545 ) ) ;
#690 = EDGE_LOOP ( 'NONE', ( #943, #1250 ) ) ;
#691 = DIRECTION ( 'NONE',  ( -1.000000000000000000, 0.000000000000000000, 0.000000000000000000 ) ) ;
#692 = DIRECTION ( 'NONE',  ( 0.8660254037844380415, 0.000000000000000000, -0.5000000000000009992 ) ) ;
#693 = CARTESIAN_POINT ( 'NONE',  ( -439.9702388860613951, -1186.062621980784570, -1578.999999999999318 ) ) ;
#694 = ORIENTED_EDGE ( 'NONE', *, *, #1201, .T. ) ;
#695 = CIRCLE ( 'NONE', #916, 1.000000000000000888 ) ;
#696 = B_SPLINE_CURVE_WITH_KNOTS ( 'NONE', 3,
 ( #716, #740, #1346, #1608 ),
 .UNSPECIFIED., .F., .F.,
 ( 4, 4 ),
 ( 0.000000000000000000, 1.000000000000000000 ),
 .UNSPECIFIED. ) ;
#697 = ORIENTED_EDGE ( 'NONE', *, *, #777, .T. ) ;
#698 = DIRECTION ( 'NONE',  ( -0.000000000000000000, -1.000000000000000000, -0.000000000000000000 ) ) ;
#699 = LINE ( 'NONE', #1215, #632 ) ;
#700 = VERTEX_POINT ( 'NONE', #886 ) ;
#701 = LINE ( 'NONE', #711, #204 ) ;
#702 = ORIENTED_EDGE ( 'NONE', *, *, #479, .T. ) ;
#703 = EDGE_CURVE ( 'NONE', #1420, #1302, #955, .T. ) ;
#704 = ORIENTED_EDGE ( 'NONE', *, *, #1122, .F. ) ;
#705 = CARTESIAN_POINT ( 'NONE',  ( 449.6451047962601706, -1178.305262667903662, -1578.485281374238411 ) ) ;
#706 = DIRECTION ( 'NONE',  ( -0.000000000000000000, 1.000000000000000000, -0.000000000000000000 ) ) ;
#707 = VECTOR ( 'NONE', #602, 1000.000000000000000 ) ;
#708 = AXIS2_PLACEMENT_3D ( 'NONE', #1246, #115, #582 ) ;
#709 = CARTESIAN_POINT ( 'NONE',  ( -456.3625437314745454, -1214.305262667903889, -1578.999999999999318 ) ) ;
#710 = EDGE_CURVE ( 'NONE', #1328, #751, #187, .T. ) ;
#711 = CARTESIAN_POINT ( 'NONE',  ( 418.2574259649592818, -1218.305262667903889, -1644.999999999999545 ) ) ;
#712 = ORIENTED_EDGE ( 'NONE', *, *, #1094, .F. ) ;
#713 = CARTESIAN_POINT ( 'NONE',  ( -403.5971719271145162, -1172.305262667903662, -1644.999999999999545 ) ) ;
#714 = APPROVAL_STATUS ( 'not_yet_approved' ) ;
#715 = CARTESIAN_POINT ( 'NONE',  ( -412.2574259649591113, -1187.305262667903662, -1641.999999999999773 ) ) ;
#716 = CARTESIAN_POINT ( 'NONE',  ( 412.2574259649592818, -1184.305262667903889, -1644.999999999999545 ) ) ;
#717 = FACE_OUTER_BOUND ( 'NONE', #1017, .T. ) ;
#718 = ORIENTED_EDGE ( 'NONE', *, *, #1462, .T. ) ;
#719 = CARTESIAN_POINT ( 'NONE',  ( -412.2574259649591113, -1218.305262667903889, -1644.999999999999545 ) ) ;
#720 = CALENDAR_DATE ( 2026, 11, 7 ) ;
#721 = DIRECTION ( 'NONE',  ( -0.000000000000000000, 1.000000000000000000, -0.000000000000000000 ) ) ;
#722 = ADVANCED_FACE ( 'NONE', ( #1398 ), #139, .F. ) ;
#723 = FACE_OUTER_BOUND ( 'NONE', #888, .T. ) ;
#724 = EDGE_CURVE ( 'NONE', #1213, #516, #128, .T. ) ;
#725 = LINE ( 'NONE', #1095, #1598 ) ;
#726 = EDGE_LOOP ( 'NONE', ( #904, #1167, #941, #1475 ) ) ;
#727 = CARTESIAN_POINT ( 'NONE',  ( 414.7618862021454333, -1181.421483234900052, -1639.831112437379261 ) ) ;
#728 = CARTESIAN_POINT ( 'NONE',  ( -439.9702388860613382, -1184.305262667903889, -1578.999999999999318 ) ) ;
#729 = FACE_OUTER_BOUND ( 'NONE', #998, .T. ) ;
#730 = CIRCLE ( 'NONE', #549, 6.499999999999950262 ) ;
#731 = DIRECTION ( 'NONE',  ( 1.000000000000000000, 0.000000000000000000, 0.000000000000000000 ) ) ;
#732 = CARTESIAN_POINT ( 'NONE',  ( -418.2574259649591681, -1214.305262667903889, -1641.999999999999773 ) ) ;
#733 = APPROVAL_PERSON_ORGANIZATION ( #1270, #386, #920 ) ;
#734 = ORIENTED_EDGE ( 'NONE', *, *, #373, .F. ) ;
#735 = ORIENTED_EDGE ( 'NONE', *, *, #70, .T. ) ;
#736 = CARTESIAN_POINT ( 'NONE',  ( -412.2574259649591113, -1213.305262667903889, -1641.999999999999773 ) ) ;
#737 = AXIS2_PLACEMENT_3D ( 'NONE', #994, #605, #635 ) ;
#738 = CARTESIAN_POINT ( 'NONE',  ( -436.5061372709234320, -1184.305262667903889, -1586.999999999999773 ) ) ;
#739 = FACE_OUTER_BOUND ( 'NONE', #444, .T. ) ;
#740 = CARTESIAN_POINT ( 'NONE',  ( 412.2574259649592250, -1184.305262667903889, -1643.999999999999773 ) ) ;
#741 = LINE ( 'NONE', #887, #1113 ) ;
#742 = ORIENTED_EDGE ( 'NONE', *, *, #663, .F. ) ;
#743 = DIRECTION ( 'NONE',  ( -0.000000000000000000, 1.000000000000000000, -0.000000000000000000 ) ) ;
#744 = VERTEX_POINT ( 'NONE', #637 ) ;
#745 = CARTESIAN_POINT ( 'NONE',  ( 414.5476137076176428, -1181.482730579979716, -1640.016646308212330 ) ) ;
#746 = APPROVAL_DATE_TIME ( #489, #622 ) ;
#747 = CARTESIAN_POINT ( 'NONE',  ( 450.3625437314745454, -1178.305262667903889, -1578.999999999999545 ) ) ;
#748 = ORIENTED_EDGE ( 'NONE', *, *, #461, .T. ) ;
#749 = DIRECTION ( 'NONE',  ( 0.000000000000000000, 1.000000000000000000, 0.000000000000000000 ) ) ;
#750 = CARTESIAN_POINT ( 'NONE',  ( -439.9702388860613382, -1184.305262667903889, -1575.999999999999545 ) ) ;
#751 = VERTEX_POINT ( 'NONE', #170 ) ;
#752 = CARTESIAN_POINT ( 'NONE',  ( -518.1010263744817621, -1218.305262667903889, -1641.999999999999773 ) ) ;
#753 = VERTEX_POINT ( 'NONE', #272 ) ;
#754 = EDGE_CURVE ( 'NONE', #107, #267, #150, .T. ) ;
#755 = EDGE_LOOP ( 'NONE', ( #958, #1231, #1451, #791 ) ) ;
#756 = CARTESIAN_POINT ( 'NONE',  ( 414.9735960337775396, -1181.375448912098591, -1639.647757408096595 ) ) ;
#757 = DIRECTION ( 'NONE',  ( -0.000000000000000000, -0.000000000000000000, -1.000000000000000000 ) ) ;
#758 = LINE ( 'NONE', #1273, #925 ) ;
#759 = DIRECTION ( 'NONE',  ( 0.000000000000000000, 0.000000000000000000, 1.000000000000000000 ) ) ;
#760 = ADVANCED_FACE ( 'NONE', ( #260 ), #662, .T. ) ;
#761 = CARTESIAN_POINT ( 'NONE',  ( -455.3625437314745454, -1217.305262667903889, -1575.999999999999545 ) ) ;
#762 = AXIS2_PLACEMENT_3D ( 'NONE', #1280, #643, #1160 ) ;
#763 = VECTOR ( 'NONE', #1070, 1000.000000000000000 ) ;
#764 = AXIS2_PLACEMENT_3D ( 'NONE', #486, #1229, #989 ) ;
#765 = ORIENTED_EDGE ( 'NONE', *, *, #1438, .T. ) ;
#766 = CARTESIAN_POINT ( 'NONE',  ( 415.0616848586116134, -1181.360040164925749, -1639.571450382792591 ) ) ;
#767 = DIRECTION ( 'NONE',  ( -0.000000000000000000, -0.000000000000000000, 1.000000000000000000 ) ) ;
#768 = VECTOR ( 'NONE', #1032, 1000.000000000000000 ) ;
#769 = ORIENTED_EDGE ( 'NONE', *, *, #1573, .T. ) ;
#770 = FACE_OUTER_BOUND ( 'NONE', #614, .T. ) ;
#771 = LINE ( 'NONE', #1008, #467 ) ;
#772 = ORIENTED_EDGE ( 'NONE', *, *, #1080, .T. ) ;
#773 = DIRECTION ( 'NONE',  ( -1.000000000000000000, 0.000000000000000000, -0.000000000000000000 ) ) ;
#774 = ORIENTED_EDGE ( 'NONE', *, *, #1080, .F. ) ;
#775 = CARTESIAN_POINT ( 'NONE',  ( -518.1010263744817621, -1178.305262667903889, -1644.999999999999545 ) ) ;
#776 = VERTEX_POINT ( 'NONE', #28 ) ;
#777 = EDGE_CURVE ( 'NONE', #514, #156, #408, .T. ) ;
#778 = CARTESIAN_POINT ( 'NONE',  ( 54.35499999999999687, -1181.305262667903662, -1610.499999999999773 ) ) ;
#779 = CARTESIAN_POINT ( 'NONE',  ( -436.5061372709234320, -1184.305262667903889, -1585.999999999999545 ) ) ;
#780 = ADVANCED_FACE ( 'NONE', ( #1263 ), #1006, .F. ) ;
#781 = ORIENTED_EDGE ( 'NONE', *, *, #938, .T. ) ;
#782 = LINE ( 'NONE', #19, #1474 ) ;
#783 = ORIENTED_EDGE ( 'NONE', *, *, #627, .T. ) ;
#784 = ORIENTED_EDGE ( 'NONE', *, *, #485, .F. ) ;
#785 = CARTESIAN_POINT ( 'NONE',  ( 450.3625437314745454, -1213.305262667903889, -1578.999999999999545 ) ) ;
#786 = EDGE_CURVE ( 'NONE', #639, #744, #464, .T. ) ;
#787 = CARTESIAN_POINT ( 'NONE',  ( -439.2527999508469065, -1178.305262667903889, -1578.485281374238184 ) ) ;
#788 = CARTESIAN_POINT ( 'NONE',  ( 446.8984421163367529, -1178.305262667903662, -1584.999999999999545 ) ) ;
#789 = CARTESIAN_POINT ( 'NONE',  ( 455.3625437314745454, -1214.305262667903889, -1578.999999999999545 ) ) ;
#790 = CIRCLE ( 'NONE', #1370, 6.499999999999950262 ) ;
#791 = ORIENTED_EDGE ( 'NONE', *, *, #754, .F. ) ;
#792 = VECTOR ( 'NONE', #1014, 1000.000000000000000 ) ;
#793 = ORIENTED_EDGE ( 'NONE', *, *, #1209, .T. ) ;
#794 = CIRCLE ( 'NONE', #983, 6.499999999999950262 ) ;
#795 = DIRECTION ( 'NONE',  ( 0.000000000000000000, 0.000000000000000000, 1.000000000000000000 ) ) ;
#796 = LOCAL_TIME ( 16, 43, 46.00000000000000000, #1240 ) ;
#797 = CARTESIAN_POINT ( 'NONE',  ( -407.0612735422523656, -1178.305262667903662, -1636.000000000000000 ) ) ;
#798 = CARTESIAN_POINT ( 'NONE',  ( 446.8984421163368665, -1194.305262667904344, -1587.000000000000000 ) ) ;
#799 = FACE_OUTER_BOUND ( 'NONE', #153, .T. ) ;
#800 = PRODUCT_DEFINITION ( 'UNKNOWN', '', #575, #1249 ) ;
#801 = ORIENTED_EDGE ( 'NONE', *, *, #710, .T. ) ;
#802 =( BOUNDED_CURVE ( )  B_SPLINE_CURVE ( 3, ( #7, #1596, #265, #1492 ),
 .UNSPECIFIED., .F., .T. ) 
 B_SPLINE_CURVE_WITH_KNOTS ( ( 4, 4 ),
 ( 0.000000000000000000, 1.570796326794896558 ),
 .UNSPECIFIED. ) 
 CURVE ( )  GEOMETRIC_REPRESENTATION_ITEM ( )  RATIONAL_B_SPLINE_CURVE ( ( 1.000000000000000000, 0.8047378541243649375, 0.8047378541243649375, 1.000000000000000000 ) ) 
 REPRESENTATION_ITEM ( '' )  );
#803 = FACE_BOUND ( 'NONE', #1506, .T. ) ;
#804 =( BOUNDED_CURVE ( )  B_SPLINE_CURVE ( 3, ( #466, #968, #1470, #223 ),
 .UNSPECIFIED., .F., .T. ) 
 B_SPLINE_CURVE_WITH_KNOTS ( ( 4, 4 ),
 ( 0.000000000000000000, 1.570796326794896558 ),
 .UNSPECIFIED. ) 
 CURVE ( )  GEOMETRIC_REPRESENTATION_ITEM ( )  RATIONAL_B_SPLINE_CURVE ( ( 1.000000000000000000, 0.8047378541243649375, 0.8047378541243649375, 1.000000000000000000 ) ) 
 REPRESENTATION_ITEM ( '' )  );
#805 = EDGE_CURVE ( 'NONE', #1090, #531, #758, .T. ) ;
#806 = CARTESIAN_POINT ( 'NONE',  ( -403.5971719271145162, -1184.305262667903889, -1643.999999999999545 ) ) ;
#807 = CARTESIAN_POINT ( 'NONE',  ( 446.8984421163367529, -1196.305262667903662, -1588.000000000000000 ) ) ;
#808 = CARTESIAN_POINT ( 'NONE',  ( 438.7183260673398877, -1181.305262667903662, -1599.168376608671679 ) ) ;
#809 = ORIENTED_EDGE ( 'NONE', *, *, #1181, .F. ) ;
#810 = ORIENTED_EDGE ( 'NONE', *, *, #1368, .T. ) ;
#811 =( BOUNDED_CURVE ( )  B_SPLINE_CURVE ( 3, ( #896, #254, #275, #750 ),
 .UNSPECIFIED., .F., .F. ) 
 B_SPLINE_CURVE_WITH_KNOTS ( ( 4, 4 ),
 ( 4.712388980384689674, 6.283185307179586232 ),
 .UNSPECIFIED. ) 
 CURVE ( )  GEOMETRIC_REPRESENTATION_ITEM ( )  RATIONAL_B_SPLINE_CURVE ( ( 1.000000000000000000, 0.8047378541243649375, 0.8047378541243649375, 1.000000000000000000 ) ) 
 REPRESENTATION_ITEM ( '' )  );
#812 = CARTESIAN_POINT ( 'NONE',  ( 446.8984421163367529, -1184.305262667903889, -1586.999999999999773 ) ) ;
#813 = CARTESIAN_POINT ( 'NONE',  ( 413.3649967565187353, -1179.891700649298400, -1643.081631116039489 ) ) ;
#814 = ORIENTED_EDGE ( 'NONE', *, *, #185, .F. ) ;
#815 = LINE ( 'NONE', #49, #551 ) ;
#816 = VERTEX_POINT ( 'NONE', #1350 ) ;
#817 = VECTOR ( 'NONE', #472, 1000.000000000000000 ) ;
#818 = LINE ( 'NONE', #441, #948 ) ;
#819 = AXIS2_PLACEMENT_3D ( 'NONE', #1154, #1016, #235 ) ;
#820 = DIRECTION ( 'NONE',  ( -0.5000000000000009992, 0.000000000000000000, -0.8660254037844380415 ) ) ;
#821 = CIRCLE ( 'NONE', #59, 1.000000000000000888 ) ;
#822 = VERTEX_POINT ( 'NONE', #345 ) ;
#823 = CARTESIAN_POINT ( 'NONE',  ( -403.5971719271144025, -1180.790544042142528, -1644.999999999999091 ) ) ;
#824 = ORIENTED_EDGE ( 'NONE', *, *, #1127, .T. ) ;
#825 = CARTESIAN_POINT ( 'NONE',  ( 417.2574259649591681, -1213.305262667903889, -1641.999999999999773 ) ) ;
#826 = ORIENTED_EDGE ( 'NONE', *, *, #1341, .F. ) ;
#827 = DIRECTION ( 'NONE',  ( -0.000000000000000000, 1.000000000000000000, -0.000000000000000000 ) ) ;
#828 = EDGE_CURVE ( 'NONE', #1232, #611, #854, .T. ) ;
#829 = CARTESIAN_POINT ( 'NONE',  ( -54.35499999999999687, -1181.305262667903662, -1616.999999999999773 ) ) ;
#830 = ADVANCED_FACE ( 'NONE', ( #1191 ), #210, .F. ) ;
#831 = ORIENTED_EDGE ( 'NONE', *, *, #1414, .F. ) ;
#832 = CARTESIAN_POINT ( 'NONE',  ( -403.5971719271145162, -1184.305262667903889, -1643.999999999999545 ) ) ;
#833 = B_SPLINE_CURVE_WITH_KNOTS ( 'NONE', 1,
 ( #62, #1454 ),
 .UNSPECIFIED., .F., .F.,
 ( 2, 2 ),
 ( 0.2499999999999930611, 0.4375000000000052180 ),
 .UNSPECIFIED. ) ;
#834 = EDGE_CURVE ( 'NONE', #1420, #531, #899, .T. ) ;
#835 = FACE_OUTER_BOUND ( 'NONE', #926, .T. ) ;
#836 = CARTESIAN_POINT ( 'NONE',  ( -54.35499999999999687, -1178.305262667903889, -1610.499999999999773 ) ) ;
#837 = PLANE ( 'NONE',  #986 ) ;
#838 = VERTEX_POINT ( 'NONE', #1432 ) ;
#839 = CARTESIAN_POINT ( 'NONE',  ( -407.0612735422523087, -1184.305262667903889, -1634.999999999999773 ) ) ;
#840 = FACE_OUTER_BOUND ( 'NONE', #1182, .T. ) ;
#841 = VECTOR ( 'NONE', #749, 1000.000000000000000 ) ;
#842 = AXIS2_PLACEMENT_3D ( 'NONE', #789, #898, #1409 ) ;
#843 = DIRECTION ( 'NONE',  ( -0.000000000000000000, 1.000000000000000000, -0.000000000000000000 ) ) ;
#844 = AXIS2_PLACEMENT_3D ( 'NONE', #113, #1372, #151 ) ;
#845 = DIRECTION ( 'NONE',  ( 1.000000000000000000, 0.000000000000000000, 0.000000000000000000 ) ) ;
#846 = LOCAL_TIME ( 16, 43, 46.00000000000000000, #669 ) ;
#847 = ORIENTED_EDGE ( 'NONE', *, *, #152, .T. ) ;
#848 = DIRECTION ( 'NONE',  ( 1.000000000000000000, 0.000000000000000000, 0.000000000000000000 ) ) ;
#849 = DATE_TIME_ROLE ( 'creation_date' ) ;
#850 = EDGE_CURVE ( 'NONE', #576, #303, #963, .T. ) ;
#851 = LINE ( 'NONE', #1574, #422 ) ;
#852 = EDGE_CURVE ( 'NONE', #822, #531, #1550, .T. ) ;
#853 = CARTESIAN_POINT ( 'NONE',  ( -456.3625437314745454, -1213.305262667903889, -1578.999999999999545 ) ) ;
#854 =( BOUNDED_CURVE ( )  B_SPLINE_CURVE ( 3, ( #424, #225, #705, #1473 ),
 .UNSPECIFIED., .F., .F. ) 
 B_SPLINE_CURVE_WITH_KNOTS ( ( 4, 4 ),
 ( 3.141592653589793116, 4.712388980384687009 ),
 .UNSPECIFIED. ) 
 CURVE ( )  GEOMETRIC_REPRESENTATION_ITEM ( )  RATIONAL_B_SPLINE_CURVE ( ( 1.000000000000000000, 0.8047378541243654926, 0.8047378541243654926, 1.000000000000000000 ) ) 
 REPRESENTATION_ITEM ( '' )  );
#855 = DIRECTION ( 'NONE',  ( -1.000000000000000000, -0.000000000000000000, 0.000000000000000000 ) ) ;
#856 = VERTEX_POINT ( 'NONE', #45 ) ;
#857 = CARTESIAN_POINT ( 'NONE',  ( 413.3695326462905086, -1182.101715211674900, -1641.036971173402435 ) ) ;
#858 = CARTESIAN_POINT ( 'NONE',  ( 0.000000000000000000, 0.000000000000000000, 0.000000000000000000 ) ) ;
#859 = FACE_BOUND ( 'NONE', #131, .T. ) ;
#860 = PLANE ( 'NONE',  #442 ) ;
#861 = CARTESIAN_POINT ( 'NONE',  ( -403.5971719271142888, -1184.305262667903889, -1644.999999999999545 ) ) ;
#862 = ORIENTED_EDGE ( 'NONE', *, *, #1347, .F. ) ;
#863 = CARTESIAN_POINT ( 'NONE',  ( 412.6352625134103391, -1182.942813623311622, -1641.672787203060352 ) ) ;
#864 = DIRECTION ( 'NONE',  ( 1.000000000000000000, 0.000000000000000000, 0.000000000000000000 ) ) ;
#865 = DIRECTION ( 'NONE',  ( 0.000000000000000000, 0.000000000000000000, 1.000000000000000000 ) ) ;
#866 = AXIS2_PLACEMENT_3D ( 'NONE', #429, #1056, #453 ) ;
#867 = CARTESIAN_POINT ( 'NONE',  ( 455.3625437314745454, -1214.305262667903889, -1575.999999999999545 ) ) ;
#868 = VERTEX_POINT ( 'NONE', #1220 ) ;
#869 = DIRECTION ( 'NONE',  ( 1.000000000000000000, -0.000000000000000000, 0.000000000000000000 ) ) ;
#870 = VECTOR ( 'NONE', #1045, 1000.000000000000000 ) ;
#871 = ORIENTED_EDGE ( 'NONE', *, *, #627, .F. ) ;
#872 = CARTESIAN_POINT ( 'NONE',  ( 413.6730204880953465, -1181.880890948669958, -1640.774057958574531 ) ) ;
#873 = DIRECTION ( 'NONE',  ( 0.000000000000000000, 0.000000000000000000, -1.000000000000000000 ) ) ;
#874 = ORIENTED_EDGE ( 'NONE', *, *, #1248, .F. ) ;
#875 = AXIS2_PLACEMENT_3D ( 'NONE', #255, #1373, #1498 ) ;
#876 = DIRECTION ( 'NONE',  ( -1.000000000000000000, 0.000000000000000000, 0.000000000000000000 ) ) ;
#877 = EDGE_CURVE ( 'NONE', #1213, #540, #1233, .T. ) ;
#878 = ORIENTED_EDGE ( 'NONE', *, *, #1005, .T. ) ;
#879 = CARTESIAN_POINT ( 'NONE',  ( 456.3625437314745454, -1214.305262667903889, -1578.999999999999318 ) ) ;
#880 = ADVANCED_FACE ( 'NONE', ( #52 ), #1525, .T. ) ;
#881 = VERTEX_POINT ( 'NONE', #922 ) ;
#882 = CARTESIAN_POINT ( 'NONE',  ( 412.6433445786178140, -1182.929164317733466, -1641.665785468228250 ) ) ;
#883 = ORIENTED_EDGE ( 'NONE', *, *, #805, .F. ) ;
#884 = LINE ( 'NONE', #1494, #954 ) ;
#885 = EDGE_CURVE ( 'NONE', #516, #281, #1097, .T. ) ;
#886 = CARTESIAN_POINT ( 'NONE',  ( -418.2574259649591681, -1214.305262667903889, -1641.999999999999773 ) ) ;
#887 = CARTESIAN_POINT ( 'NONE',  ( -518.1010263744817621, -1178.305262667903889, -1581.999999999999545 ) ) ;
#888 = EDGE_LOOP ( 'NONE', ( #1428, #1048, #1342, #1604, #1173, #161, #1381, #1054, #497, #748, #518, #1349, #188, #404 ) ) ;
#889 = DIRECTION ( 'NONE',  ( 1.000000000000000000, 0.000000000000000000, 0.000000000000000000 ) ) ;
#890 = VERTEX_POINT ( 'NONE', #296 ) ;
#891 = DIRECTION ( 'NONE',  ( 0.000000000000000000, 0.000000000000000000, 1.000000000000000000 ) ) ;
#892 = ORIENTED_EDGE ( 'NONE', *, *, #302, .T. ) ;
#893 = DATE_AND_TIME ( #389, #3 ) ;
#894 = CARTESIAN_POINT ( 'NONE',  ( -54.35499999999999687, -1181.305262667903662, -1610.499999999999773 ) ) ;
#895 = CARTESIAN_POINT ( 'NONE',  ( -438.2381880784923283, -1181.305262667903889, -1581.999999999999545 ) ) ;
#896 = CARTESIAN_POINT ( 'NONE',  ( -443.4343405011991308, -1187.305262667903662, -1575.999999999999545 ) ) ;
#897 = ORIENTED_EDGE ( 'NONE', *, *, #1303, .T. ) ;
#898 = DIRECTION ( 'NONE',  ( -0.000000000000000000, -0.000000000000000000, 1.000000000000000000 ) ) ;
#899 = CIRCLE ( 'NONE', #53, 1.000000000000000888 ) ;
#900 = CIRCLE ( 'NONE', #496, 6.499999999999950262 ) ;
#901 = ORIENTED_EDGE ( 'NONE', *, *, #834, .F. ) ;
#902 = CARTESIAN_POINT ( 'NONE',  ( 415.2778436107076345, -1181.327934659526591, -1639.384241390441275 ) ) ;
#903 = EDGE_CURVE ( 'NONE', #751, #667, #1424, .T. ) ;
#904 = ORIENTED_EDGE ( 'NONE', *, *, #1303, .F. ) ;
#905 = DIRECTION ( 'NONE',  ( 0.5000000000000009992, 0.000000000000000000, -0.8660254037844380415 ) ) ;
#906 = AXIS2_PLACEMENT_3D ( 'NONE', #1406, #1532, #399 ) ;
#907 = ORIENTED_EDGE ( 'NONE', *, *, #22, .F. ) ;
#908 = EDGE_CURVE ( 'NONE', #667, #1030, #99, .T. ) ;
#909 = DIRECTION ( 'NONE',  ( -0.000000000000000000, -1.000000000000000000, -0.000000000000000000 ) ) ;
#910 = DIRECTION ( 'NONE',  ( 0.000000000000000000, 1.000000000000000000, 0.000000000000000000 ) ) ;
#911 = CARTESIAN_POINT ( 'NONE',  ( -403.5971719271143456, -1186.062621980784570, -1644.999999999999545 ) ) ;
#912 = EDGE_CURVE ( 'NONE', #744, #822, #1376, .T. ) ;
#913 = ORIENTED_EDGE ( 'NONE', *, *, #1320, .F. ) ;
#914 = DIRECTION ( 'NONE',  ( 1.000000000000000000, 0.000000000000000000, 0.000000000000000000 ) ) ;
#915 = LINE ( 'NONE', #1033, #106 ) ;
#916 = AXIS2_PLACEMENT_3D ( 'NONE', #1443, #215, #65 ) ;
#917 = FACE_OUTER_BOUND ( 'NONE', #1019, .T. ) ;
#918 = CARTESIAN_POINT ( 'NONE',  ( -403.5971719271143456, -1184.305262667903889, -1644.999999999999545 ) ) ;
#919 = ORIENTED_EDGE ( 'NONE', *, *, #20, .F. ) ;
#920 = APPROVAL_ROLE ( '' ) ;
#921 = FACE_BOUND ( 'NONE', #690, .T. ) ;
#922 = CARTESIAN_POINT ( 'NONE',  ( -418.2574259649591681, -1214.305262667903889, -1644.999999999999545 ) ) ;
#923 = DIRECTION ( 'NONE',  ( 0.8660254037844380415, 0.000000000000000000, 0.5000000000000009992 ) ) ;
#924 = DIRECTION ( 'NONE',  ( -0.000000000000000000, -0.000000000000000000, -1.000000000000000000 ) ) ;
#925 = VECTOR ( 'NONE', #1583, 1000.000000000000000 ) ;
#926 = EDGE_LOOP ( 'NONE', ( #559, #1104, #216, #640 ) ) ;
#927 = AXIS2_PLACEMENT_3D ( 'NONE', #1018, #655, #173 ) ;
#928 = ORIENTED_EDGE ( 'NONE', *, *, #1539, .F. ) ;
#929 = CARTESIAN_POINT ( 'NONE',  ( 415.7215275800969607, -1178.305262667903889, -1638.999999999999545 ) ) ;
#930 = CC_DESIGN_APPROVAL ( #386, ( #1453 ) ) ;
#931 = DIRECTION ( 'NONE',  ( 0.000000000000000000, 0.000000000000000000, -1.000000000000000000 ) ) ;
#932 = PLANE ( 'NONE',  #300 ) ;
#933 = CARTESIAN_POINT ( 'NONE',  ( 456.3625437314745454, -1178.305262667903889, -1575.999999999999545 ) ) ;
#934 = CARTESIAN_POINT ( 'NONE',  ( -404.3146108623288342, -1178.305262667903889, -1642.514718625760679 ) ) ;
#935 = ORIENTED_EDGE ( 'NONE', *, *, #656, .F. ) ;
#936 = LINE ( 'NONE', #26, #687 ) ;
#937 = CARTESIAN_POINT ( 'NONE',  ( -518.1010263744817621, -1218.305262667903889, -1641.999999999999773 ) ) ;
#938 = EDGE_CURVE ( 'NONE', #303, #203, #124, .T. ) ;
#939 = CARTESIAN_POINT ( 'NONE',  ( 450.3625437314744886, -1172.305262667903662, -1576.000000000000000 ) ) ;
#940 = CARTESIAN_POINT ( 'NONE',  ( 414.9608455447836945, -1178.413251384429486, -1640.317539933567787 ) ) ;
#941 = ORIENTED_EDGE ( 'NONE', *, *, #373, .T. ) ;
#942 = DIRECTION ( 'NONE',  ( 1.000000000000000000, -0.000000000000000000, 0.000000000000000000 ) ) ;
#943 = ORIENTED_EDGE ( 'NONE', *, *, #421, .F. ) ;
#944 = FACE_OUTER_BOUND ( 'NONE', #164, .T. ) ;
#945 = DIRECTION ( 'NONE',  ( 0.000000000000000000, 1.000000000000000000, 0.000000000000000000 ) ) ;
#946 = CARTESIAN_POINT ( 'NONE',  ( -443.4343405011991308, -1187.305262667903662, -1575.999999999999545 ) ) ;
#947 = ORIENTED_EDGE ( 'NONE', *, *, #1132, .T. ) ;
#948 = VECTOR ( 'NONE', #1589, 1000.000000000000000 ) ;
#949 = CARTESIAN_POINT ( 'NONE',  ( -417.2574259649591681, -1217.305262667903889, -1641.999999999999773 ) ) ;
#950 = EDGE_CURVE ( 'NONE', #620, #1497, #213, .T. ) ;
#951 = APPROVAL_PERSON_ORGANIZATION ( #232, #44, #1352 ) ;
#952 = EDGE_CURVE ( 'NONE', #360, #1587, #1105, .T. ) ;
#953 = CARTESIAN_POINT ( 'NONE',  ( 413.6988862479946647, -1181.862620226585705, -1640.751658776344584 ) ) ;
#954 = VECTOR ( 'NONE', #356, 1000.000000000000000 ) ;
#955 = B_SPLINE_CURVE_WITH_KNOTS ( 'NONE', 1,
 ( #1535, #1022 ),
 .UNSPECIFIED., .F., .F.,
 ( 2, 2 ),
 ( 0.2499999999999930611, 0.4375000000000052180 ),
 .UNSPECIFIED. ) ;
#956 = DIRECTION ( 'NONE',  ( -0.000000000000000000, -0.000000000000000000, 1.000000000000000000 ) ) ;
#957 = EDGE_CURVE ( 'NONE', #267, #1593, #802, .T. ) ;
#958 = ORIENTED_EDGE ( 'NONE', *, *, #252, .T. ) ;
#959 = CARTESIAN_POINT ( 'NONE',  ( -518.1010263744817621, -1213.305262667903889, -1575.999999999999545 ) ) ;
#960 = CARTESIAN_POINT ( 'NONE',  ( 412.2574259649592818, -1184.305262667903889, -1644.999999999999545 ) ) ;
#961 = LINE ( 'NONE', #81, #1069 ) ;
#962 = VERTEX_POINT ( 'NONE', #469 ) ;
#963 = LINE ( 'NONE', #719, #1037 ) ;
#964 = CARTESIAN_POINT ( 'NONE',  ( -439.9702388860611677, -1184.305262667903889, -1577.999999999999773 ) ) ;
#965 = CYLINDRICAL_SURFACE ( 'NONE', #78, 6.499999999999950262 ) ;
#966 = DIRECTION ( 'NONE',  ( 0.000000000000000000, -1.000000000000000000, 0.000000000000000000 ) ) ;
#967 =( BOUNDED_SURFACE ( )  B_SPLINE_SURFACE ( 3, 1, ( 
 ( #410, #385 ),
 ( #1291, #31 ),
 ( #405, #911 ),
 ( #1157, #918 ) ),
 .UNSPECIFIED., .F., .F., .F. ) 
 B_SPLINE_SURFACE_WITH_KNOTS ( ( 4, 4 ),
 ( 2, 2 ),
 ( 0.000000000000000000, 1.000000000000000000 ),
 ( 0.000000000000000000, 1.000000000000000000 ),
 .UNSPECIFIED. ) 
 GEOMETRIC_REPRESENTATION_ITEM ( )  RATIONAL_B_SPLINE_SURFACE ( (
 ( 1.000000000000000000, 1.000000000000000000),
 ( 0.8047378541243649375, 0.8047378541243649375),
 ( 0.8047378541243649375, 0.8047378541243649375),
 ( 1.000000000000000000, 1.000000000000000000) ) ) 
 REPRESENTATION_ITEM ( '' )  SURFACE ( )  );
#968 = CARTESIAN_POINT ( 'NONE',  ( -403.5971719271143456, -1186.062621980784570, -1644.999999999999091 ) ) ;
#969 = EDGE_LOOP ( 'NONE', ( #704, #878, #674, #928 ) ) ;
#970 = ORIENTED_EDGE ( 'NONE', *, *, #1307, .F. ) ;
#971 = CARTESIAN_POINT ( 'NONE',  ( -407.0612735422524224, -1192.305262667904344, -1635.000000000000000 ) ) ;
#972 = EDGE_CURVE ( 'NONE', #1507, #668, #1163, .T. ) ;
#973 = ORIENTED_EDGE ( 'NONE', *, *, #1181, .T. ) ;
#974 = PERSON_AND_ORGANIZATION ( #991, #140 ) ;
#975 = CARTESIAN_POINT ( 'NONE',  ( -518.1010263744817621, -1184.305262667903889, -1638.999999999999545 ) ) ;
#976 = AXIS2_PLACEMENT_3D ( 'NONE', #587, #1459, #330 ) ;
#977 = AXIS2_PLACEMENT_3D ( 'NONE', #545, #1434, #306 ) ;
#978 = FACE_OUTER_BOUND ( 'NONE', #1286, .T. ) ;
#979 = FACE_OUTER_BOUND ( 'NONE', #98, .T. ) ;
#980 = VECTOR ( 'NONE', #269, 1000.000000000000000 ) ;
#981 = ORIENTED_EDGE ( 'NONE', *, *, #351, .F. ) ;
#982 = CARTESIAN_POINT ( 'NONE',  ( 412.2902673727865590, -1183.830722247521180, -1641.972003853026308 ) ) ;
#983 = AXIS2_PLACEMENT_3D ( 'NONE', #473, #743, #1505 ) ;
#984 = CARTESIAN_POINT ( 'NONE',  ( -439.9702388860613951, -1174.305262667904117, -1577.000000000000227 ) ) ;
#985 = CARTESIAN_POINT ( 'NONE',  ( -439.9702388860613382, -1186.062621980784570, -1578.999999999999318 ) ) ;
#986 = AXIS2_PLACEMENT_3D ( 'NONE', #326, #201, #1315 ) ;
#987 = ORIENTED_EDGE ( 'NONE', *, *, #877, .T. ) ;
#988 = CARTESIAN_POINT ( 'NONE',  ( -407.0612735422520814, -1187.305262667903662, -1644.999999999999545 ) ) ;
#989 = DIRECTION ( 'NONE',  ( 0.000000000000000000, 0.000000000000000000, -1.000000000000000000 ) ) ;
#990 = ORIENTED_EDGE ( 'NONE', *, *, #130, .T. ) ;
#991 = PERSON ( 'UNSPECIFIED', 'UNSPECIFIED', 'UNSPECIFIED', ('UNSPECIFIED'), ('UNSPECIFIED'), ('UNSPECIFIED') ) ;
#992 = CARTESIAN_POINT ( 'NONE',  ( 412.5037365236640881, -1183.193084650455376, -1641.786890197476168 ) ) ;
#993 = APPROVAL_DATE_TIME ( #1234, #44 ) ;
#994 = CARTESIAN_POINT ( 'NONE',  ( -417.2574259649591681, -1214.305262667903889, -1641.999999999999773 ) ) ;
#995 = PLANE ( 'NONE',  #844 ) ;
#996 = FACE_OUTER_BOUND ( 'NONE', #1238, .T. ) ;
#997 = UNCERTAINTY_MEASURE_WITH_UNIT (LENGTH_MEASURE( 1.000000000000000082E-05 ), #1483, 'distance_accuracy_value', 'NONE');
#998 = EDGE_LOOP ( 'NONE', ( #1085, #1304, #718, #1225 ) ) ;
#999 = CARTESIAN_POINT ( 'NONE',  ( 412.4298433560525154, -1183.363834287548343, -1641.851052483872536 ) ) ;
#1000 = CARTESIAN_POINT ( 'NONE',  ( -441.4051167564899174, -1187.305262667903662, -1578.999999999999318 ) ) ;
#1001 = ADVANCED_FACE ( 'NONE', ( #1522 ), #279, .T. ) ;
#1002 = ORIENTED_EDGE ( 'NONE', *, *, #433, .T. ) ;
#1003 = ORIENTED_EDGE ( 'NONE', *, *, #1318, .F. ) ;
#1004 = VECTOR ( 'NONE', #350, 1000.000000000000000 ) ;
#1005 = EDGE_CURVE ( 'NONE', #1572, #1148, #206, .T. ) ;
#1006 = PLANE ( 'NONE',  #1425 ) ;
#1007 = AXIS2_PLACEMENT_3D ( 'NONE', #1257, #599, #358 ) ;
#1008 = CARTESIAN_POINT ( 'NONE',  ( 418.2574259649591681, -1213.305262667903889, -1641.999999999999773 ) ) ;
#1009 = DIRECTION ( 'NONE',  ( -0.000000000000000000, -0.000000000000000000, 1.000000000000000000 ) ) ;
#1010 = VECTOR ( 'NONE', #1552, 1000.000000000000000 ) ;
#1011 = ORIENTED_EDGE ( 'NONE', *, *, #29, .F. ) ;
#1012 = CARTESIAN_POINT ( 'NONE',  ( 413.5200208993818478, -1181.989008191533003, -1640.906561387952934 ) ) ;
#1013 = EDGE_CURVE ( 'NONE', #856, #203, #851, .T. ) ;
#1014 = DIRECTION ( 'NONE',  ( 1.000000000000000000, 0.000000000000000000, 0.000000000000000000 ) ) ;
#1015 = DIRECTION ( 'NONE',  ( 0.000000000000000000, -1.000000000000000000, -0.000000000000000000 ) ) ;
#1016 = DIRECTION ( 'NONE',  ( 1.000000000000000000, 0.000000000000000000, 0.000000000000000000 ) ) ;
#1017 = EDGE_LOOP ( 'NONE', ( #476, #1410, #897, #1103 ) ) ;
#1018 = CARTESIAN_POINT ( 'NONE',  ( -450.3625437314745454, -1178.305262667903889, -1578.999999999999545 ) ) ;
#1019 = EDGE_LOOP ( 'NONE', ( #447, #1189, #1375, #291 ) ) ;
#1020 = CARTESIAN_POINT ( 'NONE',  ( 413.5259730659810202, -1181.984774407619170, -1640.901406153146127 ) ) ;
#1021 = LINE ( 'NONE', #747, #445 ) ;
#1022 = CARTESIAN_POINT ( 'NONE',  ( 418.2574259649591681, -1214.305262667903889, -1641.999999999999773 ) ) ;
#1023 =( BOUNDED_CURVE ( )  B_SPLINE_CURVE ( 3, ( #471, #1000, #985, #728 ),
 .UNSPECIFIED., .F., .F. ) 
 B_SPLINE_CURVE_WITH_KNOTS ( ( 4, 4 ),
 ( 4.712388980384689674, 6.283185307179586232 ),
 .UNSPECIFIED. ) 
 CURVE ( )  GEOMETRIC_REPRESENTATION_ITEM ( )  RATIONAL_B_SPLINE_CURVE ( ( 1.000000000000000000, 0.8047378541243649375, 0.8047378541243649375, 1.000000000000000000 ) ) 
 REPRESENTATION_ITEM ( '' )  );
#1024 = DIRECTION ( 'NONE',  ( -0.5000000000000009992, 0.000000000000000000, -0.8660254037844380415 ) ) ;
#1025 = ORIENTED_EDGE ( 'NONE', *, *, #205, .F. ) ;
#1026 = CARTESIAN_POINT ( 'NONE',  ( -456.3625437314745454, -1217.305262667903889, -1578.999999999999318 ) ) ;
#1027 = ORIENTED_EDGE ( 'NONE', *, *, #1368, .F. ) ;
#1028 = CARTESIAN_POINT ( 'NONE',  ( 415.1458600380051962, -1181.346975430474004, -1639.498542781035439 ) ) ;
#1029 = ADVANCED_FACE ( 'NONE', ( #840 ), #349, .F. ) ;
#1030 = VERTEX_POINT ( 'NONE', #338 ) ;
#1031 = EDGE_CURVE ( 'NONE', #576, #856, #1199, .T. ) ;
#1032 = DIRECTION ( 'NONE',  ( 0.000000000000000000, 0.000000000000000000, -1.000000000000000000 ) ) ;
#1033 = CARTESIAN_POINT ( 'NONE',  ( -455.3625437314745454, -1213.305262667903889, -1578.999999999999545 ) ) ;
#1034 = DIRECTION ( 'NONE',  ( -0.000000000000000000, -0.000000000000000000, -1.000000000000000000 ) ) ;
#1035 = VERTEX_POINT ( 'NONE', #1584 ) ;
#1036 = PLANE ( 'NONE',  #1109 ) ;
#1037 = VECTOR ( 'NONE', #1306, 1000.000000000000000 ) ;
#1038 = ORIENTED_EDGE ( 'NONE', *, *, #61, .F. ) ;
#1039 = VERTEX_POINT ( 'NONE', #1568 ) ;
#1040 = AXIS2_PLACEMENT_3D ( 'NONE', #1164, #18, #1144 ) ;
#1041 = CARTESIAN_POINT ( 'NONE',  ( -455.3625437314745454, -1218.305262667903889, -1578.999999999999545 ) ) ;
#1042 = VECTOR ( 'NONE', #127, 1000.000000000000000 ) ;
#1043 = CYLINDRICAL_SURFACE ( 'NONE', #1242, 6.499999999999950262 ) ;
#1044 = CIRCLE ( 'NONE', #875, 6.499999999999950262 ) ;
#1045 = DIRECTION ( 'NONE',  ( -0.000000000000000000, -0.000000000000000000, 1.000000000000000000 ) ) ;
#1046 = CARTESIAN_POINT ( 'NONE',  ( 418.2574259649591681, -1214.305262667903889, -1644.999999999999545 ) ) ;
#1047 = EDGE_LOOP ( 'NONE', ( #1212, #504, #694, #1356 ) ) ;
#1048 = ORIENTED_EDGE ( 'NONE', *, *, #351, .T. ) ;
#1049 = CARTESIAN_POINT ( 'NONE',  ( 415.3409294761682418, -1178.305262667904572, -1639.659215253269167 ) ) ;
#1050 = CARTESIAN_POINT ( 'NONE',  ( -403.5971719271145162, -1184.305262667903889, -1641.999999999999545 ) ) ;
#1051 = CARTESIAN_POINT ( 'NONE',  ( 446.8984421163367529, -1184.305262667903889, -1585.999999999999545 ) ) ;
#1052 = CARTESIAN_POINT ( 'NONE',  ( 412.4412825735568617, -1182.362471758872971, -1644.681551012600721 ) ) ;
#1053 = EDGE_LOOP ( 'NONE', ( #313, #990 ) ) ;
#1054 = ORIENTED_EDGE ( 'NONE', *, *, #47, .F. ) ;
#1055 = FACE_OUTER_BOUND ( 'NONE', #1219, .T. ) ;
#1056 = DIRECTION ( 'NONE',  ( 0.000000000000000000, -1.000000000000000000, 0.000000000000000000 ) ) ;
#1057 = CARTESIAN_POINT ( 'NONE',  ( -418.2574259649592250, -1217.305262667903889, -1641.999999999999773 ) ) ;
#1058 = CARTESIAN_POINT ( 'NONE',  ( 415.7215275800971312, -1178.305262667904572, -1639.000000000000000 ) ) ;
#1059 = B_SPLINE_CURVE_WITH_KNOTS ( 'NONE', 1,
 ( #37, #519 ),
 .UNSPECIFIED., .F., .F.,
 ( 2, 2 ),
 ( 0.7499999999999930056, 0.9375000000000052180 ),
 .UNSPECIFIED. ) ;
#1060 = AXIS2_PLACEMENT_3D ( 'NONE', #949, #1227, #691 ) ;
#1061 = CARTESIAN_POINT ( 'NONE',  ( -405.3292227346836967, -1178.305262667903889, -1638.999999999999545 ) ) ;
#1062 = VERTEX_POINT ( 'NONE', #1563 ) ;
#1063 = CARTESIAN_POINT ( 'NONE',  ( 412.7695384041941793, -1181.134775123168083, -1644.112995236056122 ) ) ;
#1064 = EDGE_CURVE ( 'NONE', #39, #822, #1322, .T. ) ;
#1065 = LOCAL_TIME ( 16, 43, 46.00000000000000000, #219 ) ;
#1066 = AXIS2_PLACEMENT_3D ( 'NONE', #1502, #287, #51 ) ;
#1067 = CARTESIAN_POINT ( 'NONE',  ( -407.0612735422524224, -1194.305262667904344, -1634.000000000000000 ) ) ;
#1068 = CARTESIAN_POINT ( 'NONE',  ( 450.3625437314744886, -1184.305262667903889, -1578.999999999999773 ) ) ;
#1069 = VECTOR ( 'NONE', #956, 1000.000000000000000 ) ;
#1070 = DIRECTION ( 'NONE',  ( -0.000000000000000000, 1.000000000000000000, -0.000000000000000000 ) ) ;
#1071 = CARTESIAN_POINT ( 'NONE',  ( -443.4343405011991308, -1187.305262667903662, -1578.999999999999318 ) ) ;
#1072 = EDGE_LOOP ( 'NONE', ( #1403, #801, #675, #712 ) ) ;
#1073 = ORIENTED_EDGE ( 'NONE', *, *, #679, .F. ) ;
#1074 = DIRECTION ( 'NONE',  ( -1.000000000000000000, 0.000000000000000000, -0.000000000000000000 ) ) ;
#1075 = CARTESIAN_POINT ( 'NONE',  ( -443.4343405011991308, -1187.305262667903662, -1578.999999999999318 ) ) ;
#1076 = PLANE ( 'NONE',  #214 ) ;
#1077 = DIRECTION ( 'NONE',  ( 1.000000000000000000, 0.000000000000000000, 0.000000000000000000 ) ) ;
#1078 = EDGE_CURVE ( 'NONE', #776, #1088, #730, .T. ) ;
#1079 = VERTEX_POINT ( 'NONE', #1353 ) ;
#1080 = EDGE_CURVE ( 'NONE', #659, #1039, #818, .T. ) ;
#1081 = DIRECTION ( 'NONE',  ( 0.000000000000000000, 0.000000000000000000, -1.000000000000000000 ) ) ;
#1082 = LINE ( 'NONE', #933, #1344 ) ;
#1083 = EDGE_CURVE ( 'NONE', #39, #700, #833, .T. ) ;
#1084 = VERTEX_POINT ( 'NONE', #1325 ) ;
#1085 = ORIENTED_EDGE ( 'NONE', *, *, #938, .F. ) ;
#1086 = DIRECTION ( 'NONE',  ( 0.5000000000000009992, 0.000000000000000000, -0.8660254037844380415 ) ) ;
#1087 = CARTESIAN_POINT ( 'NONE',  ( 415.3409294761682418, -1178.305262667904572, -1639.659215253269167 ) ) ;
#1088 = VERTEX_POINT ( 'NONE', #1329 ) ;
#1089 = PRODUCT_DEFINITION_SHAPE ( 'NONE', 'NONE',  #800 ) ;
#1090 = VERTEX_POINT ( 'NONE', #1210 ) ;
#1091 = CARTESIAN_POINT ( 'NONE',  ( -407.0612735422524224, -1176.305262667904117, -1635.000000000000000 ) ) ;
#1092 = CYLINDRICAL_SURFACE ( 'NONE', #266, 6.000000000000005329 ) ;
#1093 = CARTESIAN_POINT ( 'NONE',  ( -418.2574259649591681, -1213.305262667903889, -1641.999999999999773 ) ) ;
#1094 = EDGE_CURVE ( 'NONE', #659, #667, #1147, .T. ) ;
#1095 = CARTESIAN_POINT ( 'NONE',  ( -518.1010263744817621, -1213.305262667903889, -1644.999999999999545 ) ) ;
#1096 = ORIENTED_EDGE ( 'NONE', *, *, #1341, .T. ) ;
#1097 = LINE ( 'NONE', #1588, #1397 ) ;
#1098 = CARTESIAN_POINT ( 'NONE',  ( -436.5061372709234320, -1178.305262667903662, -1584.999999999999545 ) ) ;
#1099 = CARTESIAN_POINT ( 'NONE',  ( -518.1010263744817621, -1184.305262667903889, -1581.999999999999545 ) ) ;
#1100 = CARTESIAN_POINT ( 'NONE',  ( 449.6451047962601706, -1181.305262667903889, -1580.242640687119092 ) ) ;
#1101 = CARTESIAN_POINT ( 'NONE',  ( -518.1010263744817621, -1218.305262667903889, -1578.999999999999545 ) ) ;
#1102 = ORIENTED_EDGE ( 'NONE', *, *, #1534, .F. ) ;
#1103 = ORIENTED_EDGE ( 'NONE', *, *, #243, .F. ) ;
#1104 = ORIENTED_EDGE ( 'NONE', *, *, #828, .T. ) ;
#1105 = LINE ( 'NONE', #380, #1141 ) ;
#1106 = CARTESIAN_POINT ( 'NONE',  ( -436.5061372709234888, -1174.305262667904117, -1587.000000000000000 ) ) ;
#1107 = LINE ( 'NONE', #1241, #293 ) ;
#1108 = VECTOR ( 'NONE', #1115, 1000.000000000000000 ) ;
#1109 = AXIS2_PLACEMENT_3D ( 'NONE', #752, #1529, #773 ) ;
#1110 = FACE_OUTER_BOUND ( 'NONE', #82, .T. ) ;
#1111 = LOCAL_TIME ( 16, 43, 46.00000000000000000, #460 ) ;
#1112 = DIRECTION ( 'NONE',  ( 1.000000000000000000, 0.000000000000000000, 0.000000000000000000 ) ) ;
#1113 = VECTOR ( 'NONE', #1391, 1000.000000000000000 ) ;
#1114 = ORIENTED_EDGE ( 'NONE', *, *, #957, .T. ) ;
#1115 = DIRECTION ( 'NONE',  ( 1.000000000000000000, 0.000000000000000000, 0.000000000000000000 ) ) ;
#1116 = VECTOR ( 'NONE', #1237, 1000.000000000000000 ) ;
#1117 = CARTESIAN_POINT ( 'NONE',  ( 417.2574259649591681, -1214.305262667903889, -1644.999999999999545 ) ) ;
#1118 = B_SPLINE_SURFACE_WITH_KNOTS ( 'NONE', 1, 3, ( 
 ( #1418, #1179, #629, #40, #1052, #513, #1520, #394, #55, #1456, #813, #69, #1331, #443, #299, #940, #1087, #1058 ),
 ( #1553, #1203, #1448, #1321, #686, #1326, #673, #1314, #1441, #426, #311, #953, #562, #1569, #184, #198, #48, #64 ) ),
 .UNSPECIFIED., .F., .F., .F.,
 ( 2, 2 ),
 ( 4, 2, 2, 2, 2, 2, 2, 2, 4 ),
 ( 0.000000000000000000, 1.000000000000000000 ),
 ( 0.000000000000000000, 0.0007600773735519424784, 0.001140116060327913718, 0.001520154747103884957, 0.002280232120655827435, 0.003040309494207769914, 0.003800386867759712392, 0.004560464241311654870, 0.006080618988415539827 ),
 .UNSPECIFIED. ) ;
#1119 = LINE ( 'NONE', #120, #1301 ) ;
#1120 = LINE ( 'NONE', #1509, #402 ) ;
#1121 = LINE ( 'NONE', #732, #1116 ) ;
#1122 = EDGE_CURVE ( 'NONE', #1572, #1062, #454, .T. ) ;
#1123 = ORIENTED_EDGE ( 'NONE', *, *, #302, .F. ) ;
#1124 = CARTESIAN_POINT ( 'NONE',  ( 412.6483256908533690, -1182.920846570889125, -1641.661470983928666 ) ) ;
#1125 = VECTOR ( 'NONE', #1077, 1000.000000000000000 ) ;
#1126 = APPLICATION_PROTOCOL_DEFINITION ( 'international standard', 'config_control_design', 1994, #392 ) ;
#1127 = EDGE_CURVE ( 'NONE', #776, #301, #1222, .T. ) ;
#1128 = LINE ( 'NONE', #1600, #1042 ) ;
#1129 = EDGE_CURVE ( 'NONE', #667, #753, #324, .T. ) ;
#1130 = CARTESIAN_POINT ( 'NONE',  ( 54.35499999999999687, -1178.305262667903889, -1603.999999999999773 ) ) ;
#1131 = FACE_OUTER_BOUND ( 'NONE', #1582, .T. ) ;
#1132 = EDGE_CURVE ( 'NONE', #297, #450, #220, .T. ) ;
#1133 = ORIENTED_EDGE ( 'NONE', *, *, #1317, .T. ) ;
#1134 = DIRECTION ( 'NONE',  ( 0.000000000000000000, -1.000000000000000000, 0.000000000000000000 ) ) ;
#1135 = ORIENTED_EDGE ( 'NONE', *, *, #1187, .T. ) ;
#1136 = ORIENTED_EDGE ( 'NONE', *, *, #1274, .F. ) ;
#1137 = CARTESIAN_POINT ( 'NONE',  ( 414.0975611026568117, -1181.654082188880693, -1640.406775157287257 ) ) ;
#1138 = CARTESIAN_POINT ( 'NONE',  ( -436.5061372709234888, -1184.305262667903889, -1584.999999999999545 ) ) ;
#1139 = LINE ( 'NONE', #499, #241 ) ;
#1140 = ORIENTED_EDGE ( 'NONE', *, *, #1064, .F. ) ;
#1141 = VECTOR ( 'NONE', #361, 1000.000000000000000 ) ;
#1142 = CARTESIAN_POINT ( 'NONE',  ( -439.9702388860613382, -1184.305262667903889, -1575.999999999999545 ) ) ;
#1143 = AXIS2_PLACEMENT_3D ( 'NONE', #556, #827, #1211 ) ;
#1144 = DIRECTION ( 'NONE',  ( 1.000000000000000000, 0.000000000000000000, 0.000000000000000000 ) ) ;
#1145 = EDGE_LOOP ( 'NONE', ( #601, #735, #1540, #14 ) ) ;
#1146 = CARTESIAN_POINT ( 'NONE',  ( -518.1010263744817621, -1187.305262667903662, -1575.999999999999545 ) ) ;
#1147 =( BOUNDED_CURVE ( )  B_SPLINE_CURVE ( 3, ( #1468, #1447, #448, #87 ),
 .UNSPECIFIED., .F., .T. ) 
 B_SPLINE_CURVE_WITH_KNOTS ( ( 4, 4 ),
 ( 3.141592653589793116, 4.712388980384689674 ),
 .UNSPECIFIED. ) 
 CURVE ( )  GEOMETRIC_REPRESENTATION_ITEM ( )  RATIONAL_B_SPLINE_CURVE ( ( 1.000000000000000000, 0.8047378541243649375, 0.8047378541243649375, 1.000000000000000000 ) ) 
 REPRESENTATION_ITEM ( '' )  );
#1148 = VERTEX_POINT ( 'NONE', #1476 ) ;
#1149 = CARTESIAN_POINT ( 'NONE',  ( -417.2574259649591681, -1218.305262667903889, -1641.999999999999773 ) ) ;
#1150 =( BOUNDED_CURVE ( )  B_SPLINE_CURVE ( 3, ( #234, #228, #580, #607 ),
 .UNSPECIFIED., .F., .T. ) 
 B_SPLINE_CURVE_WITH_KNOTS ( ( 4, 4 ),
 ( 4.712388980384625725, 6.283185307179586232 ),
 .UNSPECIFIED. ) 
 CURVE ( )  GEOMETRIC_REPRESENTATION_ITEM ( )  RATIONAL_B_SPLINE_CURVE ( ( 1.000000000000000000, 0.8047378541243498384, 0.8047378541243498384, 1.000000000000000000 ) ) 
 REPRESENTATION_ITEM ( '' )  );
#1151 = CARTESIAN_POINT ( 'NONE',  ( 417.2574259649591681, -1217.305262667903889, -1641.999999999999773 ) ) ;
#1152 = ADVANCED_FACE ( 'NONE', ( #944 ), #68, .T. ) ;
#1153 = CARTESIAN_POINT ( 'NONE',  ( -439.9702388860611677, -1180.790544042142528, -1575.999999999999318 ) ) ;
#1154 = CARTESIAN_POINT ( 'NONE',  ( -518.1010263744817621, -1184.305262667903889, -1581.999999999999545 ) ) ;
#1155 = ADVANCED_FACE ( 'NONE', ( #835 ), #1092, .T. ) ;
#1156 = EDGE_LOOP ( 'NONE', ( #145, #1411, #1394, #1038 ) ) ;
#1157 = CARTESIAN_POINT ( 'NONE',  ( -403.5971719271143456, -1184.305262667903889, -1642.000000000000000 ) ) ;
#1158 = ADVANCED_FACE ( 'NONE', ( #578 ), #965, .F. ) ;
#1159 = ORIENTED_EDGE ( 'NONE', *, *, #433, .F. ) ;
#1160 = DIRECTION ( 'NONE',  ( -1.000000000000000000, 0.000000000000000000, 0.000000000000000000 ) ) ;
#1161 = FACE_OUTER_BOUND ( 'NONE', #180, .T. ) ;
#1162 = DIRECTION ( 'NONE',  ( -0.000000000000000000, -0.000000000000000000, 1.000000000000000000 ) ) ;
#1163 = B_SPLINE_CURVE_WITH_KNOTS ( 'NONE', 3,
 ( #249, #621, #982, #372, #999, #992, #1605, #488, #1482, #863, #882, #1124, #134, #1500, #354, #238, #388, #857, #108, #509, #1367, #1012, #1020, #1251, #872, #118, #1137, #1619, #1357, #1513, #1260, #745, #498, #1395, #1385, #231, #727, #258, #756, #766, #1239, #515, #396, #1028, #146, #902, #15, #1404 ),
 .UNSPECIFIED., .F., .F.,
 ( 4, 2, 2, 1, 1, 1, 2, 2, 2, 2, 1, 1, 1, 1, 2, 2, 2, 2, 1, 1, 1, 2, 2, 2, 1, 1, 1, 1, 2, 2, 4 ),
 ( 0.000000000000000000, 0.1250000000004696799, 0.1875000000007403245, 0.2187500000008534562, 0.2343750000008920087, 0.2421875000009112711, 0.2460937500008811007, 0.2500000000008509304, 0.3750000000009379719, 0.4375000000009963697, 0.4687500000010541568, 0.4843750000011111667, 0.4921875000011596835, 0.4960937500011524115, 0.4980468750011175505, 0.5000000000010826895, 0.6250000000013372636, 0.6875000000014452883, 0.7187500000014992452, 0.7343750000014821477, 0.7421875000014425128, 0.7460937500014557244, 0.7500000000014689361, 0.8125000000008467671, 0.8437500000005356826, 0.8593750000004141132, 0.8671875000003926859, 0.8710937500003587131, 0.8730468750003242961, 0.8750000000002898792, 1.000000000000000000 ),
 .UNSPECIFIED. ) ;
#1164 = CARTESIAN_POINT ( 'NONE',  ( -518.1010263744817621, -1218.305262667903889, -1641.999999999999773 ) ) ;
#1165 = FACE_OUTER_BOUND ( 'NONE', #755, .T. ) ;
#1166 = ORIENTED_EDGE ( 'NONE', *, *, #1132, .F. ) ;
#1167 = ORIENTED_EDGE ( 'NONE', *, *, #1317, .F. ) ;
#1168 = CARTESIAN_POINT ( 'NONE',  ( 415.7215275800969607, -1181.305262667903889, -1638.999999999999545 ) ) ;
#1169 = CARTESIAN_POINT ( 'NONE',  ( 455.3625437314745454, -1217.305262667903889, -1578.999999999999545 ) ) ;
#1170 = CARTESIAN_POINT ( 'NONE',  ( -436.5061372709234320, -1190.305262667903662, -1584.999999999999545 ) ) ;
#1171 = CARTESIAN_POINT ( 'NONE',  ( 54.35499999999999687, -1181.305262667903662, -1616.999999999999773 ) ) ;
#1172 = VECTOR ( 'NONE', #560, 1000.000000000000000 ) ;
#1173 = ORIENTED_EDGE ( 'NONE', *, *, #1248, .T. ) ;
#1174 = ORIENTED_EDGE ( 'NONE', *, *, #786, .T. ) ;
#1175 = CARTESIAN_POINT ( 'NONE',  ( 412.9084158596979250, -1180.780794863252822, -1643.872452427098324 ) ) ;
#1176 = AXIS2_PLACEMENT_3D ( 'NONE', #1396, #136, #9 ) ;
#1177 = CARTESIAN_POINT ( 'NONE',  ( 448.6304929239055923, -1181.305262667903662, -1581.999999999999545 ) ) ;
#1178 = CARTESIAN_POINT ( 'NONE',  ( 446.8984421163367529, -1184.305262667903889, -1585.999999999999545 ) ) ;
#1179 = CARTESIAN_POINT ( 'NONE',  ( 412.2574259649591113, -1183.795760817199380, -1644.999999999999091 ) ) ;
#1180 = ORIENTED_EDGE ( 'NONE', *, *, #950, .F. ) ;
#1181 = EDGE_CURVE ( 'NONE', #267, #1507, #1508, .T. ) ;
#1182 = EDGE_LOOP ( 'NONE', ( #6, #286, #973, #217 ) ) ;
#1183 = DIRECTION ( 'NONE',  ( 1.000000000000000000, 0.000000000000000000, 0.000000000000000000 ) ) ;
#1184 = EDGE_CURVE ( 'NONE', #1328, #1232, #1107, .T. ) ;
#1185 = CARTESIAN_POINT ( 'NONE',  ( -439.9702388860613951, -1192.305262667904344, -1578.000000000000000 ) ) ;
#1186 = CARTESIAN_POINT ( 'NONE',  ( 54.35499999999999687, -1181.305262667903662, -1603.999999999999773 ) ) ;
#1187 = EDGE_CURVE ( 'NONE', #308, #700, #1374, .T. ) ;
#1188 = ORIENTED_EDGE ( 'NONE', *, *, #828, .F. ) ;
#1189 = ORIENTED_EDGE ( 'NONE', *, *, #461, .F. ) ;
#1190 = CARTESIAN_POINT ( 'NONE',  ( 413.2060577181336498, -1180.160398366020672, -1643.356921605828575 ) ) ;
#1191 = FACE_OUTER_BOUND ( 'NONE', #208, .T. ) ;
#1192 = DIRECTION ( 'NONE',  ( 0.5000000000000009992, 0.000000000000000000, -0.8660254037844380415 ) ) ;
#1193 = LINE ( 'NONE', #1560, #56 ) ;
#1194 = CIRCLE ( 'NONE', #1551, 6.499999999999950262 ) ;
#1195 = CARTESIAN_POINT ( 'NONE',  ( -441.4051167564898606, -1187.305262667903662, -1575.999999999999318 ) ) ;
#1196 = CIRCLE ( 'NONE', #708, 1.000000000000000888 ) ;
#1197 = ORIENTED_EDGE ( 'NONE', *, *, #1078, .T. ) ;
#1198 = VECTOR ( 'NONE', #1034, 1000.000000000000000 ) ;
#1199 = LINE ( 'NONE', #715, #397 ) ;
#1200 = AXIS2_PLACEMENT_3D ( 'NONE', #1117, #510, #1614 ) ;
#1201 = EDGE_CURVE ( 'NONE', #753, #668, #1607, .T. ) ;
#1202 = CARTESIAN_POINT ( 'NONE',  ( -436.5061372709234320, -1184.305262667903889, -1586.999999999999773 ) ) ;
#1203 = CARTESIAN_POINT ( 'NONE',  ( 412.2574259649591113, -1184.050511742551635, -1641.999999999999318 ) ) ;
#1204 = EDGE_CURVE ( 'NONE', #540, #1035, #528, .T. ) ;
#1205 = CARTESIAN_POINT ( 'NONE',  ( -518.1010263744817621, -1218.305262667903889, -1575.999999999999545 ) ) ;
#1206 = CIRCLE ( 'NONE', #144, 1.000000000000000888 ) ;
#1207 = EDGE_CURVE ( 'NONE', #1595, #156, #1128, .T. ) ;
#1208 = ORIENTED_EDGE ( 'NONE', *, *, #908, .T. ) ;
#1209 = EDGE_CURVE ( 'NONE', #450, #1595, #1139, .T. ) ;
#1210 = CARTESIAN_POINT ( 'NONE',  ( 417.2574259649591681, -1218.305262667903889, -1644.999999999999545 ) ) ;
#1211 = DIRECTION ( 'NONE',  ( 0.000000000000000000, 0.000000000000000000, 1.000000000000000000 ) ) ;
#1212 = ORIENTED_EDGE ( 'NONE', *, *, #908, .F. ) ;
#1213 = VERTEX_POINT ( 'NONE', #259 ) ;
#1214 = CARTESIAN_POINT ( 'NONE',  ( -54.35499999999999687, -1181.305262667903662, -1610.499999999999773 ) ) ;
#1215 = CARTESIAN_POINT ( 'NONE',  ( -518.1010263744817621, -1187.305262667903662, -1578.999999999999545 ) ) ;
#1216 = ORIENTED_EDGE ( 'NONE', *, *, #679, .T. ) ;
#1217 = ORIENTED_EDGE ( 'NONE', *, *, #1207, .F. ) ;
#1218 = AXIS2_PLACEMENT_3D ( 'NONE', #339, #1354, #966 ) ;
#1219 = EDGE_LOOP ( 'NONE', ( #610, #682, #412, #1027 ) ) ;
#1220 = CARTESIAN_POINT ( 'NONE',  ( 456.3625437314745454, -1217.305262667903889, -1578.999999999999318 ) ) ;
#1221 = AXIS2_PLACEMENT_3D ( 'NONE', #1327, #342, #1610 ) ;
#1222 = LINE ( 'NONE', #75, #169 ) ;
#1223 = DIRECTION ( 'NONE',  ( 0.000000000000000000, 0.000000000000000000, -1.000000000000000000 ) ) ;
#1224 = CARTESIAN_POINT ( 'NONE',  ( 412.2574259649592250, -1218.305262667903889, -1641.999999999999773 ) ) ;
#1225 = ORIENTED_EDGE ( 'NONE', *, *, #1320, .T. ) ;
#1226 = CARTESIAN_POINT ( 'NONE',  ( -403.5971719271146867, -1176.305262667904117, -1642.999999999999545 ) ) ;
#1227 = DIRECTION ( 'NONE',  ( -0.000000000000000000, -0.000000000000000000, 1.000000000000000000 ) ) ;
#1228 = PLANE ( 'NONE',  #1218 ) ;
#1229 = DIRECTION ( 'NONE',  ( 1.000000000000000000, 0.000000000000000000, 0.000000000000000000 ) ) ;
#1230 = ADVANCED_FACE ( 'NONE', ( #374 ), #240, .T. ) ;
#1231 = ORIENTED_EDGE ( 'NONE', *, *, #1414, .T. ) ;
#1232 = VERTEX_POINT ( 'NONE', #109 ) ;
#1233 = LINE ( 'NONE', #535, #1272 ) ;
#1234 = DATE_AND_TIME ( #720, #796 ) ;
#1235 = CARTESIAN_POINT ( 'NONE',  ( 418.2574259649591681, -1214.305262667903889, -1641.999999999999773 ) ) ;
#1236 = CARTESIAN_POINT ( 'NONE',  ( -518.1010263744817621, -1178.305262667903889, -1575.999999999999545 ) ) ;
#1237 = DIRECTION ( 'NONE',  ( -0.000000000000000000, -0.000000000000000000, 1.000000000000000000 ) ) ;
#1238 = EDGE_LOOP ( 'NONE', ( #734, #224, #1292, #1366 ) ) ;
#1239 = CARTESIAN_POINT ( 'NONE',  ( 415.1067257135820796, -1181.352850254654413, -1639.532436848505085 ) ) ;
#1240 = COORDINATED_UNIVERSAL_TIME_OFFSET ( 10, 0, .AHEAD. ) ;
#1241 = CARTESIAN_POINT ( 'NONE',  ( -518.1010263744817621, -1184.305262667903889, -1575.999999999999545 ) ) ;
#1242 = AXIS2_PLACEMENT_3D ( 'NONE', #511, #1283, #401 ) ;
#1243 = DIRECTION ( 'NONE',  ( -0.000000000000000000, 1.000000000000000000, 0.000000000000000000 ) ) ;
#1244 = AXIS2_PLACEMENT_3D ( 'NONE', #54, #923, #1192 ) ;
#1245 = DIRECTION ( 'NONE',  ( -1.000000000000000000, 0.000000000000000000, 0.000000000000000000 ) ) ;
#1246 = CARTESIAN_POINT ( 'NONE',  ( 455.3625437314745454, -1214.305262667903889, -1578.999999999999545 ) ) ;
#1247 = CIRCLE ( 'NONE', #1066, 1.000000000000000888 ) ;
#1248 = EDGE_CURVE ( 'NONE', #1572, #328, #32, .T. ) ;
#1249 = DESIGN_CONTEXT ( 'detailed design', #392, 'design' ) ;
#1250 = ORIENTED_EDGE ( 'NONE', *, *, #558, .F. ) ;
#1251 = CARTESIAN_POINT ( 'NONE',  ( 413.5297371431029205, -1181.982108129998096, -1640.898146217316025 ) ) ;
#1252 = EDGE_CURVE ( 'NONE', #816, #753, #884, .T. ) ;
#1253 = DIRECTION ( 'NONE',  ( 0.000000000000000000, 0.000000000000000000, 1.000000000000000000 ) ) ;
#1254 = ADVANCED_FACE ( 'NONE', ( #1389, #859, #363 ), #1271, .F. ) ;
#1255 = DIRECTION ( 'NONE',  ( 0.000000000000000000, -0.000000000000000000, 1.000000000000000000 ) ) ;
#1256 = FACE_OUTER_BOUND ( 'NONE', #1547, .T. ) ;
#1257 = CARTESIAN_POINT ( 'NONE',  ( 455.3625437314745454, -1217.305262667903889, -1578.999999999999545 ) ) ;
#1258 = ORIENTED_EDGE ( 'NONE', *, *, #22, .T. ) ;
#1259 = ORIENTED_EDGE ( 'NONE', *, *, #314, .T. ) ;
#1260 = CARTESIAN_POINT ( 'NONE',  ( 414.5017736633348591, -1181.497218589754539, -1640.056364251595369 ) ) ;
#1261 = CARTESIAN_POINT ( 'NONE',  ( -436.5061372709234888, -1176.305262667904117, -1586.000000000000000 ) ) ;
#1262 = CYLINDRICAL_SURFACE ( 'NONE', #1477, 6.499999999999950262 ) ;
#1263 = FACE_OUTER_BOUND ( 'NONE', #1145, .T. ) ;
#1264 = FACE_OUTER_BOUND ( 'NONE', #1499, .T. ) ;
#1265 = ORIENTED_EDGE ( 'NONE', *, *, #1417, .T. ) ;
#1266 = CARTESIAN_POINT ( 'NONE',  ( 418.2574259649591681, -1214.305262667903889, -1641.999999999999773 ) ) ;
#1267 = ORIENTED_EDGE ( 'NONE', *, *, #558, .T. ) ;
#1268 = CARTESIAN_POINT ( 'NONE',  ( -518.1010263744817621, -1181.305262667903889, -1581.999999999999545 ) ) ;
#1269 = CC_DESIGN_PERSON_AND_ORGANIZATION_ASSIGNMENT ( #100, #1493, ( #575 ) ) ;
#1270 = PERSON_AND_ORGANIZATION ( #991, #140 ) ;
#1271 = PLANE ( 'NONE',  #1176 ) ;
#1272 = VECTOR ( 'NONE', #1465, 1000.000000000000000 ) ;
#1273 = CARTESIAN_POINT ( 'NONE',  ( 417.2574259649591681, -1218.305262667903889, -1641.999999999999773 ) ) ;
#1274 = EDGE_CURVE ( 'NONE', #1330, #1039, #1021, .T. ) ;
#1275 = AXIS2_PLACEMENT_3D ( 'NONE', #122, #97, #1365 ) ;
#1276 = FACE_OUTER_BOUND ( 'NONE', #1156, .T. ) ;
#1277 = ORIENTED_EDGE ( 'NONE', *, *, #596, .T. ) ;
#1278 = LINE ( 'NONE', #143, #341 ) ;
#1279 = ORIENTED_EDGE ( 'NONE', *, *, #367, .F. ) ;
#1280 = CARTESIAN_POINT ( 'NONE',  ( 456.3625437314745454, -1213.305262667903889, -1578.999999999999545 ) ) ;
#1281 = CARTESIAN_POINT ( 'NONE',  ( 412.3989563791122919, -1182.590675019337141, -1644.754862131870595 ) ) ;
#1282 = VECTOR ( 'NONE', #619, 1000.000000000000000 ) ;
#1283 = DIRECTION ( 'NONE',  ( -0.000000000000000000, 1.000000000000000000, -0.000000000000000000 ) ) ;
#1284 = DIRECTION ( 'NONE',  ( 0.000000000000000000, 0.000000000000000000, -1.000000000000000000 ) ) ;
#1285 = FACE_OUTER_BOUND ( 'NONE', #123, .T. ) ;
#1286 = EDGE_LOOP ( 'NONE', ( #1073, #947, #765, #814 ) ) ;
#1287 = LINE ( 'NONE', #1041, #194 ) ;
#1288 = DIRECTION ( 'NONE',  ( 0.000000000000000000, 0.000000000000000000, 1.000000000000000000 ) ) ;
#1289 = CARTESIAN_POINT ( 'NONE',  ( -436.5061372709234888, -1184.305262667903889, -1584.999999999999545 ) ) ;
#1290 = ORIENTED_EDGE ( 'NONE', *, *, #1438, .F. ) ;
#1291 = CARTESIAN_POINT ( 'NONE',  ( -405.0320497975428680, -1187.305262667903662, -1641.999999999999773 ) ) ;
#1292 = ORIENTED_EDGE ( 'NONE', *, *, #1423, .T. ) ;
#1293 = ORIENTED_EDGE ( 'NONE', *, *, #663, .T. ) ;
#1294 = DATE_TIME_ROLE ( 'classification_date' ) ;
#1295 = CARTESIAN_POINT ( 'NONE',  ( 450.3625437314745454, -1184.305262667903889, -1578.999999999999545 ) ) ;
#1296 = APPLICATION_CONTEXT ( 'configuration controlled 3d designs of mechanical parts and assemblies' ) ;
#1297 = CARTESIAN_POINT ( 'NONE',  ( 412.2574259649592250, -1218.305262667903889, -1641.999999999999773 ) ) ;
#1298 = CARTESIAN_POINT ( 'NONE',  ( 450.3625437314746023, -1192.305262667904117, -1578.000000000000000 ) ) ;
#1299 = CARTESIAN_POINT ( 'NONE',  ( -417.2574259649591681, -1213.305262667903889, -1641.999999999999773 ) ) ;
#1300 = ADVANCED_FACE ( 'NONE', ( #739 ), #1262, .F. ) ;
#1301 = VECTOR ( 'NONE', #242, 1000.000000000000000 ) ;
#1302 = VERTEX_POINT ( 'NONE', #1235 ) ;
#1303 = EDGE_CURVE ( 'NONE', #33, #868, #1378, .T. ) ;
#1304 = ORIENTED_EDGE ( 'NONE', *, *, #197, .F. ) ;
#1305 = CARTESIAN_POINT ( 'NONE',  ( 413.6988862479946647, -1179.419977785267520, -1642.503317552689623 ) ) ;
#1306 = DIRECTION ( 'NONE',  ( -0.000000000000000000, -1.000000000000000000, -0.000000000000000000 ) ) ;
#1307 = EDGE_CURVE ( 'NONE', #1587, #659, #1023, .T. ) ;
#1308 = CYLINDRICAL_SURFACE ( 'NONE', #977, 1.000000000000000888 ) ;
#1309 = ORIENTED_EDGE ( 'NONE', *, *, #1252, .T. ) ;
#1310 = LINE ( 'NONE', #428, #980 ) ;
#1311 = CARTESIAN_POINT ( 'NONE',  ( -403.5971719271145162, -1190.305262667903662, -1641.999999999999545 ) ) ;
#1312 = CARTESIAN_POINT ( 'NONE',  ( -407.0612735422520814, -1187.305262667903662, -1642.000000000000000 ) ) ;
#1313 =( BOUNDED_CURVE ( )  B_SPLINE_CURVE ( 3, ( #95, #588, #1100, #463 ),
 .UNSPECIFIED., .F., .T. ) 
 B_SPLINE_CURVE_WITH_KNOTS ( ( 4, 4 ),
 ( 3.141592653589793116, 4.712388980384689674 ),
 .UNSPECIFIED. ) 
 CURVE ( )  GEOMETRIC_REPRESENTATION_ITEM ( )  RATIONAL_B_SPLINE_CURVE ( ( 1.000000000000000000, 0.8047378541243649375, 0.8047378541243649375, 1.000000000000000000 ) ) 
 REPRESENTATION_ITEM ( '' )  );
#1314 = CARTESIAN_POINT ( 'NONE',  ( 412.7695384041941793, -1182.720018895535986, -1641.556497618027606 ) ) ;
#1315 = DIRECTION ( 'NONE',  ( 0.000000000000000000, 1.000000000000000000, 0.000000000000000000 ) ) ;
#1316 = ORIENTED_EDGE ( 'NONE', *, *, #1417, .F. ) ;
#1317 = EDGE_CURVE ( 'NONE', #1079, #33, #274, .T. ) ;
#1318 = EDGE_CURVE ( 'NONE', #1213, #297, #1247, .T. ) ;
#1319 = FACE_OUTER_BOUND ( 'NONE', #1072, .T. ) ;
#1320 = EDGE_CURVE ( 'NONE', #308, #203, #1413, .T. ) ;
#1321 = CARTESIAN_POINT ( 'NONE',  ( 412.3989563791122919, -1183.447968843620401, -1641.877431065935298 ) ) ;
#1322 = CIRCLE ( 'NONE', #1060, 1.000000000000000888 ) ;
#1323 = AXIS2_PLACEMENT_3D ( 'NONE', #1617, #229, #1112 ) ;
#1324 = ORIENTED_EDGE ( 'NONE', *, *, #579, .F. ) ;
#1325 = CARTESIAN_POINT ( 'NONE',  ( 456.3625437314745454, -1214.305262667903889, -1578.999999999999318 ) ) ;
#1326 = CARTESIAN_POINT ( 'NONE',  ( 412.5383123366785298, -1183.116157903048133, -1641.756745266513690 ) ) ;
#1327 = CARTESIAN_POINT ( 'NONE',  ( -417.2574259649591681, -1214.305262667903889, -1641.999999999999773 ) ) ;
#1328 = VERTEX_POINT ( 'NONE', #181 ) ;
#1329 = CARTESIAN_POINT ( 'NONE',  ( -54.35499999999999687, -1181.305262667903662, -1616.999999999999773 ) ) ;
#1330 = VERTEX_POINT ( 'NONE', #785 ) ;
#1331 = CARTESIAN_POINT ( 'NONE',  ( 413.8746132417135755, -1179.217046088540883, -1642.198949471307515 ) ) ;
#1332 = DIRECTION ( 'NONE',  ( 1.000000000000000000, 0.000000000000000000, 0.000000000000000000 ) ) ;
#1333 = ORIENTED_EDGE ( 'NONE', *, *, #1083, .F. ) ;
#1334 = CARTESIAN_POINT ( 'NONE',  ( -403.5971719271145162, -1184.305262667903889, -1641.999999999999545 ) ) ;
#1335 = DIRECTION ( 'NONE',  ( 1.000000000000000000, 0.000000000000000000, 0.000000000000000000 ) ) ;
#1336 = PRODUCT ( 'CV03-TR-05_REV_B_29ad76e698c943a98a97709f15de8ea6.tmp', 'CV03-TR-05_REV_B_29ad76e698c943a98a97709f15de8ea6.tmp', '', ( #226 ) ) ;
#1337 = CARTESIAN_POINT ( 'NONE',  ( 448.6304929239056491, -1178.305262667903889, -1581.999999999999545 ) ) ;
#1338 = EDGE_CURVE ( 'NONE', #1232, #1039, #1422, .T. ) ;
#1339 = CARTESIAN_POINT ( 'NONE',  ( 455.3625437314745454, -1218.305262667903889, -1578.999999999999545 ) ) ;
#1340 = AXIS2_PLACEMENT_3D ( 'NONE', #975, #227, #1081 ) ;
#1341 = EDGE_CURVE ( 'NONE', #492, #838, #613, .T. ) ;
#1342 = ORIENTED_EDGE ( 'NONE', *, *, #507, .T. ) ;
#1343 = CARTESIAN_POINT ( 'NONE',  ( -407.0612735422523087, -1184.305262667903889, -1632.999999999999545 ) ) ;
#1344 = VECTOR ( 'NONE', #179, 1000.000000000000000 ) ;
#1345 = CALENDAR_DATE ( 2026, 11, 7 ) ;
#1346 = CARTESIAN_POINT ( 'NONE',  ( 412.2574259649592250, -1184.305262667903889, -1642.999999999999545 ) ) ;
#1347 = EDGE_CURVE ( 'NONE', #1531, #1392, #646, .T. ) ;
#1348 = DIRECTION ( 'NONE',  ( 1.000000000000000000, 0.000000000000000000, 0.000000000000000000 ) ) ;
#1349 = ORIENTED_EDGE ( 'NONE', *, *, #197, .T. ) ;
#1350 = CARTESIAN_POINT ( 'NONE',  ( -405.3292227346836967, -1178.305262667903889, -1638.999999999999545 ) ) ;
#1351 = CLOSED_SHELL ( 'NONE', ( #660, #722, #1419, #1, #553, #96, #1594, #501, #1555, #1230, #780, #1460, #200, #658, #416, #435, #1597, #1152, #1001, #305, #273, #760, #155, #1486, #606, #221, #644, #321, #830, #25, #1622, #1581, #880, #1158, #1300, #364, #1029, #317, #1467, #1254, #1489, #126, #536, #1155, #1360, #557 ) ) ;
#1352 = APPROVAL_ROLE ( '' ) ;
#1353 = CARTESIAN_POINT ( 'NONE',  ( 455.3625437314745454, -1218.305262667903889, -1575.999999999999545 ) ) ;
#1354 = DIRECTION ( 'NONE',  ( -1.000000000000000000, -0.000000000000000000, 0.000000000000000000 ) ) ;
#1355 = FACE_OUTER_BOUND ( 'NONE', #90, .T. ) ;
#1356 = ORIENTED_EDGE ( 'NONE', *, *, #1516, .F. ) ;
#1357 = CARTESIAN_POINT ( 'NONE',  ( 414.3367725911746220, -1181.555065754027737, -1640.199404753442650 ) ) ;
#1358 = PERSON_AND_ORGANIZATION ( #991, #140 ) ;
#1359 = CARTESIAN_POINT ( 'NONE',  ( -455.3625437314745454, -1214.305262667903889, -1578.999999999999545 ) ) ;
#1360 = ADVANCED_FACE ( 'NONE', ( #803, #921, #1055 ), #1543, .T. ) ;
#1361 = EDGE_CURVE ( 'NONE', #1062, #1302, #821, .T. ) ;
#1362 = CARTESIAN_POINT ( 'NONE',  ( -450.3625437314745454, -1213.305262667903889, -1578.999999999999545 ) ) ;
#1363 = DIRECTION ( 'NONE',  ( -1.000000000000000000, 0.000000000000000000, 0.000000000000000000 ) ) ;
#1364 = EDGE_CURVE ( 'NONE', #962, #1084, #1310, .T. ) ;
#1365 = DIRECTION ( 'NONE',  ( -1.000000000000000000, 0.000000000000000000, 0.000000000000000000 ) ) ;
#1366 = ORIENTED_EDGE ( 'NONE', *, *, #29, .T. ) ;
#1367 = CARTESIAN_POINT ( 'NONE',  ( 413.5111089191595397, -1181.995369163958685, -1640.914280483339553 ) ) ;
#1368 = EDGE_CURVE ( 'NONE', #751, #816, #1549, .T. ) ;
#1369 = DIRECTION ( 'NONE',  ( 1.000000000000000000, 0.000000000000000000, 0.000000000000000000 ) ) ;
#1370 = AXIS2_PLACEMENT_3D ( 'NONE', #836, #843, #865 ) ;
#1371 = CARTESIAN_POINT ( 'NONE',  ( -412.2574259649591113, -1187.305262667903662, -1644.999999999999545 ) ) ;
#1372 = DIRECTION ( 'NONE',  ( 0.000000000000000000, -0.000000000000000000, 1.000000000000000000 ) ) ;
#1373 = DIRECTION ( 'NONE',  ( -0.000000000000000000, 1.000000000000000000, -0.000000000000000000 ) ) ;
#1374 = CIRCLE ( 'NONE', #737, 1.000000000000000888 ) ;
#1375 = ORIENTED_EDGE ( 'NONE', *, *, #1591, .T. ) ;
#1376 = LINE ( 'NONE', #1149, #707 ) ;
#1377 = ORIENTED_EDGE ( 'NONE', *, *, #77, .F. ) ;
#1378 = LINE ( 'NONE', #101, #111 ) ;
#1379 = CARTESIAN_POINT ( 'NONE',  ( -417.2574259649591681, -1217.305262667903889, -1644.999999999999545 ) ) ;
#1380 = CYLINDRICAL_SURFACE ( 'NONE', #500, 1.000000000000000888 ) ;
#1381 = ORIENTED_EDGE ( 'NONE', *, *, #205, .T. ) ;
#1382 = LINE ( 'NONE', #1224, #598 ) ;
#1383 = CC_DESIGN_DATE_AND_TIME_ASSIGNMENT ( #268, #1294, ( #1453 ) ) ;
#1384 = ORIENTED_EDGE ( 'NONE', *, *, #912, .F. ) ;
#1385 = CARTESIAN_POINT ( 'NONE',  ( 414.5888864990473621, -1181.470149871553531, -1639.980895966297794 ) ) ;
#1386 = VECTOR ( 'NONE', #1580, 1000.000000000000000 ) ;
#1387 = SECURITY_CLASSIFICATION_LEVEL ( 'unclassified' ) ;
#1388 = EDGE_CURVE ( 'NONE', #838, #668, #1446, .T. ) ;
#1389 = FACE_BOUND ( 'NONE', #1053, .T. ) ;
#1390 = DIRECTION ( 'NONE',  ( -0.000000000000000000, 1.000000000000000000, -0.000000000000000000 ) ) ;
#1391 = DIRECTION ( 'NONE',  ( 1.000000000000000000, 0.000000000000000000, 0.000000000000000000 ) ) ;
#1392 = VERTEX_POINT ( 'NONE', #304 ) ;
#1393 = CYLINDRICAL_SURFACE ( 'NONE', #842, 1.000000000000000888 ) ;
#1394 = ORIENTED_EDGE ( 'NONE', *, *, #885, .T. ) ;
#1395 = CARTESIAN_POINT ( 'NONE',  ( 414.5806547735269874, -1181.472623840594906, -1639.988025400710740 ) ) ;
#1396 = CARTESIAN_POINT ( 'NONE',  ( -518.1010263744817621, -1181.305262667903662, -1644.999999999999545 ) ) ;
#1397 = VECTOR ( 'NONE', #459, 1000.000000000000000 ) ;
#1398 = FACE_OUTER_BOUND ( 'NONE', #468, .T. ) ;
#1399 = VECTOR ( 'NONE', #277, 1000.000000000000000 ) ;
#1400 = LINE ( 'NONE', #638, #86 ) ;
#1401 = LINE ( 'NONE', #505, #1399 ) ;
#1402 = VECTOR ( 'NONE', #905, 1000.000000000000000 ) ;
#1403 = ORIENTED_EDGE ( 'NONE', *, *, #1573, .F. ) ;
#1404 = CARTESIAN_POINT ( 'NONE',  ( 415.7215275800969607, -1181.305262667903889, -1638.999999999999545 ) ) ;
#1405 = ORIENTED_EDGE ( 'NONE', *, *, #724, .F. ) ;
#1406 = CARTESIAN_POINT ( 'NONE',  ( -518.1010263744817621, -1187.305262667903662, -1641.999999999999773 ) ) ;
#1407 = CARTESIAN_POINT ( 'NONE',  ( 415.7215275800969607, -1181.305262667903889, -1638.999999999999545 ) ) ;
#1408 = CARTESIAN_POINT ( 'NONE',  ( -418.2574259649592250, -1217.305262667903889, -1641.999999999999773 ) ) ;
#1409 = DIRECTION ( 'NONE',  ( 1.000000000000000000, 0.000000000000000000, 0.000000000000000000 ) ) ;
#1410 = ORIENTED_EDGE ( 'NONE', *, *, #481, .T. ) ;
#1411 = ORIENTED_EDGE ( 'NONE', *, *, #367, .T. ) ;
#1412 = APPROVAL_DATE_TIME ( #893, #386 ) ;
#1413 = LINE ( 'NONE', #36, #664 ) ;
#1414 = EDGE_CURVE ( 'NONE', #541, #1593, #936, .T. ) ;
#1415 = DIRECTION ( 'NONE',  ( 1.000000000000000000, -0.000000000000000000, 0.000000000000000000 ) ) ;
#1416 = CARTESIAN_POINT ( 'NONE',  ( -439.9702388860612814, -1190.305262667903662, -1579.000000000000000 ) ) ;
#1417 = EDGE_CURVE ( 'NONE', #1463, #1232, #676, .T. ) ;
#1418 = CARTESIAN_POINT ( 'NONE',  ( 412.2574259649591113, -1184.305262667903889, -1644.999999999999091 ) ) ;
#1419 = ADVANCED_FACE ( 'NONE', ( #1161 ), #1523, .F. ) ;
#1420 = VERTEX_POINT ( 'NONE', #280 ) ;
#1421 = PERSON_AND_ORGANIZATION_ROLE ( 'classification_officer' ) ;
#1422 = LINE ( 'NONE', #1295, #1575 ) ;
#1423 = EDGE_CURVE ( 'NONE', #1618, #890, #1287, .T. ) ;
#1424 = LINE ( 'NONE', #612, #189 ) ;
#1425 = AXIS2_PLACEMENT_3D ( 'NONE', #375, #876, #382 ) ;
#1426 = CARTESIAN_POINT ( 'NONE',  ( 450.3625437314744886, -1196.305262667903662, -1576.000000000000000 ) ) ;
#1427 = CIRCLE ( 'NONE', #1143, 6.499999999999950262 ) ;
#1428 = ORIENTED_EDGE ( 'NONE', *, *, #252, .F. ) ;
#1429 =( GEOMETRIC_REPRESENTATION_CONTEXT ( 3 ) GLOBAL_UNCERTAINTY_ASSIGNED_CONTEXT ( ( #997 ) ) GLOBAL_UNIT_ASSIGNED_CONTEXT ( ( #1483, #1466, #337 ) ) REPRESENTATION_CONTEXT ( 'NONE', 'WORKASPACE' ) );
#1430 = ORIENTED_EDGE ( 'NONE', *, *, #47, .T. ) ;
#1431 = DIRECTION ( 'NONE',  ( 0.000000000000000000, 0.000000000000000000, -1.000000000000000000 ) ) ;
#1432 = CARTESIAN_POINT ( 'NONE',  ( 415.7215275800969607, -1178.305262667903889, -1638.999999999999545 ) ) ;
#1433 = CARTESIAN_POINT ( 'NONE',  ( -450.3625437314744886, -1187.305262667903662, -1575.999999999999545 ) ) ;
#1434 = DIRECTION ( 'NONE',  ( 0.000000000000000000, 0.000000000000000000, -1.000000000000000000 ) ) ;
#1435 = CARTESIAN_POINT ( 'NONE',  ( -417.2574259649591681, -1214.305262667903889, -1644.999999999999545 ) ) ;
#1436 = EDGE_CURVE ( 'NONE', #751, #611, #741, .T. ) ;
#1437 = ORIENTED_EDGE ( 'NONE', *, *, #507, .F. ) ;
#1438 = EDGE_CURVE ( 'NONE', #450, #514, #1120, .T. ) ;
#1439 = CARTESIAN_POINT ( 'NONE',  ( -403.5971719271146867, -1174.305262667904117, -1643.999999999999318 ) ) ;
#1440 = CARTESIAN_POINT ( 'NONE',  ( 446.8984421163367529, -1184.305262667903889, -1584.999999999999545 ) ) ;
#1441 = CARTESIAN_POINT ( 'NONE',  ( 412.9084158596979250, -1182.543028765578356, -1641.436226213548935 ) ) ;
#1442 = ORIENTED_EDGE ( 'NONE', *, *, #8, .T. ) ;
#1443 = CARTESIAN_POINT ( 'NONE',  ( -455.3625437314745454, -1217.305262667903889, -1578.999999999999545 ) ) ;
#1444 = ORIENTED_EDGE ( 'NONE', *, *, #1204, .F. ) ;
#1445 = EDGE_LOOP ( 'NONE', ( #379, #474, #781, #406 ) ) ;
#1446 = B_SPLINE_CURVE_WITH_KNOTS ( 'NONE', 1,
 ( #929, #1168 ),
 .UNSPECIFIED., .F., .F.,
 ( 2, 2 ),
 ( 0.000000000000000000, 1.000000000000000000 ),
 .UNSPECIFIED. ) ;
#1447 = CARTESIAN_POINT ( 'NONE',  ( -439.9702388860611677, -1182.547903355022981, -1578.999999999999318 ) ) ;
#1448 = CARTESIAN_POINT ( 'NONE',  ( 412.2957938972354555, -1183.798793999537338, -1641.966772395957832 ) ) ;
#1449 = AXIS2_PLACEMENT_3D ( 'NONE', #1297, #626, #391 ) ;
#1450 = CYLINDRICAL_SURFACE ( 'NONE', #1221, 1.000000000000000888 ) ;
#1451 = ORIENTED_EDGE ( 'NONE', *, *, #957, .F. ) ;
#1452 = ORIENTED_EDGE ( 'NONE', *, *, #1591, .F. ) ;
#1453 = SECURITY_CLASSIFICATION ( '', '', #1387 ) ;
#1454 = CARTESIAN_POINT ( 'NONE',  ( -418.2574259649591681, -1214.305262667903889, -1641.999999999999773 ) ) ;
#1455 = AXIS2_PLACEMENT_3D ( 'NONE', #1151, #873, #233 ) ;
#1456 = CARTESIAN_POINT ( 'NONE',  ( 413.2060577181336498, -1180.160398366020672, -1643.356921605828575 ) ) ;
#1457 = ORIENTED_EDGE ( 'NONE', *, *, #1347, .T. ) ;
#1458 = ORIENTED_EDGE ( 'NONE', *, *, #539, .T. ) ;
#1459 = DIRECTION ( 'NONE',  ( 1.000000000000000000, -0.000000000000000000, 0.000000000000000000 ) ) ;
#1460 = ADVANCED_FACE ( 'NONE', ( #1256 ), #1609, .T. ) ;
#1461 = CARTESIAN_POINT ( 'NONE',  ( 450.3625437314745454, -1213.305262667903889, -1578.999999999999545 ) ) ;
#1462 = EDGE_CURVE ( 'NONE', #1491, #308, #512, .T. ) ;
#1463 = VERTEX_POINT ( 'NONE', #628 ) ;
#1464 = EDGE_LOOP ( 'NONE', ( #21, #419, #1002, #645 ) ) ;
#1465 = DIRECTION ( 'NONE',  ( 0.000000000000000000, 0.000000000000000000, -1.000000000000000000 ) ) ;
#1466 =( NAMED_UNIT ( * ) PLANE_ANGLE_UNIT ( ) SI_UNIT ( $, .RADIAN. ) );
#1467 = ADVANCED_FACE ( 'NONE', ( #261 ), #484, .F. ) ;
#1468 = CARTESIAN_POINT ( 'NONE',  ( -439.9702388860613382, -1184.305262667903889, -1578.999999999999318 ) ) ;
#1469 = CARTESIAN_POINT ( 'NONE',  ( -418.2574259649592250, -1217.305262667903889, -1644.999999999999545 ) ) ;
#1470 = CARTESIAN_POINT ( 'NONE',  ( -405.0320497975428680, -1187.305262667903662, -1644.999999999999091 ) ) ;
#1471 = VECTOR ( 'NONE', #1086, 1000.000000000000000 ) ;
#1472 = ORIENTED_EDGE ( 'NONE', *, *, #1094, .T. ) ;
#1473 = CARTESIAN_POINT ( 'NONE',  ( 448.6304929239056491, -1178.305262667903889, -1581.999999999999545 ) ) ;
#1474 = VECTOR ( 'NONE', #13, 1000.000000000000000 ) ;
#1475 = ORIENTED_EDGE ( 'NONE', *, *, #202, .T. ) ;
#1476 = CARTESIAN_POINT ( 'NONE',  ( 412.2574259649591681, -1213.305262667903889, -1644.999999999999545 ) ) ;
#1477 = AXIS2_PLACEMENT_3D ( 'NONE', #894, #721, #1253 ) ;
#1478 = PLANE ( 'NONE',  #370 ) ;
#1479 = PLANE ( 'NONE',  #114 ) ;
#1480 = CC_DESIGN_PERSON_AND_ORGANIZATION_ASSIGNMENT ( #1514, #1421, ( #1453 ) ) ;
#1481 = VERTEX_POINT ( 'NONE', #1616 ) ;
#1482 = CARTESIAN_POINT ( 'NONE',  ( 412.6232356306609290, -1182.963321639314017, -1641.683208094950714 ) ) ;
#1483 =( LENGTH_UNIT ( ) NAMED_UNIT ( * ) SI_UNIT ( .MILLI., .METRE. ) );
#1484 = EDGE_CURVE ( 'NONE', #962, #1531, #58, .T. ) ;
#1485 = DIRECTION ( 'NONE',  ( 0.000000000000000000, 0.000000000000000000, 1.000000000000000000 ) ) ;
#1486 = ADVANCED_FACE ( 'NONE', ( #1276 ), #1380, .T. ) ;
#1487 = ORIENTED_EDGE ( 'NONE', *, *, #1129, .F. ) ;
#1488 = CARTESIAN_POINT ( 'NONE',  ( 418.2574259649592818, -1217.305262667903889, -1644.999999999999545 ) ) ;
#1489 = ADVANCED_FACE ( 'NONE', ( #1131 ), #995, .F. ) ;
#1490 = CARTESIAN_POINT ( 'NONE',  ( -450.3625437314744886, -1187.305262667903662, -1578.999999999999773 ) ) ;
#1491 = VERTEX_POINT ( 'NONE', #1496 ) ;
#1492 = CARTESIAN_POINT ( 'NONE',  ( -407.0612735422520814, -1187.305262667903662, -1642.000000000000000 ) ) ;
#1493 = PERSON_AND_ORGANIZATION_ROLE ( 'creator' ) ;
#1494 = CARTESIAN_POINT ( 'NONE',  ( -405.3292227346836967, -1181.305262667903662, -1638.999999999999545 ) ) ;
#1495 = CARTESIAN_POINT ( 'NONE',  ( 417.2574259649591681, -1218.305262667903889, -1641.999999999999773 ) ) ;
#1496 = CARTESIAN_POINT ( 'NONE',  ( -417.2574259649591681, -1213.305262667903889, -1644.999999999999545 ) ) ;
#1497 = VERTEX_POINT ( 'NONE', #141 ) ;
#1498 = DIRECTION ( 'NONE',  ( 0.000000000000000000, 0.000000000000000000, 1.000000000000000000 ) ) ;
#1499 = EDGE_LOOP ( 'NONE', ( #1384, #1430, #34, #440 ) ) ;
#1500 = CARTESIAN_POINT ( 'NONE',  ( 412.8783551447944546, -1182.579974468595083, -1641.462594212761360 ) ) ;
#1501 = CARTESIAN_POINT ( 'NONE',  ( -439.9702388860612814, -1178.305262667903662, -1579.000000000000000 ) ) ;
#1502 = CARTESIAN_POINT ( 'NONE',  ( -455.3625437314745454, -1214.305262667903889, -1575.999999999999545 ) ) ;
#1503 = DIRECTION ( 'NONE',  ( 0.000000000000000000, 0.000000000000000000, -1.000000000000000000 ) ) ;
#1504 = DIRECTION ( 'NONE',  ( 0.000000000000000000, 0.000000000000000000, -1.000000000000000000 ) ) ;
#1505 = DIRECTION ( 'NONE',  ( 0.000000000000000000, 0.000000000000000000, 1.000000000000000000 ) ) ;
#1506 = EDGE_LOOP ( 'NONE', ( #1180, #487 ) ) ;
#1507 = VERTEX_POINT ( 'NONE', #608 ) ;
#1508 = LINE ( 'NONE', #251, #792 ) ;
#1509 = CARTESIAN_POINT ( 'NONE',  ( -450.3625437314745454, -1213.305262667903889, -1578.999999999999545 ) ) ;
#1510 = EDGE_LOOP ( 'NONE', ( #919, #1437, #247, #323 ) ) ;
#1511 = CARTESIAN_POINT ( 'NONE',  ( -518.1010263744817621, -1184.305262667903889, -1644.999999999999545 ) ) ;
#1512 = ORIENTED_EDGE ( 'NONE', *, *, #1338, .T. ) ;
#1513 = CARTESIAN_POINT ( 'NONE',  ( 414.4115669206188386, -1181.527355272764225, -1640.134551818984164 ) ) ;
#1514 = PERSON_AND_ORGANIZATION ( #991, #140 ) ;
#1515 = DIRECTION ( 'NONE',  ( -0.000000000000000000, 1.000000000000000000, 0.000000000000000000 ) ) ;
#1516 = EDGE_CURVE ( 'NONE', #1030, #668, #1400, .T. ) ;
#1517 = DIRECTION ( 'NONE',  ( 0.000000000000000000, -1.000000000000000000, -0.000000000000000000 ) ) ;
#1518 = CARTESIAN_POINT ( 'NONE',  ( 455.3625437314745454, -1213.305262667903889, -1575.999999999999545 ) ) ;
#1519 = ORIENTED_EDGE ( 'NONE', *, *, #952, .T. ) ;
#1520 = CARTESIAN_POINT ( 'NONE',  ( 412.5925150862341297, -1181.721366321576170, -1644.419608616887217 ) ) ;
#1521 = ORIENTED_EDGE ( 'NONE', *, *, #61, .T. ) ;
#1522 = FACE_OUTER_BOUND ( 'NONE', #42, .T. ) ;
#1523 = PLANE ( 'NONE',  #906 ) ;
#1524 = VECTOR ( 'NONE', #1074, 1000.000000000000000 ) ;
#1525 =( BOUNDED_SURFACE ( )  B_SPLINE_SURFACE ( 3, 3, ( 
 ( #85, #806, #577, #1050 ),
 ( #671, #543, #335, #1311 ),
 ( #91, #1067, #971, #1544 ),
 ( #1343, #552, #839, #677 ),
 ( #182, #218, #1091, #797 ),
 ( #713, #1439, #1226, #414 ),
 ( #329, #832, #585, #1334 ) ),
 .UNSPECIFIED., .T., .F., .T. ) 
 B_SPLINE_SURFACE_WITH_KNOTS ( ( 4, 3, 4 ),
 ( 4, 4 ),
 ( 0.000000000000000000, 0.5000000000000000000, 1.000000000000000000 ),
 ( 0.000000000000000000, 1.000000000000000000 ),
 .UNSPECIFIED. ) 
 GEOMETRIC_REPRESENTATION_ITEM ( )  RATIONAL_B_SPLINE_SURFACE ( (
 ( 1.000000000000000000, 1.000000000000000000, 1.000000000000000000, 1.000000000000000000),
 ( 0.3333333333333333703, 0.3333333333333333148, 0.3333333333333333148, 0.3333333333333333703),
 ( 0.3333333333333333703, 0.3333333333333333148, 0.3333333333333333148, 0.3333333333333333703),
 ( 1.000000000000000000, 1.000000000000000000, 1.000000000000000000, 1.000000000000000000),
 ( 0.3333333333333333703, 0.3333333333333333148, 0.3333333333333333148, 0.3333333333333333703),
 ( 0.3333333333333333703, 0.3333333333333333148, 0.3333333333333333148, 0.3333333333333333703),
 ( 1.000000000000000000, 1.000000000000000000, 1.000000000000000000, 1.000000000000000000) ) ) 
 REPRESENTATION_ITEM ( '' )  SURFACE ( )  );
#1526 = DIRECTION ( 'NONE',  ( 1.000000000000000000, 0.000000000000000000, 0.000000000000000000 ) ) ;
#1527 = CIRCLE ( 'NONE', #294, 1.000000000000000888 ) ;
#1528 = LINE ( 'NONE', #403, #1010 ) ;
#1529 = DIRECTION ( 'NONE',  ( 0.000000000000000000, 0.000000000000000000, -1.000000000000000000 ) ) ;
#1530 = VECTOR ( 'NONE', #366, 1000.000000000000000 ) ;
#1531 = VERTEX_POINT ( 'NONE', #1518 ) ;
#1532 = DIRECTION ( 'NONE',  ( -0.000000000000000000, -1.000000000000000000, -0.000000000000000000 ) ) ;
#1533 = PRODUCT_RELATED_PRODUCT_CATEGORY ( 'detail', '', ( #1336 ) ) ;
#1534 = EDGE_CURVE ( 'NONE', #360, #1328, #811, .T. ) ;
#1535 = CARTESIAN_POINT ( 'NONE',  ( 418.2574259649592250, -1217.305262667903889, -1641.999999999999773 ) ) ;
#1536 = EDGE_CURVE ( 'NONE', #327, #1497, #393, .T. ) ;
#1537 = CARTESIAN_POINT ( 'NONE',  ( 450.3625437314744886, -1178.305262667903662, -1579.000000000000000 ) ) ;
#1538 = LINE ( 'NONE', #1511, #684 ) ;
#1539 = EDGE_CURVE ( 'NONE', #1062, #591, #771, .T. ) ;
#1540 = ORIENTED_EDGE ( 'NONE', *, *, #336, .T. ) ;
#1541 = ADVANCED_BREP_SHAPE_REPRESENTATION ( 'CV03-TR-05_REV_B_29ad76e698c943a98a97709f15de8ea6.tmp', ( #66, #1556 ), #1429 ) ;
#1542 = EDGE_LOOP ( 'NONE', ( #295, #1096, #573, #278 ) ) ;
#1543 = PLANE ( 'NONE',  #470 ) ;
#1544 = CARTESIAN_POINT ( 'NONE',  ( -407.0612735422523656, -1190.305262667903662, -1636.000000000000000 ) ) ;
#1545 = CARTESIAN_POINT ( 'NONE',  ( 446.8984421163367529, -1190.305262667903662, -1584.999999999999545 ) ) ;
#1546 = CARTESIAN_POINT ( 'NONE',  ( -54.35499999999999687, -1178.305262667903889, -1603.999999999999773 ) ) ;
#1547 = EDGE_LOOP ( 'NONE', ( #1562, #874, #83, #133 ) ) ;
#1548 = ORIENTED_EDGE ( 'NONE', *, *, #271, .F. ) ;
#1549 = LINE ( 'NONE', #420, #1402 ) ;
#1550 = LINE ( 'NONE', #937, #495 ) ;
#1551 = AXIS2_PLACEMENT_3D ( 'NONE', #103, #331, #595 ) ;
#1552 = DIRECTION ( 'NONE',  ( 1.000000000000000000, 0.000000000000000000, -0.000000000000000000 ) ) ;
#1553 = CARTESIAN_POINT ( 'NONE',  ( 412.2574259649591113, -1184.305262667903889, -1641.999999999999318 ) ) ;
#1554 = CARTESIAN_POINT ( 'NONE',  ( -418.2574259649592250, -1217.305262667903889, -1641.999999999999773 ) ) ;
#1555 = ADVANCED_FACE ( 'NONE', ( #1264 ), #129, .F. ) ;
#1556 = AXIS2_PLACEMENT_3D ( 'NONE', #858, #92, #119 ) ;
#1557 = CARTESIAN_POINT ( 'NONE',  ( 414.9608455447836945, -1178.413251384429486, -1640.317539933567787 ) ) ;
#1558 = CARTESIAN_POINT ( 'NONE',  ( 417.2574259649591681, -1217.305262667903889, -1641.999999999999773 ) ) ;
#1559 = CARTESIAN_POINT ( 'NONE',  ( 450.3625437314744886, -1184.305262667903889, -1576.999999999999773 ) ) ;
#1560 = CARTESIAN_POINT ( 'NONE',  ( 412.2574259649592818, -1218.305262667903889, -1644.999999999999545 ) ) ;
#1561 = CARTESIAN_POINT ( 'NONE',  ( 456.3625437314745454, -1217.305262667903889, -1575.999999999999545 ) ) ;
#1562 = ORIENTED_EDGE ( 'NONE', *, *, #336, .F. ) ;
#1563 = CARTESIAN_POINT ( 'NONE',  ( 417.2574259649591681, -1213.305262667903889, -1641.999999999999773 ) ) ;
#1564 = CARTESIAN_POINT ( 'NONE',  ( 450.3625437314746023, -1176.305262667904117, -1578.000000000000000 ) ) ;
#1565 = CARTESIAN_POINT ( 'NONE',  ( -450.3625437314745454, -1213.305262667903889, -1575.999999999999545 ) ) ;
#1566 = FACE_OUTER_BOUND ( 'NONE', #84, .T. ) ;
#1567 = ORIENTED_EDGE ( 'NONE', *, *, #656, .T. ) ;
#1568 = CARTESIAN_POINT ( 'NONE',  ( 450.3625437314745454, -1184.305262667903889, -1578.999999999999545 ) ) ;
#1569 = CARTESIAN_POINT ( 'NONE',  ( 414.2297846087475932, -1181.591992758699689, -1640.291887309105277 ) ) ;
#1570 = VECTOR ( 'NONE', #1015, 1000.000000000000000 ) ;
#1571 = CARTESIAN_POINT ( 'NONE',  ( -439.9702388860613951, -1184.305262667903889, -1575.999999999999545 ) ) ;
#1572 = VERTEX_POINT ( 'NONE', #4 ) ;
#1573 = EDGE_CURVE ( 'NONE', #1328, #659, #503, .T. ) ;
#1574 = CARTESIAN_POINT ( 'NONE',  ( -412.2574259649591113, -1218.305262667903889, -1641.999999999999773 ) ) ;
#1575 = VECTOR ( 'NONE', #517, 1000.000000000000000 ) ;
#1576 = EDGE_CURVE ( 'NONE', #816, #838, #1528, .T. ) ;
#1577 = ORIENTED_EDGE ( 'NONE', *, *, #243, .T. ) ;
#1578 = CARTESIAN_POINT ( 'NONE',  ( 456.3625437314745454, -1213.305262667903889, -1578.999999999999545 ) ) ;
#1579 =( BOUNDED_SURFACE ( )  B_SPLINE_SURFACE ( 3, 3, ( 
 ( #178, #1202, #779, #1289 ),
 ( #160, #672, #654, #1170 ),
 ( #537, #409, #1185, #1416 ),
 ( #46, #544, #964, #623 ),
 ( #1613, #984, #239, #1501 ),
 ( #437, #1106, #1261, #1098 ),
 ( #1606, #738, #586, #1138 ) ),
 .UNSPECIFIED., .T., .F., .T. ) 
 B_SPLINE_SURFACE_WITH_KNOTS ( ( 4, 3, 4 ),
 ( 4, 4 ),
 ( 0.000000000000000000, 0.5000000000000000000, 1.000000000000000000 ),
 ( 0.000000000000000000, 1.000000000000000000 ),
 .UNSPECIFIED. ) 
 GEOMETRIC_REPRESENTATION_ITEM ( )  RATIONAL_B_SPLINE_SURFACE ( (
 ( 1.000000000000000000, 1.000000000000000000, 1.000000000000000000, 1.000000000000000000),
 ( 0.3333333333333333703, 0.3333333333333333148, 0.3333333333333333148, 0.3333333333333333703),
 ( 0.3333333333333333703, 0.3333333333333333148, 0.3333333333333333148, 0.3333333333333333703),
 ( 1.000000000000000000, 1.000000000000000000, 1.000000000000000000, 1.000000000000000000),
 ( 0.3333333333333333703, 0.3333333333333333148, 0.3333333333333333148, 0.3333333333333333703),
 ( 0.3333333333333333703, 0.3333333333333333148, 0.3333333333333333148, 0.3333333333333333703),
 ( 1.000000000000000000, 1.000000000000000000, 1.000000000000000000, 1.000000000000000000) ) ) 
 REPRESENTATION_ITEM ( '' )  SURFACE ( )  );
#1580 = DIRECTION ( 'NONE',  ( -0.000000000000000000, 1.000000000000000000, -0.000000000000000000 ) ) ;
#1581 = ADVANCED_FACE ( 'NONE', ( #310 ), #30, .F. ) ;
#1582 = EDGE_LOOP ( 'NONE', ( #1011, #1521, #935, #12, #163, #697, #572, #359, #772, #1136, #625, #1548, #1577, #168 ) ) ;
#1583 = DIRECTION ( 'NONE',  ( -0.000000000000000000, -0.000000000000000000, 1.000000000000000000 ) ) ;
#1584 = CARTESIAN_POINT ( 'NONE',  ( -455.3625437314745454, -1213.305262667903889, -1578.999999999999545 ) ) ;
#1585 = CARTESIAN_POINT ( 'NONE',  ( 412.2574259649591681, -1213.305262667903889, -1641.999999999999773 ) ) ;
#1586 = CARTESIAN_POINT ( 'NONE',  ( 456.3625437314745454, -1217.305262667903889, -1578.999999999999318 ) ) ;
#1587 = VERTEX_POINT ( 'NONE', #1075 ) ;
#1588 = CARTESIAN_POINT ( 'NONE',  ( -456.3625437314745454, -1217.305262667903889, -1578.999999999999318 ) ) ;
#1589 = DIRECTION ( 'NONE',  ( 1.000000000000000000, 0.000000000000000000, 0.000000000000000000 ) ) ;
#1590 = CARTESIAN_POINT ( 'NONE',  ( -54.35499999999999687, -1178.305262667903889, -1616.999999999999773 ) ) ;
#1591 = EDGE_CURVE ( 'NONE', #639, #39, #425, .T. ) ;
#1592 = CARTESIAN_POINT ( 'NONE',  ( -412.2574259649591113, -1213.305262667903889, -1641.999999999999773 ) ) ;
#1593 = VERTEX_POINT ( 'NONE', #1312 ) ;
#1594 = ADVANCED_FACE ( 'NONE', ( #917 ), #932, .T. ) ;
#1595 = VERTEX_POINT ( 'NONE', #1433 ) ;
#1596 = CARTESIAN_POINT ( 'NONE',  ( -403.5971719271143456, -1186.062621980784570, -1642.000000000000000 ) ) ;
#1597 = ADVANCED_FACE ( 'NONE', ( #183 ), #346, .T. ) ;
#1598 = VECTOR ( 'NONE', #869, 1000.000000000000000 ) ;
#1599 = APPROVAL_ROLE ( '' ) ;
#1600 = CARTESIAN_POINT ( 'NONE',  ( -450.3625437314744886, -1187.305262667903662, -1578.999999999999773 ) ) ;
#1601 = VECTOR ( 'NONE', #525, 1000.000000000000000 ) ;
#1602 = FACE_OUTER_BOUND ( 'NONE', #57, .T. ) ;
#1603 = CYLINDRICAL_SURFACE ( 'NONE', #764, 6.000000000000005329 ) ;
#1604 = ORIENTED_EDGE ( 'NONE', *, *, #1005, .F. ) ;
#1605 = CARTESIAN_POINT ( 'NONE',  ( 412.5437619894538557, -1183.108475631878946, -1641.752133926198667 ) ) ;
#1606 = CARTESIAN_POINT ( 'NONE',  ( -436.5061372709234888, -1184.305262667903889, -1587.999999999999545 ) ) ;
#1607 = LINE ( 'NONE', #381, #347 ) ;
#1608 = CARTESIAN_POINT ( 'NONE',  ( 412.2574259649592250, -1184.305262667903889, -1641.999999999999773 ) ) ;
#1609 = CYLINDRICAL_SURFACE ( 'NONE', #320, 1.000000000000000888 ) ;
#1610 = DIRECTION ( 'NONE',  ( -1.000000000000000000, 0.000000000000000000, 0.000000000000000000 ) ) ;
#1611 = ORIENTED_EDGE ( 'NONE', *, *, #1388, .F. ) ;
#1612 = CARTESIAN_POINT ( 'NONE',  ( 54.35499999999999687, -1178.305262667903889, -1610.499999999999773 ) ) ;
#1613 = CARTESIAN_POINT ( 'NONE',  ( -439.9702388860612814, -1172.305262667903662, -1576.000000000000000 ) ) ;
#1614 = DIRECTION ( 'NONE',  ( 1.000000000000000000, 0.000000000000000000, 0.000000000000000000 ) ) ;
#1615 = PLANE ( 'NONE',  #80 ) ;
#1616 = CARTESIAN_POINT ( 'NONE',  ( 54.35499999999999687, -1181.305262667903662, -1603.999999999999773 ) ) ;
#1617 = CARTESIAN_POINT ( 'NONE',  ( 417.2574259649591681, -1217.305262667903889, -1644.999999999999545 ) ) ;
#1618 = VERTEX_POINT ( 'NONE', #561 ) ;
#1619 = CARTESIAN_POINT ( 'NONE',  ( 414.1905515799402338, -1181.612703868517201, -1640.326177372209258 ) ) ;
#1620 = VECTOR ( 'NONE', #1162, 1000.000000000000000 ) ;
#1621 = DIRECTION ( 'NONE',  ( 1.000000000000000000, 0.000000000000000000, 0.000000000000000000 ) ) ;
#1622 = ADVANCED_FACE ( 'NONE', ( #1319 ), #1579, .T. ) ;
#1623 = AXIS2_PLACEMENT_3D ( 'NONE', #494, #1009, #1348 ) ;
ENDSEC;
END-ISO-10303-21;
