ISO-10303-21;
HEADER;
FILE_DESCRIPTION (( 'STEP AP203' ),
    '1' );
FILE_NAME ('CV03-TR-01_REV_B_1917963e04ed4a59a95212d990485a90.tmp.step',
    '2026-07-11T06:43:22',
    ( '' ),
    ( '' ),
    'SwSTEP 2.0',
    'SolidWorks 2025',
    '' );
FILE_SCHEMA (( 'CONFIG_CONTROL_DESIGN' ));
ENDSEC;

DATA;
#1 = DIRECTION ( 'NONE',  ( 0.5000000000000095479, 0.000000000000000000, -0.8660254037844330455 ) ) ;
#2 = VECTOR ( 'NONE', #908, 1000.000000000000000 ) ;
#3 = ORIENTED_EDGE ( 'NONE', *, *, #1466, .F. ) ;
#4 = LINE ( 'NONE', #855, #1424 ) ;
#5 = CARTESIAN_POINT ( 'NONE',  ( -999.9999999999995453, -1178.305262667903889, 4.163336342344337027E-14 ) ) ;
#6 = VECTOR ( 'NONE', #1162, 1000.000000000000000 ) ;
#7 = ORIENTED_EDGE ( 'NONE', *, *, #1020, .F. ) ;
#8 = AXIS2_PLACEMENT_3D ( 'NONE', #968, #459, #1942 ) ;
#9 = ADVANCED_FACE ( 'NONE', ( #493 ), #1336, .F. ) ;
#10 = VERTEX_POINT ( 'NONE', #663 ) ;
#11 = PLANE ( 'NONE',  #240 ) ;
#12 = DIRECTION ( 'NONE',  ( 0.8660254037844380415, -0.000000000000000000, 0.5000000000000009992 ) ) ;
#13 = EDGE_LOOP ( 'NONE', ( #7, #265, #872, #1673 ) ) ;
#14 = DIRECTION ( 'NONE',  ( -5.551115123125782702E-17, 1.000000000000000000, -5.551115123125782702E-17 ) ) ;
#15 = EDGE_CURVE ( 'NONE', #2003, #1559, #1128, .T. ) ;
#16 = CARTESIAN_POINT ( 'NONE',  ( -107.8878309401077757, -1179.506647911532809, -2169.899476786601554 ) ) ;
#17 = DIRECTION ( 'NONE',  ( 0.5000000000000096589, 0.000000000000000000, -0.8660254037844331565 ) ) ;
#18 = ORIENTED_EDGE ( 'NONE', *, *, #1764, .F. ) ;
#19 = LINE ( 'NONE', #1920, #199 ) ;
#20 = CIRCLE ( 'NONE', #512, 5.000000000000047073 ) ;
#21 = CARTESIAN_POINT ( 'NONE',  ( -1005.999999999999773, -1245.305262667903435, -608.9999999999990905 ) ) ;
#22 = VERTEX_POINT ( 'NONE', #1636 ) ;
#23 = ORIENTED_EDGE ( 'NONE', *, *, #1220, .F. ) ;
#24 = ORIENTED_EDGE ( 'NONE', *, *, #1081, .T. ) ;
#25 = AXIS2_PLACEMENT_3D ( 'NONE', #2037, #1228, #1214 ) ;
#26 = LINE ( 'NONE', #1192, #723 ) ;
#27 = DIRECTION ( 'NONE',  ( -5.551115123125782702E-17, 5.551115123125782702E-17, -1.000000000000000000 ) ) ;
#28 = ORIENTED_EDGE ( 'NONE', *, *, #222, .T. ) ;
#29 = CARTESIAN_POINT ( 'NONE',  ( -110.1693874936182880, -1176.478422293755102, -2171.195884668035433 ) ) ;
#30 = LINE ( 'NONE', #2024, #826 ) ;
#31 = VERTEX_POINT ( 'NONE', #301 ) ;
#32 = DIRECTION ( 'NONE',  ( -5.551115123125782702E-17, 5.551115123125782702E-17, 1.000000000000000000 ) ) ;
#33 = PLANE ( 'NONE',  #1194 ) ;
#34 = ORIENTED_EDGE ( 'NONE', *, *, #1472, .F. ) ;
#35 = ORIENTED_EDGE ( 'NONE', *, *, #1121, .T. ) ;
#36 = DIRECTION ( 'NONE',  ( -0.4999999999999902300, 0.000000000000000000, 0.8660254037844443697 ) ) ;
#37 = CARTESIAN_POINT ( 'NONE',  ( -412.1996909380404190, -1218.405262667903799, -1645.099999999999454 ) ) ;
#38 = EDGE_CURVE ( 'NONE', #1016, #1520, #1975, .T. ) ;
#39 = EDGE_LOOP ( 'NONE', ( #3, #2046, #2008, #221 ) ) ;
#40 = CC_DESIGN_PERSON_AND_ORGANIZATION_ASSIGNMENT ( #1054, #1379, ( #575 ) ) ;
#41 = CARTESIAN_POINT ( 'NONE',  ( -111.5040958418023820, -1181.130717382462308, -2173.920048318841054 ) ) ;
#42 = DIRECTION ( 'NONE',  ( -5.551115123125782702E-17, -1.000000000000000000, -5.551115123125782702E-17 ) ) ;
#43 = ORIENTED_EDGE ( 'NONE', *, *, #1453, .T. ) ;
#44 = CARTESIAN_POINT ( 'NONE',  ( -413.7008016379335231, -1213.205262667903526, -1642.499999999999091 ) ) ;
#45 = ORIENTED_EDGE ( 'NONE', *, *, #1326, .T. ) ;
#46 = ADVANCED_FACE ( 'NONE', ( #1315 ), #963, .F. ) ;
#47 = APPROVAL_STATUS ( 'not_yet_approved' ) ;
#48 = VECTOR ( 'NONE', #1962, 1000.000000000000000 ) ;
#49 = ORIENTED_EDGE ( 'NONE', *, *, #223, .F. ) ;
#50 = DIRECTION ( 'NONE',  ( -1.000000000000000000, 0.000000000000000000, 0.000000000000000000 ) ) ;
#51 = CARTESIAN_POINT ( 'NONE',  ( -415.2019123378266272, -1213.205262667903526, -1639.899999999999181 ) ) ;
#52 = EDGE_LOOP ( 'NONE', ( #1515, #841, #548, #1968 ) ) ;
#53 = CARTESIAN_POINT ( 'NONE',  ( -107.6889712145426898, -1179.276847940984453, -2169.756201023528320 ) ) ;
#54 = DIRECTION ( 'NONE',  ( -6.001205538514363462E-16, 1.665669141091664491E-32, -1.000000000000000000 ) ) ;
#55 = ORIENTED_EDGE ( 'NONE', *, *, #533, .T. ) ;
#56 = CARTESIAN_POINT ( 'NONE',  ( -999.9999999999997726, -1245.305262667903435, -608.9999999999990905 ) ) ;
#57 = ORIENTED_EDGE ( 'NONE', *, *, #464, .F. ) ;
#58 = VECTOR ( 'NONE', #255, 1000.000000000000000 ) ;
#59 = ADVANCED_FACE ( 'NONE', ( #1468 ), #478, .T. ) ;
#60 = DIRECTION ( 'NONE',  ( 1.000000000000000000, 0.000000000000000000, 0.000000000000000000 ) ) ;
#61 = VERTEX_POINT ( 'NONE', #341 ) ;
#62 = ADVANCED_FACE ( 'NONE', ( #198 ), #1013, .F. ) ;
#63 = CARTESIAN_POINT ( 'NONE',  ( -1018.034862471282963, -1245.305262667903662, -587.7627018922204343 ) ) ;
#64 = CARTESIAN_POINT ( 'NONE',  ( -45.49999999999998579, -1245.305262667903662, -2208.242495824489197 ) ) ;
#65 = ORIENTED_EDGE ( 'NONE', *, *, #1226, .F. ) ;
#66 = LOCAL_TIME ( 16, 43, 22.00000000000000000, #1888 ) ;
#67 = CARTESIAN_POINT ( 'NONE',  ( -108.2121283434534149, -1181.171169479901891, -2171.362580590330253 ) ) ;
#68 = CARTESIAN_POINT ( 'NONE',  ( -91.46793685588872336, -1241.305262667903662, -2208.623693670971079 ) ) ;
#69 = CARTESIAN_POINT ( 'NONE',  ( -85.64301495730839520, -1247.804172190399868, -2212.370851094468435 ) ) ;
#70 = EDGE_CURVE ( 'NONE', #1325, #656, #1584, .T. ) ;
#71 = ORIENTED_EDGE ( 'NONE', *, *, #689, .F. ) ;
#72 = APPROVAL_DATE_TIME ( #1714, #2124 ) ;
#73 = ORIENTED_EDGE ( 'NONE', *, *, #832, .T. ) ;
#74 = CARTESIAN_POINT ( 'NONE',  ( -80.20771364113763013, -1245.305262667903662, -2212.995398804175238 ) ) ;
#75 = LINE ( 'NONE', #1557, #2 ) ;
#76 = ORIENTED_EDGE ( 'NONE', *, *, #469, .T. ) ;
#77 = EDGE_CURVE ( 'NONE', #1385, #1043, #184, .T. ) ;
#78 = FACE_OUTER_BOUND ( 'NONE', #1396, .T. ) ;
#79 = EDGE_CURVE ( 'NONE', #1094, #2028, #1001, .T. ) ;
#80 = DIRECTION ( 'NONE',  ( 2.775557561562891351E-17, -1.000000000000000000, -0.000000000000000000 ) ) ;
#81 = PLANE ( 'NONE',  #553 ) ;
#82 = B_SPLINE_SURFACE_WITH_KNOTS ( 'NONE', 1, 3, ( 
 ( #1022, #1333, #350, #1640, #1872, #1347, #687, #1806, #179, #1478, #865, #2049, #810, #876, #377, #566, #712, #1685, #1859, #1700, #2132, #1036, #142, #29, #2010, #1307, #193, #1550, #322, #1539, #702, #211, #1024, #526, #41, #973 ),
 ( #1845, #489, #1049, #540, #391, #1198, #1527, #1359, #648, #2023, #1373, #1631, #1970, #1386, #851, #364, #1184, #1884, #2036, #554, #1212, #53, #724, #1709, #1147, #224, #886, #1227, #981, #1513, #16, #1910, #1572, #67, #1560, #947 ) ),
 .UNSPECIFIED., .F., .F., .F.,
 ( 2, 2 ),
 ( 4, 2, 2, 2, 2, 2, 2, 2, 2, 2, 2, 2, 2, 2, 2, 2, 2, 4 ),
 ( 0.000000000000000000, 1.000000000000000000 ),
 ( 0.000000000000000000, 0.1250000000000000000, 0.1875000000000000000, 0.2187500000000000000, 0.2343750000000000000, 0.2421875000000000000, 0.2460937500000000000, 0.2480468750000000000, 0.2500000000000000000, 0.3750000000000000000, 0.4375000000000000000, 0.4687500000000000000, 0.4843750000000000000, 0.4921875000000000000, 0.4960937500000000000, 0.5000000000000000000, 0.7500000000000000000, 1.000000000000000000 ),
 .UNSPECIFIED. ) ;
#83 = ORIENTED_EDGE ( 'NONE', *, *, #600, .T. ) ;
#84 = PLANE ( 'NONE',  #185 ) ;
#85 = AXIS2_PLACEMENT_3D ( 'NONE', #153, #1155, #2142 ) ;
#86 = ORIENTED_EDGE ( 'NONE', *, *, #735, .T. ) ;
#87 = DIRECTION ( 'NONE',  ( -5.551115123125782702E-17, 1.000000000000000000, -5.551115123125782702E-17 ) ) ;
#88 = DIRECTION ( 'NONE',  ( -5.551115123125782702E-17, -1.000000000000000000, -5.551115123125782702E-17 ) ) ;
#89 = ORIENTED_EDGE ( 'NONE', *, *, #2047, .F. ) ;
#90 = AXIS2_PLACEMENT_3D ( 'NONE', #348, #1842, #874 ) ;
#91 = DIRECTION ( 'NONE',  ( -5.551115123125782702E-17, 1.000000000000000000, -5.551115123125782702E-17 ) ) ;
#92 = CARTESIAN_POINT ( 'NONE',  ( -1004.999999999999886, -1174.305262667903889, -607.9999999999998863 ) ) ;
#93 = VERTEX_POINT ( 'NONE', #831 ) ;
#94 = DATE_TIME_ROLE ( 'classification_date' ) ;
#95 = CARTESIAN_POINT ( 'NONE',  ( -107.8177095239612839, -1174.882644374331448, -2170.273224553500768 ) ) ;
#96 = VERTEX_POINT ( 'NONE', #658 ) ;
#97 = CARTESIAN_POINT ( 'NONE',  ( -993.1698729810771056, -1178.305262667903889, -546.8301270189216439 ) ) ;
#98 = DIRECTION ( 'NONE',  ( 0.5000000000000009992, 0.000000000000000000, -0.8660254037844380415 ) ) ;
#99 = ORIENTED_EDGE ( 'NONE', *, *, #618, .T. ) ;
#100 = VECTOR ( 'NONE', #910, 1000.000000000000000 ) ;
#101 = FACE_OUTER_BOUND ( 'NONE', #1026, .T. ) ;
#102 = AXIS2_PLACEMENT_3D ( 'NONE', #236, #1262, #899 ) ;
#103 = DIRECTION ( 'NONE',  ( -1.000000000000000000, 5.551115123125782702E-17, 5.551115123125782702E-17 ) ) ;
#104 = AXIS2_PLACEMENT_3D ( 'NONE', #988, #662, #1500 ) ;
#105 = CARTESIAN_POINT ( 'NONE',  ( -107.1013890503388097, -1178.830758401534467, -2169.547909175568293 ) ) ;
#106 = CARTESIAN_POINT ( 'NONE',  ( -105.9008128570094698, -1174.377838601419398, -2170.005516636267657 ) ) ;
#107 = ORIENTED_EDGE ( 'NONE', *, *, #892, .T. ) ;
#108 = CARTESIAN_POINT ( 'NONE',  ( -1004.999999999999886, -1178.305262667903889, -549.9999999999996589 ) ) ;
#109 = CARTESIAN_POINT ( 'NONE',  ( -88.17314559375554950, -1245.993906943780303, -2211.344655446926936 ) ) ;
#110 = CARTESIAN_POINT ( 'NONE',  ( -415.2019123378265704, -1215.805262667903662, -1639.899999999999181 ) ) ;
#111 = CARTESIAN_POINT ( 'NONE',  ( -999.9999999999997726, -1245.305262667903435, -544.9999999999996589 ) ) ;
#112 = CARTESIAN_POINT ( 'NONE',  ( -1005.999999999999773, -1245.305262667903435, -607.9999999999990905 ) ) ;
#113 = EDGE_CURVE ( 'NONE', #1711, #1718, #2127, .T. ) ;
#114 = LINE ( 'NONE', #1450, #1312 ) ;
#115 = CARTESIAN_POINT ( 'NONE',  ( -107.6532292644986768, -1174.819848616287572, -2170.237304772615062 ) ) ;
#116 = EDGE_CURVE ( 'NONE', #871, #875, #677, .T. ) ;
#117 = ORIENTED_EDGE ( 'NONE', *, *, #304, .F. ) ;
#118 = CARTESIAN_POINT ( 'NONE',  ( -1004.999999999999886, -1245.305262667903435, -544.9999999999996589 ) ) ;
#119 = DIRECTION ( 'NONE',  ( 0.5000000000000009992, 0.000000000000000000, -0.8660254037844380415 ) ) ;
#120 = CIRCLE ( 'NONE', #474, 0.9999999999998898659 ) ;
#121 = EDGE_CURVE ( 'NONE', #1390, #1825, #171, .T. ) ;
#122 = FACE_OUTER_BOUND ( 'NONE', #680, .T. ) ;
#123 = VECTOR ( 'NONE', #299, 1000.000000000000000 ) ;
#124 = CYLINDRICAL_SURFACE ( 'NONE', #207, 1.000000000000000888 ) ;
#125 = CARTESIAN_POINT ( 'NONE',  ( -110.8754460994050248, -1177.354209830212085, -2171.701789311358425 ) ) ;
#126 = EDGE_CURVE ( 'NONE', #1444, #395, #630, .T. ) ;
#127 = CARTESIAN_POINT ( 'NONE',  ( -412.1996909380405896, -1213.205262667903526, -1645.099999999999000 ) ) ;
#128 = CIRCLE ( 'NONE', #418, 5.000000000000004441 ) ;
#129 = DIRECTION ( 'NONE',  ( -5.551115123125782702E-17, 1.000000000000000000, -5.551115123125782702E-17 ) ) ;
#130 = B_SPLINE_CURVE_WITH_KNOTS ( 'NONE', 3,
 ( #1512, #525, #1498, #1008, #362, #1656, #335, #1684, #1169, #685 ),
 .UNSPECIFIED., .F., .F.,
 ( 4, 2, 2, 2, 4 ),
 ( 0.000000000000000000, 0.2500000000000000000, 0.5000000000000000000, 0.7500000000000000000, 1.000000000000000000 ),
 .UNSPECIFIED. ) ;
#131 = VECTOR ( 'NONE', #1, 1000.000000000000227 ) ;
#132 = CC_DESIGN_APPROVAL ( #2124, ( #342 ) ) ;
#133 = CARTESIAN_POINT ( 'NONE',  ( -106.0269020087991265, -1178.453755922771961, -2169.578231815131403 ) ) ;
#134 = ORIENTED_EDGE ( 'NONE', *, *, #1725, .T. ) ;
#135 = DIRECTION ( 'NONE',  ( 0.5000000000000364153, 0.000000000000000000, -0.8660254037844176134 ) ) ;
#136 = LINE ( 'NONE', #634, #1782 ) ;
#137 = DIRECTION ( 'NONE',  ( -5.551115123125782702E-17, -1.000000000000000000, -5.551115123125782702E-17 ) ) ;
#138 = EDGE_CURVE ( 'NONE', #1325, #1385, #1363, .T. ) ;
#139 = CARTESIAN_POINT ( 'NONE',  ( -107.8157259480050811, -1179.415387717462636, -2169.840143362923300 ) ) ;
#140 = ORIENTED_EDGE ( 'NONE', *, *, #1982, .F. ) ;
#141 = CARTESIAN_POINT ( 'NONE',  ( -451.8059194044486730, -1213.205262667903753, -1576.499999999999545 ) ) ;
#142 = CARTESIAN_POINT ( 'NONE',  ( -110.0417177614120163, -1176.338971873284208, -2171.115441871979328 ) ) ;
#143 = EDGE_LOOP ( 'NONE', ( #1854, #251, #2004, #638 ) ) ;
#144 = FACE_OUTER_BOUND ( 'NONE', #917, .T. ) ;
#145 = AXIS2_PLACEMENT_3D ( 'NONE', #1136, #313, #1532 ) ;
#146 = LINE ( 'NONE', #1973, #1331 ) ;
#147 = EDGE_CURVE ( 'NONE', #1248, #1559, #1849, .T. ) ;
#148 = VECTOR ( 'NONE', #984, 1000.000000000000000 ) ;
#149 = EDGE_CURVE ( 'NONE', #993, #697, #370, .T. ) ;
#150 = PLANE ( 'NONE',  #104 ) ;
#151 = CARTESIAN_POINT ( 'NONE',  ( -4.743982984223293897E-13, -1249.305262667903435, -549.9999999999997726 ) ) ;
#152 = LINE ( 'NONE', #1154, #2082 ) ;
#153 = CARTESIAN_POINT ( 'NONE',  ( -451.8059194044486730, -1218.405262667903799, -1576.499999999999545 ) ) ;
#154 = DIRECTION ( 'NONE',  ( -0.5000000000000052180, -0.000000000000000000, 0.8660254037844355990 ) ) ;
#155 = VECTOR ( 'NONE', #1761, 1000.000000000000000 ) ;
#156 = DIRECTION ( 'NONE',  ( 0.000000000000000000, 0.000000000000000000, 1.000000000000000000 ) ) ;
#157 = MANIFOLD_SOLID_BREP ( 'Convert-Solid1', #804 ) ;
#158 = LINE ( 'NONE', #827, #131 ) ;
#159 = VERTEX_POINT ( 'NONE', #1813 ) ;
#160 = DIRECTION ( 'NONE',  ( 5.551115123125782702E-17, 1.000000000000000000, 5.551115123125782702E-17 ) ) ;
#161 = CARTESIAN_POINT ( 'NONE',  ( -45.49999999999998579, -1245.305262667903662, -2213.242495824489197 ) ) ;
#162 = VECTOR ( 'NONE', #786, 1000.000000000000000 ) ;
#163 = ORIENTED_EDGE ( 'NONE', *, *, #1618, .T. ) ;
#164 = LINE ( 'NONE', #1524, #617 ) ;
#165 = ORIENTED_EDGE ( 'NONE', *, *, #1852, .T. ) ;
#166 = CARTESIAN_POINT ( 'NONE',  ( -1005.999999999999773, -1178.305262667903889, -545.9999999999996589 ) ) ;
#167 = PLANE ( 'NONE',  #1971 ) ;
#168 = ORIENTED_EDGE ( 'NONE', *, *, #113, .F. ) ;
#169 = FACE_OUTER_BOUND ( 'NONE', #176, .T. ) ;
#170 = EDGE_CURVE ( 'NONE', #31, #857, #2027, .T. ) ;
#171 = LINE ( 'NONE', #840, #471 ) ;
#172 = EDGE_LOOP ( 'NONE', ( #393, #519, #1427, #1912 ) ) ;
#173 = VERTEX_POINT ( 'NONE', #1175 ) ;
#174 = CARTESIAN_POINT ( 'NONE',  ( -1004.999999999999886, -1174.305262667903889, -604.9999999999998863 ) ) ;
#175 = DIRECTION ( 'NONE',  ( 0.5000000000000364153, 0.000000000000000000, -0.8660254037844176134 ) ) ;
#176 = EDGE_LOOP ( 'NONE', ( #1495, #556, #744, #333 ) ) ;
#177 = EDGE_CURVE ( 'NONE', #1098, #2121, #1371, .T. ) ;
#178 = DIRECTION ( 'NONE',  ( -0.5000000000000007772, -1.665334536937735057E-16, 0.8660254037844381525 ) ) ;
#179 = CARTESIAN_POINT ( 'NONE',  ( -107.6278379368563094, -1174.810782670421531, -2170.232283368085973 ) ) ;
#180 = CARTESIAN_POINT ( 'NONE',  ( -415.6637925531783253, -1213.205262667903526, -1647.099999999999227 ) ) ;
#181 = VECTOR ( 'NONE', #508, 1000.000000000000000 ) ;
#182 = ORIENTED_EDGE ( 'NONE', *, *, #1378, .F. ) ;
#183 = DIRECTION ( 'NONE',  ( -5.551115123125782702E-17, 1.000000000000000000, -5.551115123125782702E-17 ) ) ;
#184 = LINE ( 'NONE', #161, #1368 ) ;
#185 = AXIS2_PLACEMENT_3D ( 'NONE', #753, #1772, #2107 ) ;
#186 = ORIENTED_EDGE ( 'NONE', *, *, #1965, .T. ) ;
#187 = VECTOR ( 'NONE', #129, 1000.000000000000000 ) ;
#188 = EDGE_LOOP ( 'NONE', ( #708, #2125, #1002, #893 ) ) ;
#189 = EDGE_LOOP ( 'NONE', ( #1585, #1178, #2093, #2012 ) ) ;
#190 = CARTESIAN_POINT ( 'NONE',  ( -988.7416697508017478, -1249.305262667903435, -628.4999999999996589 ) ) ;
#191 = DIRECTION ( 'NONE',  ( -2.775557561562888827E-14, -1.000000000000000000, -0.000000000000000000 ) ) ;
#192 = ORIENTED_EDGE ( 'NONE', *, *, #1226, .T. ) ;
#193 = CARTESIAN_POINT ( 'NONE',  ( -110.2920805782757299, -1176.621017533571830, -2171.278187636744406 ) ) ;
#194 = DIRECTION ( 'NONE',  ( 3.059914374707771979E-14, -1.000000000000000000, 1.766642387934909087E-14 ) ) ;
#195 = ORIENTED_EDGE ( 'NONE', *, *, #1412, .T. ) ;
#196 = CARTESIAN_POINT ( 'NONE',  ( -1004.999999999999886, -1178.305262667903889, -607.9999999999998863 ) ) ;
#197 = VECTOR ( 'NONE', #1356, 1000.000000000000000 ) ;
#198 = FACE_OUTER_BOUND ( 'NONE', #1938, .T. ) ;
#199 = VECTOR ( 'NONE', #1187, 1000.000000000000000 ) ;
#200 = ADVANCED_FACE ( 'NONE', ( #321 ), #33, .F. ) ;
#201 = ORIENTED_EDGE ( 'NONE', *, *, #344, .F. ) ;
#202 = EDGE_CURVE ( 'NONE', #885, #2061, #980, .T. ) ;
#203 = VECTOR ( 'NONE', #785, 1000.000000000000000 ) ;
#204 = LOCAL_TIME ( 16, 43, 22.00000000000000000, #1564 ) ;
#205 = VERTEX_POINT ( 'NONE', #1835 ) ;
#206 = ORIENTED_EDGE ( 'NONE', *, *, #987, .T. ) ;
#207 = AXIS2_PLACEMENT_3D ( 'NONE', #1607, #272, #2106 ) ;
#208 = LINE ( 'NONE', #1045, #241 ) ;
#209 = DIRECTION ( 'NONE',  ( -5.551115123125782702E-17, -1.000000000000000000, -5.551115123125782702E-17 ) ) ;
#210 = VERTEX_POINT ( 'NONE', #355 ) ;
#211 = CARTESIAN_POINT ( 'NONE',  ( -110.8754460994049538, -1177.354209830211630, -2171.701789311357516 ) ) ;
#212 = CARTESIAN_POINT ( 'NONE',  ( -1005.999999999999773, -1249.305262667903435, -607.9999999999990905 ) ) ;
#213 = EDGE_LOOP ( 'NONE', ( #854, #734, #1748, #1420 ) ) ;
#214 = DIRECTION ( 'NONE',  ( 5.551115123125782702E-17, 1.000000000000000000, 5.551115123125782702E-17 ) ) ;
#215 = ORIENTED_EDGE ( 'NONE', *, *, #1542, .F. ) ;
#216 = UNCERTAINTY_MEASURE_WITH_UNIT (LENGTH_MEASURE( 1.000000000000000082E-05 ), #769, 'distance_accuracy_value', 'NONE');
#217 = APPLICATION_PROTOCOL_DEFINITION ( 'international standard', 'config_control_design', 1994, #306 ) ;
#218 = EDGE_LOOP ( 'NONE', ( #1666, #999, #2018, #339 ) ) ;
#219 = CARTESIAN_POINT ( 'NONE',  ( -1005.999999999999773, -1249.305262667903435, -548.9999999999996589 ) ) ;
#220 = DIRECTION ( 'NONE',  ( -6.001205538514363462E-16, 1.665669141091664491E-32, -1.000000000000000000 ) ) ;
#221 = ORIENTED_EDGE ( 'NONE', *, *, #1608, .T. ) ;
#222 = EDGE_CURVE ( 'NONE', #2003, #373, #748, .T. ) ;
#223 = EDGE_CURVE ( 'NONE', #1843, #626, #1474, .T. ) ;
#224 = CARTESIAN_POINT ( 'NONE',  ( -107.8449058000618948, -1179.451146847117798, -2169.863061502951041 ) ) ;
#225 = FACE_OUTER_BOUND ( 'NONE', #1369, .T. ) ;
#226 = ORIENTED_EDGE ( 'NONE', *, *, #222, .F. ) ;
#227 = EDGE_CURVE ( 'NONE', #395, #1156, #1389, .T. ) ;
#228 = DIRECTION ( 'NONE',  ( -0.5000000000000007772, -1.665334536937735057E-16, 0.8660254037844381525 ) ) ;
#229 = EDGE_LOOP ( 'NONE', ( #604, #1554, #1576, #1522 ) ) ;
#230 = PERSON_AND_ORGANIZATION ( #1428, #1171 ) ;
#231 = VECTOR ( 'NONE', #209, 1000.000000000000000 ) ;
#232 = ORIENTED_EDGE ( 'NONE', *, *, #635, .T. ) ;
#233 = FACE_OUTER_BOUND ( 'NONE', #432, .T. ) ;
#234 = CARTESIAN_POINT ( 'NONE',  ( -79.56366588218743630, -1249.305262667903207, -2213.242495824489197 ) ) ;
#235 = ORIENTED_EDGE ( 'NONE', *, *, #1697, .F. ) ;
#236 = CARTESIAN_POINT ( 'NONE',  ( -4.438671652451375849E-13, -1249.305262667903435, 2.220446049250313081E-16 ) ) ;
#237 = CARTESIAN_POINT ( 'NONE',  ( -1435.497999679269014, -1182.305262667903889, 135.3046620391073986 ) ) ;
#238 = LINE ( 'NONE', #394, #2029 ) ;
#239 = ORIENTED_EDGE ( 'NONE', *, *, #982, .T. ) ;
#240 = AXIS2_PLACEMENT_3D ( 'NONE', #709, #1664, #1827 ) ;
#241 = VECTOR ( 'NONE', #1535, 1000.000000000000000 ) ;
#242 = ORIENTED_EDGE ( 'NONE', *, *, #1123, .T. ) ;
#243 = PRODUCT_DEFINITION_SHAPE ( 'NONE', 'NONE',  #1908 ) ;
#244 = EDGE_CURVE ( 'NONE', #1087, #323, #1553, .T. ) ;
#245 = ADVANCED_FACE ( 'NONE', ( #901 ), #726, .F. ) ;
#246 = CARTESIAN_POINT ( 'NONE',  ( -1018.034862471282509, -1178.305262667903889, -587.7627018922203206 ) ) ;
#247 = ORIENTED_EDGE ( 'NONE', *, *, #817, .T. ) ;
#248 = CARTESIAN_POINT ( 'NONE',  ( -988.7416697508015204, -1178.305262667903889, -628.5000000000004547 ) ) ;
#249 = DIRECTION ( 'NONE',  ( 1.000000000000000000, 2.775557561562891351E-17, -1.054711873393898713E-15 ) ) ;
#250 = CARTESIAN_POINT ( 'NONE',  ( -993.1698729810772193, -1245.305262667903435, -546.8301270189217576 ) ) ;
#251 = ORIENTED_EDGE ( 'NONE', *, *, #1042, .F. ) ;
#252 = COORDINATED_UNIVERSAL_TIME_OFFSET ( 10, 0, .AHEAD. ) ;
#253 = DIRECTION ( 'NONE',  ( 0.5000000000000095479, 0.000000000000000000, -0.8660254037844330455 ) ) ;
#254 = ORIENTED_EDGE ( 'NONE', *, *, #70, .F. ) ;
#255 = DIRECTION ( 'NONE',  ( -5.551115123125782702E-17, 1.000000000000000000, -5.551115123125782702E-17 ) ) ;
#256 = FACE_OUTER_BOUND ( 'NONE', #524, .T. ) ;
#257 = ORIENTED_EDGE ( 'NONE', *, *, #1963, .F. ) ;
#258 = EDGE_CURVE ( 'NONE', #626, #1696, #238, .T. ) ;
#259 = DIRECTION ( 'NONE',  ( 5.551115123125782702E-17, -5.551115123125782702E-17, 1.000000000000000000 ) ) ;
#260 = CYLINDRICAL_SURFACE ( 'NONE', #484, 4.000000000000015099 ) ;
#261 = VERTEX_POINT ( 'NONE', #1736 ) ;
#262 = DATE_AND_TIME ( #559, #653 ) ;
#263 = CARTESIAN_POINT ( 'NONE',  ( -110.3610628173869088, -1176.705774061590319, -2171.327140258473264 ) ) ;
#264 = VECTOR ( 'NONE', #1351, 1000.000000000000000 ) ;
#265 = ORIENTED_EDGE ( 'NONE', *, *, #1225, .T. ) ;
#266 = CARTESIAN_POINT ( 'NONE',  ( -994.0358983848619800, -1241.305262667903662, -637.3301270189218712 ) ) ;
#267 = PLANE ( 'NONE',  #848 ) ;
#268 = EDGE_LOOP ( 'NONE', ( #1510, #454, #1400, #2152 ) ) ;
#269 = VECTOR ( 'NONE', #966, 1000.000000000000227 ) ;
#270 = DIRECTION ( 'NONE',  ( 0.000000000000000000, 0.000000000000000000, 1.000000000000000000 ) ) ;
#271 = FACE_OUTER_BOUND ( 'NONE', #573, .T. ) ;
#272 = DIRECTION ( 'NONE',  ( -5.551115123125782702E-17, 1.000000000000000000, -5.551115123125782702E-17 ) ) ;
#273 = DIRECTION ( 'NONE',  ( -0.5000000000000009992, -0.000000000000000000, 0.8660254037844380415 ) ) ;
#274 = EDGE_CURVE ( 'NONE', #1444, #1361, #1052, .T. ) ;
#275 = VECTOR ( 'NONE', #1543, 1000.000000000000227 ) ;
#276 = VERTEX_POINT ( 'NONE', #1217 ) ;
#277 = DIRECTION ( 'NONE',  ( -5.551115123125782702E-17, 1.000000000000000000, -5.551115123125782702E-17 ) ) ;
#278 = CARTESIAN_POINT ( 'NONE',  ( -91.46793685588872336, -1241.305262667903662, -2208.623693670971079 ) ) ;
#279 = VECTOR ( 'NONE', #759, 1000.000000000000000 ) ;
#280 = CARTESIAN_POINT ( 'NONE',  ( -997.4999999999994316, -1245.305262667903435, -549.3301270189217576 ) ) ;
#281 = DIRECTION ( 'NONE',  ( 1.000000000000000000, 5.551115123125782702E-17, -5.551115123125782702E-17 ) ) ;
#282 = AXIS2_PLACEMENT_3D ( 'NONE', #1398, #576, #621 ) ;
#283 = DIRECTION ( 'NONE',  ( 1.000000000000000000, -2.775557561562891351E-17, -1.054711873393898713E-15 ) ) ;
#284 = VECTOR ( 'NONE', #1984, 1000.000000000000000 ) ;
#285 = EDGE_CURVE ( 'NONE', #2057, #1342, #568, .T. ) ;
#286 = CARTESIAN_POINT ( 'NONE',  ( -106.4157575687082868, -1178.558022669162710, -2169.532488441256191 ) ) ;
#287 = DIRECTION ( 'NONE',  ( 2.775557561562891351E-17, 1.000000000000000000, -0.000000000000000000 ) ) ;
#288 = EDGE_CURVE ( 'NONE', #424, #1444, #1875, .T. ) ;
#289 = CARTESIAN_POINT ( 'NONE',  ( -64.72649730810343272, -1174.305262667904117, -2169.941225635265710 ) ) ;
#290 = DIRECTION ( 'NONE',  ( 0.000000000000000000, 0.000000000000000000, 1.000000000000000000 ) ) ;
#291 = DIRECTION ( 'NONE',  ( -1.000000000000000000, 0.000000000000000000, 0.000000000000000000 ) ) ;
#292 = ADVANCED_FACE ( 'NONE', ( #1399 ), #1229, .T. ) ;
#293 = CARTESIAN_POINT ( 'NONE',  ( -106.5211893652677020, -1178.592456964109488, -2169.527326818877555 ) ) ;
#294 = CARTESIAN_POINT ( 'NONE',  ( -111.3190793151144220, -1181.718849470276382, -2174.240506343303423 ) ) ;
#295 = ORIENTED_EDGE ( 'NONE', *, *, #258, .T. ) ;
#296 = VECTOR ( 'NONE', #1653, 1000.000000000000000 ) ;
#297 = CARTESIAN_POINT ( 'NONE',  ( -1005.999999999999773, -1178.305262667903889, -607.9999999999998863 ) ) ;
#298 = VECTOR ( 'NONE', #1323, 1000.000000000000000 ) ;
#299 = DIRECTION ( 'NONE',  ( 1.000000000000000000, -2.775557561562891351E-17, -1.054711873393898713E-15 ) ) ;
#300 = CARTESIAN_POINT ( 'NONE',  ( -107.6705019074179859, -1182.305262667903889, -2172.560027788782918 ) ) ;
#301 = CARTESIAN_POINT ( 'NONE',  ( -41.16987298107810034, -1249.305262667903207, -2195.742495824488287 ) ) ;
#302 = LINE ( 'NONE', #503, #6 ) ;
#303 = EDGE_CURVE ( 'NONE', #1330, #10, #415, .T. ) ;
#304 = EDGE_CURVE ( 'NONE', #2061, #210, #879, .T. ) ;
#305 = LINE ( 'NONE', #127, #813 ) ;
#306 = APPLICATION_CONTEXT ( 'configuration controlled 3d designs of mechanical parts and assemblies' ) ;
#307 = AXIS2_PLACEMENT_3D ( 'NONE', #1295, #1153, #802 ) ;
#308 = CIRCLE ( 'NONE', #959, 5.000000000000004441 ) ;
#309 = CARTESIAN_POINT ( 'NONE',  ( -1004.999999999999886, -1178.305262667903889, -544.9999999999996589 ) ) ;
#310 = AXIS2_PLACEMENT_3D ( 'NONE', #946, #1447, #1775 ) ;
#311 = VECTOR ( 'NONE', #351, 1000.000000000000000 ) ;
#312 = CARTESIAN_POINT ( 'NONE',  ( -107.8685488359510032, -1179.481238531956933, -2169.882672711140003 ) ) ;
#313 = DIRECTION ( 'NONE',  ( -5.551115123125782702E-17, 1.000000000000000000, -5.551115123125782702E-17 ) ) ;
#314 = CARTESIAN_POINT ( 'NONE',  ( -1004.999999999999886, -1178.305262667903889, -603.9999999999998863 ) ) ;
#315 = ADVANCED_FACE ( 'NONE', ( #1075 ), #81, .T. ) ;
#316 = CARTESIAN_POINT ( 'NONE',  ( -1004.999999999999886, -1249.305262667903435, -544.9999999999996589 ) ) ;
#317 = FACE_OUTER_BOUND ( 'NONE', #1051, .T. ) ;
#318 = DIRECTION ( 'NONE',  ( 0.5000000000000009992, 0.000000000000000000, -0.8660254037844380415 ) ) ;
#319 = DIRECTION ( 'NONE',  ( -0.8660254037844380415, 0.000000000000000000, -0.5000000000000009992 ) ) ;
#320 = CARTESIAN_POINT ( 'NONE',  ( -990.5717967697239601, -1182.305262667903889, -635.3301270189220986 ) ) ;
#321 = FACE_OUTER_BOUND ( 'NONE', #188, .T. ) ;
#322 = CARTESIAN_POINT ( 'NONE',  ( -110.3317223229394983, -1176.669316200175444, -2171.306080196812218 ) ) ;
#323 = VERTEX_POINT ( 'NONE', #403 ) ;
#324 = DIRECTION ( 'NONE',  ( 6.383782391594786423E-14, 0.000000000000000000, 1.000000000000000000 ) ) ;
#325 = LINE ( 'NONE', #1620, #187 ) ;
#326 = VECTOR ( 'NONE', #191, 1000.000000000000000 ) ;
#327 = FACE_OUTER_BOUND ( 'NONE', #1887, .T. ) ;
#328 = ORIENTED_EDGE ( 'NONE', *, *, #274, .F. ) ;
#329 = DIRECTION ( 'NONE',  ( 1.000000000000000000, -2.775557561562891351E-17, -1.054711873393898713E-15 ) ) ;
#330 = CARTESIAN_POINT ( 'NONE',  ( 3.907985046680552284E-14, -1174.305262667903889, -549.9999999999997726 ) ) ;
#331 = ORIENTED_EDGE ( 'NONE', *, *, #817, .F. ) ;
#332 = DIRECTION ( 'NONE',  ( -5.551115123125782702E-17, 1.000000000000000000, -5.551115123125782702E-17 ) ) ;
#333 = ORIENTED_EDGE ( 'NONE', *, *, #79, .T. ) ;
#334 = CIRCLE ( 'NONE', #1558, 4.999999999999893419 ) ;
#335 = CARTESIAN_POINT ( 'NONE',  ( -82.63776581893358752, -1244.859739822489246, -2211.736727525402785 ) ) ;
#336 = ADVANCED_FACE ( 'NONE', ( #1886 ), #1907, .T. ) ;
#337 = CARTESIAN_POINT ( 'NONE',  ( -997.4999999999994316, -1245.305262667903435, -544.3301270189217576 ) ) ;
#338 = EDGE_CURVE ( 'NONE', #993, #896, #1742, .T. ) ;
#339 = ORIENTED_EDGE ( 'NONE', *, *, #1963, .T. ) ;
#340 = DIRECTION ( 'NONE',  ( -0.8660254037844395958, 0.000000000000000000, -0.4999999999999985567 ) ) ;
#341 = CARTESIAN_POINT ( 'NONE',  ( -40.50000000000032685, -1245.305262667903207, -2198.242495824487833 ) ) ;
#342 = SECURITY_CLASSIFICATION ( '', '', #591 ) ;
#343 = ORIENTED_EDGE ( 'NONE', *, *, #1947, .T. ) ;
#344 = EDGE_CURVE ( 'NONE', #2121, #1773, #1233, .T. ) ;
#345 = VERTEX_POINT ( 'NONE', #907 ) ;
#346 = EDGE_CURVE ( 'NONE', #31, #1648, #1279, .T. ) ;
#347 = DIRECTION ( 'NONE',  ( 2.775557561562891351E-17, 1.000000000000000000, -0.000000000000000000 ) ) ;
#348 = CARTESIAN_POINT ( 'NONE',  ( -1004.999999999999886, -1174.305262667903889, -548.9999999999996589 ) ) ;
#349 = ORIENTED_EDGE ( 'NONE', *, *, #986, .F. ) ;
#350 = CARTESIAN_POINT ( 'NONE',  ( -105.9008128570094414, -1174.377838601419398, -2170.005516636267203 ) ) ;
#351 = DIRECTION ( 'NONE',  ( 1.000000000000000000, -5.551115123125782702E-17, -5.551115123125782702E-17 ) ) ;
#352 = EDGE_CURVE ( 'NONE', #407, #93, #756, .T. ) ;
#353 = VERTEX_POINT ( 'NONE', #266 ) ;
#354 = DIRECTION ( 'NONE',  ( -5.551115123125782702E-17, 1.000000000000000000, 5.551115123125782702E-17 ) ) ;
#355 = CARTESIAN_POINT ( 'NONE',  ( -450.3048087045555690, -1218.405262667903799, -1579.099999999999454 ) ) ;
#356 = EDGE_LOOP ( 'NONE', ( #397, #295, #192, #1497 ) ) ;
#357 = ORIENTED_EDGE ( 'NONE', *, *, #346, .T. ) ;
#358 = ORIENTED_EDGE ( 'NONE', *, *, #1896, .F. ) ;
#359 = CARTESIAN_POINT ( 'NONE',  ( -993.0717967697237327, -1174.305262667903889, -631.0000000000004547 ) ) ;
#360 = CARTESIAN_POINT ( 'NONE',  ( -60.39637028918165385, -1178.305262667903662, -2162.441225635265710 ) ) ;
#361 = ORIENTED_EDGE ( 'NONE', *, *, #1608, .F. ) ;
#362 = CARTESIAN_POINT ( 'NONE',  ( -85.40178878096992321, -1243.665517513234363, -2209.708740409640541 ) ) ;
#363 = AXIS2_PLACEMENT_3D ( 'NONE', #2151, #504, #1824 ) ;
#364 = CARTESIAN_POINT ( 'NONE',  ( -106.5211893652677020, -1178.592456964109488, -2169.527326818877555 ) ) ;
#365 = EDGE_CURVE ( 'NONE', #896, #1248, #1419, .T. ) ;
#366 = DIRECTION ( 'NONE',  ( 1.054711873393898713E-15, -5.551115123125788865E-17, 1.000000000000000000 ) ) ;
#367 = AXIS2_PLACEMENT_3D ( 'NONE', #1590, #1729, #98 ) ;
#368 = ORIENTED_EDGE ( 'NONE', *, *, #274, .T. ) ;
#369 = CARTESIAN_POINT ( 'NONE',  ( -999.9999999999994316, -1178.305262667903889, -549.9999999999996589 ) ) ;
#370 = LINE ( 'NONE', #330, #1674 ) ;
#371 = VERTEX_POINT ( 'NONE', #1567 ) ;
#372 = ORIENTED_EDGE ( 'NONE', *, *, #38, .T. ) ;
#373 = VERTEX_POINT ( 'NONE', #1927 ) ;
#374 = PLANE ( 'NONE',  #686 ) ;
#375 = CARTESIAN_POINT ( 'NONE',  ( -997.4999999999993179, -1178.305262667903889, -549.3301270189216439 ) ) ;
#376 = ORIENTED_EDGE ( 'NONE', *, *, #701, .T. ) ;
#377 = CARTESIAN_POINT ( 'NONE',  ( -107.7983077819461357, -1174.875027795662390, -2170.268804350322625 ) ) ;
#378 = CARTESIAN_POINT ( 'NONE',  ( -1005.999999999999773, -1178.305262667903889, -604.9999999999998863 ) ) ;
#379 = VERTEX_POINT ( 'NONE', #918 ) ;
#380 = CARTESIAN_POINT ( 'NONE',  ( -1442.426202909544372, -1182.305262667903889, 131.3046620391073986 ) ) ;
#381 = CIRCLE ( 'NONE', #1594, 5.000000000000004441 ) ;
#382 = VERTEX_POINT ( 'NONE', #97 ) ;
#383 = VECTOR ( 'NONE', #2059, 1000.000000000000000 ) ;
#384 = ORIENTED_EDGE ( 'NONE', *, *, #1768, .F. ) ;
#385 = CIRCLE ( 'NONE', #2087, 4.999999999999893419 ) ;
#386 = FACE_OUTER_BOUND ( 'NONE', #1164, .T. ) ;
#387 = DIRECTION ( 'NONE',  ( 0.8660254037844380415, -0.000000000000000000, 0.5000000000000009992 ) ) ;
#388 = ORIENTED_EDGE ( 'NONE', *, *, #923, .T. ) ;
#389 = EDGE_CURVE ( 'NONE', #750, #1385, #334, .T. ) ;
#390 = EDGE_CURVE ( 'NONE', #1718, #875, #1103, .T. ) ;
#391 = CARTESIAN_POINT ( 'NONE',  ( -106.0269020087991265, -1178.453755922771961, -2169.578231815131403 ) ) ;
#392 = CARTESIAN_POINT ( 'NONE',  ( -1005.999999999999773, -1174.305262667903889, 5.606626274357039267E-14 ) ) ;
#393 = ORIENTED_EDGE ( 'NONE', *, *, #2138, .F. ) ;
#394 = CARTESIAN_POINT ( 'NONE',  ( -981.6617955123359707, -1174.305262667903889, -566.7627018922197522 ) ) ;
#395 = VERTEX_POINT ( 'NONE', #1751 ) ;
#396 = PERSON_AND_ORGANIZATION_ROLE ( 'classification_officer' ) ;
#397 = ORIENTED_EDGE ( 'NONE', *, *, #1977, .F. ) ;
#398 = CARTESIAN_POINT ( 'NONE',  ( -1004.999999999999886, -1249.305262667903435, -545.9999999999996589 ) ) ;
#399 = PLANE ( 'NONE',  #1449 ) ;
#400 = ORIENTED_EDGE ( 'NONE', *, *, #116, .T. ) ;
#401 = DIRECTION ( 'NONE',  ( 0.5000000000000009992, 0.000000000000000000, -0.8660254037844380415 ) ) ;
#402 = DIRECTION ( 'NONE',  ( -0.5000000000000009992, -0.000000000000000000, 0.8660254037844380415 ) ) ;
#403 = CARTESIAN_POINT ( 'NONE',  ( -999.9999999999997726, -1245.305262667903435, -608.9999999999990905 ) ) ;
#404 = ORIENTED_EDGE ( 'NONE', *, *, #1465, .T. ) ;
#405 = PERSON_AND_ORGANIZATION_ROLE ( 'design_supplier' ) ;
#406 = VECTOR ( 'NONE', #273, 1000.000000000000000 ) ;
#407 = VERTEX_POINT ( 'NONE', #1589 ) ;
#408 = VECTOR ( 'NONE', #1320, 1000.000000000000000 ) ;
#409 = DIRECTION ( 'NONE',  ( 0.5000000000000009992, 0.000000000000000000, -0.8660254037844380415 ) ) ;
#410 = FACE_BOUND ( 'NONE', #704, .T. ) ;
#411 = ORIENTED_EDGE ( 'NONE', *, *, #1965, .F. ) ;
#412 = CARTESIAN_POINT ( 'NONE',  ( -1004.999999999999886, -1245.305262667903435, -604.9999999999990905 ) ) ;
#413 = EDGE_CURVE ( 'NONE', #407, #1623, #1165, .T. ) ;
#414 = DIRECTION ( 'NONE',  ( 0.8660254037844155039, 0.000000000000000000, 0.5000000000000401901 ) ) ;
#415 = LINE ( 'NONE', #250, #992 ) ;
#416 = ORIENTED_EDGE ( 'NONE', *, *, #982, .F. ) ;
#417 = SHAPE_DEFINITION_REPRESENTATION ( #243, #905 ) ;
#418 = AXIS2_PLACEMENT_3D ( 'NONE', #1366, #1841, #1679 ) ;
#419 = CARTESIAN_POINT ( 'NONE',  ( -107.8012680985072222, -1174.876182867319585, -2170.269472473883525 ) ) ;
#420 = ORIENTED_EDGE ( 'NONE', *, *, #1141, .T. ) ;
#421 = EDGE_CURVE ( 'NONE', #96, #1029, #2094, .T. ) ;
#422 = DIRECTION ( 'NONE',  ( -5.551115123125782702E-17, 1.000000000000000000, -5.551115123125782702E-17 ) ) ;
#423 = DIRECTION ( 'NONE',  ( 1.000000000000000000, -2.775557561562891351E-17, -1.054711873393898713E-15 ) ) ;
#424 = VERTEX_POINT ( 'NONE', #1068 ) ;
#425 = AXIS2_PLACEMENT_3D ( 'NONE', #1953, #797, #814 ) ;
#426 = CARTESIAN_POINT ( 'NONE',  ( -40.50000000000019895, -1245.305262667903435, -2.220446049250313081E-13 ) ) ;
#427 = FACE_OUTER_BOUND ( 'NONE', #1659, .T. ) ;
#428 = ORIENTED_EDGE ( 'NONE', *, *, #1747, .F. ) ;
#429 = DIRECTION ( 'NONE',  ( 0.000000000000000000, 0.000000000000000000, 1.000000000000000000 ) ) ;
#430 = CARTESIAN_POINT ( 'NONE',  ( -107.8101034683610351, -1174.879651657576687, -2170.271485622539785 ) ) ;
#431 = VECTOR ( 'NONE', #1795, 1000.000000000000000 ) ;
#432 = EDGE_LOOP ( 'NONE', ( #1878, #1380, #521, #741 ) ) ;
#433 = CARTESIAN_POINT ( 'NONE',  ( -88.00383524075083130, -1241.305262667903662, -2206.623693670971988 ) ) ;
#434 = CYLINDRICAL_SURFACE ( 'NONE', #1299, 4.999999999999893419 ) ;
#435 = ORIENTED_EDGE ( 'NONE', *, *, #624, .F. ) ;
#436 = CARTESIAN_POINT ( 'NONE',  ( -999.9999999999997726, -1245.305262667903435, -603.9999999999990905 ) ) ;
#437 = CARTESIAN_POINT ( 'NONE',  ( -1012.000000000000000, -1178.305262667903889, -608.9999999999998863 ) ) ;
#438 = EDGE_CURVE ( 'NONE', #210, #379, #26, .T. ) ;
#439 = VERTEX_POINT ( 'NONE', #1523 ) ;
#440 = CARTESIAN_POINT ( 'NONE',  ( -107.8544643029491397, -1179.463140100737746, -2169.870829224003501 ) ) ;
#441 = CARTESIAN_POINT ( 'NONE',  ( -111.1346035225555511, -1182.305262667903889, -2174.560027788782918 ) ) ;
#442 = AXIS2_PLACEMENT_3D ( 'NONE', #1188, #1517, #2014 ) ;
#443 = ORIENTED_EDGE ( 'NONE', *, *, #953, .F. ) ;
#444 = CARTESIAN_POINT ( 'NONE',  ( -87.29038077897908465, -1242.186187084643279, -2207.731501178217968 ) ) ;
#445 = CARTESIAN_POINT ( 'NONE',  ( -90.63469810774978441, -1243.075131880238587, -2209.698165810675164 ) ) ;
#446 = CIRCLE ( 'NONE', #714, 0.9999999999998898659 ) ;
#447 = ADVANCED_FACE ( 'NONE', ( #571 ), #11, .F. ) ;
#448 = CARTESIAN_POINT ( 'NONE',  ( -88.00383524075094499, -1241.305262667903662, -2206.623693670971079 ) ) ;
#449 = CARTESIAN_POINT ( 'NONE',  ( -1024.963065701558207, -1213.205262667903753, -591.7627018922203206 ) ) ;
#450 = CARTESIAN_POINT ( 'NONE',  ( -1005.999999999999773, -1245.305262667903435, -604.9999999999990905 ) ) ;
#451 = DIRECTION ( 'NONE',  ( -5.551115123125782702E-17, 1.000000000000000000, -5.551115123125782702E-17 ) ) ;
#452 = CARTESIAN_POINT ( 'NONE',  ( -1024.963065701558207, -1213.205262667903526, -591.7627018922203206 ) ) ;
#453 = VECTOR ( 'NONE', #563, 1000.000000000000114 ) ;
#454 = ORIENTED_EDGE ( 'NONE', *, *, #38, .F. ) ;
#455 = EDGE_CURVE ( 'NONE', #1623, #353, #720, .T. ) ;
#456 = DIRECTION ( 'NONE',  ( 1.000000000000000000, 5.551115123125779621E-17, -6.001205538514363462E-16 ) ) ;
#457 = DIRECTION ( 'NONE',  ( -6.001205538514363462E-16, -1.665669141091664491E-32, -1.000000000000000000 ) ) ;
#458 = LOCAL_TIME ( 16, 43, 22.00000000000000000, #718 ) ;
#459 = DIRECTION ( 'NONE',  ( -5.551115123125782702E-17, 1.000000000000000000, -5.551115123125782702E-17 ) ) ;
#460 = EDGE_CURVE ( 'NONE', #1991, #569, #625, .T. ) ;
#461 = AXIS2_PLACEMENT_3D ( 'NONE', #655, #1314, #2129 ) ;
#462 = CARTESIAN_POINT ( 'NONE',  ( -107.8824221802405816, -1179.499427125984539, -2169.894676020883708 ) ) ;
#463 = CARTESIAN_POINT ( 'NONE',  ( -999.9999999999997726, -1249.305262667903435, -608.9999999999990905 ) ) ;
#464 = EDGE_CURVE ( 'NONE', #96, #1847, #1209, .T. ) ;
#465 = CARTESIAN_POINT ( 'NONE',  ( -981.6617955123360844, -1245.305262667903662, -566.7627018922198658 ) ) ;
#466 = LINE ( 'NONE', #1286, #673 ) ;
#467 = CARTESIAN_POINT ( 'NONE',  ( -107.8878309401077757, -1179.506647911532809, -2169.899476786601554 ) ) ;
#468 = CARTESIAN_POINT ( 'NONE',  ( -999.9999999999995453, -1174.305262667903889, 5.573319583618283309E-14 ) ) ;
#469 = EDGE_CURVE ( 'NONE', #1534, #2040, #1621, .T. ) ;
#470 = EDGE_CURVE ( 'NONE', #565, #345, #1005, .T. ) ;
#471 = VECTOR ( 'NONE', #1485, 1000.000000000000000 ) ;
#472 = AXIS2_PLACEMENT_3D ( 'NONE', #1301, #481, #649 ) ;
#473 = DIRECTION ( 'NONE',  ( 5.551115123125782702E-17, 1.000000000000000000, 5.551115123125782702E-17 ) ) ;
#474 = AXIS2_PLACEMENT_3D ( 'NONE', #1282, #287, #1944 ) ;
#475 = CYLINDRICAL_SURFACE ( 'NONE', #8, 1.000000000000000888 ) ;
#476 = AXIS2_PLACEMENT_3D ( 'NONE', #1448, #103, #1086 ) ;
#477 = CARTESIAN_POINT ( 'NONE',  ( -40.50000000000019895, -1245.305262667903435, -2.220446049250313081E-13 ) ) ;
#478 = CYLINDRICAL_SURFACE ( 'NONE', #145, 4.999999999999893419 ) ;
#479 = PLANE ( 'NONE',  #1784 ) ;
#480 = EDGE_LOOP ( 'NONE', ( #607, #1375, #842, #1822 ) ) ;
#481 = DIRECTION ( 'NONE',  ( 2.775557561562891351E-17, 1.000000000000000000, -0.000000000000000000 ) ) ;
#482 = AXIS2_PLACEMENT_3D ( 'NONE', #1909, #354, #1688 ) ;
#483 = DIRECTION ( 'NONE',  ( -5.551115123125782702E-17, 1.000000000000000000, -5.551115123125782702E-17 ) ) ;
#484 = AXIS2_PLACEMENT_3D ( 'NONE', #924, #401, #1593 ) ;
#485 = VECTOR ( 'NONE', #1930, 1000.000000000000000 ) ;
#486 = DIRECTION ( 'NONE',  ( 1.000000000000000000, 2.775557561562891351E-17, -1.054711873393898713E-15 ) ) ;
#487 = VERTEX_POINT ( 'NONE', #1556 ) ;
#488 = DIRECTION ( 'NONE',  ( 1.054711873393898713E-15, 5.551115123125788865E-17, 1.000000000000000000 ) ) ;
#489 = CARTESIAN_POINT ( 'NONE',  ( -105.0011465453003154, -1178.305262667903889, -2169.807872151909578 ) ) ;
#490 = CARTESIAN_POINT ( 'NONE',  ( -1011.999999999999773, -1245.305262667903435, -544.9999999999996589 ) ) ;
#491 = PLANE ( 'NONE',  #584 ) ;
#492 = DIRECTION ( 'NONE',  ( -5.551115123125782702E-17, -5.551115123125782702E-17, -1.000000000000000000 ) ) ;
#493 = FACE_OUTER_BOUND ( 'NONE', #218, .T. ) ;
#494 = FACE_OUTER_BOUND ( 'NONE', #1826, .T. ) ;
#495 = DIRECTION ( 'NONE',  ( -3.725740204868141539E-15, 1.000000000000000000, -2.151057110211263280E-15 ) ) ;
#496 = ORIENTED_EDGE ( 'NONE', *, *, #903, .F. ) ;
#497 = LINE ( 'NONE', #465, #269 ) ;
#498 = EDGE_CURVE ( 'NONE', #93, #656, #1694, .T. ) ;
#499 = CARTESIAN_POINT ( 'NONE',  ( -999.9999999999995453, -1178.305262667903889, -603.9999999999998863 ) ) ;
#500 = CIRCLE ( 'NONE', #1414, 0.9999999999998898659 ) ;
#501 = LINE ( 'NONE', #1967, #1487 ) ;
#502 = EDGE_LOOP ( 'NONE', ( #678, #357, #1432, #1305 ) ) ;
#503 = CARTESIAN_POINT ( 'NONE',  ( -1024.963065701558207, -1218.405262667903571, -591.7627018922203206 ) ) ;
#504 = DIRECTION ( 'NONE',  ( -5.551115123125782702E-17, -1.000000000000000000, -5.551115123125782702E-17 ) ) ;
#505 = EDGE_CURVE ( 'NONE', #1861, #926, #682, .T. ) ;
#506 = ORIENTED_EDGE ( 'NONE', *, *, #113, .T. ) ;
#507 = ORIENTED_EDGE ( 'NONE', *, *, #832, .F. ) ;
#508 = DIRECTION ( 'NONE',  ( 0.8660254037844380415, -0.000000000000000000, 0.5000000000000009992 ) ) ;
#509 = EDGE_LOOP ( 'NONE', ( #384, #727, #2022, #1989 ) ) ;
#510 = CARTESIAN_POINT ( 'NONE',  ( -40.50000000000032685, -1249.305262667903207, -2208.242495824489197 ) ) ;
#511 = ADVANCED_FACE ( 'NONE', ( #233 ), #698, .T. ) ;
#512 = AXIS2_PLACEMENT_3D ( 'NONE', #644, #483, #1776 ) ;
#513 = LINE ( 'NONE', #1185, #1871 ) ;
#514 = ORIENTED_EDGE ( 'NONE', *, *, #2108, .T. ) ;
#515 = DIRECTION ( 'NONE',  ( 5.551115123125782702E-17, 1.000000000000000000, 5.551115123125782702E-17 ) ) ;
#516 = AXIS2_PLACEMENT_3D ( 'NONE', #237, #1940, #945 ) ;
#517 = DIRECTION ( 'NONE',  ( -5.551115123125782702E-17, 1.000000000000000000, -5.551115123125782702E-17 ) ) ;
#518 = PRODUCT_DEFINITION_FORMATION_WITH_SPECIFIED_SOURCE ( 'ANY', '', #575, .NOT_KNOWN. ) ;
#519 = ORIENTED_EDGE ( 'NONE', *, *, #223, .T. ) ;
#520 = ORIENTED_EDGE ( 'NONE', *, *, #1275, .T. ) ;
#521 = ORIENTED_EDGE ( 'NONE', *, *, #689, .T. ) ;
#522 = CARTESIAN_POINT ( 'NONE',  ( -994.0358983848619800, -1241.305262667903662, -637.3301270189218712 ) ) ;
#523 = CARTESIAN_POINT ( 'NONE',  ( -412.1996909380404190, -1218.405262667903799, -1645.099999999999454 ) ) ;
#524 = EDGE_LOOP ( 'NONE', ( #583, #1741, #2074, #140 ) ) ;
#525 = CARTESIAN_POINT ( 'NONE',  ( -87.70610808087010923, -1241.717426785121233, -2207.139372238678334 ) ) ;
#526 = CARTESIAN_POINT ( 'NONE',  ( -111.5639399388427364, -1180.037076291899893, -2173.297749917201600 ) ) ;
#527 = DIRECTION ( 'NONE',  ( -5.551115123125782702E-17, -5.551115123125782702E-17, 1.000000000000000000 ) ) ;
#528 = EDGE_LOOP ( 'NONE', ( #1855, #1070, #404, #400 ) ) ;
#529 = CARTESIAN_POINT ( 'NONE',  ( -993.1698729810772193, -1249.305262667903435, -546.8301270189217576 ) ) ;
#530 = DIRECTION ( 'NONE',  ( -6.001205538514363462E-16, 1.665669141091664491E-32, -1.000000000000000000 ) ) ;
#531 = ORIENTED_EDGE ( 'NONE', *, *, #1727, .T. ) ;
#532 = ADVANCED_FACE ( 'NONE', ( #386, #2006, #1867 ), #1879, .F. ) ;
#533 = EDGE_CURVE ( 'NONE', #543, #407, #128, .T. ) ;
#534 = EDGE_LOOP ( 'NONE', ( #1145, #1067, #570, #1864 ) ) ;
#535 = ORIENTED_EDGE ( 'NONE', *, *, #1003, .F. ) ;
#536 = CARTESIAN_POINT ( 'NONE',  ( -1004.999999999999886, -1249.305262667903435, -604.9999999999990905 ) ) ;
#537 = DIRECTION ( 'NONE',  ( 0.8660254037844395958, 5.551115123125761876E-14, 0.4999999999999985567 ) ) ;
#538 = EDGE_LOOP ( 'NONE', ( #1811, #1079, #1705, #1829 ) ) ;
#539 = VECTOR ( 'NONE', #1338, 1000.000000000000000 ) ;
#540 = CARTESIAN_POINT ( 'NONE',  ( -105.8770971381892707, -1178.422370997276857, -2169.604783958436656 ) ) ;
#541 = CARTESIAN_POINT ( 'NONE',  ( 3.608224830031758756E-14, -1174.305262667903889, -604.0000000000000000 ) ) ;
#542 = B_SPLINE_CURVE_WITH_KNOTS ( 'NONE', 3,
 ( #278, #1104, #1762, #445, #781, #1601, #564, #109, #2079, #1445, #895, #2066, #1568, #1892, #1234, #1057, #1434, #234 ),
 .UNSPECIFIED., .F., .F.,
 ( 4, 2, 2, 2, 2, 2, 2, 2, 4 ),
 ( 0.000000000000000000, 0.1250000000000000000, 0.2500000000000000000, 0.3750000000000000000, 0.5000000000000000000, 0.6250000000000000000, 0.7500000000000000000, 0.8750000000000000000, 1.000000000000000000 ),
 .UNSPECIFIED. ) ;
#543 = VERTEX_POINT ( 'NONE', #190 ) ;
#544 = FACE_OUTER_BOUND ( 'NONE', #1131, .T. ) ;
#545 = CARTESIAN_POINT ( 'NONE',  ( -453.3070301043418340, -1215.805262667903889, -1573.899999999999409 ) ) ;
#546 = ORIENTED_EDGE ( 'NONE', *, *, #2110, .F. ) ;
#547 = EDGE_CURVE ( 'NONE', #371, #1861, #1521, .T. ) ;
#548 = ORIENTED_EDGE ( 'NONE', *, *, #1148, .T. ) ;
#549 = ADVANCED_FACE ( 'NONE', ( #860 ), #374, .F. ) ;
#550 = LINE ( 'NONE', #815, #2081 ) ;
#551 = PLANE ( 'NONE',  #1505 ) ;
#552 = EDGE_LOOP ( 'NONE', ( #18, #328, #1708, #1349 ) ) ;
#553 = AXIS2_PLACEMENT_3D ( 'NONE', #1413, #578, #1239 ) ;
#554 = CARTESIAN_POINT ( 'NONE',  ( -107.4441470848471880, -1179.062087337920957, -2169.642899649201354 ) ) ;
#555 = DIRECTION ( 'NONE',  ( -5.551115123125782702E-17, 1.000000000000000000, -5.551115123125782702E-17 ) ) ;
#556 = ORIENTED_EDGE ( 'NONE', *, *, #1126, .F. ) ;
#557 = DIRECTION ( 'NONE',  ( -6.001205538514363462E-16, -1.665669141091664491E-32, -1.000000000000000000 ) ) ;
#558 = ORIENTED_EDGE ( 'NONE', *, *, #202, .F. ) ;
#559 = CALENDAR_DATE ( 2026, 11, 7 ) ;
#560 = CC_DESIGN_APPROVAL ( #1438, ( #1908 ) ) ;
#561 = ORIENTED_EDGE ( 'NONE', *, *, #574, .F. ) ;
#562 = AXIS2_PLACEMENT_3D ( 'NONE', #280, #866, #725 ) ;
#563 = DIRECTION ( 'NONE',  ( 0.8660254037844773434, -0.000000000000000000, 0.4999999999999328315 ) ) ;
#564 = CARTESIAN_POINT ( 'NONE',  ( -89.17671780477226662, -1245.022508592990334, -2210.805986592331919 ) ) ;
#565 = VERTEX_POINT ( 'NONE', #219 ) ;
#566 = CARTESIAN_POINT ( 'NONE',  ( -107.8101085327832180, -1174.879651260315313, -2170.271484647206307 ) ) ;
#567 = CYLINDRICAL_SURFACE ( 'NONE', #1699, 7.999999999999983125 ) ;
#568 = LINE ( 'NONE', #44, #925 ) ;
#569 = VERTEX_POINT ( 'NONE', #1207 ) ;
#570 = ORIENTED_EDGE ( 'NONE', *, *, #667, .T. ) ;
#571 = FACE_OUTER_BOUND ( 'NONE', #1936, .T. ) ;
#572 = CARTESIAN_POINT ( 'NONE',  ( -453.3070301043418340, -1215.805262667903889, -1573.899999999999409 ) ) ;
#573 = EDGE_LOOP ( 'NONE', ( #2054, #2038, #1266, #206 ) ) ;
#574 = EDGE_CURVE ( 'NONE', #656, #1043, #208, .T. ) ;
#575 = PRODUCT ( 'CV03-TR-01_REV_B_1917963e04ed4a59a95212d990485a90.tmp', 'CV03-TR-01_REV_B_1917963e04ed4a59a95212d990485a90.tmp', '', ( #1401 ) ) ;
#576 = DIRECTION ( 'NONE',  ( -1.000000000000000000, -5.551115123125782702E-17, 5.551115123125782702E-17 ) ) ;
#577 = EDGE_CURVE ( 'NONE', #22, #1773, #592, .T. ) ;
#578 = DIRECTION ( 'NONE',  ( 0.5000000000000009992, -1.442037734744009580E-27, -0.8660254037844380415 ) ) ;
#579 = ORIENTED_EDGE ( 'NONE', *, *, #937, .T. ) ;
#580 = AXIS2_PLACEMENT_3D ( 'NONE', #1981, #660, #1774 ) ;
#581 = PERSON_AND_ORGANIZATION_ROLE ( 'creator' ) ;
#582 = VECTOR ( 'NONE', #1787, 1000.000000000000000 ) ;
#583 = ORIENTED_EDGE ( 'NONE', *, *, #738, .F. ) ;
#584 = AXIS2_PLACEMENT_3D ( 'NONE', #1151, #1809, #799 ) ;
#585 = CARTESIAN_POINT ( 'NONE',  ( -87.70610808087010923, -1241.717426785121233, -2207.139372238678334 ) ) ;
#586 = DIRECTION ( 'NONE',  ( -3.725740204868141539E-15, 1.000000000000000000, -2.151057110211263280E-15 ) ) ;
#587 = ORIENTED_EDGE ( 'NONE', *, *, #1453, .F. ) ;
#588 = LINE ( 'NONE', #1095, #1139 ) ;
#589 = FACE_OUTER_BOUND ( 'NONE', #1364, .T. ) ;
#590 = ORIENTED_EDGE ( 'NONE', *, *, #574, .T. ) ;
#591 = SECURITY_CLASSIFICATION_LEVEL ( 'unclassified' ) ;
#592 = CIRCLE ( 'NONE', #1906, 4.999999999999991118 ) ;
#593 = LINE ( 'NONE', #2076, #956 ) ;
#594 = ORIENTED_EDGE ( 'NONE', *, *, #738, .T. ) ;
#595 = VECTOR ( 'NONE', #1439, 1000.000000000000000 ) ;
#596 = CARTESIAN_POINT ( 'NONE',  ( -990.5717967697243012, -1241.305262667903662, -635.3301270189217576 ) ) ;
#597 = CARTESIAN_POINT ( 'NONE',  ( -5.084495189518288325E-14, -1174.305262667904117, -2169.941225635265710 ) ) ;
#598 = ORIENTED_EDGE ( 'NONE', *, *, #1818, .T. ) ;
#599 =( GEOMETRIC_REPRESENTATION_CONTEXT ( 3 ) GLOBAL_UNCERTAINTY_ASSIGNED_CONTEXT ( ( #216 ) ) GLOBAL_UNIT_ASSIGNED_CONTEXT ( ( #769, #1928, #1937 ) ) REPRESENTATION_CONTEXT ( 'NONE', 'WORKASPACE' ) );
#600 = EDGE_CURVE ( 'NONE', #1361, #1623, #550, .T. ) ;
#601 = CC_DESIGN_PERSON_AND_ORGANIZATION_ASSIGNMENT ( #1066, #881, ( #1908 ) ) ;
#602 = FACE_OUTER_BOUND ( 'NONE', #1274, .T. ) ;
#603 = DIRECTION ( 'NONE',  ( -1.000000000000000000, 0.000000000000000000, 0.000000000000000000 ) ) ;
#604 = ORIENTED_EDGE ( 'NONE', *, *, #1682, .F. ) ;
#605 = CARTESIAN_POINT ( 'NONE',  ( -106.8326788672825387, -1178.699412397178094, -2169.519072830975347 ) ) ;
#606 = CYLINDRICAL_SURFACE ( 'NONE', #1988, 5.000000000000004441 ) ;
#607 = ORIENTED_EDGE ( 'NONE', *, *, #121, .T. ) ;
#608 = DIRECTION ( 'NONE',  ( -5.551115123125782702E-17, -1.000000000000000000, -5.551115123125782702E-17 ) ) ;
#609 = LINE ( 'NONE', #392, #1113 ) ;
#610 = DIRECTION ( 'NONE',  ( -5.551115123125782702E-17, 1.000000000000000000, -5.551115123125782702E-17 ) ) ;
#611 = LINE ( 'NONE', #1237, #1310 ) ;
#612 = EDGE_CURVE ( 'NONE', #276, #1330, #1138, .T. ) ;
#613 = CARTESIAN_POINT ( 'NONE',  ( -106.2948824336811100, -1178.522056051817799, -2169.542802077332908 ) ) ;
#614 = CARTESIAN_POINT ( 'NONE',  ( -988.7416697508017478, -1245.305262667903435, -628.4999999999996589 ) ) ;
#615 = EDGE_LOOP ( 'NONE', ( #770, #1537, #707, #331 ) ) ;
#616 = EDGE_CURVE ( 'NONE', #1016, #565, #965, .T. ) ;
#617 = VECTOR ( 'NONE', #994, 1000.000000000000000 ) ;
#618 = EDGE_CURVE ( 'NONE', #1044, #93, #20, .T. ) ;
#619 = CARTESIAN_POINT ( 'NONE',  ( -997.4999999999994316, -1245.305262667903435, -549.3301270189217576 ) ) ;
#620 = DIRECTION ( 'NONE',  ( -1.000000000000000000, 0.000000000000000000, 0.000000000000000000 ) ) ;
#621 = DIRECTION ( 'NONE',  ( 5.551115123125782702E-17, -5.551115123125782702E-17, 1.000000000000000000 ) ) ;
#622 = CARTESIAN_POINT ( 'NONE',  ( -106.5143941972923756, -1178.590145231783026, -2169.527536496606444 ) ) ;
#623 = DIRECTION ( 'NONE',  ( 5.551115123125782702E-17, 1.000000000000000000, 5.551115123125782702E-17 ) ) ;
#624 = EDGE_CURVE ( 'NONE', #1599, #875, #796, .T. ) ;
#625 = CIRCLE ( 'NONE', #1821, 5.000000000000004441 ) ;
#626 = VERTEX_POINT ( 'NONE', #1955 ) ;
#627 = CARTESIAN_POINT ( 'NONE',  ( -1005.999999999999773, -1174.305262667903889, -548.9999999999996589 ) ) ;
#628 = CARTESIAN_POINT ( 'NONE',  ( -4.776734563449736015E-13, -1249.305262667903435, -608.9999999999992042 ) ) ;
#629 = DIRECTION ( 'NONE',  ( 0.000000000000000000, 0.000000000000000000, 1.000000000000000000 ) ) ;
#630 = B_SPLINE_CURVE_WITH_KNOTS ( 'NONE', 3,
 ( #1317, #1987, #1493, #1978 ),
 .UNSPECIFIED., .F., .F.,
 ( 4, 4 ),
 ( 0.000000000000000000, 1.000000000000000000 ),
 .UNSPECIFIED. ) ;
#631 = EDGE_CURVE ( 'NONE', #1696, #684, #308, .T. ) ;
#632 = CARTESIAN_POINT ( 'NONE',  ( -108.1273553008297341, -1179.829736249057760, -2170.115178349043163 ) ) ;
#633 = CARTESIAN_POINT ( 'NONE',  ( -1012.000000000000000, -1178.305262667903889, -603.9999999999998863 ) ) ;
#634 = CARTESIAN_POINT ( 'NONE',  ( 3.935740622296181198E-14, -1174.305262667903889, -544.9999999999997726 ) ) ;
#635 = EDGE_CURVE ( 'NONE', #1587, #896, #500, .T. ) ;
#636 = PLANE ( 'NONE',  #1788 ) ;
#637 = CARTESIAN_POINT ( 'NONE',  ( -997.4999999999993179, -1178.305262667903889, -549.3301270189216439 ) ) ;
#638 = ORIENTED_EDGE ( 'NONE', *, *, #1397, .T. ) ;
#639 = EDGE_CURVE ( 'NONE', #1623, #424, #466, .T. ) ;
#640 = LINE ( 'NONE', #819, #1678 ) ;
#641 = AXIS2_PLACEMENT_3D ( 'NONE', #739, #1703, #557 ) ;
#642 = ORIENTED_EDGE ( 'NONE', *, *, #635, .F. ) ;
#643 = DIRECTION ( 'NONE',  ( -0.5000000000000009992, -0.000000000000000000, 0.8660254037844380415 ) ) ;
#644 = CARTESIAN_POINT ( 'NONE',  ( -993.0717967697241875, -1245.305262667903662, -630.9999999999995453 ) ) ;
#645 = FACE_OUTER_BOUND ( 'NONE', #1015, .T. ) ;
#646 = ORIENTED_EDGE ( 'NONE', *, *, #624, .T. ) ;
#647 = DIRECTION ( 'NONE',  ( -6.001205538514363462E-16, 1.665669141091664491E-32, -1.000000000000000000 ) ) ;
#648 = CARTESIAN_POINT ( 'NONE',  ( -106.4157575687082868, -1178.558022669162710, -2169.532488441256191 ) ) ;
#649 = DIRECTION ( 'NONE',  ( -1.000000000000000000, 0.000000000000000000, 0.000000000000000000 ) ) ;
#650 = VECTOR ( 'NONE', #1146, 1000.000000000000000 ) ;
#651 = EDGE_CURVE ( 'NONE', #1874, #1587, #2128, .T. ) ;
#652 = DIRECTION ( 'NONE',  ( -5.551115123125782702E-17, -1.000000000000000000, -5.551115123125782702E-17 ) ) ;
#653 = LOCAL_TIME ( 16, 43, 22.00000000000000000, #252 ) ;
#654 = AXIS2_PLACEMENT_3D ( 'NONE', #887, #456, #54 ) ;
#655 = CARTESIAN_POINT ( 'NONE',  ( -64.72649730810343272, -1178.305262667903662, -2164.941225635265710 ) ) ;
#656 = VERTEX_POINT ( 'NONE', #1143 ) ;
#657 = FACE_OUTER_BOUND ( 'NONE', #52, .T. ) ;
#658 = CARTESIAN_POINT ( 'NONE',  ( -1005.999999999999773, -1249.305262667903435, -545.9999999999996589 ) ) ;
#659 = ADVANCED_FACE ( 'NONE', ( #122 ), #475, .T. ) ;
#660 = DIRECTION ( 'NONE',  ( -5.551115123125782702E-17, 1.000000000000000000, -5.551115123125782702E-17 ) ) ;
#661 = LINE ( 'NONE', #1464, #123 ) ;
#662 = DIRECTION ( 'NONE',  ( 1.054711873393898713E-15, 5.551115123125788865E-17, 1.000000000000000000 ) ) ;
#663 = CARTESIAN_POINT ( 'NONE',  ( -993.1698729810772193, -1245.305262667903435, -546.8301270189217576 ) ) ;
#664 = CARTESIAN_POINT ( 'NONE',  ( -1005.999999999999773, -1178.305262667903889, -549.9999999999996589 ) ) ;
#665 = CARTESIAN_POINT ( 'NONE',  ( -79.56366588218743630, -1245.305262667903662, -2213.242495824489197 ) ) ;
#666 = ORIENTED_EDGE ( 'NONE', *, *, #1297, .F. ) ;
#667 = EDGE_CURVE ( 'NONE', #1525, #1641, #792, .T. ) ;
#668 = ORIENTED_EDGE ( 'NONE', *, *, #138, .F. ) ;
#669 = CARTESIAN_POINT ( 'NONE',  ( -1004.999999999999886, -1245.305262667903435, -544.9999999999996589 ) ) ;
#670 = ORIENTED_EDGE ( 'NONE', *, *, #1499, .F. ) ;
#671 = LINE ( 'NONE', #2009, #408 ) ;
#672 = AXIS2_PLACEMENT_3D ( 'NONE', #1649, #160, #1637 ) ;
#673 = VECTOR ( 'NONE', #1488, 1000.000000000000000 ) ;
#674 = LINE ( 'NONE', #541, #1430 ) ;
#675 = VERTEX_POINT ( 'NONE', #309 ) ;
#676 = LINE ( 'NONE', #1745, #279 ) ;
#677 = LINE ( 'NONE', #21, #1294 ) ;
#678 = ORIENTED_EDGE ( 'NONE', *, *, #170, .F. ) ;
#679 = ADVANCED_FACE ( 'NONE', ( #317 ), #1949, .T. ) ;
#680 = EDGE_LOOP ( 'NONE', ( #358, #1691, #1327, #1206 ) ) ;
#681 = EDGE_LOOP ( 'NONE', ( #71, #2067, #1730, #1681 ) ) ;
#682 = LINE ( 'NONE', #1343, #197 ) ;
#683 = CARTESIAN_POINT ( 'NONE',  ( 6.938893903907228378E-14, -1178.305262667903889, 0.000000000000000000 ) ) ;
#684 = VERTEX_POINT ( 'NONE', #1456 ) ;
#685 = CARTESIAN_POINT ( 'NONE',  ( -79.56366588218743630, -1245.305262667903662, -2213.242495824489197 ) ) ;
#686 = AXIS2_PLACEMENT_3D ( 'NONE', #1032, #2055, #2033 ) ;
#687 = CARTESIAN_POINT ( 'NONE',  ( -107.4207723859826586, -1174.738849435731481, -2170.192834944372407 ) ) ;
#688 = EDGE_CURVE ( 'NONE', #1065, #1925, #1634, .T. ) ;
#689 = EDGE_CURVE ( 'NONE', #788, #675, #146, .T. ) ;
#690 = FACE_OUTER_BOUND ( 'NONE', #974, .T. ) ;
#691 = ORIENTED_EDGE ( 'NONE', *, *, #70, .T. ) ;
#692 = CARTESIAN_POINT ( 'NONE',  ( -1005.999999999999773, -1174.305262667903889, -607.9999999999998863 ) ) ;
#693 = VECTOR ( 'NONE', #1200, 1000.000000000000000 ) ;
#694 = CARTESIAN_POINT ( 'NONE',  ( -5.667268041422973749E-13, -1249.305262667903207, -2213.242495824489197 ) ) ;
#695 = ORIENTED_EDGE ( 'NONE', *, *, #651, .F. ) ;
#696 = ORIENTED_EDGE ( 'NONE', *, *, #389, .F. ) ;
#697 = VERTEX_POINT ( 'NONE', #2134 ) ;
#698 = PLANE ( 'NONE',  #1457 ) ;
#699 = CARTESIAN_POINT ( 'NONE',  ( -990.5717967697236190, -1178.305262667903889, -635.3301270189224397 ) ) ;
#700 = ORIENTED_EDGE ( 'NONE', *, *, #469, .F. ) ;
#701 = EDGE_CURVE ( 'NONE', #1599, #323, #661, .T. ) ;
#702 = CARTESIAN_POINT ( 'NONE',  ( -110.3628769517865607, -1176.708033155161502, -2171.328445267701227 ) ) ;
#703 = CARTESIAN_POINT ( 'NONE',  ( -997.4999999999997726, -1241.305262667903662, -639.3301270189218712 ) ) ;
#704 = EDGE_LOOP ( 'NONE', ( #558, #717, #2035, #117 ) ) ;
#705 = DIRECTION ( 'NONE',  ( -1.000000000000000000, 0.000000000000000000, 0.000000000000000000 ) ) ;
#706 = CARTESIAN_POINT ( 'NONE',  ( -450.3048087045557963, -1215.805262667903889, -1579.099999999999227 ) ) ;
#707 = ORIENTED_EDGE ( 'NONE', *, *, #1682, .T. ) ;
#708 = ORIENTED_EDGE ( 'NONE', *, *, #1783, .F. ) ;
#709 = CARTESIAN_POINT ( 'NONE',  ( -981.6617955123360844, -1245.305262667903662, -566.7627018922198658 ) ) ;
#710 = CARTESIAN_POINT ( 'NONE',  ( -1004.999999999999886, -1178.305262667903889, -603.9999999999998863 ) ) ;
#711 = ORIENTED_EDGE ( 'NONE', *, *, #1738, .F. ) ;
#712 = CARTESIAN_POINT ( 'NONE',  ( -107.8135705196532967, -1174.881009352997125, -2170.272272448698004 ) ) ;
#713 = CARTESIAN_POINT ( 'NONE',  ( -1004.999999999999886, -1249.305262667903435, -608.9999999999990905 ) ) ;
#714 = AXIS2_PLACEMENT_3D ( 'NONE', #2111, #1479, #821 ) ;
#715 = ORIENTED_EDGE ( 'NONE', *, *, #421, .T. ) ;
#716 = CARTESIAN_POINT ( 'NONE',  ( -91.46793685588858125, -1241.305262667903662, -2208.623693670971988 ) ) ;
#717 = ORIENTED_EDGE ( 'NONE', *, *, #1789, .F. ) ;
#718 = COORDINATED_UNIVERSAL_TIME_OFFSET ( 10, 0, .AHEAD. ) ;
#719 = ORIENTED_EDGE ( 'NONE', *, *, #421, .F. ) ;
#720 = LINE ( 'NONE', #522, #453 ) ;
#721 = LINE ( 'NONE', #1208, #1157 ) ;
#722 = ORIENTED_EDGE ( 'NONE', *, *, #413, .T. ) ;
#723 = VECTOR ( 'NONE', #1856, 1000.000000000000000 ) ;
#724 = CARTESIAN_POINT ( 'NONE',  ( -107.7332230340705337, -1179.322117270593935, -2169.782631819725793 ) ) ;
#725 = DIRECTION ( 'NONE',  ( 0.000000000000000000, 0.000000000000000000, 1.000000000000000000 ) ) ;
#726 = PLANE ( 'NONE',  #641 ) ;
#727 = ORIENTED_EDGE ( 'NONE', *, *, #1304, .F. ) ;
#728 = APPROVAL_DATE_TIME ( #262, #1438 ) ;
#729 = ADVANCED_FACE ( 'NONE', ( #1471 ), #491, .F. ) ;
#730 = ORIENTED_EDGE ( 'NONE', *, *, #701, .F. ) ;
#731 = CIRCLE ( 'NONE', #562, 5.000000000000004441 ) ;
#732 = DIRECTION ( 'NONE',  ( 0.000000000000000000, 0.000000000000000000, 1.000000000000000000 ) ) ;
#733 = DIRECTION ( 'NONE',  ( 0.000000000000000000, 0.000000000000000000, 1.000000000000000000 ) ) ;
#734 = ORIENTED_EDGE ( 'NONE', *, *, #1783, .T. ) ;
#735 = EDGE_CURVE ( 'NONE', #1520, #487, #325, .T. ) ;
#736 = ADVANCED_FACE ( 'NONE', ( #2119 ), #636, .T. ) ;
#737 = CARTESIAN_POINT ( 'NONE',  ( -1004.999999999999886, -1178.305262667903889, -545.9999999999996589 ) ) ;
#738 = EDGE_CURVE ( 'NONE', #750, #1221, #1667, .T. ) ;
#739 = CARTESIAN_POINT ( 'NONE',  ( -1005.999999999999773, -1178.305262667903889, -549.9999999999996589 ) ) ;
#740 = VERTEX_POINT ( 'NONE', #166 ) ;
#741 = ORIENTED_EDGE ( 'NONE', *, *, #1119, .T. ) ;
#742 = CARTESIAN_POINT ( 'NONE',  ( -85.40178878096992321, -1243.665517513234363, -2209.708740409640541 ) ) ;
#743 = DIRECTION ( 'NONE',  ( -0.5000000000000009992, -0.000000000000000000, 0.8660254037844380415 ) ) ;
#744 = ORIENTED_EDGE ( 'NONE', *, *, #986, .T. ) ;
#745 = EDGE_CURVE ( 'NONE', #205, #1559, #1983, .T. ) ;
#746 = CARTESIAN_POINT ( 'NONE',  ( -415.2019123378266272, -1213.205262667903526, -1639.899999999999181 ) ) ;
#747 = DIRECTION ( 'NONE',  ( -0.5000000000000009992, -0.000000000000000000, 0.8660254037844380415 ) ) ;
#748 = CIRCLE ( 'NONE', #1954, 0.9999999999998898659 ) ;
#749 = CARTESIAN_POINT ( 'NONE',  ( -997.4999999999993179, -1178.305262667903889, -549.3301270189216439 ) ) ;
#750 = VERTEX_POINT ( 'NONE', #510 ) ;
#751 = AXIS2_PLACEMENT_3D ( 'NONE', #1158, #1547, #537 ) ;
#752 = APPROVAL_ROLE ( '' ) ;
#753 = CARTESIAN_POINT ( 'NONE',  ( -1005.999999999999773, -1178.305262667903889, -608.9999999999998863 ) ) ;
#754 = AXIS2_PLACEMENT_3D ( 'NONE', #633, #1502, #1316 ) ;
#755 = ORIENTED_EDGE ( 'NONE', *, *, #1838, .T. ) ;
#756 = LINE ( 'NONE', #1917, #1108 ) ;
#757 = LINE ( 'NONE', #597, #1409 ) ;
#758 = ORIENTED_EDGE ( 'NONE', *, *, #77, .F. ) ;
#759 = DIRECTION ( 'NONE',  ( -0.5000000000000009992, -0.000000000000000000, 0.8660254037844380415 ) ) ;
#760 = CARTESIAN_POINT ( 'NONE',  ( -450.3048087045555690, -1218.405262667903799, -1579.099999999999454 ) ) ;
#761 = EDGE_CURVE ( 'NONE', #2032, #382, #1159, .T. ) ;
#762 = ORIENTED_EDGE ( 'NONE', *, *, #688, .F. ) ;
#763 = APPROVAL_ROLE ( '' ) ;
#764 = CARTESIAN_POINT ( 'NONE',  ( -107.8159835905160833, -1174.881964954830210, -2170.272829674865079 ) ) ;
#765 = VECTOR ( 'NONE', #1129, 1000.000000000000000 ) ;
#766 = ORIENTED_EDGE ( 'NONE', *, *, #15, .F. ) ;
#767 = CIRCLE ( 'NONE', #1252, 0.9999999999998898659 ) ;
#768 = CARTESIAN_POINT ( 'NONE',  ( -79.56366588218772051, -1249.305262667903662, -2213.242495824488742 ) ) ;
#769 =( LENGTH_UNIT ( ) NAMED_UNIT ( * ) SI_UNIT ( .MILLI., .METRE. ) );
#770 = ORIENTED_EDGE ( 'NONE', *, *, #667, .F. ) ;
#771 = CIRCLE ( 'NONE', #1216, 4.000000000000015099 ) ;
#772 = PLANE ( 'NONE',  #1798 ) ;
#773 = CARTESIAN_POINT ( 'NONE',  ( -999.9999999999995453, -1249.305262667903435, 5.573319583618280784E-14 ) ) ;
#774 = FACE_OUTER_BOUND ( 'NONE', #13, .T. ) ;
#775 = EDGE_CURVE ( 'NONE', #1915, #173, #997, .T. ) ;
#776 = DIRECTION ( 'NONE',  ( 5.551115123125782702E-17, -5.551115123125782702E-17, 1.000000000000000000 ) ) ;
#777 = EDGE_CURVE ( 'NONE', #2028, #2057, #671, .T. ) ;
#778 = CARTESIAN_POINT ( 'NONE',  ( -107.7805458827042173, -1174.868097365985022, -2170.264795609028624 ) ) ;
#779 = ORIENTED_EDGE ( 'NONE', *, *, #1283, .T. ) ;
#780 = CARTESIAN_POINT ( 'NONE',  ( -86.13935658392236405, -1243.159862015456838, -2209.016543151411042 ) ) ;
#781 = CARTESIAN_POINT ( 'NONE',  ( -90.33462305855417185, -1243.553948966789903, -2209.976491803322006 ) ) ;
#782 = B_SPLINE_CURVE_WITH_KNOTS ( 'NONE', 3,
 ( #1924, #1256, #106, #1575, #1089, #955, #1609, #1431, #115, #787, #778, #419, #430, #764, #95, #1078, #1749, #1442, #2116, #1758, #1459, #1417, #1244, #1901, #1598, #263, #1451, #125, #929, #2100, #939, #1586, #294, #441 ),
 .UNSPECIFIED., .F., .F.,
 ( 4, 2, 2, 2, 1, 1, 1, 1, 2, 2, 2, 2, 1, 1, 1, 1, 2, 2, 2, 2, 4 ),
 ( 0.000000000000000000, 0.1249999999997263300, 0.1874999999995912159, 0.2187499999995139166, 0.2343749999994653443, 0.2421874999994538813, 0.2460937499994596822, 0.2480468749994743927, 0.2490234374994836630, 0.2499999999994929056, 0.3749999999974606424, 0.4374999999964285236, 0.4687499999959462427, 0.4843749999956690200, 0.4921874999955508367, 0.4960937499954917174, 0.4980468749954621854, 0.4999999999954326535, 0.7499999999976909582, 0.8749999999988454791, 1.000000000000000000 ),
 .UNSPECIFIED. ) ;
#783 = CARTESIAN_POINT ( 'NONE',  ( -40.50000000000032685, -1249.305262667903207, -2198.242495824487833 ) ) ;
#784 = LINE ( 'NONE', #2112, #1698 ) ;
#785 = DIRECTION ( 'NONE',  ( 0.8660254037844380415, -0.000000000000000000, 0.5000000000000009992 ) ) ;
#786 = DIRECTION ( 'NONE',  ( 1.000000000000000000, 5.551115123125782702E-17, -5.551115123125782702E-17 ) ) ;
#787 = CARTESIAN_POINT ( 'NONE',  ( -107.7386756723857957, -1174.851961768727733, -2170.255523595189061 ) ) ;
#788 = VERTEX_POINT ( 'NONE', #1844 ) ;
#789 = CIRCLE ( 'NONE', #1990, 0.9999999999998898659 ) ;
#790 = CARTESIAN_POINT ( 'NONE',  ( -451.8059194044486730, -1213.205262667903753, -1576.499999999999545 ) ) ;
#791 = LINE ( 'NONE', #773, #595 ) ;
#792 = LINE ( 'NONE', #2147, #1719 ) ;
#793 = CARTESIAN_POINT ( 'NONE',  ( -107.5483619714791672, -1179.144901056861045, -2169.683193545105951 ) ) ;
#794 = LINE ( 'NONE', #2092, #1061 ) ;
#795 = EDGE_CURVE ( 'NONE', #1156, #656, #130, .T. ) ;
#796 = CIRCLE ( 'NONE', #1251, 0.9999999999998898659 ) ;
#797 = DIRECTION ( 'NONE',  ( 0.5000000000000009992, -5.215452177108932439E-15, -0.8660254037844380415 ) ) ;
#798 = CIRCLE ( 'NONE', #1597, 5.000000000000004441 ) ;
#799 = DIRECTION ( 'NONE',  ( 0.5000000000000009992, 0.000000000000000000, -0.8660254037844380415 ) ) ;
#800 = ADVANCED_FACE ( 'NONE', ( #836 ), #82, .T. ) ;
#801 = CARTESIAN_POINT ( 'NONE',  ( -106.5007092949841194, -1178.585527473977209, -2169.528010433926738 ) ) ;
#802 = DIRECTION ( 'NONE',  ( 0.2773500981126182374, -0.8320502943378395022, -0.4803844614152664727 ) ) ;
#803 = FACE_OUTER_BOUND ( 'NONE', #1242, .T. ) ;
#804 = CLOSED_SHELL ( 'NONE', ( #972, #1048, #1627, #1170, #315, #200, #62, #2117, #1570, #1492, #292, #511, #957, #245, #679, #1528, #811, #1197, #1091, #1080, #1808, #549, #729, #1280, #2135, #1779, #9, #1241, #1506, #1603, #1443, #1926, #1372, #736, #846, #1116, #659, #1658, #1150, #2088, #1830, #447, #59, #1381, #2123, #1240, #336, #46, #800, #1177, #2073, #1565, #897, #1929, #828, #1332, #2144, #1652, #1436, #1760, #934, #532 ) ) ;
#805 = DIRECTION ( 'NONE',  ( 0.8660254037844380415, -0.000000000000000000, 0.5000000000000009992 ) ) ;
#806 = CARTESIAN_POINT ( 'NONE',  ( -997.4999999999994316, -1249.305262667903435, -549.3301270189217576 ) ) ;
#807 = FACE_OUTER_BOUND ( 'NONE', #39, .T. ) ;
#808 = EDGE_LOOP ( 'NONE', ( #989, #1591, #65, #1224 ) ) ;
#809 = CYLINDRICAL_SURFACE ( 'NONE', #672, 1.000000000000000888 ) ;
#810 = CARTESIAN_POINT ( 'NONE',  ( -107.7745644237863445, -1174.865792280050755, -2170.263471035449129 ) ) ;
#811 = ADVANCED_FACE ( 'NONE', ( #774 ), #1921, .T. ) ;
#812 = VECTOR ( 'NONE', #1041, 1000.000000000000341 ) ;
#813 = VECTOR ( 'NONE', #805, 1000.000000000000000 ) ;
#814 = DIRECTION ( 'NONE',  ( 2.607726088554471347E-15, 1.000000000000000000, -4.516714077599190226E-15 ) ) ;
#815 = CARTESIAN_POINT ( 'NONE',  ( 368.2673578956280380, -1241.305262667903662, -3004.908582213249701 ) ) ;
#816 = LINE ( 'NONE', #1645, #1526 ) ;
#817 = EDGE_CURVE ( 'NONE', #1641, #1161, #1410, .T. ) ;
#818 = ORIENTED_EDGE ( 'NONE', *, *, #921, .T. ) ;
#819 = CARTESIAN_POINT ( 'NONE',  ( -1005.999999999999773, -1245.305262667903435, -549.9999999999996589 ) ) ;
#820 = DIRECTION ( 'NONE',  ( 2.775557561562891351E-17, -1.000000000000000000, -0.000000000000000000 ) ) ;
#821 = DIRECTION ( 'NONE',  ( -1.000000000000000000, 0.000000000000000000, 0.000000000000000000 ) ) ;
#822 = AXIS2_PLACEMENT_3D ( 'NONE', #1011, #183, #270 ) ;
#823 = DIRECTION ( 'NONE',  ( -1.000000000000000000, 0.000000000000000000, 0.000000000000000000 ) ) ;
#824 = EDGE_CURVE ( 'NONE', #1300, #1525, #789, .T. ) ;
#825 = CC_DESIGN_APPROVAL ( #1460, ( #518 ) ) ;
#826 = VECTOR ( 'NONE', #1374, 1000.000000000000000 ) ;
#827 = CARTESIAN_POINT ( 'NONE',  ( -1013.704735452354953, -1245.305262667903435, -585.2627018922303250 ) ) ;
#828 = ADVANCED_FACE ( 'NONE', ( #427 ), #936, .F. ) ;
#829 = ORIENTED_EDGE ( 'NONE', *, *, #1071, .F. ) ;
#830 = LINE ( 'NONE', #664, #1238 ) ;
#831 = CARTESIAN_POINT ( 'NONE',  ( -990.5717967697240738, -1245.305262667903662, -635.3301270189216439 ) ) ;
#832 = EDGE_CURVE ( 'NONE', #1393, #1019, #611, .T. ) ;
#833 = ORIENTED_EDGE ( 'NONE', *, *, #1727, .F. ) ;
#834 = LINE ( 'NONE', #1695, #231 ) ;
#835 = ORIENTED_EDGE ( 'NONE', *, *, #1297, .T. ) ;
#836 = FACE_OUTER_BOUND ( 'NONE', #143, .T. ) ;
#837 = CARTESIAN_POINT ( 'NONE',  ( -999.9999999999987494, -1174.305262667903889, -609.0000000000011369 ) ) ;
#838 = EDGE_LOOP ( 'NONE', ( #411, #1102, #531, #818 ) ) ;
#839 = PLANE ( 'NONE',  #754 ) ;
#840 = CARTESIAN_POINT ( 'NONE',  ( -456.7711317194795697, -1249.305262667903662, -1575.899999999999409 ) ) ;
#841 = ORIENTED_EDGE ( 'NONE', *, *, #1617, .F. ) ;
#842 = ORIENTED_EDGE ( 'NONE', *, *, #775, .T. ) ;
#843 = CARTESIAN_POINT ( 'NONE',  ( -1005.999999999999773, -1245.305262667903435, -548.9999999999996589 ) ) ;
#844 = DIRECTION ( 'NONE',  ( 5.551115123125782702E-17, 5.551115123125782702E-17, 1.000000000000000000 ) ) ;
#845 = ORIENTED_EDGE ( 'NONE', *, *, #1042, .T. ) ;
#846 = ADVANCED_FACE ( 'NONE', ( #589 ), #1270, .T. ) ;
#847 = EDGE_CURVE ( 'NONE', #1648, #61, #2071, .T. ) ;
#848 = AXIS2_PLACEMENT_3D ( 'NONE', #572, #2095, #586 ) ;
#849 = CARTESIAN_POINT ( 'NONE',  ( -453.7689103196934752, -1249.305262667903662, -1581.099999999999227 ) ) ;
#850 = AXIS2_PLACEMENT_3D ( 'NONE', #1630, #1660, #135 ) ;
#851 = CARTESIAN_POINT ( 'NONE',  ( -106.5143941972923756, -1178.590145231783026, -2169.527536496606444 ) ) ;
#852 = VECTOR ( 'NONE', #14, 1000.000000000000000 ) ;
#853 = LINE ( 'NONE', #337, #284 ) ;
#854 = ORIENTED_EDGE ( 'NONE', *, *, #1012, .F. ) ;
#855 = CARTESIAN_POINT ( 'NONE',  ( -1004.999999999999886, -1245.305262667903435, -603.9999999999990905 ) ) ;
#856 = CARTESIAN_POINT ( 'NONE',  ( -79.56366588218743630, -1247.971929334570177, -2213.242495824489197 ) ) ;
#857 = VERTEX_POINT ( 'NONE', #1583 ) ;
#858 = ORIENTED_EDGE ( 'NONE', *, *, #505, .F. ) ;
#859 = ORIENTED_EDGE ( 'NONE', *, *, #1883, .T. ) ;
#860 = FACE_OUTER_BOUND ( 'NONE', #615, .T. ) ;
#861 = CARTESIAN_POINT ( 'NONE',  ( -412.1996909380405896, -1213.205262667903526, -1645.099999999999000 ) ) ;
#862 = ORIENTED_EDGE ( 'NONE', *, *, #1768, .T. ) ;
#863 = VECTOR ( 'NONE', #1017, 1000.000000000000000 ) ;
#864 = VECTOR ( 'NONE', #91, 1000.000000000000000 ) ;
#865 = CARTESIAN_POINT ( 'NONE',  ( -107.7264690373153115, -1174.847374165732617, -2170.252920903149061 ) ) ;
#866 = DIRECTION ( 'NONE',  ( -5.551115123125782702E-17, 1.000000000000000000, -5.551115123125782702E-17 ) ) ;
#867 = ORIENTED_EDGE ( 'NONE', *, *, #1720, .T. ) ;
#868 = DIRECTION ( 'NONE',  ( 2.775557561562891351E-17, -1.000000000000000000, -0.000000000000000000 ) ) ;
#869 = CARTESIAN_POINT ( 'NONE',  ( -104.5636658821883884, -1174.305262667904117, -2169.941225635265710 ) ) ;
#870 = ORIENTED_EDGE ( 'NONE', *, *, #1123, .F. ) ;
#871 = VERTEX_POINT ( 'NONE', #450 ) ;
#872 = ORIENTED_EDGE ( 'NONE', *, *, #745, .T. ) ;
#873 = DIRECTION ( 'NONE',  ( 2.775557561562891351E-17, -1.000000000000000000, -0.000000000000000000 ) ) ;
#874 = DIRECTION ( 'NONE',  ( -1.000000000000000000, 0.000000000000000000, 0.000000000000000000 ) ) ;
#875 = VERTEX_POINT ( 'NONE', #112 ) ;
#876 = CARTESIAN_POINT ( 'NONE',  ( -107.7923871488239485, -1174.872717652347546, -2170.267468103200372 ) ) ;
#877 = DIRECTION ( 'NONE',  ( 0.5000000000000009992, -1.442037734744009580E-27, -0.8660254037844380415 ) ) ;
#878 = ORIENTED_EDGE ( 'NONE', *, *, #1617, .T. ) ;
#879 = LINE ( 'NONE', #1562, #275 ) ;
#880 = EDGE_LOOP ( 'NONE', ( #349, #762, #1111, #1232 ) ) ;
#881 = PERSON_AND_ORGANIZATION_ROLE ( 'creator' ) ;
#882 = ORIENTED_EDGE ( 'NONE', *, *, #2051, .F. ) ;
#883 = DIRECTION ( 'NONE',  ( 5.551115123125782702E-17, 1.000000000000000000, 5.551115123125782702E-17 ) ) ;
#884 = CARTESIAN_POINT ( 'NONE',  ( -1005.999999999999773, -1178.305262667903889, -607.9999999999998863 ) ) ;
#885 = VERTEX_POINT ( 'NONE', #1440 ) ;
#886 = CARTESIAN_POINT ( 'NONE',  ( -107.8544643029491397, -1179.463140100737746, -2169.870829224003501 ) ) ;
#887 = CARTESIAN_POINT ( 'NONE',  ( -1005.999999999999773, -1245.305262667903435, -549.9999999999996589 ) ) ;
#888 = CIRCLE ( 'NONE', #751, 4.000000000000015099 ) ;
#889 = ORIENTED_EDGE ( 'NONE', *, *, #116, .F. ) ;
#890 = DIRECTION ( 'NONE',  ( 0.5000000000000009992, 0.000000000000000000, -0.8660254037844380415 ) ) ;
#891 = EDGE_LOOP ( 'NONE', ( #845, #1687, #35, #1055 ) ) ;
#892 = EDGE_CURVE ( 'NONE', #31, #1330, #1250, .T. ) ;
#893 = ORIENTED_EDGE ( 'NONE', *, *, #438, .T. ) ;
#894 = DIRECTION ( 'NONE',  ( -1.000000000000000000, 0.000000000000000000, 0.000000000000000000 ) ) ;
#895 = CARTESIAN_POINT ( 'NONE',  ( -85.63000180861023125, -1247.735667479687891, -2212.323222571180850 ) ) ;
#896 = VERTEX_POINT ( 'NONE', #911 ) ;
#897 = ADVANCED_FACE ( 'NONE', ( #271 ), #260, .F. ) ;
#898 = VECTOR ( 'NONE', #277, 1000.000000000000000 ) ;
#899 = DIRECTION ( 'NONE',  ( 5.551115123125782702E-17, -5.551115123125782702E-17, 1.000000000000000000 ) ) ;
#900 = DIRECTION ( 'NONE',  ( -5.551115123125782702E-17, -5.551115123125782702E-17, -1.000000000000000000 ) ) ;
#901 = FACE_OUTER_BOUND ( 'NONE', #189, .T. ) ;
#902 = EDGE_LOOP ( 'NONE', ( #2130, #1563, #1518, #1245 ) ) ;
#903 = EDGE_CURVE ( 'NONE', #1915, #210, #1733, .T. ) ;
#904 = DATE_TIME_ROLE ( 'creation_date' ) ;
#905 = ADVANCED_BREP_SHAPE_REPRESENTATION ( 'CV03-TR-01_REV_B_1917963e04ed4a59a95212d990485a90.tmp', ( #157, #1426 ), #599 ) ;
#906 = ORIENTED_EDGE ( 'NONE', *, *, #600, .F. ) ;
#907 = CARTESIAN_POINT ( 'NONE',  ( -1005.999999999999773, -1245.305262667903435, -548.9999999999996589 ) ) ;
#908 = DIRECTION ( 'NONE',  ( 5.551115123125782702E-17, 1.000000000000000000, 5.551115123125782702E-17 ) ) ;
#909 = ORIENTED_EDGE ( 'NONE', *, *, #1298, .F. ) ;
#910 = DIRECTION ( 'NONE',  ( -5.551115123125782702E-17, -1.000000000000000000, -5.551115123125782702E-17 ) ) ;
#911 = CARTESIAN_POINT ( 'NONE',  ( -1004.999999999999886, -1178.305262667903889, -549.9999999999996589 ) ) ;
#912 = DIRECTION ( 'NONE',  ( -5.551115123125782702E-17, 1.000000000000000000, -5.551115123125782702E-17 ) ) ;
#913 = EDGE_CURVE ( 'NONE', #1161, #22, #1422, .T. ) ;
#914 = ORIENTED_EDGE ( 'NONE', *, *, #147, .T. ) ;
#915 = PERSON_AND_ORGANIZATION ( #1428, #1171 ) ;
#916 = DIRECTION ( 'NONE',  ( -5.551115123125782702E-17, -1.000000000000000000, -5.551115123125782702E-17 ) ) ;
#917 = EDGE_LOOP ( 'NONE', ( #1010, #1662, #1945, #862 ) ) ;
#918 = CARTESIAN_POINT ( 'NONE',  ( -450.3048087045557963, -1213.205262667903753, -1579.099999999999227 ) ) ;
#919 = CARTESIAN_POINT ( 'NONE',  ( -990.5717967697233917, -1182.305262667903889, -635.3301270189230081 ) ) ;
#920 = ORIENTED_EDGE ( 'NONE', *, *, #170, .T. ) ;
#921 = EDGE_CURVE ( 'NONE', #1358, #1215, #2105, .T. ) ;
#922 = CARTESIAN_POINT ( 'NONE',  ( -999.9999999999997726, -1245.305262667903435, -544.9999999999996589 ) ) ;
#923 = EDGE_CURVE ( 'NONE', #871, #1393, #767, .T. ) ;
#924 = CARTESIAN_POINT ( 'NONE',  ( -1435.497999679269014, -1182.305262667903889, 135.3046620391073986 ) ) ;
#925 = VECTOR ( 'NONE', #1712, 1000.000000000000114 ) ;
#926 = VERTEX_POINT ( 'NONE', #1060 ) ;
#927 = VECTOR ( 'NONE', #1665, 1000.000000000000000 ) ;
#928 = APPROVAL_DATE_TIME ( #1900, #1460 ) ;
#929 = CARTESIAN_POINT ( 'NONE',  ( -111.2489165289595974, -1178.148795266753496, -2172.187592725972991 ) ) ;
#930 = ORIENTED_EDGE ( 'NONE', *, *, #1059, .T. ) ;
#931 = CARTESIAN_POINT ( 'NONE',  ( -80.96599803848278043, -1245.233946437215309, -2212.652524580180398 ) ) ;
#932 = DIRECTION ( 'NONE',  ( 1.054711873393898713E-15, 5.551115123125788865E-17, 1.000000000000000000 ) ) ;
#933 = ORIENTED_EDGE ( 'NONE', *, *, #1334, .T. ) ;
#934 = ADVANCED_FACE ( 'NONE', ( #1897 ), #1721, .F. ) ;
#935 = DIRECTION ( 'NONE',  ( 0.000000000000000000, 0.000000000000000000, 1.000000000000000000 ) ) ;
#936 = CYLINDRICAL_SURFACE ( 'NONE', #1140, 4.000000000000126121 ) ;
#937 = EDGE_CURVE ( 'NONE', #675, #740, #1425, .T. ) ;
#938 = CARTESIAN_POINT ( 'NONE',  ( -111.1346035225555511, -1182.305262667903889, -2174.560027788782918 ) ) ;
#939 = CARTESIAN_POINT ( 'NONE',  ( -111.5096066788170646, -1180.073694982982715, -2173.314870347096530 ) ) ;
#940 = AXIS2_PLACEMENT_3D ( 'NONE', #1999, #1755, #1671 ) ;
#941 = ORIENTED_EDGE ( 'NONE', *, *, #498, .F. ) ;
#942 = VECTOR ( 'NONE', #1592, 1000.000000000000000 ) ;
#943 = CARTESIAN_POINT ( 'NONE',  ( -1005.999999999999773, -1245.305262667903435, -545.9999999999996589 ) ) ;
#944 = FACE_OUTER_BOUND ( 'NONE', #1985, .T. ) ;
#945 = DIRECTION ( 'NONE',  ( -0.8660254037844395958, 0.000000000000000000, -0.4999999999999985567 ) ) ;
#946 = CARTESIAN_POINT ( 'NONE',  ( -997.4999999999994316, -1245.305262667903435, -549.3301270189217576 ) ) ;
#947 = CARTESIAN_POINT ( 'NONE',  ( -107.6705019074177727, -1182.305262667903889, -2172.560027788782918 ) ) ;
#948 = PLANE ( 'NONE',  #1255 ) ;
#949 = CARTESIAN_POINT ( 'NONE',  ( -1004.999999999999886, -1249.305262667903435, -549.9999999999996589 ) ) ;
#950 = LINE ( 'NONE', #790, #967 ) ;
#951 = LINE ( 'NONE', #628, #1870 ) ;
#952 = DIRECTION ( 'NONE',  ( 2.775557561562891351E-17, 1.000000000000000000, -0.000000000000000000 ) ) ;
#953 = EDGE_CURVE ( 'NONE', #373, #1893, #784, .T. ) ;
#954 = CARTESIAN_POINT ( 'NONE',  ( -108.2121283434534149, -1181.171169479901891, -2171.362580590330253 ) ) ;
#955 = CARTESIAN_POINT ( 'NONE',  ( -107.3113357512345516, -1174.703772140633191, -2170.174194105642073 ) ) ;
#956 = VECTOR ( 'NONE', #916, 1000.000000000000000 ) ;
#957 = ADVANCED_FACE ( 'NONE', ( #2103 ), #1117, .T. ) ;
#958 = ORIENTED_EDGE ( 'NONE', *, *, #1947, .F. ) ;
#959 = AXIS2_PLACEMENT_3D ( 'NONE', #1134, #652, #1791 ) ;
#960 = CARTESIAN_POINT ( 'NONE',  ( -1004.999999999999886, -1245.305262667903435, -549.9999999999996589 ) ) ;
#961 = CARTESIAN_POINT ( 'NONE',  ( -1004.999999999999886, -1178.305262667903889, -548.9999999999996589 ) ) ;
#962 = CARTESIAN_POINT ( 'NONE',  ( -106.4588025539608225, -1178.571730813822796, -2169.529922941747373 ) ) ;
#963 = PLANE ( 'NONE',  #307 ) ;
#964 = FACE_OUTER_BOUND ( 'NONE', #213, .T. ) ;
#965 = CIRCLE ( 'NONE', #1731, 0.9999999999998898659 ) ;
#966 = DIRECTION ( 'NONE',  ( -0.5000000000000007772, 1.665334536937735057E-16, 0.8660254037844381525 ) ) ;
#967 = VECTOR ( 'NONE', #154, 1000.000000000000227 ) ;
#968 = CARTESIAN_POINT ( 'NONE',  ( -1004.999999999999886, -1245.305262667903435, -548.9999999999996589 ) ) ;
#969 = LINE ( 'NONE', #1757, #162 ) ;
#970 = ORIENTED_EDGE ( 'NONE', *, *, #1916, .T. ) ;
#971 = DIRECTION ( 'NONE',  ( 0.000000000000000000, 0.000000000000000000, 1.000000000000000000 ) ) ;
#972 = ADVANCED_FACE ( 'NONE', ( #101 ), #1455, .T. ) ;
#973 = CARTESIAN_POINT ( 'NONE',  ( -111.1346035225555227, -1182.305262667903889, -2174.560027788783373 ) ) ;
#974 = EDGE_LOOP ( 'NONE', ( #1084, #1753, #1190, #2016 ) ) ;
#975 = LINE ( 'NONE', #1633, #148 ) ;
#976 = DIRECTION ( 'NONE',  ( -0.5000000000000009992, -0.000000000000000000, 0.8660254037844380415 ) ) ;
#977 = CARTESIAN_POINT ( 'NONE',  ( -1004.999999999999886, -1245.305262667903435, -608.9999999999990905 ) ) ;
#978 = CARTESIAN_POINT ( 'NONE',  ( -84.29132397188216430, -1248.414216977074602, -2212.691409770128303 ) ) ;
#979 = DIRECTION ( 'NONE',  ( -5.551115123125782702E-17, 1.000000000000000000, -5.551115123125782702E-17 ) ) ;
#980 = LINE ( 'NONE', #545, #264 ) ;
#981 = CARTESIAN_POINT ( 'NONE',  ( -107.8732014769652494, -1179.487289434039667, -2169.886652524580768 ) ) ;
#982 = EDGE_CURVE ( 'NONE', #1711, #1087, #951, .T. ) ;
#983 = CIRCLE ( 'NONE', #1477, 4.999999999999893419 ) ;
#984 = DIRECTION ( 'NONE',  ( -5.551115123125782702E-17, 1.000000000000000000, -5.551115123125782702E-17 ) ) ;
#985 = CARTESIAN_POINT ( 'NONE',  ( -1004.999999999999886, -1249.305262667903435, -548.9999999999996589 ) ) ;
#986 = EDGE_CURVE ( 'NONE', #1925, #1094, #1612, .T. ) ;
#987 = EDGE_CURVE ( 'NONE', #1724, #395, #1604, .T. ) ;
#988 = CARTESIAN_POINT ( 'NONE',  ( -1011.999999999999773, -1245.305262667903435, -608.9999999999990905 ) ) ;
#989 = ORIENTED_EDGE ( 'NONE', *, *, #2114, .F. ) ;
#990 = CARTESIAN_POINT ( 'NONE',  ( -1012.000000000000000, -1178.305262667903889, -544.9999999999996589 ) ) ;
#991 = DIRECTION ( 'NONE',  ( -5.551115123125782702E-17, -5.551115123125782702E-17, -1.000000000000000000 ) ) ;
#992 = VECTOR ( 'NONE', #912, 1000.000000000000000 ) ;
#993 = VERTEX_POINT ( 'NONE', #1931 ) ;
#994 = DIRECTION ( 'NONE',  ( 0.8660254037844380415, -0.000000000000000000, 0.5000000000000009992 ) ) ;
#995 = ORIENTED_EDGE ( 'NONE', *, *, #1081, .F. ) ;
#996 = EDGE_CURVE ( 'NONE', #1520, #926, #791, .T. ) ;
#997 = LINE ( 'NONE', #849, #1132 ) ;
#998 = PLANE ( 'NONE',  #1461 ) ;
#999 = ORIENTED_EDGE ( 'NONE', *, *, #413, .F. ) ;
#1000 = PLANE ( 'NONE',  #850 ) ;
#1001 = LINE ( 'NONE', #1503, #1407 ) ;
#1002 = ORIENTED_EDGE ( 'NONE', *, *, #903, .T. ) ;
#1003 = EDGE_CURVE ( 'NONE', #1902, #1260, #2097, .T. ) ;
#1004 = ORIENTED_EDGE ( 'NONE', *, *, #1837, .F. ) ;
#1005 = LINE ( 'NONE', #843, #863 ) ;
#1006 = CARTESIAN_POINT ( 'NONE',  ( -60.39637028918165385, -1178.305262667903662, -2162.441225635265710 ) ) ;
#1007 = ORIENTED_EDGE ( 'NONE', *, *, #1819, .T. ) ;
#1008 = CARTESIAN_POINT ( 'NONE',  ( -86.13935658392236405, -1243.159862015456838, -2209.016543151411042 ) ) ;
#1009 = FACE_OUTER_BOUND ( 'NONE', #356, .T. ) ;
#1010 = ORIENTED_EDGE ( 'NONE', *, *, #1326, .F. ) ;
#1011 = CARTESIAN_POINT ( 'NONE',  ( -997.4999999999994316, -1249.305262667903435, -549.3301270189217576 ) ) ;
#1012 = EDGE_CURVE ( 'NONE', #173, #1390, #1269, .T. ) ;
#1013 = PLANE ( 'NONE',  #85 ) ;
#1014 = ORIENTED_EDGE ( 'NONE', *, *, #2138, .T. ) ;
#1015 = EDGE_LOOP ( 'NONE', ( #514, #1014, #1651, #1405 ) ) ;
#1016 = VERTEX_POINT ( 'NONE', #949 ) ;
#1017 = DIRECTION ( 'NONE',  ( -5.551115123125782702E-17, 1.000000000000000000, -5.551115123125782702E-17 ) ) ;
#1018 = CARTESIAN_POINT ( 'NONE',  ( -1005.999999999999773, -1245.305262667903435, -608.9999999999990905 ) ) ;
#1019 = VERTEX_POINT ( 'NONE', #1914 ) ;
#1020 = EDGE_CURVE ( 'NONE', #697, #1248, #593, .T. ) ;
#1021 = VECTOR ( 'NONE', #88, 1000.000000000000000 ) ;
#1022 = CARTESIAN_POINT ( 'NONE',  ( -104.5636658821884026, -1174.305262667903889, -2169.941225635265710 ) ) ;
#1023 = VECTOR ( 'NONE', #1106, 1000.000000000000000 ) ;
#1024 = CARTESIAN_POINT ( 'NONE',  ( -111.2489165289596116, -1178.148795266753496, -2172.187592725972991 ) ) ;
#1025 = CARTESIAN_POINT ( 'NONE',  ( -1.526556658859590243E-13, -1178.305262667903889, -2169.941225635265710 ) ) ;
#1026 = EDGE_LOOP ( 'NONE', ( #520, #2019, #1168, #535 ) ) ;
#1027 = CYLINDRICAL_SURFACE ( 'NONE', #1793, 5.000000000000004441 ) ;
#1028 = DIRECTION ( 'NONE',  ( 0.5000000000000364153, 0.000000000000000000, -0.8660254037844176134 ) ) ;
#1029 = VERTEX_POINT ( 'NONE', #1778 ) ;
#1030 = EDGE_LOOP ( 'NONE', ( #34, #506, #1715, #435 ) ) ;
#1031 = ORIENTED_EDGE ( 'NONE', *, *, #639, .T. ) ;
#1032 = CARTESIAN_POINT ( 'NONE',  ( -1012.000000000000000, -1178.305262667903889, -608.9999999999998863 ) ) ;
#1033 = CARTESIAN_POINT ( 'NONE',  ( -453.3070301043418340, -1218.405262667903799, -1573.899999999999409 ) ) ;
#1034 = ORIENTED_EDGE ( 'NONE', *, *, #1121, .F. ) ;
#1035 = AXIS2_PLACEMENT_3D ( 'NONE', #196, #868, #705 ) ;
#1036 = CARTESIAN_POINT ( 'NONE',  ( -109.9528322067634321, -1176.248433214065244, -2171.063241776794712 ) ) ;
#1037 = VECTOR ( 'NONE', #1767, 1000.000000000000000 ) ;
#1038 = CARTESIAN_POINT ( 'NONE',  ( -1004.999999999999886, -1178.305262667903889, -608.9999999999998863 ) ) ;
#1039 = ORIENTED_EDGE ( 'NONE', *, *, #1225, .F. ) ;
#1040 = VECTOR ( 'NONE', #776, 1000.000000000000000 ) ;
#1041 = DIRECTION ( 'NONE',  ( 0.2773500981126181819, -0.8320502943378395022, -0.4803844614152664172 ) ) ;
#1042 = EDGE_CURVE ( 'NONE', #1098, #1444, #782, .T. ) ;
#1043 = VERTEX_POINT ( 'NONE', #1615 ) ;
#1044 = VERTEX_POINT ( 'NONE', #614 ) ;
#1045 = CARTESIAN_POINT ( 'NONE',  ( -4.440892098500626162E-13, -1245.305262667903662, -2213.242495824489197 ) ) ;
#1046 = DIRECTION ( 'NONE',  ( 5.551115123125782702E-17, 1.000000000000000000, -5.551115123125782702E-17 ) ) ;
#1047 = ORIENTED_EDGE ( 'NONE', *, *, #847, .F. ) ;
#1048 = ADVANCED_FACE ( 'NONE', ( #1740 ), #606, .T. ) ;
#1049 = CARTESIAN_POINT ( 'NONE',  ( -105.3854633314258535, -1178.341550634661417, -2169.707979448945480 ) ) ;
#1050 = LINE ( 'NONE', #110, #1077 ) ;
#1051 = EDGE_LOOP ( 'NONE', ( #695, #343, #1836, #642 ) ) ;
#1052 = LINE ( 'NONE', #2052, #1851 ) ;
#1053 = EDGE_LOOP ( 'NONE', ( #1654, #1507, #1702, #1670 ) ) ;
#1054 = PERSON_AND_ORGANIZATION ( #1428, #1171 ) ;
#1055 = ORIENTED_EDGE ( 'NONE', *, *, #1889, .F. ) ;
#1056 = DIRECTION ( 'NONE',  ( -1.000000000000000000, 0.000000000000000000, 0.000000000000000000 ) ) ;
#1057 = CARTESIAN_POINT ( 'NONE',  ( -80.62292011590436402, -1249.269826632918694, -2213.194367873729334 ) ) ;
#1058 = ORIENTED_EDGE ( 'NONE', *, *, #612, .F. ) ;
#1059 = EDGE_CURVE ( 'NONE', #1087, #543, #794, .T. ) ;
#1060 = CARTESIAN_POINT ( 'NONE',  ( -999.9999999999997726, -1249.305262667903435, -603.9999999999990905 ) ) ;
#1061 = VECTOR ( 'NONE', #253, 1000.000000000000227 ) ;
#1062 = DIRECTION ( 'NONE',  ( -5.551115123125782702E-17, 1.000000000000000000, -5.551115123125782702E-17 ) ) ;
#1063 = CARTESIAN_POINT ( 'NONE',  ( -90.69908626967718135, -1243.067111501382897, -2209.699518210860333 ) ) ;
#1064 = VECTOR ( 'NONE', #178, 1000.000000000000227 ) ;
#1065 = VERTEX_POINT ( 'NONE', #1265 ) ;
#1066 = PERSON_AND_ORGANIZATION ( #1428, #1171 ) ;
#1067 = ORIENTED_EDGE ( 'NONE', *, *, #824, .T. ) ;
#1068 = CARTESIAN_POINT ( 'NONE',  ( -997.4999999999995453, -1182.305262667903889, -639.3301270189220986 ) ) ;
#1069 = FACE_BOUND ( 'NONE', #2077, .T. ) ;
#1070 = ORIENTED_EDGE ( 'NONE', *, *, #1951, .F. ) ;
#1071 = EDGE_CURVE ( 'NONE', #1504, #1065, #1101, .T. ) ;
#1072 = LINE ( 'NONE', #248, #100 ) ;
#1073 = DIRECTION ( 'NONE',  ( -0.5000000000000007772, 1.665334536937735057E-16, 0.8660254037844381525 ) ) ;
#1074 = AXIS2_PLACEMENT_3D ( 'NONE', #174, #873, #50 ) ;
#1075 = FACE_OUTER_BOUND ( 'NONE', #880, .T. ) ;
#1076 = ORIENTED_EDGE ( 'NONE', *, *, #1606, .F. ) ;
#1077 = VECTOR ( 'NONE', #194, 1000.000000000000000 ) ;
#1078 = CARTESIAN_POINT ( 'NONE',  ( -108.3516410797058569, -1175.093562126452525, -2170.396046073205980 ) ) ;
#1079 = ORIENTED_EDGE ( 'NONE', *, *, #612, .T. ) ;
#1080 = ADVANCED_FACE ( 'NONE', ( #1110 ), #84, .F. ) ;
#1081 = EDGE_CURVE ( 'NONE', #1029, #1858, #120, .T. ) ;
#1082 = CARTESIAN_POINT ( 'NONE',  ( -81.76228211316750105, -1249.162630206526956, -2213.112259405051191 ) ) ;
#1083 = FACE_OUTER_BOUND ( 'NONE', #509, .T. ) ;
#1084 = ORIENTED_EDGE ( 'NONE', *, *, #338, .F. ) ;
#1085 = DIRECTION ( 'NONE',  ( -1.000000000000000000, -5.551115123125782702E-17, 5.551115123125782702E-17 ) ) ;
#1086 = DIRECTION ( 'NONE',  ( 5.551115123125782702E-17, 5.551115123125782702E-17, 1.000000000000000000 ) ) ;
#1087 = VERTEX_POINT ( 'NONE', #463 ) ;
#1088 = APPLICATION_PROTOCOL_DEFINITION ( 'international standard', 'config_control_design', 1994, #1391 ) ;
#1089 = CARTESIAN_POINT ( 'NONE',  ( -106.9671481689306773, -1174.602249177640033, -2170.121083188788361 ) ) ;
#1090 = ORIENTED_EDGE ( 'NONE', *, *, #460, .F. ) ;
#1091 = ADVANCED_FACE ( 'NONE', ( #1122 ), #809, .T. ) ;
#1092 = CARTESIAN_POINT ( 'NONE',  ( -80.58288699991861392, -1249.305262667903662, -2213.212530878789494 ) ) ;
#1093 = PLANE ( 'NONE',  #367 ) ;
#1094 = VERTEX_POINT ( 'NONE', #1624 ) ;
#1095 = CARTESIAN_POINT ( 'NONE',  ( -1005.999999999999773, -1249.305262667903435, 5.606626274357036743E-14 ) ) ;
#1096 = CARTESIAN_POINT ( 'NONE',  ( 375.1955611259035095, -1241.305262667903662, -3000.908582213249701 ) ) ;
#1097 = VECTOR ( 'NONE', #991, 1000.000000000000000 ) ;
#1098 = VERTEX_POINT ( 'NONE', #1469 ) ;
#1099 = VECTOR ( 'NONE', #643, 1000.000000000000000 ) ;
#1100 = DIRECTION ( 'NONE',  ( -5.551115123125782702E-17, -1.000000000000000000, -5.551115123125782702E-17 ) ) ;
#1101 = LINE ( 'NONE', #452, #406 ) ;
#1102 = ORIENTED_EDGE ( 'NONE', *, *, #2114, .T. ) ;
#1103 = LINE ( 'NONE', #1246, #898 ) ;
#1104 = CARTESIAN_POINT ( 'NONE',  ( -91.31893370557968126, -1241.717813218779156, -2208.881774697794299 ) ) ;
#1105 = DIRECTION ( 'NONE',  ( -3.059914374707771979E-14, 1.000000000000000000, -1.766642387934909087E-14 ) ) ;
#1106 = DIRECTION ( 'NONE',  ( -0.5000000000000009992, -0.000000000000000000, 0.8660254037844380415 ) ) ;
#1107 = CARTESIAN_POINT ( 'NONE',  ( -999.9999999999995453, -1178.305262667903889, -544.9999999999996589 ) ) ;
#1108 = VECTOR ( 'NONE', #422, 1000.000000000000000 ) ;
#1109 = CARTESIAN_POINT ( 'NONE',  ( -107.7956002404655038, -1179.391842480829382, -2169.825377958428362 ) ) ;
#1110 = FACE_OUTER_BOUND ( 'NONE', #1866, .T. ) ;
#1111 = ORIENTED_EDGE ( 'NONE', *, *, #2047, .T. ) ;
#1112 = APPROVAL_PERSON_ORGANIZATION ( #2042, #1438, #2075 ) ;
#1113 = VECTOR ( 'NONE', #900, 1000.000000000000000 ) ;
#1114 = ORIENTED_EDGE ( 'NONE', *, *, #533, .F. ) ;
#1115 = DIRECTION ( 'NONE',  ( 0.000000000000000000, 0.000000000000000000, 1.000000000000000000 ) ) ;
#1116 = ADVANCED_FACE ( 'NONE', ( #2122 ), #1296, .F. ) ;
#1117 = CYLINDRICAL_SURFACE ( 'NONE', #2084, 1.000000000000000888 ) ;
#1118 = DIRECTION ( 'NONE',  ( -5.551115123125782702E-17, 1.000000000000000000, -5.551115123125782702E-17 ) ) ;
#1119 = EDGE_CURVE ( 'NONE', #675, #1215, #1491, .T. ) ;
#1120 = CARTESIAN_POINT ( 'NONE',  ( 6.961098364399731508E-14, -1174.305262667903889, 2.220446049250313081E-16 ) ) ;
#1121 = EDGE_CURVE ( 'NONE', #424, #569, #1411, .T. ) ;
#1122 = FACE_OUTER_BOUND ( 'NONE', #1235, .T. ) ;
#1123 = EDGE_CURVE ( 'NONE', #1029, #345, #640, .T. ) ;
#1124 = CARTESIAN_POINT ( 'NONE',  ( -456.7711317194795697, -1218.405262667903799, -1575.899999999999409 ) ) ;
#1125 = DIRECTION ( 'NONE',  ( 5.551115123125782702E-17, 1.000000000000000000, 5.551115123125782702E-17 ) ) ;
#1126 = EDGE_CURVE ( 'NONE', #1925, #159, #302, .T. ) ;
#1127 = CARTESIAN_POINT ( 'NONE',  ( -456.7711317194795697, -1213.205262667903753, -1575.899999999999409 ) ) ;
#1128 = LINE ( 'NONE', #1786, #1355 ) ;
#1129 = DIRECTION ( 'NONE',  ( -5.551115123125782702E-17, -5.551115123125782702E-17, -1.000000000000000000 ) ) ;
#1130 = CIRCLE ( 'NONE', #2031, 4.999999999999893419 ) ;
#1131 = EDGE_LOOP ( 'NONE', ( #1186, #1257, #835, #1352 ) ) ;
#1132 = VECTOR ( 'NONE', #1817, 1000.000000000000000 ) ;
#1133 = DIRECTION ( 'NONE',  ( 0.5000000000000009992, 0.000000000000000000, -0.8660254037844380415 ) ) ;
#1134 = CARTESIAN_POINT ( 'NONE',  ( -997.4999999999993179, -1174.305262667903889, -549.3301270189216439 ) ) ;
#1135 = FACE_OUTER_BOUND ( 'NONE', #1030, .T. ) ;
#1136 = CARTESIAN_POINT ( 'NONE',  ( -45.49999999999999289, -1245.305262667903662, -2198.242495824487833 ) ) ;
#1137 = DIRECTION ( 'NONE',  ( 0.000000000000000000, -1.000000000000000000, 0.000000000000000000 ) ) ;
#1138 = CIRCLE ( 'NONE', #1792, 5.000000000000004441 ) ;
#1139 = VECTOR ( 'NONE', #1421, 1000.000000000000000 ) ;
#1140 = AXIS2_PLACEMENT_3D ( 'NONE', #1096, #747, #414 ) ;
#1141 = EDGE_CURVE ( 'NONE', #740, #1587, #830, .T. ) ;
#1142 = CARTESIAN_POINT ( 'NONE',  ( -999.9999999999996589, -1249.305262667903435, -544.9999999999996589 ) ) ;
#1143 = CARTESIAN_POINT ( 'NONE',  ( -79.56366588218743630, -1245.305262667903662, -2213.242495824489197 ) ) ;
#1144 = CARTESIAN_POINT ( 'NONE',  ( -999.9999999999995453, -1178.305262667903889, -603.9999999999998863 ) ) ;
#1145 = ORIENTED_EDGE ( 'NONE', *, *, #2017, .F. ) ;
#1146 = DIRECTION ( 'NONE',  ( 0.000000000000000000, 1.000000000000000000, 0.000000000000000000 ) ) ;
#1147 = CARTESIAN_POINT ( 'NONE',  ( -107.8157259480050811, -1179.415387717462636, -2169.840143362923300 ) ) ;
#1148 = EDGE_CURVE ( 'NONE', #1534, #2003, #1288, .T. ) ;
#1149 = FACE_OUTER_BOUND ( 'NONE', #538, .T. ) ;
#1150 = ADVANCED_FACE ( 'NONE', ( #803 ), #1960, .T. ) ;
#1151 = CARTESIAN_POINT ( 'NONE',  ( -1013.704735452360524, -1178.305262667903889, -585.2627018922203206 ) ) ;
#1152 = CARTESIAN_POINT ( 'NONE',  ( 3.580469254416129843E-14, -1174.305262667903889, -609.0000000000000000 ) ) ;
#1153 = DIRECTION ( 'NONE',  ( -0.4160251471689206948, -0.5547001962252353646, 0.7205766921228879962 ) ) ;
#1154 = CARTESIAN_POINT ( 'NONE',  ( -993.1698729810771056, -1178.305262667903889, -546.8301270189216439 ) ) ;
#1155 = DIRECTION ( 'NONE',  ( 0.000000000000000000, -1.000000000000000000, 0.000000000000000000 ) ) ;
#1156 = VERTEX_POINT ( 'NONE', #1476 ) ;
#1157 = VECTOR ( 'NONE', #27, 1000.000000000000000 ) ;
#1158 = CARTESIAN_POINT ( 'NONE',  ( -990.5717967697238464, -1241.305262667903662, -635.3301270189226670 ) ) ;
#1159 = LINE ( 'NONE', #2157, #1064 ) ;
#1160 = DIRECTION ( 'NONE',  ( -5.551115123125782702E-17, 1.000000000000000000, -5.551115123125782702E-17 ) ) ;
#1161 = VERTEX_POINT ( 'NONE', #1306 ) ;
#1162 = DIRECTION ( 'NONE',  ( 0.5000000000000009992, 0.000000000000000000, -0.8660254037844380415 ) ) ;
#1163 = DIRECTION ( 'NONE',  ( -5.551115123125782702E-17, 1.000000000000000000, -5.551115123125782702E-17 ) ) ;
#1164 = EDGE_LOOP ( 'NONE', ( #1031, #2025, #368, #83 ) ) ;
#1165 = CIRCLE ( 'NONE', #1939, 8.000000000000030198 ) ;
#1166 = ORIENTED_EDGE ( 'NONE', *, *, #1148, .F. ) ;
#1167 = LINE ( 'NONE', #884, #927 ) ;
#1168 = ORIENTED_EDGE ( 'NONE', *, *, #1618, .F. ) ;
#1169 = CARTESIAN_POINT ( 'NONE',  ( -80.20771364113763013, -1245.305262667903662, -2212.995398804175238 ) ) ;
#1170 = ADVANCED_FACE ( 'NONE', ( #169 ), #1000, .F. ) ;
#1171 = ORGANIZATION ( 'UNSPECIFIED', 'UNSPECIFIED', '' ) ;
#1172 = LINE ( 'NONE', #1152, #311 ) ;
#1173 = ORIENTED_EDGE ( 'NONE', *, *, #1308, .T. ) ;
#1174 = CARTESIAN_POINT ( 'NONE',  ( -1.526556658859590243E-13, -1178.305262667903889, -2169.941225635265710 ) ) ;
#1175 = CARTESIAN_POINT ( 'NONE',  ( -453.7689103196935889, -1213.205262667903753, -1581.099999999999227 ) ) ;
#1176 = ORIENTED_EDGE ( 'NONE', *, *, #1764, .T. ) ;
#1177 = ADVANCED_FACE ( 'NONE', ( #964 ), #479, .T. ) ;
#1178 = ORIENTED_EDGE ( 'NONE', *, *, #1606, .T. ) ;
#1179 = ORIENTED_EDGE ( 'NONE', *, *, #1738, .T. ) ;
#1180 = CARTESIAN_POINT ( 'NONE',  ( -1024.963065701558207, -1249.305262667903662, -591.7627018922203206 ) ) ;
#1181 = FACE_OUTER_BOUND ( 'NONE', #528, .T. ) ;
#1182 = ORIENTED_EDGE ( 'NONE', *, *, #1818, .F. ) ;
#1183 = DIRECTION ( 'NONE',  ( -5.551115123125782702E-17, -1.000000000000000000, -5.551115123125782702E-17 ) ) ;
#1184 = CARTESIAN_POINT ( 'NONE',  ( -106.5231825430354604, -1178.593136010450507, -2169.527266603038242 ) ) ;
#1185 = CARTESIAN_POINT ( 'NONE',  ( -1004.999999999999886, -1245.305262667903435, -608.9999999999990905 ) ) ;
#1186 = ORIENTED_EDGE ( 'NONE', *, *, #1465, .F. ) ;
#1187 = DIRECTION ( 'NONE',  ( 0.8660254037844380415, -0.000000000000000000, 0.5000000000000009992 ) ) ;
#1188 = CARTESIAN_POINT ( 'NONE',  ( -1004.999999999999886, -1249.305262667903435, -607.9999999999990905 ) ) ;
#1189 = ORIENTED_EDGE ( 'NONE', *, *, #258, .F. ) ;
#1190 = ORIENTED_EDGE ( 'NONE', *, *, #1020, .T. ) ;
#1191 = ORIENTED_EDGE ( 'NONE', *, *, #2108, .F. ) ;
#1192 = CARTESIAN_POINT ( 'NONE',  ( -450.3048087045557963, -1215.805262667903889, -1579.099999999999227 ) ) ;
#1193 = DIRECTION ( 'NONE',  ( 1.000000000000000000, 5.551115123125779621E-17, -6.001205538514363462E-16 ) ) ;
#1194 = AXIS2_PLACEMENT_3D ( 'NONE', #706, #1324, #495 ) ;
#1195 = ORIENTED_EDGE ( 'NONE', *, *, #2017, .T. ) ;
#1196 = AXIS2_PLACEMENT_3D ( 'NONE', #1018, #1193, #220 ) ;
#1197 = ADVANCED_FACE ( 'NONE', ( #657 ), #839, .T. ) ;
#1198 = CARTESIAN_POINT ( 'NONE',  ( -106.2305203969355887, -1178.504517404268654, -2169.550185069893359 ) ) ;
#1199 = CC_DESIGN_PERSON_AND_ORGANIZATION_ASSIGNMENT ( #230, #405, ( #518 ) ) ;
#1200 = DIRECTION ( 'NONE',  ( 5.551115123125782702E-17, -5.551115123125782702E-17, 1.000000000000000000 ) ) ;
#1201 = ORIENTED_EDGE ( 'NONE', *, *, #1852, .F. ) ;
#1202 = CYLINDRICAL_SURFACE ( 'NONE', #1309, 1.000000000000000888 ) ;
#1203 = CARTESIAN_POINT ( 'NONE',  ( -104.5636658821883884, -1178.305262667903662, -2169.941225635265710 ) ) ;
#1204 = ORIENTED_EDGE ( 'NONE', *, *, #547, .F. ) ;
#1205 = CALENDAR_DATE ( 2026, 11, 7 ) ;
#1206 = ORIENTED_EDGE ( 'NONE', *, *, #1916, .F. ) ;
#1207 = CARTESIAN_POINT ( 'NONE',  ( -990.5717967697237327, -1174.305262667903889, -635.3301270189224397 ) ) ;
#1208 = CARTESIAN_POINT ( 'NONE',  ( -1005.999999999999773, -1249.305262667903435, 5.606626274357036743E-14 ) ) ;
#1209 = CIRCLE ( 'NONE', #1646, 0.9999999999998898659 ) ;
#1210 = ORIENTED_EDGE ( 'NONE', *, *, #303, .F. ) ;
#1211 = CIRCLE ( 'NONE', #822, 5.000000000000004441 ) ;
#1212 = CARTESIAN_POINT ( 'NONE',  ( -107.5483619714791672, -1179.144901056861045, -2169.683193545105951 ) ) ;
#1213 = VECTOR ( 'NONE', #1073, 1000.000000000000227 ) ;
#1214 = DIRECTION ( 'NONE',  ( 0.000000000000000000, 0.000000000000000000, 1.000000000000000000 ) ) ;
#1215 = VERTEX_POINT ( 'NONE', #2131 ) ;
#1216 = AXIS2_PLACEMENT_3D ( 'NONE', #1974, #2011, #1489 ) ;
#1217 = CARTESIAN_POINT ( 'NONE',  ( -997.4999999999994316, -1249.305262667903435, -544.3301270189217576 ) ) ;
#1218 = ORIENTED_EDGE ( 'NONE', *, *, #1298, .T. ) ;
#1219 = APPROVAL_STATUS ( 'not_yet_approved' ) ;
#1220 = EDGE_CURVE ( 'NONE', #159, #1504, #1969, .T. ) ;
#1221 = VERTEX_POINT ( 'NONE', #1952 ) ;
#1222 = DIRECTION ( 'NONE',  ( 1.000000000000000000, 2.775557561562891351E-17, -1.054711873393898713E-15 ) ) ;
#1223 = CARTESIAN_POINT ( 'NONE',  ( -104.5636658821883884, -1178.305262667903662, -2169.941225635265710 ) ) ;
#1224 = ORIENTED_EDGE ( 'NONE', *, *, #631, .T. ) ;
#1225 = EDGE_CURVE ( 'NONE', #697, #205, #1804, .T. ) ;
#1226 = EDGE_CURVE ( 'NONE', #1696, #382, #152, .T. ) ;
#1227 = CARTESIAN_POINT ( 'NONE',  ( -107.8685488359510032, -1179.481238531956933, -2169.882672711140003 ) ) ;
#1228 = DIRECTION ( 'NONE',  ( -5.551115123125782702E-17, -1.000000000000000000, -5.551115123125782702E-17 ) ) ;
#1229 = CYLINDRICAL_SURFACE ( 'NONE', #1482, 5.000000000000004441 ) ;
#1230 = ORIENTED_EDGE ( 'NONE', *, *, #285, .F. ) ;
#1231 = APPROVAL_STATUS ( 'not_yet_approved' ) ;
#1232 = ORIENTED_EDGE ( 'NONE', *, *, #1747, .T. ) ;
#1233 = LINE ( 'NONE', #246, #155 ) ;
#1234 = CARTESIAN_POINT ( 'NONE',  ( -81.78305720005238300, -1249.105009524648494, -2213.084138528672611 ) ) ;
#1235 = EDGE_LOOP ( 'NONE', ( #1166, #76, #867, #226 ) ) ;
#1236 = VECTOR ( 'NONE', #12, 1000.000000000000000 ) ;
#1237 = CARTESIAN_POINT ( 'NONE',  ( -1011.999999999999773, -1245.305262667903435, -603.9999999999990905 ) ) ;
#1238 = VECTOR ( 'NONE', #2150, 1000.000000000000000 ) ;
#1239 = DIRECTION ( 'NONE',  ( -3.059914374707771979E-14, 1.000000000000000000, -1.766642387934909087E-14 ) ) ;
#1240 = ADVANCED_FACE ( 'NONE', ( #494 ), #1812, .F. ) ;
#1241 = ADVANCED_FACE ( 'NONE', ( #1848 ), #1350, .F. ) ;
#1242 = EDGE_LOOP ( 'NONE', ( #719, #1377, #1922, #995 ) ) ;
#1243 = PERSON_AND_ORGANIZATION ( #1428, #1171 ) ;
#1244 = CARTESIAN_POINT ( 'NONE',  ( -110.3021260292422028, -1176.633010787191552, -2171.285111938982936 ) ) ;
#1245 = ORIENTED_EDGE ( 'NONE', *, *, #1071, .T. ) ;
#1246 = CARTESIAN_POINT ( 'NONE',  ( -1005.999999999999773, -1245.305262667903435, -607.9999999999990905 ) ) ;
#1247 = LINE ( 'NONE', #1578, #1021 ) ;
#1248 = VERTEX_POINT ( 'NONE', #369 ) ;
#1249 = PLANE ( 'NONE',  #1769 ) ;
#1250 = LINE ( 'NONE', #2098, #1213 ) ;
#1251 = AXIS2_PLACEMENT_3D ( 'NONE', #1613, #1964, #291 ) ;
#1252 = AXIS2_PLACEMENT_3D ( 'NONE', #1278, #2086, #603 ) ;
#1253 = ORIENTED_EDGE ( 'NONE', *, *, #1725, .F. ) ;
#1254 = DATE_AND_TIME ( #1913, #204 ) ;
#1255 = AXIS2_PLACEMENT_3D ( 'NONE', #1120, #2115, #1628 ) ;
#1256 = CARTESIAN_POINT ( 'NONE',  ( -105.2712664239155060, -1174.305262667903889, -2169.963960533313639 ) ) ;
#1257 = ORIENTED_EDGE ( 'NONE', *, *, #547, .T. ) ;
#1258 = CARTESIAN_POINT ( 'NONE',  ( -82.63776581893358752, -1244.859739822489246, -2211.736727525402785 ) ) ;
#1259 = DIRECTION ( 'NONE',  ( 1.000000000000000000, -5.551115123125782702E-17, -5.551115123125782702E-17 ) ) ;
#1260 = VERTEX_POINT ( 'NONE', #922 ) ;
#1261 = DIRECTION ( 'NONE',  ( 1.000000000000000000, 5.551115123125782702E-17, 5.551115123125782702E-17 ) ) ;
#1262 = DIRECTION ( 'NONE',  ( -5.551115123125782702E-17, 1.000000000000000000, 5.551115123125782702E-17 ) ) ;
#1263 = ORIENTED_EDGE ( 'NONE', *, *, #1538, .T. ) ;
#1264 = CARTESIAN_POINT ( 'NONE',  ( -107.6889712145426898, -1179.276847940984453, -2169.756201023528320 ) ) ;
#1265 = CARTESIAN_POINT ( 'NONE',  ( -418.6660139529643061, -1213.205262667903526, -1641.899999999999181 ) ) ;
#1266 = ORIENTED_EDGE ( 'NONE', *, *, #1538, .F. ) ;
#1267 = DIRECTION ( 'NONE',  ( 0.000000000000000000, 0.000000000000000000, 1.000000000000000000 ) ) ;
#1268 = CARTESIAN_POINT ( 'NONE',  ( -994.0358983848619800, -1249.305262667903889, -637.3301270189218712 ) ) ;
#1269 = LINE ( 'NONE', #449, #1023 ) ;
#1270 = PLANE ( 'NONE',  #282 ) ;
#1271 = VECTOR ( 'NONE', #1707, 1000.000000000000000 ) ;
#1272 = CARTESIAN_POINT ( 'NONE',  ( -107.8449058000618948, -1179.451146847117798, -2169.863061502951041 ) ) ;
#1273 = CARTESIAN_POINT ( 'NONE',  ( -997.4999999999993179, -1178.305262667903889, -549.3301270189216439 ) ) ;
#1274 = EDGE_LOOP ( 'NONE', ( #165, #163, #2153, #2043, #1833, #587, #2139, #561, #941, #1354, #361, #730, #646, #889, #388, #73, #1253, #1677, #970, #870, #24 ) ) ;
#1275 = EDGE_CURVE ( 'NONE', #1902, #276, #1211, .T. ) ;
#1276 = CARTESIAN_POINT ( 'NONE',  ( -994.0358983848618664, -1182.305262667903889, -637.3301270189222123 ) ) ;
#1277 = CARTESIAN_POINT ( 'NONE',  ( -1021.498964086420528, -1182.305262667903889, -589.7627018922203206 ) ) ;
#1278 = CARTESIAN_POINT ( 'NONE',  ( -1004.999999999999886, -1245.305262667903435, -604.9999999999990905 ) ) ;
#1279 = CIRCLE ( 'NONE', #2041, 4.999999999999893419 ) ;
#1280 = ADVANCED_FACE ( 'NONE', ( #78 ), #1027, .F. ) ;
#1281 = CARTESIAN_POINT ( 'NONE',  ( -106.3861927410976449, -1178.548956723296442, -2169.534695750717674 ) ) ;
#1282 = CARTESIAN_POINT ( 'NONE',  ( -1004.999999999999886, -1245.305262667903435, -545.9999999999996589 ) ) ;
#1283 = EDGE_CURVE ( 'NONE', #2121, #1876, #2083, .T. ) ;
#1284 = CARTESIAN_POINT ( 'NONE',  ( -990.5717967697236190, -1178.305262667903889, -635.3301270189224397 ) ) ;
#1285 = DIRECTION ( 'NONE',  ( 5.551115123125782702E-17, 1.000000000000000000, 5.551115123125782702E-17 ) ) ;
#1286 = CARTESIAN_POINT ( 'NONE',  ( -997.4999999999997726, -1249.305262667903662, -639.3301270189218712 ) ) ;
#1287 = CARTESIAN_POINT ( 'NONE',  ( -105.0011465453003154, -1178.305262667903889, -2169.807872151909578 ) ) ;
#1288 = LINE ( 'NONE', #314, #298 ) ;
#1289 = B_SPLINE_CURVE_WITH_KNOTS ( 'NONE', 3,
 ( #1293, #1287, #1950, #1943, #133, #1794, #613, #1281, #286, #962, #1429, #2120, #801, #1614, #622, #293, #2091, #605, #105, #1458, #793, #1264, #1923, #1109, #139, #1272, #440, #312, #1467, #462, #467, #632, #1785, #954, #1622, #300 ),
 .UNSPECIFIED., .F., .F.,
 ( 4, 2, 2, 2, 2, 2, 2, 2, 2, 2, 2, 2, 2, 2, 2, 2, 2, 4 ),
 ( 0.000000000000000000, 0.1250000000000000000, 0.1875000000000000000, 0.2187500000000000000, 0.2343750000000000000, 0.2421875000000000000, 0.2460937500000000000, 0.2480468750000000000, 0.2500000000000000000, 0.3750000000000000000, 0.4375000000000000000, 0.4687500000000000000, 0.4843750000000000000, 0.4921875000000000000, 0.4960937500000000000, 0.5000000000000000000, 0.7500000000000000000, 1.000000000000000000 ),
 .UNSPECIFIED. ) ;
#1290 = CC_DESIGN_DATE_AND_TIME_ASSIGNMENT ( #1392, #904, ( #1908 ) ) ;
#1291 = CARTESIAN_POINT ( 'NONE',  ( -453.7689103196934752, -1218.405262667903799, -1581.099999999999227 ) ) ;
#1292 = CARTESIAN_POINT ( 'NONE',  ( -1011.999999999999773, -1245.305262667903435, -603.9999999999990905 ) ) ;
#1294 = VECTOR ( 'NONE', #530, 1000.000000000000000 ) ;
#1293 = CARTESIAN_POINT ( 'NONE',  ( -104.5636658821883884, -1178.305262667903662, -2169.941225635265710 ) ) ;
#1295 = CARTESIAN_POINT ( 'NONE',  ( -373.3869518086555672, -385.1559129642049015, -1712.325636153010009 ) ) ;
#1296 = PLANE ( 'NONE',  #1894 ) ;
#1297 = EDGE_CURVE ( 'NONE', #1861, #1393, #4, .T. ) ;
#1298 = EDGE_CURVE ( 'NONE', #926, #1019, #2069, .T. ) ;
#1299 = AXIS2_PLACEMENT_3D ( 'NONE', #64, #1904, #733 ) ;
#1300 = VERTEX_POINT ( 'NONE', #692 ) ;
#1301 = CARTESIAN_POINT ( 'NONE',  ( -1004.999999999999886, -1245.305262667903435, -548.9999999999996589 ) ) ;
#1302 = DIRECTION ( 'NONE',  ( 2.775557561562891351E-17, -1.000000000000000000, -0.000000000000000000 ) ) ;
#1303 = CARTESIAN_POINT ( 'NONE',  ( -1005.999999999999773, -1178.305262667903889, -548.9999999999996589 ) ) ;
#1304 = EDGE_CURVE ( 'NONE', #1156, #353, #676, .T. ) ;
#1305 = ORIENTED_EDGE ( 'NONE', *, *, #1647, .F. ) ;
#1306 = CARTESIAN_POINT ( 'NONE',  ( -999.9999999999986358, -1178.305262667904117, -609.0000000000011369 ) ) ;
#1307 = CARTESIAN_POINT ( 'NONE',  ( -110.2719896763425567, -1176.597031026331933, -2171.264339032266889 ) ) ;
#1308 = EDGE_CURVE ( 'NONE', #96, #565, #588, .T. ) ;
#1309 = AXIS2_PLACEMENT_3D ( 'NONE', #412, #1862, #1408 ) ;
#1310 = VECTOR ( 'NONE', #283, 1000.000000000000000 ) ;
#1311 = CARTESIAN_POINT ( 'NONE',  ( -418.6660139529640787, -1218.405262667903571, -1641.899999999999181 ) ) ;
#1312 = VECTOR ( 'NONE', #1160, 1000.000000000000000 ) ;
#1313 = CARTESIAN_POINT ( 'NONE',  ( -1005.999999999999773, -1178.305262667903889, -548.9999999999996589 ) ) ;
#1314 = DIRECTION ( 'NONE',  ( 5.551115123125782702E-17, 1.000000000000000000, 5.551115123125782702E-17 ) ) ;
#1315 = FACE_OUTER_BOUND ( 'NONE', #552, .T. ) ;
#1316 = DIRECTION ( 'NONE',  ( 1.000000000000000000, 2.775557561562891351E-17, -1.054711873393898713E-15 ) ) ;
#1317 = CARTESIAN_POINT ( 'NONE',  ( -111.1346035225555511, -1182.305262667903889, -2174.560027788782918 ) ) ;
#1318 = ORIENTED_EDGE ( 'NONE', *, *, #1951, .T. ) ;
#1319 = DIRECTION ( 'NONE',  ( 1.000000000000000000, -5.551115123125782702E-17, -5.551115123125782702E-17 ) ) ;
#1320 = DIRECTION ( 'NONE',  ( -3.059914374707771979E-14, 1.000000000000000000, -1.766642387934909087E-14 ) ) ;
#1321 = PLANE ( 'NONE',  #1655 ) ;
#1322 = ORIENTED_EDGE ( 'NONE', *, *, #1995, .F. ) ;
#1323 = DIRECTION ( 'NONE',  ( -5.551115123125782702E-17, -1.000000000000000000, -5.551115123125782702E-17 ) ) ;
#1324 = DIRECTION ( 'NONE',  ( 0.5000000000000009992, -2.129924444096731875E-29, -0.8660254037844380415 ) ) ;
#1325 = VERTEX_POINT ( 'NONE', #1337 ) ;
#1326 = EDGE_CURVE ( 'NONE', #424, #1724, #19, .T. ) ;
#1327 = ORIENTED_EDGE ( 'NONE', *, *, #470, .T. ) ;
#1328 = AXIS2_PLACEMENT_3D ( 'NONE', #320, #1796, #340 ) ;
#1329 = FACE_OUTER_BOUND ( 'NONE', #1744, .T. ) ;
#1330 = VERTEX_POINT ( 'NONE', #529 ) ;
#1331 = VECTOR ( 'NONE', #2113, 1000.000000000000000 ) ;
#1332 = ADVANCED_FACE ( 'NONE', ( #602 ), #1834, .T. ) ;
#1333 = CARTESIAN_POINT ( 'NONE',  ( -105.2716782363557826, -1174.305262667903889, -2169.963973764668481 ) ) ;
#1334 = EDGE_CURVE ( 'NONE', #1893, #1641, #1966, .T. ) ;
#1335 = CARTESIAN_POINT ( 'NONE',  ( -1004.999999999999886, -1174.305262667903889, -608.9999999999998863 ) ) ;
#1336 = PLANE ( 'NONE',  #2015 ) ;
#1337 = CARTESIAN_POINT ( 'NONE',  ( -79.56366588218743630, -1249.305262667903207, -2213.242495824489197 ) ) ;
#1338 = DIRECTION ( 'NONE',  ( 1.000000000000000000, 5.551115123125782702E-17, -5.551115123125782702E-17 ) ) ;
#1339 = ORIENTED_EDGE ( 'NONE', *, *, #1882, .T. ) ;
#1340 = EDGE_LOOP ( 'NONE', ( #1189, #49, #1191, #1815, #1090, #1799, #670, #1759, #711, #700, #878, #1039, #1737, #958, #1076, #1004, #755, #833, #1569 ) ) ;
#1341 = VECTOR ( 'NONE', #1508, 1000.000000000000000 ) ;
#1342 = VERTEX_POINT ( 'NONE', #746 ) ;
#1343 = CARTESIAN_POINT ( 'NONE',  ( -4.773959005888173124E-13, -1249.305262667903435, -603.9999999999992042 ) ) ;
#1344 = PLANE ( 'NONE',  #1196 ) ;
#1345 = ORIENTED_EDGE ( 'NONE', *, *, #285, .T. ) ;
#1346 = DIRECTION ( 'NONE',  ( 1.054711873393898713E-15, 5.551115123125788865E-17, 1.000000000000000000 ) ) ;
#1347 = CARTESIAN_POINT ( 'NONE',  ( -107.3113357512345942, -1174.703772140633646, -2170.174194105642073 ) ) ;
#1348 = PLANE ( 'NONE',  #2145 ) ;
#1349 = ORIENTED_EDGE ( 'NONE', *, *, #227, .T. ) ;
#1350 = CYLINDRICAL_SURFACE ( 'NONE', #940, 5.000000000000004441 ) ;
#1351 = DIRECTION ( 'NONE',  ( 3.725740204868141539E-15, -1.000000000000000000, 2.151057110211263280E-15 ) ) ;
#1352 = ORIENTED_EDGE ( 'NONE', *, *, #923, .F. ) ;
#1353 = VERTEX_POINT ( 'NONE', #1732 ) ;
#1354 = ORIENTED_EDGE ( 'NONE', *, *, #618, .F. ) ;
#1355 = VECTOR ( 'NONE', #1998, 1000.000000000000000 ) ;
#1356 = DIRECTION ( 'NONE',  ( 1.000000000000000000, 5.551115123125782702E-17, -5.551115123125782702E-17 ) ) ;
#1357 = CARTESIAN_POINT ( 'NONE',  ( -988.7416697508015204, -1174.305262667903889, -628.5000000000004547 ) ) ;
#1358 = VERTEX_POINT ( 'NONE', #1362 ) ;
#1359 = CARTESIAN_POINT ( 'NONE',  ( -106.3861927410976449, -1178.548956723296442, -2169.534695750717674 ) ) ;
#1360 = CARTESIAN_POINT ( 'NONE',  ( -45.49999999999999289, -1245.305262667903662, -2198.242495824487833 ) ) ;
#1361 = VERTEX_POINT ( 'NONE', #2026 ) ;
#1362 = CARTESIAN_POINT ( 'NONE',  ( -999.9999999999996589, -1174.305262667903889, -544.9999999999996589 ) ) ;
#1363 = LINE ( 'NONE', #694, #539 ) ;
#1364 = EDGE_LOOP ( 'NONE', ( #909, #1980, #86, #134 ) ) ;
#1365 = ORIENTED_EDGE ( 'NONE', *, *, #460, .T. ) ;
#1366 = CARTESIAN_POINT ( 'NONE',  ( -993.0717967697241875, -1249.305262667903662, -630.9999999999995453 ) ) ;
#1367 = LINE ( 'NONE', #51, #1675 ) ;
#1368 = VECTOR ( 'NONE', #1163, 1000.000000000000000 ) ;
#1369 = EDGE_LOOP ( 'NONE', ( #1750, #1182, #722, #906 ) ) ;
#1370 = CIRCLE ( 'NONE', #90, 0.9999999999998898659 ) ;
#1371 = B_SPLINE_CURVE_WITH_KNOTS ( 'NONE', 1,
 ( #869, #1203 ),
 .UNSPECIFIED., .F., .F.,
 ( 2, 2 ),
 ( 0.000000000000000000, 1.000000000000000000 ),
 .UNSPECIFIED. ) ;
#1372 = ADVANCED_FACE ( 'NONE', ( #544 ), #1202, .T. ) ;
#1373 = CARTESIAN_POINT ( 'NONE',  ( -106.4729338490861039, -1178.576318416818367, -2169.529192024785971 ) ) ;
#1374 = DIRECTION ( 'NONE',  ( -5.551115123125782702E-17, 5.551115123125782702E-17, -1.000000000000000000 ) ) ;
#1375 = ORIENTED_EDGE ( 'NONE', *, *, #1542, .T. ) ;
#1376 = CARTESIAN_POINT ( 'NONE',  ( -91.17049683093637213, -1242.128795901208150, -2209.138874906393994 ) ) ;
#1377 = ORIENTED_EDGE ( 'NONE', *, *, #464, .T. ) ;
#1378 = EDGE_CURVE ( 'NONE', #1991, #22, #1072, .T. ) ;
#1379 = PERSON_AND_ORGANIZATION_ROLE ( 'design_owner' ) ;
#1380 = ORIENTED_EDGE ( 'NONE', *, *, #1838, .F. ) ;
#1381 = ADVANCED_FACE ( 'NONE', ( #1571 ), #1249, .F. ) ;
#1382 = DIRECTION ( 'NONE',  ( 1.054711873393898713E-15, -5.551115123125788865E-17, 1.000000000000000000 ) ) ;
#1383 = LINE ( 'NONE', #1509, #181 ) ;
#1384 = VECTOR ( 'NONE', #1728, 1000.000000000000000 ) ;
#1385 = VERTEX_POINT ( 'NONE', #1770 ) ;
#1386 = CARTESIAN_POINT ( 'NONE',  ( -106.5109831075792783, -1178.588990160125604, -2169.527649135047341 ) ) ;
#1387 = CARTESIAN_POINT ( 'NONE',  ( -999.9999999999986358, -1178.305262667904117, -609.0000000000011369 ) ) ;
#1388 = VECTOR ( 'NONE', #451, 1000.000000000000000 ) ;
#1389 = LINE ( 'NONE', #1898, #812 ) ;
#1390 = VERTEX_POINT ( 'NONE', #1127 ) ;
#1391 = APPLICATION_CONTEXT ( 'configuration controlled 3d designs of mechanical parts and assemblies' ) ;
#1392 = DATE_AND_TIME ( #1205, #1462 ) ;
#1393 = VERTEX_POINT ( 'NONE', #1777 ) ;
#1394 = DIRECTION ( 'NONE',  ( 0.8660254037844380415, -0.000000000000000000, 0.5000000000000009992 ) ) ;
#1395 = FACE_OUTER_BOUND ( 'NONE', #1839, .T. ) ;
#1396 = EDGE_LOOP ( 'NONE', ( #182, #1365, #1869, #1566 ) ) ;
#1397 = EDGE_CURVE ( 'NONE', #2121, #395, #1289, .T. ) ;
#1398 = CARTESIAN_POINT ( 'NONE',  ( -999.9999999999995453, -1245.305262667903435, 0.000000000000000000 ) ) ;
#1399 = FACE_OUTER_BOUND ( 'NONE', #808, .T. ) ;
#1400 = ORIENTED_EDGE ( 'NONE', *, *, #1896, .T. ) ;
#1401 = MECHANICAL_CONTEXT ( 'NONE', #1391, 'mechanical' ) ;
#1402 = ORIENTED_EDGE ( 'NONE', *, *, #795, .T. ) ;
#1403 = CARTESIAN_POINT ( 'NONE',  ( -45.49999999999999289, -1249.305262667903662, -2198.242495824487833 ) ) ;
#1404 = CARTESIAN_POINT ( 'NONE',  ( -1011.999999999999773, -1245.305262667903435, -549.9999999999996589 ) ) ;
#1405 = ORIENTED_EDGE ( 'NONE', *, *, #177, .F. ) ;
#1406 = EDGE_CURVE ( 'NONE', #382, #439, #381, .T. ) ;
#1407 = VECTOR ( 'NONE', #1028, 1000.000000000000114 ) ;
#1408 = DIRECTION ( 'NONE',  ( 0.000000000000000000, 0.000000000000000000, 1.000000000000000000 ) ) ;
#1409 = VECTOR ( 'NONE', #1259, 1000.000000000000000 ) ;
#1410 = LINE ( 'NONE', #437, #1452 ) ;
#1411 = CIRCLE ( 'NONE', #1328, 8.000000000000030198 ) ;
#1412 = EDGE_CURVE ( 'NONE', #1847, #1902, #969, .T. ) ;
#1413 = CARTESIAN_POINT ( 'NONE',  ( -415.2019123378265704, -1215.805262667903662, -1639.899999999999181 ) ) ;
#1414 = AXIS2_PLACEMENT_3D ( 'NONE', #1801, #1302, #823 ) ;
#1415 = ORIENTED_EDGE ( 'NONE', *, *, #1119, .F. ) ;
#1416 = PERSON_AND_ORGANIZATION ( #1428, #1171 ) ;
#1417 = CARTESIAN_POINT ( 'NONE',  ( -110.2318078874516232, -1176.549058003654864, -2171.236641831961151 ) ) ;
#1418 = ORIENTED_EDGE ( 'NONE', *, *, #1720, .F. ) ;
#1419 = LINE ( 'NONE', #1600, #1384 ) ;
#1420 = ORIENTED_EDGE ( 'NONE', *, *, #1979, .F. ) ;
#1421 = DIRECTION ( 'NONE',  ( -5.551115123125782702E-17, 5.551115123125782702E-17, -1.000000000000000000 ) ) ;
#1422 = LINE ( 'NONE', #1933, #383 ) ;
#1423 = AXIS2_PLACEMENT_3D ( 'NONE', #536, #1716, #894 ) ;
#1424 = VECTOR ( 'NONE', #1516, 1000.000000000000000 ) ;
#1425 = CIRCLE ( 'NONE', #1595, 0.9999999999998898659 ) ;
#1426 = AXIS2_PLACEMENT_3D ( 'NONE', #1739, #429, #60 ) ;
#1427 = ORIENTED_EDGE ( 'NONE', *, *, #1977, .T. ) ;
#1428 = PERSON ( 'UNSPECIFIED', 'UNSPECIFIED', 'UNSPECIFIED', ('UNSPECIFIED'), ('UNSPECIFIED'), ('UNSPECIFIED') ) ;
#1429 = CARTESIAN_POINT ( 'NONE',  ( -106.4729338490861039, -1178.576318416818367, -2169.529192024785971 ) ) ;
#1430 = VECTOR ( 'NONE', #1765, 1000.000000000000000 ) ;
#1431 = CARTESIAN_POINT ( 'NONE',  ( -107.5770552815715888, -1174.792650778689222, -2170.222240559028251 ) ) ;
#1432 = ORIENTED_EDGE ( 'NONE', *, *, #847, .T. ) ;
#1433 = DIRECTION ( 'NONE',  ( -5.551115123125782702E-17, 1.000000000000000000, -5.551115123125782702E-17 ) ) ;
#1434 = CARTESIAN_POINT ( 'NONE',  ( -80.07423297730605327, -1249.305262667904117, -2213.227485229619106 ) ) ;
#1435 = ORIENTED_EDGE ( 'NONE', *, *, #616, .F. ) ;
#1436 = ADVANCED_FACE ( 'NONE', ( #1958 ), #948, .T. ) ;
#1437 = LINE ( 'NONE', #1268, #485 ) ;
#1438 = APPROVAL ( #1231, 'UNSPECIFIED' ) ;
#1439 = DIRECTION ( 'NONE',  ( -5.551115123125782702E-17, 5.551115123125782702E-17, -1.000000000000000000 ) ) ;
#1440 = CARTESIAN_POINT ( 'NONE',  ( -453.3070301043418340, -1213.205262667903753, -1573.899999999999409 ) ) ;
#1441 = LINE ( 'NONE', #1934, #1388 ) ;
#1442 = CARTESIAN_POINT ( 'NONE',  ( -109.4753290455708452, -1175.818912007938252, -2170.815603100997578 ) ) ;
#1443 = ADVANCED_FACE ( 'NONE', ( #1135 ), #124, .T. ) ;
#1444 = VERTEX_POINT ( 'NONE', #938 ) ;
#1445 = CARTESIAN_POINT ( 'NONE',  ( -86.29481621174295469, -1247.359572232441451, -2212.116459052429491 ) ) ;
#1446 = FACE_OUTER_BOUND ( 'NONE', #891, .T. ) ;
#1447 = DIRECTION ( 'NONE',  ( -5.551115123125782702E-17, 1.000000000000000000, -5.551115123125782702E-17 ) ) ;
#1448 = CARTESIAN_POINT ( 'NONE',  ( -999.9999999999995453, -1178.305262667903889, 4.163336342344337027E-14 ) ) ;
#1449 = AXIS2_PLACEMENT_3D ( 'NONE', #1743, #932, #1717 ) ;
#1450 = CARTESIAN_POINT ( 'NONE',  ( -988.7416697508017478, -1245.305262667903435, -628.4999999999996589 ) ) ;
#1451 = CARTESIAN_POINT ( 'NONE',  ( -110.3668197913837048, -1176.713003744969683, -2171.331317144960394 ) ) ;
#1452 = VECTOR ( 'NONE', #249, 1000.000000000000000 ) ;
#1453 = EDGE_CURVE ( 'NONE', #1221, #61, #1596, .T. ) ;
#1454 = CARTESIAN_POINT ( 'NONE',  ( -1004.999999999999886, -1178.305262667903889, -607.9999999999998863 ) ) ;
#1455 = CYLINDRICAL_SURFACE ( 'NONE', #310, 5.000000000000004441 ) ;
#1456 = CARTESIAN_POINT ( 'NONE',  ( -997.4999999999993179, -1174.305262667903889, -544.3301270189216439 ) ) ;
#1457 = AXIS2_PLACEMENT_3D ( 'NONE', #2020, #1382, #1222 ) ;
#1458 = CARTESIAN_POINT ( 'NONE',  ( -107.4441470848471880, -1179.062087337920957, -2169.642899649201354 ) ) ;
#1459 = CARTESIAN_POINT ( 'NONE',  ( -110.0861605387363085, -1176.384241202893463, -2171.141541919570955 ) ) ;
#1460 = APPROVAL ( #1219, 'UNSPECIFIED' ) ;
#1461 = AXIS2_PLACEMENT_3D ( 'NONE', #1514, #1997, #17 ) ;
#1462 = LOCAL_TIME ( 16, 43, 22.00000000000000000, #2062 ) ;
#1463 = DIRECTION ( 'NONE',  ( 0.8660254037844380415, -0.000000000000000000, 0.5000000000000009992 ) ) ;
#1464 = CARTESIAN_POINT ( 'NONE',  ( -1011.999999999999773, -1245.305262667903435, -608.9999999999990905 ) ) ;
#1465 = EDGE_CURVE ( 'NONE', #371, #871, #1441, .T. ) ;
#1466 = EDGE_CURVE ( 'NONE', #543, #1044, #114, .T. ) ;
#1467 = CARTESIAN_POINT ( 'NONE',  ( -107.8732014769652494, -1179.487289434039667, -2169.886652524580768 ) ) ;
#1468 = FACE_OUTER_BOUND ( 'NONE', #502, .T. ) ;
#1469 = CARTESIAN_POINT ( 'NONE',  ( -104.5636658821883884, -1174.305262667904117, -2169.941225635265710 ) ) ;
#1470 = CARTESIAN_POINT ( 'NONE',  ( -64.72649730810343272, -1178.305262667903889, -2169.941225635265710 ) ) ;
#1471 = FACE_OUTER_BOUND ( 'NONE', #229, .T. ) ;
#1472 = EDGE_CURVE ( 'NONE', #1711, #1599, #513, .T. ) ;
#1474 = CIRCLE ( 'NONE', #363, 4.999999999999893419 ) ;
#1473 = LINE ( 'NONE', #1657, #1771 ) ;
#1475 = EDGE_LOOP ( 'NONE', ( #2053, #1692, #715, #242 ) ) ;
#1476 = CARTESIAN_POINT ( 'NONE',  ( -88.00383524075094499, -1241.305262667903662, -2206.623693670971079 ) ) ;
#1477 = AXIS2_PLACEMENT_3D ( 'NONE', #1496, #332, #1536 ) ;
#1478 = CARTESIAN_POINT ( 'NONE',  ( -107.7020557671742012, -1174.838198959741931, -2170.247715519066787 ) ) ;
#1479 = DIRECTION ( 'NONE',  ( 2.775557561562891351E-17, -1.000000000000000000, -0.000000000000000000 ) ) ;
#1480 = DIRECTION ( 'NONE',  ( -1.000000000000000000, 0.000000000000000000, 0.000000000000000000 ) ) ;
#1482 = AXIS2_PLACEMENT_3D ( 'NONE', #749, #214, #2060 ) ;
#1481 = CARTESIAN_POINT ( 'NONE',  ( -1004.999999999999886, -1174.305262667903889, -603.9999999999998863 ) ) ;
#1483 = ORIENTED_EDGE ( 'NONE', *, *, #953, .T. ) ;
#1484 = CARTESIAN_POINT ( 'NONE',  ( -1004.999999999999886, -1245.305262667903435, -545.9999999999996589 ) ) ;
#1485 = DIRECTION ( 'NONE',  ( -0.000000000000000000, -1.000000000000000000, -0.000000000000000000 ) ) ;
#1486 = LINE ( 'NONE', #2118, #2104 ) ;
#1487 = VECTOR ( 'NONE', #318, 1000.000000000000000 ) ;
#1488 = DIRECTION ( 'NONE',  ( 0.000000000000000000, 1.000000000000000000, 0.000000000000000000 ) ) ;
#1489 = DIRECTION ( 'NONE',  ( -0.8660254037844395958, 0.000000000000000000, -0.4999999999999985567 ) ) ;
#1490 = DIRECTION ( 'NONE',  ( 0.5000000000000009992, 0.000000000000000000, -0.8660254037844380415 ) ) ;
#1491 = LINE ( 'NONE', #990, #582 ) ;
#1492 = ADVANCED_FACE ( 'NONE', ( #1009 ), #1321, .F. ) ;
#1493 = CARTESIAN_POINT ( 'NONE',  ( -108.8252024457972738, -1182.305262667903889, -2173.226694455449433 ) ) ;
#1494 = EDGE_CURVE ( 'NONE', #276, #261, #853, .T. ) ;
#1495 = ORIENTED_EDGE ( 'NONE', *, *, #1996, .F. ) ;
#1496 = CARTESIAN_POINT ( 'NONE',  ( -45.49999999999998579, -1245.305262667903662, -2208.242495824489197 ) ) ;
#1497 = ORIENTED_EDGE ( 'NONE', *, *, #761, .F. ) ;
#1498 = CARTESIAN_POINT ( 'NONE',  ( -87.29038077897908465, -1242.186187084643279, -2207.731501178217968 ) ) ;
#1499 = EDGE_CURVE ( 'NONE', #1525, #1579, #1172, .T. ) ;
#1500 = DIRECTION ( 'NONE',  ( 1.000000000000000000, -2.775557561562891351E-17, -1.054711873393898713E-15 ) ) ;
#1501 = ORIENTED_EDGE ( 'NONE', *, *, #2058, .T. ) ;
#1502 = DIRECTION ( 'NONE',  ( 1.054711873393898713E-15, -5.551115123125788865E-17, 1.000000000000000000 ) ) ;
#1503 = CARTESIAN_POINT ( 'NONE',  ( -413.7008016379334094, -1218.405262667903571, -1642.499999999999091 ) ) ;
#1504 = VERTEX_POINT ( 'NONE', #180 ) ;
#1505 = AXIS2_PLACEMENT_3D ( 'NONE', #683, #1046, #844 ) ;
#1506 = ADVANCED_FACE ( 'NONE', ( #807 ), #998, .F. ) ;
#1507 = ORIENTED_EDGE ( 'NONE', *, *, #121, .F. ) ;
#1508 = DIRECTION ( 'NONE',  ( 0.5000000000000009992, 0.000000000000000000, -0.8660254037844380415 ) ) ;
#1509 = CARTESIAN_POINT ( 'NONE',  ( -453.3070301043418340, -1213.205262667903753, -1573.899999999999409 ) ) ;
#1510 = ORIENTED_EDGE ( 'NONE', *, *, #735, .F. ) ;
#1511 = VECTOR ( 'NONE', #1626, 1000.000000000000000 ) ;
#1512 = CARTESIAN_POINT ( 'NONE',  ( -88.00383524075094499, -1241.305262667903662, -2206.623693670971079 ) ) ;
#1513 = CARTESIAN_POINT ( 'NONE',  ( -107.8824221802405816, -1179.499427125984539, -2169.894676020883708 ) ) ;
#1514 = CARTESIAN_POINT ( 'NONE',  ( -1013.704735452354953, -1245.305262667903435, -585.2627018922303250 ) ) ;
#1515 = ORIENTED_EDGE ( 'NONE', *, *, #745, .F. ) ;
#1516 = DIRECTION ( 'NONE',  ( -5.551115123125782702E-17, 1.000000000000000000, -5.551115123125782702E-17 ) ) ;
#1517 = DIRECTION ( 'NONE',  ( 2.775557561562891351E-17, 1.000000000000000000, -0.000000000000000000 ) ) ;
#1518 = ORIENTED_EDGE ( 'NONE', *, *, #1220, .T. ) ;
#1519 = CC_DESIGN_PERSON_AND_ORGANIZATION_ASSIGNMENT ( #1416, #396, ( #342 ) ) ;
#1520 = VERTEX_POINT ( 'NONE', #1810 ) ;
#1521 = CIRCLE ( 'NONE', #1423, 0.9999999999998898659 ) ;
#1522 = ORIENTED_EDGE ( 'NONE', *, *, #913, .F. ) ;
#1523 = CARTESIAN_POINT ( 'NONE',  ( -997.4999999999993179, -1178.305262667903889, -544.3301270189216439 ) ) ;
#1524 = CARTESIAN_POINT ( 'NONE',  ( -453.3070301043418340, -1218.405262667903799, -1573.899999999999409 ) ) ;
#1525 = VERTEX_POINT ( 'NONE', #1335 ) ;
#1526 = VECTOR ( 'NONE', #492, 1000.000000000000000 ) ;
#1527 = CARTESIAN_POINT ( 'NONE',  ( -106.2948824336811100, -1178.522056051817799, -2169.542802077332908 ) ) ;
#1528 = ADVANCED_FACE ( 'NONE', ( #690 ), #1348, .F. ) ;
#1529 = CARTESIAN_POINT ( 'NONE',  ( -412.1996909380403622, -1215.805262667903662, -1645.099999999999227 ) ) ;
#1530 = ORIENTED_EDGE ( 'NONE', *, *, #505, .T. ) ;
#1531 = DIRECTION ( 'NONE',  ( 1.000000000000000000, -5.551115123125782702E-17, 5.551115123125782702E-17 ) ) ;
#1532 = DIRECTION ( 'NONE',  ( 0.000000000000000000, 0.000000000000000000, 1.000000000000000000 ) ) ;
#1533 = ORIENTED_EDGE ( 'NONE', *, *, #795, .F. ) ;
#1534 = VERTEX_POINT ( 'NONE', #1481 ) ;
#1535 = DIRECTION ( 'NONE',  ( 1.000000000000000000, -5.551115123125782702E-17, 5.551115123125782702E-17 ) ) ;
#1536 = DIRECTION ( 'NONE',  ( 0.000000000000000000, 0.000000000000000000, 1.000000000000000000 ) ) ;
#1537 = ORIENTED_EDGE ( 'NONE', *, *, #1499, .T. ) ;
#1538 = EDGE_CURVE ( 'NONE', #1724, #1773, #771, .T. ) ;
#1539 = CARTESIAN_POINT ( 'NONE',  ( -110.3513328294840932, -1176.693591584064961, -2171.320102248829699 ) ) ;
#1540 = DIRECTION ( 'NONE',  ( 0.000000000000000000, 0.000000000000000000, 1.000000000000000000 ) ) ;
#1541 = ORIENTED_EDGE ( 'NONE', *, *, #892, .F. ) ;
#1542 = EDGE_CURVE ( 'NONE', #1825, #1915, #1473, .T. ) ;
#1543 = DIRECTION ( 'NONE',  ( 0.5000000000000052180, 0.000000000000000000, -0.8660254037844355990 ) ) ;
#1544 = ORIENTED_EDGE ( 'NONE', *, *, #1003, .T. ) ;
#1545 = EDGE_LOOP ( 'NONE', ( #1574, #57, #1173, #1435, #372, #2101, #858, #1204, #1318, #168, #239, #930, #55, #598, #1881, #696, #1629, #1993, #107, #1058, #1850 ) ) ;
#1546 = DIRECTION ( 'NONE',  ( 0.5000000000000009992, 0.000000000000000000, -0.8660254037844380415 ) ) ;
#1547 = DIRECTION ( 'NONE',  ( 0.5000000000000009992, 0.000000000000000000, -0.8660254037844380415 ) ) ;
#1548 = ORIENTED_EDGE ( 'NONE', *, *, #761, .T. ) ;
#1549 = AXIS2_PLACEMENT_3D ( 'NONE', #1992, #1828, #175 ) ;
#1550 = CARTESIAN_POINT ( 'NONE',  ( -110.3218568913937077, -1176.657214396009977, -2171.299090777354650 ) ) ;
#1551 = FACE_OUTER_BOUND ( 'NONE', #2155, .T. ) ;
#1552 = ORIENTED_EDGE ( 'NONE', *, *, #777, .F. ) ;
#1553 = LINE ( 'NONE', #56, #1580 ) ;
#1554 = ORIENTED_EDGE ( 'NONE', *, *, #1588, .T. ) ;
#1555 = EDGE_LOOP ( 'NONE', ( #1047, #235, #594, #43 ) ) ;
#1556 = CARTESIAN_POINT ( 'NONE',  ( -999.9999999999995453, -1245.305262667903435, -549.9999999999996589 ) ) ;
#1557 = CARTESIAN_POINT ( 'NONE',  ( -997.4999999999993179, -1178.305262667903889, -544.3301270189216439 ) ) ;
#1558 = AXIS2_PLACEMENT_3D ( 'NONE', #2065, #1433, #1891 ) ;
#1559 = VERTEX_POINT ( 'NONE', #1144 ) ;
#1560 = CARTESIAN_POINT ( 'NONE',  ( -108.0397456592029073, -1181.718385099349689, -2171.920478850313884 ) ) ;
#1561 = LINE ( 'NONE', #378, #2005 ) ;
#1562 = CARTESIAN_POINT ( 'NONE',  ( -451.8059194044486730, -1218.405262667903799, -1576.499999999999545 ) ) ;
#1563 = ORIENTED_EDGE ( 'NONE', *, *, #1126, .T. ) ;
#1564 = COORDINATED_UNIVERSAL_TIME_OFFSET ( 10, 0, .AHEAD. ) ;
#1565 = ADVANCED_FACE ( 'NONE', ( #645 ), #167, .F. ) ;
#1566 = ORIENTED_EDGE ( 'NONE', *, *, #577, .F. ) ;
#1567 = CARTESIAN_POINT ( 'NONE',  ( -1005.999999999999773, -1249.305262667903435, -604.9999999999990905 ) ) ;
#1568 = CARTESIAN_POINT ( 'NONE',  ( -83.65906350720341322, -1248.601320284437861, -2212.796622178859252 ) ) ;
#1569 = ORIENTED_EDGE ( 'NONE', *, *, #631, .F. ) ;
#1570 = ADVANCED_FACE ( 'NONE', ( #1802 ), #1686, .T. ) ;
#1571 = FACE_OUTER_BOUND ( 'NONE', #1555, .T. ) ;
#1572 = CARTESIAN_POINT ( 'NONE',  ( -108.2555947947259227, -1180.227028967328579, -2170.459397616941715 ) ) ;
#1573 = DIRECTION ( 'NONE',  ( 0.2773500981126181819, -0.8320502943378395022, -0.4803844614152664172 ) ) ;
#1574 = ORIENTED_EDGE ( 'NONE', *, *, #1412, .F. ) ;
#1575 = CARTESIAN_POINT ( 'NONE',  ( -106.7164870606772098, -1174.539479326649371, -2170.089405956139672 ) ) ;
#1576 = ORIENTED_EDGE ( 'NONE', *, *, #1378, .T. ) ;
#1577 = CARTESIAN_POINT ( 'NONE',  ( -79.56366588218772051, -1245.305262667903662, -2213.242495824488742 ) ) ;
#1578 = CARTESIAN_POINT ( 'NONE',  ( -64.72649730810343272, -1178.305262667903889, -2169.941225635265710 ) ) ;
#1579 = VERTEX_POINT ( 'NONE', #837 ) ;
#1580 = VECTOR ( 'NONE', #1863, 1000.000000000000000 ) ;
#1581 = CARTESIAN_POINT ( 'NONE',  ( -4.440892098500626162E-13, -1245.305262667903662, -2213.242495824489197 ) ) ;
#1582 = VECTOR ( 'NONE', #423, 1000.000000000000000 ) ;
#1583 = CARTESIAN_POINT ( 'NONE',  ( -41.16987298107810034, -1245.305262667903889, -2195.742495824488287 ) ) ;
#1584 = B_SPLINE_CURVE_WITH_KNOTS ( 'NONE', 3,
 ( #1661, #856, #1672, #665 ),
 .UNSPECIFIED., .F., .F.,
 ( 4, 4 ),
 ( 0.000000000000000000, 1.000000000000000000 ),
 .UNSPECIFIED. ) ;
#1585 = ORIENTED_EDGE ( 'NONE', *, *, #2072, .F. ) ;
#1586 = CARTESIAN_POINT ( 'NONE',  ( -111.4265969883447838, -1181.150598511129374, -2173.925042859111272 ) ) ;
#1587 = VERTEX_POINT ( 'NONE', #1303 ) ;
#1588 = EDGE_CURVE ( 'NONE', #1579, #1991, #501, .T. ) ;
#1589 = CARTESIAN_POINT ( 'NONE',  ( -990.5717967697240738, -1249.305262667903435, -635.3301270189216439 ) ) ;
#1590 = CARTESIAN_POINT ( 'NONE',  ( -1021.498964086420528, -1249.305262667903662, -589.7627018922203206 ) ) ;
#1591 = ORIENTED_EDGE ( 'NONE', *, *, #1406, .F. ) ;
#1592 = DIRECTION ( 'NONE',  ( 0.8660254037844380415, -0.000000000000000000, 0.5000000000000009992 ) ) ;
#1593 = DIRECTION ( 'NONE',  ( -0.8660254037844395958, 0.000000000000000000, -0.4999999999999985567 ) ) ;
#1594 = AXIS2_PLACEMENT_3D ( 'NONE', #637, #1100, #2099 ) ;
#1595 = AXIS2_PLACEMENT_3D ( 'NONE', #737, #1766, #620 ) ;
#1596 = LINE ( 'NONE', #477, #1040 ) ;
#1597 = AXIS2_PLACEMENT_3D ( 'NONE', #619, #555, #1115 ) ;
#1598 = CARTESIAN_POINT ( 'NONE',  ( -110.3513177849450955, -1176.693600555995090, -2171.320107650484715 ) ) ;
#1599 = VERTEX_POINT ( 'NONE', #977 ) ;
#1600 = CARTESIAN_POINT ( 'NONE',  ( -1012.000000000000000, -1178.305262667903889, -549.9999999999996589 ) ) ;
#1601 = CARTESIAN_POINT ( 'NONE',  ( -89.60569663630822390, -1244.527623897603689, -2210.530438988246260 ) ) ;
#1602 = CARTESIAN_POINT ( 'NONE',  ( -40.50000000000019895, -1249.305262667903435, 2.470246229790959892E-15 ) ) ;
#1603 = ADVANCED_FACE ( 'NONE', ( #327 ), #150, .F. ) ;
#1604 = LINE ( 'NONE', #1277, #1797 ) ;
#1605 = DIRECTION ( 'NONE',  ( -1.000000000000000000, 0.000000000000000000, 0.000000000000000000 ) ) ;
#1606 = EDGE_CURVE ( 'NONE', #1353, #1874, #816, .T. ) ;
#1607 = CARTESIAN_POINT ( 'NONE',  ( -1004.999999999999886, -1245.305262667903435, -607.9999999999990905 ) ) ;
#1608 = EDGE_CURVE ( 'NONE', #323, #1044, #158, .T. ) ;
#1609 = CARTESIAN_POINT ( 'NONE',  ( -107.4207723859829002, -1174.738849435731481, -2170.192834944373317 ) ) ;
#1610 = EDGE_LOOP ( 'NONE', ( #2089, #1114, #1961, #99 ) ) ;
#1611 = CARTESIAN_POINT ( 'NONE',  ( -1004.999999999999886, -1249.305262667903435, -603.9999999999990905 ) ) ;
#1612 = LINE ( 'NONE', #1948, #942 ) ;
#1613 = CARTESIAN_POINT ( 'NONE',  ( -1004.999999999999886, -1245.305262667903435, -607.9999999999990905 ) ) ;
#1614 = CARTESIAN_POINT ( 'NONE',  ( -106.5109831075792783, -1178.588990160125604, -2169.527649135047341 ) ) ;
#1615 = CARTESIAN_POINT ( 'NONE',  ( -45.49999999999998579, -1245.305262667903662, -2213.242495824489197 ) ) ;
#1616 = AXIS2_PLACEMENT_3D ( 'NONE', #961, #1125, #156 ) ;
#1617 = EDGE_CURVE ( 'NONE', #1534, #205, #674, .T. ) ;
#1618 = EDGE_CURVE ( 'NONE', #1260, #261, #731, .T. ) ;
#1619 = CARTESIAN_POINT ( 'NONE',  ( -450.3048087045557963, -1213.205262667903753, -1579.099999999999227 ) ) ;
#1620 = CARTESIAN_POINT ( 'NONE',  ( -999.9999999999995453, -1245.305262667903435, -549.9999999999996589 ) ) ;
#1621 = CIRCLE ( 'NONE', #1074, 0.9999999999998898659 ) ;
#1622 = CARTESIAN_POINT ( 'NONE',  ( -108.0397456592029073, -1181.718385099349689, -2171.920478850313884 ) ) ;
#1623 = VERTEX_POINT ( 'NONE', #703 ) ;
#1624 = CARTESIAN_POINT ( 'NONE',  ( -415.2019123378265135, -1218.405262667903571, -1639.899999999999409 ) ) ;
#1625 = LINE ( 'NONE', #1619, #1911 ) ;
#1626 = DIRECTION ( 'NONE',  ( -0.000000000000000000, -1.000000000000000000, -0.000000000000000000 ) ) ;
#1627 = ADVANCED_FACE ( 'NONE', ( #1551 ), #772, .F. ) ;
#1628 = DIRECTION ( 'NONE',  ( 5.551115123125782702E-17, 5.551115123125782702E-17, 1.000000000000000000 ) ) ;
#1629 = ORIENTED_EDGE ( 'NONE', *, *, #1697, .T. ) ;
#1630 = CARTESIAN_POINT ( 'NONE',  ( -413.7008016379334094, -1218.405262667903571, -1642.499999999999091 ) ) ;
#1631 = CARTESIAN_POINT ( 'NONE',  ( -106.4938060285211918, -1178.583222388042714, -2169.528282477850553 ) ) ;
#1632 = ORIENTED_EDGE ( 'NONE', *, *, #1472, .T. ) ;
#1633 = CARTESIAN_POINT ( 'NONE',  ( -1004.999999999999886, -1245.305262667903435, -549.9999999999996589 ) ) ;
#1634 = LINE ( 'NONE', #1781, #1511 ) ;
#1635 = DIRECTION ( 'NONE',  ( 0.5000000000000009992, 0.000000000000000000, -0.8660254037844380415 ) ) ;
#1636 = CARTESIAN_POINT ( 'NONE',  ( -988.7416697508015204, -1178.305262667903889, -628.5000000000004547 ) ) ;
#1637 = DIRECTION ( 'NONE',  ( 0.000000000000000000, 0.000000000000000000, 1.000000000000000000 ) ) ;
#1638 = CARTESIAN_POINT ( 'NONE',  ( -1004.999999999999886, -1178.305262667903889, -604.9999999999998863 ) ) ;
#1639 = CIRCLE ( 'NONE', #1932, 5.000000000000004441 ) ;
#1640 = CARTESIAN_POINT ( 'NONE',  ( -106.7164870606772240, -1174.539479326649825, -2170.089405956139672 ) ) ;
#1641 = VERTEX_POINT ( 'NONE', #1038 ) ;
#1642 = CYLINDRICAL_SURFACE ( 'NONE', #580, 5.000000000000004441 ) ;
#1643 = B_SPLINE_CURVE_WITH_KNOTS ( 'NONE', 1,
 ( #68, #448 ),
 .UNSPECIFIED., .F., .F.,
 ( 2, 2 ),
 ( 0.000000000000000000, 1.000000000000000000 ),
 .UNSPECIFIED. ) ;
#1644 = DIRECTION ( 'NONE',  ( -5.551115123125782702E-17, -1.000000000000000000, -5.551115123125782702E-17 ) ) ;
#1646 = AXIS2_PLACEMENT_3D ( 'NONE', #398, #347, #1056 ) ;
#1645 = CARTESIAN_POINT ( 'NONE',  ( -1005.999999999999773, -1174.305262667903889, 5.606626274357039267E-14 ) ) ;
#1647 = EDGE_CURVE ( 'NONE', #857, #61, #385, .T. ) ;
#1648 = VERTEX_POINT ( 'NONE', #783 ) ;
#1649 = CARTESIAN_POINT ( 'NONE',  ( -1004.999999999999886, -1178.305262667903889, -604.9999999999998863 ) ) ;
#1650 = DIRECTION ( 'NONE',  ( -1.000000000000000000, 0.000000000000000000, 0.000000000000000000 ) ) ;
#1651 = ORIENTED_EDGE ( 'NONE', *, *, #1283, .F. ) ;
#1652 = ADVANCED_FACE ( 'NONE', ( #1446 ), #2050, .T. ) ;
#1653 = DIRECTION ( 'NONE',  ( -5.551115123125782702E-17, -1.000000000000000000, -5.551115123125782702E-17 ) ) ;
#1654 = ORIENTED_EDGE ( 'NONE', *, *, #2058, .F. ) ;
#1655 = AXIS2_PLACEMENT_3D ( 'NONE', #1669, #1846, #2137 ) ;
#1656 = CARTESIAN_POINT ( 'NONE',  ( -83.55197567395617853, -1244.554717429151879, -2211.163589001339005 ) ) ;
#1657 = CARTESIAN_POINT ( 'NONE',  ( -1024.963065701558207, -1218.405262667903799, -591.7627018922203206 ) ) ;
#1658 = ADVANCED_FACE ( 'NONE', ( #1860 ), #2096, .F. ) ;
#1659 = EDGE_LOOP ( 'NONE', ( #1533, #2149, #257, #1890 ) ) ;
#1660 = DIRECTION ( 'NONE',  ( 0.000000000000000000, -1.000000000000000000, 0.000000000000000000 ) ) ;
#1661 = CARTESIAN_POINT ( 'NONE',  ( -79.56366588218743630, -1249.305262667903207, -2213.242495824489197 ) ) ;
#1662 = ORIENTED_EDGE ( 'NONE', *, *, #639, .F. ) ;
#1663 = ORIENTED_EDGE ( 'NONE', *, *, #1996, .T. ) ;
#1664 = DIRECTION ( 'NONE',  ( -0.8660254037844382635, -7.582964277521802125E-17, -0.5000000000000008882 ) ) ;
#1665 = DIRECTION ( 'NONE',  ( -5.551115123125782702E-17, -1.000000000000000000, -5.551115123125782702E-17 ) ) ;
#1666 = ORIENTED_EDGE ( 'NONE', *, *, #455, .F. ) ;
#1667 = LINE ( 'NONE', #1831, #852 ) ;
#1668 = CC_DESIGN_DATE_AND_TIME_ASSIGNMENT ( #1254, #94, ( #342 ) ) ;
#1669 = CARTESIAN_POINT ( 'NONE',  ( -981.6617955123359707, -1178.305262667903889, -566.7627018922197522 ) ) ;
#1670 = ORIENTED_EDGE ( 'NONE', *, *, #202, .T. ) ;
#1671 = DIRECTION ( 'NONE',  ( 0.000000000000000000, 0.000000000000000000, 1.000000000000000000 ) ) ;
#1672 = CARTESIAN_POINT ( 'NONE',  ( -79.56366588218743630, -1246.638596001236920, -2213.242495824489197 ) ) ;
#1673 = ORIENTED_EDGE ( 'NONE', *, *, #147, .F. ) ;
#1674 = VECTOR ( 'NONE', #2001, 1000.000000000000000 ) ;
#1675 = VECTOR ( 'NONE', #387, 1000.000000000000000 ) ;
#1676 = ORIENTED_EDGE ( 'NONE', *, *, #1406, .T. ) ;
#1677 = ORIENTED_EDGE ( 'NONE', *, *, #2156, .F. ) ;
#1678 = VECTOR ( 'NONE', #647, 1000.000000000000000 ) ;
#1679 = DIRECTION ( 'NONE',  ( 0.000000000000000000, 0.000000000000000000, 1.000000000000000000 ) ) ;
#1680 = CARTESIAN_POINT ( 'NONE',  ( -1005.999999999999773, -1174.305262667903889, -604.9999999999998863 ) ) ;
#1681 = ORIENTED_EDGE ( 'NONE', *, *, #937, .F. ) ;
#1682 = EDGE_CURVE ( 'NONE', #1579, #1161, #2102, .T. ) ;
#1683 = EDGE_CURVE ( 'NONE', #261, #10, #798, .T. ) ;
#1684 = CARTESIAN_POINT ( 'NONE',  ( -80.96599803848278043, -1245.233946437215309, -2212.652524580180398 ) ) ;
#1685 = CARTESIAN_POINT ( 'NONE',  ( -108.3516410797059137, -1175.093562126452525, -2170.396046073206890 ) ) ;
#1686 = CYLINDRICAL_SURFACE ( 'NONE', #461, 4.999999999999893419 ) ;
#1687 = ORIENTED_EDGE ( 'NONE', *, *, #288, .F. ) ;
#1688 = DIRECTION ( 'NONE',  ( 5.551115123125782702E-17, -5.551115123125782702E-17, 1.000000000000000000 ) ) ;
#1689 = CARTESIAN_POINT ( 'NONE',  ( -41.16987298107810034, -1245.305262667903889, -2195.742495824488287 ) ) ;
#1690 = ORIENTED_EDGE ( 'NONE', *, *, #577, .T. ) ;
#1691 = ORIENTED_EDGE ( 'NONE', *, *, #616, .T. ) ;
#1692 = ORIENTED_EDGE ( 'NONE', *, *, #1308, .F. ) ;
#1693 = AXIS2_PLACEMENT_3D ( 'NONE', #1581, #32, #1531 ) ;
#1694 = LINE ( 'NONE', #63, #1341 ) ;
#1695 = CARTESIAN_POINT ( 'NONE',  ( -1005.999999999999773, -1178.305262667903889, -545.9999999999996589 ) ) ;
#1696 = VERTEX_POINT ( 'NONE', #1701 ) ;
#1697 = EDGE_CURVE ( 'NONE', #750, #1648, #1710, .T. ) ;
#1698 = VECTOR ( 'NONE', #457, 1000.000000000000000 ) ;
#1699 = AXIS2_PLACEMENT_3D ( 'NONE', #1885, #402, #1722 ) ;
#1700 = CARTESIAN_POINT ( 'NONE',  ( -109.4753290455709021, -1175.818912007938025, -2170.815603100998032 ) ) ;
#1701 = CARTESIAN_POINT ( 'NONE',  ( -993.1698729810772193, -1174.305262667903889, -546.8301270189216439 ) ) ;
#1702 = ORIENTED_EDGE ( 'NONE', *, *, #1979, .T. ) ;
#1703 = DIRECTION ( 'NONE',  ( 1.000000000000000000, -5.551115123125779621E-17, -6.001205538514363462E-16 ) ) ;
#1704 = ORIENTED_EDGE ( 'NONE', *, *, #244, .F. ) ;
#1705 = ORIENTED_EDGE ( 'NONE', *, *, #303, .T. ) ;
#1706 = CARTESIAN_POINT ( 'NONE',  ( -993.0717967697237327, -1178.305262667903889, -631.0000000000004547 ) ) ;
#1707 = DIRECTION ( 'NONE',  ( -5.551115123125782702E-17, 1.000000000000000000, -5.551115123125782702E-17 ) ) ;
#1708 = ORIENTED_EDGE ( 'NONE', *, *, #126, .T. ) ;
#1709 = CARTESIAN_POINT ( 'NONE',  ( -107.7956002404655038, -1179.391842480829382, -2169.825377958428362 ) ) ;
#1710 = LINE ( 'NONE', #1602, #693 ) ;
#1711 = VERTEX_POINT ( 'NONE', #713 ) ;
#1712 = DIRECTION ( 'NONE',  ( -0.5000000000000364153, -0.000000000000000000, 0.8660254037844176134 ) ) ;
#1713 = ORIENTED_EDGE ( 'NONE', *, *, #913, .T. ) ;
#1714 = DATE_AND_TIME ( #2030, #458 ) ;
#1715 = ORIENTED_EDGE ( 'NONE', *, *, #390, .T. ) ;
#1716 = DIRECTION ( 'NONE',  ( 2.775557561562891351E-17, 1.000000000000000000, -0.000000000000000000 ) ) ;
#1717 = DIRECTION ( 'NONE',  ( 1.000000000000000000, -2.775557561562891351E-17, -1.054711873393898713E-15 ) ) ;
#1718 = VERTEX_POINT ( 'NONE', #212 ) ;
#1719 = VECTOR ( 'NONE', #1644, 1000.000000000000000 ) ;
#1720 = EDGE_CURVE ( 'NONE', #2040, #373, #1561, .T. ) ;
#1721 = PLANE ( 'NONE',  #102 ) ;
#1722 = DIRECTION ( 'NONE',  ( 0.8660254037844377084, 0.000000000000000000, 0.5000000000000015543 ) ) ;
#1723 = CARTESIAN_POINT ( 'NONE',  ( -88.25021997504691740, -1246.025772358564836, -2211.353282926309021 ) ) ;
#1724 = VERTEX_POINT ( 'NONE', #1276 ) ;
#1725 = EDGE_CURVE ( 'NONE', #487, #1019, #30, .T. ) ;
#1726 = ORIENTED_EDGE ( 'NONE', *, *, #777, .T. ) ;
#1727 = EDGE_CURVE ( 'NONE', #684, #1358, #2048, .T. ) ;
#1728 = DIRECTION ( 'NONE',  ( 1.000000000000000000, 2.775557561562891351E-17, -1.054711873393898713E-15 ) ) ;
#1729 = DIRECTION ( 'NONE',  ( 0.8660254037844380415, -0.000000000000000000, 0.5000000000000009992 ) ) ;
#1730 = ORIENTED_EDGE ( 'NONE', *, *, #2072, .T. ) ;
#1731 = AXIS2_PLACEMENT_3D ( 'NONE', #985, #952, #1480 ) ;
#1732 = CARTESIAN_POINT ( 'NONE',  ( -1005.999999999999773, -1174.305262667903889, -545.9999999999996589 ) ) ;
#1733 = LINE ( 'NONE', #760, #203 ) ;
#1734 = VECTOR ( 'NONE', #42, 1000.000000000000000 ) ;
#1735 = APPROVAL_PERSON_ORGANIZATION ( #1877, #1460, #752 ) ;
#1736 = CARTESIAN_POINT ( 'NONE',  ( -997.4999999999994316, -1245.305262667903435, -544.3301270189217576 ) ) ;
#1737 = ORIENTED_EDGE ( 'NONE', *, *, #149, .F. ) ;
#1738 = EDGE_CURVE ( 'NONE', #2040, #1300, #609, .T. ) ;
#1739 = CARTESIAN_POINT ( 'NONE',  ( 0.000000000000000000, 0.000000000000000000, 0.000000000000000000 ) ) ;
#1740 = FACE_OUTER_BOUND ( 'NONE', #838, .T. ) ;
#1741 = ORIENTED_EDGE ( 'NONE', *, *, #389, .T. ) ;
#1742 = LINE ( 'NONE', #108, #1763 ) ;
#1743 = CARTESIAN_POINT ( 'NONE',  ( -1011.999999999999773, -1245.305262667903435, -544.9999999999996589 ) ) ;
#1744 = EDGE_LOOP ( 'NONE', ( #829, #1007, #1345, #89 ) ) ;
#1745 = CARTESIAN_POINT ( 'NONE',  ( -1021.498964086420528, -1241.305262667903662, -589.7627018922203206 ) ) ;
#1746 = DIRECTION ( 'NONE',  ( -5.551115123125782702E-17, 1.000000000000000000, -5.551115123125782702E-17 ) ) ;
#1747 = EDGE_CURVE ( 'NONE', #1342, #1094, #1050, .T. ) ;
#1748 = ORIENTED_EDGE ( 'NONE', *, *, #1789, .T. ) ;
#1749 = CARTESIAN_POINT ( 'NONE',  ( -108.8343704035392818, -1175.356254135165727, -2170.548446426338160 ) ) ;
#1750 = ORIENTED_EDGE ( 'NONE', *, *, #2110, .T. ) ;
#1751 = CARTESIAN_POINT ( 'NONE',  ( -107.6705019074179859, -1182.305262667903889, -2172.560027788782918 ) ) ;
#1752 = LINE ( 'NONE', #1404, #1582 ) ;
#1753 = ORIENTED_EDGE ( 'NONE', *, *, #149, .T. ) ;
#1754 = VECTOR ( 'NONE', #517, 1000.000000000000000 ) ;
#1755 = DIRECTION ( 'NONE',  ( -5.551115123125782702E-17, 1.000000000000000000, -5.551115123125782702E-17 ) ) ;
#1756 = CARTESIAN_POINT ( 'NONE',  ( -40.50000000000032685, -1245.305262667903207, -2198.242495824487833 ) ) ;
#1757 = CARTESIAN_POINT ( 'NONE',  ( -4.741207426661731006E-13, -1249.305262667903435, -544.9999999999997726 ) ) ;
#1758 = CARTESIAN_POINT ( 'NONE',  ( -109.9528322067634321, -1176.248433214065244, -2171.063241776795167 ) ) ;
#1759 = ORIENTED_EDGE ( 'NONE', *, *, #824, .F. ) ;
#1760 = ADVANCED_FACE ( 'NONE', ( #225 ), #567, .T. ) ;
#1761 = DIRECTION ( 'NONE',  ( -0.5000000000000009992, 0.000000000000000000, 0.8660254037844380415 ) ) ;
#1762 = CARTESIAN_POINT ( 'NONE',  ( -91.12680801235600825, -1242.157093704802264, -2209.150781035295495 ) ) ;
#1763 = VECTOR ( 'NONE', #608, 1000.000000000000000 ) ;
#1764 = EDGE_CURVE ( 'NONE', #1361, #1156, #1643, .T. ) ;
#1765 = DIRECTION ( 'NONE',  ( 1.000000000000000000, -5.551115123125782702E-17, -5.551115123125782702E-17 ) ) ;
#1766 = DIRECTION ( 'NONE',  ( 2.775557561562891351E-17, -1.000000000000000000, -0.000000000000000000 ) ) ;
#1767 = DIRECTION ( 'NONE',  ( -5.551115123125782702E-17, -1.000000000000000000, -5.551115123125782702E-17 ) ) ;
#1768 = EDGE_CURVE ( 'NONE', #353, #1724, #1437, .T. ) ;
#1769 = AXIS2_PLACEMENT_3D ( 'NONE', #426, #1085, #259 ) ;
#1770 = CARTESIAN_POINT ( 'NONE',  ( -45.49999999999998579, -1249.305262667903207, -2213.242495824489197 ) ) ;
#1771 = VECTOR ( 'NONE', #1635, 1000.000000000000000 ) ;
#1772 = DIRECTION ( 'NONE',  ( 1.000000000000000000, -5.551115123125779621E-17, -6.001205538514363462E-16 ) ) ;
#1773 = VERTEX_POINT ( 'NONE', #1284 ) ;
#1774 = DIRECTION ( 'NONE',  ( 0.000000000000000000, 0.000000000000000000, 1.000000000000000000 ) ) ;
#1775 = DIRECTION ( 'NONE',  ( 0.000000000000000000, 0.000000000000000000, 1.000000000000000000 ) ) ;
#1776 = DIRECTION ( 'NONE',  ( 0.5000000000000068834, 0.000000000000000000, -0.8660254037844347108 ) ) ;
#1777 = CARTESIAN_POINT ( 'NONE',  ( -1004.999999999999886, -1245.305262667903435, -603.9999999999990905 ) ) ;
#1778 = CARTESIAN_POINT ( 'NONE',  ( -1005.999999999999773, -1245.305262667903435, -545.9999999999996589 ) ) ;
#1779 = ADVANCED_FACE ( 'NONE', ( #144 ), #1972, .F. ) ;
#1780 = LINE ( 'NONE', #1807, #1099 ) ;
#1781 = CARTESIAN_POINT ( 'NONE',  ( -418.6660139529643061, -1249.305262667903662, -1641.899999999999181 ) ) ;
#1782 = VECTOR ( 'NONE', #1319, 1000.000000000000000 ) ;
#1783 = EDGE_CURVE ( 'NONE', #173, #379, #1625, .T. ) ;
#1784 = AXIS2_PLACEMENT_3D ( 'NONE', #141, #1137, #2140 ) ;
#1785 = CARTESIAN_POINT ( 'NONE',  ( -108.2555947947259227, -1180.227028967328579, -2170.459397616941715 ) ) ;
#1786 = CARTESIAN_POINT ( 'NONE',  ( -1012.000000000000000, -1178.305262667903889, -603.9999999999998863 ) ) ;
#1787 = DIRECTION ( 'NONE',  ( 1.000000000000000000, 2.775557561562891351E-17, -1.054711873393898713E-15 ) ) ;
#1788 = AXIS2_PLACEMENT_3D ( 'NONE', #1292, #1346, #1994 ) ;
#1789 = EDGE_CURVE ( 'NONE', #379, #885, #950, .T. ) ;
#1790 = CYLINDRICAL_SURFACE ( 'NONE', #1853, 1.000000000000000888 ) ;
#1791 = DIRECTION ( 'NONE',  ( 0.000000000000000000, 0.000000000000000000, 1.000000000000000000 ) ) ;
#1792 = AXIS2_PLACEMENT_3D ( 'NONE', #806, #1118, #629 ) ;
#1793 = AXIS2_PLACEMENT_3D ( 'NONE', #2013, #515, #935 ) ;
#1794 = CARTESIAN_POINT ( 'NONE',  ( -106.2305203969355887, -1178.504517404268654, -2169.550185069893359 ) ) ;
#1795 = DIRECTION ( 'NONE',  ( 1.000000000000000000, 5.551115123125782702E-17, -5.551115123125782702E-17 ) ) ;
#1796 = DIRECTION ( 'NONE',  ( 0.5000000000000009992, 0.000000000000000000, -0.8660254037844380415 ) ) ;
#1797 = VECTOR ( 'NONE', #119, 1000.000000000000000 ) ;
#1798 = AXIS2_PLACEMENT_3D ( 'NONE', #1529, #877, #1105 ) ;
#1799 = ORIENTED_EDGE ( 'NONE', *, *, #1588, .F. ) ;
#1800 = CARTESIAN_POINT ( 'NONE',  ( -64.72649730810343272, -1178.305262667903662, -2164.941225635265710 ) ) ;
#1801 = CARTESIAN_POINT ( 'NONE',  ( -1004.999999999999886, -1178.305262667903889, -548.9999999999996589 ) ) ;
#1802 = FACE_OUTER_BOUND ( 'NONE', #172, .T. ) ;
#1803 = CARTESIAN_POINT ( 'NONE',  ( -990.5717967697238464, -1241.305262667903662, -635.3301270189226670 ) ) ;
#1804 = LINE ( 'NONE', #468, #765 ) ;
#1805 = PRODUCT_RELATED_PRODUCT_CATEGORY ( 'detail', '', ( #575 ) ) ;
#1806 = CARTESIAN_POINT ( 'NONE',  ( -107.5770552815713472, -1174.792650778688994, -2170.222240559027796 ) ) ;
#1807 = CARTESIAN_POINT ( 'NONE',  ( -1435.497999679268787, -1174.305262667903889, 135.3046620391075123 ) ) ;
#1808 = ADVANCED_FACE ( 'NONE', ( #2126 ), #1790, .T. ) ;
#1809 = DIRECTION ( 'NONE',  ( 0.8660254037844380415, -7.582964277521802125E-17, 0.5000000000000009992 ) ) ;
#1810 = CARTESIAN_POINT ( 'NONE',  ( -999.9999999999995453, -1249.305262667903435, -549.9999999999996589 ) ) ;
#1811 = ORIENTED_EDGE ( 'NONE', *, *, #1494, .F. ) ;
#1812 = PLANE ( 'NONE',  #1693 ) ;
#1813 = CARTESIAN_POINT ( 'NONE',  ( -415.6637925531780979, -1218.405262667903799, -1647.099999999999227 ) ) ;
#1814 = CIRCLE ( 'NONE', #472, 0.9999999999998898659 ) ;
#1815 = ORIENTED_EDGE ( 'NONE', *, *, #1889, .T. ) ;
#1816 = LINE ( 'NONE', #1006, #296 ) ;
#1817 = DIRECTION ( 'NONE',  ( 0.000000000000000000, 1.000000000000000000, 0.000000000000000000 ) ) ;
#1818 = EDGE_CURVE ( 'NONE', #407, #1325, #1486, .T. ) ;
#1819 = EDGE_CURVE ( 'NONE', #1504, #2057, #305, .T. ) ;
#1821 = AXIS2_PLACEMENT_3D ( 'NONE', #359, #2044, #732 ) ;
#1820 = CARTESIAN_POINT ( 'NONE',  ( -1012.000000000000000, -1178.305262667903889, -549.9999999999996589 ) ) ;
#1822 = ORIENTED_EDGE ( 'NONE', *, *, #1012, .T. ) ;
#1823 = CARTESIAN_POINT ( 'NONE',  ( -1011.999999999999773, -1245.305262667903435, -549.9999999999996589 ) ) ;
#1824 = DIRECTION ( 'NONE',  ( 6.383782391594786423E-14, 0.000000000000000000, 1.000000000000000000 ) ) ;
#1825 = VERTEX_POINT ( 'NONE', #1124 ) ;
#1826 = EDGE_LOOP ( 'NONE', ( #758, #668, #691, #590 ) ) ;
#1827 = DIRECTION ( 'NONE',  ( -0.5000000000000008882, 1.665334536937735057E-16, 0.8660254037844382635 ) ) ;
#1828 = DIRECTION ( 'NONE',  ( 0.000000000000000000, -1.000000000000000000, 0.000000000000000000 ) ) ;
#1829 = ORIENTED_EDGE ( 'NONE', *, *, #1683, .F. ) ;
#1830 = ADVANCED_FACE ( 'NONE', ( #1149 ), #1642, .T. ) ;
#1831 = CARTESIAN_POINT ( 'NONE',  ( -40.50000000000032685, -1245.305262667903207, -2208.242495824489197 ) ) ;
#1832 = DIRECTION ( 'NONE',  ( -5.551115123125782702E-17, 1.000000000000000000, -5.551115123125782702E-17 ) ) ;
#1833 = ORIENTED_EDGE ( 'NONE', *, *, #1647, .T. ) ;
#1834 = PLANE ( 'NONE',  #482 ) ;
#1835 = CARTESIAN_POINT ( 'NONE',  ( -999.9999999999996589, -1174.305262667903889, -603.9999999999998863 ) ) ;
#1836 = ORIENTED_EDGE ( 'NONE', *, *, #338, .T. ) ;
#1837 = EDGE_CURVE ( 'NONE', #788, #1353, #446, .T. ) ;
#1838 = EDGE_CURVE ( 'NONE', #788, #1358, #136, .T. ) ;
#1839 = EDGE_LOOP ( 'NONE', ( #882, #1034, #45, #1263 ) ) ;
#1840 = ORIENTED_EDGE ( 'NONE', *, *, #365, .T. ) ;
#1841 = DIRECTION ( 'NONE',  ( -5.551115123125782702E-17, 1.000000000000000000, -5.551115123125782702E-17 ) ) ;
#1842 = DIRECTION ( 'NONE',  ( 2.775557561562891351E-17, -1.000000000000000000, -0.000000000000000000 ) ) ;
#1843 = VERTEX_POINT ( 'NONE', #289 ) ;
#1844 = CARTESIAN_POINT ( 'NONE',  ( -1004.999999999999886, -1174.305262667903889, -544.9999999999996589 ) ) ;
#1845 = CARTESIAN_POINT ( 'NONE',  ( -104.5636658821883316, -1178.305262667903889, -2169.941225635265710 ) ) ;
#1846 = DIRECTION ( 'NONE',  ( -0.8660254037844382635, 7.582964277521802125E-17, -0.5000000000000008882 ) ) ;
#1847 = VERTEX_POINT ( 'NONE', #316 ) ;
#1848 = FACE_OUTER_BOUND ( 'NONE', #1610, .T. ) ;
#1849 = LINE ( 'NONE', #5, #1097 ) ;
#1850 = ORIENTED_EDGE ( 'NONE', *, *, #1275, .F. ) ;
#1851 = VECTOR ( 'NONE', #1573, 1000.000000000000341 ) ;
#1852 = EDGE_CURVE ( 'NONE', #1858, #1260, #2133, .T. ) ;
#1853 = AXIS2_PLACEMENT_3D ( 'NONE', #1454, #473, #2146 ) ;
#1854 = ORIENTED_EDGE ( 'NONE', *, *, #126, .F. ) ;
#1855 = ORIENTED_EDGE ( 'NONE', *, *, #390, .F. ) ;
#1856 = DIRECTION ( 'NONE',  ( -3.725740204868141539E-15, 1.000000000000000000, -2.151057110211263280E-15 ) ) ;
#1857 = DIRECTION ( 'NONE',  ( -5.551115123125782702E-17, -1.000000000000000000, -5.551115123125782702E-17 ) ) ;
#1858 = VERTEX_POINT ( 'NONE', #118 ) ;
#1859 = CARTESIAN_POINT ( 'NONE',  ( -108.8343704035393245, -1175.356254135165273, -2170.548446426339069 ) ) ;
#1860 = FACE_OUTER_BOUND ( 'NONE', #1475, .T. ) ;
#1861 = VERTEX_POINT ( 'NONE', #1611 ) ;
#1862 = DIRECTION ( 'NONE',  ( -5.551115123125782702E-17, 1.000000000000000000, -5.551115123125782702E-17 ) ) ;
#1863 = DIRECTION ( 'NONE',  ( -5.551115123125782702E-17, 1.000000000000000000, -5.551115123125782702E-17 ) ) ;
#1864 = ORIENTED_EDGE ( 'NONE', *, *, #1334, .F. ) ;
#1865 = CALENDAR_DATE ( 2026, 11, 7 ) ;
#1866 = EDGE_LOOP ( 'NONE', ( #1418, #1179, #1195, #443 ) ) ;
#1867 = FACE_BOUND ( 'NONE', #902, .T. ) ;
#1868 = LINE ( 'NONE', #37, #1236 ) ;
#1869 = ORIENTED_EDGE ( 'NONE', *, *, #2051, .T. ) ;
#1870 = VECTOR ( 'NONE', #281, 1000.000000000000000 ) ;
#1871 = VECTOR ( 'NONE', #1832, 1000.000000000000000 ) ;
#1872 = CARTESIAN_POINT ( 'NONE',  ( -106.9671481689307200, -1174.602249177640260, -2170.121083188788361 ) ) ;
#1873 = DIRECTION ( 'NONE',  ( -5.551115123125782702E-17, -1.000000000000000000, -5.551115123125782702E-17 ) ) ;
#1874 = VERTEX_POINT ( 'NONE', #627 ) ;
#1875 = LINE ( 'NONE', #380, #2109 ) ;
#1876 = VERTEX_POINT ( 'NONE', #1470 ) ;
#1877 = PERSON_AND_ORGANIZATION ( #1428, #1171 ) ;
#1878 = ORIENTED_EDGE ( 'NONE', *, *, #921, .F. ) ;
#1879 = PLANE ( 'NONE',  #2000 ) ;
#1880 = PLANE ( 'NONE',  #1956 ) ;
#1881 = ORIENTED_EDGE ( 'NONE', *, *, #138, .T. ) ;
#1882 = EDGE_CURVE ( 'NONE', #1876, #2032, #1130, .T. ) ;
#1883 = EDGE_CURVE ( 'NONE', #857, #10, #497, .T. ) ;
#1884 = CARTESIAN_POINT ( 'NONE',  ( -106.8326788672825387, -1178.699412397178094, -2169.519072830975347 ) ) ;
#1885 = CARTESIAN_POINT ( 'NONE',  ( 375.1955611259035095, -1241.305262667903662, -3000.908582213249701 ) ) ;
#1886 = FACE_OUTER_BOUND ( 'NONE', #2080, .T. ) ;
#1887 = EDGE_LOOP ( 'NONE', ( #1704, #416, #1632, #376 ) ) ;
#1888 = COORDINATED_UNIVERSAL_TIME_OFFSET ( 10, 0, .AHEAD. ) ;
#1889 = EDGE_CURVE ( 'NONE', #1098, #569, #1780, .T. ) ;
#1890 = ORIENTED_EDGE ( 'NONE', *, *, #498, .T. ) ;
#1891 = DIRECTION ( 'NONE',  ( 0.000000000000000000, 0.000000000000000000, 1.000000000000000000 ) ) ;
#1892 = CARTESIAN_POINT ( 'NONE',  ( -82.39454257784606739, -1248.975526899163924, -2213.007046996320696 ) ) ;
#1893 = VERTEX_POINT ( 'NONE', #297 ) ;
#1894 = AXIS2_PLACEMENT_3D ( 'NONE', #1823, #488, #329 ) ;
#1895 = VECTOR ( 'NONE', #137, 1000.000000000000000 ) ;
#1896 = EDGE_CURVE ( 'NONE', #1016, #1899, #975, .T. ) ;
#1897 = FACE_OUTER_BOUND ( 'NONE', #1545, .T. ) ;
#1898 = CARTESIAN_POINT ( 'NONE',  ( -373.3869518086555672, -385.1559129642049015, -1712.325636153010009 ) ) ;
#1899 = VERTEX_POINT ( 'NONE', #960 ) ;
#1900 = DATE_AND_TIME ( #1865, #66 ) ;
#1901 = CARTESIAN_POINT ( 'NONE',  ( -110.3366550387125358, -1176.675367102258406, -2171.309574906539638 ) ) ;
#1902 = VERTEX_POINT ( 'NONE', #1142 ) ;
#1903 = DIRECTION ( 'NONE',  ( 0.8660254037844395958, 0.000000000000000000, 0.4999999999999985567 ) ) ;
#1904 = DIRECTION ( 'NONE',  ( -5.551115123125782702E-17, 1.000000000000000000, -5.551115123125782702E-17 ) ) ;
#1905 = EDGE_LOOP ( 'NONE', ( #1548, #1676, #186, #1415, #579, #420, #232, #1840, #914, #766, #28, #1483, #933, #247, #1713, #1690, #201, #779, #1339 ) ) ;
#1906 = AXIS2_PLACEMENT_3D ( 'NONE', #1706, #883, #36 ) ;
#1907 = B_SPLINE_SURFACE_WITH_KNOTS ( 'NONE', 1, 3, ( 
 ( #716, #1376, #1063, #2039, #1723, #69, #978, #1082, #1092, #768 ),
 ( #433, #585, #444, #780, #742, #2078, #1258, #931, #74, #1577 ) ),
 .UNSPECIFIED., .F., .F., .F.,
 ( 2, 2 ),
 ( 4, 2, 2, 2, 4 ),
 ( 0.000000000000000000, 1.000000000000000000 ),
 ( 0.000000000000000000, 0.2500000000000000000, 0.5000000000000000000, 0.7500000000000000000, 1.000000000000000000 ),
 .UNSPECIFIED. ) ;
#1908 = PRODUCT_DEFINITION ( 'UNKNOWN', '', #518, #2090 ) ;
#1909 = CARTESIAN_POINT ( 'NONE',  ( -4.440892098500626162E-13, -1245.305262667903435, 0.000000000000000000 ) ) ;
#1910 = CARTESIAN_POINT ( 'NONE',  ( -108.1273553008297341, -1179.829736249057760, -2170.115178349043163 ) ) ;
#1911 = VECTOR ( 'NONE', #1463, 1000.000000000000000 ) ;
#1912 = ORIENTED_EDGE ( 'NONE', *, *, #1882, .F. ) ;
#1913 = CALENDAR_DATE ( 2026, 11, 7 ) ;
#1914 = CARTESIAN_POINT ( 'NONE',  ( -999.9999999999997726, -1245.305262667903435, -603.9999999999990905 ) ) ;
#1915 = VERTEX_POINT ( 'NONE', #1291 ) ;
#1916 = EDGE_CURVE ( 'NONE', #1899, #345, #1814, .T. ) ;
#1917 = CARTESIAN_POINT ( 'NONE',  ( -990.5717967697240738, -1245.305262667903662, -635.3301270189216439 ) ) ;
#1918 = FACE_OUTER_BOUND ( 'NONE', #1053, .T. ) ;
#1919 = ORIENTED_EDGE ( 'NONE', *, *, #79, .F. ) ;
#1920 = CARTESIAN_POINT ( 'NONE',  ( -994.0358983848618664, -1182.305262667903889, -637.3301270189222123 ) ) ;
#1921 = PLANE ( 'NONE',  #476 ) ;
#1922 = ORIENTED_EDGE ( 'NONE', *, *, #1995, .T. ) ;
#1923 = CARTESIAN_POINT ( 'NONE',  ( -107.7332230340705337, -1179.322117270593935, -2169.782631819725793 ) ) ;
#1924 = CARTESIAN_POINT ( 'NONE',  ( -104.5636658821883884, -1174.305262667904117, -2169.941225635265710 ) ) ;
#1925 = VERTEX_POINT ( 'NONE', #1311 ) ;
#1926 = ADVANCED_FACE ( 'NONE', ( #1181 ), #1344, .F. ) ;
#1927 = CARTESIAN_POINT ( 'NONE',  ( -1005.999999999999773, -1178.305262667903889, -604.9999999999998863 ) ) ;
#1928 =( NAMED_UNIT ( * ) PLANE_ANGLE_UNIT ( ) SI_UNIT ( $, .RADIAN. ) );
#1929 = ADVANCED_FACE ( 'NONE', ( #2034 ), #551, .F. ) ;
#1930 = DIRECTION ( 'NONE',  ( 2.607726088554471347E-15, 1.000000000000000000, -4.516714077599190226E-15 ) ) ;
#1931 = CARTESIAN_POINT ( 'NONE',  ( -1004.999999999999886, -1174.305262667903889, -549.9999999999996589 ) ) ;
#1932 = AXIS2_PLACEMENT_3D ( 'NONE', #375, #1857, #2007 ) ;
#1933 = CARTESIAN_POINT ( 'NONE',  ( -1013.704735452360524, -1178.305262667903889, -585.2627018922203206 ) ) ;
#1934 = CARTESIAN_POINT ( 'NONE',  ( -1005.999999999999773, -1245.305262667903435, -604.9999999999990905 ) ) ;
#1935 = DIRECTION ( 'NONE',  ( 0.000000000000000000, 0.000000000000000000, 1.000000000000000000 ) ) ;
#1936 = EDGE_LOOP ( 'NONE', ( #1210, #1541, #920, #859 ) ) ;
#1937 =( NAMED_UNIT ( * ) SI_UNIT ( $, .STERADIAN. ) SOLID_ANGLE_UNIT ( ) );
#1938 = EDGE_LOOP ( 'NONE', ( #496, #215, #1501, #2002 ) ) ;
#1939 = AXIS2_PLACEMENT_3D ( 'NONE', #596, #409, #1903 ) ;
#1940 = DIRECTION ( 'NONE',  ( 0.5000000000000009992, 0.000000000000000000, -0.8660254037844380415 ) ) ;
#1941 = CARTESIAN_POINT ( 'NONE',  ( -1004.999999999999886, -1178.305262667903889, -545.9999999999996589 ) ) ;
#1942 = DIRECTION ( 'NONE',  ( 0.000000000000000000, 0.000000000000000000, 1.000000000000000000 ) ) ;
#1943 = CARTESIAN_POINT ( 'NONE',  ( -105.8770971381892707, -1178.422370997276857, -2169.604783958436656 ) ) ;
#1944 = DIRECTION ( 'NONE',  ( -1.000000000000000000, 0.000000000000000000, 0.000000000000000000 ) ) ;
#1945 = ORIENTED_EDGE ( 'NONE', *, *, #455, .T. ) ;
#1946 = DIRECTION ( 'NONE',  ( -5.551115123125782702E-17, -1.000000000000000000, -5.551115123125782702E-17 ) ) ;
#1947 = EDGE_CURVE ( 'NONE', #1874, #993, #1370, .T. ) ;
#1948 = CARTESIAN_POINT ( 'NONE',  ( -415.2019123378265135, -1218.405262667903571, -1639.899999999999409 ) ) ;
#1949 = CYLINDRICAL_SURFACE ( 'NONE', #1616, 1.000000000000000888 ) ;
#1950 = CARTESIAN_POINT ( 'NONE',  ( -105.3854633314258535, -1178.341550634661417, -2169.707979448945480 ) ) ;
#1951 = EDGE_CURVE ( 'NONE', #371, #1718, #721, .T. ) ;
#1952 = CARTESIAN_POINT ( 'NONE',  ( -40.50000000000032685, -1245.305262667903207, -2208.242495824489197 ) ) ;
#1953 = CARTESIAN_POINT ( 'NONE',  ( -994.0358983848619800, -1249.305262667903889, -637.3301270189218712 ) ) ;
#1954 = AXIS2_PLACEMENT_3D ( 'NONE', #1638, #820, #1650 ) ;
#1955 = CARTESIAN_POINT ( 'NONE',  ( -60.39637028918165385, -1174.305262667904117, -2162.441225635265710 ) ) ;
#1956 = AXIS2_PLACEMENT_3D ( 'NONE', #919, #743, #2056 ) ;
#1957 = VECTOR ( 'NONE', #610, 1000.000000000000000 ) ;
#1958 = FACE_OUTER_BOUND ( 'NONE', #1340, .T. ) ;
#1959 = ORIENTED_EDGE ( 'NONE', *, *, #1819, .F. ) ;
#1960 = CYLINDRICAL_SURFACE ( 'NONE', #2068, 1.000000000000000888 ) ;
#1961 = ORIENTED_EDGE ( 'NONE', *, *, #1466, .T. ) ;
#1962 = DIRECTION ( 'NONE',  ( 1.000000000000000000, -2.775557561562891351E-17, -1.054711873393898713E-15 ) ) ;
#1963 = EDGE_CURVE ( 'NONE', #93, #353, #888, .T. ) ;
#1964 = DIRECTION ( 'NONE',  ( 2.775557561562891351E-17, 1.000000000000000000, -0.000000000000000000 ) ) ;
#1965 = EDGE_CURVE ( 'NONE', #439, #1215, #1639, .T. ) ;
#1966 = CIRCLE ( 'NONE', #1035, 0.9999999999998898659 ) ;
#1967 = CARTESIAN_POINT ( 'NONE',  ( -1013.704735452360524, -1174.305262667903889, -585.2627018922203206 ) ) ;
#1968 = ORIENTED_EDGE ( 'NONE', *, *, #15, .T. ) ;
#1969 = LINE ( 'NONE', #1976, #650 ) ;
#1970 = CARTESIAN_POINT ( 'NONE',  ( -106.5007092949841194, -1178.585527473977209, -2169.528010433926738 ) ) ;
#1971 = AXIS2_PLACEMENT_3D ( 'NONE', #1025, #527, #2148 ) ;
#1972 = PLANE ( 'NONE',  #425 ) ;
#1973 = CARTESIAN_POINT ( 'NONE',  ( -1004.999999999999886, -1178.305262667903889, -544.9999999999996589 ) ) ;
#1974 = CARTESIAN_POINT ( 'NONE',  ( -990.5717967697233917, -1182.305262667903889, -635.3301270189230081 ) ) ;
#1975 = LINE ( 'NONE', #151, #431 ) ;
#1976 = CARTESIAN_POINT ( 'NONE',  ( -415.6637925531780979, -1249.305262667903662, -1647.099999999999227 ) ) ;
#1977 = EDGE_CURVE ( 'NONE', #626, #2032, #1816, .T. ) ;
#1978 = CARTESIAN_POINT ( 'NONE',  ( -107.6705019074179859, -1182.305262667903889, -2172.560027788782918 ) ) ;
#1979 = EDGE_CURVE ( 'NONE', #1390, #885, #1383, .T. ) ;
#1980 = ORIENTED_EDGE ( 'NONE', *, *, #996, .F. ) ;
#1981 = CARTESIAN_POINT ( 'NONE',  ( -997.4999999999994316, -1245.305262667903435, -549.3301270189217576 ) ) ;
#1982 = EDGE_CURVE ( 'NONE', #1221, #1043, #983, .T. ) ;
#1983 = LINE ( 'NONE', #499, #2070 ) ;
#1984 = DIRECTION ( 'NONE',  ( -5.551115123125782702E-17, 1.000000000000000000, -5.551115123125782702E-17 ) ) ;
#1985 = EDGE_LOOP ( 'NONE', ( #1322, #195, #1544, #1201 ) ) ;
#1986 = DIRECTION ( 'NONE',  ( -5.551115123125782702E-17, -1.000000000000000000, -5.551115123125782702E-17 ) ) ;
#1987 = CARTESIAN_POINT ( 'NONE',  ( -109.9799029841764479, -1182.305262667903889, -2173.893361122116403 ) ) ;
#1988 = AXIS2_PLACEMENT_3D ( 'NONE', #1273, #623, #1935 ) ;
#1989 = ORIENTED_EDGE ( 'NONE', *, *, #987, .F. ) ;
#1990 = AXIS2_PLACEMENT_3D ( 'NONE', #92, #80, #1605 ) ;
#1991 = VERTEX_POINT ( 'NONE', #1357 ) ;
#1992 = CARTESIAN_POINT ( 'NONE',  ( -413.7008016379335231, -1213.205262667903526, -1642.499999999999091 ) ) ;
#1993 = ORIENTED_EDGE ( 'NONE', *, *, #346, .F. ) ;
#1994 = DIRECTION ( 'NONE',  ( 1.000000000000000000, -2.775557561562891351E-17, -1.054711873393898713E-15 ) ) ;
#1995 = EDGE_CURVE ( 'NONE', #1847, #1858, #2021, .T. ) ;
#1996 = EDGE_CURVE ( 'NONE', #159, #2028, #1868, .T. ) ;
#1997 = DIRECTION ( 'NONE',  ( 0.8660254037844331565, 7.582964277521824311E-17, 0.5000000000000096589 ) ) ;
#1998 = DIRECTION ( 'NONE',  ( 1.000000000000000000, 2.775557561562891351E-17, -1.054711873393898713E-15 ) ) ;
#1999 = CARTESIAN_POINT ( 'NONE',  ( -993.0717967697241875, -1245.305262667903662, -630.9999999999995453 ) ) ;
#2000 = AXIS2_PLACEMENT_3D ( 'NONE', #1180, #1394, #1546 ) ;
#2001 = DIRECTION ( 'NONE',  ( 1.000000000000000000, -5.551115123125782702E-17, -5.551115123125782702E-17 ) ) ;
#2002 = ORIENTED_EDGE ( 'NONE', *, *, #304, .T. ) ;
#2003 = VERTEX_POINT ( 'NONE', #710 ) ;
#2004 = ORIENTED_EDGE ( 'NONE', *, *, #177, .T. ) ;
#2005 = VECTOR ( 'NONE', #1873, 1000.000000000000000 ) ;
#2006 = FACE_BOUND ( 'NONE', #480, .T. ) ;
#2007 = DIRECTION ( 'NONE',  ( 0.000000000000000000, 0.000000000000000000, 1.000000000000000000 ) ) ;
#2008 = ORIENTED_EDGE ( 'NONE', *, *, #244, .T. ) ;
#2009 = CARTESIAN_POINT ( 'NONE',  ( -412.1996909380403622, -1215.805262667903662, -1645.099999999999227 ) ) ;
#2010 = CARTESIAN_POINT ( 'NONE',  ( -110.2110010895072207, -1176.525512767021837, -2171.223056110652124 ) ) ;
#2011 = DIRECTION ( 'NONE',  ( 0.5000000000000009992, 0.000000000000000000, -0.8660254037844380415 ) ) ;
#2012 = ORIENTED_EDGE ( 'NONE', *, *, #1141, .F. ) ;
#2013 = CARTESIAN_POINT ( 'NONE',  ( -993.0717967697237327, -1178.305262667903889, -631.0000000000004547 ) ) ;
#2014 = DIRECTION ( 'NONE',  ( -1.000000000000000000, 0.000000000000000000, 0.000000000000000000 ) ) ;
#2015 = AXIS2_PLACEMENT_3D ( 'NONE', #1803, #1490, #319 ) ;
#2016 = ORIENTED_EDGE ( 'NONE', *, *, #365, .F. ) ;
#2017 = EDGE_CURVE ( 'NONE', #1300, #1893, #1167, .T. ) ;
#2018 = ORIENTED_EDGE ( 'NONE', *, *, #352, .T. ) ;
#2019 = ORIENTED_EDGE ( 'NONE', *, *, #1494, .T. ) ;
#2020 = CARTESIAN_POINT ( 'NONE',  ( -1012.000000000000000, -1178.305262667903889, -544.9999999999996589 ) ) ;
#2021 = LINE ( 'NONE', #669, #1271 ) ;
#2022 = ORIENTED_EDGE ( 'NONE', *, *, #227, .F. ) ;
#2023 = CARTESIAN_POINT ( 'NONE',  ( -106.4588025539608225, -1178.571730813822796, -2169.529922941747373 ) ) ;
#2024 = CARTESIAN_POINT ( 'NONE',  ( -999.9999999999995453, -1245.305262667903435, 0.000000000000000000 ) ) ;
#2025 = ORIENTED_EDGE ( 'NONE', *, *, #288, .T. ) ;
#2026 = CARTESIAN_POINT ( 'NONE',  ( -91.46793685588872336, -1241.305262667903662, -2208.623693670971079 ) ) ;
#2027 = LINE ( 'NONE', #1689, #1754 ) ;
#2028 = VERTEX_POINT ( 'NONE', #523 ) ;
#2029 = VECTOR ( 'NONE', #228, 1000.000000000000227 ) ;
#2030 = CALENDAR_DATE ( 2026, 11, 7 ) ;
#2031 = AXIS2_PLACEMENT_3D ( 'NONE', #1800, #1946, #324 ) ;
#2032 = VERTEX_POINT ( 'NONE', #360 ) ;
#2033 = DIRECTION ( 'NONE',  ( 1.000000000000000000, 2.775557561562891351E-17, -1.054711873393898713E-15 ) ) ;
#2034 = FACE_OUTER_BOUND ( 'NONE', #1905, .T. ) ;
#2035 = ORIENTED_EDGE ( 'NONE', *, *, #438, .F. ) ;
#2036 = CARTESIAN_POINT ( 'NONE',  ( -107.1013890503388097, -1178.830758401534467, -2169.547909175568293 ) ) ;
#2037 = CARTESIAN_POINT ( 'NONE',  ( -997.4999999999993179, -1174.305262667903889, -549.3301270189216439 ) ) ;
#2038 = ORIENTED_EDGE ( 'NONE', *, *, #344, .T. ) ;
#2039 = CARTESIAN_POINT ( 'NONE',  ( -89.24123342518525703, -1245.014461363010014, -2210.807412580707478 ) ) ;
#2040 = VERTEX_POINT ( 'NONE', #1680 ) ;
#2041 = AXIS2_PLACEMENT_3D ( 'NONE', #1403, #87, #1267 ) ;
#2042 = PERSON_AND_ORGANIZATION ( #1428, #1171 ) ;
#2043 = ORIENTED_EDGE ( 'NONE', *, *, #1883, .F. ) ;
#2044 = DIRECTION ( 'NONE',  ( 5.551115123125782702E-17, 1.000000000000000000, 5.551115123125782702E-17 ) ) ;
#2045 = LINE ( 'NONE', #699, #326 ) ;
#2046 = ORIENTED_EDGE ( 'NONE', *, *, #1059, .F. ) ;
#2047 = EDGE_CURVE ( 'NONE', #1065, #1342, #1367, .T. ) ;
#2048 = CIRCLE ( 'NONE', #25, 5.000000000000004441 ) ;
#2049 = CARTESIAN_POINT ( 'NONE',  ( -107.7626015059506983, -1174.861182108181538, -2170.260821888291048 ) ) ;
#2050 = CYLINDRICAL_SURFACE ( 'NONE', #516, 8.000000000000030198 ) ;
#2051 = EDGE_CURVE ( 'NONE', #569, #1773, #2045, .T. ) ;
#2052 = CARTESIAN_POINT ( 'NONE',  ( -376.8510534237933030, -385.1559129642049015, -1714.325636153010009 ) ) ;
#2053 = ORIENTED_EDGE ( 'NONE', *, *, #470, .F. ) ;
#2054 = ORIENTED_EDGE ( 'NONE', *, *, #1397, .F. ) ;
#2055 = DIRECTION ( 'NONE',  ( 1.054711873393898713E-15, -5.551115123125788865E-17, 1.000000000000000000 ) ) ;
#2056 = DIRECTION ( 'NONE',  ( 0.8660254037844380415, 0.000000000000000000, 0.5000000000000009992 ) ) ;
#2057 = VERTEX_POINT ( 'NONE', #861 ) ;
#2058 = EDGE_CURVE ( 'NONE', #1825, #2061, #164, .T. ) ;
#2059 = DIRECTION ( 'NONE',  ( 0.5000000000000009992, 0.000000000000000000, -0.8660254037844380415 ) ) ;
#2060 = DIRECTION ( 'NONE',  ( 0.000000000000000000, 0.000000000000000000, 1.000000000000000000 ) ) ;
#2061 = VERTEX_POINT ( 'NONE', #1033 ) ;
#2062 = COORDINATED_UNIVERSAL_TIME_OFFSET ( 10, 0, .AHEAD. ) ;
#2063 = EDGE_LOOP ( 'NONE', ( #666, #1530, #1218, #507 ) ) ;
#2064 = CC_DESIGN_PERSON_AND_ORGANIZATION_ASSIGNMENT ( #915, #581, ( #518 ) ) ;
#2065 = CARTESIAN_POINT ( 'NONE',  ( -45.49999999999998579, -1249.305262667903662, -2208.242495824489197 ) ) ;
#2066 = CARTESIAN_POINT ( 'NONE',  ( -84.31210564805556373, -1248.356461910435200, -2212.663292698077839 ) ) ;
#2067 = ORIENTED_EDGE ( 'NONE', *, *, #1837, .T. ) ;
#2068 = AXIS2_PLACEMENT_3D ( 'NONE', #1484, #979, #971 ) ;
#2069 = LINE ( 'NONE', #436, #864 ) ;
#2070 = VECTOR ( 'NONE', #1183, 1000.000000000000000 ) ;
#2071 = LINE ( 'NONE', #1756, #2141 ) ;
#2072 = EDGE_CURVE ( 'NONE', #1353, #740, #834, .T. ) ;
#2073 = ADVANCED_FACE ( 'NONE', ( #1329 ), #2154, .T. ) ;
#2074 = ORIENTED_EDGE ( 'NONE', *, *, #77, .T. ) ;
#2075 = APPROVAL_ROLE ( '' ) ;
#2076 = CARTESIAN_POINT ( 'NONE',  ( -999.9999999999994316, -1178.305262667903889, -549.9999999999996589 ) ) ;
#2077 = EDGE_LOOP ( 'NONE', ( #428, #1230, #1552, #1919 ) ) ;
#2078 = CARTESIAN_POINT ( 'NONE',  ( -83.55197567395617853, -1244.554717429151879, -2211.163589001339005 ) ) ;
#2079 = CARTESIAN_POINT ( 'NONE',  ( -87.59841872061221579, -1246.470372316523481, -2211.607674968348874 ) ) ;
#2080 = EDGE_LOOP ( 'NONE', ( #254, #546, #1176, #1402 ) ) ;
#2081 = VECTOR ( 'NONE', #976, 1000.000000000000000 ) ;
#2082 = VECTOR ( 'NONE', #1986, 1000.000000000000000 ) ;
#2083 = LINE ( 'NONE', #1174, #2136 ) ;
#2084 = AXIS2_PLACEMENT_3D ( 'NONE', #1941, #1285, #290 ) ;
#2085 = CC_DESIGN_SECURITY_CLASSIFICATION ( #342, ( #518 ) ) ;
#2086 = DIRECTION ( 'NONE',  ( 2.775557561562891351E-17, 1.000000000000000000, -0.000000000000000000 ) ) ;
#2087 = AXIS2_PLACEMENT_3D ( 'NONE', #1360, #1062, #1540 ) ;
#2088 = ADVANCED_FACE ( 'NONE', ( #944 ), #399, .T. ) ;
#2089 = ORIENTED_EDGE ( 'NONE', *, *, #352, .F. ) ;
#2090 = DESIGN_CONTEXT ( 'detailed design', #306, 'design' ) ;
#2091 = CARTESIAN_POINT ( 'NONE',  ( -106.5231825430354604, -1178.593136010450507, -2169.527266603038242 ) ) ;
#2092 = CARTESIAN_POINT ( 'NONE',  ( -1013.704735452354953, -1249.305262667903435, -585.2627018922303250 ) ) ;
#2093 = ORIENTED_EDGE ( 'NONE', *, *, #651, .T. ) ;
#2094 = LINE ( 'NONE', #943, #58 ) ;
#2095 = DIRECTION ( 'NONE',  ( 0.5000000000000009992, -2.129924444096731875E-29, -0.8660254037844380415 ) ) ;
#2096 = PLANE ( 'NONE',  #654 ) ;
#2097 = LINE ( 'NONE', #111, #1957 ) ;
#2098 = CARTESIAN_POINT ( 'NONE',  ( -981.6617955123360844, -1249.305262667903662, -566.7627018922198658 ) ) ;
#2099 = DIRECTION ( 'NONE',  ( 0.000000000000000000, 0.000000000000000000, 1.000000000000000000 ) ) ;
#2100 = CARTESIAN_POINT ( 'NONE',  ( -111.4851840863719445, -1179.565006035612896, -2173.020210619394220 ) ) ;
#2101 = ORIENTED_EDGE ( 'NONE', *, *, #996, .T. ) ;
#2102 = LINE ( 'NONE', #1387, #1734 ) ;
#2103 = FACE_OUTER_BOUND ( 'NONE', #681, .T. ) ;
#2104 = VECTOR ( 'NONE', #1133, 1000.000000000000000 ) ;
#2105 = LINE ( 'NONE', #1107, #1037 ) ;
#2106 = DIRECTION ( 'NONE',  ( 0.000000000000000000, 0.000000000000000000, 1.000000000000000000 ) ) ;
#2107 = DIRECTION ( 'NONE',  ( -6.001205538514363462E-16, -1.665669141091664491E-32, -1.000000000000000000 ) ) ;
#2108 = EDGE_CURVE ( 'NONE', #1098, #1843, #757, .T. ) ;
#2109 = VECTOR ( 'NONE', #890, 1000.000000000000000 ) ;
#2110 = EDGE_CURVE ( 'NONE', #1361, #1325, #542, .T. ) ;
#2111 = CARTESIAN_POINT ( 'NONE',  ( -1004.999999999999886, -1174.305262667903889, -545.9999999999996589 ) ) ;
#2112 = CARTESIAN_POINT ( 'NONE',  ( -1005.999999999999773, -1178.305262667903889, -608.9999999999998863 ) ) ;
#2113 = DIRECTION ( 'NONE',  ( -5.551115123125782702E-17, -1.000000000000000000, -5.551115123125782702E-17 ) ) ;
#2114 = EDGE_CURVE ( 'NONE', #439, #684, #75, .T. ) ;
#2115 = DIRECTION ( 'NONE',  ( 5.551115123125782702E-17, 1.000000000000000000, -5.551115123125782702E-17 ) ) ;
#2116 = CARTESIAN_POINT ( 'NONE',  ( -109.6751528659122243, -1175.984539445818655, -2170.911096840517075 ) ) ;
#2117 = ADVANCED_FACE ( 'NONE', ( #1918 ), #267, .T. ) ;
#2118 = CARTESIAN_POINT ( 'NONE',  ( 375.1955611259033390, -1249.305262667903662, -3000.908582213249701 ) ) ;
#2119 = FACE_OUTER_BOUND ( 'NONE', #2063, .T. ) ;
#2120 = CARTESIAN_POINT ( 'NONE',  ( -106.4938060285211918, -1178.583222388042714, -2169.528282477850553 ) ) ;
#2121 = VERTEX_POINT ( 'NONE', #1223 ) ;
#2122 = FACE_OUTER_BOUND ( 'NONE', #268, .T. ) ;
#2123 = ADVANCED_FACE ( 'NONE', ( #256 ), #434, .T. ) ;
#2124 = APPROVAL ( #47, 'UNSPECIFIED' ) ;
#2125 = ORIENTED_EDGE ( 'NONE', *, *, #775, .F. ) ;
#2126 = FACE_OUTER_BOUND ( 'NONE', #534, .T. ) ;
#2127 = CIRCLE ( 'NONE', #442, 0.9999999999998898659 ) ;
#2128 = LINE ( 'NONE', #1313, #1895 ) ;
#2129 = DIRECTION ( 'NONE',  ( 0.000000000000000000, 0.000000000000000000, 1.000000000000000000 ) ) ;
#2130 = ORIENTED_EDGE ( 'NONE', *, *, #688, .T. ) ;
#2131 = CARTESIAN_POINT ( 'NONE',  ( -999.9999999999995453, -1178.305262667903889, -544.9999999999996589 ) ) ;
#2132 = CARTESIAN_POINT ( 'NONE',  ( -109.6751528659121959, -1175.984539445818200, -2170.911096840516620 ) ) ;
#2133 = LINE ( 'NONE', #490, #48 ) ;
#2134 = CARTESIAN_POINT ( 'NONE',  ( -999.9999999999995453, -1174.305262667903889, -549.9999999999996589 ) ) ;
#2135 = ADVANCED_FACE ( 'NONE', ( #1395 ), #1880, .T. ) ;
#2136 = VECTOR ( 'NONE', #1261, 1000.000000000000000 ) ;
#2137 = DIRECTION ( 'NONE',  ( -0.5000000000000008882, -1.665334536937735057E-16, 0.8660254037844382635 ) ) ;
#2138 = EDGE_CURVE ( 'NONE', #1843, #1876, #1247, .T. ) ;
#2139 = ORIENTED_EDGE ( 'NONE', *, *, #1982, .T. ) ;
#2140 = DIRECTION ( 'NONE',  ( 0.5000000000000052180, 0.000000000000000000, -0.8660254037844355990 ) ) ;
#2141 = VECTOR ( 'NONE', #1746, 1000.000000000000000 ) ;
#2142 = DIRECTION ( 'NONE',  ( 0.5000000000000052180, 0.000000000000000000, -0.8660254037844355990 ) ) ;
#2143 = APPROVAL_PERSON_ORGANIZATION ( #1243, #2124, #763 ) ;
#2144 = ADVANCED_FACE ( 'NONE', ( #1083, #410, #1069 ), #1093, .T. ) ;
#2145 = AXIS2_PLACEMENT_3D ( 'NONE', #1820, #366, #486 ) ;
#2146 = DIRECTION ( 'NONE',  ( 0.000000000000000000, 0.000000000000000000, 1.000000000000000000 ) ) ;
#2147 = CARTESIAN_POINT ( 'NONE',  ( -1004.999999999999886, -1178.305262667903889, -608.9999999999998863 ) ) ;
#2148 = DIRECTION ( 'NONE',  ( 1.000000000000000000, 5.551115123125782702E-17, 5.551115123125782702E-17 ) ) ;
#2149 = ORIENTED_EDGE ( 'NONE', *, *, #1304, .T. ) ;
#2150 = DIRECTION ( 'NONE',  ( -6.001205538514363462E-16, -1.665669141091664491E-32, -1.000000000000000000 ) ) ;
#2151 = CARTESIAN_POINT ( 'NONE',  ( -64.72649730810343272, -1174.305262667903662, -2164.941225635265710 ) ) ;
#2152 = ORIENTED_EDGE ( 'NONE', *, *, #2156, .T. ) ;
#2153 = ORIENTED_EDGE ( 'NONE', *, *, #1683, .T. ) ;
#2154 = PLANE ( 'NONE',  #1549 ) ;
#2155 = EDGE_LOOP ( 'NONE', ( #1959, #23, #1663, #1726 ) ) ;
#2156 = EDGE_CURVE ( 'NONE', #1899, #487, #1752, .T. ) ;
#2157 = CARTESIAN_POINT ( 'NONE',  ( -981.6617955123359707, -1178.305262667903889, -566.7627018922197522 ) ) ;
ENDSEC;
END-ISO-10303-21;
