ISO-10303-21;
HEADER;
FILE_DESCRIPTION (( 'STEP AP203' ),
    '1' );
FILE_NAME ('CV03-TR-12_REV_B_3780cf54c7824560a94e57ae898739ae.tmp.step',
    '2026-07-11T06:44:34',
    ( '' ),
    ( '' ),
    'SwSTEP 2.0',
    'SolidWorks 2025',
    '' );
FILE_SCHEMA (( 'CONFIG_CONTROL_DESIGN' ));
ENDSEC;

DATA;
#1 = VECTOR ( 'NONE', #684, 1000.000000000000000 ) ;
#2 = DIRECTION ( 'NONE',  ( 1.000000000000000000, 0.000000000000000000, -6.001205538514363462E-16 ) ) ;
#3 = AXIS2_PLACEMENT_3D ( 'NONE', #190, #329, #1413 ) ;
#4 = DIRECTION ( 'NONE',  ( -0.4999999999999995559, 0.000000000000000000, 0.8660254037844389297 ) ) ;
#5 = AXIS2_PLACEMENT_3D ( 'NONE', #1156, #1009, #1182 ) ;
#6 = PLANE ( 'NONE',  #1479 ) ;
#7 = CIRCLE ( 'NONE', #1564, 25.00000000000002132 ) ;
#8 = EDGE_LOOP ( 'NONE', ( #841, #709, #563, #317 ) ) ;
#9 = EDGE_CURVE ( 'NONE', #324, #1228, #1663, .T. ) ;
#10 = ORIENTED_EDGE ( 'NONE', *, *, #1457, .F. ) ;
#11 = EDGE_CURVE ( 'NONE', #105, #70, #856, .T. ) ;
#12 = DIRECTION ( 'NONE',  ( -0.4999999999999995559, 0.000000000000000000, 0.8660254037844389297 ) ) ;
#13 = CARTESIAN_POINT ( 'NONE',  ( -999.9999999999996589, -1241.982932197567607, -517.6776695296633761 ) ) ;
#14 = FACE_OUTER_BOUND ( 'NONE', #1274, .T. ) ;
#15 = ORIENTED_EDGE ( 'NONE', *, *, #1604, .T. ) ;
#16 = ORIENTED_EDGE ( 'NONE', *, *, #1139, .T. ) ;
#17 = CARTESIAN_POINT ( 'NONE',  ( -989.0499999999999545, -574.8301822523413875, -653.9659563428787123 ) ) ;
#18 = DIRECTION ( 'NONE',  ( 0.000000000000000000, -1.000000000000000000, 0.000000000000000000 ) ) ;
#19 = CARTESIAN_POINT ( 'NONE',  ( -999.9999999999997726, -1249.305262667903662, -634.9999999999997726 ) ) ;
#20 = ORIENTED_EDGE ( 'NONE', *, *, #1379, .T. ) ;
#21 = CARTESIAN_POINT ( 'NONE',  ( -999.9999999999997726, -1249.305262667903435, -609.0999999999991132 ) ) ;
#22 = ORIENTED_EDGE ( 'NONE', *, *, #166, .F. ) ;
#23 = LOCAL_TIME ( 16, 44, 34.00000000000000000, #633 ) ;
#24 = CARTESIAN_POINT ( 'NONE',  ( -945.3738219523704629, -1089.305262667903889, -741.6153158017973510 ) ) ;
#26 = ORIENTED_EDGE ( 'NONE', *, *, #1717, .F. ) ;
#25 = APPROVAL ( #1040, 'UNSPECIFIED' ) ;
#27 = CARTESIAN_POINT ( 'NONE',  ( -999.9999999999997726, -1245.205262667903526, -603.8999999999990678 ) ) ;
#28 = EDGE_CURVE ( 'NONE', #779, #586, #456, .T. ) ;
#29 = CARTESIAN_POINT ( 'NONE',  ( -999.9999999999997726, -574.8301822523413875, -609.0999999999999091 ) ) ;
#30 = CIRCLE ( 'NONE', #1070, 25.00000000000002132 ) ;
#31 = VECTOR ( 'NONE', #93, 1000.000000000000000 ) ;
#32 = ORIENTED_EDGE ( 'NONE', *, *, #441, .F. ) ;
#33 = DIRECTION ( 'NONE',  ( 0.8660254037844389297, -0.000000000000000000, 0.4999999999999995559 ) ) ;
#34 = AXIS2_PLACEMENT_3D ( 'NONE', #1742, #243, #353 ) ;
#35 = EDGE_LOOP ( 'NONE', ( #948, #378, #619, #1407 ) ) ;
#36 = LINE ( 'NONE', #160, #1389 ) ;
#37 = EDGE_CURVE ( 'NONE', #340, #294, #477, .T. ) ;
#38 = VERTEX_POINT ( 'NONE', #878 ) ;
#39 = FACE_OUTER_BOUND ( 'NONE', #557, .T. ) ;
#40 = FACE_OUTER_BOUND ( 'NONE', #1327, .T. ) ;
#41 = EDGE_CURVE ( 'NONE', #1345, #1369, #1699, .T. ) ;
#42 = DIRECTION ( 'NONE',  ( -0.4999999999999995559, -0.000000000000000000, 0.8660254037844389297 ) ) ;
#43 = FACE_OUTER_BOUND ( 'NONE', #1412, .T. ) ;
#44 = ORIENTED_EDGE ( 'NONE', *, *, #159, .F. ) ;
#45 = DIRECTION ( 'NONE',  ( -6.001205538514363462E-16, 0.000000000000000000, -1.000000000000000000 ) ) ;
#46 = ORIENTED_EDGE ( 'NONE', *, *, #28, .F. ) ;
#47 = DIRECTION ( 'NONE',  ( 0.8660254037844389297, -0.000000000000000000, 0.4999999999999995559 ) ) ;
#48 = DIRECTION ( 'NONE',  ( -0.4999999999999995559, 0.000000000000000000, 0.8660254037844389297 ) ) ;
#49 = DIRECTION ( 'NONE',  ( 0.8660254037844389297, -0.000000000000000000, 0.4999999999999995559 ) ) ;
#50 = LINE ( 'NONE', #1720, #927 ) ;
#51 = ORIENTED_EDGE ( 'NONE', *, *, #1454, .T. ) ;
#52 = EDGE_CURVE ( 'NONE', #1697, #105, #1568, .T. ) ;
#53 = ORIENTED_EDGE ( 'NONE', *, *, #614, .T. ) ;
#54 = CARTESIAN_POINT ( 'NONE',  ( -999.9999999999997726, -574.8301822523413875, -603.8999999999998636 ) ) ;
#55 = SECURITY_CLASSIFICATION ( '', '', #1354 ) ;
#56 = DIRECTION ( 'NONE',  ( -0.3535533905932714549, -0.7071067811865514585, 0.6123724356957912507 ) ) ;
#57 = CARTESIAN_POINT ( 'NONE',  ( -1005.999999999999773, -1249.305262667903435, -634.9999999999997726 ) ) ;
#58 = CLOSED_SHELL ( 'NONE', ( #1046, #1235, #1426, #885, #1572, #1532, #326, #1320, #417, #874, #293, #225, #813, #1055, #1265, #1693, #382, #559, #1445, #1639, #1658, #651, #1254, #330, #1311, #1455, #1769, #1767, #171, #385, #1683, #492, #83, #1708, #680, #119, #568, #328, #683, #549, #745, #1335, #599, #1213, #1318, #192, #1257, #306, #1372, #158, #1015, #436, #540, #272 ) ) ;
#59 = PLANE ( 'NONE',  #1333 ) ;
#60 = AXIS2_PLACEMENT_3D ( 'NONE', #1565, #882, #732 ) ;
#61 = ORIENTED_EDGE ( 'NONE', *, *, #888, .T. ) ;
#62 = EDGE_LOOP ( 'NONE', ( #22, #1471, #241, #1765 ) ) ;
#63 = VECTOR ( 'NONE', #1193, 1000.000000000000000 ) ;
#64 = ORIENTED_EDGE ( 'NONE', *, *, #624, .F. ) ;
#65 = EDGE_CURVE ( 'NONE', #872, #1465, #178, .T. ) ;
#66 = CARTESIAN_POINT ( 'NONE',  ( -986.4499999999997044, -574.8301822523413875, -658.4692884425583088 ) ) ;
#67 = CARTESIAN_POINT ( 'NONE',  ( -834.7260985847816528, -1093.405262667904026, -933.2627944162877611 ) ) ;
#68 = DIRECTION ( 'NONE',  ( 0.4999999999999995004, -0.000000000000000000, -0.8660254037844390407 ) ) ;
#69 = CARTESIAN_POINT ( 'NONE',  ( -829.5299461620750208, -1089.305262667903889, -930.2627944162877611 ) ) ;
#70 = VERTEX_POINT ( 'NONE', #760 ) ;
#71 = CARTESIAN_POINT ( 'NONE',  ( -1005.999999999999773, -1249.305262667903662, -633.3923048454130367 ) ) ;
#72 = DIRECTION ( 'NONE',  ( 1.000000000000000000, 0.000000000000000000, -6.001205538514363462E-16 ) ) ;
#73 = CARTESIAN_POINT ( 'NONE',  ( -999.9999999999997726, -1178.805262667903662, -544.8999999999997499 ) ) ;
#74 = CARTESIAN_POINT ( 'NONE',  ( -1005.999999999999773, -574.8301822523413875, -609.0999999999991132 ) ) ;
#75 = FACE_OUTER_BOUND ( 'NONE', #537, .T. ) ;
#76 = ORIENTED_EDGE ( 'NONE', *, *, #1379, .F. ) ;
#77 = VERTEX_POINT ( 'NONE', #471 ) ;
#78 = CARTESIAN_POINT ( 'NONE',  ( -989.0499999999997272, -574.8301822523413875, -653.9659563428791671 ) ) ;
#79 = PLANE ( 'NONE',  #1613 ) ;
#80 = LOCAL_TIME ( 16, 44, 34.00000000000000000, #372 ) ;
#81 = APPROVAL_ROLE ( '' ) ;
#82 = EDGE_CURVE ( 'NONE', #915, #696, #1297, .T. ) ;
#83 = ADVANCED_FACE ( 'NONE', ( #1415 ), #1577, .T. ) ;
#84 = CARTESIAN_POINT ( 'NONE',  ( -952.5500000000000682, -1093.405262667904026, -717.1858108191424890 ) ) ;
#85 = CARTESIAN_POINT ( 'NONE',  ( -986.4500000000000455, -1093.405262667904026, -658.4692884425578541 ) ) ;
#86 = AXIS2_PLACEMENT_3D ( 'NONE', #1021, #485, #193 ) ;
#87 = EDGE_LOOP ( 'NONE', ( #513, #196, #1229, #659 ) ) ;
#88 = VECTOR ( 'NONE', #862, 1000.000000000000000 ) ;
#89 = VERTEX_POINT ( 'NONE', #897 ) ;
#90 = VECTOR ( 'NONE', #1755, 1000.000000000000000 ) ;
#91 = DIRECTION ( 'NONE',  ( 0.000000000000000000, 0.000000000000000000, 1.000000000000000000 ) ) ;
#92 = AXIS2_PLACEMENT_3D ( 'NONE', #701, #715, #1530 ) ;
#93 = DIRECTION ( 'NONE',  ( -6.001205538514363462E-16, 0.000000000000000000, -1.000000000000000000 ) ) ;
#94 = LINE ( 'NONE', #1488, #831 ) ;
#95 = DIRECTION ( 'NONE',  ( 0.000000000000000000, 0.000000000000000000, -1.000000000000000000 ) ) ;
#96 = VERTEX_POINT ( 'NONE', #1167 ) ;
#97 = ORIENTED_EDGE ( 'NONE', *, *, #368, .T. ) ;
#98 = LINE ( 'NONE', #621, #984 ) ;
#99 = APPLICATION_CONTEXT ( 'configuration controlled 3d designs of mechanical parts and assemblies' ) ;
#100 = LINE ( 'NONE', #1757, #230 ) ;
#101 = DIRECTION ( 'NONE',  ( -6.001205538514363462E-16, 0.000000000000000000, -1.000000000000000000 ) ) ;
#102 = CARTESIAN_POINT ( 'NONE',  ( -999.9999999999996589, -1114.305262667903662, -474.9999999999999432 ) ) ;
#103 = ORIENTED_EDGE ( 'NONE', *, *, #860, .F. ) ;
#104 = EDGE_CURVE ( 'NONE', #1409, #646, #1680, .T. ) ;
#105 = VERTEX_POINT ( 'NONE', #449 ) ;
#106 = EDGE_CURVE ( 'NONE', #1456, #810, #200, .T. ) ;
#107 = LINE ( 'NONE', #660, #1220 ) ;
#108 = DIRECTION ( 'NONE',  ( 0.000000000000000000, -1.000000000000000000, -0.000000000000000000 ) ) ;
#109 = DATE_AND_TIME ( #1487, #1122 ) ;
#110 = ORIENTED_EDGE ( 'NONE', *, *, #1373, .F. ) ;
#111 = LINE ( 'NONE', #1593, #921 ) ;
#112 = DIRECTION ( 'NONE',  ( 0.4999999999999995559, 0.000000000000000000, -0.8660254037844389297 ) ) ;
#113 =( GEOMETRIC_REPRESENTATION_CONTEXT ( 3 ) GLOBAL_UNCERTAINTY_ASSIGNED_CONTEXT ( ( #792 ) ) GLOBAL_UNIT_ASSIGNED_CONTEXT ( ( #1433, #1305, #735 ) ) REPRESENTATION_CONTEXT ( 'NONE', 'WORKASPACE' ) );
#114 = ORIENTED_EDGE ( 'NONE', *, *, #349, .T. ) ;
#115 = EDGE_CURVE ( 'NONE', #376, #340, #1155, .T. ) ;
#116 = ORIENTED_EDGE ( 'NONE', *, *, #484, .F. ) ;
#117 = CARTESIAN_POINT ( 'NONE',  ( -1005.999999999999773, -1178.805262667903662, -609.0999999999999091 ) ) ;
#118 = AXIS2_PLACEMENT_3D ( 'NONE', #123, #1208, #1469 ) ;
#119 = ADVANCED_FACE ( 'NONE', ( #1284 ), #999, .F. ) ;
#120 = AXIS2_PLACEMENT_3D ( 'NONE', #54, #45, #1410 ) ;
#121 = LINE ( 'NONE', #942, #176 ) ;
#122 = AXIS2_PLACEMENT_3D ( 'NONE', #1077, #1088, #1631 ) ;
#123 = CARTESIAN_POINT ( 'NONE',  ( -829.5299461620750208, -1169.805262667903889, -930.2627944162877611 ) ) ;
#124 = CARTESIAN_POINT ( 'NONE',  ( -999.9999999999997726, -1249.305262667903662, -634.9999999999997726 ) ) ;
#125 = ORIENTED_EDGE ( 'NONE', *, *, #1480, .F. ) ;
#126 = ORIENTED_EDGE ( 'NONE', *, *, #1113, .T. ) ;
#127 = LINE ( 'NONE', #1775, #1279 ) ;
#128 = FACE_OUTER_BOUND ( 'NONE', #769, .T. ) ;
#129 = DIRECTION ( 'NONE',  ( 9.996022874851759560E-48, 1.000000000000000000, 1.665669141091664491E-32 ) ) ;
#130 = DIRECTION ( 'NONE',  ( 0.000000000000000000, 1.000000000000000000, 0.000000000000000000 ) ) ;
#131 = ORIENTED_EDGE ( 'NONE', *, *, #1398, .T. ) ;
#132 = ORIENTED_EDGE ( 'NONE', *, *, #1068, .F. ) ;
#133 = EDGE_LOOP ( 'NONE', ( #1152, #1595, #1640, #1255 ) ) ;
#134 = CARTESIAN_POINT ( 'NONE',  ( -986.4499999999997044, -1174.805262667903435, -658.4692884425583088 ) ) ;
#135 = PLANE ( 'NONE',  #404 ) ;
#136 = CARTESIAN_POINT ( 'NONE',  ( -986.4500000000000455, -1093.405262667904026, -658.4692884425578541 ) ) ;
#137 = EDGE_CURVE ( 'NONE', #324, #1697, #1034, .T. ) ;
#138 = EDGE_CURVE ( 'NONE', #1390, #899, #1452, .T. ) ;
#139 = EDGE_LOOP ( 'NONE', ( #1493, #110, #641, #1773 ) ) ;
#140 = VECTOR ( 'NONE', #1688, 1000.000000000000000 ) ;
#141 = VERTEX_POINT ( 'NONE', #209 ) ;
#142 = EDGE_LOOP ( 'NONE', ( #1491, #273, #839, #1367 ) ) ;
#143 = ORIENTED_EDGE ( 'NONE', *, *, #1758, .F. ) ;
#144 = VECTOR ( 'NONE', #42, 1000.000000000000000 ) ;
#145 = LINE ( 'NONE', #1231, #1756 ) ;
#146 = VECTOR ( 'NONE', #398, 1000.000000000000000 ) ;
#147 = DIRECTION ( 'NONE',  ( 0.000000000000000000, -1.000000000000000000, 0.000000000000000000 ) ) ;
#148 = DIRECTION ( 'NONE',  ( -6.001205538514363462E-16, -1.665669141091664491E-32, -1.000000000000000000 ) ) ;
#149 = AXIS2_PLACEMENT_3D ( 'NONE', #124, #1054, #1347 ) ;
#150 = VERTEX_POINT ( 'NONE', #1314 ) ;
#151 = EDGE_LOOP ( 'NONE', ( #678, #474, #114, #863 ) ) ;
#152 = DIRECTION ( 'NONE',  ( 0.000000000000000000, 1.000000000000000000, 0.000000000000000000 ) ) ;
#153 = CARTESIAN_POINT ( 'NONE',  ( -999.9999999999997726, -1245.205262667903526, -550.0999999999996817 ) ) ;
#154 = LINE ( 'NONE', #1662, #640 ) ;
#155 = EDGE_LOOP ( 'NONE', ( #1586, #399, #1501, #188 ) ) ;
#156 = PLANE ( 'NONE',  #1760 ) ;
#157 = ORIENTED_EDGE ( 'NONE', *, *, #1293, .F. ) ;
#158 = ADVANCED_FACE ( 'NONE', ( #1548, #1148, #1689 ), #1557, .T. ) ;
#159 = EDGE_CURVE ( 'NONE', #221, #1779, #736, .T. ) ;
#160 = CARTESIAN_POINT ( 'NONE',  ( -931.3388347648321997, -1096.627593138239945, -753.9246266941921704 ) ) ;
#161 = ORIENTED_EDGE ( 'NONE', *, *, #753, .F. ) ;
#162 = CARTESIAN_POINT ( 'NONE',  ( -892.4999999999997726, -1184.660601727231324, -821.1954618136544468 ) ) ;
#163 = DIRECTION ( 'NONE',  ( -6.001205538514363462E-16, 0.000000000000000000, -1.000000000000000000 ) ) ;
#164 = ORIENTED_EDGE ( 'NONE', *, *, #972, .T. ) ;
#165 = DIRECTION ( 'NONE',  ( 9.996022874851759560E-48, -1.000000000000000000, 1.665669141091664491E-32 ) ) ;
#166 = EDGE_CURVE ( 'NONE', #1424, #1129, #1324, .T. ) ;
#167 = EDGE_LOOP ( 'NONE', ( #1492, #541, #1132, #15, #297, #1404, #51, #704, #1741, #1621, #790, #212, #1443, #682, #989, #1094 ) ) ;
#168 = AXIS2_PLACEMENT_3D ( 'NONE', #1582, #728, #1283 ) ;
#169 = EDGE_CURVE ( 'NONE', #1525, #1721, #94, .T. ) ;
#170 = DIRECTION ( 'NONE',  ( 0.8660254037844389297, -0.000000000000000000, 0.4999999999999995559 ) ) ;
#171 = ADVANCED_FACE ( 'NONE', ( #1192 ), #1599, .T. ) ;
#172 = VECTOR ( 'NONE', #1282, 1000.000000000000000 ) ;
#173 = ORIENTED_EDGE ( 'NONE', *, *, #104, .T. ) ;
#174 = PLANE ( 'NONE',  #1388 ) ;
#175 = FACE_OUTER_BOUND ( 'NONE', #505, .T. ) ;
#176 = VECTOR ( 'NONE', #970, 1000.000000000000000 ) ;
#177 = AXIS2_PLACEMENT_3D ( 'NONE', #785, #1749, #527 ) ;
#178 = LINE ( 'NONE', #1719, #634 ) ;
#179 = CARTESIAN_POINT ( 'NONE',  ( -897.6961524227064046, -1224.305262667903889, -824.1954618136544468 ) ) ;
#180 = EDGE_LOOP ( 'NONE', ( #229, #460, #1677, #818 ) ) ;
#181 = DIRECTION ( 'NONE',  ( 6.001205538514363462E-16, -0.000000000000000000, 1.000000000000000000 ) ) ;
#182 = VERTEX_POINT ( 'NONE', #393 ) ;
#183 = EDGE_CURVE ( 'NONE', #848, #1525, #365, .T. ) ;
#184 = DIRECTION ( 'NONE',  ( 0.8660254037844389297, -0.000000000000000000, 0.4999999999999995559 ) ) ;
#185 = PLANE ( 'NONE',  #629 ) ;
#186 = CARTESIAN_POINT ( 'NONE',  ( -829.5299461620750208, -574.8301822523413875, -930.2627944162877611 ) ) ;
#187 = DIRECTION ( 'NONE',  ( 0.000000000000000000, 1.000000000000000000, 0.000000000000000000 ) ) ;
#188 = ORIENTED_EDGE ( 'NONE', *, *, #864, .T. ) ;
#189 = LINE ( 'NONE', #197, #1731 ) ;
#190 = CARTESIAN_POINT ( 'NONE',  ( -945.3738219523705766, -1114.305262667903662, -741.6153158017973510 ) ) ;
#191 = DIRECTION ( 'NONE',  ( 0.8660254037844389297, -0.000000000000000000, 0.4999999999999995559 ) ) ;
#192 = ADVANCED_FACE ( 'NONE', ( #1337 ), #912, .T. ) ;
#193 = DIRECTION ( 'NONE',  ( 0.4999999999999995559, 0.000000000000000000, -0.8660254037844389297 ) ) ;
#194 = DIRECTION ( 'NONE',  ( 6.001205538514363462E-16, 0.000000000000000000, 1.000000000000000000 ) ) ;
#195 = EDGE_CURVE ( 'NONE', #294, #872, #1217, .T. ) ;
#196 = ORIENTED_EDGE ( 'NONE', *, *, #888, .F. ) ;
#197 = CARTESIAN_POINT ( 'NONE',  ( -829.5299461620750208, -1093.405262667904026, -930.2627944162877611 ) ) ;
#198 = CARTESIAN_POINT ( 'NONE',  ( -991.6461524227063364, -1174.805262667903435, -661.4692884425581951 ) ) ;
#199 = CARTESIAN_POINT ( 'NONE',  ( -993.9999999999997726, -1249.305262667903662, -633.3923048454130367 ) ) ;
#200 = LINE ( 'NONE', #617, #1100 ) ;
#201 = VECTOR ( 'NONE', #776, 1000.000000000000000 ) ;
#202 = FACE_OUTER_BOUND ( 'NONE', #1342, .T. ) ;
#203 = VECTOR ( 'NONE', #933, 1000.000000000000000 ) ;
#204 = ORIENTED_EDGE ( 'NONE', *, *, #1502, .F. ) ;
#205 = VECTOR ( 'NONE', #1485, 1000.000000000000000 ) ;
#206 = CARTESIAN_POINT ( 'NONE',  ( -1005.999999999999773, -1178.805262667903662, -550.0999999999996817 ) ) ;
#207 = FACE_OUTER_BOUND ( 'NONE', #1563, .T. ) ;
#208 = CARTESIAN_POINT ( 'NONE',  ( -999.9999999999995453, -967.0677224601214448, -242.7624597922183227 ) ) ;
#209 = CARTESIAN_POINT ( 'NONE',  ( -989.0499999999999545, -1093.405262667904026, -653.9659563428787123 ) ) ;
#210 = DIRECTION ( 'NONE',  ( -9.996022874851759560E-48, 1.000000000000000000, -1.665669141091664491E-32 ) ) ;
#211 = ORIENTED_EDGE ( 'NONE', *, *, #910, .F. ) ;
#212 = ORIENTED_EDGE ( 'NONE', *, *, #648, .T. ) ;
#213 = CARTESIAN_POINT ( 'NONE',  ( -999.9999999999996589, -1181.627593138240172, -457.3223304703362260 ) ) ;
#214 = EDGE_CURVE ( 'NONE', #1656, #571, #503, .T. ) ;
#215 = EDGE_CURVE ( 'NONE', #352, #1746, #256, .T. ) ;
#216 = DIRECTION ( 'NONE',  ( 6.001205538514363462E-16, -0.000000000000000000, 1.000000000000000000 ) ) ;
#217 = APPROVAL_ROLE ( '' ) ;
#218 = CARTESIAN_POINT ( 'NONE',  ( -892.4999999999997726, -574.8301822523413875, -821.1954618136544468 ) ) ;
#219 = CARTESIAN_POINT ( 'NONE',  ( -994.2461524227065865, -574.8301822523413875, -656.9659563428787123 ) ) ;
#220 = ORIENTED_EDGE ( 'NONE', *, *, #829, .F. ) ;
#221 = VERTEX_POINT ( 'NONE', #1355 ) ;
#222 = DIRECTION ( 'NONE',  ( -0.4999999999999995559, 0.000000000000000000, 0.8660254037844389297 ) ) ;
#223 = CARTESIAN_POINT ( 'NONE',  ( -952.5500000000000682, -574.8301822523413875, -717.1858108191424890 ) ) ;
#224 = AXIS2_PLACEMENT_3D ( 'NONE', #1069, #1468, #1496 ) ;
#225 = ADVANCED_FACE ( 'NONE', ( #1083 ), #1725, .T. ) ;
#226 = DIRECTION ( 'NONE',  ( 0.000000000000000000, -1.000000000000000000, 0.000000000000000000 ) ) ;
#227 = CARTESIAN_POINT ( 'NONE',  ( -999.9999999999997726, -1089.305262667903889, -633.3923048454130367 ) ) ;
#228 = AXIS2_PLACEMENT_3D ( 'NONE', #767, #1346, #101 ) ;
#229 = ORIENTED_EDGE ( 'NONE', *, *, #1690, .F. ) ;
#230 = VECTOR ( 'NONE', #72, 1000.000000000000000 ) ;
#231 = ORIENTED_EDGE ( 'NONE', *, *, #441, .T. ) ;
#232 = ORIENTED_EDGE ( 'NONE', *, *, #1027, .F. ) ;
#233 = VECTOR ( 'NONE', #583, 1000.000000000000000 ) ;
#234 = DIRECTION ( 'NONE',  ( 6.001205538514363462E-16, -0.000000000000000000, 1.000000000000000000 ) ) ;
#235 = AXIS2_PLACEMENT_3D ( 'NONE', #1778, #1127, #816 ) ;
#236 = CARTESIAN_POINT ( 'NONE',  ( -1005.999999999999773, -1173.805262667903889, -550.0999999999996817 ) ) ;
#237 = APPLICATION_PROTOCOL_DEFINITION ( 'international standard', 'config_control_design', 1994, #1490 ) ;
#238 = FACE_BOUND ( 'NONE', #62, .T. ) ;
#239 = CARTESIAN_POINT ( 'NONE',  ( -896.1611652351680277, -1166.982932197567607, -814.8541376114382047 ) ) ;
#240 = EDGE_CURVE ( 'NONE', #340, #755, #111, .T. ) ;
#241 = ORIENTED_EDGE ( 'NONE', *, *, #1159, .F. ) ;
#242 = EDGE_LOOP ( 'NONE', ( #543, #639, #26, #1738 ) ) ;
#243 = DIRECTION ( 'NONE',  ( -6.001205538514363462E-16, 0.000000000000000000, -1.000000000000000000 ) ) ;
#244 = CARTESIAN_POINT ( 'NONE',  ( -1005.999999999999773, -1178.805262667903662, -634.9999999999997726 ) ) ;
#245 = APPLICATION_PROTOCOL_DEFINITION ( 'international standard', 'config_control_design', 1994, #99 ) ;
#246 = DIRECTION ( 'NONE',  ( -0.000000000000000000, -1.000000000000000000, -0.000000000000000000 ) ) ;
#247 = DIRECTION ( 'NONE',  ( 0.3535533905932753962, -0.7071067811865435759, -0.6123724356957981341 ) ) ;
#248 = EDGE_CURVE ( 'NONE', #268, #733, #1762, .T. ) ;
#249 = VERTEX_POINT ( 'NONE', #518 ) ;
#250 = EDGE_CURVE ( 'NONE', #418, #1611, #510, .T. ) ;
#251 = ORIENTED_EDGE ( 'NONE', *, *, #786, .T. ) ;
#252 = ORIENTED_EDGE ( 'NONE', *, *, #910, .T. ) ;
#253 = LINE ( 'NONE', #1641, #90 ) ;
#254 = CARTESIAN_POINT ( 'NONE',  ( -910.1961524227064046, -1224.305262667903889, -802.5448267190434990 ) ) ;
#255 = CALENDAR_DATE ( 2026, 11, 7 ) ;
#256 = LINE ( 'NONE', #656, #1642 ) ;
#257 = VERTEX_POINT ( 'NONE', #356 ) ;
#258 = FACE_OUTER_BOUND ( 'NONE', #396, .T. ) ;
#259 = VERTEX_POINT ( 'NONE', #1625 ) ;
#260 = ORIENTED_EDGE ( 'NONE', *, *, #800, .T. ) ;
#261 = CARTESIAN_POINT ( 'NONE',  ( -957.7461524227068139, -1169.805262667903889, -720.1858108191426027 ) ) ;
#262 = VECTOR ( 'NONE', #1241, 1000.000000000000000 ) ;
#263 = AXIS2_PLACEMENT_3D ( 'NONE', #1384, #1521, #152 ) ;
#264 = LINE ( 'NONE', #1653, #377 ) ;
#265 = VECTOR ( 'NONE', #1365, 1000.000000000000000 ) ;
#266 = CARTESIAN_POINT ( 'NONE',  ( -952.5500000000000682, -1169.805262667903889, -717.1858108191426027 ) ) ;
#267 = DIRECTION ( 'NONE',  ( -6.001205538514363462E-16, 0.000000000000000000, -1.000000000000000000 ) ) ;
#268 = VERTEX_POINT ( 'NONE', #663 ) ;
#269 = ORIENTED_EDGE ( 'NONE', *, *, #566, .F. ) ;
#270 = ORIENTED_EDGE ( 'NONE', *, *, #950, .F. ) ;
#271 = CARTESIAN_POINT ( 'NONE',  ( -999.9999999999997726, -1173.805262667904117, -603.8999999999998636 ) ) ;
#272 = ADVANCED_FACE ( 'NONE', ( #1481, #238, #804 ), #1750, .F. ) ;
#273 = ORIENTED_EDGE ( 'NONE', *, *, #800, .F. ) ;
#274 = PLANE ( 'NONE',  #774 ) ;
#275 = CARTESIAN_POINT ( 'NONE',  ( -999.9999999999997726, -1249.305262667903662, -634.9999999999997726 ) ) ;
#276 = ORIENTED_EDGE ( 'NONE', *, *, #648, .F. ) ;
#277 = VERTEX_POINT ( 'NONE', #944 ) ;
#278 = DIRECTION ( 'NONE',  ( 0.000000000000000000, 1.000000000000000000, 0.000000000000000000 ) ) ;
#279 = DIRECTION ( 'NONE',  ( 0.000000000000000000, 0.000000000000000000, -1.000000000000000000 ) ) ;
#280 = DIRECTION ( 'NONE',  ( 1.000000000000000000, 0.000000000000000000, -6.001205538514363462E-16 ) ) ;
#281 = ORIENTED_EDGE ( 'NONE', *, *, #52, .T. ) ;
#282 = APPROVAL_PERSON_ORGANIZATION ( #903, #909, #81 ) ;
#283 = ORIENTED_EDGE ( 'NONE', *, *, #483, .F. ) ;
#284 = VECTOR ( 'NONE', #481, 999.9999999999998863 ) ;
#285 = DIRECTION ( 'NONE',  ( 0.4999999999999995559, 0.000000000000000000, -0.8660254037844389297 ) ) ;
#286 = VECTOR ( 'NONE', #363, 1000.000000000000000 ) ;
#287 = CARTESIAN_POINT ( 'NONE',  ( -1004.392304845413037, -1089.305262667903889, -639.3923048454129230 ) ) ;
#288 = AXIS2_PLACEMENT_3D ( 'NONE', #1466, #642, #1748 ) ;
#289 = PLANE ( 'NONE',  #92 ) ;
#290 = ORIENTED_EDGE ( 'NONE', *, *, #998, .F. ) ;
#291 = FACE_OUTER_BOUND ( 'NONE', #595, .T. ) ;
#292 = APPROVAL ( #644, 'UNSPECIFIED' ) ;
#293 = ADVANCED_FACE ( 'NONE', ( #1071 ), #795, .T. ) ;
#294 = VERTEX_POINT ( 'NONE', #529 ) ;
#295 = ORIENTED_EDGE ( 'NONE', *, *, #1293, .T. ) ;
#296 = CARTESIAN_POINT ( 'NONE',  ( -989.0499999999997272, -1169.805262667903889, -653.9659563428791671 ) ) ;
#297 = ORIENTED_EDGE ( 'NONE', *, *, #1373, .T. ) ;
#298 = FACE_OUTER_BOUND ( 'NONE', #242, .T. ) ;
#299 = DIRECTION ( 'NONE',  ( 1.000000000000000000, 0.000000000000000000, -6.001205538514363462E-16 ) ) ;
#300 = EDGE_CURVE ( 'NONE', #848, #1120, #987, .T. ) ;
#301 = VERTEX_POINT ( 'NONE', #561 ) ;
#302 = EDGE_CURVE ( 'NONE', #810, #348, #965, .T. ) ;
#303 = CARTESIAN_POINT ( 'NONE',  ( -999.9999999999997726, -1178.805262667903662, -634.9999999999997726 ) ) ;
#304 = ORIENTED_EDGE ( 'NONE', *, *, #723, .T. ) ;
#305 = EDGE_CURVE ( 'NONE', #807, #558, #1558, .T. ) ;
#306 = ADVANCED_FACE ( 'NONE', ( #298 ), #135, .T. ) ;
#307 = DIRECTION ( 'NONE',  ( 0.8660254037844389297, -0.000000000000000000, 0.4999999999999995559 ) ) ;
#308 = ORIENTED_EDGE ( 'NONE', *, *, #1552, .T. ) ;
#309 = CARTESIAN_POINT ( 'NONE',  ( -952.5500000000000682, -574.8301822523413875, -717.1858108191426027 ) ) ;
#310 = CARTESIAN_POINT ( 'NONE',  ( -999.9999999999997726, -1245.205262667903526, -544.8999999999997499 ) ) ;
#311 = DIRECTION ( 'NONE',  ( 0.000000000000000000, 1.000000000000000000, 0.000000000000000000 ) ) ;
#312 = PLANE ( 'NONE',  #780 ) ;
#313 = ORIENTED_EDGE ( 'NONE', *, *, #1350, .T. ) ;
#314 = FACE_OUTER_BOUND ( 'NONE', #1536, .T. ) ;
#315 = AXIS2_PLACEMENT_3D ( 'NONE', #186, #321, #870 ) ;
#316 = ORIENTED_EDGE ( 'NONE', *, *, #672, .T. ) ;
#317 = ORIENTED_EDGE ( 'NONE', *, *, #650, .F. ) ;
#318 = LINE ( 'NONE', #740, #375 ) ;
#319 = VECTOR ( 'NONE', #1080, 1000.000000000000000 ) ;
#320 = VECTOR ( 'NONE', #941, 1000.000000000000000 ) ;
#321 = DIRECTION ( 'NONE',  ( 0.8660254037844389297, -0.000000000000000000, 0.4999999999999995559 ) ) ;
#322 = CARTESIAN_POINT ( 'NONE',  ( -989.0499999999997272, -1169.805262667903889, -653.9659563428791671 ) ) ;
#323 = VECTOR ( 'NONE', #974, 1000.000000000000000 ) ;
#324 = VERTEX_POINT ( 'NONE', #978 ) ;
#325 = ORIENTED_EDGE ( 'NONE', *, *, #11, .T. ) ;
#326 = ADVANCED_FACE ( 'NONE', ( #815 ), #1117, .T. ) ;
#327 = LINE ( 'NONE', #1135, #833 ) ;
#328 = ADVANCED_FACE ( 'NONE', ( #1374 ), #274, .T. ) ;
#329 = DIRECTION ( 'NONE',  ( 0.8660254037844389297, -0.000000000000000000, 0.4999999999999995559 ) ) ;
#330 = ADVANCED_FACE ( 'NONE', ( #555 ), #1251, .F. ) ;
#331 = CARTESIAN_POINT ( 'NONE',  ( -999.9999999999997726, -1178.805262667903662, -544.8999999999997499 ) ) ;
#332 = DIRECTION ( 'NONE',  ( 0.4999999999999987788, 0.000000000000000000, -0.8660254037844393737 ) ) ;
#333 = EDGE_LOOP ( 'NONE', ( #686, #1239, #1377, #1157 ) ) ;
#334 = CARTESIAN_POINT ( 'NONE',  ( -901.3573176578746597, -1166.982932197567607, -817.8541376114382047 ) ) ;
#335 = EDGE_CURVE ( 'NONE', #437, #1358, #536, .T. ) ;
#336 = DIRECTION ( 'NONE',  ( 1.000000000000000000, 0.000000000000000000, -6.001205538514363462E-16 ) ) ;
#337 = DIRECTION ( 'NONE',  ( -0.4999999999999995559, 0.000000000000000000, 0.8660254037844389297 ) ) ;
#338 = DIRECTION ( 'NONE',  ( 0.8660254037844475894, -0.000000000000000000, 0.4999999999999846789 ) ) ;
#339 = DIRECTION ( 'NONE',  ( 1.000000000000000000, 0.000000000000000000, -6.001205538514363462E-16 ) ) ;
#340 = VERTEX_POINT ( 'NONE', #287 ) ;
#341 = LINE ( 'NONE', #1309, #552 ) ;
#342 = LINE ( 'NONE', #27, #1218 ) ;
#343 = FACE_OUTER_BOUND ( 'NONE', #151, .T. ) ;
#344 = CARTESIAN_POINT ( 'NONE',  ( -955.1461524227066775, -574.8301822523413875, -724.6891429188217444 ) ) ;
#345 = VECTOR ( 'NONE', #923, 1000.000000000000000 ) ;
#346 = CARTESIAN_POINT ( 'NONE',  ( -999.9999999999997726, -574.8301822523413875, -609.0999999999991132 ) ) ;
#347 = VECTOR ( 'NONE', #181, 1000.000000000000000 ) ;
#348 = VERTEX_POINT ( 'NONE', #266 ) ;
#349 = EDGE_CURVE ( 'NONE', #1210, #807, #1110, .T. ) ;
#350 = VECTOR ( 'NONE', #339, 1000.000000000000000 ) ;
#351 = EDGE_CURVE ( 'NONE', #1617, #182, #1777, .T. ) ;
#352 = VERTEX_POINT ( 'NONE', #153 ) ;
#353 = DIRECTION ( 'NONE',  ( 0.000000000000000000, 1.000000000000000000, 0.000000000000000000 ) ) ;
#354 = DIRECTION ( 'NONE',  ( 0.000000000000000000, 1.000000000000000000, 0.000000000000000000 ) ) ;
#355 = COORDINATED_UNIVERSAL_TIME_OFFSET ( 10, 0, .AHEAD. ) ;
#356 = CARTESIAN_POINT ( 'NONE',  ( -986.4499999999999318, -1089.305262667903889, -658.4692884425578541 ) ) ;
#357 = DIRECTION ( 'NONE',  ( 1.000000000000000000, 0.000000000000000000, -6.001205538514363462E-16 ) ) ;
#358 = ORIENTED_EDGE ( 'NONE', *, *, #37, .T. ) ;
#359 = EDGE_CURVE ( 'NONE', #975, #649, #1098, .T. ) ;
#360 = ORIENTED_EDGE ( 'NONE', *, *, #917, .T. ) ;
#361 = ORIENTED_EDGE ( 'NONE', *, *, #702, .F. ) ;
#362 = CARTESIAN_POINT ( 'NONE',  ( -829.5299461620750208, -1174.805262667903662, -930.2627944162877611 ) ) ;
#363 = DIRECTION ( 'NONE',  ( 1.000000000000000000, 0.000000000000000000, -6.001205538514363462E-16 ) ) ;
#364 = PERSON_AND_ORGANIZATION ( #542, #1752 ) ;
#365 = LINE ( 'NONE', #635, #520 ) ;
#366 = LINE ( 'NONE', #1092, #1421 ) ;
#367 = ORIENTED_EDGE ( 'NONE', *, *, #1128, .T. ) ;
#368 = EDGE_CURVE ( 'NONE', #376, #832, #689, .T. ) ;
#369 = ORIENTED_EDGE ( 'NONE', *, *, #1740, .T. ) ;
#370 = LINE ( 'NONE', #1198, #811 ) ;
#371 = DIRECTION ( 'NONE',  ( 0.000000000000000000, -1.000000000000000000, 0.000000000000000000 ) ) ;
#372 = COORDINATED_UNIVERSAL_TIME_OFFSET ( 10, 0, .AHEAD. ) ;
#373 = DIRECTION ( 'NONE',  ( 0.8660254037844389297, -0.000000000000000000, 0.4999999999999995559 ) ) ;
#374 = DIRECTION ( 'NONE',  ( 6.001205538514363462E-16, 0.000000000000000000, 1.000000000000000000 ) ) ;
#375 = VECTOR ( 'NONE', #1678, 1000.000000000000000 ) ;
#376 = VERTEX_POINT ( 'NONE', #420 ) ;
#377 = VECTOR ( 'NONE', #419, 1000.000000000000000 ) ;
#378 = ORIENTED_EDGE ( 'NONE', *, *, #1660, .T. ) ;
#379 = VECTOR ( 'NONE', #1482, 1000.000000000000000 ) ;
#380 = LINE ( 'NONE', #362, #638 ) ;
#381 = AXIS2_PLACEMENT_3D ( 'NONE', #102, #945, #926 ) ;
#382 = ADVANCED_FACE ( 'NONE', ( #973 ), #1661, .T. ) ;
#383 = CARTESIAN_POINT ( 'NONE',  ( -1005.999999999999773, -574.8301822523413875, -550.0999999999996817 ) ) ;
#384 = PERSON_AND_ORGANIZATION ( #542, #1752 ) ;
#385 = ADVANCED_FACE ( 'NONE', ( #827 ), #569, .F. ) ;
#386 = DIRECTION ( 'NONE',  ( 0.000000000000000000, 1.000000000000000000, 0.000000000000000000 ) ) ;
#387 = DIRECTION ( 'NONE',  ( 0.8660254037844389297, -0.000000000000000000, 0.4999999999999995559 ) ) ;
#388 = ORIENTED_EDGE ( 'NONE', *, *, #1513, .F. ) ;
#389 = ORIENTED_EDGE ( 'NONE', *, *, #1068, .T. ) ;
#390 = ORIENTED_EDGE ( 'NONE', *, *, #950, .T. ) ;
#391 = CARTESIAN_POINT ( 'NONE',  ( -940.1776695296638309, -1089.305262667903889, -738.6153158017973510 ) ) ;
#392 = LINE ( 'NONE', #661, #203 ) ;
#393 = CARTESIAN_POINT ( 'NONE',  ( -999.9999999999997726, -1178.805262667903662, -603.8999999999998636 ) ) ;
#394 = DIRECTION ( 'NONE',  ( 0.8660254037844389297, -0.000000000000000000, 0.4999999999999995559 ) ) ;
#395 = VERTEX_POINT ( 'NONE', #1529 ) ;
#396 = EDGE_LOOP ( 'NONE', ( #1753, #550, #16, #1108 ) ) ;
#397 = CARTESIAN_POINT ( 'NONE',  ( -986.4499999999999318, -574.8301822523413875, -658.4692884425578541 ) ) ;
#398 = DIRECTION ( 'NONE',  ( -0.000000000000000000, -1.000000000000000000, -0.000000000000000000 ) ) ;
#399 = ORIENTED_EDGE ( 'NONE', *, *, #41, .T. ) ;
#400 = AXIS2_PLACEMENT_3D ( 'NONE', #467, #191, #605 ) ;
#401 = CARTESIAN_POINT ( 'NONE',  ( -829.5299461620750208, -1089.305262667903889, -930.2627944162877611 ) ) ;
#402 = CARTESIAN_POINT ( 'NONE',  ( -993.9999999999997726, -1089.305262667903889, -633.3923048454130367 ) ) ;
#403 = EDGE_LOOP ( 'NONE', ( #846, #1245, #295, #367 ) ) ;
#404 = AXIS2_PLACEMENT_3D ( 'NONE', #1233, #1654, #844 ) ;
#405 = EDGE_CURVE ( 'NONE', #268, #1120, #693, .T. ) ;
#406 = ORIENTED_EDGE ( 'NONE', *, *, #1104, .F. ) ;
#407 = EDGE_CURVE ( 'NONE', #1129, #1617, #318, .T. ) ;
#408 = CARTESIAN_POINT ( 'NONE',  ( -989.0499999999999545, -1093.405262667904026, -653.9659563428787123 ) ) ;
#409 = VECTOR ( 'NONE', #2, 1000.000000000000000 ) ;
#410 = AXIS2_PLACEMENT_3D ( 'NONE', #791, #234, #1580 ) ;
#411 = CARTESIAN_POINT ( 'NONE',  ( -999.9999999999996589, -1163.949923608576455, -449.9999999999998863 ) ) ;
#412 = VERTEX_POINT ( 'NONE', #734 ) ;
#413 = VECTOR ( 'NONE', #1262, 1000.000000000000000 ) ;
#414 = CARTESIAN_POINT ( 'NONE',  ( -940.1776695296638309, -1089.305262667903889, -738.6153158017973510 ) ) ;
#415 = FACE_OUTER_BOUND ( 'NONE', #1175, .T. ) ;
#416 = VERTEX_POINT ( 'NONE', #1137 ) ;
#417 = ADVANCED_FACE ( 'NONE', ( #1581 ), #174, .T. ) ;
#418 = VERTEX_POINT ( 'NONE', #162 ) ;
#419 = DIRECTION ( 'NONE',  ( 1.000000000000000000, -0.000000000000000000, -0.000000000000000000 ) ) ;
#420 = CARTESIAN_POINT ( 'NONE',  ( -994.2461524227065865, -1089.305262667903889, -656.9659563428787123 ) ) ;
#421 = LINE ( 'NONE', #1387, #782 ) ;
#422 = ORIENTED_EDGE ( 'NONE', *, *, #850, .T. ) ;
#423 = ORIENTED_EDGE ( 'NONE', *, *, #515, .F. ) ;
#424 = EDGE_CURVE ( 'NONE', #1210, #578, #30, .T. ) ;
#425 = ORIENTED_EDGE ( 'NONE', *, *, #424, .T. ) ;
#426 = DIRECTION ( 'NONE',  ( 1.000000000000000000, 0.000000000000000000, -6.001205538514363462E-16 ) ) ;
#427 = EDGE_CURVE ( 'NONE', #1248, #1210, #1425, .T. ) ;
#428 = CARTESIAN_POINT ( 'NONE',  ( -999.9999999999996589, -1224.305262667903889, -535.3553390593270933 ) ) ;
#429 = PLANE ( 'NONE',  #235 ) ;
#430 = EDGE_LOOP ( 'NONE', ( #1570, #389, #1579, #1534 ) ) ;
#431 = VECTOR ( 'NONE', #876, 1000.000000000000000 ) ;
#432 = ORIENTED_EDGE ( 'NONE', *, *, #947, .F. ) ;
#433 = VECTOR ( 'NONE', #787, 1000.000000000000000 ) ;
#434 = CARTESIAN_POINT ( 'NONE',  ( -999.1961524227064046, -1249.305262667903662, -636.3923048454130367 ) ) ;
#435 = VECTOR ( 'NONE', #354, 1000.000000000000000 ) ;
#436 = ADVANCED_FACE ( 'NONE', ( #39 ), #447, .T. ) ;
#437 = VERTEX_POINT ( 'NONE', #714 ) ;
#438 = DIRECTION ( 'NONE',  ( 1.000000000000000000, 0.000000000000000000, -6.001205538514363462E-16 ) ) ;
#439 = VECTOR ( 'NONE', #1223, 1000.000000000000000 ) ;
#440 = LINE ( 'NONE', #29, #554 ) ;
#441 = EDGE_CURVE ( 'NONE', #1424, #77, #1716, .T. ) ;
#442 = ORIENTED_EDGE ( 'NONE', *, *, #1322, .F. ) ;
#443 = CARTESIAN_POINT ( 'NONE',  ( -999.9999999999997726, -574.8301822523413875, -603.8999999999990678 ) ) ;
#444 = ORIENTED_EDGE ( 'NONE', *, *, #937, .T. ) ;
#445 = CARTESIAN_POINT ( 'NONE',  ( -952.5500000000000682, -1089.305262667903889, -717.1858108191424890 ) ) ;
#446 = ORIENTED_EDGE ( 'NONE', *, *, #1003, .T. ) ;
#447 = CYLINDRICAL_SURFACE ( 'NONE', #1186, 12.00000000000001066 ) ;
#448 = DIRECTION ( 'NONE',  ( 0.000000000000000000, -1.000000000000000000, 0.000000000000000000 ) ) ;
#449 = CARTESIAN_POINT ( 'NONE',  ( -999.9999999999997726, -1173.805262667904117, -544.8999999999997499 ) ) ;
#450 = CARTESIAN_POINT ( 'NONE',  ( -999.9999999999997726, -1173.805262667903889, -634.9999999999997726 ) ) ;
#451 = ORIENTED_EDGE ( 'NONE', *, *, #798, .T. ) ;
#452 = CARTESIAN_POINT ( 'NONE',  ( -955.1461524227066775, -574.8301822523413875, -724.6891429188216307 ) ) ;
#453 = EDGE_LOOP ( 'NONE', ( #126, #770, #1286, #211 ) ) ;
#454 = DIRECTION ( 'NONE',  ( 0.3535533905932753962, -0.7071067811865435759, -0.6123724356957981341 ) ) ;
#455 = CARTESIAN_POINT ( 'NONE',  ( -1005.999999999999773, -574.8301822523413875, -544.8999999999997499 ) ) ;
#456 = LINE ( 'NONE', #74, #1505 ) ;
#457 = CARTESIAN_POINT ( 'NONE',  ( -999.9999999999997726, -1178.805262667903662, -634.9999999999997726 ) ) ;
#458 = EDGE_LOOP ( 'NONE', ( #1308, #290, #1145, #817, #1277, #531, #858, #1713, #1211, #976, #1382, #954, #1728, #220, #1561, #980 ) ) ;
#459 = APPROVAL_PERSON_ORGANIZATION ( #1615, #292, #217 ) ;
#460 = ORIENTED_EDGE ( 'NONE', *, *, #1402, .F. ) ;
#461 = EDGE_CURVE ( 'NONE', #1129, #611, #875, .T. ) ;
#462 = EDGE_CURVE ( 'NONE', #969, #1369, #853, .T. ) ;
#463 = LINE ( 'NONE', #1170, #959 ) ;
#464 = VECTOR ( 'NONE', #836, 1000.000000000000000 ) ;
#465 = ORIENTED_EDGE ( 'NONE', *, *, #786, .F. ) ;
#466 = DIRECTION ( 'NONE',  ( 0.4999999999999995559, 0.000000000000000000, -0.8660254037844389297 ) ) ;
#467 = CARTESIAN_POINT ( 'NONE',  ( -904.9999999999996589, -1184.660601727231324, -799.5448267190434990 ) ) ;
#468 = CIRCLE ( 'NONE', #1013, 25.00000000000002132 ) ;
#469 = ORIENTED_EDGE ( 'NONE', *, *, #424, .F. ) ;
#470 = AXIS2_PLACEMENT_3D ( 'NONE', #457, #210, #1701 ) ;
#471 = CARTESIAN_POINT ( 'NONE',  ( -999.9999999999997726, -1173.805262667903889, -609.0999999999999091 ) ) ;
#472 = CARTESIAN_POINT ( 'NONE',  ( -999.9999999999996589, -1089.305262667903889, -474.9999999999999432 ) ) ;
#473 = CIRCLE ( 'NONE', #1394, 24.99999999999997158 ) ;
#474 = ORIENTED_EDGE ( 'NONE', *, *, #427, .T. ) ;
#475 = LINE ( 'NONE', #296, #983 ) ;
#476 = PLANE ( 'NONE',  #667 ) ;
#477 = LINE ( 'NONE', #589, #1243 ) ;
#478 = CARTESIAN_POINT ( 'NONE',  ( -904.9999999999996589, -1184.660601727231324, -799.5448267190434990 ) ) ;
#479 = ORIENTED_EDGE ( 'NONE', *, *, #972, .F. ) ;
#480 = DIRECTION ( 'NONE',  ( 6.001205538514363462E-16, -0.000000000000000000, 1.000000000000000000 ) ) ;
#481 = DIRECTION ( 'NONE',  ( -4.243493131577765870E-16, -0.7071067811865489050, -0.7071067811865462405 ) ) ;
#482 = CARTESIAN_POINT ( 'NONE',  ( -829.5299461620750208, -1089.305262667903889, -930.2627944162877611 ) ) ;
#483 = EDGE_CURVE ( 'NONE', #1017, #819, #606, .T. ) ;
#484 = EDGE_CURVE ( 'NONE', #694, #848, #636, .T. ) ;
#485 = DIRECTION ( 'NONE',  ( 0.000000000000000000, -1.000000000000000000, 0.000000000000000000 ) ) ;
#486 = CARTESIAN_POINT ( 'NONE',  ( -999.9999999999997726, -1245.205262667903526, -609.0999999999991132 ) ) ;
#487 = ORIENTED_EDGE ( 'NONE', *, *, #28, .T. ) ;
#488 = LOCAL_TIME ( 16, 44, 34.00000000000000000, #1332 ) ;
#489 = FACE_BOUND ( 'NONE', #506, .T. ) ;
#490 = DIRECTION ( 'NONE',  ( 0.4999999999999995559, 0.000000000000000000, -0.8660254037844389297 ) ) ;
#491 = PERSON_AND_ORGANIZATION_ROLE ( 'classification_officer' ) ;
#492 = ADVANCED_FACE ( 'NONE', ( #1687 ), #1566, .F. ) ;
#493 = DIRECTION ( 'NONE',  ( 0.000000000000000000, 1.000000000000000000, 0.000000000000000000 ) ) ;
#494 = DIRECTION ( 'NONE',  ( 0.000000000000000000, 0.000000000000000000, 1.000000000000000000 ) ) ;
#495 = EDGE_CURVE ( 'NONE', #1011, #1747, #1164, .T. ) ;
#496 = CIRCLE ( 'NONE', #925, 24.99999999999997158 ) ;
#497 = ORIENTED_EDGE ( 'NONE', *, *, #1423, .T. ) ;
#498 = CIRCLE ( 'NONE', #896, 12.00000000000001066 ) ;
#499 = EDGE_LOOP ( 'NONE', ( #44, #1376, #360, #781 ) ) ;
#500 = DIRECTION ( 'NONE',  ( -0.4999999999999995559, -0.000000000000000000, 0.8660254037844389297 ) ) ;
#501 = CARTESIAN_POINT ( 'NONE',  ( -1005.999999999999773, -1173.805262667904117, -634.9999999999997726 ) ) ;
#502 = APPROVAL_DATE_TIME ( #1189, #909 ) ;
#503 = LINE ( 'NONE', #1043, #1362 ) ;
#504 = DIRECTION ( 'NONE',  ( 1.000000000000000000, 0.000000000000000000, -6.001205538514363462E-16 ) ) ;
#505 = EDGE_LOOP ( 'NONE', ( #1326, #703, #1657, #1288 ) ) ;
#506 = EDGE_LOOP ( 'NONE', ( #1764, #1774, #281, #325 ) ) ;
#507 = VERTEX_POINT ( 'NONE', #1006 ) ;
#508 = LINE ( 'NONE', #1319, #1103 ) ;
#509 = CARTESIAN_POINT ( 'NONE',  ( -1005.999999999999773, -1163.949923608576455, -474.9999999999999432 ) ) ;
#510 = LINE ( 'NONE', #218, #1158 ) ;
#511 = LINE ( 'NONE', #1763, #1074 ) ;
#512 = EDGE_LOOP ( 'NONE', ( #232, #521, #889, #830 ) ) ;
#513 = ORIENTED_EDGE ( 'NONE', *, *, #674, .F. ) ;
#514 = PLANE ( 'NONE',  #288 ) ;
#515 = EDGE_CURVE ( 'NONE', #738, #1261, #342, .T. ) ;
#516 = LINE ( 'NONE', #244, #1533 ) ;
#517 = PERSON_AND_ORGANIZATION ( #542, #1752 ) ;
#518 = CARTESIAN_POINT ( 'NONE',  ( -994.2461524227064729, -1174.805262667903662, -656.9659563428791671 ) ) ;
#519 = DIRECTION ( 'NONE',  ( 0.000000000000000000, 1.000000000000000000, -0.000000000000000000 ) ) ;
#520 = VECTOR ( 'NONE', #1363, 1000.000000000000000 ) ;
#521 = ORIENTED_EDGE ( 'NONE', *, *, #1551, .F. ) ;
#522 = VECTOR ( 'NONE', #603, 1000.000000000000000 ) ;
#523 = ORIENTED_EDGE ( 'NONE', *, *, #1113, .F. ) ;
#524 = ORIENTED_EDGE ( 'NONE', *, *, #407, .T. ) ;
#525 = CIRCLE ( 'NONE', #962, 12.00000000000001066 ) ;
#526 = CARTESIAN_POINT ( 'NONE',  ( -952.5500000000000682, -1169.805262667903889, -717.1858108191426027 ) ) ;
#527 = DIRECTION ( 'NONE',  ( 0.000000000000000000, 0.000000000000000000, 1.000000000000000000 ) ) ;
#528 = DATE_AND_TIME ( #1323, #1411 ) ;
#529 = CARTESIAN_POINT ( 'NONE',  ( -999.1961524227064046, -1089.305262667903889, -636.3923048454130367 ) ) ;
#530 = PLANE ( 'NONE',  #834 ) ;
#531 = ORIENTED_EDGE ( 'NONE', *, *, #65, .T. ) ;
#532 = ORIENTED_EDGE ( 'NONE', *, *, #756, .T. ) ;
#533 = CARTESIAN_POINT ( 'NONE',  ( -1005.999999999999773, -1241.982932197567607, -517.6776695296633761 ) ) ;
#534 = LINE ( 'NONE', #1089, #146 ) ;
#535 = VERTEX_POINT ( 'NONE', #198 ) ;
#536 = LINE ( 'NONE', #1091, #1 ) ;
#537 = EDGE_LOOP ( 'NONE', ( #143, #316, #304, #1629 ) ) ;
#538 = DIRECTION ( 'NONE',  ( 1.000000000000000000, 0.000000000000000000, -6.001205538514363462E-16 ) ) ;
#539 = EDGE_CURVE ( 'NONE', #249, #277, #867, .T. ) ;
#540 = ADVANCED_FACE ( 'NONE', ( #596, #1153, #748 ), #604, .F. ) ;
#541 = ORIENTED_EDGE ( 'NONE', *, *, #1350, .F. ) ;
#542 = PERSON ( 'UNSPECIFIED', 'UNSPECIFIED', 'UNSPECIFIED', ('UNSPECIFIED'), ('UNSPECIFIED'), ('UNSPECIFIED') ) ;
#543 = ORIENTED_EDGE ( 'NONE', *, *, #1078, .T. ) ;
#544 = DIRECTION ( 'NONE',  ( 0.8660254037844389297, -0.000000000000000000, 0.4999999999999995559 ) ) ;
#545 = CARTESIAN_POINT ( 'NONE',  ( -1005.999999999999773, -1245.205262667903526, -603.8999999999990678 ) ) ;
#546 = CARTESIAN_POINT ( 'NONE',  ( -999.9999999999997726, -1178.805262667903662, -634.9999999999997726 ) ) ;
#547 = FACE_OUTER_BOUND ( 'NONE', #763, .T. ) ;
#548 = ORIENTED_EDGE ( 'NONE', *, *, #82, .F. ) ;
#549 = ADVANCED_FACE ( 'NONE', ( #1018 ), #476, .F. ) ;
#550 = ORIENTED_EDGE ( 'NONE', *, *, #1761, .F. ) ;
#551 = VECTOR ( 'NONE', #1272, 1000.000000000000000 ) ;
#552 = VECTOR ( 'NONE', #908, 1000.000000000000000 ) ;
#553 = PLANE ( 'NONE',  #1161 ) ;
#554 = VECTOR ( 'NONE', #988, 1000.000000000000000 ) ;
#555 = FACE_OUTER_BOUND ( 'NONE', #949, .T. ) ;
#556 = LINE ( 'NONE', #19, #1648 ) ;
#557 = EDGE_LOOP ( 'NONE', ( #1057, #1339, #132, #914 ) ) ;
#558 = VERTEX_POINT ( 'NONE', #758 ) ;
#559 = ADVANCED_FACE ( 'NONE', ( #207 ), #79, .T. ) ;
#560 = DIRECTION ( 'NONE',  ( -0.000000000000000000, -1.000000000000000000, -0.000000000000000000 ) ) ;
#561 = CARTESIAN_POINT ( 'NONE',  ( -910.1961524227064046, -1249.305262667903662, -802.5448267190434990 ) ) ;
#562 = CYLINDRICAL_SURFACE ( 'NONE', #400, 24.99999999999997158 ) ;
#563 = ORIENTED_EDGE ( 'NONE', *, *, #9, .F. ) ;
#564 = ORIENTED_EDGE ( 'NONE', *, *, #9, .T. ) ;
#565 = EDGE_CURVE ( 'NONE', #1587, #96, #911, .T. ) ;
#566 = EDGE_CURVE ( 'NONE', #1063, #507, #919, .T. ) ;
#567 = DIRECTION ( 'NONE',  ( 0.000000000000000000, -1.000000000000000000, 0.000000000000000000 ) ) ;
#568 = ADVANCED_FACE ( 'NONE', ( #1344 ), #902, .F. ) ;
#569 = PLANE ( 'NONE',  #1474 ) ;
#570 = CARTESIAN_POINT ( 'NONE',  ( -892.4999999999997726, -1224.305262667903889, -821.1954618136544468 ) ) ;
#571 = VERTEX_POINT ( 'NONE', #1476 ) ;
#572 = CARTESIAN_POINT ( 'NONE',  ( -986.4499999999997044, -574.8301822523413875, -658.4692884425583088 ) ) ;
#573 = CC_DESIGN_APPROVAL ( #292, ( #1123 ) ) ;
#574 = VERTEX_POINT ( 'NONE', #236 ) ;
#575 = VECTOR ( 'NONE', #1405, 1000.000000000000000 ) ;
#576 = DIRECTION ( 'NONE',  ( 0.000000000000000000, -1.000000000000000000, 0.000000000000000000 ) ) ;
#577 = VECTOR ( 'NONE', #47, 1000.000000000000000 ) ;
#578 = VERTEX_POINT ( 'NONE', #1460 ) ;
#579 = DIRECTION ( 'NONE',  ( 0.4999999999999995559, 0.000000000000000000, -0.8660254037844389297 ) ) ;
#580 = AXIS2_PLACEMENT_3D ( 'NONE', #69, #887, #1569 ) ;
#581 = CARTESIAN_POINT ( 'NONE',  ( -999.9999999999997726, -1178.805262667903662, -609.0999999999999091 ) ) ;
#582 = ORIENTED_EDGE ( 'NONE', *, *, #484, .T. ) ;
#583 = DIRECTION ( 'NONE',  ( -0.4999999999999995559, 0.000000000000000000, 0.8660254037844389297 ) ) ;
#584 = ORIENTED_EDGE ( 'NONE', *, *, #1761, .T. ) ;
#585 = DIRECTION ( 'NONE',  ( -0.4999999999999995559, -0.000000000000000000, 0.8660254037844389297 ) ) ;
#586 = VERTEX_POINT ( 'NONE', #765 ) ;
#587 = CARTESIAN_POINT ( 'NONE',  ( -1005.999999999999773, -1178.805262667903662, -634.9999999999997726 ) ) ;
#588 = PLANE ( 'NONE',  #1096 ) ;
#589 = CARTESIAN_POINT ( 'NONE',  ( -999.1961524227064046, -1089.305262667903889, -636.3923048454130367 ) ) ;
#590 = DIRECTION ( 'NONE',  ( -6.001205538514363462E-16, 0.000000000000000000, -1.000000000000000000 ) ) ;
#591 = PRODUCT_RELATED_PRODUCT_CATEGORY ( 'detail', '', ( #1087 ) ) ;
#592 = EDGE_CURVE ( 'NONE', #755, #301, #1623, .T. ) ;
#593 = ORIENTED_EDGE ( 'NONE', *, *, #947, .T. ) ;
#594 = LINE ( 'NONE', #1422, #861 ) ;
#595 = EDGE_LOOP ( 'NONE', ( #719, #1142, #628, #783 ) ) ;
#596 = FACE_OUTER_BOUND ( 'NONE', #930, .T. ) ;
#597 = ORIENTED_EDGE ( 'NONE', *, *, #169, .T. ) ;
#598 = DIRECTION ( 'NONE',  ( 0.8660254037844389297, -0.000000000000000000, 0.4999999999999995559 ) ) ;
#599 = ADVANCED_FACE ( 'NONE', ( #1051 ), #1321, .T. ) ;
#600 = DIRECTION ( 'NONE',  ( 6.001205538514363462E-16, -1.665669141091664491E-32, 1.000000000000000000 ) ) ;
#601 = ORIENTED_EDGE ( 'NONE', *, *, #1159, .T. ) ;
#602 = CC_DESIGN_SECURITY_CLASSIFICATION ( #55, ( #855 ) ) ;
#603 = DIRECTION ( 'NONE',  ( -0.4999999999999995559, -0.000000000000000000, 0.8660254037844389297 ) ) ;
#604 = PLANE ( 'NONE',  #1560 ) ;
#605 = DIRECTION ( 'NONE',  ( 0.4999999999999987788, 0.000000000000000000, -0.8660254037844393737 ) ) ;
#606 = CIRCLE ( 'NONE', #749, 24.99999999999997158 ) ;
#607 = VECTOR ( 'NONE', #1149, 1000.000000000000000 ) ;
#608 = CARTESIAN_POINT ( 'NONE',  ( -999.9999999999996589, -1114.305262667903662, -449.9999999999998863 ) ) ;
#609 = CARTESIAN_POINT ( 'NONE',  ( -986.4499999999997044, -1169.805262667903889, -658.4692884425583088 ) ) ;
#610 = VECTOR ( 'NONE', #280, 1000.000000000000000 ) ;
#611 = VERTEX_POINT ( 'NONE', #1039 ) ;
#612 = CARTESIAN_POINT ( 'NONE',  ( -999.9999999999997726, -1245.205262667903526, -609.0999999999991132 ) ) ;
#613 = EDGE_CURVE ( 'NONE', #1587, #352, #100, .T. ) ;
#614 = EDGE_CURVE ( 'NONE', #1390, #1587, #1188, .T. ) ;
#615 = CARTESIAN_POINT ( 'NONE',  ( -1005.999999999999545, -967.0677224601214448, -242.7624597922183227 ) ) ;
#616 = DIRECTION ( 'NONE',  ( -0.000000000000000000, -1.000000000000000000, -0.000000000000000000 ) ) ;
#617 = CARTESIAN_POINT ( 'NONE',  ( -952.5500000000000682, -1174.805262667903662, -717.1858108191426027 ) ) ;
#618 = CARTESIAN_POINT ( 'NONE',  ( -999.9999999999996589, -1163.949923608576455, -474.9999999999999432 ) ) ;
#619 = ORIENTED_EDGE ( 'NONE', *, *, #1264, .T. ) ;
#620 = EDGE_CURVE ( 'NONE', #182, #1650, #392, .T. ) ;
#621 = CARTESIAN_POINT ( 'NONE',  ( -829.5299461620750208, -1093.405262667904026, -930.2627944162877611 ) ) ;
#622 = EDGE_CURVE ( 'NONE', #89, #1424, #1734, .T. ) ;
#623 = DIRECTION ( 'NONE',  ( 0.4999999999999995559, 0.000000000000000000, -0.8660254037844389297 ) ) ;
#624 = EDGE_CURVE ( 'NONE', #578, #558, #1598, .T. ) ;
#625 = CARTESIAN_POINT ( 'NONE',  ( -999.9999999999997726, -1089.305262667903889, -634.9999999999997726 ) ) ;
#626 = DIRECTION ( 'NONE',  ( 0.000000000000000000, 1.000000000000000000, 0.000000000000000000 ) ) ;
#627 = CARTESIAN_POINT ( 'NONE',  ( -993.9999999999997726, -574.8301822523413875, -633.3923048454130367 ) ) ;
#628 = ORIENTED_EDGE ( 'NONE', *, *, #351, .F. ) ;
#629 = AXIS2_PLACEMENT_3D ( 'NONE', #199, #1154, #1710 ) ;
#630 = VERTEX_POINT ( 'NONE', #1467 ) ;
#631 = DIRECTION ( 'NONE',  ( 0.000000000000000000, 1.000000000000000000, 0.000000000000000000 ) ) ;
#632 = CARTESIAN_POINT ( 'NONE',  ( -1005.999999999999773, -574.8301822523413875, -633.3923048454130367 ) ) ;
#633 = COORDINATED_UNIVERSAL_TIME_OFFSET ( 10, 0, .AHEAD. ) ;
#634 = VECTOR ( 'NONE', #68, 999.9999999999998863 ) ;
#635 = CARTESIAN_POINT ( 'NONE',  ( -834.7260985847816528, -1089.305262667903889, -933.2627944162877611 ) ) ;
#636 = CIRCLE ( 'NONE', #3, 24.99999999999997158 ) ;
#637 = DIRECTION ( 'NONE',  ( 0.8660254037844389297, -0.000000000000000000, 0.4999999999999995559 ) ) ;
#638 = VECTOR ( 'NONE', #222, 1000.000000000000000 ) ;
#639 = ORIENTED_EDGE ( 'NONE', *, *, #1256, .T. ) ;
#640 = VECTOR ( 'NONE', #828, 1000.000000000000000 ) ;
#641 = ORIENTED_EDGE ( 'NONE', *, *, #991, .T. ) ;
#642 = DIRECTION ( 'NONE',  ( 1.000000000000000000, 0.000000000000000000, -6.001205538514363462E-16 ) ) ;
#643 = PLANE ( 'NONE',  #1447 ) ;
#644 = APPROVAL_STATUS ( 'not_yet_approved' ) ;
#645 = CARTESIAN_POINT ( 'NONE',  ( -999.1961524227064046, -1249.305262667903662, -636.3923048454130367 ) ) ;
#646 = VERTEX_POINT ( 'NONE', #1207 ) ;
#647 = CARTESIAN_POINT ( 'NONE',  ( -1005.999999999999773, -1249.305262667903435, -550.0999999999996817 ) ) ;
#648 = EDGE_CURVE ( 'NONE', #558, #1436, #1331, .T. ) ;
#649 = VERTEX_POINT ( 'NONE', #1614 ) ;
#650 = EDGE_CURVE ( 'NONE', #975, #324, #516, .T. ) ;
#651 = ADVANCED_FACE ( 'NONE', ( #1353 ), #643, .T. ) ;
#652 = ORIENTED_EDGE ( 'NONE', *, *, #1444, .T. ) ;
#653 = DIRECTION ( 'NONE',  ( -0.000000000000000000, -1.000000000000000000, -0.000000000000000000 ) ) ;
#654 = CARTESIAN_POINT ( 'NONE',  ( -999.9999999999996589, -1249.305262667903662, -535.3553390593270933 ) ) ;
#655 = ORIENTED_EDGE ( 'NONE', *, *, #705, .T. ) ;
#656 = CARTESIAN_POINT ( 'NONE',  ( -999.9999999999997726, -1245.205262667903526, -634.9999999999997726 ) ) ;
#657 = CARTESIAN_POINT ( 'NONE',  ( -957.7461524227068139, -1174.805262667903662, -720.1858108191426027 ) ) ;
#658 = ORIENTED_EDGE ( 'NONE', *, *, #1322, .T. ) ;
#659 = ORIENTED_EDGE ( 'NONE', *, *, #1391, .F. ) ;
#660 = CARTESIAN_POINT ( 'NONE',  ( -1005.999999999999773, -1089.305262667903889, -634.9999999999997726 ) ) ;
#661 = CARTESIAN_POINT ( 'NONE',  ( -999.9999999999997726, -574.8301822523413875, -603.8999999999998636 ) ) ;
#662 = ORIENTED_EDGE ( 'NONE', *, *, #115, .F. ) ;
#663 = CARTESIAN_POINT ( 'NONE',  ( -931.3388347648321997, -1096.627593138239945, -753.9246266941921704 ) ) ;
#664 = CARTESIAN_POINT ( 'NONE',  ( -904.9999999999996589, -1224.305262667903889, -799.5448267190434990 ) ) ;
#665 = VECTOR ( 'NONE', #955, 1000.000000000000000 ) ;
#666 = ORIENTED_EDGE ( 'NONE', *, *, #183, .F. ) ;
#667 = AXIS2_PLACEMENT_3D ( 'NONE', #1026, #371, #623 ) ;
#668 = ORIENTED_EDGE ( 'NONE', *, *, #1194, .F. ) ;
#669 = VECTOR ( 'NONE', #1359, 1000.000000000000000 ) ;
#670 = DIRECTION ( 'NONE',  ( 0.000000000000000000, -1.000000000000000000, 0.000000000000000000 ) ) ;
#671 = FACE_OUTER_BOUND ( 'NONE', #1076, .T. ) ;
#672 = EDGE_CURVE ( 'NONE', #1263, #1248, #468, .T. ) ;
#673 = PERSON_AND_ORGANIZATION_ROLE ( 'creator' ) ;
#674 = EDGE_CURVE ( 'NONE', #1456, #1196, #121, .T. ) ;
#675 = CARTESIAN_POINT ( 'NONE',  ( -949.9500000000000455, -574.8301822523413875, -721.6891429188217444 ) ) ;
#676 = DIRECTION ( 'NONE',  ( 0.4999999999999987788, 0.000000000000000000, -0.8660254037844393737 ) ) ;
#677 = ORIENTED_EDGE ( 'NONE', *, *, #137, .F. ) ;
#678 = ORIENTED_EDGE ( 'NONE', *, *, #723, .F. ) ;
#679 = LINE ( 'NONE', #1622, #1449 ) ;
#680 = ADVANCED_FACE ( 'NONE', ( #128 ), #1495, .F. ) ;
#681 = PLANE ( 'NONE',  #1588 ) ;
#682 = ORIENTED_EDGE ( 'NONE', *, *, #215, .F. ) ;
#683 = ADVANCED_FACE ( 'NONE', ( #1395 ), #553, .F. ) ;
#684 = DIRECTION ( 'NONE',  ( 0.000000000000000000, 1.000000000000000000, 0.000000000000000000 ) ) ;
#685 = PLANE ( 'NONE',  #1019 ) ;
#686 = ORIENTED_EDGE ( 'NONE', *, *, #650, .T. ) ;
#687 = ORIENTED_EDGE ( 'NONE', *, *, #754, .T. ) ;
#688 = CARTESIAN_POINT ( 'NONE',  ( -999.9999999999997726, -1249.305262667903435, -603.8999999999990678 ) ) ;
#689 = LINE ( 'NONE', #1380, #464 ) ;
#690 = CARTESIAN_POINT ( 'NONE',  ( -986.4499999999999318, -1089.305262667903889, -658.4692884425578541 ) ) ;
#691 = ORIENTED_EDGE ( 'NONE', *, *, #1202, .T. ) ;
#692 = CC_DESIGN_DATE_AND_TIME_ASSIGNMENT ( #109, #1215, ( #55 ) ) ;
#693 = CIRCLE ( 'NONE', #806, 24.99999999999997158 ) ;
#694 = VERTEX_POINT ( 'NONE', #953 ) ;
#695 = VECTOR ( 'NONE', #802, 1000.000000000000000 ) ;
#696 = VERTEX_POINT ( 'NONE', #706 ) ;
#697 = AXIS2_PLACEMENT_3D ( 'NONE', #346, #590, #187 ) ;
#698 = CARTESIAN_POINT ( 'NONE',  ( -1005.999999999999773, -574.8301822523413875, -550.0999999999996817 ) ) ;
#699 = VECTOR ( 'NONE', #504, 1000.000000000000000 ) ;
#700 = CARTESIAN_POINT ( 'NONE',  ( -892.4999999999997726, -574.8301822523413875, -821.1954618136544468 ) ) ;
#701 = CARTESIAN_POINT ( 'NONE',  ( -999.9999999999997726, -1173.805262667903889, -634.9999999999997726 ) ) ;
#702 = EDGE_CURVE ( 'NONE', #696, #762, #1240, .T. ) ;
#703 = ORIENTED_EDGE ( 'NONE', *, *, #592, .T. ) ;
#704 = ORIENTED_EDGE ( 'NONE', *, *, #702, .T. ) ;
#705 = EDGE_CURVE ( 'NONE', #1649, #221, #1097, .T. ) ;
#706 = CARTESIAN_POINT ( 'NONE',  ( -999.9999999999996589, -1114.305262667903662, -449.9999999999998863 ) ) ;
#707 = CARTESIAN_POINT ( 'NONE',  ( -999.9999999999996589, -1224.305262667903889, -535.3553390593270933 ) ) ;
#708 = CARTESIAN_POINT ( 'NONE',  ( -999.9999999999997726, -574.8301822523413875, -550.0999999999996817 ) ) ;
#709 = ORIENTED_EDGE ( 'NONE', *, *, #1660, .F. ) ;
#710 = DIRECTION ( 'NONE',  ( 0.000000000000000000, -1.000000000000000000, 0.000000000000000000 ) ) ;
#711 = ORIENTED_EDGE ( 'NONE', *, *, #1402, .T. ) ;
#712 = DIRECTION ( 'NONE',  ( 0.8660254037844389297, -0.000000000000000000, 0.4999999999999995559 ) ) ;
#713 = ORIENTED_EDGE ( 'NONE', *, *, #1024, .F. ) ;
#714 = CARTESIAN_POINT ( 'NONE',  ( -999.9999999999997726, -1249.305262667903435, -609.0999999999991132 ) ) ;
#715 = DIRECTION ( 'NONE',  ( 9.996022874851759560E-48, -1.000000000000000000, 1.665669141091664491E-32 ) ) ;
#716 = CC_DESIGN_APPROVAL ( #25, ( #855 ) ) ;
#717 = VERTEX_POINT ( 'NONE', #134 ) ;
#718 = LINE ( 'NONE', #1275, #233 ) ;
#719 = ORIENTED_EDGE ( 'NONE', *, *, #461, .T. ) ;
#720 = AXIS2_PLACEMENT_3D ( 'NONE', #1618, #386, #935 ) ;
#721 = CARTESIAN_POINT ( 'NONE',  ( -834.7260985847816528, -1174.805262667903435, -933.2627944162877611 ) ) ;
#722 = AXIS2_PLACEMENT_3D ( 'NONE', #883, #56, #454 ) ;
#724 = ORIENTED_EDGE ( 'NONE', *, *, #462, .F. ) ;
#723 = EDGE_CURVE ( 'NONE', #1248, #951, #145, .T. ) ;
#725 = DIRECTION ( 'NONE',  ( 1.000000000000000000, 0.000000000000000000, -6.001205538514363462E-16 ) ) ;
#726 = VECTOR ( 'NONE', #670, 1000.000000000000000 ) ;
#727 = EDGE_CURVE ( 'NONE', #574, #975, #1378, .T. ) ;
#728 = DIRECTION ( 'NONE',  ( 0.000000000000000000, -1.000000000000000000, 0.000000000000000000 ) ) ;
#729 = CARTESIAN_POINT ( 'NONE',  ( -834.7260985847816528, -1089.305262667903889, -933.2627944162877611 ) ) ;
#730 = DIRECTION ( 'NONE',  ( -0.4999999999999995559, 0.000000000000000000, 0.8660254037844389297 ) ) ;
#731 = ORIENTED_EDGE ( 'NONE', *, *, #115, .T. ) ;
#732 = DIRECTION ( 'NONE',  ( 0.000000000000000000, 0.000000000000000000, -1.000000000000000000 ) ) ;
#733 = VERTEX_POINT ( 'NONE', #820 ) ;
#734 = CARTESIAN_POINT ( 'NONE',  ( -1005.999999999999773, -1249.305262667903435, -544.8999999999997499 ) ) ;
#735 =( NAMED_UNIT ( * ) SI_UNIT ( $, .STERADIAN. ) SOLID_ANGLE_UNIT ( ) );
#736 = LINE ( 'NONE', #84, #201 ) ;
#737 = LINE ( 'NONE', #743, #607 ) ;
#738 = VERTEX_POINT ( 'NONE', #545 ) ;
#739 = FACE_OUTER_BOUND ( 'NONE', #1048, .T. ) ;
#740 = CARTESIAN_POINT ( 'NONE',  ( -999.9999999999997726, -1178.805262667903662, -609.0999999999999091 ) ) ;
#741 = DIRECTION ( 'NONE',  ( 6.001205538514363462E-16, -0.000000000000000000, 1.000000000000000000 ) ) ;
#742 = DIRECTION ( 'NONE',  ( -6.001205538514363462E-16, 0.000000000000000000, -1.000000000000000000 ) ) ;
#743 = CARTESIAN_POINT ( 'NONE',  ( -999.9999999999997726, -1173.805262667903889, -550.0999999999996817 ) ) ;
#744 = ORIENTED_EDGE ( 'NONE', *, *, #809, .T. ) ;
#745 = ADVANCED_FACE ( 'NONE', ( #671 ), #681, .F. ) ;
#746 = CYLINDRICAL_SURFACE ( 'NONE', #60, 25.00000000000002132 ) ;
#747 = AXIS2_PLACEMENT_3D ( 'NONE', #1497, #1053, #1736 ) ;
#748 = FACE_BOUND ( 'NONE', #87, .T. ) ;
#749 = AXIS2_PLACEMENT_3D ( 'NONE', #1304, #1032, #1296 ) ;
#750 = AXIS2_PLACEMENT_3D ( 'NONE', #1608, #374, #796 ) ;
#751 = DIRECTION ( 'NONE',  ( 0.4999999999999995559, 0.000000000000000000, -0.8660254037844389297 ) ) ;
#752 = CARTESIAN_POINT ( 'NONE',  ( -1005.999999999999773, -574.8301822523413875, -449.9999999999998863 ) ) ;
#753 = EDGE_CURVE ( 'NONE', #150, #257, #1250, .T. ) ;
#754 = EDGE_CURVE ( 'NONE', #899, #259, #1116, .T. ) ;
#755 = VERTEX_POINT ( 'NONE', #1371 ) ;
#756 = EDGE_CURVE ( 'NONE', #507, #1667, #1659, .T. ) ;
#757 = DIRECTION ( 'NONE',  ( 0.000000000000000000, 1.000000000000000000, 0.000000000000000000 ) ) ;
#758 = CARTESIAN_POINT ( 'NONE',  ( -999.9999999999996589, -1249.305262667903662, -535.3553390593270933 ) ) ;
#759 = CARTESIAN_POINT ( 'NONE',  ( -949.9500000000000455, -1089.305262667903889, -721.6891429188216307 ) ) ;
#760 = CARTESIAN_POINT ( 'NONE',  ( -999.9999999999997726, -1173.805262667903889, -550.0999999999996817 ) ) ;
#761 = DIRECTION ( 'NONE',  ( 0.000000000000000000, -1.000000000000000000, 0.000000000000000000 ) ) ;
#762 = VERTEX_POINT ( 'NONE', #411 ) ;
#763 = EDGE_LOOP ( 'NONE', ( #1238, #1115, #1010, #1526 ) ) ;
#764 = PLANE ( 'NONE',  #410 ) ;
#765 = CARTESIAN_POINT ( 'NONE',  ( -1005.999999999999773, -1245.205262667903526, -609.0999999999991132 ) ) ;
#766 = PERSON_AND_ORGANIZATION_ROLE ( 'creator' ) ;
#767 = CARTESIAN_POINT ( 'NONE',  ( -1005.999999999999773, -574.8301822523413875, -634.9999999999997726 ) ) ;
#768 = LINE ( 'NONE', #1737, #699 ) ;
#769 = EDGE_LOOP ( 'NONE', ( #1520, #1458, #1030, #1150 ) ) ;
#770 = ORIENTED_EDGE ( 'NONE', *, *, #462, .T. ) ;
#771 = DIRECTION ( 'NONE',  ( 0.8660254037844389297, -0.000000000000000000, 0.4999999999999995559 ) ) ;
#772 = CARTESIAN_POINT ( 'NONE',  ( -999.9999999999997726, -1249.305262667903662, -634.9999999999997726 ) ) ;
#773 = COORDINATED_UNIVERSAL_TIME_OFFSET ( 10, 0, .AHEAD. ) ;
#774 = AXIS2_PLACEMENT_3D ( 'NONE', #401, #1516, #1506 ) ;
#775 = EDGE_CURVE ( 'NONE', #301, #1086, #496, .T. ) ;
#776 = DIRECTION ( 'NONE',  ( 0.8660254037844389297, -0.000000000000000000, 0.4999999999999995559 ) ) ;
#777 = VECTOR ( 'NONE', #1438, 1000.000000000000000 ) ;
#778 = LINE ( 'NONE', #1626, #1392 ) ;
#779 = VERTEX_POINT ( 'NONE', #1768 ) ;
#780 = AXIS2_PLACEMENT_3D ( 'NONE', #857, #194, #761 ) ;
#781 = ORIENTED_EDGE ( 'NONE', *, *, #1348, .T. ) ;
#782 = VECTOR ( 'NONE', #148, 1000.000000000000000 ) ;
#783 = ORIENTED_EDGE ( 'NONE', *, *, #407, .F. ) ;
#784 = DIRECTION ( 'NONE',  ( -0.000000000000000000, -1.000000000000000000, -0.000000000000000000 ) ) ;
#785 = CARTESIAN_POINT ( 'NONE',  ( -993.9999999999997726, -1089.305262667903889, -633.3923048454130367 ) ) ;
#786 = EDGE_CURVE ( 'NONE', #89, #1650, #1643, .T. ) ;
#787 = DIRECTION ( 'NONE',  ( 0.3535533905932753962, -0.7071067811865435759, -0.6123724356957981341 ) ) ;
#788 = FACE_OUTER_BOUND ( 'NONE', #1294, .T. ) ;
#789 = VERTEX_POINT ( 'NONE', #1633 ) ;
#790 = ORIENTED_EDGE ( 'NONE', *, *, #305, .T. ) ;
#791 = CARTESIAN_POINT ( 'NONE',  ( -999.9999999999996589, -574.8301822523413875, -449.9999999999998863 ) ) ;
#792 = UNCERTAINTY_MEASURE_WITH_UNIT (LENGTH_MEASURE( 1.000000000000000082E-05 ), #1433, 'distance_accuracy_value', 'NONE');
#793 = DIRECTION ( 'NONE',  ( 6.001205538514363462E-16, -0.000000000000000000, 1.000000000000000000 ) ) ;
#794 = APPROVAL_DATE_TIME ( #528, #292 ) ;
#795 = PLANE ( 'NONE',  #720 ) ;
#796 = DIRECTION ( 'NONE',  ( 0.000000000000000000, -1.000000000000000000, 0.000000000000000000 ) ) ;
#797 = EDGE_LOOP ( 'NONE', ( #1093, #425, #1511, #1601 ) ) ;
#798 = EDGE_CURVE ( 'NONE', #348, #1656, #1776, .T. ) ;
#799 = ORIENTED_EDGE ( 'NONE', *, *, #1628, .F. ) ;
#800 = EDGE_CURVE ( 'NONE', #738, #899, #534, .T. ) ;
#801 = DIRECTION ( 'NONE',  ( 6.001205538514363462E-16, 1.665669141091664491E-32, 1.000000000000000000 ) ) ;
#802 = DIRECTION ( 'NONE',  ( -0.000000000000000000, -1.000000000000000000, -0.000000000000000000 ) ) ;
#803 = CALENDAR_DATE ( 2026, 11, 7 ) ;
#804 = FACE_BOUND ( 'NONE', #8, .T. ) ;
#805 = LINE ( 'NONE', #239, #265 ) ;
#806 = AXIS2_PLACEMENT_3D ( 'NONE', #1259, #1125, #1669 ) ;
#807 = VERTEX_POINT ( 'NONE', #1504 ) ;
#808 = VECTOR ( 'NONE', #307, 1000.000000000000000 ) ;
#809 = EDGE_CURVE ( 'NONE', #1063, #1541, #264, .T. ) ;
#810 = VERTEX_POINT ( 'NONE', #994 ) ;
#811 = VECTOR ( 'NONE', #771, 1000.000000000000000 ) ;
#812 = LINE ( 'NONE', #1549, #1477 ) ;
#813 = ADVANCED_FACE ( 'NONE', ( #1295 ), #746, .T. ) ;
#814 = DIRECTION ( 'NONE',  ( -0.4999999999999995559, 0.000000000000000000, 0.8660254037844389297 ) ) ;
#815 = FACE_OUTER_BOUND ( 'NONE', #1499, .T. ) ;
#816 = DIRECTION ( 'NONE',  ( 6.001205538514363462E-16, -1.665669141091664491E-32, 1.000000000000000000 ) ) ;
#817 = ORIENTED_EDGE ( 'NONE', *, *, #1236, .T. ) ;
#818 = ORIENTED_EDGE ( 'NONE', *, *, #829, .T. ) ;
#819 = VERTEX_POINT ( 'NONE', #334 ) ;
#820 = CARTESIAN_POINT ( 'NONE',  ( -896.1611652351680277, -1166.982932197567607, -814.8541376114382047 ) ) ;
#821 = DIRECTION ( 'NONE',  ( 1.000000000000000000, 0.000000000000000000, -6.001205538514363462E-16 ) ) ;
#822 = DIRECTION ( 'NONE',  ( -6.001205538514363462E-16, 0.000000000000000000, -1.000000000000000000 ) ) ;
#823 = ORIENTED_EDGE ( 'NONE', *, *, #359, .T. ) ;
#824 = EDGE_LOOP ( 'NONE', ( #388, #1351, #1686, #866 ) ) ;
#825 = CARTESIAN_POINT ( 'NONE',  ( -957.7461524227068139, -574.8301822523413875, -720.1858108191424890 ) ) ;
#826 = VECTOR ( 'NONE', #894, 1000.000000000000000 ) ;
#827 = FACE_OUTER_BOUND ( 'NONE', #512, .T. ) ;
#828 = DIRECTION ( 'NONE',  ( -6.001205538514363462E-16, 0.000000000000000000, -1.000000000000000000 ) ) ;
#829 = EDGE_CURVE ( 'NONE', #1779, #789, #189, .T. ) ;
#830 = ORIENTED_EDGE ( 'NONE', *, *, #250, .T. ) ;
#831 = VECTOR ( 'NONE', #373, 1000.000000000000000 ) ;
#832 = VERTEX_POINT ( 'NONE', #1437 ) ;
#833 = VECTOR ( 'NONE', #873, 1000.000000000000000 ) ;
#834 = AXIS2_PLACEMENT_3D ( 'NONE', #1498, #936, #1470 ) ;
#835 = DIRECTION ( 'NONE',  ( 0.4999999999999995559, 0.000000000000000000, -0.8660254037844389297 ) ) ;
#836 = DIRECTION ( 'NONE',  ( 0.8660254037844389297, -0.000000000000000000, 0.4999999999999995559 ) ) ;
#837 = CARTESIAN_POINT ( 'NONE',  ( -999.9999999999997726, -1173.805262667904117, -603.8999999999998636 ) ) ;
#838 = EDGE_LOOP ( 'NONE', ( #548, #658, #1065, #361 ) ) ;
#839 = ORIENTED_EDGE ( 'NONE', *, *, #515, .T. ) ;
#840 = FACE_OUTER_BOUND ( 'NONE', #35, .T. ) ;
#841 = ORIENTED_EDGE ( 'NONE', *, *, #727, .F. ) ;
#842 = DIRECTION ( 'NONE',  ( 1.000000000000000000, 0.000000000000000000, -6.001205538514363462E-16 ) ) ;
#843 = VERTEX_POINT ( 'NONE', #1676 ) ;
#844 = DIRECTION ( 'NONE',  ( 6.001205538514363462E-16, -0.000000000000000000, 1.000000000000000000 ) ) ;
#845 = CARTESIAN_POINT ( 'NONE',  ( -991.6461524227065638, -1089.305262667903889, -661.4692884425578541 ) ) ;
#846 = ORIENTED_EDGE ( 'NONE', *, *, #613, .F. ) ;
#847 = DIRECTION ( 'NONE',  ( 0.4999999999999995559, 0.000000000000000000, -0.8660254037844389297 ) ) ;
#848 = VERTEX_POINT ( 'NONE', #24 ) ;
#849 = EDGE_CURVE ( 'NONE', #694, #268, #36, .T. ) ;
#850 = EDGE_CURVE ( 'NONE', #969, #535, #463, .T. ) ;
#851 = LINE ( 'NONE', #721, #1133 ) ;
#852 = ORIENTED_EDGE ( 'NONE', *, *, #1575, .F. ) ;
#853 = LINE ( 'NONE', #1146, #1330 ) ;
#854 = DIRECTION ( 'NONE',  ( 4.243493131577781155E-16, -0.7071067811865462405, 0.7071067811865489050 ) ) ;
#855 = PRODUCT_DEFINITION_FORMATION_WITH_SPECIFIED_SOURCE ( 'ANY', '', #1087, .NOT_KNOWN. ) ;
#856 = LINE ( 'NONE', #1306, #1416 ) ;
#857 = CARTESIAN_POINT ( 'NONE',  ( -999.9999999999997726, -574.8301822523413875, -603.8999999999990678 ) ) ;
#858 = ORIENTED_EDGE ( 'NONE', *, *, #1480, .T. ) ;
#859 = AXIS2_PLACEMENT_3D ( 'NONE', #707, #438, #1539 ) ;
#860 = EDGE_CURVE ( 'NONE', #586, #1358, #1544, .T. ) ;
#861 = VECTOR ( 'NONE', #1144, 1000.000000000000000 ) ;
#862 = DIRECTION ( 'NONE',  ( 0.000000000000000000, 1.000000000000000000, 0.000000000000000000 ) ) ;
#863 = ORIENTED_EDGE ( 'NONE', *, *, #877, .F. ) ;
#864 = EDGE_CURVE ( 'NONE', #717, #277, #327, .T. ) ;
#865 = VECTOR ( 'NONE', #801, 1000.000000000000000 ) ;
#866 = ORIENTED_EDGE ( 'NONE', *, *, #998, .T. ) ;
#867 = LINE ( 'NONE', #1289, #577 ) ;
#868 = VECTOR ( 'NONE', #387, 1000.000000000000000 ) ;
#869 = CARTESIAN_POINT ( 'NONE',  ( -949.9500000000000455, -1093.405262667904026, -721.6891429188216307 ) ) ;
#870 = DIRECTION ( 'NONE',  ( 0.4999999999999995559, 0.000000000000000000, -0.8660254037844389297 ) ) ;
#871 = FACE_OUTER_BOUND ( 'NONE', #1136, .T. ) ;
#872 = VERTEX_POINT ( 'NONE', #434 ) ;
#873 = DIRECTION ( 'NONE',  ( -0.4999999999999995559, 0.000000000000000000, 0.8660254037844389297 ) ) ;
#874 = ADVANCED_FACE ( 'NONE', ( #314 ), #1302, .T. ) ;
#875 = LINE ( 'NONE', #587, #777 ) ;
#876 = DIRECTION ( 'NONE',  ( 0.8660254037844389297, -0.000000000000000000, 0.4999999999999995559 ) ) ;
#877 = EDGE_CURVE ( 'NONE', #951, #807, #1707, .T. ) ;
#878 = CARTESIAN_POINT ( 'NONE',  ( -1005.999999999999773, -1089.305262667903889, -474.9999999999999432 ) ) ;
#879 = DIRECTION ( 'NONE',  ( 0.8660254037844389297, -0.000000000000000000, 0.4999999999999995559 ) ) ;
#880 = ORIENTED_EDGE ( 'NONE', *, *, #138, .T. ) ;
#881 = ORIENTED_EDGE ( 'NONE', *, *, #106, .T. ) ;
#882 = DIRECTION ( 'NONE',  ( 1.000000000000000000, 0.000000000000000000, -6.001205538514363462E-16 ) ) ;
#883 = CARTESIAN_POINT ( 'NONE',  ( -1010.883743184927539, -937.5377762980507441, -616.1488038271734240 ) ) ;
#884 = DIRECTION ( 'NONE',  ( 0.000000000000000000, 1.000000000000000000, 0.000000000000000000 ) ) ;
#885 = ADVANCED_FACE ( 'NONE', ( #739 ), #1537, .T. ) ;
#886 = DIRECTION ( 'NONE',  ( -0.000000000000000000, -1.000000000000000000, -0.000000000000000000 ) ) ;
#887 = DIRECTION ( 'NONE',  ( 0.000000000000000000, 1.000000000000000000, 0.000000000000000000 ) ) ;
#888 = EDGE_CURVE ( 'NONE', #646, #1456, #1571, .T. ) ;
#889 = ORIENTED_EDGE ( 'NONE', *, *, #1047, .T. ) ;
#890 = CC_DESIGN_APPROVAL ( #909, ( #55 ) ) ;
#891 = CARTESIAN_POINT ( 'NONE',  ( -949.9500000000000455, -1169.805262667903889, -721.6891429188217444 ) ) ;
#892 = AXIS2_PLACEMENT_3D ( 'NONE', #1744, #1462, #493 ) ;
#893 = CARTESIAN_POINT ( 'NONE',  ( -999.9999999999997726, -1173.805262667903889, -609.0999999999999091 ) ) ;
#894 = DIRECTION ( 'NONE',  ( 0.000000000000000000, -1.000000000000000000, 0.000000000000000000 ) ) ;
#895 = VECTOR ( 'NONE', #1280, 999.9999999999998863 ) ;
#896 = AXIS2_PLACEMENT_3D ( 'NONE', #1603, #1031, #1176 ) ;
#897 = CARTESIAN_POINT ( 'NONE',  ( -1005.999999999999773, -1173.805262667904117, -603.8999999999998636 ) ) ;
#898 = CARTESIAN_POINT ( 'NONE',  ( -952.5500000000000682, -574.8301822523413875, -717.1858108191424890 ) ) ;
#899 = VERTEX_POINT ( 'NONE', #1162 ) ;
#900 = ORIENTED_EDGE ( 'NONE', *, *, #248, .T. ) ;
#901 = LINE ( 'NONE', #78, #1420 ) ;
#902 = PLANE ( 'NONE',  #1244 ) ;
#903 = PERSON_AND_ORGANIZATION ( #542, #1752 ) ;
#904 = CARTESIAN_POINT ( 'NONE',  ( -1005.999999999999773, -574.8301822523413875, -609.0999999999999091 ) ) ;
#905 = DIRECTION ( 'NONE',  ( 1.000000000000000000, 0.000000000000000000, -6.001205538514363462E-16 ) ) ;
#906 = ORIENTED_EDGE ( 'NONE', *, *, #860, .T. ) ;
#907 = ORIENTED_EDGE ( 'NONE', *, *, #672, .F. ) ;
#908 = DIRECTION ( 'NONE',  ( 0.000000000000000000, 1.000000000000000000, 0.000000000000000000 ) ) ;
#909 = APPROVAL ( #1461, 'UNSPECIFIED' ) ;
#910 = EDGE_CURVE ( 'NONE', #843, #1345, #475, .T. ) ;
#911 = LINE ( 'NONE', #1591, #1644 ) ;
#912 = PLANE ( 'NONE',  #118 ) ;
#913 = DIRECTION ( 'NONE',  ( 0.000000000000000000, -1.000000000000000000, 0.000000000000000000 ) ) ;
#914 = ORIENTED_EDGE ( 'NONE', *, *, #566, .T. ) ;
#915 = VERTEX_POINT ( 'NONE', #1025 ) ;
#916 = FACE_OUTER_BOUND ( 'NONE', #838, .T. ) ;
#917 = EDGE_CURVE ( 'NONE', #1649, #150, #1268, .T. ) ;
#918 = ORIENTED_EDGE ( 'NONE', *, *, #1682, .T. ) ;
#919 = LINE ( 'NONE', #632, #435 ) ;
#920 = CALENDAR_DATE ( 2026, 11, 7 ) ;
#921 = VECTOR ( 'NONE', #246, 1000.000000000000000 ) ;
#922 = ORIENTED_EDGE ( 'NONE', *, *, #798, .F. ) ;
#923 = DIRECTION ( 'NONE',  ( 0.000000000000000000, -1.000000000000000000, 0.000000000000000000 ) ) ;
#924 = ORIENTED_EDGE ( 'NONE', *, *, #946, .T. ) ;
#925 = AXIS2_PLACEMENT_3D ( 'NONE', #254, #1360, #1224 ) ;
#926 = DIRECTION ( 'NONE',  ( 0.000000000000000000, 0.000000000000000000, -1.000000000000000000 ) ) ;
#927 = VECTOR ( 'NONE', #600, 1000.000000000000000 ) ;
#928 = ORIENTED_EDGE ( 'NONE', *, *, #427, .F. ) ;
#929 = CIRCLE ( 'NONE', #381, 25.00000000000002132 ) ;
#930 = EDGE_LOOP ( 'NONE', ( #369, #1036, #655, #711, #924, #666, #116, #497, #283, #1694, #1472, #1464, #1419, #662, #652, #939 ) ) ;
#931 = ORIENTED_EDGE ( 'NONE', *, *, #1082, .T. ) ;
#932 = LINE ( 'NONE', #1037, #205 ) ;
#933 = DIRECTION ( 'NONE',  ( 0.000000000000000000, 1.000000000000000000, 0.000000000000000000 ) ) ;
#934 = PERSON_AND_ORGANIZATION ( #542, #1752 ) ;
#935 = DIRECTION ( 'NONE',  ( -0.4999999999999995559, 0.000000000000000000, 0.8660254037844389297 ) ) ;
#936 = DIRECTION ( 'NONE',  ( 6.001205538514363462E-16, 0.000000000000000000, 1.000000000000000000 ) ) ;
#937 = EDGE_CURVE ( 'NONE', #535, #249, #851, .T. ) ;
#938 = EDGE_CURVE ( 'NONE', #755, #872, #594, .T. ) ;
#939 = ORIENTED_EDGE ( 'NONE', *, *, #495, .T. ) ;
#940 = EDGE_LOOP ( 'NONE', ( #32, #1610, #524, #1684 ) ) ;
#941 = DIRECTION ( 'NONE',  ( 1.000000000000000000, 0.000000000000000000, -6.001205538514363462E-16 ) ) ;
#942 = CARTESIAN_POINT ( 'NONE',  ( -957.7461524227068139, -574.8301822523413875, -720.1858108191426027 ) ) ;
#943 = APPROVAL_DATE_TIME ( #1081, #25 ) ;
#944 = CARTESIAN_POINT ( 'NONE',  ( -989.0499999999997272, -1174.805262667903662, -653.9659563428791671 ) ) ;
#945 = DIRECTION ( 'NONE',  ( 1.000000000000000000, 0.000000000000000000, -6.001205538514363462E-16 ) ) ;
#946 = EDGE_CURVE ( 'NONE', #395, #1525, #1685, .T. ) ;
#947 = EDGE_CURVE ( 'NONE', #586, #738, #1004, .T. ) ;
#948 = ORIENTED_EDGE ( 'NONE', *, *, #1478, .F. ) ;
#949 = EDGE_LOOP ( 'NONE', ( #423, #432, #906, #313 ) ) ;
#950 = EDGE_CURVE ( 'NONE', #578, #412, #1287, .T. ) ;
#951 = VERTEX_POINT ( 'NONE', #213 ) ;
#952 = CARTESIAN_POINT ( 'NONE',  ( -949.9500000000000455, -1174.805262667903435, -721.6891429188217444 ) ) ;
#953 = CARTESIAN_POINT ( 'NONE',  ( -936.5349871875388317, -1096.627593138239945, -756.9246266941921704 ) ) ;
#954 = ORIENTED_EDGE ( 'NONE', *, *, #1703, .T. ) ;
#955 = DIRECTION ( 'NONE',  ( 6.001205538514363462E-16, 1.665669141091664491E-32, 1.000000000000000000 ) ) ;
#956 = CARTESIAN_POINT ( 'NONE',  ( -1016.079895607634285, -937.5377762980507441, -619.1488038271734240 ) ) ;
#957 = VECTOR ( 'NONE', #1181, 1000.000000000000000 ) ;
#958 = ORIENTED_EDGE ( 'NONE', *, *, #971, .F. ) ;
#959 = VECTOR ( 'NONE', #1014, 1000.000000000000000 ) ;
#960 = EDGE_LOOP ( 'NONE', ( #260, #982, #53, #1267, #584, #270, #469, #928, #907, #442, #1119, #1169, #269, #1005, #487, #593 ) ) ;
#961 = ORIENTED_EDGE ( 'NONE', *, *, #483, .T. ) ;
#962 = AXIS2_PLACEMENT_3D ( 'NONE', #1352, #784, #1343 ) ;
#963 = DIRECTION ( 'NONE',  ( 1.000000000000000000, 0.000000000000000000, -6.001205538514363462E-16 ) ) ;
#964 = DIRECTION ( 'NONE',  ( 1.000000000000000000, 0.000000000000000000, -6.001205538514363462E-16 ) ) ;
#965 = LINE ( 'NONE', #1645, #262 ) ;
#966 = CARTESIAN_POINT ( 'NONE',  ( -1005.999999999999773, -1114.305262667903662, -474.9999999999999432 ) ) ;
#967 = ORIENTED_EDGE ( 'NONE', *, *, #1478, .T. ) ;
#968 = ORIENTED_EDGE ( 'NONE', *, *, #971, .T. ) ;
#969 = VERTEX_POINT ( 'NONE', #1050 ) ;
#970 = DIRECTION ( 'NONE',  ( 0.000000000000000000, 1.000000000000000000, 0.000000000000000000 ) ) ;
#971 = EDGE_CURVE ( 'NONE', #1409, #1656, #1066, .T. ) ;
#972 = EDGE_CURVE ( 'NONE', #249, #843, #1448, .T. ) ;
#973 = FACE_OUTER_BOUND ( 'NONE', #797, .T. ) ;
#974 = DIRECTION ( 'NONE',  ( -6.001205538514363462E-16, 0.000000000000000000, -1.000000000000000000 ) ) ;
#975 = VERTEX_POINT ( 'NONE', #206 ) ;
#976 = ORIENTED_EDGE ( 'NONE', *, *, #248, .F. ) ;
#977 = CARTESIAN_POINT ( 'NONE',  ( -829.5299461620750208, -1169.805262667903889, -930.2627944162877611 ) ) ;
#978 = CARTESIAN_POINT ( 'NONE',  ( -1005.999999999999773, -1178.805262667903662, -544.8999999999997499 ) ) ;
#979 = CARTESIAN_POINT ( 'NONE',  ( -949.9500000000000455, -1169.805262667903889, -721.6891429188217444 ) ) ;
#980 = ORIENTED_EDGE ( 'NONE', *, *, #753, .T. ) ;
#981 = VECTOR ( 'NONE', #886, 1000.000000000000000 ) ;
#982 = ORIENTED_EDGE ( 'NONE', *, *, #138, .F. ) ;
#983 = VECTOR ( 'NONE', #712, 1000.000000000000000 ) ;
#984 = VECTOR ( 'NONE', #1206, 1000.000000000000000 ) ;
#985 = CARTESIAN_POINT ( 'NONE',  ( -999.9999999999995453, -967.0677224601214448, -242.7624597922183227 ) ) ;
#986 = ORIENTED_EDGE ( 'NONE', *, *, #300, .T. ) ;
#987 = LINE ( 'NONE', #414, #575 ) ;
#988 = DIRECTION ( 'NONE',  ( 0.000000000000000000, -1.000000000000000000, 0.000000000000000000 ) ) ;
#989 = ORIENTED_EDGE ( 'NONE', *, *, #1128, .F. ) ;
#990 = PLANE ( 'NONE',  #122 ) ;
#991 = EDGE_CURVE ( 'NONE', #1541, #872, #1303, .T. ) ;
#992 = EDGE_CURVE ( 'NONE', #1649, #1637, #508, .T. ) ;
#993 = ORIENTED_EDGE ( 'NONE', *, *, #37, .F. ) ;
#994 = CARTESIAN_POINT ( 'NONE',  ( -952.5500000000000682, -1174.805262667903662, -717.1858108191426027 ) ) ;
#995 = ORIENTED_EDGE ( 'NONE', *, *, #1391, .T. ) ;
#996 = CARTESIAN_POINT ( 'NONE',  ( -1005.999999999999773, -1224.305262667903889, -535.3553390593270933 ) ) ;
#997 = LINE ( 'NONE', #1414, #140 ) ;
#998 = EDGE_CURVE ( 'NONE', #141, #1675, #98, .T. ) ;
#999 = PLANE ( 'NONE',  #86 ) ;
#1000 = EDGE_CURVE ( 'NONE', #789, #1721, #341, .T. ) ;
#1001 = LINE ( 'NONE', #408, #1042 ) ;
#1002 = ORIENTED_EDGE ( 'NONE', *, *, #1585, .T. ) ;
#1003 = EDGE_CURVE ( 'NONE', #340, #507, #498, .T. ) ;
#1004 = LINE ( 'NONE', #1553, #347 ) ;
#1005 = ORIENTED_EDGE ( 'NONE', *, *, #1576, .F. ) ;
#1006 = CARTESIAN_POINT ( 'NONE',  ( -1005.999999999999773, -1089.305262667903889, -633.3923048454130367 ) ) ;
#1007 = PLANE ( 'NONE',  #168 ) ;
#1008 = DIRECTION ( 'NONE',  ( 0.000000000000000000, 1.000000000000000000, 0.000000000000000000 ) ) ;
#1009 = DIRECTION ( 'NONE',  ( 0.000000000000000000, -1.000000000000000000, 0.000000000000000000 ) ) ;
#1010 = ORIENTED_EDGE ( 'NONE', *, *, #613, .T. ) ;
#1011 = VERTEX_POINT ( 'NONE', #1715 ) ;
#1012 = VECTOR ( 'NONE', #821, 1000.000000000000000 ) ;
#1013 = AXIS2_PLACEMENT_3D ( 'NONE', #509, #1059, #1605 ) ;
#1014 = DIRECTION ( 'NONE',  ( -0.000000000000000000, -1.000000000000000000, -0.000000000000000000 ) ) ;
#1015 = ADVANCED_FACE ( 'NONE', ( #1612, #1597, #489 ), #514, .T. ) ;
#1016 = VECTOR ( 'NONE', #905, 1000.000000000000000 ) ;
#1017 = VERTEX_POINT ( 'NONE', #1459 ) ;
#1018 = FACE_OUTER_BOUND ( 'NONE', #824, .T. ) ;
#1019 = AXIS2_PLACEMENT_3D ( 'NONE', #1260, #1508, #448 ) ;
#1020 = LINE ( 'NONE', #455, #1638 ) ;
#1021 = CARTESIAN_POINT ( 'NONE',  ( -829.5299461620750208, -1093.405262667904026, -930.2627944162877611 ) ) ;
#1022 = PLANE ( 'NONE',  #697 ) ;
#1023 = ORIENTED_EDGE ( 'NONE', *, *, #1636, .F. ) ;
#1024 = EDGE_CURVE ( 'NONE', #571, #810, #380, .T. ) ;
#1025 = CARTESIAN_POINT ( 'NONE',  ( -1005.999999999999773, -1114.305262667903662, -449.9999999999998863 ) ) ;
#1026 = CARTESIAN_POINT ( 'NONE',  ( -829.5299461620750208, -1093.405262667904026, -930.2627944162877611 ) ) ;
#1027 = EDGE_CURVE ( 'NONE', #1086, #1611, #370, .T. ) ;
#1028 = DIRECTION ( 'NONE',  ( 1.000000000000000000, 0.000000000000000000, -6.001205538514363462E-16 ) ) ;
#1029 = FACE_OUTER_BOUND ( 'NONE', #139, .T. ) ;
#1030 = ORIENTED_EDGE ( 'NONE', *, *, #1690, .T. ) ;
#1031 = DIRECTION ( 'NONE',  ( 0.000000000000000000, 1.000000000000000000, 0.000000000000000000 ) ) ;
#1032 = DIRECTION ( 'NONE',  ( 0.8660254037844389297, -0.000000000000000000, 0.4999999999999995559 ) ) ;
#1033 = CARTESIAN_POINT ( 'NONE',  ( -999.9999999999997726, -574.8301822523413875, -550.0999999999996817 ) ) ;
#1034 = LINE ( 'NONE', #331, #1700 ) ;
#1035 = DIRECTION ( 'NONE',  ( 0.000000000000000000, 1.000000000000000000, 0.000000000000000000 ) ) ;
#1036 = ORIENTED_EDGE ( 'NONE', *, *, #992, .F. ) ;
#1037 = CARTESIAN_POINT ( 'NONE',  ( -892.4999999999997726, -1184.660601727231324, -821.1954618136544468 ) ) ;
#1038 = VECTOR ( 'NONE', #1634, 1000.000000000000000 ) ;
#1039 = CARTESIAN_POINT ( 'NONE',  ( -1005.999999999999773, -1178.805262667903662, -603.8999999999998636 ) ) ;
#1040 = APPROVAL_STATUS ( 'not_yet_approved' ) ;
#1041 = VECTOR ( 'NONE', #490, 1000.000000000000000 ) ;
#1042 = VECTOR ( 'NONE', #33, 1000.000000000000000 ) ;
#1043 = CARTESIAN_POINT ( 'NONE',  ( -949.9500000000000455, -574.8301822523413875, -721.6891429188217444 ) ) ;
#1044 = PLANE ( 'NONE',  #5 ) ;
#1045 = ORIENTED_EDGE ( 'NONE', *, *, #1027, .T. ) ;
#1046 = ADVANCED_FACE ( 'NONE', ( #1473 ), #1722, .T. ) ;
#1047 = EDGE_CURVE ( 'NONE', #1017, #418, #932, .T. ) ;
#1048 = EDGE_LOOP ( 'NONE', ( #852, #601, #251, #1543 ) ) ;
#1049 = EDGE_LOOP ( 'NONE', ( #1519, #1140, #918, #161 ) ) ;
#1050 = CARTESIAN_POINT ( 'NONE',  ( -991.6461524227063364, -1169.805262667903889, -661.4692884425581951 ) ) ;
#1051 = FACE_OUTER_BOUND ( 'NONE', #1393, .T. ) ;
#1052 = SHAPE_DEFINITION_REPRESENTATION ( #1772, #1368 ) ;
#1053 = DIRECTION ( 'NONE',  ( 0.8660254037844389297, -0.000000000000000000, 0.4999999999999995559 ) ) ;
#1054 = DIRECTION ( 'NONE',  ( 0.000000000000000000, -1.000000000000000000, -0.000000000000000000 ) ) ;
#1055 = ADVANCED_FACE ( 'NONE', ( #916 ), #764, .T. ) ;
#1056 = ORIENTED_EDGE ( 'NONE', *, *, #775, .T. ) ;
#1057 = ORIENTED_EDGE ( 'NONE', *, *, #1003, .F. ) ;
#1058 = DIRECTION ( 'NONE',  ( 0.8660254037844389297, -0.000000000000000000, 0.4999999999999995559 ) ) ;
#1059 = DIRECTION ( 'NONE',  ( 1.000000000000000000, 0.000000000000000000, -6.001205538514363462E-16 ) ) ;
#1060 = DATE_AND_TIME ( #255, #488 ) ;
#1061 = DIRECTION ( 'NONE',  ( 0.000000000000000000, -1.000000000000000000, 0.000000000000000000 ) ) ;
#1062 = CARTESIAN_POINT ( 'NONE',  ( -955.1461524227066775, -1169.805262667903889, -724.6891429188217444 ) ) ;
#1063 = VERTEX_POINT ( 'NONE', #71 ) ;
#1064 = APPROVAL_PERSON_ORGANIZATION ( #1735, #25, #1606 ) ;
#1065 = ORIENTED_EDGE ( 'NONE', *, *, #1758, .T. ) ;
#1066 = LINE ( 'NONE', #891, #1101 ) ;
#1067 = DIRECTION ( 'NONE',  ( -6.001205538514363462E-16, 0.000000000000000000, -1.000000000000000000 ) ) ;
#1068 = EDGE_CURVE ( 'NONE', #1063, #755, #525, .T. ) ;
#1069 = CARTESIAN_POINT ( 'NONE',  ( 0.000000000000000000, 0.000000000000000000, 0.000000000000000000 ) ) ;
#1070 = AXIS2_PLACEMENT_3D ( 'NONE', #996, #725, #1555 ) ;
#1071 = FACE_OUTER_BOUND ( 'NONE', #1357, .T. ) ;
#1072 = VECTOR ( 'NONE', #12, 1000.000000000000000 ) ;
#1073 = CARTESIAN_POINT ( 'NONE',  ( -904.9999999999996589, -1249.305262667903662, -799.5448267190434990 ) ) ;
#1074 = VECTOR ( 'NONE', #112, 1000.000000000000000 ) ;
#1075 = ORIENTED_EDGE ( 'NONE', *, *, #1703, .F. ) ;
#1076 = EDGE_LOOP ( 'NONE', ( #1383, #1216, #97, #131 ) ) ;
#1077 = CARTESIAN_POINT ( 'NONE',  ( -999.9999999999997726, -1178.805262667903662, -634.9999999999997726 ) ) ;
#1078 = EDGE_CURVE ( 'NONE', #507, #38, #107, .T. ) ;
#1079 = EDGE_CURVE ( 'NONE', #277, #1345, #901, .T. ) ;
#1080 = DIRECTION ( 'NONE',  ( 0.000000000000000000, 1.000000000000000000, 0.000000000000000000 ) ) ;
#1081 = DATE_AND_TIME ( #803, #80 ) ;
#1082 = EDGE_CURVE ( 'NONE', #1675, #257, #1185, .T. ) ;
#1083 = FACE_OUTER_BOUND ( 'NONE', #1105, .T. ) ;
#1084 = LINE ( 'NONE', #1073, #868 ) ;
#1085 = ORIENTED_EDGE ( 'NONE', *, *, #52, .F. ) ;
#1086 = VERTEX_POINT ( 'NONE', #179 ) ;
#1087 = PRODUCT ( 'CV03-TR-12_REV_B_3780cf54c7824560a94e57ae898739ae.tmp', 'CV03-TR-12_REV_B_3780cf54c7824560a94e57ae898739ae.tmp', '', ( #1361 ) ) ;
#1088 = DIRECTION ( 'NONE',  ( -9.996022874851759560E-48, 1.000000000000000000, -1.665669141091664491E-32 ) ) ;
#1089 = CARTESIAN_POINT ( 'NONE',  ( -1005.999999999999773, -574.8301822523413875, -603.8999999999990678 ) ) ;
#1090 = ORIENTED_EDGE ( 'NONE', *, *, #368, .F. ) ;
#1091 = CARTESIAN_POINT ( 'NONE',  ( -999.9999999999997726, -574.8301822523413875, -609.0999999999991132 ) ) ;
#1092 = CARTESIAN_POINT ( 'NONE',  ( -834.7260985847816528, -1169.805262667903889, -933.2627944162877611 ) ) ;
#1093 = ORIENTED_EDGE ( 'NONE', *, *, #349, .F. ) ;
#1094 = ORIENTED_EDGE ( 'NONE', *, *, #1628, .T. ) ;
#1095 = DIRECTION ( 'NONE',  ( 0.000000000000000000, 1.000000000000000000, 0.000000000000000000 ) ) ;
#1096 = AXIS2_PLACEMENT_3D ( 'NONE', #482, #884, #48 ) ;
#1097 = LINE ( 'NONE', #825, #695 ) ;
#1098 = LINE ( 'NONE', #1396, #1012 ) ;
#1099 = CARTESIAN_POINT ( 'NONE',  ( -1005.999999999999773, -1245.205262667903526, -550.0999999999996817 ) ) ;
#1100 = VECTOR ( 'NONE', #598, 1000.000000000000000 ) ;
#1101 = VECTOR ( 'NONE', #1058, 1000.000000000000000 ) ;
#1102 = ORIENTED_EDGE ( 'NONE', *, *, #1604, .F. ) ;
#1103 = VECTOR ( 'NONE', #500, 1000.000000000000000 ) ;
#1104 = EDGE_CURVE ( 'NONE', #779, #437, #1370, .T. ) ;
#1105 = EDGE_LOOP ( 'NONE', ( #1630, #164, #252, #1510 ) ) ;
#1106 = AXIS2_PLACEMENT_3D ( 'NONE', #402, #519, #1356 ) ;
#1107 = EDGE_CURVE ( 'NONE', #1369, #717, #1130, .T. ) ;
#1108 = ORIENTED_EDGE ( 'NONE', *, *, #1522, .T. ) ;
#1109 = DIRECTION ( 'NONE',  ( 1.000000000000000000, 0.000000000000000000, -6.001205538514363462E-16 ) ) ;
#1110 = LINE ( 'NONE', #13, #1038 ) ;
#1111 = CARTESIAN_POINT ( 'NONE',  ( -999.9999999999997726, -1249.305262667903662, -633.3923048454130367 ) ) ;
#1112 = EDGE_LOOP ( 'NONE', ( #479, #1538, #1399, #523 ) ) ;
#1113 = EDGE_CURVE ( 'NONE', #843, #969, #1494, .T. ) ;
#1114 = ORIENTED_EDGE ( 'NONE', *, *, #405, .F. ) ;
#1115 = ORIENTED_EDGE ( 'NONE', *, *, #565, .F. ) ;
#1116 = LINE ( 'NONE', #688, #409 ) ;
#1117 = PLANE ( 'NONE',  #1531 ) ;
#1118 = CARTESIAN_POINT ( 'NONE',  ( -999.9999999999997726, -1178.805262667903662, -603.8999999999998636 ) ) ;
#1119 = ORIENTED_EDGE ( 'NONE', *, *, #1585, .F. ) ;
#1120 = VERTEX_POINT ( 'NONE', #391 ) ;
#1121 = CARTESIAN_POINT ( 'NONE',  ( -999.9999999999997726, -1089.305262667903889, -633.3923048454130367 ) ) ;
#1122 = LOCAL_TIME ( 16, 44, 34.00000000000000000, #355 ) ;
#1124 = EDGE_LOOP ( 'NONE', ( #76, #1781, #1253, #900 ) ) ;
#1123 = PRODUCT_DEFINITION ( 'UNKNOWN', '', #855, #1632 ) ;
#1125 = DIRECTION ( 'NONE',  ( 0.8660254037844389297, -0.000000000000000000, 0.4999999999999995559 ) ) ;
#1126 = EDGE_CURVE ( 'NONE', #1261, #259, #1673, .T. ) ;
#1127 = DIRECTION ( 'NONE',  ( 9.996022874851759560E-48, 1.000000000000000000, 1.665669141091664491E-32 ) ) ;
#1128 = EDGE_CURVE ( 'NONE', #630, #352, #127, .T. ) ;
#1129 = VERTEX_POINT ( 'NONE', #117 ) ;
#1130 = LINE ( 'NONE', #572, #1134 ) ;
#1131 = AXIS2_PLACEMENT_3D ( 'NONE', #1434, #49, #1290 ) ;
#1132 = ORIENTED_EDGE ( 'NONE', *, *, #335, .F. ) ;
#1133 = VECTOR ( 'NONE', #585, 1000.000000000000000 ) ;
#1134 = VECTOR ( 'NONE', #710, 1000.000000000000000 ) ;
#1135 = CARTESIAN_POINT ( 'NONE',  ( -829.5299461620750208, -1174.805262667903662, -930.2627944162877611 ) ) ;
#1136 = EDGE_LOOP ( 'NONE', ( #103, #46, #1222, #1514 ) ) ;
#1137 = CARTESIAN_POINT ( 'NONE',  ( -999.9999999999996589, -1089.305262667903889, -474.9999999999999432 ) ) ;
#1138 = CARTESIAN_POINT ( 'NONE',  ( -1005.999999999999773, -1173.805262667904117, -634.9999999999997726 ) ) ;
#1139 = EDGE_CURVE ( 'NONE', #96, #1746, #1408, .T. ) ;
#1140 = ORIENTED_EDGE ( 'NONE', *, *, #992, .T. ) ;
#1141 = CARTESIAN_POINT ( 'NONE',  ( -1005.999999999999773, -1181.627593138240172, -457.3223304703362260 ) ) ;
#1142 = ORIENTED_EDGE ( 'NONE', *, *, #1575, .T. ) ;
#1143 = MANIFOLD_SOLID_BREP ( 'Convert-Solid1', #58 ) ;
#1144 = DIRECTION ( 'NONE',  ( 0.8660254037844389297, -0.000000000000000000, 0.4999999999999995559 ) ) ;
#1145 = ORIENTED_EDGE ( 'NONE', *, *, #1398, .F. ) ;
#1146 = CARTESIAN_POINT ( 'NONE',  ( -986.4499999999997044, -1169.805262667903889, -658.4692884425583088 ) ) ;
#1147 = CARTESIAN_POINT ( 'NONE',  ( -829.5299461620750208, -1089.305262667903889, -930.2627944162877611 ) ) ;
#1148 = FACE_BOUND ( 'NONE', #155, .T. ) ;
#1149 = DIRECTION ( 'NONE',  ( 1.000000000000000000, 0.000000000000000000, -6.001205538514363462E-16 ) ) ;
#1150 = ORIENTED_EDGE ( 'NONE', *, *, #1000, .T. ) ;
#1151 = CARTESIAN_POINT ( 'NONE',  ( -1005.999999999999773, -1249.305262667903662, -634.9999999999997726 ) ) ;
#1152 = ORIENTED_EDGE ( 'NONE', *, *, #106, .F. ) ;
#1153 = FACE_BOUND ( 'NONE', #1112, .T. ) ;
#1154 = DIRECTION ( 'NONE',  ( 0.000000000000000000, -1.000000000000000000, -0.000000000000000000 ) ) ;
#1155 = LINE ( 'NONE', #729, #144 ) ;
#1156 = CARTESIAN_POINT ( 'NONE',  ( -829.5299461620750208, -1169.805262667903889, -930.2627944162877611 ) ) ;
#1157 = ORIENTED_EDGE ( 'NONE', *, *, #359, .F. ) ;
#1158 = VECTOR ( 'NONE', #1061, 1000.000000000000000 ) ;
#1159 = EDGE_CURVE ( 'NONE', #611, #89, #253, .T. ) ;
#1160 = EDGE_CURVE ( 'NONE', #646, #571, #1503, .T. ) ;
#1161 = AXIS2_PLACEMENT_3D ( 'NONE', #1515, #285, #278 ) ;
#1162 = CARTESIAN_POINT ( 'NONE',  ( -1005.999999999999773, -1249.305262667903435, -603.8999999999990678 ) ) ;
#1163 = AXIS2_PLACEMENT_3D ( 'NONE', #627, #1035, #494 ) ;
#1164 = LINE ( 'NONE', #67, #551 ) ;
#1165 = VECTOR ( 'NONE', #1252, 1000.000000000000000 ) ;
#1166 = CARTESIAN_POINT ( 'NONE',  ( -952.5500000000000682, -1093.405262667904026, -717.1858108191424890 ) ) ;
#1167 = CARTESIAN_POINT ( 'NONE',  ( -1005.999999999999773, -1245.205262667903526, -544.8999999999997499 ) ) ;
#1168 = CYLINDRICAL_SURFACE ( 'NONE', #1535, 25.00000000000002132 ) ;
#1169 = ORIENTED_EDGE ( 'NONE', *, *, #1078, .F. ) ;
#1170 = CARTESIAN_POINT ( 'NONE',  ( -991.6461524227063364, -574.8301822523413875, -661.4692884425581951 ) ) ;
#1171 = CARTESIAN_POINT ( 'NONE',  ( -993.9999999999997726, -574.8301822523413875, -633.3923048454130367 ) ) ;
#1172 = DIRECTION ( 'NONE',  ( -4.243493131577765870E-16, -0.7071067811865489050, -0.7071067811865462405 ) ) ;
#1173 = DIRECTION ( 'NONE',  ( 1.000000000000000000, 0.000000000000000000, -6.001205538514363462E-16 ) ) ;
#1174 = DIRECTION ( 'NONE',  ( 0.000000000000000000, -1.000000000000000000, 0.000000000000000000 ) ) ;
#1175 = EDGE_LOOP ( 'NONE', ( #465, #1266, #231, #1023 ) ) ;
#1176 = DIRECTION ( 'NONE',  ( 0.000000000000000000, 0.000000000000000000, 1.000000000000000000 ) ) ;
#1177 = DIRECTION ( 'NONE',  ( 0.000000000000000000, -1.000000000000000000, 0.000000000000000000 ) ) ;
#1178 = CARTESIAN_POINT ( 'NONE',  ( -991.6461524227066775, -1093.405262667904026, -661.4692884425577404 ) ) ;
#1179 = EDGE_CURVE ( 'NONE', #1011, #141, #1001, .T. ) ;
#1180 = EDGE_CURVE ( 'NONE', #649, #1697, #1417, .T. ) ;
#1181 = DIRECTION ( 'NONE',  ( -0.000000000000000000, -1.000000000000000000, -0.000000000000000000 ) ) ;
#1182 = DIRECTION ( 'NONE',  ( 0.4999999999999995559, 0.000000000000000000, -0.8660254037844389297 ) ) ;
#1183 = ORIENTED_EDGE ( 'NONE', *, *, #1204, .F. ) ;
#1184 = ORIENTED_EDGE ( 'NONE', *, *, #302, .T. ) ;
#1185 = LINE ( 'NONE', #397, #669 ) ;
#1186 = AXIS2_PLACEMENT_3D ( 'NONE', #1171, #1573, #1546 ) ;
#1187 = VECTOR ( 'NONE', #842, 1000.000000000000000 ) ;
#1188 = LINE ( 'NONE', #383, #319 ) ;
#1189 = DATE_AND_TIME ( #920, #23 ) ;
#1190 = VECTOR ( 'NONE', #1312, 1000.000000000000000 ) ;
#1191 = AXIS2_PLACEMENT_3D ( 'NONE', #1745, #538, #95 ) ;
#1192 = FACE_OUTER_BOUND ( 'NONE', #1602, .T. ) ;
#1193 = DIRECTION ( 'NONE',  ( -0.000000000000000000, -1.000000000000000000, -0.000000000000000000 ) ) ;
#1194 = EDGE_CURVE ( 'NONE', #1196, #348, #1766, .T. ) ;
#1195 = EDGE_LOOP ( 'NONE', ( #677, #564, #967, #1085 ) ) ;
#1196 = VERTEX_POINT ( 'NONE', #261 ) ;
#1197 = ORIENTED_EDGE ( 'NONE', *, *, #1160, .T. ) ;
#1198 = CARTESIAN_POINT ( 'NONE',  ( -892.4999999999997726, -1224.305262667903889, -821.1954618136544468 ) ) ;
#1199 = DIRECTION ( 'NONE',  ( 0.000000000000000000, -1.000000000000000000, -0.000000000000000000 ) ) ;
#1200 = DIRECTION ( 'NONE',  ( 6.001205538514363462E-16, -1.665669141091664491E-32, 1.000000000000000000 ) ) ;
#1201 = DIRECTION ( 'NONE',  ( 0.4999999999999995559, 0.000000000000000000, -0.8660254037844389297 ) ) ;
#1202 = EDGE_CURVE ( 'NONE', #412, #1436, #812, .T. ) ;
#1203 = ORIENTED_EDGE ( 'NONE', *, *, #1739, .F. ) ;
#1204 = EDGE_CURVE ( 'NONE', #535, #717, #679, .T. ) ;
#1205 = EDGE_LOOP ( 'NONE', ( #1316, #1550, #823, #1203 ) ) ;
#1206 = DIRECTION ( 'NONE',  ( 0.4999999999999995559, 0.000000000000000000, -0.8660254037844389297 ) ) ;
#1207 = CARTESIAN_POINT ( 'NONE',  ( -955.1461524227066775, -1174.805262667903435, -724.6891429188217444 ) ) ;
#1208 = DIRECTION ( 'NONE',  ( 0.000000000000000000, -1.000000000000000000, 0.000000000000000000 ) ) ;
#1209 = FACE_OUTER_BOUND ( 'NONE', #1205, .T. ) ;
#1210 = VERTEX_POINT ( 'NONE', #533 ) ;
#1211 = ORIENTED_EDGE ( 'NONE', *, *, #1270, .T. ) ;
#1212 = CARTESIAN_POINT ( 'NONE',  ( -999.9999999999997726, -1245.205262667903526, -544.8999999999997499 ) ) ;
#1213 = ADVANCED_FACE ( 'NONE', ( #291 ), #990, .T. ) ;
#1214 = CARTESIAN_POINT ( 'NONE',  ( -999.9999999999997726, -1249.305262667903662, -634.9999999999997726 ) ) ;
#1215 = DATE_TIME_ROLE ( 'classification_date' ) ;
#1216 = ORIENTED_EDGE ( 'NONE', *, *, #1444, .F. ) ;
#1217 = LINE ( 'NONE', #645, #345 ) ;
#1218 = VECTOR ( 'NONE', #336, 1000.000000000000000 ) ;
#1219 = LINE ( 'NONE', #85, #1336 ) ;
#1220 = VECTOR ( 'NONE', #480, 1000.000000000000000 ) ;
#1221 = ORIENTED_EDGE ( 'NONE', *, *, #1576, .T. ) ;
#1222 = ORIENTED_EDGE ( 'NONE', *, *, #1104, .T. ) ;
#1223 = DIRECTION ( 'NONE',  ( 1.000000000000000000, 0.000000000000000000, -6.001205538514363462E-16 ) ) ;
#1224 = DIRECTION ( 'NONE',  ( 0.4999999999999987788, 0.000000000000000000, -0.8660254037844393737 ) ) ;
#1225 = PERSON_AND_ORGANIZATION ( #542, #1752 ) ;
#1226 = DIRECTION ( 'NONE',  ( 6.001205538514363462E-16, -1.665669141091664491E-32, 1.000000000000000000 ) ) ;
#1227 = LINE ( 'NONE', #1771, #1249 ) ;
#1228 = VERTEX_POINT ( 'NONE', #1230 ) ;
#1229 = ORIENTED_EDGE ( 'NONE', *, *, #104, .F. ) ;
#1230 = CARTESIAN_POINT ( 'NONE',  ( -1005.999999999999773, -1173.805262667904117, -544.8999999999997499 ) ) ;
#1231 = CARTESIAN_POINT ( 'NONE',  ( -999.9999999999996589, -1181.627593138240172, -457.3223304703362260 ) ) ;
#1232 = ORIENTED_EDGE ( 'NONE', *, *, #1513, .T. ) ;
#1233 = CARTESIAN_POINT ( 'NONE',  ( -999.9999999999997726, -1089.305262667903889, -634.9999999999997726 ) ) ;
#1234 = LINE ( 'NONE', #275, #323 ) ;
#1235 = ADVANCED_FACE ( 'NONE', ( #840 ), #156, .T. ) ;
#1236 = EDGE_CURVE ( 'NONE', #832, #294, #718, .T. ) ;
#1237 = ORIENTED_EDGE ( 'NONE', *, *, #1024, .T. ) ;
#1238 = ORIENTED_EDGE ( 'NONE', *, *, #1139, .F. ) ;
#1239 = ORIENTED_EDGE ( 'NONE', *, *, #137, .T. ) ;
#1240 = LINE ( 'NONE', #1258, #1475 ) ;
#1241 = DIRECTION ( 'NONE',  ( 0.000000000000000000, 1.000000000000000000, 0.000000000000000000 ) ) ;
#1242 = LINE ( 'NONE', #690, #1665 ) ;
#1243 = VECTOR ( 'NONE', #338, 999.9999999999998863 ) ;
#1244 = AXIS2_PLACEMENT_3D ( 'NONE', #223, #1486, #1177 ) ;
#1245 = ORIENTED_EDGE ( 'NONE', *, *, #614, .F. ) ;
#1246 = VECTOR ( 'NONE', #1174, 1000.000000000000000 ) ;
#1247 = ORIENTED_EDGE ( 'NONE', *, *, #1682, .F. ) ;
#1248 = VERTEX_POINT ( 'NONE', #1141 ) ;
#1249 = VECTOR ( 'NONE', #1679, 1000.000000000000000 ) ;
#1250 = LINE ( 'NONE', #1528, #1072 ) ;
#1251 = PLANE ( 'NONE',  #1446 ) ;
#1252 = DIRECTION ( 'NONE',  ( -0.000000000000000000, -1.000000000000000000, -0.000000000000000000 ) ) ;
#1253 = ORIENTED_EDGE ( 'NONE', *, *, #849, .T. ) ;
#1254 = ADVANCED_FACE ( 'NONE', ( #1681 ), #312, .F. ) ;
#1255 = ORIENTED_EDGE ( 'NONE', *, *, #302, .F. ) ;
#1256 = EDGE_CURVE ( 'NONE', #38, #416, #1428, .T. ) ;
#1257 = ADVANCED_FACE ( 'NONE', ( #43 ), #1044, .T. ) ;
#1258 = CARTESIAN_POINT ( 'NONE',  ( -999.9999999999996589, -574.8301822523413875, -449.9999999999998863 ) ) ;
#1259 = CARTESIAN_POINT ( 'NONE',  ( -940.1776695296639446, -1114.305262667903662, -738.6153158017973510 ) ) ;
#1260 = CARTESIAN_POINT ( 'NONE',  ( -999.9999999999997726, -574.8301822523413875, -609.0999999999999091 ) ) ;
#1261 = VERTEX_POINT ( 'NONE', #1594 ) ;
#1262 = DIRECTION ( 'NONE',  ( 0.8660254037844389297, -0.000000000000000000, 0.4999999999999995559 ) ) ;
#1263 = VERTEX_POINT ( 'NONE', #1307 ) ;
#1264 = EDGE_CURVE ( 'NONE', #574, #70, #737, .T. ) ;
#1265 = ADVANCED_FACE ( 'NONE', ( #75 ), #1168, .T. ) ;
#1266 = ORIENTED_EDGE ( 'NONE', *, *, #622, .T. ) ;
#1267 = ORIENTED_EDGE ( 'NONE', *, *, #565, .T. ) ;
#1268 = LINE ( 'NONE', #445, #808 ) ;
#1269 = AXIS2_PLACEMENT_3D ( 'NONE', #208, #854, #1172 ) ;
#1270 = EDGE_CURVE ( 'NONE', #418, #733, #1366, .T. ) ;
#1271 = ORIENTED_EDGE ( 'NONE', *, *, #1740, .F. ) ;
#1272 = DIRECTION ( 'NONE',  ( 0.4999999999999995559, 0.000000000000000000, -0.8660254037844389297 ) ) ;
#1273 = DIRECTION ( 'NONE',  ( 0.000000000000000000, 0.000000000000000000, -1.000000000000000000 ) ) ;
#1274 = EDGE_LOOP ( 'NONE', ( #1652, #961, #20, #1334 ) ) ;
#1275 = CARTESIAN_POINT ( 'NONE',  ( -829.5299461620750208, -1089.305262667903889, -930.2627944162877611 ) ) ;
#1276 = VECTOR ( 'NONE', #742, 1000.000000000000000 ) ;
#1277 = ORIENTED_EDGE ( 'NONE', *, *, #195, .T. ) ;
#1278 = VECTOR ( 'NONE', #1666, 1000.000000000000000 ) ;
#1279 = VECTOR ( 'NONE', #1095, 1000.000000000000000 ) ;
#1280 = DIRECTION ( 'NONE',  ( -4.243493131577765870E-16, -0.7071067811865489050, -0.7071067811865462405 ) ) ;
#1281 = ORIENTED_EDGE ( 'NONE', *, *, #82, .T. ) ;
#1282 = DIRECTION ( 'NONE',  ( 1.000000000000000000, 0.000000000000000000, -6.001205538514363462E-16 ) ) ;
#1283 = DIRECTION ( 'NONE',  ( 0.4999999999999994449, -0.000000000000000000, -0.8660254037844389297 ) ) ;
#1284 = FACE_OUTER_BOUND ( 'NONE', #180, .T. ) ;
#1285 = FACE_OUTER_BOUND ( 'NONE', #333, .T. ) ;
#1286 = ORIENTED_EDGE ( 'NONE', *, *, #41, .F. ) ;
#1287 = LINE ( 'NONE', #1151, #1364 ) ;
#1288 = ORIENTED_EDGE ( 'NONE', *, *, #65, .F. ) ;
#1289 = CARTESIAN_POINT ( 'NONE',  ( -989.0499999999997272, -1174.805262667903662, -653.9659563428791671 ) ) ;
#1290 = DIRECTION ( 'NONE',  ( 0.4999999999999987788, 0.000000000000000000, -0.8660254037844393737 ) ) ;
#1291 = CARTESIAN_POINT ( 'NONE',  ( -829.5299461620750208, -1174.805262667903662, -930.2627944162877611 ) ) ;
#1292 = CC_DESIGN_PERSON_AND_ORGANIZATION_ASSIGNMENT ( #364, #1759, ( #855 ) ) ;
#1293 = EDGE_CURVE ( 'NONE', #1390, #630, #1691, .T. ) ;
#1294 = EDGE_LOOP ( 'NONE', ( #406, #1221, #744, #1102 ) ) ;
#1295 = FACE_OUTER_BOUND ( 'NONE', #1754, .T. ) ;
#1296 = DIRECTION ( 'NONE',  ( 0.4999999999999987788, 0.000000000000000000, -0.8660254037844393737 ) ) ;
#1297 = LINE ( 'NONE', #608, #1329 ) ;
#1298 = DIRECTION ( 'NONE',  ( 0.000000000000000000, 0.000000000000000000, -1.000000000000000000 ) ) ;
#1299 = ORIENTED_EDGE ( 'NONE', *, *, #351, .T. ) ;
#1300 = VECTOR ( 'NONE', #626, 1000.000000000000000 ) ;
#1301 = AXIS2_PLACEMENT_3D ( 'NONE', #66, #1431, #576 ) ;
#1302 = PLANE ( 'NONE',  #1301 ) ;
#1303 = CIRCLE ( 'NONE', #1674, 6.000000000000005329 ) ;
#1304 = CARTESIAN_POINT ( 'NONE',  ( -910.1961524227064046, -1184.660601727231324, -802.5448267190434990 ) ) ;
#1305 =( NAMED_UNIT ( * ) PLANE_ANGLE_UNIT ( ) SI_UNIT ( $, .RADIAN. ) );
#1306 = CARTESIAN_POINT ( 'NONE',  ( -999.9999999999997726, -1173.805262667903889, -634.9999999999997726 ) ) ;
#1307 = CARTESIAN_POINT ( 'NONE',  ( -1005.999999999999773, -1163.949923608576455, -449.9999999999998863 ) ) ;
#1308 = ORIENTED_EDGE ( 'NONE', *, *, #1082, .F. ) ;
#1309 = CARTESIAN_POINT ( 'NONE',  ( -949.9500000000000455, -574.8301822523413875, -721.6891429188216307 ) ) ;
#1310 = CC_DESIGN_PERSON_AND_ORGANIZATION_ASSIGNMENT ( #384, #1592, ( #1087 ) ) ;
#1311 = ADVANCED_FACE ( 'NONE', ( #871 ), #1022, .F. ) ;
#1312 = DIRECTION ( 'NONE',  ( -6.001205538514363462E-16, 0.000000000000000000, -1.000000000000000000 ) ) ;
#1313 = LINE ( 'NONE', #1033, #826 ) ;
#1314 = CARTESIAN_POINT ( 'NONE',  ( -952.5500000000000682, -1089.305262667903889, -717.1858108191424890 ) ) ;
#1315 = DIRECTION ( 'NONE',  ( -0.000000000000000000, -1.000000000000000000, -0.000000000000000000 ) ) ;
#1316 = ORIENTED_EDGE ( 'NONE', *, *, #1264, .F. ) ;
#1317 = ORIENTED_EDGE ( 'NONE', *, *, #1204, .T. ) ;
#1318 = ADVANCED_FACE ( 'NONE', ( #1285 ), #1442, .T. ) ;
#1319 = CARTESIAN_POINT ( 'NONE',  ( -834.7260985847816528, -1089.305262667903889, -933.2627944162877611 ) ) ;
#1320 = ADVANCED_FACE ( 'NONE', ( #1463 ), #59, .T. ) ;
#1321 = PLANE ( 'NONE',  #177 ) ;
#1322 = EDGE_CURVE ( 'NONE', #915, #1263, #1559, .T. ) ;
#1323 = CALENDAR_DATE ( 2026, 11, 7 ) ;
#1324 = LINE ( 'NONE', #904, #957 ) ;
#1325 = CARTESIAN_POINT ( 'NONE',  ( -904.9999999999996589, -1249.305262667903662, -799.5448267190434990 ) ) ;
#1326 = ORIENTED_EDGE ( 'NONE', *, *, #938, .F. ) ;
#1327 = EDGE_LOOP ( 'NONE', ( #1730, #1401, #597, #1075 ) ) ;
#1328 = CARTESIAN_POINT ( 'NONE',  ( -993.9999999999997726, -1249.305262667903662, -633.3923048454130367 ) ) ;
#1329 = VECTOR ( 'NONE', #1028, 1000.000000000000000 ) ;
#1330 = VECTOR ( 'NONE', #184, 1000.000000000000000 ) ;
#1331 = LINE ( 'NONE', #772, #31 ) ;
#1332 = COORDINATED_UNIVERSAL_TIME_OFFSET ( 10, 0, .AHEAD. ) ;
#1333 = AXIS2_PLACEMENT_3D ( 'NONE', #1291, #1712, #730 ) ;
#1334 = ORIENTED_EDGE ( 'NONE', *, *, #1270, .F. ) ;
#1335 = ADVANCED_FACE ( 'NONE', ( #202 ), #1726, .T. ) ;
#1336 = VECTOR ( 'NONE', #394, 1000.000000000000000 ) ;
#1337 = FACE_OUTER_BOUND ( 'NONE', #453, .T. ) ;
#1338 = CARTESIAN_POINT ( 'NONE',  ( -1005.999999999999773, -1173.805262667903889, -609.0999999999999091 ) ) ;
#1339 = ORIENTED_EDGE ( 'NONE', *, *, #240, .T. ) ;
#1340 = CC_DESIGN_DATE_AND_TIME_ASSIGNMENT ( #1060, #1624, ( #1123 ) ) ;
#1341 = EDGE_LOOP ( 'NONE', ( #1247, #1271, #1232, #931 ) ) ;
#1342 = EDGE_LOOP ( 'NONE', ( #1090, #731, #358, #1596 ) ) ;
#1343 = DIRECTION ( 'NONE',  ( 0.000000000000000000, 0.000000000000000000, 1.000000000000000000 ) ) ;
#1344 = FACE_OUTER_BOUND ( 'NONE', #499, .T. ) ;
#1345 = VERTEX_POINT ( 'NONE', #322 ) ;
#1346 = DIRECTION ( 'NONE',  ( 1.000000000000000000, 0.000000000000000000, -6.001205538514363462E-16 ) ) ;
#1347 = DIRECTION ( 'NONE',  ( -6.001205538514363462E-16, 0.000000000000000000, -1.000000000000000000 ) ) ;
#1348 = EDGE_CURVE ( 'NONE', #150, #1779, #1435, .T. ) ;
#1349 = ORIENTED_EDGE ( 'NONE', *, *, #1454, .F. ) ;
#1350 = EDGE_CURVE ( 'NONE', #1358, #1261, #50, .T. ) ;
#1351 = ORIENTED_EDGE ( 'NONE', *, *, #495, .F. ) ;
#1352 = CARTESIAN_POINT ( 'NONE',  ( -993.9999999999997726, -1249.305262667903662, -633.3923048454130367 ) ) ;
#1353 = FACE_OUTER_BOUND ( 'NONE', #1484, .T. ) ;
#1354 = SECURITY_CLASSIFICATION_LEVEL ( 'unclassified' ) ;
#1355 = CARTESIAN_POINT ( 'NONE',  ( -957.7461524227068139, -1093.405262667904026, -720.1858108191424890 ) ) ;
#1356 = DIRECTION ( 'NONE',  ( 0.000000000000000000, 0.000000000000000000, -1.000000000000000000 ) ) ;
#1357 = EDGE_LOOP ( 'NONE', ( #1183, #444, #1704, #1620 ) ) ;
#1358 = VERTEX_POINT ( 'NONE', #486 ) ;
#1359 = DIRECTION ( 'NONE',  ( 0.000000000000000000, 1.000000000000000000, 0.000000000000000000 ) ) ;
#1360 = DIRECTION ( 'NONE',  ( 0.8660254037844389297, -0.000000000000000000, 0.4999999999999995559 ) ) ;
#1361 = MECHANICAL_CONTEXT ( 'NONE', #99, 'mechanical' ) ;
#1362 = VECTOR ( 'NONE', #226, 1000.000000000000000 ) ;
#1363 = DIRECTION ( 'NONE',  ( -0.4999999999999995559, -0.000000000000000000, 0.8660254037844389297 ) ) ;
#1364 = VECTOR ( 'NONE', #1589, 1000.000000000000000 ) ;
#1365 = DIRECTION ( 'NONE',  ( 0.8660254037844389297, -0.000000000000000000, 0.4999999999999995559 ) ) ;
#1366 = CIRCLE ( 'NONE', #1590, 24.99999999999997158 ) ;
#1367 = ORIENTED_EDGE ( 'NONE', *, *, #1126, .T. ) ;
#1368 = ADVANCED_BREP_SHAPE_REPRESENTATION ( 'CV03-TR-12_REV_B_3780cf54c7824560a94e57ae898739ae.tmp', ( #1143, #224 ), #113 ) ;
#1369 = VERTEX_POINT ( 'NONE', #609 ) ;
#1370 = LINE ( 'NONE', #21, #320 ) ;
#1371 = CARTESIAN_POINT ( 'NONE',  ( -1004.392304845413037, -1249.305262667903662, -639.3923048454129230 ) ) ;
#1372 = ADVANCED_FACE ( 'NONE', ( #1029 ), #1578, .F. ) ;
#1373 = EDGE_CURVE ( 'NONE', #1541, #1667, #1584, .T. ) ;
#1374 = FACE_OUTER_BOUND ( 'NONE', #1049, .T. ) ;
#1375 = FACE_OUTER_BOUND ( 'NONE', #403, .T. ) ;
#1376 = ORIENTED_EDGE ( 'NONE', *, *, #705, .F. ) ;
#1377 = ORIENTED_EDGE ( 'NONE', *, *, #1180, .F. ) ;
#1378 = LINE ( 'NONE', #698, #1278 ) ;
#1379 = EDGE_CURVE ( 'NONE', #819, #733, #805, .T. ) ;
#1380 = CARTESIAN_POINT ( 'NONE',  ( -989.0499999999999545, -1089.305262667903889, -653.9659563428787123 ) ) ;
#1381 = CARTESIAN_POINT ( 'NONE',  ( -999.9999999999997726, -1089.305262667903889, -633.3923048454130367 ) ) ;
#1382 = ORIENTED_EDGE ( 'NONE', *, *, #405, .T. ) ;
#1383 = ORIENTED_EDGE ( 'NONE', *, *, #1179, .F. ) ;
#1384 = CARTESIAN_POINT ( 'NONE',  ( -949.9500000000000455, -574.8301822523413875, -721.6891429188216307 ) ) ;
#1385 = EDGE_CURVE ( 'NONE', #762, #951, #1509, .T. ) ;
#1386 = DIRECTION ( 'NONE',  ( -0.4999999999999995559, 0.000000000000000000, 0.8660254037844389297 ) ) ;
#1387 = CARTESIAN_POINT ( 'NONE',  ( -999.9999999999997726, -1173.805262667903889, -634.9999999999997726 ) ) ;
#1388 = AXIS2_PLACEMENT_3D ( 'NONE', #309, #579, #1432 ) ;
#1389 = VECTOR ( 'NONE', #170, 1000.000000000000000 ) ;
#1390 = VERTEX_POINT ( 'NONE', #647 ) ;
#1391 = EDGE_CURVE ( 'NONE', #1196, #1409, #366, .T. ) ;
#1392 = VECTOR ( 'NONE', #913, 1000.000000000000000 ) ;
#1393 = EDGE_LOOP ( 'NONE', ( #993, #446, #532, #10 ) ) ;
#1394 = AXIS2_PLACEMENT_3D ( 'NONE', #664, #637, #676 ) ;
#1395 = FACE_OUTER_BOUND ( 'NONE', #1341, .T. ) ;
#1396 = CARTESIAN_POINT ( 'NONE',  ( -999.9999999999997726, -1178.805262667903662, -550.0999999999996817 ) ) ;
#1397 = LINE ( 'NONE', #1118, #610 ) ;
#1398 = EDGE_CURVE ( 'NONE', #832, #141, #778, .T. ) ;
#1399 = ORIENTED_EDGE ( 'NONE', *, *, #850, .F. ) ;
#1400 = CARTESIAN_POINT ( 'NONE',  ( -834.7260985847816528, -1169.805262667903889, -933.2627944162877611 ) ) ;
#1401 = ORIENTED_EDGE ( 'NONE', *, *, #183, .T. ) ;
#1402 = EDGE_CURVE ( 'NONE', #221, #395, #511, .T. ) ;
#1403 = CARTESIAN_POINT ( 'NONE',  ( -834.7260985847816528, -1174.805262667903435, -933.2627944162877611 ) ) ;
#1404 = ORIENTED_EDGE ( 'NONE', *, *, #1717, .T. ) ;
#1405 = DIRECTION ( 'NONE',  ( 0.8660254037844389297, -0.000000000000000000, 0.4999999999999995559 ) ) ;
#1406 = CARTESIAN_POINT ( 'NONE',  ( -957.7461524227068139, -1089.305262667903889, -720.1858108191424890 ) ) ;
#1407 = ORIENTED_EDGE ( 'NONE', *, *, #11, .F. ) ;
#1408 = LINE ( 'NONE', #1212, #439 ) ;
#1409 = VERTEX_POINT ( 'NONE', #1062 ) ;
#1410 = DIRECTION ( 'NONE',  ( 0.000000000000000000, 1.000000000000000000, 0.000000000000000000 ) ) ;
#1411 = LOCAL_TIME ( 16, 44, 34.00000000000000000, #773 ) ;
#1412 = EDGE_LOOP ( 'NONE', ( #995, #968, #922, #668 ) ) ;
#1413 = DIRECTION ( 'NONE',  ( 0.4999999999999987788, 0.000000000000000000, -0.8660254037844393737 ) ) ;
#1414 = CARTESIAN_POINT ( 'NONE',  ( -999.9999999999996589, -1163.949923608576455, -449.9999999999998863 ) ) ;
#1415 = FACE_OUTER_BOUND ( 'NONE', #1430, .T. ) ;
#1416 = VECTOR ( 'NONE', #1711, 1000.000000000000000 ) ;
#1417 = LINE ( 'NONE', #303, #865 ) ;
#1418 = VECTOR ( 'NONE', #835, 1000.000000000000000 ) ;
#1419 = ORIENTED_EDGE ( 'NONE', *, *, #240, .F. ) ;
#1420 = VECTOR ( 'NONE', #631, 1000.000000000000000 ) ;
#1421 = VECTOR ( 'NONE', #1201, 1000.000000000000000 ) ;
#1422 = CARTESIAN_POINT ( 'NONE',  ( -999.1961524227064046, -1249.305262667903662, -636.3923048454130367 ) ) ;
#1424 = VERTEX_POINT ( 'NONE', #1338 ) ;
#1423 = EDGE_CURVE ( 'NONE', #694, #819, #1489, .T. ) ;
#1425 = LINE ( 'NONE', #615, #284 ) ;
#1426 = ADVANCED_FACE ( 'NONE', ( #1209 ), #530, .T. ) ;
#1427 = CARTESIAN_POINT ( 'NONE',  ( -1005.999999999999773, -574.8301822523413875, -544.8999999999997499 ) ) ;
#1428 = LINE ( 'NONE', #472, #350 ) ;
#1429 = ORIENTED_EDGE ( 'NONE', *, *, #849, .F. ) ;
#1430 = EDGE_LOOP ( 'NONE', ( #1429, #582, #986, #1114 ) ) ;
#1431 = DIRECTION ( 'NONE',  ( -0.4999999999999995559, 0.000000000000000000, 0.8660254037844389297 ) ) ;
#1432 = DIRECTION ( 'NONE',  ( 0.000000000000000000, 1.000000000000000000, 0.000000000000000000 ) ) ;
#1433 =( LENGTH_UNIT ( ) NAMED_UNIT ( * ) SI_UNIT ( .MILLI., .METRE. ) );
#1434 = CARTESIAN_POINT ( 'NONE',  ( -940.1776695296639446, -1114.305262667903662, -738.6153158017973510 ) ) ;
#1435 = LINE ( 'NONE', #898, #1246 ) ;
#1436 = VERTEX_POINT ( 'NONE', #1600 ) ;
#1437 = CARTESIAN_POINT ( 'NONE',  ( -989.0499999999999545, -1089.305262667903889, -653.9659563428787123 ) ) ;
#1438 = DIRECTION ( 'NONE',  ( 6.001205538514363462E-16, -0.000000000000000000, 1.000000000000000000 ) ) ;
#1439 = DIRECTION ( 'NONE',  ( 0.000000000000000000, 1.000000000000000000, 0.000000000000000000 ) ) ;
#1440 = VECTOR ( 'NONE', #822, 1000.000000000000000 ) ;
#1441 = CARTESIAN_POINT ( 'NONE',  ( -999.9999999999997726, -574.8301822523413875, -544.8999999999997499 ) ) ;
#1442 = PLANE ( 'NONE',  #470 ) ;
#1443 = ORIENTED_EDGE ( 'NONE', *, *, #1522, .F. ) ;
#1444 = EDGE_CURVE ( 'NONE', #376, #1011, #1619, .T. ) ;
#1445 = ADVANCED_FACE ( 'NONE', ( #258 ), #1635, .F. ) ;
#1446 = AXIS2_PLACEMENT_3D ( 'NONE', #1770, #129, #1226 ) ;
#1447 = AXIS2_PLACEMENT_3D ( 'NONE', #1214, #1199, #1743 ) ;
#1448 = LINE ( 'NONE', #1732, #1562 ) ;
#1449 = VECTOR ( 'NONE', #1512, 1000.000000000000000 ) ;
#1450 = CARTESIAN_POINT ( 'NONE',  ( -834.7260985847816528, -1249.305262667903662, -933.2627944162877611 ) ) ;
#1451 = LINE ( 'NONE', #869, #431 ) ;
#1452 = LINE ( 'NONE', #57, #1276 ) ;
#1453 = CARTESIAN_POINT ( 'NONE',  ( -999.9999999999997726, -1249.305262667903435, -550.0999999999996817 ) ) ;
#1454 = EDGE_CURVE ( 'NONE', #416, #696, #929, .T. ) ;
#1455 = ADVANCED_FACE ( 'NONE', ( #788 ), #1751, .T. ) ;
#1456 = VERTEX_POINT ( 'NONE', #657 ) ;
#1457 = EDGE_CURVE ( 'NONE', #294, #1667, #1706, .T. ) ;
#1458 = ORIENTED_EDGE ( 'NONE', *, *, #946, .F. ) ;
#1459 = CARTESIAN_POINT ( 'NONE',  ( -897.6961524227064046, -1184.660601727231324, -824.1954618136544468 ) ) ;
#1460 = CARTESIAN_POINT ( 'NONE',  ( -1005.999999999999773, -1249.305262667903662, -535.3553390593270933 ) ) ;
#1461 = APPROVAL_STATUS ( 'not_yet_approved' ) ;
#1462 = DIRECTION ( 'NONE',  ( 0.4999999999999995559, 0.000000000000000000, -0.8660254037844389297 ) ) ;
#1463 = FACE_OUTER_BOUND ( 'NONE', #1668, .T. ) ;
#1464 = ORIENTED_EDGE ( 'NONE', *, *, #592, .F. ) ;
#1465 = VERTEX_POINT ( 'NONE', #1325 ) ;
#1466 = CARTESIAN_POINT ( 'NONE',  ( -999.9999999999997726, -574.8301822523413875, -634.9999999999997726 ) ) ;
#1467 = CARTESIAN_POINT ( 'NONE',  ( -999.9999999999997726, -1249.305262667903435, -550.0999999999996817 ) ) ;
#1468 = DIRECTION ( 'NONE',  ( 0.000000000000000000, 0.000000000000000000, 1.000000000000000000 ) ) ;
#1469 = DIRECTION ( 'NONE',  ( 0.4999999999999995559, 0.000000000000000000, -0.8660254037844389297 ) ) ;
#1470 = DIRECTION ( 'NONE',  ( 0.000000000000000000, -1.000000000000000000, 0.000000000000000000 ) ) ;
#1471 = ORIENTED_EDGE ( 'NONE', *, *, #622, .F. ) ;
#1472 = ORIENTED_EDGE ( 'NONE', *, *, #775, .F. ) ;
#1473 = FACE_OUTER_BOUND ( 'NONE', #1195, .T. ) ;
#1474 = AXIS2_PLACEMENT_3D ( 'NONE', #700, #1386, #147 ) ;
#1475 = VECTOR ( 'NONE', #560, 1000.000000000000000 ) ;
#1476 = CARTESIAN_POINT ( 'NONE',  ( -949.9500000000000455, -1174.805262667903435, -721.6891429188217444 ) ) ;
#1477 = VECTOR ( 'NONE', #963, 1000.000000000000000 ) ;
#1478 = EDGE_CURVE ( 'NONE', #1228, #105, #768, .T. ) ;
#1479 = AXIS2_PLACEMENT_3D ( 'NONE', #708, #163, #130 ) ;
#1480 = EDGE_CURVE ( 'NONE', #1465, #1611, #473, .T. ) ;
#1481 = FACE_OUTER_BOUND ( 'NONE', #960, .T. ) ;
#1482 = DIRECTION ( 'NONE',  ( -0.000000000000000000, 1.000000000000000000, -0.000000000000000000 ) ) ;
#1483 = ORIENTED_EDGE ( 'NONE', *, *, #1160, .F. ) ;
#1484 = EDGE_LOOP ( 'NONE', ( #157, #880, #687, #799 ) ) ;
#1485 = DIRECTION ( 'NONE',  ( 0.8660254037844389297, -0.000000000000000000, 0.4999999999999995559 ) ) ;
#1486 = DIRECTION ( 'NONE',  ( -0.4999999999999995559, 0.000000000000000000, 0.8660254037844389297 ) ) ;
#1487 = CALENDAR_DATE ( 2026, 11, 7 ) ;
#1488 = CARTESIAN_POINT ( 'NONE',  ( -949.9500000000000455, -1089.305262667903889, -721.6891429188216307 ) ) ;
#1489 = LINE ( 'NONE', #956, #1616 ) ;
#1490 = APPLICATION_CONTEXT ( 'configuration controlled 3d designs of mechanical parts and assemblies' ) ;
#1491 = ORIENTED_EDGE ( 'NONE', *, *, #754, .F. ) ;
#1492 = ORIENTED_EDGE ( 'NONE', *, *, #1126, .F. ) ;
#1493 = ORIENTED_EDGE ( 'NONE', *, *, #1457, .T. ) ;
#1494 = LINE ( 'NONE', #1400, #1646 ) ;
#1495 = PLANE ( 'NONE',  #263 ) ;
#1496 = DIRECTION ( 'NONE',  ( 1.000000000000000000, 0.000000000000000000, 0.000000000000000000 ) ) ;
#1497 = CARTESIAN_POINT ( 'NONE',  ( -904.9999999999996589, -1224.305262667903889, -799.5448267190434990 ) ) ;
#1498 = CARTESIAN_POINT ( 'NONE',  ( -999.9999999999997726, -574.8301822523413875, -550.0999999999996817 ) ) ;
#1499 = EDGE_LOOP ( 'NONE', ( #958, #173, #1197, #1672 ) ) ;
#1500 = CC_DESIGN_PERSON_AND_ORGANIZATION_ASSIGNMENT ( #517, #673, ( #855 ) ) ;
#1501 = ORIENTED_EDGE ( 'NONE', *, *, #1107, .T. ) ;
#1502 = EDGE_CURVE ( 'NONE', #301, #1465, #1084, .T. ) ;
#1503 = LINE ( 'NONE', #952, #1733 ) ;
#1504 = CARTESIAN_POINT ( 'NONE',  ( -999.9999999999996589, -1241.982932197567607, -517.6776695296633761 ) ) ;
#1505 = VECTOR ( 'NONE', #311, 1000.000000000000000 ) ;
#1506 = DIRECTION ( 'NONE',  ( -0.4999999999999995559, 0.000000000000000000, 0.8660254037844389297 ) ) ;
#1507 = VECTOR ( 'NONE', #1109, 1000.000000000000000 ) ;
#1508 = DIRECTION ( 'NONE',  ( 6.001205538514363462E-16, 0.000000000000000000, 1.000000000000000000 ) ) ;
#1509 = CIRCLE ( 'NONE', #1191, 25.00000000000002132 ) ;
#1510 = ORIENTED_EDGE ( 'NONE', *, *, #1079, .F. ) ;
#1511 = ORIENTED_EDGE ( 'NONE', *, *, #624, .T. ) ;
#1512 = DIRECTION ( 'NONE',  ( 0.8660254037844389297, -0.000000000000000000, 0.4999999999999995559 ) ) ;
#1513 = EDGE_CURVE ( 'NONE', #1747, #1675, #1219, .T. ) ;
#1514 = ORIENTED_EDGE ( 'NONE', *, *, #335, .T. ) ;
#1515 = CARTESIAN_POINT ( 'NONE',  ( -986.4499999999999318, -574.8301822523413875, -658.4692884425578541 ) ) ;
#1516 = DIRECTION ( 'NONE',  ( 0.000000000000000000, 1.000000000000000000, 0.000000000000000000 ) ) ;
#1517 = FACE_OUTER_BOUND ( 'NONE', #940, .T. ) ;
#1518 = ORIENTED_EDGE ( 'NONE', *, *, #620, .T. ) ;
#1519 = ORIENTED_EDGE ( 'NONE', *, *, #917, .F. ) ;
#1520 = ORIENTED_EDGE ( 'NONE', *, *, #169, .F. ) ;
#1521 = DIRECTION ( 'NONE',  ( 0.4999999999999995559, 0.000000000000000000, -0.8660254037844389297 ) ) ;
#1522 = EDGE_CURVE ( 'NONE', #1746, #1436, #1227, .T. ) ;
#1523 = DIRECTION ( 'NONE',  ( 1.000000000000000000, 0.000000000000000000, -6.001205538514363462E-16 ) ) ;
#1524 = DIRECTION ( 'NONE',  ( 0.8660254037844389297, -0.000000000000000000, 0.4999999999999995559 ) ) ;
#1525 = VERTEX_POINT ( 'NONE', #1647 ) ;
#1526 = ORIENTED_EDGE ( 'NONE', *, *, #215, .T. ) ;
#1527 = ORIENTED_EDGE ( 'NONE', *, *, #1636, .T. ) ;
#1528 = CARTESIAN_POINT ( 'NONE',  ( -829.5299461620750208, -1089.305262667903889, -930.2627944162877611 ) ) ;
#1529 = CARTESIAN_POINT ( 'NONE',  ( -955.1461524227066775, -1093.405262667904026, -724.6891429188216307 ) ) ;
#1530 = DIRECTION ( 'NONE',  ( -6.001205538514363462E-16, -1.665669141091664491E-32, -1.000000000000000000 ) ) ;
#1531 = AXIS2_PLACEMENT_3D ( 'NONE', #675, #4, #18 ) ;
#1532 = ADVANCED_FACE ( 'NONE', ( #1517 ), #685, .T. ) ;
#1533 = VECTOR ( 'NONE', #793, 1000.000000000000000 ) ;
#1534 = ORIENTED_EDGE ( 'NONE', *, *, #991, .F. ) ;
#1535 = AXIS2_PLACEMENT_3D ( 'NONE', #618, #357, #1298 ) ;
#1536 = EDGE_LOOP ( 'NONE', ( #724, #422, #1317, #1692 ) ) ;
#1537 = PLANE ( 'NONE',  #120 ) ;
#1538 = ORIENTED_EDGE ( 'NONE', *, *, #937, .F. ) ;
#1539 = DIRECTION ( 'NONE',  ( 0.000000000000000000, 0.000000000000000000, -1.000000000000000000 ) ) ;
#1540 = LINE ( 'NONE', #1655, #1165 ) ;
#1541 = VERTEX_POINT ( 'NONE', #1111 ) ;
#1542 = DIRECTION ( 'NONE',  ( -6.001205538514363462E-16, -1.665669141091664491E-32, -1.000000000000000000 ) ) ;
#1543 = ORIENTED_EDGE ( 'NONE', *, *, #620, .F. ) ;
#1544 = LINE ( 'NONE', #612, #1187 ) ;
#1545 = ORIENTED_EDGE ( 'NONE', *, *, #1256, .F. ) ;
#1546 = DIRECTION ( 'NONE',  ( 0.000000000000000000, 0.000000000000000000, 1.000000000000000000 ) ) ;
#1547 = LINE ( 'NONE', #1724, #1780 ) ;
#1548 = FACE_OUTER_BOUND ( 'NONE', #458, .T. ) ;
#1549 = CARTESIAN_POINT ( 'NONE',  ( -999.9999999999997726, -1249.305262667903435, -544.8999999999997499 ) ) ;
#1550 = ORIENTED_EDGE ( 'NONE', *, *, #727, .T. ) ;
#1551 = EDGE_CURVE ( 'NONE', #1017, #1086, #1540, .T. ) ;
#1552 = EDGE_CURVE ( 'NONE', #77, #1617, #440, .T. ) ;
#1553 = CARTESIAN_POINT ( 'NONE',  ( -1005.999999999999773, -1245.205262667903526, -634.9999999999997726 ) ) ;
#1554 = EDGE_LOOP ( 'NONE', ( #308, #1299, #1518, #1527 ) ) ;
#1555 = DIRECTION ( 'NONE',  ( 0.000000000000000000, 0.000000000000000000, -1.000000000000000000 ) ) ;
#1556 = FACE_OUTER_BOUND ( 'NONE', #430, .T. ) ;
#1557 = PLANE ( 'NONE',  #315 ) ;
#1558 = CIRCLE ( 'NONE', #859, 25.00000000000002132 ) ;
#1559 = LINE ( 'NONE', #752, #1705 ) ;
#1560 = AXIS2_PLACEMENT_3D ( 'NONE', #1698, #1709, #466 ) ;
#1561 = ORIENTED_EDGE ( 'NONE', *, *, #1348, .F. ) ;
#1562 = VECTOR ( 'NONE', #757, 1000.000000000000000 ) ;
#1563 = EDGE_LOOP ( 'NONE', ( #64, #390, #691, #276 ) ) ;
#1564 = AXIS2_PLACEMENT_3D ( 'NONE', #966, #299, #1273 ) ;
#1565 = CARTESIAN_POINT ( 'NONE',  ( -999.9999999999996589, -1114.305262667903662, -474.9999999999999432 ) ) ;
#1566 = PLANE ( 'NONE',  #722 ) ;
#1567 = LINE ( 'NONE', #1147, #1696 ) ;
#1568 = LINE ( 'NONE', #1441, #1727 ) ;
#1569 = DIRECTION ( 'NONE',  ( -0.4999999999999995559, 0.000000000000000000, 0.8660254037844389297 ) ) ;
#1570 = ORIENTED_EDGE ( 'NONE', *, *, #809, .F. ) ;
#1571 = LINE ( 'NONE', #1403, #522 ) ;
#1572 = ADVANCED_FACE ( 'NONE', ( #415 ), #289, .T. ) ;
#1573 = DIRECTION ( 'NONE',  ( 0.000000000000000000, 1.000000000000000000, 0.000000000000000000 ) ) ;
#1574 = PLANE ( 'NONE',  #1269 ) ;
#1575 = EDGE_CURVE ( 'NONE', #611, #182, #1397, .T. ) ;
#1576 = EDGE_CURVE ( 'NONE', #779, #1063, #154, .T. ) ;
#1577 = CYLINDRICAL_SURFACE ( 'NONE', #1131, 24.99999999999997158 ) ;
#1578 = CYLINDRICAL_SURFACE ( 'NONE', #1163, 6.000000000000005329 ) ;
#1579 = ORIENTED_EDGE ( 'NONE', *, *, #938, .T. ) ;
#1580 = DIRECTION ( 'NONE',  ( -0.000000000000000000, -1.000000000000000000, -0.000000000000000000 ) ) ;
#1581 = FACE_OUTER_BOUND ( 'NONE', #133, .T. ) ;
#1582 = CARTESIAN_POINT ( 'NONE',  ( -829.5299461620750208, -1249.305262667903662, -930.2627944162877611 ) ) ;
#1583 = CARTESIAN_POINT ( 'NONE',  ( -829.5299461620750208, -1169.805262667903889, -930.2627944162877611 ) ) ;
#1584 = LINE ( 'NONE', #227, #379 ) ;
#1585 = EDGE_CURVE ( 'NONE', #38, #915, #7, .T. ) ;
#1586 = ORIENTED_EDGE ( 'NONE', *, *, #1079, .T. ) ;
#1587 = VERTEX_POINT ( 'NONE', #1099 ) ;
#1588 = AXIS2_PLACEMENT_3D ( 'NONE', #17, #814, #567 ) ;
#1589 = DIRECTION ( 'NONE',  ( -6.001205538514363462E-16, 0.000000000000000000, -1.000000000000000000 ) ) ;
#1590 = AXIS2_PLACEMENT_3D ( 'NONE', #478, #879, #332 ) ;
#1591 = CARTESIAN_POINT ( 'NONE',  ( -1005.999999999999773, -1245.205262667903526, -634.9999999999997726 ) ) ;
#1592 = PERSON_AND_ORGANIZATION_ROLE ( 'design_owner' ) ;
#1593 = CARTESIAN_POINT ( 'NONE',  ( -1004.392304845413037, -574.8301822523413875, -639.3923048454129230 ) ) ;
#1594 = CARTESIAN_POINT ( 'NONE',  ( -999.9999999999997726, -1245.205262667903526, -603.8999999999990678 ) ) ;
#1595 = ORIENTED_EDGE ( 'NONE', *, *, #674, .T. ) ;
#1596 = ORIENTED_EDGE ( 'NONE', *, *, #1236, .F. ) ;
#1597 = FACE_BOUND ( 'NONE', #1554, .T. ) ;
#1598 = LINE ( 'NONE', #654, #286 ) ;
#1599 = CYLINDRICAL_SURFACE ( 'NONE', #747, 24.99999999999997158 ) ;
#1600 = CARTESIAN_POINT ( 'NONE',  ( -999.9999999999997726, -1249.305262667903435, -544.8999999999997499 ) ) ;
#1601 = ORIENTED_EDGE ( 'NONE', *, *, #305, .F. ) ;
#1602 = EDGE_LOOP ( 'NONE', ( #204, #1056, #1045, #125 ) ) ;
#1603 = CARTESIAN_POINT ( 'NONE',  ( -993.9999999999997726, -1089.305262667903889, -633.3923048454130367 ) ) ;
#1604 = EDGE_CURVE ( 'NONE', #437, #1541, #1234, .T. ) ;
#1605 = DIRECTION ( 'NONE',  ( 0.000000000000000000, 0.000000000000000000, -1.000000000000000000 ) ) ;
#1606 = APPROVAL_ROLE ( '' ) ;
#1607 = CARTESIAN_POINT ( 'NONE',  ( -1010.883743184927539, -937.5377762980507441, -616.1488038271734240 ) ) ;
#1608 = CARTESIAN_POINT ( 'NONE',  ( -999.9999999999997726, -574.8301822523413875, -544.8999999999997499 ) ) ;
#1609 = VECTOR ( 'NONE', #741, 1000.000000000000000 ) ;
#1610 = ORIENTED_EDGE ( 'NONE', *, *, #166, .T. ) ;
#1611 = VERTEX_POINT ( 'NONE', #570 ) ;
#1612 = FACE_OUTER_BOUND ( 'NONE', #167, .T. ) ;
#1613 = AXIS2_PLACEMENT_3D ( 'NONE', #1723, #108, #1067 ) ;
#1614 = CARTESIAN_POINT ( 'NONE',  ( -999.9999999999997726, -1178.805262667903662, -550.0999999999996817 ) ) ;
#1615 = PERSON_AND_ORGANIZATION ( #542, #1752 ) ;
#1616 = VECTOR ( 'NONE', #247, 1000.000000000000000 ) ;
#1617 = VERTEX_POINT ( 'NONE', #581 ) ;
#1618 = CARTESIAN_POINT ( 'NONE',  ( -829.5299461620750208, -1174.805262667903662, -930.2627944162877611 ) ) ;
#1619 = LINE ( 'NONE', #219, #63 ) ;
#1620 = ORIENTED_EDGE ( 'NONE', *, *, #864, .F. ) ;
#1621 = ORIENTED_EDGE ( 'NONE', *, *, #877, .T. ) ;
#1622 = CARTESIAN_POINT ( 'NONE',  ( -986.4499999999997044, -1174.805262667903435, -658.4692884425583088 ) ) ;
#1623 = LINE ( 'NONE', #1450, #1041 ) ;
#1624 = DATE_TIME_ROLE ( 'creation_date' ) ;
#1625 = CARTESIAN_POINT ( 'NONE',  ( -999.9999999999997726, -1249.305262667903435, -603.8999999999990678 ) ) ;
#1626 = CARTESIAN_POINT ( 'NONE',  ( -989.0499999999999545, -574.8301822523413875, -653.9659563428787123 ) ) ;
#1627 = CC_DESIGN_PERSON_AND_ORGANIZATION_ASSIGNMENT ( #934, #766, ( #1123 ) ) ;
#1628 = EDGE_CURVE ( 'NONE', #630, #259, #556, .T. ) ;
#1629 = ORIENTED_EDGE ( 'NONE', *, *, #1385, .F. ) ;
#1630 = ORIENTED_EDGE ( 'NONE', *, *, #539, .F. ) ;
#1631 = DIRECTION ( 'NONE',  ( 6.001205538514363462E-16, 1.665669141091664491E-32, 1.000000000000000000 ) ) ;
#1632 = DESIGN_CONTEXT ( 'detailed design', #1490, 'design' ) ;
#1633 = CARTESIAN_POINT ( 'NONE',  ( -949.9500000000000455, -1093.405262667904026, -721.6891429188216307 ) ) ;
#1634 = DIRECTION ( 'NONE',  ( 1.000000000000000000, 0.000000000000000000, -6.001205538514363462E-16 ) ) ;
#1635 = PLANE ( 'NONE',  #750 ) ;
#1636 = EDGE_CURVE ( 'NONE', #1650, #77, #421, .T. ) ;
#1637 = VERTEX_POINT ( 'NONE', #845 ) ;
#1638 = VECTOR ( 'NONE', #616, 1000.000000000000000 ) ;
#1639 = ADVANCED_FACE ( 'NONE', ( #547 ), #429, .F. ) ;
#1640 = ORIENTED_EDGE ( 'NONE', *, *, #1194, .T. ) ;
#1641 = CARTESIAN_POINT ( 'NONE',  ( -1005.999999999999773, -574.8301822523413875, -603.8999999999998636 ) ) ;
#1642 = VECTOR ( 'NONE', #1200, 1000.000000000000000 ) ;
#1643 = LINE ( 'NONE', #271, #1507 ) ;
#1644 = VECTOR ( 'NONE', #216, 1000.000000000000000 ) ;
#1645 = CARTESIAN_POINT ( 'NONE',  ( -952.5500000000000682, -574.8301822523413875, -717.1858108191426027 ) ) ;
#1646 = VECTOR ( 'NONE', #847, 1000.000000000000000 ) ;
#1647 = CARTESIAN_POINT ( 'NONE',  ( -955.1461524227066775, -1089.305262667903889, -724.6891429188216307 ) ) ;
#1648 = VECTOR ( 'NONE', #267, 1000.000000000000000 ) ;
#1649 = VERTEX_POINT ( 'NONE', #1406 ) ;
#1650 = VERTEX_POINT ( 'NONE', #837 ) ;
#1651 = CC_DESIGN_PERSON_AND_ORGANIZATION_ASSIGNMENT ( #1225, #491, ( #55 ) ) ;
#1652 = ORIENTED_EDGE ( 'NONE', *, *, #1047, .F. ) ;
#1653 = CARTESIAN_POINT ( 'NONE',  ( -999.9999999999997726, -1249.305262667903662, -633.3923048454130367 ) ) ;
#1654 = DIRECTION ( 'NONE',  ( 0.000000000000000000, 1.000000000000000000, 0.000000000000000000 ) ) ;
#1655 = CARTESIAN_POINT ( 'NONE',  ( -897.6961524227064046, -574.8301822523413875, -824.1954618136544468 ) ) ;
#1656 = VERTEX_POINT ( 'NONE', #979 ) ;
#1657 = ORIENTED_EDGE ( 'NONE', *, *, #1502, .T. ) ;
#1658 = ADVANCED_FACE ( 'NONE', ( #1375 ), #6, .F. ) ;
#1659 = LINE ( 'NONE', #1121, #1702 ) ;
#1660 = EDGE_CURVE ( 'NONE', #1228, #574, #1670, .T. ) ;
#1661 = CYLINDRICAL_SURFACE ( 'NONE', #1671, 25.00000000000002132 ) ;
#1662 = CARTESIAN_POINT ( 'NONE',  ( -1005.999999999999773, -1249.305262667903435, -634.9999999999997726 ) ) ;
#1663 = LINE ( 'NONE', #1427, #1300 ) ;
#1664 = EDGE_LOOP ( 'NONE', ( #1184, #451, #1714, #1237 ) ) ;
#1665 = VECTOR ( 'NONE', #1524, 1000.000000000000000 ) ;
#1666 = DIRECTION ( 'NONE',  ( -0.000000000000000000, -1.000000000000000000, -0.000000000000000000 ) ) ;
#1667 = VERTEX_POINT ( 'NONE', #1381 ) ;
#1668 = EDGE_LOOP ( 'NONE', ( #1483, #61, #881, #713 ) ) ;
#1669 = DIRECTION ( 'NONE',  ( 0.4999999999999987788, 0.000000000000000000, -0.8660254037844393737 ) ) ;
#1670 = LINE ( 'NONE', #1138, #1440 ) ;
#1671 = AXIS2_PLACEMENT_3D ( 'NONE', #428, #1523, #279 ) ;
#1672 = ORIENTED_EDGE ( 'NONE', *, *, #214, .F. ) ;
#1673 = LINE ( 'NONE', #443, #726 ) ;
#1674 = AXIS2_PLACEMENT_3D ( 'NONE', #1328, #653, #91 ) ;
#1675 = VERTEX_POINT ( 'NONE', #136 ) ;
#1676 = CARTESIAN_POINT ( 'NONE',  ( -994.2461524227064729, -1169.805262667903889, -656.9659563428791671 ) ) ;
#1677 = ORIENTED_EDGE ( 'NONE', *, *, #159, .T. ) ;
#1678 = DIRECTION ( 'NONE',  ( 1.000000000000000000, 0.000000000000000000, -6.001205538514363462E-16 ) ) ;
#1679 = DIRECTION ( 'NONE',  ( 0.000000000000000000, -1.000000000000000000, 0.000000000000000000 ) ) ;
#1680 = LINE ( 'NONE', #344, #981 ) ;
#1681 = FACE_OUTER_BOUND ( 'NONE', #142, .T. ) ;
#1682 = EDGE_CURVE ( 'NONE', #1637, #257, #1242, .T. ) ;
#1683 = ADVANCED_FACE ( 'NONE', ( #14 ), #562, .T. ) ;
#1684 = ORIENTED_EDGE ( 'NONE', *, *, #1552, .F. ) ;
#1685 = LINE ( 'NONE', #452, #88 ) ;
#1686 = ORIENTED_EDGE ( 'NONE', *, *, #1179, .T. ) ;
#1687 = FACE_OUTER_BOUND ( 'NONE', #1124, .T. ) ;
#1688 = DIRECTION ( 'NONE',  ( 1.000000000000000000, 0.000000000000000000, -6.001205538514363462E-16 ) ) ;
#1689 = FACE_BOUND ( 'NONE', #1664, .T. ) ;
#1690 = EDGE_CURVE ( 'NONE', #395, #789, #1451, .T. ) ;
#1691 = LINE ( 'NONE', #1453, #1016 ) ;
#1692 = ORIENTED_EDGE ( 'NONE', *, *, #1107, .F. ) ;
#1693 = ADVANCED_FACE ( 'NONE', ( #343 ), #1574, .T. ) ;
#1694 = ORIENTED_EDGE ( 'NONE', *, *, #1551, .T. ) ;
#1695 = DIRECTION ( 'NONE',  ( 0.4999999999999995559, 0.000000000000000000, -0.8660254037844389297 ) ) ;
#1696 = VECTOR ( 'NONE', #337, 1000.000000000000000 ) ;
#1697 = VERTEX_POINT ( 'NONE', #73 ) ;
#1698 = CARTESIAN_POINT ( 'NONE',  ( -834.7260985847816528, -574.8301822523413875, -933.2627944162877611 ) ) ;
#1699 = LINE ( 'NONE', #1583, #1729 ) ;
#1700 = VECTOR ( 'NONE', #1173, 1000.000000000000000 ) ;
#1701 = DIRECTION ( 'NONE',  ( 6.001205538514363462E-16, 1.665669141091664491E-32, 1.000000000000000000 ) ) ;
#1702 = VECTOR ( 'NONE', #426, 1000.000000000000000 ) ;
#1703 = EDGE_CURVE ( 'NONE', #1120, #1721, #1567, .T. ) ;
#1704 = ORIENTED_EDGE ( 'NONE', *, *, #539, .T. ) ;
#1705 = VECTOR ( 'NONE', #1315, 1000.000000000000000 ) ;
#1706 = CIRCLE ( 'NONE', #1106, 6.000000000000005329 ) ;
#1707 = LINE ( 'NONE', #985, #895 ) ;
#1708 = ADVANCED_FACE ( 'NONE', ( #40 ), #588, .T. ) ;
#1709 = DIRECTION ( 'NONE',  ( 0.8660254037844389297, -0.000000000000000000, 0.4999999999999995559 ) ) ;
#1710 = DIRECTION ( 'NONE',  ( 0.000000000000000000, 0.000000000000000000, -1.000000000000000000 ) ) ;
#1711 = DIRECTION ( 'NONE',  ( -6.001205538514363462E-16, -1.665669141091664491E-32, -1.000000000000000000 ) ) ;
#1712 = DIRECTION ( 'NONE',  ( 0.000000000000000000, 1.000000000000000000, 0.000000000000000000 ) ) ;
#1713 = ORIENTED_EDGE ( 'NONE', *, *, #250, .F. ) ;
#1714 = ORIENTED_EDGE ( 'NONE', *, *, #214, .T. ) ;
#1715 = CARTESIAN_POINT ( 'NONE',  ( -994.2461524227065865, -1093.405262667904026, -656.9659563428787123 ) ) ;
#1716 = LINE ( 'NONE', #893, #172 ) ;
#1717 = EDGE_CURVE ( 'NONE', #1667, #416, #1718, .T. ) ;
#1718 = LINE ( 'NONE', #625, #1609 ) ;
#1719 = CARTESIAN_POINT ( 'NONE',  ( -829.5299461620750208, -1249.305262667903662, -930.2627944162877611 ) ) ;
#1720 = CARTESIAN_POINT ( 'NONE',  ( -999.9999999999997726, -1245.205262667903526, -634.9999999999997726 ) ) ;
#1721 = VERTEX_POINT ( 'NONE', #759 ) ;
#1722 = PLANE ( 'NONE',  #34 ) ;
#1723 = CARTESIAN_POINT ( 'NONE',  ( -999.9999999999997726, -1249.305262667903662, -634.9999999999997726 ) ) ;
#1724 = CARTESIAN_POINT ( 'NONE',  ( -991.6461524227066775, -574.8301822523413875, -661.4692884425577404 ) ) ;
#1725 = PLANE ( 'NONE',  #892 ) ;
#1726 = PLANE ( 'NONE',  #580 ) ;
#1727 = VECTOR ( 'NONE', #1008, 1000.000000000000000 ) ;
#1728 = ORIENTED_EDGE ( 'NONE', *, *, #1000, .F. ) ;
#1729 = VECTOR ( 'NONE', #751, 1000.000000000000000 ) ;
#1730 = ORIENTED_EDGE ( 'NONE', *, *, #300, .F. ) ;
#1731 = VECTOR ( 'NONE', #1695, 1000.000000000000000 ) ;
#1732 = CARTESIAN_POINT ( 'NONE',  ( -994.2461524227064729, -574.8301822523413875, -656.9659563428791671 ) ) ;
#1733 = VECTOR ( 'NONE', #544, 1000.000000000000000 ) ;
#1734 = LINE ( 'NONE', #501, #1190 ) ;
#1735 = PERSON_AND_ORGANIZATION ( #542, #1752 ) ;
#1736 = DIRECTION ( 'NONE',  ( 0.4999999999999987788, 0.000000000000000000, -0.8660254037844393737 ) ) ;
#1737 = CARTESIAN_POINT ( 'NONE',  ( -999.9999999999997726, -1173.805262667904117, -544.8999999999997499 ) ) ;
#1738 = ORIENTED_EDGE ( 'NONE', *, *, #756, .F. ) ;
#1739 = EDGE_CURVE ( 'NONE', #70, #649, #1313, .T. ) ;
#1740 = EDGE_CURVE ( 'NONE', #1747, #1637, #1547, .T. ) ;
#1741 = ORIENTED_EDGE ( 'NONE', *, *, #1385, .T. ) ;
#1742 = CARTESIAN_POINT ( 'NONE',  ( -999.9999999999997726, -574.8301822523413875, -544.8999999999997499 ) ) ;
#1743 = DIRECTION ( 'NONE',  ( -6.001205538514363462E-16, 0.000000000000000000, -1.000000000000000000 ) ) ;
#1744 = CARTESIAN_POINT ( 'NONE',  ( -989.0499999999997272, -574.8301822523413875, -653.9659563428791671 ) ) ;
#1745 = CARTESIAN_POINT ( 'NONE',  ( -999.9999999999996589, -1163.949923608576455, -474.9999999999999432 ) ) ;
#1746 = VERTEX_POINT ( 'NONE', #310 ) ;
#1747 = VERTEX_POINT ( 'NONE', #1178 ) ;
#1748 = DIRECTION ( 'NONE',  ( -6.001205538514363462E-16, 0.000000000000000000, -1.000000000000000000 ) ) ;
#1749 = DIRECTION ( 'NONE',  ( 0.000000000000000000, 1.000000000000000000, -0.000000000000000000 ) ) ;
#1750 = PLANE ( 'NONE',  #228 ) ;
#1751 = PLANE ( 'NONE',  #149 ) ;
#1752 = ORGANIZATION ( 'UNSPECIFIED', 'UNSPECIFIED', '' ) ;
#1753 = ORIENTED_EDGE ( 'NONE', *, *, #1202, .F. ) ;
#1754 = EDGE_LOOP ( 'NONE', ( #1545, #1002, #1281, #1349 ) ) ;
#1755 = DIRECTION ( 'NONE',  ( 0.000000000000000000, 1.000000000000000000, 0.000000000000000000 ) ) ;
#1756 = VECTOR ( 'NONE', #964, 1000.000000000000000 ) ;
#1757 = CARTESIAN_POINT ( 'NONE',  ( -999.9999999999997726, -1245.205262667903526, -550.0999999999996817 ) ) ;
#1758 = EDGE_CURVE ( 'NONE', #1263, #762, #997, .T. ) ;
#1759 = PERSON_AND_ORGANIZATION_ROLE ( 'design_supplier' ) ;
#1760 = AXIS2_PLACEMENT_3D ( 'NONE', #450, #165, #1542 ) ;
#1761 = EDGE_CURVE ( 'NONE', #96, #412, #1020, .T. ) ;
#1762 = LINE ( 'NONE', #1607, #433 ) ;
#1763 = CARTESIAN_POINT ( 'NONE',  ( -834.7260985847816528, -1093.405262667904026, -933.2627944162877611 ) ) ;
#1764 = ORIENTED_EDGE ( 'NONE', *, *, #1739, .T. ) ;
#1765 = ORIENTED_EDGE ( 'NONE', *, *, #461, .F. ) ;
#1766 = LINE ( 'NONE', #526, #413 ) ;
#1767 = ADVANCED_FACE ( 'NONE', ( #175 ), #1007, .T. ) ;
#1768 = CARTESIAN_POINT ( 'NONE',  ( -1005.999999999999773, -1249.305262667903435, -609.0999999999991132 ) ) ;
#1769 = ADVANCED_FACE ( 'NONE', ( #1556 ), #185, .T. ) ;
#1770 = CARTESIAN_POINT ( 'NONE',  ( -999.9999999999997726, -1245.205262667903526, -634.9999999999997726 ) ) ;
#1771 = CARTESIAN_POINT ( 'NONE',  ( -999.9999999999997726, -574.8301822523413875, -544.8999999999997499 ) ) ;
#1772 = PRODUCT_DEFINITION_SHAPE ( 'NONE', 'NONE',  #1123 ) ;
#1773 = ORIENTED_EDGE ( 'NONE', *, *, #195, .F. ) ;
#1774 = ORIENTED_EDGE ( 'NONE', *, *, #1180, .T. ) ;
#1775 = CARTESIAN_POINT ( 'NONE',  ( -999.9999999999997726, -574.8301822523413875, -550.0999999999996817 ) ) ;
#1776 = LINE ( 'NONE', #977, #1418 ) ;
#1777 = LINE ( 'NONE', #546, #665 ) ;
#1778 = CARTESIAN_POINT ( 'NONE',  ( -999.9999999999997726, -1245.205262667903526, -634.9999999999997726 ) ) ;
#1779 = VERTEX_POINT ( 'NONE', #1166 ) ;
#1780 = VECTOR ( 'NONE', #1439, 1000.000000000000000 ) ;
#1781 = ORIENTED_EDGE ( 'NONE', *, *, #1423, .F. ) ;
ENDSEC;
END-ISO-10303-21;
