ISO-10303-21;
HEADER;
FILE_DESCRIPTION (( 'STEP AP203' ),
    '1' );
FILE_NAME ('CV03-TR-19_REV_B_8ddc8307276e40b2aa3e2004e4909e41.tmp.step',
    '2026-07-11T06:45:30',
    ( '' ),
    ( '' ),
    'SwSTEP 2.0',
    'SolidWorks 2025',
    '' );
FILE_SCHEMA (( 'CONFIG_CONTROL_DESIGN' ));
ENDSEC;

DATA;
#1 = CARTESIAN_POINT ( 'NONE',  ( -628.1567381882845211, -1108.805262667903889, 28.00000000000046896 ) ) ;
#2 = DIRECTION ( 'NONE',  ( 0.000000000000000000, -1.369518533665899079E-16, 1.000000000000000000 ) ) ;
#3 = CARTESIAN_POINT ( 'NONE',  ( 346.8999999999996362, -1160.805262667903889, 28.00000000000045830 ) ) ;
#4 = DIRECTION ( 'NONE',  ( 1.000000000000000000, 0.000000000000000000, 0.000000000000000000 ) ) ;
#5 = ORIENTED_EDGE ( 'NONE', *, *, #436, .F. ) ;
#6 = VERTEX_POINT ( 'NONE', #475 ) ;
#7 = ORIENTED_EDGE ( 'NONE', *, *, #1386, .F. ) ;
#8 = VECTOR ( 'NONE', #137, 1000.000000000000000 ) ;
#9 = ADVANCED_FACE ( 'NONE', ( #1832 ), #723, .F. ) ;
#10 = CARTESIAN_POINT ( 'NONE',  ( 1090.972523324353915, -1107.805262667903889, 28.00000000000046541 ) ) ;
#11 = ORIENTED_EDGE ( 'NONE', *, *, #2592, .T. ) ;
#12 = CARTESIAN_POINT ( 'NONE',  ( -999.9999999999995453, -1109.305262667903889, 25.00000000000046541 ) ) ;
#13 = EDGE_CURVE ( 'NONE', #229, #758, #1618, .T. ) ;
#14 = DIRECTION ( 'NONE',  ( -1.000000000000000000, -0.000000000000000000, -0.000000000000000000 ) ) ;
#15 = CYLINDRICAL_SURFACE ( 'NONE', #1156, 5.999999999999998224 ) ;
#16 = VECTOR ( 'NONE', #1944, 1000.000000000000000 ) ;
#17 = EDGE_CURVE ( 'NONE', #466, #2503, #2312, .T. ) ;
#18 = AXIS2_PLACEMENT_3D ( 'NONE', #1250, #1021, #1221 ) ;
#19 = EDGE_CURVE ( 'NONE', #2111, #2853, #825, .T. ) ;
#20 = CARTESIAN_POINT ( 'NONE',  ( -998.9999999999996589, -1108.305262667903889, 25.00000000000046541 ) ) ;
#21 = CARTESIAN_POINT ( 'NONE',  ( 990.0000000000006821, -1108.305262667903662, 25.00000000000046541 ) ) ;
#22 = AXIS2_PLACEMENT_3D ( 'NONE', #1396, #2067, #916 ) ;
#23 = CIRCLE ( 'NONE', #874, 5.000000000000115463 ) ;
#24 = PLANE ( 'NONE',  #2745 ) ;
#25 = ORIENTED_EDGE ( 'NONE', *, *, #2733, .F. ) ;
#26 = AXIS2_PLACEMENT_3D ( 'NONE', #775, #804, #1058 ) ;
#27 = APPROVAL_PERSON_ORGANIZATION ( #2182, #2868, #335 ) ;
#28 = FACE_OUTER_BOUND ( 'NONE', #2721, .T. ) ;
#29 = AXIS2_PLACEMENT_3D ( 'NONE', #1336, #2294, #672 ) ;
#30 = ORIENTED_EDGE ( 'NONE', *, *, #232, .F. ) ;
#31 = CARTESIAN_POINT ( 'NONE',  ( -989.9999999999995453, -1163.805262667904117, 28.00000000000046896 ) ) ;
#32 = VERTEX_POINT ( 'NONE', #1380 ) ;
#33 = DIRECTION ( 'NONE',  ( 0.000000000000000000, -1.000000000000000000, 0.000000000000000000 ) ) ;
#34 = ORIENTED_EDGE ( 'NONE', *, *, #956, .F. ) ;
#35 = CALENDAR_DATE ( 2026, 11, 7 ) ;
#36 = FACE_OUTER_BOUND ( 'NONE', #1556, .T. ) ;
#37 = DIRECTION ( 'NONE',  ( 1.000000000000000000, 1.508922627792021444E-47, 2.066497504629024295E-63 ) ) ;
#38 = PLANE ( 'NONE',  #1248 ) ;
#39 = EDGE_CURVE ( 'NONE', #608, #1979, #1392, .T. ) ;
#40 = DIRECTION ( 'NONE',  ( -1.000000000000000000, -0.000000000000000000, 0.000000000000000000 ) ) ;
#41 = ORIENTED_EDGE ( 'NONE', *, *, #649, .F. ) ;
#42 = EDGE_CURVE ( 'NONE', #1370, #832, #2539, .T. ) ;
#43 = CARTESIAN_POINT ( 'NONE',  ( -981.4999999999995453, -1096.805262667903889, 25.00000000000048317 ) ) ;
#44 = EDGE_LOOP ( 'NONE', ( #2424, #179, #2560, #2684 ) ) ;
#45 = PLANE ( 'NONE',  #158 ) ;
#46 = ORIENTED_EDGE ( 'NONE', *, *, #365, .T. ) ;
#47 = CARTESIAN_POINT ( 'NONE',  ( 989.9999999999995453, -1099.805262667904117, 25.00000000000046896 ) ) ;
#48 = ORIENTED_EDGE ( 'NONE', *, *, #2492, .F. ) ;
#49 = ORIENTED_EDGE ( 'NONE', *, *, #765, .F. ) ;
#50 = LINE ( 'NONE', #1871, #1168 ) ;
#51 = ORIENTED_EDGE ( 'NONE', *, *, #19, .F. ) ;
#52 = CARTESIAN_POINT ( 'NONE',  ( 981.4999999999996589, -1096.805262667903662, 70.00000000000062528 ) ) ;
#53 = CARTESIAN_POINT ( 'NONE',  ( -628.1567381882845211, -1154.805262667904117, 28.00000000000046896 ) ) ;
#54 = CARTESIAN_POINT ( 'NONE',  ( 628.1567381882845211, -1108.805262667903889, 28.00000000000046896 ) ) ;
#55 = ADVANCED_FACE ( 'NONE', ( #1604 ), #2281, .T. ) ;
#56 = CARTESIAN_POINT ( 'NONE',  ( 628.1567381882845211, -1113.805262667904117, 28.00000000000046896 ) ) ;
#57 = VECTOR ( 'NONE', #1495, 1000.000000000000000 ) ;
#58 = VERTEX_POINT ( 'NONE', #54 ) ;
#59 = CARTESIAN_POINT ( 'NONE',  ( -346.8999999999996362, -1108.805262667903662, 28.00000000000046896 ) ) ;
#60 = CARTESIAN_POINT ( 'NONE',  ( 346.8999999999996362, -1102.805262667903889, 28.00000000000046896 ) ) ;
#61 = VECTOR ( 'NONE', #1191, 1000.000000000000000 ) ;
#62 = LINE ( 'NONE', #1231, #1162 ) ;
#63 = PLANE ( 'NONE',  #1651 ) ;
#64 = CARTESIAN_POINT ( 'NONE',  ( -989.9999999999995453, -1099.805262667904117, 28.00000000000046896 ) ) ;
#65 = AXIS2_PLACEMENT_3D ( 'NONE', #1725, #953, #516 ) ;
#66 = LINE ( 'NONE', #971, #2689 ) ;
#67 = VECTOR ( 'NONE', #1940, 1000.000000000000000 ) ;
#68 = CARTESIAN_POINT ( 'NONE',  ( 309.8999999999996362, -1107.805262667903889, 28.00000000000046541 ) ) ;
#69 = CARTESIAN_POINT ( 'NONE',  ( 350.0999999999996248, -1093.805262667904117, 25.00000000000046896 ) ) ;
#70 = CIRCLE ( 'NONE', #2891, 5.000000000000004441 ) ;
#71 = EDGE_CURVE ( 'NONE', #1800, #2215, #2080, .T. ) ;
#72 = DIRECTION ( 'NONE',  ( -1.508922627792021444E-47, -1.000000000000000000, -1.369518533665899079E-16 ) ) ;
#73 = ORIENTED_EDGE ( 'NONE', *, *, #1169, .F. ) ;
#74 = ADVANCED_FACE ( 'NONE', ( #2789 ), #1653, .T. ) ;
#75 = CIRCLE ( 'NONE', #1175, 8.499999999999729994 ) ;
#76 = DIRECTION ( 'NONE',  ( 0.000000000000000000, 0.000000000000000000, 1.000000000000000000 ) ) ;
#77 = VECTOR ( 'NONE', #722, 1000.000000000000000 ) ;
#78 = EDGE_CURVE ( 'NONE', #1825, #2028, #1482, .T. ) ;
#79 = CARTESIAN_POINT ( 'NONE',  ( -346.8999999999996362, -1154.805262667903889, 28.00000000000046185 ) ) ;
#80 = ORIENTED_EDGE ( 'NONE', *, *, #1479, .F. ) ;
#81 = FACE_OUTER_BOUND ( 'NONE', #1444, .T. ) ;
#82 = CARTESIAN_POINT ( 'NONE',  ( 1090.972523324353915, -1155.805262667904344, 28.00000000000046185 ) ) ;
#83 = CARTESIAN_POINT ( 'NONE',  ( 976.4999999999996589, -1169.805262667904117, 75.00000000000061107 ) ) ;
#84 = CARTESIAN_POINT ( 'NONE',  ( 313.0999999999996248, -1113.805262667903889, 25.00000000000046541 ) ) ;
#85 = EDGE_LOOP ( 'NONE', ( #2191, #917 ) ) ;
#86 = EDGE_CURVE ( 'NONE', #2345, #608, #781, .T. ) ;
#87 = PERSON_AND_ORGANIZATION_ROLE ( 'creator' ) ;
#88 = FACE_OUTER_BOUND ( 'NONE', #950, .T. ) ;
#89 = EDGE_LOOP ( 'NONE', ( #1430, #439, #2794, #1762 ) ) ;
#90 = DIRECTION ( 'NONE',  ( -1.000000000000000000, -0.000000000000000000, -0.000000000000000000 ) ) ;
#91 = EDGE_CURVE ( 'NONE', #2508, #1797, #2734, .T. ) ;
#92 = LINE ( 'NONE', #2802, #1024 ) ;
#93 = DIRECTION ( 'NONE',  ( 1.000000000000000000, 0.000000000000000000, 0.000000000000000000 ) ) ;
#94 = VERTEX_POINT ( 'NONE', #329 ) ;
#95 = LINE ( 'NONE', #2339, #543 ) ;
#96 = CARTESIAN_POINT ( 'NONE',  ( 628.1567381882845211, -1154.805262667904117, 28.00000000000046896 ) ) ;
#97 = LINE ( 'NONE', #2635, #540 ) ;
#98 = VECTOR ( 'NONE', #2957, 1000.000000000000000 ) ;
#99 = ORIENTED_EDGE ( 'NONE', *, *, #1597, .F. ) ;
#100 = CARTESIAN_POINT ( 'NONE',  ( 1090.972523324353915, -1096.805262667903662, 75.00000000000063949 ) ) ;
#101 = ORIENTED_EDGE ( 'NONE', *, *, #1850, .T. ) ;
#102 = CYLINDRICAL_SURFACE ( 'NONE', #909, 0.9999999999998898659 ) ;
#103 = DIRECTION ( 'NONE',  ( 1.000000000000000000, 0.000000000000000000, 0.000000000000000000 ) ) ;
#104 = EDGE_CURVE ( 'NONE', #1515, #2196, #2587, .T. ) ;
#105 = CARTESIAN_POINT ( 'NONE',  ( 996.0000000000003411, -1113.305262667903889, 25.00000000000046541 ) ) ;
#106 = LINE ( 'NONE', #2632, #1507 ) ;
#107 = LINE ( 'NONE', #2735, #2930 ) ;
#108 = ORIENTED_EDGE ( 'NONE', *, *, #992, .T. ) ;
#109 = EDGE_CURVE ( 'NONE', #1606, #2303, #1035, .T. ) ;
#110 = CIRCLE ( 'NONE', #2831, 5.000000000000004441 ) ;
#111 = DIRECTION ( 'NONE',  ( 0.000000000000000000, -1.000000000000000000, 0.000000000000000000 ) ) ;
#112 = ORIENTED_EDGE ( 'NONE', *, *, #2476, .T. ) ;
#113 = CARTESIAN_POINT ( 'NONE',  ( 309.8999999999996362, -1113.805262667903889, 25.00000000000046541 ) ) ;
#114 = VECTOR ( 'NONE', #1511, 1000.000000000000000 ) ;
#115 = EDGE_LOOP ( 'NONE', ( #1894, #1086, #339, #947 ) ) ;
#116 = AXIS2_PLACEMENT_3D ( 'NONE', #2367, #1044, #1951 ) ;
#117 = ORIENTED_EDGE ( 'NONE', *, *, #2729, .T. ) ;
#118 = CIRCLE ( 'NONE', #2209, 5.000000000000115463 ) ;
#119 = EDGE_CURVE ( 'NONE', #1370, #2508, #2847, .T. ) ;
#120 = CARTESIAN_POINT ( 'NONE',  ( 628.1567381882845211, -1154.805262667904117, 28.00000000000046896 ) ) ;
#121 = CARTESIAN_POINT ( 'NONE',  ( -981.4999999999995453, -1163.805262667904117, 31.00000000000046185 ) ) ;
#122 = VECTOR ( 'NONE', #1851, 1000.000000000000000 ) ;
#123 = DIRECTION ( 'NONE',  ( 0.000000000000000000, -1.369518533665899079E-16, 1.000000000000000000 ) ) ;
#124 = CARTESIAN_POINT ( 'NONE',  ( 346.8999999999996362, -1102.805262667903889, 25.00000000000046896 ) ) ;
#125 = DIRECTION ( 'NONE',  ( 1.000000000000000000, 0.000000000000000000, 0.000000000000000000 ) ) ;
#126 = CARTESIAN_POINT ( 'NONE',  ( -999.9999999999996589, -1109.305262667903889, 28.00000000000046896 ) ) ;
#127 = EDGE_CURVE ( 'NONE', #493, #902, #1588, .T. ) ;
#128 = VERTEX_POINT ( 'NONE', #84 ) ;
#129 = CARTESIAN_POINT ( 'NONE',  ( -976.4999999999996589, -1096.805262667903662, 75.00000000000063949 ) ) ;
#130 = ORIENTED_EDGE ( 'NONE', *, *, #991, .T. ) ;
#131 = CC_DESIGN_DATE_AND_TIME_ASSIGNMENT ( #2555, #2753, ( #2651 ) ) ;
#132 = ORIENTED_EDGE ( 'NONE', *, *, #2248, .T. ) ;
#133 = ORIENTED_EDGE ( 'NONE', *, *, #1620, .T. ) ;
#134 = ORIENTED_EDGE ( 'NONE', *, *, #1411, .F. ) ;
#135 = CARTESIAN_POINT ( 'NONE',  ( 350.0999999999996248, -1160.805262667903889, 28.00000000000045830 ) ) ;
#136 = ORIENTED_EDGE ( 'NONE', *, *, #78, .T. ) ;
#137 = DIRECTION ( 'NONE',  ( 1.000000000000000000, 0.000000000000000000, 0.000000000000000000 ) ) ;
#138 = CARTESIAN_POINT ( 'NONE',  ( 1090.972523324353915, -1163.805262667904117, 28.00000000000045830 ) ) ;
#139 = DIRECTION ( 'NONE',  ( 0.000000000000000000, -1.000000000000000000, 0.000000000000000000 ) ) ;
#140 = EDGE_LOOP ( 'NONE', ( #2471, #2675, #372, #332 ) ) ;
#141 = DIRECTION ( 'NONE',  ( 0.000000000000000000, -1.369518533665899079E-16, 1.000000000000000000 ) ) ;
#142 = ORIENTED_EDGE ( 'NONE', *, *, #91, .T. ) ;
#143 = CARTESIAN_POINT ( 'NONE',  ( -999.9999999999995453, -1112.305262667903889, 25.00000000000046541 ) ) ;
#144 = VERTEX_POINT ( 'NONE', #2828 ) ;
#145 = EDGE_LOOP ( 'NONE', ( #375, #2068, #2397, #1161 ) ) ;
#146 = EDGE_LOOP ( 'NONE', ( #650, #2781, #2822, #1254 ) ) ;
#147 = CARTESIAN_POINT ( 'NONE',  ( 1090.972523324353915, -1149.805262667904117, 28.00000000000046185 ) ) ;
#148 = DIRECTION ( 'NONE',  ( 1.000000000000000000, -1.508922627792021444E-47, -2.066497504629024295E-63 ) ) ;
#149 = ORIENTED_EDGE ( 'NONE', *, *, #1624, .T. ) ;
#150 = LINE ( 'NONE', #2906, #1870 ) ;
#151 = AXIS2_PLACEMENT_3D ( 'NONE', #360, #2662, #612 ) ;
#152 = FACE_OUTER_BOUND ( 'NONE', #2063, .T. ) ;
#153 = CARTESIAN_POINT ( 'NONE',  ( 628.1567381882845211, -1118.805262667904117, 28.00000000000046896 ) ) ;
#154 = LINE ( 'NONE', #398, #880 ) ;
#155 = EDGE_CURVE ( 'NONE', #2218, #2836, #1910, .T. ) ;
#156 = EDGE_LOOP ( 'NONE', ( #2483, #2600 ) ) ;
#157 = CARTESIAN_POINT ( 'NONE',  ( -346.8999999999996362, -1154.805262667903889, 28.00000000000046185 ) ) ;
#158 = AXIS2_PLACEMENT_3D ( 'NONE', #726, #957, #1880 ) ;
#159 = EDGE_CURVE ( 'NONE', #941, #659, #1264, .T. ) ;
#160 = ORIENTED_EDGE ( 'NONE', *, *, #795, .T. ) ;
#161 = ORIENTED_EDGE ( 'NONE', *, *, #127, .T. ) ;
#162 = VECTOR ( 'NONE', #2441, 1000.000000000000000 ) ;
#163 = DIRECTION ( 'NONE',  ( 0.000000000000000000, -1.000000000000000000, -1.369518533665899079E-16 ) ) ;
#164 = DIRECTION ( 'NONE',  ( 1.000000000000000000, 0.000000000000000000, 0.000000000000000000 ) ) ;
#165 = VECTOR ( 'NONE', #284, 1000.000000000000000 ) ;
#166 = EDGE_CURVE ( 'NONE', #1489, #2118, #1306, .T. ) ;
#167 = SECURITY_CLASSIFICATION ( '', '', #1473 ) ;
#168 = VECTOR ( 'NONE', #221, 1000.000000000000000 ) ;
#169 = DIRECTION ( 'NONE',  ( 1.000000000000000000, -0.000000000000000000, -0.000000000000000000 ) ) ;
#170 = FACE_OUTER_BOUND ( 'NONE', #2515, .T. ) ;
#171 = VECTOR ( 'NONE', #646, 1000.000000000000000 ) ;
#172 = CARTESIAN_POINT ( 'NONE',  ( 999.9999999999996589, -1112.305262667903889, 28.00000000000046896 ) ) ;
#173 = EDGE_LOOP ( 'NONE', ( #830, #2641, #933, #981 ) ) ;
#174 = DIRECTION ( 'NONE',  ( 0.000000000000000000, -1.000000000000000000, -1.369518533665899079E-16 ) ) ;
#175 = ORIENTED_EDGE ( 'NONE', *, *, #997, .T. ) ;
#176 = ORIENTED_EDGE ( 'NONE', *, *, #855, .F. ) ;
#177 = CARTESIAN_POINT ( 'NONE',  ( 1090.972523324353915, -1102.805262667903889, 25.00000000000046896 ) ) ;
#178 = FACE_OUTER_BOUND ( 'NONE', #2032, .T. ) ;
#179 = ORIENTED_EDGE ( 'NONE', *, *, #2686, .F. ) ;
#180 = LINE ( 'NONE', #2507, #1643 ) ;
#181 = EDGE_CURVE ( 'NONE', #791, #758, #399, .T. ) ;
#182 = DIRECTION ( 'NONE',  ( 0.000000000000000000, -1.369518533665899079E-16, 1.000000000000000000 ) ) ;
#183 = CARTESIAN_POINT ( 'NONE',  ( -628.1567381882845211, -1113.805262667904117, 28.00000000000046896 ) ) ;
#184 = ORIENTED_EDGE ( 'NONE', *, *, #1753, .T. ) ;
#185 = ORIENTED_EDGE ( 'NONE', *, *, #757, .F. ) ;
#186 = ORIENTED_EDGE ( 'NONE', *, *, #1311, .T. ) ;
#187 = FACE_OUTER_BOUND ( 'NONE', #370, .T. ) ;
#188 = CARTESIAN_POINT ( 'NONE',  ( -999.9999999999996589, -1151.305262667904344, 28.00000000000046896 ) ) ;
#189 = CARTESIAN_POINT ( 'NONE',  ( 628.1567381882845211, -1113.805262667904117, 28.00000000000046896 ) ) ;
#190 = CARTESIAN_POINT ( 'NONE',  ( 998.9999999999996589, -1113.305262667903889, 28.00000000000046896 ) ) ;
#191 = EDGE_LOOP ( 'NONE', ( #2440, #220, #1776, #2534 ) ) ;
#192 = CARTESIAN_POINT ( 'NONE',  ( 999.9999999999996589, -1109.305262667903889, 28.00000000000046896 ) ) ;
#193 = VECTOR ( 'NONE', #598, 1000.000000000000000 ) ;
#194 = EDGE_CURVE ( 'NONE', #867, #404, #2059, .T. ) ;
#195 = LINE ( 'NONE', #1379, #122 ) ;
#196 = ORIENTED_EDGE ( 'NONE', *, *, #2677, .T. ) ;
#197 = CARTESIAN_POINT ( 'NONE',  ( 981.4999999999996589, -1099.805262667904117, 31.00000000000047251 ) ) ;
#198 = ORIENTED_EDGE ( 'NONE', *, *, #2528, .T. ) ;
#199 = VERTEX_POINT ( 'NONE', #2803 ) ;
#200 = EDGE_CURVE ( 'NONE', #420, #229, #628, .T. ) ;
#201 = ORIENTED_EDGE ( 'NONE', *, *, #662, .T. ) ;
#202 = CARTESIAN_POINT ( 'NONE',  ( -989.9999999999995453, -1155.305262667904344, 28.00000000000046896 ) ) ;
#203 = ORIENTED_EDGE ( 'NONE', *, *, #2076, .F. ) ;
#204 = AXIS2_PLACEMENT_3D ( 'NONE', #242, #1158, #261 ) ;
#205 = LINE ( 'NONE', #138, #2298 ) ;
#206 = AXIS2_PLACEMENT_3D ( 'NONE', #528, #2232, #2434 ) ;
#207 = FACE_OUTER_BOUND ( 'NONE', #1036, .T. ) ;
#208 = DIRECTION ( 'NONE',  ( 0.000000000000000000, -1.000000000000000000, 0.000000000000000000 ) ) ;
#209 = VECTOR ( 'NONE', #394, 1000.000000000000000 ) ;
#210 = FACE_BOUND ( 'NONE', #2668, .T. ) ;
#211 = CARTESIAN_POINT ( 'NONE',  ( 1090.972523324353915, -1160.805262667903889, 25.00000000000045830 ) ) ;
#212 = VECTOR ( 'NONE', #793, 1000.000000000000000 ) ;
#213 = VECTOR ( 'NONE', #2898, 1000.000000000000000 ) ;
#214 = EDGE_CURVE ( 'NONE', #2610, #1371, #2372, .T. ) ;
#215 = DIRECTION ( 'NONE',  ( -0.000000000000000000, 1.000000000000000000, 1.369518533665899079E-16 ) ) ;
#216 = EDGE_LOOP ( 'NONE', ( #643, #2759, #2918, #1257 ) ) ;
#217 = VECTOR ( 'NONE', #740, 1000.000000000000000 ) ;
#218 = CARTESIAN_POINT ( 'NONE',  ( 346.8999999999996362, -1093.805262667904117, 25.00000000000046896 ) ) ;
#219 = EDGE_CURVE ( 'NONE', #1800, #2102, #2818, .T. ) ;
#220 = ORIENTED_EDGE ( 'NONE', *, *, #200, .F. ) ;
#221 = DIRECTION ( 'NONE',  ( 0.000000000000000000, -1.000000000000000000, 0.000000000000000000 ) ) ;
#222 = ORIENTED_EDGE ( 'NONE', *, *, #194, .F. ) ;
#223 = DIRECTION ( 'NONE',  ( 0.000000000000000000, -1.000000000000000000, 0.000000000000000000 ) ) ;
#224 = DIRECTION ( 'NONE',  ( 0.000000000000000000, 1.000000000000000000, 1.369518533665899079E-16 ) ) ;
#225 = DIRECTION ( 'NONE',  ( -1.604295445768149458E-32, 1.000000000000000000, 1.369518533665899079E-16 ) ) ;
#226 = MANIFOLD_SOLID_BREP ( 'Convert-Solid1', #2009 ) ;
#227 = LINE ( 'NONE', #899, #1648 ) ;
#228 = ORIENTED_EDGE ( 'NONE', *, *, #2776, .T. ) ;
#229 = VERTEX_POINT ( 'NONE', #754 ) ;
#230 = EDGE_CURVE ( 'NONE', #696, #1825, #526, .T. ) ;
#231 = CARTESIAN_POINT ( 'NONE',  ( 998.9999999999996589, -1108.305262667903889, 25.00000000000046541 ) ) ;
#232 = EDGE_CURVE ( 'NONE', #2215, #1376, #107, .T. ) ;
#233 = VERTEX_POINT ( 'NONE', #236 ) ;
#234 = CARTESIAN_POINT ( 'NONE',  ( 998.9999999999996589, -1112.305262667903889, 28.00000000000046896 ) ) ;
#235 = DIRECTION ( 'NONE',  ( -1.000000000000000000, 0.000000000000000000, 0.000000000000000000 ) ) ;
#236 = CARTESIAN_POINT ( 'NONE',  ( -350.0999999999996248, -1154.805262667903889, 28.00000000000045830 ) ) ;
#237 = FACE_BOUND ( 'NONE', #1745, .T. ) ;
#238 = ORIENTED_EDGE ( 'NONE', *, *, #2881, .T. ) ;
#239 = DIRECTION ( 'NONE',  ( 0.000000000000000000, -1.369518533665899079E-16, 1.000000000000000000 ) ) ;
#240 = AXIS2_PLACEMENT_3D ( 'NONE', #2582, #1388, #535 ) ;
#241 = PLANE ( 'NONE',  #29 ) ;
#242 = CARTESIAN_POINT ( 'NONE',  ( -976.4999999999996589, -1096.805262667903662, 70.00000000000062528 ) ) ;
#243 = ORIENTED_EDGE ( 'NONE', *, *, #2703, .F. ) ;
#244 = ADVANCED_FACE ( 'NONE', ( #2782 ), #923, .T. ) ;
#245 = ORIENTED_EDGE ( 'NONE', *, *, #1583, .T. ) ;
#246 = LINE ( 'NONE', #1164, #358 ) ;
#247 = ADVANCED_FACE ( 'NONE', ( #36 ), #1717, .F. ) ;
#248 = APPROVAL_ROLE ( '' ) ;
#249 = VECTOR ( 'NONE', #275, 1000.000000000000000 ) ;
#250 = AXIS2_PLACEMENT_3D ( 'NONE', #189, #2186, #1061 ) ;
#251 = DIRECTION ( 'NONE',  ( 0.000000000000000000, 0.000000000000000000, 1.000000000000000000 ) ) ;
#252 = ORIENTED_EDGE ( 'NONE', *, *, #2866, .T. ) ;
#253 = PLANE ( 'NONE',  #862 ) ;
#254 = ADVANCED_FACE ( 'NONE', ( #1028 ), #1105, .T. ) ;
#255 = AXIS2_PLACEMENT_3D ( 'NONE', #2932, #903, #1839 ) ;
#256 = ORIENTED_EDGE ( 'NONE', *, *, #2235, .T. ) ;
#257 = DIRECTION ( 'NONE',  ( -1.000000000000000000, 0.000000000000000000, 0.000000000000000000 ) ) ;
#258 = AXIS2_PLACEMENT_3D ( 'NONE', #1612, #2570, #1387 ) ;
#259 = LINE ( 'NONE', #501, #1740 ) ;
#260 = CARTESIAN_POINT ( 'NONE',  ( 995.9999999999995453, -1150.305262667904344, 28.00000000000046896 ) ) ;
#261 = DIRECTION ( 'NONE',  ( 0.000000000000000000, 0.000000000000000000, -1.000000000000000000 ) ) ;
#262 = ORIENTED_EDGE ( 'NONE', *, *, #854, .F. ) ;
#263 = VECTOR ( 'NONE', #2764, 1000.000000000000000 ) ;
#264 = VECTOR ( 'NONE', #2604, 1000.000000000000000 ) ;
#265 = VERTEX_POINT ( 'NONE', #1564 ) ;
#266 = DIRECTION ( 'NONE',  ( 0.000000000000000000, -1.000000000000000000, 0.000000000000000000 ) ) ;
#267 = ORIENTED_EDGE ( 'NONE', *, *, #397, .F. ) ;
#268 = EDGE_CURVE ( 'NONE', #1847, #2225, #2472, .T. ) ;
#269 = FACE_OUTER_BOUND ( 'NONE', #2636, .T. ) ;
#270 = DIRECTION ( 'NONE',  ( 0.000000000000000000, -1.369518533665899079E-16, 1.000000000000000000 ) ) ;
#271 = DIRECTION ( 'NONE',  ( 1.508922627792021444E-47, -1.000000000000000000, -1.369518533665899079E-16 ) ) ;
#272 = ADVANCED_FACE ( 'NONE', ( #2025 ), #893, .F. ) ;
#273 = DIRECTION ( 'NONE',  ( 0.000000000000000000, -1.369518533665899079E-16, 1.000000000000000000 ) ) ;
#274 = DIRECTION ( 'NONE',  ( 1.000000000000000000, 0.000000000000000000, 0.000000000000000000 ) ) ;
#275 = DIRECTION ( 'NONE',  ( -0.000000000000000000, -0.000000000000000000, 1.000000000000000000 ) ) ;
#276 = LINE ( 'NONE', #2546, #1542 ) ;
#277 = ORIENTED_EDGE ( 'NONE', *, *, #1827, .F. ) ;
#278 = CARTESIAN_POINT ( 'NONE',  ( 350.0999999999996248, -1102.805262667903889, 28.00000000000046896 ) ) ;
#279 = VERTEX_POINT ( 'NONE', #2565 ) ;
#280 = VERTEX_POINT ( 'NONE', #1747 ) ;
#281 = ORIENTED_EDGE ( 'NONE', *, *, #1883, .T. ) ;
#282 = DIRECTION ( 'NONE',  ( 1.000000000000000000, 0.000000000000000000, 0.000000000000000000 ) ) ;
#283 = EDGE_LOOP ( 'NONE', ( #1896, #203 ) ) ;
#284 = DIRECTION ( 'NONE',  ( 0.000000000000000000, 4.440892098500612751E-15, 1.000000000000000000 ) ) ;
#285 = ORIENTED_EDGE ( 'NONE', *, *, #127, .F. ) ;
#286 = DIRECTION ( 'NONE',  ( 0.000000000000000000, -1.369518533665899079E-16, 1.000000000000000000 ) ) ;
#287 = PLANE ( 'NONE',  #1836 ) ;
#288 = LINE ( 'NONE', #503, #2023 ) ;
#289 = CARTESIAN_POINT ( 'NONE',  ( -313.0999999999996248, -1155.805262667904344, 28.00000000000046185 ) ) ;
#290 = ADVANCED_FACE ( 'NONE', ( #28 ), #1356, .T. ) ;
#291 = DIRECTION ( 'NONE',  ( 0.000000000000000000, -1.000000000000000000, 0.000000000000000000 ) ) ;
#292 = AXIS2_PLACEMENT_3D ( 'NONE', #749, #1906, #939 ) ;
#293 = DIRECTION ( 'NONE',  ( -1.000000000000000000, 1.508922627792021444E-47, 2.066497504629024295E-63 ) ) ;
#294 = EDGE_CURVE ( 'NONE', #58, #2324, #349, .T. ) ;
#295 = CARTESIAN_POINT ( 'NONE',  ( 1090.972523324353915, -1113.805262667903889, 28.00000000000046541 ) ) ;
#296 = DIRECTION ( 'NONE',  ( 1.000000000000000000, 0.000000000000000000, 0.000000000000000000 ) ) ;
#297 = VERTEX_POINT ( 'NONE', #1236 ) ;
#298 = PLANE ( 'NONE',  #2145 ) ;
#299 = DIRECTION ( 'NONE',  ( 0.000000000000000000, -1.369518533665899079E-16, 1.000000000000000000 ) ) ;
#300 = CARTESIAN_POINT ( 'NONE',  ( -309.8999999999996362, -1149.805262667904117, 25.00000000000046185 ) ) ;
#301 = CARTESIAN_POINT ( 'NONE',  ( -628.1567381882845211, -1118.805262667904117, 28.00000000000046896 ) ) ;
#302 = AXIS2_PLACEMENT_3D ( 'NONE', #2006, #651, #1749 ) ;
#303 = AXIS2_PLACEMENT_3D ( 'NONE', #555, #1259, #2844 ) ;
#304 = DIRECTION ( 'NONE',  ( 0.000000000000000000, -1.000000000000000000, -1.369518533665899079E-16 ) ) ;
#305 = EDGE_CURVE ( 'NONE', #1650, #741, #2833, .T. ) ;
#306 = DIRECTION ( 'NONE',  ( 0.000000000000000000, -1.369518533665899079E-16, 1.000000000000000000 ) ) ;
#307 = AXIS2_PLACEMENT_3D ( 'NONE', #1802, #2709, #251 ) ;
#308 = ORIENTED_EDGE ( 'NONE', *, *, #732, .T. ) ;
#309 = AXIS2_PLACEMENT_3D ( 'NONE', #852, #604, #1514 ) ;
#310 = DIRECTION ( 'NONE',  ( 0.000000000000000000, 0.000000000000000000, 1.000000000000000000 ) ) ;
#311 = ORIENTED_EDGE ( 'NONE', *, *, #1620, .F. ) ;
#312 = VECTOR ( 'NONE', #1739, 1000.000000000000000 ) ;
#313 = CARTESIAN_POINT ( 'NONE',  ( 976.4999999999996589, -1166.805262667904117, 70.00000000000059686 ) ) ;
#314 = ORIENTED_EDGE ( 'NONE', *, *, #2592, .F. ) ;
#315 = DIRECTION ( 'NONE',  ( -1.000000000000000000, 0.000000000000000000, 0.000000000000000000 ) ) ;
#316 = CARTESIAN_POINT ( 'NONE',  ( 1090.972523324353915, -1093.805262667903889, 75.00000000000062528 ) ) ;
#317 = DIRECTION ( 'NONE',  ( 0.000000000000000000, -1.369518533665899079E-16, 1.000000000000000000 ) ) ;
#318 = ORIENTED_EDGE ( 'NONE', *, *, #2948, .F. ) ;
#319 = CARTESIAN_POINT ( 'NONE',  ( -346.8999999999996362, -1160.805262667903889, 28.00000000000045830 ) ) ;
#320 = CARTESIAN_POINT ( 'NONE',  ( -995.9999999999995453, -1113.305262667903889, 28.00000000000046896 ) ) ;
#321 = DATE_AND_TIME ( #2429, #2350 ) ;
#322 = ORIENTED_EDGE ( 'NONE', *, *, #1674, .F. ) ;
#323 = DIRECTION ( 'NONE',  ( 0.000000000000000000, 0.000000000000000000, -1.000000000000000000 ) ) ;
#324 = DIRECTION ( 'NONE',  ( 0.000000000000000000, -1.369518533665899079E-16, 1.000000000000000000 ) ) ;
#325 = DIRECTION ( 'NONE',  ( 0.000000000000000000, -1.000000000000000000, 0.000000000000000000 ) ) ;
#326 = EDGE_CURVE ( 'NONE', #2364, #2687, #1878, .T. ) ;
#327 = CARTESIAN_POINT ( 'NONE',  ( -346.8999999999996362, -1108.805262667903662, 28.00000000000046896 ) ) ;
#328 = CARTESIAN_POINT ( 'NONE',  ( 350.0999999999996248, -1154.805262667903889, 28.00000000000045830 ) ) ;
#329 = CARTESIAN_POINT ( 'NONE',  ( -998.9999999999996589, -1155.305262667904344, 25.00000000000046185 ) ) ;
#330 = CARTESIAN_POINT ( 'NONE',  ( 628.1567381882845211, -1149.805262667904117, 25.00000000000046896 ) ) ;
#331 = PLANE ( 'NONE',  #18 ) ;
#332 = ORIENTED_EDGE ( 'NONE', *, *, #1658, .F. ) ;
#333 = AXIS2_PLACEMENT_3D ( 'NONE', #2277, #2264, #2247 ) ;
#334 = ORIENTED_EDGE ( 'NONE', *, *, #997, .F. ) ;
#335 = APPROVAL_ROLE ( '' ) ;
#336 = EDGE_LOOP ( 'NONE', ( #2612, #2151, #472, #2463 ) ) ;
#337 = EDGE_CURVE ( 'NONE', #1276, #1145, #986, .T. ) ;
#338 = UNCERTAINTY_MEASURE_WITH_UNIT (LENGTH_MEASURE( 1.000000000000000082E-05 ), #1226, 'distance_accuracy_value', 'NONE');
#339 = ORIENTED_EDGE ( 'NONE', *, *, #710, .T. ) ;
#340 = ADVANCED_FACE ( 'NONE', ( #560 ), #2655, .F. ) ;
#341 = DIRECTION ( 'NONE',  ( 0.000000000000000000, 0.000000000000000000, 1.000000000000000000 ) ) ;
#342 = CARTESIAN_POINT ( 'NONE',  ( 313.0999999999996248, -1093.805262667904117, 25.00000000000046896 ) ) ;
#343 = DIRECTION ( 'NONE',  ( 0.000000000000000000, -1.369518533665899079E-16, 1.000000000000000000 ) ) ;
#344 = DIRECTION ( 'NONE',  ( 0.000000000000000000, -0.000000000000000000, 1.000000000000000000 ) ) ;
#345 = EDGE_CURVE ( 'NONE', #1687, #2171, #1874, .T. ) ;
#346 = CARTESIAN_POINT ( 'NONE',  ( 1090.972523324353915, -1113.805262667903889, 25.00000000000046541 ) ) ;
#347 = CARTESIAN_POINT ( 'NONE',  ( 1090.972523324353915, -1169.805262667904117, 75.00000000000061107 ) ) ;
#348 = AXIS2_PLACEMENT_3D ( 'NONE', #295, #819, #2381 ) ;
#349 = CIRCLE ( 'NONE', #2154, 5.000000000000115463 ) ;
#350 = ORIENTED_EDGE ( 'NONE', *, *, #1635, .F. ) ;
#351 = CARTESIAN_POINT ( 'NONE',  ( 313.0999999999996248, -1093.805262667904117, 25.00000000000046896 ) ) ;
#352 = VERTEX_POINT ( 'NONE', #1201 ) ;
#353 = DIRECTION ( 'NONE',  ( 0.000000000000000000, -1.000000000000000000, 0.000000000000000000 ) ) ;
#354 = AXIS2_PLACEMENT_3D ( 'NONE', #1183, #310, #282 ) ;
#355 = VECTOR ( 'NONE', #1347, 1000.000000000000000 ) ;
#356 = APPROVAL_STATUS ( 'not_yet_approved' ) ;
#357 = ORIENTED_EDGE ( 'NONE', *, *, #478, .F. ) ;
#358 = VECTOR ( 'NONE', #141, 1000.000000000000000 ) ;
#359 = CARTESIAN_POINT ( 'NONE',  ( -998.9999999999996589, -1109.305262667903889, 25.00000000000046896 ) ) ;
#360 = CARTESIAN_POINT ( 'NONE',  ( 976.4999999999996589, -1169.805262667904117, 70.00000000000059686 ) ) ;
#361 = AXIS2_PLACEMENT_3D ( 'NONE', #1348, #239, #2923 ) ;
#362 = EDGE_CURVE ( 'NONE', #199, #597, #62, .T. ) ;
#363 = CARTESIAN_POINT ( 'NONE',  ( 976.4999999999996589, -1096.805262667903662, 75.00000000000063949 ) ) ;
#364 = LINE ( 'NONE', #615, #743 ) ;
#365 = EDGE_CURVE ( 'NONE', #994, #1825, #968, .T. ) ;
#366 = EDGE_CURVE ( 'NONE', #1935, #1277, #2573, .T. ) ;
#367 = LINE ( 'NONE', #2914, #1795 ) ;
#368 = ORIENTED_EDGE ( 'NONE', *, *, #1282, .T. ) ;
#369 = CARTESIAN_POINT ( 'NONE',  ( 998.9999999999996589, -1150.305262667904344, 28.00000000000046896 ) ) ;
#370 = EDGE_LOOP ( 'NONE', ( #417, #1069, #570, #175, #955, #2081 ) ) ;
#371 = DIRECTION ( 'NONE',  ( 0.000000000000000000, -1.369518533665899079E-16, 1.000000000000000000 ) ) ;
#372 = ORIENTED_EDGE ( 'NONE', *, *, #951, .F. ) ;
#373 = ORIENTED_EDGE ( 'NONE', *, *, #397, .T. ) ;
#374 = EDGE_LOOP ( 'NONE', ( #682, #198, #2829, #1381 ) ) ;
#375 = ORIENTED_EDGE ( 'NONE', *, *, #2055, .F. ) ;
#376 = LINE ( 'NONE', #135, #2793 ) ;
#377 = EDGE_LOOP ( 'NONE', ( #2258, #2856, #1772, #1536 ) ) ;
#378 = LINE ( 'NONE', #2384, #1002 ) ;
#379 = CARTESIAN_POINT ( 'NONE',  ( 350.0999999999996248, -1160.805262667903889, 28.00000000000045830 ) ) ;
#380 = LINE ( 'NONE', #327, #1591 ) ;
#381 = DIRECTION ( 'NONE',  ( -1.000000000000000000, -1.604295445768149458E-32, -2.197112346455275869E-48 ) ) ;
#382 = EDGE_CURVE ( 'NONE', #2417, #1461, #110, .T. ) ;
#383 = LINE ( 'NONE', #1993, #1220 ) ;
#384 = ORIENTED_EDGE ( 'NONE', *, *, #2947, .T. ) ;
#385 = ORIENTED_EDGE ( 'NONE', *, *, #491, .T. ) ;
#386 = LINE ( 'NONE', #157, #1072 ) ;
#387 = ORIENTED_EDGE ( 'NONE', *, *, #1261, .F. ) ;
#388 = EDGE_CURVE ( 'NONE', #2851, #58, #1783, .T. ) ;
#389 = EDGE_LOOP ( 'NONE', ( #1560, #2965, #422, #5 ) ) ;
#390 = EDGE_LOOP ( 'NONE', ( #2699, #1562, #431, #2627 ) ) ;
#391 = CARTESIAN_POINT ( 'NONE',  ( 1090.972523324353915, -1099.805262667904117, 31.00000000000047251 ) ) ;
#392 = CARTESIAN_POINT ( 'NONE',  ( 999.9999999999996589, -1151.305262667904344, 25.00000000000046185 ) ) ;
#393 = AXIS2_PLACEMENT_3D ( 'NONE', #60, #2800, #2890 ) ;
#394 = DIRECTION ( 'NONE',  ( 0.000000000000000000, -1.369518533665899079E-16, 1.000000000000000000 ) ) ;
#395 = CARTESIAN_POINT ( 'NONE',  ( 995.9999999999995453, -1093.805262667904117, 25.00000000000046896 ) ) ;
#396 = ORIENTED_EDGE ( 'NONE', *, *, #39, .F. ) ;
#397 = EDGE_CURVE ( 'NONE', #1223, #549, #510, .T. ) ;
#398 = CARTESIAN_POINT ( 'NONE',  ( -313.0999999999996248, -1113.805262667903889, 28.00000000000046541 ) ) ;
#399 = CIRCLE ( 'NONE', #1008, 5.000000000000115463 ) ;
#400 = EDGE_CURVE ( 'NONE', #1979, #280, #1835, .T. ) ;
#401 = VECTOR ( 'NONE', #1941, 1000.000000000000000 ) ;
#402 = CIRCLE ( 'NONE', #2014, 5.000000000000004441 ) ;
#403 = ORIENTED_EDGE ( 'NONE', *, *, #2272, .T. ) ;
#404 = VERTEX_POINT ( 'NONE', #2084 ) ;
#405 = ORIENTED_EDGE ( 'NONE', *, *, #2552, .T. ) ;
#406 = EDGE_CURVE ( 'NONE', #1935, #1119, #2256, .T. ) ;
#407 = VECTOR ( 'NONE', #2146, 1000.000000000000000 ) ;
#408 = CARTESIAN_POINT ( 'NONE',  ( -350.0999999999996248, -1108.805262667903662, 25.00000000000046541 ) ) ;
#409 = CARTESIAN_POINT ( 'NONE',  ( -350.0999999999996248, -1160.805262667903889, 28.00000000000045830 ) ) ;
#410 = AXIS2_PLACEMENT_3D ( 'NONE', #1568, #1154, #2478 ) ;
#411 = VECTOR ( 'NONE', #1543, 1000.000000000000000 ) ;
#412 = PLANE ( 'NONE',  #2207 ) ;
#413 = CARTESIAN_POINT ( 'NONE',  ( 1090.972523324353915, -1149.805262667904117, 28.00000000000046185 ) ) ;
#414 = LINE ( 'NONE', #1961, #506 ) ;
#415 = VERTEX_POINT ( 'NONE', #231 ) ;
#416 = CARTESIAN_POINT ( 'NONE',  ( 1090.972523324353915, -1093.805262667904117, 25.00000000000046896 ) ) ;
#417 = ORIENTED_EDGE ( 'NONE', *, *, #155, .T. ) ;
#418 = LINE ( 'NONE', #1329, #790 ) ;
#419 = EDGE_CURVE ( 'NONE', #428, #842, #2046, .T. ) ;
#420 = VERTEX_POINT ( 'NONE', #1607 ) ;
#421 = CARTESIAN_POINT ( 'NONE',  ( 1090.972523324353915, -1096.805262667903662, 75.00000000000063949 ) ) ;
#422 = ORIENTED_EDGE ( 'NONE', *, *, #2583, .T. ) ;
#423 = DIRECTION ( 'NONE',  ( 0.000000000000000000, -1.000000000000000000, 0.000000000000000000 ) ) ;
#424 = EDGE_LOOP ( 'NONE', ( #2193, #857, #886, #853 ) ) ;
#425 = CARTESIAN_POINT ( 'NONE',  ( 1090.972523324353915, -1107.805262667903889, 25.00000000000046541 ) ) ;
#426 = EDGE_CURVE ( 'NONE', #2196, #2485, #2516, .T. ) ;
#427 = LINE ( 'NONE', #1113, #1314 ) ;
#428 = VERTEX_POINT ( 'NONE', #2620 ) ;
#429 = ORIENTED_EDGE ( 'NONE', *, *, #2283, .F. ) ;
#430 = DIRECTION ( 'NONE',  ( 0.000000000000000000, -1.369518533665899079E-16, 1.000000000000000000 ) ) ;
#431 = ORIENTED_EDGE ( 'NONE', *, *, #2378, .T. ) ;
#432 = ADVANCED_FACE ( 'NONE', ( #2393 ), #770, .F. ) ;
#433 = CARTESIAN_POINT ( 'NONE',  ( 1090.972523324353915, -1149.805262667904117, 28.00000000000046185 ) ) ;
#434 = ORIENTED_EDGE ( 'NONE', *, *, #2455, .F. ) ;
#435 = LINE ( 'NONE', #1596, #738 ) ;
#436 = EDGE_CURVE ( 'NONE', #800, #6, #2804, .T. ) ;
#437 = CARTESIAN_POINT ( 'NONE',  ( -628.1567381882845211, -1108.805262667903889, 28.00000000000046896 ) ) ;
#438 = DIRECTION ( 'NONE',  ( 0.000000000000000000, -1.000000000000000000, 4.440892098500612751E-15 ) ) ;
#439 = ORIENTED_EDGE ( 'NONE', *, *, #13, .T. ) ;
#440 = DIRECTION ( 'NONE',  ( -1.000000000000000000, -0.000000000000000000, -0.000000000000000000 ) ) ;
#441 = VECTOR ( 'NONE', #2291, 1000.000000000000000 ) ;
#442 = CC_DESIGN_PERSON_AND_ORGANIZATION_ASSIGNMENT ( #1056, #607, ( #167 ) ) ;
#443 = LINE ( 'NONE', #2280, #171 ) ;
#444 = CARTESIAN_POINT ( 'NONE',  ( -998.9999999999996589, -1109.305262667903889, 28.00000000000046896 ) ) ;
#445 = ORIENTED_EDGE ( 'NONE', *, *, #1147, .F. ) ;
#446 = ORIENTED_EDGE ( 'NONE', *, *, #2284, .F. ) ;
#447 = EDGE_LOOP ( 'NONE', ( #2416, #2807, #2002, #1553 ) ) ;
#448 = VECTOR ( 'NONE', #2618, 1000.000000000000000 ) ;
#449 = ORIENTED_EDGE ( 'NONE', *, *, #1037, .T. ) ;
#450 = VECTOR ( 'NONE', #2125, 1000.000000000000000 ) ;
#451 = CARTESIAN_POINT ( 'NONE',  ( -999.9999999999995453, -1093.805262667904117, 25.00000000000046896 ) ) ;
#452 = ORIENTED_EDGE ( 'NONE', *, *, #2050, .T. ) ;
#453 = DIRECTION ( 'NONE',  ( -1.000000000000000000, -0.000000000000000000, -0.000000000000000000 ) ) ;
#454 = CIRCLE ( 'NONE', #1450, 8.499999999999729994 ) ;
#455 = DIRECTION ( 'NONE',  ( -1.000000000000000000, -1.604295445768149458E-32, -2.197112346455275869E-48 ) ) ;
#456 = ORIENTED_EDGE ( 'NONE', *, *, #2887, .F. ) ;
#457 = LINE ( 'NONE', #2479, #2048 ) ;
#458 = VECTOR ( 'NONE', #850, 1000.000000000000000 ) ;
#459 = EDGE_CURVE ( 'NONE', #689, #32, #1460, .T. ) ;
#460 = VECTOR ( 'NONE', #163, 1000.000000000000000 ) ;
#461 = EDGE_CURVE ( 'NONE', #2242, #466, #1590, .T. ) ;
#462 = DIRECTION ( 'NONE',  ( 0.000000000000000000, -1.000000000000000000, -1.369518533665899079E-16 ) ) ;
#463 = ADVANCED_FACE ( 'NONE', ( #2712 ), #1877, .T. ) ;
#464 = VECTOR ( 'NONE', #2894, 1000.000000000000000 ) ;
#465 = ORIENTED_EDGE ( 'NONE', *, *, #1318, .F. ) ;
#466 = VERTEX_POINT ( 'NONE', #1204 ) ;
#467 = CARTESIAN_POINT ( 'NONE',  ( 976.4999999999996589, -1096.805262667903662, 70.00000000000062528 ) ) ;
#468 = CARTESIAN_POINT ( 'NONE',  ( 999.9999999999996589, -1151.305262667904344, 28.00000000000046896 ) ) ;
#469 = ORIENTED_EDGE ( 'NONE', *, *, #496, .F. ) ;
#470 = CARTESIAN_POINT ( 'NONE',  ( 1090.972523324353915, -1099.805262667904117, 31.00000000000047251 ) ) ;
#471 = DIRECTION ( 'NONE',  ( 0.000000000000000000, -1.000000000000000000, -1.369518533665899079E-16 ) ) ;
#472 = ORIENTED_EDGE ( 'NONE', *, *, #1016, .T. ) ;
#473 = DIRECTION ( 'NONE',  ( 0.000000000000000000, -1.369518533665899079E-16, 1.000000000000000000 ) ) ;
#474 = FACE_OUTER_BOUND ( 'NONE', #579, .T. ) ;
#475 = CARTESIAN_POINT ( 'NONE',  ( 990.0000000000006821, -1108.305262667903662, 28.00000000000046896 ) ) ;
#476 = EDGE_LOOP ( 'NONE', ( #1984, #2765, #2037, #1091 ) ) ;
#477 = EDGE_CURVE ( 'NONE', #1277, #890, #66, .T. ) ;
#478 = EDGE_CURVE ( 'NONE', #842, #2727, #2337, .T. ) ;
#479 = DIRECTION ( 'NONE',  ( 0.000000000000000000, -1.369518533665899079E-16, 1.000000000000000000 ) ) ;
#480 = DIRECTION ( 'NONE',  ( 0.000000000000000000, 1.000000000000000000, 1.369518533665899079E-16 ) ) ;
#481 = DIRECTION ( 'NONE',  ( -0.000000000000000000, 0.000000000000000000, -1.000000000000000000 ) ) ;
#482 = ORIENTED_EDGE ( 'NONE', *, *, #1261, .T. ) ;
#483 = DIRECTION ( 'NONE',  ( 0.000000000000000000, 1.000000000000000000, 0.000000000000000000 ) ) ;
#484 = AXIS2_PLACEMENT_3D ( 'NONE', #2052, #906, #624 ) ;
#485 = DIRECTION ( 'NONE',  ( -0.000000000000000000, 1.369518533665899079E-16, -1.000000000000000000 ) ) ;
#486 = CARTESIAN_POINT ( 'NONE',  ( 1090.972523324353915, -1107.805262667903889, 28.00000000000046541 ) ) ;
#487 = DIRECTION ( 'NONE',  ( 2.197112346455275869E-48, -0.000000000000000000, -1.000000000000000000 ) ) ;
#488 = EDGE_LOOP ( 'NONE', ( #2498, #2152, #184, #1994 ) ) ;
#489 = ORIENTED_EDGE ( 'NONE', *, *, #2001, .F. ) ;
#490 = ORIENTED_EDGE ( 'NONE', *, *, #232, .T. ) ;
#491 = EDGE_CURVE ( 'NONE', #1631, #1800, #1649, .T. ) ;
#492 = DIRECTION ( 'NONE',  ( 0.000000000000000000, -1.369518533665899079E-16, 1.000000000000000000 ) ) ;
#493 = VERTEX_POINT ( 'NONE', #1205 ) ;
#494 = PERSON_AND_ORGANIZATION_ROLE ( 'creator' ) ;
#495 = VERTEX_POINT ( 'NONE', #2576 ) ;
#496 = EDGE_CURVE ( 'NONE', #2364, #1055, #1737, .T. ) ;
#497 = CARTESIAN_POINT ( 'NONE',  ( 1090.972523324353915, -1108.305262667903662, 25.00000000000046541 ) ) ;
#498 = CARTESIAN_POINT ( 'NONE',  ( 313.0999999999996248, -1107.805262667903889, 28.00000000000046541 ) ) ;
#499 = CIRCLE ( 'NONE', #1120, 1.000000000000000888 ) ;
#500 = CIRCLE ( 'NONE', #2695, 1.000000000000000888 ) ;
#501 = CARTESIAN_POINT ( 'NONE',  ( 1090.972523324353915, -1155.805262667904344, 28.00000000000046185 ) ) ;
#502 = LOCAL_TIME ( 16, 45, 30.00000000000000000, #1670 ) ;
#503 = CARTESIAN_POINT ( 'NONE',  ( 313.0999999999996248, -1113.805262667903889, 28.00000000000046541 ) ) ;
#504 = CARTESIAN_POINT ( 'NONE',  ( 981.4999999999996589, -1099.805262667904117, 28.00000000000047251 ) ) ;
#505 = ORIENTED_EDGE ( 'NONE', *, *, #305, .F. ) ;
#506 = VECTOR ( 'NONE', #1084, 1000.000000000000000 ) ;
#507 = CARTESIAN_POINT ( 'NONE',  ( -628.1567381882845211, -1113.805262667904117, 25.00000000000046896 ) ) ;
#508 = VECTOR ( 'NONE', #473, 1000.000000000000000 ) ;
#509 = EDGE_LOOP ( 'NONE', ( #576, #2566, #1516, #2896 ) ) ;
#510 = LINE ( 'NONE', #932, #2012 ) ;
#511 = ADVANCED_FACE ( 'NONE', ( #1863 ), #2128, .F. ) ;
#512 = DIRECTION ( 'NONE',  ( 0.000000000000000000, -1.369518533665899079E-16, 1.000000000000000000 ) ) ;
#513 = LINE ( 'NONE', #497, #1310 ) ;
#514 = FACE_OUTER_BOUND ( 'NONE', #2457, .T. ) ;
#515 = ADVANCED_FACE ( 'NONE', ( #2477 ), #1539, .F. ) ;
#516 = DIRECTION ( 'NONE',  ( 0.000000000000000000, 0.000000000000000000, 1.000000000000000000 ) ) ;
#517 = DIRECTION ( 'NONE',  ( 0.000000000000000000, -4.440892098500612751E-15, -1.000000000000000000 ) ) ;
#518 = CARTESIAN_POINT ( 'NONE',  ( 346.8999999999996362, -1102.805262667903889, 28.00000000000046896 ) ) ;
#519 = ORIENTED_EDGE ( 'NONE', *, *, #2078, .F. ) ;
#520 = EDGE_LOOP ( 'NONE', ( #1657, #2533, #2916, #1957 ) ) ;
#521 = APPLICATION_PROTOCOL_DEFINITION ( 'international standard', 'config_control_design', 1994, #1721 ) ;
#522 = ORIENTED_EDGE ( 'NONE', *, *, #478, .T. ) ;
#523 = CARTESIAN_POINT ( 'NONE',  ( -309.8999999999996362, -1155.805262667904344, 28.00000000000046185 ) ) ;
#524 = DIRECTION ( 'NONE',  ( 0.000000000000000000, -1.369518533665899079E-16, 1.000000000000000000 ) ) ;
#525 = DIRECTION ( 'NONE',  ( 0.000000000000000000, 1.000000000000000000, 1.369518533665899079E-16 ) ) ;
#526 = LINE ( 'NONE', #1219, #1255 ) ;
#527 = ORIENTED_EDGE ( 'NONE', *, *, #194, .T. ) ;
#528 = CARTESIAN_POINT ( 'NONE',  ( 981.4999999999996589, -1163.805262667904117, 31.00000000000046185 ) ) ;
#529 = ORIENTED_EDGE ( 'NONE', *, *, #2864, .F. ) ;
#530 = VECTOR ( 'NONE', #2368, 1000.000000000000000 ) ;
#531 = ORIENTED_EDGE ( 'NONE', *, *, #78, .F. ) ;
#532 = DIRECTION ( 'NONE',  ( 1.000000000000000000, 0.000000000000000000, 0.000000000000000000 ) ) ;
#533 = DIRECTION ( 'NONE',  ( 0.000000000000000000, 1.000000000000000000, 1.369518533665899079E-16 ) ) ;
#534 = EDGE_CURVE ( 'NONE', #2130, #1222, #1081, .T. ) ;
#535 = DIRECTION ( 'NONE',  ( 0.000000000000000000, -1.000000000000000000, 0.000000000000000000 ) ) ;
#536 = AXIS2_PLACEMENT_3D ( 'NONE', #2127, #2165, #93 ) ;
#537 = ADVANCED_FACE ( 'NONE', ( #2754 ), #1576, .T. ) ;
#538 = CARTESIAN_POINT ( 'NONE',  ( -981.4999999999995453, -1163.805262667904117, 28.00000000000046185 ) ) ;
#539 = CARTESIAN_POINT ( 'NONE',  ( 628.1567381882845211, -1149.805262667904117, 28.00000000000046896 ) ) ;
#540 = VECTOR ( 'NONE', #2180, 1000.000000000000000 ) ;
#541 = ORIENTED_EDGE ( 'NONE', *, *, #1716, .F. ) ;
#542 = ORIENTED_EDGE ( 'NONE', *, *, #86, .T. ) ;
#543 = VECTOR ( 'NONE', #1003, 1000.000000000000000 ) ;
#544 = AXIS2_PLACEMENT_3D ( 'NONE', #1418, #747, #532 ) ;
#545 = EDGE_CURVE ( 'NONE', #2102, #2741, #1340, .T. ) ;
#546 = DIRECTION ( 'NONE',  ( 0.000000000000000000, -4.440892098500612751E-15, -1.000000000000000000 ) ) ;
#547 = CARTESIAN_POINT ( 'NONE',  ( 1090.972523324353915, -1113.305262667903889, 25.00000000000046541 ) ) ;
#548 = DIRECTION ( 'NONE',  ( -1.000000000000000000, 0.000000000000000000, 0.000000000000000000 ) ) ;
#549 = VERTEX_POINT ( 'NONE', #202 ) ;
#550 = VECTOR ( 'NONE', #2944, 1000.000000000000000 ) ;
#551 = VECTOR ( 'NONE', #2874, 1000.000000000000000 ) ;
#552 = DIRECTION ( 'NONE',  ( -1.000000000000000000, 0.000000000000000000, -0.000000000000000000 ) ) ;
#553 = EDGE_LOOP ( 'NONE', ( #541, #1325, #2685, #2077 ) ) ;
#554 = CARTESIAN_POINT ( 'NONE',  ( -998.9999999999996589, -1154.305262667904344, 28.00000000000046896 ) ) ;
#555 = CARTESIAN_POINT ( 'NONE',  ( 976.4999999999996589, -1096.805262667903662, 70.00000000000062528 ) ) ;
#556 = LINE ( 'NONE', #1082, #782 ) ;
#557 = CARTESIAN_POINT ( 'NONE',  ( 309.8999999999996362, -1149.805262667904117, 28.00000000000046185 ) ) ;
#558 = DIRECTION ( 'NONE',  ( 0.000000000000000000, -1.369518533665899079E-16, 1.000000000000000000 ) ) ;
#559 = EDGE_CURVE ( 'NONE', #2728, #1370, #1122, .T. ) ;
#560 = FACE_OUTER_BOUND ( 'NONE', #1339, .T. ) ;
#561 = DIRECTION ( 'NONE',  ( -1.000000000000000000, 0.000000000000000000, 0.000000000000000000 ) ) ;
#562 = ADVANCED_FACE ( 'NONE', ( #2670 ), #619, .F. ) ;
#563 = EDGE_CURVE ( 'NONE', #1811, #1057, #1355, .T. ) ;
#564 = ORIENTED_EDGE ( 'NONE', *, *, #2461, .F. ) ;
#565 = PERSON_AND_ORGANIZATION_ROLE ( 'design_supplier' ) ;
#566 = ORIENTED_EDGE ( 'NONE', *, *, #1479, .T. ) ;
#567 = EDGE_CURVE ( 'NONE', #2242, #2417, #2269, .T. ) ;
#568 = EDGE_CURVE ( 'NONE', #549, #2155, #1637, .T. ) ;
#569 = CARTESIAN_POINT ( 'NONE',  ( -628.1567381882845211, -1113.805262667904117, 28.00000000000046896 ) ) ;
#570 = ORIENTED_EDGE ( 'NONE', *, *, #732, .F. ) ;
#571 = LINE ( 'NONE', #1939, #671 ) ;
#572 = FACE_OUTER_BOUND ( 'NONE', #635, .T. ) ;
#573 = DIRECTION ( 'NONE',  ( 0.000000000000000000, -1.000000000000000000, 0.000000000000000000 ) ) ;
#574 = CARTESIAN_POINT ( 'NONE',  ( 346.8999999999996362, -1102.805262667903889, 28.00000000000046896 ) ) ;
#575 = DIRECTION ( 'NONE',  ( 0.000000000000000000, -1.369518533665899079E-16, 1.000000000000000000 ) ) ;
#576 = ORIENTED_EDGE ( 'NONE', *, *, #2630, .F. ) ;
#577 = ADVANCED_FACE ( 'NONE', ( #2748 ), #2097, .F. ) ;
#578 = CIRCLE ( 'NONE', #151, 5.000000000000004441 ) ;
#579 = EDGE_LOOP ( 'NONE', ( #262, #2752, #160, #469 ) ) ;
#580 = ORIENTED_EDGE ( 'NONE', *, *, #2630, .T. ) ;
#581 = EDGE_CURVE ( 'NONE', #2279, #1338, #2805, .T. ) ;
#582 = CARTESIAN_POINT ( 'NONE',  ( -309.8999999999996362, -1155.805262667904344, 25.00000000000046185 ) ) ;
#583 = LINE ( 'NONE', #2402, #622 ) ;
#584 = CARTESIAN_POINT ( 'NONE',  ( 998.9999999999996589, -1151.305262667904344, 25.00000000000046896 ) ) ;
#585 = DIRECTION ( 'NONE',  ( 0.000000000000000000, 1.000000000000000000, 0.000000000000000000 ) ) ;
#586 = VECTOR ( 'NONE', #675, 1000.000000000000000 ) ;
#587 = ORIENTED_EDGE ( 'NONE', *, *, #892, .T. ) ;
#588 = DIRECTION ( 'NONE',  ( 0.000000000000000000, 1.000000000000000000, 1.369518533665899079E-16 ) ) ;
#589 = ORIENTED_EDGE ( 'NONE', *, *, #2283, .T. ) ;
#590 = CARTESIAN_POINT ( 'NONE',  ( -628.1567381882845211, -1154.805262667904117, 28.00000000000046896 ) ) ;
#591 = CIRCLE ( 'NONE', #2064, 5.000000000000004441 ) ;
#592 = AXIS2_PLACEMENT_3D ( 'NONE', #663, #1344, #1764 ) ;
#593 = EDGE_LOOP ( 'NONE', ( #1714, #846, #2227, #452 ) ) ;
#594 = ORIENTED_EDGE ( 'NONE', *, *, #2969, .T. ) ;
#595 = AXIS2_PLACEMENT_3D ( 'NONE', #2236, #1368, #1804 ) ;
#596 = PLANE ( 'NONE',  #1406 ) ;
#597 = VERTEX_POINT ( 'NONE', #1608 ) ;
#598 = DIRECTION ( 'NONE',  ( 1.000000000000000000, 0.000000000000000000, 0.000000000000000000 ) ) ;
#599 = AXIS2_PLACEMENT_3D ( 'NONE', #657, #1803, #481 ) ;
#600 = ADVANCED_FACE ( 'NONE', ( #2085 ), #45, .F. ) ;
#601 = LINE ( 'NONE', #1466, #1309 ) ;
#602 = DIRECTION ( 'NONE',  ( 0.000000000000000000, -1.000000000000000000, -1.369518533665899079E-16 ) ) ;
#603 = EDGE_CURVE ( 'NONE', #94, #1544, #2591, .T. ) ;
#604 = DIRECTION ( 'NONE',  ( -1.000000000000000000, 0.000000000000000000, 0.000000000000000000 ) ) ;
#605 = DIRECTION ( 'NONE',  ( -1.000000000000000000, 0.000000000000000000, 0.000000000000000000 ) ) ;
#606 = CARTESIAN_POINT ( 'NONE',  ( 981.4999999999996589, -1096.805262667903889, 25.00000000000048317 ) ) ;
#607 = PERSON_AND_ORGANIZATION_ROLE ( 'classification_officer' ) ;
#608 = VERTEX_POINT ( 'NONE', #369 ) ;
#609 = VERTEX_POINT ( 'NONE', #2835 ) ;
#610 = DIRECTION ( 'NONE',  ( 1.000000000000000000, 0.000000000000000000, 0.000000000000000000 ) ) ;
#611 = ORIENTED_EDGE ( 'NONE', *, *, #436, .T. ) ;
#612 = DIRECTION ( 'NONE',  ( 0.000000000000000000, 0.000000000000000000, 1.000000000000000000 ) ) ;
#613 = ADVANCED_FACE ( 'NONE', ( #2609 ), #1962, .F. ) ;
#614 = CARTESIAN_POINT ( 'NONE',  ( -981.4999999999995453, -1099.805262667904117, 31.00000000000047251 ) ) ;
#615 = CARTESIAN_POINT ( 'NONE',  ( -981.4999999999995453, -1166.805262667904117, 31.00000000000046185 ) ) ;
#616 = DIRECTION ( 'NONE',  ( -0.000000000000000000, 1.000000000000000000, 1.369518533665899079E-16 ) ) ;
#617 = ORIENTED_EDGE ( 'NONE', *, *, #1616, .T. ) ;
#618 = APPROVAL ( #1627, 'UNSPECIFIED' ) ;
#619 = PLANE ( 'NONE',  #1210 ) ;
#620 = EDGE_LOOP ( 'NONE', ( #2411, #811, #2481, #760 ) ) ;
#621 = ORIENTED_EDGE ( 'NONE', *, *, #1224, .F. ) ;
#622 = VECTOR ( 'NONE', #324, 1000.000000000000000 ) ;
#623 = CARTESIAN_POINT ( 'NONE',  ( 1090.972523324353915, -1166.805262667904117, 75.00000000000061107 ) ) ;
#624 = DIRECTION ( 'NONE',  ( 0.000000000000000000, -4.440892098500612751E-15, -1.000000000000000000 ) ) ;
#625 = DIRECTION ( 'NONE',  ( 0.000000000000000000, 0.000000000000000000, -1.000000000000000000 ) ) ;
#626 = CARTESIAN_POINT ( 'NONE',  ( -999.9999999999996589, -1151.305262667904344, 28.00000000000046896 ) ) ;
#627 = LINE ( 'NONE', #1296, #411 ) ;
#628 = CIRCLE ( 'NONE', #2688, 5.000000000000115463 ) ;
#629 = VERTEX_POINT ( 'NONE', #2341 ) ;
#630 = ORIENTED_EDGE ( 'NONE', *, *, #2855, .T. ) ;
#631 = EDGE_CURVE ( 'NONE', #979, #1277, #97, .T. ) ;
#632 = ADVANCED_FACE ( 'NONE', ( #2878 ), #331, .F. ) ;
#633 = EDGE_LOOP ( 'NONE', ( #715, #2564 ) ) ;
#634 = CIRCLE ( 'NONE', #737, 5.000000000000115463 ) ;
#635 = EDGE_LOOP ( 'NONE', ( #2775, #1864, #1661, #1589, #2139, #245 ) ) ;
#636 = EDGE_CURVE ( 'NONE', #415, #297, #1260, .T. ) ;
#637 = LINE ( 'NONE', #433, #1744 ) ;
#638 = EDGE_LOOP ( 'NONE', ( #2003, #429, #776, #30 ) ) ;
#639 = CARTESIAN_POINT ( 'NONE',  ( -309.8999999999996362, -1107.805262667903889, 25.00000000000046541 ) ) ;
#640 = VECTOR ( 'NONE', #1565, 1000.000000000000000 ) ;
#641 = VECTOR ( 'NONE', #1218, 1000.000000000000000 ) ;
#642 = FACE_BOUND ( 'NONE', #145, .T. ) ;
#643 = ORIENTED_EDGE ( 'NONE', *, *, #2248, .F. ) ;
#644 = CARTESIAN_POINT ( 'NONE',  ( 1090.972523324353915, -1113.805262667903889, 25.00000000000046541 ) ) ;
#645 = FACE_OUTER_BOUND ( 'NONE', #1474, .T. ) ;
#646 = DIRECTION ( 'NONE',  ( -0.000000000000000000, 1.000000000000000000, 1.369518533665899079E-16 ) ) ;
#647 = ORIENTED_EDGE ( 'NONE', *, *, #2273, .F. ) ;
#648 = ORIENTED_EDGE ( 'NONE', *, *, #765, .T. ) ;
#649 = EDGE_CURVE ( 'NONE', #1626, #2758, #919, .T. ) ;
#650 = ORIENTED_EDGE ( 'NONE', *, *, #662, .F. ) ;
#651 = DIRECTION ( 'NONE',  ( 0.000000000000000000, -1.369518533665899079E-16, 1.000000000000000000 ) ) ;
#652 = CARTESIAN_POINT ( 'NONE',  ( -628.1567381882845211, -1149.805262667904117, 28.00000000000046896 ) ) ;
#653 = DIRECTION ( 'NONE',  ( 0.000000000000000000, 0.000000000000000000, 1.000000000000000000 ) ) ;
#654 = ADVANCED_FACE ( 'NONE', ( #2925 ), #2206, .F. ) ;
#655 = DIRECTION ( 'NONE',  ( -1.000000000000000000, 0.000000000000000000, 0.000000000000000000 ) ) ;
#656 = EDGE_LOOP ( 'NONE', ( #2514, #1829, #589, #1234 ) ) ;
#657 = CARTESIAN_POINT ( 'NONE',  ( -981.4999999999995453, -1099.805262667904117, 31.00000000000047251 ) ) ;
#658 = DIRECTION ( 'NONE',  ( -1.000000000000000000, 0.000000000000000000, 0.000000000000000000 ) ) ;
#659 = VERTEX_POINT ( 'NONE', #2510 ) ;
#660 = ORIENTED_EDGE ( 'NONE', *, *, #1850, .F. ) ;
#661 = EDGE_LOOP ( 'NONE', ( #1613, #2099, #2240, #490 ) ) ;
#662 = EDGE_CURVE ( 'NONE', #2088, #1979, #720, .T. ) ;
#663 = CARTESIAN_POINT ( 'NONE',  ( 1090.972523324353915, -1155.305262667904344, 28.00000000000046185 ) ) ;
#664 = ORIENTED_EDGE ( 'NONE', *, *, #1792, .F. ) ;
#665 = CARTESIAN_POINT ( 'NONE',  ( 981.4999999999996589, -1163.805262667904117, 31.00000000000046185 ) ) ;
#666 = ADVANCED_FACE ( 'NONE', ( #706 ), #1174, .T. ) ;
#667 = DESIGN_CONTEXT ( 'detailed design', #1721, 'design' ) ;
#668 = ADVANCED_FACE ( 'NONE', ( #2161 ), #2572, .T. ) ;
#669 = FACE_BOUND ( 'NONE', #638, .T. ) ;
#670 = LINE ( 'NONE', #425, #1531 ) ;
#671 = VECTOR ( 'NONE', #1971, 1000.000000000000000 ) ;
#672 = DIRECTION ( 'NONE',  ( -1.000000000000000000, 0.000000000000000000, 0.000000000000000000 ) ) ;
#673 = DIRECTION ( 'NONE',  ( 2.197112346455275869E-48, -0.000000000000000000, -1.000000000000000000 ) ) ;
#674 = ORIENTED_EDGE ( 'NONE', *, *, #822, .T. ) ;
#675 = DIRECTION ( 'NONE',  ( 0.000000000000000000, -1.000000000000000000, -1.369518533665899079E-16 ) ) ;
#676 = ORIENTED_EDGE ( 'NONE', *, *, #2476, .F. ) ;
#677 = ORIENTED_EDGE ( 'NONE', *, *, #2797, .F. ) ;
#678 = DIRECTION ( 'NONE',  ( 0.000000000000000000, -1.000000000000000000, 0.000000000000000000 ) ) ;
#679 = EDGE_LOOP ( 'NONE', ( #2004, #2022, #1952, #1121 ) ) ;
#680 = VECTOR ( 'NONE', #974, 1000.000000000000000 ) ;
#681 = DIRECTION ( 'NONE',  ( 0.000000000000000000, 1.000000000000000000, 0.000000000000000000 ) ) ;
#682 = ORIENTED_EDGE ( 'NONE', *, *, #1011, .F. ) ;
#683 = CARTESIAN_POINT ( 'NONE',  ( 1090.972523324353915, -1102.805262667903889, 25.00000000000046896 ) ) ;
#684 = CARTESIAN_POINT ( 'NONE',  ( -976.4999999999996589, -1093.805262667903889, 70.00000000000061107 ) ) ;
#685 = ORIENTED_EDGE ( 'NONE', *, *, #1986, .F. ) ;
#686 = FACE_OUTER_BOUND ( 'NONE', #2459, .T. ) ;
#687 = AXIS2_PLACEMENT_3D ( 'NONE', #1846, #2120, #2319 ) ;
#688 = EDGE_CURVE ( 'NONE', #1811, #466, #1706, .T. ) ;
#689 = VERTEX_POINT ( 'NONE', #2369 ) ;
#690 = LINE ( 'NONE', #707, #2750 ) ;
#691 = DIRECTION ( 'NONE',  ( -1.000000000000000000, 0.000000000000000000, 0.000000000000000000 ) ) ;
#692 = ORIENTED_EDGE ( 'NONE', *, *, #1807, .F. ) ;
#693 = VERTEX_POINT ( 'NONE', #1451 ) ;
#694 = VECTOR ( 'NONE', #658, 1000.000000000000000 ) ;
#695 = ADVANCED_FACE ( 'NONE', ( #1214 ), #1243, .F. ) ;
#696 = VERTEX_POINT ( 'NONE', #1899 ) ;
#697 = EDGE_CURVE ( 'NONE', #352, #404, #1925, .T. ) ;
#698 = CARTESIAN_POINT ( 'NONE',  ( -309.8999999999996362, -1093.805262667904117, 28.00000000000046896 ) ) ;
#699 = ORIENTED_EDGE ( 'NONE', *, *, #2568, .T. ) ;
#700 = PLANE ( 'NONE',  #2301 ) ;
#701 = VERTEX_POINT ( 'NONE', #1435 ) ;
#702 = FACE_OUTER_BOUND ( 'NONE', #1748, .T. ) ;
#703 = DIRECTION ( 'NONE',  ( 0.000000000000000000, -1.000000000000000000, 0.000000000000000000 ) ) ;
#704 = VERTEX_POINT ( 'NONE', #1478 ) ;
#705 = CARTESIAN_POINT ( 'NONE',  ( 628.1567381882845211, -1113.805262667904117, 25.00000000000046896 ) ) ;
#706 = FACE_OUTER_BOUND ( 'NONE', #1271, .T. ) ;
#707 = CARTESIAN_POINT ( 'NONE',  ( 1090.972523324353915, -1155.805262667904344, 28.00000000000046185 ) ) ;
#708 = ORIENTED_EDGE ( 'NONE', *, *, #2681, .F. ) ;
#709 = ORIENTED_EDGE ( 'NONE', *, *, #2969, .F. ) ;
#710 = EDGE_CURVE ( 'NONE', #1284, #2485, #2135, .T. ) ;
#711 = CARTESIAN_POINT ( 'NONE',  ( -313.0999999999995111, -1113.805262667903889, 25.00000000000046541 ) ) ;
#712 = CARTESIAN_POINT ( 'NONE',  ( -346.8999999999996362, -1102.805262667903889, 28.00000000000046896 ) ) ;
#713 = ORIENTED_EDGE ( 'NONE', *, *, #2378, .F. ) ;
#714 = CARTESIAN_POINT ( 'NONE',  ( -981.4999999999995453, -1163.805262667904117, 31.00000000000046185 ) ) ;
#715 = ORIENTED_EDGE ( 'NONE', *, *, #1663, .T. ) ;
#716 = VERTEX_POINT ( 'NONE', #2813 ) ;
#717 = LINE ( 'NONE', #2307, #1503 ) ;
#718 = ORIENTED_EDGE ( 'NONE', *, *, #783, .T. ) ;
#719 = DIRECTION ( 'NONE',  ( -1.604295445768149458E-32, -1.000000000000000000, -1.369518533665899079E-16 ) ) ;
#720 = LINE ( 'NONE', #2278, #1881 ) ;
#721 = VECTOR ( 'NONE', #2011, 1000.000000000000000 ) ;
#722 = DIRECTION ( 'NONE',  ( 0.000000000000000000, -1.369518533665899079E-16, 1.000000000000000000 ) ) ;
#723 = PLANE ( 'NONE',  #870 ) ;
#724 = ORIENTED_EDGE ( 'NONE', *, *, #559, .T. ) ;
#725 = DIRECTION ( 'NONE',  ( 0.000000000000000000, -1.000000000000000000, 0.000000000000000000 ) ) ;
#726 = CARTESIAN_POINT ( 'NONE',  ( 999.9999999999996589, -1108.305262667903889, 28.00000000000046896 ) ) ;
#727 = ORIENTED_EDGE ( 'NONE', *, *, #1767, .F. ) ;
#728 = ADVANCED_FACE ( 'NONE', ( #2123 ), #2333, .F. ) ;
#729 = DIRECTION ( 'NONE',  ( -1.000000000000000000, 1.508922627792021444E-47, 2.066497504629024295E-63 ) ) ;
#730 = VERTEX_POINT ( 'NONE', #2584 ) ;
#731 = PERSON_AND_ORGANIZATION ( #1777, #1794 ) ;
#732 = EDGE_CURVE ( 'NONE', #495, #2578, #983, .T. ) ;
#733 = AXIS2_PLACEMENT_3D ( 'NONE', #744, #293, #72 ) ;
#734 = CARTESIAN_POINT ( 'NONE',  ( -313.0999999999995111, -1149.805262667904117, 28.00000000000046185 ) ) ;
#735 = ORIENTED_EDGE ( 'NONE', *, *, #362, .T. ) ;
#736 = CARTESIAN_POINT ( 'NONE',  ( -999.9999999999996589, -1112.305262667903889, 28.00000000000046896 ) ) ;
#737 = AXIS2_PLACEMENT_3D ( 'NONE', #2792, #1655, #725 ) ;
#738 = VECTOR ( 'NONE', #208, 1000.000000000000000 ) ;
#739 = CIRCLE ( 'NONE', #2403, 1.000000000000000888 ) ;
#740 = DIRECTION ( 'NONE',  ( 0.000000000000000000, -1.369518533665899079E-16, 1.000000000000000000 ) ) ;
#741 = VERTEX_POINT ( 'NONE', #1907 ) ;
#742 = AXIS2_PLACEMENT_3D ( 'NONE', #319, #1855, #1610 ) ;
#743 = VECTOR ( 'NONE', #585, 1000.000000000000000 ) ;
#744 = CARTESIAN_POINT ( 'NONE',  ( -313.0999999999995111, -1093.805262667904117, 28.00000000000046896 ) ) ;
#745 = EDGE_CURVE ( 'NONE', #1376, #2714, #259, .T. ) ;
#746 = EDGE_CURVE ( 'NONE', #2130, #2610, #23, .T. ) ;
#747 = DIRECTION ( 'NONE',  ( 0.000000000000000000, -1.000000000000000000, -1.369518533665899079E-16 ) ) ;
#748 = CARTESIAN_POINT ( 'NONE',  ( -999.9999999999995453, -1154.305262667904344, 25.00000000000046185 ) ) ;
#749 = CARTESIAN_POINT ( 'NONE',  ( 981.4999999999996589, -1166.805262667904117, 25.00000000000045830 ) ) ;
#750 = ADVANCED_FACE ( 'NONE', ( #2523 ), #287, .F. ) ;
#751 = EDGE_LOOP ( 'NONE', ( #2237, #930, #46, #136 ) ) ;
#752 = DIRECTION ( 'NONE',  ( 0.000000000000000000, -1.369518533665899079E-16, 1.000000000000000000 ) ) ;
#753 = CARTESIAN_POINT ( 'NONE',  ( -981.4999999999995453, -1096.805262667904117, 31.00000000000045830 ) ) ;
#754 = CARTESIAN_POINT ( 'NONE',  ( -628.1567381882845211, -1144.805262667903889, 25.00000000000046896 ) ) ;
#755 = DIRECTION ( 'NONE',  ( -0.000000000000000000, -1.000000000000000000, -1.369518533665899079E-16 ) ) ;
#756 = DIRECTION ( 'NONE',  ( 0.000000000000000000, -1.369518533665899079E-16, 1.000000000000000000 ) ) ;
#757 = EDGE_CURVE ( 'NONE', #199, #2747, #454, .T. ) ;
#758 = VERTEX_POINT ( 'NONE', #807 ) ;
#759 = APPROVAL_ROLE ( '' ) ;
#760 = ORIENTED_EDGE ( 'NONE', *, *, #1597, .T. ) ;
#761 = ADVANCED_FACE ( 'NONE', ( #2192 ), #2621, .T. ) ;
#762 = FACE_OUTER_BOUND ( 'NONE', #390, .T. ) ;
#763 = DIRECTION ( 'NONE',  ( 0.000000000000000000, -1.000000000000000000, 0.000000000000000000 ) ) ;
#764 = DIRECTION ( 'NONE',  ( 0.000000000000000000, -1.000000000000000000, -1.369518533665899079E-16 ) ) ;
#765 = EDGE_CURVE ( 'NONE', #2345, #2088, #2395, .T. ) ;
#766 = CARTESIAN_POINT ( 'NONE',  ( 989.9999999999995453, -1163.805262667904117, 25.00000000000046896 ) ) ;
#767 = DIRECTION ( 'NONE',  ( 0.000000000000000000, -1.000000000000000000, 4.440892098500612751E-15 ) ) ;
#768 = CARTESIAN_POINT ( 'NONE',  ( -628.1567381882845211, -1108.805262667903889, 25.00000000000046896 ) ) ;
#769 = DIRECTION ( 'NONE',  ( 0.000000000000000000, -1.369518533665899079E-16, 1.000000000000000000 ) ) ;
#770 = CYLINDRICAL_SURFACE ( 'NONE', #1736, 5.000000000000115463 ) ;
#771 = AXIS2_PLACEMENT_3D ( 'NONE', #665, #2027, #1317 ) ;
#772 = ORIENTED_EDGE ( 'NONE', *, *, #1931, .F. ) ;
#773 = VERTEX_POINT ( 'NONE', #2657 ) ;
#774 = AXIS2_PLACEMENT_3D ( 'NONE', #64, #970, #1892 ) ;
#775 = CARTESIAN_POINT ( 'NONE',  ( -976.4999999999996589, -1166.805262667904117, 70.00000000000059686 ) ) ;
#776 = ORIENTED_EDGE ( 'NONE', *, *, #745, .F. ) ;
#777 = CARTESIAN_POINT ( 'NONE',  ( 998.9999999999996589, -1112.305262667903889, 28.00000000000046896 ) ) ;
#778 = ADVANCED_FACE ( 'NONE', ( #1982 ), #1087, .T. ) ;
#779 = VECTOR ( 'NONE', #769, 1000.000000000000000 ) ;
#780 = DIRECTION ( 'NONE',  ( 0.000000000000000000, -1.000000000000000000, -1.369518533665899079E-16 ) ) ;
#781 = LINE ( 'NONE', #1693, #448 ) ;
#782 = VECTOR ( 'NONE', #1046, 1000.000000000000000 ) ;
#783 = EDGE_CURVE ( 'NONE', #1687, #1341, #386, .T. ) ;
#784 = AXIS2_PLACEMENT_3D ( 'NONE', #2537, #2783, #2799 ) ;
#785 = APPROVAL_PERSON_ORGANIZATION ( #1384, #1498, #248 ) ;
#786 = PLANE ( 'NONE',  #2649 ) ;
#787 = AXIS2_PLACEMENT_3D ( 'NONE', #584, #2407, #655 ) ;
#788 = EDGE_CURVE ( 'NONE', #2061, #2324, #2210, .T. ) ;
#789 = ORIENTED_EDGE ( 'NONE', *, *, #2365, .T. ) ;
#790 = VECTOR ( 'NONE', #1139, 1000.000000000000000 ) ;
#791 = VERTEX_POINT ( 'NONE', #590 ) ;
#792 = FACE_BOUND ( 'NONE', #1796, .T. ) ;
#793 = DIRECTION ( 'NONE',  ( 0.000000000000000000, -1.369518533665899079E-16, 1.000000000000000000 ) ) ;
#794 = CARTESIAN_POINT ( 'NONE',  ( -995.9999999999995453, -1093.805262667904117, 28.00000000000046896 ) ) ;
#795 = EDGE_CURVE ( 'NONE', #890, #1055, #1727, .T. ) ;
#796 = DIRECTION ( 'NONE',  ( 0.000000000000000000, -1.369518533665899079E-16, 1.000000000000000000 ) ) ;
#797 = LINE ( 'NONE', #346, #1599 ) ;
#798 = DIRECTION ( 'NONE',  ( 0.000000000000000000, -1.369518533665899079E-16, 1.000000000000000000 ) ) ;
#799 = LINE ( 'NONE', #468, #263 ) ;
#800 = VERTEX_POINT ( 'NONE', #2901 ) ;
#801 = ADVANCED_FACE ( 'NONE', ( #1759 ), #1506, .F. ) ;
#802 = EDGE_CURVE ( 'NONE', #1461, #1007, #2915, .T. ) ;
#803 = ORIENTED_EDGE ( 'NONE', *, *, #1807, .T. ) ;
#804 = DIRECTION ( 'NONE',  ( 0.000000000000000000, 1.000000000000000000, 0.000000000000000000 ) ) ;
#805 = VERTEX_POINT ( 'NONE', #113 ) ;
#806 = CARTESIAN_POINT ( 'NONE',  ( -350.0999999999996248, -1154.805262667903889, 28.00000000000046185 ) ) ;
#807 = CARTESIAN_POINT ( 'NONE',  ( -628.1567381882845211, -1144.805262667903889, 28.00000000000046896 ) ) ;
#808 = CARTESIAN_POINT ( 'NONE',  ( -628.1567381882845211, -1113.805262667904117, 28.00000000000046896 ) ) ;
#809 = CARTESIAN_POINT ( 'NONE',  ( 1090.972523324353915, -1155.305262667904344, 28.00000000000046185 ) ) ;
#810 = CARTESIAN_POINT ( 'NONE',  ( 999.9999999999996589, -1154.305262667904344, 28.00000000000046896 ) ) ;
#811 = ORIENTED_EDGE ( 'NONE', *, *, #2881, .F. ) ;
#812 = VERTEX_POINT ( 'NONE', #143 ) ;
#813 = CARTESIAN_POINT ( 'NONE',  ( 309.8999999999996362, -1093.805262667904117, 25.00000000000046896 ) ) ;
#814 = DIRECTION ( 'NONE',  ( 1.000000000000000000, 0.000000000000000000, -0.000000000000000000 ) ) ;
#815 = VECTOR ( 'NONE', #1647, 1000.000000000000000 ) ;
#816 = ORIENTED_EDGE ( 'NONE', *, *, #581, .T. ) ;
#817 = ADVANCED_FACE ( 'NONE', ( #1964, #2169, #2879, #1023, #1983, #2093, #792, #2639, #2211, #1517, #2426, #1761, #1088 ), #856, .F. ) ;
#818 = ORIENTED_EDGE ( 'NONE', *, *, #2494, .T. ) ;
#819 = DIRECTION ( 'NONE',  ( 0.000000000000000000, -1.000000000000000000, -1.369518533665899079E-16 ) ) ;
#820 = PLANE ( 'NONE',  #877 ) ;
#821 = CARTESIAN_POINT ( 'NONE',  ( 350.0999999999996248, -1154.805262667903889, 25.00000000000046185 ) ) ;
#822 = EDGE_CURVE ( 'NONE', #2758, #2170, #2590, .T. ) ;
#823 = DIRECTION ( 'NONE',  ( 0.000000000000000000, -1.369518533665899079E-16, 1.000000000000000000 ) ) ;
#824 = CYLINDRICAL_SURFACE ( 'NONE', #1550, 8.499999999999729994 ) ;
#825 = CIRCLE ( 'NONE', #1115, 1.000000000000000888 ) ;
#826 = VECTOR ( 'NONE', #2326, 1000.000000000000000 ) ;
#827 = CARTESIAN_POINT ( 'NONE',  ( -998.9999999999996589, -1113.305262667903889, 28.00000000000046896 ) ) ;
#828 = DIRECTION ( 'NONE',  ( -1.000000000000000000, -0.000000000000000000, -0.000000000000000000 ) ) ;
#829 = AXIS2_PLACEMENT_3D ( 'NONE', #2358, #756, #2577 ) ;
#830 = ORIENTED_EDGE ( 'NONE', *, *, #2512, .F. ) ;
#831 = CIRCLE ( 'NONE', #2159, 5.000000000000115463 ) ;
#832 = VERTEX_POINT ( 'NONE', #1207 ) ;
#833 = ORIENTED_EDGE ( 'NONE', *, *, #159, .F. ) ;
#834 = AXIS2_PLACEMENT_3D ( 'NONE', #1810, #2717, #1360 ) ;
#835 = ORIENTED_EDGE ( 'NONE', *, *, #365, .F. ) ;
#836 = FACE_OUTER_BOUND ( 'NONE', #2917, .T. ) ;
#837 = LINE ( 'NONE', #342, #1054 ) ;
#838 = VECTOR ( 'NONE', #517, 1000.000000000000000 ) ;
#839 = CARTESIAN_POINT ( 'NONE',  ( -998.9999999999996589, -1154.305262667904344, 25.00000000000046896 ) ) ;
#840 = DIRECTION ( 'NONE',  ( 0.000000000000000000, 1.000000000000000000, 0.000000000000000000 ) ) ;
#841 = CARTESIAN_POINT ( 'NONE',  ( -995.9999999999995453, -1150.305262667904344, 25.00000000000046185 ) ) ;
#842 = VERTEX_POINT ( 'NONE', #68 ) ;
#843 = ORIENTED_EDGE ( 'NONE', *, *, #2723, .F. ) ;
#844 = VERTEX_POINT ( 'NONE', #1235 ) ;
#845 = ORIENTED_EDGE ( 'NONE', *, *, #2723, .T. ) ;
#846 = ORIENTED_EDGE ( 'NONE', *, *, #2132, .F. ) ;
#847 = LINE ( 'NONE', #2934, #168 ) ;
#848 = DIRECTION ( 'NONE',  ( -1.000000000000000000, 0.000000000000000000, 0.000000000000000000 ) ) ;
#849 = ORIENTED_EDGE ( 'NONE', *, *, #1734, .F. ) ;
#850 = DIRECTION ( 'NONE',  ( 1.000000000000000000, 0.000000000000000000, 0.000000000000000000 ) ) ;
#851 = LINE ( 'NONE', #626, #1933 ) ;
#852 = CARTESIAN_POINT ( 'NONE',  ( 981.4999999999996589, -1163.805262667904117, 31.00000000000046185 ) ) ;
#853 = ORIENTED_EDGE ( 'NONE', *, *, #631, .F. ) ;
#854 = EDGE_CURVE ( 'NONE', #1119, #2364, #95, .T. ) ;
#855 = EDGE_CURVE ( 'NONE', #2118, #1489, #2204, .T. ) ;
#856 = PLANE ( 'NONE',  #2937 ) ;
#857 = ORIENTED_EDGE ( 'NONE', *, *, #795, .F. ) ;
#858 = EDGE_LOOP ( 'NONE', ( #2646, #1808, #2065, #1085 ) ) ;
#859 = ORIENTED_EDGE ( 'NONE', *, *, #461, .T. ) ;
#860 = EDGE_CURVE ( 'NONE', #659, #2625, #276, .T. ) ;
#861 = ORIENTED_EDGE ( 'NONE', *, *, #2078, .T. ) ;
#862 = AXIS2_PLACEMENT_3D ( 'NONE', #2075, #1172, #1888 ) ;
#863 = PLANE ( 'NONE',  #1268 ) ;
#864 = CARTESIAN_POINT ( 'NONE',  ( -346.8999999999996362, -1160.805262667903889, 28.00000000000045830 ) ) ;
#865 = CARTESIAN_POINT ( 'NONE',  ( 1090.972523324353915, -1113.805262667903889, 28.00000000000046541 ) ) ;
#866 = CARTESIAN_POINT ( 'NONE',  ( 350.0999999999996248, -1102.805262667903889, 28.00000000000046896 ) ) ;
#867 = VERTEX_POINT ( 'NONE', #1456 ) ;
#868 = EDGE_CURVE ( 'NONE', #2610, #2130, #2495, .T. ) ;
#869 = CARTESIAN_POINT ( 'NONE',  ( 999.9999999999996589, -1109.305262667903889, 28.00000000000046896 ) ) ;
#870 = AXIS2_PLACEMENT_3D ( 'NONE', #2771, #2725, #1587 ) ;
#871 = ORIENTED_EDGE ( 'NONE', *, *, #1354, .T. ) ;
#872 = AXIS2_PLACEMENT_3D ( 'NONE', #2254, #2563, #1428 ) ;
#873 = EDGE_CURVE ( 'NONE', #2589, #233, #2177, .T. ) ;
#874 = AXIS2_PLACEMENT_3D ( 'NONE', #998, #752, #1424 ) ;
#875 = AXIS2_PLACEMENT_3D ( 'NONE', #1107, #2732, #896 ) ;
#876 = ORIENTED_EDGE ( 'NONE', *, *, #2964, .T. ) ;
#877 = AXIS2_PLACEMENT_3D ( 'NONE', #1733, #148, #2141 ) ;
#878 = LINE ( 'NONE', #2904, #640 ) ;
#879 = CARTESIAN_POINT ( 'NONE',  ( -999.9999999999996589, -1108.305262667903889, 28.00000000000046896 ) ) ;
#880 = VECTOR ( 'NONE', #2208, 1000.000000000000000 ) ;
#881 = VECTOR ( 'NONE', #2126, 1000.000000000000000 ) ;
#882 = DIRECTION ( 'NONE',  ( 0.000000000000000000, -4.440892098500612751E-15, -1.000000000000000000 ) ) ;
#883 = EDGE_LOOP ( 'NONE', ( #660, #921, #228, #314 ) ) ;
#884 = DIRECTION ( 'NONE',  ( 0.000000000000000000, -1.000000000000000000, 0.000000000000000000 ) ) ;
#885 = DIRECTION ( 'NONE',  ( -1.000000000000000000, -0.000000000000000000, -0.000000000000000000 ) ) ;
#886 = ORIENTED_EDGE ( 'NONE', *, *, #477, .F. ) ;
#887 = ORIENTED_EDGE ( 'NONE', *, *, #1295, .F. ) ;
#888 = EDGE_CURVE ( 'NONE', #199, #693, #1513, .T. ) ;
#889 = ORIENTED_EDGE ( 'NONE', *, *, #860, .T. ) ;
#890 = VERTEX_POINT ( 'NONE', #3 ) ;
#891 = ORIENTED_EDGE ( 'NONE', *, *, #2147, .F. ) ;
#892 = EDGE_CURVE ( 'NONE', #1572, #741, #1350, .T. ) ;
#893 = PLANE ( 'NONE',  #2933 ) ;
#894 = LINE ( 'NONE', #1301, #2020 ) ;
#895 = ORIENTED_EDGE ( 'NONE', *, *, #1658, .T. ) ;
#896 = DIRECTION ( 'NONE',  ( 1.000000000000000000, 0.000000000000000000, 0.000000000000000000 ) ) ;
#897 = FACE_BOUND ( 'NONE', #2902, .T. ) ;
#898 = PLANE ( 'NONE',  #2285 ) ;
#899 = CARTESIAN_POINT ( 'NONE',  ( -1003.999999999999773, -1113.305262667903889, 28.00000000000046896 ) ) ;
#900 = DIRECTION ( 'NONE',  ( -1.000000000000000000, 0.000000000000000000, 0.000000000000000000 ) ) ;
#901 = ORIENTED_EDGE ( 'NONE', *, *, #1849, .T. ) ;
#902 = VERTEX_POINT ( 'NONE', #1378 ) ;
#903 = DIRECTION ( 'NONE',  ( -1.000000000000000000, 0.000000000000000000, 0.000000000000000000 ) ) ;
#904 = DIRECTION ( 'NONE',  ( 0.000000000000000000, 1.000000000000000000, 0.000000000000000000 ) ) ;
#905 = EDGE_CURVE ( 'NONE', #2578, #2836, #591, .T. ) ;
#906 = DIRECTION ( 'NONE',  ( 0.000000000000000000, -1.000000000000000000, 4.440892098500612751E-15 ) ) ;
#907 = CARTESIAN_POINT ( 'NONE',  ( -628.1567381882845211, -1113.805262667904117, 28.00000000000046896 ) ) ;
#908 = LINE ( 'NONE', #866, #508 ) ;
#909 = AXIS2_PLACEMENT_3D ( 'NONE', #1010, #1923, #223 ) ;
#910 = ADVANCED_FACE ( 'NONE', ( #645 ), #2465, .F. ) ;
#911 = EDGE_LOOP ( 'NONE', ( #1114, #1876, #2527, #387 ) ) ;
#912 = DIRECTION ( 'NONE',  ( 0.000000000000000000, -1.000000000000000000, 0.000000000000000000 ) ) ;
#913 = EDGE_LOOP ( 'NONE', ( #2487, #1731, #2051, #1856 ) ) ;
#914 = ORIENTED_EDGE ( 'NONE', *, *, #2638, .F. ) ;
#915 = VERTEX_POINT ( 'NONE', #711 ) ;
#916 = DIRECTION ( 'NONE',  ( 0.000000000000000000, 0.000000000000000000, 1.000000000000000000 ) ) ;
#917 = ORIENTED_EDGE ( 'NONE', *, *, #2455, .T. ) ;
#918 = PLANE ( 'NONE',  #255 ) ;
#919 = CIRCLE ( 'NONE', #2593, 5.000000000000004441 ) ;
#920 = DIRECTION ( 'NONE',  ( 0.000000000000000000, -1.000000000000000000, -1.369518533665899079E-16 ) ) ;
#921 = ORIENTED_EDGE ( 'NONE', *, *, #2160, .T. ) ;
#922 = FACE_OUTER_BOUND ( 'NONE', #1319, .T. ) ;
#923 = CYLINDRICAL_SURFACE ( 'NONE', #2062, 0.9999999999998898659 ) ;
#924 = LINE ( 'NONE', #1887, #2069 ) ;
#925 = CARTESIAN_POINT ( 'NONE',  ( -998.9999999999996589, -1113.305262667903889, 28.00000000000046896 ) ) ;
#926 = CIRCLE ( 'NONE', #1840, 5.000000000000004441 ) ;
#927 = CC_DESIGN_APPROVAL ( #2868, ( #167 ) ) ;
#928 = VECTOR ( 'NONE', #14, 1000.000000000000000 ) ;
#929 = LINE ( 'NONE', #486, #694 ) ;
#930 = ORIENTED_EDGE ( 'NONE', *, *, #1016, .F. ) ;
#931 = EDGE_LOOP ( 'NONE', ( #1699, #243, #403, #594 ) ) ;
#932 = CARTESIAN_POINT ( 'NONE',  ( -989.9999999999995453, -1155.305262667904344, 28.00000000000046896 ) ) ;
#933 = ORIENTED_EDGE ( 'NONE', *, *, #1659, .T. ) ;
#934 = ORIENTED_EDGE ( 'NONE', *, *, #326, .F. ) ;
#935 = DIRECTION ( 'NONE',  ( 0.000000000000000000, -1.369518533665899079E-16, 1.000000000000000000 ) ) ;
#936 = CARTESIAN_POINT ( 'NONE',  ( 1090.972523324353915, -1093.805262667904117, 31.00000000000044409 ) ) ;
#937 = DIRECTION ( 'NONE',  ( 0.000000000000000000, -1.369518533665899079E-16, 1.000000000000000000 ) ) ;
#938 = CARTESIAN_POINT ( 'NONE',  ( 309.8999999999996362, -1155.805262667904344, 28.00000000000046185 ) ) ;
#939 = DIRECTION ( 'NONE',  ( 0.000000000000000000, 0.000000000000000000, -1.000000000000000000 ) ) ;
#940 = LINE ( 'NONE', #53, #77 ) ;
#941 = VERTEX_POINT ( 'NONE', #12 ) ;
#942 = VERTEX_POINT ( 'NONE', #1609 ) ;
#943 = EDGE_CURVE ( 'NONE', #704, #1007, #402, .T. ) ;
#944 = DIRECTION ( 'NONE',  ( 0.000000000000000000, -1.369518533665899079E-16, 1.000000000000000000 ) ) ;
#945 = ORIENTED_EDGE ( 'NONE', *, *, #1813, .F. ) ;
#946 = CARTESIAN_POINT ( 'NONE',  ( -309.8999999999996362, -1107.805262667903889, 28.00000000000046541 ) ) ;
#947 = ORIENTED_EDGE ( 'NONE', *, *, #426, .F. ) ;
#948 = FACE_OUTER_BOUND ( 'NONE', #389, .T. ) ;
#949 = ADVANCED_FACE ( 'NONE', ( #2966 ), #918, .F. ) ;
#950 = EDGE_LOOP ( 'NONE', ( #713, #149, #1361, #1901 ) ) ;
#951 = EDGE_CURVE ( 'NONE', #1572, #2427, #1821, .T. ) ;
#952 = AXIS2_PLACEMENT_3D ( 'NONE', #2474, #2936, #1538 ) ;
#953 = DIRECTION ( 'NONE',  ( -1.000000000000000000, 0.000000000000000000, 0.000000000000000000 ) ) ;
#954 = FACE_OUTER_BOUND ( 'NONE', #913, .T. ) ;
#955 = ORIENTED_EDGE ( 'NONE', *, *, #1602, .F. ) ;
#956 = EDGE_CURVE ( 'NONE', #2324, #58, #634, .T. ) ;
#957 = DIRECTION ( 'NONE',  ( -1.000000000000000000, 0.000000000000000000, 0.000000000000000000 ) ) ;
#958 = CC_DESIGN_PERSON_AND_ORGANIZATION_ASSIGNMENT ( #1903, #565, ( #2501 ) ) ;
#959 = APPLICATION_PROTOCOL_DEFINITION ( 'international standard', 'config_control_design', 1994, #2082 ) ;
#960 = DIRECTION ( 'NONE',  ( 0.000000000000000000, -1.369518533665899079E-16, 1.000000000000000000 ) ) ;
#961 = VECTOR ( 'NONE', #2526, 1000.000000000000000 ) ;
#962 = DIRECTION ( 'NONE',  ( 0.000000000000000000, 0.000000000000000000, 1.000000000000000000 ) ) ;
#963 = LINE ( 'NONE', #2812, #1908 ) ;
#964 = CIRCLE ( 'NONE', #787, 1.000000000000000888 ) ;
#965 = CARTESIAN_POINT ( 'NONE',  ( 1090.972523324353915, -1099.805262667904117, 25.00000000000047251 ) ) ;
#966 = ORIENTED_EDGE ( 'NONE', *, *, #545, .F. ) ;
#967 = VECTOR ( 'NONE', #1195, 1000.000000000000000 ) ;
#968 = LINE ( 'NONE', #2826, #1447 ) ;
#969 = CARTESIAN_POINT ( 'NONE',  ( -981.4999999999995453, -1166.805262667904117, 25.00000000000045830 ) ) ;
#970 = DIRECTION ( 'NONE',  ( -0.000000000000000000, 1.369518533665899079E-16, -1.000000000000000000 ) ) ;
#971 = CARTESIAN_POINT ( 'NONE',  ( 346.8999999999996362, -1154.805262667903889, 28.00000000000046185 ) ) ;
#972 = ORIENTED_EDGE ( 'NONE', *, *, #697, .F. ) ;
#973 = VECTOR ( 'NONE', #2265, 1000.000000000000000 ) ;
#974 = DIRECTION ( 'NONE',  ( -0.000000000000000000, 1.000000000000000000, 1.369518533665899079E-16 ) ) ;
#975 = AXIS2_PLACEMENT_3D ( 'NONE', #2586, #525, #2817 ) ;
#976 = DIRECTION ( 'NONE',  ( 0.000000000000000000, -1.369518533665899079E-16, 1.000000000000000000 ) ) ;
#977 = ORIENTED_EDGE ( 'NONE', *, *, #802, .F. ) ;
#978 = EDGE_LOOP ( 'NONE', ( #1865, #2935, #1958, #2437 ) ) ;
#979 = VERTEX_POINT ( 'NONE', #1033 ) ;
#980 = PLANE ( 'NONE',  #2019 ) ;
#981 = ORIENTED_EDGE ( 'NONE', *, *, #1443, .T. ) ;
#982 = CYLINDRICAL_SURFACE ( 'NONE', #1485, 0.9999999999998898659 ) ;
#983 = LINE ( 'NONE', #996, #67 ) ;
#984 = CARTESIAN_POINT ( 'NONE',  ( 981.4999999999996589, -1166.805262667903889, 31.00000000000046185 ) ) ;
#985 = CARTESIAN_POINT ( 'NONE',  ( -628.1567381882845211, -1149.805262667904117, 28.00000000000046896 ) ) ;
#986 = LINE ( 'NONE', #1698, #779 ) ;
#987 = ORIENTED_EDGE ( 'NONE', *, *, #1423, .F. ) ;
#988 = VERTEX_POINT ( 'NONE', #2860 ) ;
#989 = COORDINATED_UNIVERSAL_TIME_OFFSET ( 10, 0, .AHEAD. ) ;
#990 = VERTEX_POINT ( 'NONE', #1636 ) ;
#991 = EDGE_CURVE ( 'NONE', #597, #2155, #205, .T. ) ;
#992 = EDGE_CURVE ( 'NONE', #2427, #844, #380, .T. ) ;
#993 = CARTESIAN_POINT ( 'NONE',  ( 998.9999999999996589, -1109.305262667903889, 28.00000000000046896 ) ) ;
#994 = VERTEX_POINT ( 'NONE', #124 ) ;
#995 = DIRECTION ( 'NONE',  ( 2.197112346455275869E-48, -0.000000000000000000, -1.000000000000000000 ) ) ;
#996 = CARTESIAN_POINT ( 'NONE',  ( -981.4999999999995453, -1169.805262667904117, 25.00000000000045830 ) ) ;
#997 = EDGE_CURVE ( 'NONE', #495, #2379, #2187, .T. ) ;
#998 = CARTESIAN_POINT ( 'NONE',  ( -628.1567381882845211, -1113.805262667904117, 25.00000000000046896 ) ) ;
#999 = PLANE ( 'NONE',  #1845 ) ;
#1000 = DIRECTION ( 'NONE',  ( -1.000000000000000000, 0.000000000000000000, 0.000000000000000000 ) ) ;
#1001 = ORIENTED_EDGE ( 'NONE', *, *, #1734, .T. ) ;
#1002 = VECTOR ( 'NONE', #1292, 1000.000000000000000 ) ;
#1003 = DIRECTION ( 'NONE',  ( 1.000000000000000000, 0.000000000000000000, 0.000000000000000000 ) ) ;
#1004 = LINE ( 'NONE', #96, #1077 ) ;
#1005 = CARTESIAN_POINT ( 'NONE',  ( -309.8999999999996362, -1149.805262667904117, 28.00000000000046185 ) ) ;
#1006 = EDGE_LOOP ( 'NONE', ( #945, #2244, #531, #1462 ) ) ;
#1007 = VERTEX_POINT ( 'NONE', #363 ) ;
#1008 = AXIS2_PLACEMENT_3D ( 'NONE', #985, #558, #2108 ) ;
#1009 = DIRECTION ( 'NONE',  ( 1.000000000000000000, 0.000000000000000000, 0.000000000000000000 ) ) ;
#1010 = CARTESIAN_POINT ( 'NONE',  ( 998.9999999999996589, -1109.305262667903889, 28.00000000000046896 ) ) ;
#1011 = EDGE_CURVE ( 'NONE', #2171, #1050, #601, .T. ) ;
#1012 = VECTOR ( 'NONE', #1126, 1000.000000000000000 ) ;
#1013 = CARTESIAN_POINT ( 'NONE',  ( -313.0999999999995111, -1149.805262667904117, 28.00000000000046185 ) ) ;
#1014 = PLANE ( 'NONE',  #2167 ) ;
#1015 = AXIS2_PLACEMENT_3D ( 'NONE', #1530, #1287, #353 ) ;
#1016 = EDGE_CURVE ( 'NONE', #994, #1605, #1738, .T. ) ;
#1017 = ADVANCED_FACE ( 'NONE', ( #152 ), #1062, .F. ) ;
#1018 = VECTOR ( 'NONE', #1555, 1000.000000000000000 ) ;
#1019 = FACE_OUTER_BOUND ( 'NONE', #1834, .T. ) ;
#1020 = VECTOR ( 'NONE', #2619, 1000.000000000000000 ) ;
#1021 = DIRECTION ( 'NONE',  ( -1.000000000000000000, 0.000000000000000000, -0.000000000000000000 ) ) ;
#1022 = EDGE_LOOP ( 'NONE', ( #2212, #2521, #580, #1043 ) ) ;
#1023 = FACE_BOUND ( 'NONE', #1549, .T. ) ;
#1024 = VECTOR ( 'NONE', #274, 1000.000000000000000 ) ;
#1025 = COORDINATED_UNIVERSAL_TIME_OFFSET ( 10, 0, .AHEAD. ) ;
#1026 = ORIENTED_EDGE ( 'NONE', *, *, #2866, .F. ) ;
#1027 = ORIENTED_EDGE ( 'NONE', *, *, #366, .F. ) ;
#1028 = FACE_OUTER_BOUND ( 'NONE', #520, .T. ) ;
#1029 = CARTESIAN_POINT ( 'NONE',  ( -350.0999999999996248, -1108.805262667903662, 28.00000000000046896 ) ) ;
#1030 = DIRECTION ( 'NONE',  ( 2.197112346455275869E-48, 0.000000000000000000, 1.000000000000000000 ) ) ;
#1031 = DIRECTION ( 'NONE',  ( 1.508922627792021444E-47, 1.000000000000000000, 1.369518533665899079E-16 ) ) ;
#1032 = LINE ( 'NONE', #1974, #1400 ) ;
#1033 = CARTESIAN_POINT ( 'NONE',  ( 350.0999999999996248, -1154.805262667903889, 28.00000000000045830 ) ) ;
#1034 = LINE ( 'NONE', #1499, #551 ) ;
#1035 = LINE ( 'NONE', #289, #1209 ) ;
#1036 = EDGE_LOOP ( 'NONE', ( #1919, #876, #2623, #529 ) ) ;
#1037 = EDGE_CURVE ( 'NONE', #2218, #1533, #556, .T. ) ;
#1038 = DIRECTION ( 'NONE',  ( 0.000000000000000000, -1.000000000000000000, 4.440892098500612751E-15 ) ) ;
#1039 = ORIENTED_EDGE ( 'NONE', *, *, #2889, .T. ) ;
#1040 = ORIENTED_EDGE ( 'NONE', *, *, #2552, .F. ) ;
#1041 = EDGE_CURVE ( 'NONE', #1412, #915, #1032, .T. ) ;
#1042 = ORIENTED_EDGE ( 'NONE', *, *, #2442, .T. ) ;
#1043 = ORIENTED_EDGE ( 'NONE', *, *, #1354, .F. ) ;
#1044 = DIRECTION ( 'NONE',  ( 0.000000000000000000, -1.000000000000000000, -1.369518533665899079E-16 ) ) ;
#1045 = LINE ( 'NONE', #1765, #57 ) ;
#1046 = DIRECTION ( 'NONE',  ( 0.000000000000000000, 1.000000000000000000, 0.000000000000000000 ) ) ;
#1047 = LINE ( 'NONE', #395, #312 ) ;
#1048 = DIRECTION ( 'NONE',  ( 0.000000000000000000, -1.000000000000000000, 4.440892098500612751E-15 ) ) ;
#1049 = CARTESIAN_POINT ( 'NONE',  ( -350.0999999999996248, -1154.805262667903889, 28.00000000000045830 ) ) ;
#1050 = VERTEX_POINT ( 'NONE', #2163 ) ;
#1051 = LINE ( 'NONE', #1272, #2162 ) ;
#1052 = EDGE_LOOP ( 'NONE', ( #1299, #2956, #1327, #861 ) ) ;
#1053 = DIRECTION ( 'NONE',  ( 1.000000000000000000, 0.000000000000000000, -0.000000000000000000 ) ) ;
#1054 = VECTOR ( 'NONE', #1258, 1000.000000000000000 ) ;
#1055 = VERTEX_POINT ( 'NONE', #2650 ) ;
#1056 = PERSON_AND_ORGANIZATION ( #1777, #1794 ) ;
#1057 = VERTEX_POINT ( 'NONE', #2370 ) ;
#1058 = DIRECTION ( 'NONE',  ( 0.000000000000000000, 0.000000000000000000, 1.000000000000000000 ) ) ;
#1059 = ORIENTED_EDGE ( 'NONE', *, *, #2147, .T. ) ;
#1060 = LINE ( 'NONE', #2871, #8 ) ;
#1061 = DIRECTION ( 'NONE',  ( 0.000000000000000000, -1.000000000000000000, 0.000000000000000000 ) ) ;
#1062 = CYLINDRICAL_SURFACE ( 'NONE', #2066, 8.499999999999729994 ) ;
#1063 = DIRECTION ( 'NONE',  ( -1.508922627792021444E-47, 1.000000000000000000, 1.369518533665899079E-16 ) ) ;
#1064 = ORIENTED_EDGE ( 'NONE', *, *, #1621, .F. ) ;
#1065 = CARTESIAN_POINT ( 'NONE',  ( 1090.972523324353915, -1163.805262667904117, 25.00000000000045830 ) ) ;
#1066 = AXIS2_PLACEMENT_3D ( 'NONE', #31, #1193, #1181 ) ;
#1067 = DIRECTION ( 'NONE',  ( -1.000000000000000000, -0.000000000000000000, -0.000000000000000000 ) ) ;
#1068 = EDGE_CURVE ( 'NONE', #279, #701, #2616, .T. ) ;
#1069 = ORIENTED_EDGE ( 'NONE', *, *, #905, .F. ) ;
#1070 = ORIENTED_EDGE ( 'NONE', *, *, #1827, .T. ) ;
#1071 = DIRECTION ( 'NONE',  ( 1.000000000000000000, 0.000000000000000000, 0.000000000000000000 ) ) ;
#1072 = VECTOR ( 'NONE', #575, 1000.000000000000000 ) ;
#1073 = VECTOR ( 'NONE', #1660, 1000.000000000000000 ) ;
#1074 = ORIENTED_EDGE ( 'NONE', *, *, #2412, .F. ) ;
#1075 = DIRECTION ( 'NONE',  ( 0.000000000000000000, -1.000000000000000000, -1.369518533665899079E-16 ) ) ;
#1076 = ORIENTED_EDGE ( 'NONE', *, *, #2365, .F. ) ;
#1077 = VECTOR ( 'NONE', #479, 1000.000000000000000 ) ;
#1078 = CARTESIAN_POINT ( 'NONE',  ( -313.0999999999995111, -1155.805262667904344, 25.00000000000046185 ) ) ;
#1079 = CARTESIAN_POINT ( 'NONE',  ( 1090.972523324353915, -1108.305262667903889, 25.00000000000046541 ) ) ;
#1080 = VECTOR ( 'NONE', #1722, 1000.000000000000000 ) ;
#1081 = LINE ( 'NONE', #437, #1917 ) ;
#1082 = CARTESIAN_POINT ( 'NONE',  ( 976.4999999999996589, -1166.805262667904117, 75.00000000000061107 ) ) ;
#1083 = LINE ( 'NONE', #2450, #2124 ) ;
#1084 = DIRECTION ( 'NONE',  ( 0.000000000000000000, 1.000000000000000000, 0.000000000000000000 ) ) ;
#1085 = ORIENTED_EDGE ( 'NONE', *, *, #1532, .T. ) ;
#1086 = ORIENTED_EDGE ( 'NONE', *, *, #2230, .T. ) ;
#1087 = PLANE ( 'NONE',  #1163 ) ;
#1088 = FACE_OUTER_BOUND ( 'NONE', #2595, .T. ) ;
#1089 = VERTEX_POINT ( 'NONE', #1013 ) ;
#1090 = ORIENTED_EDGE ( 'NONE', *, *, #2913, .F. ) ;
#1091 = ORIENTED_EDGE ( 'NONE', *, *, #854, .T. ) ;
#1092 = ORIENTED_EDGE ( 'NONE', *, *, #1798, .F. ) ;
#1093 = DIRECTION ( 'NONE',  ( 1.000000000000000000, 0.000000000000000000, 0.000000000000000000 ) ) ;
#1094 = VERTEX_POINT ( 'NONE', #105 ) ;
#1095 = PLANE ( 'NONE',  #1592 ) ;
#1096 = ADVANCED_FACE ( 'NONE', ( #1954 ), #2910, .F. ) ;
#1097 = EDGE_CURVE ( 'NONE', #1276, #94, #499, .T. ) ;
#1098 = FACE_BOUND ( 'NONE', #2431, .T. ) ;
#1099 = DIRECTION ( 'NONE',  ( 0.000000000000000000, -1.000000000000000000, 0.000000000000000000 ) ) ;
#1100 = ADVANCED_FACE ( 'NONE', ( #572 ), #1480, .T. ) ;
#1101 = DIRECTION ( 'NONE',  ( 0.000000000000000000, -1.369518533665899079E-16, 1.000000000000000000 ) ) ;
#1102 = VERTEX_POINT ( 'NONE', #1262 ) ;
#1103 = DIRECTION ( 'NONE',  ( 0.000000000000000000, -1.000000000000000000, 4.440892098500612751E-15 ) ) ;
#1104 = VECTOR ( 'NONE', #1366, 1000.000000000000000 ) ;
#1105 = CYLINDRICAL_SURFACE ( 'NONE', #302, 0.9999999999998898659 ) ;
#1106 = DIRECTION ( 'NONE',  ( 0.000000000000000000, -0.000000000000000000, 1.000000000000000000 ) ) ;
#1107 = CARTESIAN_POINT ( 'NONE',  ( -998.9999999999996589, -1112.305262667903889, 28.00000000000046896 ) ) ;
#1108 = CARTESIAN_POINT ( 'NONE',  ( -350.0999999999996248, -1160.805262667903889, 28.00000000000045830 ) ) ;
#1109 = ORIENTED_EDGE ( 'NONE', *, *, #534, .T. ) ;
#1110 = LINE ( 'NONE', #211, #721 ) ;
#1111 = EDGE_CURVE ( 'NONE', #867, #2170, #2791, .T. ) ;
#1112 = EDGE_CURVE ( 'NONE', #832, #1797, #1524, .T. ) ;
#1113 = CARTESIAN_POINT ( 'NONE',  ( 1090.972523324353915, -1107.805262667903889, 25.00000000000046541 ) ) ;
#1114 = ORIENTED_EDGE ( 'NONE', *, *, #2909, .F. ) ;
#1115 = AXIS2_PLACEMENT_3D ( 'NONE', #2740, #673, #900 ) ;
#1116 = ORIENTED_EDGE ( 'NONE', *, *, #305, .T. ) ;
#1117 = ORIENTED_EDGE ( 'NONE', *, *, #268, .F. ) ;
#1118 = VECTOR ( 'NONE', #1710, 1000.000000000000000 ) ;
#1119 = VERTEX_POINT ( 'NONE', #1304 ) ;
#1120 = AXIS2_PLACEMENT_3D ( 'NONE', #839, #1755, #1244 ) ;
#1121 = ORIENTED_EDGE ( 'NONE', *, *, #1068, .F. ) ;
#1122 = LINE ( 'NONE', #2194, #2493 ) ;
#1123 = ORIENTED_EDGE ( 'NONE', *, *, #406, .F. ) ;
#1124 = EDGE_LOOP ( 'NONE', ( #99, #2396, #2949, #692 ) ) ;
#1125 = AXIS2_PLACEMENT_3D ( 'NONE', #59, #480, #1185 ) ;
#1126 = DIRECTION ( 'NONE',  ( 0.000000000000000000, 0.000000000000000000, -1.000000000000000000 ) ) ;
#1127 = CARTESIAN_POINT ( 'NONE',  ( -976.4999999999996589, -1166.805262667904117, 70.00000000000059686 ) ) ;
#1128 = LINE ( 'NONE', #1152, #2924 ) ;
#1129 = VECTOR ( 'NONE', #2423, 1000.000000000000000 ) ;
#1130 = VERTEX_POINT ( 'NONE', #1990 ) ;
#1131 = AXIS2_PLACEMENT_3D ( 'NONE', #2056, #1784, #884 ) ;
#1132 = FACE_BOUND ( 'NONE', #1124, .T. ) ;
#1133 = CARTESIAN_POINT ( 'NONE',  ( 981.4999999999996589, -1169.805262667904117, 70.00000000000059686 ) ) ;
#1134 = DIRECTION ( 'NONE',  ( 1.000000000000000000, 0.000000000000000000, 0.000000000000000000 ) ) ;
#1135 = ORIENTED_EDGE ( 'NONE', *, *, #1041, .F. ) ;
#1136 = ADVANCED_FACE ( 'NONE', ( #1691 ), #2603, .F. ) ;
#1137 = EDGE_LOOP ( 'NONE', ( #2430, #1431, #2713, #708 ) ) ;
#1138 = EDGE_CURVE ( 'NONE', #2345, #2728, #964, .T. ) ;
#1139 = DIRECTION ( 'NONE',  ( -0.000000000000000000, 1.000000000000000000, 1.369518533665899079E-16 ) ) ;
#1140 = ORIENTED_EDGE ( 'NONE', *, *, #1623, .T. ) ;
#1141 = CARTESIAN_POINT ( 'NONE',  ( 628.1567381882845211, -1108.805262667903889, 25.00000000000046896 ) ) ;
#1142 = LINE ( 'NONE', #865, #1018 ) ;
#1143 = LINE ( 'NONE', #1557, #2000 ) ;
#1144 = CARTESIAN_POINT ( 'NONE',  ( -998.9999999999996589, -1113.305262667903889, 25.00000000000046541 ) ) ;
#1145 = VERTEX_POINT ( 'NONE', #2720 ) ;
#1146 = VERTEX_POINT ( 'NONE', #190 ) ;
#1147 = EDGE_CURVE ( 'NONE', #629, #2767, #70, .T. ) ;
#1148 = ORIENTED_EDGE ( 'NONE', *, *, #2948, .T. ) ;
#1149 = ADVANCED_FACE ( 'NONE', ( #2922, #1320, #669, #897, #2736, #2276, #1132, #642, #1098, #1814, #237, #210, #1365 ), #1828, .T. ) ;
#1150 = ORIENTED_EDGE ( 'NONE', *, *, #1696, .F. ) ;
#1151 = CYLINDRICAL_SURFACE ( 'NONE', #2892, 0.9999999999998898659 ) ;
#1152 = CARTESIAN_POINT ( 'NONE',  ( -981.4999999999995453, -1099.805262667904117, 28.00000000000046896 ) ) ;
#1153 = ADVANCED_FACE ( 'NONE', ( #2938 ), #1584, .F. ) ;
#1154 = DIRECTION ( 'NONE',  ( 0.000000000000000000, -1.369518533665899079E-16, 1.000000000000000000 ) ) ;
#1155 = FACE_OUTER_BOUND ( 'NONE', #191, .T. ) ;
#1156 = AXIS2_PLACEMENT_3D ( 'NONE', #470, #2008, #653 ) ;
#1157 = DIRECTION ( 'NONE',  ( 0.000000000000000000, -1.369518533665899079E-16, 1.000000000000000000 ) ) ;
#1158 = DIRECTION ( 'NONE',  ( 0.000000000000000000, -1.000000000000000000, 4.440892098500612751E-15 ) ) ;
#1159 = VERTEX_POINT ( 'NONE', #1332 ) ;
#1160 = ORIENTED_EDGE ( 'NONE', *, *, #1792, .T. ) ;
#1161 = ORIENTED_EDGE ( 'NONE', *, *, #2622, .F. ) ;
#1162 = VECTOR ( 'NONE', #299, 1000.000000000000000 ) ;
#1163 = AXIS2_PLACEMENT_3D ( 'NONE', #2425, #174, #2667 ) ;
#1164 = CARTESIAN_POINT ( 'NONE',  ( 996.0000000000003411, -1113.305262667903889, 28.00000000000046541 ) ) ;
#1166 = VECTOR ( 'NONE', #2219, 1000.000000000000000 ) ;
#1165 = COORDINATED_UNIVERSAL_TIME_OFFSET ( 10, 0, .AHEAD. ) ;
#1167 = ORIENTED_EDGE ( 'NONE', *, *, #1674, .T. ) ;
#1168 = VECTOR ( 'NONE', #2755, 1000.000000000000000 ) ;
#1169 = EDGE_CURVE ( 'NONE', #1222, #1371, #2119, .T. ) ;
#1170 = FACE_OUTER_BOUND ( 'NONE', #656, .T. ) ;
#1171 = ORIENTED_EDGE ( 'NONE', *, *, #892, .F. ) ;
#1172 = DIRECTION ( 'NONE',  ( -1.000000000000000000, -1.508922627792021444E-47, -2.066497504629024295E-63 ) ) ;
#1173 = AXIS2_PLACEMENT_3D ( 'NONE', #1625, #1640, #920 ) ;
#1174 = CYLINDRICAL_SURFACE ( 'NONE', #2400, 0.9999999999998898659 ) ;
#1175 = AXIS2_PLACEMENT_3D ( 'NONE', #47, #1401, #266 ) ;
#1176 = ADVANCED_FACE ( 'NONE', ( #2489 ), #1768, .F. ) ;
#1177 = CARTESIAN_POINT ( 'NONE',  ( -981.4999999999995453, -1096.805262667903889, 25.00000000000048317 ) ) ;
#1178 = ORIENTED_EDGE ( 'NONE', *, *, #2405, .T. ) ;
#1179 = ORIENTED_EDGE ( 'NONE', *, *, #2928, .T. ) ;
#1180 = ORIENTED_EDGE ( 'NONE', *, *, #2907, .T. ) ;
#1181 = DIRECTION ( 'NONE',  ( 0.000000000000000000, -1.000000000000000000, 0.000000000000000000 ) ) ;
#1182 = PLANE ( 'NONE',  #1547 ) ;
#1183 = CARTESIAN_POINT ( 'NONE',  ( 0.000000000000000000, 0.000000000000000000, 0.000000000000000000 ) ) ;
#1184 = ORIENTED_EDGE ( 'NONE', *, *, #688, .T. ) ;
#1185 = DIRECTION ( 'NONE',  ( -1.000000000000000000, 0.000000000000000000, 0.000000000000000000 ) ) ;
#1186 = LINE ( 'NONE', #1212, #2387 ) ;
#1187 = EDGE_CURVE ( 'NONE', #1605, #279, #2053, .T. ) ;
#1188 = DIRECTION ( 'NONE',  ( 0.000000000000000000, -1.369518533665899079E-16, 1.000000000000000000 ) ) ;
#1189 = ORIENTED_EDGE ( 'NONE', *, *, #2494, .F. ) ;
#1190 = CARTESIAN_POINT ( 'NONE',  ( -981.4999999999995453, -1093.805262667904117, 25.00000000000046896 ) ) ;
#1191 = DIRECTION ( 'NONE',  ( 0.000000000000000000, -1.369518533665899079E-16, 1.000000000000000000 ) ) ;
#1192 = CC_DESIGN_PERSON_AND_ORGANIZATION_ASSIGNMENT ( #2796, #1857, ( #2961 ) ) ;
#1193 = DIRECTION ( 'NONE',  ( -0.000000000000000000, 1.369518533665899079E-16, -1.000000000000000000 ) ) ;
#1194 = ORIENTED_EDGE ( 'NONE', *, *, #563, .T. ) ;
#1195 = DIRECTION ( 'NONE',  ( -1.000000000000000000, -0.000000000000000000, -0.000000000000000000 ) ) ;
#1196 = DIRECTION ( 'NONE',  ( -1.508922627792021444E-47, 1.000000000000000000, 1.369518533665899079E-16 ) ) ;
#1197 = CARTESIAN_POINT ( 'NONE',  ( 998.9999999999996589, -1154.305262667904344, 28.00000000000046896 ) ) ;
#1198 = DIRECTION ( 'NONE',  ( 1.000000000000000000, -0.000000000000000000, -0.000000000000000000 ) ) ;
#1199 = VECTOR ( 'NONE', #270, 1000.000000000000000 ) ;
#1200 = CARTESIAN_POINT ( 'NONE',  ( 1090.972523324353915, -1107.805262667903889, 28.00000000000046541 ) ) ;
#1201 = CARTESIAN_POINT ( 'NONE',  ( -990.0000000000006821, -1108.305262667903662, 25.00000000000046541 ) ) ;
#1202 = CARTESIAN_POINT ( 'NONE',  ( -313.0999999999995111, -1093.805262667904117, 25.00000000000046896 ) ) ;
#1203 = DIRECTION ( 'NONE',  ( 0.000000000000000000, -1.000000000000000000, 0.000000000000000000 ) ) ;
#1204 = CARTESIAN_POINT ( 'NONE',  ( 981.4999999999996589, -1099.805262667904117, 25.00000000000046896 ) ) ;
#1205 = CARTESIAN_POINT ( 'NONE',  ( -998.9999999999996589, -1150.305262667904344, 25.00000000000046185 ) ) ;
#1206 = EDGE_CURVE ( 'NONE', #2727, #2380, #1142, .T. ) ;
#1207 = CARTESIAN_POINT ( 'NONE',  ( 998.9999999999996589, -1155.305262667904344, 25.00000000000046185 ) ) ;
#1208 = PERSON_AND_ORGANIZATION ( #1777, #1794 ) ;
#1209 = VECTOR ( 'NONE', #2862, 1000.000000000000000 ) ;
#1210 = AXIS2_PLACEMENT_3D ( 'NONE', #278, #2327, #2761 ) ;
#1211 = DIRECTION ( 'NONE',  ( 0.000000000000000000, -1.000000000000000000, -1.369518533665899079E-16 ) ) ;
#1212 = CARTESIAN_POINT ( 'NONE',  ( 990.0000000000006821, -1108.305262667903662, 28.00000000000046896 ) ) ;
#1213 = AXIS2_PLACEMENT_3D ( 'NONE', #507, #306, #2869 ) ;
#1214 = FACE_OUTER_BOUND ( 'NONE', #931, .T. ) ;
#1215 = AXIS2_PLACEMENT_3D ( 'NONE', #2676, #2039, #455 ) ;
#1216 = CARTESIAN_POINT ( 'NONE',  ( 346.8999999999996362, -1154.805262667903889, 28.00000000000046185 ) ) ;
#1217 = CC_DESIGN_APPROVAL ( #1498, ( #2501 ) ) ;
#1218 = DIRECTION ( 'NONE',  ( -1.000000000000000000, -0.000000000000000000, -0.000000000000000000 ) ) ;
#1219 = CARTESIAN_POINT ( 'NONE',  ( 350.0999999999996248, -1102.805262667903889, 28.00000000000046896 ) ) ;
#1220 = VECTOR ( 'NONE', #1322, 1000.000000000000000 ) ;
#1221 = DIRECTION ( 'NONE',  ( -0.000000000000000000, 0.000000000000000000, 1.000000000000000000 ) ) ;
#1222 = VERTEX_POINT ( 'NONE', #1 ) ;
#1223 = VERTEX_POINT ( 'NONE', #1600 ) ;
#1224 = EDGE_CURVE ( 'NONE', #1341, #1050, #180, .T. ) ;
#1225 = ORIENTED_EDGE ( 'NONE', *, *, #86, .F. ) ;
#1226 =( LENGTH_UNIT ( ) NAMED_UNIT ( * ) SI_UNIT ( .MILLI., .METRE. ) );
#1227 = ORIENTED_EDGE ( 'NONE', *, *, #2907, .F. ) ;
#1228 = EDGE_CURVE ( 'NONE', #1605, #2028, #1781, .T. ) ;
#1229 = DIRECTION ( 'NONE',  ( 0.000000000000000000, 1.000000000000000000, 0.000000000000000000 ) ) ;
#1230 = LINE ( 'NONE', #52, #815 ) ;
#1231 = CARTESIAN_POINT ( 'NONE',  ( 981.4999999999996589, -1163.805262667904117, 28.00000000000045830 ) ) ;
#1232 = LINE ( 'NONE', #1202, #881 ) ;
#1233 = CARTESIAN_POINT ( 'NONE',  ( 309.8999999999996362, -1093.805262667904117, 25.00000000000046896 ) ) ;
#1234 = ORIENTED_EDGE ( 'NONE', *, *, #1911, .F. ) ;
#1235 = CARTESIAN_POINT ( 'NONE',  ( -346.8999999999996362, -1108.805262667903662, 28.00000000000046896 ) ) ;
#1236 = CARTESIAN_POINT ( 'NONE',  ( 999.9999999999996589, -1109.305262667903889, 25.00000000000046541 ) ) ;
#1237 = LINE ( 'NONE', #936, #2354 ) ;
#1238 = ADVANCED_FACE ( 'NONE', ( #2449 ), #412, .T. ) ;
#1239 = VERTEX_POINT ( 'NONE', #2693 ) ;
#1240 = FACE_OUTER_BOUND ( 'NONE', #1490, .T. ) ;
#1241 = ORIENTED_EDGE ( 'NONE', *, *, #1854, .F. ) ;
#1242 = FACE_OUTER_BOUND ( 'NONE', #173, .T. ) ;
#1243 = PLANE ( 'NONE',  #2642 ) ;
#1244 = DIRECTION ( 'NONE',  ( 1.000000000000000000, 0.000000000000000000, 0.000000000000000000 ) ) ;
#1245 = LINE ( 'NONE', #1541, #1364 ) ;
#1246 = DIRECTION ( 'NONE',  ( 0.000000000000000000, -1.369518533665899079E-16, 1.000000000000000000 ) ) ;
#1247 = ORIENTED_EDGE ( 'NONE', *, *, #1696, .T. ) ;
#1248 = AXIS2_PLACEMENT_3D ( 'NONE', #1662, #719, #1409 ) ;
#1249 = CARTESIAN_POINT ( 'NONE',  ( 998.9999999999996589, -1108.305262667903889, 28.00000000000046896 ) ) ;
#1250 = CARTESIAN_POINT ( 'NONE',  ( 981.4999999999996589, -1099.805262667904117, 31.00000000000047251 ) ) ;
#1251 = ORIENTED_EDGE ( 'NONE', *, *, #2887, .T. ) ;
#1252 = SHAPE_DEFINITION_REPRESENTATION ( #2271, #1669 ) ;
#1253 = ORIENTED_EDGE ( 'NONE', *, *, #1866, .F. ) ;
#1254 = ORIENTED_EDGE ( 'NONE', *, *, #400, .F. ) ;
#1255 = VECTOR ( 'NONE', #2137, 1000.000000000000000 ) ;
#1256 = CARTESIAN_POINT ( 'NONE',  ( 989.9999999999995453, -1155.305262667904344, 28.00000000000046896 ) ) ;
#1257 = ORIENTED_EDGE ( 'NONE', *, *, #2517, .F. ) ;
#1258 = DIRECTION ( 'NONE',  ( -0.000000000000000000, 1.000000000000000000, 1.369518533665899079E-16 ) ) ;
#1259 = DIRECTION ( 'NONE',  ( 0.000000000000000000, -1.000000000000000000, 4.440892098500612751E-15 ) ) ;
#1260 = CIRCLE ( 'NONE', #2200, 1.000000000000000888 ) ;
#1261 = EDGE_CURVE ( 'NONE', #716, #233, #2462, .T. ) ;
#1262 = CARTESIAN_POINT ( 'NONE',  ( -350.0999999999996248, -1108.805262667903662, 28.00000000000046541 ) ) ;
#1263 = CARTESIAN_POINT ( 'NONE',  ( -309.8999999999996362, -1113.805262667903889, 28.00000000000046541 ) ) ;
#1264 = LINE ( 'NONE', #126, #1915 ) ;
#1265 = VECTOR ( 'NONE', #1960, 1000.000000000000000 ) ;
#1266 = CIRCLE ( 'NONE', #2205, 2.999999999999999112 ) ;
#1267 = CARTESIAN_POINT ( 'NONE',  ( 998.9999999999996589, -1109.305262667903889, 25.00000000000046896 ) ) ;
#1268 = AXIS2_PLACEMENT_3D ( 'NONE', #2243, #2951, #1552 ) ;
#1269 = ADVANCED_FACE ( 'NONE', ( #2010 ), #2246, .T. ) ;
#1270 = APPROVAL_PERSON_ORGANIZATION ( #1208, #618, #759 ) ;
#1271 = EDGE_LOOP ( 'NONE', ( #1981, #2704, #542, #2700 ) ) ;
#1272 = CARTESIAN_POINT ( 'NONE',  ( -999.9999999999996589, -1112.305262667903889, 28.00000000000046896 ) ) ;
#1273 = CARTESIAN_POINT ( 'NONE',  ( 628.1567381882845211, -1149.805262667904117, 28.00000000000046896 ) ) ;
#1274 = CARTESIAN_POINT ( 'NONE',  ( 976.4999999999996589, -1096.805262667903662, 75.00000000000063949 ) ) ;
#1275 = VECTOR ( 'NONE', #2491, 1000.000000000000000 ) ;
#1276 = VERTEX_POINT ( 'NONE', #748 ) ;
#1277 = VERTEX_POINT ( 'NONE', #2089 ) ;
#1278 = CARTESIAN_POINT ( 'NONE',  ( -1003.999999999999773, -1150.305262667904344, 28.00000000000046896 ) ) ;
#1279 = CARTESIAN_POINT ( 'NONE',  ( 1090.972523324353915, -1099.805262667904117, 28.00000000000046896 ) ) ;
#1280 = CARTESIAN_POINT ( 'NONE',  ( 1090.972523324353915, -1166.805262667904117, 25.00000000000045830 ) ) ;
#1281 = CARTESIAN_POINT ( 'NONE',  ( -989.9999999999995453, -1163.805262667904117, 28.00000000000046896 ) ) ;
#1282 = EDGE_CURVE ( 'NONE', #741, #844, #924, .T. ) ;
#1283 = LINE ( 'NONE', #813, #1505 ) ;
#1284 = VERTEX_POINT ( 'NONE', #523 ) ;
#1285 = ORIENTED_EDGE ( 'NONE', *, *, #2231, .T. ) ;
#1286 = ADVANCED_FACE ( 'NONE', ( #762 ), #2330, .T. ) ;
#1287 = DIRECTION ( 'NONE',  ( 0.000000000000000000, -1.369518533665899079E-16, 1.000000000000000000 ) ) ;
#1288 = EDGE_LOOP ( 'NONE', ( #1171, #1760, #108, #1950 ) ) ;
#1289 = ORIENTED_EDGE ( 'NONE', *, *, #2762, .T. ) ;
#1290 = ORIENTED_EDGE ( 'NONE', *, *, #888, .F. ) ;
#1291 = CARTESIAN_POINT ( 'NONE',  ( 981.4999999999996589, -1099.805262667904117, 31.00000000000047251 ) ) ;
#1292 = DIRECTION ( 'NONE',  ( -1.000000000000000000, 0.000000000000000000, 0.000000000000000000 ) ) ;
#1293 = CARTESIAN_POINT ( 'NONE',  ( 346.8999999999996362, -1093.805262667904117, 25.00000000000046896 ) ) ;
#1294 = DIRECTION ( 'NONE',  ( 0.000000000000000000, -1.369518533665899079E-16, 1.000000000000000000 ) ) ;
#1295 = EDGE_CURVE ( 'NONE', #1811, #352, #2451, .T. ) ;
#1296 = CARTESIAN_POINT ( 'NONE',  ( -981.4999999999995453, -1166.805262667904117, 70.00000000000059686 ) ) ;
#1297 = CARTESIAN_POINT ( 'NONE',  ( 1090.972523324353915, -1150.305262667904344, 25.00000000000046185 ) ) ;
#1298 = CIRCLE ( 'NONE', #240, 5.000000000000115463 ) ;
#1299 = ORIENTED_EDGE ( 'NONE', *, *, #1965, .T. ) ;
#1300 = ORIENTED_EDGE ( 'NONE', *, *, #1823, .F. ) ;
#1301 = CARTESIAN_POINT ( 'NONE',  ( 1090.972523324353915, -1155.305262667904344, 25.00000000000046185 ) ) ;
#1302 = DIRECTION ( 'NONE',  ( -1.508922627792021444E-47, 1.000000000000000000, 1.369518533665899079E-16 ) ) ;
#1303 = ORIENTED_EDGE ( 'NONE', *, *, #104, .T. ) ;
#1304 = CARTESIAN_POINT ( 'NONE',  ( 346.8999999999996362, -1160.805262667903889, 25.00000000000045830 ) ) ;
#1305 = DIRECTION ( 'NONE',  ( -0.000000000000000000, 1.369518533665899079E-16, -1.000000000000000000 ) ) ;
#1306 = CIRCLE ( 'NONE', #1682, 5.000000000000115463 ) ;
#1307 = AXIS2_PLACEMENT_3D ( 'NONE', #2680, #2292, #271 ) ;
#1308 = CARTESIAN_POINT ( 'NONE',  ( -981.4999999999995453, -1099.805262667904117, 25.00000000000047251 ) ) ;
#1309 = VECTOR ( 'NONE', #823, 1000.000000000000000 ) ;
#1310 = VECTOR ( 'NONE', #1420, 1000.000000000000000 ) ;
#1311 = EDGE_CURVE ( 'NONE', #493, #773, #50, .T. ) ;
#1312 = EDGE_CURVE ( 'NONE', #1239, #1089, #2519, .T. ) ;
#1313 = ORIENTED_EDGE ( 'NONE', *, *, #294, .F. ) ;
#1314 = VECTOR ( 'NONE', #885, 1000.000000000000000 ) ;
#1315 = ORIENTED_EDGE ( 'NONE', *, *, #2964, .F. ) ;
#1316 = CARTESIAN_POINT ( 'NONE',  ( -350.0999999999996248, -1102.805262667903889, 28.00000000000046896 ) ) ;
#1317 = DIRECTION ( 'NONE',  ( 0.000000000000000000, 0.000000000000000000, -1.000000000000000000 ) ) ;
#1318 = EDGE_CURVE ( 'NONE', #597, #1484, #1742, .T. ) ;
#1319 = EDGE_LOOP ( 'NONE', ( #1194, #849, #859, #1508 ) ) ;
#1320 = FACE_BOUND ( 'NONE', #424, .T. ) ;
#1321 = DIRECTION ( 'NONE',  ( 1.000000000000000000, 0.000000000000000000, 0.000000000000000000 ) ) ;
#1322 = DIRECTION ( 'NONE',  ( -1.508922627792021444E-47, -1.000000000000000000, -1.369518533665899079E-16 ) ) ;
#1323 = ORIENTED_EDGE ( 'NONE', *, *, #17, .T. ) ;
#1324 = ORIENTED_EDGE ( 'NONE', *, *, #200, .T. ) ;
#1325 = ORIENTED_EDGE ( 'NONE', *, *, #2178, .T. ) ;
#1326 = ORIENTED_EDGE ( 'NONE', *, *, #1945, .F. ) ;
#1327 = ORIENTED_EDGE ( 'NONE', *, *, #2412, .T. ) ;
#1328 = EDGE_CURVE ( 'NONE', #812, #1947, #500, .T. ) ;
#1329 = CARTESIAN_POINT ( 'NONE',  ( -350.0999999999996248, -1093.805262667904117, 25.00000000000046896 ) ) ;
#1330 = CARTESIAN_POINT ( 'NONE',  ( 346.8999999999996362, -1154.805262667903889, 28.00000000000046185 ) ) ;
#1331 = EDGE_LOOP ( 'NONE', ( #1300, #1135, #405, #2318 ) ) ;
#1332 = CARTESIAN_POINT ( 'NONE',  ( -309.8999999999996362, -1113.805262667903889, 25.00000000000046541 ) ) ;
#1333 = ORIENTED_EDGE ( 'NONE', *, *, #1411, .T. ) ;
#1334 = EDGE_CURVE ( 'NONE', #229, #420, #2742, .T. ) ;
#1335 = CARTESIAN_POINT ( 'NONE',  ( 999.9999999999996589, -1154.305262667904344, 28.00000000000046896 ) ) ;
#1336 = CARTESIAN_POINT ( 'NONE',  ( 350.0999999999996248, -1154.805262667903889, 28.00000000000046185 ) ) ;
#1337 = ORIENTED_EDGE ( 'NONE', *, *, #419, .F. ) ;
#1338 = VERTEX_POINT ( 'NONE', #946 ) ;
#1339 = EDGE_LOOP ( 'NONE', ( #1026, #130, #709, #1969 ) ) ;
#1340 = LINE ( 'NONE', #2034, #1973 ) ;
#1341 = VERTEX_POINT ( 'NONE', #79 ) ;
#1342 = VECTOR ( 'NONE', #1465, 1000.000000000000000 ) ;
#1343 = CARTESIAN_POINT ( 'NONE',  ( 981.4999999999996589, -1166.805262667904117, 25.00000000000045830 ) ) ;
#1344 = DIRECTION ( 'NONE',  ( 0.000000000000000000, -1.000000000000000000, -1.369518533665899079E-16 ) ) ;
#1345 = ORIENTED_EDGE ( 'NONE', *, *, #1583, .F. ) ;
#1346 = PLANE ( 'NONE',  #1628 ) ;
#1347 = DIRECTION ( 'NONE',  ( 0.000000000000000000, 1.000000000000000000, 1.369518533665899079E-16 ) ) ;
#1348 = CARTESIAN_POINT ( 'NONE',  ( -628.1567381882845211, -1149.805262667904117, 28.00000000000046896 ) ) ;
#1349 = ADVANCED_FACE ( 'NONE', ( #2581 ), #980, .F. ) ;
#1350 = LINE ( 'NONE', #2522, #2837 ) ;
#1351 = CARTESIAN_POINT ( 'NONE',  ( 995.9999999999995453, -1150.305262667904344, 25.00000000000046185 ) ) ;
#1352 = CARTESIAN_POINT ( 'NONE',  ( -628.1567381882845211, -1144.805262667903889, 28.00000000000046896 ) ) ;
#1353 = ORIENTED_EDGE ( 'NONE', *, *, #1440, .T. ) ;
#1354 = EDGE_CURVE ( 'NONE', #265, #704, #2290, .T. ) ;
#1355 = CIRCLE ( 'NONE', #22, 5.999999999999998224 ) ;
#1356 = PLANE ( 'NONE',  #872 ) ;
#1357 = VECTOR ( 'NONE', #1031, 1000.000000000000000 ) ;
#1358 = ORIENTED_EDGE ( 'NONE', *, *, #1311, .F. ) ;
#1359 = AXIS2_PLACEMENT_3D ( 'NONE', #652, #1595, #2036 ) ;
#1360 = DIRECTION ( 'NONE',  ( 0.000000000000000000, -1.000000000000000000, 0.000000000000000000 ) ) ;
#1361 = ORIENTED_EDGE ( 'NONE', *, *, #2913, .T. ) ;
#1362 = DIRECTION ( 'NONE',  ( 1.000000000000000000, 0.000000000000000000, 0.000000000000000000 ) ) ;
#1363 = CIRCLE ( 'NONE', #2073, 1.000000000000000888 ) ;
#1364 = VECTOR ( 'NONE', #1294, 1000.000000000000000 ) ;
#1365 = FACE_OUTER_BOUND ( 'NONE', #2854, .T. ) ;
#1366 = DIRECTION ( 'NONE',  ( 0.000000000000000000, -1.369518533665899079E-16, 1.000000000000000000 ) ) ;
#1367 = ADVANCED_FACE ( 'NONE', ( #1170 ), #1448, .F. ) ;
#1368 = DIRECTION ( 'NONE',  ( 1.000000000000000000, 1.508922627792021444E-47, 2.066497504629024295E-63 ) ) ;
#1369 = ORIENTED_EDGE ( 'NONE', *, *, #545, .T. ) ;
#1370 = VERTEX_POINT ( 'NONE', #2351 ) ;
#1371 = VERTEX_POINT ( 'NONE', #1407 ) ;
#1372 = PLANE ( 'NONE',  #1173 ) ;
#1373 = CARTESIAN_POINT ( 'NONE',  ( -995.9999999999995453, -1150.305262667904344, 28.00000000000046185 ) ) ;
#1374 = DIRECTION ( 'NONE',  ( 0.000000000000000000, -1.369518533665899079E-16, 1.000000000000000000 ) ) ;
#1375 = CARTESIAN_POINT ( 'NONE',  ( 981.4999999999996589, -1093.805262667903889, 70.00000000000061107 ) ) ;
#1376 = VERTEX_POINT ( 'NONE', #938 ) ;
#1377 = ORIENTED_EDGE ( 'NONE', *, *, #2140, .F. ) ;
#1378 = CARTESIAN_POINT ( 'NONE',  ( -999.9999999999995453, -1151.305262667904344, 25.00000000000046185 ) ) ;
#1379 = CARTESIAN_POINT ( 'NONE',  ( -981.4999999999995453, -1166.805262667904117, 25.00000000000045830 ) ) ;
#1380 = CARTESIAN_POINT ( 'NONE',  ( -995.9999999999995453, -1113.305262667903889, 28.00000000000046896 ) ) ;
#1381 = ORIENTED_EDGE ( 'NONE', *, *, #2928, .F. ) ;
#1382 = ORIENTED_EDGE ( 'NONE', *, *, #788, .T. ) ;
#1383 = CARTESIAN_POINT ( 'NONE',  ( 346.8999999999996362, -1108.805262667903662, 28.00000000000046896 ) ) ;
#1384 = PERSON_AND_ORGANIZATION ( #1777, #1794 ) ;
#1385 = EDGE_CURVE ( 'NONE', #1102, #1650, #717, .T. ) ;
#1386 = EDGE_CURVE ( 'NONE', #1533, #1847, #926, .T. ) ;
#1387 = DIRECTION ( 'NONE',  ( 0.000000000000000000, -1.000000000000000000, 0.000000000000000000 ) ) ;
#1388 = DIRECTION ( 'NONE',  ( 0.000000000000000000, -1.369518533665899079E-16, 1.000000000000000000 ) ) ;
#1389 = EDGE_LOOP ( 'NONE', ( #1463, #2903, #2201, #621 ) ) ;
#1390 = DIRECTION ( 'NONE',  ( 0.000000000000000000, 0.000000000000000000, 1.000000000000000000 ) ) ;
#1391 = FACE_OUTER_BOUND ( 'NONE', #2266, .T. ) ;
#1392 = LINE ( 'NONE', #2497, #1493 ) ;
#1393 = ORIENTED_EDGE ( 'NONE', *, *, #860, .F. ) ;
#1394 = VECTOR ( 'NONE', #1246, 1000.000000000000000 ) ;
#1395 = ORIENTED_EDGE ( 'NONE', *, *, #1111, .T. ) ;
#1396 = CARTESIAN_POINT ( 'NONE',  ( -981.4999999999995453, -1099.805262667904117, 31.00000000000047251 ) ) ;
#1397 = ORIENTED_EDGE ( 'NONE', *, *, #39, .T. ) ;
#1398 = AXIS2_PLACEMENT_3D ( 'NONE', #197, #605, #2017 ) ;
#1399 = VERTEX_POINT ( 'NONE', #20 ) ;
#1400 = VECTOR ( 'NONE', #2893, 1000.000000000000000 ) ;
#1401 = DIRECTION ( 'NONE',  ( -0.000000000000000000, 1.369518533665899079E-16, -1.000000000000000000 ) ) ;
#1402 = ADVANCED_FACE ( 'NONE', ( #269 ), #1629, .F. ) ;
#1403 = EDGE_LOOP ( 'NONE', ( #895, #587, #505, #1090 ) ) ;
#1404 = APPROVAL_DATE_TIME ( #1445, #618 ) ;
#1405 = ORIENTED_EDGE ( 'NONE', *, *, #1965, .F. ) ;
#1406 = AXIS2_PLACEMENT_3D ( 'NONE', #1029, #1938, #1522 ) ;
#1407 = CARTESIAN_POINT ( 'NONE',  ( -628.1567381882845211, -1118.805262667904117, 28.00000000000046896 ) ) ;
#1408 = ORIENTED_EDGE ( 'NONE', *, *, #1602, .T. ) ;
#1409 = DIRECTION ( 'NONE',  ( 1.000000000000000000, -1.604295445768149458E-32, -2.197112346455275869E-48 ) ) ;
#1410 = VECTOR ( 'NONE', #1093, 1000.000000000000000 ) ;
#1411 = EDGE_CURVE ( 'NONE', #352, #1399, #513, .T. ) ;
#1412 = VERTEX_POINT ( 'NONE', #2104 ) ;
#1413 = AXIS2_PLACEMENT_3D ( 'NONE', #2861, #1305, #573 ) ;
#1414 = CARTESIAN_POINT ( 'NONE',  ( -346.8999999999997499, -1160.805262667903889, 25.00000000000045830 ) ) ;
#1415 = ORIENTED_EDGE ( 'NONE', *, *, #2132, .T. ) ;
#1416 = ORIENTED_EDGE ( 'NONE', *, *, #855, .T. ) ;
#1417 = DIRECTION ( 'NONE',  ( 0.000000000000000000, -1.369518533665899079E-16, 1.000000000000000000 ) ) ;
#1418 = CARTESIAN_POINT ( 'NONE',  ( 1090.972523324353915, -1155.805262667904344, 28.00000000000046185 ) ) ;
#1419 = ADVANCED_FACE ( 'NONE', ( #2382 ), #1494, .T. ) ;
#1420 = DIRECTION ( 'NONE',  ( -1.000000000000000000, -0.000000000000000000, -0.000000000000000000 ) ) ;
#1421 = DIRECTION ( 'NONE',  ( -0.000000000000000000, -1.000000000000000000, 4.625929269271652561E-15 ) ) ;
#1422 = EDGE_CURVE ( 'NONE', #988, #2279, #2626, .T. ) ;
#1423 = EDGE_CURVE ( 'NONE', #1371, #1222, #831, .T. ) ;
#1424 = DIRECTION ( 'NONE',  ( 0.000000000000000000, -1.000000000000000000, 0.000000000000000000 ) ) ;
#1425 = CARTESIAN_POINT ( 'NONE',  ( -346.8999999999997499, -1093.805262667904117, 25.00000000000046896 ) ) ;
#1426 = DIRECTION ( 'NONE',  ( -0.000000000000000000, -0.000000000000000000, 1.000000000000000000 ) ) ;
#1427 = DIRECTION ( 'NONE',  ( -0.000000000000000000, 1.000000000000000000, 1.369518533665899079E-16 ) ) ;
#1428 = DIRECTION ( 'NONE',  ( 1.000000000000000000, 0.000000000000000000, 0.000000000000000000 ) ) ;
#1429 = ORIENTED_EDGE ( 'NONE', *, *, #2251, .T. ) ;
#1430 = ORIENTED_EDGE ( 'NONE', *, *, #1334, .F. ) ;
#1431 = ORIENTED_EDGE ( 'NONE', *, *, #2528, .F. ) ;
#1432 = CALENDAR_DATE ( 2026, 11, 7 ) ;
#1433 = DIRECTION ( 'NONE',  ( -0.000000000000000000, 1.369518533665899079E-16, -1.000000000000000000 ) ) ;
#1434 = CARTESIAN_POINT ( 'NONE',  ( -989.9999999999995453, -1099.805262667904117, 28.00000000000046896 ) ) ;
#1435 = CARTESIAN_POINT ( 'NONE',  ( 350.0999999999996248, -1108.805262667903662, 28.00000000000046896 ) ) ;
#1436 = VECTOR ( 'NONE', #2, 1000.000000000000000 ) ;
#1437 = DIRECTION ( 'NONE',  ( 0.000000000000000000, 1.000000000000000000, 1.369518533665899079E-16 ) ) ;
#1438 = CARTESIAN_POINT ( 'NONE',  ( 1090.972523324353915, -1149.805262667904117, 28.00000000000046185 ) ) ;
#1439 = DIRECTION ( 'NONE',  ( -1.000000000000000000, 0.000000000000000000, 0.000000000000000000 ) ) ;
#1440 = EDGE_CURVE ( 'NONE', #1533, #1520, #1464, .T. ) ;
#1441 = DIRECTION ( 'NONE',  ( 1.508922627792021444E-47, -1.000000000000000000, -1.369518533665899079E-16 ) ) ;
#1442 = DIRECTION ( 'NONE',  ( 0.000000000000000000, -1.000000000000000000, 0.000000000000000000 ) ) ;
#1443 = EDGE_CURVE ( 'NONE', #800, #1818, #739, .T. ) ;
#1444 = EDGE_LOOP ( 'NONE', ( #2875, #1581, #2548, #142 ) ) ;
#1445 = DATE_AND_TIME ( #1432, #502 ) ;
#1446 = EDGE_LOOP ( 'NONE', ( #1683, #1937, #1160, #7 ) ) ;
#1447 = VECTOR ( 'NONE', #273, 1000.000000000000000 ) ;
#1448 = PLANE ( 'NONE',  #1924 ) ;
#1449 = CARTESIAN_POINT ( 'NONE',  ( -313.0999999999995111, -1093.805262667904117, 28.00000000000046896 ) ) ;
#1450 = AXIS2_PLACEMENT_3D ( 'NONE', #766, #485, #2293 ) ;
#1451 = CARTESIAN_POINT ( 'NONE',  ( -981.4999999999995453, -1163.805262667904117, 25.00000000000045830 ) ) ;
#1452 = FACE_OUTER_BOUND ( 'NONE', #1703, .T. ) ;
#1453 = DIRECTION ( 'NONE',  ( 0.000000000000000000, -1.000000000000000000, 0.000000000000000000 ) ) ;
#1454 = ORIENTED_EDGE ( 'NONE', *, *, #2160, .F. ) ;
#1455 = VECTOR ( 'NONE', #2505, 1000.000000000000000 ) ;
#1456 = CARTESIAN_POINT ( 'NONE',  ( -981.4999999999995453, -1099.805262667904117, 28.00000000000046896 ) ) ;
#1457 = ORIENTED_EDGE ( 'NONE', *, *, #2363, .F. ) ;
#1458 = DIRECTION ( 'NONE',  ( -1.000000000000000000, -0.000000000000000000, 0.000000000000000000 ) ) ;
#1459 = VECTOR ( 'NONE', #2322, 1000.000000000000000 ) ;
#1460 = LINE ( 'NONE', #320, #2249 ) ;
#1461 = VERTEX_POINT ( 'NONE', #1970 ) ;
#1462 = ORIENTED_EDGE ( 'NONE', *, *, #230, .F. ) ;
#1463 = ORIENTED_EDGE ( 'NONE', *, *, #783, .F. ) ;
#1464 = LINE ( 'NONE', #2184, #2452 ) ;
#1465 = DIRECTION ( 'NONE',  ( -0.000000000000000000, 1.000000000000000000, 1.369518533665899079E-16 ) ) ;
#1466 = CARTESIAN_POINT ( 'NONE',  ( -346.8999999999996362, -1160.805262667903889, 28.00000000000046185 ) ) ;
#1467 = CARTESIAN_POINT ( 'NONE',  ( 981.4999999999996589, -1093.805262667904117, 31.00000000000044409 ) ) ;
#1468 = DIRECTION ( 'NONE',  ( 0.000000000000000000, -1.000000000000000000, 0.000000000000000000 ) ) ;
#1469 = DIRECTION ( 'NONE',  ( 0.000000000000000000, -1.000000000000000000, 0.000000000000000000 ) ) ;
#1470 = DIRECTION ( 'NONE',  ( 1.000000000000000000, 0.000000000000000000, 0.000000000000000000 ) ) ;
#1471 = ORIENTED_EDGE ( 'NONE', *, *, #2706, .F. ) ;
#1472 = EDGE_CURVE ( 'NONE', #1399, #941, #1545, .T. ) ;
#1473 = SECURITY_CLASSIFICATION_LEVEL ( 'unclassified' ) ;
#1474 = EDGE_LOOP ( 'NONE', ( #2839, #1064, #1382, #2314 ) ) ;
#1475 = DIRECTION ( 'NONE',  ( -1.000000000000000000, 0.000000000000000000, 0.000000000000000000 ) ) ;
#1476 = EDGE_LOOP ( 'NONE', ( #1040, #1405, #1654, #2660 ) ) ;
#1477 = CARTESIAN_POINT ( 'NONE',  ( 313.0999999999996248, -1155.805262667904344, 28.00000000000046185 ) ) ;
#1478 = CARTESIAN_POINT ( 'NONE',  ( 981.4999999999996589, -1096.805262667903662, 70.00000000000062528 ) ) ;
#1479 = EDGE_CURVE ( 'NONE', #773, #1561, #2823, .T. ) ;
#1480 = PLANE ( 'NONE',  #2156 ) ;
#1481 = FACE_OUTER_BOUND ( 'NONE', #1446, .T. ) ;
#1482 = LINE ( 'NONE', #518, #16 ) ;
#1483 = EDGE_LOOP ( 'NONE', ( #1358, #161, #789, #685 ) ) ;
#1484 = VERTEX_POINT ( 'NONE', #1256 ) ;
#1485 = AXIS2_PLACEMENT_3D ( 'NONE', #1197, #1897, #1672 ) ;
#1486 = CARTESIAN_POINT ( 'NONE',  ( 309.8999999999996362, -1149.805262667904117, 25.00000000000046185 ) ) ;
#1487 = CARTESIAN_POINT ( 'NONE',  ( 628.1567381882845211, -1118.805262667904117, 28.00000000000046896 ) ) ;
#1488 = ORIENTED_EDGE ( 'NONE', *, *, #2361, .F. ) ;
#1489 = VERTEX_POINT ( 'NONE', #120 ) ;
#1490 = EDGE_LOOP ( 'NONE', ( #519, #2744, #816, #564 ) ) ;
#1491 = ADVANCED_FACE ( 'NONE', ( #88 ), #596, .T. ) ;
#1492 = ADVANCED_FACE ( 'NONE', ( #2857 ), #2613, .F. ) ;
#1493 = VECTOR ( 'NONE', #1633, 1000.000000000000000 ) ;
#1494 = CYLINDRICAL_SURFACE ( 'NONE', #26, 5.000000000000004441 ) ;
#1495 = DIRECTION ( 'NONE',  ( 0.000000000000000000, -1.369518533665899079E-16, 1.000000000000000000 ) ) ;
#1496 = AXIS2_PLACEMENT_3D ( 'NONE', #1679, #1000, #1469 ) ;
#1497 = DIRECTION ( 'NONE',  ( 0.000000000000000000, -1.000000000000000000, 0.000000000000000000 ) ) ;
#1498 = APPROVAL ( #2287, 'UNSPECIFIED' ) ;
#1499 = CARTESIAN_POINT ( 'NONE',  ( 981.4999999999996589, -1166.805262667903889, 31.00000000000046185 ) ) ;
#1500 = ORIENTED_EDGE ( 'NONE', *, *, #757, .T. ) ;
#1501 = AXIS2_PLACEMENT_3D ( 'NONE', #614, #169, #1942 ) ;
#1502 = DIRECTION ( 'NONE',  ( 2.197112346455275869E-48, -0.000000000000000000, -1.000000000000000000 ) ) ;
#1503 = VECTOR ( 'NONE', #2557, 1000.000000000000000 ) ;
#1504 = LINE ( 'NONE', #2876, #2122 ) ;
#1505 = VECTOR ( 'NONE', #2656, 1000.000000000000000 ) ;
#1506 = CYLINDRICAL_SURFACE ( 'NONE', #1015, 8.499999999999729994 ) ;
#1507 = VECTOR ( 'NONE', #1063, 1000.000000000000000 ) ;
#1508 = ORIENTED_EDGE ( 'NONE', *, *, #688, .F. ) ;
#1509 = DIRECTION ( 'NONE',  ( 1.000000000000000000, 0.000000000000000000, 0.000000000000000000 ) ) ;
#1510 = DIRECTION ( 'NONE',  ( 1.000000000000000000, 0.000000000000000000, 0.000000000000000000 ) ) ;
#1511 = DIRECTION ( 'NONE',  ( 0.000000000000000000, -1.369518533665899079E-16, 1.000000000000000000 ) ) ;
#1512 = CARTESIAN_POINT ( 'NONE',  ( 998.9999999999996589, -1150.305262667904344, 25.00000000000046185 ) ) ;
#1513 = LINE ( 'NONE', #1065, #2886 ) ;
#1514 = DIRECTION ( 'NONE',  ( 0.000000000000000000, 0.000000000000000000, 1.000000000000000000 ) ) ;
#1515 = VERTEX_POINT ( 'NONE', #582 ) ;
#1516 = ORIENTED_EDGE ( 'NONE', *, *, #802, .T. ) ;
#1517 = FACE_BOUND ( 'NONE', #2116, .T. ) ;
#1518 = ORIENTED_EDGE ( 'NONE', *, *, #1883, .F. ) ;
#1519 = CALENDAR_DATE ( 2026, 11, 7 ) ;
#1520 = VERTEX_POINT ( 'NONE', #2599 ) ;
#1521 = ORIENTED_EDGE ( 'NONE', *, *, #1532, .F. ) ;
#1522 = DIRECTION ( 'NONE',  ( 0.000000000000000000, 1.000000000000000000, 1.369518533665899079E-16 ) ) ;
#1523 = LINE ( 'NONE', #1989, #1724 ) ;
#1524 = LINE ( 'NONE', #2435, #209 ) ;
#1525 = EDGE_CURVE ( 'NONE', #1055, #979, #376, .T. ) ;
#1526 = CARTESIAN_POINT ( 'NONE',  ( 1090.972523324353915, -1166.805262667904117, 31.00000000000046185 ) ) ;
#1527 = ADVANCED_FACE ( 'NONE', ( #2418 ), #1704, .T. ) ;
#1528 = LINE ( 'NONE', #2665, #213 ) ;
#1529 = ORIENTED_EDGE ( 'NONE', *, *, #2288, .T. ) ;
#1530 = CARTESIAN_POINT ( 'NONE',  ( 989.9999999999995453, -1099.805262667904117, 28.00000000000046896 ) ) ;
#1531 = VECTOR ( 'NONE', #440, 1000.000000000000000 ) ;
#1532 = EDGE_CURVE ( 'NONE', #265, #2503, #1791, .T. ) ;
#1533 = VERTEX_POINT ( 'NONE', #2870 ) ;
#1534 = CIRCLE ( 'NONE', #952, 1.000000000000000888 ) ;
#1535 = ADVANCED_FACE ( 'NONE', ( #1240 ), #820, .F. ) ;
#1536 = ORIENTED_EDGE ( 'NONE', *, *, #1757, .T. ) ;
#1537 = DIRECTION ( 'NONE',  ( 0.000000000000000000, -0.000000000000000000, 1.000000000000000000 ) ) ;
#1538 = DIRECTION ( 'NONE',  ( -1.000000000000000000, 0.000000000000000000, 0.000000000000000000 ) ) ;
#1539 = CYLINDRICAL_SURFACE ( 'NONE', #250, 5.000000000000115463 ) ;
#1540 = CARTESIAN_POINT ( 'NONE',  ( 1090.972523324353915, -1108.805262667903662, 25.00000000000046541 ) ) ;
#1541 = CARTESIAN_POINT ( 'NONE',  ( -998.9999999999996589, -1108.305262667903889, 28.00000000000046896 ) ) ;
#1542 = VECTOR ( 'NONE', #1442, 1000.000000000000000 ) ;
#1543 = DIRECTION ( 'NONE',  ( 0.000000000000000000, 1.000000000000000000, 0.000000000000000000 ) ) ;
#1544 = VERTEX_POINT ( 'NONE', #2888 ) ;
#1545 = CIRCLE ( 'NONE', #2838, 1.000000000000000888 ) ;
#1546 = ADVANCED_FACE ( 'NONE', ( #836 ), #1750, .F. ) ;
#1547 = AXIS2_PLACEMENT_3D ( 'NONE', #712, #2274, #2049 ) ;
#1548 = ORIENTED_EDGE ( 'NONE', *, *, #563, .F. ) ;
#1549 = EDGE_LOOP ( 'NONE', ( #818, #901, #2309, #101 ) ) ;
#1550 = AXIS2_PLACEMENT_3D ( 'NONE', #1281, #1930, #139 ) ;
#1551 = EDGE_CURVE ( 'NONE', #2102, #1376, #1922, .T. ) ;
#1552 = DIRECTION ( 'NONE',  ( 0.000000000000000000, 1.000000000000000000, 1.369518533665899079E-16 ) ) ;
#1553 = ORIENTED_EDGE ( 'NONE', *, *, #2682, .F. ) ;
#1554 = DIRECTION ( 'NONE',  ( -1.000000000000000000, 0.000000000000000000, 0.000000000000000000 ) ) ;
#1555 = DIRECTION ( 'NONE',  ( 1.000000000000000000, 0.000000000000000000, 0.000000000000000000 ) ) ;
#1556 = EDGE_LOOP ( 'NONE', ( #647, #1074, #2705, #2929 ) ) ;
#1557 = CARTESIAN_POINT ( 'NONE',  ( -309.8999999999996362, -1107.805262667903889, 28.00000000000046541 ) ) ;
#1558 = PLANE ( 'NONE',  #2795 ) ;
#1559 = ORIENTED_EDGE ( 'NONE', *, *, #568, .T. ) ;
#1560 = ORIENTED_EDGE ( 'NONE', *, *, #1659, .F. ) ;
#1561 = VERTEX_POINT ( 'NONE', #2026 ) ;
#1562 = ORIENTED_EDGE ( 'NONE', *, *, #1968, .T. ) ;
#1563 = ADVANCED_FACE ( 'NONE', ( #1778 ), #863, .T. ) ;
#1564 = CARTESIAN_POINT ( 'NONE',  ( 981.4999999999996589, -1096.805262667903889, 31.00000000000045830 ) ) ;
#1565 = DIRECTION ( 'NONE',  ( 1.000000000000000000, 0.000000000000000000, 0.000000000000000000 ) ) ;
#1566 = ADVANCED_FACE ( 'NONE', ( #207 ), #2473, .T. ) ;
#1567 = LINE ( 'NONE', #683, #1773 ) ;
#1568 = CARTESIAN_POINT ( 'NONE',  ( 1090.972523324353915, -1093.805262667904117, 28.00000000000046896 ) ) ;
#1569 = DIRECTION ( 'NONE',  ( 0.000000000000000000, -1.369518533665899079E-16, 1.000000000000000000 ) ) ;
#1570 = ADVANCED_FACE ( 'NONE', ( #1580 ), #2690, .F. ) ;
#1571 = CARTESIAN_POINT ( 'NONE',  ( -628.1567381882845211, -1149.805262667904117, 28.00000000000046896 ) ) ;
#1572 = VERTEX_POINT ( 'NONE', #1799 ) ;
#1573 = ORIENTED_EDGE ( 'NONE', *, *, #603, .F. ) ;
#1574 = ORIENTED_EDGE ( 'NONE', *, *, #2706, .T. ) ;
#1575 = ORIENTED_EDGE ( 'NONE', *, *, #1879, .T. ) ;
#1576 = CYLINDRICAL_SURFACE ( 'NONE', #1785, 0.9999999999998898659 ) ;
#1577 = ORIENTED_EDGE ( 'NONE', *, *, #1206, .T. ) ;
#1578 = ORIENTED_EDGE ( 'NONE', *, *, #388, .T. ) ;
#1579 = AXIS2_PLACEMENT_3D ( 'NONE', #1434, #2571, #763 ) ;
#1580 = FACE_OUTER_BOUND ( 'NONE', #89, .T. ) ;
#1581 = ORIENTED_EDGE ( 'NONE', *, *, #42, .F. ) ;
#1582 = PLANE ( 'NONE',  #484 ) ;
#1583 = EDGE_CURVE ( 'NONE', #1956, #1520, #2648, .T. ) ;
#1584 = PLANE ( 'NONE',  #2499 ) ;
#1585 = LINE ( 'NONE', #2756, #2556 ) ;
#1586 = CARTESIAN_POINT ( 'NONE',  ( -998.9999999999996589, -1151.305262667904344, 28.00000000000046896 ) ) ;
#1587 = DIRECTION ( 'NONE',  ( 1.000000000000000000, -1.604295445768149458E-32, -2.197112346455275869E-48 ) ) ;
#1588 = CIRCLE ( 'NONE', #536, 1.000000000000000888 ) ;
#1589 = ORIENTED_EDGE ( 'NONE', *, *, #2334, .F. ) ;
#1590 = CIRCLE ( 'NONE', #1398, 5.999999999999998224 ) ;
#1591 = VECTOR ( 'NONE', #796, 1000.000000000000000 ) ;
#1592 = AXIS2_PLACEMENT_3D ( 'NONE', #1330, #235, #1996 ) ;
#1593 = EDGE_LOOP ( 'NONE', ( #2575, #1574, #1521, #699 ) ) ;
#1594 = VECTOR ( 'NONE', #1374, 1000.000000000000000 ) ;
#1595 = DIRECTION ( 'NONE',  ( 0.000000000000000000, -1.369518533665899079E-16, 1.000000000000000000 ) ) ;
#1596 = CARTESIAN_POINT ( 'NONE',  ( -999.9999999999996589, -1150.305262667904344, 28.00000000000046896 ) ) ;
#1597 = EDGE_CURVE ( 'NONE', #2485, #1089, #637, .T. ) ;
#1598 = VECTOR ( 'NONE', #1758, 1000.000000000000000 ) ;
#1599 = VECTOR ( 'NONE', #125, 1000.000000000000000 ) ;
#1600 = CARTESIAN_POINT ( 'NONE',  ( -989.9999999999997726, -1155.305262667904344, 25.00000000000046185 ) ) ;
#1601 = CYLINDRICAL_SURFACE ( 'NONE', #361, 5.000000000000115463 ) ;
#1602 = EDGE_CURVE ( 'NONE', #2377, #2379, #2007, .T. ) ;
#1603 = CARTESIAN_POINT ( 'NONE',  ( 346.8999999999996362, -1160.805262667903889, 28.00000000000045830 ) ) ;
#1604 = FACE_OUTER_BOUND ( 'NONE', #2338, .T. ) ;
#1605 = VERTEX_POINT ( 'NONE', #2458 ) ;
#1606 = VERTEX_POINT ( 'NONE', #1078 ) ;
#1607 = CARTESIAN_POINT ( 'NONE',  ( -628.1567381882845211, -1154.805262667904117, 25.00000000000046896 ) ) ;
#1608 = CARTESIAN_POINT ( 'NONE',  ( 981.4999999999996589, -1163.805262667904117, 28.00000000000045830 ) ) ;
#1609 = CARTESIAN_POINT ( 'NONE',  ( 628.1567381882845211, -1144.805262667903889, 25.00000000000046896 ) ) ;
#1610 = DIRECTION ( 'NONE',  ( -1.000000000000000000, 0.000000000000000000, 0.000000000000000000 ) ) ;
#1611 = ORIENTED_EDGE ( 'NONE', *, *, #337, .T. ) ;
#1612 = CARTESIAN_POINT ( 'NONE',  ( -628.1567381882845211, -1149.805262667904117, 25.00000000000046896 ) ) ;
#1613 = ORIENTED_EDGE ( 'NONE', *, *, #1551, .F. ) ;
#1614 = CARTESIAN_POINT ( 'NONE',  ( 981.4999999999996589, -1169.805262667904117, 31.00000000000046185 ) ) ;
#1615 = ORIENTED_EDGE ( 'NONE', *, *, #1945, .T. ) ;
#1616 = EDGE_CURVE ( 'NONE', #94, #1223, #894, .T. ) ;
#1617 = CARTESIAN_POINT ( 'NONE',  ( -981.4999999999995453, -1166.805262667904117, 70.00000000000059686 ) ) ;
#1618 = LINE ( 'NONE', #1352, #2488 ) ;
#1619 = EDGE_LOOP ( 'NONE', ( #727, #1150, #2545, #1429 ) ) ;
#1620 = EDGE_CURVE ( 'NONE', #902, #1276, #2198, .T. ) ;
#1621 = EDGE_CURVE ( 'NONE', #2061, #2851, #1927, .T. ) ;
#1622 = ORIENTED_EDGE ( 'NONE', *, *, #1986, .T. ) ;
#1623 = EDGE_CURVE ( 'NONE', #1818, #1782, #847, .T. ) ;
#1624 = EDGE_CURVE ( 'NONE', #1646, #2267, #418, .T. ) ;
#1625 = CARTESIAN_POINT ( 'NONE',  ( 996.0000000000003411, -1093.805262667904117, 28.00000000000046896 ) ) ;
#1626 = VERTEX_POINT ( 'NONE', #2967 ) ;
#1627 = APPROVAL_STATUS ( 'not_yet_approved' ) ;
#1628 = AXIS2_PLACEMENT_3D ( 'NONE', #879, #1554, #2038 ) ;
#1629 = CYLINDRICAL_SURFACE ( 'NONE', #784, 5.000000000000115463 ) ;
#1630 = CARTESIAN_POINT ( 'NONE',  ( 1090.972523324353915, -1108.305262667903662, 28.00000000000046541 ) ) ;
#1631 = VERTEX_POINT ( 'NONE', #2228 ) ;
#1632 = CARTESIAN_POINT ( 'NONE',  ( 313.0999999999996248, -1149.805262667904117, 28.00000000000046185 ) ) ;
#1633 = DIRECTION ( 'NONE',  ( -1.000000000000000000, -1.604295445768149458E-32, -2.197112346455275869E-48 ) ) ;
#1634 = ADVANCED_FACE ( 'NONE', ( #187 ), #1987, .F. ) ;
#1635 = EDGE_CURVE ( 'NONE', #493, #1806, #878, .T. ) ;
#1636 = CARTESIAN_POINT ( 'NONE',  ( 628.1567381882845211, -1154.805262667904117, 25.00000000000046896 ) ) ;
#1637 = CIRCLE ( 'NONE', #1066, 8.499999999999729994 ) ;
#1638 = AXIS2_PLACEMENT_3D ( 'NONE', #606, #1053, #2637 ) ;
#1639 = ADVANCED_FACE ( 'NONE', ( #2707 ), #2673, .T. ) ;
#1640 = DIRECTION ( 'NONE',  ( -1.000000000000000000, -0.000000000000000000, 0.000000000000000000 ) ) ;
#1642 = CARTESIAN_POINT ( 'NONE',  ( 1090.972523324353915, -1155.305262667904344, 25.00000000000046185 ) ) ;
#1641 =( GEOMETRIC_REPRESENTATION_CONTEXT ( 3 ) GLOBAL_UNCERTAINTY_ASSIGNED_CONTEXT ( ( #338 ) ) GLOBAL_UNIT_ASSIGNED_CONTEXT ( ( #1226, #2071, #2317 ) ) REPRESENTATION_CONTEXT ( 'NONE', 'WORKASPACE' ) );
#1643 = VECTOR ( 'NONE', #471, 1000.000000000000000 ) ;
#1644 = CARTESIAN_POINT ( 'NONE',  ( -998.9999999999996589, -1151.305262667904344, 28.00000000000046896 ) ) ;
#1645 = DIRECTION ( 'NONE',  ( 2.197112346455275869E-48, 0.000000000000000000, 1.000000000000000000 ) ) ;
#1646 = VERTEX_POINT ( 'NONE', #408 ) ;
#1647 = DIRECTION ( 'NONE',  ( 0.000000000000000000, -1.000000000000000000, 4.440892098500612751E-15 ) ) ;
#1648 = VECTOR ( 'NONE', #1816, 1000.000000000000000 ) ;
#1649 = LINE ( 'NONE', #2475, #2112 ) ;
#1650 = VERTEX_POINT ( 'NONE', #1316 ) ;
#1651 = AXIS2_PLACEMENT_3D ( 'NONE', #969, #2371, #1860 ) ;
#1652 = CARTESIAN_POINT ( 'NONE',  ( 1090.972523324353915, -1155.805262667904344, 25.00000000000046185 ) ) ;
#1653 = CYLINDRICAL_SURFACE ( 'NONE', #1732, 0.9999999999998898659 ) ;
#1654 = ORIENTED_EDGE ( 'NONE', *, *, #2461, .T. ) ;
#1655 = DIRECTION ( 'NONE',  ( 0.000000000000000000, -1.369518533665899079E-16, 1.000000000000000000 ) ) ;
#1656 = PLANE ( 'NONE',  #544 ) ;
#1657 = ORIENTED_EDGE ( 'NONE', *, *, #1770, .F. ) ;
#1658 = EDGE_CURVE ( 'NONE', #2267, #1572, #2216, .T. ) ;
#1659 = EDGE_CURVE ( 'NONE', #415, #800, #1995, .T. ) ;
#1660 = DIRECTION ( 'NONE',  ( 0.000000000000000000, -1.369518533665899079E-16, 1.000000000000000000 ) ) ;
#1661 = ORIENTED_EDGE ( 'NONE', *, *, #268, .T. ) ;
#1662 = CARTESIAN_POINT ( 'NONE',  ( -1003.999999999999773, -1113.305262667903889, 28.00000000000046896 ) ) ;
#1663 = EDGE_CURVE ( 'NONE', #990, #942, #118, .T. ) ;
#1664 = DIRECTION ( 'NONE',  ( 1.000000000000000000, 0.000000000000000000, 0.000000000000000000 ) ) ;
#1665 = CARTESIAN_POINT ( 'NONE',  ( -628.1567381882845211, -1149.805262667904117, 25.00000000000046896 ) ) ;
#1666 = CARTESIAN_POINT ( 'NONE',  ( 309.8999999999996362, -1093.805262667904117, 28.00000000000046896 ) ) ;
#1667 = ORIENTED_EDGE ( 'NONE', *, *, #2864, .T. ) ;
#1668 = ORIENTED_EDGE ( 'NONE', *, *, #42, .T. ) ;
#1669 = ADVANCED_BREP_SHAPE_REPRESENTATION ( 'CV03-TR-19_REV_B_8ddc8307276e40b2aa3e2004e4909e41.tmp', ( #226, #354 ), #1641 ) ;
#1670 = COORDINATED_UNIVERSAL_TIME_OFFSET ( 10, 0, .AHEAD. ) ;
#1671 = DIRECTION ( 'NONE',  ( -1.000000000000000000, 0.000000000000000000, 0.000000000000000000 ) ) ;
#1672 = DIRECTION ( 'NONE',  ( 0.000000000000000000, -1.000000000000000000, 0.000000000000000000 ) ) ;
#1673 = ADVANCED_FACE ( 'NONE', ( #1019 ), #1151, .T. ) ;
#1674 = EDGE_CURVE ( 'NONE', #2383, #466, #75, .T. ) ;
#1675 = DIRECTION ( 'NONE',  ( 1.000000000000000000, 0.000000000000000000, 0.000000000000000000 ) ) ;
#1676 = DIRECTION ( 'NONE',  ( 0.000000000000000000, 0.000000000000000000, -1.000000000000000000 ) ) ;
#1677 = FACE_OUTER_BOUND ( 'NONE', #2772, .T. ) ;
#1678 = DIRECTION ( 'NONE',  ( 2.197112346455275869E-48, -0.000000000000000000, -1.000000000000000000 ) ) ;
#1679 = CARTESIAN_POINT ( 'NONE',  ( -999.9999999999996589, -1150.305262667904344, 28.00000000000046896 ) ) ;
#1680 = CARTESIAN_POINT ( 'NONE',  ( 1090.972523324353915, -1108.305262667903662, 28.00000000000046541 ) ) ;
#1681 = ORIENTED_EDGE ( 'NONE', *, *, #2500, .T. ) ;
#1682 = AXIS2_PLACEMENT_3D ( 'NONE', #539, #2323, #1203 ) ;
#1683 = ORIENTED_EDGE ( 'NONE', *, *, #1037, .F. ) ;
#1684 = VECTOR ( 'NONE', #1441, 1000.000000000000000 ) ;
#1685 = VECTOR ( 'NONE', #2414, 1000.000000000000000 ) ;
#1686 = DIRECTION ( 'NONE',  ( 1.000000000000000000, -1.604295445768149458E-32, -2.197112346455275869E-48 ) ) ;
#1687 = VERTEX_POINT ( 'NONE', #2850 ) ;
#1688 = CARTESIAN_POINT ( 'NONE',  ( -981.4999999999995453, -1169.805262667904117, 70.00000000000059686 ) ) ;
#1689 = VECTOR ( 'NONE', #1071, 1000.000000000000000 ) ;
#1690 = VECTOR ( 'NONE', #610, 1000.000000000000000 ) ;
#1691 = FACE_OUTER_BOUND ( 'NONE', #2633, .T. ) ;
#1692 = LINE ( 'NONE', #328, #264 ) ;
#1693 = CARTESIAN_POINT ( 'NONE',  ( 998.9999999999996589, -1150.305262667904344, 28.00000000000046896 ) ) ;
#1694 = VECTOR ( 'NONE', #1157, 1000.000000000000000 ) ;
#1695 = ADVANCED_FACE ( 'NONE', ( #1711 ), #1182, .T. ) ;
#1696 = EDGE_CURVE ( 'NONE', #2853, #1094, #2070, .T. ) ;
#1697 = ADVANCED_FACE ( 'NONE', ( #2302 ), #2531, .F. ) ;
#1698 = CARTESIAN_POINT ( 'NONE',  ( -999.9999999999996589, -1154.305262667904344, 28.00000000000046896 ) ) ;
#1699 = ORIENTED_EDGE ( 'NONE', *, *, #2231, .F. ) ;
#1700 = FACE_OUTER_BOUND ( 'NONE', #374, .T. ) ;
#1701 = EDGE_LOOP ( 'NONE', ( #318, #277, #2809, #1140 ) ) ;
#1702 = EDGE_CURVE ( 'NONE', #2728, #2297, #799, .T. ) ;
#1703 = EDGE_LOOP ( 'NONE', ( #1766, #308, #2409, #1869 ) ) ;
#1704 = PLANE ( 'NONE',  #116 ) ;
#1705 = CARTESIAN_POINT ( 'NONE',  ( 313.0999999999996248, -1155.805262667904344, 25.00000000000046185 ) ) ;
#1706 = LINE ( 'NONE', #965, #1884 ) ;
#1707 = DIRECTION ( 'NONE',  ( 1.000000000000000000, -0.000000000000000000, -0.000000000000000000 ) ) ;
#1708 = CARTESIAN_POINT ( 'NONE',  ( -995.9999999999995453, -1093.805262667904117, 28.00000000000046896 ) ) ;
#1709 = ADVANCED_FACE ( 'NONE', ( #2777 ), #1372, .F. ) ;
#1710 = DIRECTION ( 'NONE',  ( 1.000000000000000000, 0.000000000000000000, 0.000000000000000000 ) ) ;
#1711 = FACE_OUTER_BOUND ( 'NONE', #1288, .T. ) ;
#1712 = EDGE_LOOP ( 'NONE', ( #914, #1548, #630, #1395 ) ) ;
#1713 = ADVANCED_FACE ( 'NONE', ( #2834 ), #700, .T. ) ;
#1714 = ORIENTED_EDGE ( 'NONE', *, *, #2230, .F. ) ;
#1715 = ORIENTED_EDGE ( 'NONE', *, *, #1224, .T. ) ;
#1716 = EDGE_CURVE ( 'NONE', #2767, #2758, #2751, .T. ) ;
#1717 = PLANE ( 'NONE',  #348 ) ;
#1718 = DIRECTION ( 'NONE',  ( -1.000000000000000000, 0.000000000000000000, 0.000000000000000000 ) ) ;
#1719 = LINE ( 'NONE', #1079, #530 ) ;
#1720 = DIRECTION ( 'NONE',  ( 0.000000000000000000, -1.369518533665899079E-16, 1.000000000000000000 ) ) ;
#1721 = APPLICATION_CONTEXT ( 'configuration controlled 3d designs of mechanical parts and assemblies' ) ;
#1722 = DIRECTION ( 'NONE',  ( 1.000000000000000000, 0.000000000000000000, 0.000000000000000000 ) ) ;
#1723 = ORIENTED_EDGE ( 'NONE', *, *, #2849, .F. ) ;
#1724 = VECTOR ( 'NONE', #848, 1000.000000000000000 ) ;
#1725 = CARTESIAN_POINT ( 'NONE',  ( 1090.972523324353915, -1163.805262667904117, 31.00000000000046185 ) ) ;
#1726 = DIRECTION ( 'NONE',  ( 0.000000000000000000, -1.000000000000000000, 4.440892098500612751E-15 ) ) ;
#1727 = LINE ( 'NONE', #2415, #1689 ) ;
#1728 = ORIENTED_EDGE ( 'NONE', *, *, #1147, .T. ) ;
#1729 = ORIENTED_EDGE ( 'NONE', *, *, #2251, .F. ) ;
#1730 = ADVANCED_FACE ( 'NONE', ( #1700 ), #2360, .T. ) ;
#1731 = ORIENTED_EDGE ( 'NONE', *, *, #491, .F. ) ;
#1732 = AXIS2_PLACEMENT_3D ( 'NONE', #444, #2357, #1468 ) ;
#1733 = CARTESIAN_POINT ( 'NONE',  ( -309.8999999999996362, -1093.805262667904117, 28.00000000000046896 ) ) ;
#1734 = EDGE_CURVE ( 'NONE', #2242, #1057, #1237, .T. ) ;
#1735 = LINE ( 'NONE', #1279, #193 ) ;
#1736 = AXIS2_PLACEMENT_3D ( 'NONE', #1273, #976, #2340 ) ;
#1737 = LINE ( 'NONE', #379, #401 ) ;
#1738 = LINE ( 'NONE', #1293, #407 ) ;
#1739 = DIRECTION ( 'NONE',  ( -0.000000000000000000, 1.000000000000000000, 1.369518533665899079E-16 ) ) ;
#1740 = VECTOR ( 'NONE', #2786, 1000.000000000000000 ) ;
#1741 = ORIENTED_EDGE ( 'NONE', *, *, #400, .T. ) ;
#1742 = CIRCLE ( 'NONE', #2349, 8.499999999999729994 ) ;
#1743 = CARTESIAN_POINT ( 'NONE',  ( 981.4999999999996589, -1166.805262667904117, 70.00000000000059686 ) ) ;
#1744 = VECTOR ( 'NONE', #2730, 1000.000000000000000 ) ;
#1745 = EDGE_LOOP ( 'NONE', ( #34, #1313 ) ) ;
#1746 = VECTOR ( 'NONE', #1943, 1000.000000000000000 ) ;
#1747 = CARTESIAN_POINT ( 'NONE',  ( 996.0000000000003411, -1113.305262667903889, 28.00000000000046541 ) ) ;
#1748 = EDGE_LOOP ( 'NONE', ( #2468, #966, #1774, #2131 ) ) ;
#1749 = DIRECTION ( 'NONE',  ( 0.000000000000000000, -1.000000000000000000, 0.000000000000000000 ) ) ;
#1750 = PLANE ( 'NONE',  #2547 ) ;
#1751 = EDGE_LOOP ( 'NONE', ( #972, #1333, #132, #2142 ) ) ;
#1752 = CARTESIAN_POINT ( 'NONE',  ( -981.4999999999995453, -1093.805262667903889, 70.00000000000061107 ) ) ;
#1753 = EDGE_CURVE ( 'NONE', #990, #1489, #1004, .T. ) ;
#1754 = ADVANCED_FACE ( 'NONE', ( #1912 ), #786, .F. ) ;
#1755 = DIRECTION ( 'NONE',  ( 2.197112346455275869E-48, 0.000000000000000000, 1.000000000000000000 ) ) ;
#1756 = DIRECTION ( 'NONE',  ( 0.000000000000000000, 0.000000000000000000, 1.000000000000000000 ) ) ;
#1757 = EDGE_CURVE ( 'NONE', #2297, #2508, #2373, .T. ) ;
#1758 = DIRECTION ( 'NONE',  ( 0.000000000000000000, 1.000000000000000000, 0.000000000000000000 ) ) ;
#1759 = FACE_OUTER_BOUND ( 'NONE', #2490, .T. ) ;
#1760 = ORIENTED_EDGE ( 'NONE', *, *, #951, .T. ) ;
#1761 = FACE_BOUND ( 'NONE', #633, .T. ) ;
#1762 = ORIENTED_EDGE ( 'NONE', *, *, #2095, .F. ) ;
#1763 = ORIENTED_EDGE ( 'NONE', *, *, #362, .F. ) ;
#1764 = DIRECTION ( 'NONE',  ( 1.000000000000000000, 0.000000000000000000, 0.000000000000000000 ) ) ;
#1765 = CARTESIAN_POINT ( 'NONE',  ( 313.0999999999996248, -1155.805262667904344, 28.00000000000046185 ) ) ;
#1766 = ORIENTED_EDGE ( 'NONE', *, *, #2272, .F. ) ;
#1767 = EDGE_CURVE ( 'NONE', #1094, #280, #246, .T. ) ;
#1768 = PLANE ( 'NONE',  #1215 ) ;
#1769 = CYLINDRICAL_SURFACE ( 'NONE', #2355, 5.000000000000004441 ) ;
#1770 = EDGE_CURVE ( 'NONE', #812, #2625, #1051, .T. ) ;
#1771 = LINE ( 'NONE', #129, #2549 ) ;
#1772 = ORIENTED_EDGE ( 'NONE', *, *, #1702, .T. ) ;
#1773 = VECTOR ( 'NONE', #453, 1000.000000000000000 ) ;
#1774 = ORIENTED_EDGE ( 'NONE', *, *, #1551, .T. ) ;
#1775 = ORIENTED_EDGE ( 'NONE', *, *, #746, .F. ) ;
#1776 = ORIENTED_EDGE ( 'NONE', *, *, #2095, .T. ) ;
#1777 = PERSON ( 'UNSPECIFIED', 'UNSPECIFIED', 'UNSPECIFIED', ('UNSPECIFIED'), ('UNSPECIFIED'), ('UNSPECIFIED') ) ;
#1778 = FACE_OUTER_BOUND ( 'NONE', #911, .T. ) ;
#1779 = FACE_OUTER_BOUND ( 'NONE', #2087, .T. ) ;
#1780 = VECTOR ( 'NONE', #2149, 1000.000000000000000 ) ;
#1781 = LINE ( 'NONE', #2233, #1594 ) ;
#1782 = VERTEX_POINT ( 'NONE', #172 ) ;
#1783 = LINE ( 'NONE', #2940, #2398 ) ;
#1784 = DIRECTION ( 'NONE',  ( -0.000000000000000000, 1.369518533665899079E-16, -1.000000000000000000 ) ) ;
#1785 = AXIS2_PLACEMENT_3D ( 'NONE', #2469, #430, #678 ) ;
#1786 = AXIS2_PLACEMENT_3D ( 'NONE', #2859, #2420, #2202 ) ;
#1787 = CARTESIAN_POINT ( 'NONE',  ( 628.1567381882845211, -1118.805262667904117, 25.00000000000046896 ) ) ;
#1788 = DIRECTION ( 'NONE',  ( 0.000000000000000000, -1.369518533665899079E-16, 1.000000000000000000 ) ) ;
#1789 = ORIENTED_EDGE ( 'NONE', *, *, #1798, .T. ) ;
#1790 = ORIENTED_EDGE ( 'NONE', *, *, #888, .T. ) ;
#1791 = CIRCLE ( 'NONE', #2253, 2.999999999999999112 ) ;
#1792 = EDGE_CURVE ( 'NONE', #2377, #1847, #2634, .T. ) ;
#1793 = EDGE_CURVE ( 'NONE', #2242, #265, #2168, .T. ) ;
#1794 = ORGANIZATION ( 'UNSPECIFIED', 'UNSPECIFIED', '' ) ;
#1795 = VECTOR ( 'NONE', #1067, 1000.000000000000000 ) ;
#1796 = EDGE_LOOP ( 'NONE', ( #238, #1059, #1415, #1303 ) ) ;
#1797 = VERTEX_POINT ( 'NONE', #2683 ) ;
#1798 = EDGE_CURVE ( 'NONE', #2836, #1520, #414, .T. ) ;
#1799 = CARTESIAN_POINT ( 'NONE',  ( -346.8999999999997499, -1102.805262667903889, 25.00000000000046896 ) ) ;
#1800 = VERTEX_POINT ( 'NONE', #1486 ) ;
#1801 = CARTESIAN_POINT ( 'NONE',  ( 1090.972523324353915, -1149.805262667904117, 25.00000000000046185 ) ) ;
#1802 = CARTESIAN_POINT ( 'NONE',  ( 1090.972523324353915, -1163.805262667904117, 31.00000000000046185 ) ) ;
#1803 = DIRECTION ( 'NONE',  ( 1.000000000000000000, 0.000000000000000000, -0.000000000000000000 ) ) ;
#1804 = DIRECTION ( 'NONE',  ( -1.508922627792021444E-47, 1.000000000000000000, 1.369518533665899079E-16 ) ) ;
#1805 = ORIENTED_EDGE ( 'NONE', *, *, #2718, .T. ) ;
#1806 = VERTEX_POINT ( 'NONE', #841 ) ;
#1807 = EDGE_CURVE ( 'NONE', #1089, #2303, #383, .T. ) ;
#1808 = ORIENTED_EDGE ( 'NONE', *, *, #461, .F. ) ;
#1809 = ORIENTED_EDGE ( 'NONE', *, *, #649, .T. ) ;
#1810 = CARTESIAN_POINT ( 'NONE',  ( 628.1567381882845211, -1113.805262667904117, 25.00000000000046896 ) ) ;
#1811 = VERTEX_POINT ( 'NONE', #1308 ) ;
#1812 = LINE ( 'NONE', #409, #1166 ) ;
#1813 = EDGE_CURVE ( 'NONE', #701, #696, #1504, .T. ) ;
#1814 = FACE_BOUND ( 'NONE', #283, .T. ) ;
#1815 = DIRECTION ( 'NONE',  ( -1.000000000000000000, -1.604295445768149458E-32, -2.197112346455275869E-48 ) ) ;
#1816 = DIRECTION ( 'NONE',  ( 1.000000000000000000, -1.604295445768149458E-32, -2.197112346455275869E-48 ) ) ;
#1817 = EDGE_LOOP ( 'NONE', ( #1819, #1001, #1882, #445, #1377, #2669 ) ) ;
#1818 = VERTEX_POINT ( 'NONE', #869 ) ;
#1819 = ORIENTED_EDGE ( 'NONE', *, *, #567, .F. ) ;
#1820 = VERTEX_POINT ( 'NONE', #2392 ) ;
#1821 = LINE ( 'NONE', #2109, #1920 ) ;
#1822 = VECTOR ( 'NONE', #1302, 1000.000000000000000 ) ;
#1823 = EDGE_CURVE ( 'NONE', #915, #988, #154, .T. ) ;
#1824 = CARTESIAN_POINT ( 'NONE',  ( 981.4999999999996589, -1169.805262667904117, 25.00000000000045830 ) ) ;
#1825 = VERTEX_POINT ( 'NONE', #574 ) ;
#1826 = DIRECTION ( 'NONE',  ( 0.000000000000000000, -1.369518533665899079E-16, 1.000000000000000000 ) ) ;
#1827 = EDGE_CURVE ( 'NONE', #297, #2111, #1978, .T. ) ;
#1828 = PLANE ( 'NONE',  #410 ) ;
#1829 = ORIENTED_EDGE ( 'NONE', *, *, #2702, .T. ) ;
#1830 = CARTESIAN_POINT ( 'NONE',  ( 981.4999999999996589, -1099.805262667904117, 28.00000000000047251 ) ) ;
#1831 = CARTESIAN_POINT ( 'NONE',  ( 346.8999999999996362, -1160.805262667903889, 28.00000000000045830 ) ) ;
#1832 = FACE_OUTER_BOUND ( 'NONE', #2033, .T. ) ;
#1833 = VECTOR ( 'NONE', #1427, 1000.000000000000000 ) ;
#1834 = EDGE_LOOP ( 'NONE', ( #1253, #51, #1148, #2054 ) ) ;
#1835 = LINE ( 'NONE', #2096, #961 ) ;
#1836 = AXIS2_PLACEMENT_3D ( 'NONE', #1200, #1437, #2815 ) ;
#1837 = CARTESIAN_POINT ( 'NONE',  ( 981.4999999999996589, -1093.805262667904117, 25.00000000000046896 ) ) ;
#1838 = VERTEX_POINT ( 'NONE', #827 ) ;
#1839 = DIRECTION ( 'NONE',  ( 0.000000000000000000, -1.000000000000000000, 0.000000000000000000 ) ) ;
#1840 = AXIS2_PLACEMENT_3D ( 'NONE', #313, #1229, #962 ) ;
#1841 = LOCAL_TIME ( 16, 45, 30.00000000000000000, #1025 ) ;
#1842 = DIRECTION ( 'NONE',  ( 0.000000000000000000, -1.000000000000000000, -1.369518533665899079E-16 ) ) ;
#1843 = CALENDAR_DATE ( 2026, 11, 7 ) ;
#1844 = AXIS2_PLACEMENT_3D ( 'NONE', #1934, #729, #2138 ) ;
#1845 = AXIS2_PLACEMENT_3D ( 'NONE', #2094, #780, #1664 ) ;
#1846 = CARTESIAN_POINT ( 'NONE',  ( -989.9999999999995453, -1099.805262667904117, 25.00000000000046896 ) ) ;
#1847 = VERTEX_POINT ( 'NONE', #1743 ) ;
#1848 = CARTESIAN_POINT ( 'NONE',  ( 989.9999999999995453, -1155.305262667904344, 28.00000000000046896 ) ) ;
#1849 = EDGE_CURVE ( 'NONE', #144, #805, #1283, .T. ) ;
#1850 = EDGE_CURVE ( 'NONE', #128, #1852, #2863, .T. ) ;
#1851 = DIRECTION ( 'NONE',  ( 0.000000000000000000, 0.000000000000000000, 1.000000000000000000 ) ) ;
#1852 = VERTEX_POINT ( 'NONE', #2413 ) ;
#1853 = EDGE_CURVE ( 'NONE', #609, #2589, #1528, .T. ) ;
#1854 = EDGE_CURVE ( 'NONE', #2687, #1935, #367, .T. ) ;
#1855 = DIRECTION ( 'NONE',  ( 0.000000000000000000, 1.000000000000000000, 1.369518533665899079E-16 ) ) ;
#1856 = ORIENTED_EDGE ( 'NONE', *, *, #2268, .T. ) ;
#1857 = PERSON_AND_ORGANIZATION_ROLE ( 'design_owner' ) ;
#1858 = CARTESIAN_POINT ( 'NONE',  ( 313.0999999999996248, -1093.805262667904117, 28.00000000000046896 ) ) ;
#1859 = LINE ( 'NONE', #498, #1199 ) ;
#1860 = DIRECTION ( 'NONE',  ( 0.000000000000000000, 0.000000000000000000, 1.000000000000000000 ) ) ;
#1861 = EDGE_LOOP ( 'NONE', ( #1948, #1116, #368, #196 ) ) ;
#1862 = ORIENTED_EDGE ( 'NONE', *, *, #1616, .F. ) ;
#1863 = FACE_OUTER_BOUND ( 'NONE', #2445, .T. ) ;
#1864 = ORIENTED_EDGE ( 'NONE', *, *, #1386, .T. ) ;
#1865 = ORIENTED_EDGE ( 'NONE', *, *, #534, .F. ) ;
#1866 = EDGE_CURVE ( 'NONE', #2853, #1146, #2224, .T. ) ;
#1867 = DIRECTION ( 'NONE',  ( 0.000000000000000000, -1.000000000000000000, 4.440892098500612751E-15 ) ) ;
#1868 = DIRECTION ( 'NONE',  ( -1.000000000000000000, -0.000000000000000000, -0.000000000000000000 ) ) ;
#1869 = ORIENTED_EDGE ( 'NONE', *, *, #2057, .F. ) ;
#1870 = VECTOR ( 'NONE', #2433, 1000.000000000000000 ) ;
#1871 = CARTESIAN_POINT ( 'NONE',  ( -998.9999999999996589, -1150.305262667904344, 28.00000000000046896 ) ) ;
#1872 = LINE ( 'NONE', #2558, #2482 ) ;
#1873 = EDGE_LOOP ( 'NONE', ( #434, #1578, #1988, #2044 ) ) ;
#1874 = LINE ( 'NONE', #1425, #2790 ) ;
#1875 = PLANE ( 'NONE',  #2946 ) ;
#1876 = ORIENTED_EDGE ( 'NONE', *, *, #1853, .T. ) ;
#1877 = PLANE ( 'NONE',  #1496 ) ;
#1878 = LINE ( 'NONE', #69, #680 ) ;
#1879 = EDGE_CURVE ( 'NONE', #199, #2379, #2602, .T. ) ;
#1880 = DIRECTION ( 'NONE',  ( 0.000000000000000000, -1.000000000000000000, 0.000000000000000000 ) ) ;
#1881 = VECTOR ( 'NONE', #1188, 1000.000000000000000 ) ;
#1882 = ORIENTED_EDGE ( 'NONE', *, *, #2178, .F. ) ;
#1883 = EDGE_CURVE ( 'NONE', #629, #1626, #1771, .T. ) ;
#1884 = VECTOR ( 'NONE', #1198, 1000.000000000000000 ) ;
#1885 = AXIS2_PLACEMENT_3D ( 'NONE', #391, #1718, #341 ) ;
#1886 = EDGE_CURVE ( 'NONE', #2578, #1956, #627, .T. ) ;
#1887 = CARTESIAN_POINT ( 'NONE',  ( -346.8999999999996362, -1102.805262667903889, 28.00000000000046896 ) ) ;
#1888 = DIRECTION ( 'NONE',  ( 1.508922627792021444E-47, -1.000000000000000000, -1.369518533665899079E-16 ) ) ;
#1889 = AXIS2_PLACEMENT_3D ( 'NONE', #183, #1101, #912 ) ;
#1890 = AXIS2_PLACEMENT_3D ( 'NONE', #705, #182, #1099 ) ;
#1891 = LINE ( 'NONE', #316, #641 ) ;
#1892 = DIRECTION ( 'NONE',  ( 3.918434204559500312E-13, -1.000000000000000000, 0.000000000000000000 ) ) ;
#1893 = ORIENTED_EDGE ( 'NONE', *, *, #1206, .F. ) ;
#1894 = ORIENTED_EDGE ( 'NONE', *, *, #104, .F. ) ;
#1895 = CARTESIAN_POINT ( 'NONE',  ( 1090.972523324353915, -1107.805262667903889, 28.00000000000046541 ) ) ;
#1896 = ORIENTED_EDGE ( 'NONE', *, *, #181, .F. ) ;
#1897 = DIRECTION ( 'NONE',  ( 0.000000000000000000, -1.369518533665899079E-16, 1.000000000000000000 ) ) ;
#1898 = ADVANCED_FACE ( 'NONE', ( #2190 ), #2453, .F. ) ;
#1899 = CARTESIAN_POINT ( 'NONE',  ( 350.0999999999996248, -1102.805262667903889, 28.00000000000046896 ) ) ;
#1900 = CARTESIAN_POINT ( 'NONE',  ( -309.8999999999996362, -1155.805262667904344, 28.00000000000046185 ) ) ;
#1901 = ORIENTED_EDGE ( 'NONE', *, *, #1385, .F. ) ;
#1902 = ORIENTED_EDGE ( 'NONE', *, *, #2760, .T. ) ;
#1903 = PERSON_AND_ORGANIZATION ( #1777, #1794 ) ;
#1904 = ORIENTED_EDGE ( 'NONE', *, *, #219, .T. ) ;
#1905 = DIRECTION ( 'NONE',  ( 2.197112346455275869E-48, -0.000000000000000000, -1.000000000000000000 ) ) ;
#1906 = DIRECTION ( 'NONE',  ( 1.000000000000000000, -0.000000000000000000, 0.000000000000000000 ) ) ;
#1907 = CARTESIAN_POINT ( 'NONE',  ( -346.8999999999996362, -1102.805262667903889, 28.00000000000046896 ) ) ;
#1908 = VECTOR ( 'NONE', #90, 1000.000000000000000 ) ;
#1909 = FACE_OUTER_BOUND ( 'NONE', #1751, .T. ) ;
#1910 = LINE ( 'NONE', #347, #2197 ) ;
#1911 = EDGE_CURVE ( 'NONE', #1631, #2090, #2466, .T. ) ;
#1912 = FACE_OUTER_BOUND ( 'NONE', #679, .T. ) ;
#1913 = CARTESIAN_POINT ( 'NONE',  ( -998.9999999999996589, -1155.305262667904344, 28.00000000000046896 ) ) ;
#1914 = ORIENTED_EDGE ( 'NONE', *, *, #2374, .F. ) ;
#1915 = VECTOR ( 'NONE', #2562, 1000.000000000000000 ) ;
#1916 = ORIENTED_EDGE ( 'NONE', *, *, #2517, .T. ) ;
#1917 = VECTOR ( 'NONE', #960, 1000.000000000000000 ) ;
#1918 = ORIENTED_EDGE ( 'NONE', *, *, #496, .T. ) ;
#1919 = ORIENTED_EDGE ( 'NONE', *, *, #2500, .F. ) ;
#1920 = VECTOR ( 'NONE', #304, 1000.000000000000000 ) ;
#1921 = VECTOR ( 'NONE', #2691, 1000.000000000000000 ) ;
#1922 = LINE ( 'NONE', #2841, #212 ) ;
#1923 = DIRECTION ( 'NONE',  ( 0.000000000000000000, -1.369518533665899079E-16, 1.000000000000000000 ) ) ;
#1924 = AXIS2_PLACEMENT_3D ( 'NONE', #1858, #37, #1196 ) ;
#1925 = LINE ( 'NONE', #2386, #2344 ) ;
#1926 = LOCAL_TIME ( 16, 45, 30.00000000000000000, #1165 ) ;
#1927 = CIRCLE ( 'NONE', #834, 5.000000000000115463 ) ;
#1928 = ADVANCED_FACE ( 'NONE', ( #2513 ), #24, .T. ) ;
#1929 = CARTESIAN_POINT ( 'NONE',  ( 989.9999999999995453, -1163.805262667904117, 28.00000000000046896 ) ) ;
#1930 = DIRECTION ( 'NONE',  ( 0.000000000000000000, -1.369518533665899079E-16, 1.000000000000000000 ) ) ;
#1931 = EDGE_CURVE ( 'NONE', #1806, #689, #2031, .T. ) ;
#1932 = ORIENTED_EDGE ( 'NONE', *, *, #2729, .F. ) ;
#1933 = VECTOR ( 'NONE', #2421, 1000.000000000000000 ) ;
#1934 = CARTESIAN_POINT ( 'NONE',  ( -313.0999999999995111, -1093.805262667904117, 28.00000000000046896 ) ) ;
#1935 = VERTEX_POINT ( 'NONE', #2041 ) ;
#1936 = ADVANCED_FACE ( 'NONE', ( #474 ), #1558, .F. ) ;
#1937 = ORIENTED_EDGE ( 'NONE', *, *, #2773, .T. ) ;
#1938 = DIRECTION ( 'NONE',  ( 1.000000000000000000, 0.000000000000000000, -0.000000000000000000 ) ) ;
#1939 = CARTESIAN_POINT ( 'NONE',  ( 309.8999999999996362, -1113.805262667903889, 28.00000000000046541 ) ) ;
#1940 = DIRECTION ( 'NONE',  ( 0.000000000000000000, -0.000000000000000000, 1.000000000000000000 ) ) ;
#1941 = DIRECTION ( 'NONE',  ( 0.000000000000000000, -1.369518533665899079E-16, 1.000000000000000000 ) ) ;
#1942 = DIRECTION ( 'NONE',  ( 0.000000000000000000, 0.000000000000000000, 1.000000000000000000 ) ) ;
#1943 = DIRECTION ( 'NONE',  ( -1.000000000000000000, 0.000000000000000000, 0.000000000000000000 ) ) ;
#1944 = DIRECTION ( 'NONE',  ( -0.000000000000000000, -1.000000000000000000, -1.369518533665899079E-16 ) ) ;
#1945 = EDGE_CURVE ( 'NONE', #1838, #32, #227, .T. ) ;
#1946 = CARTESIAN_POINT ( 'NONE',  ( 981.4999999999996589, -1096.805262667903889, 31.00000000000045830 ) ) ;
#1947 = VERTEX_POINT ( 'NONE', #1144 ) ;
#1948 = ORIENTED_EDGE ( 'NONE', *, *, #1385, .T. ) ;
#1949 = ORIENTED_EDGE ( 'NONE', *, *, #1097, .F. ) ;
#1950 = ORIENTED_EDGE ( 'NONE', *, *, #1282, .F. ) ;
#1951 = DIRECTION ( 'NONE',  ( 1.000000000000000000, 0.000000000000000000, 0.000000000000000000 ) ) ;
#1952 = ORIENTED_EDGE ( 'NONE', *, *, #2166, .T. ) ;
#1953 = LINE ( 'NONE', #2158, #1822 ) ;
#1954 = FACE_OUTER_BOUND ( 'NONE', #115, .T. ) ;
#1955 = CARTESIAN_POINT ( 'NONE',  ( -309.8999999999996362, -1113.805262667903889, 28.00000000000046541 ) ) ;
#1956 = VERTEX_POINT ( 'NONE', #1617 ) ;
#1957 = ORIENTED_EDGE ( 'NONE', *, *, #2889, .F. ) ;
#1958 = ORIENTED_EDGE ( 'NONE', *, *, #214, .T. ) ;
#1959 = CIRCLE ( 'NONE', #2679, 1.000000000000000888 ) ;
#1960 = DIRECTION ( 'NONE',  ( 0.000000000000000000, -1.369518533665899079E-16, 1.000000000000000000 ) ) ;
#1961 = CARTESIAN_POINT ( 'NONE',  ( -976.4999999999996589, -1166.805262667904117, 75.00000000000061107 ) ) ;
#1962 = PLANE ( 'NONE',  #2542 ) ;
#1963 = ORIENTED_EDGE ( 'NONE', *, *, #2810, .F. ) ;
#1964 = FACE_BOUND ( 'NONE', #336, .T. ) ;
#1965 = EDGE_CURVE ( 'NONE', #2931, #1412, #427, .T. ) ;
#1966 = ORIENTED_EDGE ( 'NONE', *, *, #1886, .F. ) ;
#1967 = APPROVAL_DATE_TIME ( #321, #2868 ) ;
#1968 = EDGE_CURVE ( 'NONE', #2427, #1646, #2724, .T. ) ;
#1969 = ORIENTED_EDGE ( 'NONE', *, *, #2334, .T. ) ;
#1970 = CARTESIAN_POINT ( 'NONE',  ( 976.4999999999996589, -1093.805262667903889, 75.00000000000062528 ) ) ;
#1971 = DIRECTION ( 'NONE',  ( 0.000000000000000000, -1.369518533665899079E-16, 1.000000000000000000 ) ) ;
#1972 = ADVANCED_FACE ( 'NONE', ( #1391 ), #241, .F. ) ;
#1973 = VECTOR ( 'NONE', #2241, 1000.000000000000000 ) ;
#1974 = CARTESIAN_POINT ( 'NONE',  ( -313.0999999999995111, -1093.805262667904117, 25.00000000000046896 ) ) ;
#1975 = CARTESIAN_POINT ( 'NONE',  ( -313.0999999999996248, -1155.805262667904344, 28.00000000000046185 ) ) ;
#1976 = AXIS2_PLACEMENT_3D ( 'NONE', #2943, #935, #2763 ) ;
#1977 = AXIS2_PLACEMENT_3D ( 'NONE', #907, #2220, #423 ) ;
#1978 = LINE ( 'NONE', #1999, #1020 ) ;
#1979 = VERTEX_POINT ( 'NONE', #260 ) ;
#1980 = AXIS2_PLACEMENT_3D ( 'NONE', #2919, #904, #1106 ) ;
#1981 = ORIENTED_EDGE ( 'NONE', *, *, #1702, .F. ) ;
#1982 = FACE_OUTER_BOUND ( 'NONE', #2024, .T. ) ;
#1983 = FACE_BOUND ( 'NONE', #140, .T. ) ;
#1984 = ORIENTED_EDGE ( 'NONE', *, *, #326, .T. ) ;
#1985 = ORIENTED_EDGE ( 'NONE', *, *, #1295, .T. ) ;
#1986 = EDGE_CURVE ( 'NONE', #773, #2885, #1363, .T. ) ;
#1987 = PLANE ( 'NONE',  #1980 ) ;
#1988 = ORIENTED_EDGE ( 'NONE', *, *, #294, .T. ) ;
#1989 = CARTESIAN_POINT ( 'NONE',  ( -346.8999999999996362, -1108.805262667903662, 28.00000000000046896 ) ) ;
#1990 = CARTESIAN_POINT ( 'NONE',  ( -981.4999999999995453, -1166.805262667904117, 31.00000000000046185 ) ) ;
#1991 = CC_DESIGN_DATE_AND_TIME_ASSIGNMENT ( #2883, #2821, ( #167 ) ) ;
#1992 = FACE_OUTER_BOUND ( 'NONE', #2954, .T. ) ;
#1993 = CARTESIAN_POINT ( 'NONE',  ( -313.0999999999995111, -1093.805262667904117, 28.00000000000046896 ) ) ;
#1994 = ORIENTED_EDGE ( 'NONE', *, *, #166, .T. ) ;
#1995 = LINE ( 'NONE', #1249, #2406 ) ;
#1996 = DIRECTION ( 'NONE',  ( -0.000000000000000000, -1.000000000000000000, -1.369518533665899079E-16 ) ) ;
#1997 = CARTESIAN_POINT ( 'NONE',  ( 1090.972523324353915, -1096.805262667903889, 25.00000000000048317 ) ) ;
#1998 = DIRECTION ( 'NONE',  ( 0.000000000000000000, -1.369518533665899079E-16, 1.000000000000000000 ) ) ;
#1999 = CARTESIAN_POINT ( 'NONE',  ( 999.9999999999996589, -1093.805262667904117, 25.00000000000046896 ) ) ;
#2000 = VECTOR ( 'NONE', #1569, 1000.000000000000000 ) ;
#2001 = EDGE_CURVE ( 'NONE', #1119, #890, #2739, .T. ) ;
#2002 = ORIENTED_EDGE ( 'NONE', *, *, #603, .T. ) ;
#2003 = ORIENTED_EDGE ( 'NONE', *, *, #2268, .F. ) ;
#2004 = ORIENTED_EDGE ( 'NONE', *, *, #1187, .F. ) ;
#2005 = DIRECTION ( 'NONE',  ( 0.000000000000000000, 0.000000000000000000, -1.000000000000000000 ) ) ;
#2006 = CARTESIAN_POINT ( 'NONE',  ( -998.9999999999996589, -1112.305262667903889, 28.00000000000046896 ) ) ;
#2007 = LINE ( 'NONE', #1824, #1455 ) ;
#2008 = DIRECTION ( 'NONE',  ( -1.000000000000000000, 0.000000000000000000, 0.000000000000000000 ) ) ;
#2009 = CLOSED_SHELL ( 'NONE', ( #1402, #515, #1570, #1136, #247, #1697, #1349, #728, #577, #272, #1713, #1730, #1563, #1695, #1286, #1491, #2181, #2624, #750, #2950, #654, #2222, #2926, #1972, #1153, #2643, #562, #613, #2217, #74, #2877, #254, #2550, #2331, #9, #244, #463, #537, #290, #2306, #695, #2098, #1419, #1639, #2366, #2585, #511, #1017, #1566, #2606, #949, #666, #2535, #1709, #1176, #1673, #600, #2814, #2569, #801, #632, #761, #668, #1546, #55, #1928, #2456, #1754, #1936, #1367, #2015, #1527, #778, #1096, #1535, #1898, #2385, #910, #432, #2559, #1492, #1238, #340, #1100, #1149, #2830, #2848, #1269, #1634, #817 ) ) ;
#2010 = FACE_OUTER_BOUND ( 'NONE', #2899, .T. ) ;
#2011 = DIRECTION ( 'NONE',  ( -1.000000000000000000, -0.000000000000000000, -0.000000000000000000 ) ) ;
#2012 = VECTOR ( 'NONE', #1417, 1000.000000000000000 ) ;
#2013 = DIRECTION ( 'NONE',  ( 0.000000000000000000, -1.369518533665899079E-16, 1.000000000000000000 ) ) ;
#2014 = AXIS2_PLACEMENT_3D ( 'NONE', #467, #1103, #2005 ) ;
#2015 = ADVANCED_FACE ( 'NONE', ( #2524 ), #2060, .F. ) ;
#2016 = CARTESIAN_POINT ( 'NONE',  ( 313.0999999999996248, -1149.805262667904117, 28.00000000000046185 ) ) ;
#2017 = DIRECTION ( 'NONE',  ( 0.000000000000000000, 0.000000000000000000, 1.000000000000000000 ) ) ;
#2018 = ORIENTED_EDGE ( 'NONE', *, *, #1879, .F. ) ;
#2019 = AXIS2_PLACEMENT_3D ( 'NONE', #1895, #533, #1671 ) ;
#2020 = VECTOR ( 'NONE', #2260, 1000.000000000000000 ) ;
#2021 = CC_DESIGN_PERSON_AND_ORGANIZATION_ASSIGNMENT ( #2346, #87, ( #2651 ) ) ;
#2022 = ORIENTED_EDGE ( 'NONE', *, *, #1228, .T. ) ;
#2023 = VECTOR ( 'NONE', #2335, 1000.000000000000000 ) ;
#2024 = EDGE_LOOP ( 'NONE', ( #2696, #718, #677, #2045 ) ) ;
#2025 = FACE_OUTER_BOUND ( 'NONE', #620, .T. ) ;
#2026 = CARTESIAN_POINT ( 'NONE',  ( -995.9999999999995453, -1150.305262667904344, 28.00000000000046185 ) ) ;
#2027 = DIRECTION ( 'NONE',  ( -1.000000000000000000, -0.000000000000000000, -0.000000000000000000 ) ) ;
#2028 = VERTEX_POINT ( 'NONE', #2496 ) ;
#2029 = DIRECTION ( 'NONE',  ( 1.000000000000000000, 0.000000000000000000, -0.000000000000000000 ) ) ;
#2030 = LINE ( 'NONE', #644, #1275 ) ;
#2031 = LINE ( 'NONE', #2250, #2942 ) ;
#2032 = EDGE_LOOP ( 'NONE', ( #489, #1123, #2525, #2945 ) ) ;
#2033 = EDGE_LOOP ( 'NONE', ( #456, #350, #186, #566 ) ) ;
#2034 = CARTESIAN_POINT ( 'NONE',  ( 1090.972523324353915, -1155.805262667904344, 25.00000000000046185 ) ) ;
#2035 = ORIENTED_EDGE ( 'NONE', *, *, #2588, .F. ) ;
#2036 = DIRECTION ( 'NONE',  ( 0.000000000000000000, -1.000000000000000000, 0.000000000000000000 ) ) ;
#2037 = ORIENTED_EDGE ( 'NONE', *, *, #406, .T. ) ;
#2038 = DIRECTION ( 'NONE',  ( 0.000000000000000000, -1.000000000000000000, 0.000000000000000000 ) ) ;
#2039 = DIRECTION ( 'NONE',  ( -1.604295445768149458E-32, 1.000000000000000000, 1.369518533665899079E-16 ) ) ;
#2040 = LINE ( 'NONE', #1848, #1436 ) ;
#2041 = CARTESIAN_POINT ( 'NONE',  ( 346.8999999999996362, -1154.805262667903889, 25.00000000000046185 ) ) ;
#2042 = DIRECTION ( 'NONE',  ( 0.000000000000000000, -1.369518533665899079E-16, 1.000000000000000000 ) ) ;
#2043 = ORIENTED_EDGE ( 'NONE', *, *, #1635, .T. ) ;
#2044 = ORIENTED_EDGE ( 'NONE', *, *, #788, .F. ) ;
#2045 = ORIENTED_EDGE ( 'NONE', *, *, #873, .F. ) ;
#2046 = LINE ( 'NONE', #10, #2884 ) ;
#2047 = ORIENTED_EDGE ( 'NONE', *, *, #1328, .F. ) ;
#2048 = VECTOR ( 'NONE', #2737, 1000.000000000000000 ) ;
#2049 = DIRECTION ( 'NONE',  ( 0.000000000000000000, -1.000000000000000000, -1.369518533665899079E-16 ) ) ;
#2050 = EDGE_CURVE ( 'NONE', #2303, #1284, #690, .T. ) ;
#2051 = ORIENTED_EDGE ( 'NONE', *, *, #1911, .T. ) ;
#2052 = CARTESIAN_POINT ( 'NONE',  ( 1090.972523324353915, -1093.805262667904117, 25.00000000000046896 ) ) ;
#2053 = LINE ( 'NONE', #1540, #458 ) ;
#2054 = ORIENTED_EDGE ( 'NONE', *, *, #2588, .T. ) ;
#2055 = EDGE_CURVE ( 'NONE', #1338, #2315, #929, .T. ) ;
#2056 = CARTESIAN_POINT ( 'NONE',  ( -989.9999999999995453, -1163.805262667904117, 25.00000000000046896 ) ) ;
#2057 = EDGE_CURVE ( 'NONE', #1130, #1956, #195, .T. ) ;
#2058 = EDGE_LOOP ( 'NONE', ( #482, #2391, #1715, #1179 ) ) ;
#2059 = CIRCLE ( 'NONE', #774, 8.499999999999729994 ) ;
#2060 = PLANE ( 'NONE',  #595 ) ;
#2061 = VERTEX_POINT ( 'NONE', #1787 ) ;
#2062 = AXIS2_PLACEMENT_3D ( 'NONE', #1644, #512, #2289 ) ;
#2063 = EDGE_LOOP ( 'NONE', ( #1763, #1500, #1681, #465 ) ) ;
#2064 = AXIS2_PLACEMENT_3D ( 'NONE', #2958, #483, #1390 ) ;
#2065 = ORIENTED_EDGE ( 'NONE', *, *, #1793, .T. ) ;
#2066 = AXIS2_PLACEMENT_3D ( 'NONE', #1929, #2663, #1497 ) ;
#2067 = DIRECTION ( 'NONE',  ( 1.000000000000000000, -0.000000000000000000, -0.000000000000000000 ) ) ;
#2068 = ORIENTED_EDGE ( 'NONE', *, *, #581, .F. ) ;
#2069 = VECTOR ( 'NONE', #1211, 1000.000000000000000 ) ;
#2070 = LINE ( 'NONE', #547, #928 ) ;
#2071 =( NAMED_UNIT ( * ) PLANE_ANGLE_UNIT ( ) SI_UNIT ( $, .RADIAN. ) );
#2072 = ORIENTED_EDGE ( 'NONE', *, *, #1138, .T. ) ;
#2073 = AXIS2_PLACEMENT_3D ( 'NONE', #1586, #2079, #4 ) ;
#2074 = CARTESIAN_POINT ( 'NONE',  ( 981.4999999999996589, -1096.805262667903889, 25.00000000000048317 ) ) ;
#2075 = CARTESIAN_POINT ( 'NONE',  ( 309.8999999999996362, -1093.805262667904117, 28.00000000000046896 ) ) ;
#2076 = EDGE_CURVE ( 'NONE', #758, #791, #2305, .T. ) ;
#2077 = ORIENTED_EDGE ( 'NONE', *, *, #822, .F. ) ;
#2078 = EDGE_CURVE ( 'NONE', #1159, #2931, #443, .T. ) ;
#2079 = DIRECTION ( 'NONE',  ( 2.197112346455275869E-48, 0.000000000000000000, 1.000000000000000000 ) ) ;
#2080 = LINE ( 'NONE', #2541, #61 ) ;
#2081 = ORIENTED_EDGE ( 'NONE', *, *, #2773, .F. ) ;
#2082 = APPLICATION_CONTEXT ( 'configuration controlled 3d designs of mechanical parts and assemblies' ) ;
#2083 = ORIENTED_EDGE ( 'NONE', *, *, #1472, .F. ) ;
#2084 = CARTESIAN_POINT ( 'NONE',  ( -990.0000000000006821, -1108.305262667903662, 28.00000000000046896 ) ) ;
#2085 = FACE_OUTER_BOUND ( 'NONE', #1701, .T. ) ;
#2086 = CARTESIAN_POINT ( 'NONE',  ( -981.4999999999995453, -1096.805262667903662, 70.00000000000062528 ) ) ;
#2087 = EDGE_LOOP ( 'NONE', ( #833, #112, #2226, #1393 ) ) ;
#2088 = VERTEX_POINT ( 'NONE', #1351 ) ;
#2089 = CARTESIAN_POINT ( 'NONE',  ( 346.8999999999996362, -1154.805262667903889, 28.00000000000046185 ) ) ;
#2090 = VERTEX_POINT ( 'NONE', #1632 ) ;
#2091 = CARTESIAN_POINT ( 'NONE',  ( -628.1567381882845211, -1118.805262667904117, 25.00000000000046896 ) ) ;
#2092 = CARTESIAN_POINT ( 'NONE',  ( 998.9999999999996589, -1151.305262667904344, 28.00000000000046896 ) ) ;
#2093 = FACE_BOUND ( 'NONE', #1137, .T. ) ;
#2094 = CARTESIAN_POINT ( 'NONE',  ( 1090.972523324353915, -1113.805262667903889, 28.00000000000046541 ) ) ;
#2095 = EDGE_CURVE ( 'NONE', #420, #791, #940, .T. ) ;
#2096 = CARTESIAN_POINT ( 'NONE',  ( 996.0000000000003411, -1093.805262667904117, 28.00000000000046896 ) ) ;
#2097 = PLANE ( 'NONE',  #733 ) ;
#2098 = ADVANCED_FACE ( 'NONE', ( #1452 ), #63, .T. ) ;
#2099 = ORIENTED_EDGE ( 'NONE', *, *, #219, .F. ) ;
#2100 = EDGE_LOOP ( 'NONE', ( #1966, #2963, #1789, #1345 ) ) ;
#2101 = DIRECTION ( 'NONE',  ( 1.000000000000000000, 0.000000000000000000, 0.000000000000000000 ) ) ;
#2102 = VERTEX_POINT ( 'NONE', #2148 ) ;
#2103 = CIRCLE ( 'NONE', #2580, 1.000000000000000888 ) ;
#2104 = CARTESIAN_POINT ( 'NONE',  ( -313.0999999999995111, -1107.805262667903889, 25.00000000000046541 ) ) ;
#2105 = ORIENTED_EDGE ( 'NONE', *, *, #2947, .F. ) ;
#2106 = PLANE ( 'NONE',  #393 ) ;
#2107 = LINE ( 'NONE', #1900, #217 ) ;
#2108 = DIRECTION ( 'NONE',  ( 0.000000000000000000, -1.000000000000000000, 0.000000000000000000 ) ) ;
#2109 = CARTESIAN_POINT ( 'NONE',  ( -346.8999999999997499, -1093.805262667904117, 25.00000000000046896 ) ) ;
#2110 = AXIS2_PLACEMENT_3D ( 'NONE', #2605, #1678, #1439 ) ;
#2111 = VERTEX_POINT ( 'NONE', #2574 ) ;
#2112 = VECTOR ( 'NONE', #1868, 1000.000000000000000 ) ;
#2113 = ORIENTED_EDGE ( 'NONE', *, *, #1334, .T. ) ;
#2114 = CC_DESIGN_PERSON_AND_ORGANIZATION_ASSIGNMENT ( #731, #494, ( #2501 ) ) ;
#2115 = VECTOR ( 'NONE', #371, 1000.000000000000000 ) ;
#2116 = EDGE_LOOP ( 'NONE', ( #1324, #2113 ) ) ;
#2117 = LINE ( 'NONE', #2579, #2347 ) ;
#2118 = VERTEX_POINT ( 'NONE', #2356 ) ;
#2119 = CIRCLE ( 'NONE', #1977, 5.000000000000115463 ) ;
#2120 = DIRECTION ( 'NONE',  ( -0.000000000000000000, 1.369518533665899079E-16, -1.000000000000000000 ) ) ;
#2121 = FACE_OUTER_BOUND ( 'NONE', #2867, .T. ) ;
#2122 = VECTOR ( 'NONE', #588, 1000.000000000000000 ) ;
#2123 = FACE_OUTER_BOUND ( 'NONE', #593, .T. ) ;
#2124 = VECTOR ( 'NONE', #1321, 1000.000000000000000 ) ;
#2125 = DIRECTION ( 'NONE',  ( 0.000000000000000000, -1.369518533665899079E-16, 1.000000000000000000 ) ) ;
#2126 = DIRECTION ( 'NONE',  ( 0.000000000000000000, -1.000000000000000000, -1.369518533665899079E-16 ) ) ;
#2127 = CARTESIAN_POINT ( 'NONE',  ( -998.9999999999996589, -1151.305262667904344, 25.00000000000046896 ) ) ;
#2128 = PLANE ( 'NONE',  #206 ) ;
#2129 = CARTESIAN_POINT ( 'NONE',  ( -350.0999999999996248, -1102.805262667903889, 28.00000000000046896 ) ) ;
#2130 = VERTEX_POINT ( 'NONE', #768 ) ;
#2131 = ORIENTED_EDGE ( 'NONE', *, *, #745, .T. ) ;
#2132 = EDGE_CURVE ( 'NONE', #1606, #1515, #2770, .T. ) ;
#2133 = DIRECTION ( 'NONE',  ( 0.000000000000000000, 1.000000000000000000, 1.369518533665899079E-16 ) ) ;
#2134 = CARTESIAN_POINT ( 'NONE',  ( -313.0999999999995111, -1107.805262667903889, 28.00000000000046541 ) ) ;
#2135 = LINE ( 'NONE', #2615, #1357 ) ;
#2136 = PLANE ( 'NONE',  #975 ) ;
#2137 = DIRECTION ( 'NONE',  ( -1.000000000000000000, 0.000000000000000000, 0.000000000000000000 ) ) ;
#2138 = DIRECTION ( 'NONE',  ( -1.508922627792021444E-47, -1.000000000000000000, -1.369518533665899079E-16 ) ) ;
#2139 = ORIENTED_EDGE ( 'NONE', *, *, #2057, .T. ) ;
#2140 = EDGE_CURVE ( 'NONE', #1461, #629, #1891, .T. ) ;
#2141 = DIRECTION ( 'NONE',  ( 1.508922627792021444E-47, 1.000000000000000000, 1.369518533665899079E-16 ) ) ;
#2142 = ORIENTED_EDGE ( 'NONE', *, *, #2718, .F. ) ;
#2143 = LINE ( 'NONE', #794, #2329 ) ;
#2144 = CARTESIAN_POINT ( 'NONE',  ( -981.4999999999995453, -1163.805262667904117, 31.00000000000046185 ) ) ;
#2145 = AXIS2_PLACEMENT_3D ( 'NONE', #1630, #2308, #2538 ) ;
#2146 = DIRECTION ( 'NONE',  ( 0.000000000000000000, -1.000000000000000000, -1.369518533665899079E-16 ) ) ;
#2147 = EDGE_CURVE ( 'NONE', #1239, #1606, #1232, .T. ) ;
#2148 = CARTESIAN_POINT ( 'NONE',  ( 309.8999999999996362, -1155.805262667904344, 25.00000000000046185 ) ) ;
#2149 = DIRECTION ( 'NONE',  ( 0.000000000000000000, -1.000000000000000000, -1.369518533665899079E-16 ) ) ;
#2150 = CARTESIAN_POINT ( 'NONE',  ( 999.9999999999996589, -1150.305262667904344, 28.00000000000046896 ) ) ;
#2151 = ORIENTED_EDGE ( 'NONE', *, *, #2825, .T. ) ;
#2152 = ORIENTED_EDGE ( 'NONE', *, *, #1663, .F. ) ;
#2153 = VECTOR ( 'NONE', #1826, 1000.000000000000000 ) ;
#2154 = AXIS2_PLACEMENT_3D ( 'NONE', #56, #2359, #291 ) ;
#2155 = VERTEX_POINT ( 'NONE', #2540 ) ;
#2156 = AXIS2_PLACEMENT_3D ( 'NONE', #1280, #2388, #344 ) ;
#2157 = DIRECTION ( 'NONE',  ( -1.000000000000000000, -0.000000000000000000, 0.000000000000000000 ) ) ;
#2158 = CARTESIAN_POINT ( 'NONE',  ( 313.0999999999996248, -1093.805262667904117, 28.00000000000046896 ) ) ;
#2159 = AXIS2_PLACEMENT_3D ( 'NONE', #569, #2401, #2432 ) ;
#2160 = EDGE_CURVE ( 'NONE', #128, #2380, #288, .T. ) ;
#2161 = FACE_OUTER_BOUND ( 'NONE', #509, .T. ) ;
#2162 = VECTOR ( 'NONE', #2927, 1000.000000000000000 ) ;
#2163 = CARTESIAN_POINT ( 'NONE',  ( -346.8999999999996362, -1160.805262667903889, 28.00000000000046185 ) ) ;
#2164 = LINE ( 'NONE', #1263, #464 ) ;
#2165 = DIRECTION ( 'NONE',  ( 2.197112346455275869E-48, 0.000000000000000000, 1.000000000000000000 ) ) ;
#2166 = EDGE_CURVE ( 'NONE', #2028, #701, #92, .T. ) ;
#2167 = AXIS2_PLACEMENT_3D ( 'NONE', #1708, #2846, #602 ) ;
#2168 = LINE ( 'NONE', #1946, #2502 ) ;
#2169 = FACE_BOUND ( 'NONE', #476, .T. ) ;
#2170 = VERTEX_POINT ( 'NONE', #753 ) ;
#2171 = VERTEX_POINT ( 'NONE', #1414 ) ;
#2172 = DIRECTION ( 'NONE',  ( 2.197112346455275869E-48, 0.000000000000000000, 1.000000000000000000 ) ) ;
#2173 = EDGE_LOOP ( 'NONE', ( #1092, #2567, #449, #1353 ) ) ;
#2174 = CARTESIAN_POINT ( 'NONE',  ( 989.9999999999995453, -1155.305262667904344, 25.00000000000046185 ) ) ;
#2175 = CARTESIAN_POINT ( 'NONE',  ( 1090.972523324353915, -1169.805262667904117, 31.00000000000046185 ) ) ;
#2176 = LINE ( 'NONE', #2436, #2701 ) ;
#2177 = LINE ( 'NONE', #1049, #1265 ) ;
#2178 = EDGE_CURVE ( 'NONE', #2767, #1057, #2311, .T. ) ;
#2179 = CARTESIAN_POINT ( 'NONE',  ( 981.4999999999996589, -1166.805262667904117, 70.00000000000059686 ) ) ;
#2180 = DIRECTION ( 'NONE',  ( -1.000000000000000000, 0.000000000000000000, 0.000000000000000000 ) ) ;
#2181 = ADVANCED_FACE ( 'NONE', ( #1677 ), #999, .F. ) ;
#2182 = PERSON_AND_ORGANIZATION ( #1777, #1794 ) ;
#2183 = ORIENTED_EDGE ( 'NONE', *, *, #166, .F. ) ;
#2184 = CARTESIAN_POINT ( 'NONE',  ( 1090.972523324353915, -1166.805262667904117, 75.00000000000061107 ) ) ;
#2185 = DIRECTION ( 'NONE',  ( 0.000000000000000000, 0.000000000000000000, 1.000000000000000000 ) ) ;
#2186 = DIRECTION ( 'NONE',  ( 0.000000000000000000, -1.369518533665899079E-16, 1.000000000000000000 ) ) ;
#2187 = LINE ( 'NONE', #2175, #2594 ) ;
#2188 = LINE ( 'NONE', #413, #1746 ) ;
#2189 = VECTOR ( 'NONE', #1362, 1000.000000000000000 ) ;
#2190 = FACE_OUTER_BOUND ( 'NONE', #978, .T. ) ;
#2191 = ORIENTED_EDGE ( 'NONE', *, *, #1621, .T. ) ;
#2192 = FACE_OUTER_BOUND ( 'NONE', #1022, .T. ) ;
#2193 = ORIENTED_EDGE ( 'NONE', *, *, #1525, .F. ) ;
#2194 = CARTESIAN_POINT ( 'NONE',  ( 999.9999999999996589, -1093.805262667904117, 25.00000000000046896 ) ) ;
#2195 = ORIENTED_EDGE ( 'NONE', *, *, #2374, .T. ) ;
#2196 = VERTEX_POINT ( 'NONE', #300 ) ;
#2197 = VECTOR ( 'NONE', #2336, 1000.000000000000000 ) ;
#2198 = LINE ( 'NONE', #451, #460 ) ;
#2199 = LINE ( 'NONE', #806, #2239 ) ;
#2200 = AXIS2_PLACEMENT_3D ( 'NONE', #1267, #1502, #2223 ) ;
#2201 = ORIENTED_EDGE ( 'NONE', *, *, #1011, .T. ) ;
#2202 = DIRECTION ( 'NONE',  ( 1.508922627792021444E-47, 1.000000000000000000, 1.369518533665899079E-16 ) ) ;
#2203 = LINE ( 'NONE', #809, #1080 ) ;
#2204 = CIRCLE ( 'NONE', #829, 5.000000000000115463 ) ;
#2205 = AXIS2_PLACEMENT_3D ( 'NONE', #714, #2328, #76 ) ;
#2206 = PLANE ( 'NONE',  #1307 ) ;
#2207 = AXIS2_PLACEMENT_3D ( 'NONE', #1997, #438, #882 ) ;
#2208 = DIRECTION ( 'NONE',  ( 0.000000000000000000, -1.369518533665899079E-16, 1.000000000000000000 ) ) ;
#2209 = AXIS2_PLACEMENT_3D ( 'NONE', #330, #492, #111 ) ;
#2210 = LINE ( 'NONE', #1487, #2115 ) ;
#2211 = FACE_BOUND ( 'NONE', #156, .T. ) ;
#2212 = ORIENTED_EDGE ( 'NONE', *, *, #1793, .F. ) ;
#2213 = ORIENTED_EDGE ( 'NONE', *, *, #2825, .F. ) ;
#2214 = ORIENTED_EDGE ( 'NONE', *, *, #1716, .T. ) ;
#2215 = VERTEX_POINT ( 'NONE', #557 ) ;
#2216 = LINE ( 'NONE', #177, #1410 ) ;
#2217 = ADVANCED_FACE ( 'NONE', ( #1909 ), #2136, .T. ) ;
#2218 = VERTEX_POINT ( 'NONE', #83 ) ;
#2219 = DIRECTION ( 'NONE',  ( 0.000000000000000000, -1.369518533665899079E-16, 1.000000000000000000 ) ) ;
#2220 = DIRECTION ( 'NONE',  ( 0.000000000000000000, -1.369518533665899079E-16, 1.000000000000000000 ) ) ;
#2221 = CARTESIAN_POINT ( 'NONE',  ( 313.0999999999996248, -1113.805262667903889, 28.00000000000046541 ) ) ;
#2222 = ADVANCED_FACE ( 'NONE', ( #954 ), #1875, .F. ) ;
#2223 = DIRECTION ( 'NONE',  ( -1.000000000000000000, 0.000000000000000000, 0.000000000000000000 ) ) ;
#2224 = LINE ( 'NONE', #2439, #1129 ) ;
#2225 = VERTEX_POINT ( 'NONE', #984 ) ;
#2226 = ORIENTED_EDGE ( 'NONE', *, *, #1770, .T. ) ;
#2227 = ORIENTED_EDGE ( 'NONE', *, *, #109, .T. ) ;
#2228 = CARTESIAN_POINT ( 'NONE',  ( 313.0999999999996248, -1149.805262667904117, 25.00000000000046185 ) ) ;
#2229 = DIRECTION ( 'NONE',  ( 0.000000000000000000, -1.369518533665899079E-16, 1.000000000000000000 ) ) ;
#2230 = EDGE_CURVE ( 'NONE', #1515, #1284, #2107, .T. ) ;
#2231 = EDGE_CURVE ( 'NONE', #693, #2155, #2561, .T. ) ;
#2232 = DIRECTION ( 'NONE',  ( -1.000000000000000000, 0.000000000000000000, -0.000000000000000000 ) ) ;
#2233 = CARTESIAN_POINT ( 'NONE',  ( 346.8999999999996362, -1108.805262667903662, 28.00000000000046541 ) ) ;
#2234 = LINE ( 'NONE', #192, #98 ) ;
#2235 = EDGE_CURVE ( 'NONE', #2687, #979, #1692, .T. ) ;
#2236 = CARTESIAN_POINT ( 'NONE',  ( 313.0999999999996248, -1093.805262667904117, 28.00000000000046896 ) ) ;
#2237 = ORIENTED_EDGE ( 'NONE', *, *, #1228, .F. ) ;
#2238 = ORIENTED_EDGE ( 'NONE', *, *, #2140, .T. ) ;
#2239 = VECTOR ( 'NONE', #164, 1000.000000000000000 ) ;
#2240 = ORIENTED_EDGE ( 'NONE', *, *, #71, .T. ) ;
#2241 = DIRECTION ( 'NONE',  ( 1.000000000000000000, 0.000000000000000000, 0.000000000000000000 ) ) ;
#2242 = VERTEX_POINT ( 'NONE', #1467 ) ;
#2243 = CARTESIAN_POINT ( 'NONE',  ( -350.0999999999996248, -1160.805262667903889, 28.00000000000045830 ) ) ;
#2244 = ORIENTED_EDGE ( 'NONE', *, *, #2166, .F. ) ;
#2245 = CARTESIAN_POINT ( 'NONE',  ( -350.0999999999996248, -1102.805262667903889, 28.00000000000046896 ) ) ;
#2246 = CYLINDRICAL_SURFACE ( 'NONE', #307, 6.000000000000001776 ) ;
#2247 = DIRECTION ( 'NONE',  ( 1.000000000000000000, 0.000000000000000000, 0.000000000000000000 ) ) ;
#2248 = EDGE_CURVE ( 'NONE', #1399, #730, #1245, .T. ) ;
#2249 = VECTOR ( 'NONE', #1788, 1000.000000000000000 ) ;
#2250 = CARTESIAN_POINT ( 'NONE',  ( -995.9999999999995453, -1093.805262667904117, 25.00000000000046896 ) ) ;
#2251 = EDGE_CURVE ( 'NONE', #1146, #280, #2176, .T. ) ;
#2252 = ORIENTED_EDGE ( 'NONE', *, *, #1849, .F. ) ;
#2253 = AXIS2_PLACEMENT_3D ( 'NONE', #1291, #552, #323 ) ;
#2254 = CARTESIAN_POINT ( 'NONE',  ( 1090.972523324353915, -1155.305262667904344, 28.00000000000046185 ) ) ;
#2255 = AXIS2_PLACEMENT_3D ( 'NONE', #623, #1537, #2444 ) ;
#2256 = LINE ( 'NONE', #218, #586 ) ;
#2257 = EDGE_LOOP ( 'NONE', ( #835, #2213, #1178, #2715 ) ) ;
#2258 = ORIENTED_EDGE ( 'NONE', *, *, #119, .F. ) ;
#2259 = AXIS2_PLACEMENT_3D ( 'NONE', #1571, #2698, #2480 ) ;
#2260 = DIRECTION ( 'NONE',  ( 1.000000000000000000, 0.000000000000000000, 0.000000000000000000 ) ) ;
#2261 = CARTESIAN_POINT ( 'NONE',  ( -976.4999999999996589, -1169.805262667904117, 75.00000000000061107 ) ) ;
#2262 = DIRECTION ( 'NONE',  ( 0.000000000000000000, -1.000000000000000000, 4.440892098500612751E-15 ) ) ;
#2263 = ORIENTED_EDGE ( 'NONE', *, *, #2235, .F. ) ;
#2264 = DIRECTION ( 'NONE',  ( 2.197112346455275869E-48, 0.000000000000000000, 1.000000000000000000 ) ) ;
#2265 = DIRECTION ( 'NONE',  ( -1.000000000000000000, -0.000000000000000000, -0.000000000000000000 ) ) ;
#2266 = EDGE_LOOP ( 'NONE', ( #1027, #1241, #256, #2640 ) ) ;
#2267 = VERTEX_POINT ( 'NONE', #2617 ) ;
#2268 = EDGE_CURVE ( 'NONE', #2090, #2215, #2188, .T. ) ;
#2269 = LINE ( 'NONE', #1837, #2342 ) ;
#2270 = ORIENTED_EDGE ( 'NONE', *, *, #419, .T. ) ;
#2271 = PRODUCT_DEFINITION_SHAPE ( 'NONE', 'NONE',  #2651 ) ;
#2272 = EDGE_CURVE ( 'NONE', #495, #1130, #364, .T. ) ;
#2273 = EDGE_CURVE ( 'NONE', #1159, #2279, #2164, .T. ) ;
#2274 = DIRECTION ( 'NONE',  ( -1.000000000000000000, -0.000000000000000000, 0.000000000000000000 ) ) ;
#2275 = LINE ( 'NONE', #2245, #2544 ) ;
#2276 = FACE_BOUND ( 'NONE', #2058, .T. ) ;
#2277 = CARTESIAN_POINT ( 'NONE',  ( -998.9999999999996589, -1109.305262667903889, 28.00000000000046896 ) ) ;
#2278 = CARTESIAN_POINT ( 'NONE',  ( 995.9999999999995453, -1150.305262667904344, 28.00000000000046896 ) ) ;
#2279 = VERTEX_POINT ( 'NONE', #1955 ) ;
#2280 = CARTESIAN_POINT ( 'NONE',  ( -309.8999999999996362, -1093.805262667904117, 25.00000000000046896 ) ) ;
#2281 = CYLINDRICAL_SURFACE ( 'NONE', #204, 5.000000000000004441 ) ;
#2282 = ORIENTED_EDGE ( 'NONE', *, *, #2310, .F. ) ;
#2283 = EDGE_CURVE ( 'NONE', #2714, #2090, #106, .T. ) ;
#2284 = EDGE_CURVE ( 'NONE', #805, #128, #797, .T. ) ;
#2285 = AXIS2_PLACEMENT_3D ( 'NONE', #2941, #225, #1815 ) ;
#2286 = DIRECTION ( 'NONE',  ( 0.000000000000000000, -1.000000000000000000, 0.000000000000000000 ) ) ;
#2287 = APPROVAL_STATUS ( 'not_yet_approved' ) ;
#2288 = EDGE_CURVE ( 'NONE', #2379, #2225, #1034, .T. ) ;
#2289 = DIRECTION ( 'NONE',  ( 0.000000000000000000, -1.000000000000000000, 0.000000000000000000 ) ) ;
#2290 = LINE ( 'NONE', #2074, #165 ) ;
#2291 = DIRECTION ( 'NONE',  ( -1.508922627792021444E-47, -1.000000000000000000, -1.369518533665899079E-16 ) ) ;
#2292 = DIRECTION ( 'NONE',  ( -1.000000000000000000, -1.508922627792021444E-47, -2.066497504629024295E-63 ) ) ;
#2293 = DIRECTION ( 'NONE',  ( 0.000000000000000000, -1.000000000000000000, 0.000000000000000000 ) ) ;
#2294 = DIRECTION ( 'NONE',  ( 0.000000000000000000, 1.000000000000000000, 1.369518533665899079E-16 ) ) ;
#2295 = CARTESIAN_POINT ( 'NONE',  ( 998.9999999999996589, -1154.305262667904344, 25.00000000000046896 ) ) ;
#2296 = VECTOR ( 'NONE', #548, 1000.000000000000000 ) ;
#2297 = VERTEX_POINT ( 'NONE', #2408 ) ;
#2298 = VECTOR ( 'NONE', #2873, 1000.000000000000000 ) ;
#2299 = VECTOR ( 'NONE', #1686, 1000.000000000000000 ) ;
#2300 = DIRECTION ( 'NONE',  ( 1.508922627792021444E-47, 1.000000000000000000, 1.369518533665899079E-16 ) ) ;
#2301 = AXIS2_PLACEMENT_3D ( 'NONE', #2518, #1458, #1842 ) ;
#2302 = FACE_OUTER_BOUND ( 'NONE', #1331, .T. ) ;
#2303 = VERTEX_POINT ( 'NONE', #1975 ) ;
#2304 = LINE ( 'NONE', #1642, #2644 ) ;
#2305 = CIRCLE ( 'NONE', #2259, 5.000000000000115463 ) ;
#2306 = ADVANCED_FACE ( 'NONE', ( #1992 ), #824, .F. ) ;
#2307 = CARTESIAN_POINT ( 'NONE',  ( -350.0999999999996248, -1108.805262667903662, 28.00000000000046896 ) ) ;
#2308 = DIRECTION ( 'NONE',  ( 0.000000000000000000, 1.000000000000000000, 1.369518533665899079E-16 ) ) ;
#2309 = ORIENTED_EDGE ( 'NONE', *, *, #2284, .T. ) ;
#2310 = EDGE_CURVE ( 'NONE', #2088, #1094, #1047, .T. ) ;
#2311 = LINE ( 'NONE', #1190, #838 ) ;
#2312 = LINE ( 'NONE', #504, #249 ) ;
#2313 = DIRECTION ( 'NONE',  ( 0.000000000000000000, -1.369518533665899079E-16, 1.000000000000000000 ) ) ;
#2314 = ORIENTED_EDGE ( 'NONE', *, *, #956, .T. ) ;
#2315 = VERTEX_POINT ( 'NONE', #2652 ) ;
#2316 = ORIENTED_EDGE ( 'NONE', *, *, #991, .F. ) ;
#2317 =( NAMED_UNIT ( * ) SI_UNIT ( $, .STERADIAN. ) SOLID_ANGLE_UNIT ( ) );
#2318 = ORIENTED_EDGE ( 'NONE', *, *, #2622, .T. ) ;
#2319 = DIRECTION ( 'NONE',  ( 3.918434204559500312E-13, -1.000000000000000000, 0.000000000000000000 ) ) ;
#2320 = ORIENTED_EDGE ( 'NONE', *, *, #91, .F. ) ;
#2321 = FACE_OUTER_BOUND ( 'NONE', #751, .T. ) ;
#2322 = DIRECTION ( 'NONE',  ( 1.000000000000000000, 0.000000000000000000, 0.000000000000000000 ) ) ;
#2323 = DIRECTION ( 'NONE',  ( 0.000000000000000000, -1.369518533665899079E-16, 1.000000000000000000 ) ) ;
#2324 = VERTEX_POINT ( 'NONE', #153 ) ;
#2325 = PRODUCT_RELATED_PRODUCT_CATEGORY ( 'detail', '', ( #2961 ) ) ;
#2326 = DIRECTION ( 'NONE',  ( 0.000000000000000000, -1.369518533665899079E-16, 1.000000000000000000 ) ) ;
#2327 = DIRECTION ( 'NONE',  ( 0.000000000000000000, 1.000000000000000000, 1.369518533665899079E-16 ) ) ;
#2328 = DIRECTION ( 'NONE',  ( 1.000000000000000000, 0.000000000000000000, 0.000000000000000000 ) ) ;
#2329 = VECTOR ( 'NONE', #2614, 1000.000000000000000 ) ;
#2330 = PLANE ( 'NONE',  #1125 ) ;
#2331 = ADVANCED_FACE ( 'NONE', ( #170 ), #1014, .T. ) ;
#2332 = CYLINDRICAL_SURFACE ( 'NONE', #1579, 8.499999999999729994 ) ;
#2333 = PLANE ( 'NONE',  #2543 ) ;
#2334 = EDGE_CURVE ( 'NONE', #1130, #2225, #2678, .T. ) ;
#2335 = DIRECTION ( 'NONE',  ( 0.000000000000000000, -1.369518533665899079E-16, 1.000000000000000000 ) ) ;
#2336 = DIRECTION ( 'NONE',  ( -1.000000000000000000, -0.000000000000000000, 0.000000000000000000 ) ) ;
#2337 = LINE ( 'NONE', #1666, #1684 ) ;
#2338 = EDGE_LOOP ( 'NONE', ( #1518, #1728, #2214, #41 ) ) ;
#2339 = CARTESIAN_POINT ( 'NONE',  ( 1090.972523324353915, -1160.805262667903889, 25.00000000000045830 ) ) ;
#2340 = DIRECTION ( 'NONE',  ( 0.000000000000000000, -1.000000000000000000, 0.000000000000000000 ) ) ;
#2341 = CARTESIAN_POINT ( 'NONE',  ( -976.4999999999996589, -1093.805262667903889, 75.00000000000062528 ) ) ;
#2342 = VECTOR ( 'NONE', #2530, 1000.000000000000000 ) ;
#2343 = ORIENTED_EDGE ( 'NONE', *, *, #1931, .T. ) ;
#2344 = VECTOR ( 'NONE', #123, 1000.000000000000000 ) ;
#2345 = VERTEX_POINT ( 'NONE', #1512 ) ;
#2347 = VECTOR ( 'NONE', #937, 1000.000000000000000 ) ;
#2346 = PERSON_AND_ORGANIZATION ( #1777, #1794 ) ;
#2348 = ORIENTED_EDGE ( 'NONE', *, *, #2568, .F. ) ;
#2349 = AXIS2_PLACEMENT_3D ( 'NONE', #2811, #1433, #703 ) ;
#2350 = LOCAL_TIME ( 16, 45, 30.00000000000000000, #989 ) ;
#2351 = CARTESIAN_POINT ( 'NONE',  ( 999.9999999999996589, -1154.305262667904344, 25.00000000000046185 ) ) ;
#2352 = ORIENTED_EDGE ( 'NONE', *, *, #1753, .F. ) ;
#2353 = FACE_OUTER_BOUND ( 'NONE', #2666, .T. ) ;
#2354 = VECTOR ( 'NONE', #561, 1000.000000000000000 ) ;
#2355 = AXIS2_PLACEMENT_3D ( 'NONE', #2389, #840, #1756 ) ;
#2356 = CARTESIAN_POINT ( 'NONE',  ( 628.1567381882845211, -1144.805262667903889, 28.00000000000046896 ) ) ;
#2357 = DIRECTION ( 'NONE',  ( 0.000000000000000000, -1.369518533665899079E-16, 1.000000000000000000 ) ) ;
#2358 = CARTESIAN_POINT ( 'NONE',  ( 628.1567381882845211, -1149.805262667904117, 28.00000000000046896 ) ) ;
#2359 = DIRECTION ( 'NONE',  ( 0.000000000000000000, -1.369518533665899079E-16, 1.000000000000000000 ) ) ;
#2360 = PLANE ( 'NONE',  #742 ) ;
#2361 = EDGE_CURVE ( 'NONE', #6, #2503, #2897, .T. ) ;
#2362 = EDGE_LOOP ( 'NONE', ( #2882, #891, #2607, #803 ) ) ;
#2363 = EDGE_CURVE ( 'NONE', #1947, #689, #1083, .T. ) ;
#2364 = VERTEX_POINT ( 'NONE', #2911 ) ;
#2365 = EDGE_CURVE ( 'NONE', #902, #2885, #851, .T. ) ;
#2366 = ADVANCED_FACE ( 'NONE', ( #1481 ), #1769, .T. ) ;
#2367 = CARTESIAN_POINT ( 'NONE',  ( -350.0999999999996248, -1102.805262667903889, 28.00000000000046896 ) ) ;
#2368 = DIRECTION ( 'NONE',  ( -1.000000000000000000, -0.000000000000000000, -0.000000000000000000 ) ) ;
#2369 = CARTESIAN_POINT ( 'NONE',  ( -995.9999999999995453, -1113.305262667903889, 25.00000000000046541 ) ) ;
#2370 = CARTESIAN_POINT ( 'NONE',  ( -981.4999999999995453, -1093.805262667904117, 31.00000000000044409 ) ) ;
#2371 = DIRECTION ( 'NONE',  ( -1.000000000000000000, 0.000000000000000000, 0.000000000000000000 ) ) ;
#2372 = LINE ( 'NONE', #301, #1394 ) ;
#2373 = LINE ( 'NONE', #2150, #2454 ) ;
#2374 = EDGE_CURVE ( 'NONE', #1544, #549, #2203, .T. ) ;
#2375 = DIRECTION ( 'NONE',  ( 0.000000000000000000, 1.000000000000000000, 1.369518533665899079E-16 ) ) ;
#2376 = EDGE_LOOP ( 'NONE', ( #1076, #133, #1611, #1227 ) ) ;
#2377 = VERTEX_POINT ( 'NONE', #1133 ) ;
#2378 = EDGE_CURVE ( 'NONE', #1646, #1102, #1585, .T. ) ;
#2379 = VERTEX_POINT ( 'NONE', #1614 ) ;
#2380 = VERTEX_POINT ( 'NONE', #2221 ) ;
#2381 = DIRECTION ( 'NONE',  ( 1.000000000000000000, 0.000000000000000000, 0.000000000000000000 ) ) ;
#2382 = FACE_OUTER_BOUND ( 'NONE', #2100, .T. ) ;
#2383 = VERTEX_POINT ( 'NONE', #21 ) ;
#2384 = CARTESIAN_POINT ( 'NONE',  ( 1090.972523324353915, -1108.305262667903662, 28.00000000000046541 ) ) ;
#2385 = ADVANCED_FACE ( 'NONE', ( #1155 ), #1601, .F. ) ;
#2386 = CARTESIAN_POINT ( 'NONE',  ( -990.0000000000006821, -1108.305262667903662, 28.00000000000046896 ) ) ;
#2387 = VECTOR ( 'NONE', #286, 1000.000000000000000 ) ;
#2388 = DIRECTION ( 'NONE',  ( 0.000000000000000000, 1.000000000000000000, 0.000000000000000000 ) ) ;
#2389 = CARTESIAN_POINT ( 'NONE',  ( 976.4999999999996589, -1166.805262667904117, 70.00000000000059686 ) ) ;
#2390 = CARTESIAN_POINT ( 'NONE',  ( -309.8999999999996362, -1093.805262667904117, 25.00000000000046896 ) ) ;
#2391 = ORIENTED_EDGE ( 'NONE', *, *, #2797, .T. ) ;
#2392 = CARTESIAN_POINT ( 'NONE',  ( 350.0999999999996248, -1102.805262667903889, 25.00000000000046896 ) ) ;
#2393 = FACE_OUTER_BOUND ( 'NONE', #488, .T. ) ;
#2394 = ORIENTED_EDGE ( 'NONE', *, *, #1169, .T. ) ;
#2395 = LINE ( 'NONE', #1297, #2447 ) ;
#2396 = ORIENTED_EDGE ( 'NONE', *, *, #710, .F. ) ;
#2397 = ORIENTED_EDGE ( 'NONE', *, *, #1422, .F. ) ;
#2398 = VECTOR ( 'NONE', #2553, 1000.000000000000000 ) ;
#2399 = ORIENTED_EDGE ( 'NONE', *, *, #2288, .F. ) ;
#2400 = AXIS2_PLACEMENT_3D ( 'NONE', #2092, #343, #325 ) ;
#2401 = DIRECTION ( 'NONE',  ( 0.000000000000000000, -1.369518533665899079E-16, 1.000000000000000000 ) ) ;
#2402 = CARTESIAN_POINT ( 'NONE',  ( 628.1567381882845211, -1144.805262667903889, 28.00000000000046896 ) ) ;
#2403 = AXIS2_PLACEMENT_3D ( 'NONE', #993, #1905, #1475 ) ;
#2404 = CC_DESIGN_APPROVAL ( #618, ( #2651 ) ) ;
#2405 = EDGE_CURVE ( 'NONE', #1820, #696, #908, .T. ) ;
#2406 = VECTOR ( 'NONE', #2551, 1000.000000000000000 ) ;
#2407 = DIRECTION ( 'NONE',  ( 2.197112346455275869E-48, -0.000000000000000000, -1.000000000000000000 ) ) ;
#2408 = CARTESIAN_POINT ( 'NONE',  ( 999.9999999999996589, -1151.305262667904344, 28.00000000000046896 ) ) ;
#2409 = ORIENTED_EDGE ( 'NONE', *, *, #1886, .T. ) ;
#2410 = CIRCLE ( 'NONE', #1131, 8.499999999999729994 ) ;
#2411 = ORIENTED_EDGE ( 'NONE', *, *, #1312, .F. ) ;
#2412 = EDGE_CURVE ( 'NONE', #915, #1159, #2030, .T. ) ;
#2413 = CARTESIAN_POINT ( 'NONE',  ( 313.0999999999996248, -1107.805262667903889, 25.00000000000046541 ) ) ;
#2414 = DIRECTION ( 'NONE',  ( 0.000000000000000000, -1.369518533665899079E-16, 1.000000000000000000 ) ) ;
#2415 = CARTESIAN_POINT ( 'NONE',  ( 346.8999999999996362, -1160.805262667903889, 28.00000000000045830 ) ) ;
#2416 = ORIENTED_EDGE ( 'NONE', *, *, #337, .F. ) ;
#2417 = VERTEX_POINT ( 'NONE', #1375 ) ;
#2418 = FACE_OUTER_BOUND ( 'NONE', #1403, .T. ) ;
#2419 = DIRECTION ( 'NONE',  ( 1.000000000000000000, -0.000000000000000000, -0.000000000000000000 ) ) ;
#2420 = DIRECTION ( 'NONE',  ( 1.000000000000000000, -1.508922627792021444E-47, -2.066497504629024295E-63 ) ) ;
#2421 = DIRECTION ( 'NONE',  ( 0.000000000000000000, -1.369518533665899079E-16, 1.000000000000000000 ) ) ;
#2422 = CARTESIAN_POINT ( 'NONE',  ( -976.4999999999996589, -1096.805262667903662, 70.00000000000062528 ) ) ;
#2423 = DIRECTION ( 'NONE',  ( 0.000000000000000000, -1.369518533665899079E-16, 1.000000000000000000 ) ) ;
#2424 = ORIENTED_EDGE ( 'NONE', *, *, #2405, .F. ) ;
#2425 = CARTESIAN_POINT ( 'NONE',  ( -350.0999999999996248, -1154.805262667903889, 28.00000000000046185 ) ) ;
#2426 = FACE_BOUND ( 'NONE', #85, .T. ) ;
#2427 = VERTEX_POINT ( 'NONE', #2710 ) ;
#2428 = ORIENTED_EDGE ( 'NONE', *, *, #2733, .T. ) ;
#2429 = CALENDAR_DATE ( 2026, 11, 7 ) ;
#2430 = ORIENTED_EDGE ( 'NONE', *, *, #1853, .F. ) ;
#2431 = EDGE_LOOP ( 'NONE', ( #987, #73 ) ) ;
#2432 = DIRECTION ( 'NONE',  ( 0.000000000000000000, -1.000000000000000000, 0.000000000000000000 ) ) ;
#2433 = DIRECTION ( 'NONE',  ( 0.000000000000000000, -1.369518533665899079E-16, 1.000000000000000000 ) ) ;
#2434 = DIRECTION ( 'NONE',  ( -0.000000000000000000, 0.000000000000000000, 1.000000000000000000 ) ) ;
#2435 = CARTESIAN_POINT ( 'NONE',  ( 998.9999999999996589, -1155.305262667904344, 28.00000000000046896 ) ) ;
#2436 = CARTESIAN_POINT ( 'NONE',  ( 1003.999999999999773, -1113.305262667903889, 28.00000000000046896 ) ) ;
#2437 = ORIENTED_EDGE ( 'NONE', *, *, #1423, .T. ) ;
#2438 = CIRCLE ( 'NONE', #333, 1.000000000000000888 ) ;
#2439 = CARTESIAN_POINT ( 'NONE',  ( 998.9999999999996589, -1113.305262667903889, 28.00000000000046896 ) ) ;
#2440 = ORIENTED_EDGE ( 'NONE', *, *, #13, .F. ) ;
#2441 = DIRECTION ( 'NONE',  ( 0.000000000000000000, -1.000000000000000000, 4.440892098500612751E-15 ) ) ;
#2442 = EDGE_CURVE ( 'NONE', #1223, #693, #2410, .T. ) ;
#2443 = ORIENTED_EDGE ( 'NONE', *, *, #2363, .T. ) ;
#2444 = DIRECTION ( 'NONE',  ( 1.000000000000000000, 0.000000000000000000, -0.000000000000000000 ) ) ;
#2445 = EDGE_LOOP ( 'NONE', ( #2399, #2018, #735, #252 ) ) ;
#2446 = CARTESIAN_POINT ( 'NONE',  ( 998.9999999999996589, -1113.305262667903889, 25.00000000000046541 ) ) ;
#2447 = VECTOR ( 'NONE', #828, 1000.000000000000000 ) ;
#2448 = CIRCLE ( 'NONE', #875, 1.000000000000000888 ) ;
#2449 = FACE_OUTER_BOUND ( 'NONE', #2806, .T. ) ;
#2450 = CARTESIAN_POINT ( 'NONE',  ( 1090.972523324353915, -1113.305262667903889, 25.00000000000046541 ) ) ;
#2451 = CIRCLE ( 'NONE', #687, 8.499999999999729994 ) ;
#2452 = VECTOR ( 'NONE', #2157, 1000.000000000000000 ) ;
#2453 = CYLINDRICAL_SURFACE ( 'NONE', #1889, 5.000000000000115463 ) ;
#2454 = VECTOR ( 'NONE', #2286, 1000.000000000000000 ) ;
#2455 = EDGE_CURVE ( 'NONE', #2851, #2061, #2798, .T. ) ;
#2456 = ADVANCED_FACE ( 'NONE', ( #2520 ), #2694, .F. ) ;
#2457 = EDGE_LOOP ( 'NONE', ( #664, #1408, #1529, #1117 ) ) ;
#2458 = CARTESIAN_POINT ( 'NONE',  ( 346.8999999999996362, -1108.805262667903662, 25.00000000000046541 ) ) ;
#2459 = EDGE_LOOP ( 'NONE', ( #1225, #648, #201, #396 ) ) ;
#2460 = LINE ( 'NONE', #421, #967 ) ;
#2461 = EDGE_CURVE ( 'NONE', #2931, #1338, #1143, .T. ) ;
#2462 = LINE ( 'NONE', #1108, #355 ) ;
#2463 = ORIENTED_EDGE ( 'NONE', *, *, #1187, .T. ) ;
#2464 = LINE ( 'NONE', #925, #1104 ) ;
#2465 = CYLINDRICAL_SURFACE ( 'NONE', #1976, 5.000000000000115463 ) ;
#2466 = LINE ( 'NONE', #2016, #550 ) ;
#2467 = ORIENTED_EDGE ( 'NONE', *, *, #2583, .F. ) ;
#2468 = ORIENTED_EDGE ( 'NONE', *, *, #2702, .F. ) ;
#2469 = CARTESIAN_POINT ( 'NONE',  ( -998.9999999999996589, -1154.305262667904344, 28.00000000000046896 ) ) ;
#2470 = ORIENTED_EDGE ( 'NONE', *, *, #1443, .F. ) ;
#2471 = ORIENTED_EDGE ( 'NONE', *, *, #1624, .F. ) ;
#2472 = LINE ( 'NONE', #1343, #1012 ) ;
#2473 = PLANE ( 'NONE',  #592 ) ;
#2474 = CARTESIAN_POINT ( 'NONE',  ( 998.9999999999996589, -1151.305262667904344, 28.00000000000046896 ) ) ;
#2475 = CARTESIAN_POINT ( 'NONE',  ( 1090.972523324353915, -1149.805262667904117, 25.00000000000046185 ) ) ;
#2476 = EDGE_CURVE ( 'NONE', #941, #812, #457, .T. ) ;
#2477 = FACE_OUTER_BOUND ( 'NONE', #1873, .T. ) ;
#2478 = DIRECTION ( 'NONE',  ( 0.000000000000000000, -1.000000000000000000, -1.369518533665899079E-16 ) ) ;
#2479 = CARTESIAN_POINT ( 'NONE',  ( -999.9999999999995453, -1093.805262667904117, 25.00000000000046896 ) ) ;
#2480 = DIRECTION ( 'NONE',  ( 0.000000000000000000, -1.000000000000000000, 0.000000000000000000 ) ) ;
#2481 = ORIENTED_EDGE ( 'NONE', *, *, #426, .T. ) ;
#2482 = VECTOR ( 'NONE', #1421, 1000.000000000000000 ) ;
#2483 = ORIENTED_EDGE ( 'NONE', *, *, #868, .T. ) ;
#2484 = DIRECTION ( 'NONE',  ( 0.000000000000000000, 0.000000000000000000, 1.000000000000000000 ) ) ;
#2485 = VERTEX_POINT ( 'NONE', #2509 ) ;
#2486 = LINE ( 'NONE', #2506, #2189 ) ;
#2487 = ORIENTED_EDGE ( 'NONE', *, *, #71, .F. ) ;
#2488 = VECTOR ( 'NONE', #2042, 1000.000000000000000 ) ;
#2489 = FACE_OUTER_BOUND ( 'NONE', #1619, .T. ) ;
#2490 = EDGE_LOOP ( 'NONE', ( #2467, #1167, #1323, #1488 ) ) ;
#2491 = DIRECTION ( 'NONE',  ( 1.000000000000000000, 0.000000000000000000, 0.000000000000000000 ) ) ;
#2492 = EDGE_CURVE ( 'NONE', #1947, #1838, #2464, .T. ) ;
#2493 = VECTOR ( 'NONE', #1075, 1000.000000000000000 ) ;
#2494 = EDGE_CURVE ( 'NONE', #1852, #144, #670, .T. ) ;
#2495 = CIRCLE ( 'NONE', #1213, 5.000000000000115463 ) ;
#2496 = CARTESIAN_POINT ( 'NONE',  ( 346.8999999999996362, -1108.805262667903662, 28.00000000000046541 ) ) ;
#2497 = CARTESIAN_POINT ( 'NONE',  ( 1003.999999999999773, -1150.305262667904344, 28.00000000000046896 ) ) ;
#2498 = ORIENTED_EDGE ( 'NONE', *, *, #2760, .F. ) ;
#2499 = AXIS2_PLACEMENT_3D ( 'NONE', #2955, #2029, #224 ) ;
#2500 = EDGE_CURVE ( 'NONE', #2747, #1484, #2040, .T. ) ;
#2501 = PRODUCT_DEFINITION_FORMATION_WITH_SPECIFIED_SOURCE ( 'ANY', '', #2961, .NOT_KNOWN. ) ;
#2502 = VECTOR ( 'NONE', #1726, 1000.000000000000000 ) ;
#2503 = VERTEX_POINT ( 'NONE', #1830 ) ;
#2504 = VECTOR ( 'NONE', #2664, 1000.000000000000000 ) ;
#2505 = DIRECTION ( 'NONE',  ( -0.000000000000000000, 0.000000000000000000, -1.000000000000000000 ) ) ;
#2506 = CARTESIAN_POINT ( 'NONE',  ( 1090.972523324353915, -1155.305262667904344, 28.00000000000046185 ) ) ;
#2507 = CARTESIAN_POINT ( 'NONE',  ( -346.8999999999996362, -1154.805262667903889, 28.00000000000046185 ) ) ;
#2508 = VERTEX_POINT ( 'NONE', #1335 ) ;
#2509 = CARTESIAN_POINT ( 'NONE',  ( -309.8999999999996362, -1149.805262667904117, 28.00000000000046185 ) ) ;
#2510 = CARTESIAN_POINT ( 'NONE',  ( -999.9999999999996589, -1109.305262667903889, 28.00000000000046896 ) ) ;
#2511 = ORIENTED_EDGE ( 'NONE', *, *, #2776, .F. ) ;
#2512 = EDGE_CURVE ( 'NONE', #297, #1818, #2234, .T. ) ;
#2513 = FACE_OUTER_BOUND ( 'NONE', #553, .T. ) ;
#2514 = ORIENTED_EDGE ( 'NONE', *, *, #2762, .F. ) ;
#2515 = EDGE_LOOP ( 'NONE', ( #2962, #772, #1251, #2428 ) ) ;
#2516 = LINE ( 'NONE', #1005, #826 ) ;
#2517 = EDGE_CURVE ( 'NONE', #730, #659, #2438, .T. ) ;
#2518 = CARTESIAN_POINT ( 'NONE',  ( -346.8999999999996362, -1154.805262667903889, 28.00000000000046185 ) ) ;
#2519 = LINE ( 'NONE', #734, #1073 ) ;
#2520 = FACE_OUTER_BOUND ( 'NONE', #1712, .T. ) ;
#2521 = ORIENTED_EDGE ( 'NONE', *, *, #567, .T. ) ;
#2522 = CARTESIAN_POINT ( 'NONE',  ( -346.8999999999996362, -1102.805262667903889, 28.00000000000046896 ) ) ;
#2523 = FACE_OUTER_BOUND ( 'NONE', #2960, .T. ) ;
#2524 = FACE_OUTER_BOUND ( 'NONE', #883, .T. ) ;
#2525 = ORIENTED_EDGE ( 'NONE', *, *, #366, .T. ) ;
#2526 = DIRECTION ( 'NONE',  ( -0.000000000000000000, 1.000000000000000000, 1.369518533665899079E-16 ) ) ;
#2527 = ORIENTED_EDGE ( 'NONE', *, *, #873, .T. ) ;
#2528 = EDGE_CURVE ( 'NONE', #2171, #609, #1110, .T. ) ;
#2529 = AXIS2_PLACEMENT_3D ( 'NONE', #121, #2419, #2185 ) ;
#2530 = DIRECTION ( 'NONE',  ( -0.000000000000000000, 4.440892098500612751E-15, 1.000000000000000000 ) ) ;
#2531 = PLANE ( 'NONE',  #1844 ) ;
#2532 = APPROVAL_DATE_TIME ( #2766, #1498 ) ;
#2533 = ORIENTED_EDGE ( 'NONE', *, *, #1328, .T. ) ;
#2534 = ORIENTED_EDGE ( 'NONE', *, *, #181, .T. ) ;
#2535 = ADVANCED_FACE ( 'NONE', ( #686 ), #898, .T. ) ;
#2536 = DIRECTION ( 'NONE',  ( 1.508922627792021444E-47, -1.000000000000000000, -1.369518533665899079E-16 ) ) ;
#2537 = CARTESIAN_POINT ( 'NONE',  ( 628.1567381882845211, -1149.805262667904117, 28.00000000000046896 ) ) ;
#2538 = DIRECTION ( 'NONE',  ( -1.000000000000000000, 0.000000000000000000, 0.000000000000000000 ) ) ;
#2539 = CIRCLE ( 'NONE', #2785, 1.000000000000000888 ) ;
#2540 = CARTESIAN_POINT ( 'NONE',  ( -981.4999999999995453, -1163.805262667904117, 28.00000000000046185 ) ) ;
#2541 = CARTESIAN_POINT ( 'NONE',  ( 309.8999999999996362, -1149.805262667904117, 28.00000000000046185 ) ) ;
#2542 = AXIS2_PLACEMENT_3D ( 'NONE', #2865, #814, #2375 ) ;
#2543 = AXIS2_PLACEMENT_3D ( 'NONE', #82, #764, #1675 ) ;
#2544 = VECTOR ( 'NONE', #2719, 1000.000000000000000 ) ;
#2545 = ORIENTED_EDGE ( 'NONE', *, *, #1866, .T. ) ;
#2546 = CARTESIAN_POINT ( 'NONE',  ( -999.9999999999996589, -1108.305262667903889, 28.00000000000046896 ) ) ;
#2547 = AXIS2_PLACEMENT_3D ( 'NONE', #100, #2661, #1009 ) ;
#2548 = ORIENTED_EDGE ( 'NONE', *, *, #119, .T. ) ;
#2549 = VECTOR ( 'NONE', #1038, 1000.000000000000000 ) ;
#2550 = ADVANCED_FACE ( 'NONE', ( #2722 ), #38, .T. ) ;
#2551 = DIRECTION ( 'NONE',  ( 0.000000000000000000, -1.369518533665899079E-16, 1.000000000000000000 ) ) ;
#2552 = EDGE_CURVE ( 'NONE', #1412, #2315, #2824, .T. ) ;
#2553 = DIRECTION ( 'NONE',  ( 0.000000000000000000, -1.369518533665899079E-16, 1.000000000000000000 ) ) ;
#2554 = ORIENTED_EDGE ( 'NONE', *, *, #1623, .F. ) ;
#2555 = DATE_AND_TIME ( #1843, #2743 ) ;
#2556 = VECTOR ( 'NONE', #1998, 1000.000000000000000 ) ;
#2557 = DIRECTION ( 'NONE',  ( 0.000000000000000000, 1.000000000000000000, 1.369518533665899079E-16 ) ) ;
#2558 = CARTESIAN_POINT ( 'NONE',  ( -981.4999999999995453, -1096.805262667904117, 31.00000000000045830 ) ) ;
#2559 = ADVANCED_FACE ( 'NONE', ( #2121 ), #2332, .F. ) ;
#2560 = ORIENTED_EDGE ( 'NONE', *, *, #1068, .T. ) ;
#2561 = LINE ( 'NONE', #538, #2653 ) ;
#2562 = DIRECTION ( 'NONE',  ( 0.000000000000000000, -1.369518533665899079E-16, 1.000000000000000000 ) ) ;
#2563 = DIRECTION ( 'NONE',  ( 0.000000000000000000, -1.000000000000000000, -1.369518533665899079E-16 ) ) ;
#2564 = ORIENTED_EDGE ( 'NONE', *, *, #2611, .T. ) ;
#2565 = CARTESIAN_POINT ( 'NONE',  ( 350.0999999999996248, -1108.805262667903662, 25.00000000000046541 ) ) ;
#2566 = ORIENTED_EDGE ( 'NONE', *, *, #382, .T. ) ;
#2567 = ORIENTED_EDGE ( 'NONE', *, *, #155, .F. ) ;
#2568 = EDGE_CURVE ( 'NONE', #265, #2170, #963, .T. ) ;
#2569 = ADVANCED_FACE ( 'NONE', ( #948 ), #298, .T. ) ;
#2570 = DIRECTION ( 'NONE',  ( 0.000000000000000000, -1.369518533665899079E-16, 1.000000000000000000 ) ) ;
#2571 = DIRECTION ( 'NONE',  ( 0.000000000000000000, -1.369518533665899079E-16, 1.000000000000000000 ) ) ;
#2572 = CYLINDRICAL_SURFACE ( 'NONE', #303, 5.000000000000004441 ) ;
#2573 = LINE ( 'NONE', #1216, #450 ) ;
#2574 = CARTESIAN_POINT ( 'NONE',  ( 999.9999999999996589, -1112.305262667903889, 25.00000000000046541 ) ) ;
#2575 = ORIENTED_EDGE ( 'NONE', *, *, #1111, .F. ) ;
#2576 = CARTESIAN_POINT ( 'NONE',  ( -981.4999999999995453, -1169.805262667904117, 31.00000000000046185 ) ) ;
#2577 = DIRECTION ( 'NONE',  ( 0.000000000000000000, -1.000000000000000000, 0.000000000000000000 ) ) ;
#2578 = VERTEX_POINT ( 'NONE', #1688 ) ;
#2579 = CARTESIAN_POINT ( 'NONE',  ( 999.9999999999996589, -1112.305262667903889, 28.00000000000046896 ) ) ;
#2580 = AXIS2_PLACEMENT_3D ( 'NONE', #777, #995, #315 ) ;
#2581 = FACE_OUTER_BOUND ( 'NONE', #1476, .T. ) ;
#2582 = CARTESIAN_POINT ( 'NONE',  ( 628.1567381882845211, -1149.805262667904117, 25.00000000000046896 ) ) ;
#2583 = EDGE_CURVE ( 'NONE', #2383, #6, #1186, .T. ) ;
#2584 = CARTESIAN_POINT ( 'NONE',  ( -998.9999999999996589, -1108.305262667903889, 28.00000000000046896 ) ) ;
#2585 = ADVANCED_FACE ( 'NONE', ( #514 ), #2769, .T. ) ;
#2586 = CARTESIAN_POINT ( 'NONE',  ( 1090.972523324353915, -1108.305262667903662, 28.00000000000046541 ) ) ;
#2587 = LINE ( 'NONE', #2390, #1833 ) ;
#2588 = EDGE_CURVE ( 'NONE', #1782, #1146, #2103, .T. ) ;
#2589 = VERTEX_POINT ( 'NONE', #2601 ) ;
#2590 = LINE ( 'NONE', #43, #2692 ) ;
#2591 = LINE ( 'NONE', #1913, #1685 ) ;
#2592 = EDGE_CURVE ( 'NONE', #1852, #428, #1859, .T. ) ;
#2593 = AXIS2_PLACEMENT_3D ( 'NONE', #2422, #1048, #2912 ) ;
#2594 = VECTOR ( 'NONE', #1707, 1000.000000000000000 ) ;
#2595 = EDGE_LOOP ( 'NONE', ( #887, #1184, #322, #1963, #2952, #1070, #2749, #1247, #2282, #49, #2072, #724, #1668, #1315, #185, #1790, #2920, #1862, #1949, #311, #285, #2043, #2343, #1457, #2047, #676, #2083, #134 ) ) ;
#2596 = AXIS2_PLACEMENT_3D ( 'NONE', #808, #1720, #2631 ) ;
#2597 = ORIENTED_EDGE ( 'NONE', *, *, #943, .T. ) ;
#2598 = CC_DESIGN_SECURITY_CLASSIFICATION ( #167, ( #2501 ) ) ;
#2599 = CARTESIAN_POINT ( 'NONE',  ( -976.4999999999996589, -1166.805262667904117, 75.00000000000061107 ) ) ;
#2600 = ORIENTED_EDGE ( 'NONE', *, *, #746, .T. ) ;
#2601 = CARTESIAN_POINT ( 'NONE',  ( -350.0999999999996248, -1154.805262667903889, 25.00000000000046185 ) ) ;
#2602 = CIRCLE ( 'NONE', #309, 6.000000000000001776 ) ;
#2603 = CYLINDRICAL_SURFACE ( 'NONE', #2596, 5.000000000000115463 ) ;
#2604 = DIRECTION ( 'NONE',  ( 0.000000000000000000, -1.369518533665899079E-16, 1.000000000000000000 ) ) ;
#2605 = CARTESIAN_POINT ( 'NONE',  ( 998.9999999999996589, -1154.305262667904344, 28.00000000000046896 ) ) ;
#2606 = ADVANCED_FACE ( 'NONE', ( #81 ), #982, .T. ) ;
#2607 = ORIENTED_EDGE ( 'NONE', *, *, #1312, .T. ) ;
#2608 = DIRECTION ( 'NONE',  ( 0.000000000000000000, -1.000000000000000000, -1.369518533665899079E-16 ) ) ;
#2609 = FACE_OUTER_BOUND ( 'NONE', #44, .T. ) ;
#2610 = VERTEX_POINT ( 'NONE', #2091 ) ;
#2611 = EDGE_CURVE ( 'NONE', #942, #990, #1298, .T. ) ;
#2612 = ORIENTED_EDGE ( 'NONE', *, *, #2686, .T. ) ;
#2613 = CYLINDRICAL_SURFACE ( 'NONE', #1885, 3.000000000000002665 ) ;
#2614 = DIRECTION ( 'NONE',  ( -0.000000000000000000, 1.000000000000000000, 1.369518533665899079E-16 ) ) ;
#2615 = CARTESIAN_POINT ( 'NONE',  ( -309.8999999999996362, -1093.805262667904117, 28.00000000000046896 ) ) ;
#2616 = LINE ( 'NONE', #2845, #114 ) ;
#2617 = CARTESIAN_POINT ( 'NONE',  ( -350.0999999999996248, -1102.805262667903889, 25.00000000000046896 ) ) ;
#2618 = DIRECTION ( 'NONE',  ( 0.000000000000000000, -1.369518533665899079E-16, 1.000000000000000000 ) ) ;
#2619 = DIRECTION ( 'NONE',  ( 0.000000000000000000, -1.000000000000000000, -1.369518533665899079E-16 ) ) ;
#2620 = CARTESIAN_POINT ( 'NONE',  ( 313.0999999999996248, -1107.805262667903889, 28.00000000000046541 ) ) ;
#2621 = PLANE ( 'NONE',  #1638 ) ;
#2622 = EDGE_CURVE ( 'NONE', #2315, #988, #2784, .T. ) ;
#2623 = ORIENTED_EDGE ( 'NONE', *, *, #1112, .T. ) ;
#2624 = ADVANCED_FACE ( 'NONE', ( #2353 ), #253, .F. ) ;
#2625 = VERTEX_POINT ( 'NONE', #736 ) ;
#2626 = LINE ( 'NONE', #2645, #1690 ) ;
#2627 = ORIENTED_EDGE ( 'NONE', *, *, #2677, .F. ) ;
#2628 = CARTESIAN_POINT ( 'NONE',  ( -981.4999999999995453, -1096.805262667903662, 70.00000000000062528 ) ) ;
#2629 = CIRCLE ( 'NONE', #771, 2.999999999999999112 ) ;
#2630 = EDGE_CURVE ( 'NONE', #2417, #704, #1230, .T. ) ;
#2631 = DIRECTION ( 'NONE',  ( 0.000000000000000000, -1.000000000000000000, 0.000000000000000000 ) ) ;
#2632 = CARTESIAN_POINT ( 'NONE',  ( 313.0999999999996248, -1093.805262667904117, 28.00000000000046896 ) ) ;
#2633 = EDGE_LOOP ( 'NONE', ( #1775, #1109, #2394, #2900 ) ) ;
#2634 = LINE ( 'NONE', #2179, #1598 ) ;
#2635 = CARTESIAN_POINT ( 'NONE',  ( 350.0999999999996248, -1154.805262667903889, 28.00000000000046185 ) ) ;
#2636 = EDGE_LOOP ( 'NONE', ( #2780, #1902, #1416, #2352 ) ) ;
#2637 = DIRECTION ( 'NONE',  ( 0.000000000000000000, 4.440892098500612751E-15, 1.000000000000000000 ) ) ;
#2638 = EDGE_CURVE ( 'NONE', #1057, #2170, #1872, .T. ) ;
#2639 = FACE_BOUND ( 'NONE', #1052, .T. ) ;
#2640 = ORIENTED_EDGE ( 'NONE', *, *, #631, .T. ) ;
#2641 = ORIENTED_EDGE ( 'NONE', *, *, #636, .F. ) ;
#2642 = AXIS2_PLACEMENT_3D ( 'NONE', #2144, #103, #2801 ) ;
#2643 = ADVANCED_FACE ( 'NONE', ( #2321 ), #2106, .F. ) ;
#2644 = VECTOR ( 'NONE', #2101, 1000.000000000000000 ) ;
#2645 = CARTESIAN_POINT ( 'NONE',  ( 1090.972523324353915, -1113.805262667903889, 28.00000000000046541 ) ) ;
#2646 = ORIENTED_EDGE ( 'NONE', *, *, #17, .F. ) ;
#2647 = CARTESIAN_POINT ( 'NONE',  ( 350.0999999999996248, -1093.805262667904117, 25.00000000000046896 ) ) ;
#2648 = CIRCLE ( 'NONE', #2840, 5.000000000000004441 ) ;
#2649 = AXIS2_PLACEMENT_3D ( 'NONE', #1383, #2608, #1470 ) ;
#2650 = CARTESIAN_POINT ( 'NONE',  ( 350.0999999999996248, -1160.805262667903889, 28.00000000000045830 ) ) ;
#2651 = PRODUCT_DEFINITION ( 'UNKNOWN', '', #2501, #667 ) ;
#2652 = CARTESIAN_POINT ( 'NONE',  ( -313.0999999999995111, -1107.805262667903889, 28.00000000000046541 ) ) ;
#2653 = VECTOR ( 'NONE', #1426, 1000.000000000000000 ) ;
#2654 = ORIENTED_EDGE ( 'NONE', *, *, #2361, .T. ) ;
#2655 = CYLINDRICAL_SURFACE ( 'NONE', #65, 2.999999999999999112 ) ;
#2656 = DIRECTION ( 'NONE',  ( 0.000000000000000000, -1.000000000000000000, -1.369518533665899079E-16 ) ) ;
#2657 = CARTESIAN_POINT ( 'NONE',  ( -998.9999999999996589, -1150.305262667904344, 28.00000000000046896 ) ) ;
#2658 = ORIENTED_EDGE ( 'NONE', *, *, #1318, .T. ) ;
#2659 = EDGE_LOOP ( 'NONE', ( #48, #2443, #2939, #1326 ) ) ;
#2660 = ORIENTED_EDGE ( 'NONE', *, *, #2055, .T. ) ;
#2661 = DIRECTION ( 'NONE',  ( 0.000000000000000000, -4.440892098500612751E-15, -1.000000000000000000 ) ) ;
#2662 = DIRECTION ( 'NONE',  ( 0.000000000000000000, 1.000000000000000000, 0.000000000000000000 ) ) ;
#2663 = DIRECTION ( 'NONE',  ( 0.000000000000000000, -1.369518533665899079E-16, 1.000000000000000000 ) ) ;
#2664 = DIRECTION ( 'NONE',  ( 1.000000000000000000, 0.000000000000000000, -0.000000000000000000 ) ) ;
#2665 = CARTESIAN_POINT ( 'NONE',  ( -350.0999999999996248, -1093.805262667904117, 25.00000000000046896 ) ) ;
#2666 = EDGE_LOOP ( 'NONE', ( #1932, #2252, #845, #522 ) ) ;
#2667 = DIRECTION ( 'NONE',  ( 1.000000000000000000, 0.000000000000000000, 0.000000000000000000 ) ) ;
#2668 = EDGE_LOOP ( 'NONE', ( #2183, #176 ) ) ;
#2669 = ORIENTED_EDGE ( 'NONE', *, *, #382, .F. ) ;
#2670 = FACE_OUTER_BOUND ( 'NONE', #2257, .T. ) ;
#2671 = ORIENTED_EDGE ( 'NONE', *, *, #2682, .T. ) ;
#2672 = EDGE_LOOP ( 'NONE', ( #385, #1904, #1369, #1289 ) ) ;
#2673 = PLANE ( 'NONE',  #2255 ) ;
#2674 = FACE_OUTER_BOUND ( 'NONE', #1817, .T. ) ;
#2675 = ORIENTED_EDGE ( 'NONE', *, *, #1968, .F. ) ;
#2676 = CARTESIAN_POINT ( 'NONE',  ( 1003.999999999999773, -1113.305262667903889, 28.00000000000046896 ) ) ;
#2677 = EDGE_CURVE ( 'NONE', #844, #1102, #1523, .T. ) ;
#2678 = LINE ( 'NONE', #1526, #2504 ) ;
#2679 = AXIS2_PLACEMENT_3D ( 'NONE', #554, #1030, #1510 ) ;
#2680 = CARTESIAN_POINT ( 'NONE',  ( 309.8999999999996362, -1093.805262667904117, 28.00000000000046896 ) ) ;
#2681 = EDGE_CURVE ( 'NONE', #2589, #1687, #1060, .T. ) ;
#2682 = EDGE_CURVE ( 'NONE', #1145, #1544, #1959, .T. ) ;
#2683 = CARTESIAN_POINT ( 'NONE',  ( 998.9999999999996589, -1155.305262667904344, 28.00000000000046896 ) ) ;
#2684 = ORIENTED_EDGE ( 'NONE', *, *, #1813, .T. ) ;
#2685 = ORIENTED_EDGE ( 'NONE', *, *, #2638, .T. ) ;
#2686 = EDGE_CURVE ( 'NONE', #279, #1820, #2858, .T. ) ;
#2687 = VERTEX_POINT ( 'NONE', #821 ) ;
#2688 = AXIS2_PLACEMENT_3D ( 'NONE', #1665, #317, #1453 ) ;
#2689 = VECTOR ( 'NONE', #755, 1000.000000000000000 ) ;
#2690 = CYLINDRICAL_SURFACE ( 'NONE', #1359, 5.000000000000115463 ) ;
#2691 = DIRECTION ( 'NONE',  ( -1.000000000000000000, 0.000000000000000000, 0.000000000000000000 ) ) ;
#2692 = VECTOR ( 'NONE', #546, 1000.000000000000000 ) ;
#2693 = CARTESIAN_POINT ( 'NONE',  ( -313.0999999999995111, -1149.805262667904117, 25.00000000000046185 ) ) ;
#2694 = PLANE ( 'NONE',  #599 ) ;
#2695 = AXIS2_PLACEMENT_3D ( 'NONE', #2768, #1645, #296 ) ;
#2696 = ORIENTED_EDGE ( 'NONE', *, *, #2681, .T. ) ;
#2697 = VECTOR ( 'NONE', #616, 1000.000000000000000 ) ;
#2698 = DIRECTION ( 'NONE',  ( 0.000000000000000000, -1.369518533665899079E-16, 1.000000000000000000 ) ) ;
#2699 = ORIENTED_EDGE ( 'NONE', *, *, #992, .F. ) ;
#2700 = ORIENTED_EDGE ( 'NONE', *, *, #2849, .T. ) ;
#2701 = VECTOR ( 'NONE', #381, 1000.000000000000000 ) ;
#2702 = EDGE_CURVE ( 'NONE', #2741, #2714, #1045, .T. ) ;
#2703 = EDGE_CURVE ( 'NONE', #495, #693, #2872, .T. ) ;
#2704 = ORIENTED_EDGE ( 'NONE', *, *, #1138, .F. ) ;
#2705 = ORIENTED_EDGE ( 'NONE', *, *, #1823, .T. ) ;
#2706 = EDGE_CURVE ( 'NONE', #867, #2503, #1735, .T. ) ;
#2707 = FACE_OUTER_BOUND ( 'NONE', #2173, .T. ) ;
#2708 = DIRECTION ( 'NONE',  ( -1.000000000000000000, -0.000000000000000000, -0.000000000000000000 ) ) ;
#2709 = DIRECTION ( 'NONE',  ( -1.000000000000000000, 0.000000000000000000, 0.000000000000000000 ) ) ;
#2710 = CARTESIAN_POINT ( 'NONE',  ( -346.8999999999997499, -1108.805262667903662, 25.00000000000046541 ) ) ;
#2711 = DIRECTION ( 'NONE',  ( 1.000000000000000000, 0.000000000000000000, 0.000000000000000000 ) ) ;
#2712 = FACE_OUTER_BOUND ( 'NONE', #2376, .T. ) ;
#2713 = ORIENTED_EDGE ( 'NONE', *, *, #345, .F. ) ;
#2714 = VERTEX_POINT ( 'NONE', #1477 ) ;
#2715 = ORIENTED_EDGE ( 'NONE', *, *, #230, .T. ) ;
#2716 = DIRECTION ( 'NONE',  ( 0.000000000000000000, 1.000000000000000000, 1.369518533665899079E-16 ) ) ;
#2717 = DIRECTION ( 'NONE',  ( 0.000000000000000000, -1.369518533665899079E-16, 1.000000000000000000 ) ) ;
#2718 = EDGE_CURVE ( 'NONE', #404, #730, #378, .T. ) ;
#2719 = DIRECTION ( 'NONE',  ( 0.000000000000000000, -1.369518533665899079E-16, 1.000000000000000000 ) ) ;
#2720 = CARTESIAN_POINT ( 'NONE',  ( -999.9999999999996589, -1154.305262667904344, 28.00000000000046896 ) ) ;
#2721 = EDGE_LOOP ( 'NONE', ( #1573, #617, #373, #1914 ) ) ;
#2722 = FACE_OUTER_BOUND ( 'NONE', #2659, .T. ) ;
#2723 = EDGE_CURVE ( 'NONE', #144, #842, #150, .T. ) ;
#2724 = LINE ( 'NONE', #2757, #973 ) ;
#2725 = DIRECTION ( 'NONE',  ( -1.604295445768149458E-32, -1.000000000000000000, -1.369518533665899079E-16 ) ) ;
#2726 = ORIENTED_EDGE ( 'NONE', *, *, #1525, .T. ) ;
#2727 = VERTEX_POINT ( 'NONE', #2842 ) ;
#2728 = VERTEX_POINT ( 'NONE', #392 ) ;
#2729 = EDGE_CURVE ( 'NONE', #805, #2727, #571, .T. ) ;
#2730 = DIRECTION ( 'NONE',  ( -1.000000000000000000, 0.000000000000000000, 0.000000000000000000 ) ) ;
#2731 = ORIENTED_EDGE ( 'NONE', *, *, #697, .T. ) ;
#2732 = DIRECTION ( 'NONE',  ( 2.197112346455275869E-48, 0.000000000000000000, 1.000000000000000000 ) ) ;
#2733 = EDGE_CURVE ( 'NONE', #1561, #32, #2143, .T. ) ;
#2734 = CIRCLE ( 'NONE', #2110, 1.000000000000000888 ) ;
#2735 = CARTESIAN_POINT ( 'NONE',  ( 309.8999999999996362, -1093.805262667904117, 28.00000000000046896 ) ) ;
#2736 = FACE_BOUND ( 'NONE', #1861, .T. ) ;
#2737 = DIRECTION ( 'NONE',  ( 0.000000000000000000, -1.000000000000000000, -1.369518533665899079E-16 ) ) ;
#2738 = VECTOR ( 'NONE', #2300, 1000.000000000000000 ) ;
#2739 = LINE ( 'NONE', #1603, #1694 ) ;
#2740 = CARTESIAN_POINT ( 'NONE',  ( 998.9999999999996589, -1112.305262667903889, 25.00000000000046896 ) ) ;
#2741 = VERTEX_POINT ( 'NONE', #1705 ) ;
#2742 = CIRCLE ( 'NONE', #258, 5.000000000000115463 ) ;
#2743 = LOCAL_TIME ( 16, 45, 30.00000000000000000, #2779 ) ;
#2744 = ORIENTED_EDGE ( 'NONE', *, *, #2273, .T. ) ;
#2745 = AXIS2_PLACEMENT_3D ( 'NONE', #1177, #40, #2959 ) ;
#2746 = DIRECTION ( 'NONE',  ( -1.000000000000000000, 0.000000000000000000, 0.000000000000000000 ) ) ;
#2747 = VERTEX_POINT ( 'NONE', #2174 ) ;
#2748 = FACE_OUTER_BOUND ( 'NONE', #2362, .T. ) ;
#2749 = ORIENTED_EDGE ( 'NONE', *, *, #19, .T. ) ;
#2750 = VECTOR ( 'NONE', #2711, 1000.000000000000000 ) ;
#2751 = LINE ( 'NONE', #2086, #2843 ) ;
#2752 = ORIENTED_EDGE ( 'NONE', *, *, #2001, .T. ) ;
#2753 = DATE_TIME_ROLE ( 'creation_date' ) ;
#2754 = FACE_OUTER_BOUND ( 'NONE', #447, .T. ) ;
#2755 = DIRECTION ( 'NONE',  ( 0.000000000000000000, -1.369518533665899079E-16, 1.000000000000000000 ) ) ;
#2756 = CARTESIAN_POINT ( 'NONE',  ( -350.0999999999996248, -1108.805262667903662, 28.00000000000046541 ) ) ;
#2757 = CARTESIAN_POINT ( 'NONE',  ( 1090.972523324353915, -1108.805262667903662, 25.00000000000046541 ) ) ;
#2758 = VERTEX_POINT ( 'NONE', #2628 ) ;
#2759 = ORIENTED_EDGE ( 'NONE', *, *, #1472, .T. ) ;
#2760 = EDGE_CURVE ( 'NONE', #942, #2118, #583, .T. ) ;
#2761 = DIRECTION ( 'NONE',  ( -1.000000000000000000, 0.000000000000000000, 0.000000000000000000 ) ) ;
#2762 = EDGE_CURVE ( 'NONE', #2741, #1631, #837, .T. ) ;
#2763 = DIRECTION ( 'NONE',  ( 0.000000000000000000, -1.000000000000000000, 0.000000000000000000 ) ) ;
#2764 = DIRECTION ( 'NONE',  ( 0.000000000000000000, -1.369518533665899079E-16, 1.000000000000000000 ) ) ;
#2765 = ORIENTED_EDGE ( 'NONE', *, *, #1854, .T. ) ;
#2766 = DATE_AND_TIME ( #35, #1926 ) ;
#2767 = VERTEX_POINT ( 'NONE', #1752 ) ;
#2768 = CARTESIAN_POINT ( 'NONE',  ( -998.9999999999996589, -1112.305262667903889, 25.00000000000046896 ) ) ;
#2769 = PLANE ( 'NONE',  #292 ) ;
#2770 = LINE ( 'NONE', #1652, #1459 ) ;
#2771 = CARTESIAN_POINT ( 'NONE',  ( -1003.999999999999773, -1150.305262667904344, 28.00000000000046896 ) ) ;
#2772 = EDGE_LOOP ( 'NONE', ( #1454, #446, #117, #1577 ) ) ;
#2773 = EDGE_CURVE ( 'NONE', #2218, #2377, #578, .T. ) ;
#2774 = VECTOR ( 'NONE', #524, 1000.000000000000000 ) ;
#2775 = ORIENTED_EDGE ( 'NONE', *, *, #1440, .F. ) ;
#2776 = EDGE_CURVE ( 'NONE', #2380, #428, #1953, .T. ) ;
#2777 = FACE_OUTER_BOUND ( 'NONE', #146, .T. ) ;
#2778 = ORIENTED_EDGE ( 'NONE', *, *, #1757, .F. ) ;
#2779 = COORDINATED_UNIVERSAL_TIME_OFFSET ( 10, 0, .AHEAD. ) ;
#2780 = ORIENTED_EDGE ( 'NONE', *, *, #2611, .F. ) ;
#2781 = ORIENTED_EDGE ( 'NONE', *, *, #2310, .T. ) ;
#2782 = FACE_OUTER_BOUND ( 'NONE', #1483, .T. ) ;
#2783 = DIRECTION ( 'NONE',  ( 0.000000000000000000, -1.369518533665899079E-16, 1.000000000000000000 ) ) ;
#2784 = LINE ( 'NONE', #1449, #441 ) ;
#2785 = AXIS2_PLACEMENT_3D ( 'NONE', #2295, #487, #691 ) ;
#2786 = DIRECTION ( 'NONE',  ( 1.000000000000000000, 0.000000000000000000, 0.000000000000000000 ) ) ;
#2787 = DIRECTION ( 'NONE',  ( 0.000000000000000000, -1.000000000000000000, -1.369518533665899079E-16 ) ) ;
#2788 = DIRECTION ( 'NONE',  ( -1.000000000000000000, 0.000000000000000000, 0.000000000000000000 ) ) ;
#2789 = FACE_OUTER_BOUND ( 'NONE', #216, .T. ) ;
#2790 = VECTOR ( 'NONE', #2787, 1000.000000000000000 ) ;
#2791 = CIRCLE ( 'NONE', #1501, 3.000000000000002665 ) ;
#2792 = CARTESIAN_POINT ( 'NONE',  ( 628.1567381882845211, -1113.805262667904117, 28.00000000000046896 ) ) ;
#2793 = VECTOR ( 'NONE', #2133, 1000.000000000000000 ) ;
#2794 = ORIENTED_EDGE ( 'NONE', *, *, #2076, .T. ) ;
#2795 = AXIS2_PLACEMENT_3D ( 'NONE', #1831, #462, #1134 ) ;
#2796 = PERSON_AND_ORGANIZATION ( #1777, #1794 ) ;
#2797 = EDGE_CURVE ( 'NONE', #233, #1341, #2199, .T. ) ;
#2798 = CIRCLE ( 'NONE', #1890, 5.000000000000115463 ) ;
#2799 = DIRECTION ( 'NONE',  ( 0.000000000000000000, -1.000000000000000000, 0.000000000000000000 ) ) ;
#2800 = DIRECTION ( 'NONE',  ( -1.000000000000000000, 0.000000000000000000, 0.000000000000000000 ) ) ;
#2801 = DIRECTION ( 'NONE',  ( 0.000000000000000000, 0.000000000000000000, -1.000000000000000000 ) ) ;
#2802 = CARTESIAN_POINT ( 'NONE',  ( 346.8999999999996362, -1108.805262667903662, 28.00000000000046896 ) ) ;
#2803 = CARTESIAN_POINT ( 'NONE',  ( 981.4999999999996589, -1163.805262667904117, 25.00000000000045830 ) ) ;
#2804 = LINE ( 'NONE', #1680, #2296 ) ;
#2805 = LINE ( 'NONE', #698, #2738 ) ;
#2806 = EDGE_LOOP ( 'NONE', ( #871, #2597, #384, #1809, #674, #2348 ) ) ;
#2807 = ORIENTED_EDGE ( 'NONE', *, *, #1097, .T. ) ;
#2808 = MECHANICAL_CONTEXT ( 'NONE', #2082, 'mechanical' ) ;
#2809 = ORIENTED_EDGE ( 'NONE', *, *, #2512, .T. ) ;
#2810 = EDGE_CURVE ( 'NONE', #415, #2383, #1719, .T. ) ;
#2811 = CARTESIAN_POINT ( 'NONE',  ( 989.9999999999995453, -1163.805262667904117, 28.00000000000046896 ) ) ;
#2812 = CARTESIAN_POINT ( 'NONE',  ( 1090.972523324353915, -1096.805262667903889, 31.00000000000045830 ) ) ;
#2813 = CARTESIAN_POINT ( 'NONE',  ( -350.0999999999996248, -1160.805262667903889, 28.00000000000045830 ) ) ;
#2814 = ADVANCED_FACE ( 'NONE', ( #1242 ), #102, .T. ) ;
#2815 = DIRECTION ( 'NONE',  ( -1.000000000000000000, 0.000000000000000000, 0.000000000000000000 ) ) ;
#2816 = CARTESIAN_POINT ( 'NONE',  ( 976.4999999999996589, -1093.805262667903889, 70.00000000000061107 ) ) ;
#2817 = DIRECTION ( 'NONE',  ( -1.000000000000000000, 0.000000000000000000, 0.000000000000000000 ) ) ;
#2818 = LINE ( 'NONE', #1233, #1780 ) ;
#2819 = DIRECTION ( 'NONE',  ( -1.000000000000000000, 0.000000000000000000, 0.000000000000000000 ) ) ;
#2820 = VECTOR ( 'NONE', #2708, 1000.000000000000000 ) ;
#2821 = DATE_TIME_ROLE ( 'classification_date' ) ;
#2822 = ORIENTED_EDGE ( 'NONE', *, *, #1767, .T. ) ;
#2823 = LINE ( 'NONE', #1278, #2299 ) ;
#2824 = LINE ( 'NONE', #2134, #2774 ) ;
#2825 = EDGE_CURVE ( 'NONE', #1820, #994, #1567, .T. ) ;
#2826 = CARTESIAN_POINT ( 'NONE',  ( 346.8999999999996362, -1102.805262667903889, 28.00000000000046896 ) ) ;
#2827 = DIRECTION ( 'NONE',  ( 0.000000000000000000, 1.000000000000000000, 1.369518533665899079E-16 ) ) ;
#2828 = CARTESIAN_POINT ( 'NONE',  ( 309.8999999999996362, -1107.805262667903889, 25.00000000000046541 ) ) ;
#2829 = ORIENTED_EDGE ( 'NONE', *, *, #2909, .T. ) ;
#2830 = ADVANCED_FACE ( 'NONE', ( #922 ), #15, .T. ) ;
#2831 = AXIS2_PLACEMENT_3D ( 'NONE', #2816, #767, #1676 ) ;
#2832 = DIRECTION ( 'NONE',  ( 0.000000000000000000, -1.000000000000000000, -1.369518533665899079E-16 ) ) ;
#2833 = LINE ( 'NONE', #2129, #1118 ) ;
#2834 = FACE_OUTER_BOUND ( 'NONE', #1389, .T. ) ;
#2835 = CARTESIAN_POINT ( 'NONE',  ( -350.0999999999996248, -1160.805262667903889, 25.00000000000045830 ) ) ;
#2836 = VERTEX_POINT ( 'NONE', #2261 ) ;
#2837 = VECTOR ( 'NONE', #2013, 1000.000000000000000 ) ;
#2838 = AXIS2_PLACEMENT_3D ( 'NONE', #359, #2172, #1509 ) ;
#2839 = ORIENTED_EDGE ( 'NONE', *, *, #388, .F. ) ;
#2840 = AXIS2_PLACEMENT_3D ( 'NONE', #1127, #681, #2484 ) ;
#2841 = CARTESIAN_POINT ( 'NONE',  ( 309.8999999999996362, -1155.805262667904344, 28.00000000000046185 ) ) ;
#2842 = CARTESIAN_POINT ( 'NONE',  ( 309.8999999999996362, -1113.805262667903889, 28.00000000000046541 ) ) ;
#2843 = VECTOR ( 'NONE', #1867, 1000.000000000000000 ) ;
#2844 = DIRECTION ( 'NONE',  ( 0.000000000000000000, 0.000000000000000000, -1.000000000000000000 ) ) ;
#2845 = CARTESIAN_POINT ( 'NONE',  ( 350.0999999999996248, -1108.805262667903662, 28.00000000000046896 ) ) ;
#2846 = DIRECTION ( 'NONE',  ( -1.000000000000000000, -0.000000000000000000, 0.000000000000000000 ) ) ;
#2847 = LINE ( 'NONE', #810, #2880 ) ;
#2848 = ADVANCED_FACE ( 'NONE', ( #2674 ), #1582, .F. ) ;
#2849 = EDGE_CURVE ( 'NONE', #608, #2297, #1534, .T. ) ;
#2850 = CARTESIAN_POINT ( 'NONE',  ( -346.8999999999997499, -1154.805262667903889, 25.00000000000046185 ) ) ;
#2851 = VERTEX_POINT ( 'NONE', #1141 ) ;
#2852 = ORIENTED_EDGE ( 'NONE', *, *, #2855, .F. ) ;
#2853 = VERTEX_POINT ( 'NONE', #2446 ) ;
#2854 = EDGE_LOOP ( 'NONE', ( #527, #1805, #1916, #889, #1039, #1615, #25, #80, #1622, #1180, #2671, #2195, #1559, #2316, #2658, #1667, #2320, #2778, #1723, #1397, #1741, #1729, #2035, #2554, #2470, #611, #2654, #1471 ) ) ;
#2855 = EDGE_CURVE ( 'NONE', #1811, #867, #1128, .T. ) ;
#2856 = ORIENTED_EDGE ( 'NONE', *, *, #559, .F. ) ;
#2857 = FACE_OUTER_BOUND ( 'NONE', #1593, .T. ) ;
#2858 = LINE ( 'NONE', #2647, #1342 ) ;
#2859 = CARTESIAN_POINT ( 'NONE',  ( -309.8999999999996362, -1093.805262667904117, 28.00000000000046896 ) ) ;
#2860 = CARTESIAN_POINT ( 'NONE',  ( -313.0999999999996248, -1113.805262667903889, 28.00000000000046541 ) ) ;
#2861 = CARTESIAN_POINT ( 'NONE',  ( 989.9999999999995453, -1099.805262667904117, 28.00000000000046896 ) ) ;
#2862 = DIRECTION ( 'NONE',  ( 0.000000000000000000, -1.369518533665899079E-16, 1.000000000000000000 ) ) ;
#2863 = LINE ( 'NONE', #351, #2697 ) ;
#2864 = EDGE_CURVE ( 'NONE', #1484, #1797, #2486, .T. ) ;
#2865 = CARTESIAN_POINT ( 'NONE',  ( 350.0999999999996248, -1108.805262667903662, 28.00000000000046896 ) ) ;
#2866 = EDGE_CURVE ( 'NONE', #597, #2225, #2629, .T. ) ;
#2867 = EDGE_LOOP ( 'NONE', ( #1985, #2731, #222, #2852 ) ) ;
#2868 = APPROVAL ( #356, 'UNSPECIFIED' ) ;
#2869 = DIRECTION ( 'NONE',  ( 0.000000000000000000, -1.000000000000000000, 0.000000000000000000 ) ) ;
#2870 = CARTESIAN_POINT ( 'NONE',  ( 976.4999999999996589, -1166.805262667904117, 75.00000000000061107 ) ) ;
#2871 = CARTESIAN_POINT ( 'NONE',  ( 1090.972523324353915, -1154.805262667903889, 25.00000000000046185 ) ) ;
#2872 = CIRCLE ( 'NONE', #2529, 6.000000000000001776 ) ;
#2873 = DIRECTION ( 'NONE',  ( -1.000000000000000000, -0.000000000000000000, -0.000000000000000000 ) ) ;
#2874 = DIRECTION ( 'NONE',  ( -0.000000000000000000, 1.000000000000000000, -0.000000000000000000 ) ) ;
#2875 = ORIENTED_EDGE ( 'NONE', *, *, #1112, .F. ) ;
#2876 = CARTESIAN_POINT ( 'NONE',  ( 350.0999999999996248, -1108.805262667903662, 28.00000000000046896 ) ) ;
#2877 = ADVANCED_FACE ( 'NONE', ( #1779 ), #1346, .T. ) ;
#2878 = FACE_OUTER_BOUND ( 'NONE', #858, .T. ) ;
#2879 = FACE_BOUND ( 'NONE', #2672, .T. ) ;
#2880 = VECTOR ( 'NONE', #798, 1000.000000000000000 ) ;
#2881 = EDGE_CURVE ( 'NONE', #2196, #1239, #2953, .T. ) ;
#2882 = ORIENTED_EDGE ( 'NONE', *, *, #109, .F. ) ;
#2883 = DATE_AND_TIME ( #1519, #1841 ) ;
#2884 = VECTOR ( 'NONE', #2746, 1000.000000000000000 ) ;
#2885 = VERTEX_POINT ( 'NONE', #188 ) ;
#2886 = VECTOR ( 'NONE', #257, 1000.000000000000000 ) ;
#2887 = EDGE_CURVE ( 'NONE', #1806, #1561, #2968, .T. ) ;
#2888 = CARTESIAN_POINT ( 'NONE',  ( -998.9999999999996589, -1155.305262667904344, 28.00000000000046896 ) ) ;
#2889 = EDGE_CURVE ( 'NONE', #2625, #1838, #2448, .T. ) ;
#2890 = DIRECTION ( 'NONE',  ( -0.000000000000000000, -1.000000000000000000, -1.369518533665899079E-16 ) ) ;
#2891 = AXIS2_PLACEMENT_3D ( 'NONE', #684, #2262, #625 ) ;
#2892 = AXIS2_PLACEMENT_3D ( 'NONE', #234, #944, #33 ) ;
#2893 = DIRECTION ( 'NONE',  ( 0.000000000000000000, -1.000000000000000000, -1.369518533665899079E-16 ) ) ;
#2894 = DIRECTION ( 'NONE',  ( 0.000000000000000000, -1.369518533665899079E-16, 1.000000000000000000 ) ) ;
#2895 = ORIENTED_EDGE ( 'NONE', *, *, #2703, .T. ) ;
#2896 = ORIENTED_EDGE ( 'NONE', *, *, #943, .F. ) ;
#2897 = CIRCLE ( 'NONE', #1413, 8.499999999999729994 ) ;
#2898 = DIRECTION ( 'NONE',  ( -0.000000000000000000, 1.000000000000000000, 1.369518533665899079E-16 ) ) ;
#2899 = EDGE_LOOP ( 'NONE', ( #1575, #334, #2895, #1290 ) ) ;
#2900 = ORIENTED_EDGE ( 'NONE', *, *, #214, .F. ) ;
#2901 = CARTESIAN_POINT ( 'NONE',  ( 998.9999999999996589, -1108.305262667903889, 28.00000000000046896 ) ) ;
#2902 = EDGE_LOOP ( 'NONE', ( #1337, #2511, #1893, #357 ) ) ;
#2903 = ORIENTED_EDGE ( 'NONE', *, *, #345, .T. ) ;
#2904 = CARTESIAN_POINT ( 'NONE',  ( 1090.972523324353915, -1150.305262667904344, 25.00000000000046185 ) ) ;
#2905 = ORIENTED_EDGE ( 'NONE', *, *, #568, .F. ) ;
#2906 = CARTESIAN_POINT ( 'NONE',  ( 309.8999999999996362, -1107.805262667903889, 28.00000000000046541 ) ) ;
#2907 = EDGE_CURVE ( 'NONE', #2885, #1145, #435, .T. ) ;
#2908 = EDGE_LOOP ( 'NONE', ( #2263, #934, #1918, #2726 ) ) ;
#2909 = EDGE_CURVE ( 'NONE', #609, #716, #1812, .T. ) ;
#2910 = PLANE ( 'NONE',  #1786 ) ;
#2911 = CARTESIAN_POINT ( 'NONE',  ( 350.0999999999996248, -1160.805262667903889, 25.00000000000045830 ) ) ;
#2912 = DIRECTION ( 'NONE',  ( 0.000000000000000000, 0.000000000000000000, -1.000000000000000000 ) ) ;
#2913 = EDGE_CURVE ( 'NONE', #2267, #1650, #2275, .T. ) ;
#2914 = CARTESIAN_POINT ( 'NONE',  ( 1090.972523324353915, -1154.805262667903889, 25.00000000000046185 ) ) ;
#2915 = LINE ( 'NONE', #1274, #162 ) ;
#2916 = ORIENTED_EDGE ( 'NONE', *, *, #2492, .T. ) ;
#2917 = EDGE_LOOP ( 'NONE', ( #977, #2238, #281, #2105 ) ) ;
#2918 = ORIENTED_EDGE ( 'NONE', *, *, #159, .T. ) ;
#2919 = CARTESIAN_POINT ( 'NONE',  ( 1090.972523324353915, -1169.805262667904117, 25.00000000000045830 ) ) ;
#2920 = ORIENTED_EDGE ( 'NONE', *, *, #2442, .F. ) ;
#2921 = LINE ( 'NONE', #864, #1921 ) ;
#2922 = FACE_BOUND ( 'NONE', #1006, .T. ) ;
#2923 = DIRECTION ( 'NONE',  ( 0.000000000000000000, -1.000000000000000000, 0.000000000000000000 ) ) ;
#2924 = VECTOR ( 'NONE', #2229, 1000.000000000000000 ) ;
#2925 = FACE_OUTER_BOUND ( 'NONE', #661, .T. ) ;
#2926 = ADVANCED_FACE ( 'NONE', ( #178 ), #1095, .F. ) ;
#2927 = DIRECTION ( 'NONE',  ( 0.000000000000000000, -1.369518533665899079E-16, 1.000000000000000000 ) ) ;
#2928 = EDGE_CURVE ( 'NONE', #1050, #716, #2921, .T. ) ;
#2929 = ORIENTED_EDGE ( 'NONE', *, *, #1422, .T. ) ;
#2930 = VECTOR ( 'NONE', #2536, 1000.000000000000000 ) ;
#2931 = VERTEX_POINT ( 'NONE', #639 ) ;
#2932 = CARTESIAN_POINT ( 'NONE',  ( 999.9999999999996589, -1150.305262667904344, 28.00000000000046896 ) ) ;
#2933 = AXIS2_PLACEMENT_3D ( 'NONE', #147, #2716, #2819 ) ;
#2934 = CARTESIAN_POINT ( 'NONE',  ( 999.9999999999996589, -1108.305262667903889, 28.00000000000046896 ) ) ;
#2935 = ORIENTED_EDGE ( 'NONE', *, *, #868, .F. ) ;
#2936 = DIRECTION ( 'NONE',  ( 2.197112346455275869E-48, -0.000000000000000000, -1.000000000000000000 ) ) ;
#2937 = AXIS2_PLACEMENT_3D ( 'NONE', #416, #2313, #2832 ) ;
#2938 = FACE_OUTER_BOUND ( 'NONE', #2908, .T. ) ;
#2939 = ORIENTED_EDGE ( 'NONE', *, *, #459, .T. ) ;
#2940 = CARTESIAN_POINT ( 'NONE',  ( 628.1567381882845211, -1108.805262667903889, 28.00000000000046896 ) ) ;
#2941 = CARTESIAN_POINT ( 'NONE',  ( 1003.999999999999773, -1150.305262667904344, 28.00000000000046896 ) ) ;
#2942 = VECTOR ( 'NONE', #215, 1000.000000000000000 ) ;
#2943 = CARTESIAN_POINT ( 'NONE',  ( 628.1567381882845211, -1113.805262667904117, 28.00000000000046896 ) ) ;
#2944 = DIRECTION ( 'NONE',  ( 0.000000000000000000, -1.369518533665899079E-16, 1.000000000000000000 ) ) ;
#2945 = ORIENTED_EDGE ( 'NONE', *, *, #477, .T. ) ;
#2946 = AXIS2_PLACEMENT_3D ( 'NONE', #1438, #2827, #2788 ) ;
#2947 = EDGE_CURVE ( 'NONE', #1007, #1626, #2460, .T. ) ;
#2948 = EDGE_CURVE ( 'NONE', #2111, #1782, #2117, .T. ) ;
#2949 = ORIENTED_EDGE ( 'NONE', *, *, #2050, .F. ) ;
#2950 = ADVANCED_FACE ( 'NONE', ( #702 ), #1656, .F. ) ;
#2951 = DIRECTION ( 'NONE',  ( 1.000000000000000000, 0.000000000000000000, -0.000000000000000000 ) ) ;
#2952 = ORIENTED_EDGE ( 'NONE', *, *, #636, .T. ) ;
#2953 = LINE ( 'NONE', #1801, #2820 ) ;
#2954 = EDGE_LOOP ( 'NONE', ( #267, #1042, #1285, #2905 ) ) ;
#2955 = CARTESIAN_POINT ( 'NONE',  ( 350.0999999999996248, -1160.805262667903889, 28.00000000000045830 ) ) ;
#2956 = ORIENTED_EDGE ( 'NONE', *, *, #1041, .T. ) ;
#2957 = DIRECTION ( 'NONE',  ( 0.000000000000000000, -1.369518533665899079E-16, 1.000000000000000000 ) ) ;
#2958 = CARTESIAN_POINT ( 'NONE',  ( -976.4999999999996589, -1169.805262667904117, 70.00000000000059686 ) ) ;
#2959 = DIRECTION ( 'NONE',  ( 0.000000000000000000, -4.440892098500612751E-15, -1.000000000000000000 ) ) ;
#2960 = EDGE_LOOP ( 'NONE', ( #843, #1189, #11, #2270 ) ) ;
#2961 = PRODUCT ( 'CV03-TR-19_REV_B_8ddc8307276e40b2aa3e2004e4909e41.tmp', 'CV03-TR-19_REV_B_8ddc8307276e40b2aa3e2004e4909e41.tmp', '', ( #2808 ) ) ;
#2962 = ORIENTED_EDGE ( 'NONE', *, *, #459, .F. ) ;
#2963 = ORIENTED_EDGE ( 'NONE', *, *, #905, .T. ) ;
#2964 = EDGE_CURVE ( 'NONE', #2747, #832, #2304, .T. ) ;
#2965 = ORIENTED_EDGE ( 'NONE', *, *, #2810, .T. ) ;
#2966 = FACE_OUTER_BOUND ( 'NONE', #377, .T. ) ;
#2967 = CARTESIAN_POINT ( 'NONE',  ( -976.4999999999996589, -1096.805262667903662, 75.00000000000063949 ) ) ;
#2968 = LINE ( 'NONE', #1373, #2153 ) ;
#2969 = EDGE_CURVE ( 'NONE', #1130, #2155, #1266, .T. ) ;
ENDSEC;
END-ISO-10303-21;
