ISO-10303-21;
HEADER;
FILE_DESCRIPTION (( 'STEP AP203' ),
    '1' );
FILE_NAME ('CV03-TR-20_REV_B_cfa9f21584bf4b87ac64d07e7533cffa.tmp.step',
    '2026-07-11T06:45:38',
    ( '' ),
    ( '' ),
    'SwSTEP 2.0',
    'SolidWorks 2025',
    '' );
FILE_SCHEMA (( 'CONFIG_CONTROL_DESIGN' ));
ENDSEC;

DATA;
#1 = ORIENTED_EDGE ( 'NONE', *, *, #2186, .T. ) ;
#2 = CARTESIAN_POINT ( 'NONE',  ( -996.0000000000009095, -1118.305262667903435, 625.0000000000001137 ) ) ;
#3 = EDGE_LOOP ( 'NONE', ( #175, #2972, #761, #413 ) ) ;
#4 = ORIENTED_EDGE ( 'NONE', *, *, #1066, .F. ) ;
#5 = CARTESIAN_POINT ( 'NONE',  ( 1090.972523324353915, -1093.805262667904117, 631.0000000000001137 ) ) ;
#6 = EDGE_CURVE ( 'NONE', #3051, #24, #639, .T. ) ;
#7 = VECTOR ( 'NONE', #606, 1000.000000000000000 ) ;
#8 = ORIENTED_EDGE ( 'NONE', *, *, #596, .F. ) ;
#9 = CARTESIAN_POINT ( 'NONE',  ( 976.4999999999996589, -1096.805262667903889, 670.0000000000002274 ) ) ;
#10 = VECTOR ( 'NONE', #2238, 1000.000000000000000 ) ;
#11 = DIRECTION ( 'NONE',  ( -1.000000000000000000, 0.000000000000000000, 0.000000000000000000 ) ) ;
#12 = CARTESIAN_POINT ( 'NONE',  ( 1090.972523324353915, -1149.805262667904344, 625.0000000000001137 ) ) ;
#13 = AXIS2_PLACEMENT_3D ( 'NONE', #863, #1629, #379 ) ;
#14 = EDGE_CURVE ( 'NONE', #1974, #2696, #569, .T. ) ;
#15 = LINE ( 'NONE', #1542, #2826 ) ;
#16 = DIRECTION ( 'NONE',  ( 0.000000000000000000, 0.000000000000000000, 1.000000000000000000 ) ) ;
#17 = VECTOR ( 'NONE', #841, 1000.000000000000000 ) ;
#18 = EDGE_CURVE ( 'NONE', #3224, #1976, #3017, .T. ) ;
#19 = EDGE_CURVE ( 'NONE', #599, #1491, #1484, .T. ) ;
#20 = ORIENTED_EDGE ( 'NONE', *, *, #2028, .F. ) ;
#21 = VECTOR ( 'NONE', #1444, 1000.000000000000000 ) ;
#22 = PLANE ( 'NONE',  #1941 ) ;
#23 = VECTOR ( 'NONE', #901, 1000.000000000000000 ) ;
#24 = VERTEX_POINT ( 'NONE', #3228 ) ;
#25 = ADVANCED_FACE ( 'NONE', ( #1968 ), #2983, .F. ) ;
#26 = ORIENTED_EDGE ( 'NONE', *, *, #2694, .F. ) ;
#27 = CARTESIAN_POINT ( 'NONE',  ( -976.4999999999996589, -1093.805262667904117, 670.0000000000002274 ) ) ;
#28 = LINE ( 'NONE', #5, #2521 ) ;
#29 = ORIENTED_EDGE ( 'NONE', *, *, #838, .F. ) ;
#30 = CARTESIAN_POINT ( 'NONE',  ( 981.4999999999996589, -1166.805262667904117, 670.0000000000002274 ) ) ;
#31 = EDGE_CURVE ( 'NONE', #1886, #700, #2496, .T. ) ;
#32 = DIRECTION ( 'NONE',  ( 0.000000000000000000, -1.000000000000000000, 0.000000000000000000 ) ) ;
#33 = CARTESIAN_POINT ( 'NONE',  ( 633.1567381882846348, -1149.805262667904117, 628.0000000000001137 ) ) ;
#34 = DIRECTION ( 'NONE',  ( -0.000000000000000000, 0.000000000000000000, 1.000000000000000000 ) ) ;
#35 = DIRECTION ( 'NONE',  ( 0.000000000000000000, 1.000000000000000000, 0.000000000000000000 ) ) ;
#36 = VERTEX_POINT ( 'NONE', #2754 ) ;
#37 = DIRECTION ( 'NONE',  ( -1.000000000000000000, 0.000000000000000000, 0.000000000000000000 ) ) ;
#38 = LINE ( 'NONE', #2781, #2682 ) ;
#39 = EDGE_CURVE ( 'NONE', #3205, #205, #3033, .T. ) ;
#40 = EDGE_LOOP ( 'NONE', ( #1767, #200, #743, #374 ) ) ;
#41 = VERTEX_POINT ( 'NONE', #2513 ) ;
#42 = DIRECTION ( 'NONE',  ( 0.000000000000000000, 1.000000000000000000, 0.000000000000000000 ) ) ;
#43 = EDGE_CURVE ( 'NONE', #1103, #231, #1985, .T. ) ;
#44 = ORIENTED_EDGE ( 'NONE', *, *, #306, .T. ) ;
#45 = DIRECTION ( 'NONE',  ( 1.000000000000000000, 0.000000000000000000, 0.000000000000000000 ) ) ;
#46 = LINE ( 'NONE', #2003, #1381 ) ;
#47 = LINE ( 'NONE', #516, #217 ) ;
#48 = ORIENTED_EDGE ( 'NONE', *, *, #1497, .T. ) ;
#49 = EDGE_CURVE ( 'NONE', #2996, #1090, #47, .T. ) ;
#50 = CARTESIAN_POINT ( 'NONE',  ( 996.0000000000003411, -1145.305262667904344, 628.0000000000001137 ) ) ;
#51 = LINE ( 'NONE', #1312, #805 ) ;
#52 = ORIENTED_EDGE ( 'NONE', *, *, #2002, .F. ) ;
#53 = DIRECTION ( 'NONE',  ( 1.000000000000000000, 0.000000000000000000, 0.000000000000000000 ) ) ;
#54 = VECTOR ( 'NONE', #647, 1000.000000000000000 ) ;
#55 = DIRECTION ( 'NONE',  ( -1.000000000000000000, -0.000000000000000000, 0.000000000000000000 ) ) ;
#56 = CARTESIAN_POINT ( 'NONE',  ( 998.9999999999996589, -1150.305262667904117, 628.0000000000000000 ) ) ;
#57 = ORIENTED_EDGE ( 'NONE', *, *, #775, .T. ) ;
#58 = EDGE_LOOP ( 'NONE', ( #988, #2225 ) ) ;
#59 = EDGE_CURVE ( 'NONE', #1281, #3162, #1056, .T. ) ;
#60 = VERTEX_POINT ( 'NONE', #1004 ) ;
#61 = PLANE ( 'NONE',  #1673 ) ;
#62 = CARTESIAN_POINT ( 'NONE',  ( 1090.972523324353915, -1107.805262667903889, 628.0000000000001137 ) ) ;
#63 = PLANE ( 'NONE',  #2259 ) ;
#64 = DIRECTION ( 'NONE',  ( 1.000000000000000000, 0.000000000000000000, 0.000000000000000000 ) ) ;
#65 = VECTOR ( 'NONE', #2536, 1000.000000000000000 ) ;
#66 = CARTESIAN_POINT ( 'NONE',  ( -999.9999999999996589, -1149.305262667904344, 628.0000000000000000 ) ) ;
#67 = VECTOR ( 'NONE', #2551, 1000.000000000000000 ) ;
#68 = VERTEX_POINT ( 'NONE', #1292 ) ;
#69 = VECTOR ( 'NONE', #2798, 1000.000000000000000 ) ;
#70 = VECTOR ( 'NONE', #2079, 1000.000000000000000 ) ;
#71 = PLANE ( 'NONE',  #1741 ) ;
#72 = EDGE_CURVE ( 'NONE', #1995, #1281, #171, .T. ) ;
#73 = CARTESIAN_POINT ( 'NONE',  ( -309.8999999999996362, -1154.805262667903889, 628.0000000000001137 ) ) ;
#74 = CARTESIAN_POINT ( 'NONE',  ( 976.4999999999996589, -1096.805262667903889, 675.0000000000002274 ) ) ;
#75 = CIRCLE ( 'NONE', #2783, 1.000000000000000888 ) ;
#76 = ORIENTED_EDGE ( 'NONE', *, *, #918, .F. ) ;
#77 = PERSON_AND_ORGANIZATION_ROLE ( 'design_owner' ) ;
#78 = CIRCLE ( 'NONE', #1904, 3.000000000000002665 ) ;
#79 = ORIENTED_EDGE ( 'NONE', *, *, #183, .F. ) ;
#80 = DIRECTION ( 'NONE',  ( 1.000000000000000000, 0.000000000000000000, 0.000000000000000000 ) ) ;
#81 = CARTESIAN_POINT ( 'NONE',  ( -998.9999999999996589, -1150.305262667904117, 628.0000000000000000 ) ) ;
#82 = LINE ( 'NONE', #343, #2776 ) ;
#83 = EDGE_CURVE ( 'NONE', #2504, #2365, #797, .T. ) ;
#84 = ORIENTED_EDGE ( 'NONE', *, *, #729, .T. ) ;
#85 = LINE ( 'NONE', #1867, #778 ) ;
#86 = DIRECTION ( 'NONE',  ( 0.000000000000000000, 1.000000000000000000, -0.000000000000000000 ) ) ;
#87 = VERTEX_POINT ( 'NONE', #3213 ) ;
#88 = DIRECTION ( 'NONE',  ( -0.000000000000000000, 0.000000000000000000, 1.000000000000000000 ) ) ;
#89 = CARTESIAN_POINT ( 'NONE',  ( -309.8999999999996362, -1108.805262667903889, 628.0000000000001137 ) ) ;
#90 = CARTESIAN_POINT ( 'NONE',  ( 981.4999999999996589, -1163.805262667904117, 628.0000000000001137 ) ) ;
#91 = ORIENTED_EDGE ( 'NONE', *, *, #3139, .T. ) ;
#92 = ORIENTED_EDGE ( 'NONE', *, *, #2430, .T. ) ;
#93 = CARTESIAN_POINT ( 'NONE',  ( -523.1000000000003638, -1093.805262667904117, 628.0000000000001137 ) ) ;
#94 = LINE ( 'NONE', #2858, #2936 ) ;
#95 = LINE ( 'NONE', #1635, #1426 ) ;
#96 = ORIENTED_EDGE ( 'NONE', *, *, #2160, .T. ) ;
#97 = DIRECTION ( 'NONE',  ( 0.000000000000000000, 0.000000000000000000, 1.000000000000000000 ) ) ;
#98 = EDGE_CURVE ( 'NONE', #1974, #3176, #987, .T. ) ;
#99 = FACE_OUTER_BOUND ( 'NONE', #1340, .T. ) ;
#100 = AXIS2_PLACEMENT_3D ( 'NONE', #2459, #2527, #1215 ) ;
#101 = ORIENTED_EDGE ( 'NONE', *, *, #1006, .F. ) ;
#102 = EDGE_CURVE ( 'NONE', #887, #2058, #530, .T. ) ;
#103 = DIRECTION ( 'NONE',  ( 1.000000000000000000, 0.000000000000000000, 0.000000000000000000 ) ) ;
#104 = LINE ( 'NONE', #331, #913 ) ;
#105 = CARTESIAN_POINT ( 'NONE',  ( 1090.972523324353915, -1113.805262667903662, 628.0000000000001137 ) ) ;
#106 = VERTEX_POINT ( 'NONE', #727 ) ;
#107 = VECTOR ( 'NONE', #2612, 1000.000000000000000 ) ;
#108 = ORIENTED_EDGE ( 'NONE', *, *, #1943, .F. ) ;
#109 = CARTESIAN_POINT ( 'NONE',  ( -623.1567381882844074, -1113.805262667904117, 625.0000000000001137 ) ) ;
#110 = FACE_OUTER_BOUND ( 'NONE', #2589, .T. ) ;
#111 = ADVANCED_FACE ( 'NONE', ( #1796 ), #2772, .T. ) ;
#112 = FACE_OUTER_BOUND ( 'NONE', #3145, .T. ) ;
#113 = EDGE_LOOP ( 'NONE', ( #556, #2974, #2818, #2167 ) ) ;
#114 = CARTESIAN_POINT ( 'NONE',  ( -309.8999999999996362, -1160.805262667903662, 625.0000000000001137 ) ) ;
#115 = DIRECTION ( 'NONE',  ( -1.000000000000000000, 0.000000000000000000, 0.000000000000000000 ) ) ;
#116 = ADVANCED_FACE ( 'NONE', ( #2253, #2740, #290, #1020, #2289, #2483, #2722, #1239, #502, #2004, #1520, #3002, #2108 ), #852, .F. ) ;
#117 = CARTESIAN_POINT ( 'NONE',  ( 623.1567381882844074, -1149.805262667904117, 628.0000000000001137 ) ) ;
#118 = VECTOR ( 'NONE', #3071, 1000.000000000000000 ) ;
#119 = CARTESIAN_POINT ( 'NONE',  ( -313.0999999999996248, -1108.805262667903889, 628.0000000000001137 ) ) ;
#120 = EDGE_CURVE ( 'NONE', #2298, #1705, #95, .T. ) ;
#121 = EDGE_CURVE ( 'NONE', #36, #2404, #373, .T. ) ;
#122 = EDGE_LOOP ( 'NONE', ( #932, #1, #2347, #44, #3113, #2195 ) ) ;
#123 = ORIENTED_EDGE ( 'NONE', *, *, #1209, .F. ) ;
#124 = VECTOR ( 'NONE', #1828, 1000.000000000000000 ) ;
#125 = AXIS2_PLACEMENT_3D ( 'NONE', #190, #2432, #445 ) ;
#126 = VECTOR ( 'NONE', #2022, 1000.000000000000000 ) ;
#127 = ORIENTED_EDGE ( 'NONE', *, *, #505, .F. ) ;
#128 = ORIENTED_EDGE ( 'NONE', *, *, #2653, .T. ) ;
#129 = DIRECTION ( 'NONE',  ( 1.000000000000000000, 0.000000000000000000, -0.000000000000000000 ) ) ;
#130 = VECTOR ( 'NONE', #1195, 1000.000000000000000 ) ;
#131 = FACE_OUTER_BOUND ( 'NONE', #2822, .T. ) ;
#132 = DIRECTION ( 'NONE',  ( -0.000000000000000000, 0.000000000000000000, 1.000000000000000000 ) ) ;
#133 = AXIS2_PLACEMENT_3D ( 'NONE', #2288, #2790, #1291 ) ;
#134 = ORIENTED_EDGE ( 'NONE', *, *, #2335, .F. ) ;
#135 = DIRECTION ( 'NONE',  ( 0.000000000000000000, -1.000000000000000000, 0.000000000000000000 ) ) ;
#136 = EDGE_CURVE ( 'NONE', #1473, #525, #2859, .T. ) ;
#137 = CARTESIAN_POINT ( 'NONE',  ( 1003.999999999998636, -1113.305262667903662, 628.0000000000000000 ) ) ;
#138 = CARTESIAN_POINT ( 'NONE',  ( -313.0999999999996248, -1108.805262667903889, 628.0000000000001137 ) ) ;
#139 = LINE ( 'NONE', #351, #963 ) ;
#140 = ORIENTED_EDGE ( 'NONE', *, *, #2129, .T. ) ;
#141 = ORIENTED_EDGE ( 'NONE', *, *, #1766, .F. ) ;
#142 = ADVANCED_FACE ( 'NONE', ( #359 ), #304, .F. ) ;
#143 = ORIENTED_EDGE ( 'NONE', *, *, #257, .F. ) ;
#144 = ORIENTED_EDGE ( 'NONE', *, *, #1816, .F. ) ;
#145 = CARTESIAN_POINT ( 'NONE',  ( 981.4999999999996589, -1099.805262667904117, 628.0000000000001137 ) ) ;
#146 = CARTESIAN_POINT ( 'NONE',  ( -519.9000000000004320, -1093.805262667904117, 625.0000000000001137 ) ) ;
#147 = FACE_OUTER_BOUND ( 'NONE', #645, .T. ) ;
#148 = ORIENTED_EDGE ( 'NONE', *, *, #2332, .T. ) ;
#149 = LINE ( 'NONE', #407, #1310 ) ;
#150 = LINE ( 'NONE', #137, #433 ) ;
#151 = EDGE_CURVE ( 'NONE', #2058, #887, #739, .T. ) ;
#152 = UNCERTAINTY_MEASURE_WITH_UNIT (LENGTH_MEASURE( 1.000000000000000082E-05 ), #2735, 'distance_accuracy_value', 'NONE');
#153 = CARTESIAN_POINT ( 'NONE',  ( -628.1567381882845211, -1149.805262667904117, 625.0000000000001137 ) ) ;
#154 = CARTESIAN_POINT ( 'NONE',  ( 1090.972523324353915, -1107.805262667903889, 625.0000000000001137 ) ) ;
#155 = EDGE_CURVE ( 'NONE', #1470, #1536, #1102, .T. ) ;
#156 = ORIENTED_EDGE ( 'NONE', *, *, #1521, .T. ) ;
#157 = ORIENTED_EDGE ( 'NONE', *, *, #1748, .F. ) ;
#158 = ADVANCED_FACE ( 'NONE', ( #2337 ), #63, .F. ) ;
#159 = ORIENTED_EDGE ( 'NONE', *, *, #354, .F. ) ;
#160 = CARTESIAN_POINT ( 'NONE',  ( -519.9000000000004320, -1093.805262667904117, 628.0000000000001137 ) ) ;
#161 = LINE ( 'NONE', #2600, #1123 ) ;
#162 = AXIS2_PLACEMENT_3D ( 'NONE', #724, #2287, #45 ) ;
#163 = DIRECTION ( 'NONE',  ( -0.000000000000000000, -1.000000000000000000, 0.000000000000000000 ) ) ;
#164 = ORIENTED_EDGE ( 'NONE', *, *, #937, .F. ) ;
#165 = CARTESIAN_POINT ( 'NONE',  ( 1090.972523324353915, -1145.305262667904344, 625.0000000000001137 ) ) ;
#166 = CARTESIAN_POINT ( 'NONE',  ( -309.8999999999996362, -1108.805262667903889, 628.0000000000001137 ) ) ;
#167 = CARTESIAN_POINT ( 'NONE',  ( -996.0000000000006821, -1118.305262667903435, 628.0000000000000000 ) ) ;
#168 = DIRECTION ( 'NONE',  ( -1.000000000000000000, 0.000000000000000000, -0.000000000000000000 ) ) ;
#169 = ORIENTED_EDGE ( 'NONE', *, *, #2213, .T. ) ;
#170 = EDGE_CURVE ( 'NONE', #1722, #1214, #620, .T. ) ;
#171 = CIRCLE ( 'NONE', #3038, 1.000000000000000888 ) ;
#172 = DIRECTION ( 'NONE',  ( 0.000000000000000000, 0.000000000000000000, 1.000000000000000000 ) ) ;
#173 = ORIENTED_EDGE ( 'NONE', *, *, #2824, .F. ) ;
#174 = AXIS2_PLACEMENT_3D ( 'NONE', #2782, #2061, #2297 ) ;
#175 = ORIENTED_EDGE ( 'NONE', *, *, #3109, .F. ) ;
#176 = CARTESIAN_POINT ( 'NONE',  ( 309.8999999999996362, -1108.805262667903889, 625.0000000000001137 ) ) ;
#177 = AXIS2_PLACEMENT_3D ( 'NONE', #153, #2381, #1660 ) ;
#178 = CARTESIAN_POINT ( 'NONE',  ( 999.9999999999996589, -1093.805262667904117, 625.0000000000001137 ) ) ;
#179 = ORIENTED_EDGE ( 'NONE', *, *, #1799, .F. ) ;
#180 = DIRECTION ( 'NONE',  ( 0.000000000000000000, 0.000000000000000000, 1.000000000000000000 ) ) ;
#181 = DIRECTION ( 'NONE',  ( 0.000000000000000000, 1.000000000000000000, 0.000000000000000000 ) ) ;
#182 = VECTOR ( 'NONE', #1599, 1000.000000000000000 ) ;
#183 = EDGE_CURVE ( 'NONE', #2333, #3162, #833, .T. ) ;
#184 = CARTESIAN_POINT ( 'NONE',  ( 998.9999999999996589, -1145.305262667904344, 628.0000000000000000 ) ) ;
#185 = ORIENTED_EDGE ( 'NONE', *, *, #1827, .T. ) ;
#186 = ORIENTED_EDGE ( 'NONE', *, *, #3116, .F. ) ;
#187 = ADVANCED_FACE ( 'NONE', ( #3120 ), #1118, .T. ) ;
#188 = VERTEX_POINT ( 'NONE', #1089 ) ;
#189 = CARTESIAN_POINT ( 'NONE',  ( -981.4999999999995453, -1163.805262667904117, 631.0000000000001137 ) ) ;
#190 = CARTESIAN_POINT ( 'NONE',  ( 989.9999999999995453, -1099.805262667904117, 628.0000000000001137 ) ) ;
#191 = ORIENTED_EDGE ( 'NONE', *, *, #1506, .T. ) ;
#192 = CARTESIAN_POINT ( 'NONE',  ( 996.0000000000003411, -1118.305262667903435, 628.0000000000001137 ) ) ;
#193 = CARTESIAN_POINT ( 'NONE',  ( 523.1000000000004775, -1093.805262667904117, 628.0000000000001137 ) ) ;
#194 = EDGE_LOOP ( 'NONE', ( #2437, #2596, #578, #2654 ) ) ;
#195 = EDGE_CURVE ( 'NONE', #1536, #496, #2843, .T. ) ;
#196 = DIRECTION ( 'NONE',  ( -0.000000000000000000, 0.000000000000000000, 1.000000000000000000 ) ) ;
#197 = EDGE_CURVE ( 'NONE', #442, #1285, #1328, .T. ) ;
#198 = ORIENTED_EDGE ( 'NONE', *, *, #1050, .F. ) ;
#199 = DIRECTION ( 'NONE',  ( -1.000000000000000000, 0.000000000000000000, -0.000000000000000000 ) ) ;
#200 = ORIENTED_EDGE ( 'NONE', *, *, #2557, .T. ) ;
#201 = ORIENTED_EDGE ( 'NONE', *, *, #1809, .T. ) ;
#202 = AXIS2_PLACEMENT_3D ( 'NONE', #2153, #2136, #2644 ) ;
#203 = CARTESIAN_POINT ( 'NONE',  ( 1090.972523324353915, -1169.805262667904117, 631.0000000000001137 ) ) ;
#204 = CARTESIAN_POINT ( 'NONE',  ( 998.9999999999996589, -1149.305262667904344, 628.0000000000000000 ) ) ;
#205 = VERTEX_POINT ( 'NONE', #1606 ) ;
#206 = DIRECTION ( 'NONE',  ( -0.000000000000000000, 0.000000000000000000, 1.000000000000000000 ) ) ;
#207 = EDGE_CURVE ( 'NONE', #676, #2184, #82, .T. ) ;
#208 = PLANE ( 'NONE',  #2841 ) ;
#209 = CARTESIAN_POINT ( 'NONE',  ( -976.4999999999996589, -1166.805262667904117, 675.0000000000002274 ) ) ;
#210 = EDGE_LOOP ( 'NONE', ( #478, #1817, #859, #387 ) ) ;
#211 = CARTESIAN_POINT ( 'NONE',  ( -519.9000000000004320, -1155.805262667904344, 625.0000000000001137 ) ) ;
#212 = ORIENTED_EDGE ( 'NONE', *, *, #1543, .F. ) ;
#213 = VERTEX_POINT ( 'NONE', #2601 ) ;
#214 = CARTESIAN_POINT ( 'NONE',  ( -981.4999999999995453, -1166.805262667904117, 625.0000000000001137 ) ) ;
#215 = FACE_OUTER_BOUND ( 'NONE', #3154, .T. ) ;
#216 = PLANE ( 'NONE',  #1475 ) ;
#217 = VECTOR ( 'NONE', #2535, 1000.000000000000000 ) ;
#218 = EDGE_LOOP ( 'NONE', ( #1251, #3130, #668, #2509 ) ) ;
#219 = CARTESIAN_POINT ( 'NONE',  ( -989.9999999999995453, -1099.805262667904117, 628.0000000000001137 ) ) ;
#220 = VECTOR ( 'NONE', #1062, 1000.000000000000000 ) ;
#221 = CARTESIAN_POINT ( 'NONE',  ( 998.9999999999996589, -1118.305262667903435, 625.0000000000001137 ) ) ;
#222 = AXIS2_PLACEMENT_3D ( 'NONE', #349, #37, #310 ) ;
#223 = ADVANCED_FACE ( 'NONE', ( #112 ), #1865, .T. ) ;
#224 = DIRECTION ( 'NONE',  ( -0.000000000000000000, 0.000000000000000000, 1.000000000000000000 ) ) ;
#225 = AXIS2_PLACEMENT_3D ( 'NONE', #1728, #975, #1206 ) ;
#226 = CARTESIAN_POINT ( 'NONE',  ( -523.1000000000003638, -1093.805262667904117, 628.0000000000001137 ) ) ;
#227 = VECTOR ( 'NONE', #1703, 1000.000000000000000 ) ;
#228 = ORIENTED_EDGE ( 'NONE', *, *, #2134, .T. ) ;
#229 = CARTESIAN_POINT ( 'NONE',  ( 999.9999999999996589, -1114.305262667903435, 625.0000000000001137 ) ) ;
#230 = ORIENTED_EDGE ( 'NONE', *, *, #1228, .F. ) ;
#231 = VERTEX_POINT ( 'NONE', #2374 ) ;
#232 = EDGE_CURVE ( 'NONE', #2531, #2777, #1135, .T. ) ;
#233 =( NAMED_UNIT ( * ) PLANE_ANGLE_UNIT ( ) SI_UNIT ( $, .RADIAN. ) );
#234 = CARTESIAN_POINT ( 'NONE',  ( -313.0999999999995111, -1160.805262667903662, 625.0000000000001137 ) ) ;
#235 = CARTESIAN_POINT ( 'NONE',  ( 1003.999999999998636, -1113.305262667903662, 628.0000000000000000 ) ) ;
#236 = ORIENTED_EDGE ( 'NONE', *, *, #3135, .T. ) ;
#237 = EDGE_CURVE ( 'NONE', #704, #1232, #1876, .T. ) ;
#238 = DIRECTION ( 'NONE',  ( 1.000000000000000000, 0.000000000000000000, 0.000000000000000000 ) ) ;
#239 = CARTESIAN_POINT ( 'NONE',  ( 1090.972523324353915, -1149.805262667904344, 628.0000000000001137 ) ) ;
#240 = CARTESIAN_POINT ( 'NONE',  ( -523.1000000000004775, -1149.805262667904344, 628.0000000000001137 ) ) ;
#241 = LINE ( 'NONE', #2484, #642 ) ;
#242 = LINE ( 'NONE', #226, #21 ) ;
#243 = ORIENTED_EDGE ( 'NONE', *, *, #2989, .T. ) ;
#244 = ADVANCED_FACE ( 'NONE', ( #2932 ), #2631, .F. ) ;
#245 = DIRECTION ( 'NONE',  ( -1.000000000000000000, -0.000000000000000000, -0.000000000000000000 ) ) ;
#246 = ORIENTED_EDGE ( 'NONE', *, *, #1271, .F. ) ;
#247 = VERTEX_POINT ( 'NONE', #1892 ) ;
#248 = DIRECTION ( 'NONE',  ( 0.000000000000000000, 1.000000000000000000, -0.000000000000000000 ) ) ;
#249 = DIRECTION ( 'NONE',  ( -1.000000000000000000, 0.000000000000000000, 0.000000000000000000 ) ) ;
#250 = ADVANCED_FACE ( 'NONE', ( #147 ), #2172, .T. ) ;
#251 = VECTOR ( 'NONE', #2431, 1000.000000000000000 ) ;
#252 = EDGE_LOOP ( 'NONE', ( #793, #2625, #345, #1953 ) ) ;
#253 = DIRECTION ( 'NONE',  ( 0.000000000000000000, -1.000000000000000000, 0.000000000000000000 ) ) ;
#254 = DIRECTION ( 'NONE',  ( -1.000000000000000000, 0.000000000000000000, -0.000000000000000000 ) ) ;
#255 = EDGE_CURVE ( 'NONE', #1665, #1008, #934, .T. ) ;
#256 = CARTESIAN_POINT ( 'NONE',  ( -313.0999999999996248, -1102.805262667903889, 628.0000000000001137 ) ) ;
#257 = EDGE_CURVE ( 'NONE', #1492, #2043, #3191, .T. ) ;
#258 = VECTOR ( 'NONE', #2302, 1000.000000000000000 ) ;
#259 = CARTESIAN_POINT ( 'NONE',  ( 519.9000000000004320, -1149.805262667904344, 628.0000000000001137 ) ) ;
#260 = CARTESIAN_POINT ( 'NONE',  ( -996.0000000000006821, -1108.305262667903662, 628.0000000000001137 ) ) ;
#261 = CC_DESIGN_APPROVAL ( #1009, ( #3175 ) ) ;
#262 = ORIENTED_EDGE ( 'NONE', *, *, #1042, .T. ) ;
#263 = CARTESIAN_POINT ( 'NONE',  ( -981.4999999999995453, -1163.805262667904117, 631.0000000000001137 ) ) ;
#264 = ORIENTED_EDGE ( 'NONE', *, *, #1006, .T. ) ;
#265 = ORIENTED_EDGE ( 'NONE', *, *, #102, .F. ) ;
#266 = PLANE ( 'NONE',  #1508 ) ;
#267 = CARTESIAN_POINT ( 'NONE',  ( 313.0999999999996248, -1154.805262667903889, 628.0000000000001137 ) ) ;
#268 = EDGE_LOOP ( 'NONE', ( #1265, #1786 ) ) ;
#269 = CARTESIAN_POINT ( 'NONE',  ( 1090.972523324353915, -1113.805262667903662, 625.0000000000001137 ) ) ;
#270 = AXIS2_PLACEMENT_3D ( 'NONE', #3104, #320, #1847 ) ;
#271 = DIRECTION ( 'NONE',  ( 1.000000000000000000, 0.000000000000000000, 0.000000000000000000 ) ) ;
#272 = DIRECTION ( 'NONE',  ( -1.000000000000000000, 0.000000000000000000, -0.000000000000000000 ) ) ;
#273 = AXIS2_PLACEMENT_3D ( 'NONE', #2639, #2131, #2346 ) ;
#274 = CARTESIAN_POINT ( 'NONE',  ( 996.0000000000006821, -1108.305262667903662, 628.0000000000001137 ) ) ;
#275 = EDGE_CURVE ( 'NONE', #3085, #1343, #2888, .T. ) ;
#276 = CARTESIAN_POINT ( 'NONE',  ( -523.1000000000003638, -1093.805262667904117, 628.0000000000001137 ) ) ;
#277 = VECTOR ( 'NONE', #2499, 1000.000000000000000 ) ;
#278 = ORIENTED_EDGE ( 'NONE', *, *, #821, .F. ) ;
#279 = EDGE_CURVE ( 'NONE', #811, #68, #2183, .T. ) ;
#280 = AXIS2_PLACEMENT_3D ( 'NONE', #2605, #3158, #2892 ) ;
#281 = CARTESIAN_POINT ( 'NONE',  ( -998.9999999999996589, -1118.305262667903435, 628.0000000000000000 ) ) ;
#282 = VECTOR ( 'NONE', #32, 1000.000000000000000 ) ;
#283 = EDGE_LOOP ( 'NONE', ( #1293, #2980, #723, #127 ) ) ;
#284 = ORIENTED_EDGE ( 'NONE', *, *, #3117, .F. ) ;
#285 = PERSON_AND_ORGANIZATION_ROLE ( 'design_supplier' ) ;
#286 = CARTESIAN_POINT ( 'NONE',  ( 1090.972523324353915, -1102.805262667903889, 625.0000000000001137 ) ) ;
#287 = ORIENTED_EDGE ( 'NONE', *, *, #151, .F. ) ;
#288 = DIRECTION ( 'NONE',  ( -0.000000000000000000, 0.000000000000000000, 1.000000000000000000 ) ) ;
#289 = CARTESIAN_POINT ( 'NONE',  ( -999.9999999999996589, -1113.305262667903662, 628.0000000000000000 ) ) ;
#290 = FACE_BOUND ( 'NONE', #951, .T. ) ;
#291 = FACE_OUTER_BOUND ( 'NONE', #2264, .T. ) ;
#292 = FACE_OUTER_BOUND ( 'NONE', #2353, .T. ) ;
#293 = EDGE_CURVE ( 'NONE', #2075, #1136, #418, .T. ) ;
#294 = ORIENTED_EDGE ( 'NONE', *, *, #1543, .T. ) ;
#295 = PLANE ( 'NONE',  #222 ) ;
#296 = CARTESIAN_POINT ( 'NONE',  ( -981.4999999999995453, -1166.805262667904117, 631.0000000000001137 ) ) ;
#297 = CARTESIAN_POINT ( 'NONE',  ( -1003.999999999998636, -1150.305262667904117, 628.0000000000000000 ) ) ;
#298 = VERTEX_POINT ( 'NONE', #1919 ) ;
#299 = ORIENTED_EDGE ( 'NONE', *, *, #1181, .F. ) ;
#300 = APPLICATION_PROTOCOL_DEFINITION ( 'international standard', 'config_control_design', 1994, #1790 ) ;
#301 = EDGE_LOOP ( 'NONE', ( #1717, #3121, #317, #1261 ) ) ;
#302 = PLANE ( 'NONE',  #1978 ) ;
#303 = CARTESIAN_POINT ( 'NONE',  ( 998.9999999999996589, -1146.305262667904117, 628.0000000000000000 ) ) ;
#304 = CYLINDRICAL_SURFACE ( 'NONE', #1471, 5.000000000000115463 ) ;
#305 = DIRECTION ( 'NONE',  ( 1.000000000000000000, 0.000000000000000000, 0.000000000000000000 ) ) ;
#306 = EDGE_CURVE ( 'NONE', #2845, #599, #1638, .T. ) ;
#307 = DIRECTION ( 'NONE',  ( -0.000000000000000000, 0.000000000000000000, 1.000000000000000000 ) ) ;
#308 = VECTOR ( 'NONE', #1378, 1000.000000000000000 ) ;
#309 = VERTEX_POINT ( 'NONE', #662 ) ;
#310 = DIRECTION ( 'NONE',  ( 0.000000000000000000, -1.000000000000000000, 0.000000000000000000 ) ) ;
#311 = VECTOR ( 'NONE', #1954, 1000.000000000000000 ) ;
#312 = LINE ( 'NONE', #1353, #69 ) ;
#313 = FACE_OUTER_BOUND ( 'NONE', #2861, .T. ) ;
#314 = ORIENTED_EDGE ( 'NONE', *, *, #1280, .T. ) ;
#315 = ORIENTED_EDGE ( 'NONE', *, *, #2761, .T. ) ;
#316 = EDGE_CURVE ( 'NONE', #3100, #2178, #1933, .T. ) ;
#317 = ORIENTED_EDGE ( 'NONE', *, *, #2307, .T. ) ;
#318 = DIRECTION ( 'NONE',  ( 1.000000000000000000, -0.000000000000000000, 0.000000000000000000 ) ) ;
#319 = CARTESIAN_POINT ( 'NONE',  ( 1090.972523324353915, -1149.805262667904344, 628.0000000000001137 ) ) ;
#320 = DIRECTION ( 'NONE',  ( 0.000000000000000000, -1.000000000000000000, 0.000000000000000000 ) ) ;
#321 = ORIENTED_EDGE ( 'NONE', *, *, #481, .F. ) ;
#322 = PLANE ( 'NONE',  #1936 ) ;
#323 = VECTOR ( 'NONE', #2321, 1000.000000000000000 ) ;
#324 = DIRECTION ( 'NONE',  ( 1.000000000000000000, 0.000000000000000000, 0.000000000000000000 ) ) ;
#325 = ADVANCED_FACE ( 'NONE', ( #690 ), #1696, .F. ) ;
#326 = VECTOR ( 'NONE', #1758, 1000.000000000000000 ) ;
#327 = ORIENTED_EDGE ( 'NONE', *, *, #1631, .T. ) ;
#328 = VECTOR ( 'NONE', #3003, 1000.000000000000000 ) ;
#329 = VECTOR ( 'NONE', #2295, 1000.000000000000000 ) ;
#330 = DIRECTION ( 'NONE',  ( 0.000000000000000000, 1.000000000000000000, -0.000000000000000000 ) ) ;
#331 = CARTESIAN_POINT ( 'NONE',  ( 1090.972523324353915, -1155.805262667904344, 628.0000000000001137 ) ) ;
#332 = LINE ( 'NONE', #559, #2315 ) ;
#333 = ORIENTED_EDGE ( 'NONE', *, *, #377, .F. ) ;
#334 = CIRCLE ( 'NONE', #1901, 6.000000000000005329 ) ;
#335 = ORIENTED_EDGE ( 'NONE', *, *, #121, .T. ) ;
#336 = PERSON_AND_ORGANIZATION ( #2931, #842 ) ;
#337 = AXIS2_PLACEMENT_3D ( 'NONE', #1922, #2721, #1467 ) ;
#338 = ORIENTED_EDGE ( 'NONE', *, *, #1981, .F. ) ;
#339 = EDGE_CURVE ( 'NONE', #2243, #1205, #1942, .T. ) ;
#340 = EDGE_LOOP ( 'NONE', ( #605, #2015, #3006, #1142 ) ) ;
#341 = CARTESIAN_POINT ( 'NONE',  ( 1090.972523324353915, -1099.805262667904117, 625.0000000000001137 ) ) ;
#342 = PLANE ( 'NONE',  #1695 ) ;
#343 = CARTESIAN_POINT ( 'NONE',  ( 313.0999999999996248, -1154.805262667903889, 628.0000000000001137 ) ) ;
#344 = ADVANCED_FACE ( 'NONE', ( #706 ), #1409, .T. ) ;
#345 = ORIENTED_EDGE ( 'NONE', *, *, #397, .T. ) ;
#346 = CARTESIAN_POINT ( 'NONE',  ( 519.9000000000004320, -1107.805262667903889, 628.0000000000001137 ) ) ;
#347 = PLANE ( 'NONE',  #1743 ) ;
#348 = EDGE_LOOP ( 'NONE', ( #2769, #2849, #1319, #423 ) ) ;
#349 = CARTESIAN_POINT ( 'NONE',  ( -313.0999999999996248, -1154.805262667903889, 628.0000000000001137 ) ) ;
#350 = LINE ( 'NONE', #611, #3150 ) ;
#351 = CARTESIAN_POINT ( 'NONE',  ( 313.0999999999996248, -1102.805262667903889, 628.0000000000001137 ) ) ;
#352 = ORIENTED_EDGE ( 'NONE', *, *, #1163, .T. ) ;
#353 = COORDINATED_UNIVERSAL_TIME_OFFSET ( 10, 0, .AHEAD. ) ;
#354 = EDGE_CURVE ( 'NONE', #1905, #1231, #1687, .T. ) ;
#355 = VERTEX_POINT ( 'NONE', #405 ) ;
#356 = FACE_OUTER_BOUND ( 'NONE', #122, .T. ) ;
#357 = EDGE_CURVE ( 'NONE', #1214, #2330, #1667, .T. ) ;
#358 = CARTESIAN_POINT ( 'NONE',  ( -523.1000000000003638, -1149.805262667904344, 625.0000000000001137 ) ) ;
#359 = FACE_OUTER_BOUND ( 'NONE', #2385, .T. ) ;
#360 = EDGE_LOOP ( 'NONE', ( #2975, #1188, #2958, #1031 ) ) ;
#361 = CARTESIAN_POINT ( 'NONE',  ( 313.0999999999996248, -1160.805262667903662, 628.0000000000001137 ) ) ;
#362 = EDGE_CURVE ( 'NONE', #1030, #1362, #922, .T. ) ;
#363 = PLANE ( 'NONE',  #2588 ) ;
#364 = LINE ( 'NONE', #2828, #329 ) ;
#365 = LINE ( 'NONE', #2364, #3041 ) ;
#366 = ORIENTED_EDGE ( 'NONE', *, *, #2720, .F. ) ;
#367 = ORIENTED_EDGE ( 'NONE', *, *, #1087, .T. ) ;
#368 = VECTOR ( 'NONE', #394, 1000.000000000000000 ) ;
#369 = EDGE_CURVE ( 'NONE', #670, #1948, #391, .T. ) ;
#370 = EDGE_LOOP ( 'NONE', ( #2737, #2838, #439, #961, #2038, #1623, #3115, #3089, #123, #2606, #2954, #608, #367, #2927, #1636, #540, #1097, #1726, #401, #774, #2375, #3129, #1949, #2866, #1185, #1489, #1115, #3173, #716, #2301, #1681, #1429, #57, #1632, #1000, #1202 ) ) ;
#371 = PLANE ( 'NONE',  #1461 ) ;
#372 = CARTESIAN_POINT ( 'NONE',  ( 313.0999999999996248, -1108.805262667903889, 628.0000000000001137 ) ) ;
#373 = LINE ( 'NONE', #633, #1842 ) ;
#374 = ORIENTED_EDGE ( 'NONE', *, *, #1900, .F. ) ;
#375 = CARTESIAN_POINT ( 'NONE',  ( 1090.972523324353915, -1155.305262667904344, 628.0000000000001137 ) ) ;
#376 = CARTESIAN_POINT ( 'NONE',  ( 313.0999999999996248, -1154.805262667903889, 625.0000000000001137 ) ) ;
#377 = EDGE_CURVE ( 'NONE', #1103, #1742, #1213, .T. ) ;
#378 = CARTESIAN_POINT ( 'NONE',  ( 998.9999999999996589, -1113.305262667903662, 628.0000000000000000 ) ) ;
#379 = DIRECTION ( 'NONE',  ( 1.000000000000000000, 0.000000000000000000, 0.000000000000000000 ) ) ;
#380 = ORIENTED_EDGE ( 'NONE', *, *, #673, .F. ) ;
#381 = ADVANCED_FACE ( 'NONE', ( #788 ), #216, .T. ) ;
#382 = ORIENTED_EDGE ( 'NONE', *, *, #3116, .T. ) ;
#383 = CIRCLE ( 'NONE', #2115, 5.000000000000115463 ) ;
#384 = VECTOR ( 'NONE', #1839, 1000.000000000000000 ) ;
#385 = CARTESIAN_POINT ( 'NONE',  ( 1090.972523324353915, -1150.305262667904117, 625.0000000000001137 ) ) ;
#386 = AXIS2_PLACEMENT_3D ( 'NONE', #981, #1980, #2977 ) ;
#387 = ORIENTED_EDGE ( 'NONE', *, *, #3034, .F. ) ;
#388 = DIRECTION ( 'NONE',  ( -0.000000000000000000, 0.000000000000000000, 1.000000000000000000 ) ) ;
#389 = VECTOR ( 'NONE', #464, 1000.000000000000000 ) ;
#390 = CARTESIAN_POINT ( 'NONE',  ( 981.4999999999996589, -1163.805262667904117, 631.0000000000001137 ) ) ;
#391 = LINE ( 'NONE', #2390, #2886 ) ;
#392 = CIRCLE ( 'NONE', #437, 3.000000000000002665 ) ;
#393 = ORIENTED_EDGE ( 'NONE', *, *, #1254, .T. ) ;
#394 = DIRECTION ( 'NONE',  ( -0.000000000000000000, 0.000000000000000000, 1.000000000000000000 ) ) ;
#395 = DIRECTION ( 'NONE',  ( 1.000000000000000000, -0.000000000000000000, 0.000000000000000000 ) ) ;
#396 = LINE ( 'NONE', #422, #1592 ) ;
#397 = EDGE_CURVE ( 'NONE', #2428, #1387, #1096, .T. ) ;
#398 = FACE_OUTER_BOUND ( 'NONE', #1930, .T. ) ;
#399 = ORIENTED_EDGE ( 'NONE', *, *, #1631, .F. ) ;
#400 = CYLINDRICAL_SURFACE ( 'NONE', #1430, 6.000000000000005329 ) ;
#401 = ORIENTED_EDGE ( 'NONE', *, *, #6, .T. ) ;
#402 = ORIENTED_EDGE ( 'NONE', *, *, #207, .T. ) ;
#403 = DIRECTION ( 'NONE',  ( 0.000000000000000000, 1.000000000000000000, -0.000000000000000000 ) ) ;
#404 = DIRECTION ( 'NONE',  ( -1.000000000000000000, 0.000000000000000000, -0.000000000000000000 ) ) ;
#405 = CARTESIAN_POINT ( 'NONE',  ( -633.1567381882846348, -1149.805262667904117, 625.0000000000001137 ) ) ;
#406 = ORIENTED_EDGE ( 'NONE', *, *, #18, .T. ) ;
#407 = CARTESIAN_POINT ( 'NONE',  ( 309.8999999999996362, -1102.805262667903889, 628.0000000000001137 ) ) ;
#408 = FACE_BOUND ( 'NONE', #2881, .T. ) ;
#409 = EDGE_CURVE ( 'NONE', #1885, #1893, #332, .T. ) ;
#410 = CARTESIAN_POINT ( 'NONE',  ( -989.9999999999995453, -1163.805262667904117, 625.0000000000001137 ) ) ;
#411 = DIRECTION ( 'NONE',  ( -1.000000000000000000, 0.000000000000000000, 0.000000000000000000 ) ) ;
#412 = AXIS2_PLACEMENT_3D ( 'NONE', #27, #1755, #1532 ) ;
#413 = ORIENTED_EDGE ( 'NONE', *, *, #279, .F. ) ;
#414 = ORIENTED_EDGE ( 'NONE', *, *, #306, .F. ) ;
#415 = ORIENTED_EDGE ( 'NONE', *, *, #1773, .T. ) ;
#416 = ADVANCED_FACE ( 'NONE', ( #313 ), #3223, .T. ) ;
#417 = LINE ( 'NONE', #1652, #2187 ) ;
#418 = LINE ( 'NONE', #178, #1208 ) ;
#419 = ORIENTED_EDGE ( 'NONE', *, *, #3049, .T. ) ;
#420 = LINE ( 'NONE', #434, #368 ) ;
#421 = PLANE ( 'NONE',  #280 ) ;
#422 = CARTESIAN_POINT ( 'NONE',  ( -309.8999999999996362, -1102.805262667903889, 628.0000000000001137 ) ) ;
#423 = ORIENTED_EDGE ( 'NONE', *, *, #1734, .F. ) ;
#424 = VECTOR ( 'NONE', #2088, 1000.000000000000000 ) ;
#425 = ORIENTED_EDGE ( 'NONE', *, *, #2562, .F. ) ;
#426 = VECTOR ( 'NONE', #411, 1000.000000000000000 ) ;
#427 = EDGE_LOOP ( 'NONE', ( #1915, #2312, #866, #1296 ) ) ;
#428 = CARTESIAN_POINT ( 'NONE',  ( 519.9000000000004320, -1113.805262667903662, 628.0000000000001137 ) ) ;
#429 = AXIS2_PLACEMENT_3D ( 'NONE', #2363, #2924, #1923 ) ;
#430 = DIRECTION ( 'NONE',  ( 0.000000000000000000, 0.000000000000000000, 1.000000000000000000 ) ) ;
#431 = ADVANCED_FACE ( 'NONE', ( #2216 ), #1234, .F. ) ;
#432 = ORIENTED_EDGE ( 'NONE', *, *, #397, .F. ) ;
#433 = VECTOR ( 'NONE', #1153, 1000.000000000000000 ) ;
#434 = CARTESIAN_POINT ( 'NONE',  ( -999.9999999999996589, -1146.305262667904117, 628.0000000000000000 ) ) ;
#435 = DIRECTION ( 'NONE',  ( 0.000000000000000000, 1.000000000000000000, 0.000000000000000000 ) ) ;
#436 = ADVANCED_FACE ( 'NONE', ( #1479 ), #2479, .F. ) ;
#437 = AXIS2_PLACEMENT_3D ( 'NONE', #2124, #2336, #3119 ) ;
#438 = CARTESIAN_POINT ( 'NONE',  ( 999.9999999999996589, -1146.305262667904117, 625.0000000000001137 ) ) ;
#439 = ORIENTED_EDGE ( 'NONE', *, *, #2878, .F. ) ;
#440 = PLANE ( 'NONE',  #1125 ) ;
#441 = ORIENTED_EDGE ( 'NONE', *, *, #1146, .T. ) ;
#442 = VERTEX_POINT ( 'NONE', #56 ) ;
#443 = ADVANCED_FACE ( 'NONE', ( #3044 ), #544, .T. ) ;
#444 = CARTESIAN_POINT ( 'NONE',  ( -519.9000000000004320, -1093.805262667904117, 625.0000000000001137 ) ) ;
#445 = DIRECTION ( 'NONE',  ( 1.000000000000000000, 0.000000000000000000, 0.000000000000000000 ) ) ;
#446 = ORIENTED_EDGE ( 'NONE', *, *, #2203, .T. ) ;
#447 = CARTESIAN_POINT ( 'NONE',  ( -989.9999999999995453, -1155.305262667904344, 628.0000000000001137 ) ) ;
#448 = ADVANCED_FACE ( 'NONE', ( #1317 ), #2233, .T. ) ;
#449 = DIRECTION ( 'NONE',  ( -0.000000000000000000, 0.000000000000000000, 1.000000000000000000 ) ) ;
#450 = EDGE_CURVE ( 'NONE', #2021, #670, #1063, .T. ) ;
#451 = ADVANCED_FACE ( 'NONE', ( #1708 ), #1564, .F. ) ;
#452 = LINE ( 'NONE', #2724, #277 ) ;
#453 = ORIENTED_EDGE ( 'NONE', *, *, #43, .F. ) ;
#454 = PRODUCT_RELATED_PRODUCT_CATEGORY ( 'detail', '', ( #2386 ) ) ;
#455 = CARTESIAN_POINT ( 'NONE',  ( 1090.972523324353915, -1108.305262667903662, 628.0000000000001137 ) ) ;
#456 = VERTEX_POINT ( 'NONE', #1721 ) ;
#457 = ORIENTED_EDGE ( 'NONE', *, *, #1914, .T. ) ;
#458 = CARTESIAN_POINT ( 'NONE',  ( 628.1567381882845211, -1113.805262667904117, 628.0000000000001137 ) ) ;
#459 = LINE ( 'NONE', #2715, #2159 ) ;
#460 = CARTESIAN_POINT ( 'NONE',  ( 999.9999999999996589, -1113.305262667903662, 628.0000000000000000 ) ) ;
#461 = ORIENTED_EDGE ( 'NONE', *, *, #98, .F. ) ;
#462 = CARTESIAN_POINT ( 'NONE',  ( 628.1567381882845211, -1149.805262667904117, 628.0000000000001137 ) ) ;
#463 = VECTOR ( 'NONE', #3181, 1000.000000000000000 ) ;
#464 = DIRECTION ( 'NONE',  ( 0.000000000000000000, 1.000000000000000000, 0.000000000000000000 ) ) ;
#465 = PLANE ( 'NONE',  #225 ) ;
#466 = ADVANCED_FACE ( 'NONE', ( #1219 ), #3062, .T. ) ;
#467 = ORIENTED_EDGE ( 'NONE', *, *, #2073, .F. ) ;
#468 = MANIFOLD_SOLID_BREP ( 'Convert-Solid1', #2417 ) ;
#469 = CARTESIAN_POINT ( 'NONE',  ( 313.0999999999996248, -1108.805262667903889, 628.0000000000001137 ) ) ;
#470 = EDGE_CURVE ( 'NONE', #658, #1550, #824, .T. ) ;
#471 = ORIENTED_EDGE ( 'NONE', *, *, #1932, .T. ) ;
#472 = ORIENTED_EDGE ( 'NONE', *, *, #918, .T. ) ;
#473 = AXIS2_PLACEMENT_3D ( 'NONE', #3036, #801, #2222 ) ;
#474 = CARTESIAN_POINT ( 'NONE',  ( 0.000000000000000000, 0.000000000000000000, 0.000000000000000000 ) ) ;
#475 = DIRECTION ( 'NONE',  ( -1.000000000000000000, -0.000000000000000000, -0.000000000000000000 ) ) ;
#476 = DIRECTION ( 'NONE',  ( 1.000000000000000000, -0.000000000000000000, 0.000000000000000000 ) ) ;
#477 = VECTOR ( 'NONE', #2821, 1000.000000000000000 ) ;
#478 = ORIENTED_EDGE ( 'NONE', *, *, #2731, .F. ) ;
#479 = CARTESIAN_POINT ( 'NONE',  ( 1090.972523324353915, -1108.805262667903889, 625.0000000000001137 ) ) ;
#480 = CIRCLE ( 'NONE', #1591, 1.000000000000000888 ) ;
#481 = EDGE_CURVE ( 'NONE', #1314, #60, #2311, .T. ) ;
#482 = VECTOR ( 'NONE', #2947, 1000.000000000000000 ) ;
#483 = FACE_OUTER_BOUND ( 'NONE', #1938, .T. ) ;
#484 = DIRECTION ( 'NONE',  ( -0.000000000000000000, 0.000000000000000000, 1.000000000000000000 ) ) ;
#485 = CIRCLE ( 'NONE', #1383, 1.000000000000000888 ) ;
#486 = ORIENTED_EDGE ( 'NONE', *, *, #838, .T. ) ;
#487 = DIRECTION ( 'NONE',  ( 0.000000000000000000, 1.000000000000000000, 0.000000000000000000 ) ) ;
#488 = EDGE_CURVE ( 'NONE', #2747, #1885, #1820, .T. ) ;
#489 = CIRCLE ( 'NONE', #337, 5.000000000000115463 ) ;
#490 = DIRECTION ( 'NONE',  ( 0.000000000000000000, -1.000000000000000000, 0.000000000000000000 ) ) ;
#491 = ORIENTED_EDGE ( 'NONE', *, *, #1853, .T. ) ;
#492 = EDGE_CURVE ( 'NONE', #1103, #3051, #2329, .T. ) ;
#493 = LINE ( 'NONE', #1262, #2050 ) ;
#494 = DIRECTION ( 'NONE',  ( -0.000000000000000000, 0.000000000000000000, 1.000000000000000000 ) ) ;
#495 = ORIENTED_EDGE ( 'NONE', *, *, #2190, .F. ) ;
#496 = VERTEX_POINT ( 'NONE', #2461 ) ;
#497 = DIRECTION ( 'NONE',  ( 0.000000000000000000, 0.000000000000000000, 1.000000000000000000 ) ) ;
#498 = CARTESIAN_POINT ( 'NONE',  ( -981.4999999999995453, -1169.805262667904117, 631.0000000000001137 ) ) ;
#499 = EDGE_LOOP ( 'NONE', ( #495, #441, #1179, #26 ) ) ;
#500 = FACE_OUTER_BOUND ( 'NONE', #3077, .T. ) ;
#501 = LINE ( 'NONE', #710, #2054 ) ;
#502 = FACE_BOUND ( 'NONE', #1698, .T. ) ;
#503 = CARTESIAN_POINT ( 'NONE',  ( 999.9999999999996589, -1145.305262667904344, 628.0000000000000000 ) ) ;
#504 = CARTESIAN_POINT ( 'NONE',  ( -999.9999999999996589, -1149.305262667904344, 628.0000000000000000 ) ) ;
#505 = EDGE_CURVE ( 'NONE', #2777, #2928, #1155, .T. ) ;
#506 = ORIENTED_EDGE ( 'NONE', *, *, #120, .F. ) ;
#507 = CARTESIAN_POINT ( 'NONE',  ( -633.1567381882846348, -1113.805262667904117, 628.0000000000001137 ) ) ;
#508 = ORIENTED_EDGE ( 'NONE', *, *, #1661, .F. ) ;
#509 = EDGE_LOOP ( 'NONE', ( #1342, #1305, #2358, #652 ) ) ;
#510 = FACE_OUTER_BOUND ( 'NONE', #499, .T. ) ;
#511 = CARTESIAN_POINT ( 'NONE',  ( 981.4999999999996589, -1099.805262667904117, 625.0000000000001137 ) ) ;
#512 = VECTOR ( 'NONE', #2946, 1000.000000000000000 ) ;
#513 = ORIENTED_EDGE ( 'NONE', *, *, #2993, .T. ) ;
#514 = CARTESIAN_POINT ( 'NONE',  ( 313.0999999999996248, -1108.805262667903889, 625.0000000000001137 ) ) ;
#515 = CARTESIAN_POINT ( 'NONE',  ( 1090.972523324353915, -1166.805262667904117, 675.0000000000002274 ) ) ;
#516 = CARTESIAN_POINT ( 'NONE',  ( -1003.999999999998636, -1118.305262667903435, 628.0000000000000000 ) ) ;
#517 = ORIENTED_EDGE ( 'NONE', *, *, #3167, .F. ) ;
#518 = AXIS2_PLACEMENT_3D ( 'NONE', #93, #318, #1358 ) ;
#519 = LINE ( 'NONE', #751, #2152 ) ;
#520 = DIRECTION ( 'NONE',  ( 1.000000000000000000, 0.000000000000000000, 0.000000000000000000 ) ) ;
#521 = LOCAL_TIME ( 16, 45, 38.00000000000000000, #2597 ) ;
#522 = ORIENTED_EDGE ( 'NONE', *, *, #2002, .T. ) ;
#523 = CARTESIAN_POINT ( 'NONE',  ( -309.8999999999996362, -1108.805262667903889, 628.0000000000001137 ) ) ;
#524 = ORIENTED_EDGE ( 'NONE', *, *, #2281, .T. ) ;
#525 = VERTEX_POINT ( 'NONE', #2396 ) ;
#526 = CARTESIAN_POINT ( 'NONE',  ( -523.1000000000004775, -1149.805262667904344, 628.0000000000001137 ) ) ;
#527 = PLANE ( 'NONE',  #3151 ) ;
#528 = ORIENTED_EDGE ( 'NONE', *, *, #2299, .T. ) ;
#529 = DIRECTION ( 'NONE',  ( -0.000000000000000000, 0.000000000000000000, 1.000000000000000000 ) ) ;
#530 = CIRCLE ( 'NONE', #959, 5.000000000000115463 ) ;
#531 = EDGE_CURVE ( 'NONE', #1492, #1207, #656, .T. ) ;
#532 = LINE ( 'NONE', #289, #1544 ) ;
#533 = DIRECTION ( 'NONE',  ( -1.000000000000000000, 0.000000000000000000, 0.000000000000000000 ) ) ;
#534 = VERTEX_POINT ( 'NONE', #2146 ) ;
#535 = VECTOR ( 'NONE', #2730, 1000.000000000000000 ) ;
#536 = VECTOR ( 'NONE', #2595, 1000.000000000000000 ) ;
#537 = FACE_OUTER_BOUND ( 'NONE', #1396, .T. ) ;
#538 = EDGE_CURVE ( 'NONE', #2243, #713, #1385, .T. ) ;
#539 = FACE_OUTER_BOUND ( 'NONE', #1053, .T. ) ;
#540 = ORIENTED_EDGE ( 'NONE', *, *, #2530, .T. ) ;
#541 = VECTOR ( 'NONE', #753, 1000.000000000000000 ) ;
#542 = CARTESIAN_POINT ( 'NONE',  ( 989.9999999999995453, -1163.805262667904117, 628.0000000000001137 ) ) ;
#543 = LINE ( 'NONE', #2041, #1474 ) ;
#544 = PLANE ( 'NONE',  #1124 ) ;
#545 = VECTOR ( 'NONE', #831, 1000.000000000000000 ) ;
#546 = ORIENTED_EDGE ( 'NONE', *, *, #2316, .T. ) ;
#547 = ORIENTED_EDGE ( 'NONE', *, *, #1466, .F. ) ;
#548 = EDGE_CURVE ( 'NONE', #188, #1526, #1169, .T. ) ;
#549 = ORIENTED_EDGE ( 'NONE', *, *, #1927, .F. ) ;
#550 = CARTESIAN_POINT ( 'NONE',  ( 996.0000000000003411, -1093.805262667904117, 628.0000000000001137 ) ) ;
#551 = CARTESIAN_POINT ( 'NONE',  ( 523.1000000000004775, -1093.805262667904117, 628.0000000000001137 ) ) ;
#552 = CARTESIAN_POINT ( 'NONE',  ( -976.4999999999996589, -1166.805262667904117, 670.0000000000002274 ) ) ;
#553 = CARTESIAN_POINT ( 'NONE',  ( -519.9000000000004320, -1113.805262667903662, 628.0000000000001137 ) ) ;
#554 = CARTESIAN_POINT ( 'NONE',  ( 998.9999999999996589, -1118.305262667903435, 628.0000000000000000 ) ) ;
#555 = EDGE_CURVE ( 'NONE', #298, #2021, #139, .T. ) ;
#556 = ORIENTED_EDGE ( 'NONE', *, *, #2456, .F. ) ;
#557 = FACE_OUTER_BOUND ( 'NONE', #210, .T. ) ;
#558 = DIRECTION ( 'NONE',  ( -1.000000000000000000, -0.000000000000000000, -0.000000000000000000 ) ) ;
#559 = CARTESIAN_POINT ( 'NONE',  ( 1090.972523324353915, -1113.805262667903662, 628.0000000000001137 ) ) ;
#560 = VERTEX_POINT ( 'NONE', #1662 ) ;
#561 = EDGE_LOOP ( 'NONE', ( #1442, #1434, #2710, #1170 ) ) ;
#562 = CALENDAR_DATE ( 2026, 11, 7 ) ;
#563 = ORIENTED_EDGE ( 'NONE', *, *, #279, .T. ) ;
#564 = PLANE ( 'NONE',  #518 ) ;
#565 = CARTESIAN_POINT ( 'NONE',  ( 1090.972523324353915, -1150.305262667904117, 625.0000000000001137 ) ) ;
#566 = DIRECTION ( 'NONE',  ( -0.000000000000000000, 0.000000000000000000, 1.000000000000000000 ) ) ;
#567 = LINE ( 'NONE', #3122, #2142 ) ;
#568 = DIRECTION ( 'NONE',  ( -1.000000000000000000, 0.000000000000000000, 0.000000000000000000 ) ) ;
#569 = LINE ( 'NONE', #12, #584 ) ;
#570 = LINE ( 'NONE', #861, #1172 ) ;
#571 = AXIS2_PLACEMENT_3D ( 'NONE', #2584, #3086, #2599 ) ;
#572 = LINE ( 'NONE', #73, #1072 ) ;
#573 = ADVANCED_FACE ( 'NONE', ( #2896 ), #2651, .F. ) ;
#574 = DIRECTION ( 'NONE',  ( 0.000000000000000000, 1.000000000000000000, 0.000000000000000000 ) ) ;
#575 = ORIENTED_EDGE ( 'NONE', *, *, #2640, .F. ) ;
#576 = ORIENTED_EDGE ( 'NONE', *, *, #2148, .F. ) ;
#577 = MECHANICAL_CONTEXT ( 'NONE', #1790, 'mechanical' ) ;
#578 = ORIENTED_EDGE ( 'NONE', *, *, #2139, .T. ) ;
#579 = CARTESIAN_POINT ( 'NONE',  ( -981.4999999999995453, -1099.805262667904117, 631.0000000000001137 ) ) ;
#580 = FACE_OUTER_BOUND ( 'NONE', #2854, .T. ) ;
#581 = DIRECTION ( 'NONE',  ( 0.000000000000000000, -1.000000000000000000, 0.000000000000000000 ) ) ;
#582 = ORIENTED_EDGE ( 'NONE', *, *, #237, .F. ) ;
#583 = FACE_OUTER_BOUND ( 'NONE', #1351, .T. ) ;
#584 = VECTOR ( 'NONE', #2221, 1000.000000000000000 ) ;
#585 = DIRECTION ( 'NONE',  ( 0.000000000000000000, 1.000000000000000000, 0.000000000000000000 ) ) ;
#586 = VECTOR ( 'NONE', #1463, 1000.000000000000000 ) ;
#587 = ADVANCED_FACE ( 'NONE', ( #1870 ), #1354, .T. ) ;
#588 = ORIENTED_EDGE ( 'NONE', *, *, #1620, .T. ) ;
#589 = CIRCLE ( 'NONE', #2728, 5.000000000000004441 ) ;
#590 = PLANE ( 'NONE',  #1643 ) ;
#591 = CARTESIAN_POINT ( 'NONE',  ( 998.9999999999996589, -1150.305262667904117, 628.0000000000000000 ) ) ;
#592 = FACE_OUTER_BOUND ( 'NONE', #509, .T. ) ;
#593 = ORIENTED_EDGE ( 'NONE', *, *, #1320, .T. ) ;
#594 = AXIS2_PLACEMENT_3D ( 'NONE', #1295, #1524, #2037 ) ;
#595 = EDGE_LOOP ( 'NONE', ( #3014, #156, #3219, #3214 ) ) ;
#596 = EDGE_CURVE ( 'NONE', #2666, #1873, #1128, .T. ) ;
#597 = PERSON_AND_ORGANIZATION_ROLE ( 'classification_officer' ) ;
#598 = VECTOR ( 'NONE', #1812, 1000.000000000000000 ) ;
#599 = VERTEX_POINT ( 'NONE', #1141 ) ;
#600 = ADVANCED_FACE ( 'NONE', ( #1903 ), #911, .T. ) ;
#601 = EDGE_CURVE ( 'NONE', #3127, #1526, #3126, .T. ) ;
#602 = DIRECTION ( 'NONE',  ( -0.000000000000000000, -1.000000000000000000, 0.000000000000000000 ) ) ;
#603 = CARTESIAN_POINT ( 'NONE',  ( -981.4999999999995453, -1099.805262667904117, 631.0000000000001137 ) ) ;
#604 = CARTESIAN_POINT ( 'NONE',  ( 1090.972523324353915, -1093.805262667904117, 625.0000000000001137 ) ) ;
#605 = ORIENTED_EDGE ( 'NONE', *, *, #2929, .F. ) ;
#606 = DIRECTION ( 'NONE',  ( -0.000000000000000000, 0.000000000000000000, 1.000000000000000000 ) ) ;
#607 = DIRECTION ( 'NONE',  ( 0.000000000000000000, 1.000000000000000000, 0.000000000000000000 ) ) ;
#608 = ORIENTED_EDGE ( 'NONE', *, *, #275, .T. ) ;
#609 = FACE_OUTER_BOUND ( 'NONE', #2609, .T. ) ;
#610 = ADVANCED_FACE ( 'NONE', ( #398 ), #892, .F. ) ;
#611 = CARTESIAN_POINT ( 'NONE',  ( -313.0999999999996248, -1154.805262667903889, 628.0000000000001137 ) ) ;
#612 = DIRECTION ( 'NONE',  ( 1.000000000000000000, 0.000000000000000000, -0.000000000000000000 ) ) ;
#613 = VERTEX_POINT ( 'NONE', #2411 ) ;
#614 = ORIENTED_EDGE ( 'NONE', *, *, #1986, .T. ) ;
#615 = APPROVAL_STATUS ( 'not_yet_approved' ) ;
#616 = DIRECTION ( 'NONE',  ( 0.000000000000000000, 1.000000000000000000, 0.000000000000000000 ) ) ;
#617 = ORIENTED_EDGE ( 'NONE', *, *, #1313, .T. ) ;
#618 = LINE ( 'NONE', #341, #107 ) ;
#619 = DIRECTION ( 'NONE',  ( -0.000000000000000000, 0.000000000000000000, 1.000000000000000000 ) ) ;
#620 = LINE ( 'NONE', #1813, #118 ) ;
#621 = ADVANCED_FACE ( 'NONE', ( #1400 ), #2621, .T. ) ;
#622 = ORIENTED_EDGE ( 'NONE', *, *, #2382, .F. ) ;
#623 = CARTESIAN_POINT ( 'NONE',  ( 628.1567381882845211, -1113.805262667904117, 628.0000000000001137 ) ) ;
#624 = FACE_BOUND ( 'NONE', #58, .T. ) ;
#625 = EDGE_CURVE ( 'NONE', #1473, #2333, #365, .T. ) ;
#626 = CARTESIAN_POINT ( 'NONE',  ( 309.8999999999996362, -1160.805262667903662, 628.0000000000001137 ) ) ;
#627 = DIRECTION ( 'NONE',  ( 0.000000000000000000, -1.000000000000000000, 0.000000000000000000 ) ) ;
#628 = EDGE_LOOP ( 'NONE', ( #1156, #984, #3210, #2869 ) ) ;
#629 = AXIS2_PLACEMENT_3D ( 'NONE', #2420, #1165, #2905 ) ;
#630 = ORIENTED_EDGE ( 'NONE', *, *, #237, .T. ) ;
#631 = LINE ( 'NONE', #145, #2241 ) ;
#632 = PLANE ( 'NONE',  #2214 ) ;
#633 = CARTESIAN_POINT ( 'NONE',  ( 981.4999999999996589, -1096.805262667903889, 670.0000000000002274 ) ) ;
#634 = ORIENTED_EDGE ( 'NONE', *, *, #2492, .F. ) ;
#635 = CARTESIAN_POINT ( 'NONE',  ( 628.1567381882845211, -1149.805262667904117, 628.0000000000001137 ) ) ;
#636 = EDGE_CURVE ( 'NONE', #2666, #68, #2165, .T. ) ;
#637 = FACE_BOUND ( 'NONE', #628, .T. ) ;
#638 = DIRECTION ( 'NONE',  ( -1.000000000000000000, 0.000000000000000000, 0.000000000000000000 ) ) ;
#639 = CIRCLE ( 'NONE', #1323, 8.499999999999729994 ) ;
#640 = CARTESIAN_POINT ( 'NONE',  ( -1003.999999999998636, -1113.305262667903662, 628.0000000000000000 ) ) ;
#641 = ORIENTED_EDGE ( 'NONE', *, *, #1443, .F. ) ;
#642 = VECTOR ( 'NONE', #3018, 1000.000000000000000 ) ;
#643 = VECTOR ( 'NONE', #612, 1000.000000000000000 ) ;
#644 = AXIS2_PLACEMENT_3D ( 'NONE', #1824, #616, #2579 ) ;
#645 = EDGE_LOOP ( 'NONE', ( #380, #1704, #2803, #2100 ) ) ;
#646 = VERTEX_POINT ( 'NONE', #2831 ) ;
#647 = DIRECTION ( 'NONE',  ( 0.000000000000000000, -1.000000000000000000, 0.000000000000000000 ) ) ;
#648 = VECTOR ( 'NONE', #435, 1000.000000000000000 ) ;
#649 = LINE ( 'NONE', #146, #227 ) ;
#650 = ADVANCED_FACE ( 'NONE', ( #592 ), #1600, .F. ) ;
#651 = DIRECTION ( 'NONE',  ( -0.000000000000000000, -1.000000000000000000, 0.000000000000000000 ) ) ;
#652 = ORIENTED_EDGE ( 'NONE', *, *, #1244, .T. ) ;
#653 = CARTESIAN_POINT ( 'NONE',  ( 1090.972523324353915, -1108.305262667903662, 628.0000000000001137 ) ) ;
#654 = CARTESIAN_POINT ( 'NONE',  ( -998.9999999999996589, -1113.305262667903662, 628.0000000000000000 ) ) ;
#655 = CARTESIAN_POINT ( 'NONE',  ( 313.0999999999996248, -1093.805262667904117, 625.0000000000001137 ) ) ;
#656 = LINE ( 'NONE', #640, #1845 ) ;
#657 = ADVANCED_FACE ( 'NONE', ( #879 ), #1269, .T. ) ;
#658 = VERTEX_POINT ( 'NONE', #2998 ) ;
#659 = ORIENTED_EDGE ( 'NONE', *, *, #686, .T. ) ;
#660 = ORIENTED_EDGE ( 'NONE', *, *, #1313, .F. ) ;
#661 = LINE ( 'NONE', #428, #2915 ) ;
#662 = CARTESIAN_POINT ( 'NONE',  ( -309.8999999999996362, -1102.805262667903889, 625.0000000000001137 ) ) ;
#663 = VERTEX_POINT ( 'NONE', #2267 ) ;
#664 = DIRECTION ( 'NONE',  ( -1.000000000000000000, -0.000000000000000000, -0.000000000000000000 ) ) ;
#665 = CARTESIAN_POINT ( 'NONE',  ( 1090.972523324353915, -1096.805262667903889, 675.0000000000002274 ) ) ;
#666 = LINE ( 'NONE', #655, #2319 ) ;
#667 = VECTOR ( 'NONE', #2960, 1000.000000000000000 ) ;
#668 = ORIENTED_EDGE ( 'NONE', *, *, #940, .T. ) ;
#669 = ADVANCED_FACE ( 'NONE', ( #1740 ), #3028, .F. ) ;
#670 = VERTEX_POINT ( 'NONE', #2767 ) ;
#671 = VECTOR ( 'NONE', #2510, 1000.000000000000000 ) ;
#672 = DIRECTION ( 'NONE',  ( 1.000000000000000000, 0.000000000000000000, 0.000000000000000000 ) ) ;
#673 = EDGE_CURVE ( 'NONE', #3068, #670, #2750, .T. ) ;
#674 = PRODUCT_DEFINITION_FORMATION_WITH_SPECIFIED_SOURCE ( 'ANY', '', #2386, .NOT_KNOWN. ) ;
#675 = DIRECTION ( 'NONE',  ( 0.000000000000000000, -1.000000000000000000, 0.000000000000000000 ) ) ;
#676 = VERTEX_POINT ( 'NONE', #267 ) ;
#677 = CARTESIAN_POINT ( 'NONE',  ( -990.0000000000006821, -1108.305262667903662, 625.0000000000001137 ) ) ;
#678 = CARTESIAN_POINT ( 'NONE',  ( 309.8999999999996362, -1102.805262667903889, 628.0000000000001137 ) ) ;
#679 = VERTEX_POINT ( 'NONE', #2215 ) ;
#680 = LINE ( 'NONE', #1628, #1334 ) ;
#681 = EDGE_CURVE ( 'NONE', #1742, #3100, #2961, .T. ) ;
#682 = ORIENTED_EDGE ( 'NONE', *, *, #2248, .T. ) ;
#683 = VERTEX_POINT ( 'NONE', #511 ) ;
#684 = AXIS2_PLACEMENT_3D ( 'NONE', #3087, #851, #2697 ) ;
#685 = AXIS2_PLACEMENT_3D ( 'NONE', #3222, #2460, #998 ) ;
#686 = EDGE_CURVE ( 'NONE', #2816, #700, #28, .T. ) ;
#687 = VERTEX_POINT ( 'NONE', #3013 ) ;
#688 = DIRECTION ( 'NONE',  ( -0.000000000000000000, 0.000000000000000000, 1.000000000000000000 ) ) ;
#689 = AXIS2_PLACEMENT_3D ( 'NONE', #1431, #2899, #1690 ) ;
#690 = FACE_OUTER_BOUND ( 'NONE', #1288, .T. ) ;
#691 = EDGE_CURVE ( 'NONE', #687, #1785, #1495, .T. ) ;
#692 = ORIENTED_EDGE ( 'NONE', *, *, #1244, .F. ) ;
#693 = CIRCLE ( 'NONE', #2893, 5.000000000000004441 ) ;
#694 = LINE ( 'NONE', #1699, #2661 ) ;
#695 = CARTESIAN_POINT ( 'NONE',  ( -998.9999999999996589, -1114.305262667903435, 628.0000000000000000 ) ) ;
#696 = AXIS2_PLACEMENT_3D ( 'NONE', #455, #1359, #1117 ) ;
#697 = APPROVAL ( #3048, 'UNSPECIFIED' ) ;
#698 = EDGE_LOOP ( 'NONE', ( #810, #946, #2519, #1920 ) ) ;
#699 = LINE ( 'NONE', #504, #970 ) ;
#700 = VERTEX_POINT ( 'NONE', #1250 ) ;
#701 = ADVANCED_FACE ( 'NONE', ( #2232 ), #527, .F. ) ;
#702 = CARTESIAN_POINT ( 'NONE',  ( -519.9000000000004320, -1107.805262667903889, 628.0000000000001137 ) ) ;
#703 = VERTEX_POINT ( 'NONE', #498 ) ;
#704 = VERTEX_POINT ( 'NONE', #772 ) ;
#705 = LINE ( 'NONE', #2477, #667 ) ;
#706 = FACE_OUTER_BOUND ( 'NONE', #2290, .T. ) ;
#707 = ORIENTED_EDGE ( 'NONE', *, *, #1466, .T. ) ;
#708 = FACE_OUTER_BOUND ( 'NONE', #1611, .T. ) ;
#709 = EDGE_CURVE ( 'NONE', #2910, #2883, #1771, .T. ) ;
#710 = CARTESIAN_POINT ( 'NONE',  ( -1003.999999999998636, -1150.305262667904117, 628.0000000000000000 ) ) ;
#711 = EDGE_CURVE ( 'NONE', #560, #3205, #1737, .T. ) ;
#712 = CARTESIAN_POINT ( 'NONE',  ( 996.0000000000003411, -1150.305262667904117, 628.0000000000001137 ) ) ;
#713 = VERTEX_POINT ( 'NONE', #720 ) ;
#714 = DIRECTION ( 'NONE',  ( 0.000000000000000000, 1.000000000000000000, -0.000000000000000000 ) ) ;
#715 = LINE ( 'NONE', #1044, #1534 ) ;
#716 = ORIENTED_EDGE ( 'NONE', *, *, #72, .F. ) ;
#717 = EDGE_LOOP ( 'NONE', ( #1568, #1389, #2963, #1041 ) ) ;
#718 = CC_DESIGN_APPROVAL ( #697, ( #1926 ) ) ;
#719 = CARTESIAN_POINT ( 'NONE',  ( 996.0000000000003411, -1118.305262667903435, 628.0000000000001137 ) ) ;
#720 = CARTESIAN_POINT ( 'NONE',  ( 981.4999999999996589, -1166.805262667903889, 631.0000000000001137 ) ) ;
#721 = DIRECTION ( 'NONE',  ( 0.000000000000000000, 1.000000000000000000, 0.000000000000000000 ) ) ;
#722 = EDGE_CURVE ( 'NONE', #309, #704, #1720, .T. ) ;
#723 = ORIENTED_EDGE ( 'NONE', *, *, #2785, .T. ) ;
#724 = CARTESIAN_POINT ( 'NONE',  ( 1090.972523324353915, -1155.305262667904344, 628.0000000000001137 ) ) ;
#725 = VECTOR ( 'NONE', #2752, 1000.000000000000000 ) ;
#726 = LINE ( 'NONE', #2495, #648 ) ;
#727 = CARTESIAN_POINT ( 'NONE',  ( 519.9000000000004320, -1113.805262667903662, 625.0000000000001137 ) ) ;
#728 = VERTEX_POINT ( 'NONE', #234 ) ;
#729 = EDGE_CURVE ( 'NONE', #3229, #1491, #459, .T. ) ;
#730 = DIRECTION ( 'NONE',  ( 0.000000000000000000, 0.000000000000000000, -1.000000000000000000 ) ) ;
#731 = CARTESIAN_POINT ( 'NONE',  ( -996.0000000000009095, -1108.305262667903662, 625.0000000000001137 ) ) ;
#732 = EDGE_CURVE ( 'NONE', #942, #2454, #1587, .T. ) ;
#733 = ORIENTED_EDGE ( 'NONE', *, *, #492, .F. ) ;
#734 = DIRECTION ( 'NONE',  ( 0.000000000000000000, -1.000000000000000000, 0.000000000000000000 ) ) ;
#735 = LINE ( 'NONE', #1733, #182 ) ;
#736 = VECTOR ( 'NONE', #854, 1000.000000000000000 ) ;
#737 = ORIENTED_EDGE ( 'NONE', *, *, #136, .F. ) ;
#738 = EDGE_LOOP ( 'NONE', ( #2900, #1515, #3192, #770 ) ) ;
#739 = CIRCLE ( 'NONE', #1685, 5.000000000000115463 ) ;
#740 = FACE_OUTER_BOUND ( 'NONE', #1017, .T. ) ;
#741 = CARTESIAN_POINT ( 'NONE',  ( 309.8999999999996362, -1160.805262667903662, 628.0000000000001137 ) ) ;
#742 = AXIS2_PLACEMENT_3D ( 'NONE', #235, #574, #1784 ) ;
#743 = ORIENTED_EDGE ( 'NONE', *, *, #2989, .F. ) ;
#744 = DIRECTION ( 'NONE',  ( 1.000000000000000000, 0.000000000000000000, 0.000000000000000000 ) ) ;
#745 = VECTOR ( 'NONE', #1487, 1000.000000000000000 ) ;
#746 = CIRCLE ( 'NONE', #177, 5.000000000000115463 ) ;
#747 = EDGE_CURVE ( 'NONE', #2075, #1735, #792, .T. ) ;
#748 = DIRECTION ( 'NONE',  ( 1.000000000000000000, 0.000000000000000000, 0.000000000000000000 ) ) ;
#749 = CARTESIAN_POINT ( 'NONE',  ( -981.4999999999995453, -1096.805262667903889, 625.0000000000001137 ) ) ;
#750 = AXIS2_PLACEMENT_3D ( 'NONE', #665, #1365, #925 ) ;
#751 = CARTESIAN_POINT ( 'NONE',  ( -519.9000000000004320, -1155.805262667904344, 628.0000000000001137 ) ) ;
#752 = AXIS2_PLACEMENT_3D ( 'NONE', #2758, #1105, #819 ) ;
#753 = DIRECTION ( 'NONE',  ( -0.000000000000000000, 0.000000000000000000, 1.000000000000000000 ) ) ;
#754 = ORIENTED_EDGE ( 'NONE', *, *, #2394, .F. ) ;
#755 = DIRECTION ( 'NONE',  ( -1.000000000000000000, -0.000000000000000000, -0.000000000000000000 ) ) ;
#756 = EDGE_CURVE ( 'NONE', #1608, #1785, #2106, .T. ) ;
#757 = ORIENTED_EDGE ( 'NONE', *, *, #2224, .F. ) ;
#758 = ORIENTED_EDGE ( 'NONE', *, *, #3034, .T. ) ;
#759 = DIRECTION ( 'NONE',  ( 1.000000000000000000, 0.000000000000000000, 0.000000000000000000 ) ) ;
#760 = CARTESIAN_POINT ( 'NONE',  ( -309.8999999999996362, -1160.805262667903662, 628.0000000000001137 ) ) ;
#761 = ORIENTED_EDGE ( 'NONE', *, *, #636, .T. ) ;
#762 = CARTESIAN_POINT ( 'NONE',  ( 523.1000000000004775, -1155.805262667904344, 628.0000000000001137 ) ) ;
#763 = FACE_OUTER_BOUND ( 'NONE', #1445, .T. ) ;
#764 = DIRECTION ( 'NONE',  ( 0.000000000000000000, 0.000000000000000000, -1.000000000000000000 ) ) ;
#765 = LINE ( 'NONE', #1523, #745 ) ;
#766 = DIRECTION ( 'NONE',  ( 1.000000000000000000, 0.000000000000000000, 0.000000000000000000 ) ) ;
#767 = ORIENTED_EDGE ( 'NONE', *, *, #871, .T. ) ;
#768 = CARTESIAN_POINT ( 'NONE',  ( 999.9999999999996589, -1149.305262667904344, 628.0000000000000000 ) ) ;
#769 = ORIENTED_EDGE ( 'NONE', *, *, #3117, .T. ) ;
#770 = ORIENTED_EDGE ( 'NONE', *, *, #39, .F. ) ;
#771 = ADVANCED_FACE ( 'NONE', ( #215 ), #3207, .F. ) ;
#772 = CARTESIAN_POINT ( 'NONE',  ( -313.0999999999995111, -1102.805262667903889, 625.0000000000001137 ) ) ;
#773 = VECTOR ( 'NONE', #1666, 1000.000000000000000 ) ;
#774 = ORIENTED_EDGE ( 'NONE', *, *, #2748, .T. ) ;
#775 = EDGE_CURVE ( 'NONE', #213, #2317, #2546, .T. ) ;
#776 = CYLINDRICAL_SURFACE ( 'NONE', #2408, 5.000000000000004441 ) ;
#777 = DIRECTION ( 'NONE',  ( -0.000000000000000000, -0.000000000000000000, -1.000000000000000000 ) ) ;
#778 = VECTOR ( 'NONE', #3057, 1000.000000000000000 ) ;
#779 = DIRECTION ( 'NONE',  ( -1.000000000000000000, 0.000000000000000000, 0.000000000000000000 ) ) ;
#780 = VERTEX_POINT ( 'NONE', #2066 ) ;
#781 = CIRCLE ( 'NONE', #2031, 8.499999999999729994 ) ;
#782 = CARTESIAN_POINT ( 'NONE',  ( -523.1000000000005912, -1113.805262667903662, 625.0000000000001137 ) ) ;
#783 = CARTESIAN_POINT ( 'NONE',  ( 628.1567381882845211, -1113.805262667904117, 628.0000000000001137 ) ) ;
#784 = VERTEX_POINT ( 'NONE', #3065 ) ;
#785 = CARTESIAN_POINT ( 'NONE',  ( 523.1000000000004775, -1113.805262667903662, 625.0000000000001137 ) ) ;
#786 = ADVANCED_FACE ( 'NONE', ( #2351 ), #828, .F. ) ;
#787 = DIRECTION ( 'NONE',  ( -0.000000000000000000, -1.000000000000000000, -0.000000000000000000 ) ) ;
#788 = FACE_OUTER_BOUND ( 'NONE', #561, .T. ) ;
#789 = ORIENTED_EDGE ( 'NONE', *, *, #2269, .F. ) ;
#790 = ORIENTED_EDGE ( 'NONE', *, *, #896, .F. ) ;
#791 = CALENDAR_DATE ( 2026, 11, 7 ) ;
#792 = LINE ( 'NONE', #1462, #3098 ) ;
#793 = ORIENTED_EDGE ( 'NONE', *, *, #2203, .F. ) ;
#794 = DIRECTION ( 'NONE',  ( 0.000000000000000000, 1.000000000000000000, -0.000000000000000000 ) ) ;
#795 = VECTOR ( 'NONE', #3168, 1000.000000000000000 ) ;
#796 = CARTESIAN_POINT ( 'NONE',  ( 989.9999999999995453, -1155.305262667904344, 625.0000000000001137 ) ) ;
#797 = LINE ( 'NONE', #1777, #1895 ) ;
#798 = ORIENTED_EDGE ( 'NONE', *, *, #1418, .F. ) ;
#799 = VECTOR ( 'NONE', #2645, 1000.000000000000000 ) ;
#800 = AXIS2_PLACEMENT_3D ( 'NONE', #2198, #967, #1162 ) ;
#801 = DIRECTION ( 'NONE',  ( 1.000000000000000000, 0.000000000000000000, 0.000000000000000000 ) ) ;
#802 = CARTESIAN_POINT ( 'NONE',  ( -519.9000000000004320, -1149.805262667904344, 628.0000000000001137 ) ) ;
#803 = VECTOR ( 'NONE', #1856, 1000.000000000000000 ) ;
#804 = DIRECTION ( 'NONE',  ( 0.000000000000000000, -0.000000000000000000, -1.000000000000000000 ) ) ;
#805 = VECTOR ( 'NONE', #35, 1000.000000000000000 ) ;
#806 = DIRECTION ( 'NONE',  ( -1.000000000000000000, -0.000000000000000000, -0.000000000000000000 ) ) ;
#807 = CARTESIAN_POINT ( 'NONE',  ( -996.0000000000006821, -1118.305262667903435, 628.0000000000000000 ) ) ;
#808 = DIRECTION ( 'NONE',  ( -1.000000000000000000, 0.000000000000000000, -0.000000000000000000 ) ) ;
#809 = VECTOR ( 'NONE', #271, 1000.000000000000000 ) ;
#810 = ORIENTED_EDGE ( 'NONE', *, *, #83, .T. ) ;
#811 = VERTEX_POINT ( 'NONE', #1098 ) ;
#812 = EDGE_CURVE ( 'NONE', #1301, #2178, #1173, .T. ) ;
#813 = ORIENTED_EDGE ( 'NONE', *, *, #625, .F. ) ;
#814 = PLANE ( 'NONE',  #1718 ) ;
#815 = LINE ( 'NONE', #565, #1436 ) ;
#816 = DIRECTION ( 'NONE',  ( 0.000000000000000000, 1.000000000000000000, -0.000000000000000000 ) ) ;
#817 = DIRECTION ( 'NONE',  ( -0.000000000000000000, 0.000000000000000000, 1.000000000000000000 ) ) ;
#818 = ADVANCED_FACE ( 'NONE', ( #2168 ), #400, .T. ) ;
#819 = DIRECTION ( 'NONE',  ( 0.000000000000000000, 1.000000000000000000, -0.000000000000000000 ) ) ;
#820 = ORIENTED_EDGE ( 'NONE', *, *, #6, .F. ) ;
#821 = EDGE_CURVE ( 'NONE', #188, #728, #2427, .T. ) ;
#822 = CARTESIAN_POINT ( 'NONE',  ( 1090.972523324353915, -1099.805262667904117, 631.0000000000001137 ) ) ;
#823 = LINE ( 'NONE', #2310, #1330 ) ;
#824 = LINE ( 'NONE', #2574, #586 ) ;
#825 = ORIENTED_EDGE ( 'NONE', *, *, #2269, .T. ) ;
#826 = ORIENTED_EDGE ( 'NONE', *, *, #681, .F. ) ;
#827 = PERSON_AND_ORGANIZATION ( #2931, #842 ) ;
#828 = PLANE ( 'NONE',  #644 ) ;
#829 = ORIENTED_EDGE ( 'NONE', *, *, #1560, .T. ) ;
#830 = LINE ( 'NONE', #2819, #258 ) ;
#831 = DIRECTION ( 'NONE',  ( -0.000000000000000000, 1.000000000000000000, -0.000000000000000000 ) ) ;
#832 = EDGE_CURVE ( 'NONE', #3100, #41, #897, .T. ) ;
#833 = LINE ( 'NONE', #3056, #910 ) ;
#834 = CIRCLE ( 'NONE', #1361, 5.000000000000115463 ) ;
#835 = ORIENTED_EDGE ( 'NONE', *, *, #19, .F. ) ;
#836 = DIRECTION ( 'NONE',  ( -0.000000000000000000, 0.000000000000000000, 1.000000000000000000 ) ) ;
#837 = DIRECTION ( 'NONE',  ( 1.000000000000000000, 0.000000000000000000, -0.000000000000000000 ) ) ;
#838 = EDGE_CURVE ( 'NONE', #2282, #811, #2911, .T. ) ;
#839 = AXIS2_PLACEMENT_3D ( 'NONE', #1439, #1669, #2935 ) ;
#840 = ORIENTED_EDGE ( 'NONE', *, *, #2194, .T. ) ;
#841 = DIRECTION ( 'NONE',  ( -0.000000000000000000, 0.000000000000000000, 1.000000000000000000 ) ) ;
#842 = ORGANIZATION ( 'UNSPECIFIED', 'UNSPECIFIED', '' ) ;
#843 = LINE ( 'NONE', #1857, #1736 ) ;
#844 = CARTESIAN_POINT ( 'NONE',  ( -523.1000000000004775, -1107.805262667903889, 628.0000000000001137 ) ) ;
#845 = ADVANCED_FACE ( 'NONE', ( #3144 ), #915, .F. ) ;
#846 = ORIENTED_EDGE ( 'NONE', *, *, #1966, .T. ) ;
#847 = ORIENTED_EDGE ( 'NONE', *, *, #2352, .F. ) ;
#848 = DATE_TIME_ROLE ( 'classification_date' ) ;
#849 = ORIENTED_EDGE ( 'NONE', *, *, #1900, .T. ) ;
#850 = DIRECTION ( 'NONE',  ( -0.000000000000000000, 0.000000000000000000, 1.000000000000000000 ) ) ;
#851 = DIRECTION ( 'NONE',  ( 0.000000000000000000, -1.000000000000000000, 0.000000000000000000 ) ) ;
#852 = PLANE ( 'NONE',  #2204 ) ;
#853 = ORIENTED_EDGE ( 'NONE', *, *, #2456, .T. ) ;
#854 = DIRECTION ( 'NONE',  ( 1.000000000000000000, -0.000000000000000000, 0.000000000000000000 ) ) ;
#855 = EDGE_CURVE ( 'NONE', #1618, #1888, #2423, .T. ) ;
#856 = VECTOR ( 'NONE', #1070, 1000.000000000000000 ) ;
#857 = CARTESIAN_POINT ( 'NONE',  ( 1090.972523324353915, -1155.305262667904344, 628.0000000000001137 ) ) ;
#858 = VECTOR ( 'NONE', #2528, 1000.000000000000000 ) ;
#859 = ORIENTED_EDGE ( 'NONE', *, *, #2517, .T. ) ;
#860 = VECTOR ( 'NONE', #1140, 1000.000000000000000 ) ;
#861 = CARTESIAN_POINT ( 'NONE',  ( 1090.972523324353915, -1096.805262667903889, 675.0000000000002274 ) ) ;
#862 = DIRECTION ( 'NONE',  ( -0.000000000000000000, 0.000000000000000000, 1.000000000000000000 ) ) ;
#863 = CARTESIAN_POINT ( 'NONE',  ( -998.9999999999996589, -1117.305262667903662, 628.0000000000000000 ) ) ;
#864 = ORIENTED_EDGE ( 'NONE', *, *, #2978, .F. ) ;
#865 = AXIS2_PLACEMENT_3D ( 'NONE', #1040, #1815, #837 ) ;
#866 = ORIENTED_EDGE ( 'NONE', *, *, #2511, .T. ) ;
#867 = ADVANCED_FACE ( 'NONE', ( #3174 ), #440, .T. ) ;
#868 = VECTOR ( 'NONE', #3152, 1000.000000000000000 ) ;
#869 = EDGE_LOOP ( 'NONE', ( #1422, #191, #2181, #1663, #994, #2622 ) ) ;
#870 = FACE_OUTER_BOUND ( 'NONE', #1774, .T. ) ;
#871 = EDGE_CURVE ( 'NONE', #87, #3224, #2226, .T. ) ;
#872 = DIRECTION ( 'NONE',  ( 0.000000000000000000, 1.000000000000000000, 0.000000000000000000 ) ) ;
#873 = CARTESIAN_POINT ( 'NONE',  ( 1003.999999999998636, -1150.305262667904117, 628.0000000000000000 ) ) ;
#874 = ORIENTED_EDGE ( 'NONE', *, *, #1176, .T. ) ;
#875 = CARTESIAN_POINT ( 'NONE',  ( 519.9000000000004320, -1155.805262667904344, 625.0000000000001137 ) ) ;
#876 = PRODUCT_DEFINITION_SHAPE ( 'NONE', 'NONE',  #3175 ) ;
#877 = FACE_OUTER_BOUND ( 'NONE', #2643, .T. ) ;
#878 = CARTESIAN_POINT ( 'NONE',  ( 998.9999999999996589, -1149.305262667904344, 625.0000000000000000 ) ) ;
#879 = FACE_OUTER_BOUND ( 'NONE', #3059, .T. ) ;
#880 = ORIENTED_EDGE ( 'NONE', *, *, #1971, .F. ) ;
#881 = ADVANCED_FACE ( 'NONE', ( #2522 ), #2955, .T. ) ;
#882 = EDGE_LOOP ( 'NONE', ( #682, #3081, #2118, #236, #898, #1067 ) ) ;
#883 = DIRECTION ( 'NONE',  ( -0.000000000000000000, 0.000000000000000000, 1.000000000000000000 ) ) ;
#884 = CARTESIAN_POINT ( 'NONE',  ( -981.4999999999995453, -1163.805262667904117, 628.0000000000001137 ) ) ;
#885 = DIRECTION ( 'NONE',  ( -0.000000000000000000, 0.000000000000000000, 1.000000000000000000 ) ) ;
#886 = EDGE_CURVE ( 'NONE', #1893, #2419, #977, .T. ) ;
#887 = VERTEX_POINT ( 'NONE', #2501 ) ;
#888 = CARTESIAN_POINT ( 'NONE',  ( 1090.972523324353915, -1108.305262667903662, 628.0000000000001137 ) ) ;
#889 = CARTESIAN_POINT ( 'NONE',  ( -313.0999999999996248, -1154.805262667903889, 628.0000000000001137 ) ) ;
#890 = DIRECTION ( 'NONE',  ( 1.000000000000000000, 0.000000000000000000, 0.000000000000000000 ) ) ;
#891 = VECTOR ( 'NONE', #836, 1000.000000000000000 ) ;
#892 = CYLINDRICAL_SURFACE ( 'NONE', #1731, 5.000000000000115463 ) ;
#893 = ORIENTED_EDGE ( 'NONE', *, *, #2909, .F. ) ;
#894 = VERTEX_POINT ( 'NONE', #2472 ) ;
#895 = VECTOR ( 'NONE', #664, 1000.000000000000000 ) ;
#896 = EDGE_CURVE ( 'NONE', #2685, #2747, #493, .T. ) ;
#897 = LINE ( 'NONE', #2149, #2633 ) ;
#898 = ORIENTED_EDGE ( 'NONE', *, *, #2761, .F. ) ;
#899 = EDGE_LOOP ( 'NONE', ( #2539, #315, #2919, #2011 ) ) ;
#900 = DIRECTION ( 'NONE',  ( -0.000000000000000000, 0.000000000000000000, 1.000000000000000000 ) ) ;
#901 = DIRECTION ( 'NONE',  ( -0.000000000000000000, -1.000000000000000000, 0.000000000000000000 ) ) ;
#902 = DIRECTION ( 'NONE',  ( 0.000000000000000000, -0.000000000000000000, -1.000000000000000000 ) ) ;
#903 = ORIENTED_EDGE ( 'NONE', *, *, #2410, .F. ) ;
#904 = DIRECTION ( 'NONE',  ( 1.000000000000000000, 0.000000000000000000, 0.000000000000000000 ) ) ;
#905 = CIRCLE ( 'NONE', #1424, 5.000000000000115463 ) ;
#906 = ADVANCED_FACE ( 'NONE', ( #1027 ), #2279, .T. ) ;
#907 = CARTESIAN_POINT ( 'NONE',  ( 628.1567381882845211, -1149.805262667904117, 628.0000000000001137 ) ) ;
#908 = VECTOR ( 'NONE', #1850, 1000.000000000000000 ) ;
#909 = CARTESIAN_POINT ( 'NONE',  ( 981.4999999999996589, -1163.805262667904117, 631.0000000000001137 ) ) ;
#910 = VECTOR ( 'NONE', #816, 1000.000000000000000 ) ;
#911 = CYLINDRICAL_SURFACE ( 'NONE', #13, 1.000000000000000888 ) ;
#912 = ORIENTED_EDGE ( 'NONE', *, *, #2570, .F. ) ;
#913 = VECTOR ( 'NONE', #2541, 1000.000000000000000 ) ;
#914 = AXIS2_PLACEMENT_3D ( 'NONE', #760, #1217, #2491 ) ;
#915 = PLANE ( 'NONE',  #689 ) ;
#916 = VECTOR ( 'NONE', #1367, 1000.000000000000000 ) ;
#917 = ORIENTED_EDGE ( 'NONE', *, *, #1139, .F. ) ;
#918 = EDGE_CURVE ( 'NONE', #646, #1840, #3093, .T. ) ;
#919 = ORIENTED_EDGE ( 'NONE', *, *, #548, .T. ) ;
#920 = CARTESIAN_POINT ( 'NONE',  ( -523.1000000000005912, -1113.805262667903662, 628.0000000000001137 ) ) ;
#921 = VECTOR ( 'NONE', #2006, 1000.000000000000000 ) ;
#922 = LINE ( 'NONE', #2403, #1016 ) ;
#923 = EDGE_LOOP ( 'NONE', ( #1405, #840, #2217, #2611 ) ) ;
#924 = CARTESIAN_POINT ( 'NONE',  ( -981.4999999999995453, -1166.805262667904117, 625.0000000000001137 ) ) ;
#925 = DIRECTION ( 'NONE',  ( 1.000000000000000000, 0.000000000000000000, 0.000000000000000000 ) ) ;
#926 = EDGE_CURVE ( 'NONE', #2910, #1470, #2039, .T. ) ;
#927 = DIRECTION ( 'NONE',  ( -0.000000000000000000, -0.000000000000000000, -1.000000000000000000 ) ) ;
#928 = EDGE_CURVE ( 'NONE', #2428, #2048, #2572, .T. ) ;
#929 = ORIENTED_EDGE ( 'NONE', *, *, #293, .F. ) ;
#930 = DIRECTION ( 'NONE',  ( -0.000000000000000000, 0.000000000000000000, 1.000000000000000000 ) ) ;
#931 = ORIENTED_EDGE ( 'NONE', *, *, #722, .T. ) ;
#932 = ORIENTED_EDGE ( 'NONE', *, *, #1838, .T. ) ;
#933 = CARTESIAN_POINT ( 'NONE',  ( -628.1567381882845211, -1149.805262667904117, 628.0000000000001137 ) ) ;
#934 = LINE ( 'NONE', #1191, #1379 ) ;
#935 = ORIENTED_EDGE ( 'NONE', *, *, #1896, .F. ) ;
#936 = CARTESIAN_POINT ( 'NONE',  ( -313.0999999999996248, -1102.805262667903889, 628.0000000000001137 ) ) ;
#937 = EDGE_CURVE ( 'NONE', #41, #1285, #364, .T. ) ;
#938 = CARTESIAN_POINT ( 'NONE',  ( -998.9999999999996589, -1113.305262667903662, 628.0000000000000000 ) ) ;
#939 = DIRECTION ( 'NONE',  ( 0.000000000000000000, 0.000000000000000000, 1.000000000000000000 ) ) ;
#940 = EDGE_CURVE ( 'NONE', #2800, #2021, #2812, .T. ) ;
#941 = AXIS2_PLACEMENT_3D ( 'NONE', #1494, #1032, #3189 ) ;
#942 = VERTEX_POINT ( 'NONE', #2059 ) ;
#943 = CC_DESIGN_SECURITY_CLASSIFICATION ( #1926, ( #674 ) ) ;
#944 = ADVANCED_FACE ( 'NONE', ( #3078 ), #1109, .T. ) ;
#945 = VERTEX_POINT ( 'NONE', #785 ) ;
#946 = ORIENTED_EDGE ( 'NONE', *, *, #2292, .T. ) ;
#947 = VECTOR ( 'NONE', #1177, 1000.000000000000000 ) ;
#948 = LINE ( 'NONE', #1393, #3182 ) ;
#949 = APPROVAL_PERSON_ORGANIZATION ( #336, #697, #2284 ) ;
#950 = CARTESIAN_POINT ( 'NONE',  ( -976.4999999999996589, -1096.805262667903889, 670.0000000000002274 ) ) ;
#951 = EDGE_LOOP ( 'NONE', ( #1248, #1999 ) ) ;
#952 = DIRECTION ( 'NONE',  ( 0.000000000000000000, 0.000000000000000000, 1.000000000000000000 ) ) ;
#953 = CARTESIAN_POINT ( 'NONE',  ( -523.1000000000005912, -1093.805262667904117, 625.0000000000001137 ) ) ;
#954 = EDGE_CURVE ( 'NONE', #60, #2845, #570, .T. ) ;
#955 = ADVANCED_BREP_SHAPE_REPRESENTATION ( 'CV03-TR-20_REV_B_cfa9f21584bf4b87ac64d07e7533cffa.tmp', ( #468, #1832 ), #2610 ) ;
#956 = PLANE ( 'NONE',  #1129 ) ;
#957 = CIRCLE ( 'NONE', #2979, 8.499999999999729994 ) ;
#958 = ORIENTED_EDGE ( 'NONE', *, *, #450, .F. ) ;
#959 = AXIS2_PLACEMENT_3D ( 'NONE', #2035, #2966, #1746 ) ;
#960 = CARTESIAN_POINT ( 'NONE',  ( 309.8999999999996362, -1102.805262667903889, 628.0000000000001137 ) ) ;
#961 = ORIENTED_EDGE ( 'NONE', *, *, #531, .F. ) ;
#962 = CIRCLE ( 'NONE', #1789, 6.000000000000005329 ) ;
#963 = VECTOR ( 'NONE', #627, 1000.000000000000000 ) ;
#964 = EDGE_LOOP ( 'NONE', ( #2027, #1650 ) ) ;
#965 = EDGE_CURVE ( 'NONE', #1888, #2571, #1547, .T. ) ;
#966 = VECTOR ( 'NONE', #1399, 1000.000000000000000 ) ;
#967 = DIRECTION ( 'NONE',  ( -0.000000000000000000, -0.000000000000000000, -1.000000000000000000 ) ) ;
#968 = ORIENTED_EDGE ( 'NONE', *, *, #1506, .F. ) ;
#969 = ADVANCED_FACE ( 'NONE', ( #609 ), #295, .F. ) ;
#970 = VECTOR ( 'NONE', #1503, 1000.000000000000000 ) ;
#971 = CARTESIAN_POINT ( 'NONE',  ( 1090.972523324353915, -1118.305262667903435, 625.0000000000001137 ) ) ;
#972 = CARTESIAN_POINT ( 'NONE',  ( 519.9000000000004320, -1093.805262667904117, 628.0000000000001137 ) ) ;
#973 = VECTOR ( 'NONE', #2629, 1000.000000000000000 ) ;
#974 = ORIENTED_EDGE ( 'NONE', *, *, #1071, .F. ) ;
#975 = DIRECTION ( 'NONE',  ( 1.000000000000000000, 0.000000000000000000, 0.000000000000000000 ) ) ;
#976 = ORIENTED_EDGE ( 'NONE', *, *, #2340, .F. ) ;
#977 = LINE ( 'NONE', #2729, #1994 ) ;
#978 = LINE ( 'NONE', #2244, #2627 ) ;
#979 = ORIENTED_EDGE ( 'NONE', *, *, #3054, .F. ) ;
#980 = ORIENTED_EDGE ( 'NONE', *, *, #1531, .F. ) ;
#981 = CARTESIAN_POINT ( 'NONE',  ( 1090.972523324353915, -1163.805262667904117, 631.0000000000001137 ) ) ;
#982 = DIRECTION ( 'NONE',  ( 0.000000000000000000, -1.000000000000000000, 0.000000000000000000 ) ) ;
#983 = ADVANCED_FACE ( 'NONE', ( #1094 ), #590, .F. ) ;
#984 = ORIENTED_EDGE ( 'NONE', *, *, #601, .F. ) ;
#985 = DIRECTION ( 'NONE',  ( 1.000000000000000000, 0.000000000000000000, 0.000000000000000000 ) ) ;
#986 = PLANE ( 'NONE',  #2000 ) ;
#987 = LINE ( 'NONE', #240, #2368 ) ;
#988 = ORIENTED_EDGE ( 'NONE', *, *, #2993, .F. ) ;
#989 = CARTESIAN_POINT ( 'NONE',  ( 998.9999999999996589, -1117.305262667903662, 628.0000000000000000 ) ) ;
#990 = CARTESIAN_POINT ( 'NONE',  ( 998.9999999999996589, -1146.305262667904117, 628.0000000000000000 ) ) ;
#991 = ORIENTED_EDGE ( 'NONE', *, *, #1440, .T. ) ;
#992 = CARTESIAN_POINT ( 'NONE',  ( -981.4999999999995453, -1096.805262667904117, 631.0000000000001137 ) ) ;
#993 = ORIENTED_EDGE ( 'NONE', *, *, #2517, .F. ) ;
#994 = ORIENTED_EDGE ( 'NONE', *, *, #2694, .T. ) ;
#995 = ADVANCED_FACE ( 'NONE', ( #557 ), #2780, .F. ) ;
#996 = LOCAL_TIME ( 16, 45, 38.00000000000000000, #1286 ) ;
#997 = CARTESIAN_POINT ( 'NONE',  ( 633.1567381882846348, -1149.805262667904117, 625.0000000000001137 ) ) ;
#998 = DIRECTION ( 'NONE',  ( 1.000000000000000000, 0.000000000000000000, 0.000000000000000000 ) ) ;
#999 = AXIS2_PLACEMENT_3D ( 'NONE', #2251, #1018, #1035 ) ;
#1000 = ORIENTED_EDGE ( 'NONE', *, *, #1729, .T. ) ;
#1001 = DIRECTION ( 'NONE',  ( -1.000000000000000000, -0.000000000000000000, -0.000000000000000000 ) ) ;
#1002 = VECTOR ( 'NONE', #238, 1000.000000000000000 ) ;
#1003 = FACE_OUTER_BOUND ( 'NONE', #1119, .T. ) ;
#1004 = CARTESIAN_POINT ( 'NONE',  ( 976.4999999999996589, -1096.805262667903889, 675.0000000000002274 ) ) ;
#1005 = CARTESIAN_POINT ( 'NONE',  ( 1090.972523324353915, -1145.305262667904344, 625.0000000000001137 ) ) ;
#1006 = EDGE_CURVE ( 'NONE', #355, #1608, #2095, .T. ) ;
#1007 = LINE ( 'NONE', #1988, #3050 ) ;
#1008 = VERTEX_POINT ( 'NONE', #1803 ) ;
#1009 = APPROVAL ( #1861, 'UNSPECIFIED' ) ;
#1010 = PLANE ( 'NONE',  #2371 ) ;
#1011 = ORIENTED_EDGE ( 'NONE', *, *, #3139, .F. ) ;
#1012 = ORIENTED_EDGE ( 'NONE', *, *, #1889, .T. ) ;
#1013 = VECTOR ( 'NONE', #272, 1000.000000000000000 ) ;
#1014 = CARTESIAN_POINT ( 'NONE',  ( 628.1567381882845211, -1149.805262667904117, 625.0000000000001137 ) ) ;
#1015 = DIRECTION ( 'NONE',  ( -1.000000000000000000, 0.000000000000000000, 0.000000000000000000 ) ) ;
#1016 = VECTOR ( 'NONE', #1909, 1000.000000000000000 ) ;
#1017 = EDGE_LOOP ( 'NONE', ( #1198, #524, #2283, #2447 ) ) ;
#1018 = DIRECTION ( 'NONE',  ( 0.000000000000000000, 1.000000000000000000, 0.000000000000000000 ) ) ;
#1019 = DIRECTION ( 'NONE',  ( 0.000000000000000000, -1.000000000000000000, 0.000000000000000000 ) ) ;
#1020 = FACE_BOUND ( 'NONE', #2260, .T. ) ;
#1021 = CIRCLE ( 'NONE', #1388, 5.000000000000004441 ) ;
#1022 = DIRECTION ( 'NONE',  ( 1.000000000000000000, 0.000000000000000000, 0.000000000000000000 ) ) ;
#1023 = CIRCLE ( 'NONE', #2778, 1.000000000000000888 ) ;
#1024 = DIRECTION ( 'NONE',  ( 1.000000000000000000, 0.000000000000000000, 0.000000000000000000 ) ) ;
#1025 = EDGE_CURVE ( 'NONE', #1314, #613, #2607, .T. ) ;
#1026 = ORIENTED_EDGE ( 'NONE', *, *, #965, .F. ) ;
#1027 = FACE_OUTER_BOUND ( 'NONE', #1401, .T. ) ;
#1028 = DIRECTION ( 'NONE',  ( 0.000000000000000000, 0.000000000000000000, -1.000000000000000000 ) ) ;
#1029 = ADVANCED_FACE ( 'NONE', ( #3042 ), #1782, .F. ) ;
#1030 = VERTEX_POINT ( 'NONE', #2555 ) ;
#1031 = ORIENTED_EDGE ( 'NONE', *, *, #2878, .T. ) ;
#1032 = DIRECTION ( 'NONE',  ( 0.000000000000000000, 0.000000000000000000, 1.000000000000000000 ) ) ;
#1033 = DIRECTION ( 'NONE',  ( -1.000000000000000000, 0.000000000000000000, 0.000000000000000000 ) ) ;
#1034 = ORIENTED_EDGE ( 'NONE', *, *, #1896, .T. ) ;
#1035 = DIRECTION ( 'NONE',  ( 0.000000000000000000, -0.000000000000000000, 1.000000000000000000 ) ) ;
#1036 = DIRECTION ( 'NONE',  ( 0.000000000000000000, -0.000000000000000000, -1.000000000000000000 ) ) ;
#1037 = CARTESIAN_POINT ( 'NONE',  ( 990.0000000000006821, -1108.305262667903662, 628.0000000000001137 ) ) ;
#1038 = LINE ( 'NONE', #259, #1171 ) ;
#1039 = ADVANCED_FACE ( 'NONE', ( #2309 ), #71, .F. ) ;
#1040 = CARTESIAN_POINT ( 'NONE',  ( 1090.972523324353915, -1166.805262667904117, 675.0000000000002274 ) ) ;
#1041 = ORIENTED_EDGE ( 'NONE', *, *, #1766, .T. ) ;
#1042 = EDGE_CURVE ( 'NONE', #1905, #1802, #2864, .T. ) ;
#1043 = CARTESIAN_POINT ( 'NONE',  ( 1090.972523324353915, -1093.805262667904117, 675.0000000000002274 ) ) ;
#1044 = CARTESIAN_POINT ( 'NONE',  ( 1090.972523324353915, -1108.305262667903662, 625.0000000000001137 ) ) ;
#1045 = DIRECTION ( 'NONE',  ( 1.000000000000000000, -0.000000000000000000, 0.000000000000000000 ) ) ;
#1046 = ORIENTED_EDGE ( 'NONE', *, *, #636, .F. ) ;
#1047 = ORIENTED_EDGE ( 'NONE', *, *, #1927, .T. ) ;
#1048 = PERSON_AND_ORGANIZATION ( #2931, #842 ) ;
#1049 = ADVANCED_FACE ( 'NONE', ( #2895 ), #3161, .T. ) ;
#1050 = EDGE_CURVE ( 'NONE', #2883, #2480, #3124, .T. ) ;
#1051 = DIRECTION ( 'NONE',  ( 0.000000000000000000, 0.000000000000000000, 1.000000000000000000 ) ) ;
#1052 = VECTOR ( 'NONE', #248, 1000.000000000000000 ) ;
#1053 = EDGE_LOOP ( 'NONE', ( #3020, #2853, #128, #3082 ) ) ;
#1054 = CARTESIAN_POINT ( 'NONE',  ( -995.9999999999995453, -1093.805262667904117, 628.0000000000001137 ) ) ;
#1055 = DIRECTION ( 'NONE',  ( -0.000000000000000000, 0.000000000000000000, 1.000000000000000000 ) ) ;
#1056 = LINE ( 'NONE', #2791, #2313 ) ;
#1057 = VECTOR ( 'NONE', #529, 1000.000000000000000 ) ;
#1058 = CARTESIAN_POINT ( 'NONE',  ( -999.9999999999996589, -1117.305262667903662, 628.0000000000000000 ) ) ;
#1059 = PLANE ( 'NONE',  #865 ) ;
#1060 = ORIENTED_EDGE ( 'NONE', *, *, #3201, .F. ) ;
#1061 = DIRECTION ( 'NONE',  ( -0.000000000000000000, 0.000000000000000000, 1.000000000000000000 ) ) ;
#1062 = DIRECTION ( 'NONE',  ( 0.000000000000000000, 1.000000000000000000, -0.000000000000000000 ) ) ;
#1063 = LINE ( 'NONE', #2702, #1991 ) ;
#1064 = ORIENTED_EDGE ( 'NONE', *, *, #3075, .F. ) ;
#1065 = ORIENTED_EDGE ( 'NONE', *, *, #940, .F. ) ;
#1066 = EDGE_CURVE ( 'NONE', #1236, #231, #2581, .T. ) ;
#1067 = ORIENTED_EDGE ( 'NONE', *, *, #1163, .F. ) ;
#1068 = DIRECTION ( 'NONE',  ( 1.000000000000000000, -0.000000000000000000, -0.000000000000000000 ) ) ;
#1069 = CARTESIAN_POINT ( 'NONE',  ( -989.9999999999995453, -1099.805262667904117, 628.0000000000001137 ) ) ;
#1070 = DIRECTION ( 'NONE',  ( 1.000000000000000000, 0.000000000000000000, 0.000000000000000000 ) ) ;
#1071 = EDGE_CURVE ( 'NONE', #1164, #1301, #75, .T. ) ;
#1072 = VECTOR ( 'NONE', #862, 1000.000000000000000 ) ;
#1073 = CARTESIAN_POINT ( 'NONE',  ( -999.9999999999996589, -1114.305262667903435, 628.0000000000000000 ) ) ;
#1074 = DIRECTION ( 'NONE',  ( 0.000000000000000000, 0.000000000000000000, 1.000000000000000000 ) ) ;
#1075 = ORIENTED_EDGE ( 'NONE', *, *, #3226, .T. ) ;
#1076 = VECTOR ( 'NONE', #1122, 1000.000000000000000 ) ;
#1077 = CARTESIAN_POINT ( 'NONE',  ( -981.4999999999995453, -1099.805262667904117, 631.0000000000001137 ) ) ;
#1078 = LINE ( 'NONE', #591, #2885 ) ;
#1079 = DIRECTION ( 'NONE',  ( 0.000000000000000000, -1.000000000000000000, 0.000000000000000000 ) ) ;
#1080 = ORIENTED_EDGE ( 'NONE', *, *, #2618, .F. ) ;
#1081 = CALENDAR_DATE ( 2026, 11, 7 ) ;
#1082 = EDGE_CURVE ( 'NONE', #355, #687, #746, .T. ) ;
#1083 = DIRECTION ( 'NONE',  ( 0.000000000000000000, 1.000000000000000000, -0.000000000000000000 ) ) ;
#1084 = ORIENTED_EDGE ( 'NONE', *, *, #1625, .T. ) ;
#1085 = ORIENTED_EDGE ( 'NONE', *, *, #2299, .F. ) ;
#1086 = LINE ( 'NONE', #2857, #2144 ) ;
#1087 = EDGE_CURVE ( 'NONE', #1343, #1840, #485, .T. ) ;
#1088 = DIRECTION ( 'NONE',  ( 0.000000000000000000, 0.000000000000000000, 1.000000000000000000 ) ) ;
#1089 = CARTESIAN_POINT ( 'NONE',  ( -313.0999999999995111, -1154.805262667903889, 625.0000000000001137 ) ) ;
#1090 = VERTEX_POINT ( 'NONE', #167 ) ;
#1091 = CARTESIAN_POINT ( 'NONE',  ( 1090.972523324353915, -1093.805262667904117, 625.0000000000001137 ) ) ;
#1092 = FACE_OUTER_BOUND ( 'NONE', #360, .T. ) ;
#1093 = EDGE_LOOP ( 'NONE', ( #2089, #1843, #2505, #185 ) ) ;
#1094 = FACE_OUTER_BOUND ( 'NONE', #252, .T. ) ;
#1095 = LINE ( 'NONE', #2345, #2725 ) ;
#1096 = LINE ( 'NONE', #1300, #3195 ) ;
#1097 = ORIENTED_EDGE ( 'NONE', *, *, #2706, .T. ) ;
#1098 = CARTESIAN_POINT ( 'NONE',  ( -523.1000000000005912, -1113.805262667903662, 628.0000000000001137 ) ) ;
#1099 = VERTEX_POINT ( 'NONE', #1384 ) ;
#1100 = CARTESIAN_POINT ( 'NONE',  ( 519.9000000000004320, -1155.805262667904344, 628.0000000000001137 ) ) ;
#1101 = CARTESIAN_POINT ( 'NONE',  ( 523.1000000000004775, -1093.805262667904117, 625.0000000000001137 ) ) ;
#1102 = LINE ( 'NONE', #1346, #856 ) ;
#1103 = VERTEX_POINT ( 'NONE', #3140 ) ;
#1104 = CARTESIAN_POINT ( 'NONE',  ( -976.4999999999996589, -1166.805262667904117, 675.0000000000002274 ) ) ;
#1105 = DIRECTION ( 'NONE',  ( 1.000000000000000000, 0.000000000000000000, 0.000000000000000000 ) ) ;
#1106 = AXIS2_PLACEMENT_3D ( 'NONE', #579, #1068, #1344 ) ;
#1107 = EDGE_CURVE ( 'NONE', #1103, #1693, #334, .T. ) ;
#1108 = VERTEX_POINT ( 'NONE', #378 ) ;
#1109 = CYLINDRICAL_SURFACE ( 'NONE', #3155, 1.000000000000000888 ) ;
#1110 = LOCAL_TIME ( 16, 45, 38.00000000000000000, #353 ) ;
#1111 = DIRECTION ( 'NONE',  ( 0.000000000000000000, 0.000000000000000000, -1.000000000000000000 ) ) ;
#1112 = CARTESIAN_POINT ( 'NONE',  ( 981.4999999999996589, -1099.805262667904117, 631.0000000000001137 ) ) ;
#1113 = EDGE_LOOP ( 'NONE', ( #1266, #3188, #2094, #393 ) ) ;
#1114 = COORDINATED_UNIVERSAL_TIME_OFFSET ( 10, 0, .AHEAD. ) ;
#1115 = ORIENTED_EDGE ( 'NONE', *, *, #183, .T. ) ;
#1116 = DIRECTION ( 'NONE',  ( 1.000000000000000000, 0.000000000000000000, 0.000000000000000000 ) ) ;
#1117 = DIRECTION ( 'NONE',  ( -1.000000000000000000, 0.000000000000000000, -0.000000000000000000 ) ) ;
#1118 = PLANE ( 'NONE',  #270 ) ;
#1119 = EDGE_LOOP ( 'NONE', ( #399, #1807, #2670, #143 ) ) ;
#1120 = DIRECTION ( 'NONE',  ( 1.000000000000000000, 0.000000000000000000, 0.000000000000000000 ) ) ;
#1121 = AXIS2_PLACEMENT_3D ( 'NONE', #1178, #2672, #1655 ) ;
#1122 = DIRECTION ( 'NONE',  ( -0.000000000000000000, 0.000000000000000000, 1.000000000000000000 ) ) ;
#1123 = VECTOR ( 'NONE', #2137, 1000.000000000000000 ) ;
#1124 = AXIS2_PLACEMENT_3D ( 'NONE', #1549, #1045, #721 ) ;
#1125 = AXIS2_PLACEMENT_3D ( 'NONE', #1928, #2442, #734 ) ;
#1126 = DIRECTION ( 'NONE',  ( -0.000000000000000000, 0.000000000000000000, 1.000000000000000000 ) ) ;
#1127 = EDGE_CURVE ( 'NONE', #309, #456, #396, .T. ) ;
#1128 = LINE ( 'NONE', #154, #2834 ) ;
#1129 = AXIS2_PLACEMENT_3D ( 'NONE', #1956, #1713, #490 ) ;
#1130 = VERTEX_POINT ( 'NONE', #3172 ) ;
#1131 = AXIS2_PLACEMENT_3D ( 'NONE', #523, #2263, #2487 ) ;
#1132 = EDGE_LOOP ( 'NONE', ( #813, #1709, #2652, #79 ) ) ;
#1133 = FACE_OUTER_BOUND ( 'NONE', #1211, .T. ) ;
#1134 = LINE ( 'NONE', #1101, #23 ) ;
#1135 = LINE ( 'NONE', #2125, #2156 ) ;
#1136 = VERTEX_POINT ( 'NONE', #2908 ) ;
#1137 = FACE_OUTER_BOUND ( 'NONE', #738, .T. ) ;
#1138 = LINE ( 'NONE', #2705, #389 ) ;
#1139 = EDGE_CURVE ( 'NONE', #1130, #2800, #666, .T. ) ;
#1140 = DIRECTION ( 'NONE',  ( -0.000000000000000000, 0.000000000000000000, 1.000000000000000000 ) ) ;
#1141 = CARTESIAN_POINT ( 'NONE',  ( -981.4999999999995453, -1096.805262667903889, 670.0000000000002274 ) ) ;
#1142 = ORIENTED_EDGE ( 'NONE', *, *, #2430, .F. ) ;
#1143 = ORIENTED_EDGE ( 'NONE', *, *, #2009, .T. ) ;
#1144 = ORIENTED_EDGE ( 'NONE', *, *, #2234, .F. ) ;
#1145 = EDGE_LOOP ( 'NONE', ( #2904, #1283, #2923, #588 ) ) ;
#1146 = EDGE_CURVE ( 'NONE', #703, #1806, #2164, .T. ) ;
#1147 = LINE ( 'NONE', #2688, #1368 ) ;
#1148 = LINE ( 'NONE', #3103, #3194 ) ;
#1149 = DIRECTION ( 'NONE',  ( 0.000000000000000000, 1.000000000000000000, 0.000000000000000000 ) ) ;
#1150 = VERTEX_POINT ( 'NONE', #2664 ) ;
#1151 = CC_DESIGN_PERSON_AND_ORGANIZATION_ASSIGNMENT ( #827, #1581, ( #3175 ) ) ;
#1152 = CARTESIAN_POINT ( 'NONE',  ( 523.1000000000004775, -1107.805262667903889, 625.0000000000001137 ) ) ;
#1153 = DIRECTION ( 'NONE',  ( -1.000000000000000000, 0.000000000000000000, 0.000000000000000000 ) ) ;
#1154 = DIRECTION ( 'NONE',  ( 0.000000000000000000, -0.000000000000000000, -1.000000000000000000 ) ) ;
#1155 = LINE ( 'NONE', #2852, #2984 ) ;
#1156 = ORIENTED_EDGE ( 'NONE', *, *, #2227, .F. ) ;
#1157 = VECTOR ( 'NONE', #1775, 1000.000000000000000 ) ;
#1158 = ORIENTED_EDGE ( 'NONE', *, *, #2630, .F. ) ;
#1159 = ORIENTED_EDGE ( 'NONE', *, *, #1176, .F. ) ;
#1160 = DIRECTION ( 'NONE',  ( 0.000000000000000000, 0.000000000000000000, -1.000000000000000000 ) ) ;
#1161 = LINE ( 'NONE', #702, #799 ) ;
#1162 = DIRECTION ( 'NONE',  ( -1.000000000000000000, 0.000000000000000000, 0.000000000000000000 ) ) ;
#1163 = EDGE_CURVE ( 'NONE', #1665, #247, #589, .T. ) ;
#1164 = VERTEX_POINT ( 'NONE', #2620 ) ;
#1165 = DIRECTION ( 'NONE',  ( 0.000000000000000000, 1.000000000000000000, 0.000000000000000000 ) ) ;
#1166 = DIRECTION ( 'NONE',  ( -0.000000000000000000, 0.000000000000000000, 1.000000000000000000 ) ) ;
#1167 = DIRECTION ( 'NONE',  ( -0.000000000000000000, -1.000000000000000000, 0.000000000000000000 ) ) ;
#1168 = AXIS2_PLACEMENT_3D ( 'NONE', #2138, #902, #2903 ) ;
#1169 = LINE ( 'NONE', #2383, #536 ) ;
#1170 = ORIENTED_EDGE ( 'NONE', *, *, #207, .F. ) ;
#1171 = VECTOR ( 'NONE', #224, 1000.000000000000000 ) ;
#1172 = VECTOR ( 'NONE', #806, 1000.000000000000000 ) ;
#1173 = LINE ( 'NONE', #385, #1945 ) ;
#1174 = EDGE_LOOP ( 'NONE', ( #549, #467, #2414, #2547 ) ) ;
#1175 = ORIENTED_EDGE ( 'NONE', *, *, #2119, .T. ) ;
#1176 = EDGE_CURVE ( 'NONE', #1136, #1664, #1849, .T. ) ;
#1177 = DIRECTION ( 'NONE',  ( -0.000000000000000000, 0.000000000000000000, 1.000000000000000000 ) ) ;
#1178 = CARTESIAN_POINT ( 'NONE',  ( -628.1567381882845211, -1113.805262667904117, 628.0000000000001137 ) ) ;
#1179 = ORIENTED_EDGE ( 'NONE', *, *, #2362, .T. ) ;
#1180 = CARTESIAN_POINT ( 'NONE',  ( -519.9000000000004320, -1149.805262667904344, 625.0000000000001137 ) ) ;
#1181 = EDGE_CURVE ( 'NONE', #2816, #3229, #680, .T. ) ;
#1182 = DIRECTION ( 'NONE',  ( 1.000000000000000000, 0.000000000000000000, 0.000000000000000000 ) ) ;
#1183 = EDGE_CURVE ( 'NONE', #560, #1778, #2395, .T. ) ;
#1184 = DIRECTION ( 'NONE',  ( 0.000000000000000000, 0.000000000000000000, 1.000000000000000000 ) ) ;
#1185 = ORIENTED_EDGE ( 'NONE', *, *, #1757, .F. ) ;
#1186 = CARTESIAN_POINT ( 'NONE',  ( 628.1567381882845211, -1113.805262667904117, 625.0000000000001137 ) ) ;
#1187 = VERTEX_POINT ( 'NONE', #2130 ) ;
#1188 = ORIENTED_EDGE ( 'NONE', *, *, #3067, .F. ) ;
#1189 = LINE ( 'NONE', #203, #2247 ) ;
#1190 = EDGE_CURVE ( 'NONE', #1232, #2387, #2116, .T. ) ;
#1191 = CARTESIAN_POINT ( 'NONE',  ( 976.4999999999996589, -1166.805262667904117, 675.0000000000002274 ) ) ;
#1192 = EDGE_LOOP ( 'NONE', ( #3030, #2063, #1197, #453 ) ) ;
#1193 = DIRECTION ( 'NONE',  ( -1.000000000000000000, 0.000000000000000000, 0.000000000000000000 ) ) ;
#1194 = CARTESIAN_POINT ( 'NONE',  ( 981.4999999999996589, -1169.805262667904117, 631.0000000000001137 ) ) ;
#1195 = DIRECTION ( 'NONE',  ( 0.000000000000000000, -1.000000000000000000, 0.000000000000000000 ) ) ;
#1196 = EDGE_CURVE ( 'NONE', #1969, #442, #2679, .T. ) ;
#1197 = ORIENTED_EDGE ( 'NONE', *, *, #2073, .T. ) ;
#1198 = ORIENTED_EDGE ( 'NONE', *, *, #155, .T. ) ;
#1199 = ORIENTED_EDGE ( 'NONE', *, *, #2653, .F. ) ;
#1200 = CARTESIAN_POINT ( 'NONE',  ( 990.0000000000006821, -1108.305262667903662, 625.0000000000001137 ) ) ;
#1201 = DIRECTION ( 'NONE',  ( 1.000000000000000000, 0.000000000000000000, 0.000000000000000000 ) ) ;
#1202 = ORIENTED_EDGE ( 'NONE', *, *, #2040, .F. ) ;
#1203 = CARTESIAN_POINT ( 'NONE',  ( 519.9000000000004320, -1107.805262667903889, 625.0000000000001137 ) ) ;
#1204 = CARTESIAN_POINT ( 'NONE',  ( -633.1567381882846348, -1149.805262667904117, 628.0000000000001137 ) ) ;
#1205 = VERTEX_POINT ( 'NONE', #1644 ) ;
#1206 = DIRECTION ( 'NONE',  ( 0.000000000000000000, 1.000000000000000000, -0.000000000000000000 ) ) ;
#1207 = VERTEX_POINT ( 'NONE', #2695 ) ;
#1208 = VECTOR ( 'NONE', #651, 1000.000000000000000 ) ;
#1209 = EDGE_CURVE ( 'NONE', #1387, #1090, #452, .T. ) ;
#1210 = FACE_OUTER_BOUND ( 'NONE', #2192, .T. ) ;
#1211 = EDGE_LOOP ( 'NONE', ( #2413, #1647, #1464, #1410 ) ) ;
#1212 = VECTOR ( 'NONE', #787, 1000.000000000000000 ) ;
#1213 = CIRCLE ( 'NONE', #1168, 8.499999999999729994 ) ;
#1214 = VERTEX_POINT ( 'NONE', #3216 ) ;
#1215 = DIRECTION ( 'NONE',  ( 1.000000000000000000, 0.000000000000000000, 0.000000000000000000 ) ) ;
#1216 = EDGE_CURVE ( 'NONE', #1220, #1960, #1940, .T. ) ;
#1217 = DIRECTION ( 'NONE',  ( 1.000000000000000000, -0.000000000000000000, 0.000000000000000000 ) ) ;
#1218 = VECTOR ( 'NONE', #1061, 1000.000000000000000 ) ;
#1219 = FACE_OUTER_BOUND ( 'NONE', #1872, .T. ) ;
#1220 = VERTEX_POINT ( 'NONE', #731 ) ;
#1221 = AXIS2_PLACEMENT_3D ( 'NONE', #2378, #2361, #115 ) ;
#1222 = LINE ( 'NONE', #2533, #1829 ) ;
#1223 = CARTESIAN_POINT ( 'NONE',  ( 1090.972523324353915, -1149.805262667904344, 625.0000000000001137 ) ) ;
#1224 = DIRECTION ( 'NONE',  ( 0.000000000000000000, 1.000000000000000000, -0.000000000000000000 ) ) ;
#1225 = CIRCLE ( 'NONE', #133, 8.499999999999729994 ) ;
#1226 = DIRECTION ( 'NONE',  ( -0.000000000000000000, 0.000000000000000000, 1.000000000000000000 ) ) ;
#1227 = CARTESIAN_POINT ( 'NONE',  ( 999.9999999999996589, -1093.805262667904117, 625.0000000000001137 ) ) ;
#1228 = EDGE_CURVE ( 'NONE', #1438, #1108, #2986, .T. ) ;
#1229 = ORIENTED_EDGE ( 'NONE', *, *, #2665, .T. ) ;
#1230 = DIRECTION ( 'NONE',  ( -0.000000000000000000, 0.000000000000000000, 1.000000000000000000 ) ) ;
#1231 = VERTEX_POINT ( 'NONE', #438 ) ;
#1232 = VERTEX_POINT ( 'NONE', #1488 ) ;
#1233 = CARTESIAN_POINT ( 'NONE',  ( 1090.972523324353915, -1155.305262667904344, 625.0000000000001137 ) ) ;
#1234 = CYLINDRICAL_SURFACE ( 'NONE', #174, 5.000000000000115463 ) ;
#1235 = ADVANCED_FACE ( 'NONE', ( #2466 ), #465, .T. ) ;
#1236 = VERTEX_POINT ( 'NONE', #2707 ) ;
#1237 = LINE ( 'NONE', #3211, #2614 ) ;
#1238 = DIRECTION ( 'NONE',  ( -0.000000000000000000, 0.000000000000000000, 1.000000000000000000 ) ) ;
#1239 = FACE_BOUND ( 'NONE', #1964, .T. ) ;
#1240 = CC_DESIGN_DATE_AND_TIME_ASSIGNMENT ( #2561, #848, ( #1926 ) ) ;
#1241 = DIRECTION ( 'NONE',  ( 0.000000000000000000, 1.000000000000000000, -0.000000000000000000 ) ) ;
#1242 = CARTESIAN_POINT ( 'NONE',  ( 1090.972523324353915, -1107.805262667903889, 628.0000000000001137 ) ) ;
#1243 = ORIENTED_EDGE ( 'NONE', *, *, #195, .F. ) ;
#1244 = EDGE_CURVE ( 'NONE', #2387, #2239, #2205, .T. ) ;
#1245 = LINE ( 'NONE', #768, #2206 ) ;
#1246 = CIRCLE ( 'NONE', #202, 1.000000000000000888 ) ;
#1247 = ORIENTED_EDGE ( 'NONE', *, *, #1418, .T. ) ;
#1248 = ORIENTED_EDGE ( 'NONE', *, *, #855, .T. ) ;
#1249 = DIRECTION ( 'NONE',  ( 1.000000000000000000, 0.000000000000000000, 0.000000000000000000 ) ) ;
#1250 = CARTESIAN_POINT ( 'NONE',  ( -981.4999999999995453, -1093.805262667904117, 631.0000000000001137 ) ) ;
#1251 = ORIENTED_EDGE ( 'NONE', *, *, #2213, .F. ) ;
#1252 = LINE ( 'NONE', #1983, #1057 ) ;
#1253 = LOCAL_TIME ( 16, 45, 38.00000000000000000, #1114 ) ;
#1254 = EDGE_CURVE ( 'NONE', #1362, #3176, #242, .T. ) ;
#1255 = FACE_OUTER_BOUND ( 'NONE', #1485, .T. ) ;
#1256 = CARTESIAN_POINT ( 'NONE',  ( -981.4999999999995453, -1093.805262667904117, 625.0000000000001137 ) ) ;
#1257 = ORIENTED_EDGE ( 'NONE', *, *, #555, .T. ) ;
#1258 = CARTESIAN_POINT ( 'NONE',  ( -998.9999999999996589, -1145.305262667904344, 625.0000000000001137 ) ) ;
#1259 = EDGE_CURVE ( 'NONE', #2469, #2454, #3200, .T. ) ;
#1260 = LINE ( 'NONE', #1242, #2939 ) ;
#1261 = ORIENTED_EDGE ( 'NONE', *, *, #1582, .T. ) ;
#1262 = CARTESIAN_POINT ( 'NONE',  ( 523.1000000000004775, -1107.805262667903889, 628.0000000000001137 ) ) ;
#1263 = DIRECTION ( 'NONE',  ( 1.000000000000000000, -0.000000000000000000, 0.000000000000000000 ) ) ;
#1264 = VECTOR ( 'NONE', #2240, 1000.000000000000000 ) ;
#1265 = ORIENTED_EDGE ( 'NONE', *, *, #2435, .F. ) ;
#1266 = ORIENTED_EDGE ( 'NONE', *, *, #1751, .T. ) ;
#1267 = VECTOR ( 'NONE', #764, 1000.000000000000000 ) ;
#1268 = DIRECTION ( 'NONE',  ( -1.000000000000000000, 0.000000000000000000, 0.000000000000000000 ) ) ;
#1269 = PLANE ( 'NONE',  #2261 ) ;
#1270 = AXIS2_PLACEMENT_3D ( 'NONE', #2285, #42, #1051 ) ;
#1271 = EDGE_CURVE ( 'NONE', #1416, #534, #2189, .T. ) ;
#1272 = ORIENTED_EDGE ( 'NONE', *, *, #1025, .T. ) ;
#1273 = CARTESIAN_POINT ( 'NONE',  ( 1090.972523324353915, -1107.805262667903889, 625.0000000000001137 ) ) ;
#1274 = DIRECTION ( 'NONE',  ( 0.000000000000000000, -1.000000000000000000, 0.000000000000000000 ) ) ;
#1275 = CARTESIAN_POINT ( 'NONE',  ( 1090.972523324353915, -1163.805262667904117, 625.0000000000001137 ) ) ;
#1276 = ADVANCED_FACE ( 'NONE', ( #3184 ), #956, .T. ) ;
#1277 = DIRECTION ( 'NONE',  ( 0.000000000000000000, 1.000000000000000000, -0.000000000000000000 ) ) ;
#1278 = AXIS2_PLACEMENT_3D ( 'NONE', #2503, #1458, #2228 ) ;
#1279 = PLANE ( 'NONE',  #752 ) ;
#1280 = EDGE_CURVE ( 'NONE', #2882, #887, #2485, .T. ) ;
#1281 = VERTEX_POINT ( 'NONE', #2940 ) ;
#1282 = LINE ( 'NONE', #992, #1212 ) ;
#1283 = ORIENTED_EDGE ( 'NONE', *, *, #1440, .F. ) ;
#1284 = EDGE_CURVE ( 'NONE', #68, #2308, #1260, .T. ) ;
#1285 = VERTEX_POINT ( 'NONE', #712 ) ;
#1286 = COORDINATED_UNIVERSAL_TIME_OFFSET ( 10, 0, .AHEAD. ) ;
#1287 = DIRECTION ( 'NONE',  ( 0.000000000000000000, -1.000000000000000000, 0.000000000000000000 ) ) ;
#1288 = EDGE_LOOP ( 'NONE', ( #2514, #1329, #2675, #2278 ) ) ;
#1289 = FACE_OUTER_BOUND ( 'NONE', #113, .T. ) ;
#1290 = EDGE_CURVE ( 'NONE', #1231, #1164, #1468, .T. ) ;
#1291 = DIRECTION ( 'NONE',  ( 1.000000000000000000, 0.000000000000000000, 0.000000000000000000 ) ) ;
#1292 = CARTESIAN_POINT ( 'NONE',  ( -523.1000000000004775, -1107.805262667903889, 628.0000000000001137 ) ) ;
#1293 = ORIENTED_EDGE ( 'NONE', *, *, #232, .F. ) ;
#1294 = CARTESIAN_POINT ( 'NONE',  ( -981.4999999999995453, -1166.805262667904117, 670.0000000000002274 ) ) ;
#1295 = CARTESIAN_POINT ( 'NONE',  ( -519.9000000000004320, -1093.805262667904117, 628.0000000000001137 ) ) ;
#1296 = ORIENTED_EDGE ( 'NONE', *, *, #1971, .T. ) ;
#1297 = DIRECTION ( 'NONE',  ( 0.000000000000000000, 0.000000000000000000, 1.000000000000000000 ) ) ;
#1298 = DIRECTION ( 'NONE',  ( -0.000000000000000000, 0.000000000000000000, 1.000000000000000000 ) ) ;
#1299 = ADVANCED_FACE ( 'NONE', ( #3005 ), #2970, .T. ) ;
#1300 = CARTESIAN_POINT ( 'NONE',  ( -996.0000000000006821, -1145.305262667904344, 628.0000000000000000 ) ) ;
#1301 = VERTEX_POINT ( 'NONE', #3233 ) ;
#1302 = ORIENTED_EDGE ( 'NONE', *, *, #1402, .F. ) ;
#1303 = SHAPE_DEFINITION_REPRESENTATION ( #876, #955 ) ;
#1304 = EDGE_CURVE ( 'NONE', #1417, #1236, #1007, .T. ) ;
#1305 = ORIENTED_EDGE ( 'NONE', *, *, #1932, .F. ) ;
#1306 = DIRECTION ( 'NONE',  ( 0.000000000000000000, 0.000000000000000000, 1.000000000000000000 ) ) ;
#1307 = CARTESIAN_POINT ( 'NONE',  ( -998.9999999999996589, -1149.305262667904344, 625.0000000000000000 ) ) ;
#1308 = AXIS2_PLACEMENT_3D ( 'NONE', #623, #817, #1624 ) ;
#1309 = CARTESIAN_POINT ( 'NONE',  ( -628.1567381882845211, -1149.805262667904117, 628.0000000000001137 ) ) ;
#1310 = VECTOR ( 'NONE', #904, 1000.000000000000000 ) ;
#1311 = CARTESIAN_POINT ( 'NONE',  ( -519.9000000000004320, -1113.805262667903662, 628.0000000000001137 ) ) ;
#1312 = CARTESIAN_POINT ( 'NONE',  ( -309.8999999999996362, -1108.805262667903889, 628.0000000000001137 ) ) ;
#1313 = EDGE_CURVE ( 'NONE', #3165, #1343, #699, .T. ) ;
#1314 = VERTEX_POINT ( 'NONE', #2258 ) ;
#1315 = DIRECTION ( 'NONE',  ( -0.000000000000000000, 0.000000000000000000, 1.000000000000000000 ) ) ;
#1316 = DIRECTION ( 'NONE',  ( 0.000000000000000000, -1.000000000000000000, 0.000000000000000000 ) ) ;
#1317 = FACE_OUTER_BOUND ( 'NONE', #2901, .T. ) ;
#1318 = ORIENTED_EDGE ( 'NONE', *, *, #2557, .F. ) ;
#1319 = ORIENTED_EDGE ( 'NONE', *, *, #357, .T. ) ;
#1320 = EDGE_CURVE ( 'NONE', #1214, #3180, #2379, .T. ) ;
#1321 = DATE_AND_TIME ( #1081, #1253 ) ;
#1322 = CARTESIAN_POINT ( 'NONE',  ( 996.0000000000003411, -1093.805262667904117, 628.0000000000001137 ) ) ;
#1323 = AXIS2_PLACEMENT_3D ( 'NONE', #2294, #804, #1561 ) ;
#1324 = ORIENTED_EDGE ( 'NONE', *, *, #886, .F. ) ;
#1325 = ADVANCED_FACE ( 'NONE', ( #3058 ), #2020, .T. ) ;
#1326 = PLANE ( 'NONE',  #2356 ) ;
#1327 = DIRECTION ( 'NONE',  ( 0.000000000000000000, 0.000000000000000000, 1.000000000000000000 ) ) ;
#1328 = LINE ( 'NONE', #873, #323 ) ;
#1329 = ORIENTED_EDGE ( 'NONE', *, *, #2439, .T. ) ;
#1330 = VECTOR ( 'NONE', #55, 1000.000000000000000 ) ;
#1331 = VECTOR ( 'NONE', #2013, 1000.000000000000000 ) ;
#1332 = DIRECTION ( 'NONE',  ( 0.000000000000000000, -0.000000000000000000, -1.000000000000000000 ) ) ;
#1333 = CARTESIAN_POINT ( 'NONE',  ( 1090.972523324353915, -1108.305262667903662, 628.0000000000001137 ) ) ;
#1334 = VECTOR ( 'NONE', #2681, 1000.000000000000000 ) ;
#1335 = ORIENTED_EDGE ( 'NONE', *, *, #83, .F. ) ;
#1336 = AXIS2_PLACEMENT_3D ( 'NONE', #1701, #16, #1024 ) ;
#1337 = CARTESIAN_POINT ( 'NONE',  ( -998.9999999999996589, -1150.305262667904117, 628.0000000000000000 ) ) ;
#1338 = LINE ( 'NONE', #2829, #2467 ) ;
#1339 = DIRECTION ( 'NONE',  ( 0.000000000000000000, -1.000000000000000000, 0.000000000000000000 ) ) ;
#1340 = EDGE_LOOP ( 'NONE', ( #880, #2668, #2476, #84 ) ) ;
#1341 = APPROVAL_DATE_TIME ( #2578, #2343 ) ;
#1342 = ORIENTED_EDGE ( 'NONE', *, *, #1497, .F. ) ;
#1343 = VERTEX_POINT ( 'NONE', #66 ) ;
#1344 = DIRECTION ( 'NONE',  ( 0.000000000000000000, 0.000000000000000000, 1.000000000000000000 ) ) ;
#1345 = CARTESIAN_POINT ( 'NONE',  ( 999.9999999999996589, -1145.305262667904344, 628.0000000000000000 ) ) ;
#1346 = CARTESIAN_POINT ( 'NONE',  ( 1090.972523324353915, -1154.805262667903889, 625.0000000000001137 ) ) ;
#1347 = ADVANCED_FACE ( 'NONE', ( #99 ), #2306, .F. ) ;
#1348 = ORIENTED_EDGE ( 'NONE', *, *, #2176, .T. ) ;
#1349 = CARTESIAN_POINT ( 'NONE',  ( 989.9999999999995453, -1099.805262667904117, 625.0000000000001137 ) ) ;
#1350 = PLANE ( 'NONE',  #594 ) ;
#1351 = EDGE_LOOP ( 'NONE', ( #3092, #352, #3164, #968 ) ) ;
#1352 = CARTESIAN_POINT ( 'NONE',  ( -995.9999999999995453, -1093.805262667904117, 628.0000000000001137 ) ) ;
#1353 = CARTESIAN_POINT ( 'NONE',  ( 313.0999999999996248, -1102.805262667903889, 628.0000000000001137 ) ) ;
#1354 = PLANE ( 'NONE',  #273 ) ;
#1355 = ORIENTED_EDGE ( 'NONE', *, *, #2692, .T. ) ;
#1356 = CALENDAR_DATE ( 2026, 11, 7 ) ;
#1357 = ORIENTED_EDGE ( 'NONE', *, *, #747, .T. ) ;
#1358 = DIRECTION ( 'NONE',  ( 0.000000000000000000, 1.000000000000000000, 0.000000000000000000 ) ) ;
#1359 = DIRECTION ( 'NONE',  ( 0.000000000000000000, 1.000000000000000000, 0.000000000000000000 ) ) ;
#1360 = DIRECTION ( 'NONE',  ( -0.000000000000000000, 0.000000000000000000, 1.000000000000000000 ) ) ;
#1361 = AXIS2_PLACEMENT_3D ( 'NONE', #1014, #2197, #2976 ) ;
#1362 = VERTEX_POINT ( 'NONE', #1594 ) ;
#1363 = CARTESIAN_POINT ( 'NONE',  ( 628.1567381882845211, -1149.805262667904117, 628.0000000000001137 ) ) ;
#1364 = ADVANCED_FACE ( 'NONE', ( #1092 ), #1279, .F. ) ;
#1365 = DIRECTION ( 'NONE',  ( 0.000000000000000000, 0.000000000000000000, -1.000000000000000000 ) ) ;
#1366 = AXIS2_PLACEMENT_3D ( 'NONE', #933, #688, #672 ) ;
#1367 = DIRECTION ( 'NONE',  ( 0.000000000000000000, -0.000000000000000000, 1.000000000000000000 ) ) ;
#1368 = VECTOR ( 'NONE', #1420, 1000.000000000000000 ) ;
#1369 = CARTESIAN_POINT ( 'NONE',  ( -628.1567381882845211, -1149.805262667904117, 628.0000000000001137 ) ) ;
#1370 = ORIENTED_EDGE ( 'NONE', *, *, #2836, .T. ) ;
#1371 = ORIENTED_EDGE ( 'NONE', *, *, #3157, .T. ) ;
#1372 = ORIENTED_EDGE ( 'NONE', *, *, #1082, .F. ) ;
#1373 = FACE_OUTER_BOUND ( 'NONE', #2180, .T. ) ;
#1374 = DIRECTION ( 'NONE',  ( -1.000000000000000000, 0.000000000000000000, 0.000000000000000000 ) ) ;
#1375 = EDGE_CURVE ( 'NONE', #2239, #456, #51, .T. ) ;
#1376 = DIRECTION ( 'NONE',  ( 1.000000000000000000, 0.000000000000000000, 0.000000000000000000 ) ) ;
#1377 = ORIENTED_EDGE ( 'NONE', *, *, #377, .T. ) ;
#1378 = DIRECTION ( 'NONE',  ( 1.000000000000000000, 0.000000000000000000, 0.000000000000000000 ) ) ;
#1379 = VECTOR ( 'NONE', #1421, 1000.000000000000000 ) ;
#1380 = PLANE ( 'NONE',  #750 ) ;
#1381 = VECTOR ( 'NONE', #1055, 1000.000000000000000 ) ;
#1382 = AXIS2_PLACEMENT_3D ( 'NONE', #1112, #1614, #1858 ) ;
#1383 = AXIS2_PLACEMENT_3D ( 'NONE', #2409, #1184, #2145 ) ;
#1384 = CARTESIAN_POINT ( 'NONE',  ( -990.0000000000006821, -1108.305262667903662, 628.0000000000001137 ) ) ;
#1385 = LINE ( 'NONE', #2608, #643 ) ;
#1386 = EDGE_CURVE ( 'NONE', #1417, #1910, #2518, .T. ) ;
#1387 = VERTEX_POINT ( 'NONE', #2276 ) ;
#1388 = AXIS2_PLACEMENT_3D ( 'NONE', #2635, #607, #1425 ) ;
#1389 = ORIENTED_EDGE ( 'NONE', *, *, #2277, .T. ) ;
#1390 = CIRCLE ( 'NONE', #3105, 8.499999999999729994 ) ;
#1391 = ORIENTED_EDGE ( 'NONE', *, *, #2824, .T. ) ;
#1392 = ORIENTED_EDGE ( 'NONE', *, *, #1320, .F. ) ;
#1393 = CARTESIAN_POINT ( 'NONE',  ( -309.8999999999996362, -1093.805262667904117, 625.0000000000001137 ) ) ;
#1394 = DIRECTION ( 'NONE',  ( -1.000000000000000000, 0.000000000000000000, 0.000000000000000000 ) ) ;
#1395 = DIRECTION ( 'NONE',  ( 0.000000000000000000, 0.000000000000000000, 1.000000000000000000 ) ) ;
#1396 = EDGE_LOOP ( 'NONE', ( #547, #1159, #2811, #1688 ) ) ;
#1397 = CARTESIAN_POINT ( 'NONE',  ( -523.1000000000003638, -1107.805262667903889, 625.0000000000001137 ) ) ;
#1398 = CARTESIAN_POINT ( 'NONE',  ( 999.9999999999996589, -1146.305262667904117, 628.0000000000000000 ) ) ;
#1399 = DIRECTION ( 'NONE',  ( 0.000000000000000000, 1.000000000000000000, 0.000000000000000000 ) ) ;
#1400 = FACE_OUTER_BOUND ( 'NONE', #2544, .T. ) ;
#1401 = EDGE_LOOP ( 'NONE', ( #1887, #2925, #991, #893 ) ) ;
#1402 = EDGE_CURVE ( 'NONE', #1456, #2571, #2474, .T. ) ;
#1403 = CARTESIAN_POINT ( 'NONE',  ( 1090.972523324353915, -1113.805262667903662, 628.0000000000001137 ) ) ;
#1404 = EDGE_LOOP ( 'NONE', ( #2254, #212, #2207, #1012 ) ) ;
#1405 = ORIENTED_EDGE ( 'NONE', *, *, #2176, .F. ) ;
#1406 = CYLINDRICAL_SURFACE ( 'NONE', #1670, 8.499999999999729994 ) ;
#1407 = ADVANCED_FACE ( 'NONE', ( #1559 ), #1059, .T. ) ;
#1408 = CARTESIAN_POINT ( 'NONE',  ( 999.9999999999996589, -1149.305262667904344, 628.0000000000000000 ) ) ;
#1409 = CYLINDRICAL_SURFACE ( 'NONE', #2576, 1.000000000000000888 ) ;
#1410 = ORIENTED_EDGE ( 'NONE', *, *, #1254, .F. ) ;
#1411 = CARTESIAN_POINT ( 'NONE',  ( -989.9999999999995453, -1099.805262667904117, 625.0000000000001137 ) ) ;
#1412 = FACE_BOUND ( 'NONE', #1791, .T. ) ;
#1413 = DIRECTION ( 'NONE',  ( -1.000000000000000000, 0.000000000000000000, 0.000000000000000000 ) ) ;
#1414 = DIRECTION ( 'NONE',  ( -0.000000000000000000, 0.000000000000000000, 1.000000000000000000 ) ) ;
#1415 = ADVANCED_FACE ( 'NONE', ( #3019 ), #1780, .T. ) ;
#1416 = VERTEX_POINT ( 'NONE', #802 ) ;
#1417 = VERTEX_POINT ( 'NONE', #2341 ) ;
#1418 = EDGE_CURVE ( 'NONE', #663, #309, #1834, .T. ) ;
#1419 = ORIENTED_EDGE ( 'NONE', *, *, #1756, .T. ) ;
#1420 = DIRECTION ( 'NONE',  ( -0.000000000000000000, 0.000000000000000000, 1.000000000000000000 ) ) ;
#1421 = DIRECTION ( 'NONE',  ( 0.000000000000000000, 1.000000000000000000, 0.000000000000000000 ) ) ;
#1422 = ORIENTED_EDGE ( 'NONE', *, *, #1827, .F. ) ;
#1423 = LINE ( 'NONE', #1682, #463 ) ;
#1424 = AXIS2_PLACEMENT_3D ( 'NONE', #1363, #1814, #64 ) ;
#1425 = DIRECTION ( 'NONE',  ( 0.000000000000000000, 0.000000000000000000, 1.000000000000000000 ) ) ;
#1426 = VECTOR ( 'NONE', #1360, 1000.000000000000000 ) ;
#1427 = CARTESIAN_POINT ( 'NONE',  ( 976.4999999999996589, -1169.805262667904117, 670.0000000000002274 ) ) ;
#1428 = VECTOR ( 'NONE', #1079, 1000.000000000000000 ) ;
#1429 = ORIENTED_EDGE ( 'NONE', *, *, #1565, .T. ) ;
#1430 = AXIS2_PLACEMENT_3D ( 'NONE', #3128, #199, #172 ) ;
#1431 = CARTESIAN_POINT ( 'NONE',  ( -1003.999999999998636, -1145.305262667904344, 628.0000000000000000 ) ) ;
#1432 = VECTOR ( 'NONE', #2553, 1000.000000000000000 ) ;
#1433 = ORIENTED_EDGE ( 'NONE', *, *, #2382, .T. ) ;
#1434 = ORIENTED_EDGE ( 'NONE', *, *, #195, .T. ) ;
#1435 = CARTESIAN_POINT ( 'NONE',  ( 523.1000000000004775, -1093.805262667904117, 625.0000000000001137 ) ) ;
#1436 = VECTOR ( 'NONE', #1570, 1000.000000000000000 ) ;
#1437 = DIRECTION ( 'NONE',  ( 0.000000000000000000, 1.000000000000000000, -0.000000000000000000 ) ) ;
#1438 = VERTEX_POINT ( 'NONE', #2293 ) ;
#1439 = CARTESIAN_POINT ( 'NONE',  ( -989.9999999999995453, -1163.805262667904117, 628.0000000000001137 ) ) ;
#1440 = EDGE_CURVE ( 'NONE', #2816, #683, #2424, .T. ) ;
#1441 = FACE_OUTER_BOUND ( 'NONE', #1404, .T. ) ;
#1442 = ORIENTED_EDGE ( 'NONE', *, *, #2281, .F. ) ;
#1443 = EDGE_CURVE ( 'NONE', #2832, #3165, #2775, .T. ) ;
#1444 = DIRECTION ( 'NONE',  ( 0.000000000000000000, 1.000000000000000000, 0.000000000000000000 ) ) ;
#1445 = EDGE_LOOP ( 'NONE', ( #173, #1371, #2784, #414 ) ) ;
#1446 = ORIENTED_EDGE ( 'NONE', *, *, #2218, .F. ) ;
#1447 = ORIENTED_EDGE ( 'NONE', *, *, #3160, .F. ) ;
#1448 = CARTESIAN_POINT ( 'NONE',  ( -309.8999999999996362, -1154.805262667903889, 628.0000000000001137 ) ) ;
#1449 = CARTESIAN_POINT ( 'NONE',  ( -981.4999999999995453, -1163.805262667904117, 631.0000000000001137 ) ) ;
#1450 = VERTEX_POINT ( 'NONE', #1545 ) ;
#1451 = DIRECTION ( 'NONE',  ( -0.000000000000000000, 0.000000000000000000, 1.000000000000000000 ) ) ;
#1452 = DIRECTION ( 'NONE',  ( -0.000000000000000000, 0.000000000000000000, 1.000000000000000000 ) ) ;
#1453 = ADVANCED_FACE ( 'NONE', ( #539 ), #347, .T. ) ;
#1454 = CARTESIAN_POINT ( 'NONE',  ( 998.9999999999996589, -1113.305262667903662, 628.0000000000000000 ) ) ;
#1455 = ADVANCED_FACE ( 'NONE', ( #292 ), #1350, .T. ) ;
#1456 = VERTEX_POINT ( 'NONE', #1801 ) ;
#1457 = DIRECTION ( 'NONE',  ( 0.000000000000000000, 1.000000000000000000, 0.000000000000000000 ) ) ;
#1458 = DIRECTION ( 'NONE',  ( 0.000000000000000000, 1.000000000000000000, 0.000000000000000000 ) ) ;
#1459 = EDGE_LOOP ( 'NONE', ( #979, #1080, #2169, #692 ) ) ;
#1460 = ORIENTED_EDGE ( 'NONE', *, *, #409, .T. ) ;
#1461 = AXIS2_PLACEMENT_3D ( 'NONE', #3053, #2318, #1555 ) ;
#1462 = CARTESIAN_POINT ( 'NONE',  ( 999.9999999999996589, -1114.305262667903435, 628.0000000000000000 ) ) ;
#1463 = DIRECTION ( 'NONE',  ( 1.000000000000000000, 0.000000000000000000, 0.000000000000000000 ) ) ;
#1464 = ORIENTED_EDGE ( 'NONE', *, *, #98, .T. ) ;
#1465 = DIRECTION ( 'NONE',  ( -0.000000000000000000, 0.000000000000000000, 1.000000000000000000 ) ) ;
#1466 = EDGE_CURVE ( 'NONE', #1664, #1281, #2794, .T. ) ;
#1467 = DIRECTION ( 'NONE',  ( 1.000000000000000000, 0.000000000000000000, 0.000000000000000000 ) ) ;
#1468 = LINE ( 'NONE', #1227, #2529 ) ;
#1469 = VECTOR ( 'NONE', #34, 1000.000000000000000 ) ;
#1470 = VERTEX_POINT ( 'NONE', #1671 ) ;
#1471 = AXIS2_PLACEMENT_3D ( 'NONE', #1309, #566, #1572 ) ;
#1472 = CARTESIAN_POINT ( 'NONE',  ( -981.4999999999995453, -1096.805262667903889, 625.0000000000001137 ) ) ;
#1473 = VERTEX_POINT ( 'NONE', #2161 ) ;
#1474 = VECTOR ( 'NONE', #558, 1000.000000000000000 ) ;
#1475 = AXIS2_PLACEMENT_3D ( 'NONE', #2042, #1963, #982 ) ;
#1476 = ORIENTED_EDGE ( 'NONE', *, *, #2665, .F. ) ;
#1477 = DIRECTION ( 'NONE',  ( -0.000000000000000000, 0.000000000000000000, 1.000000000000000000 ) ) ;
#1478 = AXIS2_PLACEMENT_3D ( 'NONE', #410, #1154, #890 ) ;
#1479 = FACE_OUTER_BOUND ( 'NONE', #2067, .T. ) ;
#1480 = ORIENTED_EDGE ( 'NONE', *, *, #2087, .T. ) ;
#1481 = VECTOR ( 'NONE', #748, 1000.000000000000000 ) ;
#1482 = CARTESIAN_POINT ( 'NONE',  ( 981.4999999999996589, -1093.805262667904117, 631.0000000000001137 ) ) ;
#1483 = CARTESIAN_POINT ( 'NONE',  ( -981.4999999999995453, -1099.805262667904117, 628.0000000000001137 ) ) ;
#1484 = LINE ( 'NONE', #749, #1267 ) ;
#1485 = EDGE_LOOP ( 'NONE', ( #96, #2583, #1324, #186 ) ) ;
#1486 = ADVANCED_FACE ( 'NONE', ( #1626, #624, #1897, #3138, #3123, #3108, #2649, #2662, #637, #3171, #1851, #408, #1412 ), #421, .T. ) ;
#1487 = DIRECTION ( 'NONE',  ( -0.000000000000000000, 0.000000000000000000, 1.000000000000000000 ) ) ;
#1488 = CARTESIAN_POINT ( 'NONE',  ( -313.0999999999995111, -1108.805262667903889, 625.0000000000001137 ) ) ;
#1489 = ORIENTED_EDGE ( 'NONE', *, *, #2657, .T. ) ;
#1490 = CARTESIAN_POINT ( 'NONE',  ( -999.9999999999996589, -1114.305262667903435, 628.0000000000000000 ) ) ;
#1491 = VERTEX_POINT ( 'NONE', #1880 ) ;
#1492 = VERTEX_POINT ( 'NONE', #654 ) ;
#1493 = ADVANCED_FACE ( 'NONE', ( #877 ), #363, .F. ) ;
#1494 = CARTESIAN_POINT ( 'NONE',  ( -998.9999999999996589, -1114.305262667903435, 625.0000000000000000 ) ) ;
#1495 = LINE ( 'NONE', #2030, #2937 ) ;
#1496 = ORIENTED_EDGE ( 'NONE', *, *, #2692, .F. ) ;
#1497 = EDGE_CURVE ( 'NONE', #663, #2239, #2128, .T. ) ;
#1498 = DIRECTION ( 'NONE',  ( 1.000000000000000000, 0.000000000000000000, 0.000000000000000000 ) ) ;
#1499 = PLANE ( 'NONE',  #2637 ) ;
#1500 = CARTESIAN_POINT ( 'NONE',  ( 998.9999999999996589, -1117.305262667903662, 628.0000000000000000 ) ) ;
#1501 = ORIENTED_EDGE ( 'NONE', *, *, #450, .T. ) ;
#1502 = LINE ( 'NONE', #2498, #2162 ) ;
#1503 = DIRECTION ( 'NONE',  ( -0.000000000000000000, 0.000000000000000000, 1.000000000000000000 ) ) ;
#1504 = EDGE_LOOP ( 'NONE', ( #2543, #593, #522, #2889 ) ) ;
#1505 = DIRECTION ( 'NONE',  ( -1.000000000000000000, 0.000000000000000000, 0.000000000000000000 ) ) ;
#1506 = EDGE_CURVE ( 'NONE', #1008, #2815, #1021, .T. ) ;
#1507 = CARTESIAN_POINT ( 'NONE',  ( -519.9000000000004320, -1093.805262667904117, 628.0000000000001137 ) ) ;
#1508 = AXIS2_PLACEMENT_3D ( 'NONE', #1707, #759, #2490 ) ;
#1509 = ORIENTED_EDGE ( 'NONE', *, *, #1841, .F. ) ;
#1510 = ORIENTED_EDGE ( 'NONE', *, *, #2674, .F. ) ;
#1511 = LINE ( 'NONE', #1739, #1052 ) ;
#1512 = DIRECTION ( 'NONE',  ( -0.000000000000000000, 0.000000000000000000, 1.000000000000000000 ) ) ;
#1513 = ADVANCED_FACE ( 'NONE', ( #2422 ), #1380, .F. ) ;
#1514 = CIRCLE ( 'NONE', #2971, 5.000000000000115463 ) ;
#1515 = ORIENTED_EDGE ( 'NONE', *, *, #1183, .T. ) ;
#1516 = PLANE ( 'NONE',  #999 ) ;
#1517 = CC_DESIGN_APPROVAL ( #2343, ( #674 ) ) ;
#1518 = LINE ( 'NONE', #2303, #2844 ) ;
#1519 = EDGE_CURVE ( 'NONE', #1778, #205, #2636, .T. ) ;
#1520 = FACE_BOUND ( 'NONE', #2270, .T. ) ;
#1521 = EDGE_CURVE ( 'NONE', #1806, #2469, #693, .T. ) ;
#1522 = DESIGN_CONTEXT ( 'detailed design', #2687, 'design' ) ;
#1523 = CARTESIAN_POINT ( 'NONE',  ( 313.0999999999996248, -1154.805262667903889, 628.0000000000001137 ) ) ;
#1524 = DIRECTION ( 'NONE',  ( -1.000000000000000000, 0.000000000000000000, 0.000000000000000000 ) ) ;
#1525 = CC_DESIGN_PERSON_AND_ORGANIZATION_ASSIGNMENT ( #3027, #3084, ( #674 ) ) ;
#1526 = VERTEX_POINT ( 'NONE', #889 ) ;
#1527 = DIRECTION ( 'NONE',  ( -0.000000000000000000, 0.000000000000000000, 1.000000000000000000 ) ) ;
#1528 = AXIS2_PLACEMENT_3D ( 'NONE', #2862, #2360, #97 ) ;
#1529 = ORIENTED_EDGE ( 'NONE', *, *, #1565, .F. ) ;
#1530 = ORIENTED_EDGE ( 'NONE', *, *, #2978, .T. ) ;
#1531 = EDGE_CURVE ( 'NONE', #1231, #679, #1639, .T. ) ;
#1532 = DIRECTION ( 'NONE',  ( 0.000000000000000000, 0.000000000000000000, -1.000000000000000000 ) ) ;
#1533 = CARTESIAN_POINT ( 'NONE',  ( 1003.999999999998636, -1118.305262667903435, 628.0000000000000000 ) ) ;
#1534 = VECTOR ( 'NONE', #755, 1000.000000000000000 ) ;
#1535 = AXIS2_PLACEMENT_3D ( 'NONE', #2025, #3208, #808 ) ;
#1536 = VERTEX_POINT ( 'NONE', #376 ) ;
#1537 = LINE ( 'NONE', #3000, #671 ) ;
#1538 = VECTOR ( 'NONE', #2193, 1000.000000000000000 ) ;
#1539 = LINE ( 'NONE', #515, #124 ) ;
#1540 = DIRECTION ( 'NONE',  ( -1.000000000000000000, 0.000000000000000000, 0.000000000000000000 ) ) ;
#1541 = AXIS2_PLACEMENT_3D ( 'NONE', #783, #3037, #324 ) ;
#1542 = CARTESIAN_POINT ( 'NONE',  ( -996.0000000000006821, -1150.305262667904117, 628.0000000000000000 ) ) ;
#1543 = EDGE_CURVE ( 'NONE', #1438, #2075, #3199, .T. ) ;
#1544 = VECTOR ( 'NONE', #1274, 1000.000000000000000 ) ;
#1545 = CARTESIAN_POINT ( 'NONE',  ( 981.4999999999996589, -1099.805262667904117, 628.0000000000001137 ) ) ;
#1546 = ORIENTED_EDGE ( 'NONE', *, *, #2307, .F. ) ;
#1547 = LINE ( 'NONE', #2850, #2525 ) ;
#1548 = CARTESIAN_POINT ( 'NONE',  ( 996.0000000000006821, -1108.305262667903662, 628.0000000000001137 ) ) ;
#1549 = CARTESIAN_POINT ( 'NONE',  ( 309.8999999999996362, -1160.805262667903662, 628.0000000000001137 ) ) ;
#1550 = VERTEX_POINT ( 'NONE', #1659 ) ;
#1551 = ORIENTED_EDGE ( 'NONE', *, *, #2439, .F. ) ;
#1552 = PERSON_AND_ORGANIZATION ( #2931, #842 ) ;
#1553 = ADVANCED_FACE ( 'NONE', ( #2113 ), #2619, .T. ) ;
#1554 = ORIENTED_EDGE ( 'NONE', *, *, #2471, .F. ) ;
#1555 = DIRECTION ( 'NONE',  ( 0.000000000000000000, 1.000000000000000000, -0.000000000000000000 ) ) ;
#1556 = CARTESIAN_POINT ( 'NONE',  ( 623.1567381882844074, -1149.805262667904117, 628.0000000000001137 ) ) ;
#1557 = DIRECTION ( 'NONE',  ( 0.000000000000000000, 0.000000000000000000, 1.000000000000000000 ) ) ;
#1558 = CYLINDRICAL_SURFACE ( 'NONE', #2623, 1.000000000000000888 ) ;
#1559 = FACE_OUTER_BOUND ( 'NONE', #1093, .T. ) ;
#1560 = EDGE_CURVE ( 'NONE', #1150, #87, #2907, .T. ) ;
#1561 = DIRECTION ( 'NONE',  ( 1.000000000000000000, 0.000000000000000000, 0.000000000000000000 ) ) ;
#1562 = DIRECTION ( 'NONE',  ( 1.000000000000000000, 0.000000000000000000, 0.000000000000000000 ) ) ;
#1563 = DIRECTION ( 'NONE',  ( -0.000000000000000000, 0.000000000000000000, 1.000000000000000000 ) ) ;
#1564 = PLANE ( 'NONE',  #2779 ) ;
#1565 = EDGE_CURVE ( 'NONE', #1108, #213, #150, .T. ) ;
#1566 = EDGE_LOOP ( 'NONE', ( #2952, #1355, #3217, #1692 ) ) ;
#1567 = APPROVAL_ROLE ( '' ) ;
#1568 = ORIENTED_EDGE ( 'NONE', *, *, #505, .T. ) ;
#1569 = CARTESIAN_POINT ( 'NONE',  ( 1090.972523324353915, -1096.805262667903889, 625.0000000000001137 ) ) ;
#1570 = DIRECTION ( 'NONE',  ( 1.000000000000000000, 0.000000000000000000, 0.000000000000000000 ) ) ;
#1571 = AXIS2_PLACEMENT_3D ( 'NONE', #635, #1833, #305 ) ;
#1572 = DIRECTION ( 'NONE',  ( 1.000000000000000000, 0.000000000000000000, 0.000000000000000000 ) ) ;
#1573 = VECTOR ( 'NONE', #2392, 1000.000000000000000 ) ;
#1574 = LINE ( 'NONE', #361, #908 ) ;
#1575 = CARTESIAN_POINT ( 'NONE',  ( -309.8999999999996362, -1093.805262667904117, 625.0000000000001137 ) ) ;
#1576 = ORIENTED_EDGE ( 'NONE', *, *, #691, .T. ) ;
#1577 = DIRECTION ( 'NONE',  ( -0.000000000000000000, 0.000000000000000000, 1.000000000000000000 ) ) ;
#1578 = CARTESIAN_POINT ( 'NONE',  ( -998.9999999999996589, -1146.305262667904117, 625.0000000000000000 ) ) ;
#1579 = CARTESIAN_POINT ( 'NONE',  ( -313.0999999999996248, -1160.805262667903662, 628.0000000000001137 ) ) ;
#1580 = ORIENTED_EDGE ( 'NONE', *, *, #2796, .T. ) ;
#1581 = PERSON_AND_ORGANIZATION_ROLE ( 'creator' ) ;
#1582 = EDGE_CURVE ( 'NONE', #2121, #3127, #1138, .T. ) ;
#1583 = EDGE_LOOP ( 'NONE', ( #2366, #798, #48, #2655 ) ) ;
#1584 = AXIS2_PLACEMENT_3D ( 'NONE', #256, #1540, #1762 ) ;
#1585 = ORIENTED_EDGE ( 'NONE', *, *, #821, .T. ) ;
#1586 = FACE_OUTER_BOUND ( 'NONE', #882, .T. ) ;
#1587 = CIRCLE ( 'NONE', #1270, 5.000000000000004441 ) ;
#1588 = CARTESIAN_POINT ( 'NONE',  ( -623.1567381882844074, -1149.805262667904117, 628.0000000000001137 ) ) ;
#1589 = CARTESIAN_POINT ( 'NONE',  ( -628.1567381882845211, -1113.805262667904117, 628.0000000000001137 ) ) ;
#1590 = EDGE_LOOP ( 'NONE', ( #3185, #3187, #3106, #3177 ) ) ;
#1591 = AXIS2_PLACEMENT_3D ( 'NONE', #1578, #2078, #1837 ) ;
#1592 = VECTOR ( 'NONE', #2638, 1000.000000000000000 ) ;
#1593 = LINE ( 'NONE', #2568, #736 ) ;
#1594 = CARTESIAN_POINT ( 'NONE',  ( -523.1000000000005912, -1155.805262667904344, 628.0000000000001137 ) ) ;
#1595 = AXIS2_PLACEMENT_3D ( 'NONE', #2450, #1452, #2982 ) ;
#1596 = ORIENTED_EDGE ( 'NONE', *, *, #596, .T. ) ;
#1597 = AXIS2_PLACEMENT_3D ( 'NONE', #2712, #1975, #2973 ) ;
#1598 = DIRECTION ( 'NONE',  ( -0.000000000000000000, 0.000000000000000000, 1.000000000000000000 ) ) ;
#1599 = DIRECTION ( 'NONE',  ( -1.000000000000000000, -0.000000000000000000, -0.000000000000000000 ) ) ;
#1600 = PLANE ( 'NONE',  #1641 ) ;
#1601 = ORIENTED_EDGE ( 'NONE', *, *, #2435, .T. ) ;
#1602 = EDGE_CURVE ( 'NONE', #2365, #784, #2951, .T. ) ;
#1603 = ORIENTED_EDGE ( 'NONE', *, *, #2720, .T. ) ;
#1604 = DIRECTION ( 'NONE',  ( 1.000000000000000000, 0.000000000000000000, 0.000000000000000000 ) ) ;
#1605 = CARTESIAN_POINT ( 'NONE',  ( 990.0000000000006821, -1108.305262667903662, 628.0000000000001137 ) ) ;
#1606 = CARTESIAN_POINT ( 'NONE',  ( 633.1567381882846348, -1149.805262667904117, 628.0000000000001137 ) ) ;
#1607 = EDGE_CURVE ( 'NONE', #1840, #894, #501, .T. ) ;
#1608 = VERTEX_POINT ( 'NONE', #1204 ) ;
#1609 = DIRECTION ( 'NONE',  ( 0.000000000000000000, -0.000000000000000000, -1.000000000000000000 ) ) ;
#1610 = DIRECTION ( 'NONE',  ( -0.000000000000000000, 0.000000000000000000, 1.000000000000000000 ) ) ;
#1611 = EDGE_LOOP ( 'NONE', ( #2867, #1370, #179, #2999 ) ) ;
#1612 = CARTESIAN_POINT ( 'NONE',  ( -633.1567381882846348, -1149.805262667904117, 628.0000000000001137 ) ) ;
#1613 = DIRECTION ( 'NONE',  ( -0.000000000000000000, 0.000000000000000000, 1.000000000000000000 ) ) ;
#1614 = DIRECTION ( 'NONE',  ( -1.000000000000000000, 0.000000000000000000, -0.000000000000000000 ) ) ;
#1615 = ORIENTED_EDGE ( 'NONE', *, *, #1986, .F. ) ;
#1616 = APPLICATION_PROTOCOL_DEFINITION ( 'international standard', 'config_control_design', 1994, #2687 ) ;
#1617 = EDGE_CURVE ( 'NONE', #247, #2815, #726, .T. ) ;
#1618 = VERTEX_POINT ( 'NONE', #2693 ) ;
#1619 = DIRECTION ( 'NONE',  ( -0.000000000000000000, 0.000000000000000000, 1.000000000000000000 ) ) ;
#1620 = EDGE_CURVE ( 'NONE', #3229, #1450, #78, .T. ) ;
#1621 = CARTESIAN_POINT ( 'NONE',  ( 999.9999999999996589, -1117.305262667903662, 628.0000000000000000 ) ) ;
#1622 = CARTESIAN_POINT ( 'NONE',  ( -998.9999999999996589, -1149.305262667904344, 628.0000000000000000 ) ) ;
#1623 = ORIENTED_EDGE ( 'NONE', *, *, #1734, .T. ) ;
#1624 = DIRECTION ( 'NONE',  ( 1.000000000000000000, 0.000000000000000000, 0.000000000000000000 ) ) ;
#1625 = EDGE_CURVE ( 'NONE', #687, #355, #489, .T. ) ;
#1626 = FACE_BOUND ( 'NONE', #2913, .T. ) ;
#1627 = AXIS2_PLACEMENT_3D ( 'NONE', #219, #1760, #985 ) ;
#1628 = CARTESIAN_POINT ( 'NONE',  ( 981.4999999999996589, -1096.805262667903889, 631.0000000000001137 ) ) ;
#1629 = DIRECTION ( 'NONE',  ( -0.000000000000000000, 0.000000000000000000, 1.000000000000000000 ) ) ;
#1630 = ORIENTED_EDGE ( 'NONE', *, *, #2112, .T. ) ;
#1631 = EDGE_CURVE ( 'NONE', #2751, #1492, #2220, .T. ) ;
#1632 = ORIENTED_EDGE ( 'NONE', *, *, #2471, .T. ) ;
#1633 = LINE ( 'NONE', #160, #54 ) ;
#1634 = DIRECTION ( 'NONE',  ( 1.000000000000000000, -0.000000000000000000, -0.000000000000000000 ) ) ;
#1635 = CARTESIAN_POINT ( 'NONE',  ( -998.9999999999996589, -1145.305262667904344, 628.0000000000000000 ) ) ;
#1636 = ORIENTED_EDGE ( 'NONE', *, *, #2855, .F. ) ;
#1637 = DIRECTION ( 'NONE',  ( 1.000000000000000000, 0.000000000000000000, 0.000000000000000000 ) ) ;
#1638 = CIRCLE ( 'NONE', #2044, 5.000000000000004441 ) ;
#1639 = LINE ( 'NONE', #1398, #1076 ) ;
#1640 = CIRCLE ( 'NONE', #2314, 5.000000000000004441 ) ;
#1641 = AXIS2_PLACEMENT_3D ( 'NONE', #119, #2117, #3111 ) ;
#1642 = ADVANCED_FACE ( 'NONE', ( #1441 ), #3183, .T. ) ;
#1643 = AXIS2_PLACEMENT_3D ( 'NONE', #1352, #103, #330 ) ;
#1644 = CARTESIAN_POINT ( 'NONE',  ( -981.4999999999995453, -1163.805262667904117, 628.0000000000001137 ) ) ;
#1645 = DIRECTION ( 'NONE',  ( 1.000000000000000000, -0.000000000000000000, 0.000000000000000000 ) ) ;
#1646 = AXIS2_PLACEMENT_3D ( 'NONE', #1868, #2407, #395 ) ;
#1647 = ORIENTED_EDGE ( 'NONE', *, *, #3201, .T. ) ;
#1648 = DIRECTION ( 'NONE',  ( -1.000000000000000000, -0.000000000000000000, -0.000000000000000000 ) ) ;
#1649 = CIRCLE ( 'NONE', #2105, 3.000000000000002665 ) ;
#1650 = ORIENTED_EDGE ( 'NONE', *, *, #2897, .T. ) ;
#1651 = ORIENTED_EDGE ( 'NONE', *, *, #1071, .T. ) ;
#1652 = CARTESIAN_POINT ( 'NONE',  ( 633.1567381882846348, -1113.805262667904117, 628.0000000000001137 ) ) ;
#1653 = ADVANCED_FACE ( 'NONE', ( #483 ), #2922, .T. ) ;
#1654 = CARTESIAN_POINT ( 'NONE',  ( 998.9999999999996589, -1114.305262667903435, 628.0000000000000000 ) ) ;
#1655 = DIRECTION ( 'NONE',  ( 1.000000000000000000, 0.000000000000000000, 0.000000000000000000 ) ) ;
#1656 = VERTEX_POINT ( 'NONE', #1483 ) ;
#1657 = CARTESIAN_POINT ( 'NONE',  ( 981.4999999999996589, -1166.805262667904117, 625.0000000000001137 ) ) ;
#1658 = ADVANCED_FACE ( 'NONE', ( #1255 ), #208, .T. ) ;
#1659 = CARTESIAN_POINT ( 'NONE',  ( 523.1000000000004775, -1149.805262667904344, 628.0000000000001137 ) ) ;
#1660 = DIRECTION ( 'NONE',  ( 1.000000000000000000, 0.000000000000000000, 0.000000000000000000 ) ) ;
#1661 = EDGE_CURVE ( 'NONE', #2696, #1416, #2436, .T. ) ;
#1662 = CARTESIAN_POINT ( 'NONE',  ( 623.1567381882844074, -1149.805262667904117, 625.0000000000001137 ) ) ;
#1663 = ORIENTED_EDGE ( 'NONE', *, *, #538, .F. ) ;
#1664 = VERTEX_POINT ( 'NONE', #221 ) ;
#1665 = VERTEX_POINT ( 'NONE', #2188 ) ;
#1666 = DIRECTION ( 'NONE',  ( 0.000000000000000000, -1.000000000000000000, 0.000000000000000000 ) ) ;
#1667 = LINE ( 'NONE', #1952, #482 ) ;
#1668 = EDGE_LOOP ( 'NONE', ( #52, #1603, #446, #2369 ) ) ;
#1669 = DIRECTION ( 'NONE',  ( 0.000000000000000000, -0.000000000000000000, -1.000000000000000000 ) ) ;
#1670 = AXIS2_PLACEMENT_3D ( 'NONE', #2401, #388, #2671 ) ;
#1671 = CARTESIAN_POINT ( 'NONE',  ( 309.8999999999996362, -1154.805262667903889, 625.0000000000001137 ) ) ;
#1672 = DIRECTION ( 'NONE',  ( -0.000000000000000000, 0.000000000000000000, 1.000000000000000000 ) ) ;
#1673 = AXIS2_PLACEMENT_3D ( 'NONE', #1811, #2804, #1863 ) ;
#1674 = ORIENTED_EDGE ( 'NONE', *, *, #59, .T. ) ;
#1675 = VECTOR ( 'NONE', #403, 1000.000000000000000 ) ;
#1676 = VERTEX_POINT ( 'NONE', #2237 ) ;
#1677 = EDGE_LOOP ( 'NONE', ( #144, #3142, #2957, #1034 ) ) ;
#1678 = ADVANCED_FACE ( 'NONE', ( #3212 ), #986, .T. ) ;
#1679 = FACE_OUTER_BOUND ( 'NONE', #2397, .T. ) ;
#1680 = CARTESIAN_POINT ( 'NONE',  ( 995.9999999999995453, -1093.805262667904117, 625.0000000000001137 ) ) ;
#1681 = ORIENTED_EDGE ( 'NONE', *, *, #1889, .F. ) ;
#1682 = CARTESIAN_POINT ( 'NONE',  ( 1090.972523324353915, -1155.805262667904344, 625.0000000000001137 ) ) ;
#1683 = VECTOR ( 'NONE', #2792, 1000.000000000000000 ) ;
#1684 = CARTESIAN_POINT ( 'NONE',  ( 981.4999999999996589, -1099.805262667904117, 631.0000000000001137 ) ) ;
#1685 = AXIS2_PLACEMENT_3D ( 'NONE', #1589, #2070, #2587 ) ;
#1686 = CARTESIAN_POINT ( 'NONE',  ( 1090.972523324353915, -1149.805262667904344, 628.0000000000001137 ) ) ;
#1687 = CIRCLE ( 'NONE', #800, 1.000000000000000888 ) ;
#1688 = ORIENTED_EDGE ( 'NONE', *, *, #72, .T. ) ;
#1689 = AXIS2_PLACEMENT_3D ( 'NONE', #1883, #2879, #638 ) ;
#1690 = DIRECTION ( 'NONE',  ( 1.000000000000000000, -0.000000000000000000, 0.000000000000000000 ) ) ;
#1691 = VECTOR ( 'NONE', #2825, 1000.000000000000000 ) ;
#1692 = ORIENTED_EDGE ( 'NONE', *, *, #2657, .F. ) ;
#1693 = VERTEX_POINT ( 'NONE', #1194 ) ;
#1694 = CARTESIAN_POINT ( 'NONE',  ( 995.9999999999995453, -1155.305262667904344, 625.0000000000001137 ) ) ;
#1695 = AXIS2_PLACEMENT_3D ( 'NONE', #1345, #11, #1019 ) ;
#1696 = CYLINDRICAL_SURFACE ( 'NONE', #125, 8.499999999999729994 ) ;
#1697 = EDGE_CURVE ( 'NONE', #2391, #2666, #1967, .T. ) ;
#1698 = EDGE_LOOP ( 'NONE', ( #1585, #528, #1702, #1348 ) ) ;
#1699 = CARTESIAN_POINT ( 'NONE',  ( 981.4999999999996589, -1093.805262667904117, 625.0000000000001137 ) ) ;
#1700 = DIRECTION ( 'NONE',  ( 0.000000000000000000, 1.000000000000000000, -0.000000000000000000 ) ) ;
#1701 = CARTESIAN_POINT ( 'NONE',  ( -998.9999999999996589, -1117.305262667903662, 625.0000000000000000 ) ) ;
#1702 = ORIENTED_EDGE ( 'NONE', *, *, #3004, .T. ) ;
#1703 = DIRECTION ( 'NONE',  ( -0.000000000000000000, -1.000000000000000000, 0.000000000000000000 ) ) ;
#1704 = ORIENTED_EDGE ( 'NONE', *, *, #2340, .T. ) ;
#1705 = VERTEX_POINT ( 'NONE', #1724 ) ;
#1706 = ADVANCED_FACE ( 'NONE', ( #2482 ), #1499, .T. ) ;
#1707 = CARTESIAN_POINT ( 'NONE',  ( 996.0000000000003411, -1093.805262667904117, 628.0000000000001137 ) ) ;
#1708 = FACE_OUTER_BOUND ( 'NONE', #1917, .T. ) ;
#1709 = ORIENTED_EDGE ( 'NONE', *, *, #136, .T. ) ;
#1710 = DIRECTION ( 'NONE',  ( -0.000000000000000000, 0.000000000000000000, -1.000000000000000000 ) ) ;
#1711 = DIRECTION ( 'NONE',  ( 0.000000000000000000, 0.000000000000000000, -1.000000000000000000 ) ) ;
#1712 = ADVANCED_FACE ( 'NONE', ( #1003 ), #2938, .T. ) ;
#1713 = DIRECTION ( 'NONE',  ( -1.000000000000000000, 0.000000000000000000, 0.000000000000000000 ) ) ;
#1714 = ORIENTED_EDGE ( 'NONE', *, *, #316, .F. ) ;
#1715 = PLANE ( 'NONE',  #1597 ) ;
#1716 = ORIENTED_EDGE ( 'NONE', *, *, #481, .T. ) ;
#1717 = ORIENTED_EDGE ( 'NONE', *, *, #2194, .F. ) ;
#1718 = AXIS2_PLACEMENT_3D ( 'NONE', #1569, #2068, #3069 ) ;
#1719 =( NAMED_UNIT ( * ) SI_UNIT ( $, .STERADIAN. ) SOLID_ANGLE_UNIT ( ) );
#1720 = LINE ( 'NONE', #286, #326 ) ;
#1721 = CARTESIAN_POINT ( 'NONE',  ( -309.8999999999996362, -1102.805262667903889, 628.0000000000001137 ) ) ;
#1722 = VERTEX_POINT ( 'NONE', #3032 ) ;
#1723 = LINE ( 'NONE', #1054, #3083 ) ;
#1724 = CARTESIAN_POINT ( 'NONE',  ( -998.9999999999996589, -1145.305262667904344, 628.0000000000000000 ) ) ;
#1725 = DIRECTION ( 'NONE',  ( -0.000000000000000000, 0.000000000000000000, 1.000000000000000000 ) ) ;
#1726 = ORIENTED_EDGE ( 'NONE', *, *, #2577, .F. ) ;
#1727 = LINE ( 'NONE', #2072, #2516 ) ;
#1728 = CARTESIAN_POINT ( 'NONE',  ( 519.9000000000004320, -1093.805262667904117, 628.0000000000001137 ) ) ;
#1729 = EDGE_CURVE ( 'NONE', #1976, #1450, #1225, .T. ) ;
#1730 = EDGE_LOOP ( 'NONE', ( #2010, #2733, #228, #198 ) ) ;
#1731 = AXIS2_PLACEMENT_3D ( 'NONE', #1369, #1414, #3096 ) ;
#1732 = DIRECTION ( 'NONE',  ( -1.000000000000000000, -0.000000000000000000, -0.000000000000000000 ) ) ;
#1733 = CARTESIAN_POINT ( 'NONE',  ( 1090.972523324353915, -1118.305262667903435, 625.0000000000001137 ) ) ;
#1734 = EDGE_CURVE ( 'NONE', #2043, #2330, #532, .T. ) ;
#1735 = VERTEX_POINT ( 'NONE', #2034 ) ;
#1736 = VECTOR ( 'NONE', #1298, 1000.000000000000000 ) ;
#1737 = CIRCLE ( 'NONE', #3146, 5.000000000000115463 ) ;
#1738 = ORIENTED_EDGE ( 'NONE', *, *, #756, .T. ) ;
#1739 = CARTESIAN_POINT ( 'NONE',  ( -523.1000000000005912, -1093.805262667904117, 625.0000000000001137 ) ) ;
#1740 = FACE_OUTER_BOUND ( 'NONE', #301, .T. ) ;
#1741 = AXIS2_PLACEMENT_3D ( 'NONE', #1077, #3060, #1913 ) ;
#1742 = VERTEX_POINT ( 'NONE', #796 ) ;
#1743 = AXIS2_PLACEMENT_3D ( 'NONE', #857, #2537, #520 ) ;
#1744 = FACE_OUTER_BOUND ( 'NONE', #869, .T. ) ;
#1745 = CARTESIAN_POINT ( 'NONE',  ( -519.9000000000004320, -1149.805262667904344, 628.0000000000001137 ) ) ;
#1746 = DIRECTION ( 'NONE',  ( 1.000000000000000000, 0.000000000000000000, 0.000000000000000000 ) ) ;
#1747 = LINE ( 'NONE', #503, #1264 ) ;
#1748 = EDGE_CURVE ( 'NONE', #2743, #1207, #46, .T. ) ;
#1749 = CARTESIAN_POINT ( 'NONE',  ( -313.0999999999996248, -1108.805262667903889, 628.0000000000001137 ) ) ;
#1750 = ORIENTED_EDGE ( 'NONE', *, *, #1773, .F. ) ;
#1751 = EDGE_CURVE ( 'NONE', #3176, #1416, #3016, .T. ) ;
#1752 = FACE_OUTER_BOUND ( 'NONE', #1566, .T. ) ;
#1753 = ORIENTED_EDGE ( 'NONE', *, *, #1190, .F. ) ;
#1754 = ORIENTED_EDGE ( 'NONE', *, *, #409, .F. ) ;
#1755 = DIRECTION ( 'NONE',  ( 0.000000000000000000, -1.000000000000000000, 0.000000000000000000 ) ) ;
#1756 = EDGE_CURVE ( 'NONE', #1735, #1995, #1795, .T. ) ;
#1757 = EDGE_CURVE ( 'NONE', #1802, #679, #1800, .T. ) ;
#1758 = DIRECTION ( 'NONE',  ( -1.000000000000000000, -0.000000000000000000, -0.000000000000000000 ) ) ;
#1759 = EDGE_LOOP ( 'NONE', ( #733, #1377, #853, #820 ) ) ;
#1760 = DIRECTION ( 'NONE',  ( -0.000000000000000000, 0.000000000000000000, 1.000000000000000000 ) ) ;
#1761 = DIRECTION ( 'NONE',  ( 0.000000000000000000, -1.000000000000000000, 0.000000000000000000 ) ) ;
#1762 = DIRECTION ( 'NONE',  ( 0.000000000000000000, -1.000000000000000000, 0.000000000000000000 ) ) ;
#1763 = ORIENTED_EDGE ( 'NONE', *, *, #2709, .F. ) ;
#1764 = LINE ( 'NONE', #2968, #1469 ) ;
#1765 = CARTESIAN_POINT ( 'NONE',  ( -519.9000000000004320, -1093.805262667904117, 628.0000000000001137 ) ) ;
#1766 = EDGE_CURVE ( 'NONE', #1550, #2777, #2273, .T. ) ;
#1767 = ORIENTED_EDGE ( 'NONE', *, *, #1943, .T. ) ;
#1768 = LINE ( 'NONE', #281, #2520 ) ;
#1769 = ORIENTED_EDGE ( 'NONE', *, *, #1025, .F. ) ;
#1770 = ORIENTED_EDGE ( 'NONE', *, *, #31, .T. ) ;
#1771 = LINE ( 'NONE', #741, #858 ) ;
#1772 = CIRCLE ( 'NONE', #2300, 1.000000000000000888 ) ;
#1773 = EDGE_CURVE ( 'NONE', #2419, #2747, #3070, .T. ) ;
#1774 = EDGE_LOOP ( 'NONE', ( #622, #1064, #2933, #1906 ) ) ;
#1775 = DIRECTION ( 'NONE',  ( 0.000000000000000000, -1.000000000000000000, 0.000000000000000000 ) ) ;
#1776 = DIRECTION ( 'NONE',  ( 1.000000000000000000, 0.000000000000000000, 0.000000000000000000 ) ) ;
#1777 = CARTESIAN_POINT ( 'NONE',  ( 519.9000000000004320, -1093.805262667904117, 625.0000000000001137 ) ) ;
#1778 = VERTEX_POINT ( 'NONE', #1556 ) ;
#1779 = CARTESIAN_POINT ( 'NONE',  ( -633.1567381882846348, -1113.805262667904117, 628.0000000000001137 ) ) ;
#1780 = PLANE ( 'NONE',  #2585 ) ;
#1781 = ORIENTED_EDGE ( 'NONE', *, *, #3125, .T. ) ;
#1782 = CYLINDRICAL_SURFACE ( 'NONE', #2470, 8.499999999999729994 ) ;
#1783 = DIRECTION ( 'NONE',  ( -1.000000000000000000, -0.000000000000000000, -0.000000000000000000 ) ) ;
#1784 = DIRECTION ( 'NONE',  ( -1.000000000000000000, 0.000000000000000000, 0.000000000000000000 ) ) ;
#1785 = VERTEX_POINT ( 'NONE', #1588 ) ;
#1786 = ORIENTED_EDGE ( 'NONE', *, *, #1519, .F. ) ;
#1787 = AXIS2_PLACEMENT_3D ( 'NONE', #2689, #430, #2416 ) ;
#1788 = DIRECTION ( 'NONE',  ( 0.000000000000000000, 0.000000000000000000, 1.000000000000000000 ) ) ;
#1789 = AXIS2_PLACEMENT_3D ( 'NONE', #263, #1263, #3218 ) ;
#1790 = APPLICATION_CONTEXT ( 'configuration controlled 3d designs of mechanical parts and assemblies' ) ;
#1791 = EDGE_LOOP ( 'NONE', ( #2457, #2462, #402, #92 ) ) ;
#1792 = CARTESIAN_POINT ( 'NONE',  ( 313.0999999999996248, -1160.805262667903662, 628.0000000000001137 ) ) ;
#1793 = VECTOR ( 'NONE', #88, 1000.000000000000000 ) ;
#1794 = ADVANCED_FACE ( 'NONE', ( #763 ), #2550, .T. ) ;
#1795 = LINE ( 'NONE', #3001, #598 ) ;
#1796 = FACE_OUTER_BOUND ( 'NONE', #595, .T. ) ;
#1797 = VECTOR ( 'NONE', #2440, 1000.000000000000000 ) ;
#1798 = DIRECTION ( 'NONE',  ( 1.000000000000000000, 0.000000000000000000, 0.000000000000000000 ) ) ;
#1799 = EDGE_CURVE ( 'NONE', #1656, #1099, #1390, .T. ) ;
#1800 = CIRCLE ( 'NONE', #2271, 1.000000000000000888 ) ;
#1801 = CARTESIAN_POINT ( 'NONE',  ( 633.1567381882846348, -1113.805262667904117, 628.0000000000001137 ) ) ;
#1802 = VERTEX_POINT ( 'NONE', #2512 ) ;
#1803 = CARTESIAN_POINT ( 'NONE',  ( 976.4999999999996589, -1166.805262667904117, 675.0000000000002274 ) ) ;
#1804 = PLANE ( 'NONE',  #2046 ) ;
#1805 = DIRECTION ( 'NONE',  ( -0.000000000000000000, -1.000000000000000000, 0.000000000000000000 ) ) ;
#1806 = VERTEX_POINT ( 'NONE', #2017 ) ;
#1807 = ORIENTED_EDGE ( 'NONE', *, *, #3167, .T. ) ;
#1808 = SECURITY_CLASSIFICATION_LEVEL ( 'unclassified' ) ;
#1809 = EDGE_CURVE ( 'NONE', #3165, #646, #1023, .T. ) ;
#1810 = ORIENTED_EDGE ( 'NONE', *, *, #3160, .T. ) ;
#1811 = CARTESIAN_POINT ( 'NONE',  ( 313.0999999999996248, -1102.805262667903889, 628.0000000000001137 ) ) ;
#1812 = DIRECTION ( 'NONE',  ( 0.000000000000000000, -1.000000000000000000, 0.000000000000000000 ) ) ;
#1813 = CARTESIAN_POINT ( 'NONE',  ( -999.9999999999995453, -1093.805262667904117, 625.0000000000001137 ) ) ;
#1814 = DIRECTION ( 'NONE',  ( -0.000000000000000000, 0.000000000000000000, 1.000000000000000000 ) ) ;
#1815 = DIRECTION ( 'NONE',  ( 0.000000000000000000, -0.000000000000000000, 1.000000000000000000 ) ) ;
#1816 = EDGE_CURVE ( 'NONE', #1693, #713, #2771, .T. ) ;
#1817 = ORIENTED_EDGE ( 'NONE', *, *, #965, .T. ) ;
#1818 = CARTESIAN_POINT ( 'NONE',  ( 313.0999999999996248, -1108.805262667903889, 628.0000000000001137 ) ) ;
#1819 = DIRECTION ( 'NONE',  ( 0.000000000000000000, 1.000000000000000000, 0.000000000000000000 ) ) ;
#1820 = LINE ( 'NONE', #2814, #2421 ) ;
#1821 = EDGE_LOOP ( 'NONE', ( #2659, #20, #1243, #1916 ) ) ;
#1822 = EDGE_LOOP ( 'NONE', ( #1084, #1859 ) ) ;
#1823 = CALENDAR_DATE ( 2026, 11, 7 ) ;
#1824 = CARTESIAN_POINT ( 'NONE',  ( 1003.999999999998636, -1150.305262667904117, 628.0000000000000000 ) ) ;
#1825 = ORIENTED_EDGE ( 'NONE', *, *, #316, .T. ) ;
#1826 = PLANE ( 'NONE',  #571 ) ;
#1827 = EDGE_CURVE ( 'NONE', #1008, #2454, #1539, .T. ) ;
#1828 = DIRECTION ( 'NONE',  ( -1.000000000000000000, -0.000000000000000000, 0.000000000000000000 ) ) ;
#1829 = VECTOR ( 'NONE', #288, 1000.000000000000000 ) ;
#1830 = CARTESIAN_POINT ( 'NONE',  ( 313.0999999999996248, -1093.805262667904117, 625.0000000000001137 ) ) ;
#1831 = ORIENTED_EDGE ( 'NONE', *, *, #1881, .F. ) ;
#1832 = AXIS2_PLACEMENT_3D ( 'NONE', #474, #1788, #2081 ) ;
#1833 = DIRECTION ( 'NONE',  ( -0.000000000000000000, 0.000000000000000000, 1.000000000000000000 ) ) ;
#1834 = LINE ( 'NONE', #1575, #2786 ) ;
#1835 = VERTEX_POINT ( 'NONE', #2534 ) ;
#1836 = DIRECTION ( 'NONE',  ( 1.000000000000000000, 0.000000000000000000, 0.000000000000000000 ) ) ;
#1837 = DIRECTION ( 'NONE',  ( 1.000000000000000000, 0.000000000000000000, 0.000000000000000000 ) ) ;
#1838 = EDGE_CURVE ( 'NONE', #3229, #2404, #1518, .T. ) ;
#1839 = DIRECTION ( 'NONE',  ( -0.000000000000000000, 0.000000000000000000, 1.000000000000000000 ) ) ;
#1840 = VERTEX_POINT ( 'NONE', #81 ) ;
#1841 = EDGE_CURVE ( 'NONE', #1676, #1130, #2051, .T. ) ;
#1842 = VECTOR ( 'NONE', #3088, 1000.000000000000000 ) ;
#1843 = ORIENTED_EDGE ( 'NONE', *, *, #2248, .F. ) ;
#1844 = CARTESIAN_POINT ( 'NONE',  ( -628.1567381882845211, -1113.805262667904117, 625.0000000000001137 ) ) ;
#1845 = VECTOR ( 'NONE', #1645, 1000.000000000000000 ) ;
#1846 = PLANE ( 'NONE',  #2941 ) ;
#1847 = DIRECTION ( 'NONE',  ( 1.000000000000000000, 0.000000000000000000, 0.000000000000000000 ) ) ;
#1848 = ORIENTED_EDGE ( 'NONE', *, *, #1531, .T. ) ;
#1849 = CIRCLE ( 'NONE', #429, 1.000000000000000888 ) ;
#1850 = DIRECTION ( 'NONE',  ( -1.000000000000000000, 0.000000000000000000, 0.000000000000000000 ) ) ;
#1851 = FACE_BOUND ( 'NONE', #3198, .T. ) ;
#1852 = VECTOR ( 'NONE', #1166, 1000.000000000000000 ) ;
#1853 = EDGE_CURVE ( 'NONE', #646, #2488, #815, .T. ) ;
#1854 = ORIENTED_EDGE ( 'NONE', *, *, #120, .T. ) ;
#1855 = CIRCLE ( 'NONE', #3202, 1.000000000000000888 ) ;
#1856 = DIRECTION ( 'NONE',  ( 0.000000000000000000, 1.000000000000000000, -0.000000000000000000 ) ) ;
#1857 = CARTESIAN_POINT ( 'NONE',  ( 523.1000000000004775, -1149.805262667904344, 628.0000000000001137 ) ) ;
#1858 = DIRECTION ( 'NONE',  ( -0.000000000000000000, 0.000000000000000000, 1.000000000000000000 ) ) ;
#1859 = ORIENTED_EDGE ( 'NONE', *, *, #1082, .T. ) ;
#1860 = ADVANCED_FACE ( 'NONE', ( #580 ), #342, .F. ) ;
#1861 = APPROVAL_STATUS ( 'not_yet_approved' ) ;
#1862 = ORIENTED_EDGE ( 'NONE', *, *, #3054, .T. ) ;
#1863 = DIRECTION ( 'NONE',  ( 0.000000000000000000, -1.000000000000000000, 0.000000000000000000 ) ) ;
#1864 = CARTESIAN_POINT ( 'NONE',  ( 519.9000000000004320, -1113.805262667903662, 628.0000000000001137 ) ) ;
#1865 = CYLINDRICAL_SURFACE ( 'NONE', #2673, 1.000000000000000888 ) ;
#1866 = ORIENTED_EDGE ( 'NONE', *, *, #2112, .F. ) ;
#1867 = CARTESIAN_POINT ( 'NONE',  ( -981.4999999999995453, -1099.805262667904117, 628.0000000000001137 ) ) ;
#1868 = CARTESIAN_POINT ( 'NONE',  ( -1003.999999999998636, -1118.305262667903435, 628.0000000000000000 ) ) ;
#1869 = CARTESIAN_POINT ( 'NONE',  ( -981.4999999999995453, -1169.805262667904117, 625.0000000000001137 ) ) ;
#1870 = FACE_OUTER_BOUND ( 'NONE', #2338, .T. ) ;
#1871 = ORIENTED_EDGE ( 'NONE', *, *, #832, .F. ) ;
#1872 = EDGE_LOOP ( 'NONE', ( #76, #491, #1433, #2150 ) ) ;
#1873 = VERTEX_POINT ( 'NONE', #2613 ) ;
#1874 = DIRECTION ( 'NONE',  ( 1.000000000000000000, -0.000000000000000000, 0.000000000000000000 ) ) ;
#1875 = DIRECTION ( 'NONE',  ( -0.000000000000000000, -0.000000000000000000, -1.000000000000000000 ) ) ;
#1876 = LINE ( 'NONE', #2873, #2102 ) ;
#1877 = ADVANCED_FACE ( 'NONE', ( #131 ), #1846, .T. ) ;
#1878 = ORIENTED_EDGE ( 'NONE', *, *, #812, .T. ) ;
#1879 = CARTESIAN_POINT ( 'NONE',  ( 309.8999999999996362, -1154.805262667903889, 628.0000000000001137 ) ) ;
#1880 = CARTESIAN_POINT ( 'NONE',  ( -981.4999999999995453, -1096.805262667904117, 631.0000000000001137 ) ) ;
#1881 = EDGE_CURVE ( 'NONE', #2685, #945, #1134, .T. ) ;
#1882 = VECTOR ( 'NONE', #1193, 1000.000000000000000 ) ;
#1883 = CARTESIAN_POINT ( 'NONE',  ( 998.9999999999996589, -1149.305262667904344, 628.0000000000000000 ) ) ;
#1884 = DIRECTION ( 'NONE',  ( 0.000000000000000000, 1.000000000000000000, 0.000000000000000000 ) ) ;
#1885 = VERTEX_POINT ( 'NONE', #1891 ) ;
#1886 = VERTEX_POINT ( 'NONE', #2842 ) ;
#1887 = ORIENTED_EDGE ( 'NONE', *, *, #2894, .T. ) ;
#1888 = VERTEX_POINT ( 'NONE', #3132 ) ;
#1889 = EDGE_CURVE ( 'NONE', #1108, #1735, #1855, .T. ) ;
#1890 = CARTESIAN_POINT ( 'NONE',  ( -633.1567381882846348, -1113.805262667904117, 625.0000000000001137 ) ) ;
#1891 = CARTESIAN_POINT ( 'NONE',  ( 523.1000000000004775, -1113.805262667903662, 628.0000000000001137 ) ) ;
#1892 = CARTESIAN_POINT ( 'NONE',  ( 981.4999999999996589, -1169.805262667904117, 670.0000000000002274 ) ) ;
#1893 = VERTEX_POINT ( 'NONE', #1864 ) ;
#1894 = LINE ( 'NONE', #2950, #2708 ) ;
#1895 = VECTOR ( 'NONE', #1224, 1000.000000000000000 ) ;
#1896 = EDGE_CURVE ( 'NONE', #3051, #713, #392, .T. ) ;
#1897 = FACE_BOUND ( 'NONE', #2686, .T. ) ;
#1898 = VECTOR ( 'NONE', #2594, 1000.000000000000000 ) ;
#1899 = VECTOR ( 'NONE', #1437, 1000.000000000000000 ) ;
#1900 = EDGE_CURVE ( 'NONE', #1873, #2308, #1161, .T. ) ;
#1901 = AXIS2_PLACEMENT_3D ( 'NONE', #909, #2177, #1902 ) ;
#1902 = DIRECTION ( 'NONE',  ( 0.000000000000000000, 0.000000000000000000, 1.000000000000000000 ) ) ;
#1903 = FACE_OUTER_BOUND ( 'NONE', #1504, .T. ) ;
#1904 = AXIS2_PLACEMENT_3D ( 'NONE', #1684, #254, #1711 ) ;
#1905 = VERTEX_POINT ( 'NONE', #2402 ) ;
#1906 = ORIENTED_EDGE ( 'NONE', *, *, #2855, .T. ) ;
#1907 = ORIENTED_EDGE ( 'NONE', *, *, #197, .T. ) ;
#1908 = DIRECTION ( 'NONE',  ( -0.000000000000000000, -0.000000000000000000, 1.000000000000000000 ) ) ;
#1909 = DIRECTION ( 'NONE',  ( -0.000000000000000000, 0.000000000000000000, 1.000000000000000000 ) ) ;
#1910 = VERTEX_POINT ( 'NONE', #2871 ) ;
#1911 = CARTESIAN_POINT ( 'NONE',  ( -313.0999999999996248, -1160.805262667903662, 628.0000000000001137 ) ) ;
#1912 = DIRECTION ( 'NONE',  ( 0.000000000000000000, 0.000000000000000000, 1.000000000000000000 ) ) ;
#1913 = DIRECTION ( 'NONE',  ( -0.000000000000000000, 0.000000000000000000, -1.000000000000000000 ) ) ;
#1914 = EDGE_CURVE ( 'NONE', #1705, #1387, #94, .T. ) ;
#1915 = ORIENTED_EDGE ( 'NONE', *, *, #2119, .F. ) ;
#1916 = ORIENTED_EDGE ( 'NONE', *, *, #155, .F. ) ;
#1917 = EDGE_LOOP ( 'NONE', ( #338, #929, #1357, #1419 ) ) ;
#1918 = DIRECTION ( 'NONE',  ( 0.000000000000000000, 1.000000000000000000, -0.000000000000000000 ) ) ;
#1919 = CARTESIAN_POINT ( 'NONE',  ( 313.0999999999996248, -1102.805262667903889, 628.0000000000001137 ) ) ;
#1920 = ORIENTED_EDGE ( 'NONE', *, *, #2785, .F. ) ;
#1921 = LINE ( 'NONE', #165, #3133 ) ;
#1922 = CARTESIAN_POINT ( 'NONE',  ( -628.1567381882845211, -1149.805262667904117, 625.0000000000001137 ) ) ;
#1923 = DIRECTION ( 'NONE',  ( -1.000000000000000000, 0.000000000000000000, 0.000000000000000000 ) ) ;
#1924 = CIRCLE ( 'NONE', #3230, 5.000000000000115463 ) ;
#1925 = ORIENTED_EDGE ( 'NONE', *, *, #14, .T. ) ;
#1926 = SECURITY_CLASSIFICATION ( '', '', #1808 ) ;
#1927 = EDGE_CURVE ( 'NONE', #231, #1205, #2154, .T. ) ;
#1928 = CARTESIAN_POINT ( 'NONE',  ( 523.1000000000004775, -1093.805262667904117, 628.0000000000001137 ) ) ;
#1929 = ORIENTED_EDGE ( 'NONE', *, *, #812, .F. ) ;
#1930 = EDGE_LOOP ( 'NONE', ( #101, #2132, #1576, #513 ) ) ;
#1931 = DIRECTION ( 'NONE',  ( -0.000000000000000000, 0.000000000000000000, 1.000000000000000000 ) ) ;
#1932 = EDGE_CURVE ( 'NONE', #1232, #663, #2887, .T. ) ;
#1933 = LINE ( 'NONE', #1680, #1899 ) ;
#1934 = ORIENTED_EDGE ( 'NONE', *, *, #14, .F. ) ;
#1935 = DIRECTION ( 'NONE',  ( -0.000000000000000000, 0.000000000000000000, 1.000000000000000000 ) ) ;
#1936 = AXIS2_PLACEMENT_3D ( 'NONE', #1091, #2590, #1609 ) ;
#1937 = DIRECTION ( 'NONE',  ( 1.000000000000000000, 0.000000000000000000, 0.000000000000000000 ) ) ;
#1938 = EDGE_LOOP ( 'NONE', ( #2250, #169, #1510, #847 ) ) ;
#1939 = AXIS2_PLACEMENT_3D ( 'NONE', #2658, #2646, #3153 ) ;
#1940 = LINE ( 'NONE', #260, #541 ) ;
#1941 = AXIS2_PLACEMENT_3D ( 'NONE', #1472, #2956, #1028 ) ;
#1942 = CIRCLE ( 'NONE', #2628, 3.000000000000002665 ) ;
#1943 = EDGE_CURVE ( 'NONE', #1873, #3147, #649, .T. ) ;
#1944 = ORIENTED_EDGE ( 'NONE', *, *, #2139, .F. ) ;
#1945 = VECTOR ( 'NONE', #1648, 1000.000000000000000 ) ;
#1946 = CARTESIAN_POINT ( 'NONE',  ( -996.0000000000006821, -1108.305262667903662, 628.0000000000001137 ) ) ;
#1947 = AXIS2_PLACEMENT_3D ( 'NONE', #2809, #2325, #1074 ) ;
#1948 = VERTEX_POINT ( 'NONE', #960 ) ;
#1949 = ORIENTED_EDGE ( 'NONE', *, *, #1196, .F. ) ;
#1950 = CARTESIAN_POINT ( 'NONE',  ( -519.9000000000004320, -1113.805262667903662, 625.0000000000001137 ) ) ;
#1951 = VECTOR ( 'NONE', #2320, 1000.000000000000000 ) ;
#1952 = CARTESIAN_POINT ( 'NONE',  ( -999.9999999999996589, -1117.305262667903662, 628.0000000000000000 ) ) ;
#1953 = ORIENTED_EDGE ( 'NONE', *, *, #1209, .T. ) ;
#1954 = DIRECTION ( 'NONE',  ( 0.000000000000000000, 0.000000000000000000, -1.000000000000000000 ) ) ;
#1955 = DIRECTION ( 'NONE',  ( 1.000000000000000000, 0.000000000000000000, 0.000000000000000000 ) ) ;
#1956 = CARTESIAN_POINT ( 'NONE',  ( -999.9999999999996589, -1113.305262667903662, 628.0000000000000000 ) ) ;
#1957 = EDGE_LOOP ( 'NONE', ( #425, #2133, #707, #1674 ) ) ;
#1958 = ADVANCED_FACE ( 'NONE', ( #2355 ), #632, .F. ) ;
#1959 = LINE ( 'NONE', #2473, #535 ) ;
#1960 = VERTEX_POINT ( 'NONE', #1946 ) ;
#1961 = EDGE_LOOP ( 'NONE', ( #461, #1925, #2833, #1982 ) ) ;
#1962 = CARTESIAN_POINT ( 'NONE',  ( -999.9999999999996589, -1145.305262667904344, 628.0000000000000000 ) ) ;
#1963 = DIRECTION ( 'NONE',  ( -1.000000000000000000, 0.000000000000000000, 0.000000000000000000 ) ) ;
#1964 = EDGE_LOOP ( 'NONE', ( #630, #471, #1247, #931 ) ) ;
#1965 = PLANE ( 'NONE',  #162 ) ;
#1966 = EDGE_CURVE ( 'NONE', #36, #1314, #2994, .T. ) ;
#1967 = LINE ( 'NONE', #953, #2788 ) ;
#1968 = FACE_OUTER_BOUND ( 'NONE', #2642, .T. ) ;
#1969 = VERTEX_POINT ( 'NONE', #1408 ) ;
#1970 = LINE ( 'NONE', #1294, #2101 ) ;
#1971 = EDGE_CURVE ( 'NONE', #1656, #1491, #1649, .T. ) ;
#1972 = DIRECTION ( 'NONE',  ( -0.000000000000000000, 0.000000000000000000, 1.000000000000000000 ) ) ;
#1973 = VECTOR ( 'NONE', #1451, 1000.000000000000000 ) ;
#1974 = VERTEX_POINT ( 'NONE', #358 ) ;
#1975 = DIRECTION ( 'NONE',  ( 0.000000000000000000, 1.000000000000000000, 0.000000000000000000 ) ) ;
#1976 = VERTEX_POINT ( 'NONE', #1605 ) ;
#1977 = ORIENTED_EDGE ( 'NONE', *, *, #1290, .T. ) ;
#1978 = AXIS2_PLACEMENT_3D ( 'NONE', #2370, #129, #1306 ) ;
#1979 = CARTESIAN_POINT ( 'NONE',  ( -999.9999999999995453, -1149.305262667904344, 625.0000000000001137 ) ) ;
#1980 = DIRECTION ( 'NONE',  ( -1.000000000000000000, 0.000000000000000000, -0.000000000000000000 ) ) ;
#1981 = EDGE_CURVE ( 'NONE', #1136, #1995, #1148, .T. ) ;
#1982 = ORIENTED_EDGE ( 'NONE', *, *, #1751, .F. ) ;
#1983 = CARTESIAN_POINT ( 'NONE',  ( 519.9000000000004320, -1155.805262667904344, 628.0000000000001137 ) ) ;
#1984 = DIRECTION ( 'NONE',  ( -0.000000000000000000, 0.000000000000000000, 1.000000000000000000 ) ) ;
#1985 = LINE ( 'NONE', #1275, #1013 ) ;
#1986 = EDGE_CURVE ( 'NONE', #2178, #1285, #161, .T. ) ;
#1987 = CARTESIAN_POINT ( 'NONE',  ( 1090.972523324353915, -1160.805262667903662, 625.0000000000001137 ) ) ;
#1988 = CARTESIAN_POINT ( 'NONE',  ( 1090.972523324353915, -1155.305262667904344, 625.0000000000001137 ) ) ;
#1989 = ADVANCED_FACE ( 'NONE', ( #110 ), #2943, .T. ) ;
#1990 = ORIENTED_EDGE ( 'NONE', *, *, #928, .T. ) ;
#1991 = VECTOR ( 'NONE', #3024, 1000.000000000000000 ) ;
#1992 = FACE_OUTER_BOUND ( 'NONE', #40, .T. ) ;
#1993 = ORIENTED_EDGE ( 'NONE', *, *, #2836, .F. ) ;
#1994 = VECTOR ( 'NONE', #714, 1000.000000000000000 ) ;
#1995 = VERTEX_POINT ( 'NONE', #1621 ) ;
#1996 = CARTESIAN_POINT ( 'NONE',  ( 981.4999999999996589, -1096.805262667903889, 631.0000000000001137 ) ) ;
#1997 = DIRECTION ( 'NONE',  ( -0.000000000000000000, 0.000000000000000000, 1.000000000000000000 ) ) ;
#1998 = VECTOR ( 'NONE', #1238, 1000.000000000000000 ) ;
#1999 = ORIENTED_EDGE ( 'NONE', *, *, #2731, .T. ) ;
#2000 = AXIS2_PLACEMENT_3D ( 'NONE', #193, #2965, #2739 ) ;
#2001 = CARTESIAN_POINT ( 'NONE',  ( 523.1000000000004775, -1107.805262667903889, 628.0000000000001137 ) ) ;
#2002 = EDGE_CURVE ( 'NONE', #3180, #2996, #1768, .T. ) ;
#2003 = CARTESIAN_POINT ( 'NONE',  ( -996.0000000000006821, -1113.305262667903662, 628.0000000000000000 ) ) ;
#2004 = FACE_BOUND ( 'NONE', #3026, .T. ) ;
#2005 = CARTESIAN_POINT ( 'NONE',  ( 1090.972523324353915, -1113.805262667903662, 625.0000000000001137 ) ) ;
#2006 = DIRECTION ( 'NONE',  ( -0.000000000000000000, 0.000000000000000000, 1.000000000000000000 ) ) ;
#2007 = ORIENTED_EDGE ( 'NONE', *, *, #1066, .T. ) ;
#2008 = DIRECTION ( 'NONE',  ( -1.000000000000000000, 0.000000000000000000, 0.000000000000000000 ) ) ;
#2009 = EDGE_CURVE ( 'NONE', #2703, #1220, #715, .T. ) ;
#2010 = ORIENTED_EDGE ( 'NONE', *, *, #709, .F. ) ;
#2011 = ORIENTED_EDGE ( 'NONE', *, *, #2602, .F. ) ;
#2012 = FACE_OUTER_BOUND ( 'NONE', #2342, .T. ) ;
#2013 = DIRECTION ( 'NONE',  ( 1.000000000000000000, 0.000000000000000000, 0.000000000000000000 ) ) ;
#2014 = ADVANCED_FACE ( 'NONE', ( #2023 ), #22, .T. ) ;
#2015 = ORIENTED_EDGE ( 'NONE', *, *, #2028, .T. ) ;
#2016 = LINE ( 'NONE', #3015, #1157 ) ;
#2017 = CARTESIAN_POINT ( 'NONE',  ( -981.4999999999995453, -1169.805262667904117, 670.0000000000002274 ) ) ;
#2018 = DIRECTION ( 'NONE',  ( -0.000000000000000000, -0.000000000000000000, -1.000000000000000000 ) ) ;
#2019 = LINE ( 'NONE', #1987, #2987 ) ;
#2020 = PLANE ( 'NONE',  #3159 ) ;
#2021 = VERTEX_POINT ( 'NONE', #469 ) ;
#2022 = DIRECTION ( 'NONE',  ( -1.000000000000000000, -0.000000000000000000, -0.000000000000000000 ) ) ;
#2023 = FACE_OUTER_BOUND ( 'NONE', #2399, .T. ) ;
#2024 = VECTOR ( 'NONE', #1918, 1000.000000000000000 ) ;
#2025 = CARTESIAN_POINT ( 'NONE',  ( 1090.972523324353915, -1113.805262667903662, 628.0000000000001137 ) ) ;
#2026 = ORIENTED_EDGE ( 'NONE', *, *, #3226, .F. ) ;
#2027 = ORIENTED_EDGE ( 'NONE', *, *, #2076, .T. ) ;
#2028 = EDGE_CURVE ( 'NONE', #496, #2910, #38, .T. ) ;
#2029 = PERSON_AND_ORGANIZATION ( #2931, #842 ) ;
#2030 = CARTESIAN_POINT ( 'NONE',  ( -623.1567381882844074, -1149.805262667904117, 628.0000000000001137 ) ) ;
#2031 = AXIS2_PLACEMENT_3D ( 'NONE', #1411, #2448, #2891 ) ;
#2032 = ORIENTED_EDGE ( 'NONE', *, *, #1290, .F. ) ;
#2033 = FACE_OUTER_BOUND ( 'NONE', #3220, .T. ) ;
#2034 = CARTESIAN_POINT ( 'NONE',  ( 999.9999999999996589, -1114.305262667903435, 628.0000000000000000 ) ) ;
#2035 = CARTESIAN_POINT ( 'NONE',  ( -628.1567381882845211, -1113.805262667904117, 628.0000000000001137 ) ) ;
#2036 = PLANE ( 'NONE',  #473 ) ;
#2037 = DIRECTION ( 'NONE',  ( 0.000000000000000000, -1.000000000000000000, 0.000000000000000000 ) ) ;
#2038 = ORIENTED_EDGE ( 'NONE', *, *, #257, .T. ) ;
#2039 = LINE ( 'NONE', #2593, #3197 ) ;
#2040 = EDGE_CURVE ( 'NONE', #1656, #1450, #1959, .T. ) ;
#2041 = CARTESIAN_POINT ( 'NONE',  ( 1090.972523324353915, -1154.805262667903889, 625.0000000000001137 ) ) ;
#2042 = CARTESIAN_POINT ( 'NONE',  ( 313.0999999999996248, -1154.805262667903889, 628.0000000000001137 ) ) ;
#2043 = VERTEX_POINT ( 'NONE', #1490 ) ;
#2044 = AXIS2_PLACEMENT_3D ( 'NONE', #950, #675, #3134 ) ;
#2045 = PERSON_AND_ORGANIZATION ( #2931, #842 ) ;
#2046 = AXIS2_PLACEMENT_3D ( 'NONE', #2556, #2060, #730 ) ;
#2047 = AXIS2_PLACEMENT_3D ( 'NONE', #1579, #2962, #476 ) ;
#2048 = VERTEX_POINT ( 'NONE', #2 ) ;
#2049 = LINE ( 'NONE', #2656, #947 ) ;
#2050 = VECTOR ( 'NONE', #2262, 1000.000000000000000 ) ;
#2051 = LINE ( 'NONE', #2586, #2380 ) ;
#2052 = DIRECTION ( 'NONE',  ( -1.000000000000000000, 0.000000000000000000, 0.000000000000000000 ) ) ;
#2053 = ADVANCED_FACE ( 'NONE', ( #1992 ), #1010, .T. ) ;
#2054 = VECTOR ( 'NONE', #2677, 1000.000000000000000 ) ;
#2055 = LINE ( 'NONE', #2111, #891 ) ;
#2056 = DIRECTION ( 'NONE',  ( 1.000000000000000000, -0.000000000000000000, 0.000000000000000000 ) ) ;
#2057 = CC_DESIGN_PERSON_AND_ORGANIZATION_ASSIGNMENT ( #2349, #285, ( #674 ) ) ;
#2058 = VERTEX_POINT ( 'NONE', #507 ) ;
#2059 = CARTESIAN_POINT ( 'NONE',  ( -981.4999999999995453, -1166.805262667904117, 670.0000000000002274 ) ) ;
#2060 = DIRECTION ( 'NONE',  ( 1.000000000000000000, -0.000000000000000000, 0.000000000000000000 ) ) ;
#2061 = DIRECTION ( 'NONE',  ( -0.000000000000000000, 0.000000000000000000, 1.000000000000000000 ) ) ;
#2062 = EDGE_LOOP ( 'NONE', ( #506, #2787, #1229, #575 ) ) ;
#2063 = ORIENTED_EDGE ( 'NONE', *, *, #3135, .F. ) ;
#2064 = ADVANCED_FACE ( 'NONE', ( #1752 ), #3023, .T. ) ;
#2065 = COORDINATED_UNIVERSAL_TIME_OFFSET ( 10, 0, .AHEAD. ) ;
#2066 = CARTESIAN_POINT ( 'NONE',  ( -309.8999999999996362, -1154.805262667903889, 625.0000000000001137 ) ) ;
#2067 = EDGE_LOOP ( 'NONE', ( #1546, #1085, #1530, #2398 ) ) ;
#2068 = DIRECTION ( 'NONE',  ( 0.000000000000000000, -1.000000000000000000, 0.000000000000000000 ) ) ;
#2069 = DIRECTION ( 'NONE',  ( -1.000000000000000000, 0.000000000000000000, 0.000000000000000000 ) ) ;
#2070 = DIRECTION ( 'NONE',  ( -0.000000000000000000, 0.000000000000000000, 1.000000000000000000 ) ) ;
#2071 = ORIENTED_EDGE ( 'NONE', *, *, #2087, .F. ) ;
#2072 = CARTESIAN_POINT ( 'NONE',  ( 519.9000000000004320, -1107.805262667903889, 628.0000000000001137 ) ) ;
#2073 = EDGE_CURVE ( 'NONE', #703, #231, #962, .T. ) ;
#2074 = CARTESIAN_POINT ( 'NONE',  ( -995.9999999999995453, -1155.305262667904344, 628.0000000000001137 ) ) ;
#2075 = VERTEX_POINT ( 'NONE', #229 ) ;
#2076 = EDGE_CURVE ( 'NONE', #2882, #3047, #383, .T. ) ;
#2077 = CARTESIAN_POINT ( 'NONE',  ( 628.1567381882845211, -1113.805262667904117, 628.0000000000001137 ) ) ;
#2078 = DIRECTION ( 'NONE',  ( 0.000000000000000000, 0.000000000000000000, 1.000000000000000000 ) ) ;
#2079 = DIRECTION ( 'NONE',  ( -0.000000000000000000, 0.000000000000000000, 1.000000000000000000 ) ) ;
#2080 = ORIENTED_EDGE ( 'NONE', *, *, #2316, .F. ) ;
#2081 = DIRECTION ( 'NONE',  ( 1.000000000000000000, 0.000000000000000000, 0.000000000000000000 ) ) ;
#2082 = CIRCLE ( 'NONE', #941, 1.000000000000000888 ) ;
#2083 = ORIENTED_EDGE ( 'NONE', *, *, #102, .T. ) ;
#2084 = LINE ( 'NONE', #1792, #2563 ) ;
#2085 = CARTESIAN_POINT ( 'NONE',  ( 1090.972523324353915, -1108.805262667903889, 625.0000000000001137 ) ) ;
#2086 = VECTOR ( 'NONE', #180, 1000.000000000000000 ) ;
#2087 = EDGE_CURVE ( 'NONE', #1438, #1150, #2745, .T. ) ;
#2088 = DIRECTION ( 'NONE',  ( 0.000000000000000000, 1.000000000000000000, -0.000000000000000000 ) ) ;
#2089 = ORIENTED_EDGE ( 'NONE', *, *, #1259, .F. ) ;
#2090 = LOCAL_TIME ( 16, 45, 38.00000000000000000, #2065 ) ;
#2091 = DIRECTION ( 'NONE',  ( -0.000000000000000000, 0.000000000000000000, 1.000000000000000000 ) ) ;
#2092 = DIRECTION ( 'NONE',  ( -1.000000000000000000, 0.000000000000000000, 0.000000000000000000 ) ) ;
#2093 = ADVANCED_FACE ( 'NONE', ( #2455 ), #3204, .F. ) ;
#2094 = ORIENTED_EDGE ( 'NONE', *, *, #2234, .T. ) ;
#2095 = LINE ( 'NONE', #1612, #1218 ) ;
#2096 = CARTESIAN_POINT ( 'NONE',  ( 976.4999999999996589, -1096.805262667903889, 670.0000000000002274 ) ) ;
#2097 = CARTESIAN_POINT ( 'NONE',  ( -309.8999999999996362, -1154.805262667903889, 628.0000000000001137 ) ) ;
#2098 = EDGE_CURVE ( 'NONE', #1164, #1969, #1245, .T. ) ;
#2099 = ORIENTED_EDGE ( 'NONE', *, *, #43, .T. ) ;
#2100 = ORIENTED_EDGE ( 'NONE', *, *, #369, .F. ) ;
#2101 = VECTOR ( 'NONE', #487, 1000.000000000000000 ) ;
#2102 = VECTOR ( 'NONE', #163, 1000.000000000000000 ) ;
#2103 = ORIENTED_EDGE ( 'NONE', *, *, #2674, .T. ) ;
#2104 = FACE_OUTER_BOUND ( 'NONE', #1132, .T. ) ;
#2105 = AXIS2_PLACEMENT_3D ( 'NONE', #603, #1634, #2107 ) ;
#2106 = CIRCLE ( 'NONE', #685, 5.000000000000115463 ) ;
#2107 = DIRECTION ( 'NONE',  ( 0.000000000000000000, 0.000000000000000000, 1.000000000000000000 ) ) ;
#2108 = FACE_BOUND ( 'NONE', #1821, .T. ) ;
#2109 = ORIENTED_EDGE ( 'NONE', *, *, #1602, .F. ) ;
#2110 = VECTOR ( 'NONE', #1732, 1000.000000000000000 ) ;
#2111 = CARTESIAN_POINT ( 'NONE',  ( -313.0999999999996248, -1102.805262667903889, 628.0000000000001137 ) ) ;
#2112 = EDGE_CURVE ( 'NONE', #1150, #213, #978, .T. ) ;
#2113 = FACE_OUTER_BOUND ( 'NONE', #1668, .T. ) ;
#2114 = AXIS2_PLACEMENT_3D ( 'NONE', #907, #1610, #1182 ) ;
#2115 = AXIS2_PLACEMENT_3D ( 'NONE', #2762, #1230, #2209 ) ;
#2116 = LINE ( 'NONE', #138, #860 ) ;
#2117 = DIRECTION ( 'NONE',  ( -0.000000000000000000, -1.000000000000000000, 0.000000000000000000 ) ) ;
#2118 = ORIENTED_EDGE ( 'NONE', *, *, #1146, .F. ) ;
#2119 = EDGE_CURVE ( 'NONE', #700, #1491, #1282, .T. ) ;
#2120 = VERTEX_POINT ( 'NONE', #211 ) ;
#2121 = VERTEX_POINT ( 'NONE', #2280 ) ;
#2122 = CARTESIAN_POINT ( 'NONE',  ( -998.9999999999996589, -1118.305262667903435, 628.0000000000000000 ) ) ;
#2123 = ADVANCED_FACE ( 'NONE', ( #1210 ), #1715, .T. ) ;
#2124 = CARTESIAN_POINT ( 'NONE',  ( 981.4999999999996589, -1163.805262667904117, 631.0000000000001137 ) ) ;
#2125 = CARTESIAN_POINT ( 'NONE',  ( 523.1000000000004775, -1155.805262667904344, 628.0000000000001137 ) ) ;
#2126 = ORIENTED_EDGE ( 'NONE', *, *, #954, .F. ) ;
#2127 = CYLINDRICAL_SURFACE ( 'NONE', #1571, 5.000000000000115463 ) ;
#2128 = LINE ( 'NONE', #166, #1852 ) ;
#2129 = EDGE_CURVE ( 'NONE', #1664, #525, #735, .T. ) ;
#2130 = CARTESIAN_POINT ( 'NONE',  ( -981.4999999999995453, -1099.805262667904117, 625.0000000000001137 ) ) ;
#2131 = DIRECTION ( 'NONE',  ( 0.000000000000000000, -1.000000000000000000, 0.000000000000000000 ) ) ;
#2132 = ORIENTED_EDGE ( 'NONE', *, *, #1625, .F. ) ;
#2133 = ORIENTED_EDGE ( 'NONE', *, *, #2129, .F. ) ;
#2134 = EDGE_CURVE ( 'NONE', #1470, #2480, #1095, .T. ) ;
#2135 = ORIENTED_EDGE ( 'NONE', *, *, #1757, .T. ) ;
#2136 = DIRECTION ( 'NONE',  ( 0.000000000000000000, 0.000000000000000000, 1.000000000000000000 ) ) ;
#2137 = DIRECTION ( 'NONE',  ( -0.000000000000000000, 0.000000000000000000, 1.000000000000000000 ) ) ;
#2138 = CARTESIAN_POINT ( 'NONE',  ( 989.9999999999995453, -1163.805262667904117, 625.0000000000001137 ) ) ;
#2139 = EDGE_CURVE ( 'NONE', #784, #1550, #843, .T. ) ;
#2140 = ORIENTED_EDGE ( 'NONE', *, *, #3049, .F. ) ;
#2141 = LINE ( 'NONE', #924, #2086 ) ;
#2142 = VECTOR ( 'NONE', #135, 1000.000000000000000 ) ;
#2143 = DIRECTION ( 'NONE',  ( -1.000000000000000000, 0.000000000000000000, 0.000000000000000000 ) ) ;
#2144 = VECTOR ( 'NONE', #1116, 1000.000000000000000 ) ;
#2145 = DIRECTION ( 'NONE',  ( 1.000000000000000000, 0.000000000000000000, 0.000000000000000000 ) ) ;
#2146 = CARTESIAN_POINT ( 'NONE',  ( -519.9000000000004320, -1155.805262667904344, 628.0000000000001137 ) ) ;
#2147 = ORIENTED_EDGE ( 'NONE', *, *, #2492, .T. ) ;
#2148 = EDGE_CURVE ( 'NONE', #2298, #2832, #480, .T. ) ;
#2149 = CARTESIAN_POINT ( 'NONE',  ( 995.9999999999995453, -1155.305262667904344, 628.0000000000001137 ) ) ;
#2150 = ORIENTED_EDGE ( 'NONE', *, *, #1607, .F. ) ;
#2151 = ORIENTED_EDGE ( 'NONE', *, *, #3109, .T. ) ;
#2152 = VECTOR ( 'NONE', #2291, 1000.000000000000000 ) ;
#2153 = CARTESIAN_POINT ( 'NONE',  ( -998.9999999999996589, -1117.305262667903662, 628.0000000000000000 ) ) ;
#2154 = LINE ( 'NONE', #884, #868 ) ;
#2155 = CARTESIAN_POINT ( 'NONE',  ( -999.9999999999996589, -1145.305262667904344, 628.0000000000000000 ) ) ;
#2156 = VECTOR ( 'NONE', #885, 1000.000000000000000 ) ;
#2157 = ORIENTED_EDGE ( 'NONE', *, *, #1560, .F. ) ;
#2158 = CARTESIAN_POINT ( 'NONE',  ( 1090.972523324353915, -1163.805262667904117, 628.0000000000001137 ) ) ;
#2159 = VECTOR ( 'NONE', #475, 1000.000000000000000 ) ;
#2160 = EDGE_CURVE ( 'NONE', #106, #2714, #3061, .T. ) ;
#2161 = CARTESIAN_POINT ( 'NONE',  ( 996.0000000000003411, -1145.305262667904344, 625.0000000000001137 ) ) ;
#2162 = VECTOR ( 'NONE', #1241, 1000.000000000000000 ) ;
#2163 = AXIS2_PLACEMENT_3D ( 'NONE', #1186, #2179, #2926 ) ;
#2164 = LINE ( 'NONE', #1869, #916 ) ;
#2165 = LINE ( 'NONE', #844, #384 ) ;
#2166 = VECTOR ( 'NONE', #449, 1000.000000000000000 ) ;
#2167 = ORIENTED_EDGE ( 'NONE', *, *, #2748, .F. ) ;
#2168 = FACE_OUTER_BOUND ( 'NONE', #1192, .T. ) ;
#2169 = ORIENTED_EDGE ( 'NONE', *, *, #1375, .F. ) ;
#2170 = ORIENTED_EDGE ( 'NONE', *, *, #2796, .F. ) ;
#2171 = LINE ( 'NONE', #3149, #773 ) ;
#2172 = PLANE ( 'NONE',  #1939 ) ;
#2173 = ORIENTED_EDGE ( 'NONE', *, *, #3125, .F. ) ;
#2174 = DIRECTION ( 'NONE',  ( -0.000000000000000000, 0.000000000000000000, 1.000000000000000000 ) ) ;
#2175 = CARTESIAN_POINT ( 'NONE',  ( -976.4999999999996589, -1169.805262667904117, 670.0000000000002274 ) ) ;
#2176 = EDGE_CURVE ( 'NONE', #780, #188, #543, .T. ) ;
#2177 = DIRECTION ( 'NONE',  ( -1.000000000000000000, 0.000000000000000000, -0.000000000000000000 ) ) ;
#2178 = VERTEX_POINT ( 'NONE', #3094 ) ;
#2179 = DIRECTION ( 'NONE',  ( -0.000000000000000000, 0.000000000000000000, 1.000000000000000000 ) ) ;
#2180 = EDGE_LOOP ( 'NONE', ( #299, #2458, #335, #2564 ) ) ;
#2181 = ORIENTED_EDGE ( 'NONE', *, *, #2602, .T. ) ;
#2182 = CARTESIAN_POINT ( 'NONE',  ( 981.4999999999996589, -1163.805262667904117, 628.0000000000001137 ) ) ;
#2183 = LINE ( 'NONE', #3179, #2624 ) ;
#2184 = VERTEX_POINT ( 'NONE', #3043 ) ;
#2185 = CARTESIAN_POINT ( 'NONE',  ( 623.1567381882844074, -1113.805262667904117, 628.0000000000001137 ) ) ;
#2186 = EDGE_CURVE ( 'NONE', #2404, #60, #1640, .T. ) ;
#2187 = VECTOR ( 'NONE', #900, 1000.000000000000000 ) ;
#2188 = CARTESIAN_POINT ( 'NONE',  ( 976.4999999999996589, -1169.805262667904117, 675.0000000000002274 ) ) ;
#2189 = LINE ( 'NONE', #1765, #130 ) ;
#2190 = EDGE_CURVE ( 'NONE', #703, #2243, #1338, .T. ) ;
#2191 = VECTOR ( 'NONE', #1935, 1000.000000000000000 ) ;
#2192 = EDGE_LOOP ( 'NONE', ( #2080, #1810, #2433, #1144 ) ) ;
#2193 = DIRECTION ( 'NONE',  ( -0.000000000000000000, -1.000000000000000000, 0.000000000000000000 ) ) ;
#2194 = EDGE_CURVE ( 'NONE', #780, #3127, #572, .T. ) ;
#2195 = ORIENTED_EDGE ( 'NONE', *, *, #729, .F. ) ;
#2196 = ORIENTED_EDGE ( 'NONE', *, *, #2160, .F. ) ;
#2197 = DIRECTION ( 'NONE',  ( -0.000000000000000000, 0.000000000000000000, 1.000000000000000000 ) ) ;
#2198 = CARTESIAN_POINT ( 'NONE',  ( 998.9999999999996589, -1146.305262667904117, 625.0000000000000000 ) ) ;
#2199 = ORIENTED_EDGE ( 'NONE', *, *, #2218, .T. ) ;
#2200 = LINE ( 'NONE', #1657, #311 ) ;
#2201 = DIRECTION ( 'NONE',  ( 0.000000000000000000, -1.000000000000000000, 0.000000000000000000 ) ) ;
#2202 = ORIENTED_EDGE ( 'NONE', *, *, #1196, .T. ) ;
#2203 = EDGE_CURVE ( 'NONE', #2048, #1090, #2851, .T. ) ;
#2204 = AXIS2_PLACEMENT_3D ( 'NONE', #604, #132, #2304 ) ;
#2205 = LINE ( 'NONE', #1749, #2268 ) ;
#2206 = VECTOR ( 'NONE', #1527, 1000.000000000000000 ) ;
#2207 = ORIENTED_EDGE ( 'NONE', *, *, #1228, .T. ) ;
#2208 = VECTOR ( 'NONE', #1083, 1000.000000000000000 ) ;
#2209 = DIRECTION ( 'NONE',  ( 1.000000000000000000, 0.000000000000000000, 0.000000000000000000 ) ) ;
#2210 = VECTOR ( 'NONE', #307, 1000.000000000000000 ) ;
#2211 = ORIENTED_EDGE ( 'NONE', *, *, #1216, .T. ) ;
#2212 = ORIENTED_EDGE ( 'NONE', *, *, #1853, .F. ) ;
#2213 = EDGE_CURVE ( 'NONE', #1130, #298, #312, .T. ) ;
#2214 = AXIS2_PLACEMENT_3D ( 'NONE', #390, #404, #2389 ) ;
#2215 = CARTESIAN_POINT ( 'NONE',  ( 999.9999999999996589, -1146.305262667904117, 628.0000000000000000 ) ) ;
#2216 = FACE_OUTER_BOUND ( 'NONE', #2683, .T. ) ;
#2217 = ORIENTED_EDGE ( 'NONE', *, *, #601, .T. ) ;
#2218 = EDGE_CURVE ( 'NONE', #1301, #442, #1078, .T. ) ;
#2219 = CARTESIAN_POINT ( 'NONE',  ( -976.4999999999996589, -1096.805262667903889, 675.0000000000002274 ) ) ;
#2220 = LINE ( 'NONE', #938, #2166 ) ;
#2221 = DIRECTION ( 'NONE',  ( 1.000000000000000000, 0.000000000000000000, 0.000000000000000000 ) ) ;
#2222 = DIRECTION ( 'NONE',  ( 0.000000000000000000, 1.000000000000000000, -0.000000000000000000 ) ) ;
#2223 = DIRECTION ( 'NONE',  ( -0.000000000000000000, -1.000000000000000000, 0.000000000000000000 ) ) ;
#2224 = EDGE_CURVE ( 'NONE', #87, #2317, #2573, .T. ) ;
#2225 = ORIENTED_EDGE ( 'NONE', *, *, #756, .F. ) ;
#2226 = LINE ( 'NONE', #2711, #2110 ) ;
#2227 = EDGE_CURVE ( 'NONE', #1526, #2698, #350, .T. ) ;
#2228 = DIRECTION ( 'NONE',  ( -1.000000000000000000, 0.000000000000000000, 0.000000000000000000 ) ) ;
#2229 = ORIENTED_EDGE ( 'NONE', *, *, #339, .F. ) ;
#2230 = ORIENTED_EDGE ( 'NONE', *, *, #2009, .F. ) ;
#2231 = LINE ( 'NONE', #2766, #512 ) ;
#2232 = FACE_OUTER_BOUND ( 'NONE', #1957, .T. ) ;
#2233 = PLANE ( 'NONE',  #1535 ) ;
#2234 = EDGE_CURVE ( 'NONE', #534, #1362, #104, .T. ) ;
#2235 = ORIENTED_EDGE ( 'NONE', *, *, #1697, .F. ) ;
#2236 = DIRECTION ( 'NONE',  ( 0.000000000000000000, 0.000000000000000000, -1.000000000000000000 ) ) ;
#2237 = CARTESIAN_POINT ( 'NONE',  ( 309.8999999999996362, -1102.805262667903889, 625.0000000000001137 ) ) ;
#2238 = DIRECTION ( 'NONE',  ( 0.000000000000000000, -0.000000000000000000, -1.000000000000000000 ) ) ;
#2239 = VERTEX_POINT ( 'NONE', #89 ) ;
#2240 = DIRECTION ( 'NONE',  ( 0.000000000000000000, -1.000000000000000000, 0.000000000000000000 ) ) ;
#2241 = VECTOR ( 'NONE', #1908, 1000.000000000000000 ) ;
#2242 = DIRECTION ( 'NONE',  ( 1.000000000000000000, 0.000000000000000000, 0.000000000000000000 ) ) ;
#2243 = VERTEX_POINT ( 'NONE', #296 ) ;
#2244 = CARTESIAN_POINT ( 'NONE',  ( 996.0000000000003411, -1113.305262667903662, 628.0000000000001137 ) ) ;
#2245 = ORIENTED_EDGE ( 'NONE', *, *, #2618, .T. ) ;
#2246 = EDGE_LOOP ( 'NONE', ( #976, #2170, #917, #1509 ) ) ;
#2247 = VECTOR ( 'NONE', #1874, 1000.000000000000000 ) ;
#2248 = EDGE_CURVE ( 'NONE', #1665, #2469, #823, .T. ) ;
#2249 = DIRECTION ( 'NONE',  ( -0.000000000000000000, 0.000000000000000000, 1.000000000000000000 ) ) ;
#2250 = ORIENTED_EDGE ( 'NONE', *, *, #1841, .T. ) ;
#2251 = CARTESIAN_POINT ( 'NONE',  ( 1090.972523324353915, -1166.805262667904117, 625.0000000000001137 ) ) ;
#2252 = DIRECTION ( 'NONE',  ( 1.000000000000000000, 0.000000000000000000, 0.000000000000000000 ) ) ;
#2253 = FACE_BOUND ( 'NONE', #964, .T. ) ;
#2254 = ORIENTED_EDGE ( 'NONE', *, *, #747, .F. ) ;
#2255 = CARTESIAN_POINT ( 'NONE',  ( 519.9000000000004320, -1149.805262667904344, 625.0000000000001137 ) ) ;
#2256 = VECTOR ( 'NONE', #1277, 1000.000000000000000 ) ;
#2257 = ADVANCED_FACE ( 'NONE', ( #2328 ), #1804, .T. ) ;
#2258 = CARTESIAN_POINT ( 'NONE',  ( 976.4999999999996589, -1093.805262667904117, 675.0000000000002274 ) ) ;
#2259 = AXIS2_PLACEMENT_3D ( 'NONE', #2357, #2567, #2052 ) ;
#2260 = EDGE_LOOP ( 'NONE', ( #1075, #3114 ) ) ;
#2261 = AXIS2_PLACEMENT_3D ( 'NONE', #1962, #249, #1287 ) ;
#2262 = DIRECTION ( 'NONE',  ( -0.000000000000000000, 0.000000000000000000, 1.000000000000000000 ) ) ;
#2263 = DIRECTION ( 'NONE',  ( 1.000000000000000000, -0.000000000000000000, 0.000000000000000000 ) ) ;
#2264 = EDGE_LOOP ( 'NONE', ( #1871, #1825, #614, #164 ) ) ;
#2265 = VECTOR ( 'NONE', #1126, 1000.000000000000000 ) ;
#2266 = ORIENTED_EDGE ( 'NONE', *, *, #2335, .T. ) ;
#2267 = CARTESIAN_POINT ( 'NONE',  ( -309.8999999999996362, -1108.805262667903889, 625.0000000000001137 ) ) ;
#2268 = VECTOR ( 'NONE', #2451, 1000.000000000000000 ) ;
#2269 = EDGE_CURVE ( 'NONE', #3147, #2391, #2723, .T. ) ;
#2270 = EDGE_LOOP ( 'NONE', ( #2348, #1831, #3063, #2196 ) ) ;
#2271 = AXIS2_PLACEMENT_3D ( 'NONE', #303, #777, #2069 ) ;
#2272 = LINE ( 'NONE', #1273, #3022 ) ;
#2273 = LINE ( 'NONE', #551, #282 ) ;
#2274 = DIRECTION ( 'NONE',  ( 0.000000000000000000, 1.000000000000000000, 0.000000000000000000 ) ) ;
#2275 = CARTESIAN_POINT ( 'NONE',  ( -313.0999999999996248, -1108.805262667903889, 628.0000000000001137 ) ) ;
#2276 = CARTESIAN_POINT ( 'NONE',  ( -996.0000000000006821, -1145.305262667904344, 628.0000000000000000 ) ) ;
#2277 = EDGE_CURVE ( 'NONE', #2928, #658, #1502, .T. ) ;
#2278 = ORIENTED_EDGE ( 'NONE', *, *, #1729, .F. ) ;
#2279 = CYLINDRICAL_SURFACE ( 'NONE', #3099, 6.000000000000005329 ) ;
#2280 = CARTESIAN_POINT ( 'NONE',  ( -309.8999999999996362, -1160.805262667903662, 628.0000000000001137 ) ) ;
#2281 = EDGE_CURVE ( 'NONE', #1536, #676, #765, .T. ) ;
#2282 = VERTEX_POINT ( 'NONE', #553 ) ;
#2283 = ORIENTED_EDGE ( 'NONE', *, *, #2906, .F. ) ;
#2284 = APPROVAL_ROLE ( '' ) ;
#2285 = CARTESIAN_POINT ( 'NONE',  ( -976.4999999999996589, -1166.805262667904117, 670.0000000000002274 ) ) ;
#2286 = ORIENTED_EDGE ( 'NONE', *, *, #531, .T. ) ;
#2287 = DIRECTION ( 'NONE',  ( 0.000000000000000000, -1.000000000000000000, 0.000000000000000000 ) ) ;
#2288 = CARTESIAN_POINT ( 'NONE',  ( 989.9999999999995453, -1099.805262667904117, 628.0000000000001137 ) ) ;
#2289 = FACE_OUTER_BOUND ( 'NONE', #2942, .T. ) ;
#2290 = EDGE_LOOP ( 'NONE', ( #1446, #974, #2526, #2202 ) ) ;
#2291 = DIRECTION ( 'NONE',  ( -0.000000000000000000, 0.000000000000000000, 1.000000000000000000 ) ) ;
#2292 = EDGE_CURVE ( 'NONE', #2365, #658, #1038, .T. ) ;
#2293 = CARTESIAN_POINT ( 'NONE',  ( 998.9999999999996589, -1113.305262667903662, 625.0000000000001137 ) ) ;
#2294 = CARTESIAN_POINT ( 'NONE',  ( 989.9999999999995453, -1163.805262667904117, 628.0000000000001137 ) ) ;
#2295 = DIRECTION ( 'NONE',  ( 0.000000000000000000, 1.000000000000000000, -0.000000000000000000 ) ) ;
#2296 = DIRECTION ( 'NONE',  ( -0.000000000000000000, 0.000000000000000000, 1.000000000000000000 ) ) ;
#2297 = DIRECTION ( 'NONE',  ( 1.000000000000000000, 0.000000000000000000, 0.000000000000000000 ) ) ;
#2298 = VERTEX_POINT ( 'NONE', #1258 ) ;
#2299 = EDGE_CURVE ( 'NONE', #728, #2489, #2019, .T. ) ;
#2300 = AXIS2_PLACEMENT_3D ( 'NONE', #2434, #952, #1637 ) ;
#2301 = ORIENTED_EDGE ( 'NONE', *, *, #1756, .F. ) ;
#2302 = DIRECTION ( 'NONE',  ( 0.000000000000000000, 1.000000000000000000, -0.000000000000000000 ) ) ;
#2303 = CARTESIAN_POINT ( 'NONE',  ( 981.4999999999996589, -1096.805262667903889, 625.0000000000001137 ) ) ;
#2304 = DIRECTION ( 'NONE',  ( 1.000000000000000000, 0.000000000000000000, 0.000000000000000000 ) ) ;
#2305 = LINE ( 'NONE', #375, #308 ) ;
#2306 = CYLINDRICAL_SURFACE ( 'NONE', #1947, 3.000000000000002665 ) ;
#2307 = EDGE_CURVE ( 'NONE', #2489, #2121, #241, .T. ) ;
#2308 = VERTEX_POINT ( 'NONE', #2515 ) ;
#2309 = FACE_OUTER_BOUND ( 'NONE', #427, .T. ) ;
#2310 = CARTESIAN_POINT ( 'NONE',  ( 1090.972523324353915, -1169.805262667904117, 675.0000000000002274 ) ) ;
#2311 = LINE ( 'NONE', #74, #1428 ) ;
#2312 = ORIENTED_EDGE ( 'NONE', *, *, #2894, .F. ) ;
#2313 = VECTOR ( 'NONE', #533, 1000.000000000000000 ) ;
#2314 = AXIS2_PLACEMENT_3D ( 'NONE', #2096, #3079, #1111 ) ;
#2315 = VECTOR ( 'NONE', #3080, 1000.000000000000000 ) ;
#2316 = EDGE_CURVE ( 'NONE', #2120, #534, #519, .T. ) ;
#2317 = VERTEX_POINT ( 'NONE', #274 ) ;
#2318 = DIRECTION ( 'NONE',  ( 1.000000000000000000, 0.000000000000000000, 0.000000000000000000 ) ) ;
#2319 = VECTOR ( 'NONE', #1167, 1000.000000000000000 ) ;
#2320 = DIRECTION ( 'NONE',  ( 1.000000000000000000, 0.000000000000000000, 0.000000000000000000 ) ) ;
#2321 = DIRECTION ( 'NONE',  ( -1.000000000000000000, 0.000000000000000000, 0.000000000000000000 ) ) ;
#2322 = ADVANCED_FACE ( 'NONE', ( #537 ), #1558, .T. ) ;
#2323 = VECTOR ( 'NONE', #196, 1000.000000000000000 ) ;
#2324 = CARTESIAN_POINT ( 'NONE',  ( -976.4999999999996589, -1169.805262667904117, 675.0000000000002274 ) ) ;
#2325 = DIRECTION ( 'NONE',  ( -1.000000000000000000, 0.000000000000000000, 0.000000000000000000 ) ) ;
#2326 = EDGE_LOOP ( 'NONE', ( #8, #2235, #789, #108 ) ) ;
#2327 = DIRECTION ( 'NONE',  ( -1.000000000000000000, 0.000000000000000000, 0.000000000000000000 ) ) ;
#2328 = FACE_OUTER_BOUND ( 'NONE', #899, .T. ) ;
#2329 = LINE ( 'NONE', #90, #70 ) ;
#2330 = VERTEX_POINT ( 'NONE', #1058 ) ;
#2331 = APPROVAL_DATE_TIME ( #2835, #697 ) ;
#2332 = EDGE_CURVE ( 'NONE', #679, #1969, #1747, .T. ) ;
#2333 = VERTEX_POINT ( 'NONE', #50 ) ;
#2334 = CARTESIAN_POINT ( 'NONE',  ( 309.8999999999996362, -1160.805262667903662, 625.0000000000001137 ) ) ;
#2335 = EDGE_CURVE ( 'NONE', #2298, #2428, #3231, .T. ) ;
#2336 = DIRECTION ( 'NONE',  ( -1.000000000000000000, -0.000000000000000000, -0.000000000000000000 ) ) ;
#2337 = FACE_OUTER_BOUND ( 'NONE', #923, .T. ) ;
#2338 = EDGE_LOOP ( 'NONE', ( #1046, #1596, #849, #2990 ) ) ;
#2339 = CARTESIAN_POINT ( 'NONE',  ( -996.0000000000009095, -1145.305262667904344, 625.0000000000001137 ) ) ;
#2340 = EDGE_CURVE ( 'NONE', #3068, #1676, #2985, .T. ) ;
#2341 = CARTESIAN_POINT ( 'NONE',  ( -995.9999999999995453, -1155.305262667904344, 625.0000000000001137 ) ) ;
#2342 = EDGE_LOOP ( 'NONE', ( #1026, #2441, #758, #3039 ) ) ;
#2343 = APPROVAL ( #615, 'UNSPECIFIED' ) ;
#2344 = CARTESIAN_POINT ( 'NONE',  ( -996.0000000000009095, -1093.805262667904117, 625.0000000000001137 ) ) ;
#2345 = CARTESIAN_POINT ( 'NONE',  ( 309.8999999999996362, -1154.805262667903889, 628.0000000000001137 ) ) ;
#2346 = DIRECTION ( 'NONE',  ( 1.000000000000000000, 0.000000000000000000, 0.000000000000000000 ) ) ;
#2347 = ORIENTED_EDGE ( 'NONE', *, *, #954, .T. ) ;
#2348 = ORIENTED_EDGE ( 'NONE', *, *, #2802, .F. ) ;
#2349 = PERSON_AND_ORGANIZATION ( #2931, #842 ) ;
#2350 = CIRCLE ( 'NONE', #412, 5.000000000000004441 ) ;
#2351 = FACE_OUTER_BOUND ( 'NONE', #2746, .T. ) ;
#2352 = EDGE_CURVE ( 'NONE', #1676, #1948, #1764, .T. ) ;
#2353 = EDGE_LOOP ( 'NONE', ( #419, #546, #246, #508 ) ) ;
#2354 = FACE_OUTER_BOUND ( 'NONE', #2690, .T. ) ;
#2355 = FACE_OUTER_BOUND ( 'NONE', #1677, .T. ) ;
#2356 = AXIS2_PLACEMENT_3D ( 'NONE', #2839, #602, #3031 ) ;
#2357 = CARTESIAN_POINT ( 'NONE',  ( -309.8999999999996362, -1154.805262667903889, 628.0000000000001137 ) ) ;
#2358 = ORIENTED_EDGE ( 'NONE', *, *, #1190, .T. ) ;
#2359 = AXIS2_PLACEMENT_3D ( 'NONE', #458, #2507, #1249 ) ;
#2360 = DIRECTION ( 'NONE',  ( 0.000000000000000000, 1.000000000000000000, 0.000000000000000000 ) ) ;
#2361 = DIRECTION ( 'NONE',  ( -0.000000000000000000, -0.000000000000000000, -1.000000000000000000 ) ) ;
#2362 = EDGE_CURVE ( 'NONE', #1806, #942, #1970, .T. ) ;
#2363 = CARTESIAN_POINT ( 'NONE',  ( 998.9999999999996589, -1117.305262667903662, 625.0000000000000000 ) ) ;
#2364 = CARTESIAN_POINT ( 'NONE',  ( 996.0000000000003411, -1145.305262667904344, 628.0000000000001137 ) ) ;
#2365 = VERTEX_POINT ( 'NONE', #2255 ) ;
#2366 = ORIENTED_EDGE ( 'NONE', *, *, #1127, .F. ) ;
#2367 = VECTOR ( 'NONE', #3073, 1000.000000000000000 ) ;
#2368 = VECTOR ( 'NONE', #484, 1000.000000000000000 ) ;
#2369 = ORIENTED_EDGE ( 'NONE', *, *, #49, .F. ) ;
#2370 = CARTESIAN_POINT ( 'NONE',  ( 981.4999999999996589, -1096.805262667903889, 625.0000000000001137 ) ) ;
#2371 = AXIS2_PLACEMENT_3D ( 'NONE', #1507, #2008, #2992 ) ;
#2372 = AXIS2_PLACEMENT_3D ( 'NONE', #297, #1805, #2799 ) ;
#2373 = DIRECTION ( 'NONE',  ( 1.000000000000000000, -0.000000000000000000, 0.000000000000000000 ) ) ;
#2374 = CARTESIAN_POINT ( 'NONE',  ( -981.4999999999995453, -1163.805262667904117, 625.0000000000001137 ) ) ;
#2375 = ORIENTED_EDGE ( 'NONE', *, *, #937, .T. ) ;
#2376 = VECTOR ( 'NONE', #1672, 1000.000000000000000 ) ;
#2377 = LINE ( 'NONE', #888, #2367 ) ;
#2378 = CARTESIAN_POINT ( 'NONE',  ( 998.9999999999996589, -1114.305262667903435, 625.0000000000000000 ) ) ;
#2379 = CIRCLE ( 'NONE', #1336, 1.000000000000000888 ) ;
#2380 = VECTOR ( 'NONE', #3055, 1000.000000000000000 ) ;
#2381 = DIRECTION ( 'NONE',  ( -0.000000000000000000, 0.000000000000000000, 1.000000000000000000 ) ) ;
#2382 = EDGE_CURVE ( 'NONE', #2488, #894, #15, .T. ) ;
#2383 = CARTESIAN_POINT ( 'NONE',  ( -313.0999999999996248, -1154.805262667903889, 628.0000000000001137 ) ) ;
#2384 = EDGE_LOOP ( 'NONE', ( #790, #3025, #769, #2718 ) ) ;
#2385 = EDGE_LOOP ( 'NONE', ( #1372, #264, #1738, #2699 ) ) ;
#2386 = PRODUCT ( 'CV03-TR-20_REV_B_cfa9f21584bf4b87ac64d07e7533cffa.tmp', 'CV03-TR-20_REV_B_cfa9f21584bf4b87ac64d07e7533cffa.tmp', '', ( #577 ) ) ;
#2387 = VERTEX_POINT ( 'NONE', #2275 ) ;
#2388 = PLANE ( 'NONE',  #2757 ) ;
#2389 = DIRECTION ( 'NONE',  ( -0.000000000000000000, 0.000000000000000000, 1.000000000000000000 ) ) ;
#2390 = CARTESIAN_POINT ( 'NONE',  ( 309.8999999999996362, -1108.805262667903889, 628.0000000000001137 ) ) ;
#2391 = VERTEX_POINT ( 'NONE', #782 ) ;
#2392 = DIRECTION ( 'NONE',  ( -1.000000000000000000, 0.000000000000000000, 0.000000000000000000 ) ) ;
#2393 = CARTESIAN_POINT ( 'NONE',  ( 996.0000000000003411, -1093.805262667904117, 625.0000000000001137 ) ) ;
#2394 = EDGE_CURVE ( 'NONE', #3047, #2058, #2774, .T. ) ;
#2395 = LINE ( 'NONE', #117, #2265 ) ;
#2396 = CARTESIAN_POINT ( 'NONE',  ( 996.0000000000003411, -1118.305262667903435, 625.0000000000001137 ) ) ;
#2397 = EDGE_LOOP ( 'NONE', ( #1199, #2007, #1047, #2995 ) ) ;
#2398 = ORIENTED_EDGE ( 'NONE', *, *, #2418, .T. ) ;
#2399 = EDGE_LOOP ( 'NONE', ( #2603, #1770, #1175, #835 ) ) ;
#2400 = ADVANCED_FACE ( 'NONE', ( #291 ), #2036, .T. ) ;
#2401 = CARTESIAN_POINT ( 'NONE',  ( -989.9999999999995453, -1163.805262667904117, 628.0000000000001137 ) ) ;
#2402 = CARTESIAN_POINT ( 'NONE',  ( 998.9999999999996589, -1145.305262667904344, 625.0000000000001137 ) ) ;
#2403 = CARTESIAN_POINT ( 'NONE',  ( -523.1000000000005912, -1155.805262667904344, 628.0000000000001137 ) ) ;
#2404 = VERTEX_POINT ( 'NONE', #3215 ) ;
#2405 = FACE_OUTER_BOUND ( 'NONE', #283, .T. ) ;
#2406 = CIRCLE ( 'NONE', #839, 8.499999999999729994 ) ;
#2407 = DIRECTION ( 'NONE',  ( -0.000000000000000000, -1.000000000000000000, 0.000000000000000000 ) ) ;
#2408 = AXIS2_PLACEMENT_3D ( 'NONE', #9, #253, #2236 ) ;
#2409 = CARTESIAN_POINT ( 'NONE',  ( -998.9999999999996589, -1149.305262667904344, 628.0000000000000000 ) ) ;
#2410 = EDGE_CURVE ( 'NONE', #2714, #2419, #1727, .T. ) ;
#2411 = CARTESIAN_POINT ( 'NONE',  ( -976.4999999999996589, -1093.805262667904117, 675.0000000000002274 ) ) ;
#2412 = ORIENTED_EDGE ( 'NONE', *, *, #1809, .F. ) ;
#2413 = ORIENTED_EDGE ( 'NONE', *, *, #362, .F. ) ;
#2414 = ORIENTED_EDGE ( 'NONE', *, *, #2190, .T. ) ;
#2415 = CARTESIAN_POINT ( 'NONE',  ( -996.0000000000009095, -1093.805262667904117, 625.0000000000001137 ) ) ;
#2416 = DIRECTION ( 'NONE',  ( 1.000000000000000000, 0.000000000000000000, 0.000000000000000000 ) ) ;
#2417 = CLOSED_SHELL ( 'NONE', ( #2549, #995, #142, #244, #381, #881, #443, #2876, #1877, #250, #187, #867, #448, #1049, #1678, #2684, #669, #436, #969, #2093, #650, #25, #621, #1325, #587, #2123, #2912, #1706, #1415, #1364, #2934, #1712, #1276, #600, #1553, #983, #845, #944, #657, #223, #466, #2959, #1453, #3095, #3012, #3148, #111, #1407, #2453, #2257, #1958, #1029, #2848, #2400, #786, #344, #1860, #1299, #2064, #2948, #701, #2322, #451, #1642, #416, #3186, #1989, #325, #573, #2969, #2773, #1513, #1794, #2014, #1039, #431, #610, #3232, #2810, #1455, #2053, #1493, #158, #1235, #1658, #1653, #3209, #2793, #1347, #2868, #771, #2768, #1486, #906, #2465, #818, #2860, #116 ) ) ;
#2418 = EDGE_CURVE ( 'NONE', #2698, #2121, #1593, .T. ) ;
#2419 = VERTEX_POINT ( 'NONE', #346 ) ;
#2420 = CARTESIAN_POINT ( 'NONE',  ( 1090.972523324353915, -1155.805262667904344, 628.0000000000001137 ) ) ;
#2421 = VECTOR ( 'NONE', #1339, 1000.000000000000000 ) ;
#2422 = FACE_OUTER_BOUND ( 'NONE', #3045, .T. ) ;
#2423 = CIRCLE ( 'NONE', #2163, 5.000000000000115463 ) ;
#2424 = CIRCLE ( 'NONE', #3102, 6.000000000000005329 ) ;
#2425 = DIRECTION ( 'NONE',  ( 0.000000000000000000, 1.000000000000000000, 0.000000000000000000 ) ) ;
#2426 = ORIENTED_EDGE ( 'NONE', *, *, #1127, .T. ) ;
#2427 = LINE ( 'NONE', #3163, #1538 ) ;
#2428 = VERTEX_POINT ( 'NONE', #2339 ) ;
#2429 = ORIENTED_EDGE ( 'NONE', *, *, #2076, .F. ) ;
#2430 = EDGE_CURVE ( 'NONE', #2184, #2883, #1574, .T. ) ;
#2431 = DIRECTION ( 'NONE',  ( -0.000000000000000000, -1.000000000000000000, 0.000000000000000000 ) ) ;
#2432 = DIRECTION ( 'NONE',  ( -0.000000000000000000, 0.000000000000000000, 1.000000000000000000 ) ) ;
#2433 = ORIENTED_EDGE ( 'NONE', *, *, #362, .T. ) ;
#2434 = CARTESIAN_POINT ( 'NONE',  ( -998.9999999999996589, -1146.305262667904117, 628.0000000000000000 ) ) ;
#2435 = EDGE_CURVE ( 'NONE', #205, #1778, #905, .T. ) ;
#2436 = LINE ( 'NONE', #1745, #1998 ) ;
#2437 = ORIENTED_EDGE ( 'NONE', *, *, #2292, .F. ) ;
#2438 = EDGE_CURVE ( 'NONE', #1722, #2043, #3090, .T. ) ;
#2439 = EDGE_CURVE ( 'NONE', #3224, #683, #957, .T. ) ;
#2440 = DIRECTION ( 'NONE',  ( 0.000000000000000000, 1.000000000000000000, 0.000000000000000000 ) ) ;
#2441 = ORIENTED_EDGE ( 'NONE', *, *, #855, .F. ) ;
#2442 = DIRECTION ( 'NONE',  ( -1.000000000000000000, 0.000000000000000000, 0.000000000000000000 ) ) ;
#2443 = ORIENTED_EDGE ( 'NONE', *, *, #871, .F. ) ;
#2444 = ORIENTED_EDGE ( 'NONE', *, *, #538, .T. ) ;
#2445 = DIRECTION ( 'NONE',  ( 0.000000000000000000, 1.000000000000000000, -0.000000000000000000 ) ) ;
#2446 = DIRECTION ( 'NONE',  ( 1.000000000000000000, 0.000000000000000000, 0.000000000000000000 ) ) ;
#2447 = ORIENTED_EDGE ( 'NONE', *, *, #2134, .F. ) ;
#2448 = DIRECTION ( 'NONE',  ( 0.000000000000000000, -0.000000000000000000, -1.000000000000000000 ) ) ;
#2449 = AXIS2_PLACEMENT_3D ( 'NONE', #214, #1268, #497 ) ;
#2450 = CARTESIAN_POINT ( 'NONE',  ( 998.9999999999996589, -1114.305262667903435, 628.0000000000000000 ) ) ;
#2451 = DIRECTION ( 'NONE',  ( 1.000000000000000000, -0.000000000000000000, 0.000000000000000000 ) ) ;
#2452 = VECTOR ( 'NONE', #1001, 1000.000000000000000 ) ;
#2453 = ADVANCED_FACE ( 'NONE', ( #583 ), #2846, .T. ) ;
#2454 = VERTEX_POINT ( 'NONE', #1104 ) ;
#2455 = FACE_OUTER_BOUND ( 'NONE', #1583, .T. ) ;
#2456 = EDGE_CURVE ( 'NONE', #1742, #24, #2617, .T. ) ;
#2457 = ORIENTED_EDGE ( 'NONE', *, *, #1050, .T. ) ;
#2458 = ORIENTED_EDGE ( 'NONE', *, *, #2709, .T. ) ;
#2459 = CARTESIAN_POINT ( 'NONE',  ( 309.8999999999996362, -1154.805262667903889, 628.0000000000001137 ) ) ;
#2460 = DIRECTION ( 'NONE',  ( -0.000000000000000000, 0.000000000000000000, 1.000000000000000000 ) ) ;
#2461 = CARTESIAN_POINT ( 'NONE',  ( 313.0999999999996248, -1160.805262667903662, 625.0000000000001137 ) ) ;
#2462 = ORIENTED_EDGE ( 'NONE', *, *, #2906, .T. ) ;
#2463 = CARTESIAN_POINT ( 'NONE',  ( -996.0000000000009095, -1113.305262667903662, 625.0000000000001137 ) ) ;
#2464 = DIRECTION ( 'NONE',  ( 0.000000000000000000, 1.000000000000000000, -0.000000000000000000 ) ) ;
#2465 = ADVANCED_FACE ( 'NONE', ( #3107 ), #322, .F. ) ;
#2466 = FACE_OUTER_BOUND ( 'NONE', #698, .T. ) ;
#2467 = VECTOR ( 'NONE', #1819, 1000.000000000000000 ) ;
#2468 = AXIS2_PLACEMENT_3D ( 'NONE', #105, #1884, #168 ) ;
#2469 = VERTEX_POINT ( 'NONE', #2324 ) ;
#2470 = AXIS2_PLACEMENT_3D ( 'NONE', #542, #2797, #1562 ) ;
#2471 = EDGE_CURVE ( 'NONE', #2317, #1976, #2377, .T. ) ;
#2472 = CARTESIAN_POINT ( 'NONE',  ( -996.0000000000006821, -1150.305262667904117, 628.0000000000000000 ) ) ;
#2473 = CARTESIAN_POINT ( 'NONE',  ( 1090.972523324353915, -1099.805262667904117, 628.0000000000001137 ) ) ;
#2474 = CIRCLE ( 'NONE', #1541, 5.000000000000115463 ) ;
#2475 = ORIENTED_EDGE ( 'NONE', *, *, #3157, .F. ) ;
#2476 = ORIENTED_EDGE ( 'NONE', *, *, #1620, .F. ) ;
#2477 = CARTESIAN_POINT ( 'NONE',  ( 1090.972523324353915, -1113.305262667903662, 625.0000000000001137 ) ) ;
#2478 = DIRECTION ( 'NONE',  ( 1.000000000000000000, 0.000000000000000000, 0.000000000000000000 ) ) ;
#2479 = PLANE ( 'NONE',  #2047 ) ;
#2480 = VERTEX_POINT ( 'NONE', #1879 ) ;
#2481 = CARTESIAN_POINT ( 'NONE',  ( 628.1567381882845211, -1113.805262667904117, 625.0000000000001137 ) ) ;
#2482 = FACE_OUTER_BOUND ( 'NONE', #1961, .T. ) ;
#2483 = FACE_BOUND ( 'NONE', #3035, .T. ) ;
#2484 = CARTESIAN_POINT ( 'NONE',  ( -309.8999999999996362, -1160.805262667903662, 628.0000000000001137 ) ) ;
#2485 = LINE ( 'NONE', #2953, #921 ) ;
#2486 = EDGE_LOOP ( 'NONE', ( #432, #134, #1854, #457 ) ) ;
#2487 = DIRECTION ( 'NONE',  ( 0.000000000000000000, 1.000000000000000000, 0.000000000000000000 ) ) ;
#2488 = VERTEX_POINT ( 'NONE', #2604 ) ;
#2489 = VERTEX_POINT ( 'NONE', #114 ) ;
#2490 = DIRECTION ( 'NONE',  ( 0.000000000000000000, 1.000000000000000000, -0.000000000000000000 ) ) ;
#2491 = DIRECTION ( 'NONE',  ( 0.000000000000000000, 1.000000000000000000, 0.000000000000000000 ) ) ;
#2492 = EDGE_CURVE ( 'NONE', #704, #2575, #2055, .T. ) ;
#2493 = ORIENTED_EDGE ( 'NONE', *, *, #121, .F. ) ;
#2494 = CARTESIAN_POINT ( 'NONE',  ( -999.9999999999995453, -1146.305262667904117, 625.0000000000001137 ) ) ;
#2495 = CARTESIAN_POINT ( 'NONE',  ( 981.4999999999996589, -1166.805262667904117, 670.0000000000002274 ) ) ;
#2496 = LINE ( 'NONE', #1256, #10 ) ;
#2497 = ORIENTED_EDGE ( 'NONE', *, *, #2227, .T. ) ;
#2498 = CARTESIAN_POINT ( 'NONE',  ( 519.9000000000004320, -1093.805262667904117, 628.0000000000001137 ) ) ;
#2499 = DIRECTION ( 'NONE',  ( 0.000000000000000000, 1.000000000000000000, -0.000000000000000000 ) ) ;
#2500 = ORIENTED_EDGE ( 'NONE', *, *, #293, .T. ) ;
#2501 = CARTESIAN_POINT ( 'NONE',  ( -623.1567381882844074, -1113.805262667904117, 628.0000000000001137 ) ) ;
#2502 = AXIS2_PLACEMENT_3D ( 'NONE', #462, #1465, #1498 ) ;
#2503 = CARTESIAN_POINT ( 'NONE',  ( 1003.999999999998636, -1145.305262667904344, 628.0000000000000000 ) ) ;
#2504 = VERTEX_POINT ( 'NONE', #875 ) ;
#2505 = ORIENTED_EDGE ( 'NONE', *, *, #255, .T. ) ;
#2506 = APPROVAL_PERSON_ORGANIZATION ( #2029, #2343, #1567 ) ;
#2507 = DIRECTION ( 'NONE',  ( -0.000000000000000000, 0.000000000000000000, 1.000000000000000000 ) ) ;
#2508 = DIRECTION ( 'NONE',  ( 0.000000000000000000, 1.000000000000000000, 0.000000000000000000 ) ) ;
#2509 = ORIENTED_EDGE ( 'NONE', *, *, #555, .F. ) ;
#2510 = DIRECTION ( 'NONE',  ( 1.000000000000000000, 0.000000000000000000, 0.000000000000000000 ) ) ;
#2511 = EDGE_CURVE ( 'NONE', #1187, #1656, #85, .T. ) ;
#2512 = CARTESIAN_POINT ( 'NONE',  ( 998.9999999999996589, -1145.305262667904344, 628.0000000000000000 ) ) ;
#2513 = CARTESIAN_POINT ( 'NONE',  ( 995.9999999999995453, -1155.305262667904344, 628.0000000000001137 ) ) ;
#2514 = ORIENTED_EDGE ( 'NONE', *, *, #18, .F. ) ;
#2515 = CARTESIAN_POINT ( 'NONE',  ( -519.9000000000004320, -1107.805262667903889, 628.0000000000001137 ) ) ;
#2516 = VECTOR ( 'NONE', #2091, 1000.000000000000000 ) ;
#2517 = EDGE_CURVE ( 'NONE', #2571, #1456, #2967, .T. ) ;
#2518 = LINE ( 'NONE', #2074, #1432 ) ;
#2519 = ORIENTED_EDGE ( 'NONE', *, *, #2277, .F. ) ;
#2520 = VECTOR ( 'NONE', #494, 1000.000000000000000 ) ;
#2521 = VECTOR ( 'NONE', #1033, 1000.000000000000000 ) ;
#2522 = FACE_OUTER_BOUND ( 'NONE', #340, .T. ) ;
#2523 = DIRECTION ( 'NONE',  ( -0.000000000000000000, 0.000000000000000000, 1.000000000000000000 ) ) ;
#2524 = ORIENTED_EDGE ( 'NONE', *, *, #2802, .T. ) ;
#2525 = VECTOR ( 'NONE', #1577, 1000.000000000000000 ) ;
#2526 = ORIENTED_EDGE ( 'NONE', *, *, #2098, .T. ) ;
#2527 = DIRECTION ( 'NONE',  ( 0.000000000000000000, -1.000000000000000000, 0.000000000000000000 ) ) ;
#2528 = DIRECTION ( 'NONE',  ( -0.000000000000000000, 0.000000000000000000, 1.000000000000000000 ) ) ;
#2529 = VECTOR ( 'NONE', #2223, 1000.000000000000000 ) ;
#2530 = EDGE_CURVE ( 'NONE', #1910, #1835, #2305, .T. ) ;
#2531 = VERTEX_POINT ( 'NONE', #2808 ) ;
#2532 = VECTOR ( 'NONE', #245, 1000.000000000000000 ) ;
#2533 = CARTESIAN_POINT ( 'NONE',  ( -990.0000000000006821, -1108.305262667903662, 628.0000000000001137 ) ) ;
#2534 = CARTESIAN_POINT ( 'NONE',  ( -989.9999999999995453, -1155.305262667904344, 628.0000000000001137 ) ) ;
#2535 = DIRECTION ( 'NONE',  ( 1.000000000000000000, -0.000000000000000000, 0.000000000000000000 ) ) ;
#2536 = DIRECTION ( 'NONE',  ( -0.000000000000000000, 0.000000000000000000, 1.000000000000000000 ) ) ;
#2537 = DIRECTION ( 'NONE',  ( 0.000000000000000000, -1.000000000000000000, 0.000000000000000000 ) ) ;
#2538 = EDGE_CURVE ( 'NONE', #1886, #599, #567, .T. ) ;
#2539 = ORIENTED_EDGE ( 'NONE', *, *, #1617, .F. ) ;
#2540 = DIRECTION ( 'NONE',  ( 0.000000000000000000, 1.000000000000000000, -0.000000000000000000 ) ) ;
#2541 = DIRECTION ( 'NONE',  ( -1.000000000000000000, 0.000000000000000000, -0.000000000000000000 ) ) ;
#2542 = DIRECTION ( 'NONE',  ( -1.000000000000000000, 0.000000000000000000, 0.000000000000000000 ) ) ;
#2543 = ORIENTED_EDGE ( 'NONE', *, *, #357, .F. ) ;
#2544 = EDGE_LOOP ( 'NONE', ( #1318, #825, #2151, #29 ) ) ;
#2545 = APPROVAL_DATE_TIME ( #1321, #1009 ) ;
#2546 = LINE ( 'NONE', #1322, #2208 ) ;
#2547 = ORIENTED_EDGE ( 'NONE', *, *, #339, .T. ) ;
#2548 = CARTESIAN_POINT ( 'NONE',  ( 309.8999999999996362, -1160.805262667903662, 628.0000000000001137 ) ) ;
#2549 = ADVANCED_FACE ( 'NONE', ( #1137 ), #2127, .F. ) ;
#2550 = CYLINDRICAL_SURFACE ( 'NONE', #3052, 5.000000000000004441 ) ;
#2551 = DIRECTION ( 'NONE',  ( -0.000000000000000000, 0.000000000000000000, 1.000000000000000000 ) ) ;
#2552 = DIRECTION ( 'NONE',  ( -0.000000000000000000, 0.000000000000000000, 1.000000000000000000 ) ) ;
#2553 = DIRECTION ( 'NONE',  ( -0.000000000000000000, 0.000000000000000000, 1.000000000000000000 ) ) ;
#2554 = ORIENTED_EDGE ( 'NONE', *, *, #1443, .T. ) ;
#2555 = CARTESIAN_POINT ( 'NONE',  ( -523.1000000000005912, -1155.805262667904344, 625.0000000000001137 ) ) ;
#2556 = CARTESIAN_POINT ( 'NONE',  ( 981.4999999999996589, -1166.805262667904117, 625.0000000000001137 ) ) ;
#2557 = EDGE_CURVE ( 'NONE', #3147, #2282, #2823, .T. ) ;
#2558 = DIRECTION ( 'NONE',  ( -0.000000000000000000, 0.000000000000000000, 1.000000000000000000 ) ) ;
#2559 = EDGE_LOOP ( 'NONE', ( #2914, #243, #486, #563 ) ) ;
#2560 = VECTOR ( 'NONE', #2174, 1000.000000000000000 ) ;
#2561 = DATE_AND_TIME ( #791, #521 ) ;
#2562 = EDGE_CURVE ( 'NONE', #525, #3162, #3170, .T. ) ;
#2563 = VECTOR ( 'NONE', #850, 1000.000000000000000 ) ;
#2564 = ORIENTED_EDGE ( 'NONE', *, *, #1838, .F. ) ;
#2565 = FACE_OUTER_BOUND ( 'NONE', #218, .T. ) ;
#2566 = CARTESIAN_POINT ( 'NONE',  ( 981.4999999999996589, -1166.805262667903889, 631.0000000000001137 ) ) ;
#2567 = DIRECTION ( 'NONE',  ( 0.000000000000000000, 1.000000000000000000, 0.000000000000000000 ) ) ;
#2568 = CARTESIAN_POINT ( 'NONE',  ( -313.0999999999996248, -1160.805262667903662, 628.0000000000001137 ) ) ;
#2569 = CARTESIAN_POINT ( 'NONE',  ( 981.4999999999996589, -1099.805262667904117, 631.0000000000001137 ) ) ;
#2570 = EDGE_CURVE ( 'NONE', #1099, #1960, #2660, .T. ) ;
#2571 = VERTEX_POINT ( 'NONE', #2185 ) ;
#2572 = LINE ( 'NONE', #2344, #803 ) ;
#2573 = LINE ( 'NONE', #1548, #1898 ) ;
#2574 = CARTESIAN_POINT ( 'NONE',  ( 1090.972523324353915, -1149.805262667904344, 628.0000000000001137 ) ) ;
#2575 = VERTEX_POINT ( 'NONE', #936 ) ;
#2576 = AXIS2_PLACEMENT_3D ( 'NONE', #204, #3190, #1201 ) ;
#2577 = EDGE_CURVE ( 'NONE', #3051, #1205, #2634, .T. ) ;
#2578 = DATE_AND_TIME ( #1356, #1110 ) ;
#2579 = DIRECTION ( 'NONE',  ( -1.000000000000000000, 0.000000000000000000, 0.000000000000000000 ) ) ;
#2580 = VECTOR ( 'NONE', #1613, 1000.000000000000000 ) ;
#2581 = CIRCLE ( 'NONE', #1478, 8.499999999999729994 ) ;
#2582 = ORIENTED_EDGE ( 'NONE', *, *, #2186, .F. ) ;
#2583 = ORIENTED_EDGE ( 'NONE', *, *, #2410, .T. ) ;
#2584 = CARTESIAN_POINT ( 'NONE',  ( 1090.972523324353915, -1169.805262667904117, 625.0000000000001137 ) ) ;
#2585 = AXIS2_PLACEMENT_3D ( 'NONE', #1333, #3091, #568 ) ;
#2586 = CARTESIAN_POINT ( 'NONE',  ( 1090.972523324353915, -1102.805262667903889, 625.0000000000001137 ) ) ;
#2587 = DIRECTION ( 'NONE',  ( 1.000000000000000000, 0.000000000000000000, 0.000000000000000000 ) ) ;
#2588 = AXIS2_PLACEMENT_3D ( 'NONE', #2847, #181, #2143 ) ;
#2589 = EDGE_LOOP ( 'NONE', ( #757, #767, #406, #1554 ) ) ;
#2590 = DIRECTION ( 'NONE',  ( 0.000000000000000000, -1.000000000000000000, 0.000000000000000000 ) ) ;
#2591 = CARTESIAN_POINT ( 'NONE',  ( -999.9999999999995453, -1093.805262667904117, 625.0000000000001137 ) ) ;
#2592 = ORIENTED_EDGE ( 'NONE', *, *, #722, .F. ) ;
#2593 = CARTESIAN_POINT ( 'NONE',  ( 309.8999999999996362, -1093.805262667904117, 625.0000000000001137 ) ) ;
#2594 = DIRECTION ( 'NONE',  ( -0.000000000000000000, 0.000000000000000000, 1.000000000000000000 ) ) ;
#2595 = DIRECTION ( 'NONE',  ( -0.000000000000000000, 0.000000000000000000, 1.000000000000000000 ) ) ;
#2596 = ORIENTED_EDGE ( 'NONE', *, *, #1602, .T. ) ;
#2597 = COORDINATED_UNIVERSAL_TIME_OFFSET ( 10, 0, .AHEAD. ) ;
#2598 = ORIENTED_EDGE ( 'NONE', *, *, #1183, .F. ) ;
#2599 = DIRECTION ( 'NONE',  ( 0.000000000000000000, -0.000000000000000000, 1.000000000000000000 ) ) ;
#2600 = CARTESIAN_POINT ( 'NONE',  ( 996.0000000000003411, -1150.305262667904117, 628.0000000000001137 ) ) ;
#2601 = CARTESIAN_POINT ( 'NONE',  ( 996.0000000000003411, -1113.305262667903662, 628.0000000000001137 ) ) ;
#2602 = EDGE_CURVE ( 'NONE', #2815, #713, #2200, .T. ) ;
#2603 = ORIENTED_EDGE ( 'NONE', *, *, #2538, .F. ) ;
#2604 = CARTESIAN_POINT ( 'NONE',  ( -996.0000000000009095, -1150.305262667904117, 625.0000000000001137 ) ) ;
#2605 = CARTESIAN_POINT ( 'NONE',  ( 1090.972523324353915, -1093.805262667904117, 628.0000000000001137 ) ) ;
#2606 = ORIENTED_EDGE ( 'NONE', *, *, #1914, .F. ) ;
#2607 = LINE ( 'NONE', #1043, #126 ) ;
#2608 = CARTESIAN_POINT ( 'NONE',  ( 1090.972523324353915, -1166.805262667904117, 631.0000000000001137 ) ) ;
#2609 = EDGE_LOOP ( 'NONE', ( #864, #278, #919, #2497 ) ) ;
#2610 =( GEOMETRIC_REPRESENTATION_CONTEXT ( 3 ) GLOBAL_UNCERTAINTY_ASSIGNED_CONTEXT ( ( #152 ) ) GLOBAL_UNIT_ASSIGNED_CONTEXT ( ( #2735, #233, #1719 ) ) REPRESENTATION_CONTEXT ( 'NONE', 'WORKASPACE' ) );
#2611 = ORIENTED_EDGE ( 'NONE', *, *, #548, .F. ) ;
#2612 = DIRECTION ( 'NONE',  ( 1.000000000000000000, -0.000000000000000000, -0.000000000000000000 ) ) ;
#2613 = CARTESIAN_POINT ( 'NONE',  ( -519.9000000000004320, -1107.805262667903889, 625.0000000000001137 ) ) ;
#2614 = VECTOR ( 'NONE', #1710, 1000.000000000000000 ) ;
#2615 = DIRECTION ( 'NONE',  ( -0.000000000000000000, 0.000000000000000000, 1.000000000000000000 ) ) ;
#2616 = EDGE_LOOP ( 'NONE', ( #1763, #659, #2856, #2475, #1769, #2759 ) ) ;
#2617 = LINE ( 'NONE', #2875, #7 ) ;
#2618 = EDGE_CURVE ( 'NONE', #456, #2575, #2676, .T. ) ;
#2619 = PLANE ( 'NONE',  #1646 ) ;
#2620 = CARTESIAN_POINT ( 'NONE',  ( 999.9999999999996589, -1149.305262667904344, 625.0000000000001137 ) ) ;
#2621 = PLANE ( 'NONE',  #2468 ) ;
#2622 = ORIENTED_EDGE ( 'NONE', *, *, #732, .T. ) ;
#2623 = AXIS2_PLACEMENT_3D ( 'NONE', #989, #1226, #1798 ) ;
#2624 = VECTOR ( 'NONE', #2918, 1000.000000000000000 ) ;
#2625 = ORIENTED_EDGE ( 'NONE', *, *, #928, .F. ) ;
#2626 = CARTESIAN_POINT ( 'NONE',  ( -999.9999999999996589, -1146.305262667904117, 628.0000000000000000 ) ) ;
#2627 = VECTOR ( 'NONE', #2523, 1000.000000000000000 ) ;
#2628 = AXIS2_PLACEMENT_3D ( 'NONE', #1449, #2446, #1395 ) ;
#2629 = DIRECTION ( 'NONE',  ( 1.000000000000000000, 0.000000000000000000, 0.000000000000000000 ) ) ;
#2630 = EDGE_CURVE ( 'NONE', #2531, #2504, #1423, .T. ) ;
#2631 = CYLINDRICAL_SURFACE ( 'NONE', #1121, 5.000000000000115463 ) ;
#2632 = ORIENTED_EDGE ( 'NONE', *, *, #488, .T. ) ;
#2633 = VECTOR ( 'NONE', #930, 1000.000000000000000 ) ;
#2634 = LINE ( 'NONE', #2158, #895 ) ;
#2635 = CARTESIAN_POINT ( 'NONE',  ( 976.4999999999996589, -1166.805262667904117, 670.0000000000002274 ) ) ;
#2636 = CIRCLE ( 'NONE', #2114, 5.000000000000115463 ) ;
#2637 = AXIS2_PLACEMENT_3D ( 'NONE', #239, #3227, #1937 ) ;
#2638 = DIRECTION ( 'NONE',  ( -0.000000000000000000, 0.000000000000000000, 1.000000000000000000 ) ) ;
#2639 = CARTESIAN_POINT ( 'NONE',  ( 1090.972523324353915, -1107.805262667903889, 628.0000000000001137 ) ) ;
#2640 = EDGE_CURVE ( 'NONE', #1705, #3085, #1772, .T. ) ;
#2641 = ORIENTED_EDGE ( 'NONE', *, *, #3067, .T. ) ;
#2642 = EDGE_LOOP ( 'NONE', ( #1753, #582, #2147, #1862 ) ) ;
#2643 = EDGE_LOOP ( 'NONE', ( #2592, #2426, #2245, #634 ) ) ;
#2644 = DIRECTION ( 'NONE',  ( 1.000000000000000000, 0.000000000000000000, 0.000000000000000000 ) ) ;
#2645 = DIRECTION ( 'NONE',  ( -0.000000000000000000, 0.000000000000000000, 1.000000000000000000 ) ) ;
#2646 = DIRECTION ( 'NONE',  ( 1.000000000000000000, -0.000000000000000000, 0.000000000000000000 ) ) ;
#2647 = ORIENTED_EDGE ( 'NONE', *, *, #2669, .F. ) ;
#2648 = DIRECTION ( 'NONE',  ( -1.000000000000000000, 0.000000000000000000, 0.000000000000000000 ) ) ;
#2649 = FACE_BOUND ( 'NONE', #2559, .T. ) ;
#2650 = DIRECTION ( 'NONE',  ( 0.000000000000000000, -1.000000000000000000, 0.000000000000000000 ) ) ;
#2651 = PLANE ( 'NONE',  #1382 ) ;
#2652 = ORIENTED_EDGE ( 'NONE', *, *, #2562, .T. ) ;
#2653 = EDGE_CURVE ( 'NONE', #1236, #1835, #3137, .T. ) ;
#2654 = ORIENTED_EDGE ( 'NONE', *, *, #470, .F. ) ;
#2655 = ORIENTED_EDGE ( 'NONE', *, *, #1375, .T. ) ;
#2656 = CARTESIAN_POINT ( 'NONE',  ( -313.0999999999996248, -1160.805262667903662, 628.0000000000001137 ) ) ;
#2657 = EDGE_CURVE ( 'NONE', #1802, #2333, #1894, .T. ) ;
#2658 = CARTESIAN_POINT ( 'NONE',  ( 309.8999999999996362, -1108.805262667903889, 628.0000000000001137 ) ) ;
#2659 = ORIENTED_EDGE ( 'NONE', *, *, #926, .F. ) ;
#2660 = LINE ( 'NONE', #653, #1882 ) ;
#2661 = VECTOR ( 'NONE', #206, 1000.000000000000000 ) ;
#2662 = FACE_BOUND ( 'NONE', #1459, .T. ) ;
#2663 = APPROVAL_PERSON_ORGANIZATION ( #1048, #1009, #3064 ) ;
#2664 = CARTESIAN_POINT ( 'NONE',  ( 996.0000000000003411, -1113.305262667903662, 625.0000000000001137 ) ) ;
#2665 = EDGE_CURVE ( 'NONE', #2832, #3085, #420, .T. ) ;
#2666 = VERTEX_POINT ( 'NONE', #1397 ) ;
#2667 = DIRECTION ( 'NONE',  ( -1.000000000000000000, 0.000000000000000000, -0.000000000000000000 ) ) ;
#2668 = ORIENTED_EDGE ( 'NONE', *, *, #2040, .T. ) ;
#2669 = EDGE_CURVE ( 'NONE', #1187, #2703, #781, .T. ) ;
#2670 = ORIENTED_EDGE ( 'NONE', *, *, #2438, .T. ) ;
#2671 = DIRECTION ( 'NONE',  ( 1.000000000000000000, 0.000000000000000000, 0.000000000000000000 ) ) ;
#2672 = DIRECTION ( 'NONE',  ( -0.000000000000000000, 0.000000000000000000, 1.000000000000000000 ) ) ;
#2673 = AXIS2_PLACEMENT_3D ( 'NONE', #1622, #2615, #1376 ) ;
#2674 = EDGE_CURVE ( 'NONE', #1948, #298, #149, .T. ) ;
#2675 = ORIENTED_EDGE ( 'NONE', *, *, #3007, .T. ) ;
#2676 = LINE ( 'NONE', #2920, #1573 ) ;
#2677 = DIRECTION ( 'NONE',  ( 1.000000000000000000, -0.000000000000000000, 0.000000000000000000 ) ) ;
#2678 = CC_DESIGN_DATE_AND_TIME_ASSIGNMENT ( #2817, #2801, ( #3175 ) ) ;
#2679 = CIRCLE ( 'NONE', #1689, 1.000000000000000888 ) ;
#2680 = AXIS2_PLACEMENT_3D ( 'NONE', #990, #1972, #2242 ) ;
#2681 = DIRECTION ( 'NONE',  ( 0.000000000000000000, -1.000000000000000000, 0.000000000000000000 ) ) ;
#2682 = VECTOR ( 'NONE', #1783, 1000.000000000000000 ) ;
#2683 = EDGE_LOOP ( 'NONE', ( #754, #2429, #314, #2083 ) ) ;
#2684 = ADVANCED_FACE ( 'NONE', ( #2405 ), #2691, .T. ) ;
#2685 = VERTEX_POINT ( 'NONE', #1152 ) ;
#2686 = EDGE_LOOP ( 'NONE', ( #1302, #993 ) ) ;
#2687 = APPLICATION_CONTEXT ( 'configuration controlled 3d designs of mechanical parts and assemblies' ) ;
#2688 = CARTESIAN_POINT ( 'NONE',  ( 523.1000000000004775, -1113.805262667903662, 628.0000000000001137 ) ) ;
#2689 = CARTESIAN_POINT ( 'NONE',  ( -998.9999999999996589, -1114.305262667903435, 628.0000000000000000 ) ) ;
#2690 = EDGE_LOOP ( 'NONE', ( #157, #1011, #327, #2286 ) ) ;
#2691 = PLANE ( 'NONE',  #629 ) ;
#2692 = EDGE_CURVE ( 'NONE', #1905, #1473, #1921, .T. ) ;
#2693 = CARTESIAN_POINT ( 'NONE',  ( 633.1567381882846348, -1113.805262667904117, 625.0000000000001137 ) ) ;
#2694 = EDGE_CURVE ( 'NONE', #2243, #942, #2141, .T. ) ;
#2695 = CARTESIAN_POINT ( 'NONE',  ( -996.0000000000006821, -1113.305262667903662, 628.0000000000000000 ) ) ;
#2696 = VERTEX_POINT ( 'NONE', #1180 ) ;
#2697 = DIRECTION ( 'NONE',  ( 0.000000000000000000, 0.000000000000000000, -1.000000000000000000 ) ) ;
#2698 = VERTEX_POINT ( 'NONE', #1911 ) ;
#2699 = ORIENTED_EDGE ( 'NONE', *, *, #691, .F. ) ;
#2700 = PLANE ( 'NONE',  #2449 ) ;
#2701 = CARTESIAN_POINT ( 'NONE',  ( 628.1567381882845211, -1149.805262667904117, 625.0000000000001137 ) ) ;
#2702 = CARTESIAN_POINT ( 'NONE',  ( 313.0999999999996248, -1108.805262667903889, 628.0000000000001137 ) ) ;
#2703 = VERTEX_POINT ( 'NONE', #677 ) ;
#2704 = DIRECTION ( 'NONE',  ( 1.000000000000000000, 0.000000000000000000, 0.000000000000000000 ) ) ;
#2705 = CARTESIAN_POINT ( 'NONE',  ( -309.8999999999996362, -1160.805262667903662, 628.0000000000001137 ) ) ;
#2706 = EDGE_CURVE ( 'NONE', #1835, #1205, #2406, .T. ) ;
#2707 = CARTESIAN_POINT ( 'NONE',  ( -989.9999999999997726, -1155.305262667904344, 625.0000000000001137 ) ) ;
#2708 = VECTOR ( 'NONE', #2648, 1000.000000000000000 ) ;
#2709 = EDGE_CURVE ( 'NONE', #2816, #36, #694, .T. ) ;
#2710 = ORIENTED_EDGE ( 'NONE', *, *, #2929, .T. ) ;
#2711 = CARTESIAN_POINT ( 'NONE',  ( 1090.972523324353915, -1108.305262667903662, 625.0000000000001137 ) ) ;
#2712 = CARTESIAN_POINT ( 'NONE',  ( 1090.972523324353915, -1155.805262667904344, 628.0000000000001137 ) ) ;
#2713 = ORIENTED_EDGE ( 'NONE', *, *, #1087, .F. ) ;
#2714 = VERTEX_POINT ( 'NONE', #1203 ) ;
#2715 = CARTESIAN_POINT ( 'NONE',  ( 1090.972523324353915, -1096.805262667903889, 631.0000000000001137 ) ) ;
#2716 = DIRECTION ( 'NONE',  ( 0.000000000000000000, -1.000000000000000000, 0.000000000000000000 ) ) ;
#2717 = VECTOR ( 'NONE', #2552, 1000.000000000000000 ) ;
#2718 = ORIENTED_EDGE ( 'NONE', *, *, #488, .F. ) ;
#2719 = CARTESIAN_POINT ( 'NONE',  ( -998.9999999999996589, -1113.305262667903662, 625.0000000000001137 ) ) ;
#2720 = EDGE_CURVE ( 'NONE', #3180, #2048, #3193, .T. ) ;
#2721 = DIRECTION ( 'NONE',  ( -0.000000000000000000, 0.000000000000000000, 1.000000000000000000 ) ) ;
#2722 = FACE_BOUND ( 'NONE', #2326, .T. ) ;
#2723 = LINE ( 'NONE', #2005, #328 ) ;
#2724 = CARTESIAN_POINT ( 'NONE',  ( -995.9999999999995453, -1093.805262667904117, 628.0000000000001137 ) ) ;
#2725 = VECTOR ( 'NONE', #1563, 1000.000000000000000 ) ;
#2726 = VECTOR ( 'NONE', #2249, 1000.000000000000000 ) ;
#2727 = ORIENTED_EDGE ( 'NONE', *, *, #369, .T. ) ;
#2728 = AXIS2_PLACEMENT_3D ( 'NONE', #1427, #2425, #939 ) ;
#2729 = CARTESIAN_POINT ( 'NONE',  ( 519.9000000000004320, -1093.805262667904117, 628.0000000000001137 ) ) ;
#2730 = DIRECTION ( 'NONE',  ( 1.000000000000000000, 0.000000000000000000, 0.000000000000000000 ) ) ;
#2731 = EDGE_CURVE ( 'NONE', #1888, #1618, #1924, .T. ) ;
#2732 = VECTOR ( 'NONE', #2863, 1000.000000000000000 ) ;
#2733 = ORIENTED_EDGE ( 'NONE', *, *, #926, .T. ) ;
#2734 = ORIENTED_EDGE ( 'NONE', *, *, #2577, .T. ) ;
#2735 =( LENGTH_UNIT ( ) NAMED_UNIT ( * ) SI_UNIT ( .MILLI., .METRE. ) );
#2736 = CARTESIAN_POINT ( 'NONE',  ( 309.8999999999996362, -1108.805262667903889, 628.0000000000001137 ) ) ;
#2737 = ORIENTED_EDGE ( 'NONE', *, *, #1799, .T. ) ;
#2738 = CYLINDRICAL_SURFACE ( 'NONE', #2502, 5.000000000000115463 ) ;
#2739 = DIRECTION ( 'NONE',  ( 0.000000000000000000, -1.000000000000000000, 0.000000000000000000 ) ) ;
#2740 = FACE_BOUND ( 'NONE', #1822, .T. ) ;
#2741 = CARTESIAN_POINT ( 'NONE',  ( 309.8999999999996362, -1093.805262667904117, 625.0000000000001137 ) ) ;
#2742 = DIRECTION ( 'NONE',  ( 1.000000000000000000, 0.000000000000000000, 0.000000000000000000 ) ) ;
#2743 = VERTEX_POINT ( 'NONE', #2463 ) ;
#2744 = CARTESIAN_POINT ( 'NONE',  ( 313.0999999999996248, -1160.805262667903662, 628.0000000000001137 ) ) ;
#2745 = LINE ( 'NONE', #3008, #2532 ) ;
#2746 = EDGE_LOOP ( 'NONE', ( #1615, #1929, #2199, #1907 ) ) ;
#2747 = VERTEX_POINT ( 'NONE', #2001 ) ;
#2748 = EDGE_CURVE ( 'NONE', #24, #41, #1537, .T. ) ;
#2749 = PLANE ( 'NONE',  #100 ) ;
#2750 = LINE ( 'NONE', #2736, #2726 ) ;
#2751 = VERTEX_POINT ( 'NONE', #2719 ) ;
#2752 = DIRECTION ( 'NONE',  ( -1.000000000000000000, -0.000000000000000000, -0.000000000000000000 ) ) ;
#2753 = DIRECTION ( 'NONE',  ( 0.000000000000000000, 0.000000000000000000, -1.000000000000000000 ) ) ;
#2754 = CARTESIAN_POINT ( 'NONE',  ( 981.4999999999996589, -1093.805262667904117, 670.0000000000002274 ) ) ;
#2755 = EDGE_LOOP ( 'NONE', ( #903, #2944, #2764, #1750 ) ) ;
#2756 = DIRECTION ( 'NONE',  ( -0.000000000000000000, 0.000000000000000000, 1.000000000000000000 ) ) ;
#2757 = AXIS2_PLACEMENT_3D ( 'NONE', #189, #3118, #1160 ) ;
#2758 = CARTESIAN_POINT ( 'NONE',  ( -995.9999999999995453, -1093.805262667904117, 628.0000000000001137 ) ) ;
#2759 = ORIENTED_EDGE ( 'NONE', *, *, #1966, .F. ) ;
#2760 = CIRCLE ( 'NONE', #1366, 5.000000000000115463 ) ;
#2761 = EDGE_CURVE ( 'NONE', #247, #1693, #1237, .T. ) ;
#2762 = CARTESIAN_POINT ( 'NONE',  ( -628.1567381882845211, -1113.805262667904117, 625.0000000000001137 ) ) ;
#2763 = EDGE_LOOP ( 'NONE', ( #1866, #829, #2949, #3203 ) ) ;
#2764 = ORIENTED_EDGE ( 'NONE', *, *, #896, .T. ) ;
#2765 = VECTOR ( 'NONE', #1931, 1000.000000000000000 ) ;
#2766 = CARTESIAN_POINT ( 'NONE',  ( 1090.972523324353915, -1155.805262667904344, 625.0000000000001137 ) ) ;
#2767 = CARTESIAN_POINT ( 'NONE',  ( 309.8999999999996362, -1108.805262667903889, 628.0000000000001137 ) ) ;
#2768 = ADVANCED_FACE ( 'NONE', ( #1744 ), #1516, .T. ) ;
#2769 = ORIENTED_EDGE ( 'NONE', *, *, #2438, .F. ) ;
#2770 = DIRECTION ( 'NONE',  ( -0.000000000000000000, 0.000000000000000000, 1.000000000000000000 ) ) ;
#2771 = LINE ( 'NONE', #2566, #545 ) ;
#2772 = CYLINDRICAL_SURFACE ( 'NONE', #2830, 5.000000000000004441 ) ;
#2773 = ADVANCED_FACE ( 'NONE', ( #2033 ), #776, .T. ) ;
#2774 = LINE ( 'NONE', #1779, #65 ) ;
#2775 = LINE ( 'NONE', #2591, #1691 ) ;
#2776 = VECTOR ( 'NONE', #581, 1000.000000000000000 ) ;
#2777 = VERTEX_POINT ( 'NONE', #762 ) ;
#2778 = AXIS2_PLACEMENT_3D ( 'NONE', #1307, #1327, #1776 ) ;
#2779 = AXIS2_PLACEMENT_3D ( 'NONE', #460, #2542, #2716 ) ;
#2780 = CYLINDRICAL_SURFACE ( 'NONE', #2837, 5.000000000000115463 ) ;
#2781 = CARTESIAN_POINT ( 'NONE',  ( 1090.972523324353915, -1160.805262667903662, 625.0000000000001137 ) ) ;
#2782 = CARTESIAN_POINT ( 'NONE',  ( -628.1567381882845211, -1113.805262667904117, 628.0000000000001137 ) ) ;
#2783 = AXIS2_PLACEMENT_3D ( 'NONE', #878, #927, #1413 ) ;
#2784 = ORIENTED_EDGE ( 'NONE', *, *, #2538, .T. ) ;
#2785 = EDGE_CURVE ( 'NONE', #2504, #2928, #1252, .T. ) ;
#2786 = VECTOR ( 'NONE', #86, 1000.000000000000000 ) ;
#2787 = ORIENTED_EDGE ( 'NONE', *, *, #2148, .T. ) ;
#2788 = VECTOR ( 'NONE', #1700, 1000.000000000000000 ) ;
#2789 = PLANE ( 'NONE',  #2872 ) ;
#2790 = DIRECTION ( 'NONE',  ( 0.000000000000000000, -0.000000000000000000, -1.000000000000000000 ) ) ;
#2791 = CARTESIAN_POINT ( 'NONE',  ( 1003.999999999998636, -1118.305262667903435, 628.0000000000000000 ) ) ;
#2792 = DIRECTION ( 'NONE',  ( 1.000000000000000000, 0.000000000000000000, 0.000000000000000000 ) ) ;
#2793 = ADVANCED_FACE ( 'NONE', ( #708 ), #2981, .F. ) ;
#2794 = LINE ( 'NONE', #554, #2210 ) ;
#2795 = ORIENTED_EDGE ( 'NONE', *, *, #2098, .F. ) ;
#2796 = EDGE_CURVE ( 'NONE', #2800, #3068, #3225, .T. ) ;
#2797 = DIRECTION ( 'NONE',  ( -0.000000000000000000, 0.000000000000000000, 1.000000000000000000 ) ) ;
#2798 = DIRECTION ( 'NONE',  ( -0.000000000000000000, 0.000000000000000000, 1.000000000000000000 ) ) ;
#2799 = DIRECTION ( 'NONE',  ( 1.000000000000000000, -0.000000000000000000, 0.000000000000000000 ) ) ;
#2800 = VERTEX_POINT ( 'NONE', #514 ) ;
#2801 = DATE_TIME_ROLE ( 'creation_date' ) ;
#2802 = EDGE_CURVE ( 'NONE', #945, #106, #2964, .T. ) ;
#2803 = ORIENTED_EDGE ( 'NONE', *, *, #2352, .T. ) ;
#2804 = DIRECTION ( 'NONE',  ( -1.000000000000000000, 0.000000000000000000, 0.000000000000000000 ) ) ;
#2805 = DIRECTION ( 'NONE',  ( 1.000000000000000000, 0.000000000000000000, 0.000000000000000000 ) ) ;
#2806 = EDGE_CURVE ( 'NONE', #2714, #2685, #2272, .T. ) ;
#2807 = CARTESIAN_POINT ( 'NONE',  ( 996.0000000000003411, -1093.805262667904117, 625.0000000000001137 ) ) ;
#2808 = CARTESIAN_POINT ( 'NONE',  ( 523.1000000000004775, -1155.805262667904344, 625.0000000000001137 ) ) ;
#2809 = CARTESIAN_POINT ( 'NONE',  ( 1090.972523324353915, -1099.805262667904117, 631.0000000000001137 ) ) ;
#2810 = ADVANCED_FACE ( 'NONE', ( #500 ), #2738, .F. ) ;
#2811 = ORIENTED_EDGE ( 'NONE', *, *, #1981, .T. ) ;
#2812 = LINE ( 'NONE', #1818, #1793 ) ;
#2813 = CARTESIAN_POINT ( 'NONE',  ( 519.9000000000004320, -1093.805262667904117, 625.0000000000001137 ) ) ;
#2814 = CARTESIAN_POINT ( 'NONE',  ( 523.1000000000004775, -1093.805262667904117, 628.0000000000001137 ) ) ;
#2815 = VERTEX_POINT ( 'NONE', #30 ) ;
#2816 = VERTEX_POINT ( 'NONE', #1482 ) ;
#2817 = DATE_AND_TIME ( #1823, #2090 ) ;
#2818 = ORIENTED_EDGE ( 'NONE', *, *, #832, .T. ) ;
#2819 = CARTESIAN_POINT ( 'NONE',  ( -995.9999999999995453, -1093.805262667904117, 628.0000000000001137 ) ) ;
#2820 = CARTESIAN_POINT ( 'NONE',  ( -976.4999999999996589, -1096.805262667903889, 670.0000000000002274 ) ) ;
#2821 = DIRECTION ( 'NONE',  ( -0.000000000000000000, -1.000000000000000000, 0.000000000000000000 ) ) ;
#2822 = EDGE_LOOP ( 'NONE', ( #1065, #1580, #3136, #958 ) ) ;
#2823 = LINE ( 'NONE', #1311, #2560 ) ;
#2824 = EDGE_CURVE ( 'NONE', #613, #2845, #2016, .T. ) ;
#2825 = DIRECTION ( 'NONE',  ( -0.000000000000000000, -1.000000000000000000, 0.000000000000000000 ) ) ;
#2826 = VECTOR ( 'NONE', #2756, 1000.000000000000000 ) ;
#2827 = ORIENTED_EDGE ( 'NONE', *, *, #3075, .T. ) ;
#2828 = CARTESIAN_POINT ( 'NONE',  ( 996.0000000000003411, -1093.805262667904117, 628.0000000000001137 ) ) ;
#2829 = CARTESIAN_POINT ( 'NONE',  ( -981.4999999999995453, -1166.805262667904117, 631.0000000000001137 ) ) ;
#2830 = AXIS2_PLACEMENT_3D ( 'NONE', #552, #2274, #1557 ) ;
#2831 = CARTESIAN_POINT ( 'NONE',  ( -998.9999999999996589, -1150.305262667904117, 625.0000000000001137 ) ) ;
#2832 = VERTEX_POINT ( 'NONE', #2494 ) ;
#2833 = ORIENTED_EDGE ( 'NONE', *, *, #1661, .T. ) ;
#2834 = VECTOR ( 'NONE', #3141, 1000.000000000000000 ) ;
#2835 = DATE_AND_TIME ( #562, #996 ) ;
#2836 = EDGE_CURVE ( 'NONE', #2703, #1099, #1222, .T. ) ;
#2837 = AXIS2_PLACEMENT_3D ( 'NONE', #2077, #1315, #53 ) ;
#2838 = ORIENTED_EDGE ( 'NONE', *, *, #2570, .T. ) ;
#2839 = CARTESIAN_POINT ( 'NONE',  ( -1003.999999999998636, -1113.305262667903662, 628.0000000000000000 ) ) ;
#2840 = CC_DESIGN_PERSON_AND_ORGANIZATION_ASSIGNMENT ( #2045, #597, ( #1926 ) ) ;
#2841 = AXIS2_PLACEMENT_3D ( 'NONE', #972, #1955, #2464 ) ;
#2842 = CARTESIAN_POINT ( 'NONE',  ( -981.4999999999995453, -1093.805262667904117, 670.0000000000002274 ) ) ;
#2843 = LINE ( 'NONE', #1830, #477 ) ;
#2844 = VECTOR ( 'NONE', #1088, 1000.000000000000000 ) ;
#2845 = VERTEX_POINT ( 'NONE', #2219 ) ;
#2846 = CYLINDRICAL_SURFACE ( 'NONE', #1528, 5.000000000000004441 ) ;
#2847 = CARTESIAN_POINT ( 'NONE',  ( -309.8999999999996362, -1102.805262667903889, 628.0000000000001137 ) ) ;
#2848 = ADVANCED_FACE ( 'NONE', ( #1289 ), #1965, .T. ) ;
#2849 = ORIENTED_EDGE ( 'NONE', *, *, #170, .T. ) ;
#2850 = CARTESIAN_POINT ( 'NONE',  ( 623.1567381882844074, -1113.805262667904117, 628.0000000000001137 ) ) ;
#2851 = LINE ( 'NONE', #807, #2580 ) ;
#2852 = CARTESIAN_POINT ( 'NONE',  ( 1090.972523324353915, -1155.805262667904344, 628.0000000000001137 ) ) ;
#2853 = ORIENTED_EDGE ( 'NONE', *, *, #1304, .T. ) ;
#2854 = EDGE_LOOP ( 'NONE', ( #2795, #2032, #1848, #148 ) ) ;
#2855 = EDGE_CURVE ( 'NONE', #1910, #894, #1723, .T. ) ;
#2856 = ORIENTED_EDGE ( 'NONE', *, *, #31, .F. ) ;
#2857 = CARTESIAN_POINT ( 'NONE',  ( 309.8999999999996362, -1154.805262667903889, 628.0000000000001137 ) ) ;
#2858 = CARTESIAN_POINT ( 'NONE',  ( -1003.999999999998636, -1145.305262667904344, 628.0000000000000000 ) ) ;
#2859 = LINE ( 'NONE', #2807, #424 ) ;
#2860 = ADVANCED_FACE ( 'NONE', ( #1586 ), #1826, .F. ) ;
#2861 = EDGE_LOOP ( 'NONE', ( #230, #1480, #1630, #1529 ) ) ;
#2862 = CARTESIAN_POINT ( 'NONE',  ( 976.4999999999996589, -1166.805262667904117, 670.0000000000002274 ) ) ;
#2863 = DIRECTION ( 'NONE',  ( 0.000000000000000000, 1.000000000000000000, -0.000000000000000000 ) ) ;
#2864 = LINE ( 'NONE', #184, #2376 ) ;
#2865 = DIRECTION ( 'NONE',  ( -1.000000000000000000, 0.000000000000000000, -0.000000000000000000 ) ) ;
#2866 = ORIENTED_EDGE ( 'NONE', *, *, #2332, .F. ) ;
#2867 = ORIENTED_EDGE ( 'NONE', *, *, #2669, .T. ) ;
#2868 = ADVANCED_FACE ( 'NONE', ( #356 ), #814, .T. ) ;
#2869 = ORIENTED_EDGE ( 'NONE', *, *, #2418, .F. ) ;
#2870 = LINE ( 'NONE', #444, #3076 ) ;
#2871 = CARTESIAN_POINT ( 'NONE',  ( -995.9999999999995453, -1155.305262667904344, 628.0000000000001137 ) ) ;
#2872 = AXIS2_PLACEMENT_3D ( 'NONE', #550, #80, #3101 ) ;
#2873 = CARTESIAN_POINT ( 'NONE',  ( -313.0999999999995111, -1093.805262667904117, 625.0000000000001137 ) ) ;
#2874 = ORIENTED_EDGE ( 'NONE', *, *, #275, .F. ) ;
#2875 = CARTESIAN_POINT ( 'NONE',  ( 989.9999999999995453, -1155.305262667904344, 628.0000000000001137 ) ) ;
#2876 = ADVANCED_FACE ( 'NONE', ( #2565 ), #61, .T. ) ;
#2877 = DIRECTION ( 'NONE',  ( 0.000000000000000000, 1.000000000000000000, 0.000000000000000000 ) ) ;
#2878 = EDGE_CURVE ( 'NONE', #1207, #1960, #830, .T. ) ;
#2879 = DIRECTION ( 'NONE',  ( -0.000000000000000000, -0.000000000000000000, -1.000000000000000000 ) ) ;
#2880 = DIRECTION ( 'NONE',  ( -0.000000000000000000, 0.000000000000000000, 1.000000000000000000 ) ) ;
#2881 = EDGE_LOOP ( 'NONE', ( #2727, #2103, #1257, #1501 ) ) ;
#2882 = VERTEX_POINT ( 'NONE', #109 ) ;
#2883 = VERTEX_POINT ( 'NONE', #2548 ) ;
#2884 = CARTESIAN_POINT ( 'NONE',  ( -995.9999999999995453, -1093.805262667904117, 625.0000000000001137 ) ) ;
#2885 = VECTOR ( 'NONE', #2296, 1000.000000000000000 ) ;
#2886 = VECTOR ( 'NONE', #1149, 1000.000000000000000 ) ;
#2887 = LINE ( 'NONE', #2085, #973 ) ;
#2888 = LINE ( 'NONE', #2155, #795 ) ;
#2889 = ORIENTED_EDGE ( 'NONE', *, *, #3029, .F. ) ;
#2890 = AXIS2_PLACEMENT_3D ( 'NONE', #1686, #2650, #3110 ) ;
#2891 = DIRECTION ( 'NONE',  ( 1.000000000000000000, 0.000000000000000000, 0.000000000000000000 ) ) ;
#2892 = DIRECTION ( 'NONE',  ( 1.000000000000000000, 0.000000000000000000, 0.000000000000000000 ) ) ;
#2893 = AXIS2_PLACEMENT_3D ( 'NONE', #2175, #2877, #1912 ) ;
#2894 = EDGE_CURVE ( 'NONE', #1187, #700, #2921, .T. ) ;
#2895 = FACE_OUTER_BOUND ( 'NONE', #194, .T. ) ;
#2896 = FACE_OUTER_BOUND ( 'NONE', #1145, .T. ) ;
#2897 = EDGE_CURVE ( 'NONE', #3047, #2882, #1514, .T. ) ;
#2898 = ORIENTED_EDGE ( 'NONE', *, *, #39, .T. ) ;
#2899 = DIRECTION ( 'NONE',  ( -0.000000000000000000, -1.000000000000000000, 0.000000000000000000 ) ) ;
#2900 = ORIENTED_EDGE ( 'NONE', *, *, #711, .F. ) ;
#2901 = EDGE_LOOP ( 'NONE', ( #284, #2524, #382, #1754 ) ) ;
#2902 = LINE ( 'NONE', #920, #2765 ) ;
#2903 = DIRECTION ( 'NONE',  ( 1.000000000000000000, 0.000000000000000000, 0.000000000000000000 ) ) ;
#2904 = ORIENTED_EDGE ( 'NONE', *, *, #3007, .F. ) ;
#2905 = DIRECTION ( 'NONE',  ( -1.000000000000000000, 0.000000000000000000, -0.000000000000000000 ) ) ;
#2906 = EDGE_CURVE ( 'NONE', #2480, #676, #1086, .T. ) ;
#2907 = LINE ( 'NONE', #2393, #2732 ) ;
#2908 = CARTESIAN_POINT ( 'NONE',  ( 999.9999999999996589, -1117.305262667903662, 625.0000000000001137 ) ) ;
#2909 = EDGE_CURVE ( 'NONE', #1187, #683, #618, .T. ) ;
#2910 = VERTEX_POINT ( 'NONE', #2334 ) ;
#2911 = LINE ( 'NONE', #1403, #3046 ) ;
#2912 = ADVANCED_FACE ( 'NONE', ( #1133 ), #564, .T. ) ;
#2913 = EDGE_LOOP ( 'NONE', ( #265, #287 ) ) ;
#2914 = ORIENTED_EDGE ( 'NONE', *, *, #1284, .T. ) ;
#2915 = VECTOR ( 'NONE', #883, 1000.000000000000000 ) ;
#2916 = DIRECTION ( 'NONE',  ( -0.000000000000000000, -1.000000000000000000, 0.000000000000000000 ) ) ;
#2917 = CC_DESIGN_PERSON_AND_ORGANIZATION_ASSIGNMENT ( #1552, #77, ( #2386 ) ) ;
#2918 = DIRECTION ( 'NONE',  ( 0.000000000000000000, 1.000000000000000000, 0.000000000000000000 ) ) ;
#2919 = ORIENTED_EDGE ( 'NONE', *, *, #1816, .T. ) ;
#2920 = CARTESIAN_POINT ( 'NONE',  ( -309.8999999999996362, -1102.805262667903889, 628.0000000000001137 ) ) ;
#2921 = CIRCLE ( 'NONE', #1106, 6.000000000000005329 ) ;
#2922 = PLANE ( 'NONE',  #2991 ) ;
#2923 = ORIENTED_EDGE ( 'NONE', *, *, #1181, .T. ) ;
#2924 = DIRECTION ( 'NONE',  ( -0.000000000000000000, -0.000000000000000000, -1.000000000000000000 ) ) ;
#2925 = ORIENTED_EDGE ( 'NONE', *, *, #686, .F. ) ;
#2926 = DIRECTION ( 'NONE',  ( 1.000000000000000000, 0.000000000000000000, 0.000000000000000000 ) ) ;
#2927 = ORIENTED_EDGE ( 'NONE', *, *, #1607, .T. ) ;
#2928 = VERTEX_POINT ( 'NONE', #1100 ) ;
#2929 = EDGE_CURVE ( 'NONE', #496, #2184, #2084, .T. ) ;
#2930 = FACE_OUTER_BOUND ( 'NONE', #1174, .T. ) ;
#2931 = PERSON ( 'UNSPECIFIED', 'UNSPECIFIED', 'UNSPECIFIED', ('UNSPECIFIED'), ('UNSPECIFIED'), ('UNSPECIFIED') ) ;
#2932 = FACE_OUTER_BOUND ( 'NONE', #1590, .T. ) ;
#2933 = ORIENTED_EDGE ( 'NONE', *, *, #1386, .T. ) ;
#2934 = ADVANCED_FACE ( 'NONE', ( #2354 ), #1326, .F. ) ;
#2935 = DIRECTION ( 'NONE',  ( 1.000000000000000000, 0.000000000000000000, 0.000000000000000000 ) ) ;
#2936 = VECTOR ( 'NONE', #2373, 1000.000000000000000 ) ;
#2937 = VECTOR ( 'NONE', #1512, 1000.000000000000000 ) ;
#2938 = CYLINDRICAL_SURFACE ( 'NONE', #3040, 1.000000000000000888 ) ;
#2939 = VECTOR ( 'NONE', #2742, 1000.000000000000000 ) ;
#2940 = CARTESIAN_POINT ( 'NONE',  ( 998.9999999999996589, -1118.305262667903435, 628.0000000000000000 ) ) ;
#2941 = AXIS2_PLACEMENT_3D ( 'NONE', #372, #872, #1374 ) ;
#2942 = EDGE_LOOP ( 'NONE', ( #2647, #3009, #1551, #2443, #2157, #2071, #294, #2500, #874, #140, #737, #1496, #3097, #1977, #1651, #1878, #1714, #826, #333, #2099, #4, #3169, #2827, #2212, #2412, #641, #576, #2266, #1990, #366, #1392, #3112, #517, #91, #2641, #2230 ) ) ;
#2943 = PLANE ( 'NONE',  #696 ) ;
#2944 = ORIENTED_EDGE ( 'NONE', *, *, #2806, .T. ) ;
#2945 = ORIENTED_EDGE ( 'NONE', *, *, #886, .T. ) ;
#2946 = DIRECTION ( 'NONE',  ( -1.000000000000000000, -0.000000000000000000, -0.000000000000000000 ) ) ;
#2947 = DIRECTION ( 'NONE',  ( -0.000000000000000000, 0.000000000000000000, 1.000000000000000000 ) ) ;
#2948 = ADVANCED_FACE ( 'NONE', ( #2104 ), #2789, .T. ) ;
#2949 = ORIENTED_EDGE ( 'NONE', *, *, #2224, .T. ) ;
#2950 = CARTESIAN_POINT ( 'NONE',  ( 1003.999999999998636, -1145.305262667904344, 628.0000000000000000 ) ) ;
#2951 = LINE ( 'NONE', #1223, #1481 ) ;
#2952 = ORIENTED_EDGE ( 'NONE', *, *, #1042, .F. ) ;
#2953 = CARTESIAN_POINT ( 'NONE',  ( -623.1567381882844074, -1113.805262667904117, 628.0000000000001137 ) ) ;
#2954 = ORIENTED_EDGE ( 'NONE', *, *, #2640, .T. ) ;
#2955 = PLANE ( 'NONE',  #2988 ) ;
#2956 = DIRECTION ( 'NONE',  ( -1.000000000000000000, -0.000000000000000000, -0.000000000000000000 ) ) ;
#2957 = ORIENTED_EDGE ( 'NONE', *, *, #492, .T. ) ;
#2958 = ORIENTED_EDGE ( 'NONE', *, *, #1748, .T. ) ;
#2959 = ADVANCED_FACE ( 'NONE', ( #870 ), #371, .F. ) ;
#2960 = DIRECTION ( 'NONE',  ( 1.000000000000000000, 0.000000000000000000, 0.000000000000000000 ) ) ;
#2961 = LINE ( 'NONE', #1233, #1331 ) ;
#2962 = DIRECTION ( 'NONE',  ( -0.000000000000000000, -1.000000000000000000, 0.000000000000000000 ) ) ;
#2963 = ORIENTED_EDGE ( 'NONE', *, *, #470, .T. ) ;
#2964 = LINE ( 'NONE', #269, #2452 ) ;
#2965 = DIRECTION ( 'NONE',  ( -1.000000000000000000, 0.000000000000000000, 0.000000000000000000 ) ) ;
#2966 = DIRECTION ( 'NONE',  ( -0.000000000000000000, 0.000000000000000000, 1.000000000000000000 ) ) ;
#2967 = CIRCLE ( 'NONE', #1308, 5.000000000000115463 ) ;
#2968 = CARTESIAN_POINT ( 'NONE',  ( 309.8999999999996362, -1102.805262667903889, 628.0000000000001137 ) ) ;
#2969 = ADVANCED_FACE ( 'NONE', ( #1373 ), #302, .T. ) ;
#2970 = CYLINDRICAL_SURFACE ( 'NONE', #2680, 1.000000000000000888 ) ;
#2971 = AXIS2_PLACEMENT_3D ( 'NONE', #1844, #1619, #1604 ) ;
#2972 = ORIENTED_EDGE ( 'NONE', *, *, #1697, .T. ) ;
#2973 = DIRECTION ( 'NONE',  ( -1.000000000000000000, 0.000000000000000000, -0.000000000000000000 ) ) ;
#2974 = ORIENTED_EDGE ( 'NONE', *, *, #681, .T. ) ;
#2975 = ORIENTED_EDGE ( 'NONE', *, *, #1216, .F. ) ;
#2976 = DIRECTION ( 'NONE',  ( 1.000000000000000000, 0.000000000000000000, 0.000000000000000000 ) ) ;
#2977 = DIRECTION ( 'NONE',  ( 0.000000000000000000, 0.000000000000000000, 1.000000000000000000 ) ) ;
#2978 = EDGE_CURVE ( 'NONE', #728, #2698, #2049, .T. ) ;
#2979 = AXIS2_PLACEMENT_3D ( 'NONE', #1349, #1332, #1120 ) ;
#2980 = ORIENTED_EDGE ( 'NONE', *, *, #2630, .T. ) ;
#2981 = CYLINDRICAL_SURFACE ( 'NONE', #1627, 8.499999999999729994 ) ;
#2982 = DIRECTION ( 'NONE',  ( 1.000000000000000000, 0.000000000000000000, 0.000000000000000000 ) ) ;
#2983 = PLANE ( 'NONE',  #1584 ) ;
#2984 = VECTOR ( 'NONE', #2865, 1000.000000000000000 ) ;
#2985 = LINE ( 'NONE', #2741, #2256 ) ;
#2986 = LINE ( 'NONE', #1454, #2323 ) ;
#2987 = VECTOR ( 'NONE', #1022, 1000.000000000000000 ) ;
#2988 = AXIS2_PLACEMENT_3D ( 'NONE', #2744, #1457, #1505 ) ;
#2989 = EDGE_CURVE ( 'NONE', #2308, #2282, #1633, .T. ) ;
#2990 = ORIENTED_EDGE ( 'NONE', *, *, #1284, .F. ) ;
#2991 = AXIS2_PLACEMENT_3D ( 'NONE', #678, #2201, #3196 ) ;
#2992 = DIRECTION ( 'NONE',  ( 0.000000000000000000, -1.000000000000000000, 0.000000000000000000 ) ) ;
#2993 = EDGE_CURVE ( 'NONE', #1785, #1608, #2760, .T. ) ;
#2994 = CIRCLE ( 'NONE', #684, 5.000000000000004441 ) ;
#2995 = ORIENTED_EDGE ( 'NONE', *, *, #2706, .F. ) ;
#2996 = VERTEX_POINT ( 'NONE', #2122 ) ;
#2997 = CARTESIAN_POINT ( 'NONE',  ( -998.9999999999996589, -1118.305262667903435, 625.0000000000001137 ) ) ;
#2998 = CARTESIAN_POINT ( 'NONE',  ( 519.9000000000004320, -1149.805262667904344, 628.0000000000001137 ) ) ;
#2999 = ORIENTED_EDGE ( 'NONE', *, *, #2511, .F. ) ;
#3000 = CARTESIAN_POINT ( 'NONE',  ( 1090.972523324353915, -1155.305262667904344, 628.0000000000001137 ) ) ;
#3001 = CARTESIAN_POINT ( 'NONE',  ( 999.9999999999996589, -1113.305262667903662, 628.0000000000000000 ) ) ;
#3002 = FACE_BOUND ( 'NONE', #2246, .T. ) ;
#3003 = DIRECTION ( 'NONE',  ( -1.000000000000000000, -0.000000000000000000, -0.000000000000000000 ) ) ;
#3004 = EDGE_CURVE ( 'NONE', #2489, #780, #948, .T. ) ;
#3005 = FACE_OUTER_BOUND ( 'NONE', #3206, .T. ) ;
#3006 = ORIENTED_EDGE ( 'NONE', *, *, #709, .T. ) ;
#3007 = EDGE_CURVE ( 'NONE', #683, #1450, #631, .T. ) ;
#3008 = CARTESIAN_POINT ( 'NONE',  ( 1090.972523324353915, -1113.305262667903662, 625.0000000000001137 ) ) ;
#3009 = ORIENTED_EDGE ( 'NONE', *, *, #2909, .T. ) ;
#3010 = EDGE_LOOP ( 'NONE', ( #1993, #1143, #2211, #912 ) ) ;
#3011 = CYLINDRICAL_SURFACE ( 'NONE', #2359, 5.000000000000115463 ) ;
#3012 = ADVANCED_FACE ( 'NONE', ( #2930 ), #2388, .F. ) ;
#3013 = CARTESIAN_POINT ( 'NONE',  ( -623.1567381882844074, -1149.805262667904117, 625.0000000000001137 ) ) ;
#3014 = ORIENTED_EDGE ( 'NONE', *, *, #2362, .F. ) ;
#3015 = CARTESIAN_POINT ( 'NONE',  ( -976.4999999999996589, -1096.805262667903889, 675.0000000000002274 ) ) ;
#3016 = LINE ( 'NONE', #319, #809 ) ;
#3017 = LINE ( 'NONE', #1037, #3143 ) ;
#3018 = DIRECTION ( 'NONE',  ( -0.000000000000000000, 0.000000000000000000, 1.000000000000000000 ) ) ;
#3019 = FACE_OUTER_BOUND ( 'NONE', #3010, .T. ) ;
#3020 = ORIENTED_EDGE ( 'NONE', *, *, #1386, .F. ) ;
#3021 = CARTESIAN_POINT ( 'NONE',  ( -998.9999999999996589, -1146.305262667904117, 628.0000000000000000 ) ) ;
#3022 = VECTOR ( 'NONE', #2704, 1000.000000000000000 ) ;
#3023 = PLANE ( 'NONE',  #1278 ) ;
#3024 = DIRECTION ( 'NONE',  ( -1.000000000000000000, 0.000000000000000000, 0.000000000000000000 ) ) ;
#3025 = ORIENTED_EDGE ( 'NONE', *, *, #1881, .T. ) ;
#3026 = EDGE_LOOP ( 'NONE', ( #1158, #2173, #2109, #1335 ) ) ;
#3027 = PERSON_AND_ORGANIZATION ( #2931, #842 ) ;
#3028 = PLANE ( 'NONE',  #914 ) ;
#3029 = EDGE_CURVE ( 'NONE', #2330, #2996, #1246, .T. ) ;
#3030 = ORIENTED_EDGE ( 'NONE', *, *, #1107, .T. ) ;
#3031 = DIRECTION ( 'NONE',  ( 1.000000000000000000, -0.000000000000000000, 0.000000000000000000 ) ) ;
#3032 = CARTESIAN_POINT ( 'NONE',  ( -999.9999999999995453, -1114.305262667903435, 625.0000000000001137 ) ) ;
#3033 = LINE ( 'NONE', #33, #67 ) ;
#3034 = EDGE_CURVE ( 'NONE', #1618, #1456, #417, .T. ) ;
#3035 = EDGE_LOOP ( 'NONE', ( #1934, #1060, #1447, #2140 ) ) ;
#3036 = CARTESIAN_POINT ( 'NONE',  ( 996.0000000000003411, -1093.805262667904117, 628.0000000000001137 ) ) ;
#3037 = DIRECTION ( 'NONE',  ( -0.000000000000000000, 0.000000000000000000, 1.000000000000000000 ) ) ;
#3038 = AXIS2_PLACEMENT_3D ( 'NONE', #1500, #2018, #779 ) ;
#3039 = ORIENTED_EDGE ( 'NONE', *, *, #1402, .T. ) ;
#3040 = AXIS2_PLACEMENT_3D ( 'NONE', #695, #1984, #2252 ) ;
#3041 = VECTOR ( 'NONE', #2880, 1000.000000000000000 ) ;
#3042 = FACE_OUTER_BOUND ( 'NONE', #1759, .T. ) ;
#3043 = CARTESIAN_POINT ( 'NONE',  ( 313.0999999999996248, -1160.805262667903662, 628.0000000000001137 ) ) ;
#3044 = FACE_OUTER_BOUND ( 'NONE', #1730, .T. ) ;
#3045 = EDGE_LOOP ( 'NONE', ( #321, #1272, #1391, #2126 ) ) ;
#3046 = VECTOR ( 'NONE', #2667, 1000.000000000000000 ) ;
#3047 = VERTEX_POINT ( 'NONE', #1890 ) ;
#3048 = APPROVAL_STATUS ( 'not_yet_approved' ) ;
#3049 = EDGE_CURVE ( 'NONE', #2696, #2120, #2870, .T. ) ;
#3050 = VECTOR ( 'NONE', #766, 1000.000000000000000 ) ;
#3051 = VERTEX_POINT ( 'NONE', #2182 ) ;
#3052 = AXIS2_PLACEMENT_3D ( 'NONE', #2820, #1761, #2753 ) ;
#3053 = CARTESIAN_POINT ( 'NONE',  ( -995.9999999999995453, -1093.805262667904117, 628.0000000000001137 ) ) ;
#3054 = EDGE_CURVE ( 'NONE', #2575, #2387, #2171, .T. ) ;
#3055 = DIRECTION ( 'NONE',  ( 1.000000000000000000, 0.000000000000000000, 0.000000000000000000 ) ) ;
#3056 = CARTESIAN_POINT ( 'NONE',  ( 996.0000000000003411, -1093.805262667904117, 628.0000000000001137 ) ) ;
#3057 = DIRECTION ( 'NONE',  ( -0.000000000000000000, 0.000000000000000000, 1.000000000000000000 ) ) ;
#3058 = FACE_OUTER_BOUND ( 'NONE', #3, .T. ) ;
#3059 = EDGE_LOOP ( 'NONE', ( #1476, #2554, #617, #2874 ) ) ;
#3060 = DIRECTION ( 'NONE',  ( 1.000000000000000000, 0.000000000000000000, -0.000000000000000000 ) ) ;
#3061 = LINE ( 'NONE', #2813, #220 ) ;
#3062 = PLANE ( 'NONE',  #2372 ) ;
#3063 = ORIENTED_EDGE ( 'NONE', *, *, #2806, .F. ) ;
#3064 = APPROVAL_ROLE ( '' ) ;
#3065 = CARTESIAN_POINT ( 'NONE',  ( 523.1000000000004775, -1149.805262667904344, 625.0000000000001137 ) ) ;
#3066 = ORIENTED_EDGE ( 'NONE', *, *, #232, .T. ) ;
#3067 = EDGE_CURVE ( 'NONE', #2743, #1220, #3178, .T. ) ;
#3068 = VERTEX_POINT ( 'NONE', #176 ) ;
#3069 = DIRECTION ( 'NONE',  ( 0.000000000000000000, -0.000000000000000000, -1.000000000000000000 ) ) ;
#3070 = LINE ( 'NONE', #62, #1951 ) ;
#3071 = DIRECTION ( 'NONE',  ( -0.000000000000000000, -1.000000000000000000, 0.000000000000000000 ) ) ;
#3072 = EDGE_LOOP ( 'NONE', ( #1944, #1781, #3066, #141 ) ) ;
#3073 = DIRECTION ( 'NONE',  ( -1.000000000000000000, 0.000000000000000000, -0.000000000000000000 ) ) ;
#3074 = DIRECTION ( 'NONE',  ( 0.000000000000000000, 0.000000000000000000, 1.000000000000000000 ) ) ;
#3075 = EDGE_CURVE ( 'NONE', #1417, #2488, #3166, .T. ) ;
#3076 = VECTOR ( 'NONE', #2916, 1000.000000000000000 ) ;
#3077 = EDGE_LOOP ( 'NONE', ( #2598, #2026, #2898, #1601 ) ) ;
#3078 = FACE_OUTER_BOUND ( 'NONE', #2062, .T. ) ;
#3079 = DIRECTION ( 'NONE',  ( 0.000000000000000000, -1.000000000000000000, 0.000000000000000000 ) ) ;
#3080 = DIRECTION ( 'NONE',  ( -1.000000000000000000, 0.000000000000000000, -0.000000000000000000 ) ) ;
#3081 = ORIENTED_EDGE ( 'NONE', *, *, #1521, .F. ) ;
#3082 = ORIENTED_EDGE ( 'NONE', *, *, #2530, .F. ) ;
#3083 = VECTOR ( 'NONE', #794, 1000.000000000000000 ) ;
#3084 = PERSON_AND_ORGANIZATION_ROLE ( 'creator' ) ;
#3085 = VERTEX_POINT ( 'NONE', #2626 ) ;
#3086 = DIRECTION ( 'NONE',  ( 0.000000000000000000, 1.000000000000000000, 0.000000000000000000 ) ) ;
#3087 = CARTESIAN_POINT ( 'NONE',  ( 976.4999999999996589, -1093.805262667904117, 670.0000000000002274 ) ) ;
#3088 = DIRECTION ( 'NONE',  ( 0.000000000000000000, -1.000000000000000000, 0.000000000000000000 ) ) ;
#3089 = ORIENTED_EDGE ( 'NONE', *, *, #49, .T. ) ;
#3090 = LINE ( 'NONE', #1073, #2717 ) ;
#3091 = DIRECTION ( 'NONE',  ( 0.000000000000000000, 1.000000000000000000, 0.000000000000000000 ) ) ;
#3092 = ORIENTED_EDGE ( 'NONE', *, *, #255, .F. ) ;
#3093 = LINE ( 'NONE', #1337, #17 ) ;
#3094 = CARTESIAN_POINT ( 'NONE',  ( 996.0000000000003411, -1150.305262667904117, 625.0000000000001137 ) ) ;
#3095 = ADVANCED_FACE ( 'NONE', ( #1679 ), #1406, .F. ) ;
#3096 = DIRECTION ( 'NONE',  ( 1.000000000000000000, 0.000000000000000000, 0.000000000000000000 ) ) ;
#3097 = ORIENTED_EDGE ( 'NONE', *, *, #354, .T. ) ;
#3098 = VECTOR ( 'NONE', #1477, 1000.000000000000000 ) ;
#3099 = AXIS2_PLACEMENT_3D ( 'NONE', #822, #2327, #1297 ) ;
#3100 = VERTEX_POINT ( 'NONE', #1694 ) ;
#3101 = DIRECTION ( 'NONE',  ( 0.000000000000000000, 1.000000000000000000, -0.000000000000000000 ) ) ;
#3102 = AXIS2_PLACEMENT_3D ( 'NONE', #2569, #2092, #3074 ) ;
#3103 = CARTESIAN_POINT ( 'NONE',  ( 999.9999999999996589, -1117.305262667903662, 628.0000000000000000 ) ) ;
#3104 = CARTESIAN_POINT ( 'NONE',  ( 1090.972523324353915, -1107.805262667903889, 628.0000000000001137 ) ) ;
#3105 = AXIS2_PLACEMENT_3D ( 'NONE', #1069, #1036, #2805 ) ;
#3106 = ORIENTED_EDGE ( 'NONE', *, *, #151, .T. ) ;
#3107 = FACE_OUTER_BOUND ( 'NONE', #2616, .T. ) ;
#3108 = FACE_BOUND ( 'NONE', #1113, .T. ) ;
#3109 = EDGE_CURVE ( 'NONE', #2391, #811, #2902, .T. ) ;
#3110 = DIRECTION ( 'NONE',  ( 1.000000000000000000, 0.000000000000000000, 0.000000000000000000 ) ) ;
#3111 = DIRECTION ( 'NONE',  ( 1.000000000000000000, -0.000000000000000000, 0.000000000000000000 ) ) ;
#3112 = ORIENTED_EDGE ( 'NONE', *, *, #170, .F. ) ;
#3113 = ORIENTED_EDGE ( 'NONE', *, *, #19, .T. ) ;
#3114 = ORIENTED_EDGE ( 'NONE', *, *, #711, .T. ) ;
#3115 = ORIENTED_EDGE ( 'NONE', *, *, #3029, .T. ) ;
#3116 = EDGE_CURVE ( 'NONE', #106, #1893, #661, .T. ) ;
#3117 = EDGE_CURVE ( 'NONE', #945, #1885, #1147, .T. ) ;
#3118 = DIRECTION ( 'NONE',  ( 1.000000000000000000, 0.000000000000000000, 0.000000000000000000 ) ) ;
#3119 = DIRECTION ( 'NONE',  ( 0.000000000000000000, 0.000000000000000000, -1.000000000000000000 ) ) ;
#3120 = FACE_OUTER_BOUND ( 'NONE', #2755, .T. ) ;
#3121 = ORIENTED_EDGE ( 'NONE', *, *, #3004, .F. ) ;
#3122 = CARTESIAN_POINT ( 'NONE',  ( -981.4999999999995453, -1096.805262667903889, 670.0000000000002274 ) ) ;
#3123 = FACE_OUTER_BOUND ( 'NONE', #370, .T. ) ;
#3124 = LINE ( 'NONE', #626, #966 ) ;
#3125 = EDGE_CURVE ( 'NONE', #784, #2531, #3131, .T. ) ;
#3126 = LINE ( 'NONE', #2097, #426 ) ;
#3127 = VERTEX_POINT ( 'NONE', #1448 ) ;
#3128 = CARTESIAN_POINT ( 'NONE',  ( 1090.972523324353915, -1163.805262667904117, 631.0000000000001137 ) ) ;
#3129 = ORIENTED_EDGE ( 'NONE', *, *, #197, .F. ) ;
#3130 = ORIENTED_EDGE ( 'NONE', *, *, #1139, .T. ) ;
#3131 = LINE ( 'NONE', #1435, #251 ) ;
#3132 = CARTESIAN_POINT ( 'NONE',  ( 623.1567381882844074, -1113.805262667904117, 625.0000000000001137 ) ) ;
#3133 = VECTOR ( 'NONE', #3156, 1000.000000000000000 ) ;
#3134 = DIRECTION ( 'NONE',  ( 0.000000000000000000, 0.000000000000000000, -1.000000000000000000 ) ) ;
#3135 = EDGE_CURVE ( 'NONE', #703, #1693, #1189, .T. ) ;
#3136 = ORIENTED_EDGE ( 'NONE', *, *, #673, .T. ) ;
#3137 = LINE ( 'NONE', #447, #2191 ) ;
#3138 = FACE_BOUND ( 'NONE', #268, .T. ) ;
#3139 = EDGE_CURVE ( 'NONE', #2751, #2743, #705, .T. ) ;
#3140 = CARTESIAN_POINT ( 'NONE',  ( 981.4999999999996589, -1163.805262667904117, 625.0000000000001137 ) ) ;
#3141 = DIRECTION ( 'NONE',  ( 1.000000000000000000, 0.000000000000000000, 0.000000000000000000 ) ) ;
#3142 = ORIENTED_EDGE ( 'NONE', *, *, #1107, .F. ) ;
#3143 = VECTOR ( 'NONE', #1725, 1000.000000000000000 ) ;
#3144 = FACE_OUTER_BOUND ( 'NONE', #2486, .T. ) ;
#3145 = EDGE_LOOP ( 'NONE', ( #660, #201, #472, #2713 ) ) ;
#3146 = AXIS2_PLACEMENT_3D ( 'NONE', #2701, #1997, #2478 ) ;
#3147 = VERTEX_POINT ( 'NONE', #1950 ) ;
#3148 = ADVANCED_FACE ( 'NONE', ( #510 ), #2700, .T. ) ;
#3149 = CARTESIAN_POINT ( 'NONE',  ( -313.0999999999996248, -1102.805262667903889, 628.0000000000001137 ) ) ;
#3150 = VECTOR ( 'NONE', #1316, 1000.000000000000000 ) ;
#3151 = AXIS2_PLACEMENT_3D ( 'NONE', #1533, #2508, #1015 ) ;
#3152 = DIRECTION ( 'NONE',  ( -0.000000000000000000, -0.000000000000000000, 1.000000000000000000 ) ) ;
#3153 = DIRECTION ( 'NONE',  ( 0.000000000000000000, 1.000000000000000000, 0.000000000000000000 ) ) ;
#3154 = EDGE_LOOP ( 'NONE', ( #935, #2734, #2229, #2444 ) ) ;
#3155 = AXIS2_PLACEMENT_3D ( 'NONE', #3021, #1598, #1836 ) ;
#3156 = DIRECTION ( 'NONE',  ( -1.000000000000000000, -0.000000000000000000, -0.000000000000000000 ) ) ;
#3157 = EDGE_CURVE ( 'NONE', #613, #1886, #2350, .T. ) ;
#3158 = DIRECTION ( 'NONE',  ( -0.000000000000000000, 0.000000000000000000, 1.000000000000000000 ) ) ;
#3159 = AXIS2_PLACEMENT_3D ( 'NONE', #276, #2056, #585 ) ;
#3160 = EDGE_CURVE ( 'NONE', #2120, #1030, #2231, .T. ) ;
#3161 = PLANE ( 'NONE',  #2890 ) ;
#3162 = VERTEX_POINT ( 'NONE', #719 ) ;
#3163 = CARTESIAN_POINT ( 'NONE',  ( -313.0999999999995111, -1093.805262667904117, 625.0000000000001137 ) ) ;
#3164 = ORIENTED_EDGE ( 'NONE', *, *, #1617, .T. ) ;
#3165 = VERTEX_POINT ( 'NONE', #1979 ) ;
#3166 = LINE ( 'NONE', #2884, #2024 ) ;
#3167 = EDGE_CURVE ( 'NONE', #2751, #1722, #2082, .T. ) ;
#3168 = DIRECTION ( 'NONE',  ( 0.000000000000000000, -1.000000000000000000, 0.000000000000000000 ) ) ;
#3169 = ORIENTED_EDGE ( 'NONE', *, *, #1304, .F. ) ;
#3170 = LINE ( 'NONE', #192, #1973 ) ;
#3171 = FACE_BOUND ( 'NONE', #717, .T. ) ;
#3172 = CARTESIAN_POINT ( 'NONE',  ( 313.0999999999996248, -1102.805262667903889, 625.0000000000001137 ) ) ;
#3173 = ORIENTED_EDGE ( 'NONE', *, *, #59, .F. ) ;
#3174 = FACE_OUTER_BOUND ( 'NONE', #2384, .T. ) ;
#3175 = PRODUCT_DEFINITION ( 'UNKNOWN', '', #674, #1522 ) ;
#3176 = VERTEX_POINT ( 'NONE', #526 ) ;
#3177 = ORIENTED_EDGE ( 'NONE', *, *, #1280, .F. ) ;
#3178 = LINE ( 'NONE', #2415, #1675 ) ;
#3179 = CARTESIAN_POINT ( 'NONE',  ( -523.1000000000003638, -1093.805262667904117, 628.0000000000001137 ) ) ;
#3180 = VERTEX_POINT ( 'NONE', #2997 ) ;
#3181 = DIRECTION ( 'NONE',  ( -1.000000000000000000, -0.000000000000000000, -0.000000000000000000 ) ) ;
#3182 = VECTOR ( 'NONE', #2445, 1000.000000000000000 ) ;
#3183 = CYLINDRICAL_SURFACE ( 'NONE', #1595, 1.000000000000000888 ) ;
#3184 = FACE_OUTER_BOUND ( 'NONE', #348, .T. ) ;
#3185 = ORIENTED_EDGE ( 'NONE', *, *, #2897, .F. ) ;
#3186 = ADVANCED_FACE ( 'NONE', ( #3221 ), #266, .T. ) ;
#3187 = ORIENTED_EDGE ( 'NONE', *, *, #2394, .T. ) ;
#3188 = ORIENTED_EDGE ( 'NONE', *, *, #1271, .T. ) ;
#3189 = DIRECTION ( 'NONE',  ( 1.000000000000000000, 0.000000000000000000, 0.000000000000000000 ) ) ;
#3190 = DIRECTION ( 'NONE',  ( -0.000000000000000000, 0.000000000000000000, 1.000000000000000000 ) ) ;
#3191 = CIRCLE ( 'NONE', #1787, 1.000000000000000888 ) ;
#3192 = ORIENTED_EDGE ( 'NONE', *, *, #1519, .T. ) ;
#3193 = LINE ( 'NONE', #971, #1002 ) ;
#3194 = VECTOR ( 'NONE', #619, 1000.000000000000000 ) ;
#3195 = VECTOR ( 'NONE', #2558, 1000.000000000000000 ) ;
#3196 = DIRECTION ( 'NONE',  ( 1.000000000000000000, 0.000000000000000000, 0.000000000000000000 ) ) ;
#3197 = VECTOR ( 'NONE', #2540, 1000.000000000000000 ) ;
#3198 = EDGE_LOOP ( 'NONE', ( #1460, #2945, #415, #2632 ) ) ;
#3199 = CIRCLE ( 'NONE', #1221, 1.000000000000000888 ) ;
#3200 = LINE ( 'NONE', #209, #1797 ) ;
#3201 = EDGE_CURVE ( 'NONE', #1030, #1974, #1511, .T. ) ;
#3202 = AXIS2_PLACEMENT_3D ( 'NONE', #1654, #1875, #1394 ) ;
#3203 = ORIENTED_EDGE ( 'NONE', *, *, #775, .F. ) ;
#3204 = PLANE ( 'NONE',  #1131 ) ;
#3205 = VERTEX_POINT ( 'NONE', #997 ) ;
#3206 = EDGE_LOOP ( 'NONE', ( #980, #159, #262, #2135 ) ) ;
#3207 = CYLINDRICAL_SURFACE ( 'NONE', #386, 3.000000000000002665 ) ;
#3208 = DIRECTION ( 'NONE',  ( 0.000000000000000000, 1.000000000000000000, 0.000000000000000000 ) ) ;
#3209 = ADVANCED_FACE ( 'NONE', ( #740 ), #2749, .T. ) ;
#3210 = ORIENTED_EDGE ( 'NONE', *, *, #1582, .F. ) ;
#3211 = CARTESIAN_POINT ( 'NONE',  ( 981.4999999999996589, -1169.805262667904117, 625.0000000000001137 ) ) ;
#3212 = FACE_OUTER_BOUND ( 'NONE', #3072, .T. ) ;
#3213 = CARTESIAN_POINT ( 'NONE',  ( 996.0000000000006821, -1108.305262667903662, 625.0000000000001137 ) ) ;
#3214 = ORIENTED_EDGE ( 'NONE', *, *, #732, .F. ) ;
#3215 = CARTESIAN_POINT ( 'NONE',  ( 981.4999999999996589, -1096.805262667903889, 670.0000000000002274 ) ) ;
#3216 = CARTESIAN_POINT ( 'NONE',  ( -999.9999999999995453, -1117.305262667903662, 625.0000000000001137 ) ) ;
#3217 = ORIENTED_EDGE ( 'NONE', *, *, #625, .T. ) ;
#3218 = DIRECTION ( 'NONE',  ( 0.000000000000000000, 0.000000000000000000, 1.000000000000000000 ) ) ;
#3219 = ORIENTED_EDGE ( 'NONE', *, *, #1259, .T. ) ;
#3220 = EDGE_LOOP ( 'NONE', ( #2493, #846, #1716, #2582 ) ) ;
#3221 = FACE_OUTER_BOUND ( 'NONE', #2763, .T. ) ;
#3222 = CARTESIAN_POINT ( 'NONE',  ( -628.1567381882845211, -1149.805262667904117, 628.0000000000001137 ) ) ;
#3223 = PLANE ( 'NONE',  #742 ) ;
#3224 = VERTEX_POINT ( 'NONE', #1200 ) ;
#3225 = LINE ( 'NONE', #479, #725 ) ;
#3226 = EDGE_CURVE ( 'NONE', #3205, #560, #834, .T. ) ;
#3227 = DIRECTION ( 'NONE',  ( 0.000000000000000000, -1.000000000000000000, 0.000000000000000000 ) ) ;
#3228 = CARTESIAN_POINT ( 'NONE',  ( 989.9999999999995453, -1155.305262667904344, 628.0000000000001137 ) ) ;
#3229 = VERTEX_POINT ( 'NONE', #1996 ) ;
#3230 = AXIS2_PLACEMENT_3D ( 'NONE', #2481, #2770, #744 ) ;
#3231 = LINE ( 'NONE', #1005, #1683 ) ;
#3232 = ADVANCED_FACE ( 'NONE', ( #2012 ), #3011, .F. ) ;
#3233 = CARTESIAN_POINT ( 'NONE',  ( 998.9999999999996589, -1150.305262667904117, 625.0000000000001137 ) ) ;
ENDSEC;
END-ISO-10303-21;
