ISO-10303-21;
HEADER;
FILE_DESCRIPTION (( 'STEP AP203' ),
    '1' );
FILE_NAME ('MUDGUARD_REV_A.step',
    '2025-09-06T23:52:53',
    ( '' ),
    ( '' ),
    'SwSTEP 2.0',
    'SolidWorks 2024',
    '' );
FILE_SCHEMA (( 'CONFIG_CONTROL_DESIGN' ));
ENDSEC;

DATA;
#1 = FACE_OUTER_BOUND ( 'NONE', #1007, .T. ) ;
#2 = DATE_AND_TIME ( #2326, #2282 ) ;
#3 = EDGE_CURVE ( 'NONE', #1724, #2578, #2137, .T. ) ;
#4 = DIRECTION ( 'NONE',  ( -0.000000000000000000, -0.000000000000000000, 1.000000000000000000 ) ) ;
#5 = ORIENTED_EDGE ( 'NONE', *, *, #2503, .F. ) ;
#6 = CARTESIAN_POINT ( 'NONE',  ( -329.7507391955333560, 119.0999999999999801, -103.0000000000001279 ) ) ;
#7 = CARTESIAN_POINT ( 'NONE',  ( -332.9699946949220362, 123.6000000000000085, -106.2078986928014928 ) ) ;
#8 = VECTOR ( 'NONE', #3093, 1000.000000000000000 ) ;
#9 = EDGE_CURVE ( 'NONE', #2407, #2814, #1647, .T. ) ;
#10 = ORIENTED_EDGE ( 'NONE', *, *, #1917, .F. ) ;
#11 = VECTOR ( 'NONE', #3130, 1000.000000000000000 ) ;
#12 = CYLINDRICAL_SURFACE ( 'NONE', #1473, 15.50000000000001421 ) ;
#13 = VECTOR ( 'NONE', #199, 1000.000000000000000 ) ;
#14 = ADVANCED_FACE ( 'NONE', ( #669 ), #135, .F. ) ;
#15 = CARTESIAN_POINT ( 'NONE',  ( 100.2408560092979712, 341.1790778059211675, 93.14211579804627661 ) ) ;
#16 = DIRECTION ( 'NONE',  ( 0.000000000000000000, 1.000000000000000000, 0.000000000000000000 ) ) ;
#17 = APPROVAL_PERSON_ORGANIZATION ( #2095, #1228, #784 ) ;
#18 = ORIENTED_EDGE ( 'NONE', *, *, #2680, .T. ) ;
#19 = VECTOR ( 'NONE', #2049, 1000.000000000000000 ) ;
#20 = CARTESIAN_POINT ( 'NONE',  ( -93.18865844352471584, 337.9887034955556260, -94.01948775444502360 ) ) ;
#21 = DIRECTION ( 'NONE',  ( 1.000000000000000000, -0.000000000000000000, 0.000000000000000000 ) ) ;
#22 = DIRECTION ( 'NONE',  ( 0.000000000000000000, 0.000000000000000000, 1.000000000000000000 ) ) ;
#23 = VERTEX_POINT ( 'NONE', #1995 ) ;
#24 = DIRECTION ( 'NONE',  ( 1.816464372750583381E-16, 1.000000000000000000, -0.000000000000000000 ) ) ;
#25 = CARTESIAN_POINT ( 'NONE',  ( 457.4999999999999432, 119.1000000000000085, -94.99999999999994316 ) ) ;
#26 = CARTESIAN_POINT ( 'NONE',  ( -97.99999999999997158, 360.5999999999999659, -82.99999999999997158 ) ) ;
#27 = CALENDAR_DATE ( 2025, 7, 9 ) ;
#28 = ORIENTED_EDGE ( 'NONE', *, *, #1345, .F. ) ;
#29 = ORIENTED_EDGE ( 'NONE', *, *, #2401, .T. ) ;
#30 = CARTESIAN_POINT ( 'NONE',  ( -102.9999999999999858, 340.3562251524129465, -83.00000000000001421 ) ) ;
#31 = CARTESIAN_POINT ( 'NONE',  ( -324.6015828326615633, 123.6000000000000085, -114.4293238281172478 ) ) ;
#32 = VERTEX_POINT ( 'NONE', #3282 ) ;
#33 = CARTESIAN_POINT ( 'NONE',  ( -333.4282531520086650, 123.6000000000000085, 103.0000000000000426 ) ) ;
#34 = CARTESIAN_POINT ( 'NONE',  ( 333.0796775557318483, 123.6000000000000085, -105.8110599724690246 ) ) ;
#35 = EDGE_CURVE ( 'NONE', #111, #3281, #2784, .T. ) ;
#36 = DIRECTION ( 'NONE',  ( 1.000000000000000000, 0.000000000000000000, 0.000000000000000000 ) ) ;
#37 = ORIENTED_EDGE ( 'NONE', *, *, #223, .F. ) ;
#38 = CARTESIAN_POINT ( 'NONE',  ( 457.4999999999999432, 60.59999999999998010, 103.0000000000000853 ) ) ;
#39 = CARTESIAN_POINT ( 'NONE',  ( -325.9528472601538169, 119.0999999999999801, -109.1185363467345866 ) ) ;
#40 = EDGE_CURVE ( 'NONE', #2182, #652, #447, .T. ) ;
#41 = PERSON_AND_ORGANIZATION ( #378, #876 ) ;
#42 = ORIENTED_EDGE ( 'NONE', *, *, #3244, .F. ) ;
#43 = EDGE_CURVE ( 'NONE', #1970, #218, #1864, .T. ) ;
#44 = CARTESIAN_POINT ( 'NONE',  ( -178.4999999999999716, 145.5999999999999659, 835.3461819978975882 ) ) ;
#45 = CARTESIAN_POINT ( 'NONE',  ( -322.6272676896034000, 123.6000000000000227, -114.8558100554458008 ) ) ;
#46 = DIRECTION ( 'NONE',  ( -1.000000000000000000, 0.000000000000000000, 0.000000000000000000 ) ) ;
#47 = FACE_OUTER_BOUND ( 'NONE', #395, .T. ) ;
#48 = ORIENTED_EDGE ( 'NONE', *, *, #885, .T. ) ;
#49 = FACE_OUTER_BOUND ( 'NONE', #2376, .T. ) ;
#50 = CARTESIAN_POINT ( 'NONE',  ( 330.6709219993594502, 123.6000000000000227, -110.4818426611514894 ) ) ;
#51 = EDGE_CURVE ( 'NONE', #2231, #1385, #3195, .T. ) ;
#52 = CARTESIAN_POINT ( 'NONE',  ( -102.9999999999999858, 365.5999999999999659, -82.99999999999997158 ) ) ;
#53 = AXIS2_PLACEMENT_3D ( 'NONE', #1171, #1953, #1985 ) ;
#54 = VERTEX_POINT ( 'NONE', #2256 ) ;
#55 = DIRECTION ( 'NONE',  ( 0.000000000000000000, 0.000000000000000000, -1.000000000000000000 ) ) ;
#56 = DIRECTION ( 'NONE',  ( 0.000000000000000000, 0.000000000000000000, -1.000000000000000000 ) ) ;
#57 = ORIENTED_EDGE ( 'NONE', *, *, #1449, .F. ) ;
#58 = FACE_OUTER_BOUND ( 'NONE', #1141, .T. ) ;
#59 = CARTESIAN_POINT ( 'NONE',  ( -101.9084274064921374, 340.6846731950397498, 89.52551154972759662 ) ) ;
#60 = CARTESIAN_POINT ( 'NONE',  ( -349.7620518520584483, 60.60000000000002984, 106.9078406806380031 ) ) ;
#61 = EDGE_CURVE ( 'NONE', #550, #1003, #3289, .T. ) ;
#62 = VERTEX_POINT ( 'NONE', #483 ) ;
#63 = CARTESIAN_POINT ( 'NONE',  ( 339.1399393807517981, 60.60000000000013642, 109.9554099482333385 ) ) ;
#64 = VERTEX_POINT ( 'NONE', #945 ) ;
#65 = EDGE_CURVE ( 'NONE', #1805, #64, #2597, .T. ) ;
#66 = DIRECTION ( 'NONE',  ( 1.000000000000000000, -0.000000000000000000, -0.000000000000000000 ) ) ;
#67 = CARTESIAN_POINT ( 'NONE',  ( 344.2788646624272246, 60.60000000000014353, 113.4159732266589060 ) ) ;
#68 = VECTOR ( 'NONE', #2113, 1000.000000000000000 ) ;
#69 = CIRCLE ( 'NONE', #2339, 6.349999999999855760 ) ;
#70 = CIRCLE ( 'NONE', #1961, 20.00000000000000355 ) ;
#71 = CARTESIAN_POINT ( 'NONE',  ( 178.5000000000000000, 145.5999999999999659, -114.9999999999997726 ) ) ;
#72 = CARTESIAN_POINT ( 'NONE',  ( -285.5999999999999091, 119.1000000000000085, -115.0000000000000284 ) ) ;
#73 = EDGE_LOOP ( 'NONE', ( #2958, #2069, #372, #1015 ) ) ;
#74 = VECTOR ( 'NONE', #857, 1000.000000000000000 ) ;
#75 = VERTEX_POINT ( 'NONE', #2105 ) ;
#76 = VECTOR ( 'NONE', #1666, 1000.000000000000000 ) ;
#77 = AXIS2_PLACEMENT_3D ( 'NONE', #174, #904, #1652 ) ;
#78 = DIRECTION ( 'NONE',  ( 1.000000000000000000, 0.000000000000000000, 0.000000000000000000 ) ) ;
#79 = CARTESIAN_POINT ( 'NONE',  ( -457.4999999999999432, 123.5999999999999943, 98.50000000000008527 ) ) ;
#80 = DIRECTION ( 'NONE',  ( 0.000000000000000000, 0.000000000000000000, -1.000000000000000000 ) ) ;
#81 = EDGE_CURVE ( 'NONE', #1354, #2048, #311, .T. ) ;
#82 = CARTESIAN_POINT ( 'NONE',  ( -102.9999999999999858, 340.3562251524129465, 83.00000000000001421 ) ) ;
#83 = CARTESIAN_POINT ( 'NONE',  ( -349.1284705179268144, 60.59999999999999432, 108.3497754572969001 ) ) ;
#84 = EDGE_CURVE ( 'NONE', #1878, #23, #122, .T. ) ;
#85 = LINE ( 'NONE', #1609, #3349 ) ;
#86 = CARTESIAN_POINT ( 'NONE',  ( -94.53022289941826273, 342.8056458204625869, -99.35457592763381740 ) ) ;
#87 = CARTESIAN_POINT ( 'NONE',  ( -431.0114902050286787, 90.25000000000000000, 57.00000000000004974 ) ) ;
#88 = EDGE_CURVE ( 'NONE', #2983, #1038, #69, .T. ) ;
#89 = DIRECTION ( 'NONE',  ( 1.000000000000000000, 0.000000000000000000, -0.000000000000000000 ) ) ;
#90 = EDGE_LOOP ( 'NONE', ( #939, #838, #1756, #896 ) ) ;
#91 = LINE ( 'NONE', #815, #1130 ) ;
#92 = CARTESIAN_POINT ( 'NONE',  ( -457.4999999999999432, 123.5999999999999943, 103.0000000000000853 ) ) ;
#93 = ORIENTED_EDGE ( 'NONE', *, *, #877, .F. ) ;
#94 = ADVANCED_FACE ( 'NONE', ( #3346 ), #962, .T. ) ;
#95 = CARTESIAN_POINT ( 'NONE',  ( -98.78349944048160580, 341.6041152229532827, 95.30089835884498939 ) ) ;
#96 = CARTESIAN_POINT ( 'NONE',  ( -178.5000000000001137, 1.869573678260290713E-13, -111.0000000000000284 ) ) ;
#97 = VERTEX_POINT ( 'NONE', #71 ) ;
#98 = ORIENTED_EDGE ( 'NONE', *, *, #2024, .T. ) ;
#99 = CARTESIAN_POINT ( 'NONE',  ( 357.8999999999999204, 60.59999999999998721, 98.49999999999987210 ) ) ;
#100 = CARTESIAN_POINT ( 'NONE',  ( -101.9370017341173451, 340.6765228257684726, -89.56684561285882751 ) ) ;
#101 = CARTESIAN_POINT ( 'NONE',  ( -470.0000000000000000, 123.5999999999999943, -110.6124949959959594 ) ) ;
#102 = DIRECTION ( 'NONE',  ( 0.000000000000000000, -1.000000000000000000, -0.000000000000000000 ) ) ;
#103 = DIRECTION ( 'NONE',  ( 0.000000000000000000, 0.000000000000000000, -1.000000000000000000 ) ) ;
#104 = LINE ( 'NONE', #1128, #3305 ) ;
#105 = EDGE_CURVE ( 'NONE', #2915, #1443, #810, .T. ) ;
#106 = ORIENTED_EDGE ( 'NONE', *, *, #2961, .T. ) ;
#107 = CARTESIAN_POINT ( 'NONE',  ( 345.3230371695465237, 60.60000000000012932, 102.9999999999999858 ) ) ;
#108 = DIRECTION ( 'NONE',  ( 0.000000000000000000, 0.000000000000000000, -1.000000000000000000 ) ) ;
#109 = EDGE_CURVE ( 'NONE', #473, #2965, #1818, .T. ) ;
#110 = AXIS2_PLACEMENT_3D ( 'NONE', #1758, #2046, #1525 ) ;
#111 = VERTEX_POINT ( 'NONE', #1978 ) ;
#112 = EDGE_LOOP ( 'NONE', ( #345, #323, #350, #879 ) ) ;
#113 = CARTESIAN_POINT ( 'NONE',  ( -88.13671418608355168, 344.5049941493784331, 102.3399788087506579 ) ) ;
#114 = VECTOR ( 'NONE', #721, 1000.000000000000000 ) ;
#115 = LINE ( 'NONE', #386, #2604 ) ;
#116 = EDGE_LOOP ( 'NONE', ( #2975, #1166, #48, #628, #2528, #1248, #878, #1518, #457, #1708, #859, #1894 ) ) ;
#117 = ADVANCED_FACE ( 'NONE', ( #292 ), #2946, .F. ) ;
#118 = EDGE_LOOP ( 'NONE', ( #1672, #2251, #2263, #1565 ) ) ;
#119 = ORIENTED_EDGE ( 'NONE', *, *, #883, .T. ) ;
#120 = FACE_OUTER_BOUND ( 'NONE', #134, .T. ) ;
#121 = PLANE ( 'NONE',  #1517 ) ;
#122 = LINE ( 'NONE', #674, #1904 ) ;
#123 = CARTESIAN_POINT ( 'NONE',  ( 0.000000000000000000, 0.000000000000000000, 0.000000000000000000 ) ) ;
#124 = ADVANCED_FACE ( 'NONE', ( #2564 ), #2313, .F. ) ;
#125 = CARTESIAN_POINT ( 'NONE',  ( 96.07475543709064425, 342.3759356685082480, 98.14859332719183271 ) ) ;
#126 = ORIENTED_EDGE ( 'NONE', *, *, #40, .F. ) ;
#127 = AXIS2_PLACEMENT_3D ( 'NONE', #466, #1701, #1493 ) ;
#128 = EDGE_LOOP ( 'NONE', ( #2044, #2871, #2969, #1132, #2454, #1578, #2950, #1400 ) ) ;
#129 = CIRCLE ( 'NONE', #1734, 355.6000000000000227 ) ;
#130 = VECTOR ( 'NONE', #2637, 1000.000000000000000 ) ;
#131 = CARTESIAN_POINT ( 'NONE',  ( -259.5814900951144182, 119.0999999999999801, -110.0000000000000426 ) ) ;
#132 = VECTOR ( 'NONE', #2249, 1000.000000000000000 ) ;
#133 = CARTESIAN_POINT ( 'NONE',  ( -457.4999999999999432, 60.59999999999998721, 98.50000000000008527 ) ) ;
#134 = EDGE_LOOP ( 'NONE', ( #2171, #2438, #1663, #256 ) ) ;
#135 = CYLINDRICAL_SURFACE ( 'NONE', #2498, 15.00000000000000000 ) ;
#136 = CARTESIAN_POINT ( 'NONE',  ( -97.50098239164705660, 341.9724402887658243, 96.78926441845042916 ) ) ;
#137 = AXIS2_PLACEMENT_3D ( 'NONE', #2466, #1212, #894 ) ;
#138 = CARTESIAN_POINT ( 'NONE',  ( -339.7976461781460102, 60.60000000000001563, 114.9235438365755897 ) ) ;
#139 = EDGE_CURVE ( 'NONE', #2349, #3207, #1145, .T. ) ;
#140 = CARTESIAN_POINT ( 'NONE',  ( -457.4999999999999432, 123.5999999999999943, -114.9999999999999574 ) ) ;
#141 = CARTESIAN_POINT ( 'NONE',  ( 473.0000000000000000, 119.0999999999999801, -94.99999999999994316 ) ) ;
#142 = CARTESIAN_POINT ( 'NONE',  ( -100.8826369457041068, 340.9899744124476229, -91.98055227428994840 ) ) ;
#143 = DIRECTION ( 'NONE',  ( -1.000000000000000000, 0.000000000000000000, 0.000000000000000000 ) ) ;
#144 = LINE ( 'NONE', #1147, #1367 ) ;
#145 = EDGE_CURVE ( 'NONE', #1665, #2073, #2625, .T. ) ;
#146 = ORIENTED_EDGE ( 'NONE', *, *, #3342, .T. ) ;
#147 = EDGE_LOOP ( 'NONE', ( #678, #2851, #1646, #1410 ) ) ;
#148 = DIRECTION ( 'NONE',  ( -1.000000000000000000, 0.000000000000000000, 0.000000000000000000 ) ) ;
#149 = CARTESIAN_POINT ( 'NONE',  ( 457.4999999999999432, 60.59999999999998010, 103.0000000000000853 ) ) ;
#150 = ORIENTED_EDGE ( 'NONE', *, *, #2269, .T. ) ;
#151 = EDGE_CURVE ( 'NONE', #1466, #567, #2981, .T. ) ;
#152 = DIRECTION ( 'NONE',  ( -1.000000000000000000, 0.000000000000000000, 0.000000000000000000 ) ) ;
#153 = DIRECTION ( 'NONE',  ( 0.000000000000000000, 0.000000000000000000, 1.000000000000000000 ) ) ;
#154 = EDGE_CURVE ( 'NONE', #2673, #111, #2478, .T. ) ;
#155 = ADVANCED_FACE ( 'NONE', ( #621 ), #636, .F. ) ;
#156 = VERTEX_POINT ( 'NONE', #3211 ) ;
#157 = DIRECTION ( 'NONE',  ( 0.000000000000000000, 0.000000000000000000, -1.000000000000000000 ) ) ;
#158 = CARTESIAN_POINT ( 'NONE',  ( -83.97158809398339940, 340.3958989729391078, 97.97593210355324800 ) ) ;
#159 =( NAMED_UNIT ( * ) PLANE_ANGLE_UNIT ( ) SI_UNIT ( $, .RADIAN. ) );
#160 = ADVANCED_FACE ( 'NONE', ( #361 ), #2718, .F. ) ;
#161 = ORIENTED_EDGE ( 'NONE', *, *, #2160, .T. ) ;
#162 = LINE ( 'NONE', #2180, #2064 ) ;
#163 = ORIENTED_EDGE ( 'NONE', *, *, #725, .F. ) ;
#164 = CYLINDRICAL_SURFACE ( 'NONE', #2877, 6.349999999999855760 ) ;
#165 = CARTESIAN_POINT ( 'NONE',  ( 96.42249925189500459, 337.0802893016540907, 89.71416577121865998 ) ) ;
#166 = EDGE_LOOP ( 'NONE', ( #1079, #845, #1697, #2894 ) ) ;
#167 = CARTESIAN_POINT ( 'NONE',  ( 0.000000000000000000, 0.000000000000000000, -103.0000000000000426 ) ) ;
#168 = CARTESIAN_POINT ( 'NONE',  ( 102.0151141799801593, 340.6527366247572104, -89.20777291835854328 ) ) ;
#169 = AXIS2_PLACEMENT_3D ( 'NONE', #2607, #1788, #3329 ) ;
#170 = ORIENTED_EDGE ( 'NONE', *, *, #297, .T. ) ;
#171 = ORIENTED_EDGE ( 'NONE', *, *, #242, .F. ) ;
#172 = CARTESIAN_POINT ( 'NONE',  ( -357.8999999999999204, 90.25000000000000000, -86.64999999999997726 ) ) ;
#173 = CARTESIAN_POINT ( 'NONE',  ( 470.0000000000000000, 119.1000000000000085, -104.1651513899116424 ) ) ;
#174 = CARTESIAN_POINT ( 'NONE',  ( 158.5000000000000000, 145.5999999999999659, -114.9999999999999858 ) ) ;
#175 = VECTOR ( 'NONE', #232, 1000.000000000000000 ) ;
#176 = DIRECTION ( 'NONE',  ( 0.000000000000000000, 0.000000000000000000, -1.000000000000000000 ) ) ;
#177 = CARTESIAN_POINT ( 'NONE',  ( -357.8999999999999204, 90.25000000000000000, 69.69999999999976126 ) ) ;
#178 = DIRECTION ( 'NONE',  ( 1.816464372750583874E-16, -1.000000000000000000, 0.000000000000000000 ) ) ;
#179 = CARTESIAN_POINT ( 'NONE',  ( 83.00000000000098055, 340.6337622726201175, 97.99999999999998579 ) ) ;
#180 = AXIS2_PLACEMENT_3D ( 'NONE', #2183, #3215, #948 ) ;
#181 = AXIS2_PLACEMENT_3D ( 'NONE', #619, #2135, #1940 ) ;
#182 = LINE ( 'NONE', #899, #3074 ) ;
#183 = CARTESIAN_POINT ( 'NONE',  ( 259.5814900951143613, 119.0999999999999801, 348.6326111661829259 ) ) ;
#184 = AXIS2_PLACEMENT_3D ( 'NONE', #3050, #2006, #275 ) ;
#185 = VECTOR ( 'NONE', #16, 1000.000000000000000 ) ;
#186 = EDGE_CURVE ( 'NONE', #3339, #1588, #1417, .T. ) ;
#187 = ORIENTED_EDGE ( 'NONE', *, *, #154, .F. ) ;
#188 = VECTOR ( 'NONE', #2964, 1000.000000000000000 ) ;
#189 = CC_DESIGN_APPROVAL ( #1228, ( #2662 ) ) ;
#190 = LINE ( 'NONE', #3039, #440 ) ;
#191 = LINE ( 'NONE', #3273, #870 ) ;
#192 = EDGE_CURVE ( 'NONE', #1967, #2811, #2992, .T. ) ;
#193 = DIRECTION ( 'NONE',  ( 0.000000000000000000, -0.000000000000000000, -1.000000000000000000 ) ) ;
#194 = FACE_OUTER_BOUND ( 'NONE', #1532, .T. ) ;
#195 = DIRECTION ( 'NONE',  ( -0.000000000000000000, -0.000000000000000000, 1.000000000000000000 ) ) ;
#196 = DIRECTION ( 'NONE',  ( 0.000000000000000000, 0.000000000000000000, -1.000000000000000000 ) ) ;
#197 = VERTEX_POINT ( 'NONE', #3320 ) ;
#198 = DIRECTION ( 'NONE',  ( 1.816464372750583381E-16, -1.000000000000000000, 0.000000000000000000 ) ) ;
#199 = DIRECTION ( 'NONE',  ( -0.000000000000000000, -0.000000000000000000, 1.000000000000000000 ) ) ;
#200 = ORIENTED_EDGE ( 'NONE', *, *, #3254, .F. ) ;
#201 = LINE ( 'NONE', #2529, #114 ) ;
#202 = CARTESIAN_POINT ( 'NONE',  ( 84.44220866678510617, 340.2794554948847576, -97.93801741226592128 ) ) ;
#203 = DIRECTION ( 'NONE',  ( -0.000000000000000000, -0.000000000000000000, -1.000000000000000000 ) ) ;
#204 = CARTESIAN_POINT ( 'NONE',  ( 97.95790161312162070, 341.8428607120764013, 96.34013540610027349 ) ) ;
#205 = ORIENTED_EDGE ( 'NONE', *, *, #3174, .F. ) ;
#206 = CARTESIAN_POINT ( 'NONE',  ( -97.99999999999998579, 336.6249545116940567, 83.48597776095370193 ) ) ;
#207 = CARTESIAN_POINT ( 'NONE',  ( 92.82473704932988312, 338.0888702473395142, 94.34526346066157032 ) ) ;
#208 = EDGE_CURVE ( 'NONE', #1682, #2639, #2344, .T. ) ;
#209 = ORIENTED_EDGE ( 'NONE', *, *, #1154, .F. ) ;
#210 = EDGE_LOOP ( 'NONE', ( #171, #251, #2387, #2128 ) ) ;
#211 = CARTESIAN_POINT ( 'NONE',  ( 198.4999999999999432, 139.1000000000000227, 83.00000000000008527 ) ) ;
#212 = CARTESIAN_POINT ( 'NONE',  ( 97.94287612622284200, 341.8460827844714913, -96.30944807641094485 ) ) ;
#213 = EDGE_CURVE ( 'NONE', #1842, #2905, #3231, .T. ) ;
#214 = VERTEX_POINT ( 'NONE', #417 ) ;
#215 = DIRECTION ( 'NONE',  ( -1.000000000000000000, 0.000000000000000000, 0.000000000000000000 ) ) ;
#216 = DIRECTION ( 'NONE',  ( -0.000000000000000000, -0.000000000000000000, 1.000000000000000000 ) ) ;
#217 = AXIS2_PLACEMENT_3D ( 'NONE', #820, #1360, #1085 ) ;
#218 = VERTEX_POINT ( 'NONE', #3114 ) ;
#219 = CARTESIAN_POINT ( 'NONE',  ( -431.0114902050286787, 90.25000000000000000, -80.29999999999998295 ) ) ;
#220 = CIRCLE ( 'NONE', #3077, 285.6000000000000227 ) ;
#221 = DIRECTION ( 'NONE',  ( 1.000000000000000000, 0.000000000000000000, 0.000000000000000000 ) ) ;
#222 = ORIENTED_EDGE ( 'NONE', *, *, #1938, .F. ) ;
#223 = EDGE_CURVE ( 'NONE', #934, #445, #3327, .T. ) ;
#224 = CARTESIAN_POINT ( 'NONE',  ( -88.14491446039481559, 339.3400011357517201, 97.12175874205152581 ) ) ;
#225 = FACE_OUTER_BOUND ( 'NONE', #2588, .T. ) ;
#226 = ORIENTED_EDGE ( 'NONE', *, *, #2728, .T. ) ;
#227 = DIRECTION ( 'NONE',  ( 0.000000000000000000, 1.000000000000000000, 0.000000000000000000 ) ) ;
#228 = DIRECTION ( 'NONE',  ( -1.000000000000000000, -1.816464372750583874E-16, 4.948533979758262294E-16 ) ) ;
#229 = DIRECTION ( 'NONE',  ( 0.000000000000000000, 1.000000000000000000, 0.000000000000000000 ) ) ;
#230 = VECTOR ( 'NONE', #2554, 1000.000000000000000 ) ;
#231 = ORIENTED_EDGE ( 'NONE', *, *, #709, .T. ) ;
#232 = DIRECTION ( 'NONE',  ( 0.000000000000000000, -1.000000000000000000, 0.000000000000000000 ) ) ;
#233 = AXIS2_PLACEMENT_3D ( 'NONE', #2199, #1453, #3031 ) ;
#234 = VECTOR ( 'NONE', #4, 1000.000000000000000 ) ;
#235 = FACE_OUTER_BOUND ( 'NONE', #1072, .T. ) ;
#236 = CARTESIAN_POINT ( 'NONE',  ( 341.7582632311554107, 60.60000000000013642, 109.0856611449773368 ) ) ;
#237 = CIRCLE ( 'NONE', #3152, 355.6000000000000227 ) ;
#238 = ORIENTED_EDGE ( 'NONE', *, *, #3342, .F. ) ;
#239 = CARTESIAN_POINT ( 'NONE',  ( 457.4999999999999432, 123.5999999999999943, 103.0000000000000853 ) ) ;
#240 = DIRECTION ( 'NONE',  ( -0.000000000000000000, -0.000000000000000000, 1.000000000000000000 ) ) ;
#241 = ORIENTED_EDGE ( 'NONE', *, *, #61, .F. ) ;
#242 = EDGE_CURVE ( 'NONE', #2092, #3247, #1783, .T. ) ;
#243 = CARTESIAN_POINT ( 'NONE',  ( -84.94353898988897811, 340.1546770966882605, -97.88151891890466061 ) ) ;
#244 = DIRECTION ( 'NONE',  ( 0.000000000000000000, -1.000000000000000000, 0.000000000000000000 ) ) ;
#245 = ORIENTED_EDGE ( 'NONE', *, *, #1650, .T. ) ;
#246 = LINE ( 'NONE', #3098, #2225 ) ;
#247 = DIRECTION ( 'NONE',  ( 1.816464372750583381E-16, -1.000000000000000000, 0.000000000000000000 ) ) ;
#248 = CARTESIAN_POINT ( 'NONE',  ( -457.4999999999999432, 123.5999999999999943, -114.9999999999999574 ) ) ;
#249 = DATE_AND_TIME ( #27, #3261 ) ;
#250 = EDGE_CURVE ( 'NONE', #2578, #1599, #104, .T. ) ;
#251 = ORIENTED_EDGE ( 'NONE', *, *, #3302, .F. ) ;
#252 = CARTESIAN_POINT ( 'NONE',  ( -457.4999999999999432, 60.59999999999998721, -94.99999999999994316 ) ) ;
#253 = CARTESIAN_POINT ( 'NONE',  ( -285.5999999999999091, -1.994334140747197268E-12, -110.0000000000000284 ) ) ;
#254 = EDGE_CURVE ( 'NONE', #2029, #3257, #1631, .T. ) ;
#255 = EDGE_CURVE ( 'NONE', #2627, #473, #2649, .T. ) ;
#256 = ORIENTED_EDGE ( 'NONE', *, *, #3241, .T. ) ;
#257 = LINE ( 'NONE', #3336, #19 ) ;
#258 = CARTESIAN_POINT ( 'NONE',  ( 102.9999999999999858, 340.3562251524129465, 83.67254300321437199 ) ) ;
#259 = CARTESIAN_POINT ( 'NONE',  ( -357.8999999999999204, 60.59999999999998721, -173.6652367249975555 ) ) ;
#260 = CARTESIAN_POINT ( 'NONE',  ( 0.000000000000000000, 0.000000000000000000, 103.0000000000000426 ) ) ;
#261 = CARTESIAN_POINT ( 'NONE',  ( -97.99999999999997158, 360.5999999999999659, 82.99999999999995737 ) ) ;
#262 = EDGE_CURVE ( 'NONE', #3306, #550, #1849, .T. ) ;
#263 = ORIENTED_EDGE ( 'NONE', *, *, #2830, .T. ) ;
#264 = DIRECTION ( 'NONE',  ( 0.000000000000000000, 0.000000000000000000, -1.000000000000000000 ) ) ;
#265 = PLANE ( 'NONE',  #986 ) ;
#266 = VERTEX_POINT ( 'NONE', #2773 ) ;
#267 = DIRECTION ( 'NONE',  ( 0.000000000000000000, 0.000000000000000000, 1.000000000000000000 ) ) ;
#268 = CARTESIAN_POINT ( 'NONE',  ( -357.8999999999999204, 60.59999999999998721, -92.99999999999997158 ) ) ;
#269 = VERTEX_POINT ( 'NONE', #2272 ) ;
#270 = CARTESIAN_POINT ( 'NONE',  ( -344.5818764442927318, 60.60000000000002274, 106.1208955101454734 ) ) ;
#271 = CARTESIAN_POINT ( 'NONE',  ( 99.89569225713894696, 341.2802997748956955, 93.70725043820219469 ) ) ;
#272 = AXIS2_PLACEMENT_3D ( 'NONE', #2474, #1441, #1490 ) ;
#273 = EDGE_LOOP ( 'NONE', ( #126, #1280, #3179, #1949 ) ) ;
#274 = CARTESIAN_POINT ( 'NONE',  ( -97.01824735696176560, 336.9092745616091520, -88.36024010623970071 ) ) ;
#275 = DIRECTION ( 'NONE',  ( 1.816464372750583381E-16, -1.000000000000000000, 0.000000000000000000 ) ) ;
#276 = LINE ( 'NONE', #520, #346 ) ;
#277 = EDGE_LOOP ( 'NONE', ( #1042, #990, #1299, #3258 ) ) ;
#278 = DIRECTION ( 'NONE',  ( 1.000000000000000000, 0.000000000000000000, 0.000000000000000000 ) ) ;
#279 = CARTESIAN_POINT ( 'NONE',  ( 353.4999999999998863, 90.25000000000000000, 69.69999999999987494 ) ) ;
#280 = CARTESIAN_POINT ( 'NONE',  ( -329.6864623949511497, 119.1000000000000085, -103.9481891473657669 ) ) ;
#281 = APPROVAL_DATE_TIME ( #543, #1228 ) ;
#282 = ORIENTED_EDGE ( 'NONE', *, *, #819, .F. ) ;
#283 = CARTESIAN_POINT ( 'NONE',  ( 353.4999999999999432, 60.59999999999998721, -80.29999999999998295 ) ) ;
#284 = CARTESIAN_POINT ( 'NONE',  ( 457.4999999999999432, 60.59999999999998010, 83.00000000000008527 ) ) ;
#285 = EDGE_CURVE ( 'NONE', #658, #2301, #2460, .T. ) ;
#286 = AXIS2_PLACEMENT_3D ( 'NONE', #973, #2013, #722 ) ;
#287 = ORIENTED_EDGE ( 'NONE', *, *, #1081, .F. ) ;
#288 = VECTOR ( 'NONE', #1189, 1000.000000000000000 ) ;
#289 = CARTESIAN_POINT ( 'NONE',  ( -345.2762618590762713, 60.60000000000000853, 103.9270550065865706 ) ) ;
#290 = CIRCLE ( 'NONE', #712, 15.50000000000001421 ) ;
#291 = CARTESIAN_POINT ( 'NONE',  ( -457.4999999999999432, 60.59999999999998010, 103.0000000000000853 ) ) ;
#292 = FACE_OUTER_BOUND ( 'NONE', #2710, .T. ) ;
#293 = CARTESIAN_POINT ( 'NONE',  ( 339.8013015872639926, 60.60000000000012932, 114.9235738522389596 ) ) ;
#294 = VECTOR ( 'NONE', #1530, 1000.000000000000000 ) ;
#295 = AXIS2_PLACEMENT_3D ( 'NONE', #3242, #1126, #1397 ) ;
#296 = EDGE_CURVE ( 'NONE', #266, #1003, #1853, .T. ) ;
#297 = EDGE_CURVE ( 'NONE', #567, #2301, #246, .T. ) ;
#298 = AXIS2_PLACEMENT_3D ( 'NONE', #2857, #2140, #584 ) ;
#299 = VECTOR ( 'NONE', #2367, 1000.000000000000000 ) ;
#300 = CARTESIAN_POINT ( 'NONE',  ( 357.8999999999999204, 60.59999999999998721, -115.0000000000000284 ) ) ;
#301 = DIRECTION ( 'NONE',  ( 1.000000000000000000, 1.816464372750583874E-16, 0.000000000000000000 ) ) ;
#302 = EDGE_CURVE ( 'NONE', #533, #2968, #825, .T. ) ;
#303 = ORIENTED_EDGE ( 'NONE', *, *, #2514, .T. ) ;
#304 = LINE ( 'NONE', #832, #2933 ) ;
#305 = DIRECTION ( 'NONE',  ( 0.000000000000000000, 1.000000000000000000, 0.000000000000000000 ) ) ;
#306 = DIRECTION ( 'NONE',  ( 1.000000000000000000, 0.000000000000000000, 0.000000000000000000 ) ) ;
#307 = CARTESIAN_POINT ( 'NONE',  ( -321.0064582063249645, 123.6000000000000085, -115.0000000000000426 ) ) ;
#308 = CARTESIAN_POINT ( 'NONE',  ( -294.7795786685366011, 80.59999999999998010, 110.0000000000000142 ) ) ;
#309 = ORIENTED_EDGE ( 'NONE', *, *, #2617, .T. ) ;
#310 = CARTESIAN_POINT ( 'NONE',  ( -341.7524051894241666, 60.60000000000001563, 109.0886367953343807 ) ) ;
#311 = LINE ( 'NONE', #1057, #11 ) ;
#312 = CARTESIAN_POINT ( 'NONE',  ( 328.2489273783489239, 123.6000000000000085, -112.6465949551092933 ) ) ;
#313 = FACE_OUTER_BOUND ( 'NONE', #2066, .T. ) ;
#314 = VERTEX_POINT ( 'NONE', #3118 ) ;
#315 = ORIENTED_EDGE ( 'NONE', *, *, #2158, .T. ) ;
#316 = CYLINDRICAL_SURFACE ( 'NONE', #1414, 350.6000000000000227 ) ;
#317 = LINE ( 'NONE', #1639, #1247 ) ;
#318 = EDGE_CURVE ( 'NONE', #643, #2322, #509, .T. ) ;
#319 = EDGE_LOOP ( 'NONE', ( #2427, #1319, #1582, #150 ) ) ;
#320 = CARTESIAN_POINT ( 'NONE',  ( 357.8999999999999204, 60.59999999999998721, -80.29999999999998295 ) ) ;
#321 = DIRECTION ( 'NONE',  ( -0.000000000000000000, -0.000000000000000000, 1.000000000000000000 ) ) ;
#322 = ORIENTED_EDGE ( 'NONE', *, *, #1664, .T. ) ;
#323 = ORIENTED_EDGE ( 'NONE', *, *, #2504, .T. ) ;
#324 = CARTESIAN_POINT ( 'NONE',  ( -431.0114902050286787, 90.25000000000000000, 63.34999999999990905 ) ) ;
#325 = CARTESIAN_POINT ( 'NONE',  ( 0.000000000000000000, 119.1000000000000085, -111.0000000000000284 ) ) ;
#326 = LINE ( 'NONE', #72, #74 ) ;
#327 = VECTOR ( 'NONE', #1475, 1000.000000000000000 ) ;
#328 = EDGE_CURVE ( 'NONE', #813, #2538, #2834, .T. ) ;
#329 = ORIENTED_EDGE ( 'NONE', *, *, #3008, .F. ) ;
#330 = DIRECTION ( 'NONE',  ( 0.000000000000000000, 0.000000000000000000, -1.000000000000000000 ) ) ;
#331 = LINE ( 'NONE', #2887, #1848 ) ;
#332 = AXIS2_PLACEMENT_3D ( 'NONE', #1445, #2270, #3055 ) ;
#333 = DIRECTION ( 'NONE',  ( 1.000000000000000000, 0.000000000000000000, 0.000000000000000000 ) ) ;
#334 = CARTESIAN_POINT ( 'NONE',  ( -198.4999999999999432, 119.1000000000000085, -111.0000000000000284 ) ) ;
#335 = ORIENTED_EDGE ( 'NONE', *, *, #1602, .T. ) ;
#336 = CARTESIAN_POINT ( 'NONE',  ( 198.4999999999999432, 139.1000000000000227, -115.0000000000000284 ) ) ;
#337 = CARTESIAN_POINT ( 'NONE',  ( -87.48378261187626492, 344.6713961449504495, -102.5015208832887907 ) ) ;
#338 = VECTOR ( 'NONE', #505, 1000.000000000000000 ) ;
#339 = CARTESIAN_POINT ( 'NONE',  ( 331.3973287798510228, 123.6000000000000085, -109.4978291662734335 ) ) ;
#340 = VECTOR ( 'NONE', #443, 1000.000000000000000 ) ;
#341 = VECTOR ( 'NONE', #1476, 1000.000000000000000 ) ;
#342 = DIRECTION ( 'NONE',  ( 0.000000000000000000, 0.000000000000000000, -1.000000000000000000 ) ) ;
#343 = VERTEX_POINT ( 'NONE', #2577 ) ;
#344 = VECTOR ( 'NONE', #1561, 1000.000000000000000 ) ;
#345 = ORIENTED_EDGE ( 'NONE', *, *, #186, .T. ) ;
#346 = VECTOR ( 'NONE', #1297, 1000.000000000000000 ) ;
#347 = AXIS2_PLACEMENT_3D ( 'NONE', #377, #3014, #1433 ) ;
#348 = CARTESIAN_POINT ( 'NONE',  ( -431.0114902050286787, 90.25000000000000000, -86.64999999999997726 ) ) ;
#349 = CARTESIAN_POINT ( 'NONE',  ( 0.000000000000000000, 0.000000000000000000, 348.6326111661829259 ) ) ;
#350 = ORIENTED_EDGE ( 'NONE', *, *, #2255, .F. ) ;
#351 = FACE_OUTER_BOUND ( 'NONE', #1990, .T. ) ;
#352 = LINE ( 'NONE', #2379, #1199 ) ;
#353 = APPROVAL ( #2592, 'UNSPECIFIED' ) ;
#354 = VERTEX_POINT ( 'NONE', #1537 ) ;
#355 = FACE_OUTER_BOUND ( 'NONE', #691, .T. ) ;
#356 = CARTESIAN_POINT ( 'NONE',  ( -97.95790161312164912, 341.8428607120764582, -96.34013540610024506 ) ) ;
#357 = EDGE_CURVE ( 'NONE', #477, #32, #545, .T. ) ;
#358 = CARTESIAN_POINT ( 'NONE',  ( 322.6280894798217105, 123.6000000000000227, -114.8557015260013969 ) ) ;
#359 = ADVANCED_FACE ( 'NONE', ( #58 ), #3103, .F. ) ;
#360 = EDGE_CURVE ( 'NONE', #1696, #1593, #1091, .T. ) ;
#361 = FACE_OUTER_BOUND ( 'NONE', #2693, .T. ) ;
#362 = LINE ( 'NONE', #2142, #2605 ) ;
#363 = ORIENTED_EDGE ( 'NONE', *, *, #145, .F. ) ;
#364 = ORIENTED_EDGE ( 'NONE', *, *, #1798, .T. ) ;
#365 = CARTESIAN_POINT ( 'NONE',  ( -275.4877214258314666, 75.32513089005236395, 115.0000000000000995 ) ) ;
#366 = EDGE_CURVE ( 'NONE', #934, #1673, #2921, .T. ) ;
#367 = CARTESIAN_POINT ( 'NONE',  ( -97.99999999999997158, 336.6249545116939430, 83.00000000000001421 ) ) ;
#368 = CARTESIAN_POINT ( 'NONE',  ( 344.8645667722546477, 60.60000000000012932, 105.4841555061883582 ) ) ;
#369 = ORIENTED_EDGE ( 'NONE', *, *, #2931, .T. ) ;
#370 = CARTESIAN_POINT ( 'NONE',  ( -89.98724682052511525, 344.0262129143070524, 101.7508166748765888 ) ) ;
#371 = CARTESIAN_POINT ( 'NONE',  ( -339.0122302025176282, 60.60000000000000142, 115.0000000000000000 ) ) ;
#372 = ORIENTED_EDGE ( 'NONE', *, *, #360, .T. ) ;
#373 = ADVANCED_FACE ( 'NONE', ( #1641 ), #461, .F. ) ;
#374 = CARTESIAN_POINT ( 'NONE',  ( 82.99999999999997158, 345.7779055983768330, 102.9999999999999858 ) ) ;
#375 = PRODUCT_DEFINITION_SHAPE ( 'NONE', 'NONE',  #2337 ) ;
#376 = CARTESIAN_POINT ( 'NONE',  ( -84.30666021633149398, 345.4642568770455568, -102.9999999999999574 ) ) ;
#377 = CARTESIAN_POINT ( 'NONE',  ( 0.000000000000000000, 0.000000000000000000, 103.0000000000000426 ) ) ;
#378 = PERSON ( 'UNSPECIFIED', 'UNSPECIFIED', 'UNSPECIFIED', ('UNSPECIFIED'), ('UNSPECIFIED'), ('UNSPECIFIED') ) ;
#379 = DIRECTION ( 'NONE',  ( 1.816464372750583381E-16, -1.000000000000000000, 0.000000000000000000 ) ) ;
#380 = ORIENTED_EDGE ( 'NONE', *, *, #747, .F. ) ;
#381 = ORIENTED_EDGE ( 'NONE', *, *, #1908, .T. ) ;
#382 = CARTESIAN_POINT ( 'NONE',  ( -353.4999999999999432, 60.59999999999998721, -80.29999999999998295 ) ) ;
#383 = LINE ( 'NONE', #3155, #662 ) ;
#384 = DIRECTION ( 'NONE',  ( 0.000000000000000000, 1.000000000000000000, 0.000000000000000000 ) ) ;
#385 = AXIS2_PLACEMENT_3D ( 'NONE', #766, #512, #267 ) ;
#386 = CARTESIAN_POINT ( 'NONE',  ( -477.5000000000000000, 60.59999999999997300, -94.99999999999994316 ) ) ;
#387 = ORIENTED_EDGE ( 'NONE', *, *, #43, .F. ) ;
#388 = DIRECTION ( 'NONE',  ( -1.000000000000000000, 0.000000000000000000, -0.000000000000000000 ) ) ;
#389 = CARTESIAN_POINT ( 'NONE',  ( -91.76892727194513100, 343.5569339531088531, -101.0219257630375296 ) ) ;
#390 = ADVANCED_FACE ( 'NONE', ( #1370 ), #1877, .F. ) ;
#391 = DIRECTION ( 'NONE',  ( 1.000000000000000000, 0.000000000000000000, 0.000000000000000000 ) ) ;
#392 = DIRECTION ( 'NONE',  ( -0.000000000000000000, -0.000000000000000000, 1.000000000000000000 ) ) ;
#393 = CIRCLE ( 'NONE', #708, 20.00000000000001776 ) ;
#394 = ADVANCED_FACE ( 'NONE', ( #1384 ), #2419, .T. ) ;
#395 = EDGE_LOOP ( 'NONE', ( #3128, #765, #888, #433 ) ) ;
#396 = VECTOR ( 'NONE', #1866, 1000.000000000000000 ) ;
#397 = AXIS2_PLACEMENT_3D ( 'NONE', #2448, #1415, #143 ) ;
#398 = CARTESIAN_POINT ( 'NONE',  ( 0.000000000000000000, 0.000000000000000000, 110.0000000000000142 ) ) ;
#399 = CARTESIAN_POINT ( 'NONE',  ( 98.00000000000001421, 336.6249545116939430, 83.99666744787255368 ) ) ;
#400 = EDGE_CURVE ( 'NONE', #2385, #1264, #2569, .T. ) ;
#401 = VECTOR ( 'NONE', #1383, 1000.000000000000000 ) ;
#402 = AXIS2_PLACEMENT_3D ( 'NONE', #2030, #1776, #502 ) ;
#403 = LOCAL_TIME ( 9, 52, 53.00000000000000000, #1271 ) ;
#404 = CARTESIAN_POINT ( 'NONE',  ( 327.8345939705769183, 119.0999999999999943, -107.7101085709952031 ) ) ;
#405 = CARTESIAN_POINT ( 'NONE',  ( 477.5000000000000000, 123.5999999999999801, -94.99999999999994316 ) ) ;
#406 = VECTOR ( 'NONE', #1033, 1000.000000000000000 ) ;
#407 = ORIENTED_EDGE ( 'NONE', *, *, #1908, .F. ) ;
#408 = ORIENTED_EDGE ( 'NONE', *, *, #357, .T. ) ;
#409 = DIRECTION ( 'NONE',  ( -0.000000000000000000, -0.000000000000000000, -1.000000000000000000 ) ) ;
#410 = CARTESIAN_POINT ( 'NONE',  ( -99.71692327870725592, 341.3325830757092945, -93.98418463116145460 ) ) ;
#411 = ADVANCED_FACE ( 'NONE', ( #2078 ), #2357, .T. ) ;
#412 = LINE ( 'NONE', #2292, #931 ) ;
#413 = DIRECTION ( 'NONE',  ( -1.000000000000000000, 1.816464372750583381E-16, 0.000000000000000000 ) ) ;
#414 = ORIENTED_EDGE ( 'NONE', *, *, #84, .T. ) ;
#415 = CARTESIAN_POINT ( 'NONE',  ( 353.4999999999999432, 60.59999999999998721, -92.99999999999997158 ) ) ;
#416 = CARTESIAN_POINT ( 'NONE',  ( 82.99999999999997158, 365.5999999999999659, 102.9999999999999858 ) ) ;
#417 = CARTESIAN_POINT ( 'NONE',  ( 275.4877214258314098, 75.32513089005244922, 115.0000000000000995 ) ) ;
#418 = DIRECTION ( 'NONE',  ( 1.000000000000000000, 0.000000000000000000, -0.000000000000000000 ) ) ;
#419 = EDGE_CURVE ( 'NONE', #1878, #668, #237, .T. ) ;
#420 = CARTESIAN_POINT ( 'NONE',  ( 329.3461592391024055, 119.0999999999999801, -105.3238624983606542 ) ) ;
#421 = LINE ( 'NONE', #1442, #2450 ) ;
#422 = EDGE_CURVE ( 'NONE', #1726, #1203, #1310, .T. ) ;
#423 = ORIENTED_EDGE ( 'NONE', *, *, #649, .F. ) ;
#424 = CARTESIAN_POINT ( 'NONE',  ( 353.4999999999999432, 60.59999999999998721, -173.6652367249975555 ) ) ;
#425 = CARTESIAN_POINT ( 'NONE',  ( 88.14491446039487244, 339.3400011357517201, -97.12175874205152581 ) ) ;
#426 = CARTESIAN_POINT ( 'NONE',  ( -473.0000000000000000, 60.59999999999997300, -94.99999999999994316 ) ) ;
#427 = PLANE ( 'NONE',  #3259 ) ;
#428 = ORIENTED_EDGE ( 'NONE', *, *, #192, .F. ) ;
#429 = DIRECTION ( 'NONE',  ( -1.000000000000000000, 0.000000000000000000, 0.000000000000000000 ) ) ;
#430 = CARTESIAN_POINT ( 'NONE',  ( 83.48502492371520134, 340.5155794230995525, 97.99999999999994316 ) ) ;
#431 = ADVANCED_FACE ( 'NONE', ( #47 ), #1071, .F. ) ;
#432 = ORIENTED_EDGE ( 'NONE', *, *, #2581, .F. ) ;
#433 = ORIENTED_EDGE ( 'NONE', *, *, #3337, .F. ) ;
#434 = CYLINDRICAL_SURFACE ( 'NONE', #751, 19.99999999999998934 ) ;
#435 = FACE_OUTER_BOUND ( 'NONE', #930, .T. ) ;
#436 = VECTOR ( 'NONE', #2922, 1000.000000000000000 ) ;
#437 = ORIENTED_EDGE ( 'NONE', *, *, #2334, .T. ) ;
#438 = DIRECTION ( 'NONE',  ( -1.000000000000000000, 0.000000000000000000, 0.000000000000000000 ) ) ;
#439 = DIRECTION ( 'NONE',  ( 1.000000000000000000, 1.816464372750583874E-16, 0.000000000000000000 ) ) ;
#440 = VECTOR ( 'NONE', #672, 1000.000000000000000 ) ;
#441 = DIRECTION ( 'NONE',  ( 1.000000000000000000, 0.000000000000000000, 0.000000000000000000 ) ) ;
#442 = CARTESIAN_POINT ( 'NONE',  ( -294.7795786685366011, 80.59999999999998010, 115.0000000000000142 ) ) ;
#443 = DIRECTION ( 'NONE',  ( -0.000000000000000000, -1.000000000000000000, -0.000000000000000000 ) ) ;
#444 = AXIS2_PLACEMENT_3D ( 'NONE', #442, #195, #2984 ) ;
#445 = VERTEX_POINT ( 'NONE', #2947 ) ;
#446 = ORIENTED_EDGE ( 'NONE', *, *, #2630, .F. ) ;
#447 = CIRCLE ( 'NONE', #1515, 19.99999999999998934 ) ;
#448 = CARTESIAN_POINT ( 'NONE',  ( -357.8999999999999204, 60.59999999999998721, -80.29999999999998295 ) ) ;
#449 = FACE_OUTER_BOUND ( 'NONE', #2136, .T. ) ;
#450 = CIRCLE ( 'NONE', #2657, 15.50000000000001421 ) ;
#451 = APPROVAL_PERSON_ORGANIZATION ( #1553, #1337, #2559 ) ;
#452 = CIRCLE ( 'NONE', #1577, 19.99999999999998934 ) ;
#453 = CARTESIAN_POINT ( 'NONE',  ( -457.4999999999999432, 123.5999999999999943, 103.0000000000000853 ) ) ;
#454 = CARTESIAN_POINT ( 'NONE',  ( 92.29219402431610320, 338.2353813369880982, -94.81375726149890681 ) ) ;
#455 = EDGE_CURVE ( 'NONE', #908, #1842, #276, .T. ) ;
#456 = CARTESIAN_POINT ( 'NONE',  ( -82.99999999999997158, 60.59799999999998477, -82.99999999999997158 ) ) ;
#457 = ORIENTED_EDGE ( 'NONE', *, *, #2293, .F. ) ;
#458 = CARTESIAN_POINT ( 'NONE',  ( -94.36235995230623530, 337.6634266971272496, 92.83929148769190931 ) ) ;
#459 = CARTESIAN_POINT ( 'NONE',  ( 90.42908508612329399, 338.7375674886988008, 96.04018264675255523 ) ) ;
#460 = EDGE_LOOP ( 'NONE', ( #1267, #2085, #2731, #3236 ) ) ;
#461 = PLANE ( 'NONE',  #2995 ) ;
#462 = DIRECTION ( 'NONE',  ( -1.000000000000000000, -1.816464372750583874E-16, 0.000000000000000000 ) ) ;
#463 = DIRECTION ( 'NONE',  ( -1.816464372750583381E-16, -1.000000000000000000, 0.000000000000000000 ) ) ;
#464 = ORIENTED_EDGE ( 'NONE', *, *, #2207, .F. ) ;
#465 = CARTESIAN_POINT ( 'NONE',  ( -357.8999999999998636, 119.1000000000000085, -115.0000000000000284 ) ) ;
#466 = CARTESIAN_POINT ( 'NONE',  ( 0.000000000000000000, 0.000000000000000000, 102.9999999999999858 ) ) ;
#467 = EDGE_CURVE ( 'NONE', #1165, #979, #778, .T. ) ;
#468 = CARTESIAN_POINT ( 'NONE',  ( 102.8318517246106722, 340.4070727715892417, 85.67307779490330688 ) ) ;
#469 = ORIENTED_EDGE ( 'NONE', *, *, #2297, .T. ) ;
#470 = CARTESIAN_POINT ( 'NONE',  ( -91.11380890434463709, 338.5539829826885807, 95.62511535268352247 ) ) ;
#471 = DIRECTION ( 'NONE',  ( 1.816464372750583874E-16, -1.000000000000000000, 0.000000000000000000 ) ) ;
#472 = EDGE_CURVE ( 'NONE', #2457, #2884, #2843, .T. ) ;
#473 = VERTEX_POINT ( 'NONE', #1731 ) ;
#474 = DIRECTION ( 'NONE',  ( -0.000000000000000000, -0.000000000000000000, -1.000000000000000000 ) ) ;
#475 = CARTESIAN_POINT ( 'NONE',  ( -323.9388814477609344, 119.0999999999999659, -109.8322784207279597 ) ) ;
#476 = DIRECTION ( 'NONE',  ( 0.000000000000000000, 1.000000000000000000, 0.000000000000000000 ) ) ;
#477 = VERTEX_POINT ( 'NONE', #3015 ) ;
#478 = PLANE ( 'NONE',  #385 ) ;
#479 = CARTESIAN_POINT ( 'NONE',  ( 345.3230371695465237, 60.60000000000012932, -103.0000000000000426 ) ) ;
#480 = AXIS2_PLACEMENT_3D ( 'NONE', #25, #3354, #3120 ) ;
#481 = DIRECTION ( 'NONE',  ( 1.000000000000000000, -3.552713678800500929E-15, 0.000000000000000000 ) ) ;
#482 = EDGE_CURVE ( 'NONE', #652, #1443, #1024, .T. ) ;
#483 = CARTESIAN_POINT ( 'NONE',  ( 353.4999999999999432, 60.59999999999998721, -80.29999999999998295 ) ) ;
#484 = VECTOR ( 'NONE', #839, 1000.000000000000000 ) ;
#485 = CARTESIAN_POINT ( 'NONE',  ( 349.9854179242481678, 60.60000000000013642, 106.1235813435134361 ) ) ;
#486 = EDGE_LOOP ( 'NONE', ( #170, #1239, #2720, #2057, #2585, #739 ) ) ;
#487 = CARTESIAN_POINT ( 'NONE',  ( -329.7507391955323897, 119.0999999999999801, 348.6326111661829259 ) ) ;
#488 = CARTESIAN_POINT ( 'NONE',  ( 178.5000000000000000, 145.5999999999999659, -110.9999999999997726 ) ) ;
#489 = ADVANCED_FACE ( 'NONE', ( #771 ), #1288, .T. ) ;
#490 = PLANE ( 'NONE',  #2039 ) ;
#491 = ADVANCED_FACE ( 'NONE', ( #3108 ), #12, .F. ) ;
#492 = VECTOR ( 'NONE', #2430, 1000.000000000000000 ) ;
#493 = FACE_OUTER_BOUND ( 'NONE', #2121, .T. ) ;
#494 = PERSON_AND_ORGANIZATION_ROLE ( 'design_owner' ) ;
#495 = CARTESIAN_POINT ( 'NONE',  ( 294.7795786685366011, 60.60000000000012221, 110.0000000000000142 ) ) ;
#496 = VECTOR ( 'NONE', #949, 1000.000000000000000 ) ;
#497 = ORIENTED_EDGE ( 'NONE', *, *, #2511, .T. ) ;
#498 = CARTESIAN_POINT ( 'NONE',  ( 357.8999999999999204, 90.25000000000000000, -80.29999999999998295 ) ) ;
#499 = AXIS2_PLACEMENT_3D ( 'NONE', #2930, #626, #342 ) ;
#500 = CARTESIAN_POINT ( 'NONE',  ( 333.4282531520086650, 123.6000000000000085, 103.0000000000000426 ) ) ;
#501 = CIRCLE ( 'NONE', #2396, 20.00000000000001776 ) ;
#502 = DIRECTION ( 'NONE',  ( -1.000000000000000000, -1.816464372750583381E-16, 0.000000000000000000 ) ) ;
#503 = EDGE_CURVE ( 'NONE', #1571, #3073, #791, .T. ) ;
#504 = CARTESIAN_POINT ( 'NONE',  ( 346.2369422511461039, 60.60000000000012221, 112.0663635043469242 ) ) ;
#505 = DIRECTION ( 'NONE',  ( -0.000000000000000000, -0.000000000000000000, -1.000000000000000000 ) ) ;
#506 = DIRECTION ( 'NONE',  ( 0.000000000000000000, 0.000000000000000000, -1.000000000000000000 ) ) ;
#507 = LINE ( 'NONE', #519, #294 ) ;
#508 = ORIENTED_EDGE ( 'NONE', *, *, #632, .F. ) ;
#509 = LINE ( 'NONE', #818, #3149 ) ;
#510 = CARTESIAN_POINT ( 'NONE',  ( 0.000000000000000000, 0.000000000000000000, -111.0000000000000284 ) ) ;
#511 = DIRECTION ( 'NONE',  ( 0.000000000000000000, 0.000000000000000000, -1.000000000000000000 ) ) ;
#512 = DIRECTION ( 'NONE',  ( -1.000000000000000000, 0.000000000000000000, 0.000000000000000000 ) ) ;
#513 = CARTESIAN_POINT ( 'NONE',  ( -320.5994385522220114, 123.6000000000000085, -115.0000000000000284 ) ) ;
#514 = ORIENTED_EDGE ( 'NONE', *, *, #2114, .F. ) ;
#515 = CARTESIAN_POINT ( 'NONE',  ( 338.2138376826116541, 60.60000000000012932, 110.0000000000000142 ) ) ;
#516 = CARTESIAN_POINT ( 'NONE',  ( 101.1687744985844546, 340.9051340890219421, 91.38623915798125097 ) ) ;
#517 = ORIENTED_EDGE ( 'NONE', *, *, #186, .F. ) ;
#518 = LINE ( 'NONE', #2586, #2989 ) ;
#519 = CARTESIAN_POINT ( 'NONE',  ( -357.8999999999999204, 30.94999999999997087, 57.00000000000016342 ) ) ;
#520 = CARTESIAN_POINT ( 'NONE',  ( -477.5000000000000000, 123.5999999999999801, -94.99999999999994316 ) ) ;
#521 = ORIENTED_EDGE ( 'NONE', *, *, #3302, .T. ) ;
#522 = EDGE_LOOP ( 'NONE', ( #2166, #718, #205, #1636, #2783, #1838, #1073, #1750 ) ) ;
#523 = EDGE_CURVE ( 'NONE', #343, #2133, #2613, .T. ) ;
#524 = LINE ( 'NONE', #2590, #2638 ) ;
#525 = CARTESIAN_POINT ( 'NONE',  ( -324.6302149859691895, 119.0999999999999659, -109.6529181967623572 ) ) ;
#526 = PERSON_AND_ORGANIZATION ( #378, #876 ) ;
#527 = ORIENTED_EDGE ( 'NONE', *, *, #357, .F. ) ;
#528 = CARTESIAN_POINT ( 'NONE',  ( 97.99999999999997158, 336.6249545116939430, 82.99999999999997158 ) ) ;
#529 = ADVANCED_BREP_SHAPE_REPRESENTATION ( 'MUDGUARD_REV_A', ( #617, #556 ), #2398 ) ;
#530 = CARTESIAN_POINT ( 'NONE',  ( -321.4166477227241216, 123.6000000000000227, -114.9817564711669888 ) ) ;
#531 = EDGE_CURVE ( 'NONE', #3344, #1401, #2491, .T. ) ;
#532 = EDGE_CURVE ( 'NONE', #3107, #700, #2299, .T. ) ;
#533 = VERTEX_POINT ( 'NONE', #239 ) ;
#534 = CARTESIAN_POINT ( 'NONE',  ( -178.4999999999999716, 139.0999999999999943, 835.3461819978975882 ) ) ;
#535 = DIRECTION ( 'NONE',  ( 0.000000000000000000, 0.000000000000000000, -1.000000000000000000 ) ) ;
#536 = CIRCLE ( 'NONE', #217, 6.349999999999855760 ) ;
#537 = ORIENTED_EDGE ( 'NONE', *, *, #3123, .F. ) ;
#538 = CARTESIAN_POINT ( 'NONE',  ( -275.4877214258313529, 75.32513089005234974, 348.6326111661829259 ) ) ;
#539 = ORIENTED_EDGE ( 'NONE', *, *, #1197, .F. ) ;
#540 = EDGE_LOOP ( 'NONE', ( #2518, #231, #2298, #3165 ) ) ;
#541 = DIRECTION ( 'NONE',  ( 1.000000000000000000, -0.000000000000000000, -0.000000000000000000 ) ) ;
#542 = CARTESIAN_POINT ( 'NONE',  ( 477.5000000000000000, 60.60000000000015064, 69.69999999999987494 ) ) ;
#543 = DATE_AND_TIME ( #1018, #1634 ) ;
#544 = VERTEX_POINT ( 'NONE', #33 ) ;
#545 = LINE ( 'NONE', #1589, #234 ) ;
#546 = DIRECTION ( 'NONE',  ( -1.816464372750583874E-16, 1.000000000000000000, -0.000000000000000000 ) ) ;
#547 = EDGE_CURVE ( 'NONE', #2561, #2915, #807, .T. ) ;
#548 = CARTESIAN_POINT ( 'NONE',  ( -329.8149665727769957, 123.6000000000000085, -111.3636792196885636 ) ) ;
#549 = ORIENTED_EDGE ( 'NONE', *, *, #2867, .T. ) ;
#550 = VERTEX_POINT ( 'NONE', #2856 ) ;
#551 = VECTOR ( 'NONE', #2172, 1000.000000000000000 ) ;
#552 = CARTESIAN_POINT ( 'NONE',  ( -338.2138376826117110, 60.60000000000000853, 110.0000000000000142 ) ) ;
#553 = DIRECTION ( 'NONE',  ( -1.000000000000000000, 0.000000000000000000, 0.000000000000000000 ) ) ;
#554 = CIRCLE ( 'NONE', #2280, 20.00000000000000355 ) ;
#555 = AXIS2_PLACEMENT_3D ( 'NONE', #2833, #476, #2725 ) ;
#556 = AXIS2_PLACEMENT_3D ( 'NONE', #123, #2697, #391 ) ;
#557 = AXIS2_PLACEMENT_3D ( 'NONE', #1369, #2898, #3132 ) ;
#558 = ADVANCED_FACE ( 'NONE', ( #49 ), #1527, .F. ) ;
#559 = DIRECTION ( 'NONE',  ( -1.000000000000000000, -3.469446951953611231E-16, 0.000000000000000000 ) ) ;
#560 = ORIENTED_EDGE ( 'NONE', *, *, #1403, .T. ) ;
#561 = EDGE_LOOP ( 'NONE', ( #2632, #1753, #2273, #3125 ) ) ;
#562 = ORIENTED_EDGE ( 'NONE', *, *, #1008, .F. ) ;
#563 = CARTESIAN_POINT ( 'NONE',  ( 0.000000000000000000, 0.000000000000000000, -103.0000000000000426 ) ) ;
#564 = FACE_OUTER_BOUND ( 'NONE', #1495, .T. ) ;
#565 = CARTESIAN_POINT ( 'NONE',  ( -84.30583929786843100, 345.4644539290588909, 102.9999999999999716 ) ) ;
#566 = DIRECTION ( 'NONE',  ( 0.000000000000000000, -0.000000000000000000, 1.000000000000000000 ) ) ;
#567 = VERTEX_POINT ( 'NONE', #515 ) ;
#568 = ORIENTED_EDGE ( 'NONE', *, *, #1664, .F. ) ;
#569 = DIRECTION ( 'NONE',  ( -1.816464372750583381E-16, -1.000000000000000000, 0.000000000000000000 ) ) ;
#570 = ADVANCED_FACE ( 'NONE', ( #2316 ), #3321, .F. ) ;
#571 = CARTESIAN_POINT ( 'NONE',  ( 82.99999999999997158, 360.5999999999999659, 97.99999999999997158 ) ) ;
#572 = DIRECTION ( 'NONE',  ( -0.000000000000000000, -0.000000000000000000, -1.000000000000000000 ) ) ;
#573 = ORIENTED_EDGE ( 'NONE', *, *, #2146, .F. ) ;
#574 = ORIENTED_EDGE ( 'NONE', *, *, #223, .T. ) ;
#575 = CARTESIAN_POINT ( 'NONE',  ( -285.6000000000000227, 60.60000000000001563, 115.0000000000000142 ) ) ;
#576 = EDGE_CURVE ( 'NONE', #2855, #1084, #257, .T. ) ;
#577 = CARTESIAN_POINT ( 'NONE',  ( -102.9999999999999858, 340.3562251524129465, 83.00000000000001421 ) ) ;
#578 = ORIENTED_EDGE ( 'NONE', *, *, #1602, .F. ) ;
#579 = DIRECTION ( 'NONE',  ( 0.000000000000000000, 0.000000000000000000, -1.000000000000000000 ) ) ;
#580 = DIRECTION ( 'NONE',  ( 0.000000000000000000, 1.000000000000000000, 0.000000000000000000 ) ) ;
#581 = ORIENTED_EDGE ( 'NONE', *, *, #151, .F. ) ;
#582 = CARTESIAN_POINT ( 'NONE',  ( 178.4999999999999716, 139.0999999999999943, -111.0000000000000284 ) ) ;
#583 = DIRECTION ( 'NONE',  ( 1.816464372750583381E-16, 1.000000000000000000, -0.000000000000000000 ) ) ;
#584 = DIRECTION ( 'NONE',  ( 0.000000000000000000, 0.000000000000000000, -1.000000000000000000 ) ) ;
#585 = CARTESIAN_POINT ( 'NONE',  ( -470.0000000000000000, 60.59999999999998010, -110.6124949959956751 ) ) ;
#586 = AXIS2_PLACEMENT_3D ( 'NONE', #1698, #695, #914 ) ;
#587 = VERTEX_POINT ( 'NONE', #2428 ) ;
#588 = CARTESIAN_POINT ( 'NONE',  ( 473.0000000000000000, 123.5999999999999801, 83.00000000000009948 ) ) ;
#589 = CARTESIAN_POINT ( 'NONE',  ( 457.4999999999999432, 119.0999999999999801, 98.50000000000008527 ) ) ;
#590 = EDGE_CURVE ( 'NONE', #2133, #3107, #2118, .T. ) ;
#591 = AXIS2_PLACEMENT_3D ( 'NONE', #2628, #2382, #1347 ) ;
#592 = ORIENTED_EDGE ( 'NONE', *, *, #3110, .F. ) ;
#593 = CARTESIAN_POINT ( 'NONE',  ( 97.99999999999997158, 336.6249545116939430, 82.99999999999997158 ) ) ;
#594 = ADVANCED_FACE ( 'NONE', ( #355 ), #1364, .F. ) ;
#595 = ADVANCED_FACE ( 'NONE', ( #2959 ), #2414, .F. ) ;
#596 = CARTESIAN_POINT ( 'NONE',  ( -100.2910250255132638, 341.1651538206127725, 93.13666375952034571 ) ) ;
#597 = DIRECTION ( 'NONE',  ( 1.047380211910526482E-15, 1.000000000000000000, 0.000000000000000000 ) ) ;
#598 = ORIENTED_EDGE ( 'NONE', *, *, #659, .F. ) ;
#599 = CARTESIAN_POINT ( 'NONE',  ( 353.4999999999999432, 60.59999999999998721, -115.0000000000000284 ) ) ;
#600 = CYLINDRICAL_SURFACE ( 'NONE', #2809, 6.349999999999855760 ) ;
#601 = CARTESIAN_POINT ( 'NONE',  ( -83.50012396904612899, 340.5115112549852370, 97.99166021545262595 ) ) ;
#602 = VECTOR ( 'NONE', #2283, 1000.000000000000000 ) ;
#603 = DIRECTION ( 'NONE',  ( -1.000000000000000000, 0.000000000000000000, 0.000000000000000000 ) ) ;
#604 = DIRECTION ( 'NONE',  ( 1.000000000000000000, -0.000000000000000000, -0.000000000000000000 ) ) ;
#605 = VECTOR ( 'NONE', #2154, 1000.000000000000000 ) ;
#606 = AXIS2_PLACEMENT_3D ( 'NONE', #1557, #2661, #2971 ) ;
#607 = VECTOR ( 'NONE', #3352, 1000.000000000000000 ) ;
#608 = CARTESIAN_POINT ( 'NONE',  ( 477.5000000000000000, 60.59999999999997300, -94.99999999999994316 ) ) ;
#609 = AXIS2_PLACEMENT_3D ( 'NONE', #792, #1044, #1242 ) ;
#610 = ORIENTED_EDGE ( 'NONE', *, *, #1583, .F. ) ;
#611 = AXIS2_PLACEMENT_3D ( 'NONE', #1628, #2681, #902 ) ;
#612 = CARTESIAN_POINT ( 'NONE',  ( -178.4999999999999716, 139.0999999999999943, -115.0000000000000284 ) ) ;
#613 = CARTESIAN_POINT ( 'NONE',  ( -294.7795786685366011, 60.60000000000001563, 115.0000000000000142 ) ) ;
#614 = EDGE_CURVE ( 'NONE', #2109, #2872, #1411, .T. ) ;
#615 = EDGE_LOOP ( 'NONE', ( #381, #3010, #3317, #335, #944, #2778, #884 ) ) ;
#616 = ORIENTED_EDGE ( 'NONE', *, *, #1223, .T. ) ;
#617 = MANIFOLD_SOLID_BREP ( 'Cut-Extrude5', #2820 ) ;
#618 = CARTESIAN_POINT ( 'NONE',  ( 470.0000000000000000, 119.1000000000000085, -110.6124949959956751 ) ) ;
#619 = CARTESIAN_POINT ( 'NONE',  ( 357.8999999999999204, 60.59999999999998721, -173.6652367249975555 ) ) ;
#620 = ORIENTED_EDGE ( 'NONE', *, *, #781, .F. ) ;
#621 = FACE_OUTER_BOUND ( 'NONE', #2479, .T. ) ;
#622 = ORIENTED_EDGE ( 'NONE', *, *, #2854, .T. ) ;
#623 = CARTESIAN_POINT ( 'NONE',  ( -353.4999999999999432, 119.0999999999999801, 98.49999999999987210 ) ) ;
#624 = CARTESIAN_POINT ( 'NONE',  ( -96.56481820839582042, 342.2379710982477263, -97.71122752537669953 ) ) ;
#625 = FACE_OUTER_BOUND ( 'NONE', #460, .T. ) ;
#626 = DIRECTION ( 'NONE',  ( 0.000000000000000000, -1.000000000000000000, 0.000000000000000000 ) ) ;
#627 = VERTEX_POINT ( 'NONE', #623 ) ;
#628 = ORIENTED_EDGE ( 'NONE', *, *, #1289, .T. ) ;
#629 = CARTESIAN_POINT ( 'NONE',  ( 8.456266579852340200E-29, -1.536050696878320597E-44, 102.9999999999998721 ) ) ;
#630 = DIRECTION ( 'NONE',  ( 4.448155875925969044E-47, -1.000000000000000000, 8.988835671576540865E-32 ) ) ;
#631 = VERTEX_POINT ( 'NONE', #2155 ) ;
#632 = EDGE_CURVE ( 'NONE', #2811, #1665, #1394, .T. ) ;
#633 = DIRECTION ( 'NONE',  ( 1.816464372750583381E-16, -1.000000000000000000, 0.000000000000000000 ) ) ;
#634 = CARTESIAN_POINT ( 'NONE',  ( -457.4999999999999432, 123.5999999999999943, 103.0000000000000853 ) ) ;
#635 = ORIENTED_EDGE ( 'NONE', *, *, #737, .F. ) ;
#636 = CYLINDRICAL_SURFACE ( 'NONE', #555, 15.00000000000000000 ) ;
#637 = DIRECTION ( 'NONE',  ( 0.000000000000000000, 1.000000000000000000, 0.000000000000000000 ) ) ;
#638 = CARTESIAN_POINT ( 'NONE',  ( -92.90932909097166714, 343.2498681122220887, -100.4206191766786134 ) ) ;
#639 = CARTESIAN_POINT ( 'NONE',  ( -357.8999999999999204, 60.59999999999998721, 98.49999999999987210 ) ) ;
#640 = EDGE_CURVE ( 'NONE', #214, #658, #501, .T. ) ;
#641 = EDGE_CURVE ( 'NONE', #32, #54, #2176, .T. ) ;
#642 = PLANE ( 'NONE',  #1420 ) ;
#643 = VERTEX_POINT ( 'NONE', #890 ) ;
#644 = VERTEX_POINT ( 'NONE', #141 ) ;
#645 = CARTESIAN_POINT ( 'NONE',  ( -353.4999999999999432, 60.59999999999998721, 69.69999999999987494 ) ) ;
#646 = AXIS2_PLACEMENT_3D ( 'NONE', #2345, #2266, #264 ) ;
#647 = DIRECTION ( 'NONE',  ( 0.000000000000000000, 1.000000000000000000, -0.000000000000000000 ) ) ;
#648 = EDGE_LOOP ( 'NONE', ( #1608, #2309, #726, #1357, #752, #698 ) ) ;
#649 = EDGE_CURVE ( 'NONE', #686, #1137, #2138, .T. ) ;
#650 = CARTESIAN_POINT ( 'NONE',  ( 470.0000000000000000, 119.1000000000000085, 835.3461819978975882 ) ) ;
#651 = CARTESIAN_POINT ( 'NONE',  ( -341.3403867083926571, 60.60000000000002274, 114.6051203975552397 ) ) ;
#652 = VERTEX_POINT ( 'NONE', #1910 ) ;
#653 = ORIENTED_EDGE ( 'NONE', *, *, #2081, .F. ) ;
#654 = DIRECTION ( 'NONE',  ( 1.000000000000000000, 0.000000000000000000, 0.000000000000000000 ) ) ;
#655 = CARTESIAN_POINT ( 'NONE',  ( -82.99999999999997158, 345.7779055983768330, -103.0000000000000426 ) ) ;
#656 = DIRECTION ( 'NONE',  ( 1.000000000000000000, 0.000000000000000000, 0.000000000000000000 ) ) ;
#657 = CARTESIAN_POINT ( 'NONE',  ( 329.7507391955323897, 119.0999999999999801, 348.6326111661829259 ) ) ;
#658 = VERTEX_POINT ( 'NONE', #1161 ) ;
#659 = EDGE_CURVE ( 'NONE', #2872, #269, #854, .T. ) ;
#660 = CIRCLE ( 'NONE', #180, 15.00000000000000000 ) ;
#661 = ORIENTED_EDGE ( 'NONE', *, *, #1403, .F. ) ;
#662 = VECTOR ( 'NONE', #2165, 1000.000000000000000 ) ;
#663 = ADVANCED_FACE ( 'NONE', ( #2694 ), #1887, .T. ) ;
#664 = AXIS2_PLACEMENT_3D ( 'NONE', #2850, #864, #418 ) ;
#665 = PLANE ( 'NONE',  #1302 ) ;
#666 = CARTESIAN_POINT ( 'NONE',  ( -178.4999999999999716, 145.5999999999999659, -110.9999999999997726 ) ) ;
#667 = CIRCLE ( 'NONE', #347, 355.6000000000000227 ) ;
#668 = VERTEX_POINT ( 'NONE', #374 ) ;
#669 = FACE_OUTER_BOUND ( 'NONE', #2197, .T. ) ;
#670 = CARTESIAN_POINT ( 'NONE',  ( 329.7507391955323897, 119.0999999999999801, -103.0000000000000426 ) ) ;
#671 = CARTESIAN_POINT ( 'NONE',  ( 82.99999999999997158, 345.7779055983768330, -103.0000000000000426 ) ) ;
#672 = DIRECTION ( 'NONE',  ( -1.816464372750583381E-16, -1.000000000000000000, 0.000000000000000000 ) ) ;
#673 = CARTESIAN_POINT ( 'NONE',  ( 83.97158809398338519, 340.3958989729389941, -97.97593210355321958 ) ) ;
#674 = CARTESIAN_POINT ( 'NONE',  ( -82.99999999999997158, 60.59799999999998477, 102.9999999999999858 ) ) ;
#675 = ADVANCED_FACE ( 'NONE', ( #1941 ), #2976, .F. ) ;
#676 = DIRECTION ( 'NONE',  ( -0.000000000000000000, -0.000000000000000000, 1.000000000000000000 ) ) ;
#677 = CARTESIAN_POINT ( 'NONE',  ( 91.76892727194511679, 343.5569339531088531, 101.0219257630375438 ) ) ;
#678 = ORIENTED_EDGE ( 'NONE', *, *, #2517, .T. ) ;
#679 = ORIENTED_EDGE ( 'NONE', *, *, #2031, .T. ) ;
#680 = DIRECTION ( 'NONE',  ( 1.000000000000000000, 1.816464372750583874E-16, 0.000000000000000000 ) ) ;
#681 = ADVANCED_FACE ( 'NONE', ( #120 ), #600, .F. ) ;
#682 = CARTESIAN_POINT ( 'NONE',  ( 89.56666726624655439, 338.9666225050656294, 96.49505649087592474 ) ) ;
#683 = VERTEX_POINT ( 'NONE', #3208 ) ;
#684 = DIRECTION ( 'NONE',  ( 1.000000000000000000, 0.000000000000000000, 0.000000000000000000 ) ) ;
#685 = CARTESIAN_POINT ( 'NONE',  ( 96.57524690592026673, 342.2350262165612094, -97.70152968123052517 ) ) ;
#686 = VERTEX_POINT ( 'NONE', #1092 ) ;
#687 = CARTESIAN_POINT ( 'NONE',  ( 0.000000000000000000, 0.000000000000000000, -103.0000000000000426 ) ) ;
#688 = CARTESIAN_POINT ( 'NONE',  ( 91.11380890434463709, 338.5539829826885807, -95.62511535268353668 ) ) ;
#689 = CARTESIAN_POINT ( 'NONE',  ( 102.9999999999999858, 340.3562251524129465, 83.00000000000001421 ) ) ;
#690 = PLANE ( 'NONE',  #2941 ) ;
#691 = EDGE_LOOP ( 'NONE', ( #3332, #2318, #1019, #918 ) ) ;
#692 = CARTESIAN_POINT ( 'NONE',  ( -431.0114902050286787, 90.25000000000000000, 63.34999999999990905 ) ) ;
#693 = LINE ( 'NONE', #1706, #3086 ) ;
#694 = ORIENTED_EDGE ( 'NONE', *, *, #950, .T. ) ;
#695 = DIRECTION ( 'NONE',  ( 1.816464372750583381E-16, 1.000000000000000000, -0.000000000000000000 ) ) ;
#696 = CYLINDRICAL_SURFACE ( 'NONE', #1467, 20.00000000000001776 ) ;
#697 = VECTOR ( 'NONE', #3218, 1000.000000000000000 ) ;
#698 = ORIENTED_EDGE ( 'NONE', *, *, #3136, .T. ) ;
#699 = EDGE_CURVE ( 'NONE', #993, #2855, #2124, .T. ) ;
#700 = VERTEX_POINT ( 'NONE', #582 ) ;
#701 = CARTESIAN_POINT ( 'NONE',  ( -457.4999999999999432, 119.0999999999999801, 98.50000000000008527 ) ) ;
#702 = LINE ( 'NONE', #479, #924 ) ;
#703 = CIRCLE ( 'NONE', #1351, 20.00000000000000355 ) ;
#704 = CARTESIAN_POINT ( 'NONE',  ( 85.59051282786118975, 345.1482555022246856, 102.8731913988755338 ) ) ;
#705 = ORIENTED_EDGE ( 'NONE', *, *, #1653, .F. ) ;
#706 = CYLINDRICAL_SURFACE ( 'NONE', #1686, 19.99999999999998934 ) ;
#707 = CARTESIAN_POINT ( 'NONE',  ( 89.12190839099410766, 339.0838585857193834, 96.70255446623210105 ) ) ;
#708 = AXIS2_PLACEMENT_3D ( 'NONE', #3188, #583, #1911 ) ;
#709 = EDGE_CURVE ( 'NONE', #683, #1068, #85, .T. ) ;
#710 = VECTOR ( 'NONE', #630, 1000.000000000000000 ) ;
#711 = ORIENTED_EDGE ( 'NONE', *, *, #2259, .T. ) ;
#712 = AXIS2_PLACEMENT_3D ( 'NONE', #2312, #2047, #3084 ) ;
#713 = EDGE_CURVE ( 'NONE', #445, #2268, #2666, .T. ) ;
#714 = CARTESIAN_POINT ( 'NONE',  ( 328.9554620362286528, 119.0999999999999659, -106.1826387394340543 ) ) ;
#715 = DIRECTION ( 'NONE',  ( -0.000000000000000000, -0.000000000000000000, 1.000000000000000000 ) ) ;
#716 = VECTOR ( 'NONE', #572, 1000.000000000000000 ) ;
#717 = VECTOR ( 'NONE', #996, 1000.000000000000000 ) ;
#718 = ORIENTED_EDGE ( 'NONE', *, *, #1440, .F. ) ;
#719 = VECTOR ( 'NONE', #1125, 1000.000000000000000 ) ;
#720 = AXIS2_PLACEMENT_3D ( 'NONE', #1483, #1262, #603 ) ;
#721 = DIRECTION ( 'NONE',  ( -1.816464372750583381E-16, -1.000000000000000000, 0.000000000000000000 ) ) ;
#722 = DIRECTION ( 'NONE',  ( -1.000000000000000000, -1.816464372750583381E-16, 0.000000000000000000 ) ) ;
#723 = VERTEX_POINT ( 'NONE', #465 ) ;
#724 = CARTESIAN_POINT ( 'NONE',  ( 102.7309018387720130, 340.4375732827863885, 86.33762588650697012 ) ) ;
#725 = EDGE_CURVE ( 'NONE', #644, #834, #190, .T. ) ;
#726 = ORIENTED_EDGE ( 'NONE', *, *, #1157, .F. ) ;
#727 = CARTESIAN_POINT ( 'NONE',  ( -353.4999999999999432, 60.59999999999998721, -80.29999999999998295 ) ) ;
#728 = CARTESIAN_POINT ( 'NONE',  ( 457.4999999999999432, 119.0999999999999801, -94.99999999999994316 ) ) ;
#729 = ORIENTED_EDGE ( 'NONE', *, *, #2548, .F. ) ;
#730 = CARTESIAN_POINT ( 'NONE',  ( 353.4999999999999432, 60.59999999999998721, -92.99999999999997158 ) ) ;
#731 = CARTESIAN_POINT ( 'NONE',  ( 88.13671418608356589, 344.5049941493786037, -102.3399788087506721 ) ) ;
#732 = EDGE_CURVE ( 'NONE', #3001, #1481, #1891, .T. ) ;
#733 = ORIENTED_EDGE ( 'NONE', *, *, #1089, .F. ) ;
#734 = DIRECTION ( 'NONE',  ( 1.816464372750583381E-16, -1.000000000000000000, 0.000000000000000000 ) ) ;
#735 = FACE_OUTER_BOUND ( 'NONE', #1219, .T. ) ;
#736 = ORIENTED_EDGE ( 'NONE', *, *, #1341, .F. ) ;
#737 = EDGE_CURVE ( 'NONE', #533, #1502, #201, .T. ) ;
#738 = CYLINDRICAL_SURFACE ( 'NONE', #2347, 20.00000000000000355 ) ;
#739 = ORIENTED_EDGE ( 'NONE', *, *, #2037, .F. ) ;
#740 = ORIENTED_EDGE ( 'NONE', *, *, #659, .T. ) ;
#741 = EDGE_CURVE ( 'NONE', #1805, #544, #1025, .T. ) ;
#742 = CARTESIAN_POINT ( 'NONE',  ( -98.00000000000001421, 336.6249545116939430, -83.99666744787255368 ) ) ;
#743 = LINE ( 'NONE', #1279, #1852 ) ;
#744 = VERTEX_POINT ( 'NONE', #3011 ) ;
#745 = FACE_OUTER_BOUND ( 'NONE', #3143, .T. ) ;
#746 = CARTESIAN_POINT ( 'NONE',  ( 477.4999999999994316, 60.60000000000015064, 98.49999999999958789 ) ) ;
#747 = EDGE_CURVE ( 'NONE', #2442, #1064, #1674, .T. ) ;
#748 = ORIENTED_EDGE ( 'NONE', *, *, #781, .T. ) ;
#749 = LINE ( 'NONE', #3083, #2695 ) ;
#750 = CARTESIAN_POINT ( 'NONE',  ( 158.5000000000000000, 165.5999999999999943, -110.9999999999997726 ) ) ;
#751 = AXIS2_PLACEMENT_3D ( 'NONE', #211, #1743, #152 ) ;
#752 = ORIENTED_EDGE ( 'NONE', *, *, #1804, .F. ) ;
#753 = DIRECTION ( 'NONE',  ( 0.000000000000000000, -0.000000000000000000, 1.000000000000000000 ) ) ;
#754 = CARTESIAN_POINT ( 'NONE',  ( 348.1034381848604085, 60.60000000000013642, 110.0220439610420442 ) ) ;
#755 = CARTESIAN_POINT ( 'NONE',  ( -96.69155552528411590, 337.0031746216831721, 89.14618955559487290 ) ) ;
#756 = DIRECTION ( 'NONE',  ( 0.000000000000000000, 0.000000000000000000, -1.000000000000000000 ) ) ;
#757 = ORIENTED_EDGE ( 'NONE', *, *, #1501, .F. ) ;
#758 = DIRECTION ( 'NONE',  ( -0.000000000000000000, 1.000000000000000000, 0.000000000000000000 ) ) ;
#759 = CIRCLE ( 'NONE', #2652, 19.99999999999998934 ) ;
#760 = CARTESIAN_POINT ( 'NONE',  ( -82.99999999999997158, 60.59799999999998477, 82.99999999999997158 ) ) ;
#761 = COORDINATED_UNIVERSAL_TIME_OFFSET ( 10, 0, .AHEAD. ) ;
#762 = VECTOR ( 'NONE', #228, 1000.000000000000000 ) ;
#763 = CIRCLE ( 'NONE', #3197, 15.00000000000000000 ) ;
#764 = CARTESIAN_POINT ( 'NONE',  ( 102.9999999999999858, 365.5999999999999659, 82.99999999999997158 ) ) ;
#765 = ORIENTED_EDGE ( 'NONE', *, *, #3245, .F. ) ;
#766 = CARTESIAN_POINT ( 'NONE',  ( -97.99999999999997158, 60.59799999999998477, 82.99999999999995737 ) ) ;
#767 = FACE_OUTER_BOUND ( 'NONE', #2381, .T. ) ;
#768 = AXIS2_PLACEMENT_3D ( 'NONE', #2978, #3264, #1396 ) ;
#769 = VECTOR ( 'NONE', #2404, 1000.000000000000000 ) ;
#770 = VECTOR ( 'NONE', #22, 1000.000000000000000 ) ;
#771 = FACE_OUTER_BOUND ( 'NONE', #1761, .T. ) ;
#772 = CARTESIAN_POINT ( 'NONE',  ( 100.4074369739236943, 341.1300835048965041, 92.85347115587462952 ) ) ;
#773 = ORIENTED_EDGE ( 'NONE', *, *, #1760, .T. ) ;
#774 = EDGE_CURVE ( 'NONE', #2705, #2182, #2239, .T. ) ;
#775 = CARTESIAN_POINT ( 'NONE',  ( 357.8999999999999204, 90.25000000000000000, 69.69999999999987494 ) ) ;
#776 = DIRECTION ( 'NONE',  ( 0.000000000000000000, 1.000000000000000000, 0.000000000000000000 ) ) ;
#777 = DIRECTION ( 'NONE',  ( 1.000000000000000000, -8.881784197001252323E-16, 0.000000000000000000 ) ) ;
#778 = LINE ( 'NONE', #3095, #3260 ) ;
#779 = ORIENTED_EDGE ( 'NONE', *, *, #737, .T. ) ;
#780 = DIRECTION ( 'NONE',  ( -1.000000000000000000, -1.816464372750583874E-16, 0.000000000000000000 ) ) ;
#781 = EDGE_CURVE ( 'NONE', #2561, #3038, #2925, .T. ) ;
#782 = CARTESIAN_POINT ( 'NONE',  ( -82.99999999999997158, 365.5999999999999659, -102.9999999999999858 ) ) ;
#783 = CARTESIAN_POINT ( 'NONE',  ( -324.8555859075196395, 119.1000000000000085, -109.5795638580417659 ) ) ;
#784 = APPROVAL_ROLE ( '' ) ;
#785 = CARTESIAN_POINT ( 'NONE',  ( 345.2762937407620711, 60.60000000000013642, 103.9237234988447796 ) ) ;
#786 = ORIENTED_EDGE ( 'NONE', *, *, #2364, .F. ) ;
#787 = CARTESIAN_POINT ( 'NONE',  ( 477.5000000000000000, 123.5999999999999801, -94.99999999999994316 ) ) ;
#788 = LINE ( 'NONE', #2027, #1784 ) ;
#789 = ORIENTED_EDGE ( 'NONE', *, *, #2854, .F. ) ;
#790 = ORIENTED_EDGE ( 'NONE', *, *, #1616, .T. ) ;
#791 = LINE ( 'NONE', #1797, #2348 ) ;
#792 = CARTESIAN_POINT ( 'NONE',  ( -470.0000000000000000, 60.59999999999998010, 835.3461819978975882 ) ) ;
#793 = ORIENTED_EDGE ( 'NONE', *, *, #254, .T. ) ;
#794 = ORIENTED_EDGE ( 'NONE', *, *, #213, .F. ) ;
#795 = LINE ( 'NONE', #2157, #823 ) ;
#796 = PLANE ( 'NONE',  #184 ) ;
#797 = B_SPLINE_CURVE_WITH_KNOTS ( 'NONE', 3,
 ( #1765, #206, #2260, #3076, #1046, #1278, #1498, #755, #2319, #1779, #3111, #2780, #458, #2535, #1486, #470, #975, #2005, #3049, #224, #2415, #2977, #1365, #2403, #158, #601 ),
 .UNSPECIFIED., .F., .F.,
 ( 4, 2, 2, 2, 2, 2, 2, 2, 2, 2, 2, 2, 4 ),
 ( 0.08487471918864056275, 0.08633175506079604489, 0.08778879093295152702, 0.09070286267726246354, 0.09215989854941790405, 0.09361693442157334455, 0.09653100616588422556, 0.09944507791019510656, 0.1009021137823505332, 0.1023591496545059876, 0.1052732213988168686, 0.1067302572709723230, 0.1081872931431277635 ),
 .UNSPECIFIED. ) ;
#798 = ORIENTED_EDGE ( 'NONE', *, *, #1873, .F. ) ;
#799 = DIRECTION ( 'NONE',  ( 0.000000000000000000, 1.000000000000000000, 0.000000000000000000 ) ) ;
#800 = LINE ( 'NONE', #2325, #1422 ) ;
#801 = DATE_TIME_ROLE ( 'classification_date' ) ;
#802 = ORIENTED_EDGE ( 'NONE', *, *, #35, .T. ) ;
#803 = ORIENTED_EDGE ( 'NONE', *, *, #1434, .T. ) ;
#804 = CARTESIAN_POINT ( 'NONE',  ( -473.0000000000000000, 123.5999999999999801, -94.99999999999994316 ) ) ;
#805 = CARTESIAN_POINT ( 'NONE',  ( -332.5601367140016578, 123.6000000000000085, -107.3626761641987741 ) ) ;
#806 = ORIENTED_EDGE ( 'NONE', *, *, #297, .F. ) ;
#807 = LINE ( 'NONE', #1329, #299 ) ;
#808 = CARTESIAN_POINT ( 'NONE',  ( 344.6227106968304383, 60.60000000000013642, 113.2145123715731359 ) ) ;
#809 = VECTOR ( 'NONE', #3272, 1000.000000000000000 ) ;
#810 = LINE ( 'NONE', #1368, #2876 ) ;
#811 = FACE_OUTER_BOUND ( 'NONE', #1621, .T. ) ;
#812 = ORIENTED_EDGE ( 'NONE', *, *, #989, .T. ) ;
#813 = VERTEX_POINT ( 'NONE', #2733 ) ;
#814 = DIRECTION ( 'NONE',  ( 1.816464372750583381E-16, -1.000000000000000000, 0.000000000000000000 ) ) ;
#815 = CARTESIAN_POINT ( 'NONE',  ( -102.9999999999999858, 340.3562251524129465, 348.6326111661829259 ) ) ;
#816 = CARTESIAN_POINT ( 'NONE',  ( 470.0000000000000000, 60.59999999999998010, -104.1651513899116424 ) ) ;
#817 = COORDINATED_UNIVERSAL_TIME_OFFSET ( 10, 0, .AHEAD. ) ;
#818 = CARTESIAN_POINT ( 'NONE',  ( -353.4999999999999432, 60.59999999999998721, -173.6652367249975555 ) ) ;
#819 = EDGE_CURVE ( 'NONE', #1489, #214, #220, .T. ) ;
#820 = CARTESIAN_POINT ( 'NONE',  ( 353.4999999999998863, 90.25000000000000000, 63.34999999999990905 ) ) ;
#821 = FACE_OUTER_BOUND ( 'NONE', #3324, .T. ) ;
#822 = VECTOR ( 'NONE', #1387, 1000.000000000000000 ) ;
#823 = VECTOR ( 'NONE', #3209, 1000.000000000000000 ) ;
#824 = ORIENTED_EDGE ( 'NONE', *, *, #3254, .T. ) ;
#825 = CIRCLE ( 'NONE', #1249, 20.00000000000001776 ) ;
#826 = DIRECTION ( 'NONE',  ( 1.000000000000000000, 0.000000000000000000, 0.000000000000000000 ) ) ;
#827 = CARTESIAN_POINT ( 'NONE',  ( 324.9919031847158521, 123.6000000000000227, -114.2837204918039333 ) ) ;
#828 = AXIS2_PLACEMENT_3D ( 'NONE', #1648, #2402, #388 ) ;
#829 = AXIS2_PLACEMENT_3D ( 'NONE', #2532, #240, #221 ) ;
#830 = PLANE ( 'NONE',  #557 ) ;
#831 = ORIENTED_EDGE ( 'NONE', *, *, #2581, .T. ) ;
#832 = CARTESIAN_POINT ( 'NONE',  ( -82.99999999999997158, 360.5999999999999659, 97.99999999999997158 ) ) ;
#833 = LINE ( 'NONE', #1389, #2601 ) ;
#834 = VERTEX_POINT ( 'NONE', #1746 ) ;
#835 = CARTESIAN_POINT ( 'NONE',  ( -100.9177563998609202, 340.9798430073499844, 91.98345517088186796 ) ) ;
#836 = CARTESIAN_POINT ( 'NONE',  ( -348.7477246296469957, 60.59999999999998721, 109.0451434163435778 ) ) ;
#837 = B_SPLINE_CURVE_WITH_KNOTS ( 'NONE', 3,
 ( #2119, #3158, #2956, #1870, #2513, #168, #1986, #1218, #938, #3256, #1972, #3022, #1187, #212, #2475, #685, #3009, #3053, #2991, #1710, #3234, #916, #1954, #731, #1755, #954, #1457, #671 ),
 .UNSPECIFIED., .F., .F.,
 ( 4, 2, 2, 2, 2, 2, 2, 2, 2, 2, 2, 2, 2, 4 ),
 ( 0.000000000000000000, 0.003974072246831846997, 0.005961108370247761822, 0.006954626431955744821, 0.007948144493663726953, 0.01192221674049584110, 0.01390925286391191638, 0.01589628898732798820, 0.01788332511074406175, 0.01987036123416012837, 0.02384443348099227547, 0.02583146960440833168, 0.02781850572782438788, 0.03179257797465648988 ),
 .UNSPECIFIED. ) ;
#838 = ORIENTED_EDGE ( 'NONE', *, *, #482, .T. ) ;
#839 = DIRECTION ( 'NONE',  ( 0.000000000000000000, 1.000000000000000000, 0.000000000000000000 ) ) ;
#840 = FACE_OUTER_BOUND ( 'NONE', #1857, .T. ) ;
#841 = ADVANCED_FACE ( 'NONE', ( #2253 ), #2463, .F. ) ;
#842 = CARTESIAN_POINT ( 'NONE',  ( -178.4999999999999716, 145.5999999999999659, -114.9999999999997726 ) ) ;
#843 = EDGE_CURVE ( 'NONE', #2551, #813, #703, .T. ) ;
#844 = EDGE_CURVE ( 'NONE', #723, #2814, #919, .T. ) ;
#845 = ORIENTED_EDGE ( 'NONE', *, *, #997, .F. ) ;
#846 = DIRECTION ( 'NONE',  ( -1.000000000000000000, 0.000000000000000000, -5.073431988233631691E-16 ) ) ;
#847 = CARTESIAN_POINT ( 'NONE',  ( 0.000000000000000000, 0.000000000000000000, 103.0000000000000426 ) ) ;
#848 = ORIENTED_EDGE ( 'NONE', *, *, #1291, .T. ) ;
#849 = ORIENTED_EDGE ( 'NONE', *, *, #1268, .T. ) ;
#850 = CYLINDRICAL_SURFACE ( 'NONE', #2208, 20.00000000000001776 ) ;
#851 = CARTESIAN_POINT ( 'NONE',  ( 353.4999999999998863, 90.25000000000000000, 57.00000000000004974 ) ) ;
#852 = ADVANCED_FACE ( 'NONE', ( #2713 ), #1700, .F. ) ;
#853 = ORIENTED_EDGE ( 'NONE', *, *, #296, .F. ) ;
#854 = LINE ( 'NONE', #1122, #1913 ) ;
#855 = CARTESIAN_POINT ( 'NONE',  ( -89.96717941807531815, 344.0314699958886422, -101.7584483469081960 ) ) ;
#856 = CARTESIAN_POINT ( 'NONE',  ( 332.5622318449327395, 123.6000000000000085, -107.3573967510993299 ) ) ;
#857 = DIRECTION ( 'NONE',  ( -1.000000000000000000, 0.000000000000000000, 0.000000000000000000 ) ) ;
#858 = CIRCLE ( 'NONE', #2755, 343.6000000000000227 ) ;
#859 = ORIENTED_EDGE ( 'NONE', *, *, #250, .T. ) ;
#860 = LINE ( 'NONE', #1950, #2767 ) ;
#861 = DIRECTION ( 'NONE',  ( -1.000000000000000000, 0.000000000000000000, 0.000000000000000000 ) ) ;
#862 = CARTESIAN_POINT ( 'NONE',  ( 343.8428259458406728, 60.60000000000012932, 107.2822424224195856 ) ) ;
#863 = ORIENTED_EDGE ( 'NONE', *, *, #2245, .T. ) ;
#864 = DIRECTION ( 'NONE',  ( 0.000000000000000000, -0.000000000000000000, 1.000000000000000000 ) ) ;
#865 = CARTESIAN_POINT ( 'NONE',  ( -91.77500536035475420, 343.5552756705970978, 101.0182756485968980 ) ) ;
#866 = CARTESIAN_POINT ( 'NONE',  ( -343.5814743386538339, 60.60000000000002274, 113.8020177122858598 ) ) ;
#867 = ORIENTED_EDGE ( 'NONE', *, *, #1061, .F. ) ;
#868 = DIRECTION ( 'NONE',  ( -1.816464372750583381E-16, 1.000000000000000000, -0.000000000000000000 ) ) ;
#869 = CARTESIAN_POINT ( 'NONE',  ( 357.8999999999999204, 60.59999999999998721, -173.6652367249975555 ) ) ;
#870 = VECTOR ( 'NONE', #1221, 1000.000000000000000 ) ;
#871 = CARTESIAN_POINT ( 'NONE',  ( 320.5994385522220114, 123.6000000000000085, -115.0000000000000711 ) ) ;
#872 = VECTOR ( 'NONE', #1303, 1000.000000000000000 ) ;
#873 = AXIS2_PLACEMENT_3D ( 'NONE', #1029, #776, #1563 ) ;
#874 = CIRCLE ( 'NONE', #1843, 285.5999999999999659 ) ;
#875 = PLANE ( 'NONE',  #1963 ) ;
#876 = ORGANIZATION ( 'UNSPECIFIED', 'UNSPECIFIED', '' ) ;
#877 = EDGE_CURVE ( 'NONE', #2048, #2322, #2496, .T. ) ;
#878 = ORIENTED_EDGE ( 'NONE', *, *, #255, .T. ) ;
#879 = ORIENTED_EDGE ( 'NONE', *, *, #2244, .T. ) ;
#880 = CARTESIAN_POINT ( 'NONE',  ( -259.5814900951143613, 119.1000000000000085, -111.0000000000000426 ) ) ;
#881 = PLANE ( 'NONE',  #3194 ) ;
#882 = CARTESIAN_POINT ( 'NONE',  ( 344.9449142140377376, 60.60000000000013642, 105.2646757216828917 ) ) ;
#883 = EDGE_CURVE ( 'NONE', #1481, #627, #987, .T. ) ;
#884 = ORIENTED_EDGE ( 'NONE', *, *, #1169, .T. ) ;
#885 = EDGE_CURVE ( 'NONE', #62, #1063, #1683, .T. ) ;
#886 = CYLINDRICAL_SURFACE ( 'NONE', #1075, 15.50000000000001421 ) ;
#887 = CARTESIAN_POINT ( 'NONE',  ( -342.1006158284538969, 60.59999999999998721, 114.3802664554814470 ) ) ;
#888 = ORIENTED_EDGE ( 'NONE', *, *, #242, .T. ) ;
#889 = ORIENTED_EDGE ( 'NONE', *, *, #1832, .T. ) ;
#890 = CARTESIAN_POINT ( 'NONE',  ( -353.4999999999999432, 60.59999999999998721, -115.0000000000000284 ) ) ;
#891 = DIRECTION ( 'NONE',  ( 0.000000000000000000, -0.000000000000000000, 1.000000000000000000 ) ) ;
#892 = CARTESIAN_POINT ( 'NONE',  ( -431.0114902050286787, 30.94999999999997797, -80.29999999999998295 ) ) ;
#893 = B_SPLINE_CURVE_WITH_KNOTS ( 'NONE', 3,
 ( #2840, #3322, #1484, #1544, #485, #2332, #1263, #2300, #2032, #754, #2584, #1777, #2823, #504, #1076, #808, #67, #1630, #2383, #1890, #2354, #1859, #293, #1318, #1597 ),
 .UNSPECIFIED., .F., .F.,
 ( 4, 2, 2, 2, 2, 2, 2, 2, 2, 1, 2, 2, 4 ),
 ( 1.387778780781445676E-17, 0.002361384418412349698, 0.003542076627618538209, 0.004722768836824726285, 0.007084153255237103305, 0.008264845464443308296, 0.009445537673649515020, 0.01180692209206189724, 0.01298761430126801723, 0.01416830651047414069, 0.01534899871968026241, 0.01652969092888638414, 0.01889107534729862065 ),
 .UNSPECIFIED. ) ;
#894 = DIRECTION ( 'NONE',  ( 1.000000000000000000, 0.000000000000000000, -4.948533979758262294E-16 ) ) ;
#895 = ORIENTED_EDGE ( 'NONE', *, *, #1506, .F. ) ;
#896 = ORIENTED_EDGE ( 'NONE', *, *, #547, .F. ) ;
#897 = CARTESIAN_POINT ( 'NONE',  ( -285.5999999999999091, 119.1000000000000085, -115.0000000000000284 ) ) ;
#898 = CARTESIAN_POINT ( 'NONE',  ( 353.4999999999999432, 60.59999999999998721, 69.69999999999987494 ) ) ;
#899 = CARTESIAN_POINT ( 'NONE',  ( -357.8999999999999204, 60.59999999999998721, -115.0000000000000284 ) ) ;
#900 = FACE_OUTER_BOUND ( 'NONE', #2678, .T. ) ;
#901 = ORIENTED_EDGE ( 'NONE', *, *, #262, .F. ) ;
#902 = DIRECTION ( 'NONE',  ( -1.000000000000000000, 0.000000000000000000, 0.000000000000000000 ) ) ;
#903 = CARTESIAN_POINT ( 'NONE',  ( -477.5000000000000000, 123.5999999999999801, -94.99999999999994316 ) ) ;
#904 = DIRECTION ( 'NONE',  ( -0.000000000000000000, -0.000000000000000000, 1.000000000000000000 ) ) ;
#905 = EDGE_CURVE ( 'NONE', #1571, #1970, #1133, .T. ) ;
#906 = EDGE_CURVE ( 'NONE', #2343, #1926, #1190, .T. ) ;
#907 = CARTESIAN_POINT ( 'NONE',  ( -158.5000000000000000, 145.5999999999999659, -114.9999999999999858 ) ) ;
#908 = VERTEX_POINT ( 'NONE', #1727 ) ;
#909 = ORIENTED_EDGE ( 'NONE', *, *, #2405, .F. ) ;
#910 = DIRECTION ( 'NONE',  ( -1.816464372750583381E-16, 1.000000000000000000, 0.000000000000000000 ) ) ;
#911 = VECTOR ( 'NONE', #541, 1000.000000000000000 ) ;
#912 = CARTESIAN_POINT ( 'NONE',  ( 97.99999999999997158, 60.59799999999998477, -82.99999999999997158 ) ) ;
#913 = DIRECTION ( 'NONE',  ( 1.816464372750583381E-16, -1.000000000000000000, 0.000000000000000000 ) ) ;
#914 = DIRECTION ( 'NONE',  ( 1.000000000000000000, 0.000000000000000000, 0.000000000000000000 ) ) ;
#915 = VECTOR ( 'NONE', #941, 1000.000000000000000 ) ;
#916 = CARTESIAN_POINT ( 'NONE',  ( 89.98724682052510104, 344.0262129143070524, -101.7508166748765888 ) ) ;
#917 = EDGE_CURVE ( 'NONE', #1142, #64, #2768, .T. ) ;
#918 = ORIENTED_EDGE ( 'NONE', *, *, #1407, .F. ) ;
#919 = LINE ( 'NONE', #1208, #1773 ) ;
#920 = LINE ( 'NONE', #942, #1960 ) ;
#921 =( LENGTH_UNIT ( ) NAMED_UNIT ( * ) SI_UNIT ( .MILLI., .METRE. ) );
#922 = ADVANCED_FACE ( 'NONE', ( #1828 ), #2295, .F. ) ;
#923 = ORIENTED_EDGE ( 'NONE', *, *, #2891, .F. ) ;
#924 = VECTOR ( 'NONE', #216, 1000.000000000000000 ) ;
#925 = DIRECTION ( 'NONE',  ( 0.000000000000000000, 1.000000000000000000, 0.000000000000000000 ) ) ;
#926 = DIRECTION ( 'NONE',  ( -1.816464372750583381E-16, -1.000000000000000000, 0.000000000000000000 ) ) ;
#927 = AXIS2_PLACEMENT_3D ( 'NONE', #3249, #2522, #3279 ) ;
#928 = ORIENTED_EDGE ( 'NONE', *, *, #360, .F. ) ;
#929 = AXIS2_PLACEMENT_3D ( 'NONE', #2459, #2730, #3271 ) ;
#930 = EDGE_LOOP ( 'NONE', ( #909, #106, #2019, #1691, #1229, #1994 ) ) ;
#931 = VECTOR ( 'NONE', #229, 1000.000000000000000 ) ;
#932 = CARTESIAN_POINT ( 'NONE',  ( -158.5000000000000000, 145.5999999999999659, 835.3461819978975882 ) ) ;
#933 = CARTESIAN_POINT ( 'NONE',  ( 92.06277064537837873, 338.2971508223149613, 94.96271914363811106 ) ) ;
#934 = VERTEX_POINT ( 'NONE', #528 ) ;
#935 = VECTOR ( 'NONE', #2445, 1000.000000000000000 ) ;
#936 = EDGE_LOOP ( 'NONE', ( #3006, #2803, #923, #2462, #1681, #2371, #2099, #1340, #2805 ) ) ;
#937 = CARTESIAN_POINT ( 'NONE',  ( 326.7515822312364548, 119.0999999999999943, -108.6326314399140784 ) ) ;
#938 = CARTESIAN_POINT ( 'NONE',  ( 101.5594728001069171, 340.7888663314070072, -90.46024451394463028 ) ) ;
#939 = ORIENTED_EDGE ( 'NONE', *, *, #2152, .F. ) ;
#940 = ORIENTED_EDGE ( 'NONE', *, *, #1211, .F. ) ;
#941 = DIRECTION ( 'NONE',  ( 0.000000000000000000, 0.000000000000000000, -1.000000000000000000 ) ) ;
#942 = CARTESIAN_POINT ( 'NONE',  ( 457.4999999999999432, 123.5999999999999943, -114.9999999999999574 ) ) ;
#943 = FACE_OUTER_BOUND ( 'NONE', #73, .T. ) ;
#944 = ORIENTED_EDGE ( 'NONE', *, *, #302, .T. ) ;
#945 = CARTESIAN_POINT ( 'NONE',  ( -457.4999999999999432, 60.59999999999998010, 103.0000000000000853 ) ) ;
#946 = CARTESIAN_POINT ( 'NONE',  ( 95.05546578363949095, 342.6603250769466058, 98.97168914898702496 ) ) ;
#947 = CC_DESIGN_PERSON_AND_ORGANIZATION_ASSIGNMENT ( #526, #494, ( #2446 ) ) ;
#948 = DIRECTION ( 'NONE',  ( 0.000000000000000000, 0.000000000000000000, -1.000000000000000000 ) ) ;
#949 = DIRECTION ( 'NONE',  ( -1.000000000000000000, 0.000000000000000000, 0.000000000000000000 ) ) ;
#950 = EDGE_CURVE ( 'NONE', #2934, #1314, #1004, .T. ) ;
#951 = ADVANCED_FACE ( 'NONE', ( #1774 ), #478, .F. ) ;
#952 = EDGE_LOOP ( 'NONE', ( #895, #793, #2901, #2751 ) ) ;
#953 = CARTESIAN_POINT ( 'NONE',  ( 323.9388023524817868, 119.0999999999999659, -109.8322457671435615 ) ) ;
#954 = CARTESIAN_POINT ( 'NONE',  ( 85.59444864546009057, 345.1473172275486831, -102.8733290969831842 ) ) ;
#955 = DIRECTION ( 'NONE',  ( -1.000000000000000000, 0.000000000000000000, -0.000000000000000000 ) ) ;
#956 = CARTESIAN_POINT ( 'NONE',  ( 97.88171266805196069, 336.6593720041850020, -84.94226849538468116 ) ) ;
#957 = CARTESIAN_POINT ( 'NONE',  ( 342.5360971204257226, 60.60000000000011511, 108.5770478003011732 ) ) ;
#958 = EDGE_CURVE ( 'NONE', #3281, #2109, #1613, .T. ) ;
#959 = DIRECTION ( 'NONE',  ( 1.000000000000000000, 0.000000000000000000, 0.000000000000000000 ) ) ;
#960 = EDGE_CURVE ( 'NONE', #1354, #643, #2350, .T. ) ;
#961 = DIRECTION ( 'NONE',  ( -1.000000000000000000, 0.000000000000000000, 0.000000000000000000 ) ) ;
#962 = CYLINDRICAL_SURFACE ( 'NONE', #873, 20.00000000000000355 ) ;
#963 = CARTESIAN_POINT ( 'NONE',  ( 90.84871386817009409, 338.6252349464535314, 95.79204859376652337 ) ) ;
#964 = ORIENTED_EDGE ( 'NONE', *, *, #531, .F. ) ;
#965 = CARTESIAN_POINT ( 'NONE',  ( 329.7507391955324465, 119.1000000000000085, -103.4752673103842397 ) ) ;
#966 = CARTESIAN_POINT ( 'NONE',  ( 0.000000000000000000, 0.000000000000000000, -111.0000000000000426 ) ) ;
#967 = VECTOR ( 'NONE', #462, 1000.000000000000000 ) ;
#968 = ORIENTED_EDGE ( 'NONE', *, *, #2132, .F. ) ;
#969 = ORIENTED_EDGE ( 'NONE', *, *, #51, .F. ) ;
#970 = VERTEX_POINT ( 'NONE', #1053 ) ;
#971 = AXIS2_PLACEMENT_3D ( 'NONE', #172, #955, #157 ) ;
#972 = CARTESIAN_POINT ( 'NONE',  ( 0.000000000000000000, 0.000000000000000000, 103.0000000000000426 ) ) ;
#973 = CARTESIAN_POINT ( 'NONE',  ( -457.4999999999999432, 119.0999999999999801, 83.00000000000008527 ) ) ;
#974 = CARTESIAN_POINT ( 'NONE',  ( 102.9999999999999858, 340.3562251524129465, 83.00000000000001421 ) ) ;
#975 = CARTESIAN_POINT ( 'NONE',  ( -90.70436442098009877, 338.6639407484916546, 95.87907908029922055 ) ) ;
#976 = PLANE ( 'NONE',  #2056 ) ;
#977 = ADVANCED_FACE ( 'NONE', ( #3126 ), #1556, .F. ) ;
#978 = CIRCLE ( 'NONE', #1732, 355.6000000000000227 ) ;
#979 = VERTEX_POINT ( 'NONE', #2594 ) ;
#980 = ORIENTED_EDGE ( 'NONE', *, *, #2476, .T. ) ;
#981 = LINE ( 'NONE', #3065, #911 ) ;
#982 = DIRECTION ( 'NONE',  ( -1.816464372750583381E-16, -1.000000000000000000, 0.000000000000000000 ) ) ;
#983 = CC_DESIGN_APPROVAL ( #1337, ( #2337 ) ) ;
#984 = ORIENTED_EDGE ( 'NONE', *, *, #2630, .T. ) ;
#985 = ORIENTED_EDGE ( 'NONE', *, *, #2699, .T. ) ;
#986 = AXIS2_PLACEMENT_3D ( 'NONE', #1017, #2608, #511 ) ;
#987 = LINE ( 'NONE', #701, #809 ) ;
#988 = DIRECTION ( 'NONE',  ( -1.000000000000000000, 0.000000000000000000, 0.000000000000000000 ) ) ;
#989 = EDGE_CURVE ( 'NONE', #2748, #700, #2869, .T. ) ;
#990 = ORIENTED_EDGE ( 'NONE', *, *, #1512, .F. ) ;
#991 = ORIENTED_EDGE ( 'NONE', *, *, #503, .F. ) ;
#992 = CARTESIAN_POINT ( 'NONE',  ( 102.3298383615272797, 340.5584269431953999, 88.30568418164733657 ) ) ;
#993 = VERTEX_POINT ( 'NONE', #30 ) ;
#994 = CARTESIAN_POINT ( 'NONE',  ( -96.63570322697366066, 337.0191989600510851, -89.26985091237467884 ) ) ;
#995 = CARTESIAN_POINT ( 'NONE',  ( 198.4999999999999432, 139.1000000000000227, -111.0000000000000284 ) ) ;
#996 = DIRECTION ( 'NONE',  ( 0.000000000000000000, 1.000000000000000000, 0.000000000000000000 ) ) ;
#997 = EDGE_CURVE ( 'NONE', #550, #62, #2801, .T. ) ;
#998 = VERTEX_POINT ( 'NONE', #2026 ) ;
#999 = VERTEX_POINT ( 'NONE', #1795 ) ;
#1000 = DIRECTION ( 'NONE',  ( -1.000000000000000000, 0.000000000000000000, -4.948533979758262294E-16 ) ) ;
#1001 = CARTESIAN_POINT ( 'NONE',  ( -329.7507391955323897, 119.1000000000000369, -103.2365440283081597 ) ) ;
#1002 = CALENDAR_DATE ( 2025, 7, 9 ) ;
#1003 = VERTEX_POINT ( 'NONE', #498 ) ;
#1004 = LINE ( 'NONE', #1020, #1833 ) ;
#1005 = DIRECTION ( 'NONE',  ( -1.000000000000000000, 0.000000000000000000, 0.000000000000000000 ) ) ;
#1006 = CARTESIAN_POINT ( 'NONE',  ( -457.4999999999999432, 123.5999999999999943, 98.50000000000008527 ) ) ;
#1007 = EDGE_LOOP ( 'NONE', ( #2861, #1346, #2372, #2954, #1816, #329, #3151, #146, #733, #2670, #2218, #1259 ) ) ;
#1008 = EDGE_CURVE ( 'NONE', #3060, #544, #2836, .T. ) ;
#1009 = CARTESIAN_POINT ( 'NONE',  ( -341.3452842330576118, 60.60000000000000853, 109.3011676419734783 ) ) ;
#1010 = DIRECTION ( 'NONE',  ( 0.000000000000000000, 0.000000000000000000, -1.000000000000000000 ) ) ;
#1011 = ORIENTED_EDGE ( 'NONE', *, *, #989, .F. ) ;
#1012 = CARTESIAN_POINT ( 'NONE',  ( -83.48502492371520134, 340.5155794230995525, -97.99999999999994316 ) ) ;
#1013 = DIRECTION ( 'NONE',  ( 1.000000000000000000, 0.000000000000000000, 0.000000000000000000 ) ) ;
#1014 = CARTESIAN_POINT ( 'NONE',  ( 457.4999999999999432, 123.5999999999999943, -94.99999999999994316 ) ) ;
#1015 = ORIENTED_EDGE ( 'NONE', *, *, #1512, .T. ) ;
#1016 = LINE ( 'NONE', #782, #1671 ) ;
#1017 = CARTESIAN_POINT ( 'NONE',  ( -357.8999999999999204, 60.59999999999998721, -173.6652367249975555 ) ) ;
#1018 = CALENDAR_DATE ( 2025, 7, 9 ) ;
#1019 = ORIENTED_EDGE ( 'NONE', *, *, #3275, .F. ) ;
#1020 = CARTESIAN_POINT ( 'NONE',  ( 82.99999999999997158, 60.59799999999998477, -102.9999999999999858 ) ) ;
#1021 = CARTESIAN_POINT ( 'NONE',  ( -323.8202333589024988, 123.5999999999999659, -114.6417339542001912 ) ) ;
#1022 = EDGE_CURVE ( 'NONE', #998, #2957, #2919, .T. ) ;
#1023 = ORIENTED_EDGE ( 'NONE', *, *, #1177, .T. ) ;
#1024 = LINE ( 'NONE', #534, #1253 ) ;
#1025 = CIRCLE ( 'NONE', #1186, 355.6000000000000227 ) ;
#1026 = CARTESIAN_POINT ( 'NONE',  ( -457.4999999999999432, 123.5999999999999943, -114.9999999999999574 ) ) ;
#1027 = ADVANCED_FACE ( 'NONE', ( #1572 ), #2806, .T. ) ;
#1028 = CARTESIAN_POINT ( 'NONE',  ( -89.12190839099410766, 339.0838585857193834, -96.70255446623210105 ) ) ;
#1029 = CARTESIAN_POINT ( 'NONE',  ( 82.99999999999997158, 60.59799999999998477, 82.99999999999997158 ) ) ;
#1030 = DIRECTION ( 'NONE',  ( 1.000000000000000000, -0.000000000000000000, 0.000000000000000000 ) ) ;
#1031 = LINE ( 'NONE', #730, #2375 ) ;
#1032 = AXIS2_PLACEMENT_3D ( 'NONE', #2388, #55, #1585 ) ;
#1033 = DIRECTION ( 'NONE',  ( -0.000000000000000000, -0.000000000000000000, 1.000000000000000000 ) ) ;
#1034 = PERSON_AND_ORGANIZATION ( #378, #876 ) ;
#1035 = CARTESIAN_POINT ( 'NONE',  ( 345.3230371695464669, 60.60000000000012932, 103.4658544494935768 ) ) ;
#1036 = VECTOR ( 'NONE', #1241, 1000.000000000000000 ) ;
#1037 = VECTOR ( 'NONE', #3219, 1000.000000000000000 ) ;
#1038 = VERTEX_POINT ( 'NONE', #1325 ) ;
#1039 = CARTESIAN_POINT ( 'NONE',  ( 0.000000000000000000, 0.000000000000000000, -103.0000000000000426 ) ) ;
#1040 = DIRECTION ( 'NONE',  ( 1.000000000000000000, -3.469446951953611231E-16, 0.000000000000000000 ) ) ;
#1041 = AXIS2_PLACEMENT_3D ( 'NONE', #1876, #379, #559 ) ;
#1042 = ORIENTED_EDGE ( 'NONE', *, *, #1268, .F. ) ;
#1043 = CARTESIAN_POINT ( 'NONE',  ( -342.8903013005360094, 60.60000000000001563, 108.2925072912238278 ) ) ;
#1044 = DIRECTION ( 'NONE',  ( -1.000000000000000000, 0.000000000000000000, 0.000000000000000000 ) ) ;
#1045 = ORIENTED_EDGE ( 'NONE', *, *, #1547, .T. ) ;
#1046 = CARTESIAN_POINT ( 'NONE',  ( -97.81008292551487671, 336.6802006633255928, 85.42949088522566115 ) ) ;
#1047 = DIRECTION ( 'NONE',  ( -1.000000000000000000, 0.000000000000000000, 0.000000000000000000 ) ) ;
#1048 = ORIENTED_EDGE ( 'NONE', *, *, #1051, .F. ) ;
#1049 = FACE_OUTER_BOUND ( 'NONE', #3300, .T. ) ;
#1050 = CARTESIAN_POINT ( 'NONE',  ( -324.1723203279185554, 119.0999999999999801, -109.7792211020071989 ) ) ;
#1051 = EDGE_CURVE ( 'NONE', #2538, #1314, #1348, .T. ) ;
#1052 = ORIENTED_EDGE ( 'NONE', *, *, #2103, .F. ) ;
#1053 = CARTESIAN_POINT ( 'NONE',  ( -357.8999999999999204, 60.59999999999998721, 57.00000000000016342 ) ) ;
#1054 = EDGE_CURVE ( 'NONE', #3351, #813, #2545, .T. ) ;
#1055 = CARTESIAN_POINT ( 'NONE',  ( -322.2260967320258942, 123.6000000000000085, -114.9096183224603749 ) ) ;
#1056 = CARTESIAN_POINT ( 'NONE',  ( 178.4999999999999716, 139.0999999999999943, 835.3461819978975882 ) ) ;
#1057 = CARTESIAN_POINT ( 'NONE',  ( -357.8999999999999204, 60.59999999999998721, -173.6652367249975555 ) ) ;
#1058 = CARTESIAN_POINT ( 'NONE',  ( 332.9698685586857891, 123.6000000000000085, -106.2083512126010021 ) ) ;
#1059 = ORIENTED_EDGE ( 'NONE', *, *, #2794, .F. ) ;
#1060 = CARTESIAN_POINT ( 'NONE',  ( 470.0000000000000000, 60.59999999999998010, 835.3461819978975882 ) ) ;
#1061 = EDGE_CURVE ( 'NONE', #1599, #354, #749, .T. ) ;
#1062 = ORIENTED_EDGE ( 'NONE', *, *, #1725, .F. ) ;
#1063 = VERTEX_POINT ( 'NONE', #2562 ) ;
#1064 = VERTEX_POINT ( 'NONE', #6 ) ;
#1065 = CARTESIAN_POINT ( 'NONE',  ( -83.25012798892660726, 339.4911809889229062, 99.24791505386315293 ) ) ;
#1066 = CARTESIAN_POINT ( 'NONE',  ( -327.6618434979372978, 119.0999999999999659, -107.8673236776051425 ) ) ;
#1067 = APPROVAL_DATE_TIME ( #2, #353 ) ;
#1068 = VERTEX_POINT ( 'NONE', #3105 ) ;
#1069 = DIRECTION ( 'NONE',  ( 1.816464372750583874E-16, -1.000000000000000000, 0.000000000000000000 ) ) ;
#1070 = DIRECTION ( 'NONE',  ( -0.000000000000000000, 1.000000000000000000, 0.000000000000000000 ) ) ;
#1071 = CYLINDRICAL_SURFACE ( 'NONE', #720, 19.99999999999998934 ) ;
#1072 = EDGE_LOOP ( 'NONE', ( #3159, #3296, #2524, #2520, #1660, #3307, #1730, #3067 ) ) ;
#1073 = ORIENTED_EDGE ( 'NONE', *, *, #3343, .F. ) ;
#1074 = CARTESIAN_POINT ( 'NONE',  ( 178.5000000000000000, 119.1000000000000085, 835.3461819978975882 ) ) ;
#1075 = AXIS2_PLACEMENT_3D ( 'NONE', #2641, #3139, #333 ) ;
#1076 = CARTESIAN_POINT ( 'NONE',  ( 345.6225622610689356, 60.60000000000014353, 112.5605458564590293 ) ) ;
#1077 = VECTOR ( 'NONE', #2311, 1000.000000000000000 ) ;
#1078 = CARTESIAN_POINT ( 'NONE',  ( 477.5000000000005116, 60.60000000000015064, 98.50000000000002842 ) ) ;
#1079 = ORIENTED_EDGE ( 'NONE', *, *, #2544, .T. ) ;
#1080 = VERTEX_POINT ( 'NONE', #787 ) ;
#1081 = EDGE_CURVE ( 'NONE', #2322, #218, #1810, .T. ) ;
#1082 = LINE ( 'NONE', #588, #2817 ) ;
#1083 = DIRECTION ( 'NONE',  ( 1.000000000000000000, 1.816464372750583874E-16, 0.000000000000000000 ) ) ;
#1084 = VERTEX_POINT ( 'NONE', #1139 ) ;
#1085 = DIRECTION ( 'NONE',  ( 0.000000000000000000, 0.000000000000000000, -1.000000000000000000 ) ) ;
#1086 = CARTESIAN_POINT ( 'NONE',  ( -349.9983184208834928, 60.60000000000002274, 106.1529262974649868 ) ) ;
#1087 = CIRCLE ( 'NONE', #1461, 355.6000000000000227 ) ;
#1088 = ORIENTED_EDGE ( 'NONE', *, *, #1449, .T. ) ;
#1089 = EDGE_CURVE ( 'NONE', #723, #587, #2623, .T. ) ;
#1090 = VECTOR ( 'NONE', #647, 1000.000000000000000 ) ;
#1091 = CIRCLE ( 'NONE', #2505, 15.50000000000001421 ) ;
#1092 = CARTESIAN_POINT ( 'NONE',  ( 470.0000000000000000, 60.59999999999998010, -110.6124949959956751 ) ) ;
#1093 = CARTESIAN_POINT ( 'NONE',  ( 331.6246537694366339, 123.6000000000000369, -109.1544019683125839 ) ) ;
#1094 = ADVANCED_FACE ( 'NONE', ( #3157 ), #1882, .T. ) ;
#1095 = VECTOR ( 'NONE', #1635, 1000.000000000000000 ) ;
#1096 = AXIS2_PLACEMENT_3D ( 'NONE', #2192, #637, #1380 ) ;
#1097 = AXIS2_PLACEMENT_3D ( 'NONE', #760, #305, #1282 ) ;
#1098 = FACE_OUTER_BOUND ( 'NONE', #561, .T. ) ;
#1099 = ORIENTED_EDGE ( 'NONE', *, *, #2401, .F. ) ;
#1100 = VERTEX_POINT ( 'NONE', #320 ) ;
#1101 = LINE ( 'NONE', #575, #2758 ) ;
#1102 = ADVANCED_FACE ( 'NONE', ( #2659 ), #2940, .T. ) ;
#1103 = CARTESIAN_POINT ( 'NONE',  ( 477.5000000000000000, 60.60000000000015064, 1178.427485982952930 ) ) ;
#1104 = CARTESIAN_POINT ( 'NONE',  ( 344.5942123301294941, 60.60000000000014353, 106.1219711441375608 ) ) ;
#1105 = ORIENTED_EDGE ( 'NONE', *, *, #2760, .F. ) ;
#1106 = CARTESIAN_POINT ( 'NONE',  ( -102.4727363563993947, 340.5153697503221224, 87.60980460999724073 ) ) ;
#1107 = CARTESIAN_POINT ( 'NONE',  ( -350.3983447449488153, 60.59999999999998721, 103.0000000000000426 ) ) ;
#1108 = ORIENTED_EDGE ( 'NONE', *, *, #1129, .F. ) ;
#1109 = DIRECTION ( 'NONE',  ( 0.000000000000000000, 1.000000000000000000, 0.000000000000000000 ) ) ;
#1110 = CARTESIAN_POINT ( 'NONE',  ( -89.34962169427963374, 344.1924100852612014, -101.9763328949002101 ) ) ;
#1111 = LINE ( 'NONE', #101, #719 ) ;
#1112 = DIRECTION ( 'NONE',  ( 0.000000000000000000, 0.000000000000000000, -1.000000000000000000 ) ) ;
#1113 = EDGE_LOOP ( 'NONE', ( #1538, #2279, #432, #3064 ) ) ;
#1114 = DIRECTION ( 'NONE',  ( 1.000000000000000000, -0.000000000000000000, -0.000000000000000000 ) ) ;
#1115 = DIRECTION ( 'NONE',  ( 0.000000000000000000, 1.000000000000000000, 0.000000000000000000 ) ) ;
#1116 = DIRECTION ( 'NONE',  ( 1.000000000000000000, 1.816464372750583874E-16, 0.000000000000000000 ) ) ;
#1117 = EDGE_LOOP ( 'NONE', ( #29, #2986, #1927, #1745 ) ) ;
#1118 = CARTESIAN_POINT ( 'NONE',  ( -285.6000000000000227, -1.994334140747197672E-12, 110.0000000000000142 ) ) ;
#1119 = PLANE ( 'NONE',  #1146 ) ;
#1120 = CARTESIAN_POINT ( 'NONE',  ( 338.6794928904776043, 60.60000000000015064, 110.0000000000000995 ) ) ;
#1121 = ORIENTED_EDGE ( 'NONE', *, *, #1749, .F. ) ;
#1122 = CARTESIAN_POINT ( 'NONE',  ( -470.0000000000000000, 119.1000000000000085, 835.3461819978975882 ) ) ;
#1123 = CARTESIAN_POINT ( 'NONE',  ( -102.8318517246107007, 340.4070727715892986, -85.67307779490332109 ) ) ;
#1124 = ADVANCED_FACE ( 'NONE', ( #2378 ), #886, .F. ) ;
#1125 = DIRECTION ( 'NONE',  ( -1.816464372750583381E-16, 1.000000000000000000, -0.000000000000000000 ) ) ;
#1126 = DIRECTION ( 'NONE',  ( 1.000000000000000000, -0.000000000000000000, 0.000000000000000000 ) ) ;
#1127 = CARTESIAN_POINT ( 'NONE',  ( -82.99999999999997158, 365.5999999999999659, 82.99999999999997158 ) ) ;
#1128 = CARTESIAN_POINT ( 'NONE',  ( 353.4999999999999432, 60.59999999999998721, -173.6652367249975555 ) ) ;
#1129 = EDGE_CURVE ( 'NONE', #2120, #1298, #536, .T. ) ;
#1130 = VECTOR ( 'NONE', #1879, 1000.000000000000000 ) ;
#1131 = ADVANCED_FACE ( 'NONE', ( #351 ), #850, .T. ) ;
#1132 = ORIENTED_EDGE ( 'NONE', *, *, #328, .T. ) ;
#1133 = CIRCLE ( 'NONE', #971, 6.349999999999994316 ) ;
#1134 = DIRECTION ( 'NONE',  ( -1.000000000000000000, -1.816464372750583874E-16, 0.000000000000000000 ) ) ;
#1135 = FACE_OUTER_BOUND ( 'NONE', #952, .T. ) ;
#1136 = VECTOR ( 'NONE', #3301, 1000.000000000000000 ) ;
#1137 = VERTEX_POINT ( 'NONE', #618 ) ;
#1138 = VERTEX_POINT ( 'NONE', #1376 ) ;
#1139 = CARTESIAN_POINT ( 'NONE',  ( -102.9999999999999858, 365.5999999999999659, 82.99999999999995737 ) ) ;
#1140 = CARTESIAN_POINT ( 'NONE',  ( 83.25012798892660726, 339.4911809889229062, -99.24791505386315293 ) ) ;
#1141 = EDGE_LOOP ( 'NONE', ( #3096, #1062, #2355, #2453 ) ) ;
#1142 = VERTEX_POINT ( 'NONE', #2690 ) ;
#1143 = DIRECTION ( 'NONE',  ( 0.000000000000000000, 0.000000000000000000, -1.000000000000000000 ) ) ;
#1144 = CARTESIAN_POINT ( 'NONE',  ( -431.0114902050286787, 30.94999999999997087, 69.69999999999987494 ) ) ;
#1145 = CIRCLE ( 'NONE', #1569, 20.00000000000001776 ) ;
#1146 = AXIS2_PLACEMENT_3D ( 'NONE', #1607, #1409, #2188 ) ;
#1147 = CARTESIAN_POINT ( 'NONE',  ( -97.99999999999997158, 60.59799999999998477, -82.99999999999997158 ) ) ;
#1148 = ORIENTED_EDGE ( 'NONE', *, *, #3154, .F. ) ;
#1149 = ORIENTED_EDGE ( 'NONE', *, *, #531, .T. ) ;
#1150 = LINE ( 'NONE', #2702, #3299 ) ;
#1151 = CARTESIAN_POINT ( 'NONE',  ( 0.000000000000000000, 0.000000000000000000, 103.0000000000000426 ) ) ;
#1152 = ORIENTED_EDGE ( 'NONE', *, *, #1416, .F. ) ;
#1153 = CARTESIAN_POINT ( 'NONE',  ( 457.4999999999999432, 119.0999999999999801, 83.00000000000008527 ) ) ;
#1154 = EDGE_CURVE ( 'NONE', #631, #214, #2411, .T. ) ;
#1155 = CARTESIAN_POINT ( 'NONE',  ( -99.18316250991620109, 341.4882256316594180, 94.77022199575119998 ) ) ;
#1156 = LINE ( 'NONE', #634, #2341 ) ;
#1157 = EDGE_CURVE ( 'NONE', #2495, #1878, #1194, .T. ) ;
#1158 = ORIENTED_EDGE ( 'NONE', *, *, #2745, .T. ) ;
#1159 = ORIENTED_EDGE ( 'NONE', *, *, #422, .T. ) ;
#1160 = ADVANCED_FACE ( 'NONE', ( #1205 ), #1996, .T. ) ;
#1161 = CARTESIAN_POINT ( 'NONE',  ( 294.7795786685366011, 60.60000000000012221, 115.0000000000000142 ) ) ;
#1162 = CARTESIAN_POINT ( 'NONE',  ( -198.4999999999999432, 139.1000000000000227, 835.3461819978975882 ) ) ;
#1163 = CARTESIAN_POINT ( 'NONE',  ( -431.0114902050286787, 90.25000000000000000, -92.99999999999997158 ) ) ;
#1164 = CARTESIAN_POINT ( 'NONE',  ( -82.99999999999997158, 60.59799999999998477, -97.99999999999997158 ) ) ;
#1165 = VERTEX_POINT ( 'NONE', #2990 ) ;
#1166 = ORIENTED_EDGE ( 'NONE', *, *, #997, .T. ) ;
#1167 = CARTESIAN_POINT ( 'NONE',  ( -457.4999999999999432, 123.5999999999999943, 83.00000000000008527 ) ) ;
#1168 = DIRECTION ( 'NONE',  ( 0.000000000000000000, 1.000000000000000000, 0.000000000000000000 ) ) ;
#1169 = EDGE_CURVE ( 'NONE', #1080, #2612, #1669, .T. ) ;
#1170 = ORIENTED_EDGE ( 'NONE', *, *, #2034, .T. ) ;
#1171 = CARTESIAN_POINT ( 'NONE',  ( -353.4999999999999432, 60.59999999999998721, -173.6652367249975555 ) ) ;
#1172 = CARTESIAN_POINT ( 'NONE',  ( 294.7795786685366011, 80.60000000000009379, 348.6326111661829259 ) ) ;
#1173 = ORIENTED_EDGE ( 'NONE', *, *, #2614, .F. ) ;
#1174 = ORIENTED_EDGE ( 'NONE', *, *, #2830, .F. ) ;
#1175 = DIRECTION ( 'NONE',  ( 0.000000000000000000, 0.000000000000000000, 1.000000000000000000 ) ) ;
#1176 = CARTESIAN_POINT ( 'NONE',  ( -98.79288176941459199, 341.6019897901874742, -95.34140430013405876 ) ) ;
#1177 = EDGE_CURVE ( 'NONE', #1138, #2934, #3026, .T. ) ;
#1178 = DIRECTION ( 'NONE',  ( -0.000000000000000000, -0.000000000000000000, 1.000000000000000000 ) ) ;
#1179 = CARTESIAN_POINT ( 'NONE',  ( 89.34962169427963374, 344.1924100852612014, 101.9763328949002386 ) ) ;
#1180 = ORIENTED_EDGE ( 'NONE', *, *, #1294, .T. ) ;
#1181 = FACE_OUTER_BOUND ( 'NONE', #2763, .T. ) ;
#1182 = AXIS2_PLACEMENT_3D ( 'NONE', #3333, #546, #2579 ) ;
#1183 = CARTESIAN_POINT ( 'NONE',  ( 97.90164559354467144, 336.6536350924288854, 84.98461163142079045 ) ) ;
#1184 = ORIENTED_EDGE ( 'NONE', *, *, #1195, .F. ) ;
#1185 = DIRECTION ( 'NONE',  ( -0.000000000000000000, -0.000000000000000000, 1.000000000000000000 ) ) ;
#1186 = AXIS2_PLACEMENT_3D ( 'NONE', #972, #1974, #1958 ) ;
#1187 = CARTESIAN_POINT ( 'NONE',  ( 98.78349944048162001, 341.6041152229532258, -95.30089835884494676 ) ) ;
#1188 = ORIENTED_EDGE ( 'NONE', *, *, #1616, .F. ) ;
#1189 = DIRECTION ( 'NONE',  ( 1.816464372750583381E-16, -1.000000000000000000, 0.000000000000000000 ) ) ;
#1190 = LINE ( 'NONE', #1987, #2866 ) ;
#1191 = CARTESIAN_POINT ( 'NONE',  ( 90.70436442098011298, 338.6639407484917683, -95.87907908029922055 ) ) ;
#1192 = LINE ( 'NONE', #639, #2004 ) ;
#1193 = CC_DESIGN_PERSON_AND_ORGANIZATION_ASSIGNMENT ( #1034, #1825, ( #1793 ) ) ;
#1194 = B_SPLINE_CURVE_WITH_KNOTS ( 'NONE', 3,
 ( #82, #2955, #1869, #1106, #2134, #2440, #59, #3169, #1342, #835, #596, #1155, #95, #2116, #136, #2150, #1661, #1390, #2676, #3184, #865, #370, #2425, #113, #1408, #1851, #565, #1591 ),
 .UNSPECIFIED., .F., .F.,
 ( 4, 2, 2, 2, 2, 2, 2, 2, 2, 2, 2, 2, 2, 4 ),
 ( 7.076311083754594627E-17, 0.003974072246832121083, 0.005961108370248137389, 0.006954626431956131664, 0.007948144493664125940, 0.01192221674049622274, 0.01390925286391227027, 0.01589628898732831433, 0.01788332511074436013, 0.01987036123416040592, 0.02384443348099249751, 0.02583146960440850515, 0.02781850572782451278, 0.03179257797465653151 ),
 .UNSPECIFIED. ) ;
#1195 = EDGE_CURVE ( 'NONE', #1142, #908, #3235, .T. ) ;
#1196 = AXIS2_PLACEMENT_3D ( 'NONE', #398, #2722, #961 ) ;
#1197 = EDGE_CURVE ( 'NONE', #2231, #54, #2970, .T. ) ;
#1198 = LINE ( 'NONE', #657, #3045 ) ;
#1199 = VECTOR ( 'NONE', #2691, 1000.000000000000000 ) ;
#1200 = FACE_OUTER_BOUND ( 'NONE', #1393, .T. ) ;
#1201 = CARTESIAN_POINT ( 'NONE',  ( 94.85790221325835603, 337.5243312340717807, 92.23999285091331046 ) ) ;
#1202 = VECTOR ( 'NONE', #3223, 1000.000000000000000 ) ;
#1203 = VERTEX_POINT ( 'NONE', #448 ) ;
#1204 = EDGE_CURVE ( 'NONE', #75, #658, #3007, .T. ) ;
#1205 = FACE_OUTER_BOUND ( 'NONE', #2247, .T. ) ;
#1206 = CYLINDRICAL_SURFACE ( 'NONE', #1905, 15.00000000000000000 ) ;
#1207 = ORIENTED_EDGE ( 'NONE', *, *, #1946, .F. ) ;
#1208 = CARTESIAN_POINT ( 'NONE',  ( -285.5999999999999091, 119.1000000000000085, -115.0000000000000284 ) ) ;
#1209 = CARTESIAN_POINT ( 'NONE',  ( 477.5000000000005116, 60.60000000000015064, 98.50000000000002842 ) ) ;
#1210 = DIRECTION ( 'NONE',  ( 1.000000000000000000, -1.816464372750583381E-16, 0.000000000000000000 ) ) ;
#1211 = EDGE_CURVE ( 'NONE', #587, #2335, #2236, .T. ) ;
#1212 = DIRECTION ( 'NONE',  ( 4.948533979758262294E-16, 8.988835671576540865E-32, 1.000000000000000000 ) ) ;
#1213 = VERTEX_POINT ( 'NONE', #2215 ) ;
#1214 = CARTESIAN_POINT ( 'NONE',  ( 477.4999999999994316, 60.60000000000015064, 98.49999999999958789 ) ) ;
#1215 = FACE_OUTER_BOUND ( 'NONE', #1284, .T. ) ;
#1216 = ORIENTED_EDGE ( 'NONE', *, *, #40, .T. ) ;
#1217 = CARTESIAN_POINT ( 'NONE',  ( 324.8544565916797069, 119.0999999999999659, -109.5799438386231088 ) ) ;
#1218 = CARTESIAN_POINT ( 'NONE',  ( 101.6806654853816525, 340.7527203015777104, -90.15147991645676484 ) ) ;
#1219 = EDGE_LOOP ( 'NONE', ( #3141, #740, #2129, #3328, #1757, #1488, #2726, #2007 ) ) ;
#1220 = CARTESIAN_POINT ( 'NONE',  ( 97.99999999999997158, 360.5999999999999659, 82.99999999999997158 ) ) ;
#1221 = DIRECTION ( 'NONE',  ( -0.000000000000000000, -0.000000000000000000, -1.000000000000000000 ) ) ;
#1222 = ORIENTED_EDGE ( 'NONE', *, *, #2504, .F. ) ;
#1223 = EDGE_CURVE ( 'NONE', #908, #197, #2458, .T. ) ;
#1224 = CARTESIAN_POINT ( 'NONE',  ( 178.4999999999999716, 139.0999999999999943, -115.0000000000000284 ) ) ;
#1225 = ORIENTED_EDGE ( 'NONE', *, *, #1651, .F. ) ;
#1226 = CARTESIAN_POINT ( 'NONE',  ( -97.99999999999997158, 336.6249545116939430, -82.99999999999997158 ) ) ;
#1227 = CARTESIAN_POINT ( 'NONE',  ( 86.84255238780232844, 339.6758524250806204, 97.53154767928373303 ) ) ;
#1228 = APPROVAL ( #3331, 'UNSPECIFIED' ) ;
#1229 = ORIENTED_EDGE ( 'NONE', *, *, #2123, .F. ) ;
#1230 = ORIENTED_EDGE ( 'NONE', *, *, #906, .F. ) ;
#1231 = LINE ( 'NONE', #2061, #1945 ) ;
#1232 = CARTESIAN_POINT ( 'NONE',  ( -320.5994385522220114, 123.6000000000000085, -115.0000000000000284 ) ) ;
#1233 = AXIS2_PLACEMENT_3D ( 'NONE', #1118, #3202, #1606 ) ;
#1234 = EDGE_LOOP ( 'NONE', ( #867, #1617, #2663, #2686 ) ) ;
#1235 = VECTOR ( 'NONE', #1539, 1000.000000000000000 ) ;
#1236 = DIRECTION ( 'NONE',  ( -1.000000000000000000, 0.000000000000000000, 0.000000000000000000 ) ) ;
#1237 = DIRECTION ( 'NONE',  ( 0.000000000000000000, 0.000000000000000000, -1.000000000000000000 ) ) ;
#1238 = EDGE_LOOP ( 'NONE', ( #497, #3047, #789, #2232 ) ) ;
#1239 = ORIENTED_EDGE ( 'NONE', *, *, #2021, .T. ) ;
#1240 = EDGE_CURVE ( 'NONE', #1899, #1213, #2736, .T. ) ;
#1241 = DIRECTION ( 'NONE',  ( 1.000000000000000000, -0.000000000000000000, -0.000000000000000000 ) ) ;
#1242 = DIRECTION ( 'NONE',  ( 0.000000000000000000, 0.000000000000000000, 1.000000000000000000 ) ) ;
#1243 = ORIENTED_EDGE ( 'NONE', *, *, #1620, .F. ) ;
#1244 = LINE ( 'NONE', #487, #602 ) ;
#1245 = DIRECTION ( 'NONE',  ( -0.000000000000000000, -0.000000000000000000, 1.000000000000000000 ) ) ;
#1246 = VECTOR ( 'NONE', #2130, 1000.000000000000000 ) ;
#1247 = VECTOR ( 'NONE', #2937, 1000.000000000000000 ) ;
#1248 = ORIENTED_EDGE ( 'NONE', *, *, #1725, .T. ) ;
#1249 = AXIS2_PLACEMENT_3D ( 'NONE', #1300, #24, #2080 ) ;
#1250 = CARTESIAN_POINT ( 'NONE',  ( -457.4999999999999432, 123.5999999999999943, 83.00000000000008527 ) ) ;
#1251 = CARTESIAN_POINT ( 'NONE',  ( -329.3487507903099072, 119.1000000000000085, -105.3180905290341229 ) ) ;
#1252 = CIRCLE ( 'NONE', #2502, 15.50000000000001421 ) ;
#1253 = VECTOR ( 'NONE', #3129, 1000.000000000000000 ) ;
#1254 = ADVANCED_FACE ( 'NONE', ( #2746 ), #434, .T. ) ;
#1255 = EDGE_CURVE ( 'NONE', #1926, #1137, #2201, .T. ) ;
#1256 = ORIENTED_EDGE ( 'NONE', *, *, #2008, .T. ) ;
#1257 = CARTESIAN_POINT ( 'NONE',  ( 102.9999999999999858, 60.59799999999998477, 82.99999999999997158 ) ) ;
#1258 = CARTESIAN_POINT ( 'NONE',  ( 85.38175167173011459, 340.0449248524188874, -97.81727333290176318 ) ) ;
#1259 = ORIENTED_EDGE ( 'NONE', *, *, #2717, .F. ) ;
#1260 = B_SPLINE_CURVE_WITH_KNOTS ( 'NONE', 3,
 ( #3227, #1435, #704, #1947, #2698, #1179, #2210, #677, #3246, #1703, #946, #125, #1979, #204, #2519, #2050, #271, #15, #772, #2566, #516, #3291, #992, #724, #468, #3338, #258, #974 ),
 .UNSPECIFIED., .F., .F.,
 ( 4, 2, 2, 2, 2, 2, 2, 2, 2, 2, 2, 2, 2, 4 ),
 ( 0.000000000000000000, 0.003974144014876353388, 0.005961216022314506230, 0.007948288029752659939, 0.01192243204462900205, 0.01390950405206720260, 0.01589657605950539968, 0.01987072007438171056, 0.02086425607810077007, 0.02185779208181983305, 0.02384486408925798676, 0.02781900810413435662, 0.02980608011157254503, 0.03179315211901073690 ),
 .UNSPECIFIED. ) ;
#1261 = CARTESIAN_POINT ( 'NONE',  ( -344.9516494579552841, 60.60000000000000853, 105.2797494183107716 ) ) ;
#1262 = DIRECTION ( 'NONE',  ( -0.000000000000000000, -0.000000000000000000, -1.000000000000000000 ) ) ;
#1263 = CARTESIAN_POINT ( 'NONE',  ( 349.6128484172123194, 60.60000000000014353, 107.2582271773710403 ) ) ;
#1264 = VERTEX_POINT ( 'NONE', #1456 ) ;
#1265 = CARTESIAN_POINT ( 'NONE',  ( -83.97460723834765872, 340.3951740345981420, -97.97621747538059367 ) ) ;
#1266 = CARTESIAN_POINT ( 'NONE',  ( -82.99999999999997158, 365.5999999999999659, -82.99999999999997158 ) ) ;
#1267 = ORIENTED_EDGE ( 'NONE', *, *, #699, .F. ) ;
#1268 = EDGE_CURVE ( 'NONE', #2957, #834, #2492, .T. ) ;
#1269 = DIRECTION ( 'NONE',  ( 0.000000000000000000, 0.000000000000000000, -1.000000000000000000 ) ) ;
#1270 = LINE ( 'NONE', #2307, #1780 ) ;
#1271 = COORDINATED_UNIVERSAL_TIME_OFFSET ( 10, 0, .AHEAD. ) ;
#1272 = ORIENTED_EDGE ( 'NONE', *, *, #1804, .T. ) ;
#1273 = DIRECTION ( 'NONE',  ( -1.000000000000000000, -1.816464372750583381E-16, 0.000000000000000000 ) ) ;
#1274 = DIRECTION ( 'NONE',  ( 0.000000000000000000, 0.000000000000000000, -1.000000000000000000 ) ) ;
#1275 = CARTESIAN_POINT ( 'NONE',  ( -340.4813438934966712, 60.60000000000000142, 109.6384704395380538 ) ) ;
#1276 = EDGE_CURVE ( 'NONE', #723, #1354, #182, .T. ) ;
#1277 = DIRECTION ( 'NONE',  ( -0.000000000000000000, 1.000000000000000000, 0.000000000000000000 ) ) ;
#1278 = CARTESIAN_POINT ( 'NONE',  ( -97.52427568756561982, 336.7631437880170324, 86.87418954617379541 ) ) ;
#1279 = CARTESIAN_POINT ( 'NONE',  ( -285.5999999999999091, 119.1000000000000085, -115.0000000000000284 ) ) ;
#1280 = ORIENTED_EDGE ( 'NONE', *, *, #774, .F. ) ;
#1281 = PLANE ( 'NONE',  #2534 ) ;
#1282 = DIRECTION ( 'NONE',  ( 0.000000000000000000, 0.000000000000000000, 1.000000000000000000 ) ) ;
#1283 = APPLICATION_PROTOCOL_DEFINITION ( 'international standard', 'config_control_design', 1994, #2310 ) ;
#1284 = EDGE_LOOP ( 'NONE', ( #5, #2626, #694, #1048 ) ) ;
#1285 = DIRECTION ( 'NONE',  ( -1.047380211910526482E-15, -1.000000000000000000, 0.000000000000000000 ) ) ;
#1286 = CARTESIAN_POINT ( 'NONE',  ( -330.9146416555495875, 123.6000000000000085, -110.1517688522602754 ) ) ;
#1287 = CIRCLE ( 'NONE', #3182, 350.6000000000000227 ) ;
#1288 = CYLINDRICAL_SURFACE ( 'NONE', #2228, 20.00000000000001776 ) ;
#1289 = EDGE_CURVE ( 'NONE', #1063, #2120, #524, .T. ) ;
#1290 = LINE ( 'NONE', #3088, #2287 ) ;
#1291 = EDGE_CURVE ( 'NONE', #1531, #1973, #2261, .T. ) ;
#1292 = ADVANCED_FACE ( 'NONE', ( #1049 ), #1550, .F. ) ;
#1293 = DIRECTION ( 'NONE',  ( 0.000000000000000000, 1.000000000000000000, 0.000000000000000000 ) ) ;
#1294 = EDGE_CURVE ( 'NONE', #64, #197, #3135, .T. ) ;
#1295 = LINE ( 'NONE', #2018, #2342 ) ;
#1296 = DIRECTION ( 'NONE',  ( -1.816464372750583381E-16, -1.000000000000000000, 0.000000000000000000 ) ) ;
#1297 = DIRECTION ( 'NONE',  ( -0.000000000000000000, -0.000000000000000000, -1.000000000000000000 ) ) ;
#1298 = VERTEX_POINT ( 'NONE', #279 ) ;
#1299 = ORIENTED_EDGE ( 'NONE', *, *, #2572, .T. ) ;
#1300 = CARTESIAN_POINT ( 'NONE',  ( 457.4999999999999432, 123.5999999999999943, 83.00000000000008527 ) ) ;
#1301 = CARTESIAN_POINT ( 'NONE',  ( 357.8999999999999204, 90.25000000000000000, 63.34999999999990905 ) ) ;
#1302 = AXIS2_PLACEMENT_3D ( 'NONE', #2488, #178, #680 ) ;
#1303 = DIRECTION ( 'NONE',  ( -0.000000000000000000, -0.000000000000000000, 1.000000000000000000 ) ) ;
#1304 = CARTESIAN_POINT ( 'NONE',  ( 345.1390434274663335, 60.60000000000012932, 104.5990580554937566 ) ) ;
#1305 = AXIS2_PLACEMENT_3D ( 'NONE', #3013, #2772, #1210 ) ;
#1306 = AXIS2_PLACEMENT_3D ( 'NONE', #1796, #321, #1854 ) ;
#1307 = ORIENTED_EDGE ( 'NONE', *, *, #1255, .F. ) ;
#1308 = CARTESIAN_POINT ( 'NONE',  ( -333.4282531520086650, 123.6000000000000085, 348.6326111661829259 ) ) ;
#1309 = CARTESIAN_POINT ( 'NONE',  ( -330.6544293388262759, 123.5999999999999801, -110.4692759962389914 ) ) ;
#1310 = LINE ( 'NONE', #1327, #1964 ) ;
#1311 = EDGE_CURVE ( 'NONE', #1314, #3257, #1016, .T. ) ;
#1312 = AXIS2_PLACEMENT_3D ( 'NONE', #2071, #1277, #2804 ) ;
#1313 = VECTOR ( 'NONE', #2658, 1000.000000000000000 ) ;
#1314 = VERTEX_POINT ( 'NONE', #2812 ) ;
#1315 = CARTESIAN_POINT ( 'NONE',  ( -345.3230371695465237, 60.60000000000000142, 103.0000000000000426 ) ) ;
#1316 = EDGE_CURVE ( 'NONE', #1973, #3220, #1566, .T. ) ;
#1317 = DIRECTION ( 'NONE',  ( -1.000000000000000000, -1.855700242409348360E-16, 4.948533979758262294E-16 ) ) ;
#1318 = CARTESIAN_POINT ( 'NONE',  ( 339.0120292646044504, 60.60000000000012932, 115.0000000000000426 ) ) ;
#1319 = ORIENTED_EDGE ( 'NONE', *, *, #2250, .F. ) ;
#1320 = PLANE ( 'NONE',  #1522 ) ;
#1321 = ORIENTED_EDGE ( 'NONE', *, *, #2640, .F. ) ;
#1322 = DIRECTION ( 'NONE',  ( 0.000000000000000000, 0.000000000000000000, -1.000000000000000000 ) ) ;
#1323 = CARTESIAN_POINT ( 'NONE',  ( -353.4999999999999432, 60.59999999999998721, -173.6652367249975555 ) ) ;
#1324 = APPROVAL_ROLE ( '' ) ;
#1325 = CARTESIAN_POINT ( 'NONE',  ( -357.8999999999999204, 90.25000000000000000, 57.00000000000004974 ) ) ;
#1326 = CARTESIAN_POINT ( 'NONE',  ( -333.2516267809041892, 123.6000000000000085, -105.0272920447715563 ) ) ;
#1327 = CARTESIAN_POINT ( 'NONE',  ( 477.5000000000000000, 60.60000000000015064, -80.30000000000003979 ) ) ;
#1328 = ORIENTED_EDGE ( 'NONE', *, *, #2297, .F. ) ;
#1329 = CARTESIAN_POINT ( 'NONE',  ( -178.4999999999999716, 145.5999999999999659, 835.3461819978975882 ) ) ;
#1330 = DIRECTION ( 'NONE',  ( 1.000000000000000000, 0.000000000000000000, 0.000000000000000000 ) ) ;
#1331 = ADVANCED_FACE ( 'NONE', ( #745 ), #490, .F. ) ;
#1332 = DIRECTION ( 'NONE',  ( 0.000000000000000000, 0.000000000000000000, 1.000000000000000000 ) ) ;
#1333 = EDGE_LOOP ( 'NONE', ( #1149, #303, #848, #1256, #2352, #1925 ) ) ;
#1334 = ORIENTED_EDGE ( 'NONE', *, *, #2034, .F. ) ;
#1335 = CARTESIAN_POINT ( 'NONE',  ( 0.000000000000000000, 0.000000000000000000, -102.9999999999999858 ) ) ;
#1336 = FACE_OUTER_BOUND ( 'NONE', #3228, .T. ) ;
#1337 = APPROVAL ( #1338, 'UNSPECIFIED' ) ;
#1338 = APPROVAL_STATUS ( 'not_yet_approved' ) ;
#1339 = ORIENTED_EDGE ( 'NONE', *, *, #145, .T. ) ;
#1340 = ORIENTED_EDGE ( 'NONE', *, *, #2158, .F. ) ;
#1341 = EDGE_CURVE ( 'NONE', #1068, #1764, #1399, .T. ) ;
#1342 = CARTESIAN_POINT ( 'NONE',  ( -101.5594728001069171, 340.7888663314070072, 90.46024451394463028 ) ) ;
#1343 = DIRECTION ( 'NONE',  ( 0.000000000000000000, 0.000000000000000000, -1.000000000000000000 ) ) ;
#1344 = EDGE_LOOP ( 'NONE', ( #2088, #209, #2185, #2543 ) ) ;
#1345 = EDGE_CURVE ( 'NONE', #2102, #643, #1231, .T. ) ;
#1346 = ORIENTED_EDGE ( 'NONE', *, *, #1787, .F. ) ;
#1347 = DIRECTION ( 'NONE',  ( 0.000000000000000000, 0.000000000000000000, -1.000000000000000000 ) ) ;
#1348 = CIRCLE ( 'NONE', #110, 20.00000000000000355 ) ;
#1349 = LINE ( 'NONE', #1366, #769 ) ;
#1350 = ADVANCED_FACE ( 'NONE', ( #1520 ), #2040, .F. ) ;
#1351 = AXIS2_PLACEMENT_3D ( 'NONE', #1479, #2204, #1175 ) ;
#1352 = DIRECTION ( 'NONE',  ( 0.000000000000000000, 0.000000000000000000, -1.000000000000000000 ) ) ;
#1353 = ORIENTED_EDGE ( 'NONE', *, *, #285, .T. ) ;
#1354 = VERTEX_POINT ( 'NONE', #1806 ) ;
#1355 = DIRECTION ( 'NONE',  ( -0.000000000000000000, -0.000000000000000000, 1.000000000000000000 ) ) ;
#1356 = CARTESIAN_POINT ( 'NONE',  ( 102.9999999999999858, 365.5999999999999659, -82.99999999999997158 ) ) ;
#1357 = ORIENTED_EDGE ( 'NONE', *, *, #1482, .F. ) ;
#1358 = ORIENTED_EDGE ( 'NONE', *, *, #2810, .T. ) ;
#1359 = VECTOR ( 'NONE', #429, 1000.000000000000000 ) ;
#1360 = DIRECTION ( 'NONE',  ( 1.000000000000000000, -0.000000000000000000, 0.000000000000000000 ) ) ;
#1361 = CARTESIAN_POINT ( 'NONE',  ( -350.3983447449489859, 60.60000000000002274, 103.7987487906999746 ) ) ;
#1362 = AXIS2_PLACEMENT_3D ( 'NONE', #1624, #1343, #1883 ) ;
#1363 = ORIENTED_EDGE ( 'NONE', *, *, #2206, .T. ) ;
#1364 = PLANE ( 'NONE',  #828 ) ;
#1365 = CARTESIAN_POINT ( 'NONE',  ( -85.38175167173011459, 340.0449248524188306, 97.81727333290173476 ) ) ;
#1366 = CARTESIAN_POINT ( 'NONE',  ( 82.99999999999997158, 60.59799999999998477, -97.99999999999997158 ) ) ;
#1367 = VECTOR ( 'NONE', #1398, 1000.000000000000000 ) ;
#1368 = CARTESIAN_POINT ( 'NONE',  ( -178.5000000000001137, -2.106508561442814362E-12, -115.0000000000000284 ) ) ;
#1369 = CARTESIAN_POINT ( 'NONE',  ( 477.5000000000000000, 60.60000000000015064, 1178.427485982952930 ) ) ;
#1370 = FACE_OUTER_BOUND ( 'NONE', #936, .T. ) ;
#1371 = ORIENTED_EDGE ( 'NONE', *, *, #3232, .T. ) ;
#1372 = ORIENTED_EDGE ( 'NONE', *, *, #2717, .T. ) ;
#1373 = CARTESIAN_POINT ( 'NONE',  ( 0.000000000000000000, 0.000000000000000000, 115.0000000000000142 ) ) ;
#1374 = PLANE ( 'NONE',  #1463 ) ;
#1375 = ADVANCED_FACE ( 'NONE', ( #2846 ), #1504, .F. ) ;
#1376 = CARTESIAN_POINT ( 'NONE',  ( 333.4282531520087218, 123.6000000000000085, -103.0000000000000426 ) ) ;
#1377 = CARTESIAN_POINT ( 'NONE',  ( -285.5999999999999091, 119.0999999999999801, -110.0000000000000284 ) ) ;
#1378 = EDGE_LOOP ( 'NONE', ( #2420, #469, #10, #1584 ) ) ;
#1379 = ADVANCED_FACE ( 'NONE', ( #3079 ), #1281, .F. ) ;
#1380 = DIRECTION ( 'NONE',  ( 0.000000000000000000, 0.000000000000000000, 1.000000000000000000 ) ) ;
#1381 = CARTESIAN_POINT ( 'NONE',  ( -88.10941713757526372, 344.5119746378755963, -102.3471641930488403 ) ) ;
#1382 = LINE ( 'NONE', #325, #344 ) ;
#1383 = DIRECTION ( 'NONE',  ( 1.000000000000000000, 1.816464372750583874E-16, 4.948533979758262294E-16 ) ) ;
#1384 = FACE_OUTER_BOUND ( 'NONE', #2711, .T. ) ;
#1385 = VERTEX_POINT ( 'NONE', #2863 ) ;
#1386 = ORIENTED_EDGE ( 'NONE', *, *, #2760, .T. ) ;
#1387 = DIRECTION ( 'NONE',  ( 1.000000000000000000, -0.000000000000000000, -0.000000000000000000 ) ) ;
#1388 = DIRECTION ( 'NONE',  ( -4.948533979758262294E-16, 8.988835671576540865E-32, 1.000000000000000000 ) ) ;
#1389 = CARTESIAN_POINT ( 'NONE',  ( -259.5814900951143613, 119.0999999999999801, 348.6326111661829259 ) ) ;
#1390 = CARTESIAN_POINT ( 'NONE',  ( -95.08171966031494549, 342.6530334035114720, 98.95161587136645664 ) ) ;
#1391 = CARTESIAN_POINT ( 'NONE',  ( -348.5378012336862525, 60.59999999999999432, 109.3868308749876945 ) ) ;
#1392 = ORIENTED_EDGE ( 'NONE', *, *, #883, .F. ) ;
#1393 = EDGE_LOOP ( 'NONE', ( #3292, #2473, #1152, #1108 ) ) ;
#1394 = LINE ( 'NONE', #3187, #76 ) ;
#1395 = FACE_OUTER_BOUND ( 'NONE', #1117, .T. ) ;
#1396 = DIRECTION ( 'NONE',  ( 1.000000000000000000, 0.000000000000000000, 0.000000000000000000 ) ) ;
#1397 = DIRECTION ( 'NONE',  ( 0.000000000000000000, 0.000000000000000000, -1.000000000000000000 ) ) ;
#1398 = DIRECTION ( 'NONE',  ( 0.000000000000000000, 1.000000000000000000, 0.000000000000000000 ) ) ;
#1399 = CIRCLE ( 'NONE', #3288, 6.349999999999855760 ) ;
#1400 = ORIENTED_EDGE ( 'NONE', *, *, #576, .T. ) ;
#1401 = VERTEX_POINT ( 'NONE', #2324 ) ;
#1402 = VECTOR ( 'NONE', #3318, 1000.000000000000000 ) ;
#1403 = EDGE_CURVE ( 'NONE', #1137, #2033, #1888, .T. ) ;
#1404 = FACE_OUTER_BOUND ( 'NONE', #1234, .T. ) ;
#1405 = LINE ( 'NONE', #79, #710 ) ;
#1406 = CARTESIAN_POINT ( 'NONE',  ( 343.9836810683175941, 60.60000000000013642, 107.0963767075164697 ) ) ;
#1407 = EDGE_CURVE ( 'NONE', #1599, #3306, #1031, .T. ) ;
#1408 = CARTESIAN_POINT ( 'NONE',  ( -87.50220855848067458, 344.6667282382531425, 102.4974411497682212 ) ) ;
#1409 = DIRECTION ( 'NONE',  ( -1.000000000000000000, 1.816464372750583381E-16, 0.000000000000000000 ) ) ;
#1410 = ORIENTED_EDGE ( 'NONE', *, *, #2791, .T. ) ;
#1411 = LINE ( 'NONE', #1872, #2553 ) ;
#1412 = AXIS2_PLACEMENT_3D ( 'NONE', #1006, #2028, #1494 ) ;
#1413 = CARTESIAN_POINT ( 'NONE',  ( 333.4282531520086650, 123.6000000000000085, 348.6326111661829259 ) ) ;
#1414 = AXIS2_PLACEMENT_3D ( 'NONE', #2112, #330, #1919 ) ;
#1415 = DIRECTION ( 'NONE',  ( 1.816464372750583381E-16, -1.000000000000000000, 0.000000000000000000 ) ) ;
#1416 = EDGE_CURVE ( 'NONE', #1298, #1764, #981, .T. ) ;
#1417 = CIRCLE ( 'NONE', #2175, 285.5999999999999659 ) ;
#1418 = DIRECTION ( 'NONE',  ( 0.000000000000000000, 0.000000000000000000, -1.000000000000000000 ) ) ;
#1419 = AXIS2_PLACEMENT_3D ( 'NONE', #1702, #2735, #3240 ) ;
#1420 = AXIS2_PLACEMENT_3D ( 'NONE', #1164, #1418, #2777 ) ;
#1421 = ORIENTED_EDGE ( 'NONE', *, *, #641, .T. ) ;
#1422 = VECTOR ( 'NONE', #3121, 1000.000000000000000 ) ;
#1423 = CARTESIAN_POINT ( 'NONE',  ( 329.7507391955323897, 119.0999999999999801, 98.49999999999987210 ) ) ;
#1424 = CARTESIAN_POINT ( 'NONE',  ( -357.8999999999999204, 90.25000000000000000, 63.34999999999990905 ) ) ;
#1425 = LINE ( 'NONE', #912, #2819 ) ;
#1426 = ORIENTED_EDGE ( 'NONE', *, *, #2132, .T. ) ;
#1427 = CARTESIAN_POINT ( 'NONE',  ( 323.2432719162791273, 119.0999999999999801, -109.9577557275823949 ) ) ;
#1428 = CARTESIAN_POINT ( 'NONE',  ( -102.9999999999999858, 60.59799999999998477, 82.99999999999995737 ) ) ;
#1429 = ORIENTED_EDGE ( 'NONE', *, *, #2413, .F. ) ;
#1430 = VERTEX_POINT ( 'NONE', #1769 ) ;
#1431 = DIRECTION ( 'NONE',  ( -0.000000000000000000, -0.000000000000000000, 1.000000000000000000 ) ) ;
#1432 = LINE ( 'NONE', #1413, #1956 ) ;
#1433 = DIRECTION ( 'NONE',  ( -1.000000000000000000, 0.000000000000000000, 0.000000000000000000 ) ) ;
#1434 = EDGE_CURVE ( 'NONE', #2073, #627, #3052, .T. ) ;
#1435 = CARTESIAN_POINT ( 'NONE',  ( 84.30666021633149398, 345.4642568770456137, 102.9999999999999858 ) ) ;
#1436 = ORIENTED_EDGE ( 'NONE', *, *, #1434, .F. ) ;
#1437 = DIRECTION ( 'NONE',  ( 1.000000000000000000, -1.855700242409348360E-16, 4.948533979758262294E-16 ) ) ;
#1438 = CARTESIAN_POINT ( 'NONE',  ( 97.18759055441456951, 336.8604393250470821, 87.89494565606817389 ) ) ;
#1439 = ORIENTED_EDGE ( 'NONE', *, *, #2787, .F. ) ;
#1440 = EDGE_CURVE ( 'NONE', #75, #744, #858, .T. ) ;
#1441 = DIRECTION ( 'NONE',  ( 1.816464372750583381E-16, -1.000000000000000000, 0.000000000000000000 ) ) ;
#1442 = CARTESIAN_POINT ( 'NONE',  ( 457.4999999999999432, 123.5999999999999943, -114.9999999999999574 ) ) ;
#1443 = VERTEX_POINT ( 'NONE', #612 ) ;
#1444 = EDGE_CURVE ( 'NONE', #1899, #2173, #1287, .T. ) ;
#1445 = CARTESIAN_POINT ( 'NONE',  ( 158.5000000000000000, 165.5999999999999943, 835.3461819978975882 ) ) ;
#1446 = DIRECTION ( 'NONE',  ( 0.000000000000000000, 0.000000000000000000, -1.000000000000000000 ) ) ;
#1447 = CARTESIAN_POINT ( 'NONE',  ( -158.5000000000000000, 165.5999999999999659, -114.9999999999997726 ) ) ;
#1448 = DIRECTION ( 'NONE',  ( -1.000000000000000000, 0.000000000000000000, -4.948533979758262294E-16 ) ) ;
#1449 = EDGE_CURVE ( 'NONE', #54, #1696, #2408, .T. ) ;
#1450 = ORIENTED_EDGE ( 'NONE', *, *, #1316, .F. ) ;
#1451 = LINE ( 'NONE', #2017, #8 ) ;
#1452 = VECTOR ( 'NONE', #1185, 1000.000000000000000 ) ;
#1453 = DIRECTION ( 'NONE',  ( 1.816464372750583874E-16, -1.000000000000000000, 0.000000000000000000 ) ) ;
#1454 = ORIENTED_EDGE ( 'NONE', *, *, #1977, .T. ) ;
#1455 = ORIENTED_EDGE ( 'NONE', *, *, #1822, .F. ) ;
#1456 = CARTESIAN_POINT ( 'NONE',  ( -97.99999999999997158, 360.5999999999999659, 83.00000000000001421 ) ) ;
#1457 = CARTESIAN_POINT ( 'NONE',  ( 84.30583929786845943, 345.4644539290588909, -102.9999999999999858 ) ) ;
#1458 = ORIENTED_EDGE ( 'NONE', *, *, #2891, .T. ) ;
#1459 = DIRECTION ( 'NONE',  ( 0.000000000000000000, 0.000000000000000000, -1.000000000000000000 ) ) ;
#1460 = CARTESIAN_POINT ( 'NONE',  ( 82.87565266493369620, 340.1234381693374758, 99.24999999999997158 ) ) ;
#1461 = AXIS2_PLACEMENT_3D ( 'NONE', #1335, #2421, #1618 ) ;
#1462 = FACE_OUTER_BOUND ( 'NONE', #1707, .T. ) ;
#1463 = AXIS2_PLACEMENT_3D ( 'NONE', #2953, #1658, #2131 ) ;
#1464 = VECTOR ( 'NONE', #1317, 1000.000000000000000 ) ;
#1465 = ORIENTED_EDGE ( 'NONE', *, *, #1832, .F. ) ;
#1466 = VERTEX_POINT ( 'NONE', #107 ) ;
#1467 = AXIS2_PLACEMENT_3D ( 'NONE', #1172, #2216, #2747 ) ;
#1468 = TOROIDAL_SURFACE ( 'NONE', #2774, 343.6000000000000227, 7.000000000000000000 ) ;
#1469 = AXIS2_PLACEMENT_3D ( 'NONE', #892, #2224, #1976 ) ;
#1470 = DIRECTION ( 'NONE',  ( 1.000000000000000000, -0.000000000000000000, -0.000000000000000000 ) ) ;
#1471 = LINE ( 'NONE', #2967, #2220 ) ;
#1472 = AXIS2_PLACEMENT_3D ( 'NONE', #1815, #1010, #1510 ) ;
#1473 = AXIS2_PLACEMENT_3D ( 'NONE', #3087, #569, #826 ) ;
#1474 = ORIENTED_EDGE ( 'NONE', *, *, #3070, .T. ) ;
#1475 = DIRECTION ( 'NONE',  ( -1.000000000000000000, -1.816464372750583381E-16, 4.948533979758262294E-16 ) ) ;
#1476 = DIRECTION ( 'NONE',  ( -1.816464372750583381E-16, -1.000000000000000000, 0.000000000000000000 ) ) ;
#1477 = ADVANCED_FACE ( 'NONE', ( #3153 ), #2634, .F. ) ;
#1478 = ORIENTED_EDGE ( 'NONE', *, *, #2617, .F. ) ;
#1479 = CARTESIAN_POINT ( 'NONE',  ( 82.99999999999997158, 365.5999999999999659, 82.99999999999997158 ) ) ;
#1480 = LINE ( 'NONE', #3025, #1901 ) ;
#1481 = VERTEX_POINT ( 'NONE', #2936 ) ;
#1482 = EDGE_CURVE ( 'NONE', #993, #2495, #91, .T. ) ;
#1483 = CARTESIAN_POINT ( 'NONE',  ( 158.5000000000000000, 145.5999999999999659, 835.3461819978975882 ) ) ;
#1484 = CARTESIAN_POINT ( 'NONE',  ( 350.3182634931314965, 60.60000000000011511, 104.5833784879197026 ) ) ;
#1485 = ORIENTED_EDGE ( 'NONE', *, *, #3, .F. ) ;
#1486 = CARTESIAN_POINT ( 'NONE',  ( -92.29219402431610320, 338.2353813369881550, 94.81375726149892103 ) ) ;
#1487 = CARTESIAN_POINT ( 'NONE',  ( -82.99999999999997158, 360.5999999999999659, -97.99999999999997158 ) ) ;
#1488 = ORIENTED_EDGE ( 'NONE', *, *, #1211, .T. ) ;
#1489 = VERTEX_POINT ( 'NONE', #365 ) ;
#1490 = DIRECTION ( 'NONE',  ( -1.000000000000000000, 0.000000000000000000, 0.000000000000000000 ) ) ;
#1491 = CARTESIAN_POINT ( 'NONE',  ( 97.99999999999997158, 360.5999999999999659, -82.99999999999997158 ) ) ;
#1492 = CARTESIAN_POINT ( 'NONE',  ( -158.5000000000000000, 145.5999999999999659, -110.9999999999999858 ) ) ;
#1493 = DIRECTION ( 'NONE',  ( -1.000000000000000000, 0.000000000000000000, 0.000000000000000000 ) ) ;
#1494 = DIRECTION ( 'NONE',  ( 1.000000000000000000, 0.000000000000000000, -4.948533979758262294E-16 ) ) ;
#1495 = EDGE_LOOP ( 'NONE', ( #245, #2145, #282, #1957 ) ) ;
#1496 = DIRECTION ( 'NONE',  ( 1.000000000000000000, 1.855700242409348360E-16, -9.897067959516524587E-16 ) ) ;
#1497 = ORIENTED_EDGE ( 'NONE', *, *, #2024, .F. ) ;
#1498 = CARTESIAN_POINT ( 'NONE',  ( -97.24325765846813852, 336.8445565835015145, 87.80280816767189833 ) ) ;
#1499 = DIRECTION ( 'NONE',  ( 0.000000000000000000, 0.000000000000000000, -1.000000000000000000 ) ) ;
#1500 = EDGE_CURVE ( 'NONE', #2468, #744, #1101, .T. ) ;
#1501 = EDGE_CURVE ( 'NONE', #1885, #2038, #978, .T. ) ;
#1502 = VERTEX_POINT ( 'NONE', #38 ) ;
#1503 = AXIS2_PLACEMENT_3D ( 'NONE', #1250, #247, #2009 ) ;
#1504 = PLANE ( 'NONE',  #646 ) ;
#1505 = LINE ( 'NONE', #2022, #406 ) ;
#1506 = EDGE_CURVE ( 'NONE', #2029, #2934, #1087, .T. ) ;
#1507 = ORIENTED_EDGE ( 'NONE', *, *, #1944, .T. ) ;
#1508 = DIRECTION ( 'NONE',  ( -0.000000000000000000, -0.000000000000000000, 1.000000000000000000 ) ) ;
#1509 = CARTESIAN_POINT ( 'NONE',  ( 96.69155552528408748, 337.0031746216831721, -89.14618955559480185 ) ) ;
#1510 = DIRECTION ( 'NONE',  ( -1.000000000000000000, 0.000000000000000000, -0.000000000000000000 ) ) ;
#1511 = EDGE_LOOP ( 'NONE', ( #1936, #2738, #1052, #802 ) ) ;
#1512 = EDGE_CURVE ( 'NONE', #1593, #2957, #1082, .T. ) ;
#1513 = LINE ( 'NONE', #1529, #338 ) ;
#1514 = AXIS2_PLACEMENT_3D ( 'NONE', #92, #2672, #2390 ) ;
#1515 = AXIS2_PLACEMENT_3D ( 'NONE', #2147, #2885, #3119 ) ;
#1516 = CARTESIAN_POINT ( 'NONE',  ( -285.6000000000000227, 60.60000000000001563, 110.0000000000000142 ) ) ;
#1517 = AXIS2_PLACEMENT_3D ( 'NONE', #1144, #891, #1929 ) ;
#1518 = ORIENTED_EDGE ( 'NONE', *, *, #109, .T. ) ;
#1519 = CIRCLE ( 'NONE', #397, 20.00000000000001776 ) ;
#1520 = FACE_OUTER_BOUND ( 'NONE', #1594, .T. ) ;
#1521 = CARTESIAN_POINT ( 'NONE',  ( -328.2966485890418653, 119.0999999999999943, -107.1623815197179113 ) ) ;
#1522 = AXIS2_PLACEMENT_3D ( 'NONE', #3326, #471, #301 ) ;
#1523 = ADVANCED_FACE ( 'NONE', ( #2164 ), #3250, .T. ) ;
#1524 = ORIENTED_EDGE ( 'NONE', *, *, #318, .T. ) ;
#1525 = DIRECTION ( 'NONE',  ( 0.000000000000000000, 0.000000000000000000, -1.000000000000000000 ) ) ;
#1526 = CARTESIAN_POINT ( 'NONE',  ( -332.7116124587076342, 123.6000000000000512, -106.9795841921533253 ) ) ;
#1527 = PLANE ( 'NONE',  #2179 ) ;
#1528 = CARTESIAN_POINT ( 'NONE',  ( 477.5000000000000000, 60.60000000000015064, 1178.427485982952930 ) ) ;
#1529 = CARTESIAN_POINT ( 'NONE',  ( -158.5000000000000000, 165.5999999999999659, 835.3461819978975882 ) ) ;
#1530 = DIRECTION ( 'NONE',  ( 0.000000000000000000, -1.000000000000000000, 0.000000000000000000 ) ) ;
#1531 = VERTEX_POINT ( 'NONE', #1065 ) ;
#1532 = EDGE_LOOP ( 'NONE', ( #238, #2951, #1429, #940 ) ) ;
#1533 = DIRECTION ( 'NONE',  ( 0.000000000000000000, 1.000000000000000000, 0.000000000000000000 ) ) ;
#1534 = CARTESIAN_POINT ( 'NONE',  ( -275.4877214258314098, 75.32513089005234974, 110.0000000000000142 ) ) ;
#1535 = MECHANICAL_CONTEXT ( 'NONE', #2874, 'mechanical' ) ;
#1536 = CC_DESIGN_DATE_AND_TIME_ASSIGNMENT ( #2308, #3081, ( #2337 ) ) ;
#1537 = CARTESIAN_POINT ( 'NONE',  ( 357.8999999999999204, 60.59999999999998721, -92.99999999999997158 ) ) ;
#1538 = ORIENTED_EDGE ( 'NONE', *, *, #3005, .T. ) ;
#1539 = DIRECTION ( 'NONE',  ( 1.000000000000000000, 0.000000000000000000, 0.000000000000000000 ) ) ;
#1540 = CARTESIAN_POINT ( 'NONE',  ( -333.0779297697051788, 123.6000000000000227, -105.8174254959284468 ) ) ;
#1541 = ADVANCED_FACE ( 'NONE', ( #2093 ), #1844, .T. ) ;
#1542 = ORIENTED_EDGE ( 'NONE', *, *, #1345, .T. ) ;
#1543 = CARTESIAN_POINT ( 'NONE',  ( -339.1378157292813285, 60.60000000000000853, 109.9553920262031852 ) ) ;
#1544 = CARTESIAN_POINT ( 'NONE',  ( 350.0831162776661358, 60.60000000000012932, 105.7410052024401210 ) ) ;
#1545 = CARTESIAN_POINT ( 'NONE',  ( -89.56666726624655439, 338.9666225050656294, -96.49505649087592474 ) ) ;
#1546 = LINE ( 'NONE', #1516, #1909 ) ;
#1547 = EDGE_CURVE ( 'NONE', #156, #3281, #3196, .T. ) ;
#1548 = VERTEX_POINT ( 'NONE', #880 ) ;
#1549 = ORIENTED_EDGE ( 'NONE', *, *, #3221, .T. ) ;
#1550 = CYLINDRICAL_SURFACE ( 'NONE', #1503, 15.50000000000001421 ) ;
#1551 = ADVANCED_FACE ( 'NONE', ( #1601 ), #316, .F. ) ;
#1552 = CARTESIAN_POINT ( 'NONE',  ( -329.4973720847614800, 119.0999999999999943, -104.8707155412173933 ) ) ;
#1553 = PERSON_AND_ORGANIZATION ( #378, #876 ) ;
#1554 = EDGE_CURVE ( 'NONE', #999, #3220, #304, .T. ) ;
#1555 = ORIENTED_EDGE ( 'NONE', *, *, #844, .T. ) ;
#1556 = PLANE ( 'NONE',  #2101 ) ;
#1557 = CARTESIAN_POINT ( 'NONE',  ( 457.4999999999999432, 123.5999999999999943, 83.00000000000008527 ) ) ;
#1558 = AXIS2_PLACEMENT_3D ( 'NONE', #167, #3034, #684 ) ;
#1559 = CARTESIAN_POINT ( 'NONE',  ( 340.4924694193690016, 60.60000000000013642, 109.6347694221359745 ) ) ;
#1560 = CARTESIAN_POINT ( 'NONE',  ( -340.7021194383406737, 60.60000000000000853, 109.5613848208047756 ) ) ;
#1561 = DIRECTION ( 'NONE',  ( 1.000000000000000000, 0.000000000000000000, 0.000000000000000000 ) ) ;
#1562 = ORIENTED_EDGE ( 'NONE', *, *, #65, .T. ) ;
#1563 = DIRECTION ( 'NONE',  ( 0.000000000000000000, 0.000000000000000000, 1.000000000000000000 ) ) ;
#1564 = DIRECTION ( 'NONE',  ( -1.000000000000000000, 0.000000000000000000, 0.000000000000000000 ) ) ;
#1565 = ORIENTED_EDGE ( 'NONE', *, *, #523, .F. ) ;
#1566 = LINE ( 'NONE', #2290, #2096 ) ;
#1567 = AXIS2_PLACEMENT_3D ( 'NONE', #2790, #2997, #3303 ) ;
#1568 = DIRECTION ( 'NONE',  ( -1.000000000000000000, -1.816464372750583874E-16, 0.000000000000000000 ) ) ;
#1569 = AXIS2_PLACEMENT_3D ( 'NONE', #308, #2908, #46 ) ;
#1570 = AXIS2_PLACEMENT_3D ( 'NONE', #253, #566, #2328 ) ;
#1571 = VERTEX_POINT ( 'NONE', #2360 ) ;
#1572 = FACE_OUTER_BOUND ( 'NONE', #2882, .T. ) ;
#1573 = AXIS2_PLACEMENT_3D ( 'NONE', #2340, #21, #3347 ) ;
#1574 = CARTESIAN_POINT ( 'NONE',  ( -333.4282531520087218, 123.6000000000000085, -103.0000000000000426 ) ) ;
#1575 = ADVANCED_FACE ( 'NONE', ( #1865 ), #2917, .F. ) ;
#1576 = EDGE_LOOP ( 'NONE', ( #226, #991, #3097, #3310 ) ) ;
#1577 = AXIS2_PLACEMENT_3D ( 'NONE', #907, #1733, #959 ) ;
#1578 = ORIENTED_EDGE ( 'NONE', *, *, #1311, .T. ) ;
#1579 = CARTESIAN_POINT ( 'NONE',  ( -457.4999999999999432, 123.5999999999999943, 83.00000000000008527 ) ) ;
#1580 = CARTESIAN_POINT ( 'NONE',  ( 326.8707438455791134, 123.6000000000000227, -113.5010613868377334 ) ) ;
#1581 = CARTESIAN_POINT ( 'NONE',  ( 320.5994385522220114, 123.6000000000000085, -115.0000000000000711 ) ) ;
#1582 = ORIENTED_EDGE ( 'NONE', *, *, #2471, .F. ) ;
#1583 = EDGE_CURVE ( 'NONE', #3207, #2468, #860, .T. ) ;
#1584 = ORIENTED_EDGE ( 'NONE', *, *, #885, .F. ) ;
#1585 = DIRECTION ( 'NONE',  ( -1.000000000000000000, 0.000000000000000000, 0.000000000000000000 ) ) ;
#1586 = CARTESIAN_POINT ( 'NONE',  ( 0.000000000000000000, 0.000000000000000000, 348.6326111661829259 ) ) ;
#1587 = EDGE_CURVE ( 'NONE', #2468, #1489, #2168, .T. ) ;
#1588 = VERTEX_POINT ( 'NONE', #131 ) ;
#1589 = CARTESIAN_POINT ( 'NONE',  ( 357.8999999999999204, 60.59999999999998721, -173.6652367249975555 ) ) ;
#1590 = ORIENTED_EDGE ( 'NONE', *, *, #1197, .T. ) ;
#1591 = CARTESIAN_POINT ( 'NONE',  ( -82.99999999999997158, 345.7779055983768330, 103.0000000000000426 ) ) ;
#1592 = CARTESIAN_POINT ( 'NONE',  ( -353.4999999999999432, 60.59999999999998721, 57.00000000000016342 ) ) ;
#1593 = VERTEX_POINT ( 'NONE', #2966 ) ;
#1594 = EDGE_LOOP ( 'NONE', ( #1159, #2214, #2525, #322 ) ) ;
#1595 = CARTESIAN_POINT ( 'NONE',  ( -344.2371604390153266, 60.59999999999999432, 106.7258476044842297 ) ) ;
#1596 = DIRECTION ( 'NONE',  ( 1.000000000000000000, -0.000000000000000000, 0.000000000000000000 ) ) ;
#1597 = CARTESIAN_POINT ( 'NONE',  ( 338.2138376826116541, 60.60000000000012932, 115.0000000000000142 ) ) ;
#1598 = CARTESIAN_POINT ( 'NONE',  ( 470.0000000000000000, 60.59999999999998010, 835.3461819978975882 ) ) ;
#1599 = VERTEX_POINT ( 'NONE', #415 ) ;
#1600 = ORIENTED_EDGE ( 'NONE', *, *, #2531, .F. ) ;
#1601 = FACE_OUTER_BOUND ( 'NONE', #3116, .T. ) ;
#1602 = EDGE_CURVE ( 'NONE', #2038, #533, #1150, .T. ) ;
#1603 = PLANE ( 'NONE',  #1514 ) ;
#1604 = ADVANCED_FACE ( 'NONE', ( #1404 ), #665, .T. ) ;
#1605 = ORIENTED_EDGE ( 'NONE', *, *, #1054, .T. ) ;
#1606 = DIRECTION ( 'NONE',  ( -1.000000000000000000, 0.000000000000000000, -0.000000000000000000 ) ) ;
#1607 = CARTESIAN_POINT ( 'NONE',  ( 473.0000000000000000, 123.5999999999999801, -94.99999999999994316 ) ) ;
#1608 = ORIENTED_EDGE ( 'NONE', *, *, #1008, .T. ) ;
#1609 = CARTESIAN_POINT ( 'NONE',  ( 357.8999999999999204, 30.94999999999997087, 57.00000000000016342 ) ) ;
#1610 = VECTOR ( 'NONE', #198, 1000.000000000000000 ) ;
#1611 = DIRECTION ( 'NONE',  ( -1.000000000000000000, 0.000000000000000000, 0.000000000000000000 ) ) ;
#1612 = CARTESIAN_POINT ( 'NONE',  ( 332.2256476515646568, 123.6000000000000369, -108.0937811655504674 ) ) ;
#1613 = CIRCLE ( 'NONE', #2045, 15.50000000000001421 ) ;
#1614 = B_SPLINE_CURVE_WITH_KNOTS ( 'NONE', 3,
 ( #179, #430, #2741, #3019, #3230, #1227, #2508, #707, #682, #459, #963, #3003, #933, #207, #1740, #2985, #1201, #2703, #2781, #165, #2235, #3269, #1438, #2456, #1983, #1183, #399, #1695 ),
 .UNSPECIFIED., .F., .F.,
 ( 4, 2, 2, 2, 2, 2, 2, 2, 2, 2, 2, 2, 2, 4 ),
 ( 0.08522864786068058696, 0.08671884995338077773, 0.08820905204608096850, 0.09118945623148140556, 0.09267965832418161021, 0.09416986041688182874, 0.09566006250958204726, 0.09715026460228226579, 0.1001306687876826890, 0.1016208708803829353, 0.1031110729730831677, 0.1046012750657834139, 0.1060914771584836463, 0.1090718813438841250 ),
 .UNSPECIFIED. ) ;
#1615 = DIRECTION ( 'NONE',  ( -1.000000000000000000, -1.816464372750583874E-16, 0.000000000000000000 ) ) ;
#1616 = EDGE_CURVE ( 'NONE', #2510, #156, #2336, .T. ) ;
#1617 = ORIENTED_EDGE ( 'NONE', *, *, #250, .F. ) ;
#1618 = DIRECTION ( 'NONE',  ( -1.000000000000000000, 0.000000000000000000, 0.000000000000000000 ) ) ;
#1619 = DIRECTION ( 'NONE',  ( -1.000000000000000000, 0.000000000000000000, -0.000000000000000000 ) ) ;
#1620 = EDGE_CURVE ( 'NONE', #979, #2510, #2435, .T. ) ;
#1621 = EDGE_LOOP ( 'NONE', ( #1426, #2200, #1450, #1834 ) ) ;
#1622 = VECTOR ( 'NONE', #1981, 1000.000000000000000 ) ;
#1623 = CARTESIAN_POINT ( 'NONE',  ( -353.4999999999999432, 60.59999999999998721, -92.99999999999997158 ) ) ;
#1624 = CARTESIAN_POINT ( 'NONE',  ( 0.000000000000000000, 0.000000000000000000, -97.99999999999997158 ) ) ;
#1625 = VECTOR ( 'NONE', #597, 1000.000000000000000 ) ;
#1626 = EDGE_CURVE ( 'NONE', #3220, #445, #660, .T. ) ;
#1627 = AXIS2_PLACEMENT_3D ( 'NONE', #2484, #176, #2209 ) ;
#1628 = CARTESIAN_POINT ( 'NONE',  ( 0.000000000000000000, 0.000000000000000000, 348.6326111661829259 ) ) ;
#1629 = CARTESIAN_POINT ( 'NONE',  ( -103.0000000000000000, 340.3562251524130602, -83.67254300321438620 ) ) ;
#1630 = CARTESIAN_POINT ( 'NONE',  ( 343.5788024461326131, 60.60000000000014353, 113.7819890671626837 ) ) ;
#1631 = LINE ( 'NONE', #1875, #185 ) ;
#1632 = CIRCLE ( 'NONE', #2449, 343.6000000000000227 ) ;
#1633 = AXIS2_PLACEMENT_3D ( 'NONE', #1014, #1296, #1782 ) ;
#1634 = LOCAL_TIME ( 9, 52, 53.00000000000000000, #761 ) ;
#1635 = DIRECTION ( 'NONE',  ( -0.000000000000000000, -1.000000000000000000, -0.000000000000000000 ) ) ;
#1636 = ORIENTED_EDGE ( 'NONE', *, *, #1501, .T. ) ;
#1637 = ORIENTED_EDGE ( 'NONE', *, *, #1195, .T. ) ;
#1638 = DIRECTION ( 'NONE',  ( -1.000000000000000000, 1.776356839400250465E-15, 0.000000000000000000 ) ) ;
#1639 = CARTESIAN_POINT ( 'NONE',  ( 477.5000000000000000, 60.60000000000015064, -80.30000000000003979 ) ) ;
#1640 = EDGE_LOOP ( 'NONE', ( #757, #2189, #635, #578 ) ) ;
#1641 = FACE_OUTER_BOUND ( 'NONE', #540, .T. ) ;
#1642 = B_SPLINE_CURVE_WITH_KNOTS ( 'NONE', 3,
 ( #1739, #1012, #1265, #243, #2567, #1751, #2076, #1028, #1545, #2303, #2338, #2052, #2807, #3062, #20, #1801, #2795, #2035, #2521, #2841, #994, #274, #3325, #3311, #3293, #2827, #742, #1226 ),
 .UNSPECIFIED., .F., .F.,
 ( 4, 2, 2, 2, 2, 2, 2, 2, 2, 2, 2, 2, 2, 4 ),
 ( 0.08522864786068058696, 0.08671884995338077773, 0.08820905204608096850, 0.09118945623148140556, 0.09267965832418161021, 0.09416986041688182874, 0.09566006250958204726, 0.09715026460228226579, 0.1001306687876826890, 0.1016208708803829353, 0.1031110729730831677, 0.1046012750657834139, 0.1060914771584836463, 0.1090718813438841250 ),
 .UNSPECIFIED. ) ;
#1643 = DIRECTION ( 'NONE',  ( -0.000000000000000000, -0.000000000000000000, 1.000000000000000000 ) ) ;
#1644 = CARTESIAN_POINT ( 'NONE',  ( -346.2296139605218173, 60.59999999999999432, 112.0727336172818980 ) ) ;
#1645 = ORIENTED_EDGE ( 'NONE', *, *, #3032, .T. ) ;
#1646 = ORIENTED_EDGE ( 'NONE', *, *, #3241, .F. ) ;
#1647 = LINE ( 'NONE', #140, #288 ) ;
#1648 = CARTESIAN_POINT ( 'NONE',  ( -431.0114902050286787, 30.94999999999997797, -92.99999999999997158 ) ) ;
#1649 = CARTESIAN_POINT ( 'NONE',  ( -82.99999999999997158, 365.5999999999999659, 102.9999999999999858 ) ) ;
#1650 = EDGE_CURVE ( 'NONE', #2349, #631, #3147, .T. ) ;
#1651 = EDGE_CURVE ( 'NONE', #354, #266, #2469, .T. ) ;
#1652 = DIRECTION ( 'NONE',  ( 1.000000000000000000, 0.000000000000000000, 0.000000000000000000 ) ) ;
#1653 = EDGE_CURVE ( 'NONE', #2705, #2102, #1705, .T. ) ;
#1654 = LINE ( 'NONE', #1060, #716 ) ;
#1655 = ORIENTED_EDGE ( 'NONE', *, *, #422, .F. ) ;
#1656 = DIRECTION ( 'NONE',  ( 1.000000000000000000, -1.816464372750583381E-16, 0.000000000000000000 ) ) ;
#1657 = ADVANCED_FACE ( 'NONE', ( #1200 ), #164, .F. ) ;
#1658 = DIRECTION ( 'NONE',  ( 0.000000000000000000, 0.000000000000000000, -1.000000000000000000 ) ) ;
#1659 = CARTESIAN_POINT ( 'NONE',  ( 344.3738263417202461, 60.60000000000013642, 106.5249352630485049 ) ) ;
#1660 = ORIENTED_EDGE ( 'NONE', *, *, #2008, .F. ) ;
#1661 = CARTESIAN_POINT ( 'NONE',  ( -96.09140201311340945, 342.3712563480539757, 98.13397476504847816 ) ) ;
#1662 = DIRECTION ( 'NONE',  ( -0.000000000000000000, -0.000000000000000000, -1.000000000000000000 ) ) ;
#1663 = ORIENTED_EDGE ( 'NONE', *, *, #88, .T. ) ;
#1664 = EDGE_CURVE ( 'NONE', #3073, #1726, #2455, .T. ) ;
#1665 = VERTEX_POINT ( 'NONE', #645 ) ;
#1666 = DIRECTION ( 'NONE',  ( 0.000000000000000000, -1.000000000000000000, 0.000000000000000000 ) ) ;
#1667 = CARTESIAN_POINT ( 'NONE',  ( -350.3983447449488153, 60.59999999999998721, 103.0000000000000426 ) ) ;
#1668 =( NAMED_UNIT ( * ) SI_UNIT ( $, .STERADIAN. ) SOLID_ANGLE_UNIT ( ) );
#1669 = CIRCLE ( 'NONE', #586, 20.00000000000001776 ) ;
#1670 = PLANE ( 'NONE',  #137 ) ;
#1671 = VECTOR ( 'NONE', #2798, 1000.000000000000000 ) ;
#1672 = ORIENTED_EDGE ( 'NONE', *, *, #2810, .F. ) ;
#1673 = VERTEX_POINT ( 'NONE', #3248 ) ;
#1674 = CIRCLE ( 'NONE', #2644, 350.6000000000000227 ) ;
#1675 = ADVANCED_FACE ( 'NONE', ( #1181 ), #706, .F. ) ;
#1676 = DIRECTION ( 'NONE',  ( -0.000000000000000000, -0.000000000000000000, -1.000000000000000000 ) ) ;
#1677 = CARTESIAN_POINT ( 'NONE',  ( 353.4999999999999432, 60.59999999999998721, -115.0000000000000284 ) ) ;
#1678 = ORIENTED_EDGE ( 'NONE', *, *, #2114, .T. ) ;
#1679 = CARTESIAN_POINT ( 'NONE',  ( -457.4999999999999432, 119.0999999999999801, 98.50000000000008527 ) ) ;
#1680 = CARTESIAN_POINT ( 'NONE',  ( -82.99999999999997158, 60.59799999999998477, 97.99999999999997158 ) ) ;
#1681 = ORIENTED_EDGE ( 'NONE', *, *, #2511, .F. ) ;
#1682 = VERTEX_POINT ( 'NONE', #1423 ) ;
#1683 = LINE ( 'NONE', #424, #3029 ) ;
#1684 = CARTESIAN_POINT ( 'NONE',  ( -100.2408560092979712, 341.1790778059212244, -93.14211579804633345 ) ) ;
#1685 = ADVANCED_FACE ( 'NONE', ( #1968 ), #1991, .T. ) ;
#1686 = AXIS2_PLACEMENT_3D ( 'NONE', #932, #1676, #148 ) ;
#1687 = CARTESIAN_POINT ( 'NONE',  ( 353.4999999999998863, 90.25000000000000000, -92.99999999999997158 ) ) ;
#1688 = VECTOR ( 'NONE', #2489, 1000.000000000000000 ) ;
#1689 = VECTOR ( 'NONE', #80, 1000.000000000000000 ) ;
#1690 = CARTESIAN_POINT ( 'NONE',  ( -353.4999999999999432, 119.0999999999999801, -173.6652367249975555 ) ) ;
#1691 = ORIENTED_EDGE ( 'NONE', *, *, #1444, .T. ) ;
#1692 = ORIENTED_EDGE ( 'NONE', *, *, #455, .F. ) ;
#1693 = VECTOR ( 'NONE', #3330, 1000.000000000000000 ) ;
#1694 = DIRECTION ( 'NONE',  ( 1.000000000000000000, 0.000000000000000000, 0.000000000000000000 ) ) ;
#1695 = CARTESIAN_POINT ( 'NONE',  ( 97.99999999999997158, 336.6249545116939430, 82.99999999999997158 ) ) ;
#1696 = VERTEX_POINT ( 'NONE', #1716 ) ;
#1697 = ORIENTED_EDGE ( 'NONE', *, *, #61, .T. ) ;
#1698 = CARTESIAN_POINT ( 'NONE',  ( 457.4999999999999432, 123.5999999999999943, -94.99999999999994316 ) ) ;
#1699 = LINE ( 'NONE', #1428, #132 ) ;
#1700 = PLANE ( 'NONE',  #332 ) ;
#1701 = DIRECTION ( 'NONE',  ( 0.000000000000000000, 0.000000000000000000, -1.000000000000000000 ) ) ;
#1702 = CARTESIAN_POINT ( 'NONE',  ( -102.9999999999999858, 60.59799999999998477, 82.99999999999995737 ) ) ;
#1703 = CARTESIAN_POINT ( 'NONE',  ( 94.53022289941830536, 342.8056458204626438, 99.35457592763384582 ) ) ;
#1704 = ORIENTED_EDGE ( 'NONE', *, *, #2255, .T. ) ;
#1705 = LINE ( 'NONE', #897, #1622 ) ;
#1706 = CARTESIAN_POINT ( 'NONE',  ( 473.0000000000000000, 119.0999999999999801, -94.99999999999994316 ) ) ;
#1707 = EDGE_LOOP ( 'NONE', ( #1421, #1088, #863, #222 ) ) ;
#1708 = ORIENTED_EDGE ( 'NONE', *, *, #3, .T. ) ;
#1709 = CARTESIAN_POINT ( 'NONE',  ( 329.4986180339311659, 119.0999999999999659, -104.8669554432003110 ) ) ;
#1710 = CARTESIAN_POINT ( 'NONE',  ( 92.91746756093931481, 343.2477013859231079, -100.4170106383797076 ) ) ;
#1711 = ORIENTED_EDGE ( 'NONE', *, *, #472, .F. ) ;
#1712 = CARTESIAN_POINT ( 'NONE',  ( 0.000000000000000000, 0.000000000000000000, 115.0000000000000995 ) ) ;
#1713 = CARTESIAN_POINT ( 'NONE',  ( 83.50012396904612899, 340.5115112549852370, -97.99166021545262595 ) ) ;
#1714 = CARTESIAN_POINT ( 'NONE',  ( -82.99999999999997158, 365.5999999999999659, -102.9999999999999858 ) ) ;
#1715 = CARTESIAN_POINT ( 'NONE',  ( 473.0000000000000000, 60.59999999999997300, 83.00000000000008527 ) ) ;
#1716 = CARTESIAN_POINT ( 'NONE',  ( 457.4999999999999432, 119.0999999999999801, 98.50000000000009948 ) ) ;
#1717 = VECTOR ( 'NONE', #2671, 1000.000000000000000 ) ;
#1718 = CARTESIAN_POINT ( 'NONE',  ( 345.3230371695465237, 60.59999999999998721, 98.49999999999987210 ) ) ;
#1719 = EDGE_CURVE ( 'NONE', #2983, #2811, #3002, .T. ) ;
#1720 = EDGE_LOOP ( 'NONE', ( #1966, #1371, #309, #2571 ) ) ;
#1721 = CARTESIAN_POINT ( 'NONE',  ( 357.8999999999999204, 119.0999999999999801, -173.6652367249975555 ) ) ;
#1722 = AXIS2_PLACEMENT_3D ( 'NONE', #1492, #1459, #1236 ) ;
#1723 = EDGE_CURVE ( 'NONE', #3247, #3341, #3030, .T. ) ;
#1724 = VERTEX_POINT ( 'NONE', #3268 ) ;
#1725 = EDGE_CURVE ( 'NONE', #1298, #2627, #1451, .T. ) ;
#1726 = VERTEX_POINT ( 'NONE', #727 ) ;
#1727 = CARTESIAN_POINT ( 'NONE',  ( -477.5000000000000000, 123.5999999999999801, 83.00000000000008527 ) ) ;
#1728 = CARTESIAN_POINT ( 'NONE',  ( 97.52427568756564824, 336.7631437880171461, -86.87418954617380962 ) ) ;
#1729 = CARTESIAN_POINT ( 'NONE',  ( 0.000000000000000000, 0.000000000000000000, 102.9999999999999858 ) ) ;
#1730 = ORIENTED_EDGE ( 'NONE', *, *, #366, .T. ) ;
#1731 = CARTESIAN_POINT ( 'NONE',  ( 353.4999999999999432, 60.59999999999998721, 98.49999999999987210 ) ) ;
#1732 = AXIS2_PLACEMENT_3D ( 'NONE', #629, #1388, #846 ) ;
#1733 = DIRECTION ( 'NONE',  ( -0.000000000000000000, -0.000000000000000000, 1.000000000000000000 ) ) ;
#1734 = AXIS2_PLACEMENT_3D ( 'NONE', #847, #56, #2903 ) ;
#1735 = ORIENTED_EDGE ( 'NONE', *, *, #302, .F. ) ;
#1736 = AXIS2_PLACEMENT_3D ( 'NONE', #2816, #1775, #1005 ) ;
#1737 = CIRCLE ( 'NONE', #2443, 15.50000000000001421 ) ;
#1738 = VECTOR ( 'NONE', #1178, 1000.000000000000000 ) ;
#1739 = CARTESIAN_POINT ( 'NONE',  ( -83.00000000000098055, 340.6337622726201175, -97.99999999999998579 ) ) ;
#1740 = CARTESIAN_POINT ( 'NONE',  ( 93.18865844352471584, 337.9887034955556260, 94.01948775444502360 ) ) ;
#1741 = VECTOR ( 'NONE', #604, 1000.000000000000000 ) ;
#1742 = ORIENTED_EDGE ( 'NONE', *, *, #1785, .F. ) ;
#1743 = DIRECTION ( 'NONE',  ( -0.000000000000000000, 0.000000000000000000, -1.000000000000000000 ) ) ;
#1744 = CARTESIAN_POINT ( 'NONE',  ( 82.99999999999997158, 60.59799999999998477, 82.99999999999997158 ) ) ;
#1745 = ORIENTED_EDGE ( 'NONE', *, *, #632, .T. ) ;
#1746 = CARTESIAN_POINT ( 'NONE',  ( 473.0000000000000000, 60.59999999999997300, -94.99999999999994316 ) ) ;
#1747 = CARTESIAN_POINT ( 'NONE',  ( 97.99999999999998579, 336.6249545116939998, -83.48597776095364509 ) ) ;
#1748 = DIRECTION ( 'NONE',  ( 1.000000000000000000, 1.816464372750583874E-16, 0.000000000000000000 ) ) ;
#1749 = EDGE_CURVE ( 'NONE', #1203, #970, #3345, .T. ) ;
#1750 = ORIENTED_EDGE ( 'NONE', *, *, #741, .F. ) ;
#1751 = CARTESIAN_POINT ( 'NONE',  ( -86.84255238780232844, 339.6758524250806204, -97.53154767928373303 ) ) ;
#1752 = DIRECTION ( 'NONE',  ( 1.816464372750583381E-16, 1.000000000000000000, 0.000000000000000000 ) ) ;
#1753 = ORIENTED_EDGE ( 'NONE', *, *, #419, .T. ) ;
#1754 = CARTESIAN_POINT ( 'NONE',  ( -353.4999999999999432, 60.59999999999998721, 98.49999999999987210 ) ) ;
#1755 = CARTESIAN_POINT ( 'NONE',  ( 87.50220855848067458, 344.6667282382530857, -102.4974411497682070 ) ) ;
#1756 = ORIENTED_EDGE ( 'NONE', *, *, #105, .F. ) ;
#1757 = ORIENTED_EDGE ( 'NONE', *, *, #1089, .T. ) ;
#1758 = CARTESIAN_POINT ( 'NONE',  ( 82.99999999999997158, 365.5999999999999659, -82.99999999999997158 ) ) ;
#1759 = CARTESIAN_POINT ( 'NONE',  ( 97.99999999999997158, 336.6249545116939430, -82.99999999999997158 ) ) ;
#1760 = EDGE_CURVE ( 'NONE', #1481, #1064, #1244, .T. ) ;
#1761 = EDGE_LOOP ( 'NONE', ( #2926, #3134, #1637, #616 ) ) ;
#1762 = DIRECTION ( 'NONE',  ( 0.000000000000000000, 1.000000000000000000, 0.000000000000000000 ) ) ;
#1763 = ORIENTED_EDGE ( 'NONE', *, *, #3244, .T. ) ;
#1764 = VERTEX_POINT ( 'NONE', #775 ) ;
#1765 = CARTESIAN_POINT ( 'NONE',  ( -97.99999999999997158, 336.6249545116939430, 83.00000000000001421 ) ) ;
#1766 = FACE_OUTER_BOUND ( 'NONE', #2424, .T. ) ;
#1767 = ORIENTED_EDGE ( 'NONE', *, *, #296, .T. ) ;
#1768 = AXIS2_PLACEMENT_3D ( 'NONE', #1039, #1508, #2363 ) ;
#1769 = CARTESIAN_POINT ( 'NONE',  ( -322.2982314565192041, 119.0999999999999801, -110.0000000000000426 ) ) ;
#1770 = DIRECTION ( 'NONE',  ( -0.000000000000000000, -1.000000000000000000, 0.000000000000000000 ) ) ;
#1771 = SHAPE_DEFINITION_REPRESENTATION ( #375, #529 ) ;
#1772 = EDGE_LOOP ( 'NONE', ( #2899, #2892, #1148, #1478, #2288, #3226, #1933, #2645 ) ) ;
#1773 = VECTOR ( 'NONE', #215, 1000.000000000000000 ) ;
#1774 = FACE_OUTER_BOUND ( 'NONE', #1113, .T. ) ;
#1775 = DIRECTION ( 'NONE',  ( 0.000000000000000000, 0.000000000000000000, -1.000000000000000000 ) ) ;
#1776 = DIRECTION ( 'NONE',  ( -1.816464372750583381E-16, 1.000000000000000000, 0.000000000000000000 ) ) ;
#1777 = CARTESIAN_POINT ( 'NONE',  ( 347.3508746363362434, 60.60000000000014353, 110.9499322173473246 ) ) ;
#1778 = AXIS2_PLACEMENT_3D ( 'NONE', #348, #1114, #2148 ) ;
#1779 = CARTESIAN_POINT ( 'NONE',  ( -96.02960096339559470, 337.1924257893490449, 90.44763561038550392 ) ) ;
#1780 = VECTOR ( 'NONE', #1619, 1000.000000000000000 ) ;
#1781 = LINE ( 'NONE', #538, #3199 ) ;
#1782 = DIRECTION ( 'NONE',  ( 1.000000000000000000, 0.000000000000000000, 0.000000000000000000 ) ) ;
#1783 = LINE ( 'NONE', #2570, #2058 ) ;
#1784 = VECTOR ( 'NONE', #1274, 1000.000000000000000 ) ;
#1785 = EDGE_CURVE ( 'NONE', #3038, #3341, #1513, .T. ) ;
#1786 = ORIENTED_EDGE ( 'NONE', *, *, #1547, .F. ) ;
#1787 = EDGE_CURVE ( 'NONE', #1203, #1571, #518, .T. ) ;
#1788 = DIRECTION ( 'NONE',  ( 1.816464372750583381E-16, -1.000000000000000000, 0.000000000000000000 ) ) ;
#1789 = LINE ( 'NONE', #746, #762 ) ;
#1790 = EDGE_CURVE ( 'NONE', #2442, #2274, #1642, .T. ) ;
#1791 = CIRCLE ( 'NONE', #298, 15.00000000000000000 ) ;
#1792 = VECTOR ( 'NONE', #193, 1000.000000000000000 ) ;
#1793 = PRODUCT_DEFINITION_FORMATION_WITH_SPECIFIED_SOURCE ( 'ANY', '', #2446, .NOT_KNOWN. ) ;
#1794 = ORIENTED_EDGE ( 'NONE', *, *, #3280, .T. ) ;
#1795 = CARTESIAN_POINT ( 'NONE',  ( -82.99999999999997158, 360.5999999999999659, 97.99999999999997158 ) ) ;
#1796 = CARTESIAN_POINT ( 'NONE',  ( 0.000000000000000000, 0.000000000000000000, 110.0000000000000426 ) ) ;
#1797 = CARTESIAN_POINT ( 'NONE',  ( -431.0114902050286787, 90.25000000000000000, -80.29999999999998295 ) ) ;
#1798 = EDGE_CURVE ( 'NONE', #2486, #1531, #797, .T. ) ;
#1799 = CARTESIAN_POINT ( 'NONE',  ( -82.99999999999997158, 360.5999999999999659, -97.99999999999997158 ) ) ;
#1800 = B_SPLINE_CURVE_WITH_KNOTS ( 'NONE', 3,
 ( #655, #376, #3224, #337, #1381, #1110, #855, #389, #638, #86, #2139, #1817, #624, #356, #1176, #410, #1889, #1684, #2177, #142, #2960, #100, #2205, #3173, #1123, #2928, #1629, #2667 ),
 .UNSPECIFIED., .F., .F.,
 ( 4, 2, 2, 2, 2, 2, 2, 2, 2, 2, 2, 2, 2, 4 ),
 ( 1.387778780781445676E-17, 0.003974144014876327367, 0.005961216022314508832, 0.007948288029752689429, 0.01192243204462908879, 0.01390950405206731536, 0.01589657605950554539, 0.01987072007438190485, 0.02086425607810098518, 0.02185779208182005856, 0.02384486408925817064, 0.02781900810413444683, 0.02980608011157259360, 0.03179315211901073690 ),
 .UNSPECIFIED. ) ;
#1801 = CARTESIAN_POINT ( 'NONE',  ( -94.23012880844271422, 337.7004024830093840, -92.99178121970615507 ) ) ;
#1802 = DIRECTION ( 'NONE',  ( 0.000000000000000000, 0.000000000000000000, -1.000000000000000000 ) ) ;
#1803 = DIRECTION ( 'NONE',  ( -0.000000000000000000, -0.000000000000000000, 1.000000000000000000 ) ) ;
#1804 = EDGE_CURVE ( 'NONE', #2029, #993, #1800, .T. ) ;
#1805 = VERTEX_POINT ( 'NONE', #1667 ) ;
#1806 = CARTESIAN_POINT ( 'NONE',  ( -357.8999999999999204, 60.59999999999998721, -115.0000000000000284 ) ) ;
#1807 = LINE ( 'NONE', #542, #2497 ) ;
#1808 = PERSON_AND_ORGANIZATION_ROLE ( 'creator' ) ;
#1809 = ORIENTED_EDGE ( 'NONE', *, *, #2152, .T. ) ;
#1810 = LINE ( 'NONE', #1623, #1992 ) ;
#1811 = CARTESIAN_POINT ( 'NONE',  ( -353.4999999999999432, 119.0999999999999801, -115.0000000000000284 ) ) ;
#1812 = CARTESIAN_POINT ( 'NONE',  ( 340.7095532870451962, 60.60000000000011511, 109.5585924672831055 ) ) ;
#1813 = ORIENTED_EDGE ( 'NONE', *, *, #2503, .T. ) ;
#1814 = CARTESIAN_POINT ( 'NONE',  ( -345.3230371695464100, 60.59999999999998010, 103.4659848553578314 ) ) ;
#1815 = CARTESIAN_POINT ( 'NONE',  ( -431.0114902050286787, 30.94999999999997087, 57.00000000000016342 ) ) ;
#1816 = ORIENTED_EDGE ( 'NONE', *, *, #88, .F. ) ;
#1817 = CARTESIAN_POINT ( 'NONE',  ( -96.07475543709061583, 342.3759356685081343, -98.14859332719180429 ) ) ;
#1818 = LINE ( 'NONE', #1839, #2769 ) ;
#1819 = CARTESIAN_POINT ( 'NONE',  ( 353.4999999999999432, 60.59999999999998721, -173.6652367249975555 ) ) ;
#1820 = DIRECTION ( 'NONE',  ( 4.948533979758262294E-16, -8.988835671576540865E-32, -1.000000000000000000 ) ) ;
#1821 = ORIENTED_EDGE ( 'NONE', *, *, #213, .T. ) ;
#1822 = EDGE_CURVE ( 'NONE', #3107, #97, #795, .T. ) ;
#1823 = DIRECTION ( 'NONE',  ( 0.000000000000000000, -0.000000000000000000, 1.000000000000000000 ) ) ;
#1824 = LINE ( 'NONE', #2864, #1693 ) ;
#1825 = PERSON_AND_ORGANIZATION_ROLE ( 'creator' ) ;
#1826 = ORIENTED_EDGE ( 'NONE', *, *, #3136, .F. ) ;
#1827 = ORIENTED_EDGE ( 'NONE', *, *, #455, .T. ) ;
#1828 = FACE_OUTER_BOUND ( 'NONE', #90, .T. ) ;
#1829 = CARTESIAN_POINT ( 'NONE',  ( -82.99999999999997158, 345.7779055983768330, -103.0000000000000426 ) ) ;
#1830 = AXIS2_PLACEMENT_3D ( 'NONE', #2573, #1823, #2557 ) ;
#1831 = ORIENTED_EDGE ( 'NONE', *, *, #1837, .F. ) ;
#1832 = EDGE_CURVE ( 'NONE', #2884, #686, #393, .T. ) ;
#1833 = VECTOR ( 'NONE', #2815, 1000.000000000000000 ) ;
#1834 = ORIENTED_EDGE ( 'NONE', *, *, #1291, .F. ) ;
#1835 = CARTESIAN_POINT ( 'NONE',  ( -345.0895384053070529, 60.60000000000000853, 104.8394055951623471 ) ) ;
#1836 = CARTESIAN_POINT ( 'NONE',  ( 321.4175108903073124, 123.6000000000000085, -114.9817019513123597 ) ) ;
#1837 = EDGE_CURVE ( 'NONE', #1385, #354, #2696, .T. ) ;
#1838 = ORIENTED_EDGE ( 'NONE', *, *, #419, .F. ) ;
#1839 = CARTESIAN_POINT ( 'NONE',  ( 353.4999999999999432, 60.59999999999998721, 98.49999999999987210 ) ) ;
#1840 = CARTESIAN_POINT ( 'NONE',  ( 357.8999999999999204, 30.94999999999997797, -80.29999999999998295 ) ) ;
#1841 = ORIENTED_EDGE ( 'NONE', *, *, #1022, .T. ) ;
#1842 = VERTEX_POINT ( 'NONE', #903 ) ;
#1843 = AXIS2_PLACEMENT_3D ( 'NONE', #966, #715, #3298 ) ;
#1844 = PLANE ( 'NONE',  #3085 ) ;
#1845 = VECTOR ( 'NONE', #2242, 1000.000000000000000 ) ;
#1846 = CYLINDRICAL_SURFACE ( 'NONE', #3252, 355.6000000000000227 ) ;
#1847 = PERSON_AND_ORGANIZATION_ROLE ( 'design_supplier' ) ;
#1848 = VECTOR ( 'NONE', #108, 1000.000000000000000 ) ;
#1849 = CIRCLE ( 'NONE', #295, 6.349999999999994316 ) ;
#1850 = ORIENTED_EDGE ( 'NONE', *, *, #3043, .T. ) ;
#1851 = CARTESIAN_POINT ( 'NONE',  ( -85.59444864546007636, 345.1473172275486831, 102.8733290969831842 ) ) ;
#1852 = VECTOR ( 'NONE', #1047, 1000.000000000000000 ) ;
#1853 = CIRCLE ( 'NONE', #2277, 6.349999999999994316 ) ;
#1854 = DIRECTION ( 'NONE',  ( -1.000000000000000000, 0.000000000000000000, 0.000000000000000000 ) ) ;
#1855 = EDGE_LOOP ( 'NONE', ( #1045, #2330, #187, #1645 ) ) ;
#1856 = VECTOR ( 'NONE', #982, 1000.000000000000000 ) ;
#1857 = EDGE_LOOP ( 'NONE', ( #1458, #2025, #2914, #3295, #3057, #1948, #1984, #1507, #2084, #1542, #2862, #2619, #1555, #2793, #2982, #18, #407, #711, #1158, #3160, #2400, #1485 ) ) ;
#1858 = CARTESIAN_POINT ( 'NONE',  ( -339.8142038193352619, 60.60000000000000853, 109.8241714850786508 ) ) ;
#1859 = CARTESIAN_POINT ( 'NONE',  ( 340.9719531604792451, 60.60000000000012932, 114.6953405995406712 ) ) ;
#1860 = EDGE_CURVE ( 'NONE', #23, #2551, #2945, .T. ) ;
#1861 = LINE ( 'NONE', #2949, #2994 ) ;
#1862 = ADVANCED_FACE ( 'NONE', ( #1395 ), #121, .F. ) ;
#1863 = ORIENTED_EDGE ( 'NONE', *, *, #699, .T. ) ;
#1864 = LINE ( 'NONE', #2633, #822 ) ;
#1865 = FACE_OUTER_BOUND ( 'NONE', #1576, .T. ) ;
#1866 = DIRECTION ( 'NONE',  ( 1.000000000000000000, -1.816464372750583381E-16, 4.948533979758262294E-16 ) ) ;
#1867 = ORIENTED_EDGE ( 'NONE', *, *, #1157, .T. ) ;
#1868 = ORIENTED_EDGE ( 'NONE', *, *, #1169, .F. ) ;
#1869 = CARTESIAN_POINT ( 'NONE',  ( -102.8658738787999312, 340.3968961688956369, 85.66422484493736533 ) ) ;
#1870 = CARTESIAN_POINT ( 'NONE',  ( 102.4727363563993947, 340.5153697503221224, -87.60980460999719810 ) ) ;
#1871 = CARTESIAN_POINT ( 'NONE',  ( 0.000000000000000000, 0.000000000000000000, 98.49999999999987210 ) ) ;
#1872 = CARTESIAN_POINT ( 'NONE',  ( -470.0000000000000000, 123.5999999999999943, -104.1651513899116424 ) ) ;
#1873 = EDGE_CURVE ( 'NONE', #1138, #2038, #1432, .T. ) ;
#1874 = CARTESIAN_POINT ( 'NONE',  ( -285.5999999999999091, -1.994334140747197268E-12, -115.0000000000000284 ) ) ;
#1875 = CARTESIAN_POINT ( 'NONE',  ( -82.99999999999997158, 60.59799999999998477, -102.9999999999999858 ) ) ;
#1876 = CARTESIAN_POINT ( 'NONE',  ( -457.4999999999999432, 60.59999999999998010, -94.99999999999994316 ) ) ;
#1877 = PLANE ( 'NONE',  #2942 ) ;
#1878 = VERTEX_POINT ( 'NONE', #2193 ) ;
#1879 = DIRECTION ( 'NONE',  ( -0.000000000000000000, -0.000000000000000000, 1.000000000000000000 ) ) ;
#1880 = DIRECTION ( 'NONE',  ( 0.000000000000000000, 0.000000000000000000, -1.000000000000000000 ) ) ;
#1881 = ORIENTED_EDGE ( 'NONE', *, *, #2380, .T. ) ;
#1882 = PLANE ( 'NONE',  #2156 ) ;
#1883 = DIRECTION ( 'NONE',  ( -1.000000000000000000, 0.000000000000000000, 0.000000000000000000 ) ) ;
#1884 = B_SPLINE_CURVE_WITH_KNOTS ( 'NONE', 3,
 ( #1574, #3334, #2595, #3069, #1326, #1540, #7, #1526, #805, #2624, #2068, #1286, #1309, #3319, #548, #2351, #3106, #2870, #2611, #2580, #2563, #31, #1021, #45, #1055, #530, #307, #513 ),
 .UNSPECIFIED., .F., .F.,
 ( 4, 2, 2, 2, 2, 2, 2, 2, 2, 2, 2, 2, 2, 4 ),
 ( 0.06759255531774907566, 0.06880316398732730376, 0.07001377265690551799, 0.07122438132648374609, 0.07243498999606196032, 0.07485620733521844428, 0.07606681600479675565, 0.07727742467437506702, 0.07848803334395337838, 0.07969864201353167588, 0.08211985935268828474, 0.08454107669184490748, 0.08575168536142321885, 0.08696229403100153021 ),
 .UNSPECIFIED. ) ;
#1885 = VERTEX_POINT ( 'NONE', #2714 ) ;
#1886 = ORIENTED_EDGE ( 'NONE', *, *, #2217, .F. ) ;
#1887 = CYLINDRICAL_SURFACE ( 'NONE', #611, 355.6000000000000227 ) ;
#1888 = CIRCLE ( 'NONE', #480, 20.00000000000001776 ) ;
#1889 = CARTESIAN_POINT ( 'NONE',  ( -99.89569225713896117, 341.2802997748957523, -93.70725043820219469 ) ) ;
#1890 = CARTESIAN_POINT ( 'NONE',  ( 342.1196965460941897, 60.60000000000013642, 114.3739179249248252 ) ) ;
#1891 = CIRCLE ( 'NONE', #2979, 350.6000000000000227 ) ;
#1892 = DIRECTION ( 'NONE',  ( -1.047380211910526482E-15, -1.000000000000000000, -0.000000000000000000 ) ) ;
#1893 = DIRECTION ( 'NONE',  ( 1.000000000000000000, 0.000000000000000000, 0.000000000000000000 ) ) ;
#1894 = ORIENTED_EDGE ( 'NONE', *, *, #1407, .T. ) ;
#1895 = EDGE_LOOP ( 'NONE', ( #3323, #3078, #1786, #1188, #1243, #2692, #1099, #1339, #2679, #653, #964, #2314, #2305, #3237, #1363, #1562, #1180, #1678, #369 ) ) ;
#1896 = DIRECTION ( 'NONE',  ( -1.000000000000000000, 0.000000000000000000, -0.000000000000000000 ) ) ;
#1897 = DIRECTION ( 'NONE',  ( 0.000000000000000000, 0.000000000000000000, -1.000000000000000000 ) ) ;
#1898 = ADVANCED_FACE ( 'NONE', ( #2464 ), #2447, .T. ) ;
#1899 = VERTEX_POINT ( 'NONE', #2647 ) ;
#1900 = ORIENTED_EDGE ( 'NONE', *, *, #2081, .T. ) ;
#1901 = VECTOR ( 'NONE', #439, 1000.000000000000000 ) ;
#1902 = DIRECTION ( 'NONE',  ( 0.000000000000000000, -1.000000000000000000, 0.000000000000000000 ) ) ;
#1903 = LINE ( 'NONE', #1680, #3253 ) ;
#1904 = VECTOR ( 'NONE', #1115, 1000.000000000000000 ) ;
#1905 = AXIS2_PLACEMENT_3D ( 'NONE', #1744, #2267, #153 ) ;
#1906 = CARTESIAN_POINT ( 'NONE',  ( -473.0000000000000000, 119.0999999999999801, -94.99999999999994316 ) ) ;
#1907 = B_SPLINE_CURVE_WITH_KNOTS ( 'NONE', 3,
 ( #3175, #2875, #2896, #34, #1058, #2629, #856, #1612, #2615, #1093, #339, #50, #2368, #2106, #2125, #312, #2668, #1580, #3146, #827, #2159, #2090, #3162, #358, #3131, #1836, #3189, #871 ),
 .UNSPECIFIED., .F., .F.,
 ( 4, 2, 2, 2, 2, 2, 2, 2, 2, 2, 2, 2, 2, 4 ),
 ( 0.04631997248976879589, 0.04874675939167559535, 0.04996015284262897427, 0.05117354629358235318, 0.05238693974453573210, 0.05360033319548911102, 0.05602712009739586885, 0.05724051354834924776, 0.05845390699930262668, 0.06088069390120938451, 0.06209408735216276343, 0.06330748080311612846, 0.06452087425406949350, 0.06573426770502287242 ),
 .UNSPECIFIED. ) ;
#1908 = EDGE_CURVE ( 'NONE', #2612, #2835, #920, .T. ) ;
#1909 = VECTOR ( 'NONE', #2304, 1000.000000000000000 ) ;
#1910 = CARTESIAN_POINT ( 'NONE',  ( -178.4999999999999716, 139.0999999999999943, -111.0000000000000284 ) ) ;
#1911 = DIRECTION ( 'NONE',  ( 1.000000000000000000, -3.469446951953611231E-16, 0.000000000000000000 ) ) ;
#1912 = CARTESIAN_POINT ( 'NONE',  ( 158.5000000000000000, 165.5999999999999943, -114.9999999999997726 ) ) ;
#1913 = VECTOR ( 'NONE', #2944, 1000.000000000000000 ) ;
#1914 = CARTESIAN_POINT ( 'NONE',  ( 102.9999999999999858, 60.59799999999998477, 82.99999999999997158 ) ) ;
#1915 = CARTESIAN_POINT ( 'NONE',  ( 457.4999999999999432, 119.0999999999999801, 83.00000000000008527 ) ) ;
#1916 = ORIENTED_EDGE ( 'NONE', *, *, #2867, .F. ) ;
#1917 = EDGE_CURVE ( 'NONE', #1063, #683, #1480, .T. ) ;
#1918 = ORIENTED_EDGE ( 'NONE', *, *, #3245, .T. ) ;
#1919 = DIRECTION ( 'NONE',  ( -1.000000000000000000, 0.000000000000000000, 0.000000000000000000 ) ) ;
#1920 = DIRECTION ( 'NONE',  ( 0.000000000000000000, 0.000000000000000000, -1.000000000000000000 ) ) ;
#1921 = EDGE_CURVE ( 'NONE', #2639, #1466, #702, .T. ) ;
#1922 = ORIENTED_EDGE ( 'NONE', *, *, #774, .T. ) ;
#1923 = CARTESIAN_POINT ( 'NONE',  ( -457.4999999999999432, 123.5999999999999943, -94.99999999999994316 ) ) ;
#1924 = CARTESIAN_POINT ( 'NONE',  ( -350.3182096153932434, 60.60000000000003695, 104.5890701510757879 ) ) ;
#1925 = ORIENTED_EDGE ( 'NONE', *, *, #2037, .T. ) ;
#1926 = VERTEX_POINT ( 'NONE', #173 ) ;
#1927 = ORIENTED_EDGE ( 'NONE', *, *, #1719, .T. ) ;
#1928 = CARTESIAN_POINT ( 'NONE',  ( 294.7795786685366011, 80.60000000000009379, 115.0000000000000142 ) ) ;
#1929 = DIRECTION ( 'NONE',  ( 1.000000000000000000, 0.000000000000000000, -0.000000000000000000 ) ) ;
#1930 = CARTESIAN_POINT ( 'NONE',  ( 0.000000000000000000, 165.5999999999999943, -111.0000000000000284 ) ) ;
#1931 = CARTESIAN_POINT ( 'NONE',  ( -158.5000000000000000, 165.5999999999999659, -110.9999999999997726 ) ) ;
#1932 = DIRECTION ( 'NONE',  ( -1.000000000000000000, 0.000000000000000000, -0.000000000000000000 ) ) ;
#1933 = ORIENTED_EDGE ( 'NONE', *, *, #1626, .F. ) ;
#1934 = DIRECTION ( 'NONE',  ( 0.000000000000000000, 0.000000000000000000, -1.000000000000000000 ) ) ;
#1935 = CARTESIAN_POINT ( 'NONE',  ( 357.8999999999999204, 30.94999999999997087, 69.69999999999987494 ) ) ;
#1936 = ORIENTED_EDGE ( 'NONE', *, *, #958, .T. ) ;
#1937 = CARTESIAN_POINT ( 'NONE',  ( 343.5445390991460499, 60.60000000000013642, 107.6376059338409448 ) ) ;
#1938 = EDGE_CURVE ( 'NONE', #32, #998, #2770, .T. ) ;
#1939 = DIRECTION ( 'NONE',  ( 0.000000000000000000, -1.000000000000000000, -0.000000000000000000 ) ) ;
#1940 = DIRECTION ( 'NONE',  ( 0.000000000000000000, 0.000000000000000000, -1.000000000000000000 ) ) ;
#1941 = FACE_OUTER_BOUND ( 'NONE', #2687, .T. ) ;
#1942 = DIRECTION ( 'NONE',  ( -0.000000000000000000, -0.000000000000000000, 1.000000000000000000 ) ) ;
#1943 = DIRECTION ( 'NONE',  ( 0.000000000000000000, 1.000000000000000000, 0.000000000000000000 ) ) ;
#1944 = EDGE_CURVE ( 'NONE', #1443, #2705, #759, .T. ) ;
#1945 = VECTOR ( 'NONE', #2831, 1000.000000000000000 ) ;
#1946 = EDGE_CURVE ( 'NONE', #1673, #2173, #2779, .T. ) ;
#1947 = CARTESIAN_POINT ( 'NONE',  ( 87.48378261187622229, 344.6713961449503927, 102.5015208832888476 ) ) ;
#1948 = ORIENTED_EDGE ( 'NONE', *, *, #2974, .T. ) ;
#1949 = ORIENTED_EDGE ( 'NONE', *, *, #482, .F. ) ;
#1950 = CARTESIAN_POINT ( 'NONE',  ( -294.7795786685366011, 60.60000000000001563, 115.0000000000000995 ) ) ;
#1951 = CARTESIAN_POINT ( 'NONE',  ( 457.4999999999999432, 123.5999999999999943, -114.9999999999999574 ) ) ;
#1952 = ORIENTED_EDGE ( 'NONE', *, *, #532, .T. ) ;
#1953 = DIRECTION ( 'NONE',  ( 1.000000000000000000, -0.000000000000000000, 0.000000000000000000 ) ) ;
#1954 = CARTESIAN_POINT ( 'NONE',  ( 89.37889328974658554, 344.1848120061121676, -101.9665582895385398 ) ) ;
#1955 = ORIENTED_EDGE ( 'NONE', *, *, #1587, .T. ) ;
#1956 = VECTOR ( 'NONE', #1942, 1000.000000000000000 ) ;
#1957 = ORIENTED_EDGE ( 'NONE', *, *, #2787, .T. ) ;
#1958 = DIRECTION ( 'NONE',  ( -1.000000000000000000, 0.000000000000000000, 0.000000000000000000 ) ) ;
#1959 = CARTESIAN_POINT ( 'NONE',  ( 94.97824963726715453, 337.4904459626695825, -92.08087588084730157 ) ) ;
#1960 = VECTOR ( 'NONE', #2254, 1000.000000000000000 ) ;
#1961 = AXIS2_PLACEMENT_3D ( 'NONE', #1127, #2108, #1352 ) ;
#1962 = AXIS2_PLACEMENT_3D ( 'NONE', #1871, #2782, #2399 ) ;
#1963 = AXIS2_PLACEMENT_3D ( 'NONE', #1598, #1893, #103 ) ;
#1964 = VECTOR ( 'NONE', #2366, 1000.000000000000000 ) ;
#1965 = CARTESIAN_POINT ( 'NONE',  ( -333.4282531520087218, 123.6000000000000085, -103.0000000000000426 ) ) ;
#1966 = ORIENTED_EDGE ( 'NONE', *, *, #2123, .T. ) ;
#1967 = VERTEX_POINT ( 'NONE', #2753 ) ;
#1968 = FACE_OUTER_BOUND ( 'NONE', #2732, .T. ) ;
#1969 = CYLINDRICAL_SURFACE ( 'NONE', #927, 20.00000000000000355 ) ;
#1970 = VERTEX_POINT ( 'NONE', #2499 ) ;
#1971 = CARTESIAN_POINT ( 'NONE',  ( 322.2982314565192041, 119.0999999999999801, -110.0000000000000426 ) ) ;
#1972 = CARTESIAN_POINT ( 'NONE',  ( 100.2910250255132780, 341.1651538206127725, -93.13666375952027465 ) ) ;
#1973 = VERTEX_POINT ( 'NONE', #1460 ) ;
#1974 = DIRECTION ( 'NONE',  ( 0.000000000000000000, 0.000000000000000000, -1.000000000000000000 ) ) ;
#1975 = CARTESIAN_POINT ( 'NONE',  ( 97.24325765846816694, 336.8445565835016282, -87.80280816767189833 ) ) ;
#1976 = DIRECTION ( 'NONE',  ( 1.000000000000000000, 0.000000000000000000, -0.000000000000000000 ) ) ;
#1977 = EDGE_CURVE ( 'NONE', #2109, #2920, #191, .T. ) ;
#1978 = CARTESIAN_POINT ( 'NONE',  ( -473.0000000000000000, 119.0999999999999801, -94.99999999999994316 ) ) ;
#1979 = CARTESIAN_POINT ( 'NONE',  ( 96.56481820839583463, 342.2379710982477263, 97.71122752537671374 ) ) ;
#1980 = ORIENTED_EDGE ( 'NONE', *, *, #1506, .T. ) ;
#1981 = DIRECTION ( 'NONE',  ( -1.000000000000000000, 0.000000000000000000, 0.000000000000000000 ) ) ;
#1982 = ADVANCED_FACE ( 'NONE', ( #735 ), #3287, .F. ) ;
#1983 = CARTESIAN_POINT ( 'NONE',  ( 97.60560481099803098, 336.7395380218915761, 86.45336637004332658 ) ) ;
#1984 = ORIENTED_EDGE ( 'NONE', *, *, #105, .T. ) ;
#1985 = DIRECTION ( 'NONE',  ( 0.000000000000000000, 0.000000000000000000, -1.000000000000000000 ) ) ;
#1986 = CARTESIAN_POINT ( 'NONE',  ( 101.9084274064921800, 340.6846731950398066, -89.52551154972758241 ) ) ;
#1987 = CARTESIAN_POINT ( 'NONE',  ( 470.0000000000000000, 123.5999999999999943, -104.1651513899116424 ) ) ;
#1988 = CARTESIAN_POINT ( 'NONE',  ( 97.81008292551490513, 336.6802006633255928, -85.42949088522568957 ) ) ;
#1989 = LINE ( 'NONE', #1690, #3203 ) ;
#1990 = EDGE_LOOP ( 'NONE', ( #42, #2993, #794, #824, #2011, #2252 ) ) ;
#1991 = PLANE ( 'NONE',  #2386 ) ;
#1992 = VECTOR ( 'NONE', #384, 1000.000000000000000 ) ;
#1993 = LINE ( 'NONE', #149, #1688 ) ;
#1994 = ORIENTED_EDGE ( 'NONE', *, *, #747, .T. ) ;
#1995 = CARTESIAN_POINT ( 'NONE',  ( -82.99999999999997158, 365.5999999999999659, 102.9999999999999858 ) ) ;
#1996 = PLANE ( 'NONE',  #53 ) ;
#1997 = FACE_OUTER_BOUND ( 'NONE', #1344, .T. ) ;
#1998 = ADVANCED_FACE ( 'NONE', ( #235 ), #3239, .F. ) ;
#1999 = DIRECTION ( 'NONE',  ( 0.000000000000000000, 0.000000000000000000, -1.000000000000000000 ) ) ;
#2000 = DIRECTION ( 'NONE',  ( 1.000000000000000000, -1.387778780781446464E-15, 0.000000000000000000 ) ) ;
#2001 = CARTESIAN_POINT ( 'NONE',  ( -353.4999999999999432, 90.25000000000000000, -80.29999999999998295 ) ) ;
#2002 = ORIENTED_EDGE ( 'NONE', *, *, #741, .T. ) ;
#2003 = CIRCLE ( 'NONE', #2552, 19.99999999999998934 ) ;
#2004 = VECTOR ( 'NONE', #1943, 1000.000000000000000 ) ;
#2005 = CARTESIAN_POINT ( 'NONE',  ( -89.86980850811626453, 338.8863585437253505, 96.34292472247663852 ) ) ;
#2006 = DIRECTION ( 'NONE',  ( -1.000000000000000000, -1.816464372750583381E-16, 0.000000000000000000 ) ) ;
#2007 = ORIENTED_EDGE ( 'NONE', *, *, #154, .T. ) ;
#2008 = EDGE_CURVE ( 'NONE', #1973, #1466, #3036, .T. ) ;
#2009 = DIRECTION ( 'NONE',  ( 1.000000000000000000, 0.000000000000000000, 0.000000000000000000 ) ) ;
#2010 = CARTESIAN_POINT ( 'NONE',  ( -97.99999999999997158, 336.6249545116939430, -82.99999999999997158 ) ) ;
#2011 = ORIENTED_EDGE ( 'NONE', *, *, #9, .T. ) ;
#2012 = CARTESIAN_POINT ( 'NONE',  ( -198.4999999999999432, 119.1000000000000227, 83.00000000000008527 ) ) ;
#2013 = DIRECTION ( 'NONE',  ( -1.816464372750583381E-16, 1.000000000000000000, 0.000000000000000000 ) ) ;
#2014 = PLANE ( 'NONE',  #609 ) ;
#2015 = DIRECTION ( 'NONE',  ( -0.000000000000000000, -0.000000000000000000, 1.000000000000000000 ) ) ;
#2016 = ORIENTED_EDGE ( 'NONE', *, *, #318, .F. ) ;
#2017 = CARTESIAN_POINT ( 'NONE',  ( 353.4999999999999432, 60.59999999999998721, 69.69999999999987494 ) ) ;
#2018 = CARTESIAN_POINT ( 'NONE',  ( -357.8999999999999204, 30.94999999999997797, -92.99999999999997158 ) ) ;
#2019 = ORIENTED_EDGE ( 'NONE', *, *, #1240, .F. ) ;
#2020 = DIRECTION ( 'NONE',  ( 0.000000000000000000, 0.000000000000000000, -1.000000000000000000 ) ) ;
#2021 = EDGE_CURVE ( 'NONE', #2301, #631, #2055, .T. ) ;
#2022 = CARTESIAN_POINT ( 'NONE',  ( 357.8999999999999204, 60.59999999999998721, -173.6652367249975555 ) ) ;
#2023 = APPROVAL_DATE_TIME ( #249, #1337 ) ;
#2024 = EDGE_CURVE ( 'NONE', #3060, #2238, #1884, .T. ) ;
#2025 = ORIENTED_EDGE ( 'NONE', *, *, #590, .T. ) ;
#2026 = CARTESIAN_POINT ( 'NONE',  ( 457.4999999999999432, 60.59999999999998721, 98.50000000000008527 ) ) ;
#2027 = CARTESIAN_POINT ( 'NONE',  ( -345.3230371695465237, 60.60000000000000142, 103.0000000000000426 ) ) ;
#2028 = DIRECTION ( 'NONE',  ( 4.948533979758262294E-16, 8.988835671576540865E-32, 1.000000000000000000 ) ) ;
#2029 = VERTEX_POINT ( 'NONE', #1829 ) ;
#2030 = CARTESIAN_POINT ( 'NONE',  ( -457.4999999999999432, 119.0999999999999801, 83.00000000000008527 ) ) ;
#2031 = EDGE_CURVE ( 'NONE', #1264, #999, #763, .T. ) ;
#2032 = CARTESIAN_POINT ( 'NONE',  ( 348.7719810034814145, 60.60000000000015064, 109.0424141963479485 ) ) ;
#2033 = VERTEX_POINT ( 'NONE', #2087 ) ;
#2034 = EDGE_CURVE ( 'NONE', #1502, #2457, #3042, .T. ) ;
#2035 = CARTESIAN_POINT ( 'NONE',  ( -95.69430140859702760, 337.2877771647640088, -91.00634373129972232 ) ) ;
#2036 = DIRECTION ( 'NONE',  ( -1.000000000000000000, 0.000000000000000000, 0.000000000000000000 ) ) ;
#2037 = EDGE_CURVE ( 'NONE', #567, #3344, #2501, .T. ) ;
#2038 = VERTEX_POINT ( 'NONE', #500 ) ;
#2039 = AXIS2_PLACEMENT_3D ( 'NONE', #510, #2020, #2082 ) ;
#2040 = PLANE ( 'NONE',  #1830 ) ;
#2041 = CARTESIAN_POINT ( 'NONE',  ( -328.1479139525613391, 119.0999999999999801, -107.3452424987716967 ) ) ;
#2042 = CALENDAR_DATE ( 2025, 7, 9 ) ;
#2043 = ADVANCED_FACE ( 'NONE', ( #821 ), #3127, .T. ) ;
#2044 = ORIENTED_EDGE ( 'NONE', *, *, #2900, .T. ) ;
#2045 = AXIS2_PLACEMENT_3D ( 'NONE', #252, #1069, #306 ) ;
#2046 = DIRECTION ( 'NONE',  ( -0.000000000000000000, 1.000000000000000000, 0.000000000000000000 ) ) ;
#2047 = DIRECTION ( 'NONE',  ( 1.816464372750583381E-16, -1.000000000000000000, 0.000000000000000000 ) ) ;
#2048 = VERTEX_POINT ( 'NONE', #268 ) ;
#2049 = DIRECTION ( 'NONE',  ( -0.000000000000000000, -0.000000000000000000, 1.000000000000000000 ) ) ;
#2050 = CARTESIAN_POINT ( 'NONE',  ( 99.71692327870725592, 341.3325830757092945, 93.98418463116149724 ) ) ;
#2051 = VECTOR ( 'NONE', #3018, 1000.000000000000000 ) ;
#2052 = CARTESIAN_POINT ( 'NONE',  ( -91.66469696628217889, 338.4052627902249810, -95.25405414922710179 ) ) ;
#2053 = DIRECTION ( 'NONE',  ( 1.816464372750583381E-16, -1.000000000000000000, 0.000000000000000000 ) ) ;
#2054 = DIRECTION ( 'NONE',  ( -0.000000000000000000, -0.000000000000000000, -1.000000000000000000 ) ) ;
#2055 = CIRCLE ( 'NONE', #2771, 20.00000000000001776 ) ;
#2056 = AXIS2_PLACEMENT_3D ( 'NONE', #1819, #1030, #756 ) ;
#2057 = ORIENTED_EDGE ( 'NONE', *, *, #139, .T. ) ;
#2058 = VECTOR ( 'NONE', #2054, 1000.000000000000000 ) ;
#2059 = CARTESIAN_POINT ( 'NONE',  ( 357.8999999999999204, 90.25000000000000000, -86.64999999999997726 ) ) ;
#2060 = DIRECTION ( 'NONE',  ( 0.000000000000000000, 0.000000000000000000, 1.000000000000000000 ) ) ;
#2061 = CARTESIAN_POINT ( 'NONE',  ( -353.4999999999999432, 60.59999999999998721, -115.0000000000000284 ) ) ;
#2062 = CARTESIAN_POINT ( 'NONE',  ( -457.4999999999999432, 119.0999999999999801, 98.50000000000008527 ) ) ;
#2063 = COORDINATED_UNIVERSAL_TIME_OFFSET ( 10, 0, .AHEAD. ) ;
#2064 = VECTOR ( 'NONE', #2737, 1000.000000000000000 ) ;
#2065 = CC_DESIGN_SECURITY_CLASSIFICATION ( #2662, ( #1793 ) ) ;
#2066 = EDGE_LOOP ( 'NONE', ( #1174, #2467, #3214, #423 ) ) ;
#2067 = DIRECTION ( 'NONE',  ( 1.000000000000000000, 1.816464372750583874E-16, 0.000000000000000000 ) ) ;
#2068 = CARTESIAN_POINT ( 'NONE',  ( -331.6386896249961183, 123.6000000000000085, -109.1707207653334137 ) ) ;
#2069 = ORIENTED_EDGE ( 'NONE', *, *, #2245, .F. ) ;
#2070 = CARTESIAN_POINT ( 'NONE',  ( -344.3596685879689403, 60.59999999999999432, 106.5265345258583665 ) ) ;
#2071 = CARTESIAN_POINT ( 'NONE',  ( -82.99999999999997158, 360.5999999999999659, -82.99999999999997158 ) ) ;
#2072 = CARTESIAN_POINT ( 'NONE',  ( 353.4999999999999432, 60.59999999999998721, -173.6652367249975555 ) ) ;
#2073 = VERTEX_POINT ( 'NONE', #2890 ) ;
#2074 = EDGE_LOOP ( 'NONE', ( #2743, #1272, #1863, #3335 ) ) ;
#2075 = ADVANCED_FACE ( 'NONE', ( #2296 ), #2837, .T. ) ;
#2076 = CARTESIAN_POINT ( 'NONE',  ( -87.76763794984520928, 339.4378773254930479, -97.25554886247194020 ) ) ;
#2077 = FACE_OUTER_BOUND ( 'NONE', #116, .T. ) ;
#2078 = FACE_OUTER_BOUND ( 'NONE', #1238, .T. ) ;
#2079 = VERTEX_POINT ( 'NONE', #1592 ) ;
#2080 = DIRECTION ( 'NONE',  ( 1.000000000000000000, 0.000000000000000000, 0.000000000000000000 ) ) ;
#2081 = EDGE_CURVE ( 'NONE', #1401, #3001, #788, .T. ) ;
#2082 = DIRECTION ( 'NONE',  ( -1.000000000000000000, 0.000000000000000000, -0.000000000000000000 ) ) ;
#2083 = CARTESIAN_POINT ( 'NONE',  ( 294.7795786685366011, 60.60000000000012221, 110.0000000000000142 ) ) ;
#2084 = ORIENTED_EDGE ( 'NONE', *, *, #1653, .T. ) ;
#2085 = ORIENTED_EDGE ( 'NONE', *, *, #1482, .T. ) ;
#2086 = CARTESIAN_POINT ( 'NONE',  ( 178.5000000000001137, 1.869573678260290713E-13, -111.0000000000000284 ) ) ;
#2087 = CARTESIAN_POINT ( 'NONE',  ( 457.4999999999999432, 119.1000000000000085, -114.9999999999999574 ) ) ;
#2088 = ORIENTED_EDGE ( 'NONE', *, *, #640, .F. ) ;
#2089 = CARTESIAN_POINT ( 'NONE',  ( -343.8448995397891963, 60.60000000000000853, 107.2981058575861510 ) ) ;
#2090 = CARTESIAN_POINT ( 'NONE',  ( 323.8191733791694560, 123.6000000000000227, -114.6236234590134870 ) ) ;
#2091 = FACE_OUTER_BOUND ( 'NONE', #128, .T. ) ;
#2092 = VERTEX_POINT ( 'NONE', #750 ) ;
#2093 = FACE_OUTER_BOUND ( 'NONE', #615, .T. ) ;
#2094 = CARTESIAN_POINT ( 'NONE',  ( -327.8309102042610448, 119.0999999999999801, -107.6974209276931731 ) ) ;
#2095 = PERSON_AND_ORGANIZATION ( #378, #876 ) ;
#2096 = VECTOR ( 'NONE', #758, 1000.000000000000000 ) ;
#2097 = DIRECTION ( 'NONE',  ( -1.000000000000000000, 1.047380211910526482E-15, 0.000000000000000000 ) ) ;
#2098 = DIRECTION ( 'NONE',  ( 9.251858538542971828E-16, 0.000000000000000000, -1.000000000000000000 ) ) ;
#2099 = ORIENTED_EDGE ( 'NONE', *, *, #1240, .T. ) ;
#2100 = CARTESIAN_POINT ( 'NONE',  ( 340.0496301365146223, 60.60000000000012932, 109.7665364654558715 ) ) ;
#2101 = AXIS2_PLACEMENT_3D ( 'NONE', #804, #1273, #734 ) ;
#2102 = VERTEX_POINT ( 'NONE', #1811 ) ;
#2103 = EDGE_CURVE ( 'NONE', #111, #2872, #290, .T. ) ;
#2104 = DIRECTION ( 'NONE',  ( 1.000000000000000000, 1.047380211910526482E-15, -0.000000000000000000 ) ) ;
#2105 = CARTESIAN_POINT ( 'NONE',  ( 338.2138376826116541, 60.60000000000012932, 115.0000000000000142 ) ) ;
#2106 = CARTESIAN_POINT ( 'NONE',  ( 329.2225566142489583, 123.5999999999999943, -111.8992986094539646 ) ) ;
#2107 = ADVANCED_FACE ( 'NONE', ( #767 ), #2853, .T. ) ;
#2108 = DIRECTION ( 'NONE',  ( -0.000000000000000000, 1.000000000000000000, 0.000000000000000000 ) ) ;
#2109 = VERTEX_POINT ( 'NONE', #2907 ) ;
#2110 = ORIENTED_EDGE ( 'NONE', *, *, #2650, .T. ) ;
#2111 = CARTESIAN_POINT ( 'NONE',  ( -473.0000000000000000, 123.5999999999999801, -94.99999999999994316 ) ) ;
#2112 = CARTESIAN_POINT ( 'NONE',  ( 0.000000000000000000, 0.000000000000000000, 348.6326111661829259 ) ) ;
#2113 = DIRECTION ( 'NONE',  ( 0.000000000000000000, -0.000000000000000000, -1.000000000000000000 ) ) ;
#2114 = EDGE_CURVE ( 'NONE', #197, #2905, #115, .T. ) ;
#2115 = ORIENTED_EDGE ( 'NONE', *, *, #1081, .T. ) ;
#2116 = CARTESIAN_POINT ( 'NONE',  ( -97.94287612622281358, 341.8460827844714345, 96.30944807641091643 ) ) ;
#2117 = CIRCLE ( 'NONE', #3089, 343.6000000000000227 ) ;
#2118 = CIRCLE ( 'NONE', #2281, 19.99999999999998934 ) ;
#2119 = CARTESIAN_POINT ( 'NONE',  ( 102.9999999999999858, 340.3562251524129465, -82.99999999999997158 ) ) ;
#2120 = VERTEX_POINT ( 'NONE', #851 ) ;
#2121 = EDGE_LOOP ( 'NONE', ( #1886, #1867, #414, #3243 ) ) ;
#2122 = ORIENTED_EDGE ( 'NONE', *, *, #713, .T. ) ;
#2123 = EDGE_CURVE ( 'NONE', #2442, #2173, #2655, .T. ) ;
#2124 = LINE ( 'NONE', #3161, #484 ) ;
#2125 = CARTESIAN_POINT ( 'NONE',  ( 328.9052848521891974, 123.6000000000000085, -112.1595124274069661 ) ) ;
#2126 = CARTESIAN_POINT ( 'NONE',  ( -477.5000000000000000, 60.59999999999997300, -94.99999999999994316 ) ) ;
#2127 = DIRECTION ( 'NONE',  ( 0.000000000000000000, 0.000000000000000000, -1.000000000000000000 ) ) ;
#2128 = ORIENTED_EDGE ( 'NONE', *, *, #1723, .F. ) ;
#2129 = ORIENTED_EDGE ( 'NONE', *, *, #2370, .T. ) ;
#2130 = DIRECTION ( 'NONE',  ( 0.000000000000000000, 0.000000000000000000, -1.000000000000000000 ) ) ;
#2131 = DIRECTION ( 'NONE',  ( -1.000000000000000000, 0.000000000000000000, -0.000000000000000000 ) ) ;
#2132 = EDGE_CURVE ( 'NONE', #1531, #999, #1903, .T. ) ;
#2133 = VERTEX_POINT ( 'NONE', #2397 ) ;
#2134 = CARTESIAN_POINT ( 'NONE',  ( -102.3094507345555542, 340.5644994046730289, 88.25253842100418922 ) ) ;
#2135 = DIRECTION ( 'NONE',  ( 1.000000000000000000, -0.000000000000000000, 0.000000000000000000 ) ) ;
#2136 = EDGE_LOOP ( 'NONE', ( #3191, #2593, #37, #1173 ) ) ;
#2137 = LINE ( 'NONE', #599, #605 ) ;
#2138 = LINE ( 'NONE', #3172, #1202 ) ;
#2139 = CARTESIAN_POINT ( 'NONE',  ( -95.05546578363947674, 342.6603250769465490, -98.97168914898701075 ) ) ;
#2140 = DIRECTION ( 'NONE',  ( -0.000000000000000000, 1.000000000000000000, 0.000000000000000000 ) ) ;
#2141 = CC_DESIGN_PERSON_AND_ORGANIZATION_ASSIGNMENT ( #2362, #1808, ( #2337 ) ) ;
#2142 = CARTESIAN_POINT ( 'NONE',  ( -431.0114902050286787, 90.25000000000000000, 57.00000000000004974 ) ) ;
#2143 = DIRECTION ( 'NONE',  ( 1.816464372750583381E-16, 1.000000000000000000, 0.000000000000000000 ) ) ;
#2144 = ORIENTED_EDGE ( 'NONE', *, *, #1760, .F. ) ;
#2145 = ORIENTED_EDGE ( 'NONE', *, *, #1154, .T. ) ;
#2146 = EDGE_CURVE ( 'NONE', #668, #2551, #352, .T. ) ;
#2147 = CARTESIAN_POINT ( 'NONE',  ( -198.4999999999999432, 139.1000000000000227, -110.9999999999999858 ) ) ;
#2148 = DIRECTION ( 'NONE',  ( 0.000000000000000000, 0.000000000000000000, -1.000000000000000000 ) ) ;
#2149 = CYLINDRICAL_SURFACE ( 'NONE', #3148, 285.5999999999999659 ) ;
#2150 = CARTESIAN_POINT ( 'NONE',  ( -96.57524690592025252, 342.2350262165612094, 97.70152968123056780 ) ) ;
#2151 = PLANE ( 'NONE',  #181 ) ;
#2152 = EDGE_CURVE ( 'NONE', #652, #2561, #2923, .T. ) ;
#2153 = EDGE_LOOP ( 'NONE', ( #980, #798, #1023, #464, #1600, #2423 ) ) ;
#2154 = DIRECTION ( 'NONE',  ( 0.000000000000000000, -1.000000000000000000, -0.000000000000000000 ) ) ;
#2155 = CARTESIAN_POINT ( 'NONE',  ( 275.4877214258313529, 75.32513089005243501, 110.0000000000000142 ) ) ;
#2156 = AXIS2_PLACEMENT_3D ( 'NONE', #2169, #1902, #579 ) ;
#2157 = CARTESIAN_POINT ( 'NONE',  ( 178.5000000000001137, -1.508244984399521778E-12, -115.0000000000000284 ) ) ;
#2158 = EDGE_CURVE ( 'NONE', #3339, #1213, #2441, .T. ) ;
#2159 = CARTESIAN_POINT ( 'NONE',  ( 324.6022885321393687, 123.6000000000000085, -114.4093720173384270 ) ) ;
#2160 = EDGE_CURVE ( 'NONE', #544, #1142, #1156, .T. ) ;
#2161 = AXIS2_PLACEMENT_3D ( 'NONE', #2480, #2752, #2789 ) ;
#2162 = PLANE ( 'NONE',  #2174 ) ;
#2163 = ORIENTED_EDGE ( 'NONE', *, *, #1204, .F. ) ;
#2164 = FACE_OUTER_BOUND ( 'NONE', #522, .T. ) ;
#2165 = DIRECTION ( 'NONE',  ( 0.000000000000000000, 1.000000000000000000, 0.000000000000000000 ) ) ;
#2166 = ORIENTED_EDGE ( 'NONE', *, *, #2206, .F. ) ;
#2167 = ORIENTED_EDGE ( 'NONE', *, *, #65, .F. ) ;
#2168 = CIRCLE ( 'NONE', #444, 20.00000000000001776 ) ;
#2169 = CARTESIAN_POINT ( 'NONE',  ( -82.99999999999997158, 360.5999999999999659, 82.99999999999997158 ) ) ;
#2170 = CARTESIAN_POINT ( 'NONE',  ( -338.2138376826117110, 60.60000000000000853, 115.0000000000000142 ) ) ;
#2171 = ORIENTED_EDGE ( 'NONE', *, *, #192, .T. ) ;
#2172 = DIRECTION ( 'NONE',  ( 0.000000000000000000, 0.000000000000000000, -1.000000000000000000 ) ) ;
#2173 = VERTEX_POINT ( 'NONE', #1140 ) ;
#2174 = AXIS2_PLACEMENT_3D ( 'NONE', #1914, #2669, #1112 ) ;
#2175 = AXIS2_PLACEMENT_3D ( 'NONE', #2998, #676, #3265 ) ;
#2176 = LINE ( 'NONE', #99, #935 ) ;
#2177 = CARTESIAN_POINT ( 'NONE',  ( -100.4074369739237511, 341.1300835048965610, -92.85347115587462952 ) ) ;
#2178 = CYLINDRICAL_SURFACE ( 'NONE', #768, 15.50000000000001421 ) ;
#2179 = AXIS2_PLACEMENT_3D ( 'NONE', #1074, #2104, #2895 ) ;
#2180 = CARTESIAN_POINT ( 'NONE',  ( -473.0000000000000000, 123.5999999999999943, 83.00000000000008527 ) ) ;
#2181 = ADVANCED_FACE ( 'NONE', ( #2677 ), #1119, .T. ) ;
#2182 = VERTEX_POINT ( 'NONE', #334 ) ;
#2183 = CARTESIAN_POINT ( 'NONE',  ( 82.99999999999997158, 360.5999999999999659, 82.99999999999997158 ) ) ;
#2184 = DIRECTION ( 'NONE',  ( 0.000000000000000000, 0.000000000000000000, -1.000000000000000000 ) ) ;
#2185 = ORIENTED_EDGE ( 'NONE', *, *, #2021, .F. ) ;
#2186 = CC_DESIGN_DATE_AND_TIME_ASSIGNMENT ( #2888, #801, ( #2662 ) ) ;
#2187 = CARTESIAN_POINT ( 'NONE',  ( 322.7737344856146819, 119.0999999999999943, -110.0000000000000568 ) ) ;
#2188 = DIRECTION ( 'NONE',  ( -1.816464372750583381E-16, -1.000000000000000000, 0.000000000000000000 ) ) ;
#2189 = ORIENTED_EDGE ( 'NONE', *, *, #2548, .T. ) ;
#2190 = ADVANCED_FACE ( 'NONE', ( #900 ), #2151, .T. ) ;
#2191 = EDGE_LOOP ( 'NONE', ( #2606, #549, #517, #315 ) ) ;
#2192 = CARTESIAN_POINT ( 'NONE',  ( -82.99999999999997158, 60.59799999999998477, 82.99999999999997158 ) ) ;
#2193 = CARTESIAN_POINT ( 'NONE',  ( -82.99999999999997158, 345.7779055983768330, 103.0000000000000426 ) ) ;
#2194 = PLANE ( 'NONE',  #1469 ) ;
#2195 = DIRECTION ( 'NONE',  ( 1.000000000000000000, 0.000000000000000000, 0.000000000000000000 ) ) ;
#2196 = EDGE_LOOP ( 'NONE', ( #2302, #2115, #387, #1372 ) ) ;
#2197 = EDGE_LOOP ( 'NONE', ( #984, #3285, #2675, #1207 ) ) ;
#2198 = DIRECTION ( 'NONE',  ( -1.000000000000000000, -1.816464372750583381E-16, 0.000000000000000000 ) ) ;
#2199 = CARTESIAN_POINT ( 'NONE',  ( 477.5000000000000000, 60.60000000000015064, 1178.427485982952930 ) ) ;
#2200 = ORIENTED_EDGE ( 'NONE', *, *, #1554, .T. ) ;
#2201 = LINE ( 'NONE', #650, #2483 ) ;
#2202 = CARTESIAN_POINT ( 'NONE',  ( 477.5000000000000000, 123.5999999999999801, 83.00000000000008527 ) ) ;
#2203 = ORIENTED_EDGE ( 'NONE', *, *, #843, .F. ) ;
#2204 = DIRECTION ( 'NONE',  ( 0.000000000000000000, 1.000000000000000000, 0.000000000000000000 ) ) ;
#2205 = CARTESIAN_POINT ( 'NONE',  ( -102.3298383615272797, 340.5584269431953430, -88.30568418164732236 ) ) ;
#2206 = EDGE_CURVE ( 'NONE', #744, #1805, #2858, .T. ) ;
#2207 = EDGE_CURVE ( 'NONE', #2461, #2934, #837, .T. ) ;
#2208 = AXIS2_PLACEMENT_3D ( 'NONE', #1923, #633, #2889 ) ;
#2209 = DIRECTION ( 'NONE',  ( -1.000000000000000000, 0.000000000000000000, -0.000000000000000000 ) ) ;
#2210 = CARTESIAN_POINT ( 'NONE',  ( 89.96717941807528973, 344.0314699958886422, 101.7584483469081960 ) ) ;
#2211 = EDGE_LOOP ( 'NONE', ( #93, #3023, #2434, #1524 ) ) ;
#2212 = CARTESIAN_POINT ( 'NONE',  ( -457.4999999999999432, 60.59999999999998721, 83.00000000000008527 ) ) ;
#2213 = FACE_OUTER_BOUND ( 'NONE', #3075, .T. ) ;
#2214 = ORIENTED_EDGE ( 'NONE', *, *, #1787, .T. ) ;
#2215 = CARTESIAN_POINT ( 'NONE',  ( 322.2982314565192041, 119.0999999999999801, -110.0000000000000426 ) ) ;
#2216 = DIRECTION ( 'NONE',  ( 0.000000000000000000, 0.000000000000000000, -1.000000000000000000 ) ) ;
#2217 = EDGE_CURVE ( 'NONE', #2495, #1084, #1699, .T. ) ;
#2218 = ORIENTED_EDGE ( 'NONE', *, *, #81, .T. ) ;
#2219 = DIRECTION ( 'NONE',  ( -1.000000000000000000, 8.881784197001252323E-16, 0.000000000000000000 ) ) ;
#2220 = VECTOR ( 'NONE', #3294, 1000.000000000000000 ) ;
#2221 = CARTESIAN_POINT ( 'NONE',  ( 94.36235995230627793, 337.6634266971273064, -92.83929148769190931 ) ) ;
#2222 = CIRCLE ( 'NONE', #2392, 19.99999999999998934 ) ;
#2223 = AXIS2_PLACEMENT_3D ( 'NONE', #284, #3140, #1040 ) ;
#2224 = DIRECTION ( 'NONE',  ( 0.000000000000000000, -0.000000000000000000, 1.000000000000000000 ) ) ;
#2225 = VECTOR ( 'NONE', #780, 1000.000000000000000 ) ;
#2226 = ADVANCED_FACE ( 'NONE', ( #1997 ), #696, .T. ) ;
#2227 = VECTOR ( 'NONE', #1496, 1000.000000000000000 ) ;
#2228 = AXIS2_PLACEMENT_3D ( 'NONE', #1579, #3071, #3144 ) ;
#2229 = FACE_OUTER_BOUND ( 'NONE', #1720, .T. ) ;
#2230 = APPROVAL_PERSON_ORGANIZATION ( #41, #353, #1324 ) ;
#2231 = VERTEX_POINT ( 'NONE', #3284 ) ;
#2232 = ORIENTED_EDGE ( 'NONE', *, *, #208, .F. ) ;
#2233 = ADVANCED_FACE ( 'NONE', ( #435 ), #2389, .F. ) ;
#2234 = DIRECTION ( 'NONE',  ( 0.000000000000000000, -1.000000000000000000, 0.000000000000000000 ) ) ;
#2235 = CARTESIAN_POINT ( 'NONE',  ( 96.63570322697366066, 337.0191989600510851, 89.26985091237467884 ) ) ;
#2236 = LINE ( 'NONE', #1679, #327 ) ;
#2237 = LINE ( 'NONE', #405, #341 ) ;
#2238 = VERTEX_POINT ( 'NONE', #1232 ) ;
#2239 = LINE ( 'NONE', #2012, #2432 ) ;
#2240 = CARTESIAN_POINT ( 'NONE',  ( 96.48579952775429547, 337.0621704676819945, -89.58566538381835187 ) ) ;
#2241 = LINE ( 'NONE', #2451, #188 ) ;
#2242 = DIRECTION ( 'NONE',  ( -1.000000000000000000, -1.816464372750583874E-16, 4.948533979758262294E-16 ) ) ;
#2243 = LINE ( 'NONE', #2762, #1090 ) ;
#2244 = EDGE_CURVE ( 'NONE', #2739, #3339, #2493, .T. ) ;
#2245 = EDGE_CURVE ( 'NONE', #1696, #998, #2786, .T. ) ;
#2246 = ADVANCED_FACE ( 'NONE', ( #449 ), #1206, .F. ) ;
#2247 = EDGE_LOOP ( 'NONE', ( #568, #3156, #287, #2016, #28, #1850, #1436, #363, #508, #428, #592, #786 ) ) ;
#2248 = CARTESIAN_POINT ( 'NONE',  ( 324.6268776741375746, 119.0999999999999517, -109.6539438037773380 ) ) ;
#2249 = DIRECTION ( 'NONE',  ( 0.000000000000000000, 1.000000000000000000, 0.000000000000000000 ) ) ;
#2250 = EDGE_CURVE ( 'NONE', #1080, #2884, #2237, .T. ) ;
#2251 = ORIENTED_EDGE ( 'NONE', *, *, #532, .F. ) ;
#2252 = ORIENTED_EDGE ( 'NONE', *, *, #2370, .F. ) ;
#2253 = FACE_OUTER_BOUND ( 'NONE', #112, .T. ) ;
#2254 = DIRECTION ( 'NONE',  ( -1.000000000000000000, 1.855700242409348360E-16, -9.897067959516524587E-16 ) ) ;
#2255 = EDGE_CURVE ( 'NONE', #2739, #1548, #874, .T. ) ;
#2256 = CARTESIAN_POINT ( 'NONE',  ( 357.8999999999999204, 119.0999999999999801, 98.49999999999987210 ) ) ;
#2257 = FACE_OUTER_BOUND ( 'NONE', #2838, .T. ) ;
#2258 = ORIENTED_EDGE ( 'NONE', *, *, #1500, .F. ) ;
#2259 = EDGE_CURVE ( 'NONE', #2612, #2033, #421, .T. ) ;
#2260 = CARTESIAN_POINT ( 'NONE',  ( -97.97643873698530115, 336.6318165080376730, 83.97162832397397381 ) ) ;
#2261 = CIRCLE ( 'NONE', #3340, 348.4989794855662808 ) ;
#2262 = LINE ( 'NONE', #1935, #340 ) ;
#2263 = ORIENTED_EDGE ( 'NONE', *, *, #590, .F. ) ;
#2264 = UNCERTAINTY_MEASURE_WITH_UNIT (LENGTH_MEASURE( 1.000000000000000082E-05 ), #921, 'distance_accuracy_value', 'NONE');
#2265 = ORIENTED_EDGE ( 'NONE', *, *, #2974, .F. ) ;
#2266 = DIRECTION ( 'NONE',  ( 1.000000000000000000, -0.000000000000000000, 0.000000000000000000 ) ) ;
#2267 = DIRECTION ( 'NONE',  ( 0.000000000000000000, 1.000000000000000000, 0.000000000000000000 ) ) ;
#2268 = VERTEX_POINT ( 'NONE', #1491 ) ;
#2269 = EDGE_CURVE ( 'NONE', #2968, #2457, #2527, .T. ) ;
#2270 = DIRECTION ( 'NONE',  ( 0.000000000000000000, 1.000000000000000000, -0.000000000000000000 ) ) ;
#2271 = CARTESIAN_POINT ( 'NONE',  ( 89.44447346574902724, 338.9988890032614108, -96.55331381775795307 ) ) ;
#2272 = CARTESIAN_POINT ( 'NONE',  ( -470.0000000000000000, 119.1000000000000085, -110.6124949959959594 ) ) ;
#2273 = ORIENTED_EDGE ( 'NONE', *, *, #2146, .T. ) ;
#2274 = VERTEX_POINT ( 'NONE', #2010 ) ;
#2275 = FACE_OUTER_BOUND ( 'NONE', #147, .T. ) ;
#2276 = VECTOR ( 'NONE', #1116, 1000.000000000000000 ) ;
#2277 = AXIS2_PLACEMENT_3D ( 'NONE', #2059, #278, #2845 ) ;
#2278 = VECTOR ( 'NONE', #2754, 1000.000000000000000 ) ;
#2279 = ORIENTED_EDGE ( 'NONE', *, *, #400, .T. ) ;
#2280 = AXIS2_PLACEMENT_3D ( 'NONE', #1266, #3094, #1802 ) ;
#2281 = AXIS2_PLACEMENT_3D ( 'NONE', #336, #2646, #654 ) ;
#2282 = LOCAL_TIME ( 9, 52, 53.00000000000000000, #2575 ) ;
#2283 = DIRECTION ( 'NONE',  ( 0.000000000000000000, 0.000000000000000000, -1.000000000000000000 ) ) ;
#2284 = DIRECTION ( 'NONE',  ( -1.000000000000000000, -1.387778780781446464E-15, 0.000000000000000000 ) ) ;
#2285 = ADVANCED_FACE ( 'NONE', ( #1 ), #265, .F. ) ;
#2286 = CARTESIAN_POINT ( 'NONE',  ( 343.3876642241676223, 60.60000000000012932, 107.8066667558760230 ) ) ;
#2287 = VECTOR ( 'NONE', #1762, 1000.000000000000000 ) ;
#2288 = ORIENTED_EDGE ( 'NONE', *, *, #3217, .F. ) ;
#2289 = CARTESIAN_POINT ( 'NONE',  ( -431.0114902050286787, 30.94999999999997087, 57.00000000000016342 ) ) ;
#2290 = CARTESIAN_POINT ( 'NONE',  ( 82.99999999999997158, 60.59799999999998477, 97.99999999999997158 ) ) ;
#2291 = DIRECTION ( 'NONE',  ( 0.000000000000000000, 0.000000000000000000, 1.000000000000000000 ) ) ;
#2292 = CARTESIAN_POINT ( 'NONE',  ( -82.99999999999997158, 60.59799999999998477, -97.99999999999997158 ) ) ;
#2293 = EDGE_CURVE ( 'NONE', #1724, #2965, #800, .T. ) ;
#2294 = EDGE_LOOP ( 'NONE', ( #514, #3313, #1827, #1821 ) ) ;
#2295 = PLANE ( 'NONE',  #3290 ) ;
#2296 = FACE_OUTER_BOUND ( 'NONE', #2191, .T. ) ;
#2297 = EDGE_CURVE ( 'NONE', #1100, #683, #1505, .T. ) ;
#2298 = ORIENTED_EDGE ( 'NONE', *, *, #2849, .F. ) ;
#2299 = LINE ( 'NONE', #1056, #2776 ) ;
#2300 = CARTESIAN_POINT ( 'NONE',  ( 349.1496120207296485, 60.60000000000013642, 108.3516142906636048 ) ) ;
#2301 = VERTEX_POINT ( 'NONE', #2083 ) ;
#2302 = ORIENTED_EDGE ( 'NONE', *, *, #877, .T. ) ;
#2303 = CARTESIAN_POINT ( 'NONE',  ( -90.42908508612329399, 338.7375674886988008, -96.04018264675255523 ) ) ;
#2304 = DIRECTION ( 'NONE',  ( -1.000000000000000000, -1.816464372750583874E-16, 0.000000000000000000 ) ) ;
#2305 = ORIENTED_EDGE ( 'NONE', *, *, #1583, .T. ) ;
#2306 = DIRECTION ( 'NONE',  ( 1.000000000000000000, -7.105427357601001859E-15, 0.000000000000000000 ) ) ;
#2307 = CARTESIAN_POINT ( 'NONE',  ( 353.4999999999999432, 60.59999999999998721, -115.0000000000000284 ) ) ;
#2308 = DATE_AND_TIME ( #1002, #403 ) ;
#2309 = ORIENTED_EDGE ( 'NONE', *, *, #3343, .T. ) ;
#2310 = APPLICATION_CONTEXT ( 'configuration controlled 3d designs of mechanical parts and assemblies' ) ;
#2311 = DIRECTION ( 'NONE',  ( 1.047380211910526482E-15, -1.000000000000000000, 0.000000000000000000 ) ) ;
#2312 = CARTESIAN_POINT ( 'NONE',  ( -457.4999999999999432, 119.0999999999999801, -94.99999999999994316 ) ) ;
#2313 = PLANE ( 'NONE',  #1305 ) ;
#2314 = ORIENTED_EDGE ( 'NONE', *, *, #2674, .F. ) ;
#2315 = B_SPLINE_CURVE_WITH_KNOTS ( 'NONE', 3,
 ( #3100, #2832, #2847, #475, #1050, #525, #783, #2361, #39, #3080, #2813, #1066, #2094, #2041, #1521, #3138, #2799, #1251, #1552, #2591, #280, #3316, #1001, #2558 ),
 .UNSPECIFIED., .F., .F.,
 ( 4, 2, 2, 2, 2, 2, 2, 2, 2, 2, 2, 4 ),
 ( 0.04166112027361495995, 0.04307308435583414447, 0.04377906639694374019, 0.04448504843805333592, 0.04589701252027252043, 0.04730897660249171188, 0.04801495864360128679, 0.04872094068471086864, 0.05013290476693015724, 0.05154486884914945277, 0.05225085089025907625, 0.05295683293136869974 ),
 .UNSPECIFIED. ) ;
#2316 = FACE_OUTER_BOUND ( 'NONE', #2987, .T. ) ;
#2317 = DIRECTION ( 'NONE',  ( 0.000000000000000000, 0.000000000000000000, 1.000000000000000000 ) ) ;
#2318 = ORIENTED_EDGE ( 'NONE', *, *, #1651, .T. ) ;
#2319 = CARTESIAN_POINT ( 'NONE',  ( -96.48579952775430968, 337.0621704676820514, 89.58566538381839450 ) ) ;
#2320 = CARTESIAN_POINT ( 'NONE',  ( -473.0000000000000000, 119.0999999999999801, 83.00000000000008527 ) ) ;
#2321 = EDGE_LOOP ( 'NONE', ( #1230, #1105, #163, #985 ) ) ;
#2322 = VERTEX_POINT ( 'NONE', #3066 ) ;
#2323 = VECTOR ( 'NONE', #227, 1000.000000000000000 ) ;
#2324 = CARTESIAN_POINT ( 'NONE',  ( -345.3230371695465237, 60.60000000000000142, 103.0000000000000426 ) ) ;
#2325 = CARTESIAN_POINT ( 'NONE',  ( 353.4999999999999432, 119.0999999999999801, -173.6652367249975555 ) ) ;
#2326 = CALENDAR_DATE ( 2025, 7, 9 ) ;
#2327 = ORIENTED_EDGE ( 'NONE', *, *, #917, .T. ) ;
#2328 = DIRECTION ( 'NONE',  ( 1.000000000000000000, 0.000000000000000000, 0.000000000000000000 ) ) ;
#2329 = ADVANCED_FACE ( 'NONE', ( #493 ), #2346, .T. ) ;
#2330 = ORIENTED_EDGE ( 'NONE', *, *, #35, .F. ) ;
#2331 = CARTESIAN_POINT ( 'NONE',  ( -338.6796127873625437, 60.60000000000000142, 110.0000000000000142 ) ) ;
#2332 = CARTESIAN_POINT ( 'NONE',  ( 349.7505144019939962, 60.60000000000012932, 106.8819853165765039 ) ) ;
#2333 = ORIENTED_EDGE ( 'NONE', *, *, #1204, .T. ) ;
#2334 = EDGE_CURVE ( 'NONE', #2274, #2486, #1824, .T. ) ;
#2335 = VERTEX_POINT ( 'NONE', #2062 ) ;
#2336 = CIRCLE ( 'NONE', #2706, 15.50000000000001421 ) ;
#2337 = PRODUCT_DEFINITION ( 'UNKNOWN', '', #1793, #3350 ) ;
#2338 = CARTESIAN_POINT ( 'NONE',  ( -90.84871386817009409, 338.6252349464535314, -95.79204859376652337 ) ) ;
#2339 = AXIS2_PLACEMENT_3D ( 'NONE', #1424, #2796, #506 ) ;
#2340 = CARTESIAN_POINT ( 'NONE',  ( -353.4999999999999432, 90.25000000000000000, -86.64999999999997726 ) ) ;
#2341 = VECTOR ( 'NONE', #2412, 1000.000000000000000 ) ;
#2342 = VECTOR ( 'NONE', #244, 1000.000000000000000 ) ;
#2343 = VERTEX_POINT ( 'NONE', #816 ) ;
#2344 = CIRCLE ( 'NONE', #1962, 350.6000000000000227 ) ;
#2345 = CARTESIAN_POINT ( 'NONE',  ( 97.99999999999997158, 60.59799999999998477, 82.99999999999997158 ) ) ;
#2346 = CYLINDRICAL_SURFACE ( 'NONE', #1097, 20.00000000000000355 ) ;
#2347 = AXIS2_PLACEMENT_3D ( 'NONE', #456, #3309, #2317 ) ;
#2348 = VECTOR ( 'NONE', #2353, 1000.000000000000000 ) ;
#2349 = VERTEX_POINT ( 'NONE', #1534 ) ;
#2350 = LINE ( 'NONE', #2610, #1235 ) ;
#2351 = CARTESIAN_POINT ( 'NONE',  ( -329.2076376734931955, 123.6000000000000512, -111.9120468847863066 ) ) ;
#2352 = ORIENTED_EDGE ( 'NONE', *, *, #151, .T. ) ;
#2353 = DIRECTION ( 'NONE',  ( 1.000000000000000000, -0.000000000000000000, -0.000000000000000000 ) ) ;
#2354 = CARTESIAN_POINT ( 'NONE',  ( 341.3606396508175749, 60.60000000000013642, 114.5997995599014132 ) ) ;
#2355 = ORIENTED_EDGE ( 'NONE', *, *, #1416, .T. ) ;
#2356 = CARTESIAN_POINT ( 'NONE',  ( 82.99999999999997158, 345.7779055983768330, -103.0000000000000426 ) ) ;
#2357 = PLANE ( 'NONE',  #3204 ) ;
#2358 = ORIENTED_EDGE ( 'NONE', *, *, #2250, .T. ) ;
#2359 = ORIENTED_EDGE ( 'NONE', *, *, #2699, .F. ) ;
#2360 = CARTESIAN_POINT ( 'NONE',  ( -357.8999999999999204, 90.25000000000000000, -80.29999999999998295 ) ) ;
#2361 = CARTESIAN_POINT ( 'NONE',  ( -325.5209139974513164, 119.0999999999999659, -109.3287339875596018 ) ) ;
#2362 = PERSON_AND_ORGANIZATION ( #378, #876 ) ;
#2363 = DIRECTION ( 'NONE',  ( 1.000000000000000000, 0.000000000000000000, 0.000000000000000000 ) ) ;
#2364 = EDGE_CURVE ( 'NONE', #1726, #2079, #2574, .T. ) ;
#2365 = CARTESIAN_POINT ( 'NONE',  ( -82.99999999999997158, 360.5999999999999659, 82.99999999999997158 ) ) ;
#2366 = DIRECTION ( 'NONE',  ( -1.000000000000000000, -1.816464372750583874E-16, 0.000000000000000000 ) ) ;
#2367 = DIRECTION ( 'NONE',  ( -0.000000000000000000, -0.000000000000000000, -1.000000000000000000 ) ) ;
#2368 = CARTESIAN_POINT ( 'NONE',  ( 330.1261588993416467, 123.5999999999999943, -111.0812080368612840 ) ) ;
#2369 = DIRECTION ( 'NONE',  ( 1.000000000000000000, -0.000000000000000000, -0.000000000000000000 ) ) ;
#2370 = EDGE_CURVE ( 'NONE', #269, #2814, #2879, .T. ) ;
#2371 = ORIENTED_EDGE ( 'NONE', *, *, #2963, .F. ) ;
#2372 = ORIENTED_EDGE ( 'NONE', *, *, #1749, .T. ) ;
#2373 = FACE_OUTER_BOUND ( 'NONE', #2211, .T. ) ;
#2374 = PERSON_AND_ORGANIZATION_ROLE ( 'classification_officer' ) ;
#2375 = VECTOR ( 'NONE', #799, 1000.000000000000000 ) ;
#2376 = EDGE_LOOP ( 'NONE', ( #1455, #1952, #1011, #2110 ) ) ;
#2377 = ORIENTED_EDGE ( 'NONE', *, *, #2405, .T. ) ;
#2378 = FACE_OUTER_BOUND ( 'NONE', #1511, .T. ) ;
#2379 = CARTESIAN_POINT ( 'NONE',  ( 82.99999999999997158, 60.59799999999998477, 102.9999999999999858 ) ) ;
#2380 = EDGE_CURVE ( 'NONE', #3001, #2073, #1789, .T. ) ;
#2381 = EDGE_LOOP ( 'NONE', ( #1170, #2932, #1735, #779 ) ) ;
#2382 = DIRECTION ( 'NONE',  ( 1.000000000000000000, -0.000000000000000000, -0.000000000000000000 ) ) ;
#2383 = CARTESIAN_POINT ( 'NONE',  ( 342.8638935279096245, 60.60000000000011511, 114.1127384935539055 ) ) ;
#2384 = PLANE ( 'NONE',  #499 ) ;
#2385 = VERTEX_POINT ( 'NONE', #26 ) ;
#2386 = AXIS2_PLACEMENT_3D ( 'NONE', #1167, #910, #2198 ) ;
#2387 = ORIENTED_EDGE ( 'NONE', *, *, #1785, .T. ) ;
#2388 = CARTESIAN_POINT ( 'NONE',  ( 0.000000000000000000, 0.000000000000000000, 103.0000000000000426 ) ) ;
#2389 = TOROIDAL_SURFACE ( 'NONE', #929, 343.6000000000000227, 7.000000000000000000 ) ;
#2390 = DIRECTION ( 'NONE',  ( 1.000000000000000000, 0.000000000000000000, -4.948533979758262294E-16 ) ) ;
#2391 = AXIS2_PLACEMENT_3D ( 'NONE', #2685, #1332, #3150 ) ;
#2392 = AXIS2_PLACEMENT_3D ( 'NONE', #2598, #535, #553 ) ;
#2393 = DIRECTION ( 'NONE',  ( -0.000000000000000000, -0.000000000000000000, 1.000000000000000000 ) ) ;
#2394 = CARTESIAN_POINT ( 'NONE',  ( 275.4877214258314098, 75.32513089005244922, 348.6326111661829259 ) ) ;
#2395 = AXIS2_PLACEMENT_3D ( 'NONE', #1874, #2929, #1330 ) ;
#2396 = AXIS2_PLACEMENT_3D ( 'NONE', #1928, #2927, #2910 ) ;
#2397 = CARTESIAN_POINT ( 'NONE',  ( 198.4999999999999432, 119.1000000000000085, -115.0000000000000284 ) ) ;
#2398 =( GEOMETRIC_REPRESENTATION_CONTEXT ( 3 ) GLOBAL_UNCERTAINTY_ASSIGNED_CONTEXT ( ( #2264 ) ) GLOBAL_UNIT_ASSIGNED_CONTEXT ( ( #921, #159, #1668 ) ) REPRESENTATION_CONTEXT ( 'NONE', 'WORKASPACE' ) );
#2399 = DIRECTION ( 'NONE',  ( -1.000000000000000000, 0.000000000000000000, 0.000000000000000000 ) ) ;
#2400 = ORIENTED_EDGE ( 'NONE', *, *, #2409, .T. ) ;
#2401 = EDGE_CURVE ( 'NONE', #1665, #1165, #1807, .T. ) ;
#2402 = DIRECTION ( 'NONE',  ( 0.000000000000000000, 0.000000000000000000, -1.000000000000000000 ) ) ;
#2403 = CARTESIAN_POINT ( 'NONE',  ( -84.44220866678512039, 340.2794554948848145, 97.93801741226594970 ) ) ;
#2404 = DIRECTION ( 'NONE',  ( 0.000000000000000000, 1.000000000000000000, 0.000000000000000000 ) ) ;
#2405 = EDGE_CURVE ( 'NONE', #1430, #1064, #2315, .T. ) ;
#2406 = CARTESIAN_POINT ( 'NONE',  ( -82.99999999999997158, 60.59799999999998477, 97.99999999999997158 ) ) ;
#2407 = VERTEX_POINT ( 'NONE', #248 ) ;
#2408 = LINE ( 'NONE', #3166, #1717 ) ;
#2409 = EDGE_CURVE ( 'NONE', #1385, #2578, #1270, .T. ) ;
#2410 = FACE_OUTER_BOUND ( 'NONE', #648, .T. ) ;
#2411 = LINE ( 'NONE', #2394, #2429 ) ;
#2412 = DIRECTION ( 'NONE',  ( -1.000000000000000000, -1.855700242409348360E-16, 4.948533979758262294E-16 ) ) ;
#2413 = EDGE_CURVE ( 'NONE', #2335, #2510, #1405, .T. ) ;
#2414 = CYLINDRICAL_SURFACE ( 'NONE', #1096, 15.00000000000000000 ) ;
#2415 = CARTESIAN_POINT ( 'NONE',  ( -87.24734448414854171, 339.5720556269878898, 97.41765699934300926 ) ) ;
#2416 = LINE ( 'NONE', #87, #1741 ) ;
#2417 = ADVANCED_FACE ( 'NONE', ( #1336 ), #1603, .T. ) ;
#2418 = CARTESIAN_POINT ( 'NONE',  ( -470.0000000000000000, 119.1000000000000085, -104.1651513899116424 ) ) ;
#2419 = CYLINDRICAL_SURFACE ( 'NONE', #1633, 20.00000000000001776 ) ;
#2420 = ORIENTED_EDGE ( 'NONE', *, *, #2544, .F. ) ;
#2421 = DIRECTION ( 'NONE',  ( 0.000000000000000000, 0.000000000000000000, -1.000000000000000000 ) ) ;
#2422 = LINE ( 'NONE', #589, #396 ) ;
#2423 = ORIENTED_EDGE ( 'NONE', *, *, #3070, .F. ) ;
#2424 = EDGE_LOOP ( 'NONE', ( #2665, #2700, #1813, #2825 ) ) ;
#2425 = CARTESIAN_POINT ( 'NONE',  ( -89.37889328974652869, 344.1848120061121676, 101.9665582895385683 ) ) ;
#2426 = CARTESIAN_POINT ( 'NONE',  ( -347.8655950232113696, 60.59999999999998721, 110.3679143834345666 ) ) ;
#2427 = ORIENTED_EDGE ( 'NONE', *, *, #472, .T. ) ;
#2428 = CARTESIAN_POINT ( 'NONE',  ( -357.8999999999999204, 119.0999999999999801, 98.49999999999987210 ) ) ;
#2429 = VECTOR ( 'NONE', #1643, 1000.000000000000000 ) ;
#2430 = DIRECTION ( 'NONE',  ( -0.000000000000000000, -0.000000000000000000, 1.000000000000000000 ) ) ;
#2431 = ADVANCED_FACE ( 'NONE', ( #2373 ), #881, .T. ) ;
#2432 = VECTOR ( 'NONE', #3238, 1000.000000000000000 ) ;
#2433 = CARTESIAN_POINT ( 'NONE',  ( 457.4999999999999432, 123.5999999999999943, 98.50000000000008527 ) ) ;
#2434 = ORIENTED_EDGE ( 'NONE', *, *, #960, .T. ) ;
#2435 = LINE ( 'NONE', #1214, #1845 ) ;
#2436 = CARTESIAN_POINT ( 'NONE',  ( 477.5000000000000000, 60.59999999999997300, 83.00000000000008527 ) ) ;
#2437 = ADVANCED_FACE ( 'NONE', ( #1135 ), #1374, .T. ) ;
#2438 = ORIENTED_EDGE ( 'NONE', *, *, #1719, .F. ) ;
#2439 = VECTOR ( 'NONE', #1470, 1000.000000000000000 ) ;
#2440 = CARTESIAN_POINT ( 'NONE',  ( -102.0151141799801309, 340.6527366247570967, 89.20777291835852907 ) ) ;
#2441 = LINE ( 'NONE', #1377, #1037 ) ;
#2442 = VERTEX_POINT ( 'NONE', #3181 ) ;
#2443 = AXIS2_PLACEMENT_3D ( 'NONE', #2568, #2053, #2536 ) ;
#2444 = CIRCLE ( 'NONE', #77, 19.99999999999998934 ) ;
#2445 = DIRECTION ( 'NONE',  ( 0.000000000000000000, 1.000000000000000000, 0.000000000000000000 ) ) ;
#2446 = PRODUCT ( 'MUDGUARD_REV_A', 'MUDGUARD_REV_A', '', ( #1535 ) ) ;
#2447 = CYLINDRICAL_SURFACE ( 'NONE', #2600, 19.99999999999998934 ) ;
#2448 = CARTESIAN_POINT ( 'NONE',  ( -457.4999999999999432, 123.5999999999999943, -94.99999999999994316 ) ) ;
#2449 = AXIS2_PLACEMENT_3D ( 'NONE', #3266, #2757, #441 ) ;
#2450 = VECTOR ( 'NONE', #463, 1000.000000000000000 ) ;
#2451 = CARTESIAN_POINT ( 'NONE',  ( -357.8999999999999204, 30.94999999999997087, 69.69999999999987494 ) ) ;
#2452 = ORIENTED_EDGE ( 'NONE', *, *, #2745, .F. ) ;
#2453 = ORIENTED_EDGE ( 'NONE', *, *, #2640, .T. ) ;
#2454 = ORIENTED_EDGE ( 'NONE', *, *, #1051, .T. ) ;
#2455 = LINE ( 'NONE', #382, #3192 ) ;
#2456 = CARTESIAN_POINT ( 'NONE',  ( 97.48112844733023508, 336.7756121465320120, 86.94273225156088358 ) ) ;
#2457 = VERTEX_POINT ( 'NONE', #2436 ) ;
#2458 = LINE ( 'NONE', #2765, #1610 ) ;
#2459 = CARTESIAN_POINT ( 'NONE',  ( 0.000000000000000000, 0.000000000000000000, -103.0000000000000426 ) ) ;
#2460 = LINE ( 'NONE', #495, #607 ) ;
#2461 = VERTEX_POINT ( 'NONE', #2689 ) ;
#2462 = ORIENTED_EDGE ( 'NONE', *, *, #2293, .T. ) ;
#2463 = CYLINDRICAL_SURFACE ( 'NONE', #2161, 285.5999999999999659 ) ;
#2464 = FACE_OUTER_BOUND ( 'NONE', #273, .T. ) ;
#2465 = CARTESIAN_POINT ( 'NONE',  ( -338.2138376826117110, 60.60000000000000853, 110.0000000000000142 ) ) ;
#2466 = CARTESIAN_POINT ( 'NONE',  ( -457.4999999999999432, 123.5999999999999943, 98.50000000000008527 ) ) ;
#2467 = ORIENTED_EDGE ( 'NONE', *, *, #906, .T. ) ;
#2468 = VERTEX_POINT ( 'NONE', #613 ) ;
#2469 = LINE ( 'NONE', #2688, #2051 ) ;
#2470 = PLANE ( 'NONE',  #233 ) ;
#2471 = EDGE_CURVE ( 'NONE', #2968, #1080, #3167, .T. ) ;
#2472 = ORIENTED_EDGE ( 'NONE', *, *, #1790, .F. ) ;
#2473 = ORIENTED_EDGE ( 'NONE', *, *, #1341, .T. ) ;
#2474 = CARTESIAN_POINT ( 'NONE',  ( -457.4999999999999432, 123.5999999999999943, 83.00000000000008527 ) ) ;
#2475 = CARTESIAN_POINT ( 'NONE',  ( 97.50098239164709923, 341.9724402887658243, -96.78926441845041495 ) ) ;
#2476 = EDGE_CURVE ( 'NONE', #668, #2038, #129, .T. ) ;
#2477 = ORIENTED_EDGE ( 'NONE', *, *, #3178, .T. ) ;
#2478 = LINE ( 'NONE', #1906, #551 ) ;
#2479 = EDGE_LOOP ( 'NONE', ( #1794, #3193, #2533, #2472 ) ) ;
#2480 = CARTESIAN_POINT ( 'NONE',  ( 0.000000000000000000, 0.000000000000000000, 348.6326111661829259 ) ) ;
#2481 = CARTESIAN_POINT ( 'NONE',  ( 97.97643873698530115, 336.6318165080376730, -83.97162832397393117 ) ) ;
#2482 = DIRECTION ( 'NONE',  ( -1.000000000000000000, 0.000000000000000000, -4.948533979758262294E-16 ) ) ;
#2483 = VECTOR ( 'NONE', #3021, 1000.000000000000000 ) ;
#2484 = CARTESIAN_POINT ( 'NONE',  ( -285.6000000000000227, -1.994334140747197672E-12, 115.0000000000000142 ) ) ;
#2485 = CARTESIAN_POINT ( 'NONE',  ( 0.000000000000000000, 119.1000000000000085, -111.0000000000000284 ) ) ;
#2486 = VERTEX_POINT ( 'NONE', #367 ) ;
#2487 = ORIENTED_EDGE ( 'NONE', *, *, #1177, .F. ) ;
#2488 = CARTESIAN_POINT ( 'NONE',  ( 477.5000000000000000, 60.60000000000015064, 1178.427485982952930 ) ) ;
#2489 = DIRECTION ( 'NONE',  ( 1.000000000000000000, -1.855700242409348360E-16, 4.948533979758262294E-16 ) ) ;
#2490 = ORIENTED_EDGE ( 'NONE', *, *, #649, .T. ) ;
#2491 = B_SPLINE_CURVE_WITH_KNOTS ( 'NONE', 3,
 ( #552, #2331, #1543, #1858, #2873, #1275, #1560, #1009, #310, #2839, #1043, #2821, #2089, #1595, #2070, #270, #2596, #1261, #1835, #289, #1814, #1315 ),
 .UNSPECIFIED., .F., .F.,
 ( 4, 2, 2, 2, 2, 2, 2, 2, 2, 2, 4 ),
 ( 0.000000000000000000, 0.001377618401818021723, 0.002066427602726946932, 0.002755236803635872141, 0.004132855205453569471, 0.005510473607271267234, 0.006888092009088964997, 0.007576901209997858981, 0.008265710410906755568, 0.009643328812724481086, 0.01102094721454220660 ),
 .UNSPECIFIED. ) ;
#2492 = LINE ( 'NONE', #2785, #697 ) ;
#2493 = LINE ( 'NONE', #183, #13 ) ;
#2494 = VECTOR ( 'NONE', #3056, 1000.000000000000000 ) ;
#2495 = VERTEX_POINT ( 'NONE', #577 ) ;
#2496 = LINE ( 'NONE', #2996, #1136 ) ;
#2497 = VECTOR ( 'NONE', #1568, 1000.000000000000000 ) ;
#2498 = AXIS2_PLACEMENT_3D ( 'NONE', #3353, #3051, #2060 ) ;
#2499 = CARTESIAN_POINT ( 'NONE',  ( -357.8999999999999204, 90.25000000000000000, -92.99999999999997158 ) ) ;
#2500 = VECTOR ( 'NONE', #656, 1000.000000000000000 ) ;
#2501 = CIRCLE ( 'NONE', #1306, 343.6000000000000227 ) ;
#2502 = AXIS2_PLACEMENT_3D ( 'NONE', #2808, #2797, #1013 ) ;
#2503 = EDGE_CURVE ( 'NONE', #2461, #2538, #383, .T. ) ;
#2504 = EDGE_CURVE ( 'NONE', #1588, #1548, #833, .T. ) ;
#2505 = AXIS2_PLACEMENT_3D ( 'NONE', #1153, #2988, #2727 ) ;
#2506 = CARTESIAN_POINT ( 'NONE',  ( 353.4999999999999432, 119.0999999999999801, 98.49999999999987210 ) ) ;
#2507 = DIRECTION ( 'NONE',  ( 0.000000000000000000, 0.000000000000000000, 1.000000000000000000 ) ) ;
#2508 = CARTESIAN_POINT ( 'NONE',  ( 87.76763794984520928, 339.4378773254930479, 97.25554886247194020 ) ) ;
#2509 = ORIENTED_EDGE ( 'NONE', *, *, #2514, .F. ) ;
#2510 = VERTEX_POINT ( 'NONE', #133 ) ;
#2511 = EDGE_CURVE ( 'NONE', #1682, #2965, #2422, .T. ) ;
#2512 = CARTESIAN_POINT ( 'NONE',  ( 329.6998058421869473, 119.0999999999999943, -103.9436429733811451 ) ) ;
#2513 = CARTESIAN_POINT ( 'NONE',  ( 102.3094507345555542, 340.5644994046730289, -88.25253842100414658 ) ) ;
#2514 = EDGE_CURVE ( 'NONE', #1401, #1531, #3040, .T. ) ;
#2515 = CARTESIAN_POINT ( 'NONE',  ( 0.000000000000000000, 0.000000000000000000, 98.49999999999987210 ) ) ;
#2516 = CARTESIAN_POINT ( 'NONE',  ( 89.86980850811629296, 338.8863585437253505, -96.34292472247663852 ) ) ;
#2517 = EDGE_CURVE ( 'NONE', #970, #2079, #3216, .T. ) ;
#2518 = ORIENTED_EDGE ( 'NONE', *, *, #1917, .T. ) ;
#2519 = CARTESIAN_POINT ( 'NONE',  ( 98.79288176941457778, 341.6019897901874742, 95.34140430013405876 ) ) ;
#2520 = ORIENTED_EDGE ( 'NONE', *, *, #1921, .T. ) ;
#2521 = CARTESIAN_POINT ( 'NONE',  ( -95.95219381906299816, 337.2144663251821726, -90.58183245950151274 ) ) ;
#2522 = DIRECTION ( 'NONE',  ( 0.000000000000000000, 1.000000000000000000, 0.000000000000000000 ) ) ;
#2523 = CARTESIAN_POINT ( 'NONE',  ( 97.99999999999997158, 60.59799999999998477, 82.99999999999997158 ) ) ;
#2524 = ORIENTED_EDGE ( 'NONE', *, *, #208, .T. ) ;
#2525 = ORIENTED_EDGE ( 'NONE', *, *, #503, .T. ) ;
#2526 = CARTESIAN_POINT ( 'NONE',  ( -285.6000000000000227, 60.60000000000001563, 115.0000000000000142 ) ) ;
#2527 = LINE ( 'NONE', #2202, #1856 ) ;
#2528 = ORIENTED_EDGE ( 'NONE', *, *, #1129, .T. ) ;
#2529 = CARTESIAN_POINT ( 'NONE',  ( 457.4999999999999432, 123.5999999999999943, 103.0000000000000853 ) ) ;
#2530 = CARTESIAN_POINT ( 'NONE',  ( 294.7795786685366011, 80.60000000000009379, 110.0000000000000142 ) ) ;
#2531 = EDGE_CURVE ( 'NONE', #3351, #2461, #331, .T. ) ;
#2532 = CARTESIAN_POINT ( 'NONE',  ( 0.000000000000000000, 0.000000000000000000, -103.0000000000000426 ) ) ;
#2533 = ORIENTED_EDGE ( 'NONE', *, *, #3005, .F. ) ;
#2534 = AXIS2_PLACEMENT_3D ( 'NONE', #2540, #3297, #1000 ) ;
#2535 = CARTESIAN_POINT ( 'NONE',  ( -93.02058429011027840, 338.0355241730390503, 94.20280193301367433 ) ) ;
#2536 = DIRECTION ( 'NONE',  ( -1.000000000000000000, 0.000000000000000000, 0.000000000000000000 ) ) ;
#2537 = ADVANCED_FACE ( 'NONE', ( #2410 ), #1846, .T. ) ;
#2538 = VERTEX_POINT ( 'NONE', #1356 ) ;
#2539 = EDGE_LOOP ( 'NONE', ( #1307, #2359, #3171, #928, #57, #539, #2452, #661 ) ) ;
#2540 = CARTESIAN_POINT ( 'NONE',  ( 457.4999999999999432, 123.5999999999999943, 103.0000000000000853 ) ) ;
#2541 = CARTESIAN_POINT ( 'NONE',  ( -457.4999999999999432, 119.1000000000000085, -94.99999999999994316 ) ) ;
#2542 = ADVANCED_FACE ( 'NONE', ( #564 ), #2149, .F. ) ;
#2543 = ORIENTED_EDGE ( 'NONE', *, *, #285, .F. ) ;
#2544 = EDGE_CURVE ( 'NONE', #1100, #62, #317, .T. ) ;
#2545 = LINE ( 'NONE', #1257, #3133 ) ;
#2546 = CARTESIAN_POINT ( 'NONE',  ( 87.24734448414855592, 339.5720556269879467, -97.41765699934299505 ) ) ;
#2547 = VECTOR ( 'NONE', #2682, 1000.000000000000000 ) ;
#2548 = EDGE_CURVE ( 'NONE', #1885, #1502, #1993, .T. ) ;
#2549 = LINE ( 'NONE', #1026, #2227 ) ;
#2550 = AXIS2_PLACEMENT_3D ( 'NONE', #1151, #2184, #2656 ) ;
#2551 = VERTEX_POINT ( 'NONE', #416 ) ;
#2552 = AXIS2_PLACEMENT_3D ( 'NONE', #995, #1245, #2284 ) ;
#2553 = VECTOR ( 'NONE', #868, 1000.000000000000000 ) ;
#2554 = DIRECTION ( 'NONE',  ( -0.000000000000000000, -0.000000000000000000, 1.000000000000000000 ) ) ;
#2555 = DIRECTION ( 'NONE',  ( 0.000000000000000000, 0.000000000000000000, -1.000000000000000000 ) ) ;
#2556 = ORIENTED_EDGE ( 'NONE', *, *, #1938, .T. ) ;
#2557 = DIRECTION ( 'NONE',  ( 1.000000000000000000, 0.000000000000000000, -0.000000000000000000 ) ) ;
#2558 = CARTESIAN_POINT ( 'NONE',  ( -329.7507391955333560, 119.0999999999999801, -103.0000000000001279 ) ) ;
#2559 = APPROVAL_ROLE ( '' ) ;
#2560 = ADVANCED_FACE ( 'NONE', ( #2213 ), #2470, .T. ) ;
#2561 = VERTEX_POINT ( 'NONE', #666 ) ;
#2562 = CARTESIAN_POINT ( 'NONE',  ( 353.4999999999999432, 60.59999999999998721, 57.00000000000016342 ) ) ;
#2563 = CARTESIAN_POINT ( 'NONE',  ( -326.1346372449573323, 123.6000000000000085, -113.8565190098838684 ) ) ;
#2564 = FACE_OUTER_BOUND ( 'NONE', #2539, .T. ) ;
#2565 = CARTESIAN_POINT ( 'NONE',  ( 198.4999999999999432, 119.1000000000000227, 83.00000000000008527 ) ) ;
#2566 = CARTESIAN_POINT ( 'NONE',  ( 100.8826369457040784, 340.9899744124476229, 91.98055227428994840 ) ) ;
#2567 = CARTESIAN_POINT ( 'NONE',  ( -85.42238729915334261, 340.0347249246711954, -97.81096929559224407 ) ) ;
#2568 = CARTESIAN_POINT ( 'NONE',  ( -457.4999999999999432, 119.0999999999999801, 83.00000000000008527 ) ) ;
#2569 = LINE ( 'NONE', #261, #770 ) ;
#2570 = CARTESIAN_POINT ( 'NONE',  ( 158.5000000000000000, 165.5999999999999943, 835.3461819978975882 ) ) ;
#2571 = ORIENTED_EDGE ( 'NONE', *, *, #3280, .F. ) ;
#2572 = EDGE_CURVE ( 'NONE', #1593, #644, #693, .T. ) ;
#2573 = CARTESIAN_POINT ( 'NONE',  ( -431.0114902050286787, 30.94999999999997797, -80.29999999999998295 ) ) ;
#2574 = LINE ( 'NONE', #1323, #872 ) ;
#2575 = COORDINATED_UNIVERSAL_TIME_OFFSET ( 10, 0, .AHEAD. ) ;
#2576 = CARTESIAN_POINT ( 'NONE',  ( 345.3230371695465237, 60.60000000000012932, 102.9999999999999858 ) ) ;
#2577 = CARTESIAN_POINT ( 'NONE',  ( 198.4999999999999432, 119.1000000000000085, -111.0000000000000284 ) ) ;
#2578 = VERTEX_POINT ( 'NONE', #1677 ) ;
#2579 = DIRECTION ( 'NONE',  ( 1.000000000000000000, 0.000000000000000000, 0.000000000000000000 ) ) ;
#2580 = CARTESIAN_POINT ( 'NONE',  ( -326.8644829889130961, 123.6000000000000085, -113.5041005520750730 ) ) ;
#2581 = EDGE_CURVE ( 'NONE', #2486, #1264, #2243, .T. ) ;
#2582 = ORIENTED_EDGE ( 'NONE', *, *, #1440, .T. ) ;
#2583 = DIRECTION ( 'NONE',  ( 0.000000000000000000, 0.000000000000000000, -1.000000000000000000 ) ) ;
#2584 = CARTESIAN_POINT ( 'NONE',  ( 347.8620736651724314, 60.60000000000012932, 110.3406727087581061 ) ) ;
#2585 = ORIENTED_EDGE ( 'NONE', *, *, #2674, .T. ) ;
#2586 = CARTESIAN_POINT ( 'NONE',  ( -357.8999999999999204, 30.94999999999997797, -80.29999999999998295 ) ) ;
#2587 = FACE_OUTER_BOUND ( 'NONE', #2294, .T. ) ;
#2588 = EDGE_LOOP ( 'NONE', ( #1386, #263, #1465, #1711, #1334, #729, #3028, #2333, #1353, #806, #581, #3183, #622, #3048, #3186, #408, #2556, #1841, #849 ) ) ;
#2589 = AXIS2_PLACEMENT_3D ( 'NONE', #2654, #1322, #1896 ) ;
#2590 = CARTESIAN_POINT ( 'NONE',  ( 353.4999999999999432, 60.59999999999998721, 57.00000000000016342 ) ) ;
#2591 = CARTESIAN_POINT ( 'NONE',  ( -329.6482627392148856, 119.0999999999999943, -104.1811509165258229 ) ) ;
#2592 = APPROVAL_STATUS ( 'not_yet_approved' ) ;
#2593 = ORIENTED_EDGE ( 'NONE', *, *, #1626, .T. ) ;
#2594 = CARTESIAN_POINT ( 'NONE',  ( -357.8999999999999204, 60.59999999999998721, 98.49999999999987210 ) ) ;
#2595 = CARTESIAN_POINT ( 'NONE',  ( -333.4057751608564786, 123.6000000000000085, -103.8189141619796487 ) ) ;
#2596 = CARTESIAN_POINT ( 'NONE',  ( -344.6822363768668538, 60.60000000000001563, 105.9137768234864581 ) ) ;
#2597 = LINE ( 'NONE', #291, #1464 ) ;
#2598 = CARTESIAN_POINT ( 'NONE',  ( 158.5000000000000000, 145.5999999999999659, -110.9999999999999858 ) ) ;
#2599 = ADVANCED_FACE ( 'NONE', ( #1215 ), #1969, .T. ) ;
#2600 = AXIS2_PLACEMENT_3D ( 'NONE', #1162, #2911, #1611 ) ;
#2601 = VECTOR ( 'NONE', #1920, 1000.000000000000000 ) ;
#2602 = VECTOR ( 'NONE', #814, 1000.000000000000000 ) ;
#2603 = DIRECTION ( 'NONE',  ( 0.000000000000000000, 0.000000000000000000, -1.000000000000000000 ) ) ;
#2604 = VECTOR ( 'NONE', #1662, 1000.000000000000000 ) ;
#2605 = VECTOR ( 'NONE', #2369, 1000.000000000000000 ) ;
#2606 = ORIENTED_EDGE ( 'NONE', *, *, #2961, .F. ) ;
#2607 = CARTESIAN_POINT ( 'NONE',  ( -457.4999999999999432, 60.59999999999998010, 83.00000000000008527 ) ) ;
#2608 = DIRECTION ( 'NONE',  ( 1.000000000000000000, -0.000000000000000000, 0.000000000000000000 ) ) ;
#2609 = VECTOR ( 'NONE', #2583, 1000.000000000000000 ) ;
#2610 = CARTESIAN_POINT ( 'NONE',  ( -353.4999999999999432, 60.59999999999998721, -115.0000000000000284 ) ) ;
#2611 = CARTESIAN_POINT ( 'NONE',  ( -327.9013584002186121, 123.6000000000000085, -112.8790330004789126 ) ) ;
#2612 = VERTEX_POINT ( 'NONE', #1951 ) ;
#2613 = LINE ( 'NONE', #2565, #2609 ) ;
#2614 = EDGE_CURVE ( 'NONE', #1973, #934, #1614, .T. ) ;
#2615 = CARTESIAN_POINT ( 'NONE',  ( 332.0381368890165277, 123.6000000000000085, -108.4531844281275283 ) ) ;
#2616 = LINE ( 'NONE', #1078, #401 ) ;
#2617 = EDGE_CURVE ( 'NONE', #314, #3168, #2723, .T. ) ;
#2618 = ORIENTED_EDGE ( 'NONE', *, *, #641, .F. ) ;
#2619 = ORIENTED_EDGE ( 'NONE', *, *, #1276, .F. ) ;
#2620 = CARTESIAN_POINT ( 'NONE',  ( -472.9999999999999432, 60.59999999999998010, 1178.427485982952930 ) ) ;
#2621 = DIRECTION ( 'NONE',  ( -1.000000000000000000, 0.000000000000000000, 0.000000000000000000 ) ) ;
#2622 = EDGE_LOOP ( 'NONE', ( #831, #679, #968, #2724 ) ) ;
#2623 = LINE ( 'NONE', #2906, #436 ) ;
#2624 = CARTESIAN_POINT ( 'NONE',  ( -332.0511610235441253, 123.6000000000000369, -108.4741130401168334 ) ) ;
#2625 = LINE ( 'NONE', #2643, #130 ) ;
#2626 = ORIENTED_EDGE ( 'NONE', *, *, #2207, .T. ) ;
#2627 = VERTEX_POINT ( 'NONE', #898 ) ;
#2628 = CARTESIAN_POINT ( 'NONE',  ( -431.0114902050286787, 90.25000000000000000, -86.64999999999997726 ) ) ;
#2629 = CARTESIAN_POINT ( 'NONE',  ( 332.7113082084015332, 123.6000000000000085, -106.9804169403636251 ) ) ;
#2630 = EDGE_CURVE ( 'NONE', #1673, #2268, #1425, .T. ) ;
#2631 = PLANE ( 'NONE',  #3091 ) ;
#2632 = ORIENTED_EDGE ( 'NONE', *, *, #84, .F. ) ;
#2633 = CARTESIAN_POINT ( 'NONE',  ( -431.0114902050286787, 90.25000000000000000, -92.99999999999997158 ) ) ;
#2634 = PLANE ( 'NONE',  #2589 ) ;
#2635 = CARTESIAN_POINT ( 'NONE',  ( 477.5000000000000000, 60.60000000000015064, 57.00000000000016342 ) ) ;
#2636 = PRODUCT_RELATED_PRODUCT_CATEGORY ( 'detail', '', ( #2446 ) ) ;
#2637 = DIRECTION ( 'NONE',  ( -0.000000000000000000, -0.000000000000000000, 1.000000000000000000 ) ) ;
#2638 = VECTOR ( 'NONE', #1533, 1000.000000000000000 ) ;
#2639 = VERTEX_POINT ( 'NONE', #1718 ) ;
#2640 = EDGE_CURVE ( 'NONE', #1764, #477, #2262, .T. ) ;
#2641 = CARTESIAN_POINT ( 'NONE',  ( -457.4999999999999432, 123.5999999999999943, -94.99999999999994316 ) ) ;
#2642 = CARTESIAN_POINT ( 'NONE',  ( -347.3586120133566055, 60.60000000000000853, 110.9700311085461522 ) ) ;
#2643 = CARTESIAN_POINT ( 'NONE',  ( -353.4999999999999432, 60.59999999999998721, -173.6652367249975555 ) ) ;
#2644 = AXIS2_PLACEMENT_3D ( 'NONE', #687, #3286, #2219 ) ;
#2645 = ORIENTED_EDGE ( 'NONE', *, *, #1554, .F. ) ;
#2646 = DIRECTION ( 'NONE',  ( 0.000000000000000000, 0.000000000000000000, -1.000000000000000000 ) ) ;
#2647 = CARTESIAN_POINT ( 'NONE',  ( 329.7507391955323897, 119.0999999999999801, -103.0000000000000426 ) ) ;
#2648 = PLANE ( 'NONE',  #2395 ) ;
#2649 = LINE ( 'NONE', #2072, #1738 ) ;
#2650 = EDGE_CURVE ( 'NONE', #2748, #97, #1471, .T. ) ;
#2651 = DIRECTION ( 'NONE',  ( 0.000000000000000000, 0.000000000000000000, 1.000000000000000000 ) ) ;
#2652 = AXIS2_PLACEMENT_3D ( 'NONE', #2802, #1237, #2000 ) ;
#2653 = ORIENTED_EDGE ( 'NONE', *, *, #732, .T. ) ;
#2654 = CARTESIAN_POINT ( 'NONE',  ( -431.0114902050286787, 30.94999999999997797, -92.99999999999997158 ) ) ;
#2655 = CIRCLE ( 'NONE', #1362, 348.4989794855662808 ) ;
#2656 = DIRECTION ( 'NONE',  ( -1.000000000000000000, 0.000000000000000000, 0.000000000000000000 ) ) ;
#2657 = AXIS2_PLACEMENT_3D ( 'NONE', #728, #1752, #2036 ) ;
#2658 = DIRECTION ( 'NONE',  ( 0.000000000000000000, 0.000000000000000000, -1.000000000000000000 ) ) ;
#2659 = FACE_OUTER_BOUND ( 'NONE', #486, .T. ) ;
#2660 = CIRCLE ( 'NONE', #829, 355.6000000000000227 ) ;
#2661 = DIRECTION ( 'NONE',  ( -1.816464372750583381E-16, -1.000000000000000000, 0.000000000000000000 ) ) ;
#2662 = SECURITY_CLASSIFICATION ( '', '', #3102 ) ;
#2663 = ORIENTED_EDGE ( 'NONE', *, *, #2409, .F. ) ;
#2664 = CARTESIAN_POINT ( 'NONE',  ( 341.3479882601433815, 60.60000000000013642, 109.2996340178170129 ) ) ;
#2665 = ORIENTED_EDGE ( 'NONE', *, *, #1054, .F. ) ;
#2666 = LINE ( 'NONE', #1220, #915 ) ;
#2667 = CARTESIAN_POINT ( 'NONE',  ( -102.9999999999999858, 340.3562251524129465, -83.00000000000001421 ) ) ;
#2668 = CARTESIAN_POINT ( 'NONE',  ( 327.9112195559946485, 123.5999999999999943, -112.8727138413452877 ) ) ;
#2669 = DIRECTION ( 'NONE',  ( 1.000000000000000000, -0.000000000000000000, 0.000000000000000000 ) ) ;
#2670 = ORIENTED_EDGE ( 'NONE', *, *, #1276, .T. ) ;
#2671 = DIRECTION ( 'NONE',  ( 1.000000000000000000, -1.816464372750583381E-16, 4.948533979758262294E-16 ) ) ;
#2672 = DIRECTION ( 'NONE',  ( 4.948533979758262294E-16, 8.988835671576540865E-32, 1.000000000000000000 ) ) ;
#2673 = VERTEX_POINT ( 'NONE', #2320 ) ;
#2674 = EDGE_CURVE ( 'NONE', #3207, #3344, #1546, .T. ) ;
#2675 = ORIENTED_EDGE ( 'NONE', *, *, #3232, .F. ) ;
#2676 = CARTESIAN_POINT ( 'NONE',  ( -94.55432846481618014, 342.7990067659650890, 99.33782725233274391 ) ) ;
#2677 = FACE_OUTER_BOUND ( 'NONE', #277, .T. ) ;
#2678 = EDGE_LOOP ( 'NONE', ( #3020, #853, #1225, #1831, #969, #1590, #2618, #527, #1321, #736, #3274, #1328 ) ) ;
#2679 = ORIENTED_EDGE ( 'NONE', *, *, #2380, .F. ) ;
#2680 = EDGE_CURVE ( 'NONE', #2238, #2835, #2117, .T. ) ;
#2681 = DIRECTION ( 'NONE',  ( 0.000000000000000000, 0.000000000000000000, -1.000000000000000000 ) ) ;
#2682 = DIRECTION ( 'NONE',  ( 1.000000000000000000, 0.000000000000000000, 0.000000000000000000 ) ) ;
#2683 = LINE ( 'NONE', #1930, #2500 ) ;
#2684 = CC_DESIGN_PERSON_AND_ORGANIZATION_ASSIGNMENT ( #2865, #1847, ( #1793 ) ) ;
#2685 = CARTESIAN_POINT ( 'NONE',  ( -82.99999999999997158, 60.59799999999998477, 102.9999999999999858 ) ) ;
#2686 = ORIENTED_EDGE ( 'NONE', *, *, #1837, .T. ) ;
#2687 = EDGE_LOOP ( 'NONE', ( #2788, #1767, #241, #901 ) ) ;
#2688 = CARTESIAN_POINT ( 'NONE',  ( 357.8999999999999204, 30.94999999999997797, -92.99999999999997158 ) ) ;
#2689 = CARTESIAN_POINT ( 'NONE',  ( 102.9999999999999858, 340.3562251524129465, -82.99999999999997158 ) ) ;
#2690 = CARTESIAN_POINT ( 'NONE',  ( -457.4999999999999432, 123.5999999999999943, 103.0000000000000853 ) ) ;
#2691 = DIRECTION ( 'NONE',  ( 0.000000000000000000, 1.000000000000000000, 0.000000000000000000 ) ) ;
#2692 = ORIENTED_EDGE ( 'NONE', *, *, #467, .F. ) ;
#2693 = EDGE_LOOP ( 'NONE', ( #3117, #2800, #2163, #2582, #2258, #1955 ) ) ;
#2694 = FACE_OUTER_BOUND ( 'NONE', #2153, .T. ) ;
#2695 = VECTOR ( 'NONE', #2067, 1000.000000000000000 ) ;
#2696 = LINE ( 'NONE', #869, #492 ) ;
#2697 = DIRECTION ( 'NONE',  ( 0.000000000000000000, 0.000000000000000000, 1.000000000000000000 ) ) ;
#2698 = CARTESIAN_POINT ( 'NONE',  ( 88.10941713757523530, 344.5119746378754257, 102.3471641930488119 ) ) ;
#2699 = EDGE_CURVE ( 'NONE', #644, #1926, #450, .T. ) ;
#2700 = ORIENTED_EDGE ( 'NONE', *, *, #2531, .T. ) ;
#2701 = EDGE_CURVE ( 'NONE', #3257, #2855, #554, .T. ) ;
#2702 = CARTESIAN_POINT ( 'NONE',  ( 457.4999999999999432, 123.5999999999999943, 103.0000000000000853 ) ) ;
#2703 = CARTESIAN_POINT ( 'NONE',  ( 95.69430140859702760, 337.2877771647640088, 91.00634373129972232 ) ) ;
#2704 = ADVANCED_FACE ( 'NONE', ( #2587 ), #796, .T. ) ;
#2705 = VERTEX_POINT ( 'NONE', #2842 ) ;
#2706 = AXIS2_PLACEMENT_3D ( 'NONE', #2212, #3277, #1694 ) ;
#2707 = CARTESIAN_POINT ( 'NONE',  ( 325.9431933430840331, 119.0999999999999801, -109.1236770854394109 ) ) ;
#2708 = CARTESIAN_POINT ( 'NONE',  ( -344.2792942235309965, 60.60000000000000853, 113.4376572294840884 ) ) ;
#2709 = AXIS2_PLACEMENT_3D ( 'NONE', #2756, #1596, #3145 ) ;
#2710 = EDGE_LOOP ( 'NONE', ( #1881, #803, #1392, #3033 ) ) ;
#2711 = EDGE_LOOP ( 'NONE', ( #2490, #560, #2744, #1868, #2358, #889 ) ) ;
#2712 = CC_DESIGN_APPROVAL ( #353, ( #1793 ) ) ;
#2713 = FACE_OUTER_BOUND ( 'NONE', #210, .T. ) ;
#2714 = CARTESIAN_POINT ( 'NONE',  ( 350.3983447449488722, 60.60000000000000142, 103.0000000000000426 ) ) ;
#2715 = LINE ( 'NONE', #1163, #2278 ) ;
#2716 = CIRCLE ( 'NONE', #1312, 15.00000000000000000 ) ;
#2717 = EDGE_CURVE ( 'NONE', #1970, #2048, #1295, .T. ) ;
#2718 = PLANE ( 'NONE',  #1627 ) ;
#2719 = FACE_OUTER_BOUND ( 'NONE', #319, .T. ) ;
#2720 = ORIENTED_EDGE ( 'NONE', *, *, #1650, .F. ) ;
#2721 = ORIENTED_EDGE ( 'NONE', *, *, #2160, .F. ) ;
#2722 = DIRECTION ( 'NONE',  ( 0.000000000000000000, 0.000000000000000000, -1.000000000000000000 ) ) ;
#2723 = LINE ( 'NONE', #1487, #496 ) ;
#2724 = ORIENTED_EDGE ( 'NONE', *, *, #1798, .F. ) ;
#2725 = DIRECTION ( 'NONE',  ( 0.000000000000000000, 0.000000000000000000, 1.000000000000000000 ) ) ;
#2726 = ORIENTED_EDGE ( 'NONE', *, *, #2794, .T. ) ;
#2727 = DIRECTION ( 'NONE',  ( -1.000000000000000000, 0.000000000000000000, 0.000000000000000000 ) ) ;
#2728 = EDGE_CURVE ( 'NONE', #218, #3073, #2883, .T. ) ;
#2729 = CARTESIAN_POINT ( 'NONE',  ( 328.1514371841028606, 119.1000000000000085, -107.3600737224920465 ) ) ;
#2730 = DIRECTION ( 'NONE',  ( -0.000000000000000000, -0.000000000000000000, 1.000000000000000000 ) ) ;
#2731 = ORIENTED_EDGE ( 'NONE', *, *, #2217, .T. ) ;
#2732 = EDGE_LOOP ( 'NONE', ( #2721, #562, #98, #537, #200, #1692, #1184 ) ) ;
#2733 = CARTESIAN_POINT ( 'NONE',  ( 102.9999999999999858, 365.5999999999999659, 82.99999999999997158 ) ) ;
#2734 = CARTESIAN_POINT ( 'NONE',  ( 93.02058429011030682, 338.0355241730392777, -94.20280193301364591 ) ) ;
#2735 = DIRECTION ( 'NONE',  ( -1.000000000000000000, 0.000000000000000000, 0.000000000000000000 ) ) ;
#2736 = B_SPLINE_CURVE_WITH_KNOTS ( 'NONE', 3,
 ( #670, #965, #2512, #1709, #420, #714, #3255, #2729, #404, #3270, #937, #2707, #3233, #1217, #2248, #3283, #953, #1427, #2187, #1971 ),
 .UNSPECIFIED., .F., .F.,
 ( 4, 2, 2, 2, 2, 2, 2, 2, 2, 4 ),
 ( 0.02924550653214521775, 0.03065753186211410755, 0.03206955719208299388, 0.03348158252205188368, 0.03489360785202077347, 0.03630563318198966327, 0.03771765851195855307, 0.03842367117694299450, 0.03912968384192744287, 0.04054170917189633960 ),
 .UNSPECIFIED. ) ;
#2737 = DIRECTION ( 'NONE',  ( 1.816464372750583381E-16, -1.000000000000000000, 0.000000000000000000 ) ) ;
#2738 = ORIENTED_EDGE ( 'NONE', *, *, #614, .T. ) ;
#2739 = VERTEX_POINT ( 'NONE', #2828 ) ;
#2740 = CARTESIAN_POINT ( 'NONE',  ( -285.5999999999999091, 165.5999999999999943, -115.0000000000000284 ) ) ;
#2741 = CARTESIAN_POINT ( 'NONE',  ( 83.97460723834765872, 340.3951740345981420, 97.97621747538059367 ) ) ;
#2742 = CARTESIAN_POINT ( 'NONE',  ( -477.5000000000000000, 123.5999999999999801, -94.99999999999994316 ) ) ;
#2743 = ORIENTED_EDGE ( 'NONE', *, *, #254, .F. ) ;
#2744 = ORIENTED_EDGE ( 'NONE', *, *, #2259, .F. ) ;
#2745 = EDGE_CURVE ( 'NONE', #2033, #2231, #743, .T. ) ;
#2746 = FACE_OUTER_BOUND ( 'NONE', #118, .T. ) ;
#2747 = DIRECTION ( 'NONE',  ( -1.000000000000000000, 0.000000000000000000, 0.000000000000000000 ) ) ;
#2748 = VERTEX_POINT ( 'NONE', #488 ) ;
#2749 = ADVANCED_FACE ( 'NONE', ( #225 ), #1320, .T. ) ;
#2750 = ADVANCED_FACE ( 'NONE', ( #2077 ), #976, .F. ) ;
#2751 = ORIENTED_EDGE ( 'NONE', *, *, #950, .F. ) ;
#2752 = DIRECTION ( 'NONE',  ( 0.000000000000000000, 0.000000000000000000, -1.000000000000000000 ) ) ;
#2753 = CARTESIAN_POINT ( 'NONE',  ( -353.4999999999999432, 90.25000000000000000, 57.00000000000004974 ) ) ;
#2754 = DIRECTION ( 'NONE',  ( 1.000000000000000000, -0.000000000000000000, -0.000000000000000000 ) ) ;
#2755 = AXIS2_PLACEMENT_3D ( 'NONE', #1373, #2902, #3137 ) ;
#2756 = CARTESIAN_POINT ( 'NONE',  ( -353.4999999999999432, 90.25000000000000000, 63.34999999999990905 ) ) ;
#2757 = DIRECTION ( 'NONE',  ( 0.000000000000000000, 0.000000000000000000, -1.000000000000000000 ) ) ;
#2758 = VECTOR ( 'NONE', #1134, 1000.000000000000000 ) ;
#2759 = ORIENTED_EDGE ( 'NONE', *, *, #2680, .F. ) ;
#2760 = EDGE_CURVE ( 'NONE', #834, #2343, #1252, .T. ) ;
#2761 = CARTESIAN_POINT ( 'NONE',  ( -431.0114902050286787, 90.25000000000000000, 69.69999999999987494 ) ) ;
#2762 = CARTESIAN_POINT ( 'NONE',  ( -97.99999999999997158, 60.59799999999998477, 83.00000000000001421 ) ) ;
#2763 = EDGE_LOOP ( 'NONE', ( #1742, #620, #3200, #2265 ) ) ;
#2764 = ADVANCED_FACE ( 'NONE', ( #2859 ), #1468, .F. ) ;
#2765 = CARTESIAN_POINT ( 'NONE',  ( -477.5000000000000000, 123.5999999999999801, 83.00000000000008527 ) ) ;
#2766 = CARTESIAN_POINT ( 'NONE',  ( 457.4999999999999432, 123.5999999999999943, 98.50000000000009948 ) ) ;
#2767 = VECTOR ( 'NONE', #2507, 1000.000000000000000 ) ;
#2768 = LINE ( 'NONE', #453, #1402 ) ;
#2769 = VECTOR ( 'NONE', #925, 1000.000000000000000 ) ;
#2770 = LINE ( 'NONE', #1209, #2494 ) ;
#2771 = AXIS2_PLACEMENT_3D ( 'NONE', #2530, #1446, #988 ) ;
#2772 = DIRECTION ( 'NONE',  ( 1.816464372750583381E-16, 1.000000000000000000, 0.000000000000000000 ) ) ;
#2773 = CARTESIAN_POINT ( 'NONE',  ( 357.8999999999999204, 90.25000000000000000, -92.99999999999997158 ) ) ;
#2774 = AXIS2_PLACEMENT_3D ( 'NONE', #260, #1499, #1564 ) ;
#2775 = AXIS2_PLACEMENT_3D ( 'NONE', #1528, #3058, #1748 ) ;
#2776 = VECTOR ( 'NONE', #753, 1000.000000000000000 ) ;
#2777 = DIRECTION ( 'NONE',  ( -1.000000000000000000, 0.000000000000000000, -0.000000000000000000 ) ) ;
#2778 = ORIENTED_EDGE ( 'NONE', *, *, #2471, .T. ) ;
#2779 = B_SPLINE_CURVE_WITH_KNOTS ( 'NONE', 3,
 ( #1759, #1747, #2481, #956, #1988, #1728, #1975, #1509, #2240, #3012, #3041, #1959, #2221, #2734, #454, #688, #1191, #2516, #2271, #425, #2546, #3263, #1258, #202, #673, #1713 ),
 .UNSPECIFIED., .F., .F.,
 ( 4, 2, 2, 2, 2, 2, 2, 2, 2, 2, 2, 2, 4 ),
 ( 0.08487471918864043785, 0.08633175506079586448, 0.08778879093295129110, 0.09070286267726219986, 0.09215989854941764037, 0.09361693442157309475, 0.09653100616588397576, 0.09944507791019485676, 0.1009021137823503389, 0.1023591496545058210, 0.1052732213988167437, 0.1067302572709722119, 0.1081872931431276663 ),
 .UNSPECIFIED. ) ;
#2780 = CARTESIAN_POINT ( 'NONE',  ( -94.97824963726715453, 337.4904459626695257, 92.08087588084731578 ) ) ;
#2781 = CARTESIAN_POINT ( 'NONE',  ( 95.95219381906299816, 337.2144663251821726, 90.58183245950151274 ) ) ;
#2782 = DIRECTION ( 'NONE',  ( -0.000000000000000000, -0.000000000000000000, -1.000000000000000000 ) ) ;
#2783 = ORIENTED_EDGE ( 'NONE', *, *, #2476, .F. ) ;
#2784 = LINE ( 'NONE', #2111, #2602 ) ;
#2785 = CARTESIAN_POINT ( 'NONE',  ( 473.0000000000000000, 60.60000000000015064, 1178.427485982952930 ) ) ;
#2786 = LINE ( 'NONE', #2766, #2822 ) ;
#2787 = EDGE_CURVE ( 'NONE', #1489, #2349, #1781, .T. ) ;
#2788 = ORIENTED_EDGE ( 'NONE', *, *, #3275, .T. ) ;
#2789 = DIRECTION ( 'NONE',  ( -1.000000000000000000, 0.000000000000000000, 0.000000000000000000 ) ) ;
#2790 = CARTESIAN_POINT ( 'NONE',  ( 0.000000000000000000, 0.000000000000000000, 348.6326111661829259 ) ) ;
#2791 = EDGE_CURVE ( 'NONE', #1038, #970, #507, .T. ) ;
#2792 = FACE_OUTER_BOUND ( 'NONE', #2074, .T. ) ;
#2793 = ORIENTED_EDGE ( 'NONE', *, *, #9, .F. ) ;
#2794 = EDGE_CURVE ( 'NONE', #2335, #2673, #1737, .T. ) ;
#2795 = CARTESIAN_POINT ( 'NONE',  ( -94.85790221325835603, 337.5243312340717807, -92.23999285091331046 ) ) ;
#2796 = DIRECTION ( 'NONE',  ( -1.000000000000000000, 0.000000000000000000, -0.000000000000000000 ) ) ;
#2797 = DIRECTION ( 'NONE',  ( -1.816464372750583874E-16, 1.000000000000000000, -0.000000000000000000 ) ) ;
#2798 = DIRECTION ( 'NONE',  ( -1.000000000000000000, -0.000000000000000000, -0.000000000000000000 ) ) ;
#2799 = CARTESIAN_POINT ( 'NONE',  ( -328.9532383047532562, 119.0999999999999801, -106.1876021483412131 ) ) ;
#2800 = ORIENTED_EDGE ( 'NONE', *, *, #640, .T. ) ;
#2801 = LINE ( 'NONE', #283, #175 ) ;
#2802 = CARTESIAN_POINT ( 'NONE',  ( -198.4999999999999432, 139.1000000000000227, -114.9999999999999858 ) ) ;
#2803 = ORIENTED_EDGE ( 'NONE', *, *, #523, .T. ) ;
#2804 = DIRECTION ( 'NONE',  ( 0.000000000000000000, 0.000000000000000000, -1.000000000000000000 ) ) ;
#2805 = ORIENTED_EDGE ( 'NONE', *, *, #2244, .F. ) ;
#2806 = TOROIDAL_SURFACE ( 'NONE', #1768, 343.6000000000000227, 12.00000000000000000 ) ;
#2807 = CARTESIAN_POINT ( 'NONE',  ( -92.06277064537837873, 338.2971508223149613, -94.96271914363811106 ) ) ;
#2808 = CARTESIAN_POINT ( 'NONE',  ( 457.4999999999999432, 60.60000000000015064, -94.99999999999994316 ) ) ;
#2809 = AXIS2_PLACEMENT_3D ( 'NONE', #324, #66, #1143 ) ;
#2810 = EDGE_CURVE ( 'NONE', #700, #343, #2003, .T. ) ;
#2811 = VERTEX_POINT ( 'NONE', #3312 ) ;
#2812 = CARTESIAN_POINT ( 'NONE',  ( 82.99999999999997158, 365.5999999999999659, -102.9999999999999858 ) ) ;
#2813 = CARTESIAN_POINT ( 'NONE',  ( -327.1362663601410077, 119.0999999999999517, -108.3459744142887331 ) ) ;
#2814 = VERTEX_POINT ( 'NONE', #3063 ) ;
#2815 = DIRECTION ( 'NONE',  ( 0.000000000000000000, 1.000000000000000000, 0.000000000000000000 ) ) ;
#2816 = CARTESIAN_POINT ( 'NONE',  ( -294.7795786685366011, 80.59999999999998010, 348.6326111661829259 ) ) ;
#2817 = VECTOR ( 'NONE', #3180, 1000.000000000000000 ) ;
#2818 = EDGE_LOOP ( 'NONE', ( #574, #2122, #446, #2829 ) ) ;
#2819 = VECTOR ( 'NONE', #1168, 1000.000000000000000 ) ;
#2820 = CLOSED_SHELL ( 'NONE', ( #2938, #2749, #2560, #3115, #3004, #1982, #390, #411, #1604, #2431, #841, #1998, #1551, #2075, #2233, #1027, #2537, #663, #2542, #160, #3201, #1331, #1523, #2904, #2437, #3304, #3101, #2599, #2826, #94, #2909, #2329, #1102, #2764, #1094, #3059, #951, #155, #14, #1375, #2246, #2939, #595, #1131, #2704, #489, #2417, #1685, #1379, #2107, #3017, #394, #1541, #124, #491, #2181, #3278, #3000, #1124, #977, #1292, #117, #570, #922, #1675, #852, #431, #558, #2897, #3142, #2750, #2190, #2285, #1160, #3163, #681, #1862, #1477, #1575, #1350, #359, #1657, #373, #3314, #675, #594, #2226, #1254, #1898, #2043 ) ) ;
#2821 = CARTESIAN_POINT ( 'NONE',  ( -343.5490652769451003, 60.60000000000002984, 107.6493132209152606 ) ) ;
#2822 = VECTOR ( 'NONE', #3035, 1000.000000000000000 ) ;
#2823 = CARTESIAN_POINT ( 'NONE',  ( 347.0820210044029182, 60.60000000000014353, 111.2397797275446436 ) ) ;
#2824 = CIRCLE ( 'NONE', #1041, 20.00000000000001776 ) ;
#2825 = ORIENTED_EDGE ( 'NONE', *, *, #328, .F. ) ;
#2826 = ADVANCED_FACE ( 'NONE', ( #1766 ), #2162, .T. ) ;
#2827 = CARTESIAN_POINT ( 'NONE',  ( -97.90164559354467144, 336.6536350924288854, -84.98461163142079045 ) ) ;
#2828 = CARTESIAN_POINT ( 'NONE',  ( 259.5814900951143613, 119.1000000000000085, -111.0000000000000426 ) ) ;
#2829 = ORIENTED_EDGE ( 'NONE', *, *, #366, .F. ) ;
#2830 = EDGE_CURVE ( 'NONE', #2343, #686, #1654, .T. ) ;
#2831 = DIRECTION ( 'NONE',  ( 0.000000000000000000, -1.000000000000000000, -0.000000000000000000 ) ) ;
#2832 = CARTESIAN_POINT ( 'NONE',  ( -322.7694716308366196, 119.1000000000000227, -110.0000000000000853 ) ) ;
#2833 = CARTESIAN_POINT ( 'NONE',  ( -82.99999999999997158, 60.59799999999998477, -82.99999999999997158 ) ) ;
#2834 = LINE ( 'NONE', #764, #1689 ) ;
#2835 = VERTEX_POINT ( 'NONE', #1581 ) ;
#2836 = LINE ( 'NONE', #1308, #2972 ) ;
#2837 = PLANE ( 'NONE',  #1570 ) ;
#2838 = EDGE_LOOP ( 'NONE', ( #1763, #598, #2868, #1454 ) ) ;
#2839 = CARTESIAN_POINT ( 'NONE',  ( -342.5236441226040256, 60.60000000000001563, 108.5860253829071951 ) ) ;
#2840 = CARTESIAN_POINT ( 'NONE',  ( 350.3983447449488722, 60.60000000000000142, 103.0000000000000426 ) ) ;
#2841 = CARTESIAN_POINT ( 'NONE',  ( -96.42249925189500459, 337.0802893016540907, -89.71416577121865998 ) ) ;
#2842 = CARTESIAN_POINT ( 'NONE',  ( -198.4999999999999432, 119.1000000000000085, -115.0000000000000284 ) ) ;
#2843 = LINE ( 'NONE', #3348, #1792 ) ;
#2844 = ORIENTED_EDGE ( 'NONE', *, *, #2517, .F. ) ;
#2845 = DIRECTION ( 'NONE',  ( 0.000000000000000000, 0.000000000000000000, -1.000000000000000000 ) ) ;
#2846 = FACE_OUTER_BOUND ( 'NONE', #2818, .T. ) ;
#2847 = CARTESIAN_POINT ( 'NONE',  ( -323.2385620383840887, 119.0999999999999943, -109.9585113231704128 ) ) ;
#2848 = PERSON_AND_ORGANIZATION ( #378, #876 ) ;
#2849 = EDGE_CURVE ( 'NONE', #2120, #1068, #362, .T. ) ;
#2850 = CARTESIAN_POINT ( 'NONE',  ( -431.0114902050286787, 30.94999999999997087, 69.69999999999987494 ) ) ;
#2851 = ORIENTED_EDGE ( 'NONE', *, *, #3110, .T. ) ;
#2852 = DIRECTION ( 'NONE',  ( -0.000000000000000000, -0.000000000000000000, 1.000000000000000000 ) ) ;
#2853 = CYLINDRICAL_SURFACE ( 'NONE', #606, 20.00000000000001776 ) ;
#2854 = EDGE_CURVE ( 'NONE', #2639, #473, #2616, .T. ) ;
#2855 = VERTEX_POINT ( 'NONE', #52 ) ;
#2856 = CARTESIAN_POINT ( 'NONE',  ( 353.4999999999998863, 90.25000000000000000, -80.29999999999998295 ) ) ;
#2857 = CARTESIAN_POINT ( 'NONE',  ( 82.99999999999997158, 360.5999999999999659, -82.99999999999997158 ) ) ;
#2858 = B_SPLINE_CURVE_WITH_KNOTS ( 'NONE', 3,
 ( #2170, #371, #138, #3170, #651, #887, #3185, #866, #2708, #2943, #1644, #2642, #2426, #1391, #836, #83, #3205, #60, #1086, #1924, #1361, #1107 ),
 .UNSPECIFIED., .F., .F.,
 ( 4, 2, 2, 2, 2, 2, 2, 2, 2, 2, 4 ),
 ( 0.000000000000000000, 0.002361406899870849632, 0.003542110349806355980, 0.004722813799741863196, 0.007084220699613014670, 0.009445627599484167011, 0.01180703449935531849, 0.01298773794929091070, 0.01416844139922650292, 0.01652984829909764919, 0.01889125519896879893 ),
 .UNSPECIFIED. ) ;
#2859 = FACE_OUTER_BOUND ( 'NONE', #1333, .T. ) ;
#2860 = EDGE_CURVE ( 'NONE', #1003, #1100, #3190, .T. ) ;
#2861 = ORIENTED_EDGE ( 'NONE', *, *, #905, .F. ) ;
#2862 = ORIENTED_EDGE ( 'NONE', *, *, #960, .F. ) ;
#2863 = CARTESIAN_POINT ( 'NONE',  ( 357.8999999999999204, 60.59999999999998721, -115.0000000000000284 ) ) ;
#2864 = CARTESIAN_POINT ( 'NONE',  ( -97.99999999999997158, 336.6249545116939430, -82.99999999999997158 ) ) ;
#2865 = PERSON_AND_ORGANIZATION ( #378, #876 ) ;
#2866 = VECTOR ( 'NONE', #3024, 1000.000000000000000 ) ;
#2867 = EDGE_CURVE ( 'NONE', #1430, #1588, #2881, .T. ) ;
#2868 = ORIENTED_EDGE ( 'NONE', *, *, #614, .F. ) ;
#2869 = LINE ( 'NONE', #2086, #1077 ) ;
#2870 = CARTESIAN_POINT ( 'NONE',  ( -328.2374694459594480, 123.6000000000000512, -112.6544216742556443 ) ) ;
#2871 = ORIENTED_EDGE ( 'NONE', *, *, #1860, .T. ) ;
#2872 = VERTEX_POINT ( 'NONE', #2418 ) ;
#2873 = CARTESIAN_POINT ( 'NONE',  ( -340.0378338716876669, 60.60000000000000142, 109.7696351091963578 ) ) ;
#2874 = APPLICATION_CONTEXT ( 'configuration controlled 3d designs of mechanical parts and assemblies' ) ;
#2875 = CARTESIAN_POINT ( 'NONE',  ( 333.4282531520087218, 123.6000000000000085, -103.8125326797123051 ) ) ;
#2876 = VECTOR ( 'NONE', #1892, 1000.000000000000000 ) ;
#2877 = AXIS2_PLACEMENT_3D ( 'NONE', #692, #3229, #1934 ) ;
#2878 = EDGE_CURVE ( 'NONE', #477, #2627, #1861, .T. ) ;
#2879 = CIRCLE ( 'NONE', #2935, 20.00000000000001776 ) ;
#2880 = VECTOR ( 'NONE', #102, 1000.000000000000000 ) ;
#2881 = LINE ( 'NONE', #3176, #3044 ) ;
#2882 = EDGE_LOOP ( 'NONE', ( #2477, #2759, #1497, #1826, #1980, #2487 ) ) ;
#2883 = CIRCLE ( 'NONE', #1573, 6.349999999999994316 ) ;
#2884 = VERTEX_POINT ( 'NONE', #608 ) ;
#2885 = DIRECTION ( 'NONE',  ( -0.000000000000000000, -0.000000000000000000, 1.000000000000000000 ) ) ;
#2886 = CARTESIAN_POINT ( 'NONE',  ( 457.4999999999999432, 123.5999999999999943, 83.00000000000008527 ) ) ;
#2887 = CARTESIAN_POINT ( 'NONE',  ( 102.9999999999999858, 340.3562251524129465, 348.6326111661829259 ) ) ;
#2888 = DATE_AND_TIME ( #2042, #3092 ) ;
#2889 = DIRECTION ( 'NONE',  ( 1.000000000000000000, 0.000000000000000000, 0.000000000000000000 ) ) ;
#2890 = CARTESIAN_POINT ( 'NONE',  ( -353.4999999999999432, 60.59999999999998721, 98.49999999999987210 ) ) ;
#2891 = EDGE_CURVE ( 'NONE', #1724, #2133, #326, .T. ) ;
#2892 = ORIENTED_EDGE ( 'NONE', *, *, #400, .F. ) ;
#2893 = CARTESIAN_POINT ( 'NONE',  ( 339.8228697380072276, 60.60000000000013642, 109.8222706983169132 ) ) ;
#2894 = ORIENTED_EDGE ( 'NONE', *, *, #2860, .T. ) ;
#2895 = DIRECTION ( 'NONE',  ( -1.047380211910526482E-15, 1.000000000000000000, 0.000000000000000000 ) ) ;
#2896 = CARTESIAN_POINT ( 'NONE',  ( 333.3411421513135906, 123.6000000000000085, -104.6168673538555538 ) ) ;
#2897 = ADVANCED_FACE ( 'NONE', ( #313 ), #875, .F. ) ;
#2898 = DIRECTION ( 'NONE',  ( 1.816464372750583874E-16, -1.000000000000000000, 0.000000000000000000 ) ) ;
#2899 = ORIENTED_EDGE ( 'NONE', *, *, #2031, .F. ) ;
#2900 = EDGE_CURVE ( 'NONE', #1084, #23, #70, .T. ) ;
#2901 = ORIENTED_EDGE ( 'NONE', *, *, #1311, .F. ) ;
#2902 = DIRECTION ( 'NONE',  ( -0.000000000000000000, -0.000000000000000000, 1.000000000000000000 ) ) ;
#2903 = DIRECTION ( 'NONE',  ( -1.000000000000000000, 0.000000000000000000, 0.000000000000000000 ) ) ;
#2904 = ADVANCED_FACE ( 'NONE', ( #2091 ), #2384, .F. ) ;
#2905 = VERTEX_POINT ( 'NONE', #2126 ) ;
#2906 = CARTESIAN_POINT ( 'NONE',  ( -357.8999999999999204, 119.0999999999999801, -173.6652367249975555 ) ) ;
#2907 = CARTESIAN_POINT ( 'NONE',  ( -470.0000000000000000, 60.59999999999998010, -104.1651513899116424 ) ) ;
#2908 = DIRECTION ( 'NONE',  ( 0.000000000000000000, 0.000000000000000000, -1.000000000000000000 ) ) ;
#2909 = ADVANCED_FACE ( 'NONE', ( #1098 ), #3164, .T. ) ;
#2910 = DIRECTION ( 'NONE',  ( -1.000000000000000000, 6.938893903907222461E-16, 0.000000000000000000 ) ) ;
#2911 = DIRECTION ( 'NONE',  ( 0.000000000000000000, -0.000000000000000000, -1.000000000000000000 ) ) ;
#2912 = CARTESIAN_POINT ( 'NONE',  ( -294.7795786685366011, 60.60000000000001563, 110.0000000000000142 ) ) ;
#2913 = FACE_OUTER_BOUND ( 'NONE', #1378, .T. ) ;
#2914 = ORIENTED_EDGE ( 'NONE', *, *, #1822, .T. ) ;
#2915 = VERTEX_POINT ( 'NONE', #842 ) ;
#2916 = ORIENTED_EDGE ( 'NONE', *, *, #2364, .T. ) ;
#2917 = CYLINDRICAL_SURFACE ( 'NONE', #1778, 6.349999999999994316 ) ;
#2918 = DIRECTION ( 'NONE',  ( 1.816464372750583874E-16, -1.000000000000000000, 0.000000000000000000 ) ) ;
#2919 = CIRCLE ( 'NONE', #1182, 15.50000000000001421 ) ;
#2920 = VERTEX_POINT ( 'NONE', #585 ) ;
#2921 = LINE ( 'NONE', #593, #1313 ) ;
#2922 = DIRECTION ( 'NONE',  ( -0.000000000000000000, -0.000000000000000000, 1.000000000000000000 ) ) ;
#2923 = LINE ( 'NONE', #96, #1625 ) ;
#2924 = EDGE_LOOP ( 'NONE', ( #573, #1474, #1605, #2203 ) ) ;
#2925 = CIRCLE ( 'NONE', #1722, 19.99999999999998934 ) ;
#2926 = ORIENTED_EDGE ( 'NONE', *, *, #1294, .F. ) ;
#2927 = DIRECTION ( 'NONE',  ( -0.000000000000000000, -0.000000000000000000, 1.000000000000000000 ) ) ;
#2928 = CARTESIAN_POINT ( 'NONE',  ( -102.9661632376310365, 340.3664703670971221, -84.34164574043288098 ) ) ;
#2929 = DIRECTION ( 'NONE',  ( 0.000000000000000000, -0.000000000000000000, 1.000000000000000000 ) ) ;
#2930 = CARTESIAN_POINT ( 'NONE',  ( -82.99999999999997158, 365.5999999999999659, 82.99999999999997158 ) ) ;
#2931 = EDGE_CURVE ( 'NONE', #2905, #2920, #2824, .T. ) ;
#2932 = ORIENTED_EDGE ( 'NONE', *, *, #2269, .F. ) ;
#2933 = VECTOR ( 'NONE', #78, 1000.000000000000000 ) ;
#2934 = VERTEX_POINT ( 'NONE', #2356 ) ;
#2935 = AXIS2_PLACEMENT_3D ( 'NONE', #2541, #1770, #2291 ) ;
#2936 = CARTESIAN_POINT ( 'NONE',  ( -329.7507391955323897, 119.0999999999999801, 98.49999999999987210 ) ) ;
#2937 = DIRECTION ( 'NONE',  ( -1.000000000000000000, -1.816464372750583874E-16, 0.000000000000000000 ) ) ;
#2938 = ADVANCED_FACE ( 'NONE', ( #2913 ), #830, .T. ) ;
#2939 = ADVANCED_FACE ( 'NONE', ( #811 ), #2631, .F. ) ;
#2940 = PLANE ( 'NONE',  #1233 ) ;
#2941 = AXIS2_PLACEMENT_3D ( 'NONE', #2980, #413, #926 ) ;
#2942 = AXIS2_PLACEMENT_3D ( 'NONE', #1915, #2143, #3177 ) ;
#2943 = CARTESIAN_POINT ( 'NONE',  ( -345.6011947599707241, 60.60000000000000853, 112.5759582522470339 ) ) ;
#2944 = DIRECTION ( 'NONE',  ( -0.000000000000000000, -0.000000000000000000, -1.000000000000000000 ) ) ;
#2945 = LINE ( 'NONE', #1649, #2547 ) ;
#2946 = PLANE ( 'NONE',  #1412 ) ;
#2947 = CARTESIAN_POINT ( 'NONE',  ( 97.99999999999997158, 360.5999999999999659, 82.99999999999997158 ) ) ;
#2948 = APPLICATION_PROTOCOL_DEFINITION ( 'international standard', 'config_control_design', 1994, #2874 ) ;
#2949 = CARTESIAN_POINT ( 'NONE',  ( 477.5000000000000000, 60.60000000000015064, 69.69999999999987494 ) ) ;
#2950 = ORIENTED_EDGE ( 'NONE', *, *, #2701, .T. ) ;
#2951 = ORIENTED_EDGE ( 'NONE', *, *, #1620, .T. ) ;
#2952 = DIRECTION ( 'NONE',  ( 1.816464372750583381E-16, 1.000000000000000000, 0.000000000000000000 ) ) ;
#2953 = CARTESIAN_POINT ( 'NONE',  ( -82.99999999999997158, 60.59799999999998477, -102.9999999999999858 ) ) ;
#2954 = ORIENTED_EDGE ( 'NONE', *, *, #2791, .F. ) ;
#2955 = CARTESIAN_POINT ( 'NONE',  ( -102.9999999999999716, 340.3562251524129465, 84.34417637343872798 ) ) ;
#2956 = CARTESIAN_POINT ( 'NONE',  ( 102.8658738787999454, 340.3968961688956369, -85.66422484493730849 ) ) ;
#2957 = VERTEX_POINT ( 'NONE', #1715 ) ;
#2958 = ORIENTED_EDGE ( 'NONE', *, *, #1022, .F. ) ;
#2959 = FACE_OUTER_BOUND ( 'NONE', #2622, .T. ) ;
#2960 = CARTESIAN_POINT ( 'NONE',  ( -101.1687744985844830, 340.9051340890219990, -91.38623915798126518 ) ) ;
#2961 = EDGE_CURVE ( 'NONE', #1430, #1213, #1632, .T. ) ;
#2962 = CARTESIAN_POINT ( 'NONE',  ( 259.5814900951144182, 119.0999999999999801, -110.0000000000000426 ) ) ;
#2963 = EDGE_CURVE ( 'NONE', #1899, #1682, #1198, .T. ) ;
#2964 = DIRECTION ( 'NONE',  ( 0.000000000000000000, 1.000000000000000000, 0.000000000000000000 ) ) ;
#2965 = VERTEX_POINT ( 'NONE', #2506 ) ;
#2966 = CARTESIAN_POINT ( 'NONE',  ( 473.0000000000000000, 119.0999999999999801, 83.00000000000009948 ) ) ;
#2967 = CARTESIAN_POINT ( 'NONE',  ( 178.5000000000000000, 145.5999999999999659, 835.3461819978975882 ) ) ;
#2968 = VERTEX_POINT ( 'NONE', #3212 ) ;
#2969 = ORIENTED_EDGE ( 'NONE', *, *, #843, .T. ) ;
#2970 = LINE ( 'NONE', #1721, #1452 ) ;
#2971 = DIRECTION ( 'NONE',  ( 1.000000000000000000, 0.000000000000000000, 0.000000000000000000 ) ) ;
#2972 = VECTOR ( 'NONE', #2852, 1000.000000000000000 ) ;
#2973 = ORIENTED_EDGE ( 'NONE', *, *, #3061, .T. ) ;
#2974 = EDGE_CURVE ( 'NONE', #3341, #2915, #452, .T. ) ;
#2975 = ORIENTED_EDGE ( 'NONE', *, *, #262, .T. ) ;
#2976 = CYLINDRICAL_SURFACE ( 'NONE', #591, 6.349999999999994316 ) ;
#2977 = CARTESIAN_POINT ( 'NONE',  ( -85.85281869478735928, 339.9262913378848339, 97.73392743378710179 ) ) ;
#2978 = CARTESIAN_POINT ( 'NONE',  ( 457.4999999999999432, 123.5999999999999943, 83.00000000000008527 ) ) ;
#2979 = AXIS2_PLACEMENT_3D ( 'NONE', #2515, #409, #438 ) ;
#2980 = CARTESIAN_POINT ( 'NONE',  ( 477.5000000000000000, 123.5999999999999801, -94.99999999999994316 ) ) ;
#2981 = B_SPLINE_CURVE_WITH_KNOTS ( 'NONE', 3,
 ( #2576, #1035, #785, #1304, #3122, #882, #368, #1104, #1659, #1406, #862, #1937, #2286, #3251, #957, #236, #2664, #1812, #1559, #2100, #2893, #63, #1120, #3222 ),
 .UNSPECIFIED., .F., .F.,
 ( 4, 2, 2, 2, 2, 2, 2, 2, 2, 2, 2, 4 ),
 ( 0.000000000000000000, 0.001377605552303290621, 0.002066408328454919126, 0.002755211104606547848, 0.004132816656909805292, 0.004821619433061451361, 0.005510422209213095696, 0.006888027761516477172, 0.008265633313819858649, 0.008954436089971463952, 0.009643238866123070990, 0.01102084441842627292 ),
 .UNSPECIFIED. ) ;
#2982 = ORIENTED_EDGE ( 'NONE', *, *, #3123, .T. ) ;
#2983 = VERTEX_POINT ( 'NONE', #177 ) ;
#2984 = DIRECTION ( 'NONE',  ( -1.000000000000000000, 0.000000000000000000, 0.000000000000000000 ) ) ;
#2985 = CARTESIAN_POINT ( 'NONE',  ( 94.23012880844271422, 337.7004024830093840, 92.99178121970615507 ) ) ;
#2986 = ORIENTED_EDGE ( 'NONE', *, *, #3008, .T. ) ;
#2987 = EDGE_LOOP ( 'NONE', ( #705, #1922, #3104, #1222, #1916, #2377, #2144, #119, #3054 ) ) ;
#2988 = DIRECTION ( 'NONE',  ( 1.816464372750583381E-16, 1.000000000000000000, 0.000000000000000000 ) ) ;
#2989 = VECTOR ( 'NONE', #1293, 1000.000000000000000 ) ;
#2990 = CARTESIAN_POINT ( 'NONE',  ( -357.8999999999999204, 60.59999999999998721, 69.69999999999987494 ) ) ;
#2991 = CARTESIAN_POINT ( 'NONE',  ( 94.55432846481615172, 342.7990067659649753, -99.33782725233271549 ) ) ;
#2992 = CIRCLE ( 'NONE', #2709, 6.349999999999855760 ) ;
#2993 = ORIENTED_EDGE ( 'NONE', *, *, #2931, .F. ) ;
#2994 = VECTOR ( 'NONE', #1615, 1000.000000000000000 ) ;
#2995 = AXIS2_PLACEMENT_3D ( 'NONE', #2289, #2127, #1932 ) ;
#2996 = CARTESIAN_POINT ( 'NONE',  ( 477.5000000000000000, 60.60000000000015064, -92.99999999999997158 ) ) ;
#2997 = DIRECTION ( 'NONE',  ( 0.000000000000000000, 0.000000000000000000, -1.000000000000000000 ) ) ;
#2998 = CARTESIAN_POINT ( 'NONE',  ( 0.000000000000000000, 0.000000000000000000, -110.0000000000000426 ) ) ;
#2999 = CARTESIAN_POINT ( 'NONE',  ( -345.3230371695465237, 60.59999999999998721, 98.49999999999987210 ) ) ;
#3000 = ADVANCED_FACE ( 'NONE', ( #1462 ), #427, .T. ) ;
#3001 = VERTEX_POINT ( 'NONE', #2999 ) ;
#3002 = LINE ( 'NONE', #2761, #2439 ) ;
#3003 = CARTESIAN_POINT ( 'NONE',  ( 91.66469696628217889, 338.4052627902249810, 95.25405414922710179 ) ) ;
#3004 = ADVANCED_FACE ( 'NONE', ( #194 ), #1670, .F. ) ;
#3005 = EDGE_CURVE ( 'NONE', #2274, #2385, #144, .T. ) ;
#3006 = ORIENTED_EDGE ( 'NONE', *, *, #3221, .F. ) ;
#3007 = LINE ( 'NONE', #2526, #967 ) ;
#3008 = EDGE_CURVE ( 'NONE', #1165, #2983, #2241, .T. ) ;
#3009 = CARTESIAN_POINT ( 'NONE',  ( 96.09140201311339524, 342.3712563480539188, -98.13397476504844974 ) ) ;
#3010 = ORIENTED_EDGE ( 'NONE', *, *, #3178, .F. ) ;
#3011 = CARTESIAN_POINT ( 'NONE',  ( -338.2138376826117110, 60.60000000000000853, 115.0000000000000142 ) ) ;
#3012 = CARTESIAN_POINT ( 'NONE',  ( 96.02960096339558049, 337.1924257893492154, -90.44763561038547550 ) ) ;
#3013 = CARTESIAN_POINT ( 'NONE',  ( 457.4999999999999432, 119.0999999999999801, 83.00000000000008527 ) ) ;
#3014 = DIRECTION ( 'NONE',  ( 0.000000000000000000, 0.000000000000000000, -1.000000000000000000 ) ) ;
#3015 = CARTESIAN_POINT ( 'NONE',  ( 357.8999999999999204, 60.59999999999998721, 69.69999999999987494 ) ) ;
#3016 = DIRECTION ( 'NONE',  ( 4.948533979758262294E-16, -8.988835671576540865E-32, -1.000000000000000000 ) ) ;
#3017 = ADVANCED_FACE ( 'NONE', ( #2719 ), #690, .F. ) ;
#3018 = DIRECTION ( 'NONE',  ( 0.000000000000000000, 1.000000000000000000, 0.000000000000000000 ) ) ;
#3019 = CARTESIAN_POINT ( 'NONE',  ( 84.94353898988897811, 340.1546770966882605, 97.88151891890466061 ) ) ;
#3020 = ORIENTED_EDGE ( 'NONE', *, *, #2860, .F. ) ;
#3021 = DIRECTION ( 'NONE',  ( -0.000000000000000000, -0.000000000000000000, -1.000000000000000000 ) ) ;
#3022 = CARTESIAN_POINT ( 'NONE',  ( 99.18316250991625793, 341.4882256316594180, -94.77022199575121419 ) ) ;
#3023 = ORIENTED_EDGE ( 'NONE', *, *, #81, .F. ) ;
#3024 = DIRECTION ( 'NONE',  ( 1.816464372750583381E-16, 1.000000000000000000, -0.000000000000000000 ) ) ;
#3025 = CARTESIAN_POINT ( 'NONE',  ( 477.5000000000000000, 60.60000000000015064, 57.00000000000016342 ) ) ;
#3026 = CIRCLE ( 'NONE', #1558, 355.6000000000000227 ) ;
#3027 = LINE ( 'NONE', #2485, #3308 ) ;
#3028 = ORIENTED_EDGE ( 'NONE', *, *, #3174, .T. ) ;
#3029 = VECTOR ( 'NONE', #1431, 1000.000000000000000 ) ;
#3030 = LINE ( 'NONE', #2740, #1359 ) ;
#3031 = DIRECTION ( 'NONE',  ( 1.000000000000000000, 1.816464372750583874E-16, 0.000000000000000000 ) ) ;
#3032 = EDGE_CURVE ( 'NONE', #2673, #156, #162, .T. ) ;
#3033 = ORIENTED_EDGE ( 'NONE', *, *, #732, .F. ) ;
#3034 = DIRECTION ( 'NONE',  ( -0.000000000000000000, -0.000000000000000000, 1.000000000000000000 ) ) ;
#3035 = DIRECTION ( 'NONE',  ( -1.816464372750583381E-16, -1.000000000000000000, 0.000000000000000000 ) ) ;
#3036 = CIRCLE ( 'NONE', #127, 350.6000000000000227 ) ;
#3037 = CC_DESIGN_PERSON_AND_ORGANIZATION_ASSIGNMENT ( #2848, #2374, ( #2662 ) ) ;
#3038 = VERTEX_POINT ( 'NONE', #1931 ) ;
#3039 = CARTESIAN_POINT ( 'NONE',  ( 473.0000000000000000, 123.5999999999999943, -94.99999999999994316 ) ) ;
#3040 = CIRCLE ( 'NONE', #2550, 350.6000000000000227 ) ;
#3041 = CARTESIAN_POINT ( 'NONE',  ( 95.78055439866815846, 337.2632838809228701, -90.86718641235201233 ) ) ;
#3042 = CIRCLE ( 'NONE', #2223, 20.00000000000001776 ) ;
#3043 = EDGE_CURVE ( 'NONE', #2102, #627, #1989, .T. ) ;
#3044 = VECTOR ( 'NONE', #36, 1000.000000000000000 ) ;
#3045 = VECTOR ( 'NONE', #392, 1000.000000000000000 ) ;
#3046 = PLANE ( 'NONE',  #2775 ) ;
#3047 = ORIENTED_EDGE ( 'NONE', *, *, #109, .F. ) ;
#3048 = ORIENTED_EDGE ( 'NONE', *, *, #255, .F. ) ;
#3049 = CARTESIAN_POINT ( 'NONE',  ( -89.44447346574901303, 338.9988890032614108, 96.55331381775796729 ) ) ;
#3050 = CARTESIAN_POINT ( 'NONE',  ( -477.5000000000000000, 123.5999999999999801, -94.99999999999994316 ) ) ;
#3051 = DIRECTION ( 'NONE',  ( 0.000000000000000000, 1.000000000000000000, 0.000000000000000000 ) ) ;
#3052 = LINE ( 'NONE', #1754, #2323 ) ;
#3053 = CARTESIAN_POINT ( 'NONE',  ( 95.08171966031497391, 342.6530334035113583, -98.95161587136647086 ) ) ;
#3054 = ORIENTED_EDGE ( 'NONE', *, *, #3043, .F. ) ;
#3055 = DIRECTION ( 'NONE',  ( 0.000000000000000000, 0.000000000000000000, 1.000000000000000000 ) ) ;
#3056 = DIRECTION ( 'NONE',  ( 1.000000000000000000, 1.816464372750583874E-16, 4.948533979758262294E-16 ) ) ;
#3057 = ORIENTED_EDGE ( 'NONE', *, *, #1723, .T. ) ;
#3058 = DIRECTION ( 'NONE',  ( 1.816464372750583874E-16, -1.000000000000000000, 0.000000000000000000 ) ) ;
#3059 = ADVANCED_FACE ( 'NONE', ( #2229 ), #642, .F. ) ;
#3060 = VERTEX_POINT ( 'NONE', #1965 ) ;
#3061 = EDGE_CURVE ( 'NONE', #1548, #2182, #3027, .T. ) ;
#3062 = CARTESIAN_POINT ( 'NONE',  ( -92.82473704932988312, 338.0888702473395142, -94.34526346066157032 ) ) ;
#3063 = CARTESIAN_POINT ( 'NONE',  ( -457.4999999999999432, 119.1000000000000085, -114.9999999999999574 ) ) ;
#3064 = ORIENTED_EDGE ( 'NONE', *, *, #2334, .F. ) ;
#3065 = CARTESIAN_POINT ( 'NONE',  ( -431.0114902050286787, 90.25000000000000000, 69.69999999999987494 ) ) ;
#3066 = CARTESIAN_POINT ( 'NONE',  ( -353.4999999999999432, 60.59999999999998721, -92.99999999999997158 ) ) ;
#3067 = ORIENTED_EDGE ( 'NONE', *, *, #1946, .T. ) ;
#3068 = DIRECTION ( 'NONE',  ( 0.000000000000000000, 1.000000000000000000, 0.000000000000000000 ) ) ;
#3069 = CARTESIAN_POINT ( 'NONE',  ( -333.3173903823275168, 123.5999999999999943, -104.6276321531952931 ) ) ;
#3070 = EDGE_CURVE ( 'NONE', #668, #3351, #1260, .T. ) ;
#3071 = DIRECTION ( 'NONE',  ( 1.816464372750583381E-16, -1.000000000000000000, 0.000000000000000000 ) ) ;
#3072 = FACE_OUTER_BOUND ( 'NONE', #1895, .T. ) ;
#3073 = VERTEX_POINT ( 'NONE', #2001 ) ;
#3074 = VECTOR ( 'NONE', #1939, 1000.000000000000000 ) ;
#3075 = EDGE_LOOP ( 'NONE', ( #1655, #2916, #2844, #1121 ) ) ;
#3076 = CARTESIAN_POINT ( 'NONE',  ( -97.88171266805196069, 336.6593720041851157, 84.94226849538473800 ) ) ;
#3077 = AXIS2_PLACEMENT_3D ( 'NONE', #1712, #1999, #3262 ) ;
#3078 = ORIENTED_EDGE ( 'NONE', *, *, #958, .F. ) ;
#3079 = FACE_OUTER_BOUND ( 'NONE', #1640, .T. ) ;
#3080 = CARTESIAN_POINT ( 'NONE',  ( -326.7589293883164032, 119.0999999999999659, -108.6274296771085659 ) ) ;
#3081 = DATE_TIME_ROLE ( 'creation_date' ) ;
#3082 = ORIENTED_EDGE ( 'NONE', *, *, #3032, .F. ) ;
#3083 = CARTESIAN_POINT ( 'NONE',  ( 477.5000000000000000, 60.60000000000015064, -92.99999999999997158 ) ) ;
#3084 = DIRECTION ( 'NONE',  ( -1.000000000000000000, 0.000000000000000000, 0.000000000000000000 ) ) ;
#3085 = AXIS2_PLACEMENT_3D ( 'NONE', #2886, #2952, #1656 ) ;
#3086 = VECTOR ( 'NONE', #196, 1000.000000000000000 ) ;
#3087 = CARTESIAN_POINT ( 'NONE',  ( 457.4999999999999432, 123.5999999999999943, -94.99999999999994316 ) ) ;
#3088 = CARTESIAN_POINT ( 'NONE',  ( -353.4999999999999432, 60.59999999999998721, 57.00000000000016342 ) ) ;
#3089 = AXIS2_PLACEMENT_3D ( 'NONE', #3112, #2555, #777 ) ;
#3090 = VECTOR ( 'NONE', #913, 1000.000000000000000 ) ;
#3091 = AXIS2_PLACEMENT_3D ( 'NONE', #2406, #2651, #89 ) ;
#3092 = LOCAL_TIME ( 9, 52, 53.00000000000000000, #2063 ) ;
#3093 = DIRECTION ( 'NONE',  ( 0.000000000000000000, -1.000000000000000000, 0.000000000000000000 ) ) ;
#3094 = DIRECTION ( 'NONE',  ( -0.000000000000000000, 1.000000000000000000, 0.000000000000000000 ) ) ;
#3095 = CARTESIAN_POINT ( 'NONE',  ( -357.8999999999999204, 60.59999999999998721, -173.6652367249975555 ) ) ;
#3096 = ORIENTED_EDGE ( 'NONE', *, *, #2878, .T. ) ;
#3097 = ORIENTED_EDGE ( 'NONE', *, *, #905, .T. ) ;
#3098 = CARTESIAN_POINT ( 'NONE',  ( -285.6000000000000227, 60.60000000000001563, 110.0000000000000142 ) ) ;
#3099 = CARTESIAN_POINT ( 'NONE',  ( 0.000000000000000000, 0.000000000000000000, 97.99999999999997158 ) ) ;
#3100 = CARTESIAN_POINT ( 'NONE',  ( -322.2982314565192041, 119.0999999999999801, -110.0000000000000426 ) ) ;
#3101 = ADVANCED_FACE ( 'NONE', ( #2792 ), #738, .T. ) ;
#3102 = SECURITY_CLASSIFICATION_LEVEL ( 'unclassified' ) ;
#3103 = PLANE ( 'NONE',  #664 ) ;
#3104 = ORIENTED_EDGE ( 'NONE', *, *, #3061, .F. ) ;
#3105 = CARTESIAN_POINT ( 'NONE',  ( 357.8999999999999204, 90.25000000000000000, 57.00000000000004974 ) ) ;
#3106 = CARTESIAN_POINT ( 'NONE',  ( -328.8899794500044322, 123.6000000000000085, -112.1715195724546845 ) ) ;
#3107 = VERTEX_POINT ( 'NONE', #1224 ) ;
#3108 = FACE_OUTER_BOUND ( 'NONE', #2321, .T. ) ;
#3109 = PLANE ( 'NONE',  #1472 ) ;
#3110 = EDGE_CURVE ( 'NONE', #2079, #1967, #1290, .T. ) ;
#3111 = CARTESIAN_POINT ( 'NONE',  ( -95.78055439866811582, 337.2632838809227565, 90.86718641235199811 ) ) ;
#3112 = CARTESIAN_POINT ( 'NONE',  ( 0.000000000000000000, 0.000000000000000000, -115.0000000000000284 ) ) ;
#3113 = CARTESIAN_POINT ( 'NONE',  ( 457.4999999999999432, 123.5999999999999943, 98.50000000000008527 ) ) ;
#3114 = CARTESIAN_POINT ( 'NONE',  ( -353.4999999999999432, 90.25000000000000000, -92.99999999999997158 ) ) ;
#3115 = ADVANCED_FACE ( 'NONE', ( #3072 ), #3046, .T. ) ;
#3116 = EDGE_LOOP ( 'NONE', ( #2653, #773, #380, #3206, #437, #364, #2509, #1900 ) ) ;
#3117 = ORIENTED_EDGE ( 'NONE', *, *, #819, .T. ) ;
#3118 = CARTESIAN_POINT ( 'NONE',  ( 82.99999999999997158, 360.5999999999999659, -97.99999999999997158 ) ) ;
#3119 = DIRECTION ( 'NONE',  ( -1.000000000000000000, 0.000000000000000000, 0.000000000000000000 ) ) ;
#3120 = DIRECTION ( 'NONE',  ( 0.000000000000000000, 0.000000000000000000, 1.000000000000000000 ) ) ;
#3121 = DIRECTION ( 'NONE',  ( -0.000000000000000000, -0.000000000000000000, 1.000000000000000000 ) ) ;
#3122 = CARTESIAN_POINT ( 'NONE',  ( 345.0820194666629277, 60.60000000000013642, 104.8222436083829621 ) ) ;
#3123 = EDGE_CURVE ( 'NONE', #2407, #2238, #2549, .T. ) ;
#3124 = ORIENTED_EDGE ( 'NONE', *, *, #139, .F. ) ;
#3125 = ORIENTED_EDGE ( 'NONE', *, *, #1860, .F. ) ;
#3126 = FACE_OUTER_BOUND ( 'NONE', #1855, .T. ) ;
#3127 = CYLINDRICAL_SURFACE ( 'NONE', #1736, 20.00000000000001776 ) ;
#3128 = ORIENTED_EDGE ( 'NONE', *, *, #2650, .F. ) ;
#3129 = DIRECTION ( 'NONE',  ( 0.000000000000000000, 0.000000000000000000, -1.000000000000000000 ) ) ;
#3130 = DIRECTION ( 'NONE',  ( -0.000000000000000000, -0.000000000000000000, 1.000000000000000000 ) ) ;
#3131 = CARTESIAN_POINT ( 'NONE',  ( 322.2267386580730317, 123.6000000000000085, -114.9095386665607919 ) ) ;
#3132 = DIRECTION ( 'NONE',  ( 1.000000000000000000, 1.816464372750583874E-16, 0.000000000000000000 ) ) ;
#3133 = VECTOR ( 'NONE', #3068, 1000.000000000000000 ) ;
#3134 = ORIENTED_EDGE ( 'NONE', *, *, #917, .F. ) ;
#3135 = CIRCLE ( 'NONE', #169, 20.00000000000001776 ) ;
#3136 = EDGE_CURVE ( 'NONE', #2029, #3060, #2660, .T. ) ;
#3137 = DIRECTION ( 'NONE',  ( -1.000000000000000000, 0.000000000000000000, 0.000000000000000000 ) ) ;
#3138 = CARTESIAN_POINT ( 'NONE',  ( -328.7137051079505454, 119.0999999999999659, -106.5935902827418005 ) ) ;
#3139 = DIRECTION ( 'NONE',  ( 1.816464372750583381E-16, -1.000000000000000000, 0.000000000000000000 ) ) ;
#3140 = DIRECTION ( 'NONE',  ( 1.816464372750583381E-16, 1.000000000000000000, -0.000000000000000000 ) ) ;
#3141 = ORIENTED_EDGE ( 'NONE', *, *, #2103, .T. ) ;
#3142 = ADVANCED_FACE ( 'NONE', ( #2257 ), #2014, .F. ) ;
#3143 = EDGE_LOOP ( 'NONE', ( #812, #1358, #1549, #1704, #2973, #1216, #1809, #748, #521, #1918 ) ) ;
#3144 = DIRECTION ( 'NONE',  ( 1.000000000000000000, 0.000000000000000000, 0.000000000000000000 ) ) ;
#3145 = DIRECTION ( 'NONE',  ( 0.000000000000000000, 0.000000000000000000, -1.000000000000000000 ) ) ;
#3146 = CARTESIAN_POINT ( 'NONE',  ( 326.1408625819258873, 123.6000000000000085, -113.8537176635972941 ) ) ;
#3147 = CIRCLE ( 'NONE', #1196, 285.5999999999999659 ) ;
#3148 = AXIS2_PLACEMENT_3D ( 'NONE', #1586, #1897, #2621 ) ;
#3149 = VECTOR ( 'NONE', #2393, 1000.000000000000000 ) ;
#3150 = DIRECTION ( 'NONE',  ( 1.000000000000000000, 0.000000000000000000, -0.000000000000000000 ) ) ;
#3151 = ORIENTED_EDGE ( 'NONE', *, *, #467, .T. ) ;
#3152 = AXIS2_PLACEMENT_3D ( 'NONE', #1729, #203, #481 ) ;
#3153 = FACE_OUTER_BOUND ( 'NONE', #2196, .T. ) ;
#3154 = EDGE_CURVE ( 'NONE', #3168, #2385, #2716, .T. ) ;
#3155 = CARTESIAN_POINT ( 'NONE',  ( 102.9999999999999858, 60.59799999999998477, -82.99999999999997158 ) ) ;
#3156 = ORIENTED_EDGE ( 'NONE', *, *, #2728, .F. ) ;
#3157 = FACE_OUTER_BOUND ( 'NONE', #1772, .T. ) ;
#3158 = CARTESIAN_POINT ( 'NONE',  ( 102.9999999999999716, 340.3562251524129465, -84.34417637343878482 ) ) ;
#3159 = ORIENTED_EDGE ( 'NONE', *, *, #1444, .F. ) ;
#3160 = ORIENTED_EDGE ( 'NONE', *, *, #51, .T. ) ;
#3161 = CARTESIAN_POINT ( 'NONE',  ( -102.9999999999999858, 60.59799999999998477, -82.99999999999997158 ) ) ;
#3162 = CARTESIAN_POINT ( 'NONE',  ( 323.4243067432326484, 123.6000000000000085, -114.7127433936686316 ) ) ;
#3163 = ADVANCED_FACE ( 'NONE', ( #2275 ), #3109, .F. ) ;
#3164 = PLANE ( 'NONE',  #2391 ) ;
#3165 = ORIENTED_EDGE ( 'NONE', *, *, #1289, .F. ) ;
#3166 = CARTESIAN_POINT ( 'NONE',  ( 457.4999999999999432, 119.0999999999999801, 98.50000000000008527 ) ) ;
#3167 = LINE ( 'NONE', #3198, #68 ) ;
#3168 = VERTEX_POINT ( 'NONE', #1799 ) ;
#3169 = CARTESIAN_POINT ( 'NONE',  ( -101.6806654853816383, 340.7527203015778241, 90.15147991645679326 ) ) ;
#3170 = CARTESIAN_POINT ( 'NONE',  ( -340.9570576634204144, 60.60000000000000853, 114.6986080284447240 ) ) ;
#3171 = ORIENTED_EDGE ( 'NONE', *, *, #2572, .F. ) ;
#3172 = CARTESIAN_POINT ( 'NONE',  ( 470.0000000000000000, 123.5999999999999943, -110.6124949959959594 ) ) ;
#3173 = CARTESIAN_POINT ( 'NONE',  ( -102.7309018387720272, 340.4375732827864454, -86.33762588650698433 ) ) ;
#3174 = EDGE_CURVE ( 'NONE', #1885, #75, #893, .T. ) ;
#3175 = CARTESIAN_POINT ( 'NONE',  ( 333.4282531520087218, 123.6000000000000085, -103.0000000000000426 ) ) ;
#3176 = CARTESIAN_POINT ( 'NONE',  ( -285.5999999999999091, 119.0999999999999801, -110.0000000000000284 ) ) ;
#3177 = DIRECTION ( 'NONE',  ( 1.000000000000000000, -1.816464372750583381E-16, 0.000000000000000000 ) ) ;
#3178 = EDGE_CURVE ( 'NONE', #1138, #2835, #1907, .T. ) ;
#3179 = ORIENTED_EDGE ( 'NONE', *, *, #1944, .F. ) ;
#3180 = DIRECTION ( 'NONE',  ( -1.816464372750583381E-16, -1.000000000000000000, 0.000000000000000000 ) ) ;
#3181 = CARTESIAN_POINT ( 'NONE',  ( -82.87565266493369620, 340.1234381693374758, -99.24999999999998579 ) ) ;
#3182 = AXIS2_PLACEMENT_3D ( 'NONE', #563, #1355, #1638 ) ;
#3183 = ORIENTED_EDGE ( 'NONE', *, *, #1921, .F. ) ;
#3184 = CARTESIAN_POINT ( 'NONE',  ( -92.91746756093928639, 343.2477013859231079, 100.4170106383797076 ) ) ;
#3185 = CARTESIAN_POINT ( 'NONE',  ( -342.4790475193906900, 60.60000000000000853, 114.2481169901897573 ) ) ;
#3186 = ORIENTED_EDGE ( 'NONE', *, *, #2878, .F. ) ;
#3187 = CARTESIAN_POINT ( 'NONE',  ( -353.4999999999999432, 60.59999999999998721, 69.69999999999987494 ) ) ;
#3188 = CARTESIAN_POINT ( 'NONE',  ( 457.4999999999999432, 60.59999999999998010, -94.99999999999994316 ) ) ;
#3189 = CARTESIAN_POINT ( 'NONE',  ( 321.0077756932194575, 123.5999999999999801, -115.0000000000000284 ) ) ;
#3190 = LINE ( 'NONE', #1840, #1095 ) ;
#3191 = ORIENTED_EDGE ( 'NONE', *, *, #1316, .T. ) ;
#3192 = VECTOR ( 'NONE', #2234, 1000.000000000000000 ) ;
#3193 = ORIENTED_EDGE ( 'NONE', *, *, #3154, .T. ) ;
#3194 = AXIS2_PLACEMENT_3D ( 'NONE', #1103, #2918, #1083 ) ;
#3195 = LINE ( 'NONE', #300, #2880 ) ;
#3196 = LINE ( 'NONE', #2620, #1246 ) ;
#3197 = AXIS2_PLACEMENT_3D ( 'NONE', #2365, #1070, #2098 ) ;
#3198 = CARTESIAN_POINT ( 'NONE',  ( 477.5000000000000000, 123.5999999999999801, -94.99999999999994316 ) ) ;
#3199 = VECTOR ( 'NONE', #2603, 1000.000000000000000 ) ;
#3200 = ORIENTED_EDGE ( 'NONE', *, *, #547, .T. ) ;
#3201 = ADVANCED_FACE ( 'NONE', ( #840 ), #2648, .F. ) ;
#3202 = DIRECTION ( 'NONE',  ( 0.000000000000000000, 0.000000000000000000, -1.000000000000000000 ) ) ;
#3203 = VECTOR ( 'NONE', #3276, 1000.000000000000000 ) ;
#3204 = AXIS2_PLACEMENT_3D ( 'NONE', #3113, #1820, #2482 ) ;
#3205 = CARTESIAN_POINT ( 'NONE',  ( -349.3004319070997781, 60.59999999999998721, 107.9947218636839352 ) ) ;
#3206 = ORIENTED_EDGE ( 'NONE', *, *, #1790, .T. ) ;
#3207 = VERTEX_POINT ( 'NONE', #2912 ) ;
#3208 = CARTESIAN_POINT ( 'NONE',  ( 357.8999999999999204, 60.59999999999998721, 57.00000000000016342 ) ) ;
#3209 = DIRECTION ( 'NONE',  ( -1.047380211910526482E-15, 1.000000000000000000, 0.000000000000000000 ) ) ;
#3210 = FACE_OUTER_BOUND ( 'NONE', #166, .T. ) ;
#3211 = CARTESIAN_POINT ( 'NONE',  ( -473.0000000000000000, 60.59999999999997300, 83.00000000000008527 ) ) ;
#3212 = CARTESIAN_POINT ( 'NONE',  ( 477.5000000000000000, 123.5999999999999801, 83.00000000000008527 ) ) ;
#3213 = ORIENTED_EDGE ( 'NONE', *, *, #2413, .T. ) ;
#3214 = ORIENTED_EDGE ( 'NONE', *, *, #1255, .T. ) ;
#3215 = DIRECTION ( 'NONE',  ( -0.000000000000000000, 1.000000000000000000, 0.000000000000000000 ) ) ;
#3216 = LINE ( 'NONE', #2635, #2276 ) ;
#3217 = EDGE_CURVE ( 'NONE', #2268, #314, #1791, .T. ) ;
#3218 = DIRECTION ( 'NONE',  ( 0.000000000000000000, 0.000000000000000000, -1.000000000000000000 ) ) ;
#3219 = DIRECTION ( 'NONE',  ( 1.000000000000000000, 0.000000000000000000, 0.000000000000000000 ) ) ;
#3220 = VERTEX_POINT ( 'NONE', #571 ) ;
#3221 = EDGE_CURVE ( 'NONE', #343, #2739, #1382, .T. ) ;
#3222 = CARTESIAN_POINT ( 'NONE',  ( 338.2138376826116541, 60.60000000000012932, 110.0000000000000142 ) ) ;
#3223 = DIRECTION ( 'NONE',  ( 1.816464372750583381E-16, 1.000000000000000000, -0.000000000000000000 ) ) ;
#3224 = CARTESIAN_POINT ( 'NONE',  ( -85.59051282786121817, 345.1482555022247425, -102.8731913988755053 ) ) ;
#3225 = PLANE ( 'NONE',  #1419 ) ;
#3226 = ORIENTED_EDGE ( 'NONE', *, *, #713, .F. ) ;
#3227 = CARTESIAN_POINT ( 'NONE',  ( 82.99999999999997158, 345.7779055983768330, 102.9999999999999858 ) ) ;
#3228 = EDGE_LOOP ( 'NONE', ( #2167, #2002, #161, #2327 ) ) ;
#3229 = DIRECTION ( 'NONE',  ( 1.000000000000000000, -0.000000000000000000, -0.000000000000000000 ) ) ;
#3230 = CARTESIAN_POINT ( 'NONE',  ( 85.42238729915334261, 340.0347249246711954, 97.81096929559224407 ) ) ;
#3231 = LINE ( 'NONE', #2742, #3090 ) ;
#3232 = EDGE_CURVE ( 'NONE', #2173, #314, #1349, .T. ) ;
#3233 = CARTESIAN_POINT ( 'NONE',  ( 325.5192552626326687, 119.0999999999999659, -109.3294504771061639 ) ) ;
#3234 = CARTESIAN_POINT ( 'NONE',  ( 91.77500536035473999, 343.5552756705970978, -101.0182756485968980 ) ) ;
#3235 = CIRCLE ( 'NONE', #272, 20.00000000000001776 ) ;
#3236 = ORIENTED_EDGE ( 'NONE', *, *, #576, .F. ) ;
#3237 = ORIENTED_EDGE ( 'NONE', *, *, #1500, .T. ) ;
#3238 = DIRECTION ( 'NONE',  ( -0.000000000000000000, -0.000000000000000000, 1.000000000000000000 ) ) ;
#3239 = CYLINDRICAL_SURFACE ( 'NONE', #1567, 350.6000000000000227 ) ;
#3240 = DIRECTION ( 'NONE',  ( 0.000000000000000000, 0.000000000000000000, 1.000000000000000000 ) ) ;
#3241 = EDGE_CURVE ( 'NONE', #1038, #1967, #2416, .T. ) ;
#3242 = CARTESIAN_POINT ( 'NONE',  ( 353.4999999999998863, 90.25000000000000000, -86.64999999999997726 ) ) ;
#3243 = ORIENTED_EDGE ( 'NONE', *, *, #2900, .F. ) ;
#3244 = EDGE_CURVE ( 'NONE', #2920, #269, #1111, .T. ) ;
#3245 = EDGE_CURVE ( 'NONE', #2092, #2748, #2222, .T. ) ;
#3246 = CARTESIAN_POINT ( 'NONE',  ( 92.90932909097169556, 343.2498681122222024, 100.4206191766786276 ) ) ;
#3247 = VERTEX_POINT ( 'NONE', #1912 ) ;
#3248 = CARTESIAN_POINT ( 'NONE',  ( 97.99999999999997158, 336.6249545116939430, -82.99999999999997158 ) ) ;
#3249 = CARTESIAN_POINT ( 'NONE',  ( 82.99999999999997158, 60.59799999999998477, -82.99999999999997158 ) ) ;
#3250 = TOROIDAL_SURFACE ( 'NONE', #1032, 343.6000000000000227, 12.00000000000000000 ) ;
#3251 = CARTESIAN_POINT ( 'NONE',  ( 342.8945713989139108, 60.60000000000012932, 108.2887961175966751 ) ) ;
#3252 = AXIS2_PLACEMENT_3D ( 'NONE', #349, #1880, #861 ) ;
#3253 = VECTOR ( 'NONE', #580, 1000.000000000000000 ) ;
#3254 = EDGE_CURVE ( 'NONE', #1842, #2407, #1519, .T. ) ;
#3255 = CARTESIAN_POINT ( 'NONE',  ( 328.7163152063255893, 119.0999999999999801, -106.5903787933025910 ) ) ;
#3256 = CARTESIAN_POINT ( 'NONE',  ( 100.9177563998609344, 340.9798430073499276, -91.98345517088185375 ) ) ;
#3257 = VERTEX_POINT ( 'NONE', #1714 ) ;
#3258 = ORIENTED_EDGE ( 'NONE', *, *, #725, .T. ) ;
#3259 = AXIS2_PLACEMENT_3D ( 'NONE', #2433, #3016, #1448 ) ;
#3260 = VECTOR ( 'NONE', #1803, 1000.000000000000000 ) ;
#3261 = LOCAL_TIME ( 9, 52, 53.00000000000000000, #817 ) ;
#3262 = DIRECTION ( 'NONE',  ( -1.000000000000000000, 0.000000000000000000, 0.000000000000000000 ) ) ;
#3263 = CARTESIAN_POINT ( 'NONE',  ( 85.85281869478735928, 339.9262913378848907, -97.73392743378708758 ) ) ;
#3264 = DIRECTION ( 'NONE',  ( -1.816464372750583381E-16, -1.000000000000000000, 0.000000000000000000 ) ) ;
#3265 = DIRECTION ( 'NONE',  ( 1.000000000000000000, 0.000000000000000000, 0.000000000000000000 ) ) ;
#3266 = CARTESIAN_POINT ( 'NONE',  ( 0.000000000000000000, 0.000000000000000000, -110.0000000000000426 ) ) ;
#3267 = ORIENTED_EDGE ( 'NONE', *, *, #1587, .F. ) ;
#3268 = CARTESIAN_POINT ( 'NONE',  ( 353.4999999999999432, 119.0999999999999801, -115.0000000000000284 ) ) ;
#3269 = CARTESIAN_POINT ( 'NONE',  ( 97.01824735696176560, 336.9092745616091520, 88.36024010623970071 ) ) ;
#3270 = CARTESIAN_POINT ( 'NONE',  ( 327.1368349327709097, 119.1000000000000085, -108.3453450486958047 ) ) ;
#3271 = DIRECTION ( 'NONE',  ( 1.000000000000000000, 0.000000000000000000, 0.000000000000000000 ) ) ;
#3272 = DIRECTION ( 'NONE',  ( -1.000000000000000000, -1.816464372750583381E-16, 4.948533979758262294E-16 ) ) ;
#3273 = CARTESIAN_POINT ( 'NONE',  ( -470.0000000000000000, 60.59999999999998010, 835.3461819978975882 ) ) ;
#3274 = ORIENTED_EDGE ( 'NONE', *, *, #709, .F. ) ;
#3275 = EDGE_CURVE ( 'NONE', #3306, #266, #2715, .T. ) ;
#3276 = DIRECTION ( 'NONE',  ( -0.000000000000000000, -0.000000000000000000, 1.000000000000000000 ) ) ;
#3277 = DIRECTION ( 'NONE',  ( 1.816464372750583874E-16, -1.000000000000000000, 0.000000000000000000 ) ) ;
#3278 = ADVANCED_FACE ( 'NONE', ( #943 ), #2178, .F. ) ;
#3279 = DIRECTION ( 'NONE',  ( 0.000000000000000000, 0.000000000000000000, 1.000000000000000000 ) ) ;
#3280 = EDGE_CURVE ( 'NONE', #2442, #3168, #412, .T. ) ;
#3281 = VERTEX_POINT ( 'NONE', #426 ) ;
#3282 = CARTESIAN_POINT ( 'NONE',  ( 357.8999999999998636, 60.60000000000013642, 98.49999999999997158 ) ) ;
#3283 = CARTESIAN_POINT ( 'NONE',  ( 324.1691734275686372, 119.0999999999999943, -109.7799825619074596 ) ) ;
#3284 = CARTESIAN_POINT ( 'NONE',  ( 357.8999999999999204, 119.0999999999999801, -115.0000000000000284 ) ) ;
#3285 = ORIENTED_EDGE ( 'NONE', *, *, #3217, .T. ) ;
#3286 = DIRECTION ( 'NONE',  ( -0.000000000000000000, -0.000000000000000000, 1.000000000000000000 ) ) ;
#3287 = PLANE ( 'NONE',  #286 ) ;
#3288 = AXIS2_PLACEMENT_3D ( 'NONE', #1301, #3315, #1269 ) ;
#3289 = LINE ( 'NONE', #219, #1036 ) ;
#3290 = AXIS2_PLACEMENT_3D ( 'NONE', #44, #2097, #1285 ) ;
#3291 = CARTESIAN_POINT ( 'NONE',  ( 101.9370017341173309, 340.6765228257684726, 89.56684561285884172 ) ) ;
#3292 = ORIENTED_EDGE ( 'NONE', *, *, #2849, .T. ) ;
#3293 = CARTESIAN_POINT ( 'NONE',  ( -97.60560481099803098, 336.7395380218915761, -86.45336637004332658 ) ) ;
#3294 = DIRECTION ( 'NONE',  ( -0.000000000000000000, -0.000000000000000000, -1.000000000000000000 ) ) ;
#3295 = ORIENTED_EDGE ( 'NONE', *, *, #3337, .T. ) ;
#3296 = ORIENTED_EDGE ( 'NONE', *, *, #2963, .T. ) ;
#3297 = DIRECTION ( 'NONE',  ( 4.948533979758262294E-16, -8.988835671576540865E-32, -1.000000000000000000 ) ) ;
#3298 = DIRECTION ( 'NONE',  ( -1.000000000000000000, 0.000000000000000000, 0.000000000000000000 ) ) ;
#3299 = VECTOR ( 'NONE', #1437, 1000.000000000000000 ) ;
#3300 = EDGE_LOOP ( 'NONE', ( #790, #3082, #1059, #3213 ) ) ;
#3301 = DIRECTION ( 'NONE',  ( 1.000000000000000000, 1.816464372750583874E-16, 0.000000000000000000 ) ) ;
#3302 = EDGE_CURVE ( 'NONE', #3038, #2092, #2683, .T. ) ;
#3303 = DIRECTION ( 'NONE',  ( -1.000000000000000000, 0.000000000000000000, 0.000000000000000000 ) ) ;
#3304 = ADVANCED_FACE ( 'NONE', ( #625 ), #3225, .T. ) ;
#3305 = VECTOR ( 'NONE', #2015, 1000.000000000000000 ) ;
#3306 = VERTEX_POINT ( 'NONE', #1687 ) ;
#3307 = ORIENTED_EDGE ( 'NONE', *, *, #2614, .T. ) ;
#3308 = VECTOR ( 'NONE', #2195, 1000.000000000000000 ) ;
#3309 = DIRECTION ( 'NONE',  ( 0.000000000000000000, 1.000000000000000000, 0.000000000000000000 ) ) ;
#3310 = ORIENTED_EDGE ( 'NONE', *, *, #43, .T. ) ;
#3311 = CARTESIAN_POINT ( 'NONE',  ( -97.48112844733023508, 336.7756121465320120, -86.94273225156088358 ) ) ;
#3312 = CARTESIAN_POINT ( 'NONE',  ( -353.4999999999999432, 90.25000000000000000, 69.69999999999987494 ) ) ;
#3313 = ORIENTED_EDGE ( 'NONE', *, *, #1223, .F. ) ;
#3314 = ADVANCED_FACE ( 'NONE', ( #3210 ), #2194, .F. ) ;
#3315 = DIRECTION ( 'NONE',  ( 1.000000000000000000, 0.000000000000000000, 0.000000000000000000 ) ) ;
#3316 = CARTESIAN_POINT ( 'NONE',  ( -329.7378133947640890, 119.1000000000000085, -103.4758325279438651 ) ) ;
#3317 = ORIENTED_EDGE ( 'NONE', *, *, #1873, .T. ) ;
#3318 = DIRECTION ( 'NONE',  ( 1.816464372750583381E-16, -1.000000000000000000, 0.000000000000000000 ) ) ;
#3319 = CARTESIAN_POINT ( 'NONE',  ( -330.1044379931550452, 123.6000000000000227, -111.0752386370060520 ) ) ;
#3320 = CARTESIAN_POINT ( 'NONE',  ( -477.5000000000000000, 60.59999999999997300, 83.00000000000008527 ) ) ;
#3321 = PLANE ( 'NONE',  #402 ) ;
#3322 = CARTESIAN_POINT ( 'NONE',  ( 350.3983447449489290, 60.60000000000013642, 103.7985287352393584 ) ) ;
#3323 = ORIENTED_EDGE ( 'NONE', *, *, #1977, .F. ) ;
#3324 = EDGE_LOOP ( 'NONE', ( #3124, #1439, #3267, #610 ) ) ;
#3325 = CARTESIAN_POINT ( 'NONE',  ( -97.18759055441456951, 336.8604393250470821, -87.89494565606817389 ) ) ;
#3326 = CARTESIAN_POINT ( 'NONE',  ( 477.5000000000000000, 60.60000000000015064, 1178.427485982952930 ) ) ;
#3327 = LINE ( 'NONE', #2523, #717 ) ;
#3328 = ORIENTED_EDGE ( 'NONE', *, *, #844, .F. ) ;
#3329 = DIRECTION ( 'NONE',  ( -1.000000000000000000, -3.469446951953611231E-16, 0.000000000000000000 ) ) ;
#3330 = DIRECTION ( 'NONE',  ( -0.000000000000000000, -0.000000000000000000, 1.000000000000000000 ) ) ;
#3331 = APPROVAL_STATUS ( 'not_yet_approved' ) ;
#3332 = ORIENTED_EDGE ( 'NONE', *, *, #1061, .T. ) ;
#3333 = CARTESIAN_POINT ( 'NONE',  ( 457.4999999999999432, 60.60000000000015064, 83.00000000000008527 ) ) ;
#3334 = CARTESIAN_POINT ( 'NONE',  ( -333.4282531520086081, 123.5999999999999943, -103.4074264887189827 ) ) ;
#3335 = ORIENTED_EDGE ( 'NONE', *, *, #2701, .F. ) ;
#3336 = CARTESIAN_POINT ( 'NONE',  ( -102.9999999999999858, 365.5999999999999659, 82.99999999999995737 ) ) ;
#3337 = EDGE_CURVE ( 'NONE', #97, #3247, #2444, .T. ) ;
#3338 = CARTESIAN_POINT ( 'NONE',  ( 102.9661632376309939, 340.3664703670970084, 84.34164574043283835 ) ) ;
#3339 = VERTEX_POINT ( 'NONE', #2962 ) ;
#3340 = AXIS2_PLACEMENT_3D ( 'NONE', #3099, #474, #2306 ) ;
#3341 = VERTEX_POINT ( 'NONE', #1447 ) ;
#3342 = EDGE_CURVE ( 'NONE', #979, #587, #1192, .T. ) ;
#3343 = EDGE_CURVE ( 'NONE', #544, #1878, #667, .T. ) ;
#3344 = VERTEX_POINT ( 'NONE', #2465 ) ;
#3345 = LINE ( 'NONE', #259, #230 ) ;
#3346 = FACE_OUTER_BOUND ( 'NONE', #2924, .T. ) ;
#3347 = DIRECTION ( 'NONE',  ( 0.000000000000000000, 0.000000000000000000, -1.000000000000000000 ) ) ;
#3348 = CARTESIAN_POINT ( 'NONE',  ( 477.5000000000000000, 60.59999999999997300, -94.99999999999994316 ) ) ;
#3349 = VECTOR ( 'NONE', #1109, 1000.000000000000000 ) ;
#3350 = DESIGN_CONTEXT ( 'detailed design', #2310, 'design' ) ;
#3351 = VERTEX_POINT ( 'NONE', #689 ) ;
#3352 = DIRECTION ( 'NONE',  ( -0.000000000000000000, -0.000000000000000000, -1.000000000000000000 ) ) ;
#3353 = CARTESIAN_POINT ( 'NONE',  ( 82.99999999999997158, 60.59799999999998477, -82.99999999999997158 ) ) ;
#3354 = DIRECTION ( 'NONE',  ( 0.000000000000000000, 1.000000000000000000, -0.000000000000000000 ) ) ;
ENDSEC;
END-ISO-10303-21;
