ISO-10303-21;
HEADER;
FILE_DESCRIPTION (( 'STEP AP203' ),
    '1' );
FILE_NAME ('REGO PLATE LIGHT_REV_.step',
    '2025-08-17T04:50:20',
    ( '' ),
    ( '' ),
    'SwSTEP 2.0',
    'SolidWorks 2024',
    '' );
FILE_SCHEMA (( 'CONFIG_CONTROL_DESIGN' ));
ENDSEC;

DATA;
#1 = DIRECTION ( 'NONE',  ( 3.134651602192766510E-35, -1.284980352575412699E-16, -1.000000000000000000 ) ) ;
#2 = CARTESIAN_POINT ( 'NONE',  ( -1.734723475976807094E-15, -7.399034790452304833, 30.50000000000000000 ) ) ;
#3 = DIRECTION ( 'NONE',  ( 1.000000000000000000, 2.434872701500644882E-19, -0.000000000000000000 ) ) ;
#4 = FACE_OUTER_BOUND ( 'NONE', #1423, .T. ) ;
#5 = ORIENTED_EDGE ( 'NONE', *, *, #194, .F. ) ;
#6 = CARTESIAN_POINT ( 'NONE',  ( -6.981996637613772447E-18, 28.67499657501878474, 42.50000000000000000 ) ) ;
#7 = LINE ( 'NONE', #494, #251 ) ;
#8 = LINE ( 'NONE', #2144, #1832 ) ;
#9 = APPROVAL_STATUS ( 'not_yet_approved' ) ;
#10 = PLANE ( 'NONE',  #88 ) ;
#11 = CARTESIAN_POINT ( 'NONE',  ( -5.703090192535229040E-19, 2.342253945769048773, 40.50000000000000000 ) ) ;
#12 = AXIS2_PLACEMENT_3D ( 'NONE', #517, #1852, #141 ) ;
#13 = EDGE_CURVE ( 'NONE', #1406, #579, #411, .T. ) ;
#14 = CARTESIAN_POINT ( 'NONE',  ( -12.00000000000000000, 26.67499657501879540, 5.500000000000001776 ) ) ;
#15 = AXIS2_PLACEMENT_3D ( 'NONE', #253, #405, #90 ) ;
#16 = CARTESIAN_POINT ( 'NONE',  ( -3.377651191158994148, 28.67499657501879184, 42.39488505789955752 ) ) ;
#17 = VECTOR ( 'NONE', #1849, 1000.000000000000000 ) ;
#18 = APPLICATION_PROTOCOL_DEFINITION ( 'international standard', 'config_control_design', 1994, #2174 ) ;
#19 = ORIENTED_EDGE ( 'NONE', *, *, #2162, .F. ) ;
#20 = DIRECTION ( 'NONE',  ( 1.000000000000000000, 2.434872701500644882E-19, -0.000000000000000000 ) ) ;
#21 = CARTESIAN_POINT ( 'NONE',  ( -36.01143129530325382, 28.67499657501879184, -31.65661333927723931 ) ) ;
#22 = ORIENTED_EDGE ( 'NONE', *, *, #1784, .T. ) ;
#23 = DIRECTION ( 'NONE',  ( -0.000000000000000000, -0.000000000000000000, -1.000000000000000000 ) ) ;
#24 = FACE_OUTER_BOUND ( 'NONE', #1895, .T. ) ;
#25 = ORIENTED_EDGE ( 'NONE', *, *, #1742, .T. ) ;
#26 = DIRECTION ( 'NONE',  ( -2.434872701500644882E-19, 1.000000000000000000, -0.000000000000000000 ) ) ;
#27 = AXIS2_PLACEMENT_3D ( 'NONE', #886, #380, #1545 ) ;
#28 = CARTESIAN_POINT ( 'NONE',  ( -14.61737190662498875, 26.00000000000000000, -29.54939820164022279 ) ) ;
#29 = ORIENTED_EDGE ( 'NONE', *, *, #13, .T. ) ;
#30 = DIRECTION ( 'NONE',  ( 0.000000000000000000, 0.000000000000000000, -1.000000000000000000 ) ) ;
#31 = FACE_OUTER_BOUND ( 'NONE', #1315, .T. ) ;
#32 = ORIENTED_EDGE ( 'NONE', *, *, #1291, .F. ) ;
#33 = DIRECTION ( 'NONE',  ( 1.000000000000000000, 0.000000000000000000, 0.000000000000000000 ) ) ;
#34 = EDGE_CURVE ( 'NONE', #1119, #1327, #78, .T. ) ;
#35 = ORIENTED_EDGE ( 'NONE', *, *, #697, .F. ) ;
#36 = DIRECTION ( 'NONE',  ( 0.08715574274765493235, -0.9961946980917458783, 0.000000000000000000 ) ) ;
#37 = DIRECTION ( 'NONE',  ( 1.000000000000000000, 2.434872701500644882E-19, -0.000000000000000000 ) ) ;
#38 = ORIENTED_EDGE ( 'NONE', *, *, #1075, .F. ) ;
#39 = CARTESIAN_POINT ( 'NONE',  ( -1.217436350750327737E-19, 0.5000000000000004441, -42.50000000000000000 ) ) ;
#40 = CARTESIAN_POINT ( 'NONE',  ( -4.980973490458728392, 40.72083462553895572, 42.50000000000000000 ) ) ;
#41 = ORIENTED_EDGE ( 'NONE', *, *, #1323, .T. ) ;
#42 = DIRECTION ( 'NONE',  ( 1.000000000000000000, 2.434872701500644882E-19, -0.000000000000000000 ) ) ;
#43 = CARTESIAN_POINT ( 'NONE',  ( -28.54056831909881353, 15.21976222246934718, -30.40865235431112623 ) ) ;
#44 = CC_DESIGN_PERSON_AND_ORGANIZATION_ASSIGNMENT ( #1881, #1062, ( #330 ) ) ;
#45 = CARTESIAN_POINT ( 'NONE',  ( -1.734723475976807094E-15, -7.399034790452304833, 42.50000000000000000 ) ) ;
#46 = AXIS2_PLACEMENT_3D ( 'NONE', #1179, #337, #128 ) ;
#47 = CIRCLE ( 'NONE', #116, 3.000000000000002665 ) ;
#48 = EDGE_LOOP ( 'NONE', ( #1458, #1416, #1619, #492 ) ) ;
#49 = CIRCLE ( 'NONE', #688, 0.5000000000000004441 ) ;
#50 = CARTESIAN_POINT ( 'NONE',  ( -28.50000000000000000, 25.50000000000000000, -29.50000000000000000 ) ) ;
#51 = AXIS2_PLACEMENT_3D ( 'NONE', #1556, #860, #183 ) ;
#52 = EDGE_LOOP ( 'NONE', ( #381, #484, #1526, #823 ) ) ;
#53 = DIRECTION ( 'NONE',  ( 1.000000000000000000, 0.000000000000000000, 0.000000000000000000 ) ) ;
#54 = ADVANCED_FACE ( 'NONE', ( #256 ), #922, .F. ) ;
#55 = VERTEX_POINT ( 'NONE', #748 ) ;
#56 = CARTESIAN_POINT ( 'NONE',  ( -28.71428316950331450, 15.53518445686743732, 29.95514972705119661 ) ) ;
#57 = DIRECTION ( 'NONE',  ( -0.000000000000000000, -0.000000000000000000, -1.000000000000000000 ) ) ;
#58 = CARTESIAN_POINT ( 'NONE',  ( -14.80111691330754731, 25.96012816856178418, -29.70116474410656338 ) ) ;
#59 = VERTEX_POINT ( 'NONE', #2096 ) ;
#60 = DIRECTION ( 'NONE',  ( -1.000000000000000000, 0.000000000000000000, 0.000000000000000000 ) ) ;
#61 = PLANE ( 'NONE',  #1018 ) ;
#62 = ORIENTED_EDGE ( 'NONE', *, *, #1297, .T. ) ;
#63 = CYLINDRICAL_SURFACE ( 'NONE', #1047, 0.5000000000000000000 ) ;
#64 = CARTESIAN_POINT ( 'NONE',  ( -35.65669810904146431, -8.681952085135473615E-18, 42.00000000000000000 ) ) ;
#65 = DIRECTION ( 'NONE',  ( -1.000000000000000000, 0.000000000000000000, -0.000000000000000000 ) ) ;
#66 = FACE_OUTER_BOUND ( 'NONE', #1826, .T. ) ;
#67 = ORIENTED_EDGE ( 'NONE', *, *, #481, .T. ) ;
#68 = EDGE_CURVE ( 'NONE', #1955, #576, #1463, .T. ) ;
#69 = DIRECTION ( 'NONE',  ( 0.000000000000000000, 1.000000000000000000, 0.000000000000000000 ) ) ;
#70 = CARTESIAN_POINT ( 'NONE',  ( -7.621942530177302480E-34, 31.67499657501879184, 28.65661333927723575 ) ) ;
#71 = VERTEX_POINT ( 'NONE', #433 ) ;
#72 = CARTESIAN_POINT ( 'NONE',  ( -1.734723475976807094E-15, -7.399034790452304833, -30.50000000000000711 ) ) ;
#73 = EDGE_LOOP ( 'NONE', ( #288, #396, #1633, #1444 ) ) ;
#74 = CARTESIAN_POINT ( 'NONE',  ( -29.05257375455869351, 14.55789305142409162, 29.84136265085500384 ) ) ;
#75 = ORIENTED_EDGE ( 'NONE', *, *, #1421, .F. ) ;
#76 = CARTESIAN_POINT ( 'NONE',  ( -15.72412240712199960, 25.44828240005795550, -30.42252035704559532 ) ) ;
#77 = EDGE_CURVE ( 'NONE', #1838, #1509, #757, .T. ) ;
#78 = LINE ( 'NONE', #1440, #151 ) ;
#79 = DIRECTION ( 'NONE',  ( 0.000000000000000000, 0.000000000000000000, 1.000000000000000000 ) ) ;
#80 = DIRECTION ( 'NONE',  ( -3.050597354146074136E-16, 1.000000000000000000, -0.000000000000000000 ) ) ;
#81 = ORIENTED_EDGE ( 'NONE', *, *, #1927, .F. ) ;
#82 = ORIENTED_EDGE ( 'NONE', *, *, #1622, .T. ) ;
#83 = AXIS2_PLACEMENT_3D ( 'NONE', #1990, #1500, #1550 ) ;
#84 = CIRCLE ( 'NONE', #1081, 0.5000000000000004441 ) ;
#85 = DIRECTION ( 'NONE',  ( 0.000000000000000000, -0.000000000000000000, -1.000000000000000000 ) ) ;
#86 = ORIENTED_EDGE ( 'NONE', *, *, #1230, .T. ) ;
#87 = ADVANCED_FACE ( 'NONE', ( #264 ), #1704, .F. ) ;
#88 = AXIS2_PLACEMENT_3D ( 'NONE', #719, #33, #1696 ) ;
#89 = CIRCLE ( 'NONE', #1602, 36.41628531124014501 ) ;
#90 = DIRECTION ( 'NONE',  ( 0.000000000000000000, 0.000000000000000000, 1.000000000000000000 ) ) ;
#91 = VERTEX_POINT ( 'NONE', #2137 ) ;
#92 = CARTESIAN_POINT ( 'NONE',  ( -16.52028266132296253, 25.05441027566720891, -30.00000000000000355 ) ) ;
#93 = ORIENTED_EDGE ( 'NONE', *, *, #1350, .F. ) ;
#94 = CARTESIAN_POINT ( 'NONE',  ( -35.03690625522790469, 0.5000000000000000000, -42.00000000000000000 ) ) ;
#95 = CARTESIAN_POINT ( 'NONE',  ( 0.000000000000000000, 35.00000000000000000, -28.65661333927723931 ) ) ;
#96 = ORIENTED_EDGE ( 'NONE', *, *, #321, .T. ) ;
#97 = CC_DESIGN_APPROVAL ( #2130, ( #162 ) ) ;
#98 = CARTESIAN_POINT ( 'NONE',  ( -4.533066036963950829, 28.67499657501878829, -42.23634318227978923 ) ) ;
#99 = CARTESIAN_POINT ( 'NONE',  ( -1.499056975350085408E-18, 41.15661333927723575, -22.50000000000000000 ) ) ;
#100 = CARTESIAN_POINT ( 'NONE',  ( -16.74710813954141031, 25.50000000000000355, -30.00000000000000000 ) ) ;
#101 = ORIENTED_EDGE ( 'NONE', *, *, #1140, .F. ) ;
#102 = LINE ( 'NONE', #299, #1534 ) ;
#103 = ORIENTED_EDGE ( 'NONE', *, *, #1407, .F. ) ;
#104 = VERTEX_POINT ( 'NONE', #1833 ) ;
#105 = CARTESIAN_POINT ( 'NONE',  ( -14.41939191238417806, 26.04086611769504955, 42.50000000000000000 ) ) ;
#106 = EDGE_CURVE ( 'NONE', #1451, #1838, #1467, .T. ) ;
#107 = ORIENTED_EDGE ( 'NONE', *, *, #2066, .T. ) ;
#108 = ADVANCED_FACE ( 'NONE', ( #1133 ), #1311, .T. ) ;
#109 = CARTESIAN_POINT ( 'NONE',  ( -29.00000000000000000, 26.00000000000000000, -29.50000000000000000 ) ) ;
#110 = EDGE_CURVE ( 'NONE', #974, #1924, #298, .T. ) ;
#111 = ORIENTED_EDGE ( 'NONE', *, *, #1935, .T. ) ;
#112 = CARTESIAN_POINT ( 'NONE',  ( -1.734723475976807094E-15, -7.399034790452304833, 42.00000000000000000 ) ) ;
#113 = ORIENTED_EDGE ( 'NONE', *, *, #1367, .F. ) ;
#114 = CARTESIAN_POINT ( 'NONE',  ( -15.52521675696023884, 25.54272356653694231, -30.37619533370472880 ) ) ;
#115 = AXIS2_PLACEMENT_3D ( 'NONE', #1338, #487, #1031 ) ;
#116 = AXIS2_PLACEMENT_3D ( 'NONE', #2080, #769, #1755 ) ;
#117 = VECTOR ( 'NONE', #245, 1000.000000000000000 ) ;
#118 = ADVANCED_FACE ( 'NONE', ( #1324 ), #155, .F. ) ;
#119 = ORIENTED_EDGE ( 'NONE', *, *, #519, .T. ) ;
#120 = COORDINATED_UNIVERSAL_TIME_OFFSET ( 10, 0, .AHEAD. ) ;
#121 = AXIS2_PLACEMENT_3D ( 'NONE', #1262, #913, #958 ) ;
#122 = CARTESIAN_POINT ( 'NONE',  ( -4.980973490458739050, 28.67499657501878474, 31.65661333927723931 ) ) ;
#123 = DIRECTION ( 'NONE',  ( 1.000000000000000000, 0.000000000000000000, 0.000000000000000000 ) ) ;
#124 = ADVANCED_FACE ( 'NONE', ( #460 ), #1301, .T. ) ;
#125 = DIRECTION ( 'NONE',  ( 0.000000000000000000, 1.000000000000000000, 0.000000000000000000 ) ) ;
#126 = ORIENTED_EDGE ( 'NONE', *, *, #2027, .T. ) ;
#127 = CARTESIAN_POINT ( 'NONE',  ( -28.50000000000000000, 26.00000000000000000, 29.50000000000000000 ) ) ;
#128 = DIRECTION ( 'NONE',  ( 0.000000000000000000, 1.000000000000000000, 0.000000000000000000 ) ) ;
#129 = AXIS2_PLACEMENT_3D ( 'NONE', #178, #1869, #217 ) ;
#130 = ORIENTED_EDGE ( 'NONE', *, *, #1216, .T. ) ;
#131 = PERSON_AND_ORGANIZATION ( #1468, #700 ) ;
#132 = CARTESIAN_POINT ( 'NONE',  ( -14.61737190662497810, 26.00000000000000000, -29.49999999999998224 ) ) ;
#133 = AXIS2_PLACEMENT_3D ( 'NONE', #651, #846, #1493 ) ;
#134 = CARTESIAN_POINT ( 'NONE',  ( -28.82640998928205178, 14.85421840234074864, -30.20239299074302153 ) ) ;
#135 = CARTESIAN_POINT ( 'NONE',  ( -12.00000000000000000, 26.67499657501879540, -5.499999999999998224 ) ) ;
#136 = VERTEX_POINT ( 'NONE', #991 ) ;
#137 = CARTESIAN_POINT ( 'NONE',  ( -15.13628428369259638, 25.72323410955075929, -30.24368519232422869 ) ) ;
#138 = VERTEX_POINT ( 'NONE', #1292 ) ;
#139 =( BOUNDED_CURVE ( )  B_SPLINE_CURVE ( 3, ( #1363, #2049, #1235, #414 ),
 .UNSPECIFIED., .F., .T. ) 
 B_SPLINE_CURVE_WITH_KNOTS ( ( 4, 4 ),
 ( 1.570796326794896780, 3.141592653589793560 ),
 .UNSPECIFIED. ) 
 CURVE ( )  GEOMETRIC_REPRESENTATION_ITEM ( )  RATIONAL_B_SPLINE_CURVE ( ( 1.000000000000000000, 0.8047378541243649375, 0.8047378541243649375, 1.000000000000000000 ) ) 
 REPRESENTATION_ITEM ( '' )  );
#140 = DIRECTION ( 'NONE',  ( 1.000000000000000000, 0.000000000000000000, 0.000000000000000000 ) ) ;
#141 = DIRECTION ( 'NONE',  ( 1.000000000000000000, 0.000000000000000000, 0.000000000000000000 ) ) ;
#142 = DIRECTION ( 'NONE',  ( -0.2199290578633520399, -0.9755158684036556727, 0.000000000000000000 ) ) ;
#143 = DIRECTION ( 'NONE',  ( 1.000000000000000000, 0.000000000000000000, 0.000000000000000000 ) ) ;
#144 = LINE ( 'NONE', #2138, #2089 ) ;
#145 = EDGE_CURVE ( 'NONE', #794, #138, #1910, .T. ) ;
#146 = ORIENTED_EDGE ( 'NONE', *, *, #612, .F. ) ;
#147 = DIRECTION ( 'NONE',  ( 5.081295020118190534E-34, -2.086883234998906156E-15, -1.000000000000000000 ) ) ;
#148 = FACE_OUTER_BOUND ( 'NONE', #957, .T. ) ;
#149 = DIRECTION ( 'NONE',  ( 0.000000000000000000, 0.000000000000000000, -1.000000000000000000 ) ) ;
#150 = ADVANCED_FACE ( 'NONE', ( #1967 ), #468, .F. ) ;
#151 = VECTOR ( 'NONE', #244, 1000.000000000000000 ) ;
#152 = VECTOR ( 'NONE', #1234, 1000.000000000000000 ) ;
#153 = FACE_OUTER_BOUND ( 'NONE', #2072, .T. ) ;
#154 = CIRCLE ( 'NONE', #121, 6.156613339277236641 ) ;
#155 = CYLINDRICAL_SURFACE ( 'NONE', #2044, 0.5000000000000004441 ) ;
#156 = CARTESIAN_POINT ( 'NONE',  ( -11.00000000000000000, 2.342253945769048773, 40.50000000000000000 ) ) ;
#157 = ORIENTED_EDGE ( 'NONE', *, *, #1907, .F. ) ;
#158 = CARTESIAN_POINT ( 'NONE',  ( -36.01143129530325382, 35.00000000000000000, -28.65661333927723931 ) ) ;
#159 = CARTESIAN_POINT ( 'NONE',  ( -12.00000000000000000, 15.67499657501880428, 5.500000000000000000 ) ) ;
#160 = CARTESIAN_POINT ( 'NONE',  ( -15.43883817341311548, 25.81723983098724418, 29.88994577285441068 ) ) ;
#161 = ORIENTED_EDGE ( 'NONE', *, *, #420, .T. ) ;
#162 = PRODUCT_DEFINITION_FORMATION_WITH_SPECIFIED_SOURCE ( 'ANY', '', #330, .NOT_KNOWN. ) ;
#163 = DIRECTION ( 'NONE',  ( -1.000000000000000000, 0.000000000000000000, 0.000000000000000000 ) ) ;
#164 = CARTESIAN_POINT ( 'NONE',  ( -36.01143129530325382, 37.50000000000000000, 22.50000000000000000 ) ) ;
#165 = CARTESIAN_POINT ( 'NONE',  ( -11.00000000000000000, 26.67499657501878829, 40.50000000000000000 ) ) ;
#166 = EDGE_CURVE ( 'NONE', #260, #1119, #1498, .T. ) ;
#167 = ORIENTED_EDGE ( 'NONE', *, *, #145, .T. ) ;
#168 = DIRECTION ( 'NONE',  ( -0.000000000000000000, -0.000000000000000000, -1.000000000000000000 ) ) ;
#169 = FACE_OUTER_BOUND ( 'NONE', #73, .T. ) ;
#170 = DIRECTION ( 'NONE',  ( 0.000000000000000000, 0.000000000000000000, -1.000000000000000000 ) ) ;
#171 = COORDINATED_UNIVERSAL_TIME_OFFSET ( 10, 0, .AHEAD. ) ;
#172 = DIRECTION ( 'NONE',  ( 0.000000000000000000, 0.000000000000000000, -1.000000000000000000 ) ) ;
#173 = ADVANCED_FACE ( 'NONE', ( #490 ), #1165, .T. ) ;
#174 = DIRECTION ( 'NONE',  ( 0.000000000000000000, 0.000000000000000000, 1.000000000000000000 ) ) ;
#175 = DIRECTION ( 'NONE',  ( -0.000000000000000000, 0.000000000000000000, 1.000000000000000000 ) ) ;
#176 = CARTESIAN_POINT ( 'NONE',  ( -28.50000000000000000, 26.00000000000000000, -29.50000000000000000 ) ) ;
#177 = EDGE_CURVE ( 'NONE', #1372, #260, #1527, .T. ) ;
#178 = CARTESIAN_POINT ( 'NONE',  ( -4.980973490458728392, 31.67499657501878474, 13.34338666072276425 ) ) ;
#179 = ORIENTED_EDGE ( 'NONE', *, *, #2056, .T. ) ;
#180 = CARTESIAN_POINT ( 'NONE',  ( -14.51416433436875053, 25.99999994669998671, 29.58690613511286216 ) ) ;
#181 = FACE_OUTER_BOUND ( 'NONE', #1581, .T. ) ;
#182 = ORIENTED_EDGE ( 'NONE', *, *, #1001, .F. ) ;
#183 = DIRECTION ( 'NONE',  ( 0.4536509564368945702, -0.8911794486655821856, 0.000000000000000000 ) ) ;
#184 = EDGE_CURVE ( 'NONE', #212, #319, #1035, .T. ) ;
#185 = VECTOR ( 'NONE', #2158, 1000.000000000000000 ) ;
#186 = CARTESIAN_POINT ( 'NONE',  ( -28.11399149779403217, 15.74722447387828517, -30.50000000000000711 ) ) ;
#187 = AXIS2_PLACEMENT_3D ( 'NONE', #894, #845, #30 ) ;
#188 = DIRECTION ( 'NONE',  ( 0.000000000000000000, 1.000000000000000000, 0.000000000000000000 ) ) ;
#189 = VECTOR ( 'NONE', #375, 1000.000000000000000 ) ;
#190 = CARTESIAN_POINT ( 'NONE',  ( -11.00000000000000000, 26.67499657501879895, -40.50000000000000000 ) ) ;
#191 = CIRCLE ( 'NONE', #1669, 35.91628531124014501 ) ;
#192 = DIRECTION ( 'NONE',  ( 1.000000000000000000, 0.000000000000000000, 0.000000000000000000 ) ) ;
#193 = ORIENTED_EDGE ( 'NONE', *, *, #639, .F. ) ;
#194 = EDGE_CURVE ( 'NONE', #1575, #704, #305, .T. ) ;
#195 = AXIS2_PLACEMENT_3D ( 'NONE', #759, #440, #229 ) ;
#196 = CARTESIAN_POINT ( 'NONE',  ( -14.51416421169658477, 26.00000000000000000, 29.50000000000000000 ) ) ;
#197 = DIRECTION ( 'NONE',  ( 2.434872701497945210E-19, -1.000000000000000000, 0.000000000000000000 ) ) ;
#198 = EDGE_LOOP ( 'NONE', ( #1277, #708, #658, #247, #423, #918, #876, #2077 ) ) ;
#199 = APPROVAL_ROLE ( '' ) ;
#200 = CYLINDRICAL_SURFACE ( 'NONE', #977, 0.5000000000000004441 ) ;
#201 = CARTESIAN_POINT ( 'NONE',  ( -16.52028266132295897, 25.05441027566720535, 30.50000000000000000 ) ) ;
#202 = EDGE_LOOP ( 'NONE', ( #227, #2081, #522, #161 ) ) ;
#203 = LOCAL_TIME ( 14, 50, 20.00000000000000000, #120 ) ;
#204 = EDGE_LOOP ( 'NONE', ( #1707, #1928, #1794, #313 ) ) ;
#205 = PLANE ( 'NONE',  #232 ) ;
#206 = DIRECTION ( 'NONE',  ( -2.434872701500645364E-19, 1.000000000000000000, 1.284980352575412699E-16 ) ) ;
#207 = ORIENTED_EDGE ( 'NONE', *, *, #1970, .F. ) ;
#208 = AXIS2_PLACEMENT_3D ( 'NONE', #1040, #696, #1382 ) ;
#209 = CARTESIAN_POINT ( 'NONE',  ( -14.61737190662501717, 26.00000000000000000, -29.50000000000000000 ) ) ;
#210 = DIRECTION ( 'NONE',  ( 2.434872701500641993E-19, -1.000000000000000000, 0.000000000000000000 ) ) ;
#211 = EDGE_CURVE ( 'NONE', #1122, #91, #1341, .T. ) ;
#212 = VERTEX_POINT ( 'NONE', #510 ) ;
#213 = DIRECTION ( 'NONE',  ( -1.000000000000000000, 0.000000000000000000, 0.000000000000000000 ) ) ;
#214 = CARTESIAN_POINT ( 'NONE',  ( -29.10044733982189413, 14.49411026666313340, -29.67448195276173806 ) ) ;
#215 = VERTEX_POINT ( 'NONE', #851 ) ;
#216 = CYLINDRICAL_SURFACE ( 'NONE', #1388, 36.41628531124014501 ) ;
#217 = DIRECTION ( 'NONE',  ( 0.000000000000000000, 0.000000000000000000, -1.000000000000000000 ) ) ;
#218 = ORIENTED_EDGE ( 'NONE', *, *, #1935, .F. ) ;
#219 = FACE_OUTER_BOUND ( 'NONE', #364, .T. ) ;
#220 = EDGE_CURVE ( 'NONE', #557, #59, #1539, .T. ) ;
#221 = CARTESIAN_POINT ( 'NONE',  ( -1.680325923519183418, 41.00960386994057671, 24.04893670925779858 ) ) ;
#222 = ORIENTED_EDGE ( 'NONE', *, *, #587, .F. ) ;
#223 = CARTESIAN_POINT ( 'NONE',  ( -0.5000000000000000000, -1.217436350750322441E-19, 42.00000000000000000 ) ) ;
#224 = ORIENTED_EDGE ( 'NONE', *, *, #416, .T. ) ;
#225 = ADVANCED_FACE ( 'NONE', ( #1026 ), #2021, .T. ) ;
#226 = FACE_OUTER_BOUND ( 'NONE', #334, .T. ) ;
#227 = ORIENTED_EDGE ( 'NONE', *, *, #1745, .T. ) ;
#228 = CARTESIAN_POINT ( 'NONE',  ( -28.99999999999999645, 14.79470579514716455, 29.50000000000000000 ) ) ;
#229 = DIRECTION ( 'NONE',  ( 0.000000000000000000, 0.000000000000000000, -1.000000000000000000 ) ) ;
#230 = AXIS2_PLACEMENT_3D ( 'NONE', #1034, #275, #1250 ) ;
#231 = VERTEX_POINT ( 'NONE', #523 ) ;
#232 = AXIS2_PLACEMENT_3D ( 'NONE', #882, #36, #549 ) ;
#233 = CARTESIAN_POINT ( 'NONE',  ( -36.01143129530325382, 34.99999999999999289, 28.65661333927723931 ) ) ;
#234 = DIRECTION ( 'NONE',  ( 0.08715574274765493235, -0.9961946980917458783, 0.000000000000000000 ) ) ;
#235 = VECTOR ( 'NONE', #1400, 1000.000000000000000 ) ;
#236 = EDGE_LOOP ( 'NONE', ( #1146, #1484, #781, #1930 ) ) ;
#237 = CARTESIAN_POINT ( 'NONE',  ( -4.980973490465986586, 28.67499657501878119, -42.02686702197492963 ) ) ;
#238 = ORIENTED_EDGE ( 'NONE', *, *, #2162, .T. ) ;
#239 = LINE ( 'NONE', #64, #1425 ) ;
#240 = EDGE_CURVE ( 'NONE', #2058, #1344, #676, .T. ) ;
#241 = DIRECTION ( 'NONE',  ( -1.000000000000000000, 0.000000000000000000, -0.000000000000000000 ) ) ;
#242 = CARTESIAN_POINT ( 'NONE',  ( -11.00000000000000000, 2.342253945769048773, 40.50000000000000000 ) ) ;
#243 = VECTOR ( 'NONE', #80, 1000.000000000000000 ) ;
#244 = DIRECTION ( 'NONE',  ( 2.434872701500644882E-19, -1.000000000000000000, 0.000000000000000000 ) ) ;
#245 = DIRECTION ( 'NONE',  ( 0.000000000000000000, 0.000000000000000000, 1.000000000000000000 ) ) ;
#246 = CARTESIAN_POINT ( 'NONE',  ( -4.980973490458728392, 40.72083462553895572, -24.77506900919530253 ) ) ;
#247 = ORIENTED_EDGE ( 'NONE', *, *, #393, .T. ) ;
#248 = ORIENTED_EDGE ( 'NONE', *, *, #240, .F. ) ;
#249 = DIRECTION ( 'NONE',  ( -1.000000000000000000, -2.434872701500644882E-19, 0.000000000000000000 ) ) ;
#250 = ORIENTED_EDGE ( 'NONE', *, *, #2126, .T. ) ;
#251 = VECTOR ( 'NONE', #671, 1000.000000000000000 ) ;
#252 = ADVANCED_FACE ( 'NONE', ( #1856 ), #1181, .T. ) ;
#253 = CARTESIAN_POINT ( 'NONE',  ( -28.50000000000000000, 25.50000000000000000, 29.50000000000000000 ) ) ;
#254 = ORIENTED_EDGE ( 'NONE', *, *, #1236, .F. ) ;
#255 = DIRECTION ( 'NONE',  ( -1.000000000000000000, -8.935329482842561349E-16, 0.000000000000000000 ) ) ;
#256 = FACE_OUTER_BOUND ( 'NONE', #1921, .T. ) ;
#257 = ADVANCED_FACE ( 'NONE', ( #841 ), #1515, .F. ) ;
#258 = CARTESIAN_POINT ( 'NONE',  ( -5.703090192535204003E-19, 2.342253945769038559, -40.50000000000000000 ) ) ;
#259 = DIRECTION ( 'NONE',  ( 1.000000000000000000, 2.434872701500645364E-19, 5.888019742220133644E-38 ) ) ;
#260 = VERTEX_POINT ( 'NONE', #1512 ) ;
#261 = CARTESIAN_POINT ( 'NONE',  ( 6.087181753751610521E-19, 32.49999999999999289, 22.50000000000000000 ) ) ;
#262 = DIRECTION ( 'NONE',  ( 1.000000000000000000, 2.434872701500644882E-19, -0.000000000000000000 ) ) ;
#263 = CARTESIAN_POINT ( 'NONE',  ( -4.980973490458728392, 37.50000000000000000, 22.50000000000000000 ) ) ;
#264 = FACE_OUTER_BOUND ( 'NONE', #202, .T. ) ;
#265 = DIRECTION ( 'NONE',  ( -1.000000000000000000, 0.000000000000000000, 0.000000000000000000 ) ) ;
#266 = AXIS2_PLACEMENT_3D ( 'NONE', #1103, #441, #1116 ) ;
#267 = AXIS2_PLACEMENT_3D ( 'NONE', #1332, #1956, #1816 ) ;
#268 = CARTESIAN_POINT ( 'NONE',  ( -28.50000000000000000, 25.50000000000000000, -29.50000000000000000 ) ) ;
#269 = EDGE_LOOP ( 'NONE', ( #400, #613, #1107, #715, #182 ) ) ;
#270 = CIRCLE ( 'NONE', #861, 36.41628531124014501 ) ;
#271 = FACE_OUTER_BOUND ( 'NONE', #318, .T. ) ;
#272 = ORIENTED_EDGE ( 'NONE', *, *, #1914, .F. ) ;
#273 = CIRCLE ( 'NONE', #907, 36.41628531124014501 ) ;
#274 = ORIENTED_EDGE ( 'NONE', *, *, #2100, .T. ) ;
#275 = DIRECTION ( 'NONE',  ( 1.000000000000000000, 2.434872701500644882E-19, -0.000000000000000000 ) ) ;
#276 = CARTESIAN_POINT ( 'NONE',  ( -14.41939191238417806, 26.04086611769505311, 29.50000000000000000 ) ) ;
#277 = ORIENTED_EDGE ( 'NONE', *, *, #674, .T. ) ;
#278 = CARTESIAN_POINT ( 'NONE',  ( -35.03690625522790469, -8.531040658589161844E-18, -42.50000000000000000 ) ) ;
#279 = EDGE_CURVE ( 'NONE', #1406, #1200, #2103, .T. ) ;
#280 = ORIENTED_EDGE ( 'NONE', *, *, #1323, .F. ) ;
#281 = ORIENTED_EDGE ( 'NONE', *, *, #1531, .T. ) ;
#282 = VERTEX_POINT ( 'NONE', #316 ) ;
#283 = DIRECTION ( 'NONE',  ( 1.000000000000000000, 2.434872701500645364E-19, -0.000000000000000000 ) ) ;
#284 = ADVANCED_FACE ( 'NONE', ( #2173, #1008 ), #1306, .F. ) ;
#285 = CIRCLE ( 'NONE', #1618, 0.5000000000000004441 ) ;
#286 = EDGE_CURVE ( 'NONE', #104, #1938, #1529, .T. ) ;
#287 = DIRECTION ( 'NONE',  ( 0.000000000000000000, -1.000000000000000000, -1.577021341797098546E-16 ) ) ;
#288 = ORIENTED_EDGE ( 'NONE', *, *, #346, .T. ) ;
#289 = CARTESIAN_POINT ( 'NONE',  ( -15.13167246904971819, 25.72535011529238602, 30.24185486071410622 ) ) ;
#290 = ORIENTED_EDGE ( 'NONE', *, *, #945, .T. ) ;
#291 = EDGE_CURVE ( 'NONE', #215, #1138, #348, .T. ) ;
#292 = LINE ( 'NONE', #822, #1740 ) ;
#293 = EDGE_LOOP ( 'NONE', ( #1289, #93, #626, #2112 ) ) ;
#294 = ORIENTED_EDGE ( 'NONE', *, *, #68, .T. ) ;
#295 = ORIENTED_EDGE ( 'NONE', *, *, #384, .T. ) ;
#296 = ADVANCED_FACE ( 'NONE', ( #1985 ), #837, .T. ) ;
#297 = DIRECTION ( 'NONE',  ( 1.000000000000000000, 0.000000000000000000, 0.000000000000000000 ) ) ;
#298 = LINE ( 'NONE', #970, #720 ) ;
#299 = CARTESIAN_POINT ( 'NONE',  ( -36.01143129530325382, 32.50000000000000000, -22.50000000000000000 ) ) ;
#300 = EDGE_LOOP ( 'NONE', ( #111, #673, #1318, #113 ) ) ;
#301 = AXIS2_PLACEMENT_3D ( 'NONE', #485, #659, #1971 ) ;
#302 = FACE_BOUND ( 'NONE', #1950, .T. ) ;
#303 = APPLICATION_CONTEXT ( 'configuration controlled 3d designs of mechanical parts and assemblies' ) ;
#304 =( BOUNDED_CURVE ( )  B_SPLINE_CURVE ( 3, ( #2005, #1697, #2042, #1878 ),
 .UNSPECIFIED., .F., .T. ) 
 B_SPLINE_CURVE_WITH_KNOTS ( ( 4, 4 ),
 ( 5.904679397407217145, 6.283185307179586232 ),
 .UNSPECIFIED. ) 
 CURVE ( )  GEOMETRIC_REPRESENTATION_ITEM ( )  RATIONAL_B_SPLINE_CURVE ( ( 1.000000000000000000, 0.9880966981347718558, 0.9880966981347718558, 1.000000000000000000 ) ) 
 REPRESENTATION_ITEM ( '' )  );
#305 = CIRCLE ( 'NONE', #444, 36.41628531124014501 ) ;
#306 = ORIENTED_EDGE ( 'NONE', *, *, #442, .F. ) ;
#307 = VECTOR ( 'NONE', #1906, 1000.000000000000000 ) ;
#308 = APPROVAL_DATE_TIME ( #1793, #1455 ) ;
#309 = LINE ( 'NONE', #1627, #760 ) ;
#310 = EDGE_CURVE ( 'NONE', #1299, #1237, #1566, .T. ) ;
#311 = DIRECTION ( 'NONE',  ( 0.000000000000000000, 0.000000000000000000, -1.000000000000000000 ) ) ;
#312 = FACE_OUTER_BOUND ( 'NONE', #1630, .T. ) ;
#313 = ORIENTED_EDGE ( 'NONE', *, *, #1297, .F. ) ;
#314 = CARTESIAN_POINT ( 'NONE',  ( -11.00000000000000000, 26.67499657501878829, 40.50000000000000000 ) ) ;
#315 = CARTESIAN_POINT ( 'NONE',  ( -28.50000000000000355, 16.06502541192709543, -30.50000000000000000 ) ) ;
#316 = CARTESIAN_POINT ( 'NONE',  ( -12.00000000000000000, 15.67499657501880073, -5.499999999999996447 ) ) ;
#317 = CIRCLE ( 'NONE', #660, 2.500000000000002220 ) ;
#318 = EDGE_LOOP ( 'NONE', ( #29, #458, #1876, #1890 ) ) ;
#319 = VERTEX_POINT ( 'NONE', #1842 ) ;
#320 = DATE_AND_TIME ( #684, #663 ) ;
#321 = EDGE_CURVE ( 'NONE', #389, #1451, #8, .T. ) ;
#322 = CARTESIAN_POINT ( 'NONE',  ( -29.10044733982189413, 14.49411026666312452, -29.50000000000000000 ) ) ;
#323 = CARTESIAN_POINT ( 'NONE',  ( -28.90569663589421623, 15.04350854496725809, -29.80153075489445769 ) ) ;
#324 = DIRECTION ( 'NONE',  ( 0.000000000000000000, 1.000000000000000000, -1.577021341797098053E-16 ) ) ;
#325 = ORIENTED_EDGE ( 'NONE', *, *, #2129, .T. ) ;
#326 = ADVANCED_FACE ( 'NONE', ( #826 ), #505, .T. ) ;
#327 = DIRECTION ( 'NONE',  ( 0.000000000000000000, 1.000000000000000000, -2.086883234998906156E-15 ) ) ;
#328 = CARTESIAN_POINT ( 'NONE',  ( -28.50000000000000000, 26.00000000000000000, -29.50000000000000000 ) ) ;
#329 = DIRECTION ( 'NONE',  ( 1.000000000000000000, 0.000000000000000000, 0.000000000000000000 ) ) ;
#330 = PRODUCT ( 'REGO PLATE LIGHT_REV_', 'REGO PLATE LIGHT_REV_', '', ( #2024 ) ) ;
#331 = DIRECTION ( 'NONE',  ( 1.000000000000000000, 2.434872701500644882E-19, 5.888019742220133644E-38 ) ) ;
#332 = CARTESIAN_POINT ( 'NONE',  ( 0.000000000000000000, 0.000000000000000000, -30.00000000000000000 ) ) ;
#333 = CARTESIAN_POINT ( 'NONE',  ( -29.00000000000000000, 25.50000000000000000, 30.00000000000000000 ) ) ;
#334 = EDGE_LOOP ( 'NONE', ( #783, #718, #107, #1942 ) ) ;
#335 = CARTESIAN_POINT ( 'NONE',  ( -1.002111143060234341E-17, 41.15661333927723575, 42.50000000000000000 ) ) ;
#336 = CARTESIAN_POINT ( 'NONE',  ( -36.01143129530325382, 31.67499657501879184, -16.34338666072276425 ) ) ;
#337 = DIRECTION ( 'NONE',  ( 1.000000000000000000, 2.434872701500644882E-19, -0.000000000000000000 ) ) ;
#338 = ORIENTED_EDGE ( 'NONE', *, *, #1901, .T. ) ;
#339 = VECTOR ( 'NONE', #2152, 1000.000000000000000 ) ;
#340 = AXIS2_PLACEMENT_3D ( 'NONE', #1441, #910, #598 ) ;
#341 = LINE ( 'NONE', #11, #545 ) ;
#342 = AXIS2_PLACEMENT_3D ( 'NONE', #1728, #42, #685 ) ;
#343 = CARTESIAN_POINT ( 'NONE',  ( -1.499056975350087141E-18, 41.15661333927723575, 22.50000000000000000 ) ) ;
#344 = ORIENTED_EDGE ( 'NONE', *, *, #1927, .T. ) ;
#345 = CARTESIAN_POINT ( 'NONE',  ( -15.78739002860897855, 25.41785946437320831, 30.08557778914153147 ) ) ;
#346 = EDGE_CURVE ( 'NONE', #426, #2063, #1043, .T. ) ;
#347 = PLANE ( 'NONE',  #2169 ) ;
#348 = LINE ( 'NONE', #805, #339 ) ;
#349 = FACE_OUTER_BOUND ( 'NONE', #723, .T. ) ;
#350 = DESIGN_CONTEXT ( 'detailed design', #303, 'design' ) ;
#351 = LINE ( 'NONE', #1710, #862 ) ;
#352 = CARTESIAN_POINT ( 'NONE',  ( -35.03690625522790469, 0.5000000000000004441, 42.50000000000000000 ) ) ;
#353 = DIRECTION ( 'NONE',  ( 1.000000000000000000, 2.434872701500645364E-19, -0.000000000000000000 ) ) ;
#354 = AXIS2_PLACEMENT_3D ( 'NONE', #661, #1329, #835 ) ;
#355 = ORIENTED_EDGE ( 'NONE', *, *, #291, .T. ) ;
#356 = DIRECTION ( 'NONE',  ( 0.000000000000000000, 1.000000000000000000, 0.000000000000000000 ) ) ;
#357 = DIRECTION ( 'NONE',  ( 1.000000000000000000, 2.434872701500644882E-19, -0.000000000000000000 ) ) ;
#358 = EDGE_CURVE ( 'NONE', #446, #576, #2120, .T. ) ;
#359 = CARTESIAN_POINT ( 'NONE',  ( -14.89216870889394606, 25.94015366845379233, 29.74171789215977313 ) ) ;
#360 = PERSON_AND_ORGANIZATION ( #1468, #700 ) ;
#361 = LINE ( 'NONE', #709, #478 ) ;
#362 = CYLINDRICAL_SURFACE ( 'NONE', #230, 2.500000000000002220 ) ;
#363 = EDGE_CURVE ( 'NONE', #1041, #1982, #1655, .T. ) ;
#364 = EDGE_LOOP ( 'NONE', ( #1410, #2000, #1055, #909 ) ) ;
#365 = DIRECTION ( 'NONE',  ( -0.000000000000000000, -0.000000000000000000, -1.000000000000000000 ) ) ;
#366 = CARTESIAN_POINT ( 'NONE',  ( -1.743507043397293332E-15, 28.67499657501878474, 42.47446410019576035 ) ) ;
#367 = PLANE ( 'NONE',  #1475 ) ;
#368 = ORIENTED_EDGE ( 'NONE', *, *, #1675, .F. ) ;
#369 = CARTESIAN_POINT ( 'NONE',  ( -14.94377279217520282, 25.81038842880370865, 30.15887311801906989 ) ) ;
#370 = VERTEX_POINT ( 'NONE', #2016 ) ;
#371 = SHAPE_DEFINITION_REPRESENTATION ( #1452, #1254 ) ;
#372 = CARTESIAN_POINT ( 'NONE',  ( -28.50000000000000000, 25.50000000000000000, 30.00000000000000000 ) ) ;
#373 = ORIENTED_EDGE ( 'NONE', *, *, #1613, .F. ) ;
#374 = AXIS2_PLACEMENT_3D ( 'NONE', #335, #1983, #1792 ) ;
#375 = DIRECTION ( 'NONE',  ( -1.000000000000000000, -2.434872701500644882E-19, 0.000000000000000000 ) ) ;
#376 = CARTESIAN_POINT ( 'NONE',  ( -15.25498127659332859, 25.85923881355417819, -29.85427350044416883 ) ) ;
#377 = LINE ( 'NONE', #2035, #2164 ) ;
#378 = ORIENTED_EDGE ( 'NONE', *, *, #1898, .F. ) ;
#379 = CARTESIAN_POINT ( 'NONE',  ( -16.52028266132295897, 25.05441027566720891, 30.50000000000000000 ) ) ;
#380 = DIRECTION ( 'NONE',  ( -1.000000000000000000, -2.434872701500644882E-19, 0.000000000000000000 ) ) ;
#381 = ORIENTED_EDGE ( 'NONE', *, *, #1096, .T. ) ;
#382 = CARTESIAN_POINT ( 'NONE',  ( -12.00000000000000000, 15.67499657501880073, -5.499999999999996447 ) ) ;
#383 = DIRECTION ( 'NONE',  ( -0.000000000000000000, -0.000000000000000000, -1.000000000000000000 ) ) ;
#384 = EDGE_CURVE ( 'NONE', #1257, #1108, #1175, .T. ) ;
#385 = APPROVAL_PERSON_ORGANIZATION ( #1965, #1455, #199 ) ;
#386 = ORIENTED_EDGE ( 'NONE', *, *, #2142, .F. ) ;
#387 = FACE_BOUND ( 'NONE', #198, .T. ) ;
#388 =( NAMED_UNIT ( * ) SI_UNIT ( $, .STERADIAN. ) SOLID_ANGLE_UNIT ( ) );
#389 = VERTEX_POINT ( 'NONE', #815 ) ;
#390 = AXIS2_PLACEMENT_3D ( 'NONE', #856, #566, #1209 ) ;
#391 = CARTESIAN_POINT ( 'NONE',  ( -14.56209699680334424, 25.97920198133423497, 29.66618990101526521 ) ) ;
#392 = CARTESIAN_POINT ( 'NONE',  ( -4.980973490458728392, 37.50000000000000711, -22.50000000000000000 ) ) ;
#393 = EDGE_CURVE ( 'NONE', #370, #1432, #2071, .T. ) ;
#394 = EDGE_LOOP ( 'NONE', ( #274, #22, #2036, #86 ) ) ;
#395 = LINE ( 'NONE', #2040, #1537 ) ;
#396 = ORIENTED_EDGE ( 'NONE', *, *, #1037, .F. ) ;
#397 = CARTESIAN_POINT ( 'NONE',  ( -28.91512182006682607, 14.73859046945610984, 30.10188621093069017 ) ) ;
#398 = VERTEX_POINT ( 'NONE', #1799 ) ;
#399 = CARTESIAN_POINT ( 'NONE',  ( -28.95421554390036789, 14.91596410109885262, 29.71438965818655831 ) ) ;
#400 = ORIENTED_EDGE ( 'NONE', *, *, #464, .F. ) ;
#401 = DIRECTION ( 'NONE',  ( 1.000000000000000000, 6.938893903907222067E-15, 0.000000000000000000 ) ) ;
#402 = CARTESIAN_POINT ( 'NONE',  ( 0.000000000000000000, 34.99999999999999289, 22.50000000000000000 ) ) ;
#403 = ORIENTED_EDGE ( 'NONE', *, *, #2075, .F. ) ;
#404 = CARTESIAN_POINT ( 'NONE',  ( -28.64055005053016956, 15.09292322235661032, 30.35447083308433847 ) ) ;
#405 = DIRECTION ( 'NONE',  ( -0.000000000000000000, -1.000000000000000000, 0.000000000000000000 ) ) ;
#406 = ORIENTED_EDGE ( 'NONE', *, *, #1136, .F. ) ;
#407 = CARTESIAN_POINT ( 'NONE',  ( -28.98655582234914974, 14.83046553130491851, 29.62465198592965976 ) ) ;
#408 = CARTESIAN_POINT ( 'NONE',  ( -16.52028266132296253, 25.05441027566720891, -30.50000000000000000 ) ) ;
#409 = AXIS2_PLACEMENT_3D ( 'NONE', #989, #495, #683 ) ;
#410 = VECTOR ( 'NONE', #594, 1000.000000000000000 ) ;
#411 = LINE ( 'NONE', #1759, #1003 ) ;
#412 = AXIS2_PLACEMENT_3D ( 'NONE', #434, #1074, #574 ) ;
#413 = CARTESIAN_POINT ( 'NONE',  ( -35.03690625522790469, 0.5000000000000000000, -42.00000000000000000 ) ) ;
#414 = CARTESIAN_POINT ( 'NONE',  ( -1.217436350750327737E-19, 0.5000000000000004441, -42.50000000000000000 ) ) ;
#415 = ORIENTED_EDGE ( 'NONE', *, *, #836, .F. ) ;
#416 = EDGE_CURVE ( 'NONE', #1575, #1200, #2085, .T. ) ;
#417 = CARTESIAN_POINT ( 'NONE',  ( -28.53815238318652447, 15.22279840332859102, 30.40967465732678932 ) ) ;
#418 = ORIENTED_EDGE ( 'NONE', *, *, #286, .T. ) ;
#419 = CARTESIAN_POINT ( 'NONE',  ( -28.19735064626366849, 15.64597449065642820, 30.04101839242394334 ) ) ;
#420 = EDGE_CURVE ( 'NONE', #2114, #1108, #1182, .T. ) ;
#421 = LINE ( 'NONE', #1904, #554 ) ;
#422 = AXIS2_PLACEMENT_3D ( 'NONE', #714, #1541, #1723 ) ;
#423 = ORIENTED_EDGE ( 'NONE', *, *, #1248, .T. ) ;
#424 = DIRECTION ( 'NONE',  ( 1.000000000000000000, 0.000000000000000000, 0.000000000000000000 ) ) ;
#425 = CARTESIAN_POINT ( 'NONE',  ( 0.000000000000000000, 34.99999999999999289, 16.34338666072276425 ) ) ;
#426 = VERTEX_POINT ( 'NONE', #127 ) ;
#427 = ORIENTED_EDGE ( 'NONE', *, *, #1742, .F. ) ;
#428 = CARTESIAN_POINT ( 'NONE',  ( -29.05314084383853412, 14.55713888643263232, 29.83959841843730487 ) ) ;
#429 = AXIS2_PLACEMENT_3D ( 'NONE', #1006, #1672, #2172 ) ;
#430 = CARTESIAN_POINT ( 'NONE',  ( -28.47096419761684771, 15.30734175989282519, 30.07183209699472926 ) ) ;
#431 = ADVANCED_FACE ( 'NONE', ( #1148, #302, #1811, #1643 ), #803, .F. ) ;
#432 = DIRECTION ( 'NONE',  ( -1.000000000000000000, -3.050597354146080053E-16, 0.000000000000000000 ) ) ;
#433 = CARTESIAN_POINT ( 'NONE',  ( -12.00000000000000000, 26.67499657501879540, -5.499999999999998224 ) ) ;
#434 = CARTESIAN_POINT ( 'NONE',  ( -36.01143129530325382, 28.67499657501878474, 42.50000000000000000 ) ) ;
#435 = CARTESIAN_POINT ( 'NONE',  ( -1.680325923519100373, 41.00960386994059093, -24.04893670925780214 ) ) ;
#436 = EDGE_LOOP ( 'NONE', ( #119, #1282, #179, #248 ) ) ;
#437 = DIRECTION ( 'NONE',  ( -1.000000000000000000, -4.792173602385925181E-14, 0.000000000000000000 ) ) ;
#438 = CARTESIAN_POINT ( 'NONE',  ( -35.53690625522791180, 0.5000000000000000000, -42.00000000000000000 ) ) ;
#439 = ORIENTED_EDGE ( 'NONE', *, *, #550, .T. ) ;
#440 = DIRECTION ( 'NONE',  ( 1.000000000000000000, 0.000000000000000000, 0.000000000000000000 ) ) ;
#441 = DIRECTION ( 'NONE',  ( 1.000000000000000000, 2.434872701500644882E-19, -0.000000000000000000 ) ) ;
#442 = EDGE_CURVE ( 'NONE', #925, #776, #1004, .T. ) ;
#443 = CARTESIAN_POINT ( 'NONE',  ( -29.00000000000000000, 26.00000000000000000, -29.50000000000000000 ) ) ;
#444 = AXIS2_PLACEMENT_3D ( 'NONE', #2, #175, #867 ) ;
#445 = AXIS2_PLACEMENT_3D ( 'NONE', #722, #383, #1514 ) ;
#446 = VERTEX_POINT ( 'NONE', #1670 ) ;
#447 = AXIS2_PLACEMENT_3D ( 'NONE', #728, #1919, #1396 ) ;
#448 = CARTESIAN_POINT ( 'NONE',  ( -0.8457155189814351548, 28.67499657501879540, -42.47446410019578877 ) ) ;
#449 = ORIENTED_EDGE ( 'NONE', *, *, #310, .F. ) ;
#450 = CARTESIAN_POINT ( 'NONE',  ( -11.00000000000000000, 26.67499657501879540, 5.500000000000001776 ) ) ;
#451 = EDGE_CURVE ( 'NONE', #768, #704, #1870, .T. ) ;
#452 = ORIENTED_EDGE ( 'NONE', *, *, #1652, .F. ) ;
#453 = DIRECTION ( 'NONE',  ( 1.000000000000000000, 0.000000000000000000, -0.000000000000000000 ) ) ;
#454 = EDGE_LOOP ( 'NONE', ( #1153, #1762, #1764 ) ) ;
#455 = CARTESIAN_POINT ( 'NONE',  ( -3.251893359753570266E-16, 0.2071067811865478225, 42.50000000000000000 ) ) ;
#456 = ADVANCED_FACE ( 'NONE', ( #633 ), #1287, .T. ) ;
#457 = VECTOR ( 'NONE', #1994, 1000.000000000000000 ) ;
#458 = ORIENTED_EDGE ( 'NONE', *, *, #617, .T. ) ;
#459 = LINE ( 'NONE', #1496, #1737 ) ;
#460 = FACE_OUTER_BOUND ( 'NONE', #712, .T. ) ;
#461 = CARTESIAN_POINT ( 'NONE',  ( -16.11872725855969435, 25.25646080187910769, 30.48418781952409518 ) ) ;
#462 = ORIENTED_EDGE ( 'NONE', *, *, #1387, .F. ) ;
#463 = CARTESIAN_POINT ( 'NONE',  ( -16.31879045358436642, 25.15697899276684524, -30.49999999999999645 ) ) ;
#464 = EDGE_CURVE ( 'NONE', #1122, #55, #1211, .T. ) ;
#465 = ORIENTED_EDGE ( 'NONE', *, *, #110, .F. ) ;
#466 = PERSON_AND_ORGANIZATION ( #1468, #700 ) ;
#467 = CARTESIAN_POINT ( 'NONE',  ( -4.980973490458728392, 40.72083462553895572, -24.77506900919530253 ) ) ;
#468 = PLANE ( 'NONE',  #1384 ) ;
#469 = DIRECTION ( 'NONE',  ( 1.000000000000000000, 2.434872701500644882E-19, -0.000000000000000000 ) ) ;
#470 = ORIENTED_EDGE ( 'NONE', *, *, #1033, .T. ) ;
#471 = AXIS2_PLACEMENT_3D ( 'NONE', #2125, #1640, #637 ) ;
#472 = CARTESIAN_POINT ( 'NONE',  ( -28.49999999999999645, 16.06502541192709543, -30.00000000000000000 ) ) ;
#473 = DIRECTION ( 'NONE',  ( 0.000000000000000000, 0.000000000000000000, -1.000000000000000000 ) ) ;
#474 = VECTOR ( 'NONE', #353, 1000.000000000000000 ) ;
#475 = EDGE_CURVE ( 'NONE', #398, #925, #292, .T. ) ;
#476 = DIRECTION ( 'NONE',  ( 0.000000000000000000, 0.000000000000000000, 1.000000000000000000 ) ) ;
#477 = ORIENTED_EDGE ( 'NONE', *, *, #1104, .T. ) ;
#478 = VECTOR ( 'NONE', #1022, 1000.000000000000000 ) ;
#479 = CALENDAR_DATE ( 2025, 17, 8 ) ;
#480 = CARTESIAN_POINT ( 'NONE',  ( -14.41939191238414075, 26.04086611769506732, -29.49999999999996803 ) ) ;
#481 = EDGE_CURVE ( 'NONE', #1237, #1299, #825, .T. ) ;
#482 = CARTESIAN_POINT ( 'NONE',  ( -28.91439516296731682, 14.73954319335154395, -30.10306152674553104 ) ) ;
#483 = CARTESIAN_POINT ( 'NONE',  ( -11.00000000000000000, 26.67499657501879540, -5.499999999999998224 ) ) ;
#484 = ORIENTED_EDGE ( 'NONE', *, *, #1367, .T. ) ;
#485 = CARTESIAN_POINT ( 'NONE',  ( -16.74710813954140676, 25.50000000000000000, 30.50000000000000000 ) ) ;
#486 = CARTESIAN_POINT ( 'NONE',  ( -28.50000000000000000, 25.50000000000000000, 29.50000000000000000 ) ) ;
#487 = DIRECTION ( 'NONE',  ( -0.000000000000000000, -0.000000000000000000, -1.000000000000000000 ) ) ;
#488 = CC_DESIGN_APPROVAL ( #1941, ( #1495 ) ) ;
#489 = DIRECTION ( 'NONE',  ( -2.434872701500644882E-19, 1.000000000000000000, 0.000000000000000000 ) ) ;
#490 = FACE_OUTER_BOUND ( 'NONE', #2020, .T. ) ;
#491 = CARTESIAN_POINT ( 'NONE',  ( -36.01143129530325382, 35.00000000000000000, -16.34338666072276425 ) ) ;
#492 = ORIENTED_EDGE ( 'NONE', *, *, #68, .F. ) ;
#493 = CARTESIAN_POINT ( 'NONE',  ( -14.94202906077229542, 25.81117292003611396, -30.15801493927181554 ) ) ;
#494 = CARTESIAN_POINT ( 'NONE',  ( -11.00000000000000000, 2.342253945769048773, 40.50000000000000000 ) ) ;
#495 = DIRECTION ( 'NONE',  ( 0.000000000000000000, 0.000000000000000000, 1.000000000000000000 ) ) ;
#496 = CARTESIAN_POINT ( 'NONE',  ( -36.01143129530325382, 28.67499657501879184, -31.65661333927723931 ) ) ;
#497 = EDGE_CURVE ( 'NONE', #1138, #1016, #2094, .T. ) ;
#498 = CARTESIAN_POINT ( 'NONE',  ( -28.11399149779403217, 15.74722447387828694, -30.00000000000002842 ) ) ;
#499 = CARTESIAN_POINT ( 'NONE',  ( -4.925709727900585477, 28.67499657501878829, 42.08841524298066616 ) ) ;
#500 = ORIENTED_EDGE ( 'NONE', *, *, #2106, .F. ) ;
#501 = ADVANCED_FACE ( 'NONE', ( #1631 ), #724, .T. ) ;
#502 = DIRECTION ( 'NONE',  ( 0.000000000000000000, 1.000000000000000000, -2.086883234998906156E-15 ) ) ;
#503 = DIRECTION ( 'NONE',  ( 3.050597354146074136E-16, -1.000000000000000000, 0.000000000000000000 ) ) ;
#504 = ADVANCED_FACE ( 'NONE', ( #791 ), #885, .T. ) ;
#505 = SPHERICAL_SURFACE ( 'NONE', #1346, 0.5000000000000000000 ) ;
#506 = VECTOR ( 'NONE', #1194, 1000.000000000000000 ) ;
#507 = VECTOR ( 'NONE', #1649, 1000.000000000000000 ) ;
#508 = CARTESIAN_POINT ( 'NONE',  ( -1.734723475976807094E-15, -7.399034790452304833, 30.00000000000000000 ) ) ;
#509 = CIRCLE ( 'NONE', #1085, 2.500000000000002220 ) ;
#510 = CARTESIAN_POINT ( 'NONE',  ( -1.380268254178346596E-18, 28.67499657501879184, -31.65661333927724641 ) ) ;
#511 = CARTESIAN_POINT ( 'NONE',  ( -15.44123111585617814, 25.81668782266048012, -29.89037784397145714 ) ) ;
#512 = PLANE ( 'NONE',  #422 ) ;
#513 = ADVANCED_FACE ( 'NONE', ( #219 ), #2013, .F. ) ;
#514 = ORIENTED_EDGE ( 'NONE', *, *, #836, .T. ) ;
#515 = LINE ( 'NONE', #1725, #1083 ) ;
#516 = CARTESIAN_POINT ( 'NONE',  ( -1.002111143060234341E-17, 41.15661333927723575, 42.50000000000000000 ) ) ;
#517 = CARTESIAN_POINT ( 'NONE',  ( -1.734723475976807094E-15, -7.399034790452304833, -30.00000000000000000 ) ) ;
#518 = DIRECTION ( 'NONE',  ( 1.000000000000000000, 2.434872701500645364E-19, -0.000000000000000000 ) ) ;
#519 = EDGE_CURVE ( 'NONE', #2058, #1786, #1552, .T. ) ;
#520 =( BOUNDED_SURFACE ( )  B_SPLINE_SURFACE ( 3, 2, ( 
 ( #1744, #1092, #1916 ),
 ( #1616, #419, #902 ),
 ( #569, #560, #1926 ),
 ( #580, #430, #56 ),
 ( #1593, #939, #2054 ),
 ( #2104, #603, #916 ),
 ( #397, #1110, #1271 ),
 ( #74, #1765, #1227 ),
 ( #1891, #1936, #1583 ),
 ( #756, #1774, #952 ) ),
 .UNSPECIFIED., .F., .F., .F. ) 
 B_SPLINE_SURFACE_WITH_KNOTS ( ( 4, 2, 2, 2, 4 ),
 ( 3, 3 ),
 ( 0.0007852827973186737517, 0.001301724335801284545, 0.001818165874283895556, 0.002334607412766506566, 0.002851048951249117360 ),
 ( 0.000000000000000000, 1.000000000000000000 ),
 .UNSPECIFIED. ) 
 GEOMETRIC_REPRESENTATION_ITEM ( )  RATIONAL_B_SPLINE_SURFACE ( (
 ( 1.000000000000000000, 0.7071067811865475727, 1.000000000000000000),
 ( 1.000000000000000000, 0.7373155539378093426, 1.000000000000000000),
 ( 1.000000000000000000, 0.7652137801964548069, 1.000000000000000000),
 ( 1.000000000000000000, 0.8175906088100693969, 1.000000000000000000),
 ( 1.000000000000000000, 0.8423817082850482141, 1.000000000000000000),
 ( 1.000000000000000000, 0.8868221615086140375, 1.000000000000000000),
 ( 1.000000000000000000, 0.9069708019208819749, 1.000000000000000000),
 ( 1.000000000000000000, 0.9379288146819162453, 1.000000000000000000),
 ( 1.000000000000000000, 0.9486390906929120792, 1.000000000000000000),
 ( 1.000000000000000000, 0.9484474999588051736, 1.000000000000000000) ) ) 
 REPRESENTATION_ITEM ( '' )  SURFACE ( )  );
#521 = DIRECTION ( 'NONE',  ( -1.000000000000000000, 0.000000000000000000, 0.000000000000000000 ) ) ;
#522 = ORIENTED_EDGE ( 'NONE', *, *, #1599, .F. ) ;
#523 = CARTESIAN_POINT ( 'NONE',  ( -6.087181753751610521E-19, 37.50000000000000000, 22.50000000000000000 ) ) ;
#524 = CARTESIAN_POINT ( 'NONE',  ( -15.99855670301012367, 25.68648642107297420, -29.97535982907304231 ) ) ;
#525 = CIRCLE ( 'NONE', #1720, 3.000000000000002665 ) ;
#526 = CARTESIAN_POINT ( 'NONE',  ( -4.980973490458326047, 28.67499657501881671, -31.65661333927724641 ) ) ;
#527 = EDGE_LOOP ( 'NONE', ( #2083, #1380, #1668, #130 ) ) ;
#528 = CARTESIAN_POINT ( 'NONE',  ( -14.46758232789439624, 26.02012388958000244, 29.72447919437399477 ) ) ;
#529 = FACE_OUTER_BOUND ( 'NONE', #1251, .T. ) ;
#530 = ORIENTED_EDGE ( 'NONE', *, *, #519, .F. ) ;
#531 = PERSON_AND_ORGANIZATION ( #1468, #700 ) ;
#532 = CARTESIAN_POINT ( 'NONE',  ( -29.00000000000000000, 25.50000000000000000, 30.00000000000000000 ) ) ;
#533 = CARTESIAN_POINT ( 'NONE',  ( -35.03690625522791180, 0.5000000000000023315, 42.00000000000000000 ) ) ;
#534 = DIRECTION ( 'NONE',  ( 1.000000000000000000, 2.434872701500644882E-19, -0.000000000000000000 ) ) ;
#535 = CARTESIAN_POINT ( 'NONE',  ( -0.8450611857537538851, 28.67499657501878474, 42.47446410019589536 ) ) ;
#536 = LINE ( 'NONE', #1220, #1362 ) ;
#537 = ORIENTED_EDGE ( 'NONE', *, *, #13, .F. ) ;
#538 = CARTESIAN_POINT ( 'NONE',  ( -16.16192170705012643, 25.23508803349417207, 30.07084288646462156 ) ) ;
#539 = DIRECTION ( 'NONE',  ( 0.000000000000000000, 0.000000000000000000, -1.000000000000000000 ) ) ;
#540 = ORIENTED_EDGE ( 'NONE', *, *, #145, .F. ) ;
#541 = DATE_AND_TIME ( #1634, #203 ) ;
#542 = DIRECTION ( 'NONE',  ( -1.000000000000000000, 0.000000000000000000, 0.000000000000000000 ) ) ;
#543 = EDGE_CURVE ( 'NONE', #1789, #1596, #652, .T. ) ;
#544 = AXIS2_PLACEMENT_3D ( 'NONE', #1481, #2140, #995 ) ;
#545 = VECTOR ( 'NONE', #1, 1000.000000000000000 ) ;
#546 = CARTESIAN_POINT ( 'NONE',  ( -29.50000000000000000, 14.79470579514716455, 42.50000000000000000 ) ) ;
#547 = AXIS2_PLACEMENT_3D ( 'NONE', #2026, #20, #1347 ) ;
#548 = ORIENTED_EDGE ( 'NONE', *, *, #363, .T. ) ;
#549 = DIRECTION ( 'NONE',  ( 0.9961946980917457672, 0.08715574274765491847, 0.000000000000000000 ) ) ;
#550 = EDGE_CURVE ( 'NONE', #1789, #138, #515, .T. ) ;
#551 = VECTOR ( 'NONE', #1888, 1000.000000000000000 ) ;
#552 = CARTESIAN_POINT ( 'NONE',  ( 0.000000000000000000, 0.000000000000000000, 0.000000000000000000 ) ) ;
#553 = ORIENTED_EDGE ( 'NONE', *, *, #1191, .F. ) ;
#554 = VECTOR ( 'NONE', #1758, 1000.000000000000000 ) ;
#555 = CARTESIAN_POINT ( 'NONE',  ( -15.73880300261482112, 25.74741257069837630, 29.93818780427838178 ) ) ;
#556 = CARTESIAN_POINT ( 'NONE',  ( 0.000000000000000000, 31.67499657501878474, 16.34338666072276425 ) ) ;
#557 = VERTEX_POINT ( 'NONE', #39 ) ;
#558 = CARTESIAN_POINT ( 'NONE',  ( -1.217436350750327737E-19, 0.5000000000000004441, 42.50000000000000000 ) ) ;
#559 = B_SPLINE_CURVE_WITH_KNOTS ( 'NONE', 3,
 ( #568, #1238, #1923, #417, #404, #1109, #611, #428, #1772, #2078 ),
 .UNSPECIFIED., .F., .F.,
 ( 4, 2, 2, 2, 4 ),
 ( 0.000000000000000000, 0.0005099883204807230787, 0.001019976640961446157, 0.001529964961442169345, 0.002039953281922892315 ),
 .UNSPECIFIED. ) ;
#560 = CARTESIAN_POINT ( 'NONE',  ( -28.28851088419306237, 15.53416617884339423, 30.06497991489446164 ) ) ;
#561 = CARTESIAN_POINT ( 'NONE',  ( -28.87393052120946280, 15.12634006114606855, 29.83971824864010358 ) ) ;
#562 = APPROVAL_STATUS ( 'not_yet_approved' ) ;
#563 = ORIENTED_EDGE ( 'NONE', *, *, #550, .F. ) ;
#564 = CIRCLE ( 'NONE', #390, 0.5000000000000004441 ) ;
#565 = LINE ( 'NONE', #1105, #117 ) ;
#566 = DIRECTION ( 'NONE',  ( 0.000000000000000000, 0.000000000000000000, -1.000000000000000000 ) ) ;
#567 = ORIENTED_EDGE ( 'NONE', *, *, #1187, .F. ) ;
#568 = CARTESIAN_POINT ( 'NONE',  ( -28.11399149779402862, 15.74722447387828872, 30.50000000000000000 ) ) ;
#569 = CARTESIAN_POINT ( 'NONE',  ( -28.32959787895373793, 15.48343014874076218, 30.48211140736115254 ) ) ;
#570 = CARTESIAN_POINT ( 'NONE',  ( -28.59793209129285430, 15.82712416399531818, 30.00000000000000355 ) ) ;
#571 = CARTESIAN_POINT ( 'NONE',  ( -14.60064824810426387, 25.96220254064213151, -29.90232949626584613 ) ) ;
#572 = EDGE_CURVE ( 'NONE', #627, #1905, #1186, .T. ) ;
#573 = ORIENTED_EDGE ( 'NONE', *, *, #1490, .F. ) ;
#574 = DIRECTION ( 'NONE',  ( -1.000000000000000000, -2.434872701500644882E-19, 0.000000000000000000 ) ) ;
#575 = CARTESIAN_POINT ( 'NONE',  ( -35.01143129530324671, -2.059283494612321963, 42.50000000000000000 ) ) ;
#576 = VERTEX_POINT ( 'NONE', #1197 ) ;
#577 = CARTESIAN_POINT ( 'NONE',  ( -3.381569502158268570, 28.67499657501878829, -42.39459693843088672 ) ) ;
#578 = ADVANCED_FACE ( 'NONE', ( #1361 ), #1925, .F. ) ;
#579 = VERTEX_POINT ( 'NONE', #209 ) ;
#580 = CARTESIAN_POINT ( 'NONE',  ( -28.53675326517033994, 15.22455976831333224, 30.41029945022679470 ) ) ;
#581 = CARTESIAN_POINT ( 'NONE',  ( -1.734723475976807094E-15, -7.399034790452304833, 42.50000000000000000 ) ) ;
#582 = CIRCLE ( 'NONE', #1115, 2.999999999999995559 ) ;
#583 = VECTOR ( 'NONE', #1987, 1000.000000000000000 ) ;
#584 = EDGE_LOOP ( 'NONE', ( #2079, #592, #1437, #567 ) ) ;
#585 = AXIS2_PLACEMENT_3D ( 'NONE', #1790, #1825, #1457 ) ;
#586 = DIRECTION ( 'NONE',  ( 0.000000000000000000, 0.000000000000000000, 1.000000000000000000 ) ) ;
#587 = EDGE_CURVE ( 'NONE', #1924, #1451, #582, .T. ) ;
#588 = CARTESIAN_POINT ( 'NONE',  ( -1.499056975350085408E-18, 41.15661333927723575, -22.50000000000000000 ) ) ;
#589 = ORIENTED_EDGE ( 'NONE', *, *, #1588, .T. ) ;
#590 = ORIENTED_EDGE ( 'NONE', *, *, #1854, .F. ) ;
#591 = LINE ( 'NONE', #1763, #1117 ) ;
#592 = ORIENTED_EDGE ( 'NONE', *, *, #384, .F. ) ;
#593 = ADVANCED_FACE ( 'NONE', ( #1896 ), #1430, .T. ) ;
#594 = DIRECTION ( 'NONE',  ( -0.000000000000000000, -0.000000000000000000, -1.000000000000000000 ) ) ;
#595 = CARTESIAN_POINT ( 'NONE',  ( -15.78845258459143608, 25.41734498431327438, -30.08557299757879733 ) ) ;
#596 = CIRCLE ( 'NONE', #2022, 0.5000000000000004441 ) ;
#597 = EDGE_LOOP ( 'NONE', ( #238, #955, #1121, #1456 ) ) ;
#598 = DIRECTION ( 'NONE',  ( 1.000000000000000000, 0.000000000000000000, -0.000000000000000000 ) ) ;
#599 = CARTESIAN_POINT ( 'NONE',  ( -4.980973490458728392, 31.67499657501879184, -28.65661333927723220 ) ) ;
#600 =( BOUNDED_CURVE ( )  B_SPLINE_CURVE ( 3, ( #1089, #1705, #221, #1223 ),
 .UNSPECIFIED., .F., .F. ) 
 B_SPLINE_CURVE_WITH_KNOTS ( ( 4, 4 ),
 ( 0.000000000000000000, 0.3785059097723701416 ),
 .UNSPECIFIED. ) 
 CURVE ( )  GEOMETRIC_REPRESENTATION_ITEM ( )  RATIONAL_B_SPLINE_CURVE ( ( 1.000000000000000000, 0.9880966981347718558, 0.9880966981347718558, 1.000000000000000000 ) ) 
 REPRESENTATION_ITEM ( '' )  );
#601 = EDGE_LOOP ( 'NONE', ( #1002, #1398, #1266, #753 ) ) ;
#602 = CARTESIAN_POINT ( 'NONE',  ( -16.74710813954140676, 25.50000000000000000, 30.00000000000000000 ) ) ;
#603 = CARTESIAN_POINT ( 'NONE',  ( -28.73850798444712140, 14.96796204672271280, 29.98144056386576040 ) ) ;
#604 = ADVANCED_FACE ( 'NONE', ( #1095 ), #1118, .T. ) ;
#605 = EDGE_LOOP ( 'NONE', ( #1419, #1242, #126, #465 ) ) ;
#606 = CYLINDRICAL_SURFACE ( 'NONE', #1147, 0.5000000000000004441 ) ;
#607 = EDGE_LOOP ( 'NONE', ( #1094, #926, #462, #1210, #378 ) ) ;
#608 = CARTESIAN_POINT ( 'NONE',  ( -4.980973490458728392, 35.00000000000000000, -22.50000000000000000 ) ) ;
#609 = DIRECTION ( 'NONE',  ( 1.000000000000000000, -0.000000000000000000, -0.000000000000000000 ) ) ;
#610 = ORIENTED_EDGE ( 'NONE', *, *, #497, .T. ) ;
#611 = CARTESIAN_POINT ( 'NONE',  ( -28.91658859072949994, 14.73667074824572154, 30.09978533695499792 ) ) ;
#612 = EDGE_CURVE ( 'NONE', #887, #389, #565, .T. ) ;
#613 = ORIENTED_EDGE ( 'NONE', *, *, #1345, .F. ) ;
#614 = VERTEX_POINT ( 'NONE', #1274 ) ;
#615 = CARTESIAN_POINT ( 'NONE',  ( -14.94515507180326708, 25.80976872272248102, -30.15963101717606420 ) ) ;
#616 = ORIENTED_EDGE ( 'NONE', *, *, #2166, .T. ) ;
#617 = EDGE_CURVE ( 'NONE', #579, #857, #2097, .T. ) ;
#618 = CARTESIAN_POINT ( 'NONE',  ( -29.00000000000000000, 25.50000000000000000, -29.50000000000000000 ) ) ;
#619 = AXIS2_PLACEMENT_3D ( 'NONE', #1822, #1661, #170 ) ;
#620 = CIRCLE ( 'NONE', #901, 6.156613339277236641 ) ;
#621 = ORIENTED_EDGE ( 'NONE', *, *, #363, .F. ) ;
#622 = AXIS2_PLACEMENT_3D ( 'NONE', #1690, #713, #1379 ) ;
#623 = CARTESIAN_POINT ( 'NONE',  ( -28.99999999999999645, 14.79470579514716455, 30.00000000000000000 ) ) ;
#624 = AXIS2_PLACEMENT_3D ( 'NONE', #2090, #1943, #1276 ) ;
#625 = VERTEX_POINT ( 'NONE', #1940 ) ;
#626 = ORIENTED_EDGE ( 'NONE', *, *, #497, .F. ) ;
#627 = VERTEX_POINT ( 'NONE', #947 ) ;
#628 = DIRECTION ( 'NONE',  ( -1.000000000000000000, -2.434872701500644882E-19, 0.000000000000000000 ) ) ;
#629 = CARTESIAN_POINT ( 'NONE',  ( -28.82188446142299298, 14.86033003171773359, -29.92267592692140354 ) ) ;
#630 = FACE_OUTER_BOUND ( 'NONE', #204, .T. ) ;
#631 = ORIENTED_EDGE ( 'NONE', *, *, #1037, .T. ) ;
#632 = ADVANCED_FACE ( 'NONE', ( #934 ), #1760, .F. ) ;
#633 = FACE_OUTER_BOUND ( 'NONE', #436, .T. ) ;
#634 = AXIS2_PLACEMENT_3D ( 'NONE', #328, #503, #1682 ) ;
#635 = VERTEX_POINT ( 'NONE', #258 ) ;
#636 = DIRECTION ( 'NONE',  ( 3.050597354146074136E-16, -1.000000000000000000, 0.000000000000000000 ) ) ;
#637 = DIRECTION ( 'NONE',  ( 0.000000000000000000, -1.000000000000000000, 0.000000000000000000 ) ) ;
#638 = FACE_OUTER_BOUND ( 'NONE', #527, .T. ) ;
#639 = EDGE_CURVE ( 'NONE', #737, #1447, #1780, .T. ) ;
#640 = ORIENTED_EDGE ( 'NONE', *, *, #1320, .F. ) ;
#641 = CARTESIAN_POINT ( 'NONE',  ( -28.93463529732317951, 14.96751390020434513, -29.74979650054591218 ) ) ;
#642 = CYLINDRICAL_SURFACE ( 'NONE', #1991, 0.5000000000000004441 ) ;
#643 = DIRECTION ( 'NONE',  ( 1.000000000000000000, -0.000000000000000000, -0.000000000000000000 ) ) ;
#644 = EDGE_CURVE ( 'NONE', #1614, #2139, #1608, .T. ) ;
#645 = CARTESIAN_POINT ( 'NONE',  ( -36.01143129530325382, 34.99999999999999289, 16.34338666072276425 ) ) ;
#646 = CARTESIAN_POINT ( 'NONE',  ( 0.000000000000000000, 28.67499657501878829, 13.34338666072276425 ) ) ;
#647 = CARTESIAN_POINT ( 'NONE',  ( -14.94050976267996766, 25.81185416419052459, 30.15718856703699657 ) ) ;
#648 = ORIENTED_EDGE ( 'NONE', *, *, #420, .F. ) ;
#649 = VECTOR ( 'NONE', #1317, 1000.000000000000000 ) ;
#650 = CARTESIAN_POINT ( 'NONE',  ( -15.72210838516982889, 25.44924976017667362, -30.42212264297014457 ) ) ;
#651 = CARTESIAN_POINT ( 'NONE',  ( 0.000000000000000000, 0.000000000000000000, 30.00000000000000000 ) ) ;
#652 = CIRCLE ( 'NONE', #187, 6.156613339277236641 ) ;
#653 = CARTESIAN_POINT ( 'NONE',  ( -14.72360515926423830, 25.97700851374423081, 29.65325116914602432 ) ) ;
#654 = AXIS2_PLACEMENT_3D ( 'NONE', #581, #943, #255 ) ;
#655 = PLANE ( 'NONE',  #788 ) ;
#656 = CARTESIAN_POINT ( 'NONE',  ( -29.05270432365297140, 14.55772394729376273, -29.84131627819267862 ) ) ;
#657 = DIRECTION ( 'NONE',  ( -1.000000000000000000, 0.000000000000000000, 0.000000000000000000 ) ) ;
#658 = ORIENTED_EDGE ( 'NONE', *, *, #1187, .T. ) ;
#659 = DIRECTION ( 'NONE',  ( 0.8911794486655820746, 0.4536509564368945147, 0.000000000000000000 ) ) ;
#660 = AXIS2_PLACEMENT_3D ( 'NONE', #402, #911, #210 ) ;
#661 = CARTESIAN_POINT ( 'NONE',  ( -1.734723475976807094E-15, -7.399034790452304833, 30.50000000000000000 ) ) ;
#662 = DIRECTION ( 'NONE',  ( 0.000000000000000000, 1.000000000000000000, 0.000000000000000000 ) ) ;
#663 = LOCAL_TIME ( 14, 50, 20.00000000000000000, #1042 ) ;
#664 = ADVANCED_FACE ( 'NONE', ( #1749 ), #1769, .T. ) ;
#665 = EDGE_CURVE ( 'NONE', #576, #993, #772, .T. ) ;
#666 = CARTESIAN_POINT ( 'NONE',  ( -28.99999999999999645, 14.79470587385942792, -29.58826732946632632 ) ) ;
#667 = DIRECTION ( 'NONE',  ( 2.434872701500645364E-19, -1.000000000000000000, 1.284980352575412699E-16 ) ) ;
#668 = EDGE_CURVE ( 'NONE', #59, #319, #1946, .T. ) ;
#669 = ORIENTED_EDGE ( 'NONE', *, *, #106, .T. ) ;
#670 = CARTESIAN_POINT ( 'NONE',  ( -14.41939203686494864, 26.04086606401855164, 29.61742250290701861 ) ) ;
#671 = DIRECTION ( 'NONE',  ( 3.134651602192766510E-35, -1.284980352575412699E-16, -1.000000000000000000 ) ) ;
#672 = CARTESIAN_POINT ( 'NONE',  ( -4.980973490458728392, 35.00000000000000000, -22.50000000000000000 ) ) ;
#673 = ORIENTED_EDGE ( 'NONE', *, *, #853, .T. ) ;
#674 = EDGE_CURVE ( 'NONE', #1432, #579, #49, .T. ) ;
#675 = PLANE ( 'NONE',  #1464 ) ;
#676 = LINE ( 'NONE', #702, #2154 ) ;
#677 = CARTESIAN_POINT ( 'NONE',  ( -1.689926161579967889, 28.67499657501878119, 42.46847384192174246 ) ) ;
#678 = LINE ( 'NONE', #1858, #1815 ) ;
#679 = VERTEX_POINT ( 'NONE', #2084 ) ;
#680 = EDGE_CURVE ( 'NONE', #1443, #614, #1667, .T. ) ;
#681 = DIRECTION ( 'NONE',  ( 1.000000000000000000, 2.434872701500644882E-19, -0.000000000000000000 ) ) ;
#682 = DIRECTION ( 'NONE',  ( 3.050597354146074136E-16, -1.000000000000000000, 0.000000000000000000 ) ) ;
#683 = DIRECTION ( 'NONE',  ( 1.000000000000000000, 0.000000000000000000, 0.000000000000000000 ) ) ;
#684 = CALENDAR_DATE ( 2025, 17, 8 ) ;
#685 = DIRECTION ( 'NONE',  ( -2.434872701500646327E-19, 1.000000000000000000, 0.000000000000000000 ) ) ;
#686 = ORIENTED_EDGE ( 'NONE', *, *, #543, .F. ) ;
#687 = AXIS2_PLACEMENT_3D ( 'NONE', #508, #1025, #1866 ) ;
#688 = AXIS2_PLACEMENT_3D ( 'NONE', #2110, #2073, #401 ) ;
#689 = CARTESIAN_POINT ( 'NONE',  ( -28.91676018019827765, 14.73644857502515926, -30.09973340828068800 ) ) ;
#690 = CIRCLE ( 'NONE', #1948, 2.999999999999995559 ) ;
#691 = DIRECTION ( 'NONE',  ( 0.000000000000000000, 0.000000000000000000, 1.000000000000000000 ) ) ;
#692 = CARTESIAN_POINT ( 'NONE',  ( -16.74710813954140676, 25.50000000000000000, -30.00000000000000000 ) ) ;
#693 = CARTESIAN_POINT ( 'NONE',  ( -28.99999999999999645, 14.79470579514716455, -29.50000000000000000 ) ) ;
#694 = EDGE_LOOP ( 'NONE', ( #1360, #1383, #1233 ) ) ;
#695 = CARTESIAN_POINT ( 'NONE',  ( -36.01143129530325382, 34.99999999999999289, 22.50000000000000000 ) ) ;
#696 = DIRECTION ( 'NONE',  ( -0.000000000000000000, -1.000000000000000000, -0.000000000000000000 ) ) ;
#697 = EDGE_CURVE ( 'NONE', #1642, #993, #975, .T. ) ;
#698 = ORIENTED_EDGE ( 'NONE', *, *, #1644, .T. ) ;
#699 = LINE ( 'NONE', #1864, #1706 ) ;
#700 = ORGANIZATION ( 'UNSPECIFIED', 'UNSPECIFIED', '' ) ;
#701 = DIRECTION ( 'NONE',  ( 1.000000000000000000, 0.000000000000000000, 0.000000000000000000 ) ) ;
#702 = CARTESIAN_POINT ( 'NONE',  ( -36.01143129530325382, 31.67499657501879184, -28.65661333927723220 ) ) ;
#703 = CARTESIAN_POINT ( 'NONE',  ( -6.087181753751610521E-19, 37.50000000000000711, -22.50000000000000000 ) ) ;
#704 = VERTEX_POINT ( 'NONE', #738 ) ;
#705 = CARTESIAN_POINT ( 'NONE',  ( -15.72296880334016222, 25.44883849290123123, 30.42230678387958420 ) ) ;
#706 = EDGE_CURVE ( 'NONE', #426, #1406, #1408, .T. ) ;
#707 = FACE_OUTER_BOUND ( 'NONE', #2012, .T. ) ;
#708 = ORIENTED_EDGE ( 'NONE', *, *, #1553, .T. ) ;
#709 = CARTESIAN_POINT ( 'NONE',  ( -36.01143129530325382, 28.67499657501879184, -13.34338666072276780 ) ) ;
#710 = EDGE_CURVE ( 'NONE', #993, #55, #1802, .T. ) ;
#711 = CARTESIAN_POINT ( 'NONE',  ( -29.05377918445281438, 14.55629618504171496, -29.83810547568881333 ) ) ;
#712 = EDGE_LOOP ( 'NONE', ( #294, #1129, #610, #427 ) ) ;
#713 = DIRECTION ( 'NONE',  ( 1.000000000000000000, 2.434872701500644882E-19, -0.000000000000000000 ) ) ;
#714 = CARTESIAN_POINT ( 'NONE',  ( -36.01143129530325382, -8.768325100289989907E-18, 42.50000000000000000 ) ) ;
#715 = ORIENTED_EDGE ( 'NONE', *, *, #668, .F. ) ;
#716 = CARTESIAN_POINT ( 'NONE',  ( -14.66622398271933214, 25.98948650820927853, 29.61223960329728300 ) ) ;
#717 = CARTESIAN_POINT ( 'NONE',  ( -1.380268254178346018E-18, 28.67499657501878474, 31.65661333927723931 ) ) ;
#718 = ORIENTED_EDGE ( 'NONE', *, *, #680, .T. ) ;
#719 = CARTESIAN_POINT ( 'NONE',  ( -4.980973490458728392, 28.67499657501879540, 42.50000000000000000 ) ) ;
#720 = VECTOR ( 'NONE', #1657, 1000.000000000000000 ) ;
#721 = AXIS2_PLACEMENT_3D ( 'NONE', #1506, #1787, #287 ) ;
#722 = CARTESIAN_POINT ( 'NONE',  ( -1.734723475976807094E-15, -7.399034790452304833, 42.00000000000000000 ) ) ;
#723 = EDGE_LOOP ( 'NONE', ( #1798, #101, #1645, #1781, #1783, #530, #2102, #406 ) ) ;
#724 = TOROIDAL_SURFACE ( 'NONE', #1976, 35.91628531124014501, 0.5000000000000000000 ) ;
#725 = CARTESIAN_POINT ( 'NONE',  ( -28.82946980278086357, 15.24141737632049143, 29.88012522344430622 ) ) ;
#726 = APPLICATION_PROTOCOL_DEFINITION ( 'international standard', 'config_control_design', 1994, #303 ) ;
#727 = ORIENTED_EDGE ( 'NONE', *, *, #475, .F. ) ;
#728 = CARTESIAN_POINT ( 'NONE',  ( -1.743468634241171579E-15, 28.51725052078783662, -42.00000000000000000 ) ) ;
#729 = PLANE ( 'NONE',  #1439 ) ;
#730 = ORIENTED_EDGE ( 'NONE', *, *, #358, .F. ) ;
#731 = DIRECTION ( 'NONE',  ( 0.000000000000000000, 0.000000000000000000, -1.000000000000000000 ) ) ;
#732 = ADVANCED_FACE ( 'NONE', ( #762 ), #810, .T. ) ;
#733 = VECTOR ( 'NONE', #763, 1000.000000000000000 ) ;
#734 = CYLINDRICAL_SURFACE ( 'NONE', #1246, 6.156613339277236641 ) ;
#735 = CARTESIAN_POINT ( 'NONE',  ( -5.703090192535233855E-19, 2.342253945769048329, 40.50000000000000000 ) ) ;
#736 = CARTESIAN_POINT ( 'NONE',  ( -14.68337344937781630, 25.92593323312671671, -29.97414211204788614 ) ) ;
#737 = VERTEX_POINT ( 'NONE', #1489 ) ;
#738 = CARTESIAN_POINT ( 'NONE',  ( -28.11399149779402862, 15.74722447387828872, 30.50000000000000000 ) ) ;
#739 = DIRECTION ( 'NONE',  ( -1.000000000000000000, -0.000000000000000000, -0.000000000000000000 ) ) ;
#740 = ORIENTED_EDGE ( 'NONE', *, *, #1359, .F. ) ;
#741 = CARTESIAN_POINT ( 'NONE',  ( -0.5000000000000000000, 0.5000000000000004441, 42.50000000000000000 ) ) ;
#742 = ORIENTED_EDGE ( 'NONE', *, *, #1996, .F. ) ;
#743 = DIRECTION ( 'NONE',  ( -1.000000000000000000, -2.434872701500644882E-19, 0.000000000000000000 ) ) ;
#744 = EDGE_CURVE ( 'NONE', #282, #71, #2127, .T. ) ;
#745 = ORIENTED_EDGE ( 'NONE', *, *, #1646, .T. ) ;
#746 = CARTESIAN_POINT ( 'NONE',  ( 0.000000000000000000, 35.00000000000000000, -22.50000000000000000 ) ) ;
#747 = CARTESIAN_POINT ( 'NONE',  ( -15.03340032986780095, 25.77004417419614413, -29.96893905181898177 ) ) ;
#748 = CARTESIAN_POINT ( 'NONE',  ( -35.03690625522790469, 0.5000000000000000000, -42.50000000000000000 ) ) ;
#749 = DIRECTION ( 'NONE',  ( -0.000000000000000000, -0.000000000000000000, -1.000000000000000000 ) ) ;
#750 = DIRECTION ( 'NONE',  ( -2.434872701500644401E-19, 1.000000000000000000, -0.000000000000000000 ) ) ;
#751 =( BOUNDED_CURVE ( )  B_SPLINE_CURVE ( 3, ( #99, #2067, #2093, #804 ),
 .UNSPECIFIED., .F., .T. ) 
 B_SPLINE_CURVE_WITH_KNOTS ( ( 4, 4 ),
 ( 0.000000000000000000, 0.3785059097723731947 ),
 .UNSPECIFIED. ) 
 CURVE ( )  GEOMETRIC_REPRESENTATION_ITEM ( )  RATIONAL_B_SPLINE_CURVE ( ( 1.000000000000000000, 0.9880966981347715228, 0.9880966981347715228, 1.000000000000000000 ) ) 
 REPRESENTATION_ITEM ( '' )  );
#752 = ADVANCED_FACE ( 'NONE', ( #1166 ), #984, .F. ) ;
#753 = ORIENTED_EDGE ( 'NONE', *, *, #2126, .F. ) ;
#754 = CARTESIAN_POINT ( 'NONE',  ( -35.03690625522790469, 0.5000000000000000000, -42.00000000000000000 ) ) ;
#755 = ORIENTED_EDGE ( 'NONE', *, *, #1490, .T. ) ;
#756 = CARTESIAN_POINT ( 'NONE',  ( -29.10044733982189058, 14.49411026666312985, 29.50000000000000000 ) ) ;
#757 = CIRCLE ( 'NONE', #266, 2.999999999999995559 ) ;
#758 = ORIENTED_EDGE ( 'NONE', *, *, #1191, .T. ) ;
#759 = CARTESIAN_POINT ( 'NONE',  ( -4.980973490458728392, 35.00000000000000000, -22.50000000000000000 ) ) ;
#760 = VECTOR ( 'NONE', #1795, 1000.000000000000000 ) ;
#761 = ORIENTED_EDGE ( 'NONE', *, *, #1996, .T. ) ;
#762 = FACE_OUTER_BOUND ( 'NONE', #236, .T. ) ;
#763 = DIRECTION ( 'NONE',  ( -0.000000000000000000, -1.000000000000000000, -0.000000000000000000 ) ) ;
#764 = ORIENTED_EDGE ( 'NONE', *, *, #220, .F. ) ;
#765 = CARTESIAN_POINT ( 'NONE',  ( -4.926945649383066339, 28.67499657501878119, -42.08746199027713430 ) ) ;
#766 = ORIENTED_EDGE ( 'NONE', *, *, #106, .F. ) ;
#767 = EDGE_CURVE ( 'NONE', #679, #1159, #786, .T. ) ;
#768 = VERTEX_POINT ( 'NONE', #2148 ) ;
#769 = DIRECTION ( 'NONE',  ( -1.000000000000000000, -0.000000000000000000, -0.000000000000000000 ) ) ;
#770 = LINE ( 'NONE', #1256, #1215 ) ;
#771 = ORIENTED_EDGE ( 'NONE', *, *, #2106, .T. ) ;
#772 = LINE ( 'NONE', #278, #1386 ) ;
#773 = ORIENTED_EDGE ( 'NONE', *, *, #1800, .T. ) ;
#774 = ADVANCED_FACE ( 'NONE', ( #630 ), #1620, .T. ) ;
#775 = LINE ( 'NONE', #1446, #1979 ) ;
#776 = VERTEX_POINT ( 'NONE', #483 ) ;
#777 = EDGE_CURVE ( 'NONE', #104, #779, #102, .T. ) ;
#778 = CARTESIAN_POINT ( 'NONE',  ( -15.22392605459106640, 25.68307633116440769, -30.01698815997571046 ) ) ;
#779 = VERTEX_POINT ( 'NONE', #1809 ) ;
#780 = CARTESIAN_POINT ( 'NONE',  ( -14.67984360430998336, 25.92748712433534664, 29.97120204816850020 ) ) ;
#781 = ORIENTED_EDGE ( 'NONE', *, *, #2123, .T. ) ;
#782 = DIRECTION ( 'NONE',  ( 0.000000000000000000, 0.000000000000000000, 1.000000000000000000 ) ) ;
#783 = ORIENTED_EDGE ( 'NONE', *, *, #1674, .T. ) ;
#784 = CARTESIAN_POINT ( 'NONE',  ( -28.32810438762550120, 15.48715791644685069, -30.49999999116091942 ) ) ;
#785 = ORIENTED_EDGE ( 'NONE', *, *, #1970, .T. ) ;
#786 = LINE ( 'NONE', #333, #507 ) ;
#787 = AXIS2_PLACEMENT_3D ( 'NONE', #1607, #1587, #1273 ) ;
#788 = AXIS2_PLACEMENT_3D ( 'NONE', #1487, #331, #489 ) ;
#789 = ORIENTED_EDGE ( 'NONE', *, *, #279, .T. ) ;
#790 = VECTOR ( 'NONE', #502, 1000.000000000000000 ) ;
#791 = FACE_OUTER_BOUND ( 'NONE', #1751, .T. ) ;
#792 = ADVANCED_FACE ( 'NONE', ( #1629 ), #1293, .F. ) ;
#793 = AXIS2_PLACEMENT_3D ( 'NONE', #891, #2069, #65 ) ;
#794 = VERTEX_POINT ( 'NONE', #1818 ) ;
#795 = DATE_TIME_ROLE ( 'creation_date' ) ;
#796 = ADVANCED_FACE ( 'NONE', ( #312 ), #1126, .F. ) ;
#797 = CARTESIAN_POINT ( 'NONE',  ( -14.51416421169657767, 25.99999999999999645, -29.49999999999997513 ) ) ;
#798 = CARTESIAN_POINT ( 'NONE',  ( -28.71832735400161596, 15.52645617609249484, -29.96611379153845789 ) ) ;
#799 = DIRECTION ( 'NONE',  ( -0.000000000000000000, -0.000000000000000000, -1.000000000000000000 ) ) ;
#800 = VECTOR ( 'NONE', #869, 1000.000000000000000 ) ;
#801 = ORIENTED_EDGE ( 'NONE', *, *, #184, .T. ) ;
#802 = EDGE_CURVE ( 'NONE', #1295, #1575, #1060, .T. ) ;
#803 = PLANE ( 'NONE',  #374 ) ;
#804 = CARTESIAN_POINT ( 'NONE',  ( -4.980973490458728392, 40.72083462553895572, -20.22493099080467616 ) ) ;
#805 = CARTESIAN_POINT ( 'NONE',  ( -0.5000000000000000000, -1.217436350750327737E-19, 42.50000000000000000 ) ) ;
#806 = CALENDAR_DATE ( 2025, 17, 8 ) ;
#807 = DIRECTION ( 'NONE',  ( 1.000000000000000000, 2.434872701500644882E-19, -0.000000000000000000 ) ) ;
#808 = EDGE_CURVE ( 'NONE', #91, #737, #270, .T. ) ;
#809 = CARTESIAN_POINT ( 'NONE',  ( -28.97580074946265682, 14.85919289992790482, -29.67065814757544118 ) ) ;
#810 = PLANE ( 'NONE',  #944 ) ;
#811 = ORIENTED_EDGE ( 'NONE', *, *, #1652, .T. ) ;
#812 = VERTEX_POINT ( 'NONE', #1471 ) ;
#813 = EDGE_CURVE ( 'NONE', #881, #779, #1045, .T. ) ;
#814 = LINE ( 'NONE', #516, #1889 ) ;
#815 = CARTESIAN_POINT ( 'NONE',  ( -4.980973490458784347, 28.67499657501878829, 13.34338666072276425 ) ) ;
#816 = EDGE_LOOP ( 'NONE', ( #959, #755, #631 ) ) ;
#817 =( BOUNDED_CURVE ( )  B_SPLINE_CURVE ( 3, ( #246, #435, #1920, #588 ),
 .UNSPECIFIED., .F., .T. ) 
 B_SPLINE_CURVE_WITH_KNOTS ( ( 4, 4 ),
 ( 5.904679397407216257, 6.283185307179586232 ),
 .UNSPECIFIED. ) 
 CURVE ( )  GEOMETRIC_REPRESENTATION_ITEM ( )  RATIONAL_B_SPLINE_CURVE ( ( 1.000000000000000000, 0.9880966981347718558, 0.9880966981347718558, 1.000000000000000000 ) ) 
 REPRESENTATION_ITEM ( '' )  );
#818 = FACE_OUTER_BOUND ( 'NONE', #1491, .T. ) ;
#819 = DIRECTION ( 'NONE',  ( -0.000000000000000000, 0.000000000000000000, 1.000000000000000000 ) ) ;
#820 = PLANE ( 'NONE',  #83 ) ;
#821 = EDGE_LOOP ( 'NONE', ( #2087, #96, #669, #38 ) ) ;
#822 = CARTESIAN_POINT ( 'NONE',  ( -11.00000000000000000, 26.67499657501879895, -40.50000000000000000 ) ) ;
#823 = ORIENTED_EDGE ( 'NONE', *, *, #1307, .F. ) ;
#824 = PLANE ( 'NONE',  #133 ) ;
#825 = CIRCLE ( 'NONE', #2047, 2.499999999999998668 ) ;
#826 = FACE_OUTER_BOUND ( 'NONE', #1224, .T. ) ;
#827 = VECTOR ( 'NONE', #2082, 1000.000000000000000 ) ;
#828 = CC_DESIGN_PERSON_AND_ORGANIZATION_ASSIGNMENT ( #1365, #1486, ( #162 ) ) ;
#829 = PLANE ( 'NONE',  #721 ) ;
#830 = CARTESIAN_POINT ( 'NONE',  ( -35.03690625522790469, 0.5000000000000000000, 42.00000000000000000 ) ) ;
#831 = DIRECTION ( 'NONE',  ( 1.000000000000000000, 2.434872701500644882E-19, -0.000000000000000000 ) ) ;
#832 = ORIENTED_EDGE ( 'NONE', *, *, #1407, .T. ) ;
#833 = CARTESIAN_POINT ( 'NONE',  ( -4.980973490458728392, 34.99999999999999289, 22.50000000000000000 ) ) ;
#834 = LOCAL_TIME ( 14, 50, 20.00000000000000000, #171 ) ;
#835 = DIRECTION ( 'NONE',  ( 1.000000000000000000, 0.000000000000000000, 0.000000000000000000 ) ) ;
#836 = EDGE_CURVE ( 'NONE', #1862, #1041, #144, .T. ) ;
#837 = CYLINDRICAL_SURFACE ( 'NONE', #115, 0.5000000000000004441 ) ;
#838 = AXIS2_PLACEMENT_3D ( 'NONE', #315, #1504, #2151 ) ;
#839 = CARTESIAN_POINT ( 'NONE',  ( -29.10044733982189413, 14.49411026666312452, -29.50000000000000000 ) ) ;
#840 = ADVANCED_FACE ( 'NONE', ( #638 ), #820, .F. ) ;
#841 = FACE_OUTER_BOUND ( 'NONE', #1551, .T. ) ;
#842 = CARTESIAN_POINT ( 'NONE',  ( -11.00000000000000000, 26.67499657501879895, -40.50000000000000000 ) ) ;
#843 = DIRECTION ( 'NONE',  ( -0.000000000000000000, 1.000000000000000000, 0.000000000000000000 ) ) ;
#844 = ORIENTED_EDGE ( 'NONE', *, *, #710, .F. ) ;
#845 = DIRECTION ( 'NONE',  ( 1.000000000000000000, 0.000000000000000000, 0.000000000000000000 ) ) ;
#846 = DIRECTION ( 'NONE',  ( -0.000000000000000000, 0.000000000000000000, 1.000000000000000000 ) ) ;
#847 = CARTESIAN_POINT ( 'NONE',  ( -15.25350517236173609, 25.85957200447895943, 29.85390922831534155 ) ) ;
#848 = CALENDAR_DATE ( 2025, 17, 8 ) ;
#849 = DIRECTION ( 'NONE',  ( -1.000000000000000000, -0.000000000000000000, -0.000000000000000000 ) ) ;
#850 = FACE_OUTER_BOUND ( 'NONE', #1819, .T. ) ;
#851 = CARTESIAN_POINT ( 'NONE',  ( -0.5000000000000000000, -1.217436350750322441E-19, -42.00000000000000000 ) ) ;
#852 = LINE ( 'NONE', #1835, #1836 ) ;
#853 = EDGE_CURVE ( 'NONE', #1447, #1905, #1508, .T. ) ;
#854 = ORIENTED_EDGE ( 'NONE', *, *, #1453, .F. ) ;
#855 = CARTESIAN_POINT ( 'NONE',  ( -14.61737203282042330, 26.00000000000000000, 29.55871124650296622 ) ) ;
#856 = CARTESIAN_POINT ( 'NONE',  ( -29.50000000000000000, 14.79470579514716455, 29.50000000000000000 ) ) ;
#857 = VERTEX_POINT ( 'NONE', #176 ) ;
#858 = COORDINATED_UNIVERSAL_TIME_OFFSET ( 10, 0, .AHEAD. ) ;
#859 = AXIS2_PLACEMENT_3D ( 'NONE', #2108, #933, #1429 ) ;
#860 = DIRECTION ( 'NONE',  ( -0.8911794486655821856, -0.4536509564368945702, 0.000000000000000000 ) ) ;
#861 = AXIS2_PLACEMENT_3D ( 'NONE', #112, #799, #657 ) ;
#862 = VECTOR ( 'NONE', #878, 1000.000000000000000 ) ;
#863 = CIRCLE ( 'NONE', #2050, 6.156613339277236641 ) ;
#864 = CARTESIAN_POINT ( 'NONE',  ( -28.33081798470167456, 15.48193482638439988, -30.48200533204611773 ) ) ;
#865 = ORIENTED_EDGE ( 'NONE', *, *, #2100, .F. ) ;
#866 = ADVANCED_FACE ( 'NONE', ( #1999 ), #2009, .F. ) ;
#867 = DIRECTION ( 'NONE',  ( 1.000000000000000000, 0.000000000000000000, 0.000000000000000000 ) ) ;
#868 = CARTESIAN_POINT ( 'NONE',  ( -4.902925457943851484, 28.67499657501878829, 42.10328101287254299 ) ) ;
#869 = DIRECTION ( 'NONE',  ( 1.000000000000000000, 2.434872701500645364E-19, -0.000000000000000000 ) ) ;
#870 = ORIENTED_EDGE ( 'NONE', *, *, #1286, .T. ) ;
#871 = CARTESIAN_POINT ( 'NONE',  ( -4.980973490458728392, 28.67499657501864618, -28.65661333927722154 ) ) ;
#872 = CARTESIAN_POINT ( 'NONE',  ( -28.50000000000000000, 25.50000000000000000, -29.50000000000000000 ) ) ;
#873 = EDGE_CURVE ( 'NONE', #857, #426, #852, .T. ) ;
#874 = ORIENTED_EDGE ( 'NONE', *, *, #34, .F. ) ;
#875 = LINE ( 'NONE', #1226, #551 ) ;
#876 = ORIENTED_EDGE ( 'NONE', *, *, #194, .T. ) ;
#877 = VECTOR ( 'NONE', #1577, 1000.000000000000000 ) ;
#878 = DIRECTION ( 'NONE',  ( -0.000000000000000000, -0.000000000000000000, -1.000000000000000000 ) ) ;
#879 = EDGE_LOOP ( 'NONE', ( #1167, #1263, #727, #325 ) ) ;
#880 = EDGE_CURVE ( 'NONE', #1237, #1174, #1867, .T. ) ;
#881 = VERTEX_POINT ( 'NONE', #703 ) ;
#882 = CARTESIAN_POINT ( 'NONE',  ( -4.980973490458728392, 40.72083462553895572, 42.50000000000000000 ) ) ;
#883 = DIRECTION ( 'NONE',  ( 2.434872701500641993E-19, -1.000000000000000000, 0.000000000000000000 ) ) ;
#884 = ORIENTED_EDGE ( 'NONE', *, *, #475, .T. ) ;
#885 = CYLINDRICAL_SURFACE ( 'NONE', #547, 6.156613339277236641 ) ;
#886 = CARTESIAN_POINT ( 'NONE',  ( 0.000000000000000000, 34.99999999999999289, 22.50000000000000000 ) ) ;
#887 = VERTEX_POINT ( 'NONE', #2168 ) ;
#888 = CARTESIAN_POINT ( 'NONE',  ( -4.980973490458731057, 28.67499657501878474, 42.50000000000000000 ) ) ;
#889 = CARTESIAN_POINT ( 'NONE',  ( -28.64168697790522344, 15.09147201708290531, -30.35370668276933515 ) ) ;
#890 = ORIENTED_EDGE ( 'NONE', *, *, #220, .T. ) ;
#891 = CARTESIAN_POINT ( 'NONE',  ( -11.00000000000000000, 26.67499657501879895, -40.50000000000000000 ) ) ;
#892 = CARTESIAN_POINT ( 'NONE',  ( 0.000000000000000000, 34.99999999999999289, 22.50000000000000000 ) ) ;
#893 = VERTEX_POINT ( 'NONE', #343 ) ;
#894 = CARTESIAN_POINT ( 'NONE',  ( -4.980973490458728392, 34.99999999999999289, 22.50000000000000000 ) ) ;
#895 = CARTESIAN_POINT ( 'NONE',  ( -35.03690625522790469, 0.5000000000000000000, 42.50000000000000000 ) ) ;
#896 = ORIENTED_EDGE ( 'NONE', *, *, #1898, .T. ) ;
#897 = EDGE_CURVE ( 'NONE', #925, #1727, #1357, .T. ) ;
#898 = LINE ( 'NONE', #1568, #235 ) ;
#899 = EDGE_CURVE ( 'NONE', #737, #627, #1312, .T. ) ;
#900 = AXIS2_PLACEMENT_3D ( 'NONE', #1973, #643, #476 ) ;
#901 = AXIS2_PLACEMENT_3D ( 'NONE', #1389, #701, #1368 ) ;
#902 = CARTESIAN_POINT ( 'NONE',  ( -28.55535962291357421, 15.93054320846519190, 30.00000000000000000 ) ) ;
#903 = EDGE_CURVE ( 'NONE', #1257, #579, #1212, .T. ) ;
#904 = VECTOR ( 'NONE', #1313, 1000.000000000000000 ) ;
#905 = ORIENTED_EDGE ( 'NONE', *, *, #2068, .T. ) ;
#906 = DIRECTION ( 'NONE',  ( 0.000000000000000000, 0.000000000000000000, -1.000000000000000000 ) ) ;
#907 = AXIS2_PLACEMENT_3D ( 'NONE', #72, #85, #1099 ) ;
#908 = CARTESIAN_POINT ( 'NONE',  ( -14.88497794218783277, 25.94174454275212938, -29.73707105987492127 ) ) ;
#909 = ORIENTED_EDGE ( 'NONE', *, *, #945, .F. ) ;
#910 = DIRECTION ( 'NONE',  ( 0.000000000000000000, 0.000000000000000000, 1.000000000000000000 ) ) ;
#911 = DIRECTION ( 'NONE',  ( -1.000000000000000000, -2.434872701500644882E-19, 0.000000000000000000 ) ) ;
#912 = ORIENTED_EDGE ( 'NONE', *, *, #880, .F. ) ;
#913 = DIRECTION ( 'NONE',  ( -1.000000000000000000, -2.434872701500644882E-19, 0.000000000000000000 ) ) ;
#914 = ORIENTED_EDGE ( 'NONE', *, *, #1219, .T. ) ;
#915 = ADVANCED_FACE ( 'NONE', ( #1712 ), #205, .F. ) ;
#916 = CARTESIAN_POINT ( 'NONE',  ( -28.86139996771890992, 15.15898302955334032, 29.85091062195608203 ) ) ;
#917 = ORIENTED_EDGE ( 'NONE', *, *, #1320, .T. ) ;
#918 = ORIENTED_EDGE ( 'NONE', *, *, #802, .T. ) ;
#919 = CARTESIAN_POINT ( 'NONE',  ( -28.49999999999999645, 16.06502541192709899, 30.00000000000000000 ) ) ;
#920 = ADVANCED_FACE ( 'NONE', ( #1218 ), #1666, .F. ) ;
#921 = CARTESIAN_POINT ( 'NONE',  ( -14.41939184886627956, 26.04086614508417341, -29.61775340335702822 ) ) ;
#922 = CYLINDRICAL_SURFACE ( 'NONE', #859, 3.000000000000002665 ) ;
#923 = DIRECTION ( 'NONE',  ( 1.000000000000000000, 0.000000000000000000, 0.000000000000000000 ) ) ;
#924 = LINE ( 'NONE', #95, #1544 ) ;
#925 = VERTEX_POINT ( 'NONE', #842 ) ;
#926 = ORIENTED_EDGE ( 'NONE', *, *, #808, .F. ) ;
#927 = DIRECTION ( 'NONE',  ( 1.000000000000000000, 0.000000000000000000, 0.000000000000000000 ) ) ;
#928 = ORIENTED_EDGE ( 'NONE', *, *, #1613, .T. ) ;
#929 = DIRECTION ( 'NONE',  ( -3.050597354146074136E-16, 1.000000000000000000, -0.000000000000000000 ) ) ;
#930 = EDGE_LOOP ( 'NONE', ( #338, #1952, #2088, #1692 ) ) ;
#931 = B_SPLINE_CURVE_WITH_KNOTS ( 'NONE', 3,
 ( #950, #448, #937, #1612, #577, #1738, #1601, #98, #1753, #2119, #1247, #1270, #765, #1433, #237, #2101 ),
 .UNSPECIFIED., .F., .F.,
 ( 4, 2, 2, 2, 2, 2, 2, 4 ),
 ( 3.354395550778852870E-20, 0.002537116910248419458, 0.003805675365372628537, 0.004439954592934735461, 0.004757094206715790224, 0.004915664013606318473, 0.004994948917051577827, 0.005074233820496836314 ),
 .UNSPECIFIED. ) ;
#932 = DIRECTION ( 'NONE',  ( -1.000000000000000000, 0.000000000000000000, 0.000000000000000000 ) ) ;
#933 = DIRECTION ( 'NONE',  ( 1.000000000000000000, 2.434872701500644882E-19, -0.000000000000000000 ) ) ;
#934 = FACE_OUTER_BOUND ( 'NONE', #1621, .T. ) ;
#935 = CARTESIAN_POINT ( 'NONE',  ( -29.00000000000000000, 26.00000000000000000, 29.50000000000000000 ) ) ;
#936 = ORIENTED_EDGE ( 'NONE', *, *, #2091, .T. ) ;
#937 = CARTESIAN_POINT ( 'NONE',  ( -1.691619483988837880, 28.67499657501878474, -42.46847743105347206 ) ) ;
#938 = ORIENTED_EDGE ( 'NONE', *, *, #1461, .F. ) ;
#939 = CARTESIAN_POINT ( 'NONE',  ( -28.56450977433618377, 15.18965443719948283, 30.05699093462300198 ) ) ;
#940 = AXIS2_PLACEMENT_3D ( 'NONE', #1820, #2150, #966 ) ;
#941 = AXIS2_PLACEMENT_3D ( 'NONE', #998, #142, #1637 ) ;
#942 = ORIENTED_EDGE ( 'NONE', *, *, #442, .T. ) ;
#943 = DIRECTION ( 'NONE',  ( 0.000000000000000000, 0.000000000000000000, 1.000000000000000000 ) ) ;
#944 = AXIS2_PLACEMENT_3D ( 'NONE', #491, #1981, #453 ) ;
#945 = EDGE_CURVE ( 'NONE', #1299, #231, #1679, .T. ) ;
#946 = AXIS2_PLACEMENT_3D ( 'NONE', #1114, #2115, #932 ) ;
#947 = CARTESIAN_POINT ( 'NONE',  ( -1.743507043397293332E-15, 28.67499657501878474, 42.47446410019576035 ) ) ;
#948 = LINE ( 'NONE', #2086, #1579 ) ;
#949 = VERTEX_POINT ( 'NONE', #735 ) ;
#950 = CARTESIAN_POINT ( 'NONE',  ( -6.981996637613772447E-18, 28.67499657501878474, -42.47446410019578877 ) ) ;
#951 = ADVANCED_FACE ( 'NONE', ( #1071 ), #1084, .T. ) ;
#952 = CARTESIAN_POINT ( 'NONE',  ( -28.99999999999999645, 14.79470579514716633, 29.50000000000000000 ) ) ;
#953 = CC_DESIGN_SECURITY_CLASSIFICATION ( #1123, ( #162 ) ) ;
#954 = CARTESIAN_POINT ( 'NONE',  ( -16.16198276675554624, 25.23505388335142285, -30.07080067566608506 ) ) ;
#955 = ORIENTED_EDGE ( 'NONE', *, *, #110, .T. ) ;
#956 = DIRECTION ( 'NONE',  ( -2.434872701500647771E-19, 1.000000000000000000, 0.000000000000000000 ) ) ;
#957 = EDGE_LOOP ( 'NONE', ( #912, #449, #290, #1724 ) ) ;
#958 = DIRECTION ( 'NONE',  ( 2.434872701500645364E-19, -1.000000000000000000, 0.000000000000000000 ) ) ;
#959 = ORIENTED_EDGE ( 'NONE', *, *, #1757, .T. ) ;
#960 = MANIFOLD_SOLID_BREP ( 'Cut-Extrude3', #1080 ) ;
#961 = EDGE_LOOP ( 'NONE', ( #1462, #2046, #2051, #914 ) ) ;
#962 = LINE ( 'NONE', #1804, #1803 ) ;
#963 = ORIENTED_EDGE ( 'NONE', *, *, #967, .F. ) ;
#964 = CARTESIAN_POINT ( 'NONE',  ( -16.31894841844060551, 25.15689858145549707, 30.50000000000000711 ) ) ;
#965 = EDGE_LOOP ( 'NONE', ( #41, #418 ) ) ;
#966 = DIRECTION ( 'NONE',  ( -0.7720170044119362140, 0.6356018760976248627, 0.000000000000000000 ) ) ;
#967 = EDGE_CURVE ( 'NONE', #768, #1600, #1610, .T. ) ;
#968 = ORIENTED_EDGE ( 'NONE', *, *, #1901, .F. ) ;
#969 = SPHERICAL_SURFACE ( 'NONE', #267, 0.5000000000000000000 ) ;
#970 = CARTESIAN_POINT ( 'NONE',  ( -36.01143129530325382, 31.67499657501878474, 16.34338666072276425 ) ) ;
#971 = DIRECTION ( 'NONE',  ( 3.845734234567892290E-35, -1.577021341797098053E-16, -1.000000000000000000 ) ) ;
#972 = VECTOR ( 'NONE', #1356, 1000.000000000000000 ) ;
#973 = AXIS2_PLACEMENT_3D ( 'NONE', #1101, #262, #1604 ) ;
#974 = VERTEX_POINT ( 'NONE', #1585 ) ;
#975 = CIRCLE ( 'NONE', #2155, 0.5000000000000004441 ) ;
#976 = CARTESIAN_POINT ( 'NONE',  ( -28.82947989792834775, 15.24138820310852793, -29.88009200065831550 ) ) ;
#977 = AXIS2_PLACEMENT_3D ( 'NONE', #372, #1547, #2052 ) ;
#978 = EDGE_LOOP ( 'NONE', ( #1064, #452, #648, #2028 ) ) ;
#979 = ADVANCED_FACE ( 'NONE', ( #1722 ), #1560, .F. ) ;
#980 =( BOUNDED_SURFACE ( )  B_SPLINE_SURFACE ( 3, 2, ( 
 ( #408, #92, #100 ),
 ( #1777, #2095, #1574 ),
 ( #1595, #954, #1093 ),
 ( #76, #595, #1265 ),
 ( #1438, #2107, #1617 ),
 ( #2070, #778, #1454 ),
 ( #615, #747, #1280 ),
 ( #736, #1731, #908 ),
 ( #571, #1405, #58 ),
 ( #1241, #1086, #1747 ),
 ( #921, #1586, #1414 ),
 ( #480, #797, #132 ) ),
 .UNSPECIFIED., .F., .F., .F. ) 
 B_SPLINE_SURFACE_WITH_KNOTS ( ( 4, 2, 2, 2, 2, 4 ),
 ( 3, 3 ),
 ( 0.001370424982786285590, 0.002050112616035140636, 0.002729800249283995464, 0.003409487882532850293, 0.003749331699157277924, 0.004089175515781705121 ),
 ( 0.000000000000000000, 1.000000000000000000 ),
 .UNSPECIFIED. ) 
 GEOMETRIC_REPRESENTATION_ITEM ( )  RATIONAL_B_SPLINE_SURFACE ( (
 ( 1.000000000000000000, 0.7071067811865496822, 1.000000000000000000),
 ( 1.000000000000000000, 0.7397498075786245186, 1.000000000000000000),
 ( 1.000000000000000000, 0.7695389046599211413, 1.000000000000000000),
 ( 1.000000000000000000, 0.8250551435854691640, 1.000000000000000000),
 ( 1.000000000000000000, 0.8507851847972102144, 1.000000000000000000),
 ( 1.000000000000000000, 0.8989826892403040004, 1.000000000000000000),
 ( 1.000000000000000000, 0.9216512298579658813, 1.000000000000000000),
 ( 1.000000000000000000, 0.9509574884742489909, 1.000000000000000000),
 ( 1.000000000000000000, 0.9599824612599491269, 1.000000000000000000),
 ( 1.000000000000000000, 0.9742684222164147423, 1.000000000000000000),
 ( 1.000000000000000000, 0.9793719278052513966, 1.000000000000000000),
 ( 1.000000000000000000, 0.9793538085415967043, 1.000000000000000000) ) ) 
 REPRESENTATION_ITEM ( '' )  SURFACE ( )  );
#981 = DIRECTION ( 'NONE',  ( -0.000000000000000000, 1.000000000000000000, -1.577021341797098053E-16 ) ) ;
#982 = CARTESIAN_POINT ( 'NONE',  ( -36.01143129530325382, 34.99999999999999289, 22.50000000000000000 ) ) ;
#983 = EDGE_CURVE ( 'NONE', #1135, #1485, #863, .T. ) ;
#984 = CYLINDRICAL_SURFACE ( 'NONE', #585, 3.000000000000002665 ) ;
#985 = AXIS2_PLACEMENT_3D ( 'NONE', #1106, #1590, #2098 ) ;
#986 = ORIENTED_EDGE ( 'NONE', *, *, #802, .F. ) ;
#987 = DIRECTION ( 'NONE',  ( -2.434872701500644401E-19, 1.000000000000000000, -0.000000000000000000 ) ) ;
#988 = LINE ( 'NONE', #1984, #1023 ) ;
#989 = CARTESIAN_POINT ( 'NONE',  ( -35.03690625522791180, 0.5000000000000023315, 42.00000000000000000 ) ) ;
#990 = DIRECTION ( 'NONE',  ( 1.000000000000000000, 2.434872701500644882E-19, -0.000000000000000000 ) ) ;
#991 = CARTESIAN_POINT ( 'NONE',  ( -4.980973490458728392, 31.67499657501878474, 28.65661333927723575 ) ) ;
#992 = CARTESIAN_POINT ( 'NONE',  ( -15.72085844787257614, 25.44985210817128873, 30.42188992136887293 ) ) ;
#993 = VERTEX_POINT ( 'NONE', #1892 ) ;
#994 = ADVANCED_FACE ( 'NONE', ( #387, #1061 ), #216, .T. ) ;
#995 = DIRECTION ( 'NONE',  ( 0.9755158684036556727, -0.2199290578633518456, 0.000000000000000000 ) ) ;
#996 = DIRECTION ( 'NONE',  ( 1.000000000000000000, 0.000000000000000000, 0.000000000000000000 ) ) ;
#997 = CARTESIAN_POINT ( 'NONE',  ( -14.66951116926153453, 25.98873775036881995, 29.60672943418616399 ) ) ;
#998 = CARTESIAN_POINT ( 'NONE',  ( -35.03690625522790469, 0.5000000000000000000, 42.00000000000000000 ) ) ;
#999 = CARTESIAN_POINT ( 'NONE',  ( -28.73796320384176539, 14.96866011901780524, -29.98175007718696250 ) ) ;
#1000 = CARTESIAN_POINT ( 'NONE',  ( -14.72384722032806437, 25.97695590746535288, -29.65341587346622276 ) ) ;
#1001 = EDGE_CURVE ( 'NONE', #55, #59, #191, .T. ) ;
#1002 = ORIENTED_EDGE ( 'NONE', *, *, #286, .F. ) ;
#1003 = VECTOR ( 'NONE', #1767, 1000.000000000000000 ) ;
#1004 = LINE ( 'NONE', #314, #649 ) ;
#1005 = CIRCLE ( 'NONE', #15, 0.5000000000000004441 ) ;
#1006 = CARTESIAN_POINT ( 'NONE',  ( -36.01143129530325382, 34.99999999999999289, 22.50000000000000000 ) ) ;
#1007 = AXIS2_PLACEMENT_3D ( 'NONE', #1658, #1325, #1478 ) ;
#1008 = FACE_OUTER_BOUND ( 'NONE', #1028, .T. ) ;
#1009 = ADVANCED_FACE ( 'NONE', ( #2029 ), #1366, .T. ) ;
#1010 = VECTOR ( 'NONE', #1069, 1000.000000000000000 ) ;
#1011 = CC_DESIGN_PERSON_AND_ORGANIZATION_ASSIGNMENT ( #531, #1814, ( #1123 ) ) ;
#1012 = UNCERTAINTY_MEASURE_WITH_UNIT (LENGTH_MEASURE( 1.000000000000000082E-05 ), #1184, 'distance_accuracy_value', 'NONE');
#1013 = CARTESIAN_POINT ( 'NONE',  ( -29.50000000000000355, 14.79470579514716100, -29.50000000000000000 ) ) ;
#1014 = DIRECTION ( 'NONE',  ( 0.000000000000000000, 1.000000000000000000, 0.000000000000000000 ) ) ;
#1015 = CARTESIAN_POINT ( 'NONE',  ( -4.632303156526744736, 28.67499657501878474, 42.21308629694663495 ) ) ;
#1016 = VERTEX_POINT ( 'NONE', #558 ) ;
#1017 = DIRECTION ( 'NONE',  ( -1.000000000000000000, 0.000000000000000000, 0.000000000000000000 ) ) ;
#1018 = AXIS2_PLACEMENT_3D ( 'NONE', #575, #1244, #1908 ) ;
#1019 = DIRECTION ( 'NONE',  ( 0.000000000000000000, -3.154042683594196107E-16, -1.000000000000000000 ) ) ;
#1020 = DIRECTION ( 'NONE',  ( 1.000000000000000000, 0.000000000000000000, 0.000000000000000000 ) ) ;
#1021 = DATE_TIME_ROLE ( 'classification_date' ) ;
#1022 = DIRECTION ( 'NONE',  ( 1.000000000000000000, 2.434872701500644882E-19, -0.000000000000000000 ) ) ;
#1023 = VECTOR ( 'NONE', #682, 1000.000000000000000 ) ;
#1024 = ADVANCED_FACE ( 'NONE', ( #1213, #349 ), #10, .F. ) ;
#1025 = DIRECTION ( 'NONE',  ( 0.000000000000000000, -0.000000000000000000, -1.000000000000000000 ) ) ;
#1026 = FACE_OUTER_BOUND ( 'NONE', #1636, .T. ) ;
#1027 = CARTESIAN_POINT ( 'NONE',  ( -2.955870437269415341, 28.67499657501878829, 42.41817583585304874 ) ) ;
#1028 = EDGE_LOOP ( 'NONE', ( #218, #1775, #686, #439, #540, #1810, #19, #1899 ) ) ;
#1029 = CARTESIAN_POINT ( 'NONE',  ( -14.41939191238415141, 26.04086611769506732, 29.50000000000000355 ) ) ;
#1030 = DIRECTION ( 'NONE',  ( 0.000000000000000000, -1.000000000000000000, 0.000000000000000000 ) ) ;
#1031 = DIRECTION ( 'NONE',  ( -1.000000000000000000, 0.000000000000000000, 0.000000000000000000 ) ) ;
#1032 = DIRECTION ( 'NONE',  ( 0.000000000000000000, -1.000000000000000000, -2.086883234998906156E-15 ) ) ;
#1033 = EDGE_CURVE ( 'NONE', #1969, #887, #690, .T. ) ;
#1034 = CARTESIAN_POINT ( 'NONE',  ( -36.01143129530325382, 35.00000000000000000, -22.50000000000000000 ) ) ;
#1035 = LINE ( 'NONE', #1845, #506 ) ;
#1036 = CARTESIAN_POINT ( 'NONE',  ( -14.98293699981604554, 25.92008239603091724, -29.77326057182682106 ) ) ;
#1037 = EDGE_CURVE ( 'NONE', #1200, #2063, #1190, .T. ) ;
#1038 = ORIENTED_EDGE ( 'NONE', *, *, #543, .T. ) ;
#1039 = CARTESIAN_POINT ( 'NONE',  ( -15.03203412263214389, 25.77066107514912474, 29.96846069896199438 ) ) ;
#1040 = CARTESIAN_POINT ( 'NONE',  ( -35.03690625522790469, 0.5000000000000000000, -42.00000000000000000 ) ) ;
#1041 = VERTEX_POINT ( 'NONE', #1202 ) ;
#1042 = COORDINATED_UNIVERSAL_TIME_OFFSET ( 10, 0, .AHEAD. ) ;
#1043 = CIRCLE ( 'NONE', #900, 0.5000000000000004441 ) ;
#1044 = CARTESIAN_POINT ( 'NONE',  ( -12.00000000000000000, -2.434872701500645364E-19, -5.888019742220133644E-38 ) ) ;
#1045 = CIRCLE ( 'NONE', #1007, 2.500000000000002220 ) ;
#1046 = AXIS2_PLACEMENT_3D ( 'NONE', #2165, #628, #1164 ) ;
#1047 = AXIS2_PLACEMENT_3D ( 'NONE', #741, #1411, #927 ) ;
#1048 = CARTESIAN_POINT ( 'NONE',  ( -36.01143129530325382, 28.67499657501878829, 13.34338666072276425 ) ) ;
#1049 = EDGE_LOOP ( 'NONE', ( #1303, #1625, #1961, #1718, #1207, #589, #146, #1068 ) ) ;
#1050 = CARTESIAN_POINT ( 'NONE',  ( -14.89275946181333232, 25.94002386825425432, -29.74197736422953398 ) ) ;
#1051 = DIRECTION ( 'NONE',  ( 2.434872701500644882E-19, -1.000000000000000000, 0.000000000000000000 ) ) ;
#1052 = ORIENTED_EDGE ( 'NONE', *, *, #1622, .F. ) ;
#1053 = CARTESIAN_POINT ( 'NONE',  ( -16.52028266132295897, 25.05441027566720891, 30.00000000000000355 ) ) ;
#1054 = LINE ( 'NONE', #40, #2065 ) ;
#1055 = ORIENTED_EDGE ( 'NONE', *, *, #1988, .F. ) ;
#1056 = CARTESIAN_POINT ( 'NONE',  ( -4.980973490458728392, 31.67499657501878474, -13.34338666072276780 ) ) ;
#1057 = CIRCLE ( 'NONE', #1188, 2.500000000000002220 ) ;
#1058 = DIRECTION ( 'NONE',  ( -2.434872701500644882E-19, 1.000000000000000000, 1.300062360542314742E-16 ) ) ;
#1059 = VECTOR ( 'NONE', #357, 1000.000000000000000 ) ;
#1060 = B_SPLINE_CURVE_WITH_KNOTS ( 'NONE', 3,
 ( #1284, #1797, #2159, #2117, #780, #647, #289, #1951, #992, #461, #964, #1641 ),
 .UNSPECIFIED., .F., .F.,
 ( 4, 2, 2, 2, 2, 4 ),
 ( 0.000000000000000000, 0.0003398784631146246123, 0.0006797569262292492247, 0.001359513852458494546, 0.002039270778687739868, 0.002719027704916984756 ),
 .UNSPECIFIED. ) ;
#1061 = FACE_OUTER_BOUND ( 'NONE', #1049, .T. ) ;
#1062 = PERSON_AND_ORGANIZATION_ROLE ( 'design_owner' ) ;
#1063 = EDGE_CURVE ( 'NONE', #1327, #949, #699, .T. ) ;
#1064 = ORIENTED_EDGE ( 'NONE', *, *, #2053, .T. ) ;
#1065 = CARTESIAN_POINT ( 'NONE',  ( -14.69291488889681752, 25.92181885689427290, 29.79410425650977601 ) ) ;
#1066 = FACE_OUTER_BOUND ( 'NONE', #1933, .T. ) ;
#1067 = ADVANCED_FACE ( 'NONE', ( #1709 ), #200, .T. ) ;
#1068 = ORIENTED_EDGE ( 'NONE', *, *, #1136, .T. ) ;
#1069 = DIRECTION ( 'NONE',  ( 1.000000000000000000, 2.434872701500645364E-19, 5.888019742220133644E-38 ) ) ;
#1070 = ORIENTED_EDGE ( 'NONE', *, *, #665, .F. ) ;
#1071 = FACE_OUTER_BOUND ( 'NONE', #605, .T. ) ;
#1072 = DIRECTION ( 'NONE',  ( 0.000000000000000000, -1.284980352575412699E-16, 1.000000000000000000 ) ) ;
#1073 = ORIENTED_EDGE ( 'NONE', *, *, #1480, .T. ) ;
#1074 = DIRECTION ( 'NONE',  ( -2.434872701500644882E-19, 1.000000000000000000, 0.000000000000000000 ) ) ;
#1075 = EDGE_CURVE ( 'NONE', #887, #1838, #361, .T. ) ;
#1076 = CARTESIAN_POINT ( 'NONE',  ( -1.743468634241171579E-15, 28.51725052078783662, 42.00000000000000000 ) ) ;
#1077 = ORIENTED_EDGE ( 'NONE', *, *, #1100, .F. ) ;
#1078 = CARTESIAN_POINT ( 'NONE',  ( -16.74710813954140676, 25.50000000000000000, -30.00000000000000000 ) ) ;
#1079 = EDGE_CURVE ( 'NONE', #446, #1642, #875, .T. ) ;
#1080 = CLOSED_SHELL ( 'NONE', ( #296, #326, #792, #513, #1939, #915, #284, #1024, #994, #431, #2001, #1127, #2153, #2015, #54, #456, #504, #604, #173, #593, #752, #1865, #225, #951, #866, #1557, #257, #732, #1688, #1638, #1163, #840, #1768, #150, #1960, #774, #1415, #1837, #1067, #1340, #87, #1377, #1754, #118, #1524, #1279, #578, #1671, #1778, #501, #664, #252, #1594, #1736, #108, #1261, #124, #632, #2136, #979, #920, #1448, #1469, #796, #1868, #1009 ) ) ;
#1081 = AXIS2_PLACEMENT_3D ( 'NONE', #533, #174, #1203 ) ;
#1082 = FACE_OUTER_BOUND ( 'NONE', #1578, .T. ) ;
#1083 = VECTOR ( 'NONE', #1693, 1000.000000000000000 ) ;
#1084 = PLANE ( 'NONE',  #1314 ) ;
#1085 = AXIS2_PLACEMENT_3D ( 'NONE', #2113, #249, #1900 ) ;
#1086 = CARTESIAN_POINT ( 'NONE',  ( -14.56229042179191069, 25.97911730347574277, -29.66640186324303485 ) ) ;
#1087 = ORIENTED_EDGE ( 'NONE', *, *, #1843, .T. ) ;
#1088 = DIRECTION ( 'NONE',  ( 1.000000000000000000, 2.434872701500644882E-19, -0.000000000000000000 ) ) ;
#1089 = CARTESIAN_POINT ( 'NONE',  ( -1.499056975350087141E-18, 41.15661333927723575, 22.50000000000000000 ) ) ;
#1090 = ORIENTED_EDGE ( 'NONE', *, *, #1599, .T. ) ;
#1091 = DIRECTION ( 'NONE',  ( -0.000000000000000000, -0.000000000000000000, 1.000000000000000000 ) ) ;
#1092 = CARTESIAN_POINT ( 'NONE',  ( -28.11399149779403217, 15.74722447387829050, 30.00000000000000000 ) ) ;
#1093 = CARTESIAN_POINT ( 'NONE',  ( -16.34131507121955451, 25.60209369185040629, -29.99213206342316340 ) ) ;
#1094 = ORIENTED_EDGE ( 'NONE', *, *, #899, .F. ) ;
#1095 = FACE_OUTER_BOUND ( 'NONE', #1221, .T. ) ;
#1096 = EDGE_CURVE ( 'NONE', #1596, #136, #395, .T. ) ;
#1097 = LINE ( 'NONE', #425, #733 ) ;
#1098 = ORIENTED_EDGE ( 'NONE', *, *, #1683, .F. ) ;
#1099 = DIRECTION ( 'NONE',  ( 1.000000000000000000, -3.548876494560587154E-15, 0.000000000000000000 ) ) ;
#1100 = EDGE_CURVE ( 'NONE', #282, #1982, #1877, .T. ) ;
#1101 = CARTESIAN_POINT ( 'NONE',  ( 0.000000000000000000, 31.67499657501879184, -31.65661333927723931 ) ) ;
#1102 = DIRECTION ( 'NONE',  ( 0.000000000000000000, 1.000000000000000000, 0.000000000000000000 ) ) ;
#1103 = CARTESIAN_POINT ( 'NONE',  ( 0.000000000000000000, 31.67499657501878474, -13.34338666072276780 ) ) ;
#1104 = EDGE_CURVE ( 'NONE', #370, #1257, #1255, .T. ) ;
#1105 = CARTESIAN_POINT ( 'NONE',  ( -4.980973490458783459, 28.67499657501877763, 42.50000000000000711 ) ) ;
#1106 = CARTESIAN_POINT ( 'NONE',  ( -28.50000000000000000, 25.50000000000000000, -29.50000000000000000 ) ) ;
#1107 = ORIENTED_EDGE ( 'NONE', *, *, #1199, .F. ) ;
#1108 = VERTEX_POINT ( 'NONE', #1853 ) ;
#1109 = CARTESIAN_POINT ( 'NONE',  ( -28.82868180198332553, 14.85127729740116287, 30.20010398626711989 ) ) ;
#1110 = CARTESIAN_POINT ( 'NONE',  ( -28.82258622320206953, 14.85941848218248573, 29.92189123907132497 ) ) ;
#1111 = ORIENTED_EDGE ( 'NONE', *, *, #983, .F. ) ;
#1112 = AXIS2_PLACEMENT_3D ( 'NONE', #1989, #143, #311 ) ;
#1113 = AXIS2_PLACEMENT_3D ( 'NONE', #1656, #1966, #297 ) ;
#1114 = CARTESIAN_POINT ( 'NONE',  ( -14.61737190662501895, 26.49999999999998579, 29.50000000000000000 ) ) ;
#1115 = AXIS2_PLACEMENT_3D ( 'NONE', #1258, #1088, #956 ) ;
#1116 = DIRECTION ( 'NONE',  ( -2.434872701500644882E-19, 1.000000000000000000, 0.000000000000000000 ) ) ;
#1117 = VECTOR ( 'NONE', #283, 1000.000000000000000 ) ;
#1118 = PLANE ( 'NONE',  #412 ) ;
#1119 = VERTEX_POINT ( 'NONE', #1719 ) ;
#1120 = DIRECTION ( 'NONE',  ( 0.000000000000000000, 0.000000000000000000, 1.000000000000000000 ) ) ;
#1121 = ORIENTED_EDGE ( 'NONE', *, *, #587, .T. ) ;
#1122 = VERTEX_POINT ( 'NONE', #1523 ) ;
#1123 = SECURITY_CLASSIFICATION ( '', '', #1154 ) ;
#1124 = LINE ( 'NONE', #109, #1665 ) ;
#1125 = ORIENTED_EDGE ( 'NONE', *, *, #1236, .T. ) ;
#1126 = PLANE ( 'NONE',  #1806 ) ;
#1127 = ADVANCED_FACE ( 'NONE', ( #1686 ), #1385, .T. ) ;
#1128 = CIRCLE ( 'NONE', #838, 0.4999999999999997780 ) ;
#1129 = ORIENTED_EDGE ( 'NONE', *, *, #1711, .F. ) ;
#1130 = CARTESIAN_POINT ( 'NONE',  ( -1.217436350750327737E-19, 0.5000000000000004441, 42.50000000000000000 ) ) ;
#1131 = EDGE_CURVE ( 'NONE', #1905, #2076, #2157, .T. ) ;
#1132 = CARTESIAN_POINT ( 'NONE',  ( -7.621942530177302480E-34, 31.67499657501879184, -28.65661333927723220 ) ) ;
#1133 = FACE_OUTER_BOUND ( 'NONE', #48, .T. ) ;
#1134 = DIRECTION ( 'NONE',  ( 0.000000000000000000, 0.000000000000000000, 1.000000000000000000 ) ) ;
#1135 = VERTEX_POINT ( 'NONE', #2018 ) ;
#1136 = EDGE_CURVE ( 'NONE', #887, #2139, #2064, .T. ) ;
#1137 = CARTESIAN_POINT ( 'NONE',  ( -28.69368588484235971, 15.58831276232880469, -29.97391297347310513 ) ) ;
#1138 = VERTEX_POINT ( 'NONE', #223 ) ;
#1139 = ORIENTED_EDGE ( 'NONE', *, *, #1513, .F. ) ;
#1140 = EDGE_CURVE ( 'NONE', #614, #1969, #898, .T. ) ;
#1141 = CARTESIAN_POINT ( 'NONE',  ( -1.734723475976807094E-15, -7.399034790452304833, -42.00000000000000000 ) ) ;
#1142 = AXIS2_PLACEMENT_3D ( 'NONE', #1698, #534, #2007 ) ;
#1143 = CARTESIAN_POINT ( 'NONE',  ( -11.00000000000000000, 26.67499657501878829, 40.50000000000000000 ) ) ;
#1144 = CARTESIAN_POINT ( 'NONE',  ( -12.00000000000000000, 26.67499657501879540, -5.499999999999998224 ) ) ;
#1145 = VECTOR ( 'NONE', #1183, 1000.000000000000000 ) ;
#1146 = ORIENTED_EDGE ( 'NONE', *, *, #1140, .T. ) ;
#1147 = AXIS2_PLACEMENT_3D ( 'NONE', #1929, #1272, #432 ) ;
#1148 = FACE_BOUND ( 'NONE', #1872, .T. ) ;
#1149 = DIRECTION ( 'NONE',  ( 1.000000000000000000, 2.434872701500644882E-19, 0.000000000000000000 ) ) ;
#1150 = CIRCLE ( 'NONE', #195, 2.499999999999998668 ) ;
#1151 = CARTESIAN_POINT ( 'NONE',  ( -15.99715765250418009, 25.68682720178693302, 29.97527977150053502 ) ) ;
#1152 = ORIENTED_EDGE ( 'NONE', *, *, #572, .F. ) ;
#1153 = ORIENTED_EDGE ( 'NONE', *, *, #1674, .F. ) ;
#1154 = SECURITY_CLASSIFICATION_LEVEL ( 'unclassified' ) ;
#1155 = DIRECTION ( 'NONE',  ( -1.000000000000000000, -8.812646328774612660E-16, 0.000000000000000000 ) ) ;
#1156 = EDGE_CURVE ( 'NONE', #704, #1741, #559, .T. ) ;
#1157 = DIRECTION ( 'NONE',  ( -1.000000000000000000, 0.000000000000000000, 0.000000000000000000 ) ) ;
#1158 = DIRECTION ( 'NONE',  ( 1.000000000000000000, 2.434872701500644882E-19, -0.000000000000000000 ) ) ;
#1159 = VERTEX_POINT ( 'NONE', #1912 ) ;
#1160 = CARTESIAN_POINT ( 'NONE',  ( -14.59846950198114435, 25.96315446351922063, -29.90004234579559395 ) ) ;
#1161 = CYLINDRICAL_SURFACE ( 'NONE', #634, 0.5000000000000004441 ) ;
#1162 = DIRECTION ( 'NONE',  ( 1.000000000000000000, 2.434872701500644882E-19, -0.000000000000000000 ) ) ;
#1163 = ADVANCED_FACE ( 'NONE', ( #271 ), #1420, .F. ) ;
#1164 = DIRECTION ( 'NONE',  ( 2.434872701500645364E-19, -1.000000000000000000, 0.000000000000000000 ) ) ;
#1165 = CYLINDRICAL_SURFACE ( 'NONE', #1249, 6.156613339277236641 ) ;
#1166 = FACE_OUTER_BOUND ( 'NONE', #300, .T. ) ;
#1167 = ORIENTED_EDGE ( 'NONE', *, *, #2059, .T. ) ;
#1168 = CARTESIAN_POINT ( 'NONE',  ( -29.00000000000000000, 14.79470579514716633, -29.56555289326986369 ) ) ;
#1169 = FACE_OUTER_BOUND ( 'NONE', #1403, .T. ) ;
#1170 = CARTESIAN_POINT ( 'NONE',  ( -14.62625629537282812, 25.99808535845000179, 29.54839266201867787 ) ) ;
#1171 = CARTESIAN_POINT ( 'NONE',  ( -28.22359099956693385, 15.61410233842575046, -30.50000000000000355 ) ) ;
#1172 = CARTESIAN_POINT ( 'NONE',  ( -28.50000000000000000, 16.06502541192709543, -30.00000000000002487 ) ) ;
#1173 = CARTESIAN_POINT ( 'NONE',  ( -4.964264554065603186, 28.67499657501878829, 42.05130820837081274 ) ) ;
#1174 = VERTEX_POINT ( 'NONE', #261 ) ;
#1175 = CIRCLE ( 'NONE', #12, 36.91628531124014501 ) ;
#1176 = CARTESIAN_POINT ( 'NONE',  ( -15.14895259901297742, 25.88317889928539373, 29.82943655096958580 ) ) ;
#1177 = CIRCLE ( 'NONE', #941, 0.4999999999999976130 ) ;
#1178 = CARTESIAN_POINT ( 'NONE',  ( 3.652309052250962268E-19, 28.67499657501879184, -13.34338666072276780 ) ) ;
#1179 = CARTESIAN_POINT ( 'NONE',  ( -36.01143129530325382, 31.67499657501878474, -13.34338666072276780 ) ) ;
#1180 = DIRECTION ( 'NONE',  ( -0.000000000000000000, -0.000000000000000000, -1.000000000000000000 ) ) ;
#1181 = CYLINDRICAL_SURFACE ( 'NONE', #1422, 0.5000000000000004441 ) ;
#1182 = B_SPLINE_CURVE_WITH_KNOTS ( 'NONE', 3,
 ( #1328, #1168, #2131, #1962, #641, #1296, #976, #1137, #1492, #472 ),
 .UNSPECIFIED., .F., .F.,
 ( 4, 2, 2, 2, 4 ),
 ( 0.000000000000000000, 0.0001932984059530810244, 0.0003865968119061620489, 0.0007731936238123299525, 0.001546387247624662290 ),
 .UNSPECIFIED. ) ;
#1183 = DIRECTION ( 'NONE',  ( 1.000000000000000000, 2.434872701500644882E-19, -0.000000000000000000 ) ) ;
#1184 =( LENGTH_UNIT ( ) NAMED_UNIT ( * ) SI_UNIT ( .MILLI., .METRE. ) );
#1185 = ORIENTED_EDGE ( 'NONE', *, *, #1711, .T. ) ;
#1186 = LINE ( 'NONE', #6, #17 ) ;
#1187 = EDGE_CURVE ( 'NONE', #1355, #370, #273, .T. ) ;
#1188 = AXIS2_PLACEMENT_3D ( 'NONE', #892, #1893, #883 ) ;
#1189 = DIRECTION ( 'NONE',  ( -2.434872701500644882E-19, 1.000000000000000000, -0.000000000000000000 ) ) ;
#1190 = LINE ( 'NONE', #532, #1808 ) ;
#1191 = EDGE_CURVE ( 'NONE', #1119, #1572, #591, .T. ) ;
#1192 = PRODUCT_RELATED_PRODUCT_CATEGORY ( 'detail', '', ( #330 ) ) ;
#1193 = DIRECTION ( 'NONE',  ( 0.000000000000000000, -1.300062360542314742E-16, 1.000000000000000000 ) ) ;
#1194 = DIRECTION ( 'NONE',  ( 1.558122372084331146E-34, -6.399194385497194136E-16, -1.000000000000000000 ) ) ;
#1195 = CARTESIAN_POINT ( 'NONE',  ( -36.01143129530325382, 32.49999999999999289, 22.50000000000000000 ) ) ;
#1196 = VERTEX_POINT ( 'NONE', #1459 ) ;
#1197 = CARTESIAN_POINT ( 'NONE',  ( -35.03690625522790469, -8.531040658589161844E-18, 42.00000000000000000 ) ) ;
#1198 = DIRECTION ( 'NONE',  ( -1.000000000000000000, 0.000000000000000000, 0.000000000000000000 ) ) ;
#1199 = EDGE_CURVE ( 'NONE', #319, #1614, #931, .T. ) ;
#1200 = VERTEX_POINT ( 'NONE', #602 ) ;
#1201 = APPROVAL_ROLE ( '' ) ;
#1202 = CARTESIAN_POINT ( 'NONE',  ( -11.00000000000000000, 15.67499657501880428, 5.500000000000000000 ) ) ;
#1203 = DIRECTION ( 'NONE',  ( 1.000000000000000000, 0.000000000000000000, 0.000000000000000000 ) ) ;
#1204 = EDGE_CURVE ( 'NONE', #625, #1135, #154, .T. ) ;
#1205 = DIRECTION ( 'NONE',  ( -0.000000000000000000, -0.000000000000000000, 1.000000000000000000 ) ) ;
#1206 = DIRECTION ( 'NONE',  ( -0.000000000000000000, 1.000000000000000000, 2.086883234998906156E-15 ) ) ;
#1207 = ORIENTED_EDGE ( 'NONE', *, *, #639, .T. ) ;
#1208 = CARTESIAN_POINT ( 'NONE',  ( -16.34120494656348299, 25.60212285323310155, 29.99214035945431078 ) ) ;
#1209 = DIRECTION ( 'NONE',  ( -1.000000000000000000, 0.000000000000000000, 0.000000000000000000 ) ) ;
#1210 = ORIENTED_EDGE ( 'NONE', *, *, #1286, .F. ) ;
#1211 = CIRCLE ( 'NONE', #544, 0.4999999999999975020 ) ;
#1212 = B_SPLINE_CURVE_WITH_KNOTS ( 'NONE', 3,
 ( #692, #2023, #524, #511, #376, #1036, #1050, #1699, #1000, #1540, #28, #1880 ),
 .UNSPECIFIED., .F., .F.,
 ( 4, 2, 2, 2, 2, 4 ),
 ( 0.000000000000000000, 0.001155507334999293775, 0.001733261002498941205, 0.002022137836248767521, 0.002166576253123678186, 0.002311014669998589285 ),
 .UNSPECIFIED. ) ;
#1213 = FACE_BOUND ( 'NONE', #965, .T. ) ;
#1214 = AXIS2_PLACEMENT_3D ( 'NONE', #618, #1968, #1134 ) ;
#1215 = VECTOR ( 'NONE', #1937, 1000.000000000000000 ) ;
#1216 = EDGE_CURVE ( 'NONE', #2114, #1600, #1934, .T. ) ;
#1217 = CARTESIAN_POINT ( 'NONE',  ( -4.980973490458728392, 34.99999999999999289, 28.65661333927723931 ) ) ;
#1218 = FACE_OUTER_BOUND ( 'NONE', #2030, .T. ) ;
#1219 = EDGE_CURVE ( 'NONE', #1122, #1642, #1915, .T. ) ;
#1220 = CARTESIAN_POINT ( 'NONE',  ( -36.01143129530325382, 37.50000000000000711, -22.50000000000000000 ) ) ;
#1221 = EDGE_LOOP ( 'NONE', ( #193, #1748, #1628, #1859 ) ) ;
#1222 = CARTESIAN_POINT ( 'NONE',  ( -15.59744591077474674, 25.50866506122457977, 30.07662321718813914 ) ) ;
#1223 = CARTESIAN_POINT ( 'NONE',  ( -4.980973490458728392, 40.72083462553895572, 24.77506900919530608 ) ) ;
#1224 = EDGE_LOOP ( 'NONE', ( #35, #1883, #844 ) ) ;
#1225 = CIRCLE ( 'NONE', #985, 0.5000000000000004441 ) ;
#1226 = CARTESIAN_POINT ( 'NONE',  ( -35.53690625522791180, 0.5000000000000004441, 42.50000000000000000 ) ) ;
#1227 = CARTESIAN_POINT ( 'NONE',  ( -28.97573456689031346, 14.85936432591271306, 29.67068133299317978 ) ) ;
#1228 = EDGE_LOOP ( 'NONE', ( #730, #1472, #1549, #1070 ) ) ;
#1229 = AXIS2_PLACEMENT_3D ( 'NONE', #1076, #1717, #197 ) ;
#1230 = EDGE_CURVE ( 'NONE', #71, #1372, #775, .T. ) ;
#1231 = CARTESIAN_POINT ( 'NONE',  ( -28.93464198661846254, 14.96749649460507214, 29.74978885935151496 ) ) ;
#1232 =( NAMED_UNIT ( * ) PLANE_ANGLE_UNIT ( ) SI_UNIT ( $, .RADIAN. ) );
#1233 = ORIENTED_EDGE ( 'NONE', *, *, #1805, .T. ) ;
#1234 = DIRECTION ( 'NONE',  ( -1.000000000000000000, 0.000000000000000000, 0.000000000000000000 ) ) ;
#1235 = CARTESIAN_POINT ( 'NONE',  ( -2.309876921532353373E-16, 0.2071067811865479336, -42.50000000000000000 ) ) ;
#1236 = EDGE_CURVE ( 'NONE', #779, #881, #509, .T. ) ;
#1237 = VERTEX_POINT ( 'NONE', #1782 ) ;
#1238 = CARTESIAN_POINT ( 'NONE',  ( -28.22367310505494586, 15.61400261116677335, 30.49999999999999289 ) ) ;
#1239 = DIRECTION ( 'NONE',  ( 1.000000000000000000, 2.434872701500644882E-19, -0.000000000000000000 ) ) ;
#1240 = DIRECTION ( 'NONE',  ( 2.434872701500645364E-19, -1.000000000000000000, 0.000000000000000000 ) ) ;
#1241 = CARTESIAN_POINT ( 'NONE',  ( -14.46778090718200893, 26.02003762558370425, -29.72477501767265551 ) ) ;
#1242 = ORIENTED_EDGE ( 'NONE', *, *, #1453, .T. ) ;
#1243 = CARTESIAN_POINT ( 'NONE',  ( -14.51379726108238089, 26.00000000000000000, 29.50000000000000000 ) ) ;
#1244 = DIRECTION ( 'NONE',  ( -0.000000000000000000, 0.000000000000000000, -1.000000000000000000 ) ) ;
#1245 = ORIENTED_EDGE ( 'NONE', *, *, #393, .F. ) ;
#1246 = AXIS2_PLACEMENT_3D ( 'NONE', #1571, #1239, #1902 ) ;
#1247 = CARTESIAN_POINT ( 'NONE',  ( -4.835871206762649699, 28.67499657501878119, -42.14114310466071345 ) ) ;
#1248 = EDGE_CURVE ( 'NONE', #1432, #1295, #1623, .T. ) ;
#1249 = AXIS2_PLACEMENT_3D ( 'NONE', #982, #1648, #188 ) ;
#1250 = DIRECTION ( 'NONE',  ( 0.000000000000000000, 1.000000000000000000, 0.000000000000000000 ) ) ;
#1251 = EDGE_LOOP ( 'NONE', ( #968, #403, #2160 ) ) ;
#1252 = AXIS2_PLACEMENT_3D ( 'NONE', #233, #2060, #1417 ) ;
#1253 = EDGE_LOOP ( 'NONE', ( #157, #1947, #1739 ) ) ;
#1254 = ADVANCED_BREP_SHAPE_REPRESENTATION ( 'REGO PLATE LIGHT_REV_', ( #960, #1922 ), #1716 ) ;
#1255 = CIRCLE ( 'NONE', #51, 0.5000000000000003331 ) ;
#1256 = CARTESIAN_POINT ( 'NONE',  ( 0.000000000000000000, 25.50000000000000000, -30.00000000000000000 ) ) ;
#1257 = VERTEX_POINT ( 'NONE', #1078 ) ;
#1258 = CARTESIAN_POINT ( 'NONE',  ( 0.000000000000000000, 31.67499657501878474, 13.34338666072276425 ) ) ;
#1259 = CARTESIAN_POINT ( 'NONE',  ( -6.495022097313646841E-18, 26.67499657501879895, -40.50000000000000000 ) ) ;
#1260 = ORIENTED_EDGE ( 'NONE', *, *, #1513, .T. ) ;
#1261 = ADVANCED_FACE ( 'NONE', ( #1580 ), #63, .T. ) ;
#1262 = CARTESIAN_POINT ( 'NONE',  ( 0.000000000000000000, 35.00000000000000000, -22.50000000000000000 ) ) ;
#1263 = ORIENTED_EDGE ( 'NONE', *, *, #897, .F. ) ;
#1264 = ORIENTED_EDGE ( 'NONE', *, *, #1974, .T. ) ;
#1265 = CARTESIAN_POINT ( 'NONE',  ( -15.94001650884280252, 25.69964001837210787, -29.96126017910629358 ) ) ;
#1266 = ORIENTED_EDGE ( 'NONE', *, *, #813, .F. ) ;
#1267 = CARTESIAN_POINT ( 'NONE',  ( -4.980973490458731057, 28.67499657501878474, 42.50000000000000000 ) ) ;
#1268 = LINE ( 'NONE', #1932, #1986 ) ;
#1269 = ORIENTED_EDGE ( 'NONE', *, *, #2027, .F. ) ;
#1270 = CARTESIAN_POINT ( 'NONE',  ( -4.904688030156261647, 28.67499657501878474, -42.10214665283329794 ) ) ;
#1271 = CARTESIAN_POINT ( 'NONE',  ( -28.90606495464788850, 15.04254274002323299, 29.80094309789967255 ) ) ;
#1272 = DIRECTION ( 'NONE',  ( -3.050597354146074136E-16, 1.000000000000000000, 0.000000000000000000 ) ) ;
#1273 = DIRECTION ( 'NONE',  ( 0.000000000000000000, 0.000000000000000000, 1.000000000000000000 ) ) ;
#1274 = CARTESIAN_POINT ( 'NONE',  ( -4.980973490458728392, 35.00000000000000000, -16.34338666072276425 ) ) ;
#1275 = ORIENTED_EDGE ( 'NONE', *, *, #813, .T. ) ;
#1276 = DIRECTION ( 'NONE',  ( 0.000000000000000000, -0.000000000000000000, -1.000000000000000000 ) ) ;
#1277 = ORIENTED_EDGE ( 'NONE', *, *, #1675, .T. ) ;
#1278 = AXIS2_PLACEMENT_3D ( 'NONE', #672, #1020, #149 ) ;
#1279 = ADVANCED_FACE ( 'NONE', ( #1766 ), #606, .T. ) ;
#1280 = CARTESIAN_POINT ( 'NONE',  ( -15.15035385748440966, 25.88286479245459404, -29.82981550088607392 ) ) ;
#1281 = AXIS2_PLACEMENT_3D ( 'NONE', #1959, #469, #125 ) ;
#1282 = ORIENTED_EDGE ( 'NONE', *, *, #1421, .T. ) ;
#1283 = EDGE_CURVE ( 'NONE', #974, #794, #1949, .T. ) ;
#1284 = CARTESIAN_POINT ( 'NONE',  ( -14.41939191238417806, 26.04086611769505311, 29.50000000000000000 ) ) ;
#1285 = ORIENTED_EDGE ( 'NONE', *, *, #1291, .T. ) ;
#1286 = EDGE_CURVE ( 'NONE', #2099, #1955, #1605, .T. ) ;
#1287 = PLANE ( 'NONE',  #1497 ) ;
#1288 = EDGE_LOOP ( 'NONE', ( #548, #1077, #1680, #514 ) ) ;
#1289 = ORIENTED_EDGE ( 'NONE', *, *, #1914, .T. ) ;
#1290 = DIRECTION ( 'NONE',  ( 0.000000000000000000, 0.000000000000000000, 1.000000000000000000 ) ) ;
#1291 = EDGE_CURVE ( 'NONE', #1295, #1406, #1875, .T. ) ;
#1292 = CARTESIAN_POINT ( 'NONE',  ( -4.980973490458728392, 40.72083462553895572, 20.22493099080470103 ) ) ;
#1293 = CYLINDRICAL_SURFACE ( 'NONE', #1281, 2.500000000000002220 ) ;
#1294 = TOROIDAL_SURFACE ( 'NONE', #354, 36.91628531124014501, 0.5000000000000000000 ) ;
#1295 = VERTEX_POINT ( 'NONE', #276 ) ;
#1296 = CARTESIAN_POINT ( 'NONE',  ( -28.87397335441707824, 15.12622818574484640, -29.83965933469111320 ) ) ;
#1297 = EDGE_CURVE ( 'NONE', #812, #1257, #770, .T. ) ;
#1298 = ORIENTED_EDGE ( 'NONE', *, *, #1063, .F. ) ;
#1299 = VERTEX_POINT ( 'NONE', #263 ) ;
#1300 = FACE_OUTER_BOUND ( 'NONE', #584, .T. ) ;
#1301 = CYLINDRICAL_SURFACE ( 'NONE', #471, 0.5000000000000000000 ) ;
#1302 = DIRECTION ( 'NONE',  ( 1.000000000000000000, 2.434872701500645364E-19, 5.888019742220133644E-38 ) ) ;
#1303 = ORIENTED_EDGE ( 'NONE', *, *, #644, .F. ) ;
#1304 = CARTESIAN_POINT ( 'NONE',  ( -14.41939191238417983, 26.04086611769506376, -29.61507093877608909 ) ) ;
#1305 = CARTESIAN_POINT ( 'NONE',  ( -12.00000000000000000, 15.67499657501880428, 5.500000000000000000 ) ) ;
#1306 = PLANE ( 'NONE',  #1532 ) ;
#1307 = EDGE_CURVE ( 'NONE', #1596, #1196, #421, .T. ) ;
#1308 = APPROVAL_DATE_TIME ( #541, #1941 ) ;
#1309 = DIRECTION ( 'NONE',  ( 1.000000000000000000, 2.434872701500644882E-19, -0.000000000000000000 ) ) ;
#1310 = VECTOR ( 'NONE', #1351, 1000.000000000000000 ) ;
#1311 = SPHERICAL_SURFACE ( 'NONE', #1773, 0.5000000000000000000 ) ;
#1312 = B_SPLINE_CURVE_WITH_KNOTS ( 'NONE', 3,
 ( #1342, #1528, #1173, #499, #868, #2043, #1370, #1015, #1516, #1857, #1847, #16, #1027, #677, #535, #366 ),
 .UNSPECIFIED., .F., .F.,
 ( 4, 2, 2, 2, 2, 2, 2, 4 ),
 ( 0.000000000000000000, 8.045245716859983289E-05, 0.0001609049143371996658, 0.0003218098286743890316, 0.0006436196573487677633, 0.001287239314697527937, 0.002574478629395050670, 0.005148957258790094402 ),
 .UNSPECIFIED. ) ;
#1313 = DIRECTION ( 'NONE',  ( -0.000000000000000000, 1.000000000000000000, -1.577021341797098053E-16 ) ) ;
#1314 = AXIS2_PLACEMENT_3D ( 'NONE', #1746, #906, #241 ) ;
#1315 = EDGE_LOOP ( 'NONE', ( #870, #25, #1087 ) ) ;
#1316 = VECTOR ( 'NONE', #1120, 1000.000000000000000 ) ;
#1317 = DIRECTION ( 'NONE',  ( 2.786356979726903802E-35, -1.284980352575412699E-16, 1.000000000000000000 ) ) ;
#1318 = ORIENTED_EDGE ( 'NONE', *, *, #1131, .T. ) ;
#1319 = CARTESIAN_POINT ( 'NONE',  ( 0.000000000000000000, 0.5000000000000000000, 42.50000000000000000 ) ) ;
#1320 = EDGE_CURVE ( 'NONE', #260, #1041, #1917, .T. ) ;
#1321 = CARTESIAN_POINT ( 'NONE',  ( -14.76532267102098395, 25.96792551260677229, 29.67772566630222286 ) ) ;
#1322 = LINE ( 'NONE', #1647, #1834 ) ;
#1323 = EDGE_CURVE ( 'NONE', #1938, #104, #1150, .T. ) ;
#1324 = FACE_OUTER_BOUND ( 'NONE', #2109, .T. ) ;
#1325 = DIRECTION ( 'NONE',  ( -1.000000000000000000, -2.434872701500644882E-19, 0.000000000000000000 ) ) ;
#1326 = LOCAL_TIME ( 14, 50, 20.00000000000000000, #1352 ) ;
#1327 = VERTEX_POINT ( 'NONE', #242 ) ;
#1328 = CARTESIAN_POINT ( 'NONE',  ( -28.99999999999999645, 14.79470579514716455, -29.50000000000000000 ) ) ;
#1329 = DIRECTION ( 'NONE',  ( -0.000000000000000000, 0.000000000000000000, 1.000000000000000000 ) ) ;
#1330 = AXIS2_PLACEMENT_3D ( 'NONE', #872, #1861, #1564 ) ;
#1331 = DIRECTION ( 'NONE',  ( -1.000000000000000000, 0.000000000000000000, 0.000000000000000000 ) ) ;
#1332 = CARTESIAN_POINT ( 'NONE',  ( -28.50000000000000000, 25.50000000000000000, 29.50000000000000000 ) ) ;
#1333 = CARTESIAN_POINT ( 'NONE',  ( -28.95310871815513920, 14.68944986702642730, -29.74716541167867234 ) ) ;
#1334 = DIRECTION ( 'NONE',  ( 0.000000000000000000, -1.284980352575412699E-16, -1.000000000000000000 ) ) ;
#1335 = EDGE_LOOP ( 'NONE', ( #698, #1944, #963, #1964 ) ) ;
#1336 = CARTESIAN_POINT ( 'NONE',  ( -14.68254503563061952, 25.92629764800757641, 29.97344339324079598 ) ) ;
#1337 = FACE_OUTER_BOUND ( 'NONE', #1288, .T. ) ;
#1338 = CARTESIAN_POINT ( 'NONE',  ( -35.03690625522790469, 0.5000000000000004441, 42.50000000000000000 ) ) ;
#1339 = CARTESIAN_POINT ( 'NONE',  ( -28.99999999999999645, 14.79470579514716455, 29.50000000000000000 ) ) ;
#1340 = ADVANCED_FACE ( 'NONE', ( #66 ), #980, .F. ) ;
#1341 = LINE ( 'NONE', #1689, #1700 ) ;
#1342 = CARTESIAN_POINT ( 'NONE',  ( -4.980973490458731057, 28.67499657501878474, 42.00000000000000000 ) ) ;
#1343 = CARTESIAN_POINT ( 'NONE',  ( 0.000000000000000000, 34.99999999999999289, 16.34338666072276425 ) ) ;
#1344 = VERTEX_POINT ( 'NONE', #1132 ) ;
#1345 = EDGE_CURVE ( 'NONE', #1614, #1122, #89, .T. ) ;
#1346 = AXIS2_PLACEMENT_3D ( 'NONE', #2163, #662, #1331 ) ;
#1347 = DIRECTION ( 'NONE',  ( 0.000000000000000000, 1.000000000000000000, 0.000000000000000000 ) ) ;
#1348 = VECTOR ( 'NONE', #929, 1000.000000000000000 ) ;
#1349 = FACE_OUTER_BOUND ( 'NONE', #978, .T. ) ;
#1350 = EDGE_CURVE ( 'NONE', #1016, #557, #1662, .T. ) ;
#1351 = DIRECTION ( 'NONE',  ( 0.000000000000000000, -3.154042683594196107E-16, -1.000000000000000000 ) ) ;
#1352 = COORDINATED_UNIVERSAL_TIME_OFFSET ( 10, 0, .AHEAD. ) ;
#1353 = CARTESIAN_POINT ( 'NONE',  ( -35.01143129530324671, -2.059283494612321963, -42.50000000000000000 ) ) ;
#1354 = CARTESIAN_POINT ( 'NONE',  ( -4.980973490458326047, 28.67499657501883803, -42.00000000000000711 ) ) ;
#1355 = VERTEX_POINT ( 'NONE', #2156 ) ;
#1356 = DIRECTION ( 'NONE',  ( 1.000000000000000000, 2.434872701500645364E-19, 5.888019742220133644E-38 ) ) ;
#1357 = LINE ( 'NONE', #190, #474 ) ;
#1358 = DIRECTION ( 'NONE',  ( 0.000000000000000000, 0.000000000000000000, 1.000000000000000000 ) ) ;
#1359 = EDGE_CURVE ( 'NONE', #1982, #776, #962, .T. ) ;
#1360 = ORIENTED_EDGE ( 'NONE', *, *, #1644, .F. ) ;
#1361 = FACE_OUTER_BOUND ( 'NONE', #2122, .T. ) ;
#1362 = VECTOR ( 'NONE', #37, 1000.000000000000000 ) ;
#1363 = CARTESIAN_POINT ( 'NONE',  ( -0.5000000000000000000, -1.217436350750322441E-19, -42.00000000000000000 ) ) ;
#1364 = VERTEX_POINT ( 'NONE', #467 ) ;
#1365 = PERSON_AND_ORGANIZATION ( #1468, #700 ) ;
#1366 = PLANE ( 'NONE',  #1776 ) ;
#1367 = EDGE_CURVE ( 'NONE', #136, #2076, #309, .T. ) ;
#1368 = DIRECTION ( 'NONE',  ( 0.000000000000000000, 0.000000000000000000, -1.000000000000000000 ) ) ;
#1369 = DIRECTION ( 'NONE',  ( 1.000000000000000000, 2.434872701500644882E-19, -0.000000000000000000 ) ) ;
#1370 = CARTESIAN_POINT ( 'NONE',  ( -4.783802902230223530, 28.67499657501878119, 42.16160304644506596 ) ) ;
#1371 = LINE ( 'NONE', #1713, #2132 ) ;
#1372 = VERTEX_POINT ( 'NONE', #1978 ) ;
#1373 = CARTESIAN_POINT ( 'NONE',  ( -15.93884706593488509, 25.69992188241562658, 29.96115339257960031 ) ) ;
#1374 = PLANE ( 'NONE',  #1785 ) ;
#1375 = ORIENTED_EDGE ( 'NONE', *, *, #2129, .F. ) ;
#1376 = DIRECTION ( 'NONE',  ( -1.000000000000000000, 0.000000000000000000, 0.000000000000000000 ) ) ;
#1377 = ADVANCED_FACE ( 'NONE', ( #2134 ), #969, .T. ) ;
#1378 = LINE ( 'NONE', #2019, #189 ) ;
#1379 = DIRECTION ( 'NONE',  ( 0.000000000000000000, 1.000000000000000000, 0.000000000000000000 ) ) ;
#1380 = ORIENTED_EDGE ( 'NONE', *, *, #767, .T. ) ;
#1381 = CARTESIAN_POINT ( 'NONE',  ( -15.13486595340511442, 25.72388877966992382, 30.24316379869700810 ) ) ;
#1382 = DIRECTION ( 'NONE',  ( 0.000000000000000000, 0.000000000000000000, -1.000000000000000000 ) ) ;
#1383 = ORIENTED_EDGE ( 'NONE', *, *, #346, .F. ) ;
#1384 = AXIS2_PLACEMENT_3D ( 'NONE', #332, #819, #123 ) ;
#1385 = PLANE ( 'NONE',  #1839 ) ;
#1386 = VECTOR ( 'NONE', #749, 1000.000000000000000 ) ;
#1387 = EDGE_CURVE ( 'NONE', #1955, #91, #1177, .T. ) ;
#1388 = AXIS2_PLACEMENT_3D ( 'NONE', #45, #57, #1392 ) ;
#1389 = CARTESIAN_POINT ( 'NONE',  ( -4.980973490458728392, 35.00000000000000000, -22.50000000000000000 ) ) ;
#1390 = ORIENTED_EDGE ( 'NONE', *, *, #1974, .F. ) ;
#1391 = ORIENTED_EDGE ( 'NONE', *, *, #1204, .F. ) ;
#1392 = DIRECTION ( 'NONE',  ( -1.000000000000000000, 0.000000000000000000, 0.000000000000000000 ) ) ;
#1393 = EDGE_CURVE ( 'NONE', #1159, #2114, #1124, .T. ) ;
#1394 = PERSON_AND_ORGANIZATION ( #1468, #700 ) ;
#1395 = ORIENTED_EDGE ( 'NONE', *, *, #451, .T. ) ;
#1396 = DIRECTION ( 'NONE',  ( 2.434872701497945210E-19, -1.000000000000000000, -2.775557561562888827E-14 ) ) ;
#1397 = SPHERICAL_SURFACE ( 'NONE', #1330, 0.5000000000000000000 ) ;
#1398 = ORIENTED_EDGE ( 'NONE', *, *, #777, .T. ) ;
#1399 = APPROVAL_PERSON_ORGANIZATION ( #360, #2130, #1201 ) ;
#1400 = DIRECTION ( 'NONE',  ( 0.000000000000000000, -1.000000000000000000, 0.000000000000000000 ) ) ;
#1401 = CARTESIAN_POINT ( 'NONE',  ( -28.49999999999999289, -8.694202459316309538E-15, -30.00000000000000000 ) ) ;
#1402 = VERTEX_POINT ( 'NONE', #322 ) ;
#1403 = EDGE_LOOP ( 'NONE', ( #2041, #1139, #272, #103 ) ) ;
#1404 = CARTESIAN_POINT ( 'NONE',  ( -1.734723475976807094E-15, -7.399034790452304833, -42.50000000000000000 ) ) ;
#1405 = CARTESIAN_POINT ( 'NONE',  ( -14.69286239090573432, 25.92184171459695818, -29.79402972777807435 ) ) ;
#1406 = VERTEX_POINT ( 'NONE', #1823 ) ;
#1407 = EDGE_CURVE ( 'NONE', #993, #215, #459, .T. ) ;
#1408 = LINE ( 'NONE', #1243, #307 ) ;
#1409 = DIRECTION ( 'NONE',  ( -0.000000000000000000, -0.000000000000000000, -1.000000000000000000 ) ) ;
#1410 = ORIENTED_EDGE ( 'NONE', *, *, #481, .F. ) ;
#1411 = DIRECTION ( 'NONE',  ( 0.000000000000000000, 0.000000000000000000, 1.000000000000000000 ) ) ;
#1412 = CARTESIAN_POINT ( 'NONE',  ( -6.495022097313646841E-18, 26.67499657501879895, -40.50000000000000000 ) ) ;
#1413 = EDGE_LOOP ( 'NONE', ( #2133, #1546, #890, #1651, #1801, #1098, #1591, #1111, #1391, #1918, #2105, #766, #222, #1269, #938, #1390, #386, #2118, #1152, #896 ) ) ;
#1414 = CARTESIAN_POINT ( 'NONE',  ( -14.61737184224073438, 26.00000000000000355, -29.55887669882130098 ) ) ;
#1415 = ADVANCED_FACE ( 'NONE', ( #1300 ), #2008, .F. ) ;
#1416 = ORIENTED_EDGE ( 'NONE', *, *, #1582, .T. ) ;
#1417 = DIRECTION ( 'NONE',  ( 0.000000000000000000, -1.000000000000000000, -2.086883234998906156E-15 ) ) ;
#1418 = DIRECTION ( 'NONE',  ( 0.000000000000000000, 0.000000000000000000, 1.000000000000000000 ) ) ;
#1419 = ORIENTED_EDGE ( 'NONE', *, *, #1283, .T. ) ;
#1420 = PLANE ( 'NONE',  #624 ) ;
#1421 = EDGE_CURVE ( 'NONE', #1786, #1485, #1322, .T. ) ;
#1422 = AXIS2_PLACEMENT_3D ( 'NONE', #352, #365, #163 ) ;
#1423 = EDGE_LOOP ( 'NONE', ( #761, #553, #1848, #2145, #1479, #936, #306, #1611 ) ) ;
#1424 = VECTOR ( 'NONE', #831, 1000.000000000000000 ) ;
#1425 = VECTOR ( 'NONE', #743, 1000.000000000000000 ) ;
#1426 = LINE ( 'NONE', #1729, #410 ) ;
#1427 = ORIENTED_EDGE ( 'NONE', *, *, #1156, .F. ) ;
#1428 = CARTESIAN_POINT ( 'NONE',  ( -4.980973490458728392, 28.67499657501879540, 16.34338666072276425 ) ) ;
#1429 = DIRECTION ( 'NONE',  ( 0.000000000000000000, 1.000000000000000000, 0.000000000000000000 ) ) ;
#1430 = PLANE ( 'NONE',  #1252 ) ;
#1431 = LINE ( 'NONE', #935, #243 ) ;
#1432 = VERTEX_POINT ( 'NONE', #1465 ) ;
#1433 = CARTESIAN_POINT ( 'NONE',  ( -4.964855676921314576, 28.67499657501878829, -42.05049143375864418 ) ) ;
#1434 = ORIENTED_EDGE ( 'NONE', *, *, #416, .F. ) ;
#1435 = APPROVAL_PERSON_ORGANIZATION ( #1394, #1941, #2017 ) ;
#1436 = LINE ( 'NONE', #1401, #1348 ) ;
#1437 = ORIENTED_EDGE ( 'NONE', *, *, #1104, .F. ) ;
#1438 = CARTESIAN_POINT ( 'NONE',  ( -15.52761105306642087, 25.54159307539913115, -30.37680750353719716 ) ) ;
#1439 = AXIS2_PLACEMENT_3D ( 'NONE', #1726, #234, #1874 ) ;
#1440 = CARTESIAN_POINT ( 'NONE',  ( -11.00000000000000000, 26.67499657501878829, 40.50000000000000000 ) ) ;
#1441 = CARTESIAN_POINT ( 'NONE',  ( -11.00000000000000000, 26.67499657501878829, 40.50000000000000000 ) ) ;
#1442 = CARTESIAN_POINT ( 'NONE',  ( -28.50000000000000000, 25.50000000000000000, 30.00000000000000000 ) ) ;
#1443 = VERTEX_POINT ( 'NONE', #2124 ) ;
#1444 = ORIENTED_EDGE ( 'NONE', *, *, #706, .F. ) ;
#1445 = EDGE_LOOP ( 'NONE', ( #1879, #67 ) ) ;
#1446 = CARTESIAN_POINT ( 'NONE',  ( -12.00000000000000000, 26.67499657501879540, 5.500000000000001776 ) ) ;
#1447 = VERTEX_POINT ( 'NONE', #122 ) ;
#1448 = ADVANCED_FACE ( 'NONE', ( #818 ), #655, .T. ) ;
#1449 = ORIENTED_EDGE ( 'NONE', *, *, #1307, .T. ) ;
#1450 = B_SPLINE_CURVE_WITH_KNOTS ( 'NONE', 3,
 ( #839, #214, #711, #689, #1844, #889, #43, #864, #1171, #186 ),
 .UNSPECIFIED., .F., .F.,
 ( 4, 2, 2, 2, 4 ),
 ( 0.000000000000000000, 0.0005133217438295466358, 0.001026643487659093272, 0.001539965231488639799, 0.002053286975318186543 ),
 .UNSPECIFIED. ) ;
#1451 = VERTEX_POINT ( 'NONE', #2146 ) ;
#1452 = PRODUCT_DEFINITION_SHAPE ( 'NONE', 'NONE',  #1495 ) ;
#1453 = EDGE_CURVE ( 'NONE', #794, #2128, #1997, .T. ) ;
#1454 = CARTESIAN_POINT ( 'NONE',  ( -15.34710633389683565, 25.83831710794268588, -29.87244696071550720 ) ) ;
#1455 = APPROVAL ( #1685, 'UNSPECIFIED' ) ;
#1456 = ORIENTED_EDGE ( 'NONE', *, *, #321, .F. ) ;
#1457 = DIRECTION ( 'NONE',  ( 0.000000000000000000, 1.000000000000000000, 0.000000000000000000 ) ) ;
#1458 = ORIENTED_EDGE ( 'NONE', *, *, #1387, .T. ) ;
#1459 = CARTESIAN_POINT ( 'NONE',  ( 1.564178435083133466E-33, 34.99999999999999289, 28.65661333927723931 ) ) ;
#1460 = ORIENTED_EDGE ( 'NONE', *, *, #177, .T. ) ;
#1461 = EDGE_CURVE ( 'NONE', #893, #2128, #2045, .T. ) ;
#1462 = ORIENTED_EDGE ( 'NONE', *, *, #1079, .F. ) ;
#1463 = CIRCLE ( 'NONE', #787, 0.5000000000000004441 ) ;
#1464 = AXIS2_PLACEMENT_3D ( 'NONE', #1048, #1058, #1193 ) ;
#1465 = CARTESIAN_POINT ( 'NONE',  ( -14.41939191238417806, 26.04086611769505311, -29.50000000000000000 ) ) ;
#1466 = AXIS2_PLACEMENT_3D ( 'NONE', #156, #667, #1334 ) ;
#1467 = LINE ( 'NONE', #646, #2006 ) ;
#1468 = PERSON ( 'UNSPECIFIED', 'UNSPECIFIED', 'UNSPECIFIED', ('UNSPECIFIED'), ('UNSPECIFIED'), ('UNSPECIFIED') ) ;
#1469 = ADVANCED_FACE ( 'NONE', ( #153 ), #829, .F. ) ;
#1470 = AXIS2_PLACEMENT_3D ( 'NONE', #754, #1592, #437 ) ;
#1471 = CARTESIAN_POINT ( 'NONE',  ( -28.50000000000000000, 25.50000000000000000, -30.00000000000000000 ) ) ;
#1472 = ORIENTED_EDGE ( 'NONE', *, *, #1079, .T. ) ;
#1473 = CARTESIAN_POINT ( 'NONE',  ( -14.68082116267772186, 25.92705707535750648, -29.97202708574790364 ) ) ;
#1474 = DATE_AND_TIME ( #848, #834 ) ;
#1475 = AXIS2_PLACEMENT_3D ( 'NONE', #165, #206, #1072 ) ;
#1476 = CARTESIAN_POINT ( 'NONE',  ( -1.217436350750327737E-19, 0.5000000000000004441, -42.50000000000000000 ) ) ;
#1477 = CARTESIAN_POINT ( 'NONE',  ( -28.54473210198702660, 15.21594970540341230, -30.43222760301015128 ) ) ;
#1478 = DIRECTION ( 'NONE',  ( 2.434872701500641993E-19, -1.000000000000000000, 0.000000000000000000 ) ) ;
#1479 = ORIENTED_EDGE ( 'NONE', *, *, #1230, .F. ) ;
#1480 = EDGE_CURVE ( 'NONE', #138, #893, #304, .T. ) ;
#1481 = CARTESIAN_POINT ( 'NONE',  ( -35.03690625522791180, 0.5000000000000023315, -42.00000000000000000 ) ) ;
#1482 = CARTESIAN_POINT ( 'NONE',  ( 0.000000000000000000, 25.50000000000000000, 29.50000000000000000 ) ) ;
#1483 = CARTESIAN_POINT ( 'NONE',  ( -16.74710813954140676, 25.50000000000000000, 30.00000000000000000 ) ) ;
#1484 = ORIENTED_EDGE ( 'NONE', *, *, #1854, .T. ) ;
#1485 = VERTEX_POINT ( 'NONE', #1855 ) ;
#1486 = PERSON_AND_ORGANIZATION_ROLE ( 'creator' ) ;
#1487 = CARTESIAN_POINT ( 'NONE',  ( -11.00000000000000000, -2.678359971650709322E-18, 1.404085447633349090E-73 ) ) ;
#1488 = CARTESIAN_POINT ( 'NONE',  ( -28.11399149779403572, 15.74722447387828517, -30.50000000000002487 ) ) ;
#1489 = CARTESIAN_POINT ( 'NONE',  ( -4.980973490458731057, 28.67499657501878474, 42.00000000000000000 ) ) ;
#1490 = EDGE_CURVE ( 'NONE', #768, #1200, #1567, .T. ) ;
#1491 = EDGE_LOOP ( 'NONE', ( #640, #1624, #1909, #773, #884, #942, #740, #621 ) ) ;
#1492 = CARTESIAN_POINT ( 'NONE',  ( -28.59789661791385029, 15.82721033759805174, -29.99999999999999645 ) ) ;
#1493 = DIRECTION ( 'NONE',  ( 1.000000000000000000, 0.000000000000000000, 0.000000000000000000 ) ) ;
#1494 = CARTESIAN_POINT ( 'NONE',  ( -16.52028266132295897, 25.05441027566720535, -30.50000000000000711 ) ) ;
#1495 = PRODUCT_DEFINITION ( 'UNKNOWN', '', #162, #350 ) ;
#1496 = CARTESIAN_POINT ( 'NONE',  ( -36.01143129530325382, -8.768325100289989907E-18, -42.00000000000000000 ) ) ;
#1497 = AXIS2_PLACEMENT_3D ( 'NONE', #158, #147, #327 ) ;
#1498 = LINE ( 'NONE', #1143, #185 ) ;
#1499 = AXIS2_PLACEMENT_3D ( 'NONE', #546, #1180, #521 ) ;
#1500 = DIRECTION ( 'NONE',  ( 1.000000000000000000, 3.050597354146074136E-16, -0.000000000000000000 ) ) ;
#1501 = AXIS2_PLACEMENT_3D ( 'NONE', #94, #69, #265 ) ;
#1502 = EDGE_LOOP ( 'NONE', ( #1569, #616 ) ) ;
#1503 = CARTESIAN_POINT ( 'NONE',  ( -1.734723475976807094E-15, -7.399034790452304833, -42.00000000000000000 ) ) ;
#1504 = DIRECTION ( 'NONE',  ( 0.6356018760976214210, 0.7720170044119392116, -0.000000000000000000 ) ) ;
#1505 = CARTESIAN_POINT ( 'NONE',  ( -14.61737190662501717, 26.00000000000000000, 29.50000000000000000 ) ) ;
#1506 = CARTESIAN_POINT ( 'NONE',  ( -12.00000000000000000, 26.67499657501879540, 5.500000000000001776 ) ) ;
#1507 = CARTESIAN_POINT ( 'NONE',  ( -28.99999999999999645, 14.79470579514716100, -29.49999999999999645 ) ) ;
#1508 = LINE ( 'NONE', #2034, #1145 ) ;
#1509 = VERTEX_POINT ( 'NONE', #2032 ) ;
#1510 = DIRECTION ( 'NONE',  ( 1.000000000000000000, 0.000000000000000000, 0.000000000000000000 ) ) ;
#1511 = LINE ( 'NONE', #1319, #1957 ) ;
#1512 = CARTESIAN_POINT ( 'NONE',  ( -11.00000000000000000, 26.67499657501879540, 5.500000000000001776 ) ) ;
#1513 = EDGE_CURVE ( 'NONE', #557, #55, #1378, .T. ) ;
#1514 = DIRECTION ( 'NONE',  ( -1.000000000000000000, 0.000000000000000000, 0.000000000000000000 ) ) ;
#1515 = CYLINDRICAL_SURFACE ( 'NONE', #46, 2.999999999999995559 ) ;
#1516 = CARTESIAN_POINT ( 'NONE',  ( -4.529336208406538056, 28.67499657501878829, 42.23719639097513578 ) ) ;
#1517 = DIRECTION ( 'NONE',  ( 0.000000000000000000, -1.000000000000000000, -1.577021341797098546E-16 ) ) ;
#1518 = ORIENTED_EDGE ( 'NONE', *, *, #1248, .F. ) ;
#1519 = CARTESIAN_POINT ( 'NONE',  ( -16.34831145362255356, 25.14195145907817164, 30.04414823034767323 ) ) ;
#1520 = DIRECTION ( 'NONE',  ( -1.000000000000000000, -2.434872701500644882E-19, 0.000000000000000000 ) ) ;
#1521 = CARTESIAN_POINT ( 'NONE',  ( -14.98224794027083817, 25.92023496661965609, 29.77301742600633006 ) ) ;
#1522 = PERSON_AND_ORGANIZATION_ROLE ( 'creator' ) ;
#1523 = CARTESIAN_POINT ( 'NONE',  ( -35.52466418942974258, 0.6099645289316770747, -42.00000000000000000 ) ) ;
#1524 = ADVANCED_FACE ( 'NONE', ( #24 ), #1558, .F. ) ;
#1525 = LINE ( 'NONE', #496, #2121 ) ;
#1526 = ORIENTED_EDGE ( 'NONE', *, *, #2142, .T. ) ;
#1527 = LINE ( 'NONE', #14, #972 ) ;
#1528 = CARTESIAN_POINT ( 'NONE',  ( -4.980973490458731057, 28.67499657501878474, 42.02727849235261459 ) ) ;
#1529 = CIRCLE ( 'NONE', #1278, 2.499999999999998668 ) ;
#1530 = ORIENTED_EDGE ( 'NONE', *, *, #644, .T. ) ;
#1531 = EDGE_CURVE ( 'NONE', #1786, #1364, #620, .T. ) ;
#1532 = AXIS2_PLACEMENT_3D ( 'NONE', #1995, #329, #1813 ) ;
#1533 = CARTESIAN_POINT ( 'NONE',  ( -14.60069973657420839, 25.96218030279606381, 29.90242872444741451 ) ) ;
#1534 = VECTOR ( 'NONE', #1158, 1000.000000000000000 ) ;
#1535 = EDGE_LOOP ( 'NONE', ( #62, #295, #811 ) ) ;
#1536 = DIRECTION ( 'NONE',  ( -0.000000000000000000, 0.000000000000000000, -1.000000000000000000 ) ) ;
#1537 = VECTOR ( 'NONE', #1032, 1000.000000000000000 ) ;
#1538 = FACE_OUTER_BOUND ( 'NONE', #821, .T. ) ;
#1539 = LINE ( 'NONE', #2033, #1663 ) ;
#1540 = CARTESIAN_POINT ( 'NONE',  ( -14.65161571370218851, 25.99261815355037797, -29.59138228871126586 ) ) ;
#1541 = DIRECTION ( 'NONE',  ( 2.434872701500644882E-19, -1.000000000000000000, 0.000000000000000000 ) ) ;
#1542 = ORIENTED_EDGE ( 'NONE', *, *, #1216, .F. ) ;
#1543 = CARTESIAN_POINT ( 'NONE',  ( -15.34266949278028491, 25.83933526462028141, 29.87158190233509458 ) ) ;
#1544 = VECTOR ( 'NONE', #1770, 1000.000000000000000 ) ;
#1545 = DIRECTION ( 'NONE',  ( 2.434872701500645364E-19, -1.000000000000000000, 0.000000000000000000 ) ) ;
#1546 = ORIENTED_EDGE ( 'NONE', *, *, #1350, .T. ) ;
#1547 = DIRECTION ( 'NONE',  ( 0.000000000000000000, 0.000000000000000000, -1.000000000000000000 ) ) ;
#1548 = FACE_OUTER_BOUND ( 'NONE', #607, .T. ) ;
#1549 = ORIENTED_EDGE ( 'NONE', *, *, #697, .T. ) ;
#1550 = DIRECTION ( 'NONE',  ( -3.050597354146074136E-16, 1.000000000000000000, 0.000000000000000000 ) ) ;
#1551 = EDGE_LOOP ( 'NONE', ( #470, #2116, #1632, #590 ) ) ;
#1552 = LINE ( 'NONE', #871, #790 ) ;
#1553 = EDGE_CURVE ( 'NONE', #1402, #1355, #1450, .T. ) ;
#1554 = DIRECTION ( 'NONE',  ( -0.000000000000000000, -0.000000000000000000, 1.000000000000000000 ) ) ;
#1555 = ORIENTED_EDGE ( 'NONE', *, *, #240, .T. ) ;
#1556 = CARTESIAN_POINT ( 'NONE',  ( -16.74710813954140676, 25.50000000000000000, -30.50000000000000711 ) ) ;
#1557 = ADVANCED_FACE ( 'NONE', ( #1538 ), #675, .T. ) ;
#1558 = CYLINDRICAL_SURFACE ( 'NONE', #1499, 0.5000000000000004441 ) ;
#1559 = ORIENTED_EDGE ( 'NONE', *, *, #674, .F. ) ;
#1560 = PLANE ( 'NONE',  #793 ) ;
#1561 = CARTESIAN_POINT ( 'NONE',  ( -11.00000000000000000, 2.342253945769038559, -40.50000000000000000 ) ) ;
#1562 = ORIENTED_EDGE ( 'NONE', *, *, #1683, .T. ) ;
#1563 = CARTESIAN_POINT ( 'NONE',  ( -14.80116910880804504, 25.96011689075828599, 29.70121435611349980 ) ) ;
#1564 = DIRECTION ( 'NONE',  ( -1.000000000000000000, 0.000000000000000000, 0.000000000000000000 ) ) ;
#1565 = ORIENTED_EDGE ( 'NONE', *, *, #2091, .F. ) ;
#1566 = CIRCLE ( 'NONE', #619, 2.499999999999998668 ) ;
#1567 = CIRCLE ( 'NONE', #687, 36.91628531124014501 ) ;
#1568 = CARTESIAN_POINT ( 'NONE',  ( -4.980973490458728392, 28.67499657501879540, -16.34338666072276425 ) ) ;
#1569 = ORIENTED_EDGE ( 'NONE', *, *, #1988, .T. ) ;
#1570 = VECTOR ( 'NONE', #23, 1000.000000000000000 ) ;
#1571 = CARTESIAN_POINT ( 'NONE',  ( -36.01143129530325382, 35.00000000000000000, -22.50000000000000000 ) ) ;
#1572 = VERTEX_POINT ( 'NONE', #1687 ) ;
#1573 = DIRECTION ( 'NONE',  ( -0.000000000000000000, -0.000000000000000000, -1.000000000000000000 ) ) ;
#1574 = CARTESIAN_POINT ( 'NONE',  ( -16.54347508251670007, 25.55182925335167710, -30.00000000000000000 ) ) ;
#1575 = VERTEX_POINT ( 'NONE', #201 ) ;
#1576 = CARTESIAN_POINT ( 'NONE',  ( -35.03690625522790469, 0.5000000000000000000, -42.00000000000000000 ) ) ;
#1577 = DIRECTION ( 'NONE',  ( 2.786356979726903802E-35, -1.284980352575412699E-16, 1.000000000000000000 ) ) ;
#1578 = EDGE_LOOP ( 'NONE', ( #785, #1427, #1659, #1756 ) ) ;
#1579 = VECTOR ( 'NONE', #259, 1000.000000000000000 ) ;
#1580 = FACE_OUTER_BOUND ( 'NONE', #293, .T. ) ;
#1581 = EDGE_LOOP ( 'NONE', ( #224, #573, #1395, #5 ) ) ;
#1582 = EDGE_CURVE ( 'NONE', #91, #446, #84, .T. ) ;
#1583 = CARTESIAN_POINT ( 'NONE',  ( -28.99999999999999645, 14.79470584381226317, 29.58764752019305533 ) ) ;
#1584 = CIRCLE ( 'NONE', #1851, 0.5000000000000004441 ) ;
#1585 = CARTESIAN_POINT ( 'NONE',  ( -4.980973490458728392, 31.67499657501878474, 16.34338666072276425 ) ) ;
#1586 = CARTESIAN_POINT ( 'NONE',  ( -14.51416414911878405, 26.00000002721198555, -29.58715238860767727 ) ) ;
#1587 = DIRECTION ( 'NONE',  ( 1.000000000000000000, -0.000000000000000000, -0.000000000000000000 ) ) ;
#1588 = EDGE_CURVE ( 'NONE', #1447, #389, #351, .T. ) ;
#1589 = CARTESIAN_POINT ( 'NONE',  ( -4.980973490458326047, 28.67499657501883803, 42.49999999999998579 ) ) ;
#1590 = DIRECTION ( 'NONE',  ( -0.000000000000000000, -1.000000000000000000, -0.000000000000000000 ) ) ;
#1591 = ORIENTED_EDGE ( 'NONE', *, *, #2056, .F. ) ;
#1592 = DIRECTION ( 'NONE',  ( 0.000000000000000000, 0.000000000000000000, 1.000000000000000000 ) ) ;
#1593 = CARTESIAN_POINT ( 'NONE',  ( -28.63890050583293245, 15.09502327318705639, 30.35547958058895901 ) ) ;
#1594 = ADVANCED_FACE ( 'NONE', ( #1548 ), #1911, .T. ) ;
#1595 = CARTESIAN_POINT ( 'NONE',  ( -16.11998571846898543, 25.25583211364795844, -30.48426412801331864 ) ) ;
#1596 = VERTEX_POINT ( 'NONE', #1217 ) ;
#1597 = DIRECTION ( 'NONE',  ( -0.000000000000000000, -0.000000000000000000, -1.000000000000000000 ) ) ;
#1598 = CARTESIAN_POINT ( 'NONE',  ( -6.943587481492136514E-18, 28.51725052078783662, 42.50000000000000000 ) ) ;
#1599 = EDGE_CURVE ( 'NONE', #2114, #1402, #1871, .T. ) ;
#1600 = VERTEX_POINT ( 'NONE', #1339 ) ;
#1601 = CARTESIAN_POINT ( 'NONE',  ( -4.222212344788494498, 28.67499657501878474, -42.29944129619649829 ) ) ;
#1602 = AXIS2_PLACEMENT_3D ( 'NONE', #1141, #1290, #1155 ) ;
#1603 = AXIS2_PLACEMENT_3D ( 'NONE', #413, #923, #79 ) ;
#1604 = DIRECTION ( 'NONE',  ( -2.434872701500646327E-19, 1.000000000000000000, 0.000000000000000000 ) ) ;
#1605 = CIRCLE ( 'NONE', #654, 35.91628531124014501 ) ;
#1606 = ORIENTED_EDGE ( 'NONE', *, *, #1001, .T. ) ;
#1607 = CARTESIAN_POINT ( 'NONE',  ( -35.03690625522790469, 0.5000000000000000000, 42.00000000000000000 ) ) ;
#1608 = LINE ( 'NONE', #1589, #1639 ) ;
#1609 = LINE ( 'NONE', #2011, #1846 ) ;
#1610 = B_SPLINE_CURVE_WITH_KNOTS ( 'NONE', 3,
 ( #919, #570, #2055, #725, #561, #1231, #399, #407, #1730, #228 ),
 .UNSPECIFIED., .F., .F.,
 ( 4, 2, 2, 2, 4 ),
 ( 0.000000000000000000, 0.0007677815191340515424, 0.001151672278701075525, 0.001343617658484589630, 0.001535563038268103518 ),
 .UNSPECIFIED. ) ;
#1611 = ORIENTED_EDGE ( 'NONE', *, *, #897, .T. ) ;
#1612 = CARTESIAN_POINT ( 'NONE',  ( -2.959148210269304968, 28.67499657501878119, -42.41800999769645841 ) ) ;
#1613 = EDGE_CURVE ( 'NONE', #2139, #212, #1525, .T. ) ;
#1614 = VERTEX_POINT ( 'NONE', #1354 ) ;
#1615 = CIRCLE ( 'NONE', #129, 2.999999999999999112 ) ;
#1616 = CARTESIAN_POINT ( 'NONE',  ( -28.22321116936590712, 15.61456368913128934, 30.49999999280505136 ) ) ;
#1617 = CARTESIAN_POINT ( 'NONE',  ( -15.74080703003265924, 25.74693593709716666, -29.93840374889234823 ) ) ;
#1618 = AXIS2_PLACEMENT_3D ( 'NONE', #50, #1554, #1198 ) ;
#1619 = ORIENTED_EDGE ( 'NONE', *, *, #358, .T. ) ;
#1620 = CYLINDRICAL_SURFACE ( 'NONE', #1214, 0.5000000000000004441 ) ;
#1621 = EDGE_LOOP ( 'NONE', ( #771, #1298, #874, #758 ) ) ;
#1622 = EDGE_CURVE ( 'NONE', #949, #635, #341, .T. ) ;
#1623 = LINE ( 'NONE', #105, #1743 ) ;
#1624 = ORIENTED_EDGE ( 'NONE', *, *, #166, .T. ) ;
#1625 = ORIENTED_EDGE ( 'NONE', *, *, #1345, .T. ) ;
#1626 = ORIENTED_EDGE ( 'NONE', *, *, #665, .T. ) ;
#1627 = CARTESIAN_POINT ( 'NONE',  ( -36.01143129530325382, 31.67499657501878474, 28.65661333927723575 ) ) ;
#1628 = ORIENTED_EDGE ( 'NONE', *, *, #572, .T. ) ;
#1629 = FACE_OUTER_BOUND ( 'NONE', #601, .T. ) ;
#1630 = EDGE_LOOP ( 'NONE', ( #1771, #1565, #2141, #1732 ) ) ;
#1631 = FACE_OUTER_BOUND ( 'NONE', #269, .T. ) ;
#1632 = ORIENTED_EDGE ( 'NONE', *, *, #77, .T. ) ;
#1633 = ORIENTED_EDGE ( 'NONE', *, *, #279, .F. ) ;
#1634 = CALENDAR_DATE ( 2025, 17, 8 ) ;
#1635 = CIRCLE ( 'NONE', #973, 3.000000000000002665 ) ;
#1636 = EDGE_LOOP ( 'NONE', ( #167, #1073, #2149, #854 ) ) ;
#1637 = DIRECTION ( 'NONE',  ( 0.9755158684036554506, -0.2199290578633530668, 0.000000000000000000 ) ) ;
#1638 = ADVANCED_FACE ( 'NONE', ( #850 ), #362, .F. ) ;
#1639 = VECTOR ( 'NONE', #1931, 1000.000000000000000 ) ;
#1640 = DIRECTION ( 'NONE',  ( -1.000000000000000000, -2.434872701500644882E-19, 0.000000000000000000 ) ) ;
#1641 = CARTESIAN_POINT ( 'NONE',  ( -16.52028266132295897, 25.05441027566720535, 30.50000000000000000 ) ) ;
#1642 = VERTEX_POINT ( 'NONE', #438 ) ;
#1643 = FACE_OUTER_BOUND ( 'NONE', #1413, .T. ) ;
#1644 = EDGE_CURVE ( 'NONE', #2063, #679, #1005, .T. ) ;
#1645 = ORIENTED_EDGE ( 'NONE', *, *, #680, .F. ) ;
#1646 = EDGE_CURVE ( 'NONE', #2139, #2058, #47, .T. ) ;
#1647 = CARTESIAN_POINT ( 'NONE',  ( -36.01143129530325382, 35.00000000000000000, -28.65661333927723575 ) ) ;
#1648 = DIRECTION ( 'NONE',  ( 1.000000000000000000, 2.434872701500644882E-19, -0.000000000000000000 ) ) ;
#1649 = DIRECTION ( 'NONE',  ( 0.000000000000000000, 0.000000000000000000, -1.000000000000000000 ) ) ;
#1650 = CIRCLE ( 'NONE', #1229, 0.5000000000000004441 ) ;
#1651 = ORIENTED_EDGE ( 'NONE', *, *, #668, .T. ) ;
#1652 = EDGE_CURVE ( 'NONE', #1108, #812, #1436, .T. ) ;
#1653 = DIRECTION ( 'NONE',  ( 0.000000000000000000, 0.000000000000000000, -1.000000000000000000 ) ) ;
#1654 = CARTESIAN_POINT ( 'NONE',  ( -4.980973490458728392, 35.00000000000000000, -28.65661333927723575 ) ) ;
#1655 = LINE ( 'NONE', #2004, #1310 ) ;
#1656 = CARTESIAN_POINT ( 'NONE',  ( -1.734723475976807094E-15, -7.399034790452304833, -30.50000000000000711 ) ) ;
#1657 = DIRECTION ( 'NONE',  ( 1.000000000000000000, 2.434872701500644882E-19, -0.000000000000000000 ) ) ;
#1658 = CARTESIAN_POINT ( 'NONE',  ( 0.000000000000000000, 35.00000000000000000, -22.50000000000000000 ) ) ;
#1659 = ORIENTED_EDGE ( 'NONE', *, *, #451, .F. ) ;
#1660 = CARTESIAN_POINT ( 'NONE',  ( -29.10044733982189413, 14.49411026666312452, 29.50000000000000000 ) ) ;
#1661 = DIRECTION ( 'NONE',  ( 1.000000000000000000, 0.000000000000000000, 0.000000000000000000 ) ) ;
#1662 = LINE ( 'NONE', #1476, #583 ) ;
#1663 = VECTOR ( 'NONE', #26, 1000.000000000000000 ) ;
#1664 = CARTESIAN_POINT ( 'NONE',  ( -28.47037103672474601, 15.30958869071764994, -30.09770783454989385 ) ) ;
#1665 = VECTOR ( 'NONE', #636, 1000.000000000000000 ) ;
#1666 = PLANE ( 'NONE',  #1466 ) ;
#1667 = CIRCLE ( 'NONE', #1913, 6.156613339277236641 ) ;
#1668 = ORIENTED_EDGE ( 'NONE', *, *, #1393, .T. ) ;
#1669 = AXIS2_PLACEMENT_3D ( 'NONE', #1404, #1573, #1376 ) ;
#1670 = CARTESIAN_POINT ( 'NONE',  ( -35.53690625522791180, 0.5000000000000004441, 42.00000000000000000 ) ) ;
#1671 = ADVANCED_FACE ( 'NONE', ( #1082 ), #520, .F. ) ;
#1672 = DIRECTION ( 'NONE',  ( 1.000000000000000000, 2.434872701500644882E-19, -0.000000000000000000 ) ) ;
#1673 = CARTESIAN_POINT ( 'NONE',  ( -14.61737190662501895, 26.00000000000001066, 29.52479272871212856 ) ) ;
#1674 = EDGE_CURVE ( 'NONE', #1135, #1443, #751, .T. ) ;
#1675 = EDGE_CURVE ( 'NONE', #1741, #1402, #1426, .T. ) ;
#1676 = CC_DESIGN_PERSON_AND_ORGANIZATION_ASSIGNMENT ( #131, #1522, ( #1495 ) ) ;
#1677 = DIRECTION ( 'NONE',  ( 1.000000000000000000, 0.000000000000000000, 0.000000000000000000 ) ) ;
#1678 = CARTESIAN_POINT ( 'NONE',  ( -14.61737190662501717, 26.49999999999998224, 42.50000000000000000 ) ) ;
#1679 = LINE ( 'NONE', #164, #1702 ) ;
#1680 = ORIENTED_EDGE ( 'NONE', *, *, #1784, .F. ) ;
#1681 = CARTESIAN_POINT ( 'NONE',  ( -16.31951713279842409, 25.15660907992721818, 30.49999999880318313 ) ) ;
#1682 = DIRECTION ( 'NONE',  ( 1.000000000000000000, 0.000000000000000000, 0.000000000000000000 ) ) ;
#1683 = EDGE_CURVE ( 'NONE', #1344, #212, #1635, .T. ) ;
#1684 = CARTESIAN_POINT ( 'NONE',  ( -14.65276261413006509, 25.99236028537298893, 29.58951102405268685 ) ) ;
#1685 = APPROVAL_STATUS ( 'not_yet_approved' ) ;
#1686 = FACE_OUTER_BOUND ( 'NONE', #1887, .T. ) ;
#1687 = CARTESIAN_POINT ( 'NONE',  ( -6.495022097313644530E-18, 26.67499657501878829, 40.50000000000000000 ) ) ;
#1688 = ADVANCED_FACE ( 'NONE', ( #226 ), #734, .T. ) ;
#1689 = CARTESIAN_POINT ( 'NONE',  ( -35.52466418942974968, 0.6099645289316772967, 42.50000000000000000 ) ) ;
#1690 = CARTESIAN_POINT ( 'NONE',  ( -36.01143129530325382, 31.67499657501878474, 13.34338666072276425 ) ) ;
#1691 = LINE ( 'NONE', #1561, #800 ) ;
#1692 = ORIENTED_EDGE ( 'NONE', *, *, #873, .F. ) ;
#1693 = DIRECTION ( 'NONE',  ( -0.000000000000000000, -0.000000000000000000, -1.000000000000000000 ) ) ;
#1694 = DIRECTION ( 'NONE',  ( 0.000000000000000000, -0.000000000000000000, 1.000000000000000000 ) ) ;
#1695 = ORIENTED_EDGE ( 'NONE', *, *, #1199, .T. ) ;
#1696 = DIRECTION ( 'NONE',  ( 0.000000000000000000, 0.000000000000000000, -1.000000000000000000 ) ) ;
#1697 = CARTESIAN_POINT ( 'NONE',  ( -1.680325923519184750, 41.00960386994057671, 20.95106329074220142 ) ) ;
#1698 = CARTESIAN_POINT ( 'NONE',  ( -36.01143129530325382, 34.99999999999999289, 22.50000000000000000 ) ) ;
#1699 = CARTESIAN_POINT ( 'NONE',  ( -14.76548792265147014, 25.96788956091936384, -29.67782820682029055 ) ) ;
#1700 = VECTOR ( 'NONE', #691, 1000.000000000000000 ) ;
#1701 = ORIENTED_EDGE ( 'NONE', *, *, #777, .F. ) ;
#1702 = VECTOR ( 'NONE', #3, 1000.000000000000000 ) ;
#1703 = CARTESIAN_POINT ( 'NONE',  ( -14.61737190662499053, 26.00000000000000000, 29.50000000000000355 ) ) ;
#1704 =( BOUNDED_SURFACE ( )  B_SPLINE_SURFACE ( 3, 2, ( 
 ( #1779, #2167, #1507 ),
 ( #1796, #1817, #666 ),
 ( #656, #1333, #809 ),
 ( #482, #629, #323 ),
 ( #134, #999, #2147 ),
 ( #1477, #1664, #798 ),
 ( #784, #1998, #1824 ),
 ( #1488, #498, #1172 ) ),
 .UNSPECIFIED., .F., .F., .T. ) 
 B_SPLINE_SURFACE_WITH_KNOTS ( ( 4, 2, 2, 4 ),
 ( 3, 3 ),
 ( 0.0008683152985570202894, 0.001388061173442262401, 0.001907807048327504621, 0.002947298798097988844 ),
 ( 0.000000000000000000, 1.000000000000000000 ),
 .UNSPECIFIED. ) 
 GEOMETRIC_REPRESENTATION_ITEM ( )  RATIONAL_B_SPLINE_SURFACE ( (
 ( 1.000000000000000000, 0.9484474999588051736, 1.000000000000000000),
 ( 1.000000000000000000, 0.9485763778327735984, 1.000000000000000000),
 ( 1.000000000000000000, 0.9379590432247991716, 1.000000000000000000),
 ( 1.000000000000000000, 0.9068063141804610927, 1.000000000000000000),
 ( 1.000000000000000000, 0.8866843320380602966, 1.000000000000000000),
 ( 1.000000000000000000, 0.8201296976912249015, 1.000000000000000000),
 ( 1.000000000000000000, 0.7664070186553099129, 1.000000000000000000),
 ( 1.000000000000000000, 0.7071067811865513475, 1.000000000000000000) ) ) 
 REPRESENTATION_ITEM ( '' )  SURFACE ( )  );
#1705 = CARTESIAN_POINT ( 'NONE',  ( 1.387778780781445676E-14, 41.15661333927723575, 23.28144468359879227 ) ) ;
#1706 = VECTOR ( 'NONE', #518, 1000.000000000000000 ) ;
#1707 = ORIENTED_EDGE ( 'NONE', *, *, #2075, .T. ) ;
#1708 = APPROVAL_DATE_TIME ( #320, #2130 ) ;
#1709 = FACE_OUTER_BOUND ( 'NONE', #930, .T. ) ;
#1710 = CARTESIAN_POINT ( 'NONE',  ( -4.980973490458731057, 28.67499657501878474, 42.50000000000000000 ) ) ;
#1711 = EDGE_CURVE ( 'NONE', #1138, #576, #239, .T. ) ;
#1712 = FACE_OUTER_BOUND ( 'NONE', #454, .T. ) ;
#1713 = CARTESIAN_POINT ( 'NONE',  ( 0.000000000000000000, 35.00000000000000000, -16.34338666072276425 ) ) ;
#1714 = EDGE_LOOP ( 'NONE', ( #355, #1185, #1626, #832 ) ) ;
#1715 = CARTESIAN_POINT ( 'NONE',  ( -16.74710813954140676, 25.50000000000000355, 30.00000000000000000 ) ) ;
#1716 =( GEOMETRIC_REPRESENTATION_CONTEXT ( 3 ) GLOBAL_UNCERTAINTY_ASSIGNED_CONTEXT ( ( #1012 ) ) GLOBAL_UNIT_ASSIGNED_CONTEXT ( ( #1184, #1232, #388 ) ) REPRESENTATION_CONTEXT ( 'NONE', 'WORKASPACE' ) );
#1717 = DIRECTION ( 'NONE',  ( 1.000000000000000000, 2.434872701500644882E-19, -0.000000000000000000 ) ) ;
#1718 = ORIENTED_EDGE ( 'NONE', *, *, #808, .T. ) ;
#1719 = CARTESIAN_POINT ( 'NONE',  ( -11.00000000000000000, 26.67499657501878829, 40.50000000000000000 ) ) ;
#1720 = AXIS2_PLACEMENT_3D ( 'NONE', #1886, #739, #539 ) ;
#1721 = DIRECTION ( 'NONE',  ( 0.000000000000000000, -0.000000000000000000, -1.000000000000000000 ) ) ;
#1722 = FACE_OUTER_BOUND ( 'NONE', #879, .T. ) ;
#1723 = DIRECTION ( 'NONE',  ( 1.000000000000000000, 2.434872701500644882E-19, 0.000000000000000000 ) ) ;
#1724 = ORIENTED_EDGE ( 'NONE', *, *, #2166, .F. ) ;
#1725 = CARTESIAN_POINT ( 'NONE',  ( -4.980973490458728392, 40.72083462553895572, 42.50000000000000000 ) ) ;
#1726 = CARTESIAN_POINT ( 'NONE',  ( -4.980973490458728392, 40.72083462553895572, 42.50000000000000000 ) ) ;
#1727 = VERTEX_POINT ( 'NONE', #1412 ) ;
#1728 = CARTESIAN_POINT ( 'NONE',  ( 0.000000000000000000, 31.67499657501878474, 31.65661333927723931 ) ) ;
#1729 = CARTESIAN_POINT ( 'NONE',  ( -29.10044733982189058, 14.49411026666312274, 42.50000000000000000 ) ) ;
#1730 = CARTESIAN_POINT ( 'NONE',  ( -29.00000000000004263, 14.79470579514706507, 29.56570415300601695 ) ) ;
#1731 = CARTESIAN_POINT ( 'NONE',  ( -14.77443815831172813, 25.88579796360524909, -29.84389367914004509 ) ) ;
#1732 = ORIENTED_EDGE ( 'NONE', *, *, #1100, .T. ) ;
#1733 = DIRECTION ( 'NONE',  ( 0.000000000000000000, 0.000000000000000000, -1.000000000000000000 ) ) ;
#1734 = CARTESIAN_POINT ( 'NONE',  ( -6.495022097313644530E-18, 26.67499657501878829, 40.50000000000000000 ) ) ;
#1735 = ORIENTED_EDGE ( 'NONE', *, *, #1800, .F. ) ;
#1736 = ADVANCED_FACE ( 'NONE', ( #1169 ), #1972, .T. ) ;
#1737 = VECTOR ( 'NONE', #990, 1000.000000000000000 ) ;
#1738 = CARTESIAN_POINT ( 'NONE',  ( -4.012346903508666074, 28.67499657501878829, -42.32695795700448116 ) ) ;
#1739 = ORIENTED_EDGE ( 'NONE', *, *, #464, .T. ) ;
#1740 = VECTOR ( 'NONE', #987, 1000.000000000000000 ) ;
#1741 = VERTEX_POINT ( 'NONE', #1660 ) ;
#1742 = EDGE_CURVE ( 'NONE', #1955, #1016, #1511, .T. ) ;
#1743 = VECTOR ( 'NONE', #782, 1000.000000000000000 ) ;
#1744 = CARTESIAN_POINT ( 'NONE',  ( -28.11399149779402862, 15.74722447387829227, 30.50000000000000000 ) ) ;
#1745 = EDGE_CURVE ( 'NONE', #1108, #1355, #1128, .T. ) ;
#1746 = CARTESIAN_POINT ( 'NONE',  ( -36.01143129530325382, 34.99999999999999289, 16.34338666072276425 ) ) ;
#1747 = CARTESIAN_POINT ( 'NONE',  ( -14.66642528861220818, 25.98944277778715772, -29.61238751286273541 ) ) ;
#1748 = ORIENTED_EDGE ( 'NONE', *, *, #899, .T. ) ;
#1749 = FACE_OUTER_BOUND ( 'NONE', #1253, .T. ) ;
#1750 = DIRECTION ( 'NONE',  ( -2.434872701500644882E-19, 1.000000000000000000, -6.399194385497194136E-16 ) ) ;
#1751 = EDGE_LOOP ( 'NONE', ( #281, #905, #2170, #75 ) ) ;
#1752 = CIRCLE ( 'NONE', #27, 6.156613339277236641 ) ;
#1753 = CARTESIAN_POINT ( 'NONE',  ( -4.636243301121765192, 28.67499657501878474, -42.21198642029955295 ) ) ;
#1754 = ADVANCED_FACE ( 'NONE', ( #169 ), #642, .T. ) ;
#1755 = DIRECTION ( 'NONE',  ( 0.000000000000000000, 0.000000000000000000, -1.000000000000000000 ) ) ;
#1756 = ORIENTED_EDGE ( 'NONE', *, *, #967, .T. ) ;
#1757 = EDGE_CURVE ( 'NONE', #2063, #768, #988, .T. ) ;
#1758 = DIRECTION ( 'NONE',  ( 1.000000000000000000, 2.434872701500644882E-19, -0.000000000000000000 ) ) ;
#1759 = CARTESIAN_POINT ( 'NONE',  ( -14.61737190662501717, 26.00000000000000000, -30.00000000000000711 ) ) ;
#1760 = PLANE ( 'NONE',  #340 ) ;
#1761 = DIRECTION ( 'NONE',  ( 1.000000000000000000, 2.434872701500644882E-19, -0.000000000000000000 ) ) ;
#1762 = ORIENTED_EDGE ( 'NONE', *, *, #2068, .F. ) ;
#1763 = CARTESIAN_POINT ( 'NONE',  ( -11.00000000000000000, 26.67499657501878829, 40.50000000000000000 ) ) ;
#1764 = ORIENTED_EDGE ( 'NONE', *, *, #1894, .F. ) ;
#1765 = CARTESIAN_POINT ( 'NONE',  ( -28.95299996724867952, 14.68958926387089647, 29.74716139021107253 ) ) ;
#1766 = FACE_OUTER_BOUND ( 'NONE', #1335, .T. ) ;
#1767 = DIRECTION ( 'NONE',  ( -0.000000000000000000, -0.000000000000000000, -1.000000000000000000 ) ) ;
#1768 = ADVANCED_FACE ( 'NONE', ( #1812 ), #824, .T. ) ;
#1769 = SPHERICAL_SURFACE ( 'NONE', #1501, 0.5000000000000000000 ) ;
#1770 = DIRECTION ( 'NONE',  ( -0.000000000000000000, -1.000000000000000000, 2.086883234998906156E-15 ) ) ;
#1771 = ORIENTED_EDGE ( 'NONE', *, *, #1359, .T. ) ;
#1772 = CARTESIAN_POINT ( 'NONE',  ( -29.10044733982189769, 14.49411026666312630, 29.67447316976697991 ) ) ;
#1773 = AXIS2_PLACEMENT_3D ( 'NONE', #830, #1014, #1980 ) ;
#1774 = CARTESIAN_POINT ( 'NONE',  ( -29.00000000000000355, 14.62762523289052474, 29.50000000000000355 ) ) ;
#1775 = ORIENTED_EDGE ( 'NONE', *, *, #1096, .F. ) ;
#1776 = AXIS2_PLACEMENT_3D ( 'NONE', #1044, #53, #731 ) ;
#1777 = CARTESIAN_POINT ( 'NONE',  ( -16.31940771128477152, 25.15666478046474452, -30.49999999579518573 ) ) ;
#1778 = ADVANCED_FACE ( 'NONE', ( #181 ), #1294, .F. ) ;
#1779 = CARTESIAN_POINT ( 'NONE',  ( -29.10044733982189058, 14.49411026666312452, -29.49999999999999645 ) ) ;
#1780 = LINE ( 'NONE', #1267, #1873 ) ;
#1781 = ORIENTED_EDGE ( 'NONE', *, *, #1894, .T. ) ;
#1782 = CARTESIAN_POINT ( 'NONE',  ( -4.980973490458728392, 32.49999999999999289, 22.50000000000000000 ) ) ;
#1783 = ORIENTED_EDGE ( 'NONE', *, *, #1531, .F. ) ;
#1784 = EDGE_CURVE ( 'NONE', #1862, #282, #1821, .T. ) ;
#1785 = AXIS2_PLACEMENT_3D ( 'NONE', #21, #1750, #2038 ) ;
#1786 = VERTEX_POINT ( 'NONE', #1654 ) ;
#1787 = DIRECTION ( 'NONE',  ( 3.833958195083453626E-35, -1.577021341797098546E-16, 1.000000000000000000 ) ) ;
#1788 = AXIS2_PLACEMENT_3D ( 'NONE', #2014, #1520, #1030 ) ;
#1789 = VERTEX_POINT ( 'NONE', #1841 ) ;
#1790 = CARTESIAN_POINT ( 'NONE',  ( -36.01143129530325382, 31.67499657501878474, 31.65661333927723931 ) ) ;
#1791 = ORIENTED_EDGE ( 'NONE', *, *, #903, .T. ) ;
#1792 = DIRECTION ( 'NONE',  ( 2.434872701500644882E-19, -1.000000000000000000, 0.000000000000000000 ) ) ;
#1793 = DATE_AND_TIME ( #806, #1885 ) ;
#1794 = ORIENTED_EDGE ( 'NONE', *, *, #903, .F. ) ;
#1795 = DIRECTION ( 'NONE',  ( 1.000000000000000000, 2.434872701500644882E-19, -0.000000000000000000 ) ) ;
#1796 = CARTESIAN_POINT ( 'NONE',  ( -29.10044728141108195, 14.49411034430298351, -29.67653467267602707 ) ) ;
#1797 = CARTESIAN_POINT ( 'NONE',  ( -14.41939191238415319, 26.04086611769506376, 29.61514510733942984 ) ) ;
#1798 = ORIENTED_EDGE ( 'NONE', *, *, #1033, .F. ) ;
#1799 = CARTESIAN_POINT ( 'NONE',  ( -11.00000000000000000, 2.342253945769038559, -40.50000000000000000 ) ) ;
#1800 = EDGE_CURVE ( 'NONE', #1327, #398, #7, .T. ) ;
#1801 = ORIENTED_EDGE ( 'NONE', *, *, #184, .F. ) ;
#1802 = CIRCLE ( 'NONE', #1603, 0.5000000000000004441 ) ;
#1803 = VECTOR ( 'NONE', #981, 1000.000000000000000 ) ;
#1804 = CARTESIAN_POINT ( 'NONE',  ( -11.00000000000000000, 26.67499657501879540, -5.499999999999998224 ) ) ;
#1805 = EDGE_CURVE ( 'NONE', #426, #679, #1584, .T. ) ;
#1806 = AXIS2_PLACEMENT_3D ( 'NONE', #135, #971, #324 ) ;
#1807 = DIRECTION ( 'NONE',  ( -0.000000000000000000, 1.300062360542314742E-16, -1.000000000000000000 ) ) ;
#1808 = VECTOR ( 'NONE', #542, 1000.000000000000000 ) ;
#1809 = CARTESIAN_POINT ( 'NONE',  ( 6.087181753751610521E-19, 32.50000000000000000, -22.50000000000000000 ) ) ;
#1810 = ORIENTED_EDGE ( 'NONE', *, *, #1283, .F. ) ;
#1811 = FACE_BOUND ( 'NONE', #1502, .T. ) ;
#1812 = FACE_OUTER_BOUND ( 'NONE', #816, .T. ) ;
#1813 = DIRECTION ( 'NONE',  ( 0.000000000000000000, 0.000000000000000000, -1.000000000000000000 ) ) ;
#1814 = PERSON_AND_ORGANIZATION_ROLE ( 'classification_officer' ) ;
#1815 = VECTOR ( 'NONE', #1206, 1000.000000000000000 ) ;
#1816 = DIRECTION ( 'NONE',  ( 0.000000000000000000, 0.000000000000000000, 1.000000000000000000 ) ) ;
#1817 = CARTESIAN_POINT ( 'NONE',  ( -28.99999994396957348, 14.62762530664043581, -29.62775369407435733 ) ) ;
#1818 = CARTESIAN_POINT ( 'NONE',  ( -4.980973490458728392, 34.99999999999999289, 16.34338666072276425 ) ) ;
#1819 = EDGE_LOOP ( 'NONE', ( #1701, #280, #250, #254 ) ) ;
#1820 = CARTESIAN_POINT ( 'NONE',  ( -28.49999999999999645, 16.06502541192709899, 30.50000000000000000 ) ) ;
#1821 = LINE ( 'NONE', #159, #457 ) ;
#1822 = CARTESIAN_POINT ( 'NONE',  ( -4.980973490458728392, 34.99999999999999289, 22.50000000000000000 ) ) ;
#1823 = CARTESIAN_POINT ( 'NONE',  ( -14.61737190662501717, 26.00000000000000000, 29.50000000000000000 ) ) ;
#1824 = CARTESIAN_POINT ( 'NONE',  ( -28.60849660755646084, 15.80146034313834669, -30.00000000000002487 ) ) ;
#1825 = DIRECTION ( 'NONE',  ( 1.000000000000000000, 2.434872701500644882E-19, -0.000000000000000000 ) ) ;
#1826 = EDGE_LOOP ( 'NONE', ( #477, #1791, #1559, #1245 ) ) ;
#1827 = CARTESIAN_POINT ( 'NONE',  ( -14.46689549002127606, 26.02041940166292022, -29.72295277677956449 ) ) ;
#1828 = CYLINDRICAL_SURFACE ( 'NONE', #429, 2.500000000000002220 ) ;
#1829 = CARTESIAN_POINT ( 'NONE',  ( -16.37244597343017460, 25.59536005921792068, 30.00000000000000355 ) ) ;
#1830 = CC_DESIGN_DATE_AND_TIME_ASSIGNMENT ( #1474, #795, ( #1495 ) ) ;
#1831 = DIRECTION ( 'NONE',  ( 1.000000000000000000, 2.434872701500644882E-19, -0.000000000000000000 ) ) ;
#1832 = VECTOR ( 'NONE', #1162, 1000.000000000000000 ) ;
#1833 = CARTESIAN_POINT ( 'NONE',  ( -4.980973490458728392, 32.50000000000000000, -22.50000000000000000 ) ) ;
#1834 = VECTOR ( 'NONE', #807, 1000.000000000000000 ) ;
#1835 = CARTESIAN_POINT ( 'NONE',  ( -28.50000000000000000, 26.00000000000000000, 30.00000000000000000 ) ) ;
#1836 = VECTOR ( 'NONE', #1205, 1000.000000000000000 ) ;
#1837 = ADVANCED_FACE ( 'NONE', ( #1349 ), #1161, .T. ) ;
#1838 = VERTEX_POINT ( 'NONE', #1178 ) ;
#1839 = AXIS2_PLACEMENT_3D ( 'NONE', #1353, #1536, #213 ) ;
#1840 = CARTESIAN_POINT ( 'NONE',  ( -15.52563416850565936, 25.54253343155906819, 30.37637561452993751 ) ) ;
#1841 = CARTESIAN_POINT ( 'NONE',  ( -4.980973490458728392, 40.72083462553895572, 24.77506900919530608 ) ) ;
#1842 = CARTESIAN_POINT ( 'NONE',  ( -6.981996637613772447E-18, 28.67499657501878474, -42.47446410019578877 ) ) ;
#1843 = EDGE_CURVE ( 'NONE', #1016, #2099, #814, .T. ) ;
#1844 = CARTESIAN_POINT ( 'NONE',  ( -28.82919482971264458, 14.85060913637410174, -30.19951281620175720 ) ) ;
#1845 = CARTESIAN_POINT ( 'NONE',  ( -6.981996637613786314E-18, 28.67499657501883803, 42.50000000000000711 ) ) ;
#1846 = VECTOR ( 'NONE', #1517, 1000.000000000000000 ) ;
#1847 = CARTESIAN_POINT ( 'NONE',  ( -4.009215650278455279, 28.67499657501878829, 42.32735895207311216 ) ) ;
#1848 = ORIENTED_EDGE ( 'NONE', *, *, #166, .F. ) ;
#1849 = DIRECTION ( 'NONE',  ( 0.000000000000000000, 0.000000000000000000, -1.000000000000000000 ) ) ;
#1850 = LINE ( 'NONE', #336, #1059 ) ;
#1851 = AXIS2_PLACEMENT_3D ( 'NONE', #486, #1694, #140 ) ;
#1852 = DIRECTION ( 'NONE',  ( -0.000000000000000000, 0.000000000000000000, 1.000000000000000000 ) ) ;
#1853 = CARTESIAN_POINT ( 'NONE',  ( -28.49999999999999645, 16.06502541192709543, -30.00000000000000000 ) ) ;
#1854 = EDGE_CURVE ( 'NONE', #1969, #1509, #1850, .T. ) ;
#1855 = CARTESIAN_POINT ( 'NONE',  ( 1.564178435083133466E-33, 34.99999999999999289, -28.65661333927723575 ) ) ;
#1856 = FACE_OUTER_BOUND ( 'NONE', #961, .T. ) ;
#1857 = CARTESIAN_POINT ( 'NONE',  ( -4.218839218251873469, 28.67499657501878829, 42.29992862602434656 ) ) ;
#1858 = CARTESIAN_POINT ( 'NONE',  ( 0.000000000000000000, 34.99999999999999289, 28.65661333927723931 ) ) ;
#1859 = ORIENTED_EDGE ( 'NONE', *, *, #853, .F. ) ;
#1860 = CARTESIAN_POINT ( 'NONE',  ( -14.77362181032838073, 25.88615982388335723, 29.84341083307960218 ) ) ;
#1861 = DIRECTION ( 'NONE',  ( 0.000000000000000000, 1.000000000000000000, 0.000000000000000000 ) ) ;
#1862 = VERTEX_POINT ( 'NONE', #2143 ) ;
#1863 = DATE_AND_TIME ( #479, #1326 ) ;
#1864 = CARTESIAN_POINT ( 'NONE',  ( -11.00000000000000000, 2.342253945769048773, 40.50000000000000000 ) ) ;
#1865 = ADVANCED_FACE ( 'NONE', ( #148 ), #1828, .F. ) ;
#1866 = DIRECTION ( 'NONE',  ( 1.000000000000000000, 0.000000000000000000, 0.000000000000000000 ) ) ;
#1867 = LINE ( 'NONE', #1195, #1424 ) ;
#1868 = ADVANCED_FACE ( 'NONE', ( #1337 ), #347, .F. ) ;
#1869 = DIRECTION ( 'NONE',  ( -1.000000000000000000, -0.000000000000000000, -0.000000000000000000 ) ) ;
#1870 = CIRCLE ( 'NONE', #940, 0.4999999999999997780 ) ;
#1871 = CIRCLE ( 'NONE', #1945, 0.5000000000000004441 ) ;
#1872 = EDGE_LOOP ( 'NONE', ( #1052, #500, #742, #2039 ) ) ;
#1873 = VECTOR ( 'NONE', #1597, 1000.000000000000000 ) ;
#1874 = DIRECTION ( 'NONE',  ( 0.9961946980917457672, 0.08715574274765491847, 0.000000000000000000 ) ) ;
#1875 = CIRCLE ( 'NONE', #946, 0.5000000000000004441 ) ;
#1876 = ORIENTED_EDGE ( 'NONE', *, *, #873, .T. ) ;
#1877 = LINE ( 'NONE', #382, #1010 ) ;
#1878 = CARTESIAN_POINT ( 'NONE',  ( -1.499056975350087141E-18, 41.15661333927723575, 22.50000000000000000 ) ) ;
#1879 = ORIENTED_EDGE ( 'NONE', *, *, #310, .T. ) ;
#1880 = CARTESIAN_POINT ( 'NONE',  ( -14.61737190662501717, 26.00000000000000000, -29.50000000000000000 ) ) ;
#1881 = PERSON_AND_ORGANIZATION ( #1468, #700 ) ;
#1882 = CC_DESIGN_APPROVAL ( #1455, ( #1123 ) ) ;
#1883 = ORIENTED_EDGE ( 'NONE', *, *, #1907, .T. ) ;
#1884 = CARTESIAN_POINT ( 'NONE',  ( -16.54358603871948574, 25.55180101269156268, 30.00000000000000000 ) ) ;
#1885 = LOCAL_TIME ( 14, 50, 20.00000000000000000, #858 ) ;
#1886 = CARTESIAN_POINT ( 'NONE',  ( -4.980973490458728392, 31.67499657501878474, 31.65661333927723931 ) ) ;
#1887 = EDGE_LOOP ( 'NONE', ( #764, #1260, #1606 ) ) ;
#1888 = DIRECTION ( 'NONE',  ( -0.000000000000000000, -0.000000000000000000, -1.000000000000000000 ) ) ;
#1889 = VECTOR ( 'NONE', #1189, 1000.000000000000000 ) ;
#1890 = ORIENTED_EDGE ( 'NONE', *, *, #706, .T. ) ;
#1891 = CARTESIAN_POINT ( 'NONE',  ( -29.10044730370988475, 14.49411031466333810, 29.67529505263336631 ) ) ;
#1892 = CARTESIAN_POINT ( 'NONE',  ( -35.03690625522790469, -8.531040658589161844E-18, -42.00000000000000000 ) ) ;
#1893 = DIRECTION ( 'NONE',  ( -1.000000000000000000, -2.434872701500644882E-19, 0.000000000000000000 ) ) ;
#1894 = EDGE_CURVE ( 'NONE', #1443, #1364, #1054, .T. ) ;
#1895 = EDGE_LOOP ( 'NONE', ( #1090, #368, #207, #1542 ) ) ;
#1896 = FACE_OUTER_BOUND ( 'NONE', #52, .T. ) ;
#1897 = CARTESIAN_POINT ( 'NONE',  ( -11.00000000000000000, 15.67499657501880073, -5.499999999999996447 ) ) ;
#1898 = EDGE_CURVE ( 'NONE', #627, #2099, #1650, .T. ) ;
#1899 = ORIENTED_EDGE ( 'NONE', *, *, #1588, .F. ) ;
#1900 = DIRECTION ( 'NONE',  ( 2.434872701500641993E-19, -1.000000000000000000, 0.000000000000000000 ) ) ;
#1901 = EDGE_CURVE ( 'NONE', #857, #1159, #285, .T. ) ;
#1902 = DIRECTION ( 'NONE',  ( 0.000000000000000000, 1.000000000000000000, 0.000000000000000000 ) ) ;
#1903 = DIRECTION ( 'NONE',  ( -1.000000000000000000, -2.434872701500644882E-19, 0.000000000000000000 ) ) ;
#1904 = CARTESIAN_POINT ( 'NONE',  ( -36.01143129530325382, 34.99999999999999289, 28.65661333927723931 ) ) ;
#1905 = VERTEX_POINT ( 'NONE', #717 ) ;
#1906 = DIRECTION ( 'NONE',  ( 1.000000000000000000, -0.000000000000000000, -0.000000000000000000 ) ) ;
#1907 = EDGE_CURVE ( 'NONE', #1642, #55, #2135, .T. ) ;
#1908 = DIRECTION ( 'NONE',  ( -1.000000000000000000, 0.000000000000000000, 0.000000000000000000 ) ) ;
#1909 = ORIENTED_EDGE ( 'NONE', *, *, #34, .T. ) ;
#1910 = CIRCLE ( 'NONE', #1112, 6.156613339277236641 ) ;
#1911 = TOROIDAL_SURFACE ( 'NONE', #445, 35.91628531124014501, 0.5000000000000000000 ) ;
#1912 = CARTESIAN_POINT ( 'NONE',  ( -29.00000000000000000, 25.50000000000000000, -29.50000000000000000 ) ) ;
#1913 = AXIS2_PLACEMENT_3D ( 'NONE', #608, #424, #1733 ) ;
#1914 = EDGE_CURVE ( 'NONE', #215, #557, #139, .T. ) ;
#1915 = CIRCLE ( 'NONE', #1470, 0.5000000000000004441 ) ;
#1916 = CARTESIAN_POINT ( 'NONE',  ( -28.49999999999999645, 16.06502541192710254, 30.00000000000000000 ) ) ;
#1917 = LINE ( 'NONE', #450, #827 ) ;
#1918 = ORIENTED_EDGE ( 'NONE', *, *, #2123, .F. ) ;
#1919 = DIRECTION ( 'NONE',  ( 1.000000000000000000, 2.434872701500644882E-19, -0.000000000000000000 ) ) ;
#1920 = CARTESIAN_POINT ( 'NONE',  ( 9.714451465470119729E-14, 41.15661333927724286, -23.28144468359879227 ) ) ;
#1921 = EDGE_LOOP ( 'NONE', ( #745, #1555, #1562, #373 ) ) ;
#1922 = AXIS2_PLACEMENT_3D ( 'NONE', #552, #1358, #192 ) ;
#1923 = CARTESIAN_POINT ( 'NONE',  ( -28.33040435480225128, 15.48243517077668407, 30.48197013892526641 ) ) ;
#1924 = VERTEX_POINT ( 'NONE', #556 ) ;
#1925 =( BOUNDED_SURFACE ( )  B_SPLINE_SURFACE ( 3, 2, ( 
 ( #1029, #196, #1703 ),
 ( #670, #180, #855 ),
 ( #528, #391, #716 ),
 ( #1533, #1065, #1563 ),
 ( #1336, #1860, #2002 ),
 ( #369, #1039, #1176 ),
 ( #1381, #2048, #1543 ),
 ( #1840, #1222, #555 ),
 ( #705, #345, #1373 ),
 ( #2037, #538, #1208 ),
 ( #1681, #1519, #1884 ),
 ( #379, #1053, #1715 ) ),
 .UNSPECIFIED., .F., .F., .F. ) 
 B_SPLINE_SURFACE_WITH_KNOTS ( ( 4, 2, 2, 2, 2, 4 ),
 ( 3, 3 ),
 ( 0.0006438194202558178945, 0.0009880196460459369362, 0.001332219871836056195, 0.002020620323416294495, 0.002709020774996532578, 0.003397421226576770661 ),
 ( 0.000000000000000000, 1.000000000000000000 ),
 .UNSPECIFIED. ) 
 GEOMETRIC_REPRESENTATION_ITEM ( )  RATIONAL_B_SPLINE_SURFACE ( (
 ( 1.000000000000000000, 0.9793538085415964822, 1.000000000000000000),
 ( 1.000000000000000000, 0.9793740301031089723, 1.000000000000000000),
 ( 1.000000000000000000, 0.9742896851616165144, 1.000000000000000000),
 ( 1.000000000000000000, 0.9599770134919967113, 1.000000000000000000),
 ( 1.000000000000000000, 0.9510485011222684637, 1.000000000000000000),
 ( 1.000000000000000000, 0.9218094003669931036, 1.000000000000000000),
 ( 1.000000000000000000, 0.8995108382825459659, 1.000000000000000000),
 ( 1.000000000000000000, 0.8510452955119877094, 1.000000000000000000),
 ( 1.000000000000000000, 0.8252129836830792708, 1.000000000000000000),
 ( 1.000000000000000000, 0.7695580693177235254, 1.000000000000000000),
 ( 1.000000000000000000, 0.7397324919097111318, 1.000000000000000000),
 ( 1.000000000000000000, 0.7071067811865496822, 1.000000000000000000) ) ) 
 REPRESENTATION_ITEM ( '' )  SURFACE ( )  );
#1926 = CARTESIAN_POINT ( 'NONE',  ( -28.60928334069328471, 15.79760915871096927, 29.99105570174276991 ) ) ;
#1927 = EDGE_CURVE ( 'NONE', #893, #1789, #600, .T. ) ;
#1928 = ORIENTED_EDGE ( 'NONE', *, *, #617, .F. ) ;
#1929 = CARTESIAN_POINT ( 'NONE',  ( -28.49999999999999289, -8.694202459316309538E-15, 29.50000000000000000 ) ) ;
#1930 = ORIENTED_EDGE ( 'NONE', *, *, #2066, .F. ) ;
#1931 = DIRECTION ( 'NONE',  ( 0.000000000000000000, 0.000000000000000000, 1.000000000000000000 ) ) ;
#1932 = CARTESIAN_POINT ( 'NONE',  ( -36.01143129530325382, 35.00000000000000000, -16.34338666072276425 ) ) ;
#1933 = EDGE_LOOP ( 'NONE', ( #81, #1992, #563 ) ) ;
#1934 = LINE ( 'NONE', #623, #1316 ) ;
#1935 = EDGE_CURVE ( 'NONE', #136, #1447, #525, .T. ) ;
#1936 = CARTESIAN_POINT ( 'NONE',  ( -28.99999996535412450, 14.62762527849600502, 29.62687124391612414 ) ) ;
#1937 = DIRECTION ( 'NONE',  ( 1.000000000000000000, -0.000000000000000000, 0.000000000000000000 ) ) ;
#1938 = VERTEX_POINT ( 'NONE', #392 ) ;
#1939 = ADVANCED_FACE ( 'NONE', ( #1066 ), #729, .F. ) ;
#1940 = CARTESIAN_POINT ( 'NONE',  ( 0.000000000000000000, 35.00000000000000000, -16.34338666072276425 ) ) ;
#1941 = APPROVAL ( #562, 'UNSPECIFIED' ) ;
#1942 = ORIENTED_EDGE ( 'NONE', *, *, #1204, .T. ) ;
#1943 = DIRECTION ( 'NONE',  ( 0.000000000000000000, -1.000000000000000000, 0.000000000000000000 ) ) ;
#1944 = ORIENTED_EDGE ( 'NONE', *, *, #2031, .F. ) ;
#1945 = AXIS2_PLACEMENT_3D ( 'NONE', #1013, #1721, #1677 ) ;
#1946 = CIRCLE ( 'NONE', #447, 0.5000000000000004441 ) ;
#1947 = ORIENTED_EDGE ( 'NONE', *, *, #1219, .F. ) ;
#1948 = AXIS2_PLACEMENT_3D ( 'NONE', #1056, #849, #172 ) ;
#1949 = LINE ( 'NONE', #1428, #2092 ) ;
#1950 = EDGE_LOOP ( 'NONE', ( #1275, #1125 ) ) ;
#1951 = CARTESIAN_POINT ( 'NONE',  ( -15.52310369930133049, 25.54372827877521956, 30.37573007628227373 ) ) ;
#1952 = ORIENTED_EDGE ( 'NONE', *, *, #767, .F. ) ;
#1953 = CARTESIAN_POINT ( 'NONE',  ( -0.2071067811865479336, 2.715283560791666949E-16, 42.29289321881346098 ) ) ;
#1954 = VECTOR ( 'NONE', #750, 1000.000000000000000 ) ;
#1955 = VERTEX_POINT ( 'NONE', #895 ) ;
#1956 = DIRECTION ( 'NONE',  ( 1.000000000000000000, 0.000000000000000000, 0.000000000000000000 ) ) ;
#1957 = VECTOR ( 'NONE', #1149, 1000.000000000000000 ) ;
#1958 = DIRECTION ( 'NONE',  ( -0.000000000000000000, -0.000000000000000000, -1.000000000000000000 ) ) ;
#1959 = CARTESIAN_POINT ( 'NONE',  ( -36.01143129530325382, 35.00000000000000000, -22.50000000000000000 ) ) ;
#1960 = ADVANCED_FACE ( 'NONE', ( #529 ), #1397, .T. ) ;
#1961 = ORIENTED_EDGE ( 'NONE', *, *, #211, .T. ) ;
#1962 = CARTESIAN_POINT ( 'NONE',  ( -28.95422395482331623, 14.91594198094351675, -29.71437838336089499 ) ) ;
#1963 = CC_DESIGN_DATE_AND_TIME_ASSIGNMENT ( #1863, #1021, ( #1123 ) ) ;
#1964 = ORIENTED_EDGE ( 'NONE', *, *, #1757, .F. ) ;
#1965 = PERSON_AND_ORGANIZATION ( #1468, #700 ) ;
#1966 = DIRECTION ( 'NONE',  ( -0.000000000000000000, 0.000000000000000000, 1.000000000000000000 ) ) ;
#1967 = FACE_OUTER_BOUND ( 'NONE', #1535, .T. ) ;
#1968 = DIRECTION ( 'NONE',  ( -1.000000000000000000, 0.000000000000000000, 0.000000000000000000 ) ) ;
#1969 = VERTEX_POINT ( 'NONE', #2062 ) ;
#1970 = EDGE_CURVE ( 'NONE', #1600, #1741, #564, .T. ) ;
#1971 = DIRECTION ( 'NONE',  ( 0.4536509564368945702, -0.8911794486655821856, 0.000000000000000000 ) ) ;
#1972 = CYLINDRICAL_SURFACE ( 'NONE', #1788, 0.5000000000000000000 ) ;
#1973 = CARTESIAN_POINT ( 'NONE',  ( -28.50000000000000000, 25.50000000000000000, 29.50000000000000000 ) ) ;
#1974 = EDGE_CURVE ( 'NONE', #1196, #893, #1752, .T. ) ;
#1975 = PERSON_AND_ORGANIZATION_ROLE ( 'design_supplier' ) ;
#1976 = AXIS2_PLACEMENT_3D ( 'NONE', #1503, #168, #1017 ) ;
#1977 = VECTOR ( 'NONE', #1309, 1000.000000000000000 ) ;
#1978 = CARTESIAN_POINT ( 'NONE',  ( -12.00000000000000000, 26.67499657501879540, 5.500000000000001776 ) ) ;
#1979 = VECTOR ( 'NONE', #1091, 1000.000000000000000 ) ;
#1980 = DIRECTION ( 'NONE',  ( 1.000000000000000000, 0.000000000000000000, 0.000000000000000000 ) ) ;
#1981 = DIRECTION ( 'NONE',  ( 0.000000000000000000, 0.000000000000000000, 1.000000000000000000 ) ) ;
#1982 = VERTEX_POINT ( 'NONE', #1897 ) ;
#1983 = DIRECTION ( 'NONE',  ( -1.000000000000000000, -2.434872701500644882E-19, 0.000000000000000000 ) ) ;
#1984 = CARTESIAN_POINT ( 'NONE',  ( -28.49999999999999645, 14.62699153908895511, 30.00000000000000000 ) ) ;
#1985 = FACE_OUTER_BOUND ( 'NONE', #1228, .T. ) ;
#1986 = VECTOR ( 'NONE', #1761, 1000.000000000000000 ) ;
#1987 = DIRECTION ( 'NONE',  ( 0.000000000000000000, 0.000000000000000000, -1.000000000000000000 ) ) ;
#1988 = EDGE_CURVE ( 'NONE', #231, #1174, #317, .T. ) ;
#1989 = CARTESIAN_POINT ( 'NONE',  ( -4.980973490458728392, 34.99999999999999289, 22.50000000000000000 ) ) ;
#1990 = CARTESIAN_POINT ( 'NONE',  ( -29.00000000000000000, 26.00000000000000000, 30.00000000000000000 ) ) ;
#1991 = AXIS2_PLACEMENT_3D ( 'NONE', #1482, #996, #473 ) ;
#1992 = ORIENTED_EDGE ( 'NONE', *, *, #1480, .F. ) ;
#1993 = CARTESIAN_POINT ( 'NONE',  ( -16.11887037115132415, 25.25638601455553101, -30.48417309010479670 ) ) ;
#1994 = DIRECTION ( 'NONE',  ( 0.000000000000000000, -3.154042683594196107E-16, -1.000000000000000000 ) ) ;
#1995 = CARTESIAN_POINT ( 'NONE',  ( -4.980973490458728392, 28.67499657501879540, 42.50000000000000000 ) ) ;
#1996 = EDGE_CURVE ( 'NONE', #1727, #1572, #2074, .T. ) ;
#1997 = LINE ( 'NONE', #645, #1977 ) ;
#1998 = CARTESIAN_POINT ( 'NONE',  ( -28.27143126168817844, 15.55599443231020196, -30.07747111914012450 ) ) ;
#1999 = FACE_OUTER_BOUND ( 'NONE', #597, .T. ) ;
#2000 = ORIENTED_EDGE ( 'NONE', *, *, #880, .T. ) ;
#2001 = ADVANCED_FACE ( 'NONE', ( #31 ), #61, .F. ) ;
#2002 = CARTESIAN_POINT ( 'NONE',  ( -14.88413815420821429, 25.94192925218749934, 29.73672170064036990 ) ) ;
#2003 = DIRECTION ( 'NONE',  ( 2.434872701500645364E-19, -1.000000000000000000, 3.154042683594196107E-16 ) ) ;
#2004 = CARTESIAN_POINT ( 'NONE',  ( -11.00000000000000000, 15.67499657501880428, 5.500000000000000000 ) ) ;
#2005 = CARTESIAN_POINT ( 'NONE',  ( -4.980973490458728392, 40.72083462553895572, 20.22493099080470103 ) ) ;
#2006 = VECTOR ( 'NONE', #1807, 1000.000000000000000 ) ;
#2007 = DIRECTION ( 'NONE',  ( 0.000000000000000000, 1.000000000000000000, 0.000000000000000000 ) ) ;
#2008 = TOROIDAL_SURFACE ( 'NONE', #1113, 36.91628531124014501, 0.5000000000000000000 ) ;
#2009 = CYLINDRICAL_SURFACE ( 'NONE', #622, 2.999999999999995559 ) ;
#2010 = AXIS2_PLACEMENT_3D ( 'NONE', #695, #681, #356 ) ;
#2011 = CARTESIAN_POINT ( 'NONE',  ( -12.00000000000000000, 26.67499657501879540, 5.500000000000001776 ) ) ;
#2012 = EDGE_LOOP ( 'NONE', ( #801, #1695, #1530, #928 ) ) ;
#2013 = CYLINDRICAL_SURFACE ( 'NONE', #2010, 2.500000000000002220 ) ;
#2014 = CARTESIAN_POINT ( 'NONE',  ( -35.01143129530324671, 0.5000000000000000000, -42.00000000000000000 ) ) ;
#2015 = ADVANCED_FACE ( 'NONE', ( #707 ), #1374, .T. ) ;
#2016 = CARTESIAN_POINT ( 'NONE',  ( -16.52028266132295897, 25.05441027566720535, -30.50000000000000711 ) ) ;
#2017 = APPROVAL_ROLE ( '' ) ;
#2018 = CARTESIAN_POINT ( 'NONE',  ( -1.499056975350085408E-18, 41.15661333927723575, -22.50000000000000000 ) ) ;
#2019 = CARTESIAN_POINT ( 'NONE',  ( -35.01143129530324671, 0.5000000000000000000, -42.50000000000000000 ) ) ;
#2020 = EDGE_LOOP ( 'NONE', ( #344, #1038, #1449, #1264 ) ) ;
#2021 = CYLINDRICAL_SURFACE ( 'NONE', #1142, 6.156613339277236641 ) ;
#2022 = AXIS2_PLACEMENT_3D ( 'NONE', #268, #609, #1418 ) ;
#2023 = CARTESIAN_POINT ( 'NONE',  ( -16.37217072854086553, 25.59543011531463463, -30.00000000000000355 ) ) ;
#2024 = MECHANICAL_CONTEXT ( 'NONE', #2174, 'mechanical' ) ;
#2025 = ORIENTED_EDGE ( 'NONE', *, *, #1063, .T. ) ;
#2026 = CARTESIAN_POINT ( 'NONE',  ( -36.01143129530325382, 35.00000000000000000, -22.50000000000000000 ) ) ;
#2027 = EDGE_CURVE ( 'NONE', #2128, #1924, #1097, .T. ) ;
#2028 = ORIENTED_EDGE ( 'NONE', *, *, #1393, .F. ) ;
#2029 = FACE_OUTER_BOUND ( 'NONE', #394, .T. ) ;
#2030 = EDGE_LOOP ( 'NONE', ( #82, #1375, #1735, #2025 ) ) ;
#2031 = EDGE_CURVE ( 'NONE', #1600, #679, #1431, .T. ) ;
#2032 = CARTESIAN_POINT ( 'NONE',  ( 0.000000000000000000, 31.67499657501879184, -16.34338666072276425 ) ) ;
#2033 = CARTESIAN_POINT ( 'NONE',  ( -1.002111143060234341E-17, 41.15661333927723575, -42.50000000000000000 ) ) ;
#2034 = CARTESIAN_POINT ( 'NONE',  ( -36.01143129530325382, 28.67499657501878474, 31.65661333927723931 ) ) ;
#2035 = CARTESIAN_POINT ( 'NONE',  ( -6.495022097313644530E-18, 26.67499657501878829, 40.50000000000000000 ) ) ;
#2036 = ORIENTED_EDGE ( 'NONE', *, *, #744, .T. ) ;
#2037 = CARTESIAN_POINT ( 'NONE',  ( -16.11987708535205499, 25.25588964650208013, 30.48428072018823443 ) ) ;
#2038 = DIRECTION ( 'NONE',  ( 0.000000000000000000, 6.399194385497194136E-16, 1.000000000000000000 ) ) ;
#2039 = ORIENTED_EDGE ( 'NONE', *, *, #2059, .F. ) ;
#2040 = CARTESIAN_POINT ( 'NONE',  ( -4.980973490458728392, 28.67499657501882027, 28.65661333927722509 ) ) ;
#2041 = ORIENTED_EDGE ( 'NONE', *, *, #710, .T. ) ;
#2042 = CARTESIAN_POINT ( 'NONE',  ( 1.387778780781445676E-14, 41.15661333927723575, 21.71855531640121129 ) ) ;
#2043 = CARTESIAN_POINT ( 'NONE',  ( -4.833313882511480308, 28.67499657501878474, 42.14230246356051879 ) ) ;
#2044 = AXIS2_PLACEMENT_3D ( 'NONE', #1678, #1958, #1157 ) ;
#2045 = CIRCLE ( 'NONE', #1046, 6.156613339277236641 ) ;
#2046 = ORIENTED_EDGE ( 'NONE', *, *, #1582, .F. ) ;
#2047 = AXIS2_PLACEMENT_3D ( 'NONE', #833, #1510, #1653 ) ;
#2048 = CARTESIAN_POINT ( 'NONE',  ( -15.21973765645759613, 25.68501130934930288, 30.01609862537052464 ) ) ;
#2049 = CARTESIAN_POINT ( 'NONE',  ( -0.2071067811865477115, 3.724327894270065031E-16, -42.29289321881346098 ) ) ;
#2050 = AXIS2_PLACEMENT_3D ( 'NONE', #746, #1903, #1240 ) ;
#2051 = ORIENTED_EDGE ( 'NONE', *, *, #211, .F. ) ;
#2052 = DIRECTION ( 'NONE',  ( -1.000000000000000000, 0.000000000000000000, 0.000000000000000000 ) ) ;
#2053 = EDGE_CURVE ( 'NONE', #1159, #812, #1225, .T. ) ;
#2054 = CARTESIAN_POINT ( 'NONE',  ( -28.76605803249534787, 15.40386940956449457, 29.92773978610077990 ) ) ;
#2055 = CARTESIAN_POINT ( 'NONE',  ( -28.69322223480444123, 15.58949050606282150, 29.97418067627104676 ) ) ;
#2056 = EDGE_CURVE ( 'NONE', #1485, #1344, #924, .T. ) ;
#2057 = FACE_OUTER_BOUND ( 'NONE', #1714, .T. ) ;
#2058 = VERTEX_POINT ( 'NONE', #599 ) ;
#2059 = EDGE_CURVE ( 'NONE', #635, #1727, #2111, .T. ) ;
#2060 = DIRECTION ( 'NONE',  ( 5.081295020118190534E-34, -2.086883234998906156E-15, 1.000000000000000000 ) ) ;
#2061 = CC_DESIGN_PERSON_AND_ORGANIZATION_ASSIGNMENT ( #466, #1975, ( #162 ) ) ;
#2062 = CARTESIAN_POINT ( 'NONE',  ( -4.980973490458728392, 31.67499657501879184, -16.34338666072276425 ) ) ;
#2063 = VERTEX_POINT ( 'NONE', #1442 ) ;
#2064 = LINE ( 'NONE', #888, #1570 ) ;
#2065 = VECTOR ( 'NONE', #1409, 1000.000000000000000 ) ;
#2066 = EDGE_CURVE ( 'NONE', #614, #625, #1268, .T. ) ;
#2067 = CARTESIAN_POINT ( 'NONE',  ( 9.714451465470119729E-14, 41.15661333927724996, -21.71855531640120063 ) ) ;
#2068 = EDGE_CURVE ( 'NONE', #1364, #1135, #817, .T. ) ;
#2069 = DIRECTION ( 'NONE',  ( 0.000000000000000000, 0.000000000000000000, -1.000000000000000000 ) ) ;
#2070 = CARTESIAN_POINT ( 'NONE',  ( -15.13924270123783344, 25.72188004662361038, -30.24489391567852081 ) ) ;
#2071 = B_SPLINE_CURVE_WITH_KNOTS ( 'NONE', 3,
 ( #1494, #463, #1993, #650, #114, #137, #493, #1473, #1160, #1827, #1304, #2161 ),
 .UNSPECIFIED., .F., .F.,
 ( 4, 2, 2, 2, 2, 4 ),
 ( 0.000000000000000000, 0.0006678383135903763479, 0.001335676627180752696, 0.002003514940771129477, 0.002337434097566314616, 0.002671353254361500187 ),
 .UNSPECIFIED. ) ;
#2072 = EDGE_LOOP ( 'NONE', ( #917, #415, #865, #1460 ) ) ;
#2073 = DIRECTION ( 'NONE',  ( -0.000000000000000000, -0.000000000000000000, -1.000000000000000000 ) ) ;
#2074 = LINE ( 'NONE', #1734, #877 ) ;
#2075 = EDGE_CURVE ( 'NONE', #812, #857, #596, .T. ) ;
#2076 = VERTEX_POINT ( 'NONE', #70 ) ;
#2077 = ORIENTED_EDGE ( 'NONE', *, *, #1156, .T. ) ;
#2078 = CARTESIAN_POINT ( 'NONE',  ( -29.10044733982189413, 14.49411026666312452, 29.50000000000000000 ) ) ;
#2079 = ORIENTED_EDGE ( 'NONE', *, *, #1745, .F. ) ;
#2080 = CARTESIAN_POINT ( 'NONE',  ( -4.980973490458728392, 31.67499657501879184, -31.65661333927723931 ) ) ;
#2081 = ORIENTED_EDGE ( 'NONE', *, *, #1553, .F. ) ;
#2082 = DIRECTION ( 'NONE',  ( 0.000000000000000000, -1.000000000000000000, -1.577021341797098546E-16 ) ) ;
#2083 = ORIENTED_EDGE ( 'NONE', *, *, #2031, .T. ) ;
#2084 = CARTESIAN_POINT ( 'NONE',  ( -29.00000000000000000, 25.50000000000000000, 29.50000000000000000 ) ) ;
#2085 = CIRCLE ( 'NONE', #301, 0.5000000000000003331 ) ;
#2086 = CARTESIAN_POINT ( 'NONE',  ( -12.00000000000000000, 26.67499657501879540, -5.499999999999998224 ) ) ;
#2087 = ORIENTED_EDGE ( 'NONE', *, *, #612, .T. ) ;
#2088 = ORIENTED_EDGE ( 'NONE', *, *, #1805, .F. ) ;
#2089 = VECTOR ( 'NONE', #1302, 1000.000000000000000 ) ;
#2090 = CARTESIAN_POINT ( 'NONE',  ( -29.00000000000000000, 26.00000000000000000, 30.00000000000000000 ) ) ;
#2091 = EDGE_CURVE ( 'NONE', #71, #776, #948, .T. ) ;
#2092 = VECTOR ( 'NONE', #1102, 1000.000000000000000 ) ;
#2093 = CARTESIAN_POINT ( 'NONE',  ( -1.680325923519130127, 41.00960386994059093, -20.95106329074219076 ) ) ;
#2094 =( BOUNDED_CURVE ( )  B_SPLINE_CURVE ( 3, ( #2171, #1953, #455, #1130 ),
 .UNSPECIFIED., .F., .T. ) 
 B_SPLINE_CURVE_WITH_KNOTS ( ( 4, 4 ),
 ( 4.712388980384689674, 6.283185307179586232 ),
 .UNSPECIFIED. ) 
 CURVE ( )  GEOMETRIC_REPRESENTATION_ITEM ( )  RATIONAL_B_SPLINE_CURVE ( ( 1.000000000000000000, 0.8047378541243649375, 0.8047378541243649375, 1.000000000000000000 ) ) 
 REPRESENTATION_ITEM ( '' )  );
#2095 = CARTESIAN_POINT ( 'NONE',  ( -16.34822036929524813, 25.14199782482475598, -30.04417160925693153 ) ) ;
#2096 = CARTESIAN_POINT ( 'NONE',  ( -6.943587481492136514E-18, 28.51725052078783662, -42.50000000000000000 ) ) ;
#2097 = LINE ( 'NONE', #443, #152 ) ;
#2098 = DIRECTION ( 'NONE',  ( 0.000000000000000000, 0.000000000000000000, 1.000000000000000000 ) ) ;
#2099 = VERTEX_POINT ( 'NONE', #1598 ) ;
#2100 = EDGE_CURVE ( 'NONE', #1372, #1862, #1609, .T. ) ;
#2101 = CARTESIAN_POINT ( 'NONE',  ( -4.980973490458326047, 28.67499657501883803, -42.00000000000000711 ) ) ;
#2102 = ORIENTED_EDGE ( 'NONE', *, *, #1646, .F. ) ;
#2103 = B_SPLINE_CURVE_WITH_KNOTS ( 'NONE', 3,
 ( #1505, #1673, #1170, #1684, #997, #653, #1321, #359, #1521, #847, #160, #1151, #1829, #1483 ),
 .UNSPECIFIED., .F., .F.,
 ( 4, 2, 2, 2, 2, 2, 4 ),
 ( 0.000000000000000000, 7.320472707952882583E-05, 0.0001464094541590576517, 0.0002928189083181153033, 0.0005856378166362239930, 0.001171275633272444300, 0.002342551266544883829 ),
 .UNSPECIFIED. ) ;
#2104 = CARTESIAN_POINT ( 'NONE',  ( -28.82700170963207498, 14.85345367232970304, 30.20182123552476483 ) ) ;
#2105 = ORIENTED_EDGE ( 'NONE', *, *, #77, .F. ) ;
#2106 = EDGE_CURVE ( 'NONE', #1572, #949, #377, .T. ) ;
#2107 = CARTESIAN_POINT ( 'NONE',  ( -15.59927567986958330, 25.50778872821898347, -30.07668186341723526 ) ) ;
#2108 = CARTESIAN_POINT ( 'NONE',  ( -36.01143129530325382, 31.67499657501879184, -31.65661333927723931 ) ) ;
#2109 = EDGE_LOOP ( 'NONE', ( #277, #537, #32, #1518 ) ) ;
#2110 = CARTESIAN_POINT ( 'NONE',  ( -14.61737190662501717, 26.50000000000000000, -29.50000000000000000 ) ) ;
#2111 = LINE ( 'NONE', #1259, #1954 ) ;
#2112 = ORIENTED_EDGE ( 'NONE', *, *, #291, .F. ) ;
#2113 = CARTESIAN_POINT ( 'NONE',  ( 0.000000000000000000, 35.00000000000000000, -22.50000000000000000 ) ) ;
#2114 = VERTEX_POINT ( 'NONE', #693 ) ;
#2115 = DIRECTION ( 'NONE',  ( 0.000000000000000000, 0.000000000000000000, -1.000000000000000000 ) ) ;
#2116 = ORIENTED_EDGE ( 'NONE', *, *, #1075, .T. ) ;
#2117 = CARTESIAN_POINT ( 'NONE',  ( -14.59844115767560346, 25.96316724908422913, 29.90008413745934135 ) ) ;
#2118 = ORIENTED_EDGE ( 'NONE', *, *, #1131, .F. ) ;
#2119 = CARTESIAN_POINT ( 'NONE',  ( -4.786280157490044651, 28.67499657501878119, -42.16063629686038183 ) ) ;
#2120 = CIRCLE ( 'NONE', #409, 0.5000000000000004441 ) ;
#2121 = VECTOR ( 'NONE', #1831, 1000.000000000000000 ) ;
#2122 = EDGE_LOOP ( 'NONE', ( #1285, #789, #1434, #986 ) ) ;
#2123 = EDGE_CURVE ( 'NONE', #1509, #625, #1371, .T. ) ;
#2124 = CARTESIAN_POINT ( 'NONE',  ( -4.980973490458728392, 40.72083462553895572, -20.22493099080467616 ) ) ;
#2125 = CARTESIAN_POINT ( 'NONE',  ( -35.01143129530324671, 0.5000000000000000000, 42.00000000000000000 ) ) ;
#2126 = EDGE_CURVE ( 'NONE', #1938, #881, #536, .T. ) ;
#2127 = LINE ( 'NONE', #1144, #904 ) ;
#2128 = VERTEX_POINT ( 'NONE', #1343 ) ;
#2129 = EDGE_CURVE ( 'NONE', #398, #635, #1691, .T. ) ;
#2130 = APPROVAL ( #9, 'UNSPECIFIED' ) ;
#2131 = CARTESIAN_POINT ( 'NONE',  ( -28.98657647867658227, 14.83041080575632620, -29.62458259423556584 ) ) ;
#2132 = VECTOR ( 'NONE', #843, 1000.000000000000000 ) ;
#2133 = ORIENTED_EDGE ( 'NONE', *, *, #1843, .F. ) ;
#2134 = FACE_OUTER_BOUND ( 'NONE', #694, .T. ) ;
#2135 = CIRCLE ( 'NONE', #208, 0.5000000000000004441 ) ;
#2136 = ADVANCED_FACE ( 'NONE', ( #4 ), #367, .F. ) ;
#2137 = CARTESIAN_POINT ( 'NONE',  ( -35.52466418942974258, 0.6099645289316770747, 42.00000000000000000 ) ) ;
#2138 = CARTESIAN_POINT ( 'NONE',  ( -12.00000000000000000, 15.67499657501880428, 5.500000000000000000 ) ) ;
#2139 = VERTEX_POINT ( 'NONE', #526 ) ;
#2140 = DIRECTION ( 'NONE',  ( -0.2199290578633507076, -0.9755158684036560057, 1.390028182232644942E-15 ) ) ;
#2141 = ORIENTED_EDGE ( 'NONE', *, *, #744, .F. ) ;
#2142 = EDGE_CURVE ( 'NONE', #2076, #1196, #678, .T. ) ;
#2143 = CARTESIAN_POINT ( 'NONE',  ( -12.00000000000000000, 15.67499657501880428, 5.500000000000000000 ) ) ;
#2144 = CARTESIAN_POINT ( 'NONE',  ( -36.01143129530325382, 28.67499657501878829, 13.34338666072276425 ) ) ;
#2145 = ORIENTED_EDGE ( 'NONE', *, *, #177, .F. ) ;
#2146 = CARTESIAN_POINT ( 'NONE',  ( 3.652309052250966120E-19, 28.67499657501878829, 13.34338666072276425 ) ) ;
#2147 = CARTESIAN_POINT ( 'NONE',  ( -28.86110004594357648, 15.15975825934330246, -29.85119650035481698 ) ) ;
#2148 = CARTESIAN_POINT ( 'NONE',  ( -28.49999999999999645, 16.06502541192709899, 30.00000000000000000 ) ) ;
#2149 = ORIENTED_EDGE ( 'NONE', *, *, #1461, .T. ) ;
#2150 = DIRECTION ( 'NONE',  ( -0.6356018760976248627, -0.7720170044119364361, -0.000000000000000000 ) ) ;
#2151 = DIRECTION ( 'NONE',  ( -0.7720170044119362140, 0.6356018760976248627, 0.000000000000000000 ) ) ;
#2152 = DIRECTION ( 'NONE',  ( -0.000000000000000000, -0.000000000000000000, 1.000000000000000000 ) ) ;
#2153 = ADVANCED_FACE ( 'NONE', ( #2057 ), #512, .T. ) ;
#2154 = VECTOR ( 'NONE', #1369, 1000.000000000000000 ) ;
#2155 = AXIS2_PLACEMENT_3D ( 'NONE', #1576, #586, #60 ) ;
#2156 = CARTESIAN_POINT ( 'NONE',  ( -28.11399149779403217, 15.74722447387828517, -30.50000000000000711 ) ) ;
#2157 = CIRCLE ( 'NONE', #342, 3.000000000000002665 ) ;
#2158 = DIRECTION ( 'NONE',  ( 2.786356979726903802E-35, -1.284980352575412699E-16, 1.000000000000000000 ) ) ;
#2159 = CARTESIAN_POINT ( 'NONE',  ( -14.46654078832624712, 26.02057332784652743, 29.72239519915419592 ) ) ;
#2160 = ORIENTED_EDGE ( 'NONE', *, *, #2053, .F. ) ;
#2161 = CARTESIAN_POINT ( 'NONE',  ( -14.41939191238417806, 26.04086611769505311, -29.50000000000000000 ) ) ;
#2162 = EDGE_CURVE ( 'NONE', #389, #974, #1615, .T. ) ;
#2163 = CARTESIAN_POINT ( 'NONE',  ( -35.03690625522790469, 0.5000000000000000000, -42.00000000000000000 ) ) ;
#2164 = VECTOR ( 'NONE', #1051, 1000.000000000000000 ) ;
#2165 = CARTESIAN_POINT ( 'NONE',  ( 0.000000000000000000, 34.99999999999999289, 22.50000000000000000 ) ) ;
#2166 = EDGE_CURVE ( 'NONE', #1174, #231, #1057, .T. ) ;
#2167 = CARTESIAN_POINT ( 'NONE',  ( -29.00000000000000355, 14.62762523289051941, -29.49999999999999645 ) ) ;
#2168 = CARTESIAN_POINT ( 'NONE',  ( -4.980973490458693753, 28.67499657501879184, -13.34338666072276780 ) ) ;
#2169 = AXIS2_PLACEMENT_3D ( 'NONE', #1305, #2003, #1019 ) ;
#2170 = ORIENTED_EDGE ( 'NONE', *, *, #983, .T. ) ;
#2171 = CARTESIAN_POINT ( 'NONE',  ( -0.5000000000000000000, -1.217436350750322441E-19, 42.00000000000000000 ) ) ;
#2172 = DIRECTION ( 'NONE',  ( 0.000000000000000000, 1.000000000000000000, 0.000000000000000000 ) ) ;
#2173 = FACE_BOUND ( 'NONE', #1445, .T. ) ;
#2174 = APPLICATION_CONTEXT ( 'configuration controlled 3d designs of mechanical parts and assemblies' ) ;
ENDSEC;
END-ISO-10303-21;
