ISO-10303-21;
HEADER;
FILE_DESCRIPTION (( 'STEP AP203' ),
    '1' );
FILE_NAME ('SPINDLE NUT 1 INCH_1_REV_.step',
    '2025-08-17T04:52:02',
    ( '' ),
    ( '' ),
    'SwSTEP 2.0',
    'SolidWorks 2024',
    '' );
FILE_SCHEMA (( 'CONFIG_CONTROL_DESIGN' ));
ENDSEC;

DATA;
#1 = CARTESIAN_POINT ( 'NONE',  ( -0.4467452730471868638, -0.2246130090898466047, -0.1911542935201281379 ) ) ;
#2 = CARTESIAN_POINT ( 'NONE',  ( 0.1461604990120161929, -0.4304471581984721795, -0.4999999999999973355 ) ) ;
#3 = AXIS2_PLACEMENT_3D ( 'NONE', #747, #5460, #1799 ) ;
#4 = CARTESIAN_POINT ( 'NONE',  ( -0.6722571692810485056, 0.3356190528742304391, 1.106494071063821228E-48 ) ) ;
#5 = CARTESIAN_POINT ( 'NONE',  ( 0.4309634997699982040, 0.1400285289800031197, -0.4158035718600031627 ) ) ;
#6 = FACE_OUTER_BOUND ( 'NONE', #2580, .T. ) ;
#7 = EDGE_CURVE ( 'NONE', #2183, #4772, #90, .T. ) ;
#8 = ORIENTED_EDGE ( 'NONE', *, *, #5064, .F. ) ;
#9 = CARTESIAN_POINT ( 'NONE',  ( -0.5606762314002501357, 0.5423188307922857110, -0.4826548604404184983 ) ) ;
#10 = ORIENTED_EDGE ( 'NONE', *, *, #7383, .F. ) ;
#11 = ORIENTED_EDGE ( 'NONE', *, *, #727, .F. ) ;
#12 = CARTESIAN_POINT ( 'NONE',  ( -0.4658010227600948294, -0.1153246294621863288, -0.4999999999999974465 ) ) ;
#13 = CARTESIAN_POINT ( 'NONE',  ( 0.1147994871582958404, -0.4388385613129668350, -0.07299477973246265572 ) ) ;
#14 = CARTESIAN_POINT ( 'NONE',  ( -0.4314047349999962089, -0.1401718949999992692, -0.3714285709999997076 ) ) ;
#15 = PLANE ( 'NONE',  #7325 ) ;
#16 = CARTESIAN_POINT ( 'NONE',  ( -0.7500000000000174305, 0.2666175224665182641, -0.02654089444065526465 ) ) ;
#17 = AXIS2_PLACEMENT_3D ( 'NONE', #388, #7202, #5989 ) ;
#18 = CARTESIAN_POINT ( 'NONE',  ( -0.3858601250000029403, 0.2803437910000101119, -0.4535714289999999704 ) ) ;
#19 = VERTEX_POINT ( 'NONE', #4851 ) ;
#20 = CARTESIAN_POINT ( 'NONE',  ( 0.4535207350161320483, 0.2106021150938800490, -0.02187249042903419149 ) ) ;
#21 = B_SPLINE_CURVE_WITH_KNOTS ( 'NONE', 3,
 ( #890, #4342, #4969, #3215 ),
 .UNSPECIFIED., .F., .F.,
 ( 4, 4 ),
 ( 0.000000000000000000, 1.000000000000000000 ),
 .UNSPECIFIED. ) ;
#22 = CARTESIAN_POINT ( 'NONE',  ( 0.2662458321315190335, 0.7011513081666969072, -1.260583938196437646E-11 ) ) ;
#23 = EDGE_LOOP ( 'NONE', ( #2737, #5606, #975, #1502 ) ) ;
#24 = CARTESIAN_POINT ( 'NONE',  ( -0.4012184403586296355, -0.2986012784047944457, -0.05521805073312633511 ) ) ;
#25 = CARTESIAN_POINT ( 'NONE',  ( 0.3018427931715664814, 0.3849609337564796618, -0.4999999999999971689 ) ) ;
#26 = CARTESIAN_POINT ( 'NONE',  ( -0.2941653243700214637, 0.4048838341100017835, -0.2158035718600042063 ) ) ;
#27 = FACE_OUTER_BOUND ( 'NONE', #6356, .T. ) ;
#28 = ORIENTED_EDGE ( 'NONE', *, *, #530, .F. ) ;
#29 = CARTESIAN_POINT ( 'NONE',  ( 0.4314047349999962089, 0.1401718950000036545, -0.4161607147199958834 ) ) ;
#30 = EDGE_CURVE ( 'NONE', #4732, #1210, #3774, .T. ) ;
#31 = CARTESIAN_POINT ( 'NONE',  ( -0.3302740194407576824, 0.3320514108436106726, -0.2326327553152602590 ) ) ;
#32 = CARTESIAN_POINT ( 'NONE',  ( 0.3908144404133249705, -0.6403885815680097071, -0.5000000000000011102 ) ) ;
#33 = CARTESIAN_POINT ( 'NONE',  ( -0.3981920379999959736, -0.2423900659999962681, -0.09203844899999562290 ) ) ;
#34 = CYLINDRICAL_SURFACE ( 'NONE', #855, 0.5000000000000007772 ) ;
#35 = CARTESIAN_POINT ( 'NONE',  ( 0.4853864426895269646, -0.1200000047961414240, -0.2349166298844863610 ) ) ;
#36 = CARTESIAN_POINT ( 'NONE',  ( -0.3858601250000029403, 0.2803437910000101119, -0.2392857139999990668 ) ) ;
#37 = EDGE_CURVE ( 'NONE', #4012, #5621, #2702, .T. ) ;
#38 = CARTESIAN_POINT ( 'NONE',  ( 0.4999999999999973910, -7.619967648990073867E-09, -0.3035714289970616875 ) ) ;
#39 = PLANE ( 'NONE',  #3836 ) ;
#40 =( BOUNDED_SURFACE ( )  B_SPLINE_SURFACE ( 1, 2, ( 
 ( #5143, #5783, #1327, #3618, #6879 ),
 ( #5019, #7083, #3170, #3134, #1565 ) ),
 .UNSPECIFIED., .F., .F., .T. ) 
 B_SPLINE_SURFACE_WITH_KNOTS ( ( 2, 2 ),
 ( 3, 2, 3 ),
 ( 0.07692307692307472078, 1.000000000000000000 ),
 ( 0.1872520705887760206, 0.1928571428571430602, 0.1937209015188280370 ),
 .UNSPECIFIED. ) 
 GEOMETRIC_REPRESENTATION_ITEM ( )  RATIONAL_B_SPLINE_SURFACE ( (
 ( 0.9834629611452947451, 0.9615935531476199616, 1.000000000000000000, 0.9940814498823647982, 0.9895943154647740547),
 ( 0.9834629611452947451, 0.9615935531476199616, 1.000000000000000000, 0.9940814498823647982, 0.9895943154647740547) ) ) 
 REPRESENTATION_ITEM ( '' )  SURFACE ( )  );
#41 = DIRECTION ( 'NONE',  ( -6.162975822039154730E-33, 0.000000000000000000, 1.000000000000000000 ) ) ;
#42 = CARTESIAN_POINT ( 'NONE',  ( 0.1224062281110962352, -0.4520138372647801717, -0.05995753998839751381 ) ) ;
#43 = CARTESIAN_POINT ( 'NONE',  ( -0.4314047350000136949, 0.1401718949999970765, -0.3160714289999978499 ) ) ;
#44 = CARTESIAN_POINT ( 'NONE',  ( -0.1163341230065551707, 0.4414966194482189965, -0.04343358313661160180 ) ) ;
#45 = ORIENTED_EDGE ( 'NONE', *, *, #6099, .F. ) ;
#46 = CARTESIAN_POINT ( 'NONE',  ( -0.6558152772600442937, 0.4873902770410168950, -0.4612634963613387318 ) ) ;
#47 = ORIENTED_EDGE ( 'NONE', *, *, #2690, .F. ) ;
#48 = B_SPLINE_CURVE_WITH_KNOTS ( 'NONE', 3,
 ( #1702, #1060, #4595, #460 ),
 .UNSPECIFIED., .F., .F.,
 ( 4, 4 ),
 ( 0.000000000000000000, 1.000000000000000000 ),
 .UNSPECIFIED. ) ;
#49 = CARTESIAN_POINT ( 'NONE',  ( -0.3043265964149300395, 0.3970597215164362592, -0.4925760878340451066 ) ) ;
#50 = EDGE_CURVE ( 'NONE', #68, #4164, #3661, .T. ) ;
#51 = CARTESIAN_POINT ( 'NONE',  ( 0.1387701847351652806, 0.4803569880037962814, -0.07461952677614781815 ) ) ;
#52 = LINE ( 'NONE', #4238, #7089 ) ;
#53 = CARTESIAN_POINT ( 'NONE',  ( -0.1147994939630538336, 0.4388385596906184682, -0.1756733509413665184 ) ) ;
#54 = EDGE_CURVE ( 'NONE', #7212, #193, #507, .T. ) ;
#55 = LINE ( 'NONE', #1138, #7441 ) ;
#56 = CARTESIAN_POINT ( 'NONE',  ( -0.4755282580000375625, -0.1545084969999974134, -0.1303571429999998699 ) ) ;
#57 = CARTESIAN_POINT ( 'NONE',  ( -0.1473854530000156260, -0.4536057819999870233, -0.4321428570000003799 ) ) ;
#58 = B_SPLINE_CURVE_WITH_KNOTS ( 'NONE', 3,
 ( #5738, #603, #4061, #7047 ),
 .UNSPECIFIED., .F., .F.,
 ( 4, 4 ),
 ( 0.000000000000000000, 1.000000000000000000 ),
 .UNSPECIFIED. ) ;
#59 = EDGE_LOOP ( 'NONE', ( #2178, #4310, #6566, #2890, #6478 ) ) ;
#60 = CARTESIAN_POINT ( 'NONE',  ( 0.3466162680600662349, 0.3603569934019215104, -0.01761340334215701076 ) ) ;
#61 = CARTESIAN_POINT ( 'NONE',  ( -0.3302575740808960103, 0.3320228879006937861, -0.1612223770081776253 ) ) ;
#62 = ORIENTED_EDGE ( 'NONE', *, *, #4603, .F. ) ;
#63 = CARTESIAN_POINT ( 'NONE',  ( -0.4365652530000151410, -0.2744242959999939613, -0.1990138879999959753 ) ) ;
#64 = CARTESIAN_POINT ( 'NONE',  ( 0.3970806357348313775, -0.2308827028734514175, -0.4999999999999975575 ) ) ;
#65 = CARTESIAN_POINT ( 'NONE',  ( -0.5262189296800278138, 1.148973987079629162E-14, -0.3479464288599961042 ) ) ;
#66 = EDGE_CURVE ( 'NONE', #665, #6416, #5475, .T. ) ;
#67 = CARTESIAN_POINT ( 'NONE',  ( -0.07164390599997805253, 0.5000000000000068834, -0.1412821620000022094 ) ) ;
#68 = VERTEX_POINT ( 'NONE', #2839 ) ;
#69 = CARTESIAN_POINT ( 'NONE',  ( 0.4769493439999838991, 3.446921961238886775E-15, -0.3483035717199975956 ) ) ;
#70 = CARTESIAN_POINT ( 'NONE',  ( 0.3382477315105915094, -0.3458622450382785041, -0.1881044958329330941 ) ) ;
#71 = CARTESIAN_POINT ( 'NONE',  ( 0.3361863328855408950, 0.3092926638314958399, -0.04332442759999100002 ) ) ;
#72 = CARTESIAN_POINT ( 'NONE',  ( 0.4526480710738621793, -0.1199999949524816617, -0.1453519486348209544 ) ) ;
#73 = CARTESIAN_POINT ( 'NONE',  ( -0.07077533063708806027, 0.5000000000000067724, -0.1502298282803316842 ) ) ;
#74 = CARTESIAN_POINT ( 'NONE',  ( 0.1147994872962257579, -0.4388385614346477226, -0.2113876370599361842 ) ) ;
#75 = ADVANCED_FACE ( 'NONE', ( #2241 ), #5949, .T. ) ;
#76 = EDGE_LOOP ( 'NONE', ( #4700, #2604, #6805, #2551 ) ) ;
#77 = CARTESIAN_POINT ( 'NONE',  ( -0.4081487210800282539, 0.2890563644522810005, -0.1320097539084025828 ) ) ;
#78 = CARTESIAN_POINT ( 'NONE',  ( -0.3591855596025259056, -0.6586495244228406376, -0.5000000000000011102 ) ) ;
#79 = CARTESIAN_POINT ( 'NONE',  ( 0.2666227889999946421, 0.3669747859999997752, -0.3285714289999966953 ) ) ;
#80 = CARTESIAN_POINT ( 'NONE',  ( 0.1387701709376019943, 0.4803569917708354620, -0.003190954654113225576 ) ) ;
#81 = CARTESIAN_POINT ( 'NONE',  ( -0.3805997923814891104, -0.3276692900152919918, -0.1883437487251365672 ) ) ;
#82 = CARTESIAN_POINT ( 'NONE',  ( 0.4741220370154963226, -0.1655632536413988998, 2.146875608993285871E-48 ) ) ;
#83 = ORIENTED_EDGE ( 'NONE', *, *, #1240, .F. ) ;
#84 = EDGE_CURVE ( 'NONE', #6187, #4882, #2279, .T. ) ;
#85 = CARTESIAN_POINT ( 'NONE',  ( -0.1303964380962877312, -0.4658532494165230076, -0.1008543962803785388 ) ) ;
#86 = CARTESIAN_POINT ( 'NONE',  ( 0.3858601249999938365, -0.2803437909999871303, -0.3553571430000019293 ) ) ;
#87 = CARTESIAN_POINT ( 'NONE',  ( 0.3466162752830023730, -0.3603569864543862411, -0.03595802506796080822 ) ) ;
#88 = ORIENTED_EDGE ( 'NONE', *, *, #3127, .F. ) ;
#89 = ORIENTED_EDGE ( 'NONE', *, *, #131, .T. ) ;
#90 =( BOUNDED_CURVE ( )  B_SPLINE_CURVE ( 2, ( #2069, #3822, #1001, #1464, #3195 ),
 .UNSPECIFIED., .F., .F. ) 
 B_SPLINE_CURVE_WITH_KNOTS ( ( 3, 2, 3 ),
 ( 0.000000000000000000, 0.8708714685176286441, 1.000000000000000000 ),
 .UNSPECIFIED. ) 
 CURVE ( )  GEOMETRIC_REPRESENTATION_ITEM ( )  RATIONAL_B_SPLINE_CURVE ( ( 0.9831664982901424654, 0.9618563511490743068, 1.000000000000000000, 0.9943442476420965015, 0.9899956165723654555 ) ) 
 REPRESENTATION_ITEM ( '' )  );
#91 = CARTESIAN_POINT ( 'NONE',  ( 0.000000000000000000, 0.000000000000000000, -0.4999999999999973910 ) ) ;
#92 = CARTESIAN_POINT ( 'NONE',  ( 0.6722548953549618567, 0.3356177398226242725, 1.106487332866049202E-48 ) ) ;
#93 = CARTESIAN_POINT ( 'NONE',  ( 0.2666227890000034129, -0.3669747859999954454, -0.4928571430000012743 ) ) ;
#94 = CARTESIAN_POINT ( 'NONE',  ( 0.4180252467965375751, -0.2743895645389171634, -0.1673145621689442197 ) ) ;
#95 = CARTESIAN_POINT ( 'NONE',  ( 0.01714114039750559010, 0.4997611048146342605, -0.0002388951888786190530 ) ) ;
#96 = CARTESIAN_POINT ( 'NONE',  ( -0.4374450893992299361, 0.1199999958089122687, -0.09234318487028222999 ) ) ;
#97 = CARTESIAN_POINT ( 'NONE',  ( 0.4314047349999962089, 0.1401718950000036545, -0.3357142860000015272 ) ) ;
#98 = EDGE_LOOP ( 'NONE', ( #4155, #3302, #3083, #584 ) ) ;
#99 = EDGE_LOOP ( 'NONE', ( #4984, #6408, #3369, #6782 ) ) ;
#100 = ORIENTED_EDGE ( 'NONE', *, *, #4619, .T. ) ;
#101 = CARTESIAN_POINT ( 'NONE',  ( -0.06499618000001031182, -0.4536057819999908536, -0.1533606950000037661 ) ) ;
#102 = DIRECTION ( 'NONE',  ( 6.162975822039154730E-33, -0.000000000000000000, -1.000000000000000000 ) ) ;
#103 = FACE_OUTER_BOUND ( 'NONE', #178, .T. ) ;
#104 = CARTESIAN_POINT ( 'NONE',  ( -0.4365652530000060927, 0.2744242960000007892, -0.1313432549999984933 ) ) ;
#105 = CARTESIAN_POINT ( 'NONE',  ( 0.000000000000000000, 0.5000000000000028866, -0.2232142860000032314 ) ) ;
#106 = CARTESIAN_POINT ( 'NONE',  ( -0.4314047349999962089, -0.1401718949999992692, -0.08571428599999847409 ) ) ;
#107 = ORIENTED_EDGE ( 'NONE', *, *, #1403, .F. ) ;
#108 = CARTESIAN_POINT ( 'NONE',  ( -0.4314047349999962089, -0.1401718949999992692, -0.3804464287200015060 ) ) ;
#109 = EDGE_CURVE ( 'NONE', #2775, #6867, #6559, .T. ) ;
#110 = CARTESIAN_POINT ( 'NONE',  ( -0.01716195722309899960, -0.4999999999933986694, -0.04502013667325489160 ) ) ;
#111 = CARTESIAN_POINT ( 'NONE',  ( 0.4853864463636570759, 0.1199999904154728514, -0.08651194205712693652 ) ) ;
#112 = CARTESIAN_POINT ( 'NONE',  ( 0.2215956487776151451, -0.4494078862596799784, -0.4590529044328105490 ) ) ;
#113 = CARTESIAN_POINT ( 'NONE',  ( 0.7500000000000009992, 0.3002146799345416506, -0.03338224966682221129 ) ) ;
#114 = CARTESIAN_POINT ( 'NONE',  ( -0.3981920404075622866, -0.2423900580777058889, -0.2348955912535961310 ) ) ;
#115 = EDGE_LOOP ( 'NONE', ( #4959, #4971, #4353, #3704 ) ) ;
#116 = CARTESIAN_POINT ( 'NONE',  ( 0.000000000000000000, 0.000000000000000000, -0.4999999999999973910 ) ) ;
#117 = AXIS2_PLACEMENT_3D ( 'NONE', #5374, #5413, #4786 ) ;
#118 = CARTESIAN_POINT ( 'NONE',  ( 0.4346590749999867942, 0.1301560659999993763, -0.1306123349999993299 ) ) ;
#119 = CARTESIAN_POINT ( 'NONE',  ( -0.4769493440000299178, 1.263871385787591778E-14, -0.3750000000000028866 ) ) ;
#120 = CARTESIAN_POINT ( 'NONE',  ( -5.128880697225034028E-11, 0.4999999999885695323, 2.797412345512205536E-13 ) ) ;
#121 = CARTESIAN_POINT ( 'NONE',  ( 0.4253254039999847524, -0.3090169939999903304, -0.3910714290000025795 ) ) ;
#122 = FACE_OUTER_BOUND ( 'NONE', #6489, .T. ) ;
#123 = CARTESIAN_POINT ( 'NONE',  ( 0.4853864439851484636, 0.1199999999810910517, -0.2306341015000003547 ) ) ;
#124 = CARTESIAN_POINT ( 'NONE',  ( -0.4314047349999962089, -0.1401718949999992692, -0.4517857140000041682 ) ) ;
#125 = VECTOR ( 'NONE', #5492, 39.37007874015748854 ) ;
#126 = CARTESIAN_POINT ( 'NONE',  ( 0.4853864427635097845, -0.1200000049777055072, -0.1724166296379964214 ) ) ;
#127 = ORIENTED_EDGE ( 'NONE', *, *, #2675, .F. ) ;
#128 = CARTESIAN_POINT ( 'NONE',  ( -0.1133750241071340981, 0.4872485466777709551, -0.4259879722937554569 ) ) ;
#129 = VERTEX_POINT ( 'NONE', #6899 ) ;
#130 = DESIGN_CONTEXT ( 'detailed design', #6963, 'design' ) ;
#131 = EDGE_CURVE ( 'NONE', #5328, #4239, #5384, .T. ) ;
#132 = CARTESIAN_POINT ( 'NONE',  ( -0.4854387158177262962, 0.01152913681559477460, -0.4999999999999973910 ) ) ;
#133 = DIRECTION ( 'NONE',  ( 1.000000000000000000, -8.326672684688664192E-16, 0.000000000000000000 ) ) ;
#134 = CARTESIAN_POINT ( 'NONE',  ( 0.1273771289999881817, -0.4353541919999949772, -0.07712685100000324367 ) ) ;
#135 = CARTESIAN_POINT ( 'NONE',  ( -0.06499618000001031182, -0.4536057819999908536, -0.2158606949999961055 ) ) ;
#136 = LINE ( 'NONE', #6938, #275 ) ;
#137 = CARTESIAN_POINT ( 'NONE',  ( 0.4374450906273551487, -0.1199999913623860104, -0.2084146129257523072 ) ) ;
#138 = ORIENTED_EDGE ( 'NONE', *, *, #5408, .F. ) ;
#139 = EDGE_LOOP ( 'NONE', ( #3226, #1341, #3486, #219 ) ) ;
#140 = EDGE_CURVE ( 'NONE', #5229, #4193, #2451, .T. ) ;
#141 = LINE ( 'NONE', #5804, #4225 ) ;
#142 = EDGE_LOOP ( 'NONE', ( #6532, #2487, #45, #2244 ) ) ;
#143 = CARTESIAN_POINT ( 'NONE',  ( -0.3418951710293554602, -0.3652033763236216535, -0.3299586318980897159 ) ) ;
#144 = CARTESIAN_POINT ( 'NONE',  ( 0.000000000000000000, 0.5000000000000028866, -0.2946428569999957059 ) ) ;
#145 = CARTESIAN_POINT ( 'NONE',  ( -0.3133492190000080058, 0.3279793780000088699, -0.1788535540000032176 ) ) ;
#146 = VERTEX_POINT ( 'NONE', #7024 ) ;
#147 = CARTESIAN_POINT ( 'NONE',  ( 0.1473854529999880369, -0.4536057819999951279, -0.4340178567099964857 ) ) ;
#148 = DIRECTION ( 'NONE',  ( -6.162975822039154730E-33, 0.000000000000000000, 1.000000000000000000 ) ) ;
#149 = CARTESIAN_POINT ( 'NONE',  ( 0.4542352690479347088, 0.2092837589644665763, -0.2272562827889058334 ) ) ;
#150 = CARTESIAN_POINT ( 'NONE',  ( -0.3042712191945972089, -0.3971029393710415190, -0.4717080658870262955 ) ) ;
#151 = CARTESIAN_POINT ( 'NONE',  ( 0.7500000000000014433, 0.3221981740720170073, -0.03818543498872748604 ) ) ;
#152 = CARTESIAN_POINT ( 'NONE',  ( -0.2215956486639798495, 0.4494078863289970860, -0.3519100474357960695 ) ) ;
#153 = VERTEX_POINT ( 'NONE', #5197 ) ;
#154 = CC_DESIGN_APPROVAL ( #6314, ( #1223 ) ) ;
#155 = CARTESIAN_POINT ( 'NONE',  ( -0.4180252469014096306, 0.2743895643795952188, -0.1316002761768109708 ) ) ;
#156 = EDGE_CURVE ( 'NONE', #439, #4645, #136, .T. ) ;
#157 = CARTESIAN_POINT ( 'NONE',  ( 0.3466162706230379031, -0.3603569910261360532, 0.000000000000000000 ) ) ;
#158 = CARTESIAN_POINT ( 'NONE',  ( 0.1473854529999880369, -0.4536057819999951279, -0.3535714289999967175 ) ) ;
#159 = LINE ( 'NONE', #5978, #1808 ) ;
#160 = CARTESIAN_POINT ( 'NONE',  ( -0.7500000000000004441, -0.1200000003714994518, -0.2527537684999960899 ) ) ;
#161 = CARTESIAN_POINT ( 'NONE',  ( 0.4805162804449651381, 0.1199999926303699782, -0.2410000001848411899 ) ) ;
#162 = CARTESIAN_POINT ( 'NONE',  ( 0.4769493439999838991, 3.446921961238886775E-15, -0.4910714289999965620 ) ) ;
#163 = CARTESIAN_POINT ( 'NONE',  ( -0.4853864427579760998, -0.1200000050000837176, -0.2025833704597034268 ) ) ;
#164 = B_SPLINE_CURVE_WITH_KNOTS ( 'NONE', 3,
 ( #6979, #3469, #5755, #620, #92, #5917, #4117, #2428, #7019, #1866 ),
 .UNSPECIFIED., .F., .F.,
 ( 4, 2, 2, 2, 4 ),
 ( 0.000000000000000000, 0.2500000000000000000, 0.5000000000000000000, 0.7500000000000000000, 1.000000000000000000 ),
 .UNSPECIFIED. ) ;
#165 = ORIENTED_EDGE ( 'NONE', *, *, #3422, .F. ) ;
#166 = ORIENTED_EDGE ( 'NONE', *, *, #4619, .F. ) ;
#167 = DIRECTION ( 'NONE',  ( -6.162975822039154730E-33, 0.000000000000000000, 1.000000000000000000 ) ) ;
#168 = CARTESIAN_POINT ( 'NONE',  ( -0.3419095387880127235, 0.3651896040124731346, -0.4914694873658371765 ) ) ;
#169 = CARTESIAN_POINT ( 'NONE',  ( 0.1224062452828815345, 0.4520138326146758145, -0.05611388944620222113 ) ) ;
#170 = CARTESIAN_POINT ( 'NONE',  ( 0.4374450873210148361, -0.1200000033847212350, -0.1280574702691563982 ) ) ;
#171 = EDGE_CURVE ( 'NONE', #6224, #4239, #2436, .T. ) ;
#172 = DIRECTION ( 'NONE',  ( 4.273005485591898101E-63, 5.131708243377008956E-48, -1.000000000000000000 ) ) ;
#173 = CARTESIAN_POINT ( 'NONE',  ( 0.4853864409655778700, -0.1200000122501099636, -0.02063091561527918144 ) ) ;
#174 = CARTESIAN_POINT ( 'NONE',  ( -0.4314047349999962089, -0.1401718949999992692, -0.2999999999999984346 ) ) ;
#175 = ORIENTED_EDGE ( 'NONE', *, *, #3064, .T. ) ;
#176 = ORIENTED_EDGE ( 'NONE', *, *, #618, .F. ) ;
#177 = CARTESIAN_POINT ( 'NONE',  ( -0.4319063721516107623, -0.1825655085204634376, -0.03109422076409089006 ) ) ;
#178 = EDGE_LOOP ( 'NONE', ( #1839, #2352, #3796, #4498 ) ) ;
#179 = CARTESIAN_POINT ( 'NONE',  ( 0.1303964439965651922, -0.4658532477649876546, -0.1937884612221556779 ) ) ;
#180 = B_SPLINE_CURVE_WITH_KNOTS ( 'NONE', 3,
 ( #957, #429, #2624, #3752, #5468, #355, #7141, #6665, #6033, #896, #2027, #5573, #7272, #2727, #1991, #4347, #6564, #3189, #1525, #4909, #3817, #7207, #6632, #1704, #1062, #3356, #4597 ),
 .UNSPECIFIED., .F., .F.,
 ( 4, 2, 2, 1, 1, 1, 1, 2, 2, 2, 2, 1, 1, 1, 2, 2, 4 ),
 ( 0.000000000000000000, 0.2499999999999982236, 0.3749999999999976685, 0.4374999999999973910, 0.4687499999999972244, 0.4843749999999971689, 0.4921874999999971689, 0.4960937499999971134, 0.4999999999999971134, 0.6249999999999974465, 0.6874999999999977796, 0.7187499999999978906, 0.7343749999999977796, 0.7421874999999978906, 0.7460937499999981126, 0.7499999999999983347, 1.000000000000000000 ),
 .UNSPECIFIED. ) ;
#181 = CARTESIAN_POINT ( 'NONE',  ( -0.2216059519971372294, -0.4494046896498191668, -0.3266616310025764469 ) ) ;
#182 = CARTESIAN_POINT ( 'NONE',  ( -0.4759694932300180814, 0.1546518630200044986, -0.4229464288599992794 ) ) ;
#183 = EDGE_LOOP ( 'NONE', ( #1917, #166, #2965 ) ) ;
#184 = ORIENTED_EDGE ( 'NONE', *, *, #2817, .F. ) ;
#185 = EDGE_CURVE ( 'NONE', #283, #1429, #4413, .T. ) ;
#186 = CARTESIAN_POINT ( 'NONE',  ( -0.3382477315105953952, -0.3458622450382767832, -0.2056569739714272649 ) ) ;
#187 = CARTESIAN_POINT ( 'NONE',  ( 0.08400908563075368263, -0.4934488050857367414, -0.1052473728280604870 ) ) ;
#188 = VERTEX_POINT ( 'NONE', #4241 ) ;
#189 = FACE_OUTER_BOUND ( 'NONE', #2439, .T. ) ;
#190 = CARTESIAN_POINT ( 'NONE',  ( -0.1292069709000270294, -0.4832952677209539361, -0.4672454492086853817 ) ) ;
#191 = CARTESIAN_POINT ( 'NONE',  ( 0.7499999999568242037, 0.4330127018697850771, -0.06698729799812527808 ) ) ;
#192 = CARTESIAN_POINT ( 'NONE',  ( 0.3418951731869248056, 0.3652033743148238032, -0.3656729172783409476 ) ) ;
#193 = VERTEX_POINT ( 'NONE', #6487 ) ;
#194 = CARTESIAN_POINT ( 'NONE',  ( -0.4380528171721392861, 0.1177845984271588820, -0.1012153098718033134 ) ) ;
#195 = DIRECTION ( 'NONE',  ( -6.162975822039154730E-33, 0.000000000000000000, 1.000000000000000000 ) ) ;
#196 = CARTESIAN_POINT ( 'NONE',  ( 0.3858601249999938365, -0.2803437909999871303, -0.3464285709999982976 ) ) ;
#197 = CARTESIAN_POINT ( 'NONE',  ( 0.07077531771597608823, -0.4999999999999913958, -0.03415839957650400327 ) ) ;
#198 = CARTESIAN_POINT ( 'NONE',  ( 0.3210109491578064245, -0.3204927209969739010, -0.1339416316815628394 ) ) ;
#199 = CARTESIAN_POINT ( 'NONE',  ( 0.2662458321315190335, 0.7011513081666969072, -1.260583938196437646E-11 ) ) ;
#200 = CARTESIAN_POINT ( 'NONE',  ( 0.1473854529999788499, 0.4536057820000122809, -0.3339285710000023943 ) ) ;
#201 = CARTESIAN_POINT ( 'NONE',  ( -0.1224062338350460077, 0.4520138357147513997, -0.1929701364115108675 ) ) ;
#202 = ORIENTED_EDGE ( 'NONE', *, *, #3501, .F. ) ;
#203 = CARTESIAN_POINT ( 'NONE',  ( 0.4245924902443952154, 0.2645577288383954562, -0.4401071557173171778 ) ) ;
#204 = EDGE_CURVE ( 'NONE', #5325, #2956, #450, .T. ) ;
#205 = CARTESIAN_POINT ( 'NONE',  ( -0.02369737131655409029, 0.4544646017719941589, -0.04491799072408490107 ) ) ;
#206 = CARTESIAN_POINT ( 'NONE',  ( -0.3226455997453450686, -0.3188385521741071704, -0.08486694574172480576 ) ) ;
#207 = CARTESIAN_POINT ( 'NONE',  ( -0.3863138520000169440, 0.2789473630000052773, -0.5249644210000020683 ) ) ;
#208 = ORIENTED_EDGE ( 'NONE', *, *, #6475, .F. ) ;
#209 = LINE ( 'NONE', #1383, #245 ) ;
#210 = CARTESIAN_POINT ( 'NONE',  ( 0.3466162680672695839, -0.3603569933541950765, -0.1698865965304297010 ) ) ;
#211 = CARTESIAN_POINT ( 'NONE',  ( 0.3858601249999937810, -0.2803437909999871303, -0.3464285709999982976 ) ) ;
#212 = VERTEX_POINT ( 'NONE', #3638 ) ;
#213 = CARTESIAN_POINT ( 'NONE',  ( 0.07164390599999594100, -0.4999999999999912847, -0.1769964480000030538 ) ) ;
#214 = EDGE_CURVE ( 'NONE', #5752, #5432, #5702, .T. ) ;
#215 = CARTESIAN_POINT ( 'NONE',  ( -0.4346590750000131620, -0.1301560660000037339, -0.2377551930000011415 ) ) ;
#216 = CARTESIAN_POINT ( 'NONE',  ( 0.2215956415163643223, -0.4494078898051698245, -0.3161957616177638597 ) ) ;
#217 = CARTESIAN_POINT ( 'NONE',  ( -0.4930607520000035993, 0.1005490300000060205, -0.2076813110000030327 ) ) ;
#218 = ORIENTED_EDGE ( 'NONE', *, *, #2192, .T. ) ;
#219 = ORIENTED_EDGE ( 'NONE', *, *, #866, .T. ) ;
#220 = CARTESIAN_POINT ( 'NONE',  ( 0.4981531456255691714, 0.04283536636019767696, -0.2410000000000021569 ) ) ;
#221 = FACE_OUTER_BOUND ( 'NONE', #3036, .T. ) ;
#222 = ORIENTED_EDGE ( 'NONE', *, *, #4835, .F. ) ;
#223 = CARTESIAN_POINT ( 'NONE',  ( 0.4374450873210148361, -0.1200000033847212350, -0.1280574702691563982 ) ) ;
#224 = EDGE_CURVE ( 'NONE', #6683, #7394, #3687, .T. ) ;
#225 = CARTESIAN_POINT ( 'NONE',  ( 0.3971843385642939706, -0.3054913543908023277, -0.4538878377965675504 ) ) ;
#226 = CARTESIAN_POINT ( 'NONE',  ( 0.7500000000000009992, 0.2242703119118706900, -0.01799185868275342964 ) ) ;
#227 = CARTESIAN_POINT ( 'NONE',  ( 0.4467452765183390628, 0.2246130022096174961, -0.1554400076929832730 ) ) ;
#228 = ORIENTED_EDGE ( 'NONE', *, *, #4109, .T. ) ;
#229 = DIRECTION ( 'NONE',  ( 0.4999999998193585538, -0.8660254038887319483, 1.232595164407829441E-32 ) ) ;
#230 = CARTESIAN_POINT ( 'NONE',  ( -0.2216059613124571059, -0.4494046850892267631, -0.3980902023045193028 ) ) ;
#231 = CARTESIAN_POINT ( 'NONE',  ( -0.4314047350000136949, 0.1401718949999970765, -0.2446428570000003522 ) ) ;
#232 = CARTESIAN_POINT ( 'NONE',  ( 0.000000000000000000, 0.000000000000000000, -0.1789071309999971937 ) ) ;
#233 = CARTESIAN_POINT ( 'NONE',  ( 0.000000000000000000, -0.4536057820000032326, -0.1428571429999987152 ) ) ;
#234 = DIRECTION ( 'NONE',  ( 4.622231854282827595E-33, 2.668646819468138221E-33, -1.000000000000000000 ) ) ;
#235 = CARTESIAN_POINT ( 'NONE',  ( -0.2938926260000119806, 0.4045084969999983016, -0.3500000000000025313 ) ) ;
#236 = DIRECTION ( 'NONE',  ( 2.157041537713704703E-32, -0.000000000000000000, -1.000000000000000000 ) ) ;
#237 = ORIENTED_EDGE ( 'NONE', *, *, #1595, .T. ) ;
#238 = ORIENTED_EDGE ( 'NONE', *, *, #859, .F. ) ;
#239 = CARTESIAN_POINT ( 'NONE',  ( 0.4735185888606506799, 0.1613912129269427231, -0.4426980507376448437 ) ) ;
#240 = CARTESIAN_POINT ( 'NONE',  ( -0.4376177230000215523, 0.1421906180000094833, -0.03412881199999771159 ) ) ;
#241 = B_SPLINE_CURVE_WITH_KNOTS ( 'NONE', 3,
 ( #2791, #4630, #4592, #6964, #1737, #1658 ),
 .UNSPECIFIED., .F., .F.,
 ( 4, 2, 4 ),
 ( 0.000000000000000000, 0.5000000000000000000, 1.000000000000000000 ),
 .UNSPECIFIED. ) ;
#242 = CARTESIAN_POINT ( 'NONE',  ( 0.1147994960000071063, -0.4388385590000007386, -0.2410000000000021569 ) ) ;
#243 = CARTESIAN_POINT ( 'NONE',  ( 0.3210109491578153618, 0.3204927209969828383, -0.04462979631843415340 ) ) ;
#244 = ORIENTED_EDGE ( 'NONE', *, *, #5591, .T. ) ;
#245 = VECTOR ( 'NONE', #6404, 39.37007874015748143 ) ;
#246 = CARTESIAN_POINT ( 'NONE',  ( -0.4853864445558905283, -0.1199999977277011048, -0.05079765594162566344 ) ) ;
#247 = CARTESIAN_POINT ( 'NONE',  ( 0.000000000000000000, -0.4531418398199973385, -0.3658035718599990660 ) ) ;
#248 =( BOUNDED_SURFACE ( )  B_SPLINE_SURFACE ( 1, 2, ( 
 ( #6508, #4859, #2171, #3617, #801, #1367, #3058 ),
 ( #194, #4826, #1402, #3694, #7157, #4294, #2240 ) ),
 .UNSPECIFIED., .F., .F., .T. ) 
 B_SPLINE_SURFACE_WITH_KNOTS ( ( 2, 2 ),
 ( 3, 2, 2, 3 ),
 ( 0.000000000000000000, 1.000000000000000000 ),
 ( 0.1279786095658145550, 0.1280367441368450154, 0.1285714285714290306, 0.1338502012398919971 ),
 .UNSPECIFIED. ) 
 GEOMETRIC_REPRESENTATION_ITEM ( )  RATIONAL_B_SPLINE_SURFACE ( (
 ( 0.9932210899422718731, 0.9932210899422718731, 0.9932210899422718731, 0.9963362953524198540, 1.000000000000000000, 0.9638293866287261924, 0.9811209779318870172),
 ( 0.9932210899422718731, 0.9932210899422718731, 0.9932210899422718731, 0.9963362953524198540, 1.000000000000000000, 0.9638293866287261924, 0.9811209779318870172) ) ) 
 REPRESENTATION_ITEM ( '' )  SURFACE ( )  );
#249 = CARTESIAN_POINT ( 'NONE',  ( -1.748382715945128460E-14, 0.4536057820000065077, -0.2500000000000030531 ) ) ;
#250 = EDGE_CURVE ( 'NONE', #5078, #5232, #5929, .T. ) ;
#251 = EDGE_LOOP ( 'NONE', ( #6297, #3149, #2394, #6640 ) ) ;
#252 = VECTOR ( 'NONE', #5442, 39.37007874015748143 ) ;
#253 = SHAPE_DEFINITION_REPRESENTATION ( #2117, #2793 ) ;
#254 = CARTESIAN_POINT ( 'NONE',  ( 0.4365652529999788922, 0.2744242960000076170, -0.2257996020000006543 ) ) ;
#255 = CARTESIAN_POINT ( 'NONE',  ( -0.4857860370000004480, 0.1183719840000072993, -0.1277361410000037445 ) ) ;
#256 = CARTESIAN_POINT ( 'NONE',  ( 0.000000000000000000, 0.5000000000000028866, -0.3660714290000019466 ) ) ;
#257 = ORIENTED_EDGE ( 'NONE', *, *, #1231, .T. ) ;
#258 = ORIENTED_EDGE ( 'NONE', *, *, #7011, .T. ) ;
#259 = CARTESIAN_POINT ( 'NONE',  ( 0.7499999999212357826, 0.4330127019363776975, -0.4330127019832692992 ) ) ;
#260 = ORIENTED_EDGE ( 'NONE', *, *, #2561, .F. ) ;
#261 = CARTESIAN_POINT ( 'NONE',  ( 0.000000000000000000, 0.000000000000000000, -0.01219224300000080682 ) ) ;
#262 = CARTESIAN_POINT ( 'NONE',  ( -0.3418951709031841091, -0.3652033764497221169, -0.4728157742449108913 ) ) ;
#263 = CARTESIAN_POINT ( 'NONE',  ( 0.7500000000000011102, 0.1714524024913677558, -0.01020081221328432430 ) ) ;
#264 = CARTESIAN_POINT ( 'NONE',  ( -0.03301539781305075361, 0.4999986354373182063, -0.3564170548949839312 ) ) ;
#265 = ORIENTED_EDGE ( 'NONE', *, *, #5846, .T. ) ;
#266 = CARTESIAN_POINT ( 'NONE',  ( -0.3382477141045716063, -0.3458622620608807763, -0.1342284023980036545 ) ) ;
#267 = EDGE_CURVE ( 'NONE', #734, #4203, #7274, .T. ) ;
#268 = CARTESIAN_POINT ( 'NONE',  ( 0.4999999999989014343, -0.03301325323126395872, -0.3757630939669412418 ) ) ;
#269 = AXIS2_PLACEMENT_3D ( 'NONE', #6267, #6835, #4587 ) ;
#270 = CARTESIAN_POINT ( 'NONE',  ( 0.3858601249999938365, -0.2803437909999871303, -0.3553571430000019293 ) ) ;
#271 = CARTESIAN_POINT ( 'NONE',  ( 0.4999999999250003269, 0.001545097231983861208, -0.2410357141752958732 ) ) ;
#272 = CARTESIAN_POINT ( 'NONE',  ( -0.4686285172357742557, 0.1200000165421359344, -0.07475643425974620726 ) ) ;
#273 = B_SPLINE_CURVE_WITH_KNOTS ( 'NONE', 3,
 ( #692, #4674, #6973, #4114 ),
 .UNSPECIFIED., .F., .F.,
 ( 4, 4 ),
 ( 0.000000000000000000, 1.000000000000000000 ),
 .UNSPECIFIED. ) ;
#274 = CARTESIAN_POINT ( 'NONE',  ( -0.1624598480000143952, -0.4999999999999896749, -0.3964285709999997853 ) ) ;
#275 = VECTOR ( 'NONE', #742, 39.37007874015748143 ) ;
#276 = CARTESIAN_POINT ( 'NONE',  ( -0.3466162716253770038, -0.3603569899725737602, -0.1158276888843752933 ) ) ;
#277 = ADVANCED_FACE ( 'NONE', ( #2516 ), #5740, .T. ) ;
#278 = ORIENTED_EDGE ( 'NONE', *, *, #1359, .F. ) ;
#279 = CARTESIAN_POINT ( 'NONE',  ( 0.2216059542842431507, 0.4494046885223116350, -0.4338044881254912166 ) ) ;
#280 = CARTESIAN_POINT ( 'NONE',  ( -0.4366738999999956183, -0.1239550729999909923, -0.1664846159999985309 ) ) ;
#281 = CARTESIAN_POINT ( 'NONE',  ( -0.1387701785137114840, 0.4803569898011118555, -0.005737616289954299356 ) ) ;
#282 = CARTESIAN_POINT ( 'NONE',  ( -0.7500000000000175415, 0.07338778859842015612, -0.4984455377580032098 ) ) ;
#283 = VERTEX_POINT ( 'NONE', #857 ) ;
#284 = CARTESIAN_POINT ( 'NONE',  ( -0.4117929820653900563, -0.2840026273492625708, -0.2609982020939961567 ) ) ;
#285 = CARTESIAN_POINT ( 'NONE',  ( -0.4764615263200069895, 1.034076588371666072E-14, -0.3122321428599955651 ) ) ;
#286 = DIRECTION ( 'NONE',  ( 0.4999999998193575546, 0.8660254038887326145, -6.162975822039153361E-33 ) ) ;
#287 = DIRECTION ( 'NONE',  ( 1.000000000000000000, -8.326672684688663206E-16, 0.000000000000000000 ) ) ;
#288 = CARTESIAN_POINT ( 'NONE',  ( -0.2666227890000034129, -0.3669747859999954454, -0.3017857140000005933 ) ) ;
#289 =( BOUNDED_SURFACE ( )  B_SPLINE_SURFACE ( 1, 2, ( 
 ( #1320, #1360, #5336, #2489, #5850 ),
 ( #6541, #6501, #1234, #3688, #7000 ) ),
 .UNSPECIFIED., .F., .F., .T. ) 
 B_SPLINE_SURFACE_WITH_KNOTS ( ( 2, 2 ),
 ( 3, 2, 3 ),
 ( 0.07692307692305642985, 1.000000000000000000 ),
 ( 0.2348505270526009825, 0.2357142857142860426, 0.2413193579826520274 ),
 .UNSPECIFIED. ) 
 GEOMETRIC_REPRESENTATION_ITEM ( )  RATIONAL_B_SPLINE_SURFACE ( (
 ( 0.9895943154647740547, 0.9940814498823647982, 1.000000000000000000, 0.9615935531476199616, 0.9834629611452947451),
 ( 0.9895943154647740547, 0.9940814498823647982, 1.000000000000000000, 0.9615935531476199616, 0.9834629611452947451) ) ) 
 REPRESENTATION_ITEM ( '' )  SURFACE ( )  );
#290 = CARTESIAN_POINT ( 'NONE',  ( -1.748382715945128460E-14, 0.4536057820000065077, -0.2500000000000030531 ) ) ;
#291 = ORIENTED_EDGE ( 'NONE', *, *, #1448, .T. ) ;
#292 = ORIENTED_EDGE ( 'NONE', *, *, #639, .T. ) ;
#293 = ORIENTED_EDGE ( 'NONE', *, *, #3105, .T. ) ;
#294 = CARTESIAN_POINT ( 'NONE',  ( -0.3466162613608493870, -0.3603569998456931378, -0.04439911750656602707 ) ) ;
#295 = ADVANCED_FACE ( 'NONE', ( #7206 ), #6531, .T. ) ;
#296 = CARTESIAN_POINT ( 'NONE',  ( 0.4099251758196176820, 0.2901460249779767020, -0.2251436570691068562 ) ) ;
#297 = CARTESIAN_POINT ( 'NONE',  ( -0.7500000000000177636, -0.3238994404033044838, -0.4613455109784950214 ) ) ;
#298 = CARTESIAN_POINT ( 'NONE',  ( 0.1147994959999703718, -0.4388385589999939662, -0.2204054937099972911 ) ) ;
#299 = DIRECTION ( 'NONE',  ( 6.162975822039154730E-33, 0.000000000000000000, -1.000000000000000000 ) ) ;
#300 = ORIENTED_EDGE ( 'NONE', *, *, #2437, .T. ) ;
#301 = CARTESIAN_POINT ( 'NONE',  ( -0.1473854529999972240, 0.4536057820000077290, -0.4607142859999959206 ) ) ;
#302 = CARTESIAN_POINT ( 'NONE',  ( -0.4346590749999867942, 0.1301560659999971559, -0.1729590929999970383 ) ) ;
#303 = ADVANCED_FACE ( 'NONE', ( #7263 ), #7372, .F. ) ;
#304 = CARTESIAN_POINT ( 'NONE',  ( -0.4857860370000004480, 0.1183719840000072993, -0.1366647129999963017 ) ) ;
#305 = B_SPLINE_CURVE_WITH_KNOTS ( 'NONE', 3,
 ( #4066, #6348, #3502, #5786 ),
 .UNSPECIFIED., .F., .F.,
 ( 4, 4 ),
 ( 0.000000000000000000, 1.000000000000000000 ),
 .UNSPECIFIED. ) ;
#306 = CARTESIAN_POINT ( 'NONE',  ( 0.3466162706489489542, 0.3603569910012346944, 0.000000000000000000 ) ) ;
#307 = CARTESIAN_POINT ( 'NONE',  ( 0.1624598479999960488, -0.4999999999999920064, -0.3892857140000038907 ) ) ;
#308 = CARTESIAN_POINT ( 'NONE',  ( 0.4546832459072886468, 0.1865719785777831541, -0.008526987102588153011 ) ) ;
#309 = ORIENTED_EDGE ( 'NONE', *, *, #1534, .F. ) ;
#310 = CARTESIAN_POINT ( 'NONE',  ( 0.3764930482393298306, 0.3306300665593866484, -0.2953609399023258697 ) ) ;
#311 = CARTESIAN_POINT ( 'NONE',  ( -0.4853864425961370577, 0.1200000056546913080, -0.06527377255863298089 ) ) ;
#312 = CARTESIAN_POINT ( 'NONE',  ( -0.02547824364864298419, 0.4543962374223432521, -0.04489063449638445308 ) ) ;
#313 = EDGE_CURVE ( 'NONE', #6997, #4654, #5199, .T. ) ;
#314 = CARTESIAN_POINT ( 'NONE',  ( 0.1387701810264521385, -0.4803569890752030225, -0.1753804735340882826 ) ) ;
#315 = CARTESIAN_POINT ( 'NONE',  ( 0.1147994872962257579, -0.4388385614346477226, -0.2113876370599361842 ) ) ;
#316 = ORIENTED_EDGE ( 'NONE', *, *, #6729, .T. ) ;
#317 = CARTESIAN_POINT ( 'NONE',  ( 0.3938796776119961596, -0.3094543650501182519, -0.2397211314015395001 ) ) ;
#318 = CARTESIAN_POINT ( 'NONE',  ( -0.3854654722100095410, 0.2800570589700078217, -0.3193749998600006745 ) ) ;
#319 = PLANE ( 'NONE',  #6975 ) ;
#320 = ORIENTED_EDGE ( 'NONE', *, *, #7, .F. ) ;
#321 = DATE_AND_TIME ( #5470, #6515 ) ;
#322 = ADVANCED_FACE ( 'NONE', ( #4401 ), #2921, .T. ) ;
#323 = FACE_OUTER_BOUND ( 'NONE', #6449, .T. ) ;
#324 = CARTESIAN_POINT ( 'NONE',  ( -0.3858601250000029403, -0.2803437909999825228, -0.3053571430000003861 ) ) ;
#325 = CARTESIAN_POINT ( 'NONE',  ( 0.1624598479999960488, -0.4999999999999920064, -0.3982142859999985296 ) ) ;
#326 = CARTESIAN_POINT ( 'NONE',  ( -0.5000000018731750595, -0.07919221388971860176, -0.3463837758678600109 ) ) ;
#327 = ORIENTED_EDGE ( 'NONE', *, *, #1768, .T. ) ;
#328 =( BOUNDED_SURFACE ( )  B_SPLINE_SURFACE ( 1, 2, ( 
 ( #3030, #1347, #623, #7022, #6983 ),
 ( #2312, #6484, #4079, #135, #1833 ) ),
 .UNSPECIFIED., .F., .F., .F. ) 
 B_SPLINE_SURFACE_WITH_KNOTS ( ( 2, 2 ),
 ( 3, 2, 3 ),
 ( 0.07692307692305934419, 1.000000000000000000 ),
 ( 0.2467614328716490613, 0.2500000000000000000, 0.2532385671283510220 ),
 .UNSPECIFIED. ) 
 GEOMETRIC_REPRESENTATION_ITEM ( )  RATIONAL_B_SPLINE_SURFACE ( (
 ( 0.9757408310629269721, 0.9778090539537090953, 1.000000000000000000, 0.9778090539537090953, 0.9757408310629269721),
 ( 0.9757408310629269721, 0.9778090539537090953, 1.000000000000000000, 0.9778090539537090953, 0.9757408310629269721) ) ) 
 REPRESENTATION_ITEM ( '' )  SURFACE ( )  );
#329 = CARTESIAN_POINT ( 'NONE',  ( 0.2662458321315190335, 0.7011513081666969072, -1.260583938196437646E-11 ) ) ;
#330 = ORIENTED_EDGE ( 'NONE', *, *, #6729, .F. ) ;
#331 = LINE ( 'NONE', #3229, #467 ) ;
#332 = CARTESIAN_POINT ( 'NONE',  ( -0.5011021410681723021, -0.5767139478907835626, -0.007843594415619520310 ) ) ;
#333 = CARTESIAN_POINT ( 'NONE',  ( 0.09050779518597530660, -0.8137707040726096519, -0.4602853264935060640 ) ) ;
#334 = ORIENTED_EDGE ( 'NONE', *, *, #3585, .F. ) ;
#335 = CARTESIAN_POINT ( 'NONE',  ( -0.7500000000000179856, -0.2806164309063344797, -0.02931662145063722302 ) ) ;
#336 = B_SPLINE_CURVE_WITH_KNOTS ( 'NONE', 3,
 ( #3238, #2576, #6586, #2049 ),
 .UNSPECIFIED., .F., .F.,
 ( 4, 4 ),
 ( 0.000000000000000000, 1.000000000000000000 ),
 .UNSPECIFIED. ) ;
#337 = ORIENTED_EDGE ( 'NONE', *, *, #3290, .F. ) ;
#338 = CARTESIAN_POINT ( 'NONE',  ( -0.4314047350000136949, 0.1401718949999970765, -0.3160714289999978499 ) ) ;
#339 = EDGE_CURVE ( 'NONE', #1141, #3070, #2166, .T. ) ;
#340 = EDGE_CURVE ( 'NONE', #6045, #7185, #548, .T. ) ;
#341 = DIRECTION ( 'NONE',  ( 6.162975822039154730E-33, -0.000000000000000000, -1.000000000000000000 ) ) ;
#342 = FACE_OUTER_BOUND ( 'NONE', #1864, .T. ) ;
#343 = DIRECTION ( 'NONE',  ( -0.5000000019871144730, 0.8660254026371775327, 0.000000000000000000 ) ) ;
#344 = CARTESIAN_POINT ( 'NONE',  ( 0.5257311119999773519, 6.893843922477773550E-15, -0.4464285710000014951 ) ) ;
#345 = DIRECTION ( 'NONE',  ( -6.162975822039154730E-33, 0.000000000000000000, 1.000000000000000000 ) ) ;
#346 = CARTESIAN_POINT ( 'NONE',  ( -0.4967620842969719952, 0.06566179622846748942, -0.2693749001657665398 ) ) ;
#347 = CARTESIAN_POINT ( 'NONE',  ( 0.000000000000000000, 0.000000000000000000, -0.4999999999999973910 ) ) ;
#348 = CARTESIAN_POINT ( 'NONE',  ( -0.05193374295104925126, 0.4526211929766764674, -0.04447615887332763418 ) ) ;
#349 = CYLINDRICAL_SURFACE ( 'NONE', #17, 0.5000000000000007772 ) ;
#350 = CARTESIAN_POINT ( 'NONE',  ( -0.7500000000000173195, 0.3089267147574469852, -0.4648056602455128417 ) ) ;
#351 = EDGE_LOOP ( 'NONE', ( #316, #5763, #1944, #6572 ) ) ;
#352 = CARTESIAN_POINT ( 'NONE',  ( 0.1387701847351652806, 0.4803569880037962814, -0.07461952677614781815 ) ) ;
#353 = CARTESIAN_POINT ( 'NONE',  ( 0.000000000000000000, -0.4536057820000032326, -0.08035714299999575927 ) ) ;
#354 = CONICAL_SURFACE ( 'NONE', #4204, 0.7500000000000011102, 1.047197549762621804 ) ;
#355 = CARTESIAN_POINT ( 'NONE',  ( -0.4180252469014095751, 0.2743895643795959405, -0.2030288471768122993 ) ) ;
#356 = EDGE_CURVE ( 'NONE', #4423, #3201, #6088, .T. ) ;
#357 = ORIENTED_EDGE ( 'NONE', *, *, #6675, .F. ) ;
#358 = CARTESIAN_POINT ( 'NONE',  ( 0.3218282710788961665, -0.3196656399984841856, -0.06248377184078051511 ) ) ;
#359 = PLANE ( 'NONE',  #3384 ) ;
#360 = CARTESIAN_POINT ( 'NONE',  ( -0.4253254040000031821, -0.3090169939999880544, -0.3410714290000009807 ) ) ;
#361 = ORIENTED_EDGE ( 'NONE', *, *, #6573, .T. ) ;
#362 = VECTOR ( 'NONE', #2952, 39.37007874015748143 ) ;
#363 = VECTOR ( 'NONE', #2424, 39.37007874015748143 ) ;
#364 = ADVANCED_FACE ( 'NONE', ( #1124 ), #3978, .T. ) ;
#365 = B_SPLINE_CURVE_WITH_KNOTS ( 'NONE', 3,
 ( #1149, #3939, #1764, #5100, #5208, #1080, #3376, #519 ),
 .UNSPECIFIED., .F., .F.,
 ( 4, 2, 2, 4 ),
 ( 0.000000000000000000, 0.001539904712058015558, 0.003079809424116031116, 0.006159618848232057027 ),
 .UNSPECIFIED. ) ;
#366 = DIRECTION ( 'NONE',  ( 1.000000000000000000, -8.326672684688663206E-16, 0.000000000000000000 ) ) ;
#367 = ORIENTED_EDGE ( 'NONE', *, *, #618, .T. ) ;
#368 = CARTESIAN_POINT ( 'NONE',  ( 0.7500000000000008882, 0.1283226687632583740, -0.4938276666392686920 ) ) ;
#369 = FACE_OUTER_BOUND ( 'NONE', #3647, .T. ) ;
#370 = CARTESIAN_POINT ( 'NONE',  ( 0.06600846569477360204, -0.8279153985528407977, -0.4535362207125753220 ) ) ;
#371 = ORIENTED_EDGE ( 'NONE', *, *, #6204, .F. ) ;
#372 = VECTOR ( 'NONE', #341, 39.37007874015748143 ) ;
#373 = CARTESIAN_POINT ( 'NONE',  ( 0.4374450905939435419, -0.1199999914536778040, -0.1994860417533110275 ) ) ;
#374 = ORIENTED_EDGE ( 'NONE', *, *, #2096, .F. ) ;
#375 = CARTESIAN_POINT ( 'NONE',  ( -0.2666227890000034129, -0.3669747859999954454, -0.4357142860000010054 ) ) ;
#376 =( BOUNDED_CURVE ( )  B_SPLINE_CURVE ( 2, ( #508, #2209, #4011, #6288, #3438, #5722, #5092, #583, #2876, #627, #5161, #7391, #1178, #18, #3476, #5761, #4530, #6818, #1677, #57, #2350, #2954, #5322, #662, #3594, #743, #5361, #4687, #6406, #2517, #2392, #2554, #5801, #7066, #4162, #1795, #6445, #6488, #5879, #5240, #1306, #4082, #1952, #211, #2479, #4806, #97, #2991, #5957, #6364, #1265, #5837, #4844, #7105, #5922, #1218, #174, #3518, #6986, #4770, #1838, #4243, #6530, #4124, #1385, #3678, #1911, #818, #3639, #3556, #249, #3114, #1872, #2435, #5398, #702, #5283 ),
 .UNSPECIFIED., .F., .T. ) 
 B_SPLINE_CURVE_WITH_KNOTS ( ( 3, 2, 2, 2, 2, 2, 2, 2, 2, 2, 2, 2, 2, 2, 2, 2, 2, 2, 2, 2, 2, 2, 2, 2, 2, 2, 2, 2, 2, 2, 2, 2, 2, 2, 2, 2, 2, 2, 3 ),
 ( 0.2677874613638372980, 0.2749303187447280639, 0.2820731758875859585, 0.2892160330304430760, 0.2963588901733000824, 0.3035017473161570889, 0.3106446044590140398, 0.3177874616018709908, 0.3249303187447281083, 0.3320731758875860029, 0.3392160330304430649, 0.3463588901733000158, 0.3535017473161570778, 0.3606446044590140287, 0.3677874616018709797, 0.3749303187447280972, 0.3820731758875859918, 0.3892160330304430538, 0.3963588901733000047, 0.4035017473161570667, 0.4106446044590140176, 0.4177874616018709686, 0.4249303187447280861, 0.4320731758875859807, 0.4392160330304430427, 0.4463588901732999936, 0.4535017473161570556, 0.4606446044590140065, 0.4677874616018709575, 0.4749303187447280750, 0.4820731758875859696, 0.4892160330304430316, 0.4963588901732999825, 0.5035017473161570445, 0.5106446044590140509, 0.5177874616018709464, 0.5249303187447280639, 0.5320731758875860695, 0.5326078603161570335 ),
 .UNSPECIFIED. ) 
 CURVE ( )  GEOMETRIC_REPRESENTATION_ITEM ( )  RATIONAL_B_SPLINE_CURVE ( ( 1.000000000000000000, 0.9510565162951540863, 1.000000000000000000, 0.9510565162951540863, 1.000000000000000000, 0.9510565162951540863, 1.000000000000000000, 0.9510565162951540863, 1.000000000000000000, 0.9510565162951540863, 1.000000000000000000, 0.9510565162951540863, 1.000000000000000000, 0.9510565162951540863, 1.000000000000000000, 0.9510565162951540863, 1.000000000000000000, 0.9510565162951540863, 1.000000000000000000, 0.9510565162951540863, 1.000000000000000000, 0.9510565162951540863, 1.000000000000000000, 0.9510565162951540863, 1.000000000000000000, 0.9510565162951540863, 1.000000000000000000, 0.9510565162951540863, 1.000000000000000000, 0.9510565162951540863, 1.000000000000000000, 0.9510565162951540863, 1.000000000000000000, 0.9510565162951540863, 1.000000000000000000, 0.9510565162951540863, 1.000000000000000000, 0.9510565162951540863, 1.000000000000000000, 0.9510565162951540863, 1.000000000000000000, 0.9510565162951540863, 1.000000000000000000, 0.9510565162951540863, 1.000000000000000000, 0.9510565162951540863, 1.000000000000000000, 0.9510565162951540863, 1.000000000000000000, 0.9510565162951540863, 1.000000000000000000, 0.9510565162951540863, 1.000000000000000000, 0.9510565162951540863, 1.000000000000000000, 0.9510565162951540863, 1.000000000000000000, 0.9510565162951540863, 1.000000000000000000, 0.9510565162951540863, 1.000000000000000000, 0.9510565162951540863, 1.000000000000000000, 0.9510565162951540863, 1.000000000000000000, 0.9510565162951540863, 1.000000000000000000, 0.9510565162951540863, 1.000000000000000000, 0.9510565162951540863, 1.000000000000000000, 0.9510565162951540863, 1.000000000000000000, 0.9510565162951540863, 1.000000000000000000, 0.9963362953936203414, 0.9932210900123368269 ) ) 
 REPRESENTATION_ITEM ( '' )  );
#377 = CARTESIAN_POINT ( 'NONE',  ( 0.4368424298279796614, -0.2735712334399584278, -0.02418067964881973064 ) ) ;
#378 = DIRECTION ( 'NONE',  ( -0.5000000000933410016, -0.8660254037305482600, 6.162975822039157467E-33 ) ) ;
#379 = EDGE_CURVE ( 'NONE', #212, #6150, #4711, .T. ) ;
#380 = CARTESIAN_POINT ( 'NONE',  ( 0.04547395931229750166, -0.7500013128831016784, 8.295637902165797886E-51 ) ) ;
#381 = CARTESIAN_POINT ( 'NONE',  ( -0.2938926260000119806, 0.4045084969999983016, -0.4214285710000038043 ) ) ;
#382 = CARTESIAN_POINT ( 'NONE',  ( 0.3749783527353160451, 0.3220993719583933323, -0.006200516370443828057 ) ) ;
#383 = VECTOR ( 'NONE', #2047, 39.37007874015748143 ) ;
#384 = CARTESIAN_POINT ( 'NONE',  ( -0.3043134843111112708, 0.3970697987004205287, -0.2782907404288676445 ) ) ;
#385 = FACE_OUTER_BOUND ( 'NONE', #551, .T. ) ;
#386 = EDGE_CURVE ( 'NONE', #1311, #5998, #4235, .T. ) ;
#387 = CARTESIAN_POINT ( 'NONE',  ( 0.4365652529999788922, 0.2744242960000076170, -0.01151388800000105808 ) ) ;
#388 = CARTESIAN_POINT ( 'NONE',  ( 0.000000000000000000, 0.000000000000000000, -0.04792567500000367853 ) ) ;
#389 = CARTESIAN_POINT ( 'NONE',  ( -0.7500000000000175415, 0.1148618735441075817, -0.4949531421019794375 ) ) ;
#390 = ORIENTED_EDGE ( 'NONE', *, *, #1490, .T. ) ;
#391 = VECTOR ( 'NONE', #2856, 39.37007874015748143 ) ;
#392 = CARTESIAN_POINT ( 'NONE',  ( -0.3541936313941579373, -0.3541994428511699988, -0.2589029297692541087 ) ) ;
#393 = CARTESIAN_POINT ( 'NONE',  ( 0.3854654722099819519, -0.2800570589699883373, -0.2836607138499994130 ) ) ;
#394 = AXIS2_PLACEMENT_3D ( 'NONE', #91, #4036, #5751 ) ;
#395 = CARTESIAN_POINT ( 'NONE',  ( 0.1387701709376019943, 0.4803569917708354620, -0.003190954654113225576 ) ) ;
#396 = ORIENTED_EDGE ( 'NONE', *, *, #4807, .F. ) ;
#397 = CALENDAR_DATE ( 2025, 17, 8 ) ;
#398 = CARTESIAN_POINT ( 'NONE',  ( 0.4377489525860657205, -0.1188922992135799800, -0.06552924693590589378 ) ) ;
#399 = CARTESIAN_POINT ( 'NONE',  ( -0.4735185880289545235, -0.1613912153669542215, -0.3355551936812209424 ) ) ;
#400 = CARTESIAN_POINT ( 'NONE',  ( -0.4755282580000025905, 0.1545084969999996061, -0.4946428570000034330 ) ) ;
#401 = CARTESIAN_POINT ( 'NONE',  ( 0.4366738999999868476, -0.1239550729999909923, -0.1370868130000037766 ) ) ;
#402 = VERTEX_POINT ( 'NONE', #565 ) ;
#403 = CARTESIAN_POINT ( 'NONE',  ( 0.3764828901872726008, -0.3306403347229253664, -0.3832108190113989177 ) ) ;
#404 = VERTEX_POINT ( 'NONE', #2896 ) ;
#405 = CARTESIAN_POINT ( 'NONE',  ( 0.4853864441742185565, -0.1200000000892044866, -0.2409999999292713191 ) ) ;
#406 = ORIENTED_EDGE ( 'NONE', *, *, #3254, .T. ) ;
#407 = CARTESIAN_POINT ( 'NONE',  ( 0.7500000000000007772, 0.09419473265788017025, -0.4966117580818957822 ) ) ;
#408 = CARTESIAN_POINT ( 'NONE',  ( -0.4374450893992299361, -0.1199999958089035257, -0.09515681514151946851 ) ) ;
#409 = CARTESIAN_POINT ( 'NONE',  ( 0.2758754125017107151, -0.7067486602896911885, -0.4949882537277513483 ) ) ;
#410 = CARTESIAN_POINT ( 'NONE',  ( 0.4341673350617609173, 0.2479937427049718479, -0.1548327090901281122 ) ) ;
#411 = EDGE_CURVE ( 'NONE', #193, #5474, #6479, .T. ) ;
#412 = VERTEX_POINT ( 'NONE', #35 ) ;
#413 = CARTESIAN_POINT ( 'NONE',  ( 0.000000000000000000, -0.4536057820000032326, -0.5089285709999956664 ) ) ;
#414 = VERTEX_POINT ( 'NONE', #157 ) ;
#415 = CARTESIAN_POINT ( 'NONE',  ( -0.1147994901757071889, -0.4388385606813832163, -0.2171837919242545767 ) ) ;
#416 = CARTESIAN_POINT ( 'NONE',  ( -0.3960570460000120141, 0.2489608940000068993, -0.1670575409999982275 ) ) ;
#417 = CARTESIAN_POINT ( 'NONE',  ( 0.1800797436857244360, -0.7294804991030876540, 1.136024671378703571E-49 ) ) ;
#418 = CARTESIAN_POINT ( 'NONE',  ( -0.3382477308955053052, 0.3458622459802966898, -0.1961287400778032874 ) ) ;
#419 = B_SPLINE_CURVE_WITH_KNOTS ( 'NONE', 3,
 ( #5069, #3908, #2259, #4548 ),
 .UNSPECIFIED., .F., .F.,
 ( 4, 4 ),
 ( 0.000000000000000000, 1.000000000000000000 ),
 .UNSPECIFIED. ) ;
#420 = CARTESIAN_POINT ( 'NONE',  ( 0.4314047349999962089, -0.1401718949999970765, -0.2713392852800016741 ) ) ;
#421 = CARTESIAN_POINT ( 'NONE',  ( 0.4374450864437288145, 0.1200000056731389403, -0.05497824385545369702 ) ) ;
#422 = CARTESIAN_POINT ( 'NONE',  ( -0.3226456037622456030, -0.3188385481092583240, -0.2277240888856678636 ) ) ;
#423 = CARTESIAN_POINT ( 'NONE',  ( 0.4755654272650787218, 0.1200000067964945016, -0.009528311184337383277 ) ) ;
#424 = CARTESIAN_POINT ( 'NONE',  ( -0.06499618000001031182, 0.4536057820000076735, -0.04306787700000036523 ) ) ;
#425 = DIRECTION ( 'NONE',  ( -0.4999999974197791297, -0.8660254052741298558, -1.848892746611746693E-32 ) ) ;
#426 = VERTEX_POINT ( 'NONE', #6306 ) ;
#427 = CARTESIAN_POINT ( 'NONE',  ( -0.4566937638526781806, -0.2057814851045946247, -0.2630710017215442398 ) ) ;
#428 = CARTESIAN_POINT ( 'NONE',  ( -0.4314047350000136949, 0.1401718949999970765, -0.2446428570000003522 ) ) ;
#429 = CARTESIAN_POINT ( 'NONE',  ( -0.3636080313851055013, 0.3440131406101187284, -0.2050643890728321705 ) ) ;
#430 = EDGE_CURVE ( 'NONE', #3982, #1256, #6960, .T. ) ;
#431 = EDGE_LOOP ( 'NONE', ( #3940, #7257, #5716, #175 ) ) ;
#432 = CARTESIAN_POINT ( 'NONE',  ( 0.4755282579999851045, 0.1545084970000039915, -0.08571428599999847409 ) ) ;
#433 = CARTESIAN_POINT ( 'NONE',  ( -0.4769493440000298623, 1.263871385787591936E-14, -0.4553571429999960229 ) ) ;
#434 = CARTESIAN_POINT ( 'NONE',  ( 0.3858601249999938365, -0.2803437909999871303, -0.2749999999999996891 ) ) ;
#435 = CARTESIAN_POINT ( 'NONE',  ( 0.4999999998662649214, -0.07919222006617401832, -0.3143305102749027191 ) ) ;
#436 = CARTESIAN_POINT ( 'NONE',  ( -0.3418951805654827369, -0.3652033674071336056, -0.4013872035077612477 ) ) ;
#437 = B_SPLINE_CURVE_WITH_KNOTS ( 'NONE', 3,
 ( #126, #4232, #1901, #5827 ),
 .UNSPECIFIED., .F., .F.,
 ( 4, 4 ),
 ( 0.000000000000000000, 1.000000000000000000 ),
 .UNSPECIFIED. ) ;
#438 = CARTESIAN_POINT ( 'NONE',  ( -0.1170659946377612531, 0.4382456464098326010, -0.1041851891933032875 ) ) ;
#439 = VERTEX_POINT ( 'NONE', #7444 ) ;
#440 = DIRECTION ( 'NONE',  ( 1.000000000000000000, -8.326672684688663206E-16, 0.000000000000000000 ) ) ;
#441 = CARTESIAN_POINT ( 'NONE',  ( -0.7500000000000175415, -0.2158881745243738659, -0.4824180655506757343 ) ) ;
#442 = CARTESIAN_POINT ( 'NONE',  ( 0.3434112573514834232, -0.6677568220760207174, -0.5000000000000009992 ) ) ;
#443 = CARTESIAN_POINT ( 'NONE',  ( -0.4374450893992299361, 0.1199999958089122687, -0.1012717559450850707 ) ) ;
#444 = ORIENTED_EDGE ( 'NONE', *, *, #3872, .T. ) ;
#445 = CARTESIAN_POINT ( 'NONE',  ( -0.4314047349999962089, -0.1401718949999992692, -0.4517857140000041682 ) ) ;
#446 = ADVANCED_FACE ( 'NONE', ( #6919 ), #6344, .F. ) ;
#447 = CARTESIAN_POINT ( 'NONE',  ( -0.05764136687632167438, -0.8327461453092175336, -0.04859685508433124468 ) ) ;
#448 = DIRECTION ( 'NONE',  ( 0.4999999974197791297, 0.8660254052741297448, 6.162975822039156098E-33 ) ) ;
#449 = CARTESIAN_POINT ( 'NONE',  ( 0.7500000000000007772, -0.1408366745779215390, -0.4924823670704180367 ) ) ;
#450 = B_SPLINE_CURVE_WITH_KNOTS ( 'NONE', 3,
 ( #3517, #2348, #6529, #2913 ),
 .UNSPECIFIED., .F., .F.,
 ( 4, 4 ),
 ( 0.000000000000000000, 1.000000000000000000 ),
 .UNSPECIFIED. ) ;
#451 = CARTESIAN_POINT ( 'NONE',  ( 0.4377489525860393527, 0.1188922992135777734, -0.1219707530640981585 ) ) ;
#452 = CARTESIAN_POINT ( 'NONE',  ( -0.4314047350000136949, 0.1401718949999970765, -0.2356250002900042717 ) ) ;
#453 = ADVANCED_FACE ( 'NONE', ( #1894 ), #40, .T. ) ;
#454 = CARTESIAN_POINT ( 'NONE',  ( -0.4870872795158430191, 0.1140920334800378105, -0.2704943539192669055 ) ) ;
#455 = CARTESIAN_POINT ( 'NONE',  ( 0.2710769512499996425, 0.7095190531857578087, -0.2527537684999960899 ) ) ;
#456 = CARTESIAN_POINT ( 'NONE',  ( -0.1260946151289027983, -0.4584022871268874089, -0.02457123681965697748 ) ) ;
#457 = CARTESIAN_POINT ( 'NONE',  ( -0.4331248474941241655, 0.2503402258144657444, -0.3452253343430336519 ) ) ;
#458 = CARTESIAN_POINT ( 'NONE',  ( 0.07164390600000487830, 0.5000000000000091038, -0.1533606950000037661 ) ) ;
#459 = VERTEX_POINT ( 'NONE', #3098 ) ;
#460 = CARTESIAN_POINT ( 'NONE',  ( 0.3661806434481345573, 0.2677124236344604058, -0.04639421778256747758 ) ) ;
#461 = CARTESIAN_POINT ( 'NONE',  ( -0.2666227890000034129, 0.3669747860000008854, -0.2517857139999964966 ) ) ;
#462 = CARTESIAN_POINT ( 'NONE',  ( 0.1147994906296310458, -0.4388385605626308750, -0.06853049398269392412 ) ) ;
#463 = EDGE_LOOP ( 'NONE', ( #4269, #705, #2325, #969 ) ) ;
#464 = CARTESIAN_POINT ( 'NONE',  ( 0.3226455929999859085, 0.3188385590000089032, -0.1875455170000003280 ) ) ;
#465 = DIRECTION ( 'NONE',  ( 6.162975822039154730E-33, 0.000000000000000000, -1.000000000000000000 ) ) ;
#466 = CARTESIAN_POINT ( 'NONE',  ( -1.748382715945128460E-14, 0.4536057820000065077, -0.4642857140000030136 ) ) ;
#467 = VECTOR ( 'NONE', #2566, 39.37007874015748143 ) ;
#468 = EDGE_CURVE ( 'NONE', #1311, #3547, #5182, .T. ) ;
#469 = CARTESIAN_POINT ( 'NONE',  ( -0.4725957399993171437, 0.1199999998202645607, -0.01241686868734595377 ) ) ;
#470 = DIRECTION ( 'NONE',  ( -6.162975822039154730E-33, -0.000000000000000000, 1.000000000000000000 ) ) ;
#471 = CARTESIAN_POINT ( 'NONE',  ( 0.3226455923818913885, 0.3188385596733555594, -0.04639421802514683696 ) ) ;
#472 = CARTESIAN_POINT ( 'NONE',  ( -0.3973464168883639736, -0.2512983762741672344, -0.02990636349325799873 ) ) ;
#473 = B_SPLINE_CURVE_WITH_KNOTS ( 'NONE', 3,
 ( #2474, #1831, #6401, #5356 ),
 .UNSPECIFIED., .F., .F.,
 ( 4, 4 ),
 ( 0.000000000000000000, 1.000000000000000000 ),
 .UNSPECIFIED. ) ;
#474 = CARTESIAN_POINT ( 'NONE',  ( -0.1159327453188793017, 0.4385421027049202225, -0.1042149840966528213 ) ) ;
#475 = CARTESIAN_POINT ( 'NONE',  ( -0.4535207362682046606, -0.2106021123987651678, -0.05758677649914486357 ) ) ;
#476 = CARTESIAN_POINT ( 'NONE',  ( 0.4621745614101432365, 0.1057672676457592637, -0.4999999999999975575 ) ) ;
#477 = CARTESIAN_POINT ( 'NONE',  ( -0.4985194485900089068, 0.04407398965001073365, -0.2061071018599988092 ) ) ;
#478 = CARTESIAN_POINT ( 'NONE',  ( -0.4813363459999999705, -0.1366330389999918515, -0.1218417589999991751 ) ) ;
#479 = ORIENTED_EDGE ( 'NONE', *, *, #6420, .F. ) ;
#480 = CIRCLE ( 'NONE', #4692, 0.5000000000000007772 ) ;
#481 =( BOUNDED_CURVE ( )  B_SPLINE_CURVE ( 2, ( #730, #3544, #2940, #3021, #4717 ),
 .UNSPECIFIED., .F., .F. ) 
 B_SPLINE_CURVE_WITH_KNOTS ( ( 3, 2, 3 ),
 ( 0.000000000000000000, 0.09197352674268624573, 1.000000000000000000 ),
 .UNSPECIFIED. ) 
 CURVE ( )  GEOMETRIC_REPRESENTATION_ITEM ( )  RATIONAL_B_SPLINE_CURVE ( ( 0.9932210933416185661, 0.9963362973513568699, 1.000000000000000000, 0.9638293853358798069, 0.9811209791679930126 ) ) 
 REPRESENTATION_ITEM ( '' )  );
#482 = CARTESIAN_POINT ( 'NONE',  ( 0.3858601249999938365, -0.2803437909999871303, -0.4267857140000005933 ) ) ;
#483 = LINE ( 'NONE', #6337, #1336 ) ;
#484 = VECTOR ( 'NONE', #1245, 39.37007874015748143 ) ;
#485 = CARTESIAN_POINT ( 'NONE',  ( -0.4013170854925093289, 0.2295002832169381890, -0.03769521376526945022 ) ) ;
#486 = DIRECTION ( 'NONE',  ( 2.157041537713704703E-32, 0.000000000000000000, -1.000000000000000000 ) ) ;
#487 = EDGE_CURVE ( 'NONE', #2956, #4882, #867, .T. ) ;
#488 = CYLINDRICAL_SURFACE ( 'NONE', #1559, 0.5000000000000002220 ) ;
#489 = CARTESIAN_POINT ( 'NONE',  ( 0.1303964215009625893, -0.4658532543167316353, -0.09465820064282029489 ) ) ;
#490 = CARTESIAN_POINT ( 'NONE',  ( 0.3858601249999938365, -0.2803437909999871303, -0.2749107142899996914 ) ) ;
#491 = CARTESIAN_POINT ( 'NONE',  ( 0.4314047349999962089, 0.1401718950000014619, -0.1214285709999966129 ) ) ;
#492 = LINE ( 'NONE', #422, #5527 ) ;
#493 = CARTESIAN_POINT ( 'NONE',  ( 0.4788372329206015965, 0.1200152673946461718, -0.006352207804805659087 ) ) ;
#494 = CARTESIAN_POINT ( 'NONE',  ( -0.4870872743611242006, 0.1140920554533682435, -0.3419229261969269906 ) ) ;
#495 = LINE ( 'NONE', #1590, #2649 ) ;
#496 = ORIENTED_EDGE ( 'NONE', *, *, #2561, .T. ) ;
#497 = EDGE_CURVE ( 'NONE', #4920, #3158, #2419, .T. ) ;
#498 = CARTESIAN_POINT ( 'NONE',  ( 0.4407107100000016708, 0.1073884330000048487, -0.05083528699999946554 ) ) ;
#499 = CARTESIAN_POINT ( 'NONE',  ( -0.2663500906300114157, -0.3665994488899985138, -0.4443749998599964557 ) ) ;
#500 = CARTESIAN_POINT ( 'NONE',  ( 0.4755282579999851045, 0.1545084970000039915, -0.3803571430000029507 ) ) ;
#501 = VECTOR ( 'NONE', #4765, 39.37007874015748143 ) ;
#502 = VERTEX_POINT ( 'NONE', #3970 ) ;
#503 = DIRECTION ( 'NONE',  ( -6.162975822039154730E-33, 0.000000000000000000, 1.000000000000000000 ) ) ;
#504 = CARTESIAN_POINT ( 'NONE',  ( 0.000000000000000000, 0.000000000000000000, -0.01717526199999963241 ) ) ;
#505 = CARTESIAN_POINT ( 'NONE',  ( 0.1473854529999788499, 0.4536057820000122809, -0.3250000000000013434 ) ) ;
#506 = CARTESIAN_POINT ( 'NONE',  ( 0.1147994872945298228, -0.4388385614002898172, -0.2203162082907821895 ) ) ;
#507 = LINE ( 'NONE', #6745, #6634 ) ;
#508 = CARTESIAN_POINT ( 'NONE',  ( -9.344712230615623268E-09, -0.4536057819999988472, -0.5000000001358642088 ) ) ;
#509 = B_SPLINE_CURVE_WITH_KNOTS ( 'NONE', 3,
 ( #5461, #7097, #889, #348, #3183, #5391, #2056, #4838, #5951, #312, #4378, #6059, #2618, #205, #921, #4902, #5429, #7233 ),
 .UNSPECIFIED., .F., .F.,
 ( 4, 2, 2, 2, 1, 1, 1, 1, 2, 2, 4 ),
 ( 0.000000000000000000, 0.2500000000000064393, 0.3750000000000097700, 0.4375000000000113243, 0.4687500000000121569, 0.4843750000000124345, 0.4921875000000124345, 0.4960937500000124900, 0.4980468750000124345, 0.5000000000000123235, 1.000000000000000000 ),
 .UNSPECIFIED. ) ;
#510 = ORIENTED_EDGE ( 'NONE', *, *, #3729, .F. ) ;
#511 = ORIENTED_EDGE ( 'NONE', *, *, #6740, .T. ) ;
#512 = CARTESIAN_POINT ( 'NONE',  ( -0.1667255002001402919, -0.4491882558321586005, -0.2410000000000021292 ) ) ;
#513 = CARTESIAN_POINT ( 'NONE',  ( -0.08400907366507537333, 0.4934488071189216396, -0.07846165951897338120 ) ) ;
#514 = ORIENTED_EDGE ( 'NONE', *, *, #1848, .F. ) ;
#515 = CARTESIAN_POINT ( 'NONE',  ( 0.4346590749999867942, -0.1301560659999993763, -0.2086733789999976330 ) ) ;
#516 = CARTESIAN_POINT ( 'NONE',  ( -0.1359211239030144736, 0.7875513065065231633, -0.02840217368492121280 ) ) ;
#517 = CARTESIAN_POINT ( 'NONE',  ( 0.1626105919499825914, 0.5004639421800101129, -0.2979464288600037203 ) ) ;
#518 = ORIENTED_EDGE ( 'NONE', *, *, #1152, .F. ) ;
#519 = CARTESIAN_POINT ( 'NONE',  ( 0.1255911163720158374, 0.4575302001031358867, -0.2409999999564062245 ) ) ;
#520 = ORIENTED_EDGE ( 'NONE', *, *, #1019, .F. ) ;
#521 = B_SPLINE_CURVE_WITH_KNOTS ( 'NONE', 3,
 ( #7001, #5299, #5851, #3006, #149, #4177, #5443, #5553, #6107, #2707, #5411, #296, #1467, #5480 ),
 .UNSPECIFIED., .F., .F.,
 ( 4, 2, 2, 1, 1, 2, 2, 4 ),
 ( 0.000000000000000000, 0.2499999999999973355, 0.3749999999999960032, 0.4374999999999955036, 0.4687499999999952816, 0.4843749999999953371, 0.4999999999999953371, 1.000000000000000000 ),
 .UNSPECIFIED. ) ;
#522 = CARTESIAN_POINT ( 'NONE',  ( 0.4314047349999962089, 0.1401718950000036545, -0.2733035717199971404 ) ) ;
#523 = CARTESIAN_POINT ( 'NONE',  ( -0.1344407679939991773, -0.4728582411067863145, -0.008405738722619614592 ) ) ;
#524 = CARTESIAN_POINT ( 'NONE',  ( 0.4624235806435273988, -0.1901769471423328806, -0.1651290412734625068 ) ) ;
#525 = FACE_OUTER_BOUND ( 'NONE', #1072, .T. ) ;
#526 =( BOUNDED_SURFACE ( )  B_SPLINE_SURFACE ( 1, 2, ( 
 ( #3747, #6626, #3673, #3147, #5495 ),
 ( #813, #7170, #1520, #3109, #5430 ) ),
 .UNSPECIFIED., .F., .F., .T. ) 
 B_SPLINE_SURFACE_WITH_KNOTS ( ( 2, 2 ),
 ( 3, 2, 3 ),
 ( 0.000000000000000000, 0.9230769230769428901 ),
 ( 0.09199338419545781409, 0.09285714285714291583, 0.09846221512550944188 ),
 .UNSPECIFIED. ) 
 GEOMETRIC_REPRESENTATION_ITEM ( )  RATIONAL_B_SPLINE_SURFACE ( (
 ( 0.9895943154647740547, 0.9940814498823647982, 1.000000000000000000, 0.9615935531476199616, 0.9834629611452947451),
 ( 0.9895943154647740547, 0.9940814498823647982, 1.000000000000000000, 0.9615935531476199616, 0.9834629611452947451) ) ) 
 REPRESENTATION_ITEM ( '' )  SURFACE ( )  );
#527 = CARTESIAN_POINT ( 'NONE',  ( -0.7435579892883410480, -0.1200064722739501988, -0.001835845655099215337 ) ) ;
#528 = CARTESIAN_POINT ( 'NONE',  ( 0.000000000000000000, 0.5000000000000028866, -0.4999999999999973910 ) ) ;
#529 = CARTESIAN_POINT ( 'NONE',  ( -0.1473854529999972240, 0.4536057820000077290, -0.2463392852800035115 ) ) ;
#530 = EDGE_CURVE ( 'NONE', #2393, #3263, #5551, .T. ) ;
#531 = CARTESIAN_POINT ( 'NONE',  ( 0.4366738999999956183, 0.1239550730000107820, -0.1218417589999992862 ) ) ;
#532 = B_SPLINE_CURVE_WITH_KNOTS ( 'NONE', 3,
 ( #7115, #5966, #1962, #5931, #4252, #6540, #1394, #4684, #1302, #1175, #1262, #1908, #5278, #3472, #5834, #5758, #4120, #3553, #5876, #5195, #6936, #700, #5358, #4042, #2346, #2911, #6403 ),
 .UNSPECIFIED., .F., .F.,
 ( 4, 2, 2, 1, 1, 1, 1, 2, 2, 2, 2, 1, 1, 1, 2, 2, 4 ),
 ( 0.000000000000000000, 0.2499999999999898415, 0.3749999999999845124, 0.4374999999999816813, 0.4687499999999802380, 0.4843749999999797939, 0.4921874999999797939, 0.4960937499999799605, 0.4999999999999801270, 0.6249999999999855671, 0.6874999999999882316, 0.7187499999999897859, 0.7343749999999903411, 0.7421874999999907851, 0.7460937499999908962, 0.7499999999999908962, 1.000000000000000000 ),
 .UNSPECIFIED. ) ;
#533 = DIRECTION ( 'NONE',  ( 6.162975822039154730E-33, -0.000000000000000000, -1.000000000000000000 ) ) ;
#534 = CARTESIAN_POINT ( 'NONE',  ( 0.3003088695929532204, -0.3412676558143815653, -0.4999999999999975575 ) ) ;
#535 = CARTESIAN_POINT ( 'NONE',  ( 0.4999999999888165014, -6.438865189060501489E-09, -0.2410357145685138591 ) ) ;
#536 = CARTESIAN_POINT ( 'NONE',  ( 0.000000000000000000, -0.4536057820000032326, -0.2232142860000032314 ) ) ;
#537 = CARTESIAN_POINT ( 'NONE',  ( 0.3406980125103269419, -0.3501062511581810588, -0.02033311658237712399 ) ) ;
#538 = CARTESIAN_POINT ( 'NONE',  ( -0.6568672915536749590, 0.4867828963052466817, -0.4609847063837069214 ) ) ;
#539 = ORIENTED_EDGE ( 'NONE', *, *, #6204, .T. ) ;
#540 = EDGE_CURVE ( 'NONE', #4956, #836, #6264, .T. ) ;
#541 = ORIENTED_EDGE ( 'NONE', *, *, #6091, .F. ) ;
#542 = DIRECTION ( 'NONE',  ( 6.162975822039154730E-33, 0.000000000000000000, -1.000000000000000000 ) ) ;
#543 = CARTESIAN_POINT ( 'NONE',  ( 0.05834953799997280588, 0.4536057820000012897, -0.1085567770000010340 ) ) ;
#544 = CARTESIAN_POINT ( 'NONE',  ( -0.1473854529999972240, 0.4536057820000077290, -0.3892857140000038907 ) ) ;
#545 = CARTESIAN_POINT ( 'NONE',  ( 0.1387701737553742598, 0.4803569907841804820, -0.1205000000000010785 ) ) ;
#546 = DIRECTION ( 'NONE',  ( -6.162975822039154730E-33, 0.000000000000000000, 1.000000000000000000 ) ) ;
#547 = CARTESIAN_POINT ( 'NONE',  ( 0.6267809363313565640, -0.4143809472745749733, 8.700157994778620163E-49 ) ) ;
#548 = B_SPLINE_CURVE_WITH_KNOTS ( 'NONE', 3,
 ( #1696, #3873, #5070, #4475 ),
 .UNSPECIFIED., .F., .F.,
 ( 4, 4 ),
 ( 0.000000000000000000, 1.000000000000000000 ),
 .UNSPECIFIED. ) ;
#549 = ORIENTED_EDGE ( 'NONE', *, *, #3383, .F. ) ;
#550 = CARTESIAN_POINT ( 'NONE',  ( -0.4374450849503390137, -0.1200000111171765499, -0.1621211007167500939 ) ) ;
#551 = EDGE_LOOP ( 'NONE', ( #1641, #293, #6556, #6497, #3658 ) ) ;
#552 = CARTESIAN_POINT ( 'NONE',  ( -0.4632616756098220656, -0.1881204823129000447, -0.05813425474815836491 ) ) ;
#553 = CARTESIAN_POINT ( 'NONE',  ( 0.1387701810264521385, -0.4803569890752030225, -0.1753804735340882826 ) ) ;
#554 = B_SPLINE_CURVE_WITH_KNOTS ( 'NONE', 3,
 ( #2482, #5840, #4165, #789 ),
 .UNSPECIFIED., .F., .F.,
 ( 4, 4 ),
 ( 0.000000000000000000, 0.002989528508380400688 ),
 .UNSPECIFIED. ) ;
#555 = FACE_OUTER_BOUND ( 'NONE', #4798, .T. ) ;
#556 = ORIENTED_EDGE ( 'NONE', *, *, #6231, .T. ) ;
#557 = CARTESIAN_POINT ( 'NONE',  ( 0.1404050990000063615, 0.4798816610000024019, -0.1460874339999984062 ) ) ;
#558 = ORIENTED_EDGE ( 'NONE', *, *, #4357, .F. ) ;
#559 = CARTESIAN_POINT ( 'NONE',  ( -0.4769493440000299178, 1.263871385787591778E-14, -0.3839285710000040486 ) ) ;
#560 = CARTESIAN_POINT ( 'NONE',  ( -0.1387701736412660647, -0.4803569910032801094, 0.000000000000000000 ) ) ;
#561 = CARTESIAN_POINT ( 'NONE',  ( -0.4483619805566284033, 0.1199999995052031393, -0.03585727882900672375 ) ) ;
#562 = CARTESIAN_POINT ( 'NONE',  ( -0.4346590750000131620, -0.1301560660000037339, -0.09489804999999580659 ) ) ;
#563 = CARTESIAN_POINT ( 'NONE',  ( 0.6161285715829887266, -0.5103034072525985954, -0.02887595244138066453 ) ) ;
#564 = ADVANCED_FACE ( 'NONE', ( #2840 ), #2315, .F. ) ;
#565 = CARTESIAN_POINT ( 'NONE',  ( -0.1147994977504004643, -0.4388385586998514998, -0.1546837921114072589 ) ) ;
#566 = CARTESIAN_POINT ( 'NONE',  ( 0.2666227890000034129, -0.3669747859999954454, -0.4213392852799964783 ) ) ;
#567 = CYLINDRICAL_SURFACE ( 'NONE', #2879, 0.5000000000000007772 ) ;
#568 = B_SPLINE_CURVE_WITH_KNOTS ( 'NONE', 3,
 ( #4377, #7337, #2194, #4479 ),
 .UNSPECIFIED., .F., .F.,
 ( 4, 4 ),
 ( 0.000000000000000000, 1.000000000000000000 ),
 .UNSPECIFIED. ) ;
#569 = CARTESIAN_POINT ( 'NONE',  ( -0.4853864449539972425, -0.1199999961174307850, -0.1936547989573161321 ) ) ;
#570 =( BOUNDED_CURVE ( )  B_SPLINE_CURVE ( 2, ( #3689, #3572, #6419, #6503, #7117 ),
 .UNSPECIFIED., .F., .F. ) 
 B_SPLINE_CURVE_WITH_KNOTS ( ( 3, 2, 3 ),
 ( 0.000000000000000000, 0.8708714440210137964, 1.000000000000000000 ),
 .UNSPECIFIED. ) 
 CURVE ( )  GEOMETRIC_REPRESENTATION_ITEM ( )  RATIONAL_B_SPLINE_CURVE ( ( 0.9831665037589008005, 0.9618563462547307097, 1.000000000000000000, 0.9943442456843587518, 0.9899956135618088737 ) ) 
 REPRESENTATION_ITEM ( '' )  );
#571 = LINE ( 'NONE', #6734, #6105 ) ;
#572 = CARTESIAN_POINT ( 'NONE',  ( 0.4366738999999956183, 0.1239550730000107820, -0.05041318699999625119 ) ) ;
#573 = CARTESIAN_POINT ( 'NONE',  ( 0.4764615263199978856, 1.263871385787591778E-14, -0.4908035718599958463 ) ) ;
#574 = CARTESIAN_POINT ( 'NONE',  ( -0.3466162716253770038, -0.3603569899725737602, -0.05332768900931176420 ) ) ;
#575 = CARTESIAN_POINT ( 'NONE',  ( 0.4810769883935396840, 0.1374312616303705048, -0.2378947362988946546 ) ) ;
#576 = VERTEX_POINT ( 'NONE', #6780 ) ;
#577 = CARTESIAN_POINT ( 'NONE',  ( 0.4314047349999962089, 0.1401718950000014619, -0.05892857100000239989 ) ) ;
#578 = CARTESIAN_POINT ( 'NONE',  ( -0.4314047350000136949, 0.1401718949999970765, -0.4589285710000003404 ) ) ;
#579 = CARTESIAN_POINT ( 'NONE',  ( 0.4314047349999962089, 0.1401718950000036545, -0.4071428570000028002 ) ) ;
#580 = ADVANCED_FACE ( 'NONE', ( #5652 ), #3700, .T. ) ;
#581 = CARTESIAN_POINT ( 'NONE',  ( -0.4853864443940864581, 0.1199999983822792049, -0.1992023439246086436 ) ) ;
#582 = CARTESIAN_POINT ( 'NONE',  ( -0.1049513169910770150, 0.4739870753084158284, -0.01530241875435750694 ) ) ;
#583 = CARTESIAN_POINT ( 'NONE',  ( 0.3858601249999845662, 0.2803437910000101119, -0.4749999999999969802 ) ) ;
#584 = ORIENTED_EDGE ( 'NONE', *, *, #6301, .F. ) ;
#585 = ORIENTED_EDGE ( 'NONE', *, *, #4230, .T. ) ;
#586 = CARTESIAN_POINT ( 'NONE',  ( -0.3960570460000120141, 0.2489608940000068993, -0.09562896899999873135 ) ) ;
#587 = CARTESIAN_POINT ( 'NONE',  ( -0.05834953800001740215, 0.4536057820000058416, -0.1146575089999993108 ) ) ;
#588 = VECTOR ( 'NONE', #1521, 39.37007874015748143 ) ;
#589 = EDGE_LOOP ( 'NONE', ( #4215, #291, #5954, #7392 ) ) ;
#590 = CARTESIAN_POINT ( 'NONE',  ( 0.4346590749999867942, -0.1301560659999993763, -0.1997448069999989972 ) ) ;
#591 = CARTESIAN_POINT ( 'NONE',  ( -0.4314047349999962089, -0.1401718949999992692, -0.09464285699999676338 ) ) ;
#592 = CARTESIAN_POINT ( 'NONE',  ( -0.4257200567900149002, 0.3093037260300121050, -0.2836607138499994130 ) ) ;
#593 = EDGE_LOOP ( 'NONE', ( #1168, #4133, #7208, #5681 ) ) ;
#594 = CARTESIAN_POINT ( 'NONE',  ( -0.3226455968293399090, -0.3188385551267639006, -0.08040266019065978043 ) ) ;
#595 = EDGE_LOOP ( 'NONE', ( #3901, #4773, #47, #713 ) ) ;
#596 = EDGE_CURVE ( 'NONE', #1296, #3586, #1893, .T. ) ;
#597 = AXIS2_PLACEMENT_3D ( 'NONE', #3207, #3738, #2645 ) ;
#598 = CARTESIAN_POINT ( 'NONE',  ( 0.1473854529999788499, 0.4536057820000122809, -0.3340178567100024476 ) ) ;
#599 = VECTOR ( 'NONE', #2575, 39.37007874015748143 ) ;
#600 = CARTESIAN_POINT ( 'NONE',  ( -0.7107440676226728371, -0.4556771251309841841, -0.4457203183372581146 ) ) ;
#601 = CARTESIAN_POINT ( 'NONE',  ( -0.3801225346428984686, 0.2650482495034964248, -0.03835484018844032006 ) ) ;
#602 = CARTESIAN_POINT ( 'NONE',  ( -0.4253254040000031266, -0.3090169939999879989, -0.4839285709999980867 ) ) ;
#603 = CARTESIAN_POINT ( 'NONE',  ( 0.1740863969415304691, 0.5415264837035287382, -0.2410000000000021569 ) ) ;
#604 = CARTESIAN_POINT ( 'NONE',  ( -0.09313270819225238917, -0.8122552098414635990, -0.4609847063837079206 ) ) ;
#605 = CARTESIAN_POINT ( 'NONE',  ( -0.3858601250000029403, -0.2803437909999825228, -0.2964285709999965879 ) ) ;
#606 = CONICAL_SURFACE ( 'NONE', #3016, 0.4536057820000006791, 0.7853981633974500554 ) ;
#607 = CARTESIAN_POINT ( 'NONE',  ( -5.128880697225034028E-11, 0.4999999999885695323, 2.797412345512205536E-13 ) ) ;
#608 = EDGE_CURVE ( 'NONE', #6571, #2024, #376, .T. ) ;
#609 = CARTESIAN_POINT ( 'NONE',  ( -0.6006571937833271591, -0.4514172226439278068, 6.799564398609835531E-49 ) ) ;
#610 = CARTESIAN_POINT ( 'NONE',  ( 0.4374450917886659185, 0.1199999870984695682, -0.1219425301775934195 ) ) ;
#611 = ORIENTED_EDGE ( 'NONE', *, *, #185, .T. ) ;
#612 = CARTESIAN_POINT ( 'NONE',  ( 0.2710769511820662059, -0.7095190527937659253, -0.2410000000202484338 ) ) ;
#613 = CARTESIAN_POINT ( 'NONE',  ( 0.4314047349999962089, 0.1401718950000036545, -0.4160714289999973281 ) ) ;
#614 = CARTESIAN_POINT ( 'NONE',  ( 0.7500000000000004441, 0.4330127019999991389, -0.2527537684999960899 ) ) ;
#615 = ORIENTED_EDGE ( 'NONE', *, *, #2066, .F. ) ;
#616 =( BOUNDED_SURFACE ( )  B_SPLINE_SURFACE ( 1, 2, ( 
 ( #4130, #708, #5291, #1390, #7144, #1493, #898, #358, #3256 ),
 ( #1461, #398, #2663, #4350, #5961, #4912, #6669, #2065, #4283 ) ),
 .UNSPECIFIED., .F., .F., .F. ) 
 B_SPLINE_SURFACE_WITH_KNOTS ( ( 2, 2 ),
 ( 3, 2, 2, 2, 3 ),
 ( 0.000000000000000000, 1.000000000000000000 ),
 ( 0.09226432385152866233, 0.09232245842255913659, 0.09285714285714291583, 0.09813591552560634035, 0.09819405009663681461 ),
 .UNSPECIFIED. ) 
 GEOMETRIC_REPRESENTATION_ITEM ( )  RATIONAL_B_SPLINE_SURFACE ( (
 ( 0.9932210899422718731, 0.9932210899422718731, 0.9932210899422718731, 0.9963362953524198540, 1.000000000000000000, 0.9638293866287261924, 0.9811209779318870172, 0.9811209779318870172, 0.9811209779318870172),
 ( 0.9932210899422718731, 0.9932210899422718731, 0.9932210899422718731, 0.9963362953524198540, 1.000000000000000000, 0.9638293866287261924, 0.9811209779318870172, 0.9811209779318870172, 0.9811209779318870172) ) ) 
 REPRESENTATION_ITEM ( '' )  SURFACE ( )  );
#617 = CARTESIAN_POINT ( 'NONE',  ( -0.3306411863208488233, -0.3326873403765164827, -0.2409999998931584841 ) ) ;
#618 = EDGE_CURVE ( 'NONE', #6094, #412, #715, .T. ) ;
#619 = ORIENTED_EDGE ( 'NONE', *, *, #6144, .T. ) ;
#620 = CARTESIAN_POINT ( 'NONE',  ( 0.6912722952075882610, 0.2944698018138707241, 8.953281201885621384E-49 ) ) ;
#621 = FACE_OUTER_BOUND ( 'NONE', #5134, .T. ) ;
#622 = LINE ( 'NONE', #4683, #3831 ) ;
#623 = CARTESIAN_POINT ( 'NONE',  ( 8.741913579725642299E-15, -0.4999999999999930056, -0.1875000000000001110 ) ) ;
#624 = CARTESIAN_POINT ( 'NONE',  ( 0.4241567413434137457, -0.2352988610353615173, -0.01495762996982774075 ) ) ;
#625 = CARTESIAN_POINT ( 'NONE',  ( -0.3226455885378883837, -0.3188385635172448773, -0.1518312310313221503 ) ) ;
#626 = VECTOR ( 'NONE', #2689, 39.37007874015748143 ) ;
#627 = CARTESIAN_POINT ( 'NONE',  ( 0.1473854529999788499, 0.4536057820000123364, -0.4678571430000009745 ) ) ;
#628 = ORIENTED_EDGE ( 'NONE', *, *, #2506, .T. ) ;
#629 = CARTESIAN_POINT ( 'NONE',  ( -0.4366738999999956183, 0.1239550730000085893, -0.09244395599999573332 ) ) ;
#630 = EDGE_CURVE ( 'NONE', #1915, #2775, #5220, .T. ) ;
#631 = CARTESIAN_POINT ( 'NONE',  ( 0.4346590749999867942, -0.1301560659999993763, -0.06581623600000106877 ) ) ;
#632 = CARTESIAN_POINT ( 'NONE',  ( -5.982965653964230183E-11, 0.4999999999999985012, -0.4999999999998138156 ) ) ;
#633 = CARTESIAN_POINT ( 'NONE',  ( -0.1626105919500009656, -0.5004639421799916832, -0.3336607138500010117 ) ) ;
#634 = CARTESIAN_POINT ( 'NONE',  ( 0.1321823927584223901, 0.4689466193828161211, -0.2337089418409009911 ) ) ;
#635 = ORIENTED_EDGE ( 'NONE', *, *, #6670, .T. ) ;
#636 = CARTESIAN_POINT ( 'NONE',  ( 0.6601720928038636860, 0.1200000000000042560, -0.2410000000000021569 ) ) ;
#637 = CARTESIAN_POINT ( 'NONE',  ( 0.4686285227308903956, 0.1199999941057333375, -0.2198864235852296400 ) ) ;
#638 = CARTESIAN_POINT ( 'NONE',  ( 0.4606968512334566057, -0.1943456095686687812, -0.1652289757240965606 ) ) ;
#639 = EDGE_CURVE ( 'NONE', #1232, #1043, #2128, .T. ) ;
#640 = DIRECTION ( 'NONE',  ( 6.162975822039154730E-33, -0.000000000000000000, -1.000000000000000000 ) ) ;
#641 = DIRECTION ( 'NONE',  ( -6.162975822039154730E-33, 0.000000000000000000, 1.000000000000000000 ) ) ;
#642 = CARTESIAN_POINT ( 'NONE',  ( 0.7500000000000004441, 0.4330127019999991389, -0.5029669550000008815 ) ) ;
#643 = ORIENTED_EDGE ( 'NONE', *, *, #2539, .T. ) ;
#644 = CARTESIAN_POINT ( 'NONE',  ( 0.7500000000000007772, -0.07280037566906007174, -0.4984703203016342399 ) ) ;
#645 = CARTESIAN_POINT ( 'NONE',  ( -0.3075313140366357501, -0.6884721170125176481, -0.4977249164980684926 ) ) ;
#646 = CARTESIAN_POINT ( 'NONE',  ( -0.3858601250000029403, 0.2803437910000101119, -0.3107142860000002282 ) ) ;
#647 = CARTESIAN_POINT ( 'NONE',  ( 0.004839480832724743498, -0.4774088518182926233, -0.02257120034001145609 ) ) ;
#648 = CARTESIAN_POINT ( 'NONE',  ( 0.1793801269052487379, -0.5506954929666146858, -0.2410000000000021292 ) ) ;
#649 = LINE ( 'NONE', #2337, #6602 ) ;
#650 = CARTESIAN_POINT ( 'NONE',  ( -0.1303964380962858438, 0.4658532494165366633, -0.1303724856037134783 ) ) ;
#651 = CARTESIAN_POINT ( 'NONE',  ( 0.2666227890000034129, -0.3669747859999954454, -0.4303571429999983322 ) ) ;
#652 = CARTESIAN_POINT ( 'NONE',  ( 0.3437691592070149516, 0.3554256565021494674, -0.005525903349171156810 ) ) ;
#653 = B_SPLINE_CURVE_WITH_KNOTS ( 'NONE', 3,
 ( #2131, #5542, #4416, #4849 ),
 .UNSPECIFIED., .F., .F.,
 ( 4, 4 ),
 ( 0.000000000000000000, 1.000000000000000000 ),
 .UNSPECIFIED. ) ;
#654 = EDGE_LOOP ( 'NONE', ( #6574, #2514, #6390, #5333, #3519 ) ) ;
#655 = CARTESIAN_POINT ( 'NONE',  ( -0.7427000899999942618, -0.5839182159999969368, 0.000000000000000000 ) ) ;
#656 = ORIENTED_EDGE ( 'NONE', *, *, #2614, .T. ) ;
#657 = CARTESIAN_POINT ( 'NONE',  ( -0.3764912733599166672, 0.3306306692608874109, -0.4903533813667362851 ) ) ;
#658 = CARTESIAN_POINT ( 'NONE',  ( 0.3226455821108160649, -0.3188385700210286111, -0.07138305475818453039 ) ) ;
#659 = CARTESIAN_POINT ( 'NONE',  ( 0.06499618000000136064, -0.4536057819999931295, -0.07878216200000094649 ) ) ;
#660 = CARTESIAN_POINT ( 'NONE',  ( 0.3794417733969352446, -0.3264655908308590759, -0.1688104520252785290 ) ) ;
#661 = DIRECTION ( 'NONE',  ( -1.000000000000000000, 8.326672684688663206E-16, 0.000000000000000000 ) ) ;
#662 = CARTESIAN_POINT ( 'NONE',  ( 0.3858601249999937810, -0.2803437909999871303, -0.4178571429999994313 ) ) ;
#663 = EDGE_CURVE ( 'NONE', #5890, #5924, #4569, .T. ) ;
#664 = ORIENTED_EDGE ( 'NONE', *, *, #685, .F. ) ;
#665 = VERTEX_POINT ( 'NONE', #4412 ) ;
#666 = PLANE ( 'NONE',  #3388 ) ;
#667 = CARTESIAN_POINT ( 'NONE',  ( 0.3437691592070149516, 0.3554256565021494674, -0.005525903349171156810 ) ) ;
#668 = LINE ( 'NONE', #3481, #2271 ) ;
#669 = CARTESIAN_POINT ( 'NONE',  ( 0.1292126053084631521, -0.4832942473834533903, -0.3184687051789976131 ) ) ;
#670 = CARTESIAN_POINT ( 'NONE',  ( -0.4755282580000025905, 0.1545084969999996061, -0.2089285709999972596 ) ) ;
#671 = ORIENTED_EDGE ( 'NONE', *, *, #2735, .T. ) ;
#672 = CARTESIAN_POINT ( 'NONE',  ( -0.4366738999999956183, 0.1239550730000085893, -0.1728010989999964886 ) ) ;
#673 = ORIENTED_EDGE ( 'NONE', *, *, #6740, .F. ) ;
#674 = CARTESIAN_POINT ( 'NONE',  ( -0.2666227890000034129, -0.3669747859999954454, -0.3733035717199966186 ) ) ;
#675 = CARTESIAN_POINT ( 'NONE',  ( 0.4853864439635909300, -0.1200000000682533985, -0.09972304149999848544 ) ) ;
#676 = ADVANCED_FACE ( 'NONE', ( #6129 ), #6600, .F. ) ;
#677 = LINE ( 'NONE', #717, #3965 ) ;
#678 = CARTESIAN_POINT ( 'NONE',  ( 0.4485554007986331526, -0.2215071434270852735, -0.4516193585532834454 ) ) ;
#679 = CARTESIAN_POINT ( 'NONE',  ( 0.1387701847178999803, -0.4803569880087835142, -0.1128804732356538804 ) ) ;
#680 = CARTESIAN_POINT ( 'NONE',  ( 0.4526480700853827144, -0.1199999977990077321, -0.04806534659038465968 ) ) ;
#681 = ORIENTED_EDGE ( 'NONE', *, *, #3221, .F. ) ;
#682 = FACE_OUTER_BOUND ( 'NONE', #5882, .T. ) ;
#683 = DIRECTION ( 'NONE',  ( 8.049116928532379988E-16, -1.000000000000000000, 0.000000000000000000 ) ) ;
#684 = CARTESIAN_POINT ( 'NONE',  ( -0.1473854529999972240, 0.4536057820000077290, -0.3178571429999961784 ) ) ;
#685 = EDGE_CURVE ( 'NONE', #3259, #212, #994, .T. ) ;
#686 = CARTESIAN_POINT ( 'NONE',  ( -0.4374450893992299361, -0.1199999958089035257, -0.08622824406671662778 ) ) ;
#687 = CARTESIAN_POINT ( 'NONE',  ( -0.7330607822300850840, -0.1648951833223522567, 2.150303950956702746E-48 ) ) ;
#688 = B_SPLINE_CURVE_WITH_KNOTS ( 'NONE', 3,
 ( #1816, #5218, #5140, #722, #77, #155, #1733, #6341, #3497, #6305, #3454, #2371, #4664, #6958, #4146, #6425, #4455, #2007, #5902, #6744, #6580, #3168, #2497, #5378, #1437, #5974, #5416 ),
 .UNSPECIFIED., .F., .F.,
 ( 4, 2, 2, 1, 1, 1, 1, 2, 2, 2, 2, 1, 1, 1, 2, 2, 4 ),
 ( 0.000000000000000000, 0.2500000000000039413, 0.3750000000000062728, 0.4375000000000077161, 0.4687500000000086597, 0.4843750000000092149, 0.4921875000000094369, 0.4960937500000093814, 0.5000000000000093259, 0.6250000000000077716, 0.6875000000000069944, 0.7187500000000064393, 0.7343750000000063283, 0.7421875000000058842, 0.7460937500000055511, 0.7500000000000051070, 1.000000000000000000 ),
 .UNSPECIFIED. ) ;
#689 = CARTESIAN_POINT ( 'NONE',  ( 0.4526480700853911521, 0.1199999977990128808, -0.1135766229489688361 ) ) ;
#690 = DIRECTION ( 'NONE',  ( 1.000000000000000000, -8.326672684688663206E-16, 0.000000000000000000 ) ) ;
#691 = CARTESIAN_POINT ( 'NONE',  ( 0.3858601249999845106, 0.2803437910000101119, -0.4124999999999994782 ) ) ;
#692 = CARTESIAN_POINT ( 'NONE',  ( -0.3261539459679099195, 0.3249152082351552950, -0.03962375267433886766 ) ) ;
#693 = ADVANCED_FACE ( 'NONE', ( #2095 ), #319, .F. ) ;
#694 = ORIENTED_EDGE ( 'NONE', *, *, #5420, .F. ) ;
#695 = PLANE ( 'NONE',  #5781 ) ;
#696 = ORIENTED_EDGE ( 'NONE', *, *, #109, .T. ) ;
#697 = LINE ( 'NONE', #6357, #3723 ) ;
#698 = CARTESIAN_POINT ( 'NONE',  ( 0.3466162704364505465, -0.3603569911472837006, -0.02829447049999724365 ) ) ;
#699 = CARTESIAN_POINT ( 'NONE',  ( -0.4314047349999962089, -0.1401718949999992692, -0.5142857139999984506 ) ) ;
#700 = CARTESIAN_POINT ( 'NONE',  ( 0.4636155205673174740, -0.1872451537552068113, -0.09363066007174210281 ) ) ;
#701 = CARTESIAN_POINT ( 'NONE',  ( 0.3382477184560729877, -0.3458622578052321095, -0.1604144544987142762 ) ) ;
#702 = CARTESIAN_POINT ( 'NONE',  ( -0.4346590750637500666, 0.1301560662750304020, -0.2354590935038720911 ) ) ;
#703 = B_SPLINE_CURVE_WITH_KNOTS ( 'NONE', 3,
 ( #2475, #6359, #6402, #1832 ),
 .UNSPECIFIED., .F., .F.,
 ( 4, 4 ),
 ( 0.000000000000000000, 1.000000000000000000 ),
 .UNSPECIFIED. ) ;
#704 = ORIENTED_EDGE ( 'NONE', *, *, #6697, .F. ) ;
#705 = ORIENTED_EDGE ( 'NONE', *, *, #1430, .T. ) ;
#706 = CARTESIAN_POINT ( 'NONE',  ( -0.4331016592423242995, -0.1795838189099151216, -0.03114246447678813839 ) ) ;
#707 = CARTESIAN_POINT ( 'NONE',  ( 0.3447222570411976328, 0.3570663926785663800, -0.006578875752719254635 ) ) ;
#708 = CARTESIAN_POINT ( 'NONE',  ( 0.4377489525860657205, -0.1188922992135799800, -0.05660067593590325380 ) ) ;
#709 = EDGE_CURVE ( 'NONE', #6562, #5083, #4942, .T. ) ;
#710 = CARTESIAN_POINT ( 'NONE',  ( -0.3542420347427417404, 0.3528634025629609483, -4.943552129334850712E-11 ) ) ;
#711 = CARTESIAN_POINT ( 'NONE',  ( -0.4253254040000215563, 0.3090169940000098703, -0.2839285710000007956 ) ) ;
#712 = CARTESIAN_POINT ( 'NONE',  ( -0.3981920392438157985, -0.2423900605328809799, -0.08310987678841758042 ) ) ;
#713 = ORIENTED_EDGE ( 'NONE', *, *, #4870, .T. ) ;
#714 = CARTESIAN_POINT ( 'NONE',  ( 0.2666227890000034129, -0.3669747859999954454, -0.4304464287199968875 ) ) ;
#715 = B_SPLINE_CURVE_WITH_KNOTS ( 'NONE', 3,
 ( #137, #4730, #7025, #4201 ),
 .UNSPECIFIED., .F., .F.,
 ( 4, 4 ),
 ( 0.000000000000000000, 1.000000000000000000 ),
 .UNSPECIFIED. ) ;
#716 = FACE_OUTER_BOUND ( 'NONE', #23, .T. ) ;
#717 = CARTESIAN_POINT ( 'NONE',  ( 0.4374450924173581279, 0.1199999838970595284, -0.1264068159102891831 ) ) ;
#718 = CARTESIAN_POINT ( 'NONE',  ( 0.4830504520024672677, -0.1301137441717441223, -0.4494361209061921159 ) ) ;
#719 = CARTESIAN_POINT ( 'NONE',  ( 0.7500000000000009992, 0.4062355356797067718, -0.05925739622992904493 ) ) ;
#720 = CARTESIAN_POINT ( 'NONE',  ( 0.2503134320928163681, 0.4340610126304063066, -0.3631166036780666406 ) ) ;
#721 = EDGE_LOOP ( 'NONE', ( #184, #860, #752, #5284 ) ) ;
#722 = CARTESIAN_POINT ( 'NONE',  ( -0.4012184404799631343, 0.2986012782434079860, -0.1322819492786677931 ) ) ;
#723 = CONICAL_SURFACE ( 'NONE', #2396, 0.7500000000000011102, 1.047197549762621804 ) ;
#724 = CARTESIAN_POINT ( 'NONE',  ( -0.2875791744077207945, -0.6999914902010477835, -0.4960972636735470065 ) ) ;
#725 = CARTESIAN_POINT ( 'NONE',  ( -0.4314047350000136949, 0.1401718949999970765, -0.3785714290000007920 ) ) ;
#726 = CARTESIAN_POINT ( 'NONE',  ( -0.1147994982697138483, -0.4388385584062499678, -0.1502195065596778345 ) ) ;
#727 = EDGE_CURVE ( 'NONE', #5271, #6187, #2522, .T. ) ;
#728 = CARTESIAN_POINT ( 'NONE',  ( 0.3981920380000141813, -0.2423900659999962681, -0.1401044089999970987 ) ) ;
#729 = DIRECTION ( 'NONE',  ( 1.000000000000000000, -8.326672684688663206E-16, 0.000000000000000000 ) ) ;
#730 = CARTESIAN_POINT ( 'NONE',  ( -0.4374450864249949111, -0.1200000066511306834, -0.1665853867600722849 ) ) ;
#731 = CARTESIAN_POINT ( 'NONE',  ( 0.4755282579999763892, -0.1545084969999952484, -0.2357142860000020768 ) ) ;
#732 = CARTESIAN_POINT ( 'NONE',  ( -0.4526480695786888053, -0.1200000005921984109, -0.1751489393608619549 ) ) ;
#733 =( BOUNDED_SURFACE ( )  B_SPLINE_SURFACE ( 1, 2, ( 
 ( #3659, #401, #3097, #4222, #3731 ),
 ( #4418, #6012, #764, #6706, #5545 ) ),
 .UNSPECIFIED., .F., .F., .T. ) 
 B_SPLINE_SURFACE_WITH_KNOTS ( ( 2, 2 ),
 ( 3, 2, 3 ),
 ( 0.000000000000000000, 0.9230769230769468869 ),
 ( 0.1634219556240290305, 0.1642857142857140074, 0.1698907865540810469 ),
 .UNSPECIFIED. ) 
 GEOMETRIC_REPRESENTATION_ITEM ( )  RATIONAL_B_SPLINE_SURFACE ( (
 ( 0.9895943154647730555, 0.9940814498823647982, 1.000000000000000000, 0.9615935531476199616, 0.9834629611452947451),
 ( 0.9895943154647730555, 0.9940814498823647982, 1.000000000000000000, 0.9615935531476199616, 0.9834629611452947451) ) ) 
 REPRESENTATION_ITEM ( '' )  SURFACE ( )  );
#734 = VERTEX_POINT ( 'NONE', #395 ) ;
#735 = CARTESIAN_POINT ( 'NONE',  ( 0.2503134335978578484, 0.4340610117110718091, -0.4345451754261122068 ) ) ;
#736 = CARTESIAN_POINT ( 'NONE',  ( -0.4839970618405787794, 0.05828192711355010408, -0.4999999999999975575 ) ) ;
#737 = EDGE_CURVE ( 'NONE', #6997, #4841, #180, .T. ) ;
#738 = CARTESIAN_POINT ( 'NONE',  ( 0.4591936130000010552, -0.1492010490000039158, -0.01151242899999961600 ) ) ;
#739 = CARTESIAN_POINT ( 'NONE',  ( -0.3858601250000029403, -0.2803437909999825228, -0.5107142859999974638 ) ) ;
#740 = CARTESIAN_POINT ( 'NONE',  ( 0.4853864439635909300, -0.1200000000682533985, -0.1711516134999959693 ) ) ;
#741 = CARTESIAN_POINT ( 'NONE',  ( 0.1387701754620405681, 0.4803569904372150257, -0.2264052405854924399 ) ) ;
#742 = DIRECTION ( 'NONE',  ( 1.000000000000000000, -8.326672684688662220E-16, 0.000000000000000000 ) ) ;
#743 = CARTESIAN_POINT ( 'NONE',  ( 0.4769493439999838991, 3.446921961238886775E-15, -0.4107142860000034812 ) ) ;
#744 = ORIENTED_EDGE ( 'NONE', *, *, #663, .T. ) ;
#745 = ORIENTED_EDGE ( 'NONE', *, *, #5701, .T. ) ;
#746 =( NAMED_UNIT ( * ) SI_UNIT ( $, .STERADIAN. ) SOLID_ANGLE_UNIT ( ) );
#747 = CARTESIAN_POINT ( 'NONE',  ( 0.000000000000000000, 0.000000000000000000, -0.02471866399999815556 ) ) ;
#748 = ORIENTED_EDGE ( 'NONE', *, *, #1496, .F. ) ;
#749 = CARTESIAN_POINT ( 'NONE',  ( -0.3133492190000080058, -0.3279793779999911063, -0.2229321600000022663 ) ) ;
#750 = CARTESIAN_POINT ( 'NONE',  ( -0.3960570460000120141, 0.2489608940000068993, -0.1045575410000029459 ) ) ;
#751 = CARTESIAN_POINT ( 'NONE',  ( -1.748382715945128460E-14, -0.5004639421799945698, -0.4729464288600034316 ) ) ;
#752 = ORIENTED_EDGE ( 'NONE', *, *, #7273, .T. ) ;
#753 = CARTESIAN_POINT ( 'NONE',  ( 0.3226455971764201069, -0.3188385547422191157, -0.2142401971511272984 ) ) ;
#754 = ORIENTED_EDGE ( 'NONE', *, *, #774, .T. ) ;
#755 = EDGE_CURVE ( 'NONE', #787, #2363, #4473, .T. ) ;
#756 = CARTESIAN_POINT ( 'NONE',  ( -0.4314047350000136949, 0.1401718949999970765, -0.3875892857099969002 ) ) ;
#757 = CONICAL_SURFACE ( 'NONE', #3503, 0.4677236500000002128, 0.7853981633974485010 ) ;
#758 = CARTESIAN_POINT ( 'NONE',  ( 0.4789230484959695611, 0.5895190528418292608, -0.005507537020774264970 ) ) ;
#759 = CARTESIAN_POINT ( 'NONE',  ( 0.1229995465419048972, 0.7950115826761523508, -0.4702733897024940490 ) ) ;
#760 = CARTESIAN_POINT ( 'NONE',  ( 0.1606203195571539455, -0.4737830092729402587, -0.4605674607650076524 ) ) ;
#761 = CARTESIAN_POINT ( 'NONE',  ( -0.1387701701528054610, -0.4803569921580607138, -0.1906909546070468808 ) ) ;
#762 = CARTESIAN_POINT ( 'NONE',  ( 0.1292069727508561305, 0.4832952672295079410, -0.3601025922528762746 ) ) ;
#763 = VERTEX_POINT ( 'NONE', #3883 ) ;
#764 = CARTESIAN_POINT ( 'NONE',  ( 0.4755282579999763892, -0.1545084969999952484, -0.1642857139999958360 ) ) ;
#765 = CARTESIAN_POINT ( 'NONE',  ( -0.4331140597342867937, -0.2503596426604620673, -0.4047741563047507207 ) ) ;
#766 = CARTESIAN_POINT ( 'NONE',  ( 0.2666227889999946421, 0.3669747859999997752, -0.2571428569999992253 ) ) ;
#767 = EDGE_CURVE ( 'NONE', #4750, #68, #5997, .T. ) ;
#768 = CARTESIAN_POINT ( 'NONE',  ( -0.3320366669140814020, -0.3351043713421524850, -0.02825506066648167738 ) ) ;
#769 = CARTESIAN_POINT ( 'NONE',  ( 0.4374450879999922104, -0.1199999999999933759, -0.1280574700000031152 ) ) ;
#770 = CARTESIAN_POINT ( 'NONE',  ( 0.000000000000000000, 0.000000000000000000, -0.4999999999999973910 ) ) ;
#771 = DIRECTION ( 'NONE',  ( -6.162975822039154730E-33, 0.000000000000000000, 1.000000000000000000 ) ) ;
#772 = CARTESIAN_POINT ( 'NONE',  ( -0.3858601250000029403, 0.2803437910000101119, -0.3910714290000025239 ) ) ;
#773 = CARTESIAN_POINT ( 'NONE',  ( 0.4467452765642647705, -0.2246130021188792181, -0.03205999230280379836 ) ) ;
#774 = EDGE_CURVE ( 'NONE', #3467, #7385, #6353, .T. ) ;
#775 = ORIENTED_EDGE ( 'NONE', *, *, #1203, .T. ) ;
#776 = ORIENTED_EDGE ( 'NONE', *, *, #6906, .T. ) ;
#777 = CARTESIAN_POINT ( 'NONE',  ( 0.06548229065585094155, 0.4967613510929031473, -0.4300340889275867107 ) ) ;
#778 = CARTESIAN_POINT ( 'NONE',  ( -0.1606419423187651907, 0.4737757011629263881, -0.4962812187292429678 ) ) ;
#779 = LINE ( 'NONE', #206, #1705 ) ;
#780 = CARTESIAN_POINT ( 'NONE',  ( 0.4346590777183303445, 0.1301560582231696128, -0.1306123356357877519 ) ) ;
#781 = CARTESIAN_POINT ( 'NONE',  ( 0.4321422179366485872, -0.2515035852687606543, -0.1666897801728355888 ) ) ;
#782 = CARTESIAN_POINT ( 'NONE',  ( 0.07077532906431967252, 0.5000000000265470979, -0.2247701719160522804 ) ) ;
#783 = CARTESIAN_POINT ( 'NONE',  ( -0.3466162640791823346, -0.3603569972310217140, -0.1247562605524043799 ) ) ;
#784 =( BOUNDED_SURFACE ( )  B_SPLINE_SURFACE ( 1, 2, ( 
 ( #3624, #4672, #5227, #1862, #5310 ),
 ( #6926, #4151, #5910, #4633, #6433 ) ),
 .UNSPECIFIED., .F., .F., .T. ) 
 B_SPLINE_SURFACE_WITH_KNOTS ( ( 2, 2 ),
 ( 3, 2, 3 ),
 ( 0.07692307692307452649, 1.000000000000000000 ),
 ( 0.2229663563030620521, 0.2285714285714290639, 0.2294351872331140407 ),
 .UNSPECIFIED. ) 
 GEOMETRIC_REPRESENTATION_ITEM ( )  RATIONAL_B_SPLINE_SURFACE ( (
 ( 0.9834629611452947451, 0.9615935531476199616, 1.000000000000000000, 0.9940814498823647982, 0.9895943154647740547),
 ( 0.9834629611452947451, 0.9615935531476199616, 1.000000000000000000, 0.9940814498823647982, 0.9895943154647740547) ) ) 
 REPRESENTATION_ITEM ( '' )  SURFACE ( )  );
#785 = CARTESIAN_POINT ( 'NONE',  ( 0.4810769871127933417, 0.1374312636300444590, -0.09503759322575180968 ) ) ;
#786 = ADVANCED_FACE ( 'NONE', ( #3465 ), #5046, .F. ) ;
#787 = VERTEX_POINT ( 'NONE', #2829 ) ;
#788 = VERTEX_POINT ( 'NONE', #462 ) ;
#789 = CARTESIAN_POINT ( 'NONE',  ( -0.4427447046724509172, -0.1200000051831131564, -0.2409999998718719283 ) ) ;
#790 = CARTESIAN_POINT ( 'NONE',  ( -0.4813363460000180671, -0.1366330389999919903, -0.2021989010000035669 ) ) ;
#791 = CARTESIAN_POINT ( 'NONE',  ( -0.1133777550349717583, -0.4872478088667341889, -0.3240120930584585168 ) ) ;
#792 = CARTESIAN_POINT ( 'NONE',  ( 0.4759694932299831094, -0.1546518630199990585, -0.3872321428599961868 ) ) ;
#793 = VERTEX_POINT ( 'NONE', #574 ) ;
#794 = CARTESIAN_POINT ( 'NONE',  ( 0.1152412920299231425, 0.4387229858333218657, -0.04639895352196851674 ) ) ;
#795 = CARTESIAN_POINT ( 'NONE',  ( 0.000000000000000000, 0.000000000000000000, -0.4999999999999973910 ) ) ;
#796 = CARTESIAN_POINT ( 'NONE',  ( 0.6439406787709028857, -0.4942460796769287401, -0.4643590290875267979 ) ) ;
#797 = CARTESIAN_POINT ( 'NONE',  ( 0.4555280434931771594, -0.2067824909244097287, -0.4512492699862981627 ) ) ;
#798 = CARTESIAN_POINT ( 'NONE',  ( 0.4089900836499110737, 0.2091570974925948123, -0.04824233167285583990 ) ) ;
#799 = CARTESIAN_POINT ( 'NONE',  ( 0.5000000000011285417, 0.03301325201312380053, -0.3742369062156056803 ) ) ;
#800 = VERTEX_POINT ( 'NONE', #3319 ) ;
#801 = CARTESIAN_POINT ( 'NONE',  ( -0.4314047350000136949, 0.1401718949999970765, -0.09285714300000334764 ) ) ;
#802 = CARTESIAN_POINT ( 'NONE',  ( -0.1605876555233047565, -0.4737935858866907379, -0.3965746027117481032 ) ) ;
#803 = CARTESIAN_POINT ( 'NONE',  ( 0.4314047349999962089, 0.1401718950000036545, -0.3446428569999998581 ) ) ;
#804 = CARTESIAN_POINT ( 'NONE',  ( -0.1387701773939510330, -0.4803569901245954288, -0.03890524065325088460 ) ) ;
#805 = CARTESIAN_POINT ( 'NONE',  ( 0.4346590749999867942, -0.1301560659999993763, -0.1283162360000036084 ) ) ;
#806 = EDGE_CURVE ( 'NONE', #4136, #6224, #3396, .T. ) ;
#807 = CARTESIAN_POINT ( 'NONE',  ( 0.1270511158286438680, -0.4600589902016927746, -0.2338197400873434917 ) ) ;
#808 = CARTESIAN_POINT ( 'NONE',  ( 0.4253254039999755931, 0.3090169940000098703, -0.3678571429999978326 ) ) ;
#809 = CARTESIAN_POINT ( 'NONE',  ( 0.4407107099999840738, -0.1073884329999927056, -0.1277361410000036612 ) ) ;
#810 = VERTEX_POINT ( 'NONE', #3429 ) ;
#811 = CARTESIAN_POINT ( 'NONE',  ( -0.03301539090685572803, 0.4999986358440415835, -0.4278456268465004042 ) ) ;
#812 = CARTESIAN_POINT ( 'NONE',  ( -0.2694407820000015441, -0.7516178579999975851, 0.000000000000000000 ) ) ;
#813 = CARTESIAN_POINT ( 'NONE',  ( 0.4857860369999823513, -0.1183719840000038853, -0.09202185600000420407 ) ) ;
#814 = CARTESIAN_POINT ( 'NONE',  ( -0.1102271716475027724, 0.4886027695776275492, -0.2117811311157091481 ) ) ;
#815 = ORIENTED_EDGE ( 'NONE', *, *, #4385, .F. ) ;
#816 = CARTESIAN_POINT ( 'NONE',  ( -0.4853864449539972425, -0.1199999961174307850, -0.1936547989573161321 ) ) ;
#817 = CARTESIAN_POINT ( 'NONE',  ( -0.3854654722100279707, -0.2800570589699860058, -0.3765178568499975009 ) ) ;
#818 = CARTESIAN_POINT ( 'NONE',  ( 0.3858601249999845662, 0.2803437910000101119, -0.2607142859999986850 ) ) ;
#819 = ORIENTED_EDGE ( 'NONE', *, *, #156, .F. ) ;
#820 = ORIENTED_EDGE ( 'NONE', *, *, #204, .F. ) ;
#821 = CARTESIAN_POINT ( 'NONE',  ( -0.4327930575593281204, -0.1803592788787704293, -0.03112997724708942149 ) ) ;
#822 = CARTESIAN_POINT ( 'NONE',  ( -0.4526480670950173146, 0.1200000090784812679, -0.1096376630498841348 ) ) ;
#823 = ADVANCED_FACE ( 'NONE', ( #6 ), #3404, .T. ) ;
#824 = CARTESIAN_POINT ( 'NONE',  ( 0.4999999994968777339, -0.03301326024923246366, -0.3043345227660603780 ) ) ;
#825 =( BOUNDED_SURFACE ( )  B_SPLINE_SURFACE ( 1, 2, ( 
 ( #477, #3374, #6788, #6908, #26, #4052, #6752, #1644, #2814, #6258, #7362, #5695, #5730, #2287, #6866, #7399, #2250, #1762, #3447, #5620, #3483, #3938, #5660, #592, #5171, #4538, #4618, #517, #4579, #1115, #1148, #3410, #2847, #6332, #5768, #4019, #2322, #633, #2922, #5207, #1610, #65, #4463, #3899, #6183, #1041, #3333, #2779, #2215, #5928, #1880, #4132, #792, #3045, #7035, #7072, #6537, #2963, #2999, #6413, #4208, #4737, #182, #1804, #3603, #3525, #6454, #6995, #1920, #5367, #4170, #1355, #1228, #1314, #4094, #5887, #751, #6496, #5332, #5808, #2485, #3646, #1392, #4776, #5249 ),
 ( #3086, #217, #670, #2524, #1960, #4815, #105, #7111, #2400, #4248, #3683, #5963, #4698, #1845, #826, #1273, #3121, #6371, #5405, #2360, #4652, #3566, #5845, #711, #5294, #6946, #144, #2446, #4881, #4979, #4390, #4417, #2068, #4285, #7278, #2132, #3856, #3758, #4318, #360, #965, #6704, #1428, #4949, #4914, #3258, #256, #1562, #2033, #3224, #2629, #4352, #6038, #2700, #6137, #325, #999, #2665, #3718, #6606, #2595, #3292, #5544, #2560, #4850, #7182, #900, #7211, #3157, #1495, #1529, #5504, #7246, #3194, #5473, #7145, #6673, #6002, #1997, #1463, #6638, #3821, #400, #3788, #6570 ),
 ( #6102, #6068, #932, #863, #5439, #2100, #290, #2805, #3925, #6285, #2731, #7352, #4041, #434, #2872, #3401, #6322, #5719, #5158, #1711, #5089, #2206, #4008, #6246, #7388, #2837, #7423, #505, #5685, #5015, #6814, #6743, #2239, #2767, #5120, #1137, #4527, #4568, #4454, #1674, #14, #1104, #1599, #3967, #3888, #544, #2276, #3435, #1031, #5050, #579, #6174, #1174, #2170, #6853, #2311, #4605, #4490, #3324, #6777, #5610, #6895, #1750, #5577, #1635, #7311, #466, #6208, #1067, #3363, #5649, #3074, #7099, #6982, #93, #3590, #4197, #2513, #4640, #739, #699, #6483, #3471, #207, #5236 ) ),
 .UNSPECIFIED., .F., .F., .T. ) 
 B_SPLINE_SURFACE_WITH_KNOTS ( ( 2, 1, 2 ),
 ( 3, 2, 2, 2, 2, 2, 2, 2, 2, 2, 2, 2, 2, 2, 2, 2, 2, 2, 2, 2, 2, 2, 2, 2, 2, 2, 2, 2, 2, 2, 2, 2, 2, 2, 2, 2, 2, 2, 2, 2, 2, 2, 3 ),
 ( 0.06769230769230275002, 0.07692307692307202849, 1.000000000000000000 ),
 ( 0.2688519835735360131, 0.2714285714285710749, 0.2785714285714289695, 0.2857142857142860870, 0.2928571428571430380, 0.3000000000000000444, 0.3071428571428571064, 0.3142857142857140573, 0.3214285714285711193, 0.3285714285714290139, 0.3357142857142861314, 0.3428571428571430824, 0.3500000000000000333, 0.3571428571428570953, 0.3642857142857140462, 0.3714285714285711082, 0.3785714285714290028, 0.3857142857142861203, 0.3928571428571430713, 0.4000000000000000222, 0.4071428571428570842, 0.4142857142857140351, 0.4214285714285710971, 0.4285714285714289917, 0.4357142857142861092, 0.4428571428571430602, 0.4500000000000000111, 0.4571428571428570731, 0.4642857142857140240, 0.4714285714285710860, 0.4785714285714289806, 0.4857142857142860981, 0.4928571428571430491, 0.5000000000000000000, 0.5071428571428570065, 0.5142857142857140129, 0.5214285714285711304, 0.5285714285714290250, 0.5357142857142859205, 0.5428571428571429269, 0.5500000000000000444, 0.5571428571428570509, 0.5642180051152688725 ),
 .UNSPECIFIED. ) 
 GEOMETRIC_REPRESENTATION_ITEM ( )  RATIONAL_B_SPLINE_SURFACE ( (
 ( 0.9774270967343399175, 0.9823449940024179261, 1.000000000000000000, 0.9510565162951540863, 1.000000000000000000, 0.9510565162951540863, 1.000000000000000000, 0.9510565162951540863, 1.000000000000000000, 0.9510565162951540863, 1.000000000000000000, 0.9510565162951540863, 1.000000000000000000, 0.9510565162951540863, 1.000000000000000000, 0.9510565162951540863, 1.000000000000000000, 0.9510565162951540863, 1.000000000000000000, 0.9510565162951540863, 1.000000000000000000, 0.9510565162951540863, 1.000000000000000000, 0.9510565162951540863, 1.000000000000000000, 0.9510565162951540863, 1.000000000000000000, 0.9510565162951540863, 1.000000000000000000, 0.9510565162951540863, 1.000000000000000000, 0.9510565162951540863, 1.000000000000000000, 0.9510565162951540863, 1.000000000000000000, 0.9510565162951540863, 1.000000000000000000, 0.9510565162951540863, 1.000000000000000000, 0.9510565162951540863, 1.000000000000000000, 0.9510565162951540863, 1.000000000000000000, 0.9510565162951540863, 1.000000000000000000, 0.9510565162951540863, 1.000000000000000000, 0.9510565162951540863, 1.000000000000000000, 0.9510565162951540863, 1.000000000000000000, 0.9510565162951540863, 1.000000000000000000, 0.9510565162951540863, 1.000000000000000000, 0.9510565162951540863, 1.000000000000000000, 0.9510565162951540863, 1.000000000000000000, 0.9510565162951540863, 1.000000000000000000, 0.9510565162951540863, 1.000000000000000000, 0.9510565162951540863, 1.000000000000000000, 0.9510565162951540863, 1.000000000000000000, 0.9510565162951540863, 1.000000000000000000, 0.9510565162951540863, 1.000000000000000000, 0.9510565162951540863, 1.000000000000000000, 0.9510565162951540863, 1.000000000000000000, 0.9510565162951540863, 1.000000000000000000, 0.9510565162951540863, 1.000000000000000000, 0.9510565162951540863, 1.000000000000000000, 0.9510565162951540863, 1.000000000000000000, 0.9515204654704020326, 0.9990808974613629712),
 ( 0.9774270967343399175, 0.9823449940024179261, 1.000000000000000000, 0.9510565162951540863, 1.000000000000000000, 0.9510565162951540863, 1.000000000000000000, 0.9510565162951540863, 1.000000000000000000, 0.9510565162951540863, 1.000000000000000000, 0.9510565162951540863, 1.000000000000000000, 0.9510565162951540863, 1.000000000000000000, 0.9510565162951540863, 1.000000000000000000, 0.9510565162951540863, 1.000000000000000000, 0.9510565162951540863, 1.000000000000000000, 0.9510565162951540863, 1.000000000000000000, 0.9510565162951540863, 1.000000000000000000, 0.9510565162951540863, 1.000000000000000000, 0.9510565162951540863, 1.000000000000000000, 0.9510565162951540863, 1.000000000000000000, 0.9510565162951540863, 1.000000000000000000, 0.9510565162951540863, 1.000000000000000000, 0.9510565162951540863, 1.000000000000000000, 0.9510565162951540863, 1.000000000000000000, 0.9510565162951540863, 1.000000000000000000, 0.9510565162951540863, 1.000000000000000000, 0.9510565162951540863, 1.000000000000000000, 0.9510565162951540863, 1.000000000000000000, 0.9510565162951540863, 1.000000000000000000, 0.9510565162951540863, 1.000000000000000000, 0.9510565162951540863, 1.000000000000000000, 0.9510565162951540863, 1.000000000000000000, 0.9510565162951540863, 1.000000000000000000, 0.9510565162951540863, 1.000000000000000000, 0.9510565162951540863, 1.000000000000000000, 0.9510565162951540863, 1.000000000000000000, 0.9510565162951540863, 1.000000000000000000, 0.9510565162951540863, 1.000000000000000000, 0.9510565162951540863, 1.000000000000000000, 0.9510565162951540863, 1.000000000000000000, 0.9510565162951540863, 1.000000000000000000, 0.9510565162951540863, 1.000000000000000000, 0.9510565162951540863, 1.000000000000000000, 0.9510565162951540863, 1.000000000000000000, 0.9510565162951540863, 1.000000000000000000, 0.9510565162951540863, 1.000000000000000000, 0.9515204654704020326, 0.9990808974613629712),
 ( 0.9774270967343399175, 0.9823449940024179261, 1.000000000000000000, 0.9510565162951540863, 1.000000000000000000, 0.9510565162951540863, 1.000000000000000000, 0.9510565162951540863, 1.000000000000000000, 0.9510565162951540863, 1.000000000000000000, 0.9510565162951540863, 1.000000000000000000, 0.9510565162951540863, 1.000000000000000000, 0.9510565162951540863, 1.000000000000000000, 0.9510565162951540863, 1.000000000000000000, 0.9510565162951540863, 1.000000000000000000, 0.9510565162951540863, 1.000000000000000000, 0.9510565162951540863, 1.000000000000000000, 0.9510565162951540863, 1.000000000000000000, 0.9510565162951540863, 1.000000000000000000, 0.9510565162951540863, 1.000000000000000000, 0.9510565162951540863, 1.000000000000000000, 0.9510565162951540863, 1.000000000000000000, 0.9510565162951540863, 1.000000000000000000, 0.9510565162951540863, 1.000000000000000000, 0.9510565162951540863, 1.000000000000000000, 0.9510565162951540863, 1.000000000000000000, 0.9510565162951540863, 1.000000000000000000, 0.9510565162951540863, 1.000000000000000000, 0.9510565162951540863, 1.000000000000000000, 0.9510565162951540863, 1.000000000000000000, 0.9510565162951540863, 1.000000000000000000, 0.9510565162951540863, 1.000000000000000000, 0.9510565162951540863, 1.000000000000000000, 0.9510565162951540863, 1.000000000000000000, 0.9510565162951540863, 1.000000000000000000, 0.9510565162951540863, 1.000000000000000000, 0.9510565162951540863, 1.000000000000000000, 0.9510565162951540863, 1.000000000000000000, 0.9510565162951540863, 1.000000000000000000, 0.9510565162951540863, 1.000000000000000000, 0.9510565162951540863, 1.000000000000000000, 0.9510565162951540863, 1.000000000000000000, 0.9510565162951540863, 1.000000000000000000, 0.9510565162951540863, 1.000000000000000000, 0.9510565162951540863, 1.000000000000000000, 0.9510565162951540863, 1.000000000000000000, 0.9515204654704020326, 0.9990808974613629712) ) ) 
 REPRESENTATION_ITEM ( '' )  SURFACE ( )  );
#826 = CARTESIAN_POINT ( 'NONE',  ( 0.2938926259999944945, -0.4045084969999961366, -0.2517857139999964966 ) ) ;
#827 = EDGE_LOOP ( 'NONE', ( #819, #5689, #1220, #6810, #815, #3714, #704, #165, #5732, #374, #3449, #7017, #2638, #6507, #7216, #820, #2317 ) ) ;
#828 = CARTESIAN_POINT ( 'NONE',  ( 0.1147994906296310458, -0.4388385605626308750, -0.07745906506161420735 ) ) ;
#829 = EDGE_LOOP ( 'NONE', ( #4580, #2235, #3180, #6947 ) ) ;
#830 = ORIENTED_EDGE ( 'NONE', *, *, #1698, .F. ) ;
#831 = CARTESIAN_POINT ( 'NONE',  ( 0.5507309358401770716, -0.5480607498624741059, -0.4844438382808690657 ) ) ;
#832 = CARTESIAN_POINT ( 'NONE',  ( -0.7500000000000175415, -0.1048942007615067673, -0.4957874055181736295 ) ) ;
#833 = CARTESIAN_POINT ( 'NONE',  ( 0.1373799342759987885, -0.7867090619447553168, -0.02806717960425454336 ) ) ;
#834 = CARTESIAN_POINT ( 'NONE',  ( 0.3042712215474402404, 0.3971029375703681863, -0.3645652089538125029 ) ) ;
#835 = EDGE_CURVE ( 'NONE', #5474, #810, #6847, .T. ) ;
#836 = VERTEX_POINT ( 'NONE', #4001 ) ;
#837 = CARTESIAN_POINT ( 'NONE',  ( 0.3442539419999876005, -0.5839182159999948274, 0.000000000000000000 ) ) ;
#838 = CARTESIAN_POINT ( 'NONE',  ( 0.3297780497560534596, -0.3761881971390153567, -0.3846971314863990576 ) ) ;
#839 = CARTESIAN_POINT ( 'NONE',  ( 0.2666227890000034129, -0.3669747859999954454, -0.2874999999999995892 ) ) ;
#840 = CARTESIAN_POINT ( 'NONE',  ( -0.4853864425567547825, -0.1200000058139755327, -0.05972622741309283750 ) ) ;
#841 = CARTESIAN_POINT ( 'NONE',  ( 0.3466162698924412644, 0.3603569915986450378, -0.2229705462044298259 ) ) ;
#842 = CARTESIAN_POINT ( 'NONE',  ( -0.1334638460000202309, -0.4561575929999936441, -0.02467324999999576107 ) ) ;
#843 = CARTESIAN_POINT ( 'NONE',  ( -0.5257311120000326410, 1.034076588371666072E-14, -0.4821428570000020897 ) ) ;
#844 = CARTESIAN_POINT ( 'NONE',  ( 0.4260170653210924585, 0.2470254220928052302, -0.007544833289216289728 ) ) ;
#845 = ORIENTED_EDGE ( 'NONE', *, *, #5745, .F. ) ;
#846 = VECTOR ( 'NONE', #5453, 39.37007874015748143 ) ;
#847 = ORIENTED_EDGE ( 'NONE', *, *, #5548, .F. ) ;
#848 = B_SPLINE_CURVE_WITH_KNOTS ( 'NONE', 3,
 ( #1147, #3482, #1643, #2249, #3373, #4051, #5693, #6331, #6182, #553 ),
 .UNSPECIFIED., .F., .F.,
 ( 4, 2, 2, 2, 4 ),
 ( 0.000000000000000000, 0.2500000000000000555, 0.5000000000000000000, 0.7500000000000000000, 1.000000000000000000 ),
 .UNSPECIFIED. ) ;
#849 = EDGE_CURVE ( 'NONE', #4722, #4898, #6203, .T. ) ;
#850 = CARTESIAN_POINT ( 'NONE',  ( 0.3042712216983688989, 0.3971029374470850248, -0.4359937808776211954 ) ) ;
#851 = CARTESIAN_POINT ( 'NONE',  ( -0.1340063955646417782, 0.4721058831257046728, -0.01112885472942367476 ) ) ;
#852 = CARTESIAN_POINT ( 'NONE',  ( 0.4365652529999969333, -0.2744242959999905751, -0.02420039799999868652 ) ) ;
#853 = CARTESIAN_POINT ( 'NONE',  ( -0.7500000000000176525, 0.1126791679179485334, -0.4951423054937580948 ) ) ;
#854 = ORIENTED_EDGE ( 'NONE', *, *, #171, .F. ) ;
#855 = AXIS2_PLACEMENT_3D ( 'NONE', #116, #2933, #3537 ) ;
#856 = CARTESIAN_POINT ( 'NONE',  ( -0.2967347335847733136, -0.4027105900512450987, -0.2572150928050774277 ) ) ;
#857 = CARTESIAN_POINT ( 'NONE',  ( -0.4374450893992299361, 0.1199999958089122687, -0.09234318487028222999 ) ) ;
#858 = CARTESIAN_POINT ( 'NONE',  ( -0.3226691384612296321, 0.3188793555015125847, -0.2410000001755048249 ) ) ;
#859 = EDGE_CURVE ( 'NONE', #5229, #5020, #6279, .T. ) ;
#860 = ORIENTED_EDGE ( 'NONE', *, *, #6398, .T. ) ;
#861 = CARTESIAN_POINT ( 'NONE',  ( -0.4135165435724203475, 0.2846801017114543586, 8.450902354728262598E-49 ) ) ;
#862 = CARTESIAN_POINT ( 'NONE',  ( 0.000000000000000000, -0.4536057820000032326, -0.2946428570000044767 ) ) ;
#863 = CARTESIAN_POINT ( 'NONE',  ( -0.3858601250000029403, 0.2803437910000101119, -0.2392857139999990668 ) ) ;
#864 = B_SPLINE_CURVE_WITH_KNOTS ( 'NONE', 3,
 ( #942, #4961, #2607, #4398 ),
 .UNSPECIFIED., .F., .F.,
 ( 4, 4 ),
 ( 0.000000000000000000, 1.000000000000000000 ),
 .UNSPECIFIED. ) ;
#865 = VERTEX_POINT ( 'NONE', #163 ) ;
#866 = EDGE_CURVE ( 'NONE', #5441, #5696, #6897, .T. ) ;
#867 =( BOUNDED_CURVE ( )  B_SPLINE_CURVE ( 2, ( #3859, #5417, #2173, #4420, #874 ),
 .UNSPECIFIED., .F., .F. ) 
 B_SPLINE_CURVE_WITH_KNOTS ( ( 3, 2, 3 ),
 ( 0.000000000000000000, 0.1291285783279081667, 1.000000000000000000 ),
 .UNSPECIFIED. ) 
 CURVE ( )  GEOMETRIC_REPRESENTATION_ITEM ( )  RATIONAL_B_SPLINE_CURVE ( ( 0.9899956120565313045, 0.9943442447054899880, 1.000000000000000000, 0.9618563472335966980, 0.9831665026651521533 ) ) 
 REPRESENTATION_ITEM ( '' )  );
#868 = CARTESIAN_POINT ( 'NONE',  ( -0.7499999999851042487, -0.4330127017910171405, -0.4330127019932962784 ) ) ;
#869 = CARTESIAN_POINT ( 'NONE',  ( -0.3226455853243434535, 0.3188385667691438496, -0.1695973402052208534 ) ) ;
#870 = CARTESIAN_POINT ( 'NONE',  ( -1.748382715945128460E-14, 0.4536057820000065077, -0.1160714289999988796 ) ) ;
#871 = CARTESIAN_POINT ( 'NONE',  ( -0.3297780573975291341, 0.3761881904403298060, -0.3489828452573039419 ) ) ;
#872 = ORIENTED_EDGE ( 'NONE', *, *, #7339, .F. ) ;
#873 = PLANE ( 'NONE',  #3241 ) ;
#874 = CARTESIAN_POINT ( 'NONE',  ( -0.3466162640662355798, 0.3603569972434920721, -0.06274373945939731856 ) ) ;
#875 = AXIS2_PLACEMENT_3D ( 'NONE', #6043, #6147, #6680 ) ;
#876 = CARTESIAN_POINT ( 'NONE',  ( -0.2666227890000034129, 0.3669747860000008854, -0.2517857139999964966 ) ) ;
#877 = B_SPLINE_CURVE_WITH_KNOTS ( 'NONE', 3,
 ( #6443, #7064, #6362, #3031 ),
 .UNSPECIFIED., .F., .F.,
 ( 4, 4 ),
 ( 0.000000000000000000, 1.000000000000000000 ),
 .UNSPECIFIED. ) ;
#878 = EDGE_CURVE ( 'NONE', #3596, #7133, #1063, .T. ) ;
#879 = CARTESIAN_POINT ( 'NONE',  ( -0.5000000000000007772, 4.775659741918015726E-16, -0.4999999999999973910 ) ) ;
#880 = CARTESIAN_POINT ( 'NONE',  ( 0.3466162752830023730, -0.3603569864543862411, -0.03595802506796080822 ) ) ;
#881 = AXIS2_PLACEMENT_3D ( 'NONE', #3818, #6668, #3784 ) ;
#882 = CARTESIAN_POINT ( 'NONE',  ( -0.07164390600000487830, -0.4999999999999935052, -0.03728926600000130598 ) ) ;
#883 = CARTESIAN_POINT ( 'NONE',  ( -0.4253254040000215563, 0.3090169940000098703, -0.3464285709999982976 ) ) ;
#884 = B_SPLINE_CURVE_WITH_KNOTS ( 'NONE', 3,
 ( #4923, #1571, #3864, #370, #7321, #1536, #4887, #333, #1470, #6148, #6715, #1007, #1434, #3763, #7219, #2673, #5445, #2637, #4955, #7255, #3266, #2075, #409, #2107, #5586, #442, #7288 ),
 .UNSPECIFIED., .F., .F.,
 ( 4, 1, 1, 1, 1, 2, 2, 1, 1, 1, 1, 2, 2, 1, 1, 1, 2, 2, 4 ),
 ( 0.000000000000000000, 0.1250000000000002220, 0.1875000000000006106, 0.2187500000000008049, 0.2343750000000007772, 0.2421875000000005551, 0.2500000000000002776, 0.3749999999999990008, 0.4374999999999983347, 0.4687499999999980016, 0.4843749999999977240, 0.4921874999999976685, 0.4999999999999975575, 0.6249999999999980016, 0.6874999999999982236, 0.7187499999999982236, 0.7343749999999982236, 0.7499999999999981126, 1.000000000000000000 ),
 .UNSPECIFIED. ) ;
#885 = CARTESIAN_POINT ( 'NONE',  ( -0.4486141210000083035, -0.06710868499999293746, -0.2303437142800022208 ) ) ;
#886 = ORIENTED_EDGE ( 'NONE', *, *, #140, .T. ) ;
#887 = CARTESIAN_POINT ( 'NONE',  ( 0.3418951728977908666, 0.3652033745744795445, -0.4371014889561880556 ) ) ;
#888 = CARTESIAN_POINT ( 'NONE',  ( -0.3453981759999962264, -0.3615246879999913232, -0.1872178749999964531 ) ) ;
#889 = CARTESIAN_POINT ( 'NONE',  ( -0.07522798252734022584, 0.4499175134634719742, -0.04410454525041759832 ) ) ;
#890 = CARTESIAN_POINT ( 'NONE',  ( -0.2710769516716308725, -0.7095190527784107637, -0.2410000000202484338 ) ) ;
#891 =( BOUNDED_CURVE ( )  B_SPLINE_CURVE ( 2, ( #4699, #6996, #1275, #2402, #1846 ),
 .UNSPECIFIED., .F., .T. ) 
 B_SPLINE_CURVE_WITH_KNOTS ( ( 3, 2, 3 ),
 ( 0.000000000000000000, 0.8708713993232164441, 1.000000000000000000 ),
 .UNSPECIFIED. ) 
 CURVE ( )  GEOMETRIC_REPRESENTATION_ITEM ( )  RATIONAL_B_SPLINE_CURVE ( ( 0.9831665015713972888, 0.9618563482124681263, 1.000000000000000000, 0.9943442437266216682, 0.9899956105512552895 ) ) 
 REPRESENTATION_ITEM ( '' )  );
#892 = CARTESIAN_POINT ( 'NONE',  ( -0.01716195705951738953, 0.4999999999964804820, -0.2139084345159743827 ) ) ;
#893 = ORIENTED_EDGE ( 'NONE', *, *, #1712, .T. ) ;
#894 = CARTESIAN_POINT ( 'NONE',  ( 0.4494046833799201779, -0.2196947681714326306, -0.2372882135538280646 ) ) ;
#895 = CARTESIAN_POINT ( 'NONE',  ( 0.4468529126400015983, -0.09112594512999563912, -0.2074134538600028999 ) ) ;
#896 = CARTESIAN_POINT ( 'NONE',  ( -0.4321422180804043167, 0.2515035850217685609, -0.2024040651736889462 ) ) ;
#897 = PERSON_AND_ORGANIZATION ( #4148, #7128 ) ;
#898 = CARTESIAN_POINT ( 'NONE',  ( 0.3226455930000037275, -0.3188385589999933600, -0.06245448299999668829 ) ) ;
#899 = CARTESIAN_POINT ( 'NONE',  ( -0.1473854529999972240, 0.4536057820000077290, -0.3267857139999973404 ) ) ;
#900 = CARTESIAN_POINT ( 'NONE',  ( 0.000000000000000000, 0.5000000000000028866, -0.4375000000000031641 ) ) ;
#901 = EDGE_CURVE ( 'NONE', #4772, #2078, #437, .T. ) ;
#902 = CARTESIAN_POINT ( 'NONE',  ( 0.3385704361267842799, 0.3464211989734694574, -0.2410000000000021569 ) ) ;
#903 = ORIENTED_EDGE ( 'NONE', *, *, #4958, .F. ) ;
#904 = CARTESIAN_POINT ( 'NONE',  ( -0.4755282579635907725, 0.1545084969881686809, -0.4946428570221076959 ) ) ;
#905 = EDGE_LOOP ( 'NONE', ( #4688, #7112, #5830, #2160, #6369, #3012, #6143, #218, #6200 ) ) ;
#906 = CARTESIAN_POINT ( 'NONE',  ( -0.3981920379999959736, 0.2423900660000075924, -0.1668901230000009173 ) ) ;
#907 = CARTESIAN_POINT ( 'NONE',  ( -0.2678503414629632706, -0.7039433441340743336, -0.001835845789373150190 ) ) ;
#908 = CARTESIAN_POINT ( 'NONE',  ( 0.1147994959999703718, -0.4388385589999939662, -0.2113876369999983240 ) ) ;
#909 = ORIENTED_EDGE ( 'NONE', *, *, #5072, .T. ) ;
#910 = CARTESIAN_POINT ( 'NONE',  ( 0.3981920380000141813, -0.2423900659999962681, -0.2026044089999979314 ) ) ;
#911 = ORIENTED_EDGE ( 'NONE', *, *, #4425, .F. ) ;
#912 = CARTESIAN_POINT ( 'NONE',  ( 0.1473854529999880369, -0.4536057819999951279, -0.2910714289999993265 ) ) ;
#913 = EDGE_CURVE ( 'NONE', #4882, #3047, #2773, .T. ) ;
#914 = CARTESIAN_POINT ( 'NONE',  ( -0.4365652530000151410, -0.2744242959999939613, -0.05615674499999646907 ) ) ;
#915 = CARTESIAN_POINT ( 'NONE',  ( 0.1387701847178999803, -0.4803569880087835142, -0.1128804732356538804 ) ) ;
#916 = EDGE_CURVE ( 'NONE', #5901, #7016, #2399, .T. ) ;
#917 = CARTESIAN_POINT ( 'NONE',  ( -0.2938926260000119806, 0.4045084969999983016, -0.4928571430000012743 ) ) ;
#918 = DIRECTION ( 'NONE',  ( 6.162975822039154730E-33, -0.000000000000000000, -1.000000000000000000 ) ) ;
#919 = CARTESIAN_POINT ( 'NONE',  ( 0.3418951726329736429, 0.3652033748497826027, -0.2942443459474428091 ) ) ;
#920 = DIRECTION ( 'NONE',  ( -1.000000000000000000, 8.326672684688662220E-16, 0.000000000000000000 ) ) ;
#921 = CARTESIAN_POINT ( 'NONE',  ( -0.02369639776336416107, 0.4544646517171773148, -0.04491800591261865122 ) ) ;
#922 = CARTESIAN_POINT ( 'NONE',  ( 0.4999999999465056244, -2.552107694029919345E-09, -0.4553571428473971450 ) ) ;
#923 = CARTESIAN_POINT ( 'NONE',  ( -0.1387701736412660647, -0.4803569910032801094, 0.000000000000000000 ) ) ;
#924 = ORIENTED_EDGE ( 'NONE', *, *, #4175, .F. ) ;
#925 = EDGE_CURVE ( 'NONE', #5394, #4760, #6169, .T. ) ;
#926 = CARTESIAN_POINT ( 'NONE',  ( 0.1483832898918914511, -0.4784194423064409007, -0.2465838758088252092 ) ) ;
#927 = CARTESIAN_POINT ( 'NONE',  ( -0.3854654722100095410, 0.2800570589700078217, -0.2479464288600020938 ) ) ;
#928 = CARTESIAN_POINT ( 'NONE',  ( -0.4853864425961370577, 0.1200000056546913080, -0.06527377255863298089 ) ) ;
#929 = ORIENTED_EDGE ( 'NONE', *, *, #1687, .F. ) ;
#930 = CARTESIAN_POINT ( 'NONE',  ( 0.1147995021949641675, -0.4388385575371617220, -0.1488876366482240754 ) ) ;
#931 = FACE_OUTER_BOUND ( 'NONE', #905, .T. ) ;
#932 = CARTESIAN_POINT ( 'NONE',  ( -0.4314047350000136949, 0.1401718949999970765, -0.2357142860000020768 ) ) ;
#933 = CARTESIAN_POINT ( 'NONE',  ( 0.3466162712046374494, 0.3603569918280165041, -0.2318991169520403239 ) ) ;
#934 = EDGE_CURVE ( 'NONE', #1506, #4037, #6393, .T. ) ;
#935 = CARTESIAN_POINT ( 'NONE',  ( -0.4853864445558905283, -0.1199999977277011048, -0.05079765594162566344 ) ) ;
#936 = CARTESIAN_POINT ( 'NONE',  ( -0.1147994939630538336, 0.4388385596906184682, -0.1756733509413665184 ) ) ;
#937 = CARTESIAN_POINT ( 'NONE',  ( 0.1147994872945298228, -0.4388385614002898172, -0.2203162082907821895 ) ) ;
#938 = CARTESIAN_POINT ( 'NONE',  ( 0.4740919287835022033, -0.5811513081188198759, 0.000000000000000000 ) ) ;
#939 = CARTESIAN_POINT ( 'NONE',  ( -0.7500000000000176525, -0.1711544769896191365, -0.01017363655019655130 ) ) ;
#940 = ORIENTED_EDGE ( 'NONE', *, *, #2817, .T. ) ;
#941 = CARTESIAN_POINT ( 'NONE',  ( 0.3858601249999938365, -0.2803437909999871303, -0.2839285710000007956 ) ) ;
#942 = CARTESIAN_POINT ( 'NONE',  ( 0.3466162695453610665, 0.3603569919732764748, -0.1604705459551687141 ) ) ;
#943 = CARTESIAN_POINT ( 'NONE',  ( -0.07077533386739229271, -0.4999999999999935052, -0.1176273147906863603 ) ) ;
#944 = CARTESIAN_POINT ( 'NONE',  ( 0.3390218589971676355, 0.3472030721554564825, -0.02620933115914856129 ) ) ;
#945 = CARTESIAN_POINT ( 'NONE',  ( 0.4253254039999848080, -0.3090169939999903859, -0.3821428569999988367 ) ) ;
#946 = CARTESIAN_POINT ( 'NONE',  ( 0.4550281143975707376, 0.1856931335910856629, -0.008540427601038609248 ) ) ;
#947 = ORIENTED_EDGE ( 'NONE', *, *, #4727, .T. ) ;
#948 = CARTESIAN_POINT ( 'NONE',  ( -0.2910618175872694557, 0.4068780717673785574, -0.2786505856014211968 ) ) ;
#949 = VECTOR ( 'NONE', #503, 39.37007874015748143 ) ;
#950 = CARTESIAN_POINT ( 'NONE',  ( -0.2478664505150044439, 0.7229196420364821796, -0.4935959316136164232 ) ) ;
#951 = LINE ( 'NONE', #4236, #3593 ) ;
#952 = LINE ( 'NONE', #5462, #4837 ) ;
#953 = CARTESIAN_POINT ( 'NONE',  ( -0.7500000000000173195, 0.3283820508491339663, -0.4603134649760076136 ) ) ;
#954 = VERTEX_POINT ( 'NONE', #1295 ) ;
#955 = CARTESIAN_POINT ( 'NONE',  ( -0.2843715032053151792, -0.4115389511843483006, -0.2568833324776985116 ) ) ;
#956 = CARTESIAN_POINT ( 'NONE',  ( 0.1472347090500014666, 0.4531418398200092179, -0.3336607138500010117 ) ) ;
#957 = CARTESIAN_POINT ( 'NONE',  ( -0.3466162643506450203, 0.3603569969699073616, -0.2056008822779576140 ) ) ;
#958 = ORIENTED_EDGE ( 'NONE', *, *, #4853, .F. ) ;
#959 = PERSON_AND_ORGANIZATION_ROLE ( 'creator' ) ;
#960 = B_SPLINE_CURVE_WITH_KNOTS ( 'NONE', 3,
 ( #1780, #6391, #42, #5867 ),
 .UNSPECIFIED., .F., .F.,
 ( 4, 4 ),
 ( 0.000000000000000000, 1.000000000000000000 ),
 .UNSPECIFIED. ) ;
#961 = EDGE_CURVE ( 'NONE', #7359, #3627, #1924, .T. ) ;
#962 = VECTOR ( 'NONE', #167, 39.37007874015748143 ) ;
#963 = CARTESIAN_POINT ( 'NONE',  ( -0.4745517412824512560, 0.1638251485360211479, 2.248978760095130845E-49 ) ) ;
#964 = CARTESIAN_POINT ( 'NONE',  ( -0.4870773479738617628, -0.1141360604732992307, -0.3366474856013629835 ) ) ;
#965 = CARTESIAN_POINT ( 'NONE',  ( -0.4755282580000375625, -0.1545084969999974134, -0.3446428569999998581 ) ) ;
#966 = ORIENTED_EDGE ( 'NONE', *, *, #3532, .F. ) ;
#967 = EDGE_LOOP ( 'NONE', ( #2138, #5588, #6047 ) ) ;
#968 = LINE ( 'NONE', #3792, #7446 ) ;
#969 = ORIENTED_EDGE ( 'NONE', *, *, #7231, .F. ) ;
#970 = CARTESIAN_POINT ( 'NONE',  ( 0.7500000000000008882, 0.2151747962738777276, -0.4825317774266365545 ) ) ;
#971 = CARTESIAN_POINT ( 'NONE',  ( -0.3226455968293399090, 0.3188385551267693407, -0.1070973398211331890 ) ) ;
#972 = CARTESIAN_POINT ( 'NONE',  ( 0.05834953799998172930, -0.4536057819999991247, -0.2128717950000010017 ) ) ;
#973 = VECTOR ( 'NONE', #5765, 39.37007874015748143 ) ;
#974 = CARTESIAN_POINT ( 'NONE',  ( -0.2710769514403197911, 0.7095190530413632013, -0.005507537025197672791 ) ) ;
#975 = ORIENTED_EDGE ( 'NONE', *, *, #6987, .F. ) ;
#976 = CARTESIAN_POINT ( 'NONE',  ( 0.4314047349999962089, 0.1401718950000036545, -0.4160714289999973281 ) ) ;
#977 = ORIENTED_EDGE ( 'NONE', *, *, #2518, .T. ) ;
#978 = CARTESIAN_POINT ( 'NONE',  ( -0.4314047350000136949, 0.1401718949999970765, -0.1642857139999958360 ) ) ;
#979 = CARTESIAN_POINT ( 'NONE',  ( -0.4407107100000109967, 0.1073884330000038356, -0.1634504270000022852 ) ) ;
#980 = CARTESIAN_POINT ( 'NONE',  ( -0.6923586331300599639, 0.4662919606871198663, -0.04859685501984925549 ) ) ;
#981 = EDGE_CURVE ( 'NONE', #2711, #4203, #4121, .T. ) ;
#982 = CARTESIAN_POINT ( 'NONE',  ( -0.3466162643506450203, 0.3603569969699073616, -0.2056008822779576140 ) ) ;
#983 = CARTESIAN_POINT ( 'NONE',  ( 0.3858601249999938365, -0.2803437909999871303, -0.4177678572899994336 ) ) ;
#984 = APPROVAL_PERSON_ORGANIZATION ( #3191, #6314, #4349 ) ;
#985 = CYLINDRICAL_SURFACE ( 'NONE', #3606, 0.5000000000000002220 ) ;
#986 = CARTESIAN_POINT ( 'NONE',  ( -0.3226455885378883837, -0.3188385635172448773, -0.1518312310313221503 ) ) ;
#987 = CARTESIAN_POINT ( 'NONE',  ( 0.000000000000000000, 0.000000000000000000, -0.4999999999999973910 ) ) ;
#988 = CARTESIAN_POINT ( 'NONE',  ( -0.5000000000000236478, -1.017985018240996066E-08, -0.3392857140981688224 ) ) ;
#989 = CYLINDRICAL_SURFACE ( 'NONE', #2643, 0.5000000000000007772 ) ;
#990 = ORIENTED_EDGE ( 'NONE', *, *, #639, .F. ) ;
#991 = VECTOR ( 'NONE', #4419, 39.37007874015748143 ) ;
#992 = CARTESIAN_POINT ( 'NONE',  ( -0.4201771302903202221, -0.2714362845008361225, -0.2613471071509965160 ) ) ;
#993 = CARTESIAN_POINT ( 'NONE',  ( -0.3854654722100095410, 0.2800570589700078217, -0.4622321428600004722 ) ) ;
#994 = LINE ( 'NONE', #1557, #4438 ) ;
#995 = B_SPLINE_CURVE_WITH_KNOTS ( 'NONE', 3,
 ( #617, #5190, #5095, #1639, #5764, #1143, #512, #2810 ),
 .UNSPECIFIED., .F., .F.,
 ( 4, 2, 2, 4 ),
 ( 0.000000000000000000, 0.001539756964645756917, 0.003079513929291513834, 0.006159027858583025067 ),
 .UNSPECIFIED. ) ;
#996 = APPROVAL_ROLE ( '' ) ;
#997 = CARTESIAN_POINT ( 'NONE',  ( -0.3226455876946870971, -0.3188385643686744708, -0.1562955168098867365 ) ) ;
#998 = CARTESIAN_POINT ( 'NONE',  ( 0.1473854529999788499, 0.4536057820000123364, -0.2625000000000038414 ) ) ;
#999 = CARTESIAN_POINT ( 'NONE',  ( 8.741913579725642299E-15, -0.4999999999999930056, -0.4017857140000000715 ) ) ;
#1000 = CARTESIAN_POINT ( 'NONE',  ( -0.4999999999465142841, -1.017763301457830294E-08, -0.2767857140652613124 ) ) ;
#1001 = CARTESIAN_POINT ( 'NONE',  ( 0.4755282579999763892, -0.1545084969999952484, -0.1732142859999991069 ) ) ;
#1002 = CARTESIAN_POINT ( 'NONE',  ( -0.1292069825419139562, -0.4832952646118666151, -0.3958168780079635019 ) ) ;
#1003 = EDGE_CURVE ( 'NONE', #4037, #1992, #6633, .T. ) ;
#1004 = CARTESIAN_POINT ( 'NONE',  ( -0.7467792535060230330, 0.1200000000000011613, -0.003671691382731490094 ) ) ;
#1005 = CARTESIAN_POINT ( 'NONE',  ( 0.000000000000000000, 0.000000000000000000, -0.4999999999999973910 ) ) ;
#1006 = CARTESIAN_POINT ( 'NONE',  ( -0.05834953052937320861, -0.4536057819999967933, -0.2246282053718115235 ) ) ;
#1007 = CARTESIAN_POINT ( 'NONE',  ( 0.1588551804030739201, -0.7743103228092884649, -0.4766978959186324860 ) ) ;
#1008 = ORIENTED_EDGE ( 'NONE', *, *, #2964, .F. ) ;
#1009 = CARTESIAN_POINT ( 'NONE',  ( -0.7500000000000183187, -0.4060654136997979835, -0.05920828615473332224 ) ) ;
#1010 = VERTEX_POINT ( 'NONE', #44 ) ;
#1011 =( BOUNDED_SURFACE ( )  B_SPLINE_SURFACE ( 1, 2, ( 
 ( #769, #805, #1938, #1291, #6018, #2013, #198 ),
 ( #1407, #6514, #5382, #728, #2541, #2501, #3698 ) ),
 .UNSPECIFIED., .F., .F., .T. ) 
 B_SPLINE_SURFACE_WITH_KNOTS ( ( 2, 2 ),
 ( 3, 2, 2, 3 ),
 ( 0.000000000000000000, 1.000000000000000000 ),
 ( 0.1637510298511300477, 0.1642857142857140074, 0.1695644869541780564, 0.1696226215252085445 ),
 .UNSPECIFIED. ) 
 GEOMETRIC_REPRESENTATION_ITEM ( )  RATIONAL_B_SPLINE_SURFACE ( (
 ( 0.9932210899422718731, 0.9963362953524198540, 1.000000000000000000, 0.9638293866287261924, 0.9811209779318870172, 0.9811209779318870172, 0.9811209779318870172),
 ( 0.9932210899422718731, 0.9963362953524198540, 1.000000000000000000, 0.9638293866287261924, 0.9811209779318870172, 0.9811209779318870172, 0.9811209779318870172) ) ) 
 REPRESENTATION_ITEM ( '' )  SURFACE ( )  );
#1012 = CARTESIAN_POINT ( 'NONE',  ( 0.3858601249999845106, 0.2803437910000101119, -0.2697321427099998448 ) ) ;
#1013 = CARTESIAN_POINT ( 'NONE',  ( 0.4755282579999763892, -0.1545084969999952484, -0.02142857099999713119 ) ) ;
#1014 = CARTESIAN_POINT ( 'NONE',  ( 8.741913579725642299E-15, -0.4999999999999930056, -0.1160714289999988796 ) ) ;
#1015 = CARTESIAN_POINT ( 'NONE',  ( 0.7500000000000008882, -0.3305303708921839556, -0.4598145338241884095 ) ) ;
#1016 = CARTESIAN_POINT ( 'NONE',  ( 0.3981920380000050219, 0.2423900660000098961, -0.1188241629999993998 ) ) ;
#1017 = CARTESIAN_POINT ( 'NONE',  ( 0.000000000000000000, -0.4536057820000032326, -0.3570535712800001482 ) ) ;
#1018 = CARTESIAN_POINT ( 'NONE',  ( -0.06547044704154467154, 0.4967633138334328069, -0.2842519001266927137 ) ) ;
#1019 = EDGE_CURVE ( 'NONE', #3047, #1241, #273, .T. ) ;
#1020 = CARTESIAN_POINT ( 'NONE',  ( -0.3110042340891754353, 0.6864670256848285357, -0.4999999999185780197 ) ) ;
#1021 = CARTESIAN_POINT ( 'NONE',  ( 0.4374450873210148361, -0.1200000033847212350, -0.1280574702691563982 ) ) ;
#1022 = CARTESIAN_POINT ( 'NONE',  ( -0.4485554014469013140, 0.2215071421206445124, -0.3444765011702572433 ) ) ;
#1023 = CARTESIAN_POINT ( 'NONE',  ( -0.4853864425567547825, -0.1200000058139755327, -0.1222262274049658037 ) ) ;
#1024 = VERTEX_POINT ( 'NONE', #1250 ) ;
#1025 = CARTESIAN_POINT ( 'NONE',  ( 0.4755282579999851045, 0.1545084970000039915, -0.02321428600000426806 ) ) ;
#1026 = CARTESIAN_POINT ( 'NONE',  ( 0.1472347090499922795, -0.4531418398199897335, -0.4336607138500042091 ) ) ;
#1027 = CARTESIAN_POINT ( 'NONE',  ( 0.3378133355142401983, -0.3451098475876781535, -0.01707282494524671457 ) ) ;
#1028 = ORIENTED_EDGE ( 'NONE', *, *, #6834, .F. ) ;
#1029 = CARTESIAN_POINT ( 'NONE',  ( -0.02358653916763477423, -0.4545957293219111683, -0.4999999999999972800 ) ) ;
#1030 = CARTESIAN_POINT ( 'NONE',  ( 0.4314047349999962089, 0.1401718950000036545, -0.4160714289999973281 ) ) ;
#1031 = CARTESIAN_POINT ( 'NONE',  ( 0.2666227889999946421, 0.3669747859999997752, -0.3999999999999979128 ) ) ;
#1032 = CARTESIAN_POINT ( 'NONE',  ( 0.7500000000000005551, -0.2540137576338601932, -0.02413678506673484075 ) ) ;
#1033 = CARTESIAN_POINT ( 'NONE',  ( 8.741913579725642299E-15, -0.4999999999999930056, -0.3303571429999988540 ) ) ;
#1034 = CARTESIAN_POINT ( 'NONE',  ( -0.3981920379999959736, -0.2423900659999962681, -0.1634670199999972151 ) ) ;
#1035 = VERTEX_POINT ( 'NONE', #5230 ) ;
#1036 = CARTESIAN_POINT ( 'NONE',  ( -0.4365652530000060927, 0.2744242960000007892, -0.06884325500000318399 ) ) ;
#1037 = EDGE_CURVE ( 'NONE', #2915, #2546, #480, .T. ) ;
#1038 = CARTESIAN_POINT ( 'NONE',  ( 0.1387701737591595097, 0.4803569911746511378, -0.08354809779697808247 ) ) ;
#1039 = CARTESIAN_POINT ( 'NONE',  ( -0.4401327260648778550, -0.2376211169560641101, -0.05689757622601007703 ) ) ;
#1040 = CARTESIAN_POINT ( 'NONE',  ( -0.4346590750000131065, -0.1301560660000037339, -0.09489804999999579271 ) ) ;
#1041 = CARTESIAN_POINT ( 'NONE',  ( -0.1626105919500193397, 0.5004639421800065602, -0.3622321428599972193 ) ) ;
#1042 = CARTESIAN_POINT ( 'NONE',  ( -0.4755282580000375625, -0.1545084969999974134, -0.1214285709999966129 ) ) ;
#1043 = VERTEX_POINT ( 'NONE', #3806 ) ;
#1044 = CARTESIAN_POINT ( 'NONE',  ( -0.3858601250000029403, -0.2803437909999825228, -0.3054464287200010508 ) ) ;
#1045 = CARTESIAN_POINT ( 'NONE',  ( -0.6707586786676292823, -0.4787627002135763088, -0.4572311272787253911 ) ) ;
#1046 = CARTESIAN_POINT ( 'NONE',  ( 0.4146017983168725496, -0.6266549440756682410, -0.4994191276165288462 ) ) ;
#1047 = EDGE_CURVE ( 'NONE', #3167, #6069, #2612, .T. ) ;
#1048 = CARTESIAN_POINT ( 'NONE',  ( -0.4374450905939697987, -0.1199999914536799966, -0.2290853871190881574 ) ) ;
#1049 =( BOUNDED_CURVE ( )  B_SPLINE_CURVE ( 2, ( #7086, #271, #5861 ),
 .UNSPECIFIED., .F., .F. ) 
 B_SPLINE_CURVE_WITH_KNOTS ( ( 3, 3 ),
 ( 0.000000000000000000, 1.000000000000000000 ),
 .UNSPECIFIED. ) 
 CURVE ( )  GEOMETRIC_REPRESENTATION_ITEM ( )  RATIONAL_B_SPLINE_CURVE ( ( 0.9755282581475774872, 0.9755282580902813194, 0.9755375738759655135 ) ) 
 REPRESENTATION_ITEM ( '' )  );
#1050 = CARTESIAN_POINT ( 'NONE',  ( -0.4999999999465231104, 1.132164244244990209E-08, -0.4910714288790459792 ) ) ;
#1051 = CARTESIAN_POINT ( 'NONE',  ( 0.4755282579999851045, 0.1545084970000039915, -0.5142857139999984506 ) ) ;
#1052 = CARTESIAN_POINT ( 'NONE',  ( -1.748382715945128460E-14, 0.4536057820000065077, -0.3213392852799970001 ) ) ;
#1053 = B_SPLINE_CURVE_WITH_KNOTS ( 'NONE', 3,
 ( #281, #4800, #851, #2020 ),
 .UNSPECIFIED., .F., .F.,
 ( 4, 4 ),
 ( 0.000000000000000000, 1.000000000000000000 ),
 .UNSPECIFIED. ) ;
#1054 = CARTESIAN_POINT ( 'NONE',  ( 0.1147995006298906384, 0.4388385579465892139, -0.04754093517111017408 ) ) ;
#1055 = CARTESIAN_POINT ( 'NONE',  ( 0.2252285392590583080, -0.6301072726480348996, -0.2410000000000021292 ) ) ;
#1056 = CARTESIAN_POINT ( 'NONE',  ( -0.1387701773767032187, 0.4803569901295859923, -0.1485947593585508208 ) ) ;
#1057 = CARTESIAN_POINT ( 'NONE',  ( 0.4857860369999734695, 0.1183719840000071882, -0.1579781439999958237 ) ) ;
#1058 = CARTESIAN_POINT ( 'NONE',  ( -0.4361798829444007430, -0.2444361816309768565, -0.1192122519938529357 ) ) ;
#1059 = EDGE_LOOP ( 'NONE', ( #2905, #4205, #2676 ) ) ;
#1060 = CARTESIAN_POINT ( 'NONE',  ( 0.3383933006288299961, 0.3029028188750270134, -0.04639421799999706580 ) ) ;
#1061 = CARTESIAN_POINT ( 'NONE',  ( -0.1472347090500014666, 0.4531418398200126041, -0.3979464288599978139 ) ) ;
#1062 = CARTESIAN_POINT ( 'NONE',  ( -0.4727044438457708719, 0.1645816829752618504, -0.2002365680569341833 ) ) ;
#1063 = B_SPLINE_CURVE_WITH_KNOTS ( 'NONE', 3,
 ( #3669, #1783, #732, #5268 ),
 .UNSPECIFIED., .F., .F.,
 ( 4, 4 ),
 ( 0.000000000000000000, 1.000000000000000000 ),
 .UNSPECIFIED. ) ;
#1064 = EDGE_LOOP ( 'NONE', ( #2145, #1645, #5574, #4951 ) ) ;
#1065 = DIRECTION ( 'NONE',  ( 6.162975822039154730E-33, -0.000000000000000000, -1.000000000000000000 ) ) ;
#1066 = CARTESIAN_POINT ( 'NONE',  ( -0.2666227890000034129, -0.3669747859999954454, -0.4446428569999993363 ) ) ;
#1067 = CARTESIAN_POINT ( 'NONE',  ( 0.2666227889999946421, 0.3669747859999997752, -0.4714285709999991858 ) ) ;
#1068 = CARTESIAN_POINT ( 'NONE',  ( -0.4374450855289487849, 0.1200000099175412283, -0.1727003280466373747 ) ) ;
#1069 = CARTESIAN_POINT ( 'NONE',  ( 0.000000000000000000, 0.5000000000000028866, -0.2142857139999999605 ) ) ;
#1070 = ADVANCED_FACE ( 'NONE', ( #4337 ), #7250, .T. ) ;
#1071 = CARTESIAN_POINT ( 'NONE',  ( 0.1303964321959636963, 0.4658532510680737926, -0.2079972531341144903 ) ) ;
#1072 = EDGE_LOOP ( 'NONE', ( #2319, #6819, #4451, #1763 ) ) ;
#1073 = FACE_OUTER_BOUND ( 'NONE', #1716, .T. ) ;
#1074 = CARTESIAN_POINT ( 'NONE',  ( -0.1147994959999973641, 0.4388385590000067338, -0.1131733509999963833 ) ) ;
#1075 = ORIENTED_EDGE ( 'NONE', *, *, #3699, .F. ) ;
#1076 = CARTESIAN_POINT ( 'NONE',  ( 0.4314047349999962089, -0.1401718949999970765, -0.1999999999999989564 ) ) ;
#1077 = CARTESIAN_POINT ( 'NONE',  ( 0.4298685080132598757, -0.1689474635987360807, -0.4999999999999977240 ) ) ;
#1078 = CARTESIAN_POINT ( 'NONE',  ( -0.4755282580000025905, 0.1545084969999996061, -0.2803571430000034725 ) ) ;
#1079 = ORIENTED_EDGE ( 'NONE', *, *, #3440, .T. ) ;
#1080 = CARTESIAN_POINT ( 'NONE',  ( 0.2030716741131040337, 0.4344536432447303476, -0.2410000000000022125 ) ) ;
#1081 = EDGE_LOOP ( 'NONE', ( #1491, #2480, #775, #320 ) ) ;
#1082 = EDGE_CURVE ( 'NONE', #1992, #1612, #2961, .T. ) ;
#1083 = VECTOR ( 'NONE', #286, 39.37007874015748854 ) ;
#1084 = CARTESIAN_POINT ( 'NONE',  ( -0.4644209730000398162, 0.03855836400000411252, -0.2421431397100009264 ) ) ;
#1085 = CARTESIAN_POINT ( 'NONE',  ( 0.4853864419771484195, 0.1200000081584627759, -0.2293690846245495518 ) ) ;
#1086 = CARTESIAN_POINT ( 'NONE',  ( -0.4526480727093786793, 0.1199999890403537911, -0.2266367748730800102 ) ) ;
#1087 = DIRECTION ( 'NONE',  ( -6.162975822039154730E-33, -4.563071046439936723E-18, 1.000000000000000000 ) ) ;
#1088 = CARTESIAN_POINT ( 'NONE',  ( -0.1147994939630538336, 0.4388385596906184682, -0.1846019224120556412 ) ) ;
#1089 = CARTESIAN_POINT ( 'NONE',  ( 0.1159327453188702256, -0.4385421027049107856, -0.1399292700966543734 ) ) ;
#1090 = CARTESIAN_POINT ( 'NONE',  ( 0.2666227890000034129, -0.3669747859999954454, -0.3499107142899959833 ) ) ;
#1091 = EDGE_CURVE ( 'NONE', #3070, #188, #2683, .T. ) ;
#1092 = CARTESIAN_POINT ( 'NONE',  ( -0.4535971184601242934, -0.002803424412564844807, -0.2410000002536138164 ) ) ;
#1093 = CARTESIAN_POINT ( 'NONE',  ( -0.4795326083813729601, -0.1436781036713485060, -0.1931178380679596518 ) ) ;
#1094 = CARTESIAN_POINT ( 'NONE',  ( 0.2710769515334212065, 0.7095190530680807184, -0.005507537058784105037 ) ) ;
#1095 = ORIENTED_EDGE ( 'NONE', *, *, #5449, .T. ) ;
#1096 = CARTESIAN_POINT ( 'NONE',  ( -0.06499618000001031182, -0.4536057819999908536, -0.07300355200000209488 ) ) ;
#1097 = CARTESIAN_POINT ( 'NONE',  ( -0.2666227890000034129, -0.3669747859999954454, -0.3017857140000005933 ) ) ;
#1098 = CARTESIAN_POINT ( 'NONE',  ( 0.1624598479999960210, 0.5000000000000103251, -0.3696428570000029890 ) ) ;
#1099 = VECTOR ( 'NONE', #5592, 39.37007874015748143 ) ;
#1100 = CARTESIAN_POINT ( 'NONE',  ( -0.5798232441159347772, 0.5312642978439564567, -0.4790840307699579803 ) ) ;
#1101 = VERTEX_POINT ( 'NONE', #4303 ) ;
#1102 = CARTESIAN_POINT ( 'NONE',  ( 0.4857860369999734695, 0.1183719840000071882, -0.08654957299999795073 ) ) ;
#1103 = CARTESIAN_POINT ( 'NONE',  ( 0.4769493439999838991, 3.446921961238886775E-15, -0.3482142859999969309 ) ) ;
#1104 = CARTESIAN_POINT ( 'NONE',  ( -0.4769493440000299178, 1.263871385787591778E-14, -0.3750000000000028866 ) ) ;
#1105 = CARTESIAN_POINT ( 'NONE',  ( 0.06187635600000034042, -0.5910956100000005486, -0.2410000000000021569 ) ) ;
#1106 = CARTESIAN_POINT ( 'NONE',  ( -0.02414340356804070900, 0.4796103115265676897, -0.01980604065879977213 ) ) ;
#1107 = CARTESIAN_POINT ( 'NONE',  ( 0.5417114894161523253, -0.5206866369008593676, 3.244860157047790957E-49 ) ) ;
#1108 = ORIENTED_EDGE ( 'NONE', *, *, #7057, .F. ) ;
#1109 = CARTESIAN_POINT ( 'NONE',  ( -0.4314047350000136949, 0.1401718949999970765, -0.09285714300000334764 ) ) ;
#1110 = CARTESIAN_POINT ( 'NONE',  ( 0.1387701735629734978, -0.4803569911319086616, -0.1830357144999966157 ) ) ;
#1111 = VERTEX_POINT ( 'NONE', #2119 ) ;
#1112 = CARTESIAN_POINT ( 'NONE',  ( -0.4308418518188566471, -0.2537303656446171507, -0.05646447718839017055 ) ) ;
#1113 = EDGE_CURVE ( 'NONE', #404, #763, #1254, .T. ) ;
#1114 = CARTESIAN_POINT ( 'NONE',  ( 0.4669604405215564413, -0.03412983738021567459, -0.4999999999999975575 ) ) ;
#1115 = CARTESIAN_POINT ( 'NONE',  ( 0.4257200567899872556, 0.3093037260300121050, -0.3050892858599997259 ) ) ;
#1116 = ORIENTED_EDGE ( 'NONE', *, *, #5893, .T. ) ;
#1117 = CARTESIAN_POINT ( 'NONE',  ( 0.1273771289999792444, 0.4353541920000071896, -0.1193017200000043160 ) ) ;
#1118 = ADVANCED_FACE ( 'NONE', ( #2579 ), #2687, .T. ) ;
#1119 = ORIENTED_EDGE ( 'NONE', *, *, #1896, .T. ) ;
#1120 = CARTESIAN_POINT ( 'NONE',  ( 0.4769493439999838991, 3.446921961238886775E-15, -0.4910714289999965620 ) ) ;
#1121 = CARTESIAN_POINT ( 'NONE',  ( -0.4810286380000178275, -0.3304263479999993702, -0.2410000000000021569 ) ) ;
#1122 = CARTESIAN_POINT ( 'NONE',  ( 0.1532976998715551709, -0.4665453080032075928, -0.2410000000000021569 ) ) ;
#1123 = CARTESIAN_POINT ( 'NONE',  ( -0.6534896156901631725, 0.4887329983747665252, -0.03804194096835319255 ) ) ;
#1124 = FACE_OUTER_BOUND ( 'NONE', #5838, .T. ) ;
#1125 = CARTESIAN_POINT ( 'NONE',  ( 0.1473854529999788499, 0.4536057820000122809, -0.3963392852799991206 ) ) ;
#1126 = CARTESIAN_POINT ( 'NONE',  ( 0.1021260381486254198, -0.4686457990302018151, -0.02110709237393755197 ) ) ;
#1127 = EDGE_CURVE ( 'NONE', #7283, #212, #2609, .T. ) ;
#1128 = CARTESIAN_POINT ( 'NONE',  ( 0.1624598479999960210, -0.4999999999999920064, -0.3982142859999984741 ) ) ;
#1129 = CARTESIAN_POINT ( 'NONE',  ( 0.1273771289999881817, -0.4353541919999949772, -0.06819828000000106860 ) ) ;
#1130 = CARTESIAN_POINT ( 'NONE',  ( 0.2663500906299939297, 0.3665994488900083392, -0.4800892858599995483 ) ) ;
#1131 = CARTESIAN_POINT ( 'NONE',  ( -0.4755282580000025905, 0.1545084969999996061, -0.3517857139999959748 ) ) ;
#1132 = DIRECTION ( 'NONE',  ( 6.162975822039154730E-33, -0.000000000000000000, -1.000000000000000000 ) ) ;
#1133 = ORIENTED_EDGE ( 'NONE', *, *, #3335, .F. ) ;
#1134 = CARTESIAN_POINT ( 'NONE',  ( 0.3453981759999962264, 0.3615246880000035357, -0.08007501800000109415 ) ) ;
#1135 = ADVANCED_FACE ( 'NONE', ( #6950 ), #3745, .T. ) ;
#1136 = CARTESIAN_POINT ( 'NONE',  ( 0.2666227890000034129, -0.3669747859999954454, -0.3589285710000008622 ) ) ;
#1137 = CARTESIAN_POINT ( 'NONE',  ( 0.1473854529999880369, -0.4536057819999951279, -0.3535714289999967175 ) ) ;
#1138 = CARTESIAN_POINT ( 'NONE',  ( 0.4007843204999883557, -0.4541788060000009897, 0.000000000000000000 ) ) ;
#1139 = CARTESIAN_POINT ( 'NONE',  ( -0.006355812584340187095, 0.4791802247644387225, -0.02077953904648295255 ) ) ;
#1140 = CARTESIAN_POINT ( 'NONE',  ( 0.6006544766301202820, -0.4514244676644013632, 6.799192605296847260E-49 ) ) ;
#1141 = VERTEX_POINT ( 'NONE', #828 ) ;
#1142 = ORIENTED_EDGE ( 'NONE', *, *, #6502, .T. ) ;
#1143 = CARTESIAN_POINT ( 'NONE',  ( -0.2032188861692671988, -0.4320347313394484190, -0.2410000000000021847 ) ) ;
#1144 = LINE ( 'NONE', #550, #2891 ) ;
#1145 = ORIENTED_EDGE ( 'NONE', *, *, #2262, .T. ) ;
#1146 = CARTESIAN_POINT ( 'NONE',  ( -0.1387701688124777788, -0.4803569926036972415, -0.1103338119862491001 ) ) ;
#1147 = CARTESIAN_POINT ( 'NONE',  ( -0.1387701786088497147, -0.4803569897151963031, -0.1817623836081151134 ) ) ;
#1148 = CARTESIAN_POINT ( 'NONE',  ( 0.4759694932300005954, 0.1546518630200001410, -0.3086607138500018221 ) ) ;
#1149 = CARTESIAN_POINT ( 'NONE',  ( 0.3385704361267842799, 0.3464211989734694574, -0.2410000000000021569 ) ) ;
#1150 = ORIENTED_EDGE ( 'NONE', *, *, #2262, .F. ) ;
#1151 = CARTESIAN_POINT ( 'NONE',  ( 0.4314047349999962089, -0.1401718949999970765, -0.3518749997100025229 ) ) ;
#1152 = EDGE_CURVE ( 'NONE', #2545, #1575, #3942, .T. ) ;
#1153 = CARTESIAN_POINT ( 'NONE',  ( -0.3226455930000215466, 0.3188385590000044623, -0.1785259119999981492 ) ) ;
#1154 = CARTESIAN_POINT ( 'NONE',  ( -0.3549494129966889733, 0.2969048638774898774, -0.03899216417322382694 ) ) ;
#1155 = CARTESIAN_POINT ( 'NONE',  ( -0.4999999999465231104, 1.132164244244990209E-08, -0.4910714288790459792 ) ) ;
#1156 = CARTESIAN_POINT ( 'NONE',  ( 0.7500000000000007772, -0.1251291653616393440, -0.4940273922559301756 ) ) ;
#1157 = CARTESIAN_POINT ( 'NONE',  ( -0.1862859428293287822, -0.7584731647344764571, -0.4820940362788645461 ) ) ;
#1158 = EDGE_CURVE ( 'NONE', #3616, #7283, #5292, .T. ) ;
#1159 = CARTESIAN_POINT ( 'NONE',  ( 0.3858601249999845106, 0.2803437910000101119, -0.2607142859999986295 ) ) ;
#1160 = CARTESIAN_POINT ( 'NONE',  ( 0.03624517151293811523, -0.4766090705308652087, -0.02210660533300187747 ) ) ;
#1161 = CARTESIAN_POINT ( 'NONE',  ( -0.4853864440343567122, 0.1199999997819808650, -0.06400875599999786281 ) ) ;
#1162 = CARTESIAN_POINT ( 'NONE',  ( 0.5000000008696964260, 0.07919221697795450488, -0.4535266327964783128 ) ) ;
#1163 = VERTEX_POINT ( 'NONE', #6500 ) ;
#1164 = CARTESIAN_POINT ( 'NONE',  ( -0.03748413825033381636, 0.4991434554161564563, -0.1420253106900213336 ) ) ;
#1165 = CARTESIAN_POINT ( 'NONE',  ( -0.1473854529999972240, 0.4536057820000077290, -0.3982142859999985296 ) ) ;
#1166 = CARTESIAN_POINT ( 'NONE',  ( -0.7500000000793508592, -0.1199999999656484601, -0.2410000000202484338 ) ) ;
#1167 = EDGE_CURVE ( 'NONE', #954, #502, #532, .T. ) ;
#1168 = ORIENTED_EDGE ( 'NONE', *, *, #3345, .T. ) ;
#1169 = CARTESIAN_POINT ( 'NONE',  ( -0.5092576517704233696, 0.5720053615903037958, -0.4910516705649638491 ) ) ;
#1170 = ORIENTED_EDGE ( 'NONE', *, *, #3473, .T. ) ;
#1171 = CARTESIAN_POINT ( 'NONE',  ( -0.4755077973828758520, 0.1158345963975304510, -0.4999999999999973355 ) ) ;
#1172 = B_SPLINE_CURVE_WITH_KNOTS ( 'NONE', 3,
 ( #2603, #7080, #4219, #3095, #5375, #227, #1970, #7189, #3797, #1472, #410, #6753, #6046, #1574 ),
 .UNSPECIFIED., .F., .F.,
 ( 4, 2, 2, 1, 1, 2, 2, 4 ),
 ( 0.000000000000000000, 0.2500000000000029976, 0.3750000000000044964, 0.4375000000000048850, 0.4687500000000049405, 0.4843750000000049960, 0.5000000000000049960, 1.000000000000000000 ),
 .UNSPECIFIED. ) ;
#1173 = CARTESIAN_POINT ( 'NONE',  ( 0.4769493439999838991, 3.446921961238886775E-15, -0.4196428570000046432 ) ) ;
#1174 = CARTESIAN_POINT ( 'NONE',  ( 0.4314047349999962089, -0.1401718949999970765, -0.4142857139999989169 ) ) ;
#1175 = CARTESIAN_POINT ( 'NONE',  ( 0.4321422179366482541, -0.2515035852687616535, -0.09526120817283813269 ) ) ;
#1176 = CARTESIAN_POINT ( 'NONE',  ( -0.4686285217261946245, 0.1199999990066104860, -0.1899001789592436040 ) ) ;
#1177 = CARTESIAN_POINT ( 'NONE',  ( 0.1624598479999960210, -0.4999999999999920064, -0.3267857139999973404 ) ) ;
#1178 = CARTESIAN_POINT ( 'NONE',  ( -0.2666227890000034129, 0.3669747860000008854, -0.4571428569999981817 ) ) ;
#1179 = ADVANCED_FACE ( 'NONE', ( #2951 ), #328, .T. ) ;
#1180 = ORIENTED_EDGE ( 'NONE', *, *, #5634, .F. ) ;
#1181 = CARTESIAN_POINT ( 'NONE',  ( 0.4558638969170831778, 0.2054690989921809097, -0.02199982859898103396 ) ) ;
#1182 = CARTESIAN_POINT ( 'NONE',  ( 0.1289058540259009067, 0.4632715002904618240, -0.02305434708837023755 ) ) ;
#1183 = VERTEX_POINT ( 'NONE', #53 ) ;
#1184 = CARTESIAN_POINT ( 'NONE',  ( -0.4857860370000177119, -0.1183719840000016510, -0.05083528699999946554 ) ) ;
#1185 = CARTESIAN_POINT ( 'NONE',  ( 0.4540281617461662811, 0.1399725336650153584, -0.4999999999999977240 ) ) ;
#1186 = CARTESIAN_POINT ( 'NONE',  ( -0.1624598480000327694, 0.5000000000000103251, -0.2910714289999993265 ) ) ;
#1187 = CARTESIAN_POINT ( 'NONE',  ( 0.1404050990000063615, 0.4798816610000024019, -0.01215886299999562742 ) ) ;
#1188 = ORIENTED_EDGE ( 'NONE', *, *, #6073, .T. ) ;
#1189 = VECTOR ( 'NONE', #41, 39.37007874015748143 ) ;
#1190 = CARTESIAN_POINT ( 'NONE',  ( -0.03189824499998421964, -0.4536057820000015672, -0.5097908117100035108 ) ) ;
#1191 = B_SPLINE_CURVE_WITH_KNOTS ( 'NONE', 3,
 ( #4734, #61, #4869, #6451 ),
 .UNSPECIFIED., .F., .F.,
 ( 4, 4 ),
 ( 0.000000000000000000, 1.000000000000000000 ),
 .UNSPECIFIED. ) ;
#1192 = CARTESIAN_POINT ( 'NONE',  ( -0.3382563295062101516, 0.3458771680378187607, -0.2238092252808858151 ) ) ;
#1193 = CARTESIAN_POINT ( 'NONE',  ( -0.3749999999507395709, -0.6495190529087538911, -0.5000000000241863196 ) ) ;
#1194 = CARTESIAN_POINT ( 'NONE',  ( 0.4686285247197918280, -0.1199999873162859304, -0.1541858929999819494 ) ) ;
#1195 = VECTOR ( 'NONE', #7018, 39.37007874015748143 ) ;
#1196 = CARTESIAN_POINT ( 'NONE',  ( 0.3981920373786963507, -0.2423900662730766320, -0.1401044084182399008 ) ) ;
#1197 = CARTESIAN_POINT ( 'NONE',  ( -0.4789230486443635804, -0.5895190528806586450, -0.2410000000202484338 ) ) ;
#1198 = CARTESIAN_POINT ( 'NONE',  ( -0.1701767555455057368, -0.7677738083515326384, -0.4790840306322455278 ) ) ;
#1199 = CARTESIAN_POINT ( 'NONE',  ( 0.4314047349999962089, 0.1401718950000036545, -0.2642857140000040572 ) ) ;
#1200 = VERTEX_POINT ( 'NONE', #6360 ) ;
#1201 = CARTESIAN_POINT ( 'NONE',  ( 0.07824707877710763981, -0.4725724139237135191, -0.02147312927079718034 ) ) ;
#1202 = DIRECTION ( 'NONE',  ( -0.8660254038887323924, 0.4999999998193578876, 3.421138828918010427E-48 ) ) ;
#1203 = EDGE_CURVE ( 'NONE', #2945, #4772, #6896, .T. ) ;
#1204 = CARTESIAN_POINT ( 'NONE',  ( 0.4564712767013032191, -0.2093644925701931281, 1.922100430112266306E-48 ) ) ;
#1205 = CARTESIAN_POINT ( 'NONE',  ( 0.000000000000000000, 0.000000000000000000, -0.1907828180000024076 ) ) ;
#1206 = CARTESIAN_POINT ( 'NONE',  ( 0.1473854529999880369, -0.4536057819999951279, -0.3624999999999979350 ) ) ;
#1207 = CARTESIAN_POINT ( 'NONE',  ( -5.128880697225034028E-11, 0.4999999999885695323, 2.797412345512205536E-13 ) ) ;
#1208 = ORIENTED_EDGE ( 'NONE', *, *, #1333, .T. ) ;
#1209 = CARTESIAN_POINT ( 'NONE',  ( -0.5368533625512721397, 0.5560729705385355492, -0.4868085741490327245 ) ) ;
#1210 = VERTEX_POINT ( 'NONE', #2988 ) ;
#1211 = CARTESIAN_POINT ( 'NONE',  ( -0.4547550088882892916, -0.1487196794464882288, -0.4999999999999976685 ) ) ;
#1212 = CYLINDRICAL_SURFACE ( 'NONE', #3757, 0.5000000000000007772 ) ;
#1213 = CARTESIAN_POINT ( 'NONE',  ( 0.7467787423010245895, 0.1200064729694670651, -0.003671691380787185568 ) ) ;
#1214 = CARTESIAN_POINT ( 'NONE',  ( -0.3463231464609908272, 0.3598492641989864405, -0.0005691090715922232949 ) ) ;
#1215 = CARTESIAN_POINT ( 'NONE',  ( 0.4810430399999778839, 0.3442426110000030848, -0.2410000000000021569 ) ) ;
#1216 = CARTESIAN_POINT ( 'NONE',  ( -0.4346590759729492270, 0.1301560635949175204, -0.09260195050107539183 ) ) ;
#1217 = AXIS2_PLACEMENT_3D ( 'NONE', #7320, #6612, #2636 ) ;
#1218 = CARTESIAN_POINT ( 'NONE',  ( -0.4769493440000298623, 1.263871385787591936E-14, -0.3035714290000043336 ) ) ;
#1219 = B_SPLINE_CURVE_WITH_KNOTS ( 'NONE', 3,
 ( #2901, #85, #2378, #6970 ),
 .UNSPECIFIED., .F., .F.,
 ( 4, 4 ),
 ( 0.000000000000000000, 1.000000000000000000 ),
 .UNSPECIFIED. ) ;
#1220 = ORIENTED_EDGE ( 'NONE', *, *, #5581, .F. ) ;
#1221 = ORIENTED_EDGE ( 'NONE', *, *, #2495, .T. ) ;
#1222 = CARTESIAN_POINT ( 'NONE',  ( 0.7499999999568242037, 0.4330127018697850771, -0.06698729799812527808 ) ) ;
#1223 = PRODUCT_DEFINITION_FORMATION_WITH_SPECIFIED_SOURCE ( 'ANY', '', #3307, .NOT_KNOWN. ) ;
#1224 = CARTESIAN_POINT ( 'NONE',  ( 0.1387701810609652253, 0.4803569890652350516, -0.01211952637073862235 ) ) ;
#1225 = ORIENTED_EDGE ( 'NONE', *, *, #4185, .T. ) ;
#1226 = CARTESIAN_POINT ( 'NONE',  ( 0.1224062483137430130, -0.4520138320324663117, -0.2028146824529301617 ) ) ;
#1227 = CARTESIAN_POINT ( 'NONE',  ( 0.4830504484783813557, -0.1301137572294206735, -0.3065789783578546923 ) ) ;
#1228 = CARTESIAN_POINT ( 'NONE',  ( 0.4759694932299831094, -0.1546518630199990585, -0.4586607138499966818 ) ) ;
#1229 = ORIENTED_EDGE ( 'NONE', *, *, #3833, .F. ) ;
#1230 = CARTESIAN_POINT ( 'NONE',  ( 0.07164390600000487830, 0.5000000000000091038, -0.1444321230000034373 ) ) ;
#1231 = EDGE_CURVE ( 'NONE', #5328, #1010, #5002, .T. ) ;
#1232 = VERTEX_POINT ( 'NONE', #4198 ) ;
#1233 = CARTESIAN_POINT ( 'NONE',  ( -1.748382715945128460E-14, 0.4536057820000065077, -0.3304464287199974093 ) ) ;
#1234 = CARTESIAN_POINT ( 'NONE',  ( 0.4314047349999962089, -0.1401718949999970765, -0.1999999999999989564 ) ) ;
#1235 = CARTESIAN_POINT ( 'NONE',  ( 0.4368424287958082575, 0.2735712366166168086, -0.08296217727775266615 ) ) ;
#1236 = PLANE ( 'NONE',  #269 ) ;
#1237 = CARTESIAN_POINT ( 'NONE',  ( 0.4374450917886659185, -0.1199999870984662931, -0.05662889870094825473 ) ) ;
#1238 = CARTESIAN_POINT ( 'NONE',  ( 0.4853864444068496375, 0.1199999976040806160, -0.2382976561652351832 ) ) ;
#1239 = B_SPLINE_CURVE_WITH_KNOTS ( 'NONE', 3,
 ( #5692, #5097, #4577, #24, #6294, #5657, #4616, #6864, #1112, #2740, #1682, #3444, #6256, #1039, #5130, #475, #3896, #3408, #2320, #1721, #552, #6786, #4016, #5584, #2776, #6905, #3298 ),
 .UNSPECIFIED., .F., .F.,
 ( 4, 2, 2, 1, 1, 1, 1, 2, 2, 2, 2, 1, 1, 1, 2, 2, 4 ),
 ( 0.000000000000000000, 0.2500000000000063838, 0.3750000000000093259, 0.4375000000000108247, 0.4687500000000117684, 0.4843750000000120459, 0.4921875000000119904, 0.4960937500000121569, 0.5000000000000123235, 0.6250000000000094369, 0.6875000000000079936, 0.7187500000000068834, 0.7343750000000067724, 0.7421875000000066613, 0.7460937500000066613, 0.7500000000000065503, 1.000000000000000000 ),
 .UNSPECIFIED. ) ;
#1240 = EDGE_CURVE ( 'NONE', #7385, #3496, #7087, .T. ) ;
#1241 = VERTEX_POINT ( 'NONE', #1214 ) ;
#1242 = CARTESIAN_POINT ( 'NONE',  ( 0.5232476524349352065, -0.5639282309386545178, -0.01017611474055312402 ) ) ;
#1243 = DIRECTION ( 'NONE',  ( 1.000000000000000000, -8.326672684688663206E-16, 0.000000000000000000 ) ) ;
#1244 = CARTESIAN_POINT ( 'NONE',  ( 0.000000000000000000, -0.4536057820000032326, -0.2857142859999974305 ) ) ;
#1245 = DIRECTION ( 'NONE',  ( 6.162975822039154730E-33, 0.000000000000000000, -1.000000000000000000 ) ) ;
#1246 = CARTESIAN_POINT ( 'NONE',  ( -0.5093450871903653088, -0.5523924676034284165, 1.617809429253013206E-49 ) ) ;
#1247 = CARTESIAN_POINT ( 'NONE',  ( 0.4999999999465056244, -2.552107694029919345E-09, -0.4553571428473971450 ) ) ;
#1248 = DIRECTION ( 'NONE',  ( 1.000000000000000000, -8.326672684688663206E-16, 0.000000000000000000 ) ) ;
#1249 = CARTESIAN_POINT ( 'NONE',  ( -1.748382715945128460E-14, 0.4536057820000065077, -0.4017857140000000715 ) ) ;
#1250 = CARTESIAN_POINT ( 'NONE',  ( 0.000000000000000000, 0.8660254038962394985, -0.06698729803471893673 ) ) ;
#1251 = EDGE_CURVE ( 'NONE', #1755, #1382, #2156, .T. ) ;
#1252 = ORIENTED_EDGE ( 'NONE', *, *, #1496, .T. ) ;
#1253 =( BOUNDED_CURVE ( )  B_SPLINE_CURVE ( 2, ( #1773, #2971, #5256, #114, #5640 ),
 .UNSPECIFIED., .F., .T. ) 
 B_SPLINE_CURVE_WITH_KNOTS ( ( 3, 2, 3 ),
 ( 0.4968210182602668112, 0.4973557029745528935, 0.5026344752602667221 ),
 .UNSPECIFIED. ) 
 CURVE ( )  GEOMETRIC_REPRESENTATION_ITEM ( )  RATIONAL_B_SPLINE_CURVE ( ( 0.9932210866830410989, 0.9963362934358751533, 1.000000000000000000, 0.9638293892513595251, 0.9811209754243546133 ) ) 
 REPRESENTATION_ITEM ( '' )  );
#1254 = B_SPLINE_CURVE_WITH_KNOTS ( 'NONE', 3,
 ( #4402, #6690, #2544, #276 ),
 .UNSPECIFIED., .F., .F.,
 ( 4, 4 ),
 ( 0.000000000000000000, 1.000000000000000000 ),
 .UNSPECIFIED. ) ;
#1255 = EDGE_CURVE ( 'NONE', #5078, #2945, #2944, .T. ) ;
#1256 = VERTEX_POINT ( 'NONE', #2328 ) ;
#1257 = FACE_OUTER_BOUND ( 'NONE', #1931, .T. ) ;
#1258 = VERTEX_POINT ( 'NONE', #2187 ) ;
#1259 = CARTESIAN_POINT ( 'NONE',  ( 0.3437691592070149516, 0.3554256565021494674, -0.005525903349171156810 ) ) ;
#1260 = CARTESIAN_POINT ( 'NONE',  ( 0.05834954243635927934, -0.4536057819999940732, -0.1503717945612531859 ) ) ;
#1261 = CARTESIAN_POINT ( 'NONE',  ( -5.982965653964230183E-11, 0.4999999999999985012, -0.4999999999998138156 ) ) ;
#1262 = CARTESIAN_POINT ( 'NONE',  ( 0.4326963495938754845, -0.2505474101873749748, -0.09523547467191136040 ) ) ;
#1263 = CARTESIAN_POINT ( 'NONE',  ( 0.1095552130786457690, 0.4871185735749276047, -0.001582665234877239646 ) ) ;
#1264 = CARTESIAN_POINT ( 'NONE',  ( -0.1147994960000151415, -0.4388385589999895253, -0.07432664899999591457 ) ) ;
#1265 = CARTESIAN_POINT ( 'NONE',  ( -1.748382715945128460E-14, 0.4536057820000065077, -0.3214285710000043261 ) ) ;
#1266 = VERTEX_POINT ( 'NONE', #1652 ) ;
#1267 = EDGE_LOOP ( 'NONE', ( #2801, #1531, #3630, #2809, #5189, #2587, #5342, #6076, #1883 ) ) ;
#1268 = FACE_OUTER_BOUND ( 'NONE', #3649, .T. ) ;
#1269 = DIRECTION ( 'NONE',  ( -6.162975822039154730E-33, 0.000000000000000000, 1.000000000000000000 ) ) ;
#1270 = EDGE_LOOP ( 'NONE', ( #2043, #1350, #854, #7285, #5457, #127, #1756, #2562, #4518, #4035, #6870, #1340, #7081, #4464, #1108, #6062, #138, #5101, #3791, #6327, #6022 ) ) ;
#1271 = DIRECTION ( 'NONE',  ( -6.162975822039154730E-33, 0.000000000000000000, 1.000000000000000000 ) ) ;
#1272 = CARTESIAN_POINT ( 'NONE',  ( 0.3213724793509097899, -0.3201217507747877167, -0.4999999997378973271 ) ) ;
#1273 = CARTESIAN_POINT ( 'NONE',  ( 0.1624598479999960488, -0.4999999999999920064, -0.2553571429999987319 ) ) ;
#1274 = ORIENTED_EDGE ( 'NONE', *, *, #156, .T. ) ;
#1275 = CARTESIAN_POINT ( 'NONE',  ( 0.4755282579999763892, -0.1545084969999952484, -0.1017857140000016369 ) ) ;
#1276 = EDGE_LOOP ( 'NONE', ( #7073, #3961, #3641, #5129 ) ) ;
#1277 = CARTESIAN_POINT ( 'NONE',  ( -0.4314047349999962089, -0.1401718949999992692, -0.4518749997100020011 ) ) ;
#1278 = ADVANCED_FACE ( 'NONE', ( #6226 ), #7406, .F. ) ;
#1279 = CARTESIAN_POINT ( 'NONE',  ( 0.4789230485171425133, -0.5895190528246208039, -0.005507537020774264970 ) ) ;
#1280 = PLANE ( 'NONE',  #1338 ) ;
#1281 = CARTESIAN_POINT ( 'NONE',  ( -0.4680120622407411557, -0.1767187606723176208, -0.4780539727820433127 ) ) ;
#1282 = FACE_OUTER_BOUND ( 'NONE', #142, .T. ) ;
#1283 = CARTESIAN_POINT ( 'NONE',  ( -0.3971843391665331180, 0.3054913536238061944, -0.3467449802687957439 ) ) ;
#1284 = B_SPLINE_CURVE_WITH_KNOTS ( 'NONE', 3,
 ( #1048, #6117, #2679, #3341 ),
 .UNSPECIFIED., .F., .F.,
 ( 4, 4 ),
 ( 0.000000000000000000, 1.000000000000000000 ),
 .UNSPECIFIED. ) ;
#1285 = ORIENTED_EDGE ( 'NONE', *, *, #1363, .T. ) ;
#1286 = CARTESIAN_POINT ( 'NONE',  ( 0.7500000000000008882, -0.1117723823801746175, -0.4952197509426072286 ) ) ;
#1287 = CARTESIAN_POINT ( 'NONE',  ( 1.420648375841214145E-10, -0.8660254038179523439, -0.4330127019932962784 ) ) ;
#1288 = CARTESIAN_POINT ( 'NONE',  ( 0.4314047349999962089, -0.1401718949999970765, -0.3428571429999976994 ) ) ;
#1289 = EDGE_CURVE ( 'NONE', #2471, #6396, #5370, .T. ) ;
#1290 = DIRECTION ( 'NONE',  ( 6.162975822039154730E-33, 0.000000000000000000, -1.000000000000000000 ) ) ;
#1291 = CARTESIAN_POINT ( 'NONE',  ( 0.3981920380000141813, -0.2423900659999962681, -0.1311758370000038476 ) ) ;
#1292 = LINE ( 'NONE', #160, #7093 ) ;
#1293 = CARTESIAN_POINT ( 'NONE',  ( 0.4821392062318766714, 0.1200037606287294445, -0.2400992151722151635 ) ) ;
#1294 = CARTESIAN_POINT ( 'NONE',  ( 0.2666227889999946421, 0.3669747859999997752, -0.4089285709999961882 ) ) ;
#1295 = CARTESIAN_POINT ( 'NONE',  ( 0.3466162752830023730, -0.3603569864543862411, -0.09845802494065526711 ) ) ;
#1296 = VERTEX_POINT ( 'NONE', #5704 ) ;
#1297 = EDGE_LOOP ( 'NONE', ( #292, #6773, #6719, #3037 ) ) ;
#1298 = CARTESIAN_POINT ( 'NONE',  ( 0.3764930472183194432, 0.3306300676010205941, -0.4382180828689745122 ) ) ;
#1299 = CARTESIAN_POINT ( 'NONE',  ( -0.4735199636538536816, 0.1613881999280472324, -0.4858733088925509813 ) ) ;
#1300 = DIRECTION ( 'NONE',  ( 1.000000000000000000, -8.326672684688663206E-16, 0.000000000000000000 ) ) ;
#1301 = CARTESIAN_POINT ( 'NONE',  ( 0.1280958880473626604, -0.4618685792307521965, -0.02069723438119989295 ) ) ;
#1302 = CARTESIAN_POINT ( 'NONE',  ( 0.4308418518773721728, -0.2537303655452558537, -0.09532123681160928341 ) ) ;
#1303 = CARTESIAN_POINT ( 'NONE',  ( 0.7500000000000008882, -0.3791049822426013072, -0.05142547994092256519 ) ) ;
#1304 = CARTESIAN_POINT ( 'NONE',  ( -0.4368424277636931974, -0.2735712397932389406, -0.1276050351972065344 ) ) ;
#1305 =( BOUNDED_CURVE ( )  B_SPLINE_CURVE ( 2, ( #6694, #5532, #6026, #1417, #4407 ),
 .UNSPECIFIED., .F., .T. ) 
 B_SPLINE_CURVE_WITH_KNOTS ( ( 3, 2, 3 ),
 ( 0.5206483592602670907, 0.5259271315459809193, 0.5264618162602671125 ),
 .UNSPECIFIED. ) 
 CURVE ( )  GEOMETRIC_REPRESENTATION_ITEM ( )  RATIONAL_B_SPLINE_CURVE ( ( 0.9811209754243546133, 0.9638293892513595251, 1.000000000000000000, 0.9963362934358741541, 0.9932210866830393226 ) ) 
 REPRESENTATION_ITEM ( '' )  );
#1306 = CARTESIAN_POINT ( 'NONE',  ( 0.000000000000000000, -0.4536057820000032326, -0.3571428569999987035 ) ) ;
#1307 = ORIENTED_EDGE ( 'NONE', *, *, #2745, .F. ) ;
#1308 = EDGE_LOOP ( 'NONE', ( #5772, #3316, #909, #1150 ) ) ;
#1309 = CARTESIAN_POINT ( 'NONE',  ( 0.000000000000000000, -0.4536057820000032326, -0.1517857139999970184 ) ) ;
#1310 = CARTESIAN_POINT ( 'NONE',  ( -0.7499999998829637304, 0.4330127019679556599, -0.4330127019932962784 ) ) ;
#1311 = VERTEX_POINT ( 'NONE', #1193 ) ;
#1312 = FACE_OUTER_BOUND ( 'NONE', #2763, .T. ) ;
#1313 = DIRECTION ( 'NONE',  ( 6.162975822039154730E-33, -0.000000000000000000, -1.000000000000000000 ) ) ;
#1314 = CARTESIAN_POINT ( 'NONE',  ( 0.4257200567899965260, -0.3093037260299867919, -0.4622321428600004722 ) ) ;
#1315 = ORIENTED_EDGE ( 'NONE', *, *, #4220, .T. ) ;
#1316 = CARTESIAN_POINT ( 'NONE',  ( -0.4407107100000194344, 0.1073884329999960224, -0.1723789979999955924 ) ) ;
#1317 = EDGE_CURVE ( 'NONE', #5325, #3047, #6882, .T. ) ;
#1318 = ORIENTED_EDGE ( 'NONE', *, *, #5771, .T. ) ;
#1319 = CARTESIAN_POINT ( 'NONE',  ( 0.000000000000000000, -0.4536057820000032326, -0.3661607147200005019 ) ) ;
#1320 = CARTESIAN_POINT ( 'NONE',  ( 0.4857860369999823513, -0.1183719840000038853, -0.1723789980000044741 ) ) ;
#1321 = CARTESIAN_POINT ( 'NONE',  ( 0.6508605264602259632, -0.4902509037497521094, -0.4625668042270639213 ) ) ;
#1322 = CARTESIAN_POINT ( 'NONE',  ( 0.4870872738974741378, -0.1140920574209131899, -0.4490657832424291840 ) ) ;
#1323 = CARTESIAN_POINT ( 'NONE',  ( 0.1351338257331731740, -0.7880058533169070900, -0.02858375669624281870 ) ) ;
#1324 = CARTESIAN_POINT ( 'NONE',  ( 0.4680120637422301444, 0.1767187567032798001, -0.3709111150185931405 ) ) ;
#1325 = ORIENTED_EDGE ( 'NONE', *, *, #3933, .F. ) ;
#1326 = CARTESIAN_POINT ( 'NONE',  ( 0.5687398074152024696, -0.5376633230082438208, -0.01790934751062508642 ) ) ;
#1327 = CARTESIAN_POINT ( 'NONE',  ( -0.4755282580000375625, -0.1545084969999974134, -0.1303571429999998699 ) ) ;
#1328 = CARTESIAN_POINT ( 'NONE',  ( 0.1473854529999880369, -0.4536057819999951279, -0.4963392852800024291 ) ) ;
#1329 = DIRECTION ( 'NONE',  ( 2.465190328815661892E-32, -3.414809992080331488E-17, 1.000000000000000000 ) ) ;
#1330 = VECTOR ( 'NONE', #7050, 39.37007874015748143 ) ;
#1331 = LINE ( 'NONE', #3622, #383 ) ;
#1332 = LINE ( 'NONE', #3063, #1189 ) ;
#1333 = EDGE_CURVE ( 'NONE', #3627, #2024, #2137, .T. ) ;
#1334 = CARTESIAN_POINT ( 'NONE',  ( 0.4789230484455112569, -0.5895190528735076985, -0.2410000000202484338 ) ) ;
#1335 = CARTESIAN_POINT ( 'NONE',  ( 0.4769493439999838991, 3.446921961238886775E-15, -0.3482142859999969309 ) ) ;
#1336 = VECTOR ( 'NONE', #3451, 39.37007874015748143 ) ;
#1337 = CARTESIAN_POINT ( 'NONE',  ( -0.4810769861413580761, 0.1374312686441050424, -0.2085338349098677102 ) ) ;
#1338 = AXIS2_PLACEMENT_3D ( 'NONE', #4140, #4783, #5372 ) ;
#1339 = ORIENTED_EDGE ( 'NONE', *, *, #356, .F. ) ;
#1340 = ORIENTED_EDGE ( 'NONE', *, *, #4994, .F. ) ;
#1341 = ORIENTED_EDGE ( 'NONE', *, *, #4403, .F. ) ;
#1342 = CARTESIAN_POINT ( 'NONE',  ( -0.2503018617252737443, 0.4340690794062559421, -0.4225979938167132577 ) ) ;
#1343 = CARTESIAN_POINT ( 'NONE',  ( -0.4440502746398956035, 0.2163931215648997874, -0.4999999999999976130 ) ) ;
#1344 = DIRECTION ( 'NONE',  ( -1.000000000000000000, 8.326672684688663206E-16, 0.000000000000000000 ) ) ;
#1345 = EDGE_CURVE ( 'NONE', #3547, #6976, #7335, .T. ) ;
#1346 = CARTESIAN_POINT ( 'NONE',  ( 0.04692066923296092651, -0.4999979679971316426, 1.291239863725325103E-48 ) ) ;
#1347 = CARTESIAN_POINT ( 'NONE',  ( 0.07164390599999594100, -0.4999999999999912847, -0.1859250200000032993 ) ) ;
#1348 = CARTESIAN_POINT ( 'NONE',  ( 0.3466162668140900238, -0.3603569946003832292, -0.1073865963941578183 ) ) ;
#1349 = ORIENTED_EDGE ( 'NONE', *, *, #4175, .T. ) ;
#1350 = ORIENTED_EDGE ( 'NONE', *, *, #5262, .F. ) ;
#1351 = ORIENTED_EDGE ( 'NONE', *, *, #5408, .T. ) ;
#1352 = CARTESIAN_POINT ( 'NONE',  ( -0.3453981759999962264, -0.3615246879999913232, -0.1961464459999995580 ) ) ;
#1353 = CARTESIAN_POINT ( 'NONE',  ( 0.4331248409219317086, -0.2503402371652221903, -0.3095110490832979622 ) ) ;
#1354 = AXIS2_PLACEMENT_3D ( 'NONE', #242, #6594, #6660 ) ;
#1355 = CARTESIAN_POINT ( 'NONE',  ( 0.5262189296799910654, 5.744869935398145808E-15, -0.4550892858600045776 ) ) ;
#1356 = ORIENTED_EDGE ( 'NONE', *, *, #6670, .F. ) ;
#1357 = CARTESIAN_POINT ( 'NONE',  ( -0.3302575762368535339, -0.3320228860799058213, -0.2146819495503743958 ) ) ;
#1358 = VECTOR ( 'NONE', #6848, 39.37007874015748143 ) ;
#1359 = EDGE_CURVE ( 'NONE', #6616, #5964, #677, .T. ) ;
#1360 = CARTESIAN_POINT ( 'NONE',  ( 0.4813363460000092409, -0.1366330389999941552, -0.1728010989999964886 ) ) ;
#1361 = CARTESIAN_POINT ( 'NONE',  ( 0.3502309562221173622, 0.2911603372195527006, -0.04469186445810556518 ) ) ;
#1362 = CARTESIAN_POINT ( 'NONE',  ( 0.03301539891841428348, -0.4999986353507641645, -0.4635599118700716170 ) ) ;
#1363 = EDGE_CURVE ( 'NONE', #1982, #7184, #3049, .T. ) ;
#1364 = CARTESIAN_POINT ( 'NONE',  ( 0.2151866019001229535, -0.7417873614360377399, -0.01249962247095078548 ) ) ;
#1365 = CARTESIAN_POINT ( 'NONE',  ( 0.3226455821108160649, 0.3188385700210362717, -0.1161169452536084251 ) ) ;
#1366 = ORIENTED_EDGE ( 'NONE', *, *, #4063, .F. ) ;
#1367 = CARTESIAN_POINT ( 'NONE',  ( -0.3981920379999959736, 0.2423900660000076202, -0.09546155099999775739 ) ) ;
#1368 = CARTESIAN_POINT ( 'NONE',  ( 0.4246146865124565406, -0.2645230795269165602, -0.3813204666200541437 ) ) ;
#1369 = CARTESIAN_POINT ( 'NONE',  ( 0.1473854529999880369, -0.4536057819999951279, -0.4964285710000030938 ) ) ;
#1370 = DIRECTION ( 'NONE',  ( 1.000000000000000000, -8.326672684688663206E-16, 0.000000000000000000 ) ) ;
#1371 = CARTESIAN_POINT ( 'NONE',  ( 0.000000000000000000, 0.000000000000000000, 0.000000000000000000 ) ) ;
#1372 = CARTESIAN_POINT ( 'NONE',  ( 0.4526480725690436024, 0.1199999893127710604, -0.1850051945043895418 ) ) ;
#1373 = CARTESIAN_POINT ( 'NONE',  ( -0.1624598480000327694, 0.5000000000000104361, -0.4250000000000044853 ) ) ;
#1374 = CARTESIAN_POINT ( 'NONE',  ( 0.4361798839289534602, -0.2444361798767435145, -0.03257346218667181437 ) ) ;
#1375 = ORIENTED_EDGE ( 'NONE', *, *, #981, .T. ) ;
#1376 = ADVANCED_FACE ( 'NONE', ( #189 ), #1280, .F. ) ;
#1377 = EDGE_LOOP ( 'NONE', ( #673, #5915, #2692, #3980, #541, #1339, #4562, #6255, #1688, #1508, #3972, #4695, #6667, #3411, #990, #4917, #5209, #1325 ) ) ;
#1378 = CARTESIAN_POINT ( 'NONE',  ( 0.4485561058909050547, 0.2215065671119021695, -0.4412378050960142906 ) ) ;
#1379 = CARTESIAN_POINT ( 'NONE',  ( -0.4374450855289487849, 0.1200000099175412283, -0.1637717562763540968 ) ) ;
#1380 = CARTESIAN_POINT ( 'NONE',  ( 0.4857860369999823513, -0.1183719840000038853, -0.02059328399999844558 ) ) ;
#1381 = LINE ( 'NONE', #3216, #2277 ) ;
#1382 = VERTEX_POINT ( 'NONE', #223 ) ;
#1383 = CARTESIAN_POINT ( 'NONE',  ( 0.7500000000000004441, -0.4330127020000013593, -0.2527537684999960899 ) ) ;
#1384 = CARTESIAN_POINT ( 'NONE',  ( -0.3981920379999959736, -0.2423900659999962681, -0.1545384489999964694 ) ) ;
#1385 = CARTESIAN_POINT ( 'NONE',  ( 0.4314047349999962089, -0.1401718949999970765, -0.2714285710000001739 ) ) ;
#1386 = ORIENTED_EDGE ( 'NONE', *, *, #5275, .T. ) ;
#1387 = EDGE_LOOP ( 'NONE', ( #6957, #6901, #4782 ) ) ;
#1388 = FACE_BOUND ( 'NONE', #5646, .T. ) ;
#1389 = ADVANCED_FACE ( 'NONE', ( #7077 ), #723, .T. ) ;
#1390 = CARTESIAN_POINT ( 'NONE',  ( 0.4346590749999867942, -0.1301560659999993763, -0.05688766499999945575 ) ) ;
#1391 = CARTESIAN_POINT ( 'NONE',  ( -0.2910504741402256124, -0.4068858141229428904, -0.3284919679730833875 ) ) ;
#1392 = CARTESIAN_POINT ( 'NONE',  ( -0.4759694932300180814, 0.1546518630200044986, -0.4943749998600005524 ) ) ;
#1393 = ORIENTED_EDGE ( 'NONE', *, *, #7213, .T. ) ;
#1394 = CARTESIAN_POINT ( 'NONE',  ( 0.4228338252828060528, -0.2669688361886994876, -0.09568095513594492008 ) ) ;
#1395 = B_SPLINE_CURVE_WITH_KNOTS ( 'NONE', 3,
 ( #4340, #1182, #2355, #1224 ),
 .UNSPECIFIED., .F., .F.,
 ( 4, 4 ),
 ( 0.000000000000000000, 1.000000000000000000 ),
 .UNSPECIFIED. ) ;
#1396 =( BOUNDED_SURFACE ( )  B_SPLINE_SURFACE ( 1, 2, ( 
 ( #3844, #6955, #2157, #4441, #1660 ),
 ( #7338, #387, #6732, #5639, #2195 ) ),
 .UNSPECIFIED., .F., .F., .T. ) 
 B_SPLINE_SURFACE_WITH_KNOTS ( ( 2, 2 ),
 ( 3, 2, 3 ),
 ( 0.7323605578375509406, 0.9230769230769239053 ),
 ( 0.008680642017347741865, 0.01428571428571430262, 0.01514947294739940088 ),
 .UNSPECIFIED. ) 
 GEOMETRIC_REPRESENTATION_ITEM ( )  RATIONAL_B_SPLINE_SURFACE ( (
 ( 0.9834629611452947451, 0.9615935531476199616, 1.000000000000000000, 0.9940814498823647982, 0.9895943154647740547),
 ( 0.9834629611452947451, 0.9615935531476199616, 1.000000000000000000, 0.9940814498823647982, 0.9895943154647740547) ) ) 
 REPRESENTATION_ITEM ( '' )  SURFACE ( )  );
#1397 = DIRECTION ( 'NONE',  ( 6.162975822039154730E-33, -0.000000000000000000, -1.000000000000000000 ) ) ;
#1398 = CARTESIAN_POINT ( 'NONE',  ( -0.2216059500764178680, -0.4494046906209968051, -0.4695187734235755084 ) ) ;
#1399 = CARTESIAN_POINT ( 'NONE',  ( 0.2710769515334386925, -0.7095190530680741681, -0.005507537058784105037 ) ) ;
#1400 = CARTESIAN_POINT ( 'NONE',  ( -0.3418989082692246995, 0.3651995836686006691, -0.3486126754196205990 ) ) ;
#1401 = ORIENTED_EDGE ( 'NONE', *, *, #1977, .T. ) ;
#1402 = CARTESIAN_POINT ( 'NONE',  ( -0.4374450880000009811, 0.1199999999999988437, -0.1012717560000038070 ) ) ;
#1403 = EDGE_CURVE ( 'NONE', #3643, #1256, #570, .T. ) ;
#1404 = CARTESIAN_POINT ( 'NONE',  ( -0.4967620900547310980, -0.06567312045259260378, -0.4091962666650410529 ) ) ;
#1405 = CARTESIAN_POINT ( 'NONE',  ( 0.4769493439999838991, 3.446921961238886775E-15, -0.3482142859999969309 ) ) ;
#1406 = CARTESIAN_POINT ( 'NONE',  ( 0.1387701628125003472, -0.4803569943370263329, -0.03252333090925752651 ) ) ;
#1407 = CARTESIAN_POINT ( 'NONE',  ( 0.4374450879999922104, -0.1199999999999933759, -0.1369860419999970602 ) ) ;
#1408 = CARTESIAN_POINT ( 'NONE',  ( 0.1334638459999933635, -0.4561575929999958090, -0.01821266699999641442 ) ) ;
#1409 = EDGE_CURVE ( 'NONE', #1296, #4167, #4388, .T. ) ;
#1410 = CARTESIAN_POINT ( 'NONE',  ( -0.1624598480000327694, 0.5000000000000104361, -0.2821428569999956393 ) ) ;
#1411 = CARTESIAN_POINT ( 'NONE',  ( -0.5000000000000007772, 4.775659741918015726E-16, -0.4999999999999973910 ) ) ;
#1412 = VERTEX_POINT ( 'NONE', #4659 ) ;
#1413 = ORIENTED_EDGE ( 'NONE', *, *, #4763, .F. ) ;
#1414 = ORIENTED_EDGE ( 'NONE', *, *, #2243, .T. ) ;
#1415 = CARTESIAN_POINT ( 'NONE',  ( -0.4967620786649774023, 0.06566183830715224823, -0.4122320441384046963 ) ) ;
#1416 = FACE_OUTER_BOUND ( 'NONE', #4348, .T. ) ;
#1417 = CARTESIAN_POINT ( 'NONE',  ( 0.4346590768190418119, -0.1301560608740150449, -0.2086733785076290981 ) ) ;
#1418 = CARTESIAN_POINT ( 'NONE',  ( 0.3210109491578153618, 0.3204927209969828383, -0.05355836831843712592 ) ) ;
#1419 = ORIENTED_EDGE ( 'NONE', *, *, #6573, .F. ) ;
#1420 = EDGE_CURVE ( 'NONE', #4524, #3813, #4982, .T. ) ;
#1421 = CARTESIAN_POINT ( 'NONE',  ( -0.1780279432494988046, -0.4682091310896020486, -0.2541407469282448983 ) ) ;
#1422 = CARTESIAN_POINT ( 'NONE',  ( 0.1472347090499922795, -0.4531418398199897335, -0.2908035718599986663 ) ) ;
#1423 = DIRECTION ( 'NONE',  ( -4.622231850427202082E-33, -1.868052769143146356E-32, -1.000000000000000000 ) ) ;
#1424 = EDGE_LOOP ( 'NONE', ( #7347, #893, #5983, #1188 ) ) ;
#1425 = DATE_AND_TIME ( #4414, #5543 ) ;
#1426 = CARTESIAN_POINT ( 'NONE',  ( 0.3133492190000257693, 0.3279793780000088699, -0.1961464459999995580 ) ) ;
#1427 = CARTESIAN_POINT ( 'NONE',  ( -0.2666227890000034129, 0.3669747860000008854, -0.2517857139999964966 ) ) ;
#1428 = CARTESIAN_POINT ( 'NONE',  ( -0.4755282580000025905, 0.1545084969999996061, -0.3517857139999959748 ) ) ;
#1429 = VERTEX_POINT ( 'NONE', #4703 ) ;
#1430 = EDGE_CURVE ( 'NONE', #1412, #5125, #521, .T. ) ;
#1431 = CARTESIAN_POINT ( 'NONE',  ( 0.04547395917892766565, 0.7499986870982509046, 1.392024889860765481E-48 ) ) ;
#1432 = CARTESIAN_POINT ( 'NONE',  ( 0.7500000000000013323, 0.3112504236694229043, -0.4642032459628951391 ) ) ;
#1433 = CARTESIAN_POINT ( 'NONE',  ( -0.6126200657319996745, -0.5123290440506286236, -0.02806717955613588500 ) ) ;
#1434 = CARTESIAN_POINT ( 'NONE',  ( 0.1722546809206409457, -0.7665741175765388160, -0.4794058478403264156 ) ) ;
#1435 = CARTESIAN_POINT ( 'NONE',  ( 0.2216059522156008932, 0.4494046895751955817, -0.3623759164780713249 ) ) ;
#1436 = EDGE_LOOP ( 'NONE', ( #3225, #3930, #406, #924 ) ) ;
#1437 = CARTESIAN_POINT ( 'NONE',  ( -0.4727044442050898354, 0.1645816820791332902, -0.1288079970352681847 ) ) ;
#1438 = CARTESIAN_POINT ( 'NONE',  ( 0.06547042735539158886, -0.4967633163807471663, -0.3913947575776703380 ) ) ;
#1439 = CARTESIAN_POINT ( 'NONE',  ( 0.1473854529999880369, -0.4536057819999951279, -0.4250000000000044853 ) ) ;
#1440 = DIRECTION ( 'NONE',  ( 1.000000000000000000, -8.326672684688663206E-16, 0.000000000000000000 ) ) ;
#1441 = FACE_OUTER_BOUND ( 'NONE', #6212, .T. ) ;
#1442 = VECTOR ( 'NONE', #5075, 39.37007874015748143 ) ;
#1443 = CARTESIAN_POINT ( 'NONE',  ( 0.4095506075719528849, 0.2906334754289521261, 8.756412124547893317E-49 ) ) ;
#1444 = CARTESIAN_POINT ( 'NONE',  ( 0.4755282579999851045, 0.1545084970000039915, -0.2999999999999984346 ) ) ;
#1445 = CARTESIAN_POINT ( 'NONE',  ( 0.4755282579999763892, -0.1545084969999952484, -0.1017857140000016369 ) ) ;
#1446 = ORIENTED_EDGE ( 'NONE', *, *, #6223, .T. ) ;
#1447 = CARTESIAN_POINT ( 'NONE',  ( -0.2910617958272622707, 0.4068780873059428815, -0.4215077282155884064 ) ) ;
#1448 = EDGE_CURVE ( 'NONE', #5621, #1183, #5900, .T. ) ;
#1449 = CARTESIAN_POINT ( 'NONE',  ( -0.3960570460000029103, -0.2489608939999909953, -0.1632996019999962689 ) ) ;
#1450 = CARTESIAN_POINT ( 'NONE',  ( 0.3749999999999915068, 0.6495190530000020113, -0.2410000000607497028 ) ) ;
#1451 = CARTESIAN_POINT ( 'NONE',  ( 0.4407107100000016708, 0.1073884330000048487, -0.1311924299999987220 ) ) ;
#1452 = CARTESIAN_POINT ( 'NONE',  ( -0.1147994901757071889, -0.4388385606813832163, -0.2171837919242545767 ) ) ;
#1453 = ORIENTED_EDGE ( 'NONE', *, *, #1534, .T. ) ;
#1454 = AXIS2_PLACEMENT_3D ( 'NONE', #4111, #771, #1248 ) ;
#1455 = VECTOR ( 'NONE', #345, 39.37007874015748143 ) ;
#1456 = CARTESIAN_POINT ( 'NONE',  ( -0.07077533386737251686, 0.5000000000000068834, -0.06987268520931730342 ) ) ;
#1457 = CARTESIAN_POINT ( 'NONE',  ( -0.4309634997700156900, 0.1400285289800063948, -0.3872321428599961868 ) ) ;
#1458 = DIRECTION ( 'NONE',  ( 0.8660254038887320593, 0.4999999998193586093, 1.232595164407832862E-32 ) ) ;
#1459 = AXIS2_PLACEMENT_3D ( 'NONE', #2738, #5128, #4614 ) ;
#1460 = MECHANICAL_CONTEXT ( 'NONE', #6754, 'mechanical' ) ;
#1461 = CARTESIAN_POINT ( 'NONE',  ( 0.4380528171721392861, -0.1177845984271555790, -0.06550102387180124774 ) ) ;
#1462 = CARTESIAN_POINT ( 'NONE',  ( -0.4314047350000136949, 0.1401718949999970765, -0.3160714289999978499 ) ) ;
#1463 = CARTESIAN_POINT ( 'NONE',  ( -0.4253254040000031821, -0.3090169939999880544, -0.4839285709999980867 ) ) ;
#1464 = CARTESIAN_POINT ( 'NONE',  ( 0.4810769861470012843, -0.1374312666024864737, -0.1728195498429563604 ) ) ;
#1465 = ADVANCED_FACE ( 'NONE', ( #2600 ), #3825, .F. ) ;
#1466 = CARTESIAN_POINT ( 'NONE',  ( -0.4374450893992299361, -0.1199999958089035257, -0.09515681514151946851 ) ) ;
#1467 = CARTESIAN_POINT ( 'NONE',  ( 0.3805997925158988160, 0.3276692898591690994, -0.2240580347245628434 ) ) ;
#1468 = EDGE_CURVE ( 'NONE', #4750, #4920, #331, .T. ) ;
#1469 = CARTESIAN_POINT ( 'NONE',  ( -0.7500000000000177636, -0.3101275907245001906, -0.4644514774668959678 ) ) ;
#1470 = CARTESIAN_POINT ( 'NONE',  ( 0.09138580636002471835, -0.8132637840847943833, -0.4605199231539535143 ) ) ;
#1471 = ORIENTED_EDGE ( 'NONE', *, *, #6276, .T. ) ;
#1472 = CARTESIAN_POINT ( 'NONE',  ( 0.4348122852902762125, 0.2468607172833041097, -0.1548626506459646057 ) ) ;
#1473 = VERTEX_POINT ( 'NONE', #7152 ) ;
#1474 = VECTOR ( 'NONE', #640, 39.37007874015748143 ) ;
#1475 = CARTESIAN_POINT ( 'NONE',  ( 0.2666227889999946421, 0.3669747859999997752, -0.2660714290000024684 ) ) ;
#1476 = CARTESIAN_POINT ( 'NONE',  ( 0.1147994906296310458, 0.4388385605626407560, -0.1100409349019933203 ) ) ;
#1477 = EDGE_CURVE ( 'NONE', #6396, #7198, #4026, .T. ) ;
#1478 = CARTESIAN_POINT ( 'NONE',  ( 0.4853864455643751574, -0.1199999936485176971, -0.1634880582651467851 ) ) ;
#1479 = CARTESIAN_POINT ( 'NONE',  ( -0.5257311120000326410, 1.034076588371666072E-14, -0.3392857140000022920 ) ) ;
#1480 = CARTESIAN_POINT ( 'NONE',  ( 0.4115372086410361563, 0.2712811610243684446, -0.007126810478419173117 ) ) ;
#1481 = ORIENTED_EDGE ( 'NONE', *, *, #5348, .F. ) ;
#1482 = CARTESIAN_POINT ( 'NONE',  ( 0.2216059489255266246, 0.4494046912574675146, -0.2909473449881521678 ) ) ;
#1483 = CARTESIAN_POINT ( 'NONE',  ( -0.1387701786088497147, -0.4803569897151963031, -0.1817623836081151134 ) ) ;
#1484 = CARTESIAN_POINT ( 'NONE',  ( -0.4365652530000060927, 0.2744242960000007892, -0.05991468299999899022 ) ) ;
#1485 = CARTESIAN_POINT ( 'NONE',  ( 0.3981920380000050219, 0.2423900660000098961, -0.04739559099999625380 ) ) ;
#1486 = EDGE_LOOP ( 'NONE', ( #7365, #3720, #3885, #1522 ) ) ;
#1487 = CARTESIAN_POINT ( 'NONE',  ( 0.4780728840565392490, -0.1495825224420476995, -0.2356004232420921274 ) ) ;
#1488 = CARTESIAN_POINT ( 'NONE',  ( 0.1147994959999703718, -0.4388385589999939662, -0.07745906500000354633 ) ) ;
#1489 = CARTESIAN_POINT ( 'NONE',  ( -0.3747537784706508335, 0.4090925843463579792, -0.2410000000000021569 ) ) ;
#1490 = EDGE_CURVE ( 'NONE', #2323, #4898, #1876, .T. ) ;
#1491 = ORIENTED_EDGE ( 'NONE', *, *, #2830, .T. ) ;
#1492 = DATE_AND_TIME ( #4911, #4467 ) ;
#1493 = CARTESIAN_POINT ( 'NONE',  ( 0.3981920380000141813, -0.2423900659999962681, -0.05974726600000232479 ) ) ;
#1494 = CARTESIAN_POINT ( 'NONE',  ( 0.4347279709451603025, -0.5129709335699060846, -0.2410000000000021569 ) ) ;
#1495 = CARTESIAN_POINT ( 'NONE',  ( 0.4253254039999755931, 0.3090169940000098703, -0.4482142860000000728 ) ) ;
#1496 = EDGE_CURVE ( 'NONE', #5794, #2570, #3928, .T. ) ;
#1497 = ORIENTED_EDGE ( 'NONE', *, *, #2243, .F. ) ;
#1498 = B_SPLINE_CURVE_WITH_KNOTS ( 'NONE', 3,
 ( #80, #2374, #3389, #2264 ),
 .UNSPECIFIED., .F., .F.,
 ( 4, 4 ),
 ( 0.000000000000000000, 1.000000000000000000 ),
 .UNSPECIFIED. ) ;
#1499 =( BOUNDED_CURVE ( )  B_SPLINE_CURVE ( 2, ( #1000, #5578, #7312, #7122, #2536, #2701, #1563, #2733, #1932, #4980, #5017, #5343, #7279 ),
 .UNSPECIFIED., .F., .T. ) 
 B_SPLINE_CURVE_WITH_KNOTS ( ( 3, 2, 2, 2, 2, 2, 3 ),
 ( 0.000000000000000000, 0.09999999399999016936, 0.2999999979999894428, 0.5000000020000104906, 0.7000000060000082236, 0.9000000100000029590, 1.000000000000000000 ),
 .UNSPECIFIED. ) 
 CURVE ( )  GEOMETRIC_REPRESENTATION_ITEM ( )  RATIONAL_B_SPLINE_CURVE ( ( 0.9755282581475772652, 0.9755282601053181235, 1.000000000000000000, 0.9510565162951540863, 1.000000000000000000, 0.9510565162951540863, 1.000000000000000000, 0.9510565162951540863, 1.000000000000000000, 0.9510565162951540863, 1.000000000000000000, 0.9755282610841864432, 0.9755282581475773762 ) ) 
 REPRESENTATION_ITEM ( '' )  );
#1500 = ORIENTED_EDGE ( 'NONE', *, *, #4584, .F. ) ;
#1501 = DIRECTION ( 'NONE',  ( 6.162975822039154730E-33, 0.000000000000000000, -1.000000000000000000 ) ) ;
#1502 = ORIENTED_EDGE ( 'NONE', *, *, #4742, .T. ) ;
#1503 = CARTESIAN_POINT ( 'NONE',  ( 0.7499999999212357826, 0.4330127019363776975, -0.4330127019832692992 ) ) ;
#1504 = CARTESIAN_POINT ( 'NONE',  ( 0.7500000000868776162, -0.1200000001377680009, -0.2410000000405034537 ) ) ;
#1505 = CARTESIAN_POINT ( 'NONE',  ( 0.000000000000000000, -0.4536057820000032326, -0.2142857139999999605 ) ) ;
#1506 = VERTEX_POINT ( 'NONE', #4393 ) ;
#1507 = CARTESIAN_POINT ( 'NONE',  ( 0.3466162695453610665, 0.3603569919732764748, -0.1604705459551687141 ) ) ;
#1508 = ORIENTED_EDGE ( 'NONE', *, *, #4271, .F. ) ;
#1509 = ADVANCED_FACE ( 'NONE', ( #6678 ), #1533, .F. ) ;
#1510 = CARTESIAN_POINT ( 'NONE',  ( 0.4314047349999962089, -0.1401718949999970765, -0.2803571430000034725 ) ) ;
#1511 = CARTESIAN_POINT ( 'NONE',  ( -0.2267523475628245577, -0.7351098750626406941, -0.01017611477237123294 ) ) ;
#1512 = FACE_OUTER_BOUND ( 'NONE', #6539, .T. ) ;
#1513 = CARTESIAN_POINT ( 'NONE',  ( -0.3261539459679099195, 0.3249152082351552950, -0.03962375267433886766 ) ) ;
#1514 = CARTESIAN_POINT ( 'NONE',  ( -0.4755282580000025905, 0.1545084969999996061, -0.3428571429999976994 ) ) ;
#1515 = DIRECTION ( 'NONE',  ( 1.000000000000000000, 9.436895709313842427E-16, 0.000000000000000000 ) ) ;
#1516 = EDGE_CURVE ( 'NONE', #7185, #2545, #3976, .T. ) ;
#1517 = CARTESIAN_POINT ( 'NONE',  ( -0.3971843500422312379, 0.3054913395897830286, -0.2753164086555057177 ) ) ;
#1518 = LINE ( 'NONE', #455, #2283 ) ;
#1519 = CARTESIAN_POINT ( 'NONE',  ( -0.4813363459999915883, 0.1366330390000095596, -0.05672967000000300741 ) ) ;
#1520 = CARTESIAN_POINT ( 'NONE',  ( 0.4755282579999763892, -0.1545084969999952484, -0.09285714300000334764 ) ) ;
#1521 = DIRECTION ( 'NONE',  ( 6.162975822039154730E-33, -0.000000000000000000, -1.000000000000000000 ) ) ;
#1522 = ORIENTED_EDGE ( 'NONE', *, *, #3260, .F. ) ;
#1523 = CARTESIAN_POINT ( 'NONE',  ( 0.4681517894622110876, -0.1782002930585512845, -0.2362575489256488748 ) ) ;
#1524 = CARTESIAN_POINT ( 'NONE',  ( 0.4513812104099828026, -0.03990650934999932092, -0.2061071018599989757 ) ) ;
#1525 = CARTESIAN_POINT ( 'NONE',  ( -0.4606968513012499877, 0.1943456094056629779, -0.2009432607158151973 ) ) ;
#1526 = PERSON_AND_ORGANIZATION ( #4148, #7128 ) ;
#1527 = FACE_OUTER_BOUND ( 'NONE', #76, .T. ) ;
#1528 = CARTESIAN_POINT ( 'NONE',  ( 0.2666227889999946421, 0.3669747859999997752, -0.2660714290000024684 ) ) ;
#1529 = CARTESIAN_POINT ( 'NONE',  ( 0.4755282579999851045, 0.1545084970000039915, -0.4517857140000041682 ) ) ;
#1530 = ORIENTED_EDGE ( 'NONE', *, *, #4295, .T. ) ;
#1531 = ORIENTED_EDGE ( 'NONE', *, *, #66, .T. ) ;
#1532 = CARTESIAN_POINT ( 'NONE',  ( -0.3542873410000182410, 0.3528179130000073660, 1.466000000464459742E-06 ) ) ;
#1533 = PLANE ( 'NONE',  #2755 ) ;
#1534 = EDGE_CURVE ( 'NONE', #793, #1473, #1239, .T. ) ;
#1535 = CARTESIAN_POINT ( 'NONE',  ( -0.3382477271590934031, 0.3458622492939480986, -0.1247001688263819630 ) ) ;
#1536 = CARTESIAN_POINT ( 'NONE',  ( 0.08582189634758456698, -0.8164761090290231227, -0.4590253189766628217 ) ) ;
#1537 = CARTESIAN_POINT ( 'NONE',  ( 0.3749999999340249968, 0.6495190529572562044, -0.4999999999999973910 ) ) ;
#1538 = ORIENTED_EDGE ( 'NONE', *, *, #5449, .F. ) ;
#1539 =( BOUNDED_CURVE ( )  B_SPLINE_CURVE ( 2, ( #2420, #4715, #7010, #4755, #4187 ),
 .UNSPECIFIED., .F., .T. ) 
 B_SPLINE_CURVE_WITH_KNOTS ( ( 3, 2, 3 ),
 ( 0.000000000000000000, 0.9080264254312678807, 1.000000000000000000 ),
 .UNSPECIFIED. ) 
 CURVE ( )  GEOMETRIC_REPRESENTATION_ITEM ( )  RATIONAL_B_SPLINE_CURVE ( ( 0.9811209779318870172, 0.9638293866287261924, 1.000000000000000000, 0.9963362953524198540, 0.9932210899422718731 ) ) 
 REPRESENTATION_ITEM ( '' )  );
#1540 = CARTESIAN_POINT ( 'NONE',  ( -0.2666227890000034129, -0.3669747859999954454, -0.3732142859999980633 ) ) ;
#1541 = ADVANCED_FACE ( 'NONE', ( #6181 ), #4712, .T. ) ;
#1542 = CARTESIAN_POINT ( 'NONE',  ( -0.4755282580000025905, 0.1545084969999996061, -0.1374999999999960143 ) ) ;
#1543 = CARTESIAN_POINT ( 'NONE',  ( -0.6161285715830966403, 0.5103034072525558518, -0.02887595244138926528 ) ) ;
#1544 = CARTESIAN_POINT ( 'NONE',  ( -0.1147994901757071889, -0.4388385606813832163, -0.2171837919242545767 ) ) ;
#1545 = CARTESIAN_POINT ( 'NONE',  ( 0.4813363460000092409, -0.1366330389999941552, -0.1013725270000022521 ) ) ;
#1546 = PRODUCT_RELATED_PRODUCT_CATEGORY ( 'detail', '', ( #3307 ) ) ;
#1547 = CARTESIAN_POINT ( 'NONE',  ( 0.4331140557832968696, 0.2503596495202876637, -0.2976312986840608521 ) ) ;
#1548 = VECTOR ( 'NONE', #3331, 39.37007874015748143 ) ;
#1549 = CARTESIAN_POINT ( 'NONE',  ( -0.4483619805566284033, 0.1199999995052031393, -0.03585727882900672375 ) ) ;
#1550 = CARTESIAN_POINT ( 'NONE',  ( -0.1273771290000150769, 0.4353541920000016385, -0.1039125660000028012 ) ) ;
#1551 = EDGE_CURVE ( 'NONE', #7394, #5441, #6750, .T. ) ;
#1552 = CARTESIAN_POINT ( 'NONE',  ( 0.1380773512607035014, 0.4791583332670411033, -0.001343770045995622883 ) ) ;
#1553 = CARTESIAN_POINT ( 'NONE',  ( 0.06499618000000136064, 0.4536057820000009011, -0.1801464090000042817 ) ) ;
#1554 = ORIENTED_EDGE ( 'NONE', *, *, #430, .T. ) ;
#1555 = CARTESIAN_POINT ( 'NONE',  ( 0.3078455672604318849, -0.3942826090607559619, -0.2424763445755437064 ) ) ;
#1556 = CARTESIAN_POINT ( 'NONE',  ( -1.748382715945128460E-14, 0.4531418398199995035, -0.4015178568499964684 ) ) ;
#1557 = CARTESIAN_POINT ( 'NONE',  ( 0.7499999999999916733, 0.1200000003715114699, -0.2527537684999960899 ) ) ;
#1558 = SECURITY_CLASSIFICATION_LEVEL ( 'unclassified' ) ;
#1559 = AXIS2_PLACEMENT_3D ( 'NONE', #2821, #1695, #3837 ) ;
#1560 = CARTESIAN_POINT ( 'NONE',  ( 0.4314047349999962089, 0.1401718950000014619, -0.1928571430000028397 ) ) ;
#1561 = CARTESIAN_POINT ( 'NONE',  ( 0.3858601249999937810, -0.2803437909999871303, -0.2839285710000007956 ) ) ;
#1562 = CARTESIAN_POINT ( 'NONE',  ( 0.1624598479999960488, 0.5000000000000104361, -0.3696428570000029890 ) ) ;
#1563 = CARTESIAN_POINT ( 'NONE',  ( 8.741913579725642299E-15, -0.4999999999999930056, -0.2589285710000013840 ) ) ;
#1564 = EDGE_LOOP ( 'NONE', ( #4873, #6830, #5053, #4761 ) ) ;
#1565 = CARTESIAN_POINT ( 'NONE',  ( -0.4407107100000194344, -0.1073884329999960224, -0.1579781439999958237 ) ) ;
#1566 = VECTOR ( 'NONE', #1501, 39.37007874015748143 ) ;
#1567 = CARTESIAN_POINT ( 'NONE',  ( -0.3461732370000065173, 0.3599887410000001675, -0.0005757449999989347825 ) ) ;
#1568 = ORIENTED_EDGE ( 'NONE', *, *, #2415, .T. ) ;
#1569 = DIRECTION ( 'NONE',  ( 1.000000000000000000, -8.326672684688663206E-16, 0.000000000000000000 ) ) ;
#1570 = CARTESIAN_POINT ( 'NONE',  ( -0.6148661742752624670, -0.5110322526782238306, -0.02858375664775436586 ) ) ;
#1571 = CARTESIAN_POINT ( 'NONE',  ( 0.01583349189574471960, -0.8568839331895030664, -0.4382905322946580307 ) ) ;
#1572 = VERTEX_POINT ( 'NONE', #1146 ) ;
#1573 = CONICAL_SURFACE ( 'NONE', #3, 0.4752813360000006648, 0.7853981633974481680 ) ;
#1574 = CARTESIAN_POINT ( 'NONE',  ( 0.3466162753088959381, 0.3603569864294914882, -0.1515419749438408903 ) ) ;
#1575 = VERTEX_POINT ( 'NONE', #5728 ) ;
#1576 = CARTESIAN_POINT ( 'NONE',  ( 0.1473854529999880369, -0.4536057819999951279, -0.5053571429999976772 ) ) ;
#1577 = ADVANCED_FACE ( 'NONE', ( #2285 ), #2884, .F. ) ;
#1578 = FACE_OUTER_BOUND ( 'NONE', #1891, .T. ) ;
#1579 =( BOUNDED_SURFACE ( )  B_SPLINE_SURFACE ( 1, 2, ( 
 ( #3041, #1449, #7200, #280, #4694 ),
 ( #888, #3743, #6992, #7031, #5841 ) ),
 .UNSPECIFIED., .F., .F., .T. ) 
 B_SPLINE_SURFACE_WITH_KNOTS ( ( 2, 2 ),
 ( 3, 2, 3 ),
 ( 0.000000000000000000, 0.9230769230769279021 ),
 ( 0.1872520705887760206, 0.1928571428571430602, 0.1937209015188280370 ),
 .UNSPECIFIED. ) 
 GEOMETRIC_REPRESENTATION_ITEM ( )  RATIONAL_B_SPLINE_SURFACE ( (
 ( 0.9834629611452947451, 0.9615935531476199616, 1.000000000000000000, 0.9940814498823647982, 0.9895943154647740547),
 ( 0.9834629611452947451, 0.9615935531476199616, 1.000000000000000000, 0.9940814498823647982, 0.9895943154647740547) ) ) 
 REPRESENTATION_ITEM ( '' )  SURFACE ( )  );
#1580 = VECTOR ( 'NONE', #6163, 39.37007874015748143 ) ;
#1581 = CARTESIAN_POINT ( 'NONE',  ( -0.09061781842625912797, -0.7458942695084604946, 2.937178624371874809E-50 ) ) ;
#1582 = CARTESIAN_POINT ( 'NONE',  ( 0.1387701737246377076, -0.4803569911846136686, -0.1039519022148148730 ) ) ;
#1583 = CARTESIAN_POINT ( 'NONE',  ( -0.4314047350000136949, 0.1401718949999970765, -0.3070535712799959960 ) ) ;
#1584 = CONICAL_SURFACE ( 'NONE', #2083, 0.7500000000000011102, 1.047197549762621804 ) ;
#1585 = CARTESIAN_POINT ( 'NONE',  ( -0.4007843204999971265, -0.4541788059999944394, 0.000000000000000000 ) ) ;
#1586 = DIRECTION ( 'NONE',  ( -6.162975822039154730E-33, 0.000000000000000000, 1.000000000000000000 ) ) ;
#1587 = DIRECTION ( 'NONE',  ( -6.162975822039154730E-33, 0.000000000000000000, 1.000000000000000000 ) ) ;
#1588 = CARTESIAN_POINT ( 'NONE',  ( -0.4680093855692128435, 0.1767258101789832003, -0.3433747675206040295 ) ) ;
#1589 = B_SPLINE_CURVE_WITH_KNOTS ( 'NONE', 3,
 ( #679, #2970, #5255, #7003 ),
 .UNSPECIFIED., .F., .F.,
 ( 4, 4 ),
 ( 0.000000000000000000, 1.000000000000000000 ),
 .UNSPECIFIED. ) ;
#1590 = CARTESIAN_POINT ( 'NONE',  ( 0.1387701736492474303, 0.4803569911069876519, -0.07589285750000099307 ) ) ;
#1591 = ORIENTED_EDGE ( 'NONE', *, *, #4930, .T. ) ;
#1592 = CARTESIAN_POINT ( 'NONE',  ( -0.1273771290000150769, -0.4353541919999949772, -0.07465886300000040832 ) ) ;
#1593 = CARTESIAN_POINT ( 'NONE',  ( -0.1472347090500014666, 0.4531418398200126041, -0.4693749998599963669 ) ) ;
#1594 = CARTESIAN_POINT ( 'NONE',  ( -0.1147994959999973641, 0.4388385590000067338, -0.1846019219999991690 ) ) ;
#1595 = EDGE_CURVE ( 'NONE', #3547, #2323, #5270, .T. ) ;
#1596 = VERTEX_POINT ( 'NONE', #2213 ) ;
#1597 = CARTESIAN_POINT ( 'NONE',  ( -0.1202106206808062627, 0.4482109123386058824, -0.2410000000791776564 ) ) ;
#1598 = CARTESIAN_POINT ( 'NONE',  ( -0.3858601250000029403, -0.2803437909999825228, -0.4482142860000000728 ) ) ;
#1599 = CARTESIAN_POINT ( 'NONE',  ( -0.4314047350000136949, 0.1401718949999970765, -0.3785714290000007920 ) ) ;
#1600 = CARTESIAN_POINT ( 'NONE',  ( 0.4381619283741510773, -0.2092953021988074869, -0.01451546317549832696 ) ) ;
#1601 = CARTESIAN_POINT ( 'NONE',  ( -0.7500000000000175415, 0.2313347354012515456, -0.02002994083944655002 ) ) ;
#1602 = CARTESIAN_POINT ( 'NONE',  ( -0.4245924971434187900, -0.2645577177903581378, -0.4043928704852930989 ) ) ;
#1603 = ORIENTED_EDGE ( 'NONE', *, *, #2102, .F. ) ;
#1604 = ADVANCED_FACE ( 'NONE', ( #4499 ), #1667, .T. ) ;
#1605 = CARTESIAN_POINT ( 'NONE',  ( 0.4798280613384836579, 0.1424830298777091664, -0.02349225125485860169 ) ) ;
#1606 = CYLINDRICAL_SURFACE ( 'NONE', #2417, 0.5000000000000007772 ) ;
#1607 = ORIENTED_EDGE ( 'NONE', *, *, #3571, .F. ) ;
#1608 = DIRECTION ( 'NONE',  ( 6.162975822039154730E-33, -0.000000000000000000, -1.000000000000000000 ) ) ;
#1609 = CARTESIAN_POINT ( 'NONE',  ( 0.3723667475462955623, 0.3073397710340660116, -0.4999999999999977240 ) ) ;
#1610 = CARTESIAN_POINT ( 'NONE',  ( -0.4759694932300180814, -0.1546518630199979483, -0.3443749998599969775 ) ) ;
#1611 = CARTESIAN_POINT ( 'NONE',  ( -0.7500000000000176525, -0.2829543304927700786, -0.02979026915064836994 ) ) ;
#1612 = VERTEX_POINT ( 'NONE', #2521 ) ;
#1613 = CARTESIAN_POINT ( 'NONE',  ( -0.1473854530000156260, -0.4536057819999870788, -0.2983035717199959413 ) ) ;
#1614 = DIRECTION ( 'NONE',  ( 4.273005485591898101E-63, 5.131708243377008956E-48, -1.000000000000000000 ) ) ;
#1615 = CARTESIAN_POINT ( 'NONE',  ( -0.4178011456855654782, 0.1993791606782582826, -0.03715473149832756311 ) ) ;
#1616 = CARTESIAN_POINT ( 'NONE',  ( -0.3226691384612296321, 0.3188793555015125847, -0.2410000001755048249 ) ) ;
#1617 = CARTESIAN_POINT ( 'NONE',  ( -0.04547395886995457548, -0.7499986871168933256, 8.309112568263307722E-51 ) ) ;
#1618 = CARTESIAN_POINT ( 'NONE',  ( 0.1624598479999960488, 0.5000000000000104361, -0.5035714290000015136 ) ) ;
#1619 = CARTESIAN_POINT ( 'NONE',  ( -0.2666227890000034129, 0.3669747860000008854, -0.4570535712799996264 ) ) ;
#1620 = LINE ( 'NONE', #2719, #4211 ) ;
#1621 = DIRECTION ( 'NONE',  ( -6.162975822039154730E-33, 0.000000000000000000, 1.000000000000000000 ) ) ;
#1622 = ADVANCED_FACE ( 'NONE', ( #2397 ), #3523, .F. ) ;
#1623 = CARTESIAN_POINT ( 'NONE',  ( 0.4526480710738500224, -0.1199999949524789417, -0.1194939175096603051 ) ) ;
#1624 = CARTESIAN_POINT ( 'NONE',  ( 0.000000000000000000, 0.5000000000000028866, -0.07142857100000124526 ) ) ;
#1625 = PLANE ( 'NONE',  #7315 ) ;
#1626 = ORIENTED_EDGE ( 'NONE', *, *, #2467, .F. ) ;
#1627 = CARTESIAN_POINT ( 'NONE',  ( 0.06499618000000136064, -0.4536057819999931295, -0.06985359100000085308 ) ) ;
#1628 = CARTESIAN_POINT ( 'NONE',  ( 0.4518433499999854885, -0.03994736699999724278, -0.2063749590000021616 ) ) ;
#1629 = CARTESIAN_POINT ( 'NONE',  ( 0.4999999968559940555, 0.07919222933085998117, -0.3820980610234898101 ) ) ;
#1630 = ORIENTED_EDGE ( 'NONE', *, *, #7319, .T. ) ;
#1631 = CARTESIAN_POINT ( 'NONE',  ( 0.4374450879999834396, 0.1199999999999988437, -0.1933711009999975194 ) ) ;
#1632 = B_SPLINE_CURVE_WITH_KNOTS ( 'NONE', 3,
 ( #2608, #7261, #3305, #5521 ),
 .UNSPECIFIED., .F., .F.,
 ( 4, 4 ),
 ( 0.000000000000000000, 1.000000000000000000 ),
 .UNSPECIFIED. ) ;
#1633 = ADVANCED_FACE ( 'NONE', ( #7070 ), #7293, .T. ) ;
#1634 = CARTESIAN_POINT ( 'NONE',  ( 0.1473854529999788499, 0.4536057820000123364, -0.4767857140000021365 ) ) ;
#1635 = CARTESIAN_POINT ( 'NONE',  ( -0.2666227890000034129, 0.3669747860000008854, -0.4571428569999981817 ) ) ;
#1636 = CARTESIAN_POINT ( 'NONE',  ( 0.7500000000000008882, -0.2741382269805494598, -0.02801923665335836686 ) ) ;
#1637 = CARTESIAN_POINT ( 'NONE',  ( -0.003707540798887227259, 0.4790620627140160792, -0.02092370766773544999 ) ) ;
#1638 = ORIENTED_EDGE ( 'NONE', *, *, #4710, .T. ) ;
#1639 = CARTESIAN_POINT ( 'NONE',  ( -0.2710648238965959189, -0.3874003294750890114, -0.2410000000000020737 ) ) ;
#1640 = CARTESIAN_POINT ( 'NONE',  ( -0.1147994959999973641, 0.4388385590000067338, -0.1042447790000023550 ) ) ;
#1641 = ORIENTED_EDGE ( 'NONE', *, *, #5524, .F. ) ;
#1642 = CARTESIAN_POINT ( 'NONE',  ( 0.000000000000000000, 0.000000000000000000, 0.000000000000000000 ) ) ;
#1643 = CARTESIAN_POINT ( 'NONE',  ( -0.08400907387558675943, -0.4934488070830823081, -0.1804669124838805261 ) ) ;
#1644 = CARTESIAN_POINT ( 'NONE',  ( 0.1626105919499825914, 0.5004639421800101129, -0.2265178568500018919 ) ) ;
#1645 = ORIENTED_EDGE ( 'NONE', *, *, #5376, .T. ) ;
#1646 = CARTESIAN_POINT ( 'NONE',  ( -0.1387701785137114840, 0.4803569898011118555, -0.005737616289954299356 ) ) ;
#1647 = ADVANCED_FACE ( 'NONE', ( #5246 ), #5469, .T. ) ;
#1648 = ORIENTED_EDGE ( 'NONE', *, *, #6592, .T. ) ;
#1649 =( BOUNDED_CURVE ( )  B_SPLINE_CURVE ( 2, ( #5233, #575, #5829, #6930, #1669 ),
 .UNSPECIFIED., .F., .T. ) 
 B_SPLINE_CURVE_WITH_KNOTS ( ( 3, 2, 3 ),
 ( 0.000000000000000000, 0.0009235128965141854024, 0.007151887495796181889 ),
 .UNSPECIFIED. ) 
 CURVE ( )  GEOMETRIC_REPRESENTATION_ITEM ( )  RATIONAL_B_SPLINE_CURVE ( ( 0.9899956139589964899, 0.9943442459426466984, 1.000000000000000000, 0.9618563476010274504, 0.9831665022545998944 ) ) 
 REPRESENTATION_ITEM ( '' )  );
#1650 = CARTESIAN_POINT ( 'NONE',  ( 0.1473854529999880369, -0.4536057819999951279, -0.4339285709999964880 ) ) ;
#1651 = CARTESIAN_POINT ( 'NONE',  ( -0.3226455853243434535, 0.3188385667691438496, -0.1785259120370296937 ) ) ;
#1652 = CARTESIAN_POINT ( 'NONE',  ( 0.4853864463593385303, -0.1199999904329064199, -0.1009880579546747620 ) ) ;
#1653 = CARTESIAN_POINT ( 'NONE',  ( 0.2938926259999944945, -0.4045084969999961366, -0.4660714290000014248 ) ) ;
#1654 = EDGE_CURVE ( 'NONE', #4323, #4091, #6222, .T. ) ;
#1655 = CARTESIAN_POINT ( 'NONE',  ( 0.7500000000000003331, -0.1998030150792281801, -0.4850138106327391840 ) ) ;
#1656 = DIRECTION ( 'NONE',  ( 1.000000000000000000, -8.326672684688663206E-16, 0.000000000000000000 ) ) ;
#1657 = CARTESIAN_POINT ( 'NONE',  ( 0.3858601249999938365, -0.2803437909999871303, -0.3463392852799975774 ) ) ;
#1658 = CARTESIAN_POINT ( 'NONE',  ( -0.4853864438592299657, -0.1200000000720790744, 0.000000000000000000 ) ) ;
#1659 = CARTESIAN_POINT ( 'NONE',  ( -0.4755282580000375625, -0.1545084969999974134, -0.4160714289999973281 ) ) ;
#1660 = CARTESIAN_POINT ( 'NONE',  ( 0.4764730509999825503, 0.1161026790000000697, -0.009586820999996954404 ) ) ;
#1661 = B_SPLINE_CURVE_WITH_KNOTS ( 'NONE', 3,
 ( #2103, #4392, #6711, #1466 ),
 .UNSPECIFIED., .F., .F.,
 ( 4, 4 ),
 ( 0.000000000000000000, 1.000000000000000000 ),
 .UNSPECIFIED. ) ;
#1662 = CARTESIAN_POINT ( 'NONE',  ( 0.000000000000000000, 0.5000000000000028866, -0.1517857139999970184 ) ) ;
#1663 = ORIENTED_EDGE ( 'NONE', *, *, #913, .T. ) ;
#1664 = FACE_OUTER_BOUND ( 'NONE', #4005, .T. ) ;
#1665 = CARTESIAN_POINT ( 'NONE',  ( -0.3858601250000029403, 0.2803437910000101119, -0.2482142860000028373 ) ) ;
#1666 = CARTESIAN_POINT ( 'NONE',  ( 0.1170659946377163724, 0.4382456464098365978, -0.1904576678066934314 ) ) ;
#1667 = CONICAL_SURFACE ( 'NONE', #5505, 0.7500000000000011102, 1.047197549762621138 ) ;
#1668 = ADVANCED_FACE ( 'NONE', ( #1312 ), #1879, .T. ) ;
#1669 = CARTESIAN_POINT ( 'NONE',  ( 0.3466162712046374494, 0.3603569918280165041, -0.2318991169520403239 ) ) ;
#1670 = ORIENTED_EDGE ( 'NONE', *, *, #6374, .F. ) ;
#1671 = EDGE_CURVE ( 'NONE', #4286, #793, #668, .T. ) ;
#1672 = CARTESIAN_POINT ( 'NONE',  ( -0.09362031455178060346, -0.4485585195572903139, -0.4999999999999973355 ) ) ;
#1673 = CARTESIAN_POINT ( 'NONE',  ( -0.4314047349999962089, -0.1401718949999992692, -0.4517857140000041682 ) ) ;
#1674 = CARTESIAN_POINT ( 'NONE',  ( -0.3858601250000029403, -0.2803437909999825228, -0.3678571429999978326 ) ) ;
#1675 = CARTESIAN_POINT ( 'NONE',  ( 0.4647421920091147074, -0.1463750324030933248, -0.01351783234724002539 ) ) ;
#1676 = CARTESIAN_POINT ( 'NONE',  ( 0.3466162777002813611, 0.3603569841293016718, -0.08904197511782824259 ) ) ;
#1677 = CARTESIAN_POINT ( 'NONE',  ( -0.2666227890000034129, -0.3669747859999954454, -0.4357142860000010054 ) ) ;
#1678 = B_SPLINE_CURVE_WITH_KNOTS ( 'NONE', 3,
 ( #2458, #5706, #5179, #1892, #7443, #1856, #4627, #6465, #4103, #563, #1326, #1242, #4182 ),
 .UNSPECIFIED., .F., .F.,
 ( 4, 1, 1, 1, 1, 1, 2, 2, 4 ),
 ( 0.000000000000000000, 0.2500000000000219269, 0.3750000000000321410, 0.4375000000000366929, 0.4687500000000388578, 0.4843750000000398570, 0.4921875000000396905, 0.5000000000000394129, 1.000000000000000000 ),
 .UNSPECIFIED. ) ;
#1679 = ORIENTED_EDGE ( 'NONE', *, *, #1152, .T. ) ;
#1680 = CARTESIAN_POINT ( 'NONE',  ( 0.4632616753526008768, 0.1881204829469617645, -0.02241996873825075412 ) ) ;
#1681 = CARTESIAN_POINT ( 'NONE',  ( 0.1147995093810619122, 0.4388385554995309357, -0.1859337923518069868 ) ) ;
#1682 = CARTESIAN_POINT ( 'NONE',  ( -0.4326963495360942047, -0.2505474102871634301, -0.05655023932808809356 ) ) ;
#1683 = CARTESIAN_POINT ( 'NONE',  ( 0.3387571622483551148, -0.3041272321742195528, -0.4999999999999976130 ) ) ;
#1684 = CARTESIAN_POINT ( 'NONE',  ( 0.1624598479999960210, 0.5000000000000103251, -0.2982142860000044360 ) ) ;
#1685 = ORIENTED_EDGE ( 'NONE', *, *, #5031, .F. ) ;
#1686 = CARTESIAN_POINT ( 'NONE',  ( -0.4686285232230071318, -0.1199999931614458004, -0.1404569638603482551 ) ) ;
#1687 = EDGE_CURVE ( 'NONE', #6662, #6739, #5624, .T. ) ;
#1688 = ORIENTED_EDGE ( 'NONE', *, *, #3729, .T. ) ;
#1689 = VECTOR ( 'NONE', #6209, 39.37007874015748143 ) ;
#1690 = CARTESIAN_POINT ( 'NONE',  ( 0.4314047349999962089, -0.1401718949999970765, -0.4232142860000021600 ) ) ;
#1691 = ADVANCED_FACE ( 'NONE', ( #103 ), #616, .T. ) ;
#1692 = CARTESIAN_POINT ( 'NONE',  ( -0.4853864438986122964, 0.1199999999127915745, 0.000000000000000000 ) ) ;
#1693 = CARTESIAN_POINT ( 'NONE',  ( 0.4639484882586983883, -0.1864186987762265768, -0.1650396183650395254 ) ) ;
#1694 = FACE_OUTER_BOUND ( 'NONE', #827, .T. ) ;
#1695 = DIRECTION ( 'NONE',  ( 2.157041537713704155E-32, -1.707404996040165128E-17, 1.000000000000000000 ) ) ;
#1696 = CARTESIAN_POINT ( 'NONE',  ( -0.3226455885378883837, -0.3188385635172448773, -0.1607598025075099579 ) ) ;
#1697 = CARTESIAN_POINT ( 'NONE',  ( 0.3858601249999845106, 0.2803437910000101119, -0.4034821432899983740 ) ) ;
#1698 = EDGE_CURVE ( 'NONE', #5924, #5805, #4879, .T. ) ;
#1699 = CARTESIAN_POINT ( 'NONE',  ( 0.009022573587022502534, -0.4774095102794562728, -0.02250981820042600307 ) ) ;
#1700 = CARTESIAN_POINT ( 'NONE',  ( -0.2938926260000032653, -0.4045084969999983016, -0.4089285709999961882 ) ) ;
#1701 = CARTESIAN_POINT ( 'NONE',  ( -0.3466162716253770038, -0.3603569899725737602, -0.1158276888843752933 ) ) ;
#1702 = CARTESIAN_POINT ( 'NONE',  ( 0.3226455923818913885, 0.3188385596733555594, -0.04639421802514683696 ) ) ;
#1703 = CARTESIAN_POINT ( 'NONE',  ( 0.1472347090500014666, 0.4531418398200092179, -0.4050892858600028679 ) ) ;
#1704 = CARTESIAN_POINT ( 'NONE',  ( -0.4639484880894133578, 0.1864186991980193997, -0.2007539033705257603 ) ) ;
#1705 = VECTOR ( 'NONE', #1790, 39.37007874015748143 ) ;
#1706 = CARTESIAN_POINT ( 'NONE',  ( -0.3750000000839575631, 0.6495190528318490752, -0.5000000000241863196 ) ) ;
#1707 = ORIENTED_EDGE ( 'NONE', *, *, #1943, .T. ) ;
#1708 = VERTEX_POINT ( 'NONE', #4945 ) ;
#1709 = CARTESIAN_POINT ( 'NONE',  ( 0.4366738999999956183, 0.1239550730000107820, -0.05934175899999927922 ) ) ;
#1710 = CARTESIAN_POINT ( 'NONE',  ( -0.2666227890000034129, 0.3669747860000008854, -0.3946428570000039548 ) ) ;
#1711 = CARTESIAN_POINT ( 'NONE',  ( -0.3858601250000029403, -0.2803437909999825228, -0.2964285709999965879 ) ) ;
#1712 = EDGE_CURVE ( 'NONE', #2615, #3982, #2850, .T. ) ;
#1713 = CYLINDRICAL_SURFACE ( 'NONE', #6972, 0.5000000000000007772 ) ;
#1714 = CARTESIAN_POINT ( 'NONE',  ( -0.04827486927230591196, 0.4792235794717487063, -0.01847384306822169239 ) ) ;
#1715 = B_SPLINE_CURVE_WITH_KNOTS ( 'NONE', 3,
 ( #4690, #4811, #7108, #1222 ),
 .UNSPECIFIED., .F., .F.,
 ( 4, 4 ),
 ( 7.511621966292382944E-15, 0.008102429304107058514 ),
 .UNSPECIFIED. ) ;
#1716 = EDGE_LOOP ( 'NONE', ( #11, #4995, #611, #5173 ) ) ;
#1717 = ORIENTED_EDGE ( 'NONE', *, *, #1896, .F. ) ;
#1718 = CARTESIAN_POINT ( 'NONE',  ( -0.4063014906238143764, -0.2358970391638768316, -0.03018270768664863338 ) ) ;
#1719 = CARTESIAN_POINT ( 'NONE',  ( -0.4374450883944693835, 0.1200000000312827497, -0.2410000000071180759 ) ) ;
#1720 = VERTEX_POINT ( 'NONE', #4977 ) ;
#1721 = CARTESIAN_POINT ( 'NONE',  ( -0.4624235805959393542, -0.1901769472580772391, -0.05808524472630532953 ) ) ;
#1722 = CARTESIAN_POINT ( 'NONE',  ( 0.3549070053624038268, -0.2867501503333343416, -0.4999999999999976685 ) ) ;
#1723 = CARTESIAN_POINT ( 'NONE',  ( 0.000000000000000000, 0.5000000000000028866, -0.2946428569999957059 ) ) ;
#1724 = ORIENTED_EDGE ( 'NONE', *, *, #2508, .T. ) ;
#1725 = ADVANCED_FACE ( 'NONE', ( #1527 ), #2644, .T. ) ;
#1726 = CARTESIAN_POINT ( 'NONE',  ( -0.3367589539910147423, -0.3432836285161400269, -0.03347043696763116888 ) ) ;
#1727 = ORIENTED_EDGE ( 'NONE', *, *, #2972, .T. ) ;
#1728 = CARTESIAN_POINT ( 'NONE',  ( 0.3858601249999845106, 0.2803437910000101119, -0.4840178567099980289 ) ) ;
#1729 = CARTESIAN_POINT ( 'NONE',  ( -0.7341665079389025905, -0.4421541729059647041, -0.4382905325703936872 ) ) ;
#1730 = CARTESIAN_POINT ( 'NONE',  ( -0.4061105298875926639, 0.2212349951339690757, -0.03754360617365424396 ) ) ;
#1731 = CARTESIAN_POINT ( 'NONE',  ( -0.3981920379999959736, -0.2423900659999962681, -0.08310987700000235789 ) ) ;
#1732 = EDGE_CURVE ( 'NONE', #4645, #2849, #6702, .T. ) ;
#1733 = CARTESIAN_POINT ( 'NONE',  ( -0.4228338254016944520, 0.2669688360012045791, -0.1313952411419666566 ) ) ;
#1734 = CARTESIAN_POINT ( 'NONE',  ( 0.4377489525860393527, 0.1188922992135777734, -0.1308993240641007916 ) ) ;
#1735 = CARTESIAN_POINT ( 'NONE',  ( -0.1473854530000156260, -0.4536057819999870788, -0.3606250002900018292 ) ) ;
#1736 =( BOUNDED_SURFACE ( )  B_SPLINE_SURFACE ( 1, 2, ( 
 ( #6372, #4620, #3485, #5697, #1117 ),
 ( #6789, #67, #2362, #1230, #557 ) ),
 .UNSPECIFIED., .F., .F., .T. ) 
 B_SPLINE_SURFACE_WITH_KNOTS ( ( 2, 2 ),
 ( 3, 2, 3 ),
 ( 0.000000000000000000, 0.9230769230769259037 ),
 ( 0.1396185757287919937, 0.1428571428571430435, 0.1460957099854940378 ),
 .UNSPECIFIED. ) 
 GEOMETRIC_REPRESENTATION_ITEM ( )  RATIONAL_B_SPLINE_SURFACE ( (
 ( 0.9757408310629269721, 0.9778090539537090953, 1.000000000000000000, 0.9778090539537090953, 0.9757408310629269721),
 ( 0.9757408310629269721, 0.9778090539537090953, 1.000000000000000000, 0.9778090539537090953, 0.9757408310629269721) ) ) 
 REPRESENTATION_ITEM ( '' )  SURFACE ( )  );
#1737 = CARTESIAN_POINT ( 'NONE',  ( -0.4741150734771122366, -0.1655914203223916303, 2.146731065804258366E-48 ) ) ;
#1738 = DIRECTION ( 'NONE',  ( 8.049116928532381960E-16, -1.000000000000000000, -3.414809992080327790E-17 ) ) ;
#1739 = DIRECTION ( 'NONE',  ( 6.162975822039154730E-33, 0.000000000000000000, -1.000000000000000000 ) ) ;
#1740 = ADVANCED_FACE ( 'NONE', ( #3819 ), #2097, .F. ) ;
#1741 = CARTESIAN_POINT ( 'NONE',  ( 0.1102271707019485819, 0.4886027698690283416, -0.1453617254915442747 ) ) ;
#1742 = CARTESIAN_POINT ( 'NONE',  ( 0.3858601249999938365, -0.2803437909999871303, -0.4267857140000005933 ) ) ;
#1743 = CARTESIAN_POINT ( 'NONE',  ( -0.4427447046724509172, -0.1200000051831131564, -0.2409999998718719283 ) ) ;
#1744 = B_SPLINE_CURVE_WITH_KNOTS ( 'NONE', 3,
 ( #6292, #4048, #513, #4497, #7396, #5616, #5167, #6254, #7316, #1038 ),
 .UNSPECIFIED., .F., .F.,
 ( 4, 2, 2, 2, 4 ),
 ( 0.000000000000000000, 0.2500000000000000000, 0.5000000000000000000, 0.7500000000000000000, 1.000000000000000000 ),
 .UNSPECIFIED. ) ;
#1745 = ORIENTED_EDGE ( 'NONE', *, *, #866, .F. ) ;
#1746 = CARTESIAN_POINT ( 'NONE',  ( -0.5626682323341126724, 0.5411687485166079004, -0.4822880901008060883 ) ) ;
#1747 = ORIENTED_EDGE ( 'NONE', *, *, #3833, .T. ) ;
#1748 = CARTESIAN_POINT ( 'NONE',  ( -0.4680116261890381324, 0.1767198228745325561, -0.4862317681143430437 ) ) ;
#1749 = CARTESIAN_POINT ( 'NONE',  ( -0.3858601250000029403, -0.2803437909999825228, -0.3767857139999988836 ) ) ;
#1750 = CARTESIAN_POINT ( 'NONE',  ( -0.4314047350000136949, 0.1401718949999970765, -0.4500000000000020095 ) ) ;
#1751 = CARTESIAN_POINT ( 'NONE',  ( 0.4314047349999962089, -0.1401718949999970765, -0.1285714289999977111 ) ) ;
#1752 = CARTESIAN_POINT ( 'NONE',  ( 0.4313960490962380212, -0.2222717553830879655, -0.01473358498543625265 ) ) ;
#1753 = CARTESIAN_POINT ( 'NONE',  ( 0.07164390600000487830, 0.5000000000000091038, -0.2158606949999961055 ) ) ;
#1754 = CARTESIAN_POINT ( 'NONE',  ( -0.4346590750000131620, -0.1301560660000037339, -0.1573980499999983462 ) ) ;
#1755 = VERTEX_POINT ( 'NONE', #2627 ) ;
#1756 = ORIENTED_EDGE ( 'NONE', *, *, #3557, .F. ) ;
#1757 = CARTESIAN_POINT ( 'NONE',  ( 0.4639484878201728946, 0.1864186998690957331, -0.02246038161785218409 ) ) ;
#1758 = CARTESIAN_POINT ( 'NONE',  ( 0.1147994959999703718, 0.4388385590000085101, -0.1189695059999999333 ) ) ;
#1759 = ORIENTED_EDGE ( 'NONE', *, *, #1955, .T. ) ;
#1760 = CARTESIAN_POINT ( 'NONE',  ( 0.4374450879999922104, -0.1199999999999933759, -0.1994860419999984480 ) ) ;
#1761 = CARTESIAN_POINT ( 'NONE',  ( 0.4470894610907959477, -0.1251285229826050449, -0.4999999999999974465 ) ) ;
#1762 = CARTESIAN_POINT ( 'NONE',  ( -0.1626105919500009656, -0.5004639421799916832, -0.2622321428600031812 ) ) ;
#1763 = ORIENTED_EDGE ( 'NONE', *, *, #1943, .F. ) ;
#1764 = CARTESIAN_POINT ( 'NONE',  ( 0.3075977287538864124, 0.3726115778462336103, -0.2410000000000022680 ) ) ;
#1765 = B_SPLINE_CURVE_WITH_KNOTS ( 'NONE', 3,
 ( #7126, #4186, #3580, #1859 ),
 .UNSPECIFIED., .F., .F.,
 ( 4, 4 ),
 ( 0.000000000000000000, 1.000000000000000000 ),
 .UNSPECIFIED. ) ;
#1766 = ORIENTED_EDGE ( 'NONE', *, *, #4311, .T. ) ;
#1767 = CARTESIAN_POINT ( 'NONE',  ( -0.1473854529999972240, 0.4536057820000077290, -0.3983035717199991388 ) ) ;
#1768 = EDGE_CURVE ( 'NONE', #153, #3681, #6603, .T. ) ;
#1769 = B_SPLINE_CURVE_WITH_KNOTS ( 'NONE', 3,
 ( #1197, #3013, #7006, #6878 ),
 .UNSPECIFIED., .F., .F.,
 ( 4, 4 ),
 ( 0.000000000000000000, 1.000000000000000000 ),
 .UNSPECIFIED. ) ;
#1770 = CARTESIAN_POINT ( 'NONE',  ( -0.1260946151289027983, -0.4584022871268874089, -0.02457123681965697748 ) ) ;
#1771 = CARTESIAN_POINT ( 'NONE',  ( -0.4093085857991261567, 0.2155159540667048457, -0.03744020127166331618 ) ) ;
#1772 = CARTESIAN_POINT ( 'NONE',  ( 0.4374450917886659185, 0.1199999870984695682, -0.1219425301775934195 ) ) ;
#1773 = CARTESIAN_POINT ( 'NONE',  ( -0.4374450905869238237, -0.1199999913474362329, -0.2380139583236209888 ) ) ;
#1774 = FACE_OUTER_BOUND ( 'NONE', #829, .T. ) ;
#1775 = CARTESIAN_POINT ( 'NONE',  ( -0.3353982017016147732, -0.6723831619136600990, -0.4994191276165287352 ) ) ;
#1776 = CARTESIAN_POINT ( 'NONE',  ( -1.748382715945128460E-14, 0.4536057820000065077, -0.3214285710000043261 ) ) ;
#1777 = CARTESIAN_POINT ( 'NONE',  ( 0.1280958880473626604, -0.4618685792307521965, -0.02069723438119989295 ) ) ;
#1778 = CARTESIAN_POINT ( 'NONE',  ( -0.1387701773767032187, 0.4803569901295859923, -0.1485947593585508208 ) ) ;
#1779 = CARTESIAN_POINT ( 'NONE',  ( 0.3804639132574151317, -0.3277999879368806435, 1.314324022230596401E-48 ) ) ;
#1780 = CARTESIAN_POINT ( 'NONE',  ( 0.1387701737246377076, -0.4803569911846136686, -0.04145190236102916370 ) ) ;
#1781 = CARTESIAN_POINT ( 'NONE',  ( -0.2666227890000034129, -0.3669747859999954454, -0.4446428569999993363 ) ) ;
#1782 = CC_DESIGN_PERSON_AND_ORGANIZATION_ASSIGNMENT ( #1526, #2030, ( #6086 ) ) ;
#1783 = CARTESIAN_POINT ( 'NONE',  ( -0.4686285232230070763, -0.1199999931614457865, -0.1841721376604240068 ) ) ;
#1784 =( BOUNDED_CURVE ( )  B_SPLINE_CURVE ( 2, ( #3362, #543, #2836, #2766, #7310 ),
 .UNSPECIFIED., .F., .T. ) 
 B_SPLINE_CURVE_WITH_KNOTS ( ( 3, 2, 3 ),
 ( 0.000000000000000000, 0.4999999582245669427, 1.000000000000000000 ),
 .UNSPECIFIED. ) 
 CURVE ( )  GEOMETRIC_REPRESENTATION_ITEM ( )  RATIONAL_B_SPLINE_CURVE ( ( 0.9763575006785250032, 0.9800330344073259203, 1.000000000000000000, 0.9800330344073259203, 0.9763575006785240040 ) ) 
 REPRESENTATION_ITEM ( '' )  );
#1785 = ORIENTED_EDGE ( 'NONE', *, *, #5874, .F. ) ;
#1786 = DIRECTION ( 'NONE',  ( 1.000000000000000000, -8.326672684688663206E-16, 0.000000000000000000 ) ) ;
#1787 = ORIENTED_EDGE ( 'NONE', *, *, #3913, .T. ) ;
#1788 = ADVANCED_FACE ( 'NONE', ( #323 ), #6535, .F. ) ;
#1789 = CARTESIAN_POINT ( 'NONE',  ( -0.4233619912337236446, 0.2581059933407877649, -0.4999999999999973910 ) ) ;
#1790 = DIRECTION ( 'NONE',  ( 6.162975822039154730E-33, 0.000000000000000000, -1.000000000000000000 ) ) ;
#1791 = CARTESIAN_POINT ( 'NONE',  ( -0.1404050990000242916, -0.4798816609999922989, -0.1103731490000021548 ) ) ;
#1792 = CARTESIAN_POINT ( 'NONE',  ( -0.1163341230065551707, 0.4414966194482189965, -0.04343358313661160180 ) ) ;
#1793 = CARTESIAN_POINT ( 'NONE',  ( 0.01716195901989968006, 0.5000000000035206282, -0.009305850555836801125 ) ) ;
#1794 = CARTESIAN_POINT ( 'NONE',  ( 0.3302575636959685368, -0.3320228985539749322, -0.1513894789148283460 ) ) ;
#1795 = CARTESIAN_POINT ( 'NONE',  ( -0.4769493440000298623, 1.263871385787591936E-14, -0.3750000000000028866 ) ) ;
#1796 = ORIENTED_EDGE ( 'NONE', *, *, #3789, .F. ) ;
#1797 = ORIENTED_EDGE ( 'NONE', *, *, #2777, .F. ) ;
#1798 = CARTESIAN_POINT ( 'NONE',  ( -0.1273771290000150769, -0.4353541919999949772, -0.1550160059999970974 ) ) ;
#1799 = DIRECTION ( 'NONE',  ( 1.000000000000000000, -8.326672684688663206E-16, 0.000000000000000000 ) ) ;
#1800 = AXIS2_PLACEMENT_3D ( 'NONE', #6825, #4536, #5169 ) ;
#1801 = ORIENTED_EDGE ( 'NONE', *, *, #4671, .F. ) ;
#1802 = CARTESIAN_POINT ( 'NONE',  ( -0.3453981759999962264, -0.3615246879999913232, -0.04436073200000185957 ) ) ;
#1803 = CARTESIAN_POINT ( 'NONE',  ( 0.2910617978681295792, -0.4068780858459656868, -0.3143648711629477566 ) ) ;
#1804 = CARTESIAN_POINT ( 'NONE',  ( -0.4257200567900149002, 0.3093037260300121050, -0.4265178568499992107 ) ) ;
#1805 = PLANE ( 'NONE',  #7351 ) ;
#1806 = ORIENTED_EDGE ( 'NONE', *, *, #4339, .F. ) ;
#1807 = CARTESIAN_POINT ( 'NONE',  ( 0.4769493439999838991, 3.446921961238886775E-15, -0.4197321427100046409 ) ) ;
#1808 = VECTOR ( 'NONE', #3139, 39.37007874015748143 ) ;
#1809 = CARTESIAN_POINT ( 'NONE',  ( 0.01716195683840837649, -0.5000000000066028294, -0.04426557775554931795 ) ) ;
#1810 = DIRECTION ( 'NONE',  ( 1.000000000000000000, -8.326672684688663206E-16, 0.000000000000000000 ) ) ;
#1811 = DIRECTION ( 'NONE',  ( -6.162975822039154730E-33, -0.000000000000000000, 1.000000000000000000 ) ) ;
#1812 = CARTESIAN_POINT ( 'NONE',  ( -0.1404050990000242916, 0.4798816610000091187, -0.07712685100000324367 ) ) ;
#1813 = VECTOR ( 'NONE', #2422, 39.37007874015748143 ) ;
#1814 = VECTOR ( 'NONE', #4521, 39.37007874015748143 ) ;
#1815 = ORIENTED_EDGE ( 'NONE', *, *, #340, .F. ) ;
#1816 = CARTESIAN_POINT ( 'NONE',  ( -0.3466162715994834387, 0.3603569899974859991, -0.1341723109542870274 ) ) ;
#1817 = ADVANCED_FACE ( 'NONE', ( #2593 ), #3222, .F. ) ;
#1818 = CARTESIAN_POINT ( 'NONE',  ( 0.4374450879999834396, 0.1199999999999988437, -0.1308711009999961317 ) ) ;
#1819 = CARTESIAN_POINT ( 'NONE',  ( 0.2666227890000034129, -0.3669747859999954454, -0.3500000000000025313 ) ) ;
#1820 = AXIS2_PLACEMENT_3D ( 'NONE', #232, #1329, #1897 ) ;
#1821 = CARTESIAN_POINT ( 'NONE',  ( -0.3466162640791823346, -0.3603569972310217140, -0.1247562605524043799 ) ) ;
#1822 = LINE ( 'NONE', #1161, #4213 ) ;
#1823 = CARTESIAN_POINT ( 'NONE',  ( -0.2938926260000119806, 0.4045084969999983016, -0.4303571429999983322 ) ) ;
#1824 = CARTESIAN_POINT ( 'NONE',  ( -0.4374450883944693835, 0.1200000000312827497, -0.2410000000071180759 ) ) ;
#1825 = CARTESIAN_POINT ( 'NONE',  ( 0.000000000000000000, -0.4536057820000032326, -0.4375000000000031641 ) ) ;
#1826 = CARTESIAN_POINT ( 'NONE',  ( 0.3466162706489489542, 0.3603569910012346944, 0.000000000000000000 ) ) ;
#1827 = VERTEX_POINT ( 'NONE', #930 ) ;
#1828 = FACE_OUTER_BOUND ( 'NONE', #4421, .T. ) ;
#1829 = VERTEX_POINT ( 'NONE', #7209 ) ;
#1830 = CARTESIAN_POINT ( 'NONE',  ( -0.3702230862196106420, 0.3354982124316621683, -0.4999999999999973355 ) ) ;
#1831 = CARTESIAN_POINT ( 'NONE',  ( 0.08539815952371483665, 0.4457502332110894749, -0.04639421799999635110 ) ) ;
#1832 = CARTESIAN_POINT ( 'NONE',  ( -0.1147994901739937679, -0.4388385606470384670, -0.2261123631337091100 ) ) ;
#1833 = CARTESIAN_POINT ( 'NONE',  ( -0.1273771290000150769, -0.4353541919999949772, -0.2175160060000018991 ) ) ;
#1834 = ADVANCED_FACE ( 'NONE', ( #5502 ), #4183, .T. ) ;
#1835 = CARTESIAN_POINT ( 'NONE',  ( -0.1102271704214974474, 0.4886027699318081785, -0.006423988464621298300 ) ) ;
#1836 = CARTESIAN_POINT ( 'NONE',  ( 0.05834953799998172930, -0.4536057820000035101, -0.07001465199999676314 ) ) ;
#1837 =( BOUNDED_CURVE ( )  B_SPLINE_CURVE ( 2, ( #2418, #7009, #1013, #377, #7192 ),
 .UNSPECIFIED., .F., .T. ) 
 B_SPLINE_CURVE_WITH_KNOTS ( ( 3, 2, 3 ),
 ( 0.000000000000000000, 0.1291284867844655904, 1.000000000000000000 ),
 .UNSPECIFIED. ) 
 CURVE ( )  GEOMETRIC_REPRESENTATION_ITEM ( )  RATIONAL_B_SPLINE_CURVE ( ( 0.9899956195829278105, 0.9943442495998383590, 1.000000000000000000, 0.9618563491913368901, 0.9831665004776456440 ) ) 
 REPRESENTATION_ITEM ( '' )  );
#1838 = CARTESIAN_POINT ( 'NONE',  ( 0.000000000000000000, -0.4536057820000032326, -0.2857142859999974305 ) ) ;
#1839 = ORIENTED_EDGE ( 'NONE', *, *, #6951, .F. ) ;
#1840 = VERTEX_POINT ( 'NONE', #2168 ) ;
#1841 = DIRECTION ( 'NONE',  ( -6.162975822039154730E-33, -4.960651301931113296E-48, 1.000000000000000000 ) ) ;
#1842 = CARTESIAN_POINT ( 'NONE',  ( 0.3466162698924412644, 0.3603569915986450378, -0.2229705462044298259 ) ) ;
#1843 = ORIENTED_EDGE ( 'NONE', *, *, #5813, .T. ) ;
#1844 = CARTESIAN_POINT ( 'NONE',  ( 0.1606203128194569896, -0.4737830115509833462, -0.3177103179293980784 ) ) ;
#1845 = CARTESIAN_POINT ( 'NONE',  ( 0.4253254039999848080, -0.3090169939999903859, -0.2482142860000028373 ) ) ;
#1846 = CARTESIAN_POINT ( 'NONE',  ( 0.4853864463593385303, -0.1199999904329064199, -0.1009880579546747620 ) ) ;
#1847 = ORIENTED_EDGE ( 'NONE', *, *, #4017, .T. ) ;
#1848 = EDGE_CURVE ( 'NONE', #576, #1914, #5992, .T. ) ;
#1849 = CARTESIAN_POINT ( 'NONE',  ( -0.2666227890000034129, 0.3669747860000008854, -0.3233035717200012371 ) ) ;
#1850 = CARTESIAN_POINT ( 'NONE',  ( 0.4853864427635097845, -0.1200000049777055072, -0.1724166296379964214 ) ) ;
#1851 = CARTESIAN_POINT ( 'NONE',  ( 0.5092576503481964778, -0.5720053624114066482, -0.4910516707215856202 ) ) ;
#1852 = CARTESIAN_POINT ( 'NONE',  ( -0.7499999999070214862, -7.690917019603126664E-11, -0.5000000000241863196 ) ) ;
#1853 = CARTESIAN_POINT ( 'NONE',  ( 0.4853864427678107885, 0.1200000049602839708, -0.01508337037380527886 ) ) ;
#1854 = CARTESIAN_POINT ( 'NONE',  ( 0.1133777532947865263, 0.4872478092818146034, -0.3597263788836874698 ) ) ;
#1855 = ORIENTED_EDGE ( 'NONE', *, *, #2334, .T. ) ;
#1856 = CARTESIAN_POINT ( 'NONE',  ( 0.6248490158574376840, -0.5052686564020389959, -0.03092651727505711656 ) ) ;
#1857 = CARTESIAN_POINT ( 'NONE',  ( -0.09913947334472057726, -0.8087872023628637219, -0.4625668041718343781 ) ) ;
#1858 = CARTESIAN_POINT ( 'NONE',  ( 0.3858601249999938365, -0.2803437909999871303, -0.4891964282799972641 ) ) ;
#1859 = CARTESIAN_POINT ( 'NONE',  ( 0.3466162752830023730, -0.3603569864543862411, -0.03595802506796080822 ) ) ;
#1860 = CARTESIAN_POINT ( 'NONE',  ( -0.06499618000001031182, -0.4536057819999908536, -0.1444321230000034373 ) ) ;
#1861 = DIRECTION ( 'NONE',  ( -6.162975822039154730E-33, 0.000000000000000000, 1.000000000000000000 ) ) ;
#1862 = CARTESIAN_POINT ( 'NONE',  ( 0.4813363459999915883, 0.1366330390000052020, -0.1664846159999985309 ) ) ;
#1863 = CARTESIAN_POINT ( 'NONE',  ( -1.748382715945128460E-14, 0.4536057820000065077, -0.4732142859999975415 ) ) ;
#1864 = EDGE_LOOP ( 'NONE', ( #265, #3484, #3526, #100, #5656, #4582, #7148, #4495, #5999 ) ) ;
#1865 = CARTESIAN_POINT ( 'NONE',  ( -0.3418988987604819063, 0.3651995925571970836, -0.4200412470284139999 ) ) ;
#1866 = CARTESIAN_POINT ( 'NONE',  ( 0.4740919287417333372, 0.5811513081528739688, 0.000000000000000000 ) ) ;
#1867 = CARTESIAN_POINT ( 'NONE',  ( -0.2130315440299728469, 0.4078370426025462181, -0.2410000000000021847 ) ) ;
#1868 = CARTESIAN_POINT ( 'NONE',  ( -0.7500000000000174305, 0.3422829616099182237, -0.4570465027080629072 ) ) ;
#1869 = CARTESIAN_POINT ( 'NONE',  ( -0.7500000000793508592, -0.1199999999656484601, -0.2410000000202484338 ) ) ;
#1870 = LINE ( 'NONE', #2515, #3613 ) ;
#1871 = CARTESIAN_POINT ( 'NONE',  ( -0.4314047350000136949, 0.1401718949999970765, -0.09285714300000334764 ) ) ;
#1872 = CARTESIAN_POINT ( 'NONE',  ( -0.2666227890000034129, 0.3669747860000008854, -0.2428571429999981934 ) ) ;
#1873 = VERTEX_POINT ( 'NONE', #6812 ) ;
#1874 = ORIENTED_EDGE ( 'NONE', *, *, #2598, .F. ) ;
#1875 = CARTESIAN_POINT ( 'NONE',  ( -0.4408856913120548504, -0.1599502348925210538, -0.03145771053740751416 ) ) ;
#1876 = B_SPLINE_CURVE_WITH_KNOTS ( 'NONE', 3,
 ( #5511, #2635, #7217, #3761, #407, #4987, #3198, #6146, #368, #6575, #7186, #2039, #7286, #970, #2141, #4854, #4324, #6042, #2073, #1432, #6611, #3126, #4360, #3726, #6005, #2671, #1503 ),
 .UNSPECIFIED., .F., .F.,
 ( 4, 1, 1, 1, 2, 2, 1, 1, 1, 1, 2, 2, 1, 1, 1, 1, 2, 2, 4 ),
 ( 0.000000000000000000, 0.1249999999999996392, 0.1874999999999994449, 0.2187499999999993061, 0.2343749999999993061, 0.2499999999999992784, 0.3749999999999995559, 0.4374999999999997224, 0.4687499999999998335, 0.4843749999999998335, 0.4921874999999998335, 0.4999999999999998890, 0.6250000000000005551, 0.6875000000000009992, 0.7187500000000011102, 0.7343750000000012212, 0.7421875000000012212, 0.7500000000000011102, 1.000000000000000000 ),
 .UNSPECIFIED. ) ;
#1877 = DIRECTION ( 'NONE',  ( 1.000000000000000000, -8.326672684688663206E-16, 0.000000000000000000 ) ) ;
#1878 = FACE_OUTER_BOUND ( 'NONE', #1424, .T. ) ;
#1879 =( BOUNDED_SURFACE ( )  B_SPLINE_SURFACE ( 1, 2, ( 
 ( #3600, #3644, #5885, #6370, #5329 ),
 ( #1802, #1956, #2960, #4735, #1184 ) ),
 .UNSPECIFIED., .F., .F., .F. ) 
 B_SPLINE_SURFACE_WITH_KNOTS ( ( 2, 2 ),
 ( 3, 2, 3 ),
 ( 0.2808944370296660997, 0.9230769230769249045 ),
 ( 0.04439492773163341427, 0.05000000000000000971, 0.05086375866168511145 ),
 .UNSPECIFIED. ) 
 GEOMETRIC_REPRESENTATION_ITEM ( )  RATIONAL_B_SPLINE_SURFACE ( (
 ( 0.9834629611452947451, 0.9615935531476199616, 1.000000000000000000, 0.9940814498823647982, 0.9895943154647740547),
 ( 0.9834629611452947451, 0.9615935531476199616, 1.000000000000000000, 0.9940814498823647982, 0.9895943154647740547) ) ) 
 REPRESENTATION_ITEM ( '' )  SURFACE ( )  );
#1880 = CARTESIAN_POINT ( 'NONE',  ( 0.4759694932300005954, 0.1546518630200001410, -0.3800892858600000701 ) ) ;
#1881 = ORIENTED_EDGE ( 'NONE', *, *, #878, .T. ) ;
#1882 = CARTESIAN_POINT ( 'NONE',  ( -0.4365652530000060927, 0.2744242960000007892, -0.2027718259999985173 ) ) ;
#1883 = ORIENTED_EDGE ( 'NONE', *, *, #1240, .T. ) ;
#1884 = CARTESIAN_POINT ( 'NONE',  ( -0.1473854529999972240, 0.4536057820000077290, -0.3268749997099972826 ) ) ;
#1885 = CARTESIAN_POINT ( 'NONE',  ( 0.4366738999999868476, -0.1239550729999909923, -0.05672967000000300741 ) ) ;
#1886 = CARTESIAN_POINT ( 'NONE',  ( 0.5637140572146084327, -0.5405649412401585252, -0.4820940362704485005 ) ) ;
#1887 = ADVANCED_FACE ( 'NONE', ( #5085 ), #4501, .T. ) ;
#1888 = CARTESIAN_POINT ( 'NONE',  ( -0.7500000000000177636, -0.1003108174416521697, -0.4961459241974782719 ) ) ;
#1889 = CARTESIAN_POINT ( 'NONE',  ( 0.07077532417654523733, -0.4999999999999913403, -0.1859441144223579478 ) ) ;
#1890 = CARTESIAN_POINT ( 'NONE',  ( 0.3971863210408501099, 0.3054853925639133827, -0.3675408724782229242 ) ) ;
#1891 = EDGE_LOOP ( 'NONE', ( #309, #4259, #6281, #585 ) ) ;
#1892 = CARTESIAN_POINT ( 'NONE',  ( 0.6534896156940556144, -0.4887329983724991722, -0.03804194096965958505 ) ) ;
#1893 = B_SPLINE_CURVE_WITH_KNOTS ( 'NONE', 3,
 ( #2808, #3327, #4644, #471 ),
 .UNSPECIFIED., .F., .F.,
 ( 4, 4 ),
 ( 0.000000000000000000, 1.000000000000000000 ),
 .UNSPECIFIED. ) ;
#1894 = FACE_OUTER_BOUND ( 'NONE', #4939, .T. ) ;
#1895 = CARTESIAN_POINT ( 'NONE',  ( 0.1473854529999788499, 0.4536057820000122809, -0.2535714290000027349 ) ) ;
#1896 = EDGE_CURVE ( 'NONE', #7177, #146, #6991, .T. ) ;
#1897 = DIRECTION ( 'NONE',  ( 8.049116928532381960E-16, -1.000000000000000000, -6.829619984160655581E-17 ) ) ;
#1898 = CARTESIAN_POINT ( 'NONE',  ( 0.3466162706230379031, -0.3603569910261360532, 0.000000000000000000 ) ) ;
#1899 = CYLINDRICAL_SURFACE ( 'NONE', #1454, 0.5000000000000007772 ) ;
#1900 = CARTESIAN_POINT ( 'NONE',  ( 0.1624598479999960488, -0.4999999999999920064, -0.2464285710000041763 ) ) ;
#1901 = CARTESIAN_POINT ( 'NONE',  ( 0.4526480685901975165, -0.1200000034387205539, -0.1909224896089461998 ) ) ;
#1902 = ORIENTED_EDGE ( 'NONE', *, *, #7291, .T. ) ;
#1903 = ORIENTED_EDGE ( 'NONE', *, *, #1957, .T. ) ;
#1904 = CARTESIAN_POINT ( 'NONE',  ( -0.2215956392588157020, 0.4494078909183786830, -0.4233386187399597600 ) ) ;
#1905 = CARTESIAN_POINT ( 'NONE',  ( -0.4967623096182348652, 0.06565949165030615653, -0.4836605614730043468 ) ) ;
#1906 = CARTESIAN_POINT ( 'NONE',  ( -0.1147994977504004643, -0.4388385586998514998, -0.1546837921114072589 ) ) ;
#1907 = CARTESIAN_POINT ( 'NONE',  ( 0.7403377607742939182, 0.1200000000350155416, 1.411819043125691238E-11 ) ) ;
#1908 = CARTESIAN_POINT ( 'NONE',  ( 0.4330650657780305557, -0.2499095526508259557, -0.09521831746208166136 ) ) ;
#1909 = CARTESIAN_POINT ( 'NONE',  ( -0.07077532126236819876, 0.5000000000265470979, -0.2216583997891711788 ) ) ;
#1910 = CARTESIAN_POINT ( 'NONE',  ( -5.128880697225034028E-11, 0.4999999999885695323, 2.797412345512205536E-13 ) ) ;
#1911 = CARTESIAN_POINT ( 'NONE',  ( 0.4314047349999962089, 0.1401718950000036545, -0.2642857140000040572 ) ) ;
#1912 = EDGE_CURVE ( 'NONE', #2711, #7068, #3886, .T. ) ;
#1913 = B_SPLINE_CURVE_WITH_KNOTS ( 'NONE', 3,
 ( #3328, #7427, #5165, #5615, #5653, #2281, #472, #2772, #4575, #4612, #6860, #5054, #1718, #4496, #6291, #4733, #6990, #5243, #3118, #6367, #177, #6450, #821, #7029, #706, #3561, #5883, #1875, #2353, #2520 ),
 .UNSPECIFIED., .F., .F.,
 ( 4, 2, 2, 1, 1, 1, 1, 1, 2, 2, 2, 2, 2, 1, 1, 1, 2, 2, 4 ),
 ( 0.000000000000000000, 0.2499999999999941713, 0.3749999999999911182, 0.4374999999999896749, 0.4687499999999888423, 0.4843749999999880651, 0.4921874999999876210, 0.4960937499999878431, 0.4980468749999878986, 0.4999999999999879541, 0.6249999999999844569, 0.6874999999999826805, 0.7187499999999812372, 0.7343749999999805711, 0.7421874999999805711, 0.7460937499999805711, 0.7480468749999810152, 0.7499999999999814593, 1.000000000000000000 ),
 .UNSPECIFIED. ) ;
#1914 = VERTEX_POINT ( 'NONE', #3360 ) ;
#1915 = VERTEX_POINT ( 'NONE', #7386 ) ;
#1916 = CARTESIAN_POINT ( 'NONE',  ( -0.1404050990000242916, -0.4798816609999922989, -0.1818017200000001665 ) ) ;
#1917 = ORIENTED_EDGE ( 'NONE', *, *, #4680, .T. ) ;
#1918 = CARTESIAN_POINT ( 'NONE',  ( -0.4755282580000375625, -0.1545084969999974134, -0.2017857140000011151 ) ) ;
#1919 = CARTESIAN_POINT ( 'NONE',  ( 0.000000000000000000, 0.000000000000000000, -0.5000000000000061062 ) ) ;
#1920 = CARTESIAN_POINT ( 'NONE',  ( 0.2941653243699864917, 0.4048838341099985083, -0.4443749998599964557 ) ) ;
#1921 = ORIENTED_EDGE ( 'NONE', *, *, #1955, .F. ) ;
#1922 = EDGE_LOOP ( 'NONE', ( #327, #6989, #3599, #3605 ) ) ;
#1923 = CARTESIAN_POINT ( 'NONE',  ( 0.07021721299999761357, 0.4481380910000016815, -0.04638740300000260275 ) ) ;
#1924 =( BOUNDED_CURVE ( )  B_SPLINE_CURVE ( 2, ( #3507, #4635, #6474, #1337, #3626 ),
 .UNSPECIFIED., .F., .F. ) 
 B_SPLINE_CURVE_WITH_KNOTS ( ( 3, 2, 3 ),
 ( 0.000000000000000000, 0.006229585696011366754, 0.007153277825534469329 ),
 .UNSPECIFIED. ) 
 CURVE ( )  GEOMETRIC_REPRESENTATION_ITEM ( )  RATIONAL_B_SPLINE_CURVE ( ( 0.9831665003063525532, 0.9618563493446392609, 1.000000000000000000, 0.9943442482982136621, 0.9899956175813233727 ) ) 
 REPRESENTATION_ITEM ( '' )  );
#1925 = CARTESIAN_POINT ( 'NONE',  ( 0.3302575762368550882, -0.3320228860799064874, -0.1969366629193738116 ) ) ;
#1926 = ORIENTED_EDGE ( 'NONE', *, *, #6374, .T. ) ;
#1927 = CARTESIAN_POINT ( 'NONE',  ( 0.7183846773016889786, -0.4512658170749289654, -0.4435511427288742481 ) ) ;
#1928 = CARTESIAN_POINT ( 'NONE',  ( -0.7500000000000177636, -0.09343806964297676765, -0.4966657762824694955 ) ) ;
#1929 = CARTESIAN_POINT ( 'NONE',  ( 0.7500000000000008882, 0.2838731028136302070, -0.02997779364068338739 ) ) ;
#1930 = CARTESIAN_POINT ( 'NONE',  ( 0.4830452400235113464, 0.1301317551910969039, -0.3719920339838815315 ) ) ;
#1931 = EDGE_LOOP ( 'NONE', ( #7100, #1375, #2654, #3651, #2771 ) ) ;
#1932 = CARTESIAN_POINT ( 'NONE',  ( 0.2938926259999944945, -0.4045084969999961366, -0.2517857139999964966 ) ) ;
#1933 = B_SPLINE_CURVE_WITH_KNOTS ( 'NONE', 3,
 ( #2055, #4128, #5244, #2994 ),
 .UNSPECIFIED., .F., .F.,
 ( 4, 4 ),
 ( 0.000000000000000000, 1.000000000000000000 ),
 .UNSPECIFIED. ) ;
#1934 = EDGE_CURVE ( 'NONE', #1506, #4663, #2505, .T. ) ;
#1935 = CARTESIAN_POINT ( 'NONE',  ( 0.4735180999934265333, -0.1613937253529612315, -0.3787305796137824809 ) ) ;
#1936 = CARTESIAN_POINT ( 'NONE',  ( 0.000000000000000000, -0.4536057820000032326, -0.2946428570000044767 ) ) ;
#1937 = CARTESIAN_POINT ( 'NONE',  ( 0.1241830692253773349, 0.4550914017068674600, -0.02826954851682366571 ) ) ;
#1938 = CARTESIAN_POINT ( 'NONE',  ( 0.4314047349999962089, -0.1401718949999970765, -0.1285714289999977111 ) ) ;
#1939 = CARTESIAN_POINT ( 'NONE',  ( 0.5507532979999987255, -0.2374086559999970814, -0.2410000000000021569 ) ) ;
#1940 = CARTESIAN_POINT ( 'NONE',  ( -0.4253254040000215563, 0.3090169940000098703, -0.2749999999999996891 ) ) ;
#1941 = VECTOR ( 'NONE', #3974, 39.37007874015748143 ) ;
#1942 = CARTESIAN_POINT ( 'NONE',  ( 0.3805997924570566626, -0.3276692899275176485, -0.03487053727543715231 ) ) ;
#1943 = EDGE_CURVE ( 'NONE', #6596, #6682, #6171, .T. ) ;
#1944 = ORIENTED_EDGE ( 'NONE', *, *, #4563, .T. ) ;
#1945 = CARTESIAN_POINT ( 'NONE',  ( -0.5000000000000061062, 1.009571254242269478E-08, -0.4107142860542906115 ) ) ;
#1946 = B_SPLINE_CURVE_WITH_KNOTS ( 'NONE', 3,
 ( #5977, #3100, #5421, #768 ),
 .UNSPECIFIED., .F., .F.,
 ( 4, 4 ),
 ( 0.000000000000000000, 1.000000000000000000 ),
 .UNSPECIFIED. ) ;
#1947 = CARTESIAN_POINT ( 'NONE',  ( -0.4755282580000025905, 0.1545084969999996061, -0.05714285700000024115 ) ) ;
#1948 = CARTESIAN_POINT ( 'NONE',  ( 0.3302575699005841359, -0.3320228920587147137, -0.07996090764003302431 ) ) ;
#1949 = DIRECTION ( 'NONE',  ( -1.000000000000000000, 8.326672684688662220E-16, 0.000000000000000000 ) ) ;
#1950 = ORIENTED_EDGE ( 'NONE', *, *, #6697, .T. ) ;
#1951 = CARTESIAN_POINT ( 'NONE',  ( -0.08400907364947864109, 0.4934488071215768490, -0.007033087451049935615 ) ) ;
#1952 = CARTESIAN_POINT ( 'NONE',  ( 0.2666227890000034129, -0.3669747859999954454, -0.3500000000000025313 ) ) ;
#1953 = EDGE_LOOP ( 'NONE', ( #1079, #6902, #5968, #6111, #5973 ) ) ;
#1954 = ORIENTED_EDGE ( 'NONE', *, *, #2803, .T. ) ;
#1955 = EDGE_CURVE ( 'NONE', #5432, #6045, #2237, .T. ) ;
#1956 = CARTESIAN_POINT ( 'NONE',  ( -0.4365652530000151410, -0.2744242959999939613, -0.04722817400000080268 ) ) ;
#1957 = EDGE_CURVE ( 'NONE', #6571, #2915, #1976, .T. ) ;
#1958 = CARTESIAN_POINT ( 'NONE',  ( 0.06547043242983824340, -0.4967633156756747770, -0.3199661858027571526 ) ) ;
#1959 = AXIS2_PLACEMENT_3D ( 'NONE', #4660, #2258, #6877 ) ;
#1960 = CARTESIAN_POINT ( 'NONE',  ( -0.2938926260000119806, 0.4045084969999983016, -0.2160714289999983440 ) ) ;
#1961 = ORIENTED_EDGE ( 'NONE', *, *, #7349, .F. ) ;
#1962 = CARTESIAN_POINT ( 'NONE',  ( 0.3794417733969353557, -0.3264655908308596310, -0.09738188002528104514 ) ) ;
#1963 = CC_DESIGN_APPROVAL ( #6981, ( #6086 ) ) ;
#1964 = ORIENTED_EDGE ( 'NONE', *, *, #3290, .T. ) ;
#1965 = CARTESIAN_POINT ( 'NONE',  ( 0.3133492190000168875, -0.3279793779999911063, -0.06278212500000240892 ) ) ;
#1966 = EDGE_CURVE ( 'NONE', #4091, #2613, #697, .T. ) ;
#1967 = CARTESIAN_POINT ( 'NONE',  ( 0.7499999999540267748, -0.4330127018448935994, -0.4330127019932962784 ) ) ;
#1968 = CARTESIAN_POINT ( 'NONE',  ( -0.7500000000000176525, -0.04544286692646893472, -0.4994263701131138600 ) ) ;
#1969 = CARTESIAN_POINT ( 'NONE',  ( -1.748382715945128460E-14, -0.8660254038962383882, -0.06698729803471893673 ) ) ;
#1970 = CARTESIAN_POINT ( 'NONE',  ( 0.4428920537260753187, 0.2321675771036008640, -0.1552467818753487383 ) ) ;
#1971 = VERTEX_POINT ( 'NONE', #4038 ) ;
#1972 = DIRECTION ( 'NONE',  ( 1.000000000000000000, -8.326672684688663206E-16, 0.000000000000000000 ) ) ;
#1973 = CARTESIAN_POINT ( 'NONE',  ( -0.4735185936402278029, -0.1613911989404134550, -0.4069837650208870117 ) ) ;
#1974 = CARTESIAN_POINT ( 'NONE',  ( 0.4314047349999962089, 0.1401718950000036545, -0.2732142859999985851 ) ) ;
#1975 = CARTESIAN_POINT ( 'NONE',  ( 0.09365116031016038067, 0.4933914080757405007, 7.519120079040421156E-50 ) ) ;
#1976 = B_SPLINE_CURVE_WITH_KNOTS ( 'NONE', 3,
 ( #3289, #1029, #5013, #1672, #7348, #5575, #3322, #6244, #3399, #5682, #7309, #4565, #2835, #6282, #5118, #7420, #1211, #4195, #12, #6932, #3632, #4077, #132, #736, #6481, #1171, #4723, #4681, #3027, #2309, #1343, #1789, #2985, #2385, #1830, #5795 ),
 .UNSPECIFIED., .F., .F.,
 ( 4, 2, 2, 2, 2, 2, 2, 2, 2, 2, 2, 2, 2, 2, 2, 2, 2, 4 ),
 ( 4.839994505899120238E-11, 0.001785427349439328189, 0.003570854650478711301, 0.005356281951518093547, 0.006248995602037785320, 0.007141709252557477093, 0.01071256385463625199, 0.01428341845671502949, 0.01517613210723472127, 0.01606884575775441651, 0.01785427305879380699, 0.01963970035983319748, 0.02142512766087258103, 0.02231784131139227800, 0.02321055496191197151, 0.02499598226295135853, 0.02678140956399074554, 0.02856683686503012909 ),
 .UNSPECIFIED. ) ;
#1977 = EDGE_CURVE ( 'NONE', #4777, #1506, #164, .T. ) ;
#1978 = LINE ( 'NONE', #7161, #599 ) ;
#1979 = CARTESIAN_POINT ( 'NONE',  ( 0.1208070584961569716, -0.4492439696390068127, -0.2269251552922358361 ) ) ;
#1980 = CARTESIAN_POINT ( 'NONE',  ( 0.5257311119999773519, 6.893843922477773550E-15, -0.3035714290000043891 ) ) ;
#1981 = CARTESIAN_POINT ( 'NONE',  ( 0.4021898788621834364, 0.2855620730089591941, -0.006874305773957909739 ) ) ;
#1982 = VERTEX_POINT ( 'NONE', #3550 ) ;
#1983 = CARTESIAN_POINT ( 'NONE',  ( -0.4246146838035529947, 0.2645230838586620226, -0.4170347522054490552 ) ) ;
#1984 = CARTESIAN_POINT ( 'NONE',  ( -0.4857860370000004480, 0.1183719840000072993, -0.05630756999999696893 ) ) ;
#1985 = EDGE_CURVE ( 'NONE', #2849, #2202, #6079, .T. ) ;
#1986 = CARTESIAN_POINT ( 'NONE',  ( 0.4365652529999788922, 0.2744242960000076170, -0.1543710310000006025 ) ) ;
#1987 = CARTESIAN_POINT ( 'NONE',  ( 0.3981920380000050219, 0.2423900660000098961, -0.05632416299999859488 ) ) ;
#1988 = ORIENTED_EDGE ( 'NONE', *, *, #5146, .F. ) ;
#1989 = CARTESIAN_POINT ( 'NONE',  ( -0.4890959723253472946, -0.1049371190959552252, -0.2654315452701871969 ) ) ;
#1990 = CARTESIAN_POINT ( 'NONE',  ( -1.748382715945128460E-14, 0.4531418398199995035, -0.2586607138499977254 ) ) ;
#1991 = CARTESIAN_POINT ( 'NONE',  ( -0.4459337058630362116, 0.2264516766588646479, -0.2017413121269670817 ) ) ;
#1992 = VERTEX_POINT ( 'NONE', #1259 ) ;
#1993 = APPROVAL_STATUS ( 'not_yet_approved' ) ;
#1994 =( BOUNDED_CURVE ( )  B_SPLINE_CURVE ( 2, ( #6333, #712, #106, #3001, #5295 ),
 .UNSPECIFIED., .F., .T. ) 
 B_SPLINE_CURVE_WITH_KNOTS ( ( 3, 2, 3 ),
 ( 0.000000000000000000, 0.9080263995366277818, 1.000000000000000000 ),
 .UNSPECIFIED. ) 
 CURVE ( )  GEOMETRIC_REPRESENTATION_ITEM ( )  RATIONAL_B_SPLINE_CURVE ( ( 0.9811209763602664058, 0.9638293882724862094, 1.000000000000000000, 0.9963362944147485800, 0.9932210883476901842 ) ) 
 REPRESENTATION_ITEM ( '' )  );
#1995 = CARTESIAN_POINT ( 'NONE',  ( -0.4853864425961370577, 0.1200000056546913080, -0.1277737725987088679 ) ) ;
#1996 = CARTESIAN_POINT ( 'NONE',  ( 0.000000000000000000, -0.8660254039999982778, -0.5029669550000008815 ) ) ;
#1997 = CARTESIAN_POINT ( 'NONE',  ( -0.2938926260000032653, -0.4045084969999983016, -0.4803571430000024289 ) ) ;
#1998 = CARTESIAN_POINT ( 'NONE',  ( -0.1624598480000143952, -0.4999999999999896749, -0.3339285710000023943 ) ) ;
#1999 = EDGE_LOOP ( 'NONE', ( #5302, #1787, #2442, #1855 ) ) ;
#2000 = CARTESIAN_POINT ( 'NONE',  ( -0.4755282580000375625, -0.1545084969999974134, -0.05000000000000411060 ) ) ;
#2001 = ORIENTED_EDGE ( 'NONE', *, *, #1082, .T. ) ;
#2002 = CARTESIAN_POINT ( 'NONE',  ( 0.3301733066225240876, -0.3318769210392802926, -0.2227230854944331762 ) ) ;
#2003 = CARTESIAN_POINT ( 'NONE',  ( -0.2910504733356203966, -0.4068858147084946086, -0.4713491099761107361 ) ) ;
#2004 = CARTESIAN_POINT ( 'NONE',  ( 0.1303964215009648653, 0.4658532543167390183, -0.1365686812412748030 ) ) ;
#2005 = LINE ( 'NONE', #3614, #3159 ) ;
#2006 = EDGE_LOOP ( 'NONE', ( #2924, #3880, #6290, #6394, #4074, #3528, #4115, #4483, #7379, #3160, #7005, #6790, #3520, #6909, #208, #5663, #5932, #1419 ) ) ;
#2007 = CARTESIAN_POINT ( 'NONE',  ( -0.4591277023137157465, 0.1980129131014015109, -0.1296036296579992086 ) ) ;
#2008 = CARTESIAN_POINT ( 'NONE',  ( 0.4331248424023681487, -0.2503402346238482457, -0.3809396205769693955 ) ) ;
#2009 = CARTESIAN_POINT ( 'NONE',  ( -0.1473854530000156260, -0.4536057819999870788, -0.4321428570000003799 ) ) ;
#2010 = EDGE_CURVE ( 'NONE', #6069, #2546, #3367, .T. ) ;
#2011 = CYLINDRICAL_SURFACE ( 'NONE', #6237, 0.5000000000000007772 ) ;
#2012 = B_SPLINE_CURVE_WITH_KNOTS ( 'NONE', 3,
 ( #6954, #72, #1194, #3382 ),
 .UNSPECIFIED., .F., .F.,
 ( 4, 4 ),
 ( 0.000000000000000000, 1.000000000000000000 ),
 .UNSPECIFIED. ) ;
#2013 = CARTESIAN_POINT ( 'NONE',  ( 0.3218282710788961665, -0.3196656399984841856, -0.1339123428407790195 ) ) ;
#2014 = CARTESIAN_POINT ( 'NONE',  ( 0.3804430020997782158, 0.3278201017224838254, 1.066472129148686526E-48 ) ) ;
#2015 = CARTESIAN_POINT ( 'NONE',  ( 0.2938926260000032653, 0.4045084970000005220, -0.2928571430000023179 ) ) ;
#2016 = CARTESIAN_POINT ( 'NONE',  ( 0.4703000743658657390, 0.1422185430615445223, -0.009197600143578165202 ) ) ;
#2017 = ORIENTED_EDGE ( 'NONE', *, *, #313, .F. ) ;
#2018 = CARTESIAN_POINT ( 'NONE',  ( -0.3971843302969123024, 0.3054913650978460238, -0.4181735521091004548 ) ) ;
#2019 = CARTESIAN_POINT ( 'NONE',  ( 0.4526480700853827144, -0.1199999977990077321, -0.07392337705102994261 ) ) ;
#2020 = CARTESIAN_POINT ( 'NONE',  ( -0.1316733827941744539, 0.4680650062715867032, -0.01376679489225605089 ) ) ;
#2021 = EDGE_CURVE ( 'NONE', #5677, #954, #6025, .T. ) ;
#2022 = CARTESIAN_POINT ( 'NONE',  ( 0.4366738999999956183, 0.1239550730000107820, -0.1307703299999970203 ) ) ;
#2023 = CARTESIAN_POINT ( 'NONE',  ( -0.7500000000000175415, 0.2506063153928973497, -0.4765107133446586096 ) ) ;
#2024 = VERTEX_POINT ( 'NONE', #2583 ) ;
#2025 = CARTESIAN_POINT ( 'NONE',  ( -0.4740919286159721580, 0.5811513081957879745, 2.670654598606183588E-11 ) ) ;
#2026 = CARTESIAN_POINT ( 'NONE',  ( -0.1472347090500106814, -0.4531418398199897335, -0.3693749998600022733 ) ) ;
#2027 = CARTESIAN_POINT ( 'NONE',  ( -0.4326963497390372004, 0.2505474099366820639, -0.2023783316724022396 ) ) ;
#2028 = EDGE_CURVE ( 'NONE', #1010, #5352, #509, .T. ) ;
#2029 = ORIENTED_EDGE ( 'NONE', *, *, #5064, .T. ) ;
#2030 = PERSON_AND_ORGANIZATION_ROLE ( 'creator' ) ;
#2031 = CARTESIAN_POINT ( 'NONE',  ( 0.000000000000000000, 0.000000000000000000, -0.2264971039999967573 ) ) ;
#2032 = CARTESIAN_POINT ( 'NONE',  ( 0.4314047349999962089, 0.1401718950000036545, -0.2732142859999985851 ) ) ;
#2033 = CARTESIAN_POINT ( 'NONE',  ( 0.2938926260000032653, 0.4045084970000005220, -0.3732142859999980633 ) ) ;
#2034 = ORIENTED_EDGE ( 'NONE', *, *, #1317, .F. ) ;
#2035 = ORIENTED_EDGE ( 'NONE', *, *, #3991, .T. ) ;
#2036 = ADVANCED_FACE ( 'NONE', ( #7135 ), #2115, .T. ) ;
#2037 =( BOUNDED_CURVE ( )  B_SPLINE_CURVE ( 2, ( #741, #782, #4768, #1909, #5281 ),
 .UNSPECIFIED., .F., .F. ) 
 B_SPLINE_CURVE_WITH_KNOTS ( ( 3, 2, 3 ),
 ( 4.424535552298693546E-11, 0.003576633885841347827, 0.007153267341810248120 ),
 .UNSPECIFIED. ) 
 CURVE ( )  GEOMETRIC_REPRESENTATION_ITEM ( )  RATIONAL_B_SPLINE_CURVE ( ( 0.9757927090634004319, 0.9780721871058355443, 1.000000000000000000, 0.9780721894700586949, 0.9757927095549403518 ) ) 
 REPRESENTATION_ITEM ( '' )  );
#2038 = CARTESIAN_POINT ( 'NONE',  ( -0.7403377607084236089, 0.1200000001357191121, 0.000000000000000000 ) ) ;
#2039 = CARTESIAN_POINT ( 'NONE',  ( 0.7500000000000009992, 0.2036258912754237149, -0.4843368411750501590 ) ) ;
#2040 = CARTESIAN_POINT ( 'NONE',  ( -0.7500000000000176525, -0.3181530293251855213, -0.4626532866152998080 ) ) ;
#2041 = CARTESIAN_POINT ( 'NONE',  ( 0.1147994959999703718, -0.4388385589999939662, -0.2203162080000006517 ) ) ;
#2042 = CARTESIAN_POINT ( 'NONE',  ( -0.4314047350000136949, 0.1401718949999970765, -0.1017857140000016369 ) ) ;
#2043 = ORIENTED_EDGE ( 'NONE', *, *, #2735, .F. ) ;
#2044 = CARTESIAN_POINT ( 'NONE',  ( -0.2666227890000034129, 0.3669747860000008854, -0.4571428569999981817 ) ) ;
#2045 = DIRECTION ( 'NONE',  ( -6.162975822039154730E-33, 0.000000000000000000, 1.000000000000000000 ) ) ;
#2046 = EDGE_CURVE ( 'NONE', #7252, #1596, #7169, .T. ) ;
#2047 = DIRECTION ( 'NONE',  ( -6.162975822039154730E-33, 0.000000000000000000, 1.000000000000000000 ) ) ;
#2048 = ADVANCED_FACE ( 'NONE', ( #1416 ), #3746, .T. ) ;
#2049 = CARTESIAN_POINT ( 'NONE',  ( -0.3306411863208488233, -0.3326873403765164827, -0.2409999998931584841 ) ) ;
#2050 = CARTESIAN_POINT ( 'NONE',  ( 0.000000000000000000, 0.5000000000000028866, -0.3571428569999987035 ) ) ;
#2051 = CARTESIAN_POINT ( 'NONE',  ( 0.4366738999999868476, -0.1239550729999909923, -0.1281582410000007555 ) ) ;
#2052 = B_SPLINE_CURVE_WITH_KNOTS ( 'NONE', 3,
 ( #6269, #527, #5106, #6228 ),
 .UNSPECIFIED., .F., .F.,
 ( 4, 4 ),
 ( 0.000000000000000000, 1.000000000000000000 ),
 .UNSPECIFIED. ) ;
#2053 = AXIS2_PLACEMENT_3D ( 'NONE', #1371, #3581, #3173 ) ;
#2054 = CARTESIAN_POINT ( 'NONE',  ( -0.4555280524226554273, 0.2067824712858228331, -0.2726778405277446304 ) ) ;
#2055 = CARTESIAN_POINT ( 'NONE',  ( -0.2710769513899751182, 0.7095190528761541326, -0.2410000000405034537 ) ) ;
#2056 = CARTESIAN_POINT ( 'NONE',  ( -0.03319726648883495473, 0.4540242534924617823, -0.04477100107552510477 ) ) ;
#2057 = CARTESIAN_POINT ( 'NONE',  ( 0.4999999999999799050, 7.590804625288109607E-09, -0.4464285711580115446 ) ) ;
#2058 = B_SPLINE_CURVE_WITH_KNOTS ( 'NONE', 3,
 ( #5674, #534, #4554, #5148, #7304, #2, #2301, #6695, #3846, #6125 ),
 .UNSPECIFIED., .F., .F.,
 ( 4, 2, 2, 2, 4 ),
 ( 0.000000000000000000, 0.002273876811791593344, 0.004547753623583186688, 0.006821630435374778298, 0.009095507247166371642 ),
 .UNSPECIFIED. ) ;
#2059 = CARTESIAN_POINT ( 'NONE',  ( 0.4346590749999867942, 0.1301560659999993763, -0.05025519300000235584 ) ) ;
#2060 = ORIENTED_EDGE ( 'NONE', *, *, #6923, .T. ) ;
#2061 = CARTESIAN_POINT ( 'NONE',  ( -0.7403377607141232719, -0.1199999999476871054, 1.411819043125691238E-11 ) ) ;
#2062 = CARTESIAN_POINT ( 'NONE',  ( 0.2663500906300027005, -0.3665994488900006787, -0.2872321428599967086 ) ) ;
#2063 = CARTESIAN_POINT ( 'NONE',  ( -0.4428920515162318994, 0.2321675812669572181, -0.06796750398815018523 ) ) ;
#2064 = APPROVAL_DATE_TIME ( #321, #3428 ) ;
#2065 = CARTESIAN_POINT ( 'NONE',  ( 0.3218282710788961665, -0.3196656399984841856, -0.07141234284078198935 ) ) ;
#2066 = EDGE_CURVE ( 'NONE', #7068, #5328, #1053, .T. ) ;
#2067 = CARTESIAN_POINT ( 'NONE',  ( 0.3463378102957042626, -0.3598747005093257401, -0.2410000001971935035 ) ) ;
#2068 = CARTESIAN_POINT ( 'NONE',  ( 0.4755282579999763892, -0.1545084969999952484, -0.3160714289999978499 ) ) ;
#2069 = CARTESIAN_POINT ( 'NONE',  ( 0.3466162750021334338, -0.3603569866837849633, -0.1788151679822800322 ) ) ;
#2070 = VERTEX_POINT ( 'NONE', #4936 ) ;
#2071 = ORIENTED_EDGE ( 'NONE', *, *, #4385, .T. ) ;
#2072 = CARTESIAN_POINT ( 'NONE',  ( -0.3542420343006282279, 0.3528634026973000992, -0.4999999999007592177 ) ) ;
#2073 = CARTESIAN_POINT ( 'NONE',  ( 0.7500000000000009992, 0.2953545522036686855, -0.4676766425464366495 ) ) ;
#2074 = CARTESIAN_POINT ( 'NONE',  ( -0.7500000000000175415, -0.3607803772517130247, -0.4528544370143219311 ) ) ;
#2075 = CARTESIAN_POINT ( 'NONE',  ( 0.2720024748640659795, -0.7089847018778968613, -0.4945911616861505822 ) ) ;
#2076 = CARTESIAN_POINT ( 'NONE',  ( 0.4346590777183238496, -0.1301560582231587326, -0.05688766436421240080 ) ) ;
#2077 = ADVANCED_FACE ( 'NONE', ( #4307 ), #2154, .T. ) ;
#2078 = VERTEX_POINT ( 'NONE', #4341 ) ;
#2079 =( BOUNDED_SURFACE ( )  B_SPLINE_SURFACE ( 1, 2, ( 
 ( #4839, #6092, #3246, #2022, #1451 ),
 ( #7136, #1986, #3777, #6060, #1057 ) ),
 .UNSPECIFIED., .F., .F., .F. ) 
 B_SPLINE_SURFACE_WITH_KNOTS ( ( 2, 2 ),
 ( 3, 2, 3 ),
 ( 0.000000000000000000, 0.9230769230769279021 ),
 ( 0.1515377848744910716, 0.1571428571428570287, 0.1580066158045420055 ),
 .UNSPECIFIED. ) 
 GEOMETRIC_REPRESENTATION_ITEM ( )  RATIONAL_B_SPLINE_SURFACE ( (
 ( 0.9834629611452947451, 0.9615935531476199616, 1.000000000000000000, 0.9940814498823647982, 0.9895943154647740547),
 ( 0.9834629611452947451, 0.9615935531476199616, 1.000000000000000000, 0.9940814498823647982, 0.9895943154647740547) ) ) 
 REPRESENTATION_ITEM ( '' )  SURFACE ( )  );
#2080 = CARTESIAN_POINT ( 'NONE',  ( -0.3858601250000029403, -0.2803437909999825228, -0.4392857139999962746 ) ) ;
#2081 = CARTESIAN_POINT ( 'NONE',  ( -0.1319054098575602740, -0.7898697800922168666, -0.02933382589591749731 ) ) ;
#2082 = CARTESIAN_POINT ( 'NONE',  ( 0.07120955799999444114, 0.5000000000000131006, -0.001565432000003705217 ) ) ;
#2083 = AXIS2_PLACEMENT_3D ( 'NONE', #6868, #5133, #4540 ) ;
#2084 = CARTESIAN_POINT ( 'NONE',  ( 0.3466162680600662349, 0.3603569934019215104, -0.01761340334215701076 ) ) ;
#2085 = CARTESIAN_POINT ( 'NONE',  ( 0.4755282579999763892, -0.1545084969999952484, -0.4500000000000020095 ) ) ;
#2086 = CARTESIAN_POINT ( 'NONE',  ( -0.4644209730000398162, 0.03855836400000411252, -0.2330359972899981591 ) ) ;
#2087 = CARTESIAN_POINT ( 'NONE',  ( 0.3297653371675066114, 0.3762001351753120892, -0.2938739016232356227 ) ) ;
#2088 = DIRECTION ( 'NONE',  ( -1.000000000000000000, 8.326672684688663206E-16, 0.000000000000000000 ) ) ;
#2089 = CARTESIAN_POINT ( 'NONE',  ( -0.3178620000000061396, 0.3327028590000110086, -0.03976807999999912996 ) ) ;
#2090 = PLANE ( 'NONE',  #1354 ) ;
#2091 = CARTESIAN_POINT ( 'NONE',  ( -0.7499999999070214862, -7.690917019603126664E-11, -0.5000000000241863196 ) ) ;
#2092 = ORIENTED_EDGE ( 'NONE', *, *, #1113, .F. ) ;
#2093 = CARTESIAN_POINT ( 'NONE',  ( 0.1768713951299918652, -0.4686606569434755842, -0.2458879032874505821 ) ) ;
#2094 = CARTESIAN_POINT ( 'NONE',  ( 0.3854654722099819519, -0.2800570589699883373, -0.2122321428600015270 ) ) ;
#2095 = FACE_OUTER_BOUND ( 'NONE', #3042, .T. ) ;
#2096 = EDGE_CURVE ( 'NONE', #1256, #2570, #6158, .T. ) ;
#2097 = PLANE ( 'NONE',  #5995 ) ;
#2098 = B_SPLINE_CURVE_WITH_KNOTS ( 'NONE', 3,
 ( #4371, #5487, #6191, #3870 ),
 .UNSPECIFIED., .F., .F.,
 ( 4, 4 ),
 ( 0.000000000000000000, 1.000000000000000000 ),
 .UNSPECIFIED. ) ;
#2099 = CARTESIAN_POINT ( 'NONE',  ( -0.7499999999775337489, -0.1200000002193081922, -0.005507537017793271913 ) ) ;
#2100 = CARTESIAN_POINT ( 'NONE',  ( -0.1473854529999972240, 0.4536057820000077290, -0.2464285710000041763 ) ) ;
#2101 = VERTEX_POINT ( 'NONE', #3146 ) ;
#2102 = EDGE_CURVE ( 'NONE', #1473, #3560, #951, .T. ) ;
#2103 = CARTESIAN_POINT ( 'NONE',  ( -0.4853864425567547825, -0.1200000058139755327, -0.1222262274049658037 ) ) ;
#2104 = ORIENTED_EDGE ( 'NONE', *, *, #2282, .F. ) ;
#2105 = CARTESIAN_POINT ( 'NONE',  ( -0.4374450855289487849, 0.1200000099175412283, -0.1637717562763540968 ) ) ;
#2106 = CARTESIAN_POINT ( 'NONE',  ( 0.3226455944191681247, 0.3188385575656845772, -0.1964740882642868058 ) ) ;
#2107 = CARTESIAN_POINT ( 'NONE',  ( 0.2777481775192650604, -0.7056674189024082500, -0.4951750429672143738 ) ) ;
#2108 = ORIENTED_EDGE ( 'NONE', *, *, #737, .T. ) ;
#2109 = CC_DESIGN_DATE_AND_TIME_ASSIGNMENT ( #1492, #6601, ( #6086 ) ) ;
#2110 = ORIENTED_EDGE ( 'NONE', *, *, #5874, .T. ) ;
#2111 = CARTESIAN_POINT ( 'NONE',  ( -0.3858601250000029403, 0.2803437910000101119, -0.3910714290000025239 ) ) ;
#2112 = ADVANCED_FACE ( 'NONE', ( #3672 ), #5264, .T. ) ;
#2113 = CARTESIAN_POINT ( 'NONE',  ( -0.09651038431542043050, -0.8103051076220316729, -0.03804194102574267461 ) ) ;
#2114 = CARTESIAN_POINT ( 'NONE',  ( -0.4789230484372851149, -0.5895190528728760926, -0.005507537013317412126 ) ) ;
#2115 =( BOUNDED_SURFACE ( )  B_SPLINE_SURFACE ( 1, 2, ( 
 ( #2652, #6659, #240, #6560, #2089 ),
 ( #1984, #1519, #1947, #1484, #4274 ) ),
 .UNSPECIFIED., .F., .F., .T. ) 
 B_SPLINE_SURFACE_WITH_KNOTS ( ( 2, 2 ),
 ( 3, 2, 3 ),
 ( 0.1299775225875390017, 0.9230769230769308997 ),
 ( 0.05627909848117201158, 0.05714285714285712026, 0.06274792941122361856 ),
 .UNSPECIFIED. ) 
 GEOMETRIC_REPRESENTATION_ITEM ( )  RATIONAL_B_SPLINE_SURFACE ( (
 ( 0.9895943154647730555, 0.9940814498823647982, 1.000000000000000000, 0.9615935531476199616, 0.9834629611452947451),
 ( 0.9895943154647730555, 0.9940814498823647982, 1.000000000000000000, 0.9615935531476199616, 0.9834629611452947451) ) ) 
 REPRESENTATION_ITEM ( '' )  SURFACE ( )  );
#2116 = CARTESIAN_POINT ( 'NONE',  ( 0.09061018572571195862, -0.7458930000879536726, 2.937830053939926197E-50 ) ) ;
#2117 = PRODUCT_DEFINITION_SHAPE ( 'NONE', 'NONE',  #6086 ) ;
#2118 = CARTESIAN_POINT ( 'NONE',  ( -0.3302575740808960103, 0.3320228879006937861, -0.1871037644963794710 ) ) ;
#2119 = CARTESIAN_POINT ( 'NONE',  ( -0.1387701810448538631, -0.4803569890698923261, -0.1192623835941950261 ) ) ;
#2120 = CARTESIAN_POINT ( 'NONE',  ( -0.1292126220000278380, 0.4832942429444077037, -0.2827544193014675522 ) ) ;
#2121 = CARTESIAN_POINT ( 'NONE',  ( 0.7403377607281104167, -0.1200000000142403961, 0.000000000000000000 ) ) ;
#2122 = CYLINDRICAL_SURFACE ( 'NONE', #4549, 0.5000000000000007772 ) ;
#2123 = FACE_OUTER_BOUND ( 'NONE', #3858, .T. ) ;
#2124 = CARTESIAN_POINT ( 'NONE',  ( -0.7500000000000176525, 0.2817641980358222553, -0.4706278094921417243 ) ) ;
#2125 = ORIENTED_EDGE ( 'NONE', *, *, #4125, .F. ) ;
#2126 = CARTESIAN_POINT ( 'NONE',  ( 0.04477135405616702174, -0.4982222246166341795, -0.2490030725110264909 ) ) ;
#2127 = CARTESIAN_POINT ( 'NONE',  ( -0.2663500906300201865, 0.3665994488900039538, -0.3229464288599998012 ) ) ;
#2128 = LINE ( 'NONE', #2658, #2411 ) ;
#2129 = APPROVAL_DATE_TIME ( #1425, #6314 ) ;
#2130 = CARTESIAN_POINT ( 'NONE',  ( 0.2678503414629626600, -0.7039433441340746667, -0.001835845789373150190 ) ) ;
#2131 = CARTESIAN_POINT ( 'NONE',  ( -0.1147995110840740879, -0.4388385552117798905, -0.07432664949236660046 ) ) ;
#2132 = CARTESIAN_POINT ( 'NONE',  ( 0.1624598479999960488, -0.4999999999999920064, -0.3267857139999973404 ) ) ;
#2133 = ADVANCED_FACE ( 'NONE', ( #3281 ), #5027, .F. ) ;
#2134 = FACE_OUTER_BOUND ( 'NONE', #1564, .T. ) ;
#2135 = CARTESIAN_POINT ( 'NONE',  ( -0.1387701733659394976, 0.4803569911888360133, -0.1473214285000022383 ) ) ;
#2136 = CARTESIAN_POINT ( 'NONE',  ( -0.03297406389089024836, -0.5000013630400815812, -0.3935820366348550814 ) ) ;
#2137 = B_SPLINE_CURVE_WITH_KNOTS ( 'NONE', 3,
 ( #3906, #4058, #1086, #2894 ),
 .UNSPECIFIED., .F., .F.,
 ( 4, 4 ),
 ( 0.000000000000000000, 1.000000000000000000 ),
 .UNSPECIFIED. ) ;
#2138 = ORIENTED_EDGE ( 'NONE', *, *, #4039, .T. ) ;
#2139 = CARTESIAN_POINT ( 'NONE',  ( -0.2662458319907479720, 0.7011513081967931660, 0.000000000000000000 ) ) ;
#2140 = ORIENTED_EDGE ( 'NONE', *, *, #3320, .F. ) ;
#2141 = CARTESIAN_POINT ( 'NONE',  ( 0.7500000000000009992, 0.2174880212828480541, -0.4821616912864097881 ) ) ;
#2142 = CARTESIAN_POINT ( 'NONE',  ( 0.3981920383112643735, 0.2423900634029887979, -0.1991813056548861760 ) ) ;
#2143 = LINE ( 'NONE', #6613, #3952 ) ;
#2144 = CARTESIAN_POINT ( 'NONE',  ( -0.3466162643506450203, 0.3603569969699073616, -0.2056008822779576140 ) ) ;
#2145 = ORIENTED_EDGE ( 'NONE', *, *, #2904, .T. ) ;
#2146 = CARTESIAN_POINT ( 'NONE',  ( 0.3858601249999938365, -0.2803437909999871303, -0.4982142860000017826 ) ) ;
#2147 = CARTESIAN_POINT ( 'NONE',  ( -0.1303964333015908139, -0.4658532510136489946, -0.1285560852993308523 ) ) ;
#2148 = CARTESIAN_POINT ( 'NONE',  ( -0.2710769513899751182, 0.7095190528761541326, -0.2410000000405034537 ) ) ;
#2149 = EDGE_CURVE ( 'NONE', #1612, #6850, #5981, .T. ) ;
#2150 = CARTESIAN_POINT ( 'NONE',  ( -0.6167463999177289491, 0.5099467038971537969, -0.02901950926463620073 ) ) ;
#2151 = CARTESIAN_POINT ( 'NONE',  ( -0.1159327453189060442, -0.4385421027049152820, -0.1547135869033511579 ) ) ;
#2152 = CARTESIAN_POINT ( 'NONE',  ( 0.1473854529999788499, 0.4536057820000122809, -0.3249107142900012901 ) ) ;
#2153 = CARTESIAN_POINT ( 'NONE',  ( 0.000000000000000000, 0.000000000000000000, -0.4999999999999973910 ) ) ;
#2154 = CONICAL_SURFACE ( 'NONE', #6823, 0.7500000000000011102, 1.047197549762621138 ) ;
#2155 = CARTESIAN_POINT ( 'NONE',  ( -0.1229995465741879485, 0.7950115826575325784, -0.4702733897132237439 ) ) ;
#2156 =( BOUNDED_CURVE ( )  B_SPLINE_CURVE ( 2, ( #6323, #3515, #1751, #5319, #170 ),
 .UNSPECIFIED., .F., .F. ) 
 B_SPLINE_CURVE_WITH_KNOTS ( ( 3, 2, 3 ),
 ( 0.000000000000000000, 0.9080264254312122585, 1.000000000000000000 ),
 .UNSPECIFIED. ) 
 CURVE ( )  GEOMETRIC_REPRESENTATION_ITEM ( )  RATIONAL_B_SPLINE_CURVE ( ( 0.9811209779318870172, 0.9638293866287261924, 1.000000000000000000, 0.9963362953524198540, 0.9932210899422718731 ) ) 
 REPRESENTATION_ITEM ( '' )  );
#2157 = CARTESIAN_POINT ( 'NONE',  ( 0.4664119240000006439, 0.1515464209999931866, -0.008751534000004076649 ) ) ;
#2158 = FACE_OUTER_BOUND ( 'NONE', #6520, .T. ) ;
#2159 = CARTESIAN_POINT ( 'NONE',  ( -0.4374450894305697002, 0.1199999947850899501, -0.09680747036712991638 ) ) ;
#2160 = ORIENTED_EDGE ( 'NONE', *, *, #2462, .T. ) ;
#2161 = EDGE_CURVE ( 'NONE', #153, #5621, #3212, .T. ) ;
#2162 = CARTESIAN_POINT ( 'NONE',  ( -0.1404050990000242916, -0.4798816609999922989, -0.04787314899999737389 ) ) ;
#2163 = CARTESIAN_POINT ( 'NONE',  ( 0.1473854529999788499, 0.4536057820000122809, -0.2625000000000038414 ) ) ;
#2164 = AXIS2_PLACEMENT_3D ( 'NONE', #5488, #6019, #3770 ) ;
#2165 = CARTESIAN_POINT ( 'NONE',  ( -0.5451631376612957602, -0.1199999999999999817, -0.2410000000000021569 ) ) ;
#2166 = B_SPLINE_CURVE_WITH_KNOTS ( 'NONE', 3,
 ( #3343, #2260, #489, #1582 ),
 .UNSPECIFIED., .F., .F.,
 ( 4, 4 ),
 ( 0.000000000000000000, 1.000000000000000000 ),
 .UNSPECIFIED. ) ;
#2167 = VERTEX_POINT ( 'NONE', #456 ) ;
#2168 = CARTESIAN_POINT ( 'NONE',  ( 0.4853864438703147099, -0.1200000000272997136, 0.000000000000000000 ) ) ;
#2169 = CARTESIAN_POINT ( 'NONE',  ( 0.000000000000000000, -0.4536057820000032326, -0.3660714290000019466 ) ) ;
#2170 = CARTESIAN_POINT ( 'NONE',  ( 0.3858601249999938365, -0.2803437909999871303, -0.4178571429999994313 ) ) ;
#2171 = CARTESIAN_POINT ( 'NONE',  ( -0.4374450880000009811, 0.1199999999999988437, -0.09234318500000117391 ) ) ;
#2172 = CARTESIAN_POINT ( 'NONE',  ( 0.05249693570047222341, 0.4730638570449957614, -0.02404513706206741139 ) ) ;
#2173 = CARTESIAN_POINT ( 'NONE',  ( -0.4755282580000025905, 0.1545084969999996061, -0.05714285700000024115 ) ) ;
#2174 = B_SPLINE_CURVE_WITH_KNOTS ( 'NONE', 3,
 ( #7044, #3055, #3165, #7004 ),
 .UNSPECIFIED., .F., .F.,
 ( 4, 4 ),
 ( 0.000000000000000000, 1.000000000000000000 ),
 .UNSPECIFIED. ) ;
#2175 = ORIENTED_EDGE ( 'NONE', *, *, #4071, .T. ) ;
#2176 = EDGE_CURVE ( 'NONE', #3228, #2290, #4756, .T. ) ;
#2177 = DIRECTION ( 'NONE',  ( -6.162975822039154730E-33, 0.000000000000000000, 1.000000000000000000 ) ) ;
#2178 = ORIENTED_EDGE ( 'NONE', *, *, #3753, .F. ) ;
#2179 = CARTESIAN_POINT ( 'NONE',  ( 0.4380528171721305153, -0.1177845984271555790, -0.2083581668718005875 ) ) ;
#2180 = FACE_OUTER_BOUND ( 'NONE', #4788, .T. ) ;
#2181 = LINE ( 'NONE', #4363, #2865 ) ;
#2182 = CARTESIAN_POINT ( 'NONE',  ( -0.3133492190000080058, -0.3279793779999911063, -0.08900358900000417128 ) ) ;
#2183 = VERTEX_POINT ( 'NONE', #4968 ) ;
#2184 = CARTESIAN_POINT ( 'NONE',  ( -0.4314047350000136949, 0.1401718949999970765, -0.2447321427099981572 ) ) ;
#2185 = EDGE_CURVE ( 'NONE', #1241, #2202, #4290, .T. ) ;
#2186 = CARTESIAN_POINT ( 'NONE',  ( -0.4974182645079964216, -0.5788408350149916171, -0.4924268880413395499 ) ) ;
#2187 = CARTESIAN_POINT ( 'NONE',  ( -0.2662458319907479720, 0.7011513081967931660, 0.000000000000000000 ) ) ;
#2188 = CARTESIAN_POINT ( 'NONE',  ( -0.3453981760000050527, 0.3615246880000124174, -0.1431392680000039552 ) ) ;
#2189 = CARTESIAN_POINT ( 'NONE',  ( -0.7499999999241381277, 0.4330127019562021728, -0.06698729800671858470 ) ) ;
#2190 = CARTESIAN_POINT ( 'NONE',  ( -0.1170659946377700794, -0.4382456464098264393, -0.1458148108066983639 ) ) ;
#2191 = CARTESIAN_POINT ( 'NONE',  ( -0.3858601250000029403, -0.2803437909999825228, -0.4391964282799957209 ) ) ;
#2192 = EDGE_CURVE ( 'NONE', #2288, #7038, #6693, .T. ) ;
#2193 = CARTESIAN_POINT ( 'NONE',  ( -0.4999999999465143952, -1.017763301457830294E-08, -0.2767857140652613124 ) ) ;
#2194 = CARTESIAN_POINT ( 'NONE',  ( -0.4629409414982370019, -0.1199999905019162039, -0.03810564390714198807 ) ) ;
#2195 = CARTESIAN_POINT ( 'NONE',  ( 0.4857860369999734695, 0.1183719840000071882, -0.01512100200000002399 ) ) ;
#2196 = CARTESIAN_POINT ( 'NONE',  ( 0.3226455917513546545, -0.3188385602653546758, -0.1428116259075151440 ) ) ;
#2197 = CARTESIAN_POINT ( 'NONE',  ( 0.1273771289999792444, 0.4353541920000071896, -0.1818017200000001665 ) ) ;
#2198 = ORIENTED_EDGE ( 'NONE', *, *, #2358, .T. ) ;
#2199 = CARTESIAN_POINT ( 'NONE',  ( -0.07164390600000487830, -0.4999999999999935052, -0.04621783800000160702 ) ) ;
#2200 = CARTESIAN_POINT ( 'NONE',  ( 0.4473104159999984897, -0.09121924299999110974, -0.2076813110000032270 ) ) ;
#2201 = CARTESIAN_POINT ( 'NONE',  ( 0.1147994959999703718, 0.4388385590000085101, -0.1814695060000003080 ) ) ;
#2202 = VERTEX_POINT ( 'NONE', #7266 ) ;
#2203 = ADVANCED_FACE ( 'NONE', ( #3350 ), #1396, .T. ) ;
#2204 = CARTESIAN_POINT ( 'NONE',  ( 0.4407107100000016708, 0.1073884330000048487, -0.05976385900000080742 ) ) ;
#2205 = CARTESIAN_POINT ( 'NONE',  ( 0.3858601249999845662, 0.2803437910000101119, -0.3410714290000009807 ) ) ;
#2206 = CARTESIAN_POINT ( 'NONE',  ( -0.4769493440000299178, 1.263871385787591778E-14, -0.3035714290000043891 ) ) ;
#2207 = CARTESIAN_POINT ( 'NONE',  ( 0.7500000000000004441, -0.2306732925697599634, -0.01991865627280700601 ) ) ;
#2208 = CARTESIAN_POINT ( 'NONE',  ( -0.7500000000000173195, 0.3279261673236693597, -0.03882166556937755031 ) ) ;
#2209 = CARTESIAN_POINT ( 'NONE',  ( 0.1473854529999880369, -0.4536057819999951279, -0.4964285710000031493 ) ) ;
#2210 = VERTEX_POINT ( 'NONE', #2688 ) ;
#2211 = CARTESIAN_POINT ( 'NONE',  ( 0.4853864455729772209, 0.1199999936136505740, -0.02401194174665492384 ) ) ;
#2212 = CARTESIAN_POINT ( 'NONE',  ( 0.2710769511820662059, -0.7095190527937659253, -0.2410000000202484338 ) ) ;
#2213 = CARTESIAN_POINT ( 'NONE',  ( 0.4789230485356666400, 0.5895190529379804589, -0.2410000000405034537 ) ) ;
#2214 = CARTESIAN_POINT ( 'NONE',  ( 0.4267284039290540343, 0.2173059891025136137, -0.4999999999999973910 ) ) ;
#2215 = CARTESIAN_POINT ( 'NONE',  ( 0.2941653243699864917, 0.4048838341099985083, -0.3729464288600039534 ) ) ;
#2216 = CARTESIAN_POINT ( 'NONE',  ( -0.4740919286159721580, 0.5811513081957879745, 2.670654598606183588E-11 ) ) ;
#2217 = ORIENTED_EDGE ( 'NONE', *, *, #5987, .F. ) ;
#2218 = CARTESIAN_POINT ( 'NONE',  ( 0.4314047349999962089, 0.1401718950000036545, -0.4874999999999985456 ) ) ;
#2219 = CARTESIAN_POINT ( 'NONE',  ( -0.5663210593697926010, -0.5390597878437144441, -0.4816060205974549979 ) ) ;
#2220 = CARTESIAN_POINT ( 'NONE',  ( 0.4636155205673174184, -0.1872451537552049239, -0.1650592320717393924 ) ) ;
#2221 = CARTESIAN_POINT ( 'NONE',  ( 0.4253254039999847524, -0.3090169939999903304, -0.4625000000000011324 ) ) ;
#2222 = CARTESIAN_POINT ( 'NONE',  ( 0.7500000000000004441, -0.3566906529695336725, -0.4535616289628837117 ) ) ;
#2223 = ADVANCED_FACE ( 'NONE', ( #3915 ), #2122, .F. ) ;
#2224 = CARTESIAN_POINT ( 'NONE',  ( 0.1170659946377074212, -0.4382456464098276050, -0.1398994751933048120 ) ) ;
#2225 = CARTESIAN_POINT ( 'NONE',  ( -0.4769493440000299178, 1.263871385787591778E-14, -0.3034821432900043359 ) ) ;
#2226 = CARTESIAN_POINT ( 'NONE',  ( -0.4537252656901978876, 0.01793082789903715363, -0.2410000000000021847 ) ) ;
#2227 = CARTESIAN_POINT ( 'NONE',  ( 0.1255911163720158374, 0.4575302001031358867, -0.2409999999564062245 ) ) ;
#2228 = CARTESIAN_POINT ( 'NONE',  ( -1.748382715945128460E-14, 0.4536057820000065077, -0.1071428570000043518 ) ) ;
#2229 = DIRECTION ( 'NONE',  ( -6.162975822039154730E-33, -0.000000000000000000, 1.000000000000000000 ) ) ;
#2230 = ORIENTED_EDGE ( 'NONE', *, *, #596, .F. ) ;
#2231 = PLANE ( 'NONE',  #3963 ) ;
#2232 = CARTESIAN_POINT ( 'NONE',  ( 0.4309634997699807735, -0.1400285289799987343, -0.4943749998600005524 ) ) ;
#2233 = CARTESIAN_POINT ( 'NONE',  ( 0.1147994959999703718, 0.4388385590000085101, -0.1903980780000033013 ) ) ;
#2234 = CARTESIAN_POINT ( 'NONE',  ( -0.4564308720889959092, 0.6025049170673884014, -0.4966236792710689296 ) ) ;
#2235 = ORIENTED_EDGE ( 'NONE', *, *, #4848, .T. ) ;
#2236 = EDGE_CURVE ( 'NONE', #1266, #1382, #4996, .T. ) ;
#2237 = LINE ( 'NONE', #997, #3466 ) ;
#2238 = CARTESIAN_POINT ( 'NONE',  ( -0.3858601250000029403, 0.2803437910000101119, -0.3910714290000025795 ) ) ;
#2239 = CARTESIAN_POINT ( 'NONE',  ( 0.4314047349999962089, -0.1401718949999970765, -0.3428571429999976994 ) ) ;
#2240 = CARTESIAN_POINT ( 'NONE',  ( -0.3226455930000215466, 0.3188385590000021863, -0.1070973399999981673 ) ) ;
#2241 = FACE_OUTER_BOUND ( 'NONE', #4679, .T. ) ;
#2242 = CARTESIAN_POINT ( 'NONE',  ( 0.1224062510068283788, 0.4520138310646328872, -0.1989710319093124513 ) ) ;
#2243 = EDGE_CURVE ( 'NONE', #5811, #6490, #3035, .T. ) ;
#2244 = ORIENTED_EDGE ( 'NONE', *, *, #3814, .T. ) ;
#2245 = CARTESIAN_POINT ( 'NONE',  ( 0.4624235801984278305, 0.1901769482270146416, -0.02237095870713219289 ) ) ;
#2246 = CARTESIAN_POINT ( 'NONE',  ( -0.1279915085255651508, -0.4616877941922489237, -0.2410000000453552116 ) ) ;
#2247 = EDGE_LOOP ( 'NONE', ( #6978, #696, #4068, #1954 ) ) ;
#2248 = CARTESIAN_POINT ( 'NONE',  ( 0.4853864439635909300, -0.1200000000682533985, -0.02829447049999724365 ) ) ;
#2249 = CARTESIAN_POINT ( 'NONE',  ( -0.03748413648229099310, -0.4991434555489311364, -0.1794032608472315160 ) ) ;
#2250 = CARTESIAN_POINT ( 'NONE',  ( -1.748382715945128460E-14, -0.5004639421799945698, -0.2586607138499977254 ) ) ;
#2251 = ORIENTED_EDGE ( 'NONE', *, *, #3902, .F. ) ;
#2252 = CARTESIAN_POINT ( 'NONE',  ( 0.1324190909999829191, 0.4525867920000064548, -0.02857822299999672813 ) ) ;
#2253 = ORIENTED_EDGE ( 'NONE', *, *, #1420, .T. ) ;
#2254 = ADVANCED_FACE ( 'NONE', ( #5567 ), #3347, .T. ) ;
#2255 = CARTESIAN_POINT ( 'NONE',  ( 0.2666227889999946421, 0.3669747859999997752, -0.4089285709999961882 ) ) ;
#2256 = CARTESIAN_POINT ( 'NONE',  ( -0.3749999999507395709, -0.6495190529087538911, -0.5000000000241863196 ) ) ;
#2257 = CARTESIAN_POINT ( 'NONE',  ( 0.1335317100465866491, -0.4712837146569608393, -0.2410000000572179724 ) ) ;
#2258 = DIRECTION ( 'NONE',  ( -6.162975822039154730E-33, 0.000000000000000000, 1.000000000000000000 ) ) ;
#2259 = CARTESIAN_POINT ( 'NONE',  ( 0.3382477184560779282, 0.3458622578052481522, -0.07082407534672831295 ) ) ;
#2260 = CARTESIAN_POINT ( 'NONE',  ( 0.1224062281110962491, -0.4520138372647802272, -0.08582727887461932825 ) ) ;
#2261 = CARTESIAN_POINT ( 'NONE',  ( 0.1473854529999880369, -0.4536057819999951279, -0.4249107142900045431 ) ) ;
#2262 = EDGE_CURVE ( 'NONE', #3201, #6662, #5508, .T. ) ;
#2263 =( BOUNDED_CURVE ( )  B_SPLINE_CURVE ( 2, ( #1406, #197, #3540, #6429, #804 ),
 .UNSPECIFIED., .F., .F. ) 
 B_SPLINE_CURVE_WITH_KNOTS ( ( 3, 2, 3 ),
 ( 0.000000000000000000, 0.4999999553594414170, 1.000000000000000000 ),
 .UNSPECIFIED. ) 
 CURVE ( )  GEOMETRIC_REPRESENTATION_ITEM ( )  RATIONAL_B_SPLINE_CURVE ( ( 0.9757927098030643176, 0.9780721906634940455, 1.000000000000000000, 0.9780721867480157705, 0.9757927089890066075 ) ) 
 REPRESENTATION_ITEM ( '' )  );
#2264 = CARTESIAN_POINT ( 'NONE',  ( 0.1377318690366528819, 0.4785586064301931564, -0.002015655328254921819 ) ) ;
#2265 = EDGE_CURVE ( 'NONE', #4167, #5811, #6271, .T. ) ;
#2266 = CARTESIAN_POINT ( 'NONE',  ( -0.7500000000000179856, 0.1200000003715070984, -0.2527537684999960899 ) ) ;
#2267 = CARTESIAN_POINT ( 'NONE',  ( -0.06499618000001031182, 0.4536057820000076735, -0.1769964480000030538 ) ) ;
#2268 = CARTESIAN_POINT ( 'NONE',  ( 0.4853864441742185565, -0.1200000000892044866, -0.2409999999292713191 ) ) ;
#2269 = CARTESIAN_POINT ( 'NONE',  ( 0.3858601249999938365, -0.2803437909999871303, -0.2839285710000007956 ) ) ;
#2270 = CARTESIAN_POINT ( 'NONE',  ( -0.05834953800001740215, 0.4536057820000058416, -0.1860860799999986548 ) ) ;
#2271 = VECTOR ( 'NONE', #5843, 39.37007874015748143 ) ;
#2272 = CARTESIAN_POINT ( 'NONE',  ( -0.2694407820000278009, 0.4787391330000004830, 0.000000000000000000 ) ) ;
#2273 = EDGE_LOOP ( 'NONE', ( #1393, #3783, #2780, #4445 ) ) ;
#2274 = CARTESIAN_POINT ( 'NONE',  ( 0.2662458321566782415, -0.7011513081571266737, -1.260583938196437646E-11 ) ) ;
#2275 = LINE ( 'NONE', #13, #6861 ) ;
#2276 = CARTESIAN_POINT ( 'NONE',  ( -1.748382715945128460E-14, 0.4536057820000065077, -0.3928571430000017961 ) ) ;
#2277 = VECTOR ( 'NONE', #3674, 39.37007874015748143 ) ;
#2278 = CARTESIAN_POINT ( 'NONE',  ( 0.4427115684340467983, -0.1999329022686899548, -0.01436170572963926806 ) ) ;
#2279 = LINE ( 'NONE', #3475, #6261 ) ;
#2280 = CARTESIAN_POINT ( 'NONE',  ( -0.3218282710789229228, -0.3196656399984841856, -0.1607305141592194619 ) ) ;
#2281 = CARTESIAN_POINT ( 'NONE',  ( -0.3932178499276652306, -0.2578916221488734006, -0.02978571864048024098 ) ) ;
#2282 = EDGE_CURVE ( 'NONE', #4722, #3259, #5450, .T. ) ;
#2283 = VECTOR ( 'NONE', #2720, 39.37007874015748143 ) ;
#2284 = CARTESIAN_POINT ( 'NONE',  ( -0.2678562053809814270, 0.7039405562148567386, -0.001835845691366728418 ) ) ;
#2285 = FACE_OUTER_BOUND ( 'NONE', #4466, .T. ) ;
#2286 = CARTESIAN_POINT ( 'NONE',  ( 0.000000000000000000, 0.8660254038962394985, -0.06698729803471893673 ) ) ;
#2287 = CARTESIAN_POINT ( 'NONE',  ( 0.4257200567899965260, -0.3093037260299867919, -0.2479464288600020938 ) ) ;
#2288 = VERTEX_POINT ( 'NONE', #4218 ) ;
#2289 = CARTESIAN_POINT ( 'NONE',  ( -0.4374450864249949111, -0.1200000066511306834, -0.1665853867600722849 ) ) ;
#2290 = VERTEX_POINT ( 'NONE', #1853 ) ;
#2291 = CARTESIAN_POINT ( 'NONE',  ( -1.748382715945128460E-14, 0.4536057820000065077, -0.4733035717199960968 ) ) ;
#2292 = FACE_OUTER_BOUND ( 'NONE', #3559, .T. ) ;
#2293 = CARTESIAN_POINT ( 'NONE',  ( 0.4727044379731289436, -0.1645816975958706851, -0.1645222834076007223 ) ) ;
#2294 = EDGE_CURVE ( 'NONE', #7177, #1035, #2764, .T. ) ;
#2295 = FACE_OUTER_BOUND ( 'NONE', #1436, .T. ) ;
#2296 = CARTESIAN_POINT ( 'NONE',  ( 0.7499999999855587740, 0.1200000001452445203, -0.005507537015616535692 ) ) ;
#2297 = CARTESIAN_POINT ( 'NONE',  ( 0.3226455929999859085, 0.3188385590000044623, -0.1250455170000032978 ) ) ;
#2298 = CARTESIAN_POINT ( 'NONE',  ( 0.4769493439999838991, 3.446921961238886775E-15, -0.3391964282800016828 ) ) ;
#2299 = CARTESIAN_POINT ( 'NONE',  ( 0.4999999999465318812, -1.795807597115140028E-11, -0.3124999999352633950 ) ) ;
#2300 = CARTESIAN_POINT ( 'NONE',  ( 0.5000000028765403393, -0.07919221080149921321, -0.3857590810607562926 ) ) ;
#2301 = CARTESIAN_POINT ( 'NONE',  ( 0.1173898929830560767, -0.4391525678554521472, -0.4999999999999974465 ) ) ;
#2302 = CARTESIAN_POINT ( 'NONE',  ( -0.7217885155048460177, 0.2087866172505274120, 4.556270156460804773E-49 ) ) ;
#2303 = CARTESIAN_POINT ( 'NONE',  ( 0.4764615263199978856, 1.263871385787591778E-14, -0.4193749998600039275 ) ) ;
#2304 = CARTESIAN_POINT ( 'NONE',  ( 0.1159327453188612744, 0.4385421027049276055, -0.1814993009033498417 ) ) ;
#2305 =( BOUNDED_SURFACE ( )  B_SPLINE_SURFACE ( 1, 2, ( 
 ( #7088, #7127, #6584, #3018, #5347 ),
 ( #4265, #4794, #233, #1860, #3666 ) ),
 .UNSPECIFIED., .F., .F., .T. ) 
 B_SPLINE_SURFACE_WITH_KNOTS ( ( 2, 2 ),
 ( 3, 2, 3 ),
 ( 0.07692307692305512534, 1.000000000000000000 ),
 ( 0.1753328614430769983, 0.1785714285714290472, 0.1818099956997800137 ),
 .UNSPECIFIED. ) 
 GEOMETRIC_REPRESENTATION_ITEM ( )  RATIONAL_B_SPLINE_SURFACE ( (
 ( 0.9757408310629269721, 0.9778090539537090953, 1.000000000000000000, 0.9778090539537090953, 0.9757408310629269721),
 ( 0.9757408310629269721, 0.9778090539537090953, 1.000000000000000000, 0.9778090539537090953, 0.9757408310629269721) ) ) 
 REPRESENTATION_ITEM ( '' )  SURFACE ( )  );
#2306 = ORIENTED_EDGE ( 'NONE', *, *, #7281, .T. ) ;
#2307 = CARTESIAN_POINT ( 'NONE',  ( -0.4684790592550290844, 0.5955488929621005623, -0.4955402955673041676 ) ) ;
#2308 = ORIENTED_EDGE ( 'NONE', *, *, #663, .F. ) ;
#2309 = CARTESIAN_POINT ( 'NONE',  ( -0.4529380474296715309, 0.1948067580248112052, -0.4999999999999976130 ) ) ;
#2310 = CARTESIAN_POINT ( 'NONE',  ( -0.4789230484372763996, 0.5895190528728848633, -0.005507537013317412126 ) ) ;
#2311 = CARTESIAN_POINT ( 'NONE',  ( 0.1473854529999880369, -0.4536057819999951279, -0.4250000000000044853 ) ) ;
#2312 = CARTESIAN_POINT ( 'NONE',  ( 0.1273771289999881817, -0.4353541919999949772, -0.2110554230000025733 ) ) ;
#2313 = DIRECTION ( 'NONE',  ( 0.5000000015321925950, 0.8660254028998268794, 0.000000000000000000 ) ) ;
#2314 = CARTESIAN_POINT ( 'NONE',  ( -0.01963507858975126544, 0.4795646774035874360, -0.02005361667266614828 ) ) ;
#2315 = CYLINDRICAL_SURFACE ( 'NONE', #3948, 0.5000000000000007772 ) ;
#2316 = ADVANCED_FACE ( 'NONE', ( #4257 ), #5817, .T. ) ;
#2317 = ORIENTED_EDGE ( 'NONE', *, *, #3440, .F. ) ;
#2318 = CARTESIAN_POINT ( 'NONE',  ( 0.4282116273030019959, 0.2581666158506800701, -0.02063019869774351464 ) ) ;
#2319 = ORIENTED_EDGE ( 'NONE', *, *, #6034, .F. ) ;
#2320 = CARTESIAN_POINT ( 'NONE',  ( -0.4606968511815403566, -0.1943456096918458331, -0.05798531027547277478 ) ) ;
#2321 = CARTESIAN_POINT ( 'NONE',  ( 0.3926774151496739695, 0.2783996014653568607, -0.4999999999999975575 ) ) ;
#2322 = CARTESIAN_POINT ( 'NONE',  ( -1.748382715945128460E-14, -0.5004639421799945698, -0.3300892858599959734 ) ) ;
#2323 = VERTEX_POINT ( 'NONE', #4856 ) ;
#2324 = CARTESIAN_POINT ( 'NONE',  ( 0.07164390600000487830, 0.5000000000000091038, -0.01050355200000081639 ) ) ;
#2325 = ORIENTED_EDGE ( 'NONE', *, *, #6881, .T. ) ;
#2326 = CARTESIAN_POINT ( 'NONE',  ( -0.3858601250000029403, 0.2803437910000101119, -0.4625892857100010747 ) ) ;
#2327 = CARTESIAN_POINT ( 'NONE',  ( -0.7499999999851042487, -0.4330127017910171405, -0.4330127019932962784 ) ) ;
#2328 = CARTESIAN_POINT ( 'NONE',  ( -0.4853864445755773360, 0.1199999976480557173, -0.1367023440701760351 ) ) ;
#2329 = CARTESIAN_POINT ( 'NONE',  ( -0.4374450880000009811, -0.1199999999999966371, -0.08622824400000025924 ) ) ;
#2330 = CARTESIAN_POINT ( 'NONE',  ( 0.07164390600000487830, 0.5000000000000091038, -0.07300355200000209488 ) ) ;
#2331 = CARTESIAN_POINT ( 'NONE',  ( 0.3466162749819571287, 0.3603569867439522789, -0.008684831988303545400 ) ) ;
#2332 = CARTESIAN_POINT ( 'NONE',  ( -0.1471632536594959517, -0.7810606598637236386, -0.4743117554338714958 ) ) ;
#2333 = CARTESIAN_POINT ( 'NONE',  ( -0.4769493440000299178, 1.263871385787591778E-14, -0.3035714290000043891 ) ) ;
#2334 = EDGE_CURVE ( 'NONE', #3681, #3943, #4747, .T. ) ;
#2335 = CARTESIAN_POINT ( 'NONE',  ( 0.4789230487500008571, 0.5895190528142484343, -0.2527537684999960899 ) ) ;
#2336 = CARTESIAN_POINT ( 'NONE',  ( 0.2710769519999858823, 0.7095190530000040630, -0.2410000000000021569 ) ) ;
#2337 = CARTESIAN_POINT ( 'NONE',  ( -0.4007843204999971265, 0.4541788060000031546, 0.000000000000000000 ) ) ;
#2338 = CARTESIAN_POINT ( 'NONE',  ( 0.4837625978325870713, 0.1200037664318315822, -0.2391984337604881883 ) ) ;
#2339 = CARTESIAN_POINT ( 'NONE',  ( -0.2666227890000034129, 0.3669747860000008854, -0.3946428570000039548 ) ) ;
#2340 = CARTESIAN_POINT ( 'NONE',  ( 0.4368424298279614537, 0.2735712334399761914, -0.1633193203511752456 ) ) ;
#2341 = ORIENTED_EDGE ( 'NONE', *, *, #5791, .F. ) ;
#2342 = CARTESIAN_POINT ( 'NONE',  ( -0.5576896535495856622, 0.5440431323187518986, -0.4832006733118239250 ) ) ;
#2343 = EDGE_LOOP ( 'NONE', ( #6717, #1591, #2729, #6365 ) ) ;
#2344 = CARTESIAN_POINT ( 'NONE',  ( -0.4830516536431105346, 0.1301092116931723830, -0.4851503021389522163 ) ) ;
#2345 = CARTESIAN_POINT ( 'NONE',  ( 0.000000000000000000, -0.4536057820000032326, -0.1517857139999970184 ) ) ;
#2346 = CARTESIAN_POINT ( 'NONE',  ( 0.4727044379731180634, -0.1645816975958990236, -0.09309371140760396013 ) ) ;
#2347 = CARTESIAN_POINT ( 'NONE',  ( 0.3976633127747139507, -0.2798720759714174444, -0.01574604932216390127 ) ) ;
#2348 = CARTESIAN_POINT ( 'NONE',  ( -0.4602444811963351534, 0.1199999877724217540, -0.04241049485580781347 ) ) ;
#2349 =( BOUNDED_CURVE ( )  B_SPLINE_CURVE ( 2, ( #4894, #3801, #2748, #3206, #4929 ),
 .UNSPECIFIED., .F., .T. ) 
 B_SPLINE_CURVE_WITH_KNOTS ( ( 3, 2, 3 ),
 ( 0.000000000000000000, 0.4999999877440550189, 1.000000000000000000 ),
 .UNSPECIFIED. ) 
 CURVE ( )  GEOMETRIC_REPRESENTATION_ITEM ( )  RATIONAL_B_SPLINE_CURVE ( ( 0.9763575006785250032, 0.9800330344073259203, 1.000000000000000000, 0.9800330344073259203, 0.9763575006785250032 ) ) 
 REPRESENTATION_ITEM ( '' )  );
#2350 = CARTESIAN_POINT ( 'NONE',  ( 0.000000000000000000, -0.4536057820000032326, -0.4285714289999961735 ) ) ;
#2351 = ORIENTED_EDGE ( 'NONE', *, *, #5658, .F. ) ;
#2352 = ORIENTED_EDGE ( 'NONE', *, *, #7349, .T. ) ;
#2353 = CARTESIAN_POINT ( 'NONE',  ( -0.4472508136775296683, -0.1401300345337722075, -0.03176989193481408874 ) ) ;
#2354 = B_SPLINE_CURVE_WITH_KNOTS ( 'NONE', 3,
 ( #5392, #4871, #2653, #314 ),
 .UNSPECIFIED., .F., .F.,
 ( 4, 4 ),
 ( 0.000000000000000000, 1.000000000000000000 ),
 .UNSPECIFIED. ) ;
#2355 = CARTESIAN_POINT ( 'NONE',  ( 0.1337682240081347895, 0.4716933488133989716, -0.01767101130073783777 ) ) ;
#2356 = EDGE_LOOP ( 'NONE', ( #4004, #6289, #5727, #5026, #671 ) ) ;
#2357 = CARTESIAN_POINT ( 'NONE',  ( -0.3226455930000037275, -0.3188385589999910841, -0.2232598030000003120 ) ) ;
#2358 = EDGE_CURVE ( 'NONE', #188, #4163, #1589, .T. ) ;
#2359 = CARTESIAN_POINT ( 'NONE',  ( -0.2488978589305952116, 0.7223241581099489883, -0.007843594442699785424 ) ) ;
#2360 = CARTESIAN_POINT ( 'NONE',  ( -0.4253254040000031821, -0.3090169939999880544, -0.2696428569999997915 ) ) ;
#2361 = VERTEX_POINT ( 'NONE', #1237 ) ;
#2362 = CARTESIAN_POINT ( 'NONE',  ( 0.000000000000000000, 0.5000000000000028866, -0.1428571429999987152 ) ) ;
#2363 = VERTEX_POINT ( 'NONE', #6422 ) ;
#2364 = CARTESIAN_POINT ( 'NONE',  ( -0.1473854530000156260, -0.4536057819999870788, -0.3697321427100030977 ) ) ;
#2365 = CARTESIAN_POINT ( 'NONE',  ( 0.4999999999465143952, 7.584490778205151968E-09, -0.3839285709481152775 ) ) ;
#2366 = CARTESIAN_POINT ( 'NONE',  ( 0.3661806434481345573, 0.2677124236344604058, -0.04639421778256747758 ) ) ;
#2367 = CARTESIAN_POINT ( 'NONE',  ( -0.4377489525860570052, -0.1188922992135733603, -0.08625646706409607900 ) ) ;
#2368 = CARTESIAN_POINT ( 'NONE',  ( 0.1404050990000063615, 0.4798816610000024019, -0.08358743400000261115 ) ) ;
#2369 = CARTESIAN_POINT ( 'NONE',  ( -0.07164390599997805253, 0.5000000000000068834, -0.06985359100000085308 ) ) ;
#2370 = ORIENTED_EDGE ( 'NONE', *, *, #5478, .F. ) ;
#2371 = CARTESIAN_POINT ( 'NONE',  ( -0.4330650659241246925, 0.2499095523976631039, -0.1309326034623294055 ) ) ;
#2372 = CARTESIAN_POINT ( 'NONE',  ( 0.3981920380000050219, 0.2423900660000098961, -0.1277527340000001455 ) ) ;
#2373 = CARTESIAN_POINT ( 'NONE',  ( 0.4769493439999838991, 3.446921961238886775E-15, -0.2678571430000037390 ) ) ;
#2374 = CARTESIAN_POINT ( 'NONE',  ( 0.1384234393984745681, 0.4797577987558314105, -0.002799187945262157466 ) ) ;
#2375 = ADVANCED_FACE ( 'NONE', ( #1282 ), #7067, .T. ) ;
#2376 = CARTESIAN_POINT ( 'NONE',  ( -0.4542352644957942664, -0.2092837687400468105, -0.1915419965454381312 ) ) ;
#2377 = CARTESIAN_POINT ( 'NONE',  ( 0.1147994906296310458, -0.4388385605626308750, -0.06853049398269392412 ) ) ;
#2378 = CARTESIAN_POINT ( 'NONE',  ( -0.1224062567307789284, -0.4520138295145840757, -0.09182817505549399628 ) ) ;
#2379 = CARTESIAN_POINT ( 'NONE',  ( 0.2687691179999797675, -0.3654057560000021909, -0.5017212279999995195 ) ) ;
#2380 = CARTESIAN_POINT ( 'NONE',  ( 0.4007843204999971265, 0.4541788059999987692, 0.000000000000000000 ) ) ;
#2381 = ORIENTED_EDGE ( 'NONE', *, *, #4056, .T. ) ;
#2382 = ORIENTED_EDGE ( 'NONE', *, *, #214, .F. ) ;
#2383 = CARTESIAN_POINT ( 'NONE',  ( -0.3908144405854215298, 0.6403885814686688382, -0.5000000000000009992 ) ) ;
#2384 = ORIENTED_EDGE ( 'NONE', *, *, #3633, .F. ) ;
#2385 = CARTESIAN_POINT ( 'NONE',  ( -0.3849641873452512852, 0.3169837956515941246, -0.4999999999999971689 ) ) ;
#2386 = EDGE_CURVE ( 'NONE', #4524, #2775, #2143, .T. ) ;
#2387 = CARTESIAN_POINT ( 'NONE',  ( 0.4813363460000092409, -0.1366330389999941552, -0.02101538400000149340 ) ) ;
#2388 = CARTESIAN_POINT ( 'NONE',  ( 0.3981920345810545103, 0.2423900748833941188, -0.1277527343623777178 ) ) ;
#2389 = CARTESIAN_POINT ( 'NONE',  ( 0.4228338252828062749, -0.2669688361886988215, -0.1671095271359423762 ) ) ;
#2390 = CARTESIAN_POINT ( 'NONE',  ( 0.1387701810609652253, 0.4803569890652350516, -0.01211952637073862235 ) ) ;
#2391 = CARTESIAN_POINT ( 'NONE',  ( 0.4718531820470220350, -0.1200000054782226766, -0.01312688840257832459 ) ) ;
#2392 = CARTESIAN_POINT ( 'NONE',  ( -1.748382715945128460E-14, 0.4536057820000065077, -0.3928571430000017961 ) ) ;
#2393 = VERTEX_POINT ( 'NONE', #938 ) ;
#2394 = ORIENTED_EDGE ( 'NONE', *, *, #5535, .T. ) ;
#2395 = CARTESIAN_POINT ( 'NONE',  ( -0.4755282580000375625, -0.1545084969999974134, -0.2017857140000011151 ) ) ;
#2396 = AXIS2_PLACEMENT_3D ( 'NONE', #4820, #4216, #1810 ) ;
#2397 = FACE_OUTER_BOUND ( 'NONE', #4981, .T. ) ;
#2398 = CARTESIAN_POINT ( 'NONE',  ( -0.3297653359760023828, -0.3762001361928719034, -0.3295881875880145029 ) ) ;
#2399 =( BOUNDED_CURVE ( )  B_SPLINE_CURVE ( 2, ( #7055, #4153, #3023, #2340, #6435 ),
 .UNSPECIFIED., .F., .F. ) 
 B_SPLINE_CURVE_WITH_KNOTS ( ( 3, 2, 3 ),
 ( 0.000000000000000000, 0.1291284867843970618, 1.000000000000000000 ),
 .UNSPECIFIED. ) 
 CURVE ( )  GEOMETRIC_REPRESENTATION_ITEM ( )  RATIONAL_B_SPLINE_CURVE ( ( 0.9899956195829309191, 0.9943442495998404684, 1.000000000000000000, 0.9618563491913366681, 0.9831665004776458661 ) ) 
 REPRESENTATION_ITEM ( '' )  );
#2400 = CARTESIAN_POINT ( 'NONE',  ( 0.2938926260000032653, 0.4045084970000005220, -0.2303571429999993481 ) ) ;
#2401 = ORIENTED_EDGE ( 'NONE', *, *, #3991, .F. ) ;
#2402 = CARTESIAN_POINT ( 'NONE',  ( 0.4810769900102329077, -0.1374312547126815554, -0.1013909775681319375 ) ) ;
#2403 = ORIENTED_EDGE ( 'NONE', *, *, #224, .F. ) ;
#2404 = CARTESIAN_POINT ( 'NONE',  ( 0.3858601249999845106, 0.2803437910000101119, -0.3411607147200017010 ) ) ;
#2405 = CARTESIAN_POINT ( 'NONE',  ( -0.1102271718061390293, -0.4886027695373534319, -0.04714743993622342449 ) ) ;
#2406 = CARTESIAN_POINT ( 'NONE',  ( 0.6568672918199985888, -0.4867828961514656383, -0.4609847063837361203 ) ) ;
#2407 = CARTESIAN_POINT ( 'NONE',  ( -0.4999999996624100995, -0.03301325698275436871, -0.4813797634638375955 ) ) ;
#2408 = CARTESIAN_POINT ( 'NONE',  ( 0.4346590742275577846, 0.1301560689666624027, -0.05025519236205636814 ) ) ;
#2409 = AXIS2_PLACEMENT_3D ( 'NONE', #1215, #172, #661 ) ;
#2410 = CARTESIAN_POINT ( 'NONE',  ( 0.05834953799997280588, 0.4536057820000012897, -0.1799853480000003780 ) ) ;
#2411 = VECTOR ( 'NONE', #2695, 39.37007874015748143 ) ;
#2412 = ORIENTED_EDGE ( 'NONE', *, *, #1231, .F. ) ;
#2413 = CARTESIAN_POINT ( 'NONE',  ( -0.1147995110840740879, -0.4388385552117798905, -0.08325522101948479303 ) ) ;
#2414 = CARTESIAN_POINT ( 'NONE',  ( -0.1198397084088630021, -0.7968359160733179403, -0.4678291039773193605 ) ) ;
#2415 = EDGE_CURVE ( 'NONE', #6867, #6011, #4326, .T. ) ;
#2416 = CARTESIAN_POINT ( 'NONE',  ( 0.2666227889999946421, 0.3669747859999997752, -0.4713392852800006305 ) ) ;
#2417 = AXIS2_PLACEMENT_3D ( 'NONE', #5884, #5289, #1877 ) ;
#2418 = CARTESIAN_POINT ( 'NONE',  ( 0.4853864409655778700, -0.1200000122501099636, -0.02063091561527918144 ) ) ;
#2419 = B_SPLINE_CURVE_WITH_KNOTS ( 'NONE', 3,
 ( #2498, #268, #2572, #5547, #7158, #1935, #3732, #2703, #2736, #2008, #1368, #6140, #403, #6708, #838, #4223, #6509, #3660, #5975, #4457, #4860, #4296, #4790, #1438, #4983, #2136, #5940, #5379, #1002, #802, #6746, #230, #7282, #3295, #5903, #5580, #436, #7314, #2537, #1602, #765, #5344, #4828, #7123, #1973, #4262, #6548, #1404, #3695, #3368 ),
 .UNSPECIFIED., .F., .F.,
 ( 4, 2, 2, 2, 2, 2, 2, 2, 2, 2, 2, 2, 2, 2, 2, 2, 2, 2, 2, 2, 2, 2, 2, 2, 4 ),
 ( -0.1200222826208163091, -0.1175218184706194463, -0.1162715863955210149, -0.1150213543204225836, -0.1137711222453241522, -0.1125208901702257208, -0.1100204260200288581, -0.1087701939449304267, -0.1075199618698320092, -0.1050194977196351465, -0.1037692656445367290, -0.1025190335694382976, -0.1000185694192414487, -0.09751810526904458598, -0.09626787319394616849, -0.09501764111884775099, -0.09251717696865090212, -0.09126694489355247075, -0.09001671281845405326, -0.08751624866825720439, -0.08626601659315878690, -0.08501578451806035552, -0.08376555244296193803, -0.08251532036786352053, -0.08001485621766667167 ),
 .UNSPECIFIED. ) ;
#2420 = CARTESIAN_POINT ( 'NONE',  ( 0.3226455917513633698, 0.3188385602653656115, -0.05361694557908439768 ) ) ;
#2421 = CARTESIAN_POINT ( 'NONE',  ( -0.4999999999465231104, -5.109330500243175310E-09, -0.4196428571824191156 ) ) ;
#2422 = DIRECTION ( 'NONE',  ( -6.162975822039154730E-33, -0.000000000000000000, 1.000000000000000000 ) ) ;
#2423 = CARTESIAN_POINT ( 'NONE',  ( 0.4314047349999962089, -0.1401718949999970765, -0.4946428570000034330 ) ) ;
#2424 = DIRECTION ( 'NONE',  ( -2.157041537713704703E-32, -0.000000000000000000, 1.000000000000000000 ) ) ;
#2425 = EDGE_CURVE ( 'NONE', #3943, #6533, #5907, .T. ) ;
#2426 = EDGE_LOOP ( 'NONE', ( #5819, #1759, #3931, #5792 ) ) ;
#2427 = CARTESIAN_POINT ( 'NONE',  ( -0.3226455853243434535, 0.3188385667691438496, -0.1785259120370296937 ) ) ;
#2428 = CARTESIAN_POINT ( 'NONE',  ( 0.5417087720567338449, 0.5206938821748654522, 2.056244098227461166E-48 ) ) ;
#2429 = CARTESIAN_POINT ( 'NONE',  ( -0.3466162705898099272, -0.3603569910581030378, 0.000000000000000000 ) ) ;
#2430 = CC_DESIGN_PERSON_AND_ORGANIZATION_ASSIGNMENT ( #2592, #7275, ( #3307 ) ) ;
#2431 = CARTESIAN_POINT ( 'NONE',  ( 0.07164390599999594100, -0.4999999999999912847, -0.1055678770000016697 ) ) ;
#2432 = CARTESIAN_POINT ( 'NONE',  ( -0.1212899266154807698, 0.4500803152869761181, -0.03387045784958881561 ) ) ;
#2433 = CARTESIAN_POINT ( 'NONE',  ( 0.1147995066395191277, 0.4388385563744751638, -0.1814695064218324605 ) ) ;
#2434 = CARTESIAN_POINT ( 'NONE',  ( 0.06140490282888422247, 0.4714632797987929336, -0.02455482651401175512 ) ) ;
#2435 = CARTESIAN_POINT ( 'NONE',  ( -0.3858601250000029403, 0.2803437910000101119, -0.2392857139999990668 ) ) ;
#2436 = B_SPLINE_CURVE_WITH_KNOTS ( 'NONE', 3,
 ( #5321, #5239, #4729, #4081 ),
 .UNSPECIFIED., .F., .F.,
 ( 4, 4 ),
 ( 0.000000000000000000, 1.000000000000000000 ),
 .UNSPECIFIED. ) ;
#2437 = EDGE_CURVE ( 'NONE', #1024, #2739, #6791, .T. ) ;
#2438 = ORIENTED_EDGE ( 'NONE', *, *, #5200, .F. ) ;
#2439 = EDGE_LOOP ( 'NONE', ( #3790, #2528, #4916, #5803, #5623, #5870, #5484, #7342, #2815, #2351, #6366, #5314, #911, #694, #7290, #6647, #4244, #6109, #222, #2230, #1008 ) ) ;
#2440 =( CONVERSION_BASED_UNIT ( 'INCH', #5326 ) LENGTH_UNIT ( ) NAMED_UNIT ( #5087 ) );
#2441 = CARTESIAN_POINT ( 'NONE',  ( 0.4374450917886659185, -0.1199999870984662931, -0.06555746983419953600 ) ) ;
#2442 = ORIENTED_EDGE ( 'NONE', *, *, #3768, .F. ) ;
#2443 = CARTESIAN_POINT ( 'NONE',  ( 0.4314047349999962089, -0.1401718949999970765, -0.06607142900000351204 ) ) ;
#2444 = CARTESIAN_POINT ( 'NONE',  ( -0.4314047350000136949, 0.1401718949999970765, -0.1017857140000016369 ) ) ;
#2445 = B_SPLINE_CURVE_WITH_KNOTS ( 'NONE', 3,
 ( #7401, #6829, #3448, #594 ),
 .UNSPECIFIED., .F., .F.,
 ( 4, 4 ),
 ( 0.000000000000000000, 1.000000000000000000 ),
 .UNSPECIFIED. ) ;
#2446 = CARTESIAN_POINT ( 'NONE',  ( 0.1624598479999960488, 0.5000000000000104361, -0.2982142860000044360 ) ) ;
#2447 = ORIENTED_EDGE ( 'NONE', *, *, #4975, .F. ) ;
#2448 = CARTESIAN_POINT ( 'NONE',  ( -0.4857860370000088857, 0.1183719839999972656, -0.1991647130000006038 ) ) ;
#2449 = ORIENTED_EDGE ( 'NONE', *, *, #1957, .F. ) ;
#2450 = CARTESIAN_POINT ( 'NONE',  ( -0.3858601250000029403, 0.2803437910000101119, -0.3911607147200032442 ) ) ;
#2451 =( BOUNDED_CURVE ( )  B_SPLINE_CURVE ( 2, ( #4200, #5878, #56, #1304, #783 ),
 .UNSPECIFIED., .F., .T. ) 
 B_SPLINE_CURVE_WITH_KNOTS ( ( 3, 2, 3 ),
 ( 0.000000000000000000, 0.1291285783278810773, 1.000000000000000000 ),
 .UNSPECIFIED. ) 
 CURVE ( )  GEOMETRIC_REPRESENTATION_ITEM ( )  RATIONAL_B_SPLINE_CURVE ( ( 0.9899956120565327478, 0.9943442447054904321, 1.000000000000000000, 0.9618563472335995845, 0.9831665026651489336 ) ) 
 REPRESENTATION_ITEM ( '' )  );
#2452 = CARTESIAN_POINT ( 'NONE',  ( -0.1387701688124777788, -0.4803569926036972415, -0.04783381213246339081 ) ) ;
#2453 = CARTESIAN_POINT ( 'NONE',  ( 0.06126000473417369391, 0.8306569237673656625, -0.4534327031878201963 ) ) ;
#2454 = CARTESIAN_POINT ( 'NONE',  ( -0.3297653357275248664, -0.3762001364165095674, -0.4724453298461281925 ) ) ;
#2455 = CARTESIAN_POINT ( 'NONE',  ( 0.2488978589320692825, -0.7223241581090777963, -0.007843594442541788544 ) ) ;
#2456 = CARTESIAN_POINT ( 'NONE',  ( 0.4853864440066972818, 0.1200000000071583528, -4.559782123184895326E-11 ) ) ;
#2457 = ORIENTED_EDGE ( 'NONE', *, *, #6872, .T. ) ;
#2458 = CARTESIAN_POINT ( 'NONE',  ( 0.7499999999241206972, -0.4330127019561977875, -0.06698729800671858470 ) ) ;
#2459 = CARTESIAN_POINT ( 'NONE',  ( -0.2407423488483985963, -0.7270327440524406715, -0.4910516706431376499 ) ) ;
#2460 = CARTESIAN_POINT ( 'NONE',  ( 0.3858601249999845106, 0.2803437910000101119, -0.4035714289999984272 ) ) ;
#2461 = FACE_OUTER_BOUND ( 'NONE', #1081, .T. ) ;
#2462 = EDGE_CURVE ( 'NONE', #5998, #3547, #884, .T. ) ;
#2463 = DIRECTION ( 'NONE',  ( -1.000000000000000000, 8.326672684688663206E-16, 0.000000000000000000 ) ) ;
#2464 = EDGE_CURVE ( 'NONE', #2078, #6094, #2181, .T. ) ;
#2465 = CARTESIAN_POINT ( 'NONE',  ( -0.4374450905939697987, -0.1199999914536799966, -0.2290853871190881574 ) ) ;
#2466 = DIRECTION ( 'NONE',  ( -6.162975822039154730E-33, 0.000000000000000000, 1.000000000000000000 ) ) ;
#2467 = EDGE_CURVE ( 'NONE', #4164, #4049, #6631, .T. ) ;
#2468 = CARTESIAN_POINT ( 'NONE',  ( 0.2666227889999946421, 0.3669747859999997752, -0.3375000000000036859 ) ) ;
#2469 = CARTESIAN_POINT ( 'NONE',  ( -0.1303964274012907321, 0.4658532526652007788, -0.2018010578469366378 ) ) ;
#2470 = ORIENTED_EDGE ( 'NONE', *, *, #1934, .F. ) ;
#2471 = VERTEX_POINT ( 'NONE', #4502 ) ;
#2472 = CARTESIAN_POINT ( 'NONE',  ( -0.4485553942545403849, 0.2215071566626680422, -0.4159050728896842575 ) ) ;
#2473 = CARTESIAN_POINT ( 'NONE',  ( -0.2503179499437655497, 0.4340597215141510090, -0.4940261449905133939 ) ) ;
#2474 = CARTESIAN_POINT ( 'NONE',  ( 0.07048483521281943831, 0.4480960762204802550, -0.04639421858184938213 ) ) ;
#2475 = CARTESIAN_POINT ( 'NONE',  ( -0.1279915085255651508, -0.4616877941922489237, -0.2410000000453552116 ) ) ;
#2476 = CARTESIAN_POINT ( 'NONE',  ( 0.4081487210050824266, -0.2890563645564054318, -0.1677240398975879954 ) ) ;
#2477 = CARTESIAN_POINT ( 'NONE',  ( -0.7499999998483545260, 0.1199999999758830649, -0.2410000000202484338 ) ) ;
#2478 = CARTESIAN_POINT ( 'NONE',  ( 0.3226455917513546545, -0.3188385602653546758, -0.1428116259075151440 ) ) ;
#2479 = CARTESIAN_POINT ( 'NONE',  ( 0.4314047349999962089, -0.1401718949999970765, -0.3428571429999976994 ) ) ;
#2480 = ORIENTED_EDGE ( 'NONE', *, *, #1255, .T. ) ;
#2481 = ORIENTED_EDGE ( 'NONE', *, *, #6675, .T. ) ;
#2482 = CARTESIAN_POINT ( 'NONE',  ( -0.4535971184601242934, -0.002803424412564844807, -0.2410000002536138164 ) ) ;
#2483 = ADVANCED_FACE ( 'NONE', ( #555 ), #825, .T. ) ;
#2484 = CARTESIAN_POINT ( 'NONE',  ( 0.3764828893313166835, -0.3306403356381139025, -0.3117822475062200782 ) ) ;
#2485 = CARTESIAN_POINT ( 'NONE',  ( -0.4759694932300180814, -0.1546518630199979483, -0.4872321428600044357 ) ) ;
#2486 = ORIENTED_EDGE ( 'NONE', *, *, #2185, .F. ) ;
#2487 = ORIENTED_EDGE ( 'NONE', *, *, #5634, .T. ) ;
#2488 = CARTESIAN_POINT ( 'NONE',  ( -0.3226455992394767214, -0.3188385526878541598, -0.2232598029110046678 ) ) ;
#2489 = CARTESIAN_POINT ( 'NONE',  ( 0.4365652529999969333, -0.2744242959999905751, -0.1759861120000029699 ) ) ;
#2490 = VERTEX_POINT ( 'NONE', #3635 ) ;
#2491 = CARTESIAN_POINT ( 'NONE',  ( 3.585932950403458328E-11, 0.8660254038919832364, -0.4330127016082936930 ) ) ;
#2492 = CARTESIAN_POINT ( 'NONE',  ( -0.3971863188871678219, -0.3054853953404210176, -0.4746837296001583661 ) ) ;
#2493 = CARTESIAN_POINT ( 'NONE',  ( 0.4314047349999962089, 0.1401718950000014619, -0.05000000000000411060 ) ) ;
#2494 = CARTESIAN_POINT ( 'NONE',  ( 0.4555308245539621548, 0.2067763977348524296, -0.3701794533113853536 ) ) ;
#2495 = EDGE_CURVE ( 'NONE', #3106, #2625, #7419, .T. ) ;
#2496 = ORIENTED_EDGE ( 'NONE', *, *, #6114, .F. ) ;
#2497 = CARTESIAN_POINT ( 'NONE',  ( -0.4638502391610019870, 0.1866629426158016858, -0.1293311255324171016 ) ) ;
#2498 = CARTESIAN_POINT ( 'NONE',  ( 0.5000000000000148770, -1.686533677368569671E-11, -0.3750000000775847164 ) ) ;
#2499 = CARTESIAN_POINT ( 'NONE',  ( 0.4314047349999962089, 0.1401718950000036545, -0.4071428570000028002 ) ) ;
#2500 = CARTESIAN_POINT ( 'NONE',  ( -0.2710769512500170730, -0.7095190531857533678, -0.2527537684999960899 ) ) ;
#2501 = CARTESIAN_POINT ( 'NONE',  ( 0.3218282710788961665, -0.3196656399984841856, -0.1428409148407819851 ) ) ;
#2502 = CARTESIAN_POINT ( 'NONE',  ( -2.622574073917692690E-14, 0.8660254040000027187, -0.2527537684999960899 ) ) ;
#2503 = CARTESIAN_POINT ( 'NONE',  ( -0.2666227890000034129, 0.3669747860000008854, -0.4660714290000014248 ) ) ;
#2504 = CARTESIAN_POINT ( 'NONE',  ( 0.4348122852576029596, -0.2468607173409167743, -0.03263734935351927241 ) ) ;
#2505 = B_SPLINE_CURVE_WITH_KNOTS ( 'NONE', 3,
 ( #5717, #5156, #4415, #5607 ),
 .UNSPECIFIED., .F., .F.,
 ( 4, 4 ),
 ( 0.000000000000000000, 1.000000000000000000 ),
 .UNSPECIFIED. ) ;
#2506 = EDGE_CURVE ( 'NONE', #6616, #6011, #6672, .T. ) ;
#2507 = ORIENTED_EDGE ( 'NONE', *, *, #2926, .F. ) ;
#2508 = EDGE_CURVE ( 'NONE', #3263, #1840, #52, .T. ) ;
#2509 = ORIENTED_EDGE ( 'NONE', *, *, #755, .T. ) ;
#2510 = CARTESIAN_POINT ( 'NONE',  ( -0.4735180976586655932, 0.1613937321746904408, -0.4144448647291473220 ) ) ;
#2511 = DIRECTION ( 'NONE',  ( -1.000000000000000000, 8.326672684688663206E-16, 0.000000000000000000 ) ) ;
#2512 = CARTESIAN_POINT ( 'NONE',  ( 0.4690990319999799318, -0.1143058439999931203, -0.01067714200000365217 ) ) ;
#2513 = CARTESIAN_POINT ( 'NONE',  ( -0.1473854530000156260, -0.4536057819999870788, -0.5035714290000015136 ) ) ;
#2514 = ORIENTED_EDGE ( 'NONE', *, *, #4835, .T. ) ;
#2515 = CARTESIAN_POINT ( 'NONE',  ( -0.2710769512499996425, 0.7095190531857555882, -0.2527537684999960899 ) ) ;
#2516 = FACE_OUTER_BOUND ( 'NONE', #721, .T. ) ;
#2517 = CARTESIAN_POINT ( 'NONE',  ( 0.1473854529999788499, 0.4536057820000123364, -0.3964285709999997853 ) ) ;
#2518 = EDGE_CURVE ( 'NONE', #6490, #2290, #622, .T. ) ;
#2519 = ORIENTED_EDGE ( 'NONE', *, *, #3663, .T. ) ;
#2520 = CARTESIAN_POINT ( 'NONE',  ( -0.4522670967517134488, -0.1199999960907745106, -0.03208384737039640666 ) ) ;
#2521 = CARTESIAN_POINT ( 'NONE',  ( 0.4755654272650787218, 0.1200000067964945016, -0.009528311184337383277 ) ) ;
#2522 = B_SPLINE_CURVE_WITH_KNOTS ( 'NONE', 3,
 ( #928, #2591, #3782, #4314, #4384, #4974, #2063, #6097, #4876, #3220, #3851, #7242, #7176, #5500 ),
 .UNSPECIFIED., .F., .F.,
 ( 4, 2, 2, 1, 1, 2, 2, 4 ),
 ( 0.000000000000000000, 0.2499999999999992228, 0.3749999999999985012, 0.4374999999999983347, 0.4687499999999983902, 0.4843749999999984457, 0.4999999999999984457, 1.000000000000000000 ),
 .UNSPECIFIED. ) ;
#2523 = CARTESIAN_POINT ( 'NONE',  ( -0.3516235350330953469, 0.3552233278808421546, -0.0001899098966620252154 ) ) ;
#2524 = CARTESIAN_POINT ( 'NONE',  ( -0.4253254040000215563, 0.3090169940000098703, -0.2125000000000022427 ) ) ;
#2525 = ORIENTED_EDGE ( 'NONE', *, *, #1687, .T. ) ;
#2526 = CARTESIAN_POINT ( 'NONE',  ( 0.4916616012092383525, 0.08180527926780489789, -0.2410000000000021569 ) ) ;
#2527 = ADVANCED_FACE ( 'NONE', ( #4119 ), #7403, .T. ) ;
#2528 = ORIENTED_EDGE ( 'NONE', *, *, #5121, .F. ) ;
#2529 = CARTESIAN_POINT ( 'NONE',  ( 0.3466162712046374494, 0.3603569918280165041, -0.2318991169520403239 ) ) ;
#2530 = ORIENTED_EDGE ( 'NONE', *, *, #4910, .T. ) ;
#2531 = CARTESIAN_POINT ( 'NONE',  ( 0.6876513917184862157, -0.4690096877838894063, -0.4527923936199109711 ) ) ;
#2532 = CARTESIAN_POINT ( 'NONE',  ( -0.2503134298908965549, -0.4340610138860571121, -0.4702594606206905725 ) ) ;
#2533 = CARTESIAN_POINT ( 'NONE',  ( 0.1548363828604917281, -0.7766305766528944776, -0.02417549419004051681 ) ) ;
#2534 = CARTESIAN_POINT ( 'NONE',  ( 0.1761943508262420188, 0.4682136200542543758, -0.3612432631647555792 ) ) ;
#2535 = VERTEX_POINT ( 'NONE', #5277 ) ;
#2536 = CARTESIAN_POINT ( 'NONE',  ( -0.2938926260000032653, -0.4045084969999983016, -0.2660714290000024684 ) ) ;
#2537 = CARTESIAN_POINT ( 'NONE',  ( -0.3971863272091467056, -0.3054853845437051074, -0.4032551587120007941 ) ) ;
#2538 = CARTESIAN_POINT ( 'NONE',  ( 0.3858601249999845106, 0.2803437910000101119, -0.4749999999999968692 ) ) ;
#2539 = EDGE_CURVE ( 'NONE', #4990, #2834, #703, .T. ) ;
#2540 = CARTESIAN_POINT ( 'NONE',  ( 0.4374450917886659185, -0.1199999870984662931, -0.06555746983419953600 ) ) ;
#2541 = CARTESIAN_POINT ( 'NONE',  ( 0.3226455930000037275, -0.3188385589999933600, -0.1428116259999981652 ) ) ;
#2542 = CARTESIAN_POINT ( 'NONE',  ( 0.4853864409698701587, 0.1200000122326906199, -0.1668690843965225101 ) ) ;
#2543 = CARTESIAN_POINT ( 'NONE',  ( 0.5257311119999773519, 6.893843922477773550E-15, -0.3750000000000028866 ) ) ;
#2544 = CARTESIAN_POINT ( 'NONE',  ( -0.3382477271590892953, -0.3458622492939280035, -0.1065383610237165546 ) ) ;
#2545 = VERTEX_POINT ( 'NONE', #4078 ) ;
#2546 = VERTEX_POINT ( 'NONE', #1261 ) ;
#2547 = CARTESIAN_POINT ( 'NONE',  ( 0.4830452386029876477, 0.1301317604184095977, -0.4434206057093003084 ) ) ;
#2548 = DIRECTION ( 'NONE',  ( -6.162975822039154730E-33, -0.000000000000000000, 1.000000000000000000 ) ) ;
#2549 = CARTESIAN_POINT ( 'NONE',  ( 0.4526480700853910411, 0.1199999977990128808, -0.1394346534096134183 ) ) ;
#2550 = CARTESIAN_POINT ( 'NONE',  ( -0.7500000000000176525, 0.1193622072812298568, -0.4945521463720909394 ) ) ;
#2551 = ORIENTED_EDGE ( 'NONE', *, *, #4590, .T. ) ;
#2552 = LINE ( 'NONE', #6937, #362 ) ;
#2553 = CARTESIAN_POINT ( 'NONE',  ( -0.4764615263200069895, 1.034076588371666072E-14, -0.3836607138500026659 ) ) ;
#2554 = CARTESIAN_POINT ( 'NONE',  ( -0.1473854529999972240, 0.4536057820000077290, -0.3892857140000038907 ) ) ;
#2555 = VERTEX_POINT ( 'NONE', #1301 ) ;
#2556 = COORDINATED_UNIVERSAL_TIME_OFFSET ( 10, 0, .AHEAD. ) ;
#2557 = CARTESIAN_POINT ( 'NONE',  ( -0.3542420347427417404, 0.3528634025629609483, -4.943552129334850712E-11 ) ) ;
#2558 = B_SPLINE_CURVE_WITH_KNOTS ( 'NONE', 3,
 ( #2067, #6569, #1494, #7277 ),
 .UNSPECIFIED., .F., .F.,
 ( 4, 4 ),
 ( 0.000000000000000000, 1.000000000000000000 ),
 .UNSPECIFIED. ) ;
#2559 = CARTESIAN_POINT ( 'NONE',  ( -0.1473854530000156260, -0.4536057819999870233, -0.2982142860000044360 ) ) ;
#2560 = CARTESIAN_POINT ( 'NONE',  ( -0.4253254040000215563, 0.3090169940000098703, -0.4267857140000005933 ) ) ;
#2561 = EDGE_CURVE ( 'NONE', #4777, #3259, #7171, .T. ) ;
#2562 = ORIENTED_EDGE ( 'NONE', *, *, #5683, .F. ) ;
#2563 =( BOUNDED_CURVE ( )  B_SPLINE_CURVE ( 2, ( #4333, #943, #1014, #2642, #915 ),
 .UNSPECIFIED., .F., .T. ) 
 B_SPLINE_CURVE_WITH_KNOTS ( ( 3, 2, 3 ),
 ( 0.000000000000000000, 0.4999999888397891890, 1.000000000000000000 ),
 .UNSPECIFIED. ) 
 CURVE ( )  GEOMETRIC_REPRESENTATION_ITEM ( )  RATIONAL_B_SPLINE_CURVE ( ( 0.9757927087854927350, 0.9780721857691476728, 1.000000000000000000, 0.9780721847902789090, 0.9757927085819786406 ) ) 
 REPRESENTATION_ITEM ( '' )  );
#2564 = ORIENTED_EDGE ( 'NONE', *, *, #339, .F. ) ;
#2565 = CARTESIAN_POINT ( 'NONE',  ( 0.6617954816353767145, -0.1199999999999978167, -0.2410000000000021847 ) ) ;
#2566 = DIRECTION ( 'NONE',  ( -6.162975822039154730E-33, 0.000000000000000000, 1.000000000000000000 ) ) ;
#2567 = CARTESIAN_POINT ( 'NONE',  ( -0.7500000000000176525, -0.07741794838047985627, -0.4977532829430265093 ) ) ;
#2568 = CARTESIAN_POINT ( 'NONE',  ( 0.7500000000000009992, 0.2815490234736571784, -0.02950558084875572543 ) ) ;
#2569 = CARTESIAN_POINT ( 'NONE',  ( 0.3764930479876154035, 0.3306300667737249732, -0.3667895113610178948 ) ) ;
#2570 = VERTEX_POINT ( 'NONE', #3514 ) ;
#2571 = DIRECTION ( 'NONE',  ( -4.273005485591898101E-63, -5.131708243377008956E-48, 1.000000000000000000 ) ) ;
#2572 = CARTESIAN_POINT ( 'NONE',  ( 0.4967620798753378253, -0.06566182944594482762, -0.3765177584346103834 ) ) ;
#2573 = CARTESIAN_POINT ( 'NONE',  ( 0.4314047349999962089, 0.1401718950000036545, -0.4785714290000002702 ) ) ;
#2574 = CARTESIAN_POINT ( 'NONE',  ( 0.7499999999709161536, -0.1200000001895747681, -0.005507537011315514347 ) ) ;
#2575 = DIRECTION ( 'NONE',  ( 6.162975822039154730E-33, 0.000000000000000000, -1.000000000000000000 ) ) ;
#2576 = CARTESIAN_POINT ( 'NONE',  ( -0.3252674351969935262, -0.3233797147169923392, -0.2350730128365624283 ) ) ;
#2577 = EDGE_CURVE ( 'NONE', #5155, #2070, #3917, .T. ) ;
#2578 = CARTESIAN_POINT ( 'NONE',  ( -0.4253254040000215563, 0.3090169940000098703, -0.4892857139999979843 ) ) ;
#2579 = FACE_OUTER_BOUND ( 'NONE', #4615, .T. ) ;
#2580 = EDGE_LOOP ( 'NONE', ( #5601, #3730, #6628, #7322 ) ) ;
#2581 = CARTESIAN_POINT ( 'NONE',  ( -0.4331248396735233874, 0.2503402393252238123, -0.4166539061406321909 ) ) ;
#2582 = DIRECTION ( 'NONE',  ( -2.157041537713704703E-32, 0.000000000000000000, 1.000000000000000000 ) ) ;
#2583 = CARTESIAN_POINT ( 'NONE',  ( -0.4374450883968296622, 0.1199999999775625964, -0.2352003277081534116 ) ) ;
#2584 = B_SPLINE_CURVE_WITH_KNOTS ( 'NONE', 3,
 ( #161, #1293, #2338, #3582 ),
 .UNSPECIFIED., .F., .F.,
 ( 4, 4 ),
 ( 0.000000000000000000, 1.000000000000000000 ),
 .UNSPECIFIED. ) ;
#2585 = CARTESIAN_POINT ( 'NONE',  ( 0.1387701701143148059, -0.4803569922276113568, -0.1843090454815351775 ) ) ;
#2586 = CARTESIAN_POINT ( 'NONE',  ( 0.3226455929999859085, 0.3188385590000044623, -0.05361694599999587696 ) ) ;
#2587 = ORIENTED_EDGE ( 'NONE', *, *, #4784, .F. ) ;
#2588 = EDGE_CURVE ( 'NONE', #4423, #6739, #5857, .T. ) ;
#2589 = CARTESIAN_POINT ( 'NONE',  ( -0.4999999978606589623, -0.03047274304867120254, -0.2671527723488604233 ) ) ;
#2590 = CARTESIAN_POINT ( 'NONE',  ( -0.4309634997700156900, 0.1400285289800063948, -0.3158035718600036845 ) ) ;
#2591 = CARTESIAN_POINT ( 'NONE',  ( -0.4795326087576845531, 0.1436781022325874790, -0.06581073351678096151 ) ) ;
#2592 = PERSON_AND_ORGANIZATION ( #4148, #7128 ) ;
#2593 = FACE_OUTER_BOUND ( 'NONE', #2955, .T. ) ;
#2594 = CARTESIAN_POINT ( 'NONE',  ( 0.3981920380000049664, 0.2423900660000098961, -0.1188241629999993998 ) ) ;
#2595 = CARTESIAN_POINT ( 'NONE',  ( -0.4755282580000375625, -0.1545084969999974134, -0.4160714289999973281 ) ) ;
#2596 = ORIENTED_EDGE ( 'NONE', *, *, #2904, .F. ) ;
#2597 = ADVANCED_FACE ( 'NONE', ( #4309 ), #4138, .T. ) ;
#2598 = EDGE_CURVE ( 'NONE', #4956, #4760, #3137, .T. ) ;
#2599 = CARTESIAN_POINT ( 'NONE',  ( -0.09061018541855314634, 0.7458930001255877906, 1.370955702178422922E-48 ) ) ;
#2600 = FACE_OUTER_BOUND ( 'NONE', #2356, .T. ) ;
#2601 = CARTESIAN_POINT ( 'NONE',  ( -0.7500000000000180966, -0.3963841269027857939, -0.4435864606136045163 ) ) ;
#2602 = CARTESIAN_POINT ( 'NONE',  ( 0.05834953799998172930, -0.4536057819999991247, -0.2218896517100013843 ) ) ;
#2603 = CARTESIAN_POINT ( 'NONE',  ( 0.4853864437750715632, 0.1200000008860550443, -0.1579405128978505213 ) ) ;
#2604 = ORIENTED_EDGE ( 'NONE', *, *, #5658, .T. ) ;
#2605 =( BOUNDED_CURVE ( )  B_SPLINE_CURVE ( 2, ( #294, #6004, #2000, #6071, #935 ),
 .UNSPECIFIED., .F., .T. ) 
 B_SPLINE_CURVE_WITH_KNOTS ( ( 3, 2, 3 ),
 ( 0.000000000000000000, 0.8708714440210117980, 1.000000000000000000 ),
 .UNSPECIFIED. ) 
 CURVE ( )  GEOMETRIC_REPRESENTATION_ITEM ( )  RATIONAL_B_SPLINE_CURVE ( ( 0.9831665037589036871, 0.9618563462547280452, 1.000000000000000000, 0.9943442456843594179, 0.9899956135618107611 ) ) 
 REPRESENTATION_ITEM ( '' )  );
#2606 = CARTESIAN_POINT ( 'NONE',  ( -1.748382715945128460E-14, 0.4536057820000065077, -0.2589285710000013840 ) ) ;
#2607 = CARTESIAN_POINT ( 'NONE',  ( 0.3302575678762718625, 0.3320228943959683265, -0.1789676639474752640 ) ) ;
#2608 = CARTESIAN_POINT ( 'NONE',  ( -0.1387701786088497147, -0.4803569897151963031, -0.1817623836081151134 ) ) ;
#2609 = B_SPLINE_CURVE_WITH_KNOTS ( 'NONE', 3,
 ( #3489, #5773, #636, #2925 ),
 .UNSPECIFIED., .F., .F.,
 ( 4, 4 ),
 ( 0.000000000000000000, 1.000000000000000000 ),
 .UNSPECIFIED. ) ;
#2610 = CARTESIAN_POINT ( 'NONE',  ( 0.1147994872945298228, -0.4388385614002898172, -0.2203162082907821895 ) ) ;
#2611 = CARTESIAN_POINT ( 'NONE',  ( -0.4755282580000375625, -0.1545084969999974134, -0.3357142860000015272 ) ) ;
#2612 = LINE ( 'NONE', #1411, #1455 ) ;
#2613 = VERTEX_POINT ( 'NONE', #4343 ) ;
#2614 = EDGE_CURVE ( 'NONE', #4574, #6859, #3778, .T. ) ;
#2615 = VERTEX_POINT ( 'NONE', #4408 ) ;
#2616 = CARTESIAN_POINT ( 'NONE',  ( 0.000000000000000000, 0.000000000000000000, -0.07176427400000157109 ) ) ;
#2617 = FACE_OUTER_BOUND ( 'NONE', #7095, .T. ) ;
#2618 = CARTESIAN_POINT ( 'NONE',  ( -0.02383152661124739516, 0.4544596467828528330, -0.04491593335941737597 ) ) ;
#2619 = CARTESIAN_POINT ( 'NONE',  ( 0.4374450917886659185, 0.1199999870984695682, -0.1308711013108534438 ) ) ;
#2620 = CARTESIAN_POINT ( 'NONE',  ( -0.7500000000000174305, 0.2209598488365606961, -0.4815993430741457582 ) ) ;
#2621 = ORIENTED_EDGE ( 'NONE', *, *, #5791, .T. ) ;
#2622 = CARTESIAN_POINT ( 'NONE',  ( 0.2587330524430790923, -0.4289052118452675311, -0.2438043340807882486 ) ) ;
#2623 = CARTESIAN_POINT ( 'NONE',  ( -0.1472347090500014666, 0.4531418398200126041, -0.2550892858599980717 ) ) ;
#2624 = CARTESIAN_POINT ( 'NONE',  ( -0.3794417733749341770, 0.3264655908624489733, -0.2045247370370770756 ) ) ;
#2625 = VERTEX_POINT ( 'NONE', #923 ) ;
#2626 = EDGE_CURVE ( 'NONE', #1382, #5377, #1381, .T. ) ;
#2627 = CARTESIAN_POINT ( 'NONE',  ( 0.3226455917513546545, -0.3188385602653546758, -0.1338830543845143939 ) ) ;
#2628 = CARTESIAN_POINT ( 'NONE',  ( 0.2666227889999946421, 0.3669747859999997752, -0.3375000000000036859 ) ) ;
#2629 = CARTESIAN_POINT ( 'NONE',  ( 0.4755282579999851045, 0.1545084970000039915, -0.3803571430000029507 ) ) ;
#2630 = VERTEX_POINT ( 'NONE', #5393 ) ;
#2631 = CARTESIAN_POINT ( 'NONE',  ( -0.2938926260000032653, -0.4045084969999983016, -0.3375000000000036859 ) ) ;
#2632 = ORIENTED_EDGE ( 'NONE', *, *, #5031, .T. ) ;
#2633 = CARTESIAN_POINT ( 'NONE',  ( 0.4757023016245146563, -0.5839405566009887583, -0.001835845691366614577 ) ) ;
#2634 = ORIENTED_EDGE ( 'NONE', *, *, #5465, .T. ) ;
#2635 = CARTESIAN_POINT ( 'NONE',  ( 0.7500000000000013323, 0.01829296054918672434, -0.5000000000000001110 ) ) ;
#2636 = DIRECTION ( 'NONE',  ( -0.8660254037305487040, -0.5000000000933402244, 1.540743955509788409E-32 ) ) ;
#2637 = CARTESIAN_POINT ( 'NONE',  ( 0.2015030769708026082, -0.7496875482394101953, -0.4849343494175255564 ) ) ;
#2638 = ORIENTED_EDGE ( 'NONE', *, *, #2646, .F. ) ;
#2639 = VECTOR ( 'NONE', #3706, 39.37007874015748854 ) ;
#2640 = CARTESIAN_POINT ( 'NONE',  ( 0.4769493439999838991, 3.446921961238886775E-15, -0.4107142860000034812 ) ) ;
#2641 = LINE ( 'NONE', #879, #3848 ) ;
#2642 = CARTESIAN_POINT ( 'NONE',  ( 0.07077533709766363479, -0.4999999999999912292, -0.1145155421504290283 ) ) ;
#2643 = AXIS2_PLACEMENT_3D ( 'NONE', #5077, #7378, #6235 ) ;
#2644 =( BOUNDED_SURFACE ( )  B_SPLINE_SURFACE ( 1, 2, ( 
 ( #1426, #3192, #3119, #5403, #3715 ),
 ( #5471, #254, #7180, #7244, #6000 ) ),
 .UNSPECIFIED., .F., .F., .F. ) 
 B_SPLINE_SURFACE_WITH_KNOTS ( ( 2, 2 ),
 ( 3, 2, 3 ),
 ( 0.000000000000000000, 0.9230769230769269029 ),
 ( 0.2229663563030620521, 0.2285714285714290639, 0.2294351872331140407 ),
 .UNSPECIFIED. ) 
 GEOMETRIC_REPRESENTATION_ITEM ( )  RATIONAL_B_SPLINE_SURFACE ( (
 ( 0.9834629611452947451, 0.9615935531476199616, 1.000000000000000000, 0.9940814498823647982, 0.9895943154647740547),
 ( 0.9834629611452947451, 0.9615935531476199616, 1.000000000000000000, 0.9940814498823647982, 0.9895943154647740547) ) ) 
 REPRESENTATION_ITEM ( '' )  SURFACE ( )  );
#2645 = DIRECTION ( 'NONE',  ( -0.4999999974197800179, 0.8660254052741293007, 0.000000000000000000 ) ) ;
#2646 = EDGE_CURVE ( 'NONE', #283, #2615, #4840, .T. ) ;
#2647 = CARTESIAN_POINT ( 'NONE',  ( -0.1624598480000327694, 0.5000000000000104361, -0.3535714289999967175 ) ) ;
#2648 = CARTESIAN_POINT ( 'NONE',  ( 0.4541957423898971835, 0.1878074693647390214, -0.008508017058551432463 ) ) ;
#2649 = VECTOR ( 'NONE', #2229, 39.37007874015748143 ) ;
#2650 = CARTESIAN_POINT ( 'NONE',  ( -0.3297780693757136894, 0.3761881799477336252, -0.2775542738793018716 ) ) ;
#2651 = CARTESIAN_POINT ( 'NONE',  ( 0.3382477358621039376, 0.3458622407826417167, -0.1422526473104195610 ) ) ;
#2652 = CARTESIAN_POINT ( 'NONE',  ( -0.4470577210000055146, 0.1089350150000024803, -0.03329352500000228032 ) ) ;
#2653 = CARTESIAN_POINT ( 'NONE',  ( 0.1303964392018681917, -0.4658532493621140302, -0.1660867715551817836 ) ) ;
#2654 = ORIENTED_EDGE ( 'NONE', *, *, #4354, .T. ) ;
#2655 = CONICAL_SURFACE ( 'NONE', #5285, 0.4536057820000006791, 0.7853981633974472798 ) ;
#2656 = PLANE ( 'NONE',  #6608 ) ;
#2657 = CARTESIAN_POINT ( 'NONE',  ( -0.4309634997700156900, -0.1400285289800009270, -0.2372321428600013549 ) ) ;
#2658 = CARTESIAN_POINT ( 'NONE',  ( -0.1387701734522047148, -0.4803569911639083978, -0.04017857149999787963 ) ) ;
#2659 = B_SPLINE_CURVE_WITH_KNOTS ( 'NONE', 3,
 ( #7160, #4862, #4831, #4264 ),
 .UNSPECIFIED., .F., .F.,
 ( 4, 4 ),
 ( 0.000000000000000000, 1.000000000000000000 ),
 .UNSPECIFIED. ) ;
#2660 = VECTOR ( 'NONE', #5590, 39.37007874015748143 ) ;
#2661 = ORIENTED_EDGE ( 'NONE', *, *, #2028, .T. ) ;
#2662 = CC_DESIGN_PERSON_AND_ORGANIZATION_ASSIGNMENT ( #4386, #5540, ( #6262 ) ) ;
#2663 = CARTESIAN_POINT ( 'NONE',  ( 0.4374450879999922104, -0.1199999999999933759, -0.06555747000000172742 ) ) ;
#2664 = CARTESIAN_POINT ( 'NONE',  ( -0.3858601250000029403, 0.2803437910000101119, -0.2482142860000028650 ) ) ;
#2665 = CARTESIAN_POINT ( 'NONE',  ( -0.1624598480000143952, -0.4999999999999896749, -0.4053571430000035836 ) ) ;
#2666 = ORIENTED_EDGE ( 'NONE', *, *, #2462, .F. ) ;
#2667 = B_SPLINE_CURVE_WITH_KNOTS ( 'NONE', 3,
 ( #6516, #1372, #3102, #2542 ),
 .UNSPECIFIED., .F., .F.,
 ( 4, 4 ),
 ( 0.000000000000000000, 1.000000000000000000 ),
 .UNSPECIFIED. ) ;
#2668 = EDGE_CURVE ( 'NONE', #7198, #2101, #2861, .T. ) ;
#2669 = CARTESIAN_POINT ( 'NONE',  ( 0.2237269731728131206, 0.7172968516562142627, 1.224208611349308343E-48 ) ) ;
#2670 = ORIENTED_EDGE ( 'NONE', *, *, #7319, .F. ) ;
#2671 = CARTESIAN_POINT ( 'NONE',  ( 0.7500000000000008882, 0.3967482738039476153, -0.4434813403933171583 ) ) ;
#2672 = CARTESIAN_POINT ( 'NONE',  ( -0.7500000000000179856, -0.2357692917438715396, -0.4792133574404043306 ) ) ;
#2673 = CARTESIAN_POINT ( 'NONE',  ( 0.1836789406397271729, -0.7599783181507908658, -0.4816060205968402119 ) ) ;
#2674 = CARTESIAN_POINT ( 'NONE',  ( 0.5021335495546805916, 0.5761184639233019045, -0.4935959316405530428 ) ) ;
#2675 = EDGE_CURVE ( 'NONE', #2696, #4950, #495, .T. ) ;
#2676 = ORIENTED_EDGE ( 'NONE', *, *, #1363, .F. ) ;
#2677 = CARTESIAN_POINT ( 'NONE',  ( 0.2666227889999946421, 0.3669747859999997752, -0.3375000000000036859 ) ) ;
#2678 = FACE_OUTER_BOUND ( 'NONE', #6863, .T. ) ;
#2679 = CARTESIAN_POINT ( 'NONE',  ( -0.4686285187326021950, -0.1200000106969282276, -0.2118855351802694242 ) ) ;
#2680 = LOCAL_TIME ( 14, 52, 2.000000000000000000, #4878 ) ;
#2681 = CARTESIAN_POINT ( 'NONE',  ( -0.5000000000000061062, 1.009571254242269478E-08, -0.4107142860542906115 ) ) ;
#2682 = CARTESIAN_POINT ( 'NONE',  ( -0.3226455853243434535, 0.3188385667691438496, -0.1785259120370296937 ) ) ;
#2683 = LINE ( 'NONE', #3143, #5636 ) ;
#2684 = CARTESIAN_POINT ( 'NONE',  ( 0.06548227852044818942, 0.4967613527736399193, -0.2871769456488044714 ) ) ;
#2685 = ADVANCED_FACE ( 'NONE', ( #4444 ), #1625, .F. ) ;
#2686 = CARTESIAN_POINT ( 'NONE',  ( 0.3466162706230379031, -0.3603569910261360532, 0.000000000000000000 ) ) ;
#2687 =( BOUNDED_SURFACE ( )  B_SPLINE_SURFACE ( 1, 2, ( 
 ( #885, #2086, #452, #2718, #3309, #529, #2789, #6157, #6763, #6230, #3990, #6728, #420, #490, #3344, #5672, #7373, #7298, #3950, #2823, #2857, #2225, #1583, #6272, #3387, #4551, #1052, #2152, #4436, #3874, #6194, #2298, #5633, #1657, #1090, #5109, #1017, #1735, #3421, #5144, #2752, #4512, #6121, #5001, #5595, #5034, #5071, #1125, #6840, #1697, #5708, #6799, #7410, #983, #566, #2261, #7445, #4589, #7334, #2191, #6880, #3277, #4476, #5563, #1619, #3909, #2935, #4791, #2416, #6307, #7084, #7008, #4064, #1858, #6468, #1328, #5181, #7049, #5904 ),
 ( #4105, #4029, #4149, #36, #5784, #6345, #3619, #1895, #766, #1159, #1199, #2373, #6386, #3457, #3499, #3539, #1244, #5741, #2897, #605, #4629, #2333, #6920, #646, #5822, #684, #1776, #5221, #79, #4666, #6962, #6427, #1288, #196, #1819, #158, #4753, #2976, #4184, #5260, #3578, #119, #725, #4713, #5860, #3060, #5345, #3015, #5305, #2460, #2499, #2640, #6511, #3696, #4829, #1439, #3136, #2009, #375, #2080, #6648, #5485, #7191, #3171, #2044, #301, #6582, #6617, #6080, #2538, #2573, #5976, #3767, #4297, #4330, #1369, #5448, #3099, #6014 ),
 ( #3733, #5380, #231, #7125, #876, #5517, #2606, #4890, #1475, #6050, #1974, #4960, #1510, #941, #839, #912, #1936, #3662, #4263, #6549, #3204, #7223, #338, #4926, #4367, #3799, #3234, #4224, #2677, #5941, #803, #1405, #5418, #270, #4861, #7159, #6720, #3414, #1540, #3378, #6151, #559, #5626, #2111, #2851, #2783, #7292, #5063, #2255, #4544, #976, #2816, #1690, #482, #5102, #1650, #3832, #5700, #6831, #7327, #445, #6263, #4430, #5558, #3983, #6221, #7258, #2746, #7366, #6113, #2218, #1120, #4505, #2146, #3941, #1576, #413, #6793, #4397 ),
 ( #7404, #1084, #2184, #6684, #5665, #5028, #3270, #3867, #2712, #1012, #522, #3903, #3303, #4468, #4993, #5589, #6756, #1613, #6188, #1044, #3337, #6375, #6300, #2966, #1849, #1884, #1233, #598, #3003, #2404, #3569, #69, #1151, #3450, #5733, #5211, #1319, #2364, #674, #5251, #108, #2892, #756, #2450, #4174, #1767, #3529, #5136, #6874, #5174, #29, #1807, #5297, #5849, #714, #147, #5812, #4655, #7437, #4743, #1277, #4701, #7039, #2326, #6336, #6458, #2291, #4622, #3607, #1728, #5891, #4055, #4583, #6998, #4022, #6912, #4137, #1190, #6417 ) ),
 .UNSPECIFIED., .F., .F., .F. ) 
 B_SPLINE_SURFACE_WITH_KNOTS ( ( 2, 1, 1, 2 ),
 ( 3, 2, 2, 2, 2, 2, 2, 2, 2, 2, 2, 2, 2, 2, 2, 2, 2, 2, 2, 2, 2, 2, 2, 2, 2, 2, 2, 2, 2, 2, 2, 2, 2, 2, 2, 2, 2, 2, 2, 3 ),
 ( -0.01000000000000000021, 0.000000000000000000, 1.000000000000000000, 1.010000000000000009 ),
 ( 0.2661799006571969883, 0.2714285714285710749, 0.2785714285714289695, 0.2857142857142860870, 0.2928571428571430380, 0.3000000000000000444, 0.3071428571428571064, 0.3142857142857140573, 0.3214285714285711193, 0.3285714285714290139, 0.3357142857142861314, 0.3428571428571430824, 0.3500000000000000333, 0.3571428571428570953, 0.3642857142857140462, 0.3714285714285711082, 0.3785714285714290028, 0.3857142857142861203, 0.3928571428571430713, 0.4000000000000000222, 0.4071428571428570842, 0.4142857142857140351, 0.4214285714285710971, 0.4285714285714289917, 0.4357142857142861092, 0.4428571428571430602, 0.4500000000000000111, 0.4571428571428570731, 0.4642857142857140240, 0.4714285714285710860, 0.4785714285714289806, 0.4857142857142860981, 0.4928571428571430491, 0.5000000000000000000, 0.5071428571428570065, 0.5142857142857140129, 0.5214285714285711304, 0.5285714285714290250, 0.5357142857142859205, 0.5373218466589601006 ),
 .UNSPECIFIED. ) 
 GEOMETRIC_REPRESENTATION_ITEM ( )  RATIONAL_B_SPLINE_SURFACE ( (
 ( 0.9809255078009508910, 0.9640356474680822352, 1.000000000000000000, 0.9510565162951540863, 1.000000000000000000, 0.9510565162951540863, 1.000000000000000000, 0.9510565162951540863, 1.000000000000000000, 0.9510565162951540863, 1.000000000000000000, 0.9510565162951540863, 1.000000000000000000, 0.9510565162951540863, 1.000000000000000000, 0.9510565162951540863, 1.000000000000000000, 0.9510565162951540863, 1.000000000000000000, 0.9510565162951540863, 1.000000000000000000, 0.9510565162951540863, 1.000000000000000000, 0.9510565162951540863, 1.000000000000000000, 0.9510565162951540863, 1.000000000000000000, 0.9510565162951540863, 1.000000000000000000, 0.9510565162951540863, 1.000000000000000000, 0.9510565162951540863, 1.000000000000000000, 0.9510565162951540863, 1.000000000000000000, 0.9510565162951540863, 1.000000000000000000, 0.9510565162951540863, 1.000000000000000000, 0.9510565162951540863, 1.000000000000000000, 0.9510565162951540863, 1.000000000000000000, 0.9510565162951540863, 1.000000000000000000, 0.9510565162951540863, 1.000000000000000000, 0.9510565162951540863, 1.000000000000000000, 0.9510565162951540863, 1.000000000000000000, 0.9510565162951540863, 1.000000000000000000, 0.9510565162951540863, 1.000000000000000000, 0.9510565162951540863, 1.000000000000000000, 0.9510565162951540863, 1.000000000000000000, 0.9510565162951540863, 1.000000000000000000, 0.9510565162951540863, 1.000000000000000000, 0.9510565162951540863, 1.000000000000000000, 0.9510565162951540863, 1.000000000000000000, 0.9510565162951540863, 1.000000000000000000, 0.9510565162951540863, 1.000000000000000000, 0.9510565162951540863, 1.000000000000000000, 0.9510565162951540863, 1.000000000000000000, 0.9510565162951540863, 1.000000000000000000, 0.9889848513939689667, 0.9829278091436129960),
 ( 0.9809255078009508910, 0.9640356474680822352, 1.000000000000000000, 0.9510565162951540863, 1.000000000000000000, 0.9510565162951540863, 1.000000000000000000, 0.9510565162951540863, 1.000000000000000000, 0.9510565162951540863, 1.000000000000000000, 0.9510565162951540863, 1.000000000000000000, 0.9510565162951540863, 1.000000000000000000, 0.9510565162951540863, 1.000000000000000000, 0.9510565162951540863, 1.000000000000000000, 0.9510565162951540863, 1.000000000000000000, 0.9510565162951540863, 1.000000000000000000, 0.9510565162951540863, 1.000000000000000000, 0.9510565162951540863, 1.000000000000000000, 0.9510565162951540863, 1.000000000000000000, 0.9510565162951540863, 1.000000000000000000, 0.9510565162951540863, 1.000000000000000000, 0.9510565162951540863, 1.000000000000000000, 0.9510565162951540863, 1.000000000000000000, 0.9510565162951540863, 1.000000000000000000, 0.9510565162951540863, 1.000000000000000000, 0.9510565162951540863, 1.000000000000000000, 0.9510565162951540863, 1.000000000000000000, 0.9510565162951540863, 1.000000000000000000, 0.9510565162951540863, 1.000000000000000000, 0.9510565162951540863, 1.000000000000000000, 0.9510565162951540863, 1.000000000000000000, 0.9510565162951540863, 1.000000000000000000, 0.9510565162951540863, 1.000000000000000000, 0.9510565162951540863, 1.000000000000000000, 0.9510565162951540863, 1.000000000000000000, 0.9510565162951540863, 1.000000000000000000, 0.9510565162951540863, 1.000000000000000000, 0.9510565162951540863, 1.000000000000000000, 0.9510565162951540863, 1.000000000000000000, 0.9510565162951540863, 1.000000000000000000, 0.9510565162951540863, 1.000000000000000000, 0.9510565162951540863, 1.000000000000000000, 0.9510565162951540863, 1.000000000000000000, 0.9889848513939689667, 0.9829278091436129960),
 ( 0.9809255078009508910, 0.9640356474680822352, 1.000000000000000000, 0.9510565162951540863, 1.000000000000000000, 0.9510565162951540863, 1.000000000000000000, 0.9510565162951540863, 1.000000000000000000, 0.9510565162951540863, 1.000000000000000000, 0.9510565162951540863, 1.000000000000000000, 0.9510565162951540863, 1.000000000000000000, 0.9510565162951540863, 1.000000000000000000, 0.9510565162951540863, 1.000000000000000000, 0.9510565162951540863, 1.000000000000000000, 0.9510565162951540863, 1.000000000000000000, 0.9510565162951540863, 1.000000000000000000, 0.9510565162951540863, 1.000000000000000000, 0.9510565162951540863, 1.000000000000000000, 0.9510565162951540863, 1.000000000000000000, 0.9510565162951540863, 1.000000000000000000, 0.9510565162951540863, 1.000000000000000000, 0.9510565162951540863, 1.000000000000000000, 0.9510565162951540863, 1.000000000000000000, 0.9510565162951540863, 1.000000000000000000, 0.9510565162951540863, 1.000000000000000000, 0.9510565162951540863, 1.000000000000000000, 0.9510565162951540863, 1.000000000000000000, 0.9510565162951540863, 1.000000000000000000, 0.9510565162951540863, 1.000000000000000000, 0.9510565162951540863, 1.000000000000000000, 0.9510565162951540863, 1.000000000000000000, 0.9510565162951540863, 1.000000000000000000, 0.9510565162951540863, 1.000000000000000000, 0.9510565162951540863, 1.000000000000000000, 0.9510565162951540863, 1.000000000000000000, 0.9510565162951540863, 1.000000000000000000, 0.9510565162951540863, 1.000000000000000000, 0.9510565162951540863, 1.000000000000000000, 0.9510565162951540863, 1.000000000000000000, 0.9510565162951540863, 1.000000000000000000, 0.9510565162951540863, 1.000000000000000000, 0.9510565162951540863, 1.000000000000000000, 0.9889848513939689667, 0.9829278091436129960),
 ( 0.9809255078009508910, 0.9640356474680822352, 1.000000000000000000, 0.9510565162951540863, 1.000000000000000000, 0.9510565162951540863, 1.000000000000000000, 0.9510565162951540863, 1.000000000000000000, 0.9510565162951540863, 1.000000000000000000, 0.9510565162951540863, 1.000000000000000000, 0.9510565162951540863, 1.000000000000000000, 0.9510565162951540863, 1.000000000000000000, 0.9510565162951540863, 1.000000000000000000, 0.9510565162951540863, 1.000000000000000000, 0.9510565162951540863, 1.000000000000000000, 0.9510565162951540863, 1.000000000000000000, 0.9510565162951540863, 1.000000000000000000, 0.9510565162951540863, 1.000000000000000000, 0.9510565162951540863, 1.000000000000000000, 0.9510565162951540863, 1.000000000000000000, 0.9510565162951540863, 1.000000000000000000, 0.9510565162951540863, 1.000000000000000000, 0.9510565162951540863, 1.000000000000000000, 0.9510565162951540863, 1.000000000000000000, 0.9510565162951540863, 1.000000000000000000, 0.9510565162951540863, 1.000000000000000000, 0.9510565162951540863, 1.000000000000000000, 0.9510565162951540863, 1.000000000000000000, 0.9510565162951540863, 1.000000000000000000, 0.9510565162951540863, 1.000000000000000000, 0.9510565162951540863, 1.000000000000000000, 0.9510565162951540863, 1.000000000000000000, 0.9510565162951540863, 1.000000000000000000, 0.9510565162951540863, 1.000000000000000000, 0.9510565162951540863, 1.000000000000000000, 0.9510565162951540863, 1.000000000000000000, 0.9510565162951540863, 1.000000000000000000, 0.9510565162951540863, 1.000000000000000000, 0.9510565162951540863, 1.000000000000000000, 0.9510565162951540863, 1.000000000000000000, 0.9510565162951540863, 1.000000000000000000, 0.9510565162951540863, 1.000000000000000000, 0.9889848513939689667, 0.9829278091436129960) ) ) 
 REPRESENTATION_ITEM ( '' )  SURFACE ( )  );
#2688 = CARTESIAN_POINT ( 'NONE',  ( -0.2710769515334299218, -0.7095190530680784979, -0.005507537058784105037 ) ) ;
#2689 = DIRECTION ( 'NONE',  ( -6.162975822039154730E-33, -0.000000000000000000, 1.000000000000000000 ) ) ;
#2690 = EDGE_CURVE ( 'NONE', #5020, #763, #4113, .T. ) ;
#2691 = CARTESIAN_POINT ( 'NONE',  ( 0.4346590749999867942, 0.1301560659999993763, -0.05918376400000396886 ) ) ;
#2692 = ORIENTED_EDGE ( 'NONE', *, *, #4311, .F. ) ;
#2693 = CARTESIAN_POINT ( 'NONE',  ( -0.3937846949499544946, -0.3084875466574981684, -0.2602956581924953383 ) ) ;
#2694 = CARTESIAN_POINT ( 'NONE',  ( 0.4764615263199978856, 1.263871385787591778E-14, -0.3479464288599961042 ) ) ;
#2695 = DIRECTION ( 'NONE',  ( -6.162975822039154730E-33, -0.000000000000000000, 1.000000000000000000 ) ) ;
#2696 = VERTEX_POINT ( 'NONE', #3955 ) ;
#2697 = PERSON_AND_ORGANIZATION ( #4148, #7128 ) ;
#2698 = CARTESIAN_POINT ( 'NONE',  ( -0.3861222523844806687, 0.3208586296764660006, 1.030747885664121440E-48 ) ) ;
#2699 = CARTESIAN_POINT ( 'NONE',  ( -0.4314047350000136949, 0.1401718949999970765, -0.2446428570000003522 ) ) ;
#2700 = CARTESIAN_POINT ( 'NONE',  ( 0.4253254039999848080, -0.3090169939999903859, -0.3910714290000025239 ) ) ;
#2701 = CARTESIAN_POINT ( 'NONE',  ( -0.1624598480000143952, -0.4999999999999896749, -0.2625000000000038414 ) ) ;
#2702 = LINE ( 'NONE', #2135, #991 ) ;
#2703 = CARTESIAN_POINT ( 'NONE',  ( 0.4555280399252932266, -0.2067824987905563516, -0.3798206988921389304 ) ) ;
#2704 = ORIENTED_EDGE ( 'NONE', *, *, #3532, .T. ) ;
#2705 = EDGE_CURVE ( 'NONE', #2625, #4543, #3918, .T. ) ;
#2706 = CARTESIAN_POINT ( 'NONE',  ( -0.04547395900601633456, 0.7500013129017509828, 1.392038364718229927E-48 ) ) ;
#2707 = CARTESIAN_POINT ( 'NONE',  ( 0.4348122853019352752, 0.2468607172628302371, -0.2262912226464808274 ) ) ;
#2708 = CARTESIAN_POINT ( 'NONE',  ( -0.5348133980998134307, -0.5572507445640006996, -0.01249962243711427896 ) ) ;
#2709 = CARTESIAN_POINT ( 'NONE',  ( -0.05834954827405083866, 0.4536057820000076179, -0.1146575085220565143 ) ) ;
#2710 = CARTESIAN_POINT ( 'NONE',  ( -0.7500000000000175415, -0.2884199804139470080, -0.03090976265955850538 ) ) ;
#2711 = VERTEX_POINT ( 'NONE', #4517 ) ;
#2712 = CARTESIAN_POINT ( 'NONE',  ( 0.2666227889999946421, 0.3669747859999997752, -0.2661607147200010237 ) ) ;
#2713 = CARTESIAN_POINT ( 'NONE',  ( -0.1224062395589681357, -0.4520138341647050861, -0.1373870067346717738 ) ) ;
#2714 = ADVANCED_FACE ( 'NONE', ( #6199 ), #3884, .T. ) ;
#2715 = CARTESIAN_POINT ( 'NONE',  ( -0.3133492190000080058, 0.3279793780000088699, -0.1699249819999977817 ) ) ;
#2716 = CARTESIAN_POINT ( 'NONE',  ( 0.7500000000000004441, -0.3273521017966912194, -0.4605516557995229521 ) ) ;
#2717 = CARTESIAN_POINT ( 'NONE',  ( 0.2962584789999798129, -0.4027789890000008644, -0.5285069430000023383 ) ) ;
#2718 = CARTESIAN_POINT ( 'NONE',  ( -0.3858601250000029403, 0.2803437910000101119, -0.2391964282799984021 ) ) ;
#2719 = CARTESIAN_POINT ( 'NONE',  ( 0.3226455917115614302, -0.3188385603038201843, -0.1383473400461733560 ) ) ;
#2720 = DIRECTION ( 'NONE',  ( 6.162975822039154730E-33, 0.000000000000000000, -1.000000000000000000 ) ) ;
#2721 = CARTESIAN_POINT ( 'NONE',  ( 0.3466162749819571287, 0.3603569867439522789, -0.008684831988303545400 ) ) ;
#2722 = CARTESIAN_POINT ( 'NONE',  ( 0.06499618000000136064, 0.4536057820000009011, -0.04621783800000160702 ) ) ;
#2723 = CARTESIAN_POINT ( 'NONE',  ( -0.1929382239999921089, -0.5741788059999963778, 0.000000000000000000 ) ) ;
#2724 = ORIENTED_EDGE ( 'NONE', *, *, #1595, .F. ) ;
#2725 = CARTESIAN_POINT ( 'NONE',  ( 0.07164390599999594100, -0.4999999999999912847, -0.04306787700000036523 ) ) ;
#2726 = CARTESIAN_POINT ( 'NONE',  ( 0.3854654722100004371, 0.2800570589700124291, -0.4836607138499967040 ) ) ;
#2727 = CARTESIAN_POINT ( 'NONE',  ( -0.4401327264312623333, 0.2376211162968790147, -0.2020309947626096891 ) ) ;
#2728 = ADVANCED_FACE ( 'NONE', ( #5711 ), #989, .F. ) ;
#2729 = ORIENTED_EDGE ( 'NONE', *, *, #2425, .F. ) ;
#2730 = CARTESIAN_POINT ( 'NONE',  ( 0.3858601249999845662, 0.2803437910000101119, -0.4839285709999980867 ) ) ;
#2731 = CARTESIAN_POINT ( 'NONE',  ( 0.4314047349999962089, 0.1401718950000036545, -0.2642857140000040572 ) ) ;
#2732 = B_SPLINE_CURVE_WITH_KNOTS ( 'NONE', 3,
 ( #3876, #3279, #5004, #5493 ),
 .UNSPECIFIED., .F., .F.,
 ( 4, 4 ),
 ( 0.000000000000000000, 1.000000000000000000 ),
 .UNSPECIFIED. ) ;
#2733 = CARTESIAN_POINT ( 'NONE',  ( 0.1624598479999960210, -0.4999999999999920064, -0.2553571429999987319 ) ) ;
#2734 = CARTESIAN_POINT ( 'NONE',  ( 0.3302575699005803611, 0.3320228920587419696, -0.1075390923599660598 ) ) ;
#2735 = EDGE_CURVE ( 'NONE', #6382, #734, #571, .T. ) ;
#2736 = CARTESIAN_POINT ( 'NONE',  ( 0.4485553969403300867, -0.2215071512464160675, -0.3801907874021592249 ) ) ;
#2737 = ORIENTED_EDGE ( 'NONE', *, *, #7, .T. ) ;
#2738 = CARTESIAN_POINT ( 'NONE',  ( -0.4789230480000233325, 0.5895190530000076201, -0.2410000000000021569 ) ) ;
#2739 = VERTEX_POINT ( 'NONE', #1094 ) ;
#2740 = CARTESIAN_POINT ( 'NONE',  ( -0.4321422178786467061, -0.2515035853684222111, -0.05652450582716130045 ) ) ;
#2741 = CARTESIAN_POINT ( 'NONE',  ( -0.2694607173667866173, -0.7067325984111427761, -0.003671691515712807458 ) ) ;
#2742 = CARTESIAN_POINT ( 'NONE',  ( -0.05834953799999956919, -0.4536057819999979590, -0.2247174907100032148 ) ) ;
#2743 = CARTESIAN_POINT ( 'NONE',  ( 0.4374450917886659185, -0.1199999870984662931, -0.05662889870094825473 ) ) ;
#2744 = ORIENTED_EDGE ( 'NONE', *, *, #4494, .T. ) ;
#2745 = EDGE_CURVE ( 'NONE', #6242, #6571, #2058, .T. ) ;
#2746 = CARTESIAN_POINT ( 'NONE',  ( 0.1473854529999788499, 0.4536057820000122809, -0.4767857140000021920 ) ) ;
#2747 = CARTESIAN_POINT ( 'NONE',  ( -0.1156527997529266105, -0.7992532289134972601, -0.03322206219290743667 ) ) ;
#2748 = CARTESIAN_POINT ( 'NONE',  ( 0.000000000000000000, -0.4536057820000032326, -0.1428571429999987152 ) ) ;
#2749 = CARTESIAN_POINT ( 'NONE',  ( -0.6201181794877524966, 0.5080000060542683160, -0.02980734347944123674 ) ) ;
#2750 = CARTESIAN_POINT ( 'NONE',  ( -0.1147994960000151415, -0.4388385589999895253, -0.1457552209999992687 ) ) ;
#2751 = B_SPLINE_CURVE_WITH_KNOTS ( 'NONE', 3,
 ( #6547, #266, #6138, #4789 ),
 .UNSPECIFIED., .F., .F.,
 ( 4, 4 ),
 ( 0.000000000000000000, 1.000000000000000000 ),
 .UNSPECIFIED. ) ;
#2752 = CARTESIAN_POINT ( 'NONE',  ( -0.4314047349999962089, -0.1401718949999992692, -0.3713392852800011523 ) ) ;
#2753 = ADVANCED_FACE ( 'NONE', ( #3283 ), #2873, .T. ) ;
#2754 = CARTESIAN_POINT ( 'NONE',  ( -0.4485554102010448907, 0.2215071244096872560, -0.2730479291217152715 ) ) ;
#2755 = AXIS2_PLACEMENT_3D ( 'NONE', #3264, #4424, #6713 ) ;
#2756 = CARTESIAN_POINT ( 'NONE',  ( 3.585932950403458328E-11, 0.8660254038919832364, -0.4330127016082936930 ) ) ;
#2757 = CARTESIAN_POINT ( 'NONE',  ( 0.4853864427678107885, 0.1200000049602839708, -0.01508337037380527886 ) ) ;
#2758 = CARTESIAN_POINT ( 'NONE',  ( 0.3226455930000058370, -0.3188385589999987446, -0.1205000000000010785 ) ) ;
#2759 = VERTEX_POINT ( 'NONE', #7052 ) ;
#2760 = CARTESIAN_POINT ( 'NONE',  ( 0.3960570460000029103, 0.2489608940000012649, -0.04722817400000080268 ) ) ;
#2761 = CARTESIAN_POINT ( 'NONE',  ( 0.4309634997699807735, -0.1400285289799987343, -0.4229464288599992794 ) ) ;
#2762 = CARTESIAN_POINT ( 'NONE',  ( 0.05834953799997281282, 0.4536057820000012897, -0.1799853480000004058 ) ) ;
#2763 = EDGE_LOOP ( 'NONE', ( #10, #3398, #3081, #6436 ) ) ;
#2764 = B_SPLINE_CURVE_WITH_KNOTS ( 'NONE', 3,
 ( #1399, #2455, #1364, #3094, #2533, #4748, #6462, #833, #3691, #1323, #4823, #7119, #1969 ),
 .UNSPECIFIED., .F., .F.,
 ( 4, 1, 1, 1, 1, 1, 2, 2, 4 ),
 ( 0.000000000000000000, 0.2499999999999956701, 0.3749999999999938383, 0.4374999999999928946, 0.4687499999999925615, 0.4843749999999920619, 0.4921874999999917843, 0.4999999999999915623, 1.000000000000000000 ),
 .UNSPECIFIED. ) ;
#2765 = CARTESIAN_POINT ( 'NONE',  ( 0.3981920380000050219, 0.2423900660000098961, -0.1991813060000033053 ) ) ;
#2766 = CARTESIAN_POINT ( 'NONE',  ( -0.05834953800001740909, 0.4536057820000058416, -0.1057289370000026041 ) ) ;
#2767 = CARTESIAN_POINT ( 'NONE',  ( 0.3858601249999938365, -0.2803437909999871303, -0.3464285709999982976 ) ) ;
#2768 = CARTESIAN_POINT ( 'NONE',  ( 0.3697974635281680578, -0.3147253246056235243, -0.01641296013120351407 ) ) ;
#2769 = CARTESIAN_POINT ( 'NONE',  ( 0.3382477358621039931, 0.3458622407826418832, -0.09851411711476380784 ) ) ;
#2770 = CARTESIAN_POINT ( 'NONE',  ( 0.6722571694190023761, -0.3356190525977202910, 1.274198863655068642E-48 ) ) ;
#2771 = ORIENTED_EDGE ( 'NONE', *, *, #4918, .T. ) ;
#2772 = CARTESIAN_POINT ( 'NONE',  ( -0.4019685366974286023, -0.2434929282076055690, -0.03004706435220287977 ) ) ;
#2773 = B_SPLINE_CURVE_WITH_KNOTS ( 'NONE', 3,
 ( #4719, #6518, #7015, #5869 ),
 .UNSPECIFIED., .F., .F.,
 ( 4, 4 ),
 ( 0.000000000000000000, 1.000000000000000000 ),
 .UNSPECIFIED. ) ;
#2774 = CARTESIAN_POINT ( 'NONE',  ( -0.5000000000000236478, -1.017985018240996066E-08, -0.3392857140981688224 ) ) ;
#2775 = VERTEX_POINT ( 'NONE', #2939 ) ;
#2776 = CARTESIAN_POINT ( 'NONE',  ( -0.4727044441770647532, -0.1645816821378495443, -0.05869200296126331207 ) ) ;
#2777 = EDGE_CURVE ( 'NONE', #6596, #1829, #3039, .T. ) ;
#2778 = CARTESIAN_POINT ( 'NONE',  ( -0.1548363828593690705, 0.7766305766535621657, -0.02417549419016147561 ) ) ;
#2779 = CARTESIAN_POINT ( 'NONE',  ( 0.1626105919499825914, 0.5004639421800101129, -0.3693749998600022733 ) ) ;
#2780 = ORIENTED_EDGE ( 'NONE', *, *, #1251, .F. ) ;
#2781 = CARTESIAN_POINT ( 'NONE',  ( 0.06756891999999518894, 0.4715608340000033705, -0.02692291200000038534 ) ) ;
#2782 = ORIENTED_EDGE ( 'NONE', *, *, #2508, .F. ) ;
#2783 = CARTESIAN_POINT ( 'NONE',  ( -0.1473854529999972240, 0.4536057820000077290, -0.3982142859999985296 ) ) ;
#2784 = CARTESIAN_POINT ( 'NONE',  ( 0.4374450882170522470, 0.1200000001183084974, -0.2022996722278065096 ) ) ;
#2785 = CARTESIAN_POINT ( 'NONE',  ( 0.4326963495938754845, -0.2505474101873741422, -0.1666640466719088165 ) ) ;
#2786 = CARTESIAN_POINT ( 'NONE',  ( 8.741913579725642299E-15, -0.4999999999999930056, -0.4732142859999975415 ) ) ;
#2787 = CARTESIAN_POINT ( 'NONE',  ( 0.7500000000000003331, -0.2336269007116272833, -0.4794889851454186558 ) ) ;
#2788 = CARTESIAN_POINT ( 'NONE',  ( -0.1387701701528054610, -0.4803569921580607138, -0.1906909546070468808 ) ) ;
#2789 = CARTESIAN_POINT ( 'NONE',  ( -1.748382715945128460E-14, 0.4536057820000065077, -0.2499107142899965328 ) ) ;
#2790 =( BOUNDED_SURFACE ( )  B_SPLINE_SURFACE ( 1, 2, ( 
 ( #438, #474, #1640, #5655, #6180, #6822, #4576 ),
 ( #5691, #6214, #1074, #587, #6862, #6749, #1758 ) ),
 .UNSPECIFIED., .F., .F., .T. ) 
 B_SPLINE_SURFACE_WITH_KNOTS ( ( 2, 2 ),
 ( 3, 2, 2, 3 ),
 ( 0.000000000000000000, 1.000000000000000000 ),
 ( 0.1398848655395288909, 0.1399431454869330682, 0.1428571428571430435, 0.1457711402273520196 ),
 .UNSPECIFIED. ) 
 GEOMETRIC_REPRESENTATION_ITEM ( )  RATIONAL_B_SPLINE_SURFACE ( (
 ( 0.9763575006785240040, 0.9763575006785240040, 0.9763575006785240040, 0.9800330344073259203, 1.000000000000000000, 0.9800330344073259203, 0.9763575006785250032),
 ( 0.9763575006785240040, 0.9763575006785240040, 0.9763575006785240040, 0.9800330344073259203, 1.000000000000000000, 0.9800330344073259203, 0.9763575006785250032) ) ) 
 REPRESENTATION_ITEM ( '' )  SURFACE ( )  );
#2791 = CARTESIAN_POINT ( 'NONE',  ( -0.3466162705898099272, -0.3603569910581030378, 0.000000000000000000 ) ) ;
#2792 = CARTESIAN_POINT ( 'NONE',  ( -0.5937225440000216681, -0.1199999999999943473, 0.000000000000000000 ) ) ;
#2793 = ADVANCED_BREP_SHAPE_REPRESENTATION ( 'SPINDLE NUT 1 INCH_1_REV_', ( #4943, #881 ), #6136 ) ;
#2794 = CARTESIAN_POINT ( 'NONE',  ( -0.3463231464609908272, 0.3598492641989864405, -0.0005691090715922232949 ) ) ;
#2795 = EDGE_CURVE ( 'NONE', #1840, #414, #6428, .T. ) ;
#2796 = CARTESIAN_POINT ( 'NONE',  ( -0.07164390599997805253, 0.5000000000000068834, -0.1502107340000025382 ) ) ;
#2797 = EDGE_LOOP ( 'NONE', ( #1843, #6455, #3548, #1766 ) ) ;
#2798 = CARTESIAN_POINT ( 'NONE',  ( 0.4853864463636570759, 0.1199999904154728514, -0.08651194205712693652 ) ) ;
#2799 = CARTESIAN_POINT ( 'NONE',  ( -0.4769493440000299178, 1.263871385787591778E-14, -0.2410714289999977555 ) ) ;
#2800 = CARTESIAN_POINT ( 'NONE',  ( 0.000000000000000000, 0.000000000000000000, -0.2383896190000015791 ) ) ;
#2801 = ORIENTED_EDGE ( 'NONE', *, *, #5581, .T. ) ;
#2802 = CARTESIAN_POINT ( 'NONE',  ( -0.1323560187216288320, 0.4692473794099341067, -0.2272844007112514719 ) ) ;
#2803 = EDGE_CURVE ( 'NONE', #5964, #1915, #5526, .T. ) ;
#2804 = CARTESIAN_POINT ( 'NONE',  ( 0.1473854529999880369, -0.4536057819999951279, -0.3624999999999979350 ) ) ;
#2805 = CARTESIAN_POINT ( 'NONE',  ( 0.1473854529999788499, 0.4536057820000122809, -0.2535714290000027349 ) ) ;
#2806 = CARTESIAN_POINT ( 'NONE',  ( 0.4718531820470220350, -0.1200000054782226766, -0.01312688840257832459 ) ) ;
#2807 = CARTESIAN_POINT ( 'NONE',  ( 0.4755282579999763892, -0.1545084969999952484, -0.3160714289999978499 ) ) ;
#2808 = CARTESIAN_POINT ( 'NONE',  ( 0.3247719032253695848, 0.3225214502530355798, -0.04229171404212733743 ) ) ;
#2809 = ORIENTED_EDGE ( 'NONE', *, *, #2577, .T. ) ;
#2810 = CARTESIAN_POINT ( 'NONE',  ( -0.1279915085255651508, -0.4616877941922489237, -0.2410000000453552116 ) ) ;
#2811 = CARTESIAN_POINT ( 'NONE',  ( -0.6458150293331782477, 0.1200000000000010780, -0.2410000000000021569 ) ) ;
#2812 = ORIENTED_EDGE ( 'NONE', *, *, #2176, .T. ) ;
#2813 = CARTESIAN_POINT ( 'NONE',  ( 0.4537331746412014977, -0.1027732645855096716, -0.4999999999999974465 ) ) ;
#2814 = CARTESIAN_POINT ( 'NONE',  ( 0.2941653243699864917, 0.4048838341099985083, -0.2300892858599964674 ) ) ;
#2815 = ORIENTED_EDGE ( 'NONE', *, *, #6881, .F. ) ;
#2816 = CARTESIAN_POINT ( 'NONE',  ( 0.4769493439999838991, 3.446921961238886775E-15, -0.4196428570000046987 ) ) ;
#2817 = EDGE_CURVE ( 'NONE', #788, #6557, #7442, .T. ) ;
#2818 = CARTESIAN_POINT ( 'NONE',  ( -0.3226691384612296321, 0.3188793555015125847, -0.2410000001755048249 ) ) ;
#2819 = CARTESIAN_POINT ( 'NONE',  ( 0.4853864455643751574, -0.1199999936485176971, -0.1634880582651467851 ) ) ;
#2820 = CARTESIAN_POINT ( 'NONE',  ( -0.3226455885378883837, -0.3188385635172448773, -0.1607598025075099579 ) ) ;
#2821 = CARTESIAN_POINT ( 'NONE',  ( 0.000000000000000000, 0.000000000000000000, -0.1431928450000028163 ) ) ;
#2822 = CARTESIAN_POINT ( 'NONE',  ( 0.2938926260000032653, 0.4045084970000005220, -0.5071428570000022784 ) ) ;
#2823 = CARTESIAN_POINT ( 'NONE',  ( -0.3858601250000029403, -0.2803437909999825228, -0.2963392852799959232 ) ) ;
#2824 = CARTESIAN_POINT ( 'NONE',  ( 0.3133492190000257693, 0.3279793780000088699, -0.1157893029999979978 ) ) ;
#2825 = CARTESIAN_POINT ( 'NONE',  ( -0.4348122847322826168, -0.2468607182636572694, -0.1905769366246903573 ) ) ;
#2826 = DIRECTION ( 'NONE',  ( -6.162975822039154730E-33, 0.000000000000000000, 1.000000000000000000 ) ) ;
#2827 = CARTESIAN_POINT ( 'NONE',  ( -0.1387701687779909210, 0.4803569926136706525, -0.1396661878793295786 ) ) ;
#2828 = CARTESIAN_POINT ( 'NONE',  ( -0.4769493440000299178, 1.263871385787591778E-14, -0.3124999999999962252 ) ) ;
#2829 = CARTESIAN_POINT ( 'NONE',  ( 0.3466162695324055409, -0.3603569919857184112, -0.02702945405662425873 ) ) ;
#2830 = EDGE_CURVE ( 'NONE', #2183, #5078, #1332, .T. ) ;
#2831 =( BOUNDED_CURVE ( )  B_SPLINE_CURVE ( 2, ( #5787, #4832, #4931 ),
 .UNSPECIFIED., .F., .T. ) 
 B_SPLINE_CURVE_WITH_KNOTS ( ( 3, 3 ),
 ( 0.000000000000000000, 1.000000000000000000 ),
 .UNSPECIFIED. ) 
 CURVE ( )  GEOMETRIC_REPRESENTATION_ITEM ( )  RATIONAL_B_SPLINE_CURVE ( ( 0.9763575001709141610, 0.9777818561111720763, 0.9816527714242683222 ) ) 
 REPRESENTATION_ITEM ( '' )  );
#2832 = CARTESIAN_POINT ( 'NONE',  ( -0.4858775070116733708, 0.5855038944638200071, -0.4938548238515782507 ) ) ;
#2833 = ORIENTED_EDGE ( 'NONE', *, *, #1448, .F. ) ;
#2834 = VERTEX_POINT ( 'NONE', #3542 ) ;
#2835 = CARTESIAN_POINT ( 'NONE',  ( -0.3418448403701524474, -0.3252891915536135770, -0.4999999999999976685 ) ) ;
#2836 = CARTESIAN_POINT ( 'NONE',  ( -1.748382715945128460E-14, 0.4536057820000065077, -0.1071428570000043518 ) ) ;
#2837 = CARTESIAN_POINT ( 'NONE',  ( -0.1473854529999972240, 0.4536057820000077290, -0.3178571429999961784 ) ) ;
#2838 = FACE_OUTER_BOUND ( 'NONE', #1387, .T. ) ;
#2839 = CARTESIAN_POINT ( 'NONE',  ( -0.4999999999465231104, 1.009559452658936807E-08, -0.3482142859645519506 ) ) ;
#2840 = FACE_OUTER_BOUND ( 'NONE', #139, .T. ) ;
#2841 = B_SPLINE_CURVE_WITH_KNOTS ( 'NONE', 3,
 ( #2874, #4570, #4009, #7389 ),
 .UNSPECIFIED., .F., .F.,
 ( 4, 4 ),
 ( 0.000000000000000000, 1.000000000000000000 ),
 .UNSPECIFIED. ) ;
#2842 = EDGE_CURVE ( 'NONE', #2202, #7142, #649, .T. ) ;
#2843 = CARTESIAN_POINT ( 'NONE',  ( -0.4813363459999915883, 0.1366330390000095596, -0.06565824100000075547 ) ) ;
#2844 = CARTESIAN_POINT ( 'NONE',  ( -0.7499999998483545260, 0.1199999999758830649, -0.2410000000202484338 ) ) ;
#2845 = CARTESIAN_POINT ( 'NONE',  ( 0.4380528171721305153, -0.1177845984271555790, -0.1994295960899362952 ) ) ;
#2846 = CARTESIAN_POINT ( 'NONE',  ( -0.1446650530838199389, 0.7825029966389537295, -0.02641545803240128235 ) ) ;
#2847 = CARTESIAN_POINT ( 'NONE',  ( 0.4759694932299831094, -0.1546518630199990585, -0.3158035718600036845 ) ) ;
#2848 = CARTESIAN_POINT ( 'NONE',  ( 0.1343788877426116135, 0.4727510602958346908, -0.2312764245635622329 ) ) ;
#2849 = VERTEX_POINT ( 'NONE', #6968 ) ;
#2850 = B_SPLINE_CURVE_WITH_KNOTS ( 'NONE', 3,
 ( #7276, #822, #6568, #1995 ),
 .UNSPECIFIED., .F., .F.,
 ( 4, 4 ),
 ( 0.000000000000000000, 1.000000000000000000 ),
 .UNSPECIFIED. ) ;
#2851 = CARTESIAN_POINT ( 'NONE',  ( -0.2666227890000034129, 0.3669747860000008854, -0.3946428570000039548 ) ) ;
#2852 = CARTESIAN_POINT ( 'NONE',  ( 0.4857860369999823513, -0.1183719840000038853, -0.02952185599999979440 ) ) ;
#2853 = DIRECTION ( 'NONE',  ( 1.000000000000000000, -8.326672684688663206E-16, 0.000000000000000000 ) ) ;
#2854 = CARTESIAN_POINT ( 'NONE',  ( 0.000000000000000000, 0.000000000000000000, -0.03227634999999873938 ) ) ;
#2855 = PLANE ( 'NONE',  #6718 ) ;
#2856 = DIRECTION ( 'NONE',  ( 6.162975822039154730E-33, -0.000000000000000000, -1.000000000000000000 ) ) ;
#2857 = CARTESIAN_POINT ( 'NONE',  ( -0.4314047349999962089, -0.1401718949999992692, -0.2999107142900006573 ) ) ;
#2858 = CARTESIAN_POINT ( 'NONE',  ( 0.02219869050184113471, -0.4771915229353774768, -0.02231540118463689465 ) ) ;
#2859 = CARTESIAN_POINT ( 'NONE',  ( 0.2938926259999944945, -0.4045084969999961366, -0.3946428570000039548 ) ) ;
#2860 = ADVANCED_FACE ( 'NONE', ( #122 ), #354, .T. ) ;
#2861 = LINE ( 'NONE', #2758, #3835 ) ;
#2862 = DIRECTION ( 'NONE',  ( -6.162975822039154730E-33, 0.000000000000000000, 1.000000000000000000 ) ) ;
#2863 = CARTESIAN_POINT ( 'NONE',  ( 0.3859187351399885335, -0.2786620592099973148, -0.4979108488499986440 ) ) ;
#2864 = CARTESIAN_POINT ( 'NONE',  ( -0.4999999999465231104, 1.009559452658936807E-08, -0.3482142859645519506 ) ) ;
#2865 = VECTOR ( 'NONE', #6577, 39.37007874015748143 ) ;
#2866 = DIRECTION ( 'NONE',  ( -4.273005485591898101E-63, -5.131708243377008956E-48, 1.000000000000000000 ) ) ;
#2867 = VERTEX_POINT ( 'NONE', #4067 ) ;
#2868 = EDGE_LOOP ( 'NONE', ( #3336, #1796, #7046, #4621, #5029, #3653 ) ) ;
#2869 = CARTESIAN_POINT ( 'NONE',  ( -0.1387701733659394976, 0.4803569911888360133, -0.006096121499996032776 ) ) ;
#2870 = EDGE_CURVE ( 'NONE', #6334, #7385, #1292, .T. ) ;
#2871 = CARTESIAN_POINT ( 'NONE',  ( -1.748382715945128460E-14, 0.4536057820000065077, -0.4017857140000000715 ) ) ;
#2872 = CARTESIAN_POINT ( 'NONE',  ( 0.2666227890000034129, -0.3669747859999954454, -0.2785714290000013138 ) ) ;
#2873 = CONICAL_SURFACE ( 'NONE', #7436, 0.7500000000000011102, 1.047197549762621804 ) ;
#2874 = CARTESIAN_POINT ( 'NONE',  ( -0.4789230484372851149, -0.5895190528728760926, -0.005507537013317412126 ) ) ;
#2875 = CARTESIAN_POINT ( 'NONE',  ( -0.004585506450407324762, 0.4791025926305623739, -0.02087593372336819103 ) ) ;
#2876 = CARTESIAN_POINT ( 'NONE',  ( 0.2666227889999946421, 0.3669747859999997752, -0.4714285709999991858 ) ) ;
#2877 = ORIENTED_EDGE ( 'NONE', *, *, #6592, .F. ) ;
#2878 = CC_DESIGN_DATE_AND_TIME_ASSIGNMENT ( #4846, #6035, ( #6262 ) ) ;
#2879 = AXIS2_PLACEMENT_3D ( 'NONE', #2937, #7447, #5742 ) ;
#2880 = CARTESIAN_POINT ( 'NONE',  ( 0.4228338253307499794, 0.2669688361127641740, -0.02039047286405141005 ) ) ;
#2881 = AXIS2_PLACEMENT_3D ( 'NONE', #4669, #5673, #1738 ) ;
#2882 = CARTESIAN_POINT ( 'NONE',  ( -0.4853864425567547825, -0.1200000058139755327, -0.1222262274049658037 ) ) ;
#2883 = ORIENTED_EDGE ( 'NONE', *, *, #6604, .F. ) ;
#2884 = PLANE ( 'NONE',  #1800 ) ;
#2885 = CARTESIAN_POINT ( 'NONE',  ( 0.4658546445175379969, 0.08276843291693472549, -0.4999999999999973910 ) ) ;
#2886 = B_SPLINE_CURVE_WITH_KNOTS ( 'NONE', 3,
 ( #5810, #4653, #5770, #634, #2848, #6910, #2888 ),
 .UNSPECIFIED., .F., .F.,
 ( 4, 3, 4 ),
 ( 0.000000000000000000, 0.0003826382340524553459, 0.0007652768163006553898 ),
 .UNSPECIFIED. ) ;
#2887 = CARTESIAN_POINT ( 'NONE',  ( 0.4253254039999755376, 0.3090169940000098703, -0.3053571430000003861 ) ) ;
#2888 = CARTESIAN_POINT ( 'NONE',  ( 0.1387701754620405681, 0.4803569904372150257, -0.2264052405854924399 ) ) ;
#2889 = EDGE_CURVE ( 'NONE', #5083, #2739, #5079, .T. ) ;
#2890 = ORIENTED_EDGE ( 'NONE', *, *, #66, .F. ) ;
#2891 = VECTOR ( 'NONE', #2177, 39.37007874015748143 ) ;
#2892 = CARTESIAN_POINT ( 'NONE',  ( -0.4769493440000299178, 1.263871385787591778E-14, -0.3840178567100039908 ) ) ;
#2893 = CARTESIAN_POINT ( 'NONE',  ( -0.6613655404454726883, -0.4841858310960236444, -0.4597828453035378016 ) ) ;
#2894 = CARTESIAN_POINT ( 'NONE',  ( -0.4374450883968296622, 0.1199999999775625964, -0.2352003277081534116 ) ) ;
#2895 = CARTESIAN_POINT ( 'NONE',  ( 0.7500000000000007772, -0.1184161005998861094, -0.4946376491629762007 ) ) ;
#2896 = CARTESIAN_POINT ( 'NONE',  ( -0.3226455968293399090, -0.3188385551267639006, -0.08933123130845535553 ) ) ;
#2897 = CARTESIAN_POINT ( 'NONE',  ( -0.2666227890000034129, -0.3669747859999954454, -0.2928571430000023179 ) ) ;
#2898 = CARTESIAN_POINT ( 'NONE',  ( 0.3453981759999962264, 0.3615246880000035357, -0.08900358900000417128 ) ) ;
#2899 = CARTESIAN_POINT ( 'NONE',  ( -0.4999999999465231104, -5.109330500243175310E-09, -0.4196428571824191156 ) ) ;
#2900 = CARTESIAN_POINT ( 'NONE',  ( 0.4686285202293739016, 0.1200000048517765872, -0.1047426779309677952 ) ) ;
#2901 = CARTESIAN_POINT ( 'NONE',  ( -0.1387701688124777788, -0.4803569926036972415, -0.1103338119862491001 ) ) ;
#2902 = CARTESIAN_POINT ( 'NONE',  ( -0.4755282580000375625, -0.1545084969999974134, -0.2642857140000040572 ) ) ;
#2903 = CARTESIAN_POINT ( 'NONE',  ( -0.09367903489611796586, 0.4933833553669453864, 7.514987663829798265E-50 ) ) ;
#2904 = EDGE_CURVE ( 'NONE', #6205, #1575, #4375, .T. ) ;
#2905 = ORIENTED_EDGE ( 'NONE', *, *, #6223, .F. ) ;
#2906 = CARTESIAN_POINT ( 'NONE',  ( -0.5507309367489403584, 0.5480607493378186756, -0.4844438382123469333 ) ) ;
#2907 = ORIENTED_EDGE ( 'NONE', *, *, #5701, .F. ) ;
#2908 = CARTESIAN_POINT ( 'NONE',  ( -0.3466162706790910653, 0.3603569908705726021, -0.0001218697568320809959 ) ) ;
#2909 = DIRECTION ( 'NONE',  ( 8.049116928532381960E-16, -1.000000000000000000, -3.414809992080327790E-17 ) ) ;
#2910 = DIRECTION ( 'NONE',  ( -6.162975822039154730E-33, -0.000000000000000000, 1.000000000000000000 ) ) ;
#2911 = CARTESIAN_POINT ( 'NONE',  ( 0.4798280496062166667, -0.1424830773160745134, -0.09257917783967288539 ) ) ;
#2912 = CARTESIAN_POINT ( 'NONE',  ( 0.4208802095116765396, -0.2408954980870386120, -0.01505596078976654921 ) ) ;
#2913 = CARTESIAN_POINT ( 'NONE',  ( -0.4853864454745520085, 0.1199999940118567643, -0.05634520094361484405 ) ) ;
#2914 = CARTESIAN_POINT ( 'NONE',  ( 0.7403377607281104167, -0.1200000000142403961, 0.000000000000000000 ) ) ;
#2915 = VERTEX_POINT ( 'NONE', #6349 ) ;
#2916 = CARTESIAN_POINT ( 'NONE',  ( 0.4321422179818154574, 0.2515035851911543996, -0.02081021982715819743 ) ) ;
#2917 = CARTESIAN_POINT ( 'NONE',  ( 0.3226455917513546545, -0.3188385602653546758, -0.1428116259075151440 ) ) ;
#2918 = ORIENTED_EDGE ( 'NONE', *, *, #1468, .T. ) ;
#2919 = CARTESIAN_POINT ( 'NONE',  ( -0.3960570460000029103, -0.2489608939999909953, -0.2257996020000006543 ) ) ;
#2920 = CARTESIAN_POINT ( 'NONE',  ( 0.4397556134402390571, 0.1848095580381457492, -0.4999999999999973910 ) ) ;
#2921 =( BOUNDED_SURFACE ( )  B_SPLINE_SURFACE ( 1, 2, ( 
 ( #2224, #1089, #7333, #3838, #6119, #3276, #2750, #6270, #2190 ),
 ( #3386, #4435, #6839, #6727, #5000, #7297, #5108, #2151, #6689 ) ),
 .UNSPECIFIED., .F., .F., .T. ) 
 B_SPLINE_SURFACE_WITH_KNOTS ( ( 2, 2 ),
 ( 3, 2, 2, 2, 3 ),
 ( 0.000000000000000000, 1.000000000000000000 ),
 ( 0.1755991512538148391, 0.1756574312012190164, 0.1785714285714290472, 0.1814854259416380233, 0.1815437058890422006 ),
 .UNSPECIFIED. ) 
 GEOMETRIC_REPRESENTATION_ITEM ( )  RATIONAL_B_SPLINE_SURFACE ( (
 ( 0.9763575006785250032, 0.9763575006785250032, 0.9763575006785250032, 0.9800330344073259203, 1.000000000000000000, 0.9800330344073259203, 0.9763575006785250032, 0.9763575006785250032, 0.9763575006785250032),
 ( 0.9763575006785250032, 0.9763575006785250032, 0.9763575006785250032, 0.9800330344073259203, 1.000000000000000000, 0.9800330344073259203, 0.9763575006785250032, 0.9763575006785250032, 0.9763575006785250032) ) ) 
 REPRESENTATION_ITEM ( '' )  SURFACE ( )  );
#2922 = CARTESIAN_POINT ( 'NONE',  ( -0.2941653243700039777, -0.4048838341100017835, -0.3372321428600008053 ) ) ;
#2923 = FACE_OUTER_BOUND ( 'NONE', #6126, .T. ) ;
#2924 = ORIENTED_EDGE ( 'NONE', *, *, #2021, .F. ) ;
#2925 = CARTESIAN_POINT ( 'NONE',  ( 0.7499999999501278936, 0.1200000002947377992, -0.2410000000405034537 ) ) ;
#2926 = EDGE_CURVE ( 'NONE', #4136, #5352, #2831, .T. ) ;
#2927 = CARTESIAN_POINT ( 'NONE',  ( -0.6594922053740940315, -0.4852674016040359195, -0.4602853265274344241 ) ) ;
#2928 = CARTESIAN_POINT ( 'NONE',  ( 0.3159647552417346739, -0.3868812316660416029, -0.2410000000000021569 ) ) ;
#2929 = LINE ( 'NONE', #6304, #3156 ) ;
#2930 = CARTESIAN_POINT ( 'NONE',  ( -0.07164390599997805253, 0.5000000000000068834, -0.07878216200000094649 ) ) ;
#2931 = CARTESIAN_POINT ( 'NONE',  ( 0.1147995066395191277, 0.4388385563744751638, -0.1814695064218324605 ) ) ;
#2932 = ORIENTED_EDGE ( 'NONE', *, *, #1127, .T. ) ;
#2933 = DIRECTION ( 'NONE',  ( -6.162975822039154730E-33, 0.000000000000000000, 1.000000000000000000 ) ) ;
#2934 = CARTESIAN_POINT ( 'NONE',  ( -0.1060593208543083726, -0.8047920265394578054, -0.4643590289844314323 ) ) ;
#2935 = CARTESIAN_POINT ( 'NONE',  ( -1.748382715945128460E-14, 0.4536057820000065077, -0.4641964282799957431 ) ) ;
#2936 = EDGE_CURVE ( 'NONE', #3441, #2471, #4450, .T. ) ;
#2937 = CARTESIAN_POINT ( 'NONE',  ( 0.000000000000000000, 0.000000000000000000, -0.4999999999999973910 ) ) ;
#2938 = CARTESIAN_POINT ( 'NONE',  ( -0.6912722952864369663, -0.2944698016384467709, 1.485364814011571496E-48 ) ) ;
#2939 = CARTESIAN_POINT ( 'NONE',  ( 0.3466162777002813611, 0.3603569841293016718, -0.08904197511782824259 ) ) ;
#2940 = CARTESIAN_POINT ( 'NONE',  ( -0.4314047349999962089, -0.1401718949999992692, -0.1660714290000029902 ) ) ;
#2941 = CARTESIAN_POINT ( 'NONE',  ( 0.3858601249999845106, 0.2803437910000101119, -0.4839285709999980867 ) ) ;
#2942 =( BOUNDED_SURFACE ( )  B_SPLINE_SURFACE ( 1, 2, ( 
 ( #1316, #672, #4134, #3567, #145 ),
 ( #2448, #4172, #7037, #1882, #5847 ) ),
 .UNSPECIFIED., .F., .F., .T. ) 
 B_SPLINE_SURFACE_WITH_KNOTS ( ( 2, 2 ),
 ( 3, 2, 3 ),
 ( 0.000000000000000000, 0.9230769230769348965 ),
 ( 0.1991362413383150343, 0.2000000000000000111, 0.2056050722683669951 ),
 .UNSPECIFIED. ) 
 GEOMETRIC_REPRESENTATION_ITEM ( )  RATIONAL_B_SPLINE_SURFACE ( (
 ( 0.9895943154647740547, 0.9940814498823647982, 1.000000000000000000, 0.9615935531476199616, 0.9834629611452947451),
 ( 0.9895943154647740547, 0.9940814498823647982, 1.000000000000000000, 0.9615935531476199616, 0.9834629611452947451) ) ) 
 REPRESENTATION_ITEM ( '' )  SURFACE ( )  );
#2943 = CARTESIAN_POINT ( 'NONE',  ( -0.1387701760797704076, 0.4803569905042567312, -0.2110947592008583784 ) ) ;
#2944 = B_SPLINE_CURVE_WITH_KNOTS ( 'NONE', 3,
 ( #3636, #5798, #660, #5237, #2476, #94, #2389, #4767, #7063, #781, #2785, #4586, #3985, #3452, #6338, #5176, #4546, #3492, #638, #524, #3944, #2220, #6833, #1693, #2293, #5667, #2819 ),
 .UNSPECIFIED., .F., .F.,
 ( 4, 2, 2, 1, 1, 1, 1, 2, 2, 2, 2, 1, 1, 1, 2, 2, 4 ),
 ( 0.000000000000000000, 0.2499999999999869549, 0.3749999999999802380, 0.4374999999999769629, 0.4687499999999751310, 0.4843749999999745759, 0.4921874999999744649, 0.4960937499999746314, 0.4999999999999746869, 0.6249999999999774625, 0.6874999999999789058, 0.7187499999999793499, 0.7343749999999796829, 0.7421874999999797939, 0.7460937499999800160, 0.7499999999999802380, 1.000000000000000000 ),
 .UNSPECIFIED. ) ;
#2945 = VERTEX_POINT ( 'NONE', #1478 ) ;
#2946 = CARTESIAN_POINT ( 'NONE',  ( -0.4146017982495209253, 0.6266549441145730093, -0.4994191276165289017 ) ) ;
#2947 = ORIENTED_EDGE ( 'NONE', *, *, #5222, .T. ) ;
#2948 = CARTESIAN_POINT ( 'NONE',  ( -0.3297894842128450965, 0.3761781437548323281, -0.4918396451311505269 ) ) ;
#2949 = CARTESIAN_POINT ( 'NONE',  ( 0.4853864455729772209, 0.1199999936136505740, -0.02401194174665492384 ) ) ;
#2950 = CARTESIAN_POINT ( 'NONE',  ( -0.7500000000000174305, 0.3880707437842109697, -0.4456151243015895602 ) ) ;
#2951 = FACE_OUTER_BOUND ( 'NONE', #5549, .T. ) ;
#2952 = DIRECTION ( 'NONE',  ( -6.162975822039154730E-33, -0.000000000000000000, 1.000000000000000000 ) ) ;
#2953 = CARTESIAN_POINT ( 'NONE',  ( 0.08400858832523934450, 0.4934488897511645766, -0.001895472246811244228 ) ) ;
#2954 = CARTESIAN_POINT ( 'NONE',  ( 0.1473854529999880369, -0.4536057819999951279, -0.4250000000000044853 ) ) ;
#2955 = EDGE_LOOP ( 'NONE', ( #4233, #3866, #745, #202 ) ) ;
#2956 = VERTEX_POINT ( 'NONE', #6083 ) ;
#2957 = DIRECTION ( 'NONE',  ( 8.049116928532381960E-16, -1.000000000000000000, 0.000000000000000000 ) ) ;
#2958 = CARTESIAN_POINT ( 'NONE',  ( -0.4853864454548739715, -0.1199999940914934088, -0.1311547990681868614 ) ) ;
#2959 = ORIENTED_EDGE ( 'NONE', *, *, #3364, .T. ) ;
#2960 = CARTESIAN_POINT ( 'NONE',  ( -0.4755282580000375625, -0.1545084969999974134, -0.05000000000000411060 ) ) ;
#2961 = B_SPLINE_CURVE_WITH_KNOTS ( 'NONE', 3,
 ( #7132, #7197, #382, #3772, #1981, #1480, #4268, #4897, #6055, #4374, #5982, #5425, #6085, #844, #3839, #4834, #3209, #3176, #3104, #5456, #5490, #6654, #2648, #308, #5387, #946, #3240, #4933, #5528, #6555, #2016, #4965 ),
 .UNSPECIFIED., .F., .F.,
 ( 4, 2, 2, 1, 1, 1, 1, 1, 1, 2, 2, 2, 2, 2, 1, 1, 1, 1, 2, 2, 4 ),
 ( 0.000000000000000000, 0.2500000000000529021, 0.3750000000000793809, 0.4375000000000922595, 0.4687500000000984768, 0.4843750000001015854, 0.4921875000001033618, 0.4960937500001040834, 0.4980468750001044720, 0.4990234375001046385, 0.5000000000001048051, 0.6250000000000924816, 0.6875000000000863754, 0.7187500000000831557, 0.7343750000000814904, 0.7421875000000807132, 0.7460937500000799361, 0.7480468750000797140, 0.7490234375000792699, 0.7500000000000787148, 1.000000000000000000 ),
 .UNSPECIFIED. ) ;
#2962 = CARTESIAN_POINT ( 'NONE',  ( 0.03301539341557141460, -0.4999986356784946739, -0.3207027689933851233 ) ) ;
#2963 = CARTESIAN_POINT ( 'NONE',  ( -0.1626105919500009656, -0.5004639421799916832, -0.4050892858600028679 ) ) ;
#2964 = EDGE_CURVE ( 'NONE', #7214, #1296, #3381, .T. ) ;
#2965 = ORIENTED_EDGE ( 'NONE', *, *, #6056, .F. ) ;
#2966 = CARTESIAN_POINT ( 'NONE',  ( -0.3858601250000029403, 0.2803437910000101119, -0.3197321427100013880 ) ) ;
#2967 = CARTESIAN_POINT ( 'NONE',  ( 0.3226455970870427681, -0.3188385548660013225, -0.2053116256601131839 ) ) ;
#2968 = CARTESIAN_POINT ( 'NONE',  ( 0.4810769900102180308, 0.1374312547126874118, -0.08610902243186824290 ) ) ;
#2969 = CARTESIAN_POINT ( 'NONE',  ( -0.03297405225426713882, -0.5000013637944416001, -0.4650106071814915643 ) ) ;
#2970 = CARTESIAN_POINT ( 'NONE',  ( 0.1303964392018681084, -0.4658532493621137527, -0.1223598893207577532 ) ) ;
#2971 = CARTESIAN_POINT ( 'NONE',  ( -0.4346590767453202275, -0.1301560608664935059, -0.2377551926724263964 ) ) ;
#2972 = EDGE_CURVE ( 'NONE', #1840, #6683, #7243, .T. ) ;
#2973 = EDGE_LOOP ( 'NONE', ( #958, #1717, #3904, #4986, #5363, #1180, #929, #6015, #1356, #4054, #7363, #3749, #2564, #6039, #6676, #5514, #1806, #330 ) ) ;
#2974 = CARTESIAN_POINT ( 'NONE',  ( 0.7500000000000008882, -0.1139448851814657410, -0.4950329544912541735 ) ) ;
#2975 = CARTESIAN_POINT ( 'NONE',  ( -0.2131466381064264504, -0.7429651350817633171, -0.4868085742076632139 ) ) ;
#2976 = CARTESIAN_POINT ( 'NONE',  ( -0.1473854530000156260, -0.4536057819999870788, -0.3607142860000019380 ) ) ;
#2977 = CARTESIAN_POINT ( 'NONE',  ( -0.3466162613608493870, -0.3603569998456931378, -0.04439911750656602707 ) ) ;
#2978 = CARTESIAN_POINT ( 'NONE',  ( -0.6267832102665503724, -0.4143822602810527389, 8.700090615117063348E-49 ) ) ;
#2979 = CARTESIAN_POINT ( 'NONE',  ( 0.4853864436667854609, 0.1200000013240719032, -0.09544051295387448453 ) ) ;
#2980 = ADVANCED_FACE ( 'NONE', ( #3804 ), #5088, .T. ) ;
#2981 = CARTESIAN_POINT ( 'NONE',  ( -0.1387701687779909210, 0.4803569926136706525, -0.1396661878793295786 ) ) ;
#2982 = CARTESIAN_POINT ( 'NONE',  ( -0.3858601250000029403, -0.2803437909999825228, -0.4482142860000000728 ) ) ;
#2983 = CARTESIAN_POINT ( 'NONE',  ( 0.4341673350172245982, -0.2479937427829426999, -0.03266729090988674394 ) ) ;
#2984 = ORIENTED_EDGE ( 'NONE', *, *, #608, .T. ) ;
#2985 = CARTESIAN_POINT ( 'NONE',  ( -0.4115614301650201701, 0.2782324762900448833, -0.4999999999999971689 ) ) ;
#2986 = CARTESIAN_POINT ( 'NONE',  ( -0.1396449349148851382, 0.4420906902233385227, -0.2410000000000021292 ) ) ;
#2987 = CARTESIAN_POINT ( 'NONE',  ( -0.7499999998829637304, 0.4330127019679556599, -0.4330127019932962784 ) ) ;
#2988 = CARTESIAN_POINT ( 'NONE',  ( 0.3385704361267842799, 0.3464211989734694574, -0.2410000000000021569 ) ) ;
#2989 = CARTESIAN_POINT ( 'NONE',  ( -0.1387701810276235626, 0.4803569890748730087, -0.06823761641760667240 ) ) ;
#2990 = CARTESIAN_POINT ( 'NONE',  ( 0.06036589484078425105, 0.4716576075269144352, -0.02449518062466355534 ) ) ;
#2991 = CARTESIAN_POINT ( 'NONE',  ( 0.3858601249999845662, 0.2803437910000101119, -0.3321428569999972380 ) ) ;
#2992 = VERTEX_POINT ( 'NONE', #4335 ) ;
#2993 = CARTESIAN_POINT ( 'NONE',  ( 8.741913579725642299E-15, -0.4999999999999930056, -0.1785714290000018356 ) ) ;
#2994 = CARTESIAN_POINT ( 'NONE',  ( -0.1202106206808062627, 0.4482109123386058824, -0.2410000000791776564 ) ) ;
#2995 = AXIS2_PLACEMENT_3D ( 'NONE', #5778, #641, #4406 ) ;
#2996 = ORIENTED_EDGE ( 'NONE', *, *, #411, .T. ) ;
#2997 = CARTESIAN_POINT ( 'NONE',  ( 0.3226455821108160649, -0.3188385700210286111, -0.07138305475818453039 ) ) ;
#2998 = CARTESIAN_POINT ( 'NONE',  ( -0.4366738999999956183, 0.1239550730000085893, -0.1013725270000022521 ) ) ;
#2999 = CARTESIAN_POINT ( 'NONE',  ( -0.2941653243700039777, -0.4048838341100017835, -0.4086607138500013003 ) ) ;
#3000 = ORIENTED_EDGE ( 'NONE', *, *, #1082, .F. ) ;
#3001 = CARTESIAN_POINT ( 'NONE',  ( -0.4346590759729370146, -0.1301560635949091937, -0.08596947849892126736 ) ) ;
#3002 = VERTEX_POINT ( 'NONE', #4865 ) ;
#3003 = CARTESIAN_POINT ( 'NONE',  ( 0.2666227889999946421, 0.3669747859999997752, -0.3375892857100015187 ) ) ;
#3004 = EDGE_CURVE ( 'NONE', #4037, #6850, #3461, .T. ) ;
#3005 = CARTESIAN_POINT ( 'NONE',  ( -0.03748413648228270806, -0.4991434555489315250, -0.1079746888472250810 ) ) ;
#3006 = CARTESIAN_POINT ( 'NONE',  ( 0.4589400211320833756, 0.1987705494728021771, -0.2275164201226642924 ) ) ;
#3007 = CARTESIAN_POINT ( 'NONE',  ( -0.1605876439246621268, -0.4737935898145466118, -0.4680031739207292096 ) ) ;
#3008 = EDGE_CURVE ( 'NONE', #459, #7056, #336, .T. ) ;
#3009 = CARTESIAN_POINT ( 'NONE',  ( 0.7500000000000009992, 0.2800006307400844663, -0.02919211880356100894 ) ) ;
#3010 = VECTOR ( 'NONE', #5073, 39.37007874015748143 ) ;
#3011 = CARTESIAN_POINT ( 'NONE',  ( 0.4967620887309465161, 0.06567313046640148311, -0.3734819805095984102 ) ) ;
#3012 = ORIENTED_EDGE ( 'NONE', *, *, #3579, .F. ) ;
#3013 = CARTESIAN_POINT ( 'NONE',  ( -0.4294957618435881752, -0.5039084815077876645, -0.2410000000000021569 ) ) ;
#3014 = CARTESIAN_POINT ( 'NONE',  ( 0.3981920380000049664, 0.2423900660000098961, -0.1902527340000009504 ) ) ;
#3015 = CARTESIAN_POINT ( 'NONE',  ( 0.1473854529999788499, 0.4536057820000122809, -0.3964285709999997853 ) ) ;
#3016 = AXIS2_PLACEMENT_3D ( 'NONE', #6723, #5519, #1440 ) ;
#3017 = CYLINDRICAL_SURFACE ( 'NONE', #1820, 0.5000000000000002220 ) ;
#3018 = CARTESIAN_POINT ( 'NONE',  ( -0.07164390600000487830, -0.4999999999999935052, -0.1176464090000029911 ) ) ;
#3019 = B_SPLINE_CURVE_WITH_KNOTS ( 'NONE', 3,
 ( #1068, #7353, #1176, #581 ),
 .UNSPECIFIED., .F., .F.,
 ( 4, 4 ),
 ( 0.000000000000000000, 1.000000000000000000 ),
 .UNSPECIFIED. ) ;
#3020 = CARTESIAN_POINT ( 'NONE',  ( 0.2710769515334212065, 0.7095190530680807184, -0.005507537058784105037 ) ) ;
#3021 = CARTESIAN_POINT ( 'NONE',  ( -0.3981920364461626893, -0.2423900691431717658, -0.1634670195690323125 ) ) ;
#3022 = CARTESIAN_POINT ( 'NONE',  ( 0.4314047349999962089, 0.1401718950000036545, -0.4874999999999985456 ) ) ;
#3023 = CARTESIAN_POINT ( 'NONE',  ( 0.4755282579999851045, 0.1545084970000039915, -0.1660714290000029902 ) ) ;
#3024 = ADVANCED_FACE ( 'NONE', ( #5944 ), #6053, .F. ) ;
#3025 = ORIENTED_EDGE ( 'NONE', *, *, #4295, .F. ) ;
#3026 = CARTESIAN_POINT ( 'NONE',  ( -0.3981920355136213119, 0.2423900720132831366, -0.1758186945644937549 ) ) ;
#3027 = CARTESIAN_POINT ( 'NONE',  ( -0.4640148595368311368, 0.1612970902448951083, -0.4999999999999976130 ) ) ;
#3028 = DIRECTION ( 'NONE',  ( 6.162975822039154730E-33, 0.000000000000000000, -1.000000000000000000 ) ) ;
#3029 = CARTESIAN_POINT ( 'NONE',  ( -0.04692066911765242071, -0.5000020320028629728, 1.291219008433611802E-48 ) ) ;
#3030 = CARTESIAN_POINT ( 'NONE',  ( 0.1404050989999973964, -0.4798816610000000704, -0.1842697089999995042 ) ) ;
#3031 = CARTESIAN_POINT ( 'NONE',  ( 0.1387701737591595097, 0.4803569911746511378, -0.08354809779697808247 ) ) ;
#3032 = CARTESIAN_POINT ( 'NONE',  ( 0.06101920318265732779, 0.4715357265448375523, -0.02453267679313479027 ) ) ;
#3033 = AXIS2_PLACEMENT_3D ( 'NONE', #3073, #4639, #2909 ) ;
#3034 = CARTESIAN_POINT ( 'NONE',  ( 0.4853864436667854609, 0.1200000013240719032, -0.09544051295387448453 ) ) ;
#3035 = B_SPLINE_CURVE_WITH_KNOTS ( 'NONE', 3,
 ( #4516, #5853, #7043, #3612 ),
 .UNSPECIFIED., .F., .F.,
 ( 4, 4 ),
 ( 0.000000000000000000, 1.000000000000000000 ),
 .UNSPECIFIED. ) ;
#3036 = EDGE_LOOP ( 'NONE', ( #4598, #4689, #556 ) ) ;
#3037 = ORIENTED_EDGE ( 'NONE', *, *, #4763, .T. ) ;
#3038 = ADVANCED_FACE ( 'NONE', ( #7090 ), #4433, .F. ) ;
#3039 =( BOUNDED_CURVE ( )  B_SPLINE_CURVE ( 2, ( #1247, #1162, #5225, #5309, #6925, #5185, #3462, #6389, #1823, #4150, #5825, #5746, #2421 ),
 .UNSPECIFIED., .F., .F. ) 
 B_SPLINE_CURVE_WITH_KNOTS ( ( 3, 2, 2, 2, 2, 2, 3 ),
 ( 0.000000000000000000, 0.1000000032000068068, 0.3000000016000033964, 0.5000000000000000000, 0.6999999983999950492, 0.8999999967999900985, 1.000000000000000000 ),
 .UNSPECIFIED. ) 
 CURVE ( )  GEOMETRIC_REPRESENTATION_ITEM ( )  RATIONAL_B_SPLINE_CURVE ( ( 0.9755282581475770431, 0.9755282571687056148, 1.000000000000000000, 0.9510565162951540863, 1.000000000000000000, 0.9510565162951540863, 1.000000000000000000, 0.9510565162951540863, 1.000000000000000000, 0.9510565162951540863, 1.000000000000000000, 0.9755282571687049487, 0.9755282581475770431 ) ) 
 REPRESENTATION_ITEM ( '' )  );
#3040 = LOCAL_TIME ( 14, 52, 2.000000000000000000, #3852 ) ;
#3041 = CARTESIAN_POINT ( 'NONE',  ( -0.3133492190000080058, -0.3279793779999911063, -0.1604321600000003234 ) ) ;
#3042 = EDGE_LOOP ( 'NONE', ( #3117, #3353, #2412, #615, #4915, #2140, #7138, #966, #6519, #514, #2907, #4086, #3828, #2833, #3051, #4561, #5948, #334 ) ) ;
#3043 = CARTESIAN_POINT ( 'NONE',  ( -0.4377489525860565056, -0.1188922992135765383, -0.2291136100640951412 ) ) ;
#3044 = CARTESIAN_POINT ( 'NONE',  ( -0.4245924888848484624, -0.2645577310202367194, -0.3329642986580335084 ) ) ;
#3045 = CARTESIAN_POINT ( 'NONE',  ( 0.4257200567899965260, -0.3093037260299867919, -0.3908035718600019193 ) ) ;
#3046 = ORIENTED_EDGE ( 'NONE', *, *, #2176, .F. ) ;
#3047 = VERTEX_POINT ( 'NONE', #1513 ) ;
#3048 = CARTESIAN_POINT ( 'NONE',  ( 0.09274206599997331102, 0.4446087490000164011, -0.04580741300000031740 ) ) ;
#3049 = B_SPLINE_CURVE_WITH_KNOTS ( 'NONE', 3,
 ( #3052, #3610, #5338, #759, #2453, #2491 ),
 .UNSPECIFIED., .F., .F.,
 ( 4, 2, 4 ),
 ( 0.000000000000000000, 0.005564677103601123852, 0.01112935420720224770 ),
 .UNSPECIFIED. ) ;
#3050 = DIRECTION ( 'NONE',  ( 1.000000000000000000, -8.326672684688663206E-16, 0.000000000000000000 ) ) ;
#3051 = ORIENTED_EDGE ( 'NONE', *, *, #37, .F. ) ;
#3052 = CARTESIAN_POINT ( 'NONE',  ( 0.3749999999340249968, 0.6495190529572562044, -0.4999999999999973910 ) ) ;
#3053 = CARTESIAN_POINT ( 'NONE',  ( 0.5000000005011741022, -0.03301324546619744532, -0.4471916649368971042 ) ) ;
#3054 = CARTESIAN_POINT ( 'NONE',  ( 0.3661806434481345573, 0.2677124236344604058, -0.04639421778256747758 ) ) ;
#3055 = CARTESIAN_POINT ( 'NONE',  ( -0.1344399527766469149, -0.4728568313411041224, -0.03400325426811087737 ) ) ;
#3056 = ADVANCED_FACE ( 'NONE', ( #4229 ), #3174, .F. ) ;
#3057 = ORIENTED_EDGE ( 'NONE', *, *, #4135, .T. ) ;
#3058 = CARTESIAN_POINT ( 'NONE',  ( -0.3226455930000215466, 0.3188385590000021863, -0.09816876899999668615 ) ) ;
#3059 = EDGE_CURVE ( 'NONE', #7184, #1024, #5523, .T. ) ;
#3060 = CARTESIAN_POINT ( 'NONE',  ( -0.1473854529999972240, 0.4536057820000077290, -0.3892857140000038907 ) ) ;
#3061 = CARTESIAN_POINT ( 'NONE',  ( -0.4740919286159721580, 0.5811513081957879745, 2.670654598606183588E-11 ) ) ;
#3062 = FACE_OUTER_BOUND ( 'NONE', #4366, .T. ) ;
#3063 = CARTESIAN_POINT ( 'NONE',  ( 0.3466162706019786377, -0.3603569907841773778, -0.1205000000000010785 ) ) ;
#3064 = EDGE_CURVE ( 'NONE', #193, #5901, #2667, .T. ) ;
#3065 = CARTESIAN_POINT ( 'NONE',  ( 0.3403589837165927334, -0.6695190530812041851, -0.2410000000000006304 ) ) ;
#3066 = CARTESIAN_POINT ( 'NONE',  ( 0.2666227889999946421, 0.3669747859999997752, -0.4803571430000024289 ) ) ;
#3067 = CARTESIAN_POINT ( 'NONE',  ( -0.1387701735695998639, 0.4803569910705218216, 0.000000000000000000 ) ) ;
#3068 = ORIENTED_EDGE ( 'NONE', *, *, #5440, .F. ) ;
#3069 = ORIENTED_EDGE ( 'NONE', *, *, #6161, .T. ) ;
#3070 = VERTEX_POINT ( 'NONE', #4795 ) ;
#3071 = CARTESIAN_POINT ( 'NONE',  ( 0.4555308229779087559, 0.2067764011844394345, -0.4416080249357567378 ) ) ;
#3072 = CARTESIAN_POINT ( 'NONE',  ( -0.1292333894769543412, 0.4832887125607900347, -0.4970396372578683719 ) ) ;
#3073 = CARTESIAN_POINT ( 'NONE',  ( 0.000000000000000000, 0.000000000000000000, -0.1312467619999972135 ) ) ;
#3074 = CARTESIAN_POINT ( 'NONE',  ( 0.4769493439999838991, 3.446921961238886775E-15, -0.4821428570000020897 ) ) ;
#3075 = CARTESIAN_POINT ( 'NONE',  ( -0.1264029991374377992, 0.4589364165836142817, -0.02398152840405553751 ) ) ;
#3076 = EDGE_CURVE ( 'NONE', #836, #5394, #4334, .T. ) ;
#3077 = CARTESIAN_POINT ( 'NONE',  ( -0.1303964380962858161, 0.4658532494165365523, -0.08664560371962654051 ) ) ;
#3078 = CARTESIAN_POINT ( 'NONE',  ( -0.4346590750000131065, -0.1301560660000037339, -0.1573980499999983462 ) ) ;
#3079 = CARTESIAN_POINT ( 'NONE',  ( 0.4755282579999851045, 0.1545084970000039915, -0.09464285699999676338 ) ) ;
#3080 = ORIENTED_EDGE ( 'NONE', *, *, #4870, .F. ) ;
#3081 = ORIENTED_EDGE ( 'NONE', *, *, #4903, .T. ) ;
#3082 = CARTESIAN_POINT ( 'NONE',  ( 0.1404050989999973964, -0.4798816610000000704, -0.1753411370000008407 ) ) ;
#3083 = ORIENTED_EDGE ( 'NONE', *, *, #3971, .F. ) ;
#3084 = CARTESIAN_POINT ( 'NONE',  ( -0.4314047349999962089, -0.1401718949999992692, -0.2285714289999971893 ) ) ;
#3085 = CARTESIAN_POINT ( 'NONE',  ( 0.4967620789905349832, -0.06566183584301495124, -0.3050891870814730900 ) ) ;
#3086 = CARTESIAN_POINT ( 'NONE',  ( -0.4980573089999972280, 0.04403313200001282568, -0.2063749590000019951 ) ) ;
#3087 = ORIENTED_EDGE ( 'NONE', *, *, #5440, .T. ) ;
#3088 = EDGE_CURVE ( 'NONE', #6416, #6407, #4741, .T. ) ;
#3089 = CARTESIAN_POINT ( 'NONE',  ( 0.09274206599997331102, 0.4446087490000164011, -0.04696101000000381387 ) ) ;
#3090 =( BOUNDED_SURFACE ( )  B_SPLINE_SURFACE ( 1, 2, ( 
 ( #4399, #7295, #4472 ),
 ( #3237, #2082, #6724 ) ),
 .UNSPECIFIED., .F., .F., .T. ) 
 B_SPLINE_SURFACE_WITH_KNOTS ( ( 2, 2 ),
 ( 3, 3 ),
 ( 0.8827320531495481681, 0.9230769230769239053 ),
 ( 0.000000000000000000, 0.003219366137471580541 ),
 .UNSPECIFIED. ) 
 GEOMETRIC_REPRESENTATION_ITEM ( )  RATIONAL_B_SPLINE_SURFACE ( (
 ( 1.000000000000000000, 0.9779406208275009948, 0.9757660627850478496),
 ( 1.000000000000000000, 0.9779406208275009948, 0.9757660627850478496) ) ) 
 REPRESENTATION_ITEM ( '' )  SURFACE ( )  );
#3091 = CARTESIAN_POINT ( 'NONE',  ( -0.03748413836463579396, -0.4991434554075726560, -0.04547468931055236030 ) ) ;
#3092 = CARTESIAN_POINT ( 'NONE',  ( 0.5798232439611983313, -0.5312642979332740101, -0.4790840307669004816 ) ) ;
#3093 = CARTESIAN_POINT ( 'NONE',  ( -0.1761943487743561909, -0.4682136208242311803, -0.4683861201141521491 ) ) ;
#3094 = CARTESIAN_POINT ( 'NONE',  ( 0.1750822196102474748, -0.7649416373525439461, -0.01994755383897503509 ) ) ;
#3095 = CARTESIAN_POINT ( 'NONE',  ( 0.4589400210179006012, 0.1987705497364393725, -0.1560878481163436582 ) ) ;
#3096 = ORIENTED_EDGE ( 'NONE', *, *, #961, .T. ) ;
#3097 = CARTESIAN_POINT ( 'NONE',  ( 0.4314047349999962089, -0.1401718949999970765, -0.1374999999999960143 ) ) ;
#3098 = CARTESIAN_POINT ( 'NONE',  ( -0.3226455993288803170, -0.3188385525640708429, -0.2321883742656798977 ) ) ;
#3099 = CARTESIAN_POINT ( 'NONE',  ( -0.03189824499998421964, -0.4536057820000015672, -0.5007729550000039609 ) ) ;
#3100 = CARTESIAN_POINT ( 'NONE',  ( -0.3416180540764144347, -0.3516998264149608366, -0.009704265897267036825 ) ) ;
#3101 = CARTESIAN_POINT ( 'NONE',  ( 0.3226455944191681247, 0.3188385575656845772, -0.1964740882642868058 ) ) ;
#3102 = CARTESIAN_POINT ( 'NONE',  ( 0.4686285227308903956, 0.1199999941057333375, -0.1761712498157345375 ) ) ;
#3103 = CARTESIAN_POINT ( 'NONE',  ( 0.4755282579999851045, 0.1545084970000039915, -0.3714285709999997076 ) ) ;
#3104 = CARTESIAN_POINT ( 'NONE',  ( 0.4496098070344173303, 0.1990107554756465058, -0.008332940148126886243 ) ) ;
#3105 = EDGE_CURVE ( 'NONE', #3684, #6334, #2052, .T. ) ;
#3106 = VERTEX_POINT ( 'NONE', #5669 ) ;
#3107 = CARTESIAN_POINT ( 'NONE',  ( 0.3971863199302232417, 0.3054853939234309368, -0.4389694439325169117 ) ) ;
#3108 = ADVANCED_FACE ( 'NONE', ( #7332 ), #488, .F. ) ;
#3109 = CARTESIAN_POINT ( 'NONE',  ( 0.4365652529999969333, -0.2744242959999905751, -0.09562896899999873135 ) ) ;
#3110 = CARTESIAN_POINT ( 'NONE',  ( 0.4314047349999962089, 0.1401718950000014619, -0.05000000000000411060 ) ) ;
#3111 = ORIENTED_EDGE ( 'NONE', *, *, #2705, .T. ) ;
#3112 = PLANE ( 'NONE',  #2409 ) ;
#3113 = CARTESIAN_POINT ( 'NONE',  ( -0.4309634997700156900, -0.1400285289800009270, -0.3800892858600000701 ) ) ;
#3114 = CARTESIAN_POINT ( 'NONE',  ( -0.1473854529999972240, 0.4536057820000077290, -0.2464285710000041763 ) ) ;
#3115 = B_SPLINE_CURVE_WITH_KNOTS ( 'NONE', 3,
 ( #4161, #4199, #6486, #1348 ),
 .UNSPECIFIED., .F., .F.,
 ( 4, 4 ),
 ( 0.000000000000000000, 1.000000000000000000 ),
 .UNSPECIFIED. ) ;
#3116 = ORIENTED_EDGE ( 'NONE', *, *, #4071, .F. ) ;
#3117 = ORIENTED_EDGE ( 'NONE', *, *, #2614, .F. ) ;
#3118 = CARTESIAN_POINT ( 'NONE',  ( -0.4303177449979982416, -0.1864472798584445590, -0.03103072249012775105 ) ) ;
#3119 = CARTESIAN_POINT ( 'NONE',  ( 0.4314047349999962089, 0.1401718950000014619, -0.2017857140000011151 ) ) ;
#3120 = CARTESIAN_POINT ( 'NONE',  ( 0.3418989005889024324, -0.3651995908453831152, -0.3128983899715707673 ) ) ;
#3121 = CARTESIAN_POINT ( 'NONE',  ( 8.741913579725642299E-15, -0.4999999999999930056, -0.2589285710000013840 ) ) ;
#3122 = ORIENTED_EDGE ( 'NONE', *, *, #468, .F. ) ;
#3123 = CARTESIAN_POINT ( 'NONE',  ( -0.3466162749524182018, -0.3603569867723930287, -0.1961848320742017038 ) ) ;
#3124 = EDGE_LOOP ( 'NONE', ( #4409, #5938, #7328, #3919 ) ) ;
#3125 = CARTESIAN_POINT ( 'NONE',  ( -0.08400907387557915440, -0.4934488070830834738, -0.1090383404838740911 ) ) ;
#3126 = CARTESIAN_POINT ( 'NONE',  ( 0.7500000000000011102, 0.3226608797080616209, -0.4616285207606122265 ) ) ;
#3127 = EDGE_CURVE ( 'NONE', #4543, #146, #6522, .T. ) ;
#3128 = CARTESIAN_POINT ( 'NONE',  ( -0.7500000000000177636, -0.1072500178204595644, -0.4955968887894651731 ) ) ;
#3129 = DIRECTION ( 'NONE',  ( 1.000000000000000000, -8.326672684688663206E-16, 0.000000000000000000 ) ) ;
#3130 = CARTESIAN_POINT ( 'NONE',  ( 0.4735185903850777644, 0.1613912084910946731, -0.3712694787978924604 ) ) ;
#3131 = ORIENTED_EDGE ( 'NONE', *, *, #1848, .T. ) ;
#3132 = FACE_OUTER_BOUND ( 'NONE', #4611, .T. ) ;
#3133 = VECTOR ( 'NONE', #6430, 39.37007874015748143 ) ;
#3134 = CARTESIAN_POINT ( 'NONE',  ( -0.4366738999999956183, -0.1239550729999909923, -0.1575560440000043361 ) ) ;
#3135 =( BOUNDED_SURFACE ( )  B_SPLINE_SURFACE ( 1, 2, ( 
 ( #4169, #2998, #2444, #750, #7110 ),
 ( #255, #6536, #7034, #104, #5404 ) ),
 .UNSPECIFIED., .F., .F., .T. ) 
 B_SPLINE_SURFACE_WITH_KNOTS ( ( 2, 2 ),
 ( 3, 2, 3 ),
 ( 0.000000000000000000, 0.9230769230769318989 ),
 ( 0.1277076699097429713, 0.1285714285714290306, 0.1341765008397949877 ),
 .UNSPECIFIED. ) 
 GEOMETRIC_REPRESENTATION_ITEM ( )  RATIONAL_B_SPLINE_SURFACE ( (
 ( 0.9895943154647730555, 0.9940814498823647982, 1.000000000000000000, 0.9615935531476199616, 0.9834629611452947451),
 ( 0.9895943154647730555, 0.9940814498823647982, 1.000000000000000000, 0.9615935531476199616, 0.9834629611452947451) ) ) 
 REPRESENTATION_ITEM ( '' )  SURFACE ( )  );
#3136 = CARTESIAN_POINT ( 'NONE',  ( 0.000000000000000000, -0.4536057820000032326, -0.4285714289999961735 ) ) ;
#3137 = B_SPLINE_CURVE_WITH_KNOTS ( 'NONE', 3,
 ( #6595, #5533, #7268, #3748, #7203, #892, #3185, #6661, #814, #4905 ),
 .UNSPECIFIED., .F., .F.,
 ( 4, 2, 2, 2, 4 ),
 ( 0.000000000000000000, 0.2500000000000000555, 0.5000000000000001110, 0.7500000000000002220, 1.000000000000000000 ),
 .UNSPECIFIED. ) ;
#3138 = LINE ( 'NONE', #2500, #7101 ) ;
#3139 = DIRECTION ( 'NONE',  ( 2.157041537713704703E-32, -0.000000000000000000, -1.000000000000000000 ) ) ;
#3140 = CARTESIAN_POINT ( 'NONE',  ( 0.4718531820470220350, -0.1200000054782226766, -0.01312688840257832459 ) ) ;
#3141 = CARTESIAN_POINT ( 'NONE',  ( -0.4755282580000025905, 0.1545084969999996061, -0.4857142859999963869 ) ) ;
#3142 = VECTOR ( 'NONE', #5582, 39.37007874015748143 ) ;
#3143 = CARTESIAN_POINT ( 'NONE',  ( 0.1387701735629734978, -0.4803569911319086616, -0.1116071424999991180 ) ) ;
#3144 = ORIENTED_EDGE ( 'NONE', *, *, #3716, .T. ) ;
#3145 = CARTESIAN_POINT ( 'NONE',  ( -0.4346590724821790541, 0.1301560743384035379, -0.1729590937748066160 ) ) ;
#3146 = CARTESIAN_POINT ( 'NONE',  ( 0.3226455970870427681, -0.3188385548660013225, -0.2053116256601131839 ) ) ;
#3147 = CARTESIAN_POINT ( 'NONE',  ( 0.3960570459999848136, -0.2489608939999921611, -0.06884325500000318399 ) ) ;
#3148 = CARTESIAN_POINT ( 'NONE',  ( 0.05834953799998172930, -0.4536057819999991247, -0.2128717950000010295 ) ) ;
#3149 = ORIENTED_EDGE ( 'NONE', *, *, #487, .F. ) ;
#3150 = CARTESIAN_POINT ( 'NONE',  ( -0.4972375414683256611, -0.06051036101922431520, -0.2664584596701492503 ) ) ;
#3151 = CARTESIAN_POINT ( 'NONE',  ( -0.4764615263200069895, 1.034076588371666072E-14, -0.2408035718599970121 ) ) ;
#3152 = CARTESIAN_POINT ( 'NONE',  ( 0.1929382239999658799, 0.5741788059999997085, 0.000000000000000000 ) ) ;
#3153 = EDGE_CURVE ( 'NONE', #129, #4524, #419, .T. ) ;
#3154 = DIRECTION ( 'NONE',  ( -6.162975822039154730E-33, 0.000000000000000000, 1.000000000000000000 ) ) ;
#3155 = CARTESIAN_POINT ( 'NONE',  ( 0.4769493439999838991, 3.446921961238886775E-15, -0.2767857139999956861 ) ) ;
#3156 = VECTOR ( 'NONE', #486, 39.37007874015748143 ) ;
#3157 = CARTESIAN_POINT ( 'NONE',  ( 0.2938926260000032653, 0.4045084970000005220, -0.4446428569999993363 ) ) ;
#3158 = VERTEX_POINT ( 'NONE', #2681 ) ;
#3159 = VECTOR ( 'NONE', #5341, 39.37007874015748143 ) ;
#3160 = ORIENTED_EDGE ( 'NONE', *, *, #2192, .F. ) ;
#3161 = LINE ( 'NONE', #4884, #252 ) ;
#3162 = ORIENTED_EDGE ( 'NONE', *, *, #7130, .F. ) ;
#3163 = CARTESIAN_POINT ( 'NONE',  ( -0.1224062338350460077, 0.4520138357147513997, -0.1671003968429062847 ) ) ;
#3164 = CARTESIAN_POINT ( 'NONE',  ( -0.7500000000000177636, -0.2941456673184740245, -0.4679324649115113588 ) ) ;
#3165 = CARTESIAN_POINT ( 'NONE',  ( -0.1302147665924881237, -0.4655386056395140471, -0.02922525007515099776 ) ) ;
#3166 = AXIS2_PLACEMENT_3D ( 'NONE', #6385, #3498, #1243 ) ;
#3167 = VERTEX_POINT ( 'NONE', #1050 ) ;
#3168 = CARTESIAN_POINT ( 'NONE',  ( -0.4636155205063057783, 0.1872451539062519876, -0.1293449460708291365 ) ) ;
#3169 = EDGE_CURVE ( 'NONE', #6976, #2323, #4830, .T. ) ;
#3170 = CARTESIAN_POINT ( 'NONE',  ( -0.4314047349999962089, -0.1401718949999992692, -0.1571428569999997193 ) ) ;
#3171 = CARTESIAN_POINT ( 'NONE',  ( -0.3858601250000029403, 0.2803437910000101119, -0.4535714290000000259 ) ) ;
#3172 = CARTESIAN_POINT ( 'NONE',  ( -0.2710769515334299218, -0.7095190530680784979, -0.005507537058784105037 ) ) ;
#3173 = DIRECTION ( 'NONE',  ( -1.000000000000000000, 8.326672684688663206E-16, 0.000000000000000000 ) ) ;
#3174 = PLANE ( 'NONE',  #4812 ) ;
#3175 = CARTESIAN_POINT ( 'NONE',  ( 0.4253254039999755931, 0.3090169940000098703, -0.2964285709999965879 ) ) ;
#3176 = CARTESIAN_POINT ( 'NONE',  ( 0.4476665587088822784, 0.2035539485602496645, -0.008260797068652231748 ) ) ;
#3177 = EDGE_CURVE ( 'NONE', #2867, #7056, #1769, .T. ) ;
#3178 = ORIENTED_EDGE ( 'NONE', *, *, #859, .T. ) ;
#3179 = B_SPLINE_CURVE_WITH_KNOTS ( 'NONE', 3,
 ( #51, #5193, #169, #7098 ),
 .UNSPECIFIED., .F., .F.,
 ( 4, 4 ),
 ( 0.000000000000000000, 1.000000000000000000 ),
 .UNSPECIFIED. ) ;
#3180 = ORIENTED_EDGE ( 'NONE', *, *, #1037, .T. ) ;
#3181 = CARTESIAN_POINT ( 'NONE',  ( 0.1605876409355306289, 0.4737935908398571150, -0.2894317453556734532 ) ) ;
#3182 = DIRECTION ( 'NONE',  ( 2.157041537713704703E-32, -0.000000000000000000, -1.000000000000000000 ) ) ;
#3183 = CARTESIAN_POINT ( 'NONE',  ( -0.04503013353646621864, 0.4532231477730848113, -0.04458540695320954705 ) ) ;
#3184 = CARTESIAN_POINT ( 'NONE',  ( -0.4853864439359314997, -0.1200000001801968808, -0.1949198154999972343 ) ) ;
#3185 = CARTESIAN_POINT ( 'NONE',  ( -0.03748413816450337638, 0.4991434554226016340, -0.2134538818501923452 ) ) ;
#3186 = ORIENTED_EDGE ( 'NONE', *, *, #2795, .F. ) ;
#3187 = CARTESIAN_POINT ( 'NONE',  ( 0.4424824005389276782, -0.2333199730765445901, -0.2376370579141318384 ) ) ;
#3188 = CARTESIAN_POINT ( 'NONE',  ( -0.05834953799999956919, -0.4536057820000012897, -0.08177106300000419603 ) ) ;
#3189 = CARTESIAN_POINT ( 'NONE',  ( -0.4591277023706149540, 0.1980129129692257128, -0.2010322006546488571 ) ) ;
#3190 = ORIENTED_EDGE ( 'NONE', *, *, #7393, .T. ) ;
#3191 = PERSON_AND_ORGANIZATION ( #4148, #7128 ) ;
#3192 = CARTESIAN_POINT ( 'NONE',  ( 0.3960570460000029103, 0.2489608940000012649, -0.1990138879999959753 ) ) ;
#3193 = CARTESIAN_POINT ( 'NONE',  ( -1.748382715945128460E-14, 0.4536057820000065077, -0.3303571429999988540 ) ) ;
#3194 = CARTESIAN_POINT ( 'NONE',  ( 0.4253254039999848080, -0.3090169939999903859, -0.4625000000000011324 ) ) ;
#3195 = CARTESIAN_POINT ( 'NONE',  ( 0.4853864427635097845, -0.1200000049777055072, -0.1724166296379964214 ) ) ;
#3196 = ORIENTED_EDGE ( 'NONE', *, *, #7149, .F. ) ;
#3197 = CARTESIAN_POINT ( 'NONE',  ( -0.7427000900000204631, 0.1200000000000019940, 0.000000000000000000 ) ) ;
#3198 = CARTESIAN_POINT ( 'NONE',  ( 0.7500000000000007772, 0.1057446189275817600, -0.4957191567163733992 ) ) ;
#3199 = CARTESIAN_POINT ( 'NONE',  ( 0.4314047349999962089, 0.1401718950000014619, -0.2017857140000011151 ) ) ;
#3200 = CARTESIAN_POINT ( 'NONE',  ( 0.000000000000000000, 0.8660254038962394985, -0.06698729803471893673 ) ) ;
#3201 = VERTEX_POINT ( 'NONE', #6384 ) ;
#3202 = CARTESIAN_POINT ( 'NONE',  ( 0.7499999999212357826, 0.4330127019363776975, -0.4330127019832692992 ) ) ;
#3203 = VERTEX_POINT ( 'NONE', #2413 ) ;
#3204 = CARTESIAN_POINT ( 'NONE',  ( -0.4314047349999962089, -0.1401718949999992692, -0.3089285709999967100 ) ) ;
#3205 = CARTESIAN_POINT ( 'NONE',  ( -0.4755282580000375625, -0.1545084969999974134, -0.05892857100000239989 ) ) ;
#3206 = CARTESIAN_POINT ( 'NONE',  ( 0.05834953799998172930, -0.4536057819999991247, -0.1414432229999961210 ) ) ;
#3207 = CARTESIAN_POINT ( 'NONE',  ( 0.4789230479999971313, -0.5895190530000010698, -0.2410000000000021569 ) ) ;
#3208 = CARTESIAN_POINT ( 'NONE',  ( 0.1624598479999960488, 0.5000000000000104361, -0.3607142860000019380 ) ) ;
#3209 = CARTESIAN_POINT ( 'NONE',  ( 0.4406774924492511958, 0.2190536797125146873, -0.008011472997291935183 ) ) ;
#3210 = CARTESIAN_POINT ( 'NONE',  ( 0.4245924927540223326, 0.2645577248521531200, -0.2972500128259588648 ) ) ;
#3211 = CARTESIAN_POINT ( 'NONE',  ( -0.06126000472163391219, 0.8306569237884683377, -0.4534327031920208362 ) ) ;
#3212 =( BOUNDED_CURVE ( )  B_SPLINE_CURVE ( 2, ( #5005, #6380, #5531, #73, #1056 ),
 .UNSPECIFIED., .F., .F. ) 
 B_SPLINE_CURVE_WITH_KNOTS ( ( 3, 2, 3 ),
 ( 0.000000000000000000, 0.4999999553594923762, 1.000000000000000000 ),
 .UNSPECIFIED. ) 
 CURVE ( )  GEOMETRIC_REPRESENTATION_ITEM ( )  RATIONAL_B_SPLINE_CURVE ( ( 0.9757927098030638735, 0.9780721906634912699, 1.000000000000000000, 0.9780721867480158815, 0.9757927089890066075 ) ) 
 REPRESENTATION_ITEM ( '' )  );
#3213 = DIRECTION ( 'NONE',  ( -4.273005485591898101E-63, -5.131708243377008956E-48, 1.000000000000000000 ) ) ;
#3214 = ADVANCED_FACE ( 'NONE', ( #1774 ), #34, .F. ) ;
#3215 = CARTESIAN_POINT ( 'NONE',  ( -0.4789230486443635804, -0.5895190528806586450, -0.2410000000202484338 ) ) ;
#3216 = CARTESIAN_POINT ( 'NONE',  ( 0.4374450864437375852, -0.1200000056731607978, -0.1325217561445464209 ) ) ;
#3217 = ORIENTED_EDGE ( 'NONE', *, *, #5323, .T. ) ;
#3218 = CARTESIAN_POINT ( 'NONE',  ( 0.3746008050408194956, -0.3325621711563475635, -0.2404151858120596175 ) ) ;
#3219 = CARTESIAN_POINT ( 'NONE',  ( 0.3854654722100004371, 0.2800570589700124291, -0.2693749998599990758 ) ) ;
#3220 = CARTESIAN_POINT ( 'NONE',  ( -0.4348122850003807160, 0.2468607177917930828, -0.06835163515142829438 ) ) ;
#3221 = EDGE_CURVE ( 'NONE', #6858, #2288, #1678, .T. ) ;
#3222 = CYLINDRICAL_SURFACE ( 'NONE', #5141, 0.5000000000000002220 ) ;
#3223 = DIRECTION ( 'NONE',  ( 1.000000000000000000, -8.326672684688663206E-16, 0.000000000000000000 ) ) ;
#3224 = CARTESIAN_POINT ( 'NONE',  ( 0.4253254039999755931, 0.3090169940000098703, -0.3767857139999988836 ) ) ;
#3225 = ORIENTED_EDGE ( 'NONE', *, *, #4301, .T. ) ;
#3226 = ORIENTED_EDGE ( 'NONE', *, *, #6475, .T. ) ;
#3227 = CARTESIAN_POINT ( 'NONE',  ( 0.5735909630100821666, -0.1199999999999977335, -0.2410000000000021847 ) ) ;
#3228 = VERTEX_POINT ( 'NONE', #2331 ) ;
#3229 = CARTESIAN_POINT ( 'NONE',  ( 0.5000000000000007772, -4.163336342344338013E-16, -0.4999999999999973910 ) ) ;
#3230 = CARTESIAN_POINT ( 'NONE',  ( 0.4346590751002481490, 0.1301560662807974833, -0.2020409064304926894 ) ) ;
#3231 = CARTESIAN_POINT ( 'NONE',  ( 0.3226455796608423410, 0.3188385724984137415, -0.1205812310219886857 ) ) ;
#3232 = VERTEX_POINT ( 'NONE', #5820 ) ;
#3233 = AXIS2_PLACEMENT_3D ( 'NONE', #1005, #5057, #440 ) ;
#3234 = CARTESIAN_POINT ( 'NONE',  ( -1.748382715945128460E-14, 0.4536057820000065077, -0.3303571429999988540 ) ) ;
#3235 = ADVANCED_FACE ( 'NONE', ( #682 ), #2855, .T. ) ;
#3236 = CARTESIAN_POINT ( 'NONE',  ( 0.3466162668270280633, 0.3603569945879402381, -0.08011340361764389406 ) ) ;
#3237 = CARTESIAN_POINT ( 'NONE',  ( 0.000000000000000000, 0.5000000000000028866, 0.000000000000000000 ) ) ;
#3238 = CARTESIAN_POINT ( 'NONE',  ( -0.3226455993288803170, -0.3188385525640708429, -0.2321883742656798977 ) ) ;
#3239 = CARTESIAN_POINT ( 'NONE',  ( -0.2938926260000032653, -0.4045084969999983016, -0.3999999999999979128 ) ) ;
#3240 = CARTESIAN_POINT ( 'NONE',  ( 0.4550759108146330556, 0.1855710014507016281, -0.008542291455490309132 ) ) ;
#3241 = AXIS2_PLACEMENT_3D ( 'NONE', #837, #2571, #1972 ) ;
#3242 = CARTESIAN_POINT ( 'NONE',  ( -0.2503018831890149731, 0.4340690671326541406, -0.2797408509476309035 ) ) ;
#3243 = DIRECTION ( 'NONE',  ( -6.162975822039154730E-33, 0.000000000000000000, 1.000000000000000000 ) ) ;
#3244 = B_SPLINE_CURVE_WITH_KNOTS ( 'NONE', 3,
 ( #6614, #1009, #6077, #4465, #4957, #2710, #1611, #335, #6716, #5483, #6185, #939, #7323 ),
 .UNSPECIFIED., .F., .F.,
 ( 4, 1, 1, 1, 1, 1, 2, 2, 4 ),
 ( 0.000000000000000000, 0.2500000000000022204, 0.3750000000000030531, 0.4375000000000037748, 0.4687500000000043299, 0.4843750000000046074, 0.4921875000000045519, 0.5000000000000045519, 1.000000000000000000 ),
 .UNSPECIFIED. ) ;
#3245 = CARTESIAN_POINT ( 'NONE',  ( -0.3466162706790910653, 0.3603569908705726021, -0.0001218697568320809959 ) ) ;
#3246 = CARTESIAN_POINT ( 'NONE',  ( 0.4314047349999962089, 0.1401718950000014619, -0.1303571429999998699 ) ) ;
#3247 = CARTESIAN_POINT ( 'NONE',  ( -0.05834953799999956225, -0.4536057819999979590, -0.2156996340000028600 ) ) ;
#3248 = ORIENTED_EDGE ( 'NONE', *, *, #7393, .F. ) ;
#3249 = AXIS2_PLACEMENT_3D ( 'NONE', #795, #148, #3050 ) ;
#3250 = B_SPLINE_CURVE_WITH_KNOTS ( 'NONE', 3,
 ( #5779, #5040, #7340, #3535 ),
 .UNSPECIFIED., .F., .F.,
 ( 4, 4 ),
 ( 0.000000000000000000, 1.000000000000000000 ),
 .UNSPECIFIED. ) ;
#3251 = CARTESIAN_POINT ( 'NONE',  ( -0.3323233714852137921, -0.3747938934733235916, -0.2582206677336170708 ) ) ;
#3252 = CARTESIAN_POINT ( 'NONE',  ( 0.4309634997699982040, 0.1400285289800031197, -0.3443749998599969775 ) ) ;
#3253 = CARTESIAN_POINT ( 'NONE',  ( -0.4789230484905933061, 0.5895190528100217042, -0.2410000000405034537 ) ) ;
#3254 = EDGE_CURVE ( 'NONE', #5923, #1873, #3744, .T. ) ;
#3255 = APPROVAL_DATE_TIME ( #7178, #6981 ) ;
#3256 = CARTESIAN_POINT ( 'NONE',  ( 0.3210109491578064245, -0.3204927209969739010, -0.06251306068156435580 ) ) ;
#3257 = DIRECTION ( 'NONE',  ( -6.162975822039154730E-33, 0.000000000000000000, 1.000000000000000000 ) ) ;
#3258 = CARTESIAN_POINT ( 'NONE',  ( -0.1624598480000327694, 0.5000000000000104361, -0.3624999999999979350 ) ) ;
#3259 = VERTEX_POINT ( 'NONE', #2296 ) ;
#3260 = EDGE_CURVE ( 'NONE', #5415, #7252, #58, .T. ) ;
#3261 = VECTOR ( 'NONE', #465, 39.37007874015748143 ) ;
#3262 = PLANE ( 'NONE',  #6009 ) ;
#3263 = VERTEX_POINT ( 'NONE', #5858 ) ;
#3264 = CARTESIAN_POINT ( 'NONE',  ( 0.7499999999999916733, 0.1200000000000041867, -0.2410000000000021569 ) ) ;
#3265 = CARTESIAN_POINT ( 'NONE',  ( 0.4374450882170522470, 0.1200000001183084974, -0.2022996722278065374 ) ) ;
#3266 = CARTESIAN_POINT ( 'NONE',  ( 0.2661876441288701933, -0.7123418959689900021, -0.4939782191029231107 ) ) ;
#3267 = CARTESIAN_POINT ( 'NONE',  ( -0.4407107100000194344, -0.1073884329999960224, -0.09547814400000022295 ) ) ;
#3268 = ORIENTED_EDGE ( 'NONE', *, *, #4590, .F. ) ;
#3269 = CC_DESIGN_APPROVAL ( #3428, ( #6262 ) ) ;
#3270 = CARTESIAN_POINT ( 'NONE',  ( -1.748382715945128460E-14, 0.4536057820000065077, -0.2590178567099991613 ) ) ;
#3271 = CARTESIAN_POINT ( 'NONE',  ( -0.4314047349999962089, -0.1401718949999992692, -0.08571428599999847409 ) ) ;
#3272 = CARTESIAN_POINT ( 'NONE',  ( -0.4366738999999956183, 0.1239550730000085893, -0.1638725270000022938 ) ) ;
#3273 = EDGE_CURVE ( 'NONE', #5809, #3982, #688, .T. ) ;
#3274 = CARTESIAN_POINT ( 'NONE',  ( 0.2237133661263469298, -0.7173020186230251172, 1.760988758092133330E-49 ) ) ;
#3275 = B_SPLINE_CURVE_WITH_KNOTS ( 'NONE', 3,
 ( #329, #2669, #4852, #6677, #1431, #2706, #2599, #4985, #7284, #2139 ),
 .UNSPECIFIED., .F., .F.,
 ( 4, 2, 2, 2, 4 ),
 ( 0.000000000000000000, 0.2499999999999999445, 0.5000000000000000000, 0.7500000000000000000, 1.000000000000000000 ),
 .UNSPECIFIED. ) ;
#3276 = CARTESIAN_POINT ( 'NONE',  ( -0.05834953799999956919, -0.4536057819999979590, -0.1442710630000034744 ) ) ;
#3277 = CARTESIAN_POINT ( 'NONE',  ( -0.4769493440000299178, 1.263871385787591778E-14, -0.4463392852800007193 ) ) ;
#3278 = CARTESIAN_POINT ( 'NONE',  ( -0.3418989200664072081, 0.3651995726364249961, -0.2771841040154989777 ) ) ;
#3279 = CARTESIAN_POINT ( 'NONE',  ( 0.4820812790278129478, 0.1200000034250843228, -0.01321310547158807691 ) ) ;
#3280 = ADVANCED_FACE ( 'NONE', ( #4260 ), #733, .T. ) ;
#3281 = FACE_OUTER_BOUND ( 'NONE', #1953, .T. ) ;
#3282 = CARTESIAN_POINT ( 'NONE',  ( -0.4830504525104490354, 0.1301137422956735734, -0.3422932638628056190 ) ) ;
#3283 = FACE_OUTER_BOUND ( 'NONE', #1059, .T. ) ;
#3284 = ORIENTED_EDGE ( 'NONE', *, *, #1003, .T. ) ;
#3285 = CARTESIAN_POINT ( 'NONE',  ( 0.08984999873202809129, -0.4920928096460329138, -0.2479683066220632615 ) ) ;
#3286 = CARTESIAN_POINT ( 'NONE',  ( 0.1473854529999880369, -0.4536057819999951279, -0.2196428569999981373 ) ) ;
#3287 = CARTESIAN_POINT ( 'NONE',  ( -0.04170382700001800530, 0.5796129770000065795, -0.2410000000000021569 ) ) ;
#3288 = COORDINATED_UNIVERSAL_TIME_OFFSET ( 10, 0, .AHEAD. ) ;
#3289 = CARTESIAN_POINT ( 'NONE',  ( -9.344712230615623268E-09, -0.4536057819999988472, -0.5000000001358642088 ) ) ;
#3290 = EDGE_CURVE ( 'NONE', #4193, #5432, #2751, .T. ) ;
#3291 = CARTESIAN_POINT ( 'NONE',  ( 0.2666227890000034129, -0.3669747859999954454, -0.2874999999999995892 ) ) ;
#3292 = CARTESIAN_POINT ( 'NONE',  ( -0.5257311120000326410, 1.034076588371666072E-14, -0.4196428570000046987 ) ) ;
#3293 = CARTESIAN_POINT ( 'NONE',  ( -0.1929382240000008519, 0.5741788060000051486, 0.000000000000000000 ) ) ;
#3294 = ORIENTED_EDGE ( 'NONE', *, *, #2889, .T. ) ;
#3295 = CARTESIAN_POINT ( 'NONE',  ( -0.2910504838496179580, -0.4068858071913506458, -0.3999205392333956555 ) ) ;
#3296 = LINE ( 'NONE', #6904, #5754 ) ;
#3297 = ORIENTED_EDGE ( 'NONE', *, *, #2690, .T. ) ;
#3298 = CARTESIAN_POINT ( 'NONE',  ( -0.4853864425567547825, -0.1200000058139755327, -0.05972622741309283750 ) ) ;
#3299 = DIRECTION ( 'NONE',  ( 6.162975822039154730E-33, -0.000000000000000000, -1.000000000000000000 ) ) ;
#3300 = CARTESIAN_POINT ( 'NONE',  ( 0.4346590749999867942, -0.1301560659999993763, -0.1997448069999989695 ) ) ;
#3301 = ADVANCED_FACE ( 'NONE', ( #3132 ), #873, .T. ) ;
#3302 = ORIENTED_EDGE ( 'NONE', *, *, #5491, .F. ) ;
#3303 = CARTESIAN_POINT ( 'NONE',  ( 0.4314047349999962089, -0.1401718949999970765, -0.2804464287200020278 ) ) ;
#3304 = CARTESIAN_POINT ( 'NONE',  ( -0.1147995149367577877, -0.4388385540461746670, -0.07879093549788000750 ) ) ;
#3305 = CARTESIAN_POINT ( 'NONE',  ( -0.1224062395589681773, -0.4520138341647051416, -0.1632567463032737753 ) ) ;
#3306 = CARTESIAN_POINT ( 'NONE',  ( 0.7500000000000005551, -0.2203872996548353058, -0.4816925890221693818 ) ) ;
#3307 = PRODUCT ( 'SPINDLE NUT 1 INCH_1_REV_', 'SPINDLE NUT 1 INCH_1_REV_', '', ( #1460 ) ) ;
#3308 = CARTESIAN_POINT ( 'NONE',  ( 0.3218282710789229228, 0.3196656399984953434, -0.1160876571592179829 ) ) ;
#3309 = CARTESIAN_POINT ( 'NONE',  ( -0.2666227890000034129, 0.3669747860000008854, -0.2427678572900003884 ) ) ;
#3310 =( BOUNDED_SURFACE ( )  B_SPLINE_SURFACE ( 1, 2, ( 
 ( #304, #6686, #1542, #7331, #2188 ),
 ( #979, #3272, #5560, #416, #2715 ) ),
 .UNSPECIFIED., .F., .F., .T. ) 
 B_SPLINE_SURFACE_WITH_KNOTS ( ( 2, 2 ),
 ( 3, 2, 3 ),
 ( 0.07692307692306671330, 1.000000000000000000 ),
 ( 0.1991362413383150343, 0.2000000000000000111, 0.2056050722683669951 ),
 .UNSPECIFIED. ) 
 GEOMETRIC_REPRESENTATION_ITEM ( )  RATIONAL_B_SPLINE_SURFACE ( (
 ( 0.9895943154647730555, 0.9940814498823647982, 1.000000000000000000, 0.9615935531476199616, 0.9834629611452947451),
 ( 0.9895943154647730555, 0.9940814498823647982, 1.000000000000000000, 0.9615935531476199616, 0.9834629611452947451) ) ) 
 REPRESENTATION_ITEM ( '' )  SURFACE ( )  );
#3311 = CARTESIAN_POINT ( 'NONE',  ( 0.4680120651503928420, 0.1767187530047741872, -0.2994825439679682511 ) ) ;
#3312 = CARTESIAN_POINT ( 'NONE',  ( -0.3466162749524182018, -0.3603569867723930287, -0.1961848320742017038 ) ) ;
#3313 = CARTESIAN_POINT ( 'NONE',  ( 0.000000000000000000, 0.5000000000000028866, -0.08035714299999575927 ) ) ;
#3314 = CARTESIAN_POINT ( 'NONE',  ( 0.4346590742275509012, -0.1301560689666533266, -0.1372448076379438608 ) ) ;
#3315 = CARTESIAN_POINT ( 'NONE',  ( -0.4795326083329849998, -0.1436781038670705279, -0.1216892664473460395 ) ) ;
#3316 = ORIENTED_EDGE ( 'NONE', *, *, #6186, .T. ) ;
#3317 = CARTESIAN_POINT ( 'NONE',  ( 0.4857860369999734695, 0.1183719840000071882, -0.02404957300000233264 ) ) ;
#3318 = CARTESIAN_POINT ( 'NONE',  ( -0.1473854529999972240, 0.4536057820000077290, -0.2553571429999987319 ) ) ;
#3319 = CARTESIAN_POINT ( 'NONE',  ( 0.1387701737246377076, -0.4803569911846136686, -0.04145190236102916370 ) ) ;
#3320 = EDGE_CURVE ( 'NONE', #1258, #2711, #7082, .T. ) ;
#3321 = EDGE_LOOP ( 'NONE', ( #3178, #3297, #6527, #4836 ) ) ;
#3322 = CARTESIAN_POINT ( 'NONE',  ( -0.1840521384511234482, -0.4240693626452177178, -0.4999999999999977240 ) ) ;
#3323 = CARTESIAN_POINT ( 'NONE',  ( 0.1473854529999788499, 0.4536057820000123364, -0.4053571430000035836 ) ) ;
#3324 = CARTESIAN_POINT ( 'NONE',  ( -0.2666227890000034129, -0.3669747859999954454, -0.4357142860000010054 ) ) ;
#3325 = FACE_OUTER_BOUND ( 'NONE', #98, .T. ) ;
#3326 = CARTESIAN_POINT ( 'NONE',  ( -0.06499618000001031182, 0.4536057820000076735, -0.1859250200000032993 ) ) ;
#3327 = CARTESIAN_POINT ( 'NONE',  ( 0.3240658290994337110, 0.3212917533572570705, -0.04365921535002739717 ) ) ;
#3328 = CARTESIAN_POINT ( 'NONE',  ( -0.3320366669140814020, -0.3351043713421524850, -0.02825506066648167738 ) ) ;
#3329 = DIRECTION ( 'NONE',  ( 2.157041537713704703E-32, -0.000000000000000000, -1.000000000000000000 ) ) ;
#3330 = ORIENTED_EDGE ( 'NONE', *, *, #6565, .T. ) ;
#3331 = DIRECTION ( 'NONE',  ( 6.162975822039154730E-33, -0.000000000000000000, -1.000000000000000000 ) ) ;
#3332 = CARTESIAN_POINT ( 'NONE',  ( 0.3840281572257959741, -0.2501551645523469869, -0.4999999999999976130 ) ) ;
#3333 = CARTESIAN_POINT ( 'NONE',  ( -1.748382715945128460E-14, 0.5004639421800054500, -0.3658035718599990660 ) ) ;
#3334 = CARTESIAN_POINT ( 'NONE',  ( -0.4346590759729492270, 0.1301560635949175204, -0.1015305215010787881 ) ) ;
#3335 = EDGE_CURVE ( 'NONE', #4049, #2992, #1499, .T. ) ;
#3336 = ORIENTED_EDGE ( 'NONE', *, *, #4282, .F. ) ;
#3337 = CARTESIAN_POINT ( 'NONE',  ( -0.4314047349999962089, -0.1401718949999992692, -0.3090178567100032581 ) ) ;
#3338 = ADVANCED_FACE ( 'NONE', ( #2134 ), #248, .T. ) ;
#3339 = CARTESIAN_POINT ( 'NONE',  ( -0.6181742127396230302, -0.5091223557798603139, -0.4708254515529904927 ) ) ;
#3340 = CARTESIAN_POINT ( 'NONE',  ( 0.4424686859803132477, -0.6105659889776987592, -0.4977249164980683815 ) ) ;
#3341 = CARTESIAN_POINT ( 'NONE',  ( -0.4853864427579760998, -0.1200000050000837176, -0.2025833704597034268 ) ) ;
#3342 = CARTESIAN_POINT ( 'NONE',  ( 0.7500000000000007772, -0.2491558465670049294, -0.4767759658809315182 ) ) ;
#3343 = CARTESIAN_POINT ( 'NONE',  ( 0.1147994906296310458, -0.4388385605626308750, -0.07745906506161420735 ) ) ;
#3344 = CARTESIAN_POINT ( 'NONE',  ( 0.2666227890000034129, -0.3669747859999954454, -0.2784821432900035365 ) ) ;
#3345 = EDGE_CURVE ( 'NONE', #1915, #3813, #5159, .T. ) ;
#3346 = CARTESIAN_POINT ( 'NONE',  ( 0.4857860369999734695, 0.1183719840000071882, -0.09547814400000022295 ) ) ;
#3347 = CONICAL_SURFACE ( 'NONE', #117, 0.7500000000000011102, 1.047197549762621804 ) ;
#3348 = B_SPLINE_CURVE_WITH_KNOTS ( 'NONE', 3,
 ( #5943, #272, #4863, #4299 ),
 .UNSPECIFIED., .F., .F.,
 ( 4, 4 ),
 ( 0.000000000000000000, 1.000000000000000000 ),
 .UNSPECIFIED. ) ;
#3349 = DIRECTION ( 'NONE',  ( 6.162975822039154730E-33, 0.000000000000000000, -1.000000000000000000 ) ) ;
#3350 = FACE_OUTER_BOUND ( 'NONE', #3480, .T. ) ;
#3351 = CARTESIAN_POINT ( 'NONE',  ( 0.4314047349999962089, -0.1401718949999970765, -0.1374999999999960143 ) ) ;
#3352 = CARTESIAN_POINT ( 'NONE',  ( -0.1404050990000242916, 0.4798816610000091187, -0.1485554229999977716 ) ) ;
#3353 = ORIENTED_EDGE ( 'NONE', *, *, #5613, .F. ) ;
#3354 = CARTESIAN_POINT ( 'NONE',  ( -0.08400907562345857893, 0.4934488067855091753, -0.1409616590585370532 ) ) ;
#3355 = CARTESIAN_POINT ( 'NONE',  ( -0.1473854530000156260, -0.4536057819999870788, -0.2982142860000044360 ) ) ;
#3356 = CARTESIAN_POINT ( 'NONE',  ( -0.4798280534409126719, 0.1424830618620763767, -0.1997220344890030530 ) ) ;
#3357 =( BOUNDED_CURVE ( )  B_SPLINE_CURVE ( 2, ( #3820, #6134, #2699, #2664, #1427, #6001, #4389, #998, #1528, #6703, #2032, #3155, #4947, #1561, #3291, #5576, #862, #2559, #288, #324, #7181, #4880, #1462, #3756, #6037, #899, #3193, #5472, #2628, #2205, #6284, #1103, #5086, #5119, #1136, #2804, #2169, #4566, #6852, #1749, #6894, #7387, #4007, #2238, #1710, #3924, #2871, #3323, #5049, #3434, #1030, #1173, #4453, #5684, #4526, #6813, #6742, #5718, #1066, #1598, #1673, #433, #578, #3887, #3966, #6321, #5608, #1634, #4604, #2730, #7350, #4040, #6173, #5157, #6776 ),
 .UNSPECIFIED., .F., .T. ) 
 B_SPLINE_CURVE_WITH_KNOTS ( ( 3, 2, 2, 2, 2, 2, 2, 2, 2, 2, 2, 2, 2, 2, 2, 2, 2, 2, 2, 2, 2, 2, 2, 2, 2, 2, 2, 2, 2, 2, 2, 2, 2, 2, 2, 2, 2, 3 ),
 ( 0.2677874619330364303, 0.2714285714285710749, 0.2785714285714289695, 0.2857142857142860870, 0.2928571428571430380, 0.3000000000000000444, 0.3071428571428571064, 0.3142857142857140573, 0.3214285714285711193, 0.3285714285714290139, 0.3357142857142861314, 0.3428571428571430824, 0.3500000000000000333, 0.3571428571428570953, 0.3642857142857140462, 0.3714285714285711082, 0.3785714285714290028, 0.3857142857142861203, 0.3928571428571430713, 0.4000000000000000222, 0.4071428571428570842, 0.4142857142857140351, 0.4214285714285710971, 0.4285714285714289917, 0.4357142857142861092, 0.4428571428571430602, 0.4500000000000000111, 0.4571428571428570731, 0.4642857142857140240, 0.4714285714285710860, 0.4785714285714289806, 0.4857142857142860981, 0.4928571428571430491, 0.5000000000000000000, 0.5071428571428570065, 0.5142857142857140129, 0.5214285714285711304, 0.5267525370786276806 ),
 .UNSPECIFIED. ) 
 CURVE ( )  GEOMETRIC_REPRESENTATION_ITEM ( )  RATIONAL_B_SPLINE_CURVE ( ( 0.9755375737028852967, 0.9750507983432843417, 1.000000000000000000, 0.9510565162951540863, 1.000000000000000000, 0.9510565162951540863, 1.000000000000000000, 0.9510565162951540863, 1.000000000000000000, 0.9510565162951540863, 1.000000000000000000, 0.9510565162951540863, 1.000000000000000000, 0.9510565162951540863, 1.000000000000000000, 0.9510565162951540863, 1.000000000000000000, 0.9510565162951540863, 1.000000000000000000, 0.9510565162951540863, 1.000000000000000000, 0.9510565162951540863, 1.000000000000000000, 0.9510565162951540863, 1.000000000000000000, 0.9510565162951540863, 1.000000000000000000, 0.9510565162951540863, 1.000000000000000000, 0.9510565162951540863, 1.000000000000000000, 0.9510565162951540863, 1.000000000000000000, 0.9510565162951540863, 1.000000000000000000, 0.9510565162951540863, 1.000000000000000000, 0.9510565162951540863, 1.000000000000000000, 0.9510565162951540863, 1.000000000000000000, 0.9510565162951540863, 1.000000000000000000, 0.9510565162951540863, 1.000000000000000000, 0.9510565162951540863, 1.000000000000000000, 0.9510565162951540863, 1.000000000000000000, 0.9510565162951540863, 1.000000000000000000, 0.9510565162951540863, 1.000000000000000000, 0.9510565162951540863, 1.000000000000000000, 0.9510565162951540863, 1.000000000000000000, 0.9510565162951540863, 1.000000000000000000, 0.9510565162951540863, 1.000000000000000000, 0.9510565162951540863, 1.000000000000000000, 0.9510565162951540863, 1.000000000000000000, 0.9510565162951540863, 1.000000000000000000, 0.9510565162951540863, 1.000000000000000000, 0.9510565162951540863, 1.000000000000000000, 0.9510565162951540863, 1.000000000000000000, 0.9635197203545855515, 0.9814209723154256881 ) ) 
 REPRESENTATION_ITEM ( '' )  );
#3358 = ORIENTED_EDGE ( 'NONE', *, *, #54, .T. ) ;
#3359 = VECTOR ( 'NONE', #4439, 39.37007874015748143 ) ;
#3360 = CARTESIAN_POINT ( 'NONE',  ( -0.1202106206808062627, 0.4482109123386058824, -0.2410000000791776564 ) ) ;
#3361 = VECTOR ( 'NONE', #4726, 39.37007874015748143 ) ;
#3362 = CARTESIAN_POINT ( 'NONE',  ( 0.1147994906296310458, 0.4388385605626407560, -0.1100409349019933203 ) ) ;
#3363 = CARTESIAN_POINT ( 'NONE',  ( 0.3858601249999845106, 0.2803437910000101119, -0.4749999999999968692 ) ) ;
#3364 = EDGE_CURVE ( 'NONE', #414, #2393, #55, .T. ) ;
#3365 = DIRECTION ( 'NONE',  ( 4.622231857086500814E-33, -2.668646817849436990E-33, -1.000000000000000000 ) ) ;
#3366 = CARTESIAN_POINT ( 'NONE',  ( 0.008195162086640023907, 0.4784859102757856864, -0.02157095615170957770 ) ) ;
#3367 = B_SPLINE_CURVE_WITH_KNOTS ( 'NONE', 3,
 ( #6439, #5831, #1905, #3512, #2344, #1299, #1748, #6320, #4638, #3588, #5316, #5192, #657, #168, #2948, #49, #5234, #2473, #4764, #7060, #778, #3072, #4602, #6893, #6593, #6523 ),
 .UNSPECIFIED., .F., .F.,
 ( 4, 2, 2, 2, 2, 2, 2, 2, 2, 2, 2, 2, 4 ),
 ( -4.054916125095786583E-16, 0.002500375101942894224, 0.003750562652914545166, 0.005000750203886196107, 0.006250937754857846182, 0.007501125305829497991, 0.01000150040777280161, 0.01125168795874445342, 0.01250187550971610349, 0.01500225061165941058, 0.01625243816263106586, 0.01750262571360271940, 0.02000300081554603690 ),
 .UNSPECIFIED. ) ;
#3368 = CARTESIAN_POINT ( 'NONE',  ( -0.5000000000000061062, 1.009571254242269478E-08, -0.4107142860542906115 ) ) ;
#3369 = ORIENTED_EDGE ( 'NONE', *, *, #1255, .F. ) ;
#3370 = CARTESIAN_POINT ( 'NONE',  ( -0.3453981760000050527, 0.3615246880000124174, -0.07171069699999894909 ) ) ;
#3371 = DIRECTION ( 'NONE',  ( 6.162975822039154730E-33, 0.000000000000000000, -1.000000000000000000 ) ) ;
#3372 = CARTESIAN_POINT ( 'NONE',  ( 0.3981920380000141813, -0.2423900659999962681, -0.2026044089999979314 ) ) ;
#3373 = CARTESIAN_POINT ( 'NONE',  ( -0.01716196402411624897, -0.4999999999933987804, -0.1789487083977251425 ) ) ;
#3374 = CARTESIAN_POINT ( 'NONE',  ( -0.4935182553600004907, 0.1006423278700081803, -0.2074134538600026778 ) ) ;
#3375 = EDGE_LOOP ( 'NONE', ( #2125, #5324, #4636, #2457 ) ) ;
#3376 = CARTESIAN_POINT ( 'NONE',  ( 0.1652540946173126635, 0.4484198446534673477, -0.2410000000000021569 ) ) ;
#3377 = ORIENTED_EDGE ( 'NONE', *, *, #5813, .F. ) ;
#3378 = CARTESIAN_POINT ( 'NONE',  ( -0.3858601250000029403, -0.2803437909999825228, -0.3767857139999988836 ) ) ;
#3379 = CARTESIAN_POINT ( 'NONE',  ( 0.4755282579999763892, -0.1545084969999952484, -0.03035714300000039861 ) ) ;
#3380 = CARTESIAN_POINT ( 'NONE',  ( 0.4684790596362565784, -0.5955488927419795298, -0.4955402955561169498 ) ) ;
#3381 = B_SPLINE_CURVE_WITH_KNOTS ( 'NONE', 3,
 ( #2084, #944, #5979, #6553 ),
 .UNSPECIFIED., .F., .F.,
 ( 4, 4 ),
 ( 0.000000000000000000, 1.000000000000000000 ),
 .UNSPECIFIED. ) ;
#3382 = CARTESIAN_POINT ( 'NONE',  ( 0.4853864455643751574, -0.1199999936485176971, -0.1634880582651467851 ) ) ;
#3383 = EDGE_CURVE ( 'NONE', #5856, #3002, #2841, .T. ) ;
#3384 = AXIS2_PLACEMENT_3D ( 'NONE', #1996, #5503, #3717 ) ;
#3385 = CARTESIAN_POINT ( 'NONE',  ( -0.7266763964788682806, 0.4464785907747678695, -0.05921276373974553725 ) ) ;
#3386 = CARTESIAN_POINT ( 'NONE',  ( 0.1170659946377074212, -0.4382456464098276050, -0.1488280471933078053 ) ) ;
#3387 = CARTESIAN_POINT ( 'NONE',  ( -0.2666227890000034129, 0.3669747860000008854, -0.3141964282800008834 ) ) ;
#3388 = AXIS2_PLACEMENT_3D ( 'NONE', #6491, #1841, #2957 ) ;
#3389 = CARTESIAN_POINT ( 'NONE',  ( 0.1380773361608106931, 0.4791583373812280389, -0.002407421604586002656 ) ) ;
#3390 = CARTESIAN_POINT ( 'NONE',  ( -0.3302575720565605333, 0.3320228902379471769, -0.08979380606302994616 ) ) ;
#3391 = CARTESIAN_POINT ( 'NONE',  ( -0.4348122847200049934, -0.2468607182852153026, -0.1191483648441565985 ) ) ;
#3392 = ORIENTED_EDGE ( 'NONE', *, *, #340, .T. ) ;
#3393 = ADVANCED_FACE ( 'NONE', ( #6854 ), #1713, .F. ) ;
#3394 = CARTESIAN_POINT ( 'NONE',  ( 0.3453981759999962264, 0.3615246880000035357, -0.01757501799999916514 ) ) ;
#3395 = CARTESIAN_POINT ( 'NONE',  ( 0.2684942243899934300, -0.3650320236699999832, -0.5014533708499973041 ) ) ;
#3396 = LINE ( 'NONE', #5604, #7326 ) ;
#3397 = CARTESIAN_POINT ( 'NONE',  ( -0.6301602907052070712, 0.5022021904381954727, -0.4678291041580671106 ) ) ;
#3398 = ORIENTED_EDGE ( 'NONE', *, *, #7130, .T. ) ;
#3399 = CARTESIAN_POINT ( 'NONE',  ( -0.2264903900135467330, -0.4047826834311716304, -0.4999999999999976130 ) ) ;
#3400 = CARTESIAN_POINT ( 'NONE',  ( -0.7499999999241381277, 0.4330127019562021728, -0.06698729800671858470 ) ) ;
#3401 = CARTESIAN_POINT ( 'NONE',  ( 0.1473854529999880369, -0.4536057819999951279, -0.2821428569999956393 ) ) ;
#3402 = DIRECTION ( 'NONE',  ( 0.4999999974197798513, -0.8660254052741294117, 0.000000000000000000 ) ) ;
#3403 = CARTESIAN_POINT ( 'NONE',  ( -0.7500000000000174305, 0.2725309206021853115, -0.02770019394631983642 ) ) ;
#3404 =( BOUNDED_SURFACE ( )  B_SPLINE_SURFACE ( 1, 2, ( 
 ( #6808, #5678, #5714, #2762, #2201, #2304, #7345 ),
 ( #1594, #2270, #7382, #4449, #2233, #4558, #1666 ) ),
 .UNSPECIFIED., .F., .F., .F. ) 
 B_SPLINE_SURFACE_WITH_KNOTS ( ( 2, 2 ),
 ( 3, 2, 2, 3 ),
 ( 0.000000000000000000, 1.000000000000000000 ),
 ( 0.2113717169155049647, 0.2142857142857139963, 0.2171997116559240271, 0.2172579916033282044 ),
 .UNSPECIFIED. ) 
 GEOMETRIC_REPRESENTATION_ITEM ( )  RATIONAL_B_SPLINE_SURFACE ( (
 ( 0.9763575006785240040, 0.9800330344073259203, 1.000000000000000000, 0.9800330344073259203, 0.9763575006785250032, 0.9763575006785250032, 0.9763575006785250032),
 ( 0.9763575006785240040, 0.9800330344073259203, 1.000000000000000000, 0.9800330344073259203, 0.9763575006785250032, 0.9763575006785250032, 0.9763575006785250032) ) ) 
 REPRESENTATION_ITEM ( '' )  SURFACE ( )  );
#3405 = CARTESIAN_POINT ( 'NONE',  ( 0.6912673793860399929, -0.2944757775002111999, 1.485334147632483401E-48 ) ) ;
#3406 = CARTESIAN_POINT ( 'NONE',  ( -0.3466162693322769051, 0.3603569920074682909, -0.2145294538738309609 ) ) ;
#3407 = CARTESIAN_POINT ( 'NONE',  ( 0.3466162680672695839, -0.3603569933541950765, -0.1698865965304297010 ) ) ;
#3408 = CARTESIAN_POINT ( 'NONE',  ( -0.4591277021961059357, -0.1980129133748726733, -0.05789637033397087434 ) ) ;
#3409 = CARTESIAN_POINT ( 'NONE',  ( 0.3213724793509097899, -0.3201217507747877167, -0.4999999997378973271 ) ) ;
#3410 = CARTESIAN_POINT ( 'NONE',  ( 0.5262189296799910654, 5.744869935398145808E-15, -0.3122321428599955651 ) ) ;
#3411 = ORIENTED_EDGE ( 'NONE', *, *, #6872, .F. ) ;
#3412 = FACE_OUTER_BOUND ( 'NONE', #1999, .T. ) ;
#3413 = EDGE_LOOP ( 'NONE', ( #5154, #5546, #2918, #1028 ) ) ;
#3414 = CARTESIAN_POINT ( 'NONE',  ( -0.1473854530000156260, -0.4536057819999870788, -0.3696428570000029890 ) ) ;
#3415 = EDGE_CURVE ( 'NONE', #2535, #4956, #5686, .T. ) ;
#3416 = CARTESIAN_POINT ( 'NONE',  ( -0.5247819610759504316, -0.5630423974315279523, -0.4888396994265958306 ) ) ;
#3417 = CARTESIAN_POINT ( 'NONE',  ( 0.2828611033026529054, -0.4098652865182216276, -0.2410000000000020459 ) ) ;
#3418 = LINE ( 'NONE', #6227, #5908 ) ;
#3419 = CARTESIAN_POINT ( 'NONE',  ( -0.2662458320739884976, -0.7011513081885364373, -1.260583938196437646E-11 ) ) ;
#3420 = CARTESIAN_POINT ( 'NONE',  ( 0.4253254039999755931, 0.3090169940000098703, -0.5107142859999974638 ) ) ;
#3421 = CARTESIAN_POINT ( 'NONE',  ( -0.2666227890000034129, -0.3669747859999954454, -0.3641964282799962649 ) ) ;
#3422 = EDGE_CURVE ( 'NONE', #4181, #4841, #3019, .T. ) ;
#3423 = FACE_OUTER_BOUND ( 'NONE', #6373, .T. ) ;
#3424 = CARTESIAN_POINT ( 'NONE',  ( 0.1335317100465866491, -0.4712837146569608393, -0.2410000000572179724 ) ) ;
#3425 = CARTESIAN_POINT ( 'NONE',  ( -1.748382715945128460E-14, 0.4536057820000065077, -0.1785714290000018356 ) ) ;
#3426 = DIRECTION ( 'NONE',  ( -1.000000000000000000, 8.326672684688663206E-16, -6.162975822039154730E-33 ) ) ;
#3427 = CARTESIAN_POINT ( 'NONE',  ( 0.4309634997699982040, 0.1400285289800031197, -0.4872321428600044357 ) ) ;
#3428 = APPROVAL ( #6567, 'UNSPECIFIED' ) ;
#3429 = CARTESIAN_POINT ( 'NONE',  ( 0.3226455944191681247, 0.3188385575656845772, -0.1964740882642868058 ) ) ;
#3430 = CYLINDRICAL_SURFACE ( 'NONE', #394, 0.5000000000000007772 ) ;
#3431 = VERTEX_POINT ( 'NONE', #6286 ) ;
#3432 = ADVANCED_FACE ( 'NONE', ( #3325 ), #15, .F. ) ;
#3433 = CARTESIAN_POINT ( 'NONE',  ( -0.1261695199901528008, 0.4585320450760572153, -0.2342766338909100521 ) ) ;
#3434 = CARTESIAN_POINT ( 'NONE',  ( 0.3858601249999845662, 0.2803437910000101119, -0.4124999999999994782 ) ) ;
#3435 = CARTESIAN_POINT ( 'NONE',  ( 0.1473854529999788499, 0.4536057820000122809, -0.3964285709999997853 ) ) ;
#3436 = CARTESIAN_POINT ( 'NONE',  ( -0.4853864438986122964, 0.1199999999127915745, 0.000000000000000000 ) ) ;
#3437 = CARTESIAN_POINT ( 'NONE',  ( -0.7499999999610726942, 0.1200000002511069086, -0.005507537011315514347 ) ) ;
#3438 = CARTESIAN_POINT ( 'NONE',  ( 0.4314047349999962089, -0.1401718949999970765, -0.4857142859999963869 ) ) ;
#3439 = ORIENTED_EDGE ( 'NONE', *, *, #2777, .T. ) ;
#3440 = EDGE_CURVE ( 'NONE', #4645, #5325, #7409, .T. ) ;
#3441 = VERTEX_POINT ( 'NONE', #506 ) ;
#3442 = CARTESIAN_POINT ( 'NONE',  ( 0.4374450924173581279, -0.1199999838970496890, -0.06109318408971092101 ) ) ;
#3443 = FACE_OUTER_BOUND ( 'NONE', #1922, .T. ) ;
#3444 = CARTESIAN_POINT ( 'NONE',  ( -0.4330650657203964915, -0.2499095527506994541, -0.05656739653791781341 ) ) ;
#3445 = B_SPLINE_CURVE_WITH_KNOTS ( 'NONE', 3,
 ( #2756, #3211, #2155, #950, #1020, #5038 ),
 .UNSPECIFIED., .F., .F.,
 ( 4, 2, 4 ),
 ( 0.000000000000000000, 0.005564677108073009387, 0.01112935421614601877 ),
 .UNSPECIFIED. ) ;
#3446 = CARTESIAN_POINT ( 'NONE',  ( -0.3981920379999959736, -0.2423900659999962681, -0.09203844899999563678 ) ) ;
#3447 = CARTESIAN_POINT ( 'NONE',  ( -0.2941653243700039777, -0.4048838341100017835, -0.2658035718599995878 ) ) ;
#3448 = CARTESIAN_POINT ( 'NONE',  ( -0.3302575720565585904, -0.3320228902379281921, -0.07182480704775950908 ) ) ;
#3449 = ORIENTED_EDGE ( 'NONE', *, *, #430, .F. ) ;
#3450 = CARTESIAN_POINT ( 'NONE',  ( 0.3858601249999938365, -0.2803437909999871303, -0.3554464287200025940 ) ) ;
#3451 = DIRECTION ( 'NONE',  ( -6.162975822039154730E-33, 0.000000000000000000, 1.000000000000000000 ) ) ;
#3452 = CARTESIAN_POINT ( 'NONE',  ( 0.4401327261316316797, -0.2376211168337749868, -0.1663167097734283562 ) ) ;
#3453 = CARTESIAN_POINT ( 'NONE',  ( -0.4346590750000131620, -0.1301560660000037339, -0.08596947799999711537 ) ) ;
#3454 = CARTESIAN_POINT ( 'NONE',  ( -0.4326963497390373115, 0.2505474099366812313, -0.1309497606724009944 ) ) ;
#3455 = ADVANCED_FACE ( 'NONE', ( #2838 ), #2655, .F. ) ;
#3456 = CARTESIAN_POINT ( 'NONE',  ( 0.7499999999999830136, 1.092739197465705287E-15, -0.2410000000607497028 ) ) ;
#3457 = CARTESIAN_POINT ( 'NONE',  ( 0.3858601249999938365, -0.2803437909999871303, -0.2749999999999996891 ) ) ;
#3458 = B_SPLINE_CURVE_WITH_KNOTS ( 'NONE', 3,
 ( #1777, #1126, #1201, #7411, #1160, #2858, #5183, #4552, #1699, #647, #3500, #6273, #6883, #5709, #7374, #5223 ),
 .UNSPECIFIED., .F., .F.,
 ( 4, 2, 2, 2, 2, 2, 2, 4 ),
 ( 0.000000000000000000, 0.2500000000000001110, 0.3750000000000000555, 0.4375000000000000555, 0.4687500000000001110, 0.5000000000000001110, 0.7500000000000001110, 1.000000000000000000 ),
 .UNSPECIFIED. ) ;
#3459 = CARTESIAN_POINT ( 'NONE',  ( 0.4830452413023057501, 0.1301317504823422122, -0.3005634630887037972 ) ) ;
#3460 = CARTESIAN_POINT ( 'NONE',  ( -0.4999999988628954228, -0.07919222315440660465, -0.4178123471662542610 ) ) ;
#3461 = B_SPLINE_CURVE_WITH_KNOTS ( 'NONE', 3,
 ( #306, #2014, #1443, #4266, #3667, #3701 ),
 .UNSPECIFIED., .F., .F.,
 ( 4, 2, 4 ),
 ( 0.000000000000000000, 0.5000000000000000000, 1.000000000000000000 ),
 .UNSPECIFIED. ) ;
#3462 = CARTESIAN_POINT ( 'NONE',  ( 0.000000000000000000, 0.5000000000000028866, -0.4375000000000031641 ) ) ;
#3463 = FACE_OUTER_BOUND ( 'NONE', #4344, .T. ) ;
#3464 = CARTESIAN_POINT ( 'NONE',  ( -0.3858601250000029403, 0.2803437910000101119, -0.4625000000000011324 ) ) ;
#3465 = FACE_OUTER_BOUND ( 'NONE', #463, .T. ) ;
#3466 = VECTOR ( 'NONE', #542, 39.37007874015748143 ) ;
#3467 = VERTEX_POINT ( 'NONE', #5611 ) ;
#3468 = CARTESIAN_POINT ( 'NONE',  ( 0.4853864439635909300, -0.1200000000682533985, -0.2558511719999980727 ) ) ;
#3469 = CARTESIAN_POINT ( 'NONE',  ( 0.7330607821429376836, 0.1648951836923302772, 2.303889842418251527E-49 ) ) ;
#3470 = CARTESIAN_POINT ( 'NONE',  ( 0.1387701810609652253, 0.4803569890652350516, -0.01211952637073862235 ) ) ;
#3471 = CARTESIAN_POINT ( 'NONE',  ( -0.4314047350000136949, 0.1401718949999970765, -0.5214285710000032825 ) ) ;
#3472 = CARTESIAN_POINT ( 'NONE',  ( 0.4401327261316255735, -0.2376211168337868940, -0.09488813777343121925 ) ) ;
#3473 = EDGE_CURVE ( 'NONE', #6683, #2363, #5694, .T. ) ;
#3474 = CARTESIAN_POINT ( 'NONE',  ( 0.000000000000000000, 0.000000000000000000, -0.04639421799999635110 ) ) ;
#3475 = CARTESIAN_POINT ( 'NONE',  ( -0.3466162702886509961, 0.3603569912894709071, -0.06400875599999786281 ) ) ;
#3476 = CARTESIAN_POINT ( 'NONE',  ( -0.4314047350000136949, 0.1401718949999970765, -0.4500000000000020095 ) ) ;
#3477 = ORIENTED_EDGE ( 'NONE', *, *, #1490, .F. ) ;
#3478 = CARTESIAN_POINT ( 'NONE',  ( -0.4407107100000109967, 0.1073884330000038356, -0.09202185600000430121 ) ) ;
#3479 = LINE ( 'NONE', #4648, #973 ) ;
#3480 = EDGE_LOOP ( 'NONE', ( #3000, #3956, #2812, #3087 ) ) ;
#3481 = CARTESIAN_POINT ( 'NONE',  ( -0.3466162703533499090, -0.3603569912272197584, -0.05206267249999852603 ) ) ;
#3482 = CARTESIAN_POINT ( 'NONE',  ( -0.1102271705984732147, -0.4886027698862357438, -0.1810760114938788634 ) ) ;
#3483 = CARTESIAN_POINT ( 'NONE',  ( -0.4759694932300180814, -0.1546518630199979483, -0.2729464288599957045 ) ) ;
#3484 = ORIENTED_EDGE ( 'NONE', *, *, #6154, .T. ) ;
#3485 = CARTESIAN_POINT ( 'NONE',  ( -1.748382715945128460E-14, 0.4536057820000065077, -0.1160714289999988796 ) ) ;
#3486 = ORIENTED_EDGE ( 'NONE', *, *, #1551, .T. ) ;
#3487 = VECTOR ( 'NONE', #3530, 39.37007874015748143 ) ;
#3488 = EDGE_CURVE ( 'NONE', #4381, #6858, #4002, .T. ) ;
#3489 = CARTESIAN_POINT ( 'NONE',  ( 0.4805162804449651381, 0.1199999926303699782, -0.2410000001848411899 ) ) ;
#3490 = CARTESIAN_POINT ( 'NONE',  ( -0.3218282710789139855, 0.3196656399984931229, -0.1785552008515988998 ) ) ;
#3491 = VECTOR ( 'NONE', #102, 39.37007874015748143 ) ;
#3492 = CARTESIAN_POINT ( 'NONE',  ( 0.4591277022512519346, -0.1980129132469648223, -0.1653179156654676074 ) ) ;
#3493 = CARTESIAN_POINT ( 'NONE',  ( -0.3226455930000037275, -0.3188385589999955250, -0.08933123100000329997 ) ) ;
#3494 = CARTESIAN_POINT ( 'NONE',  ( -0.3465186025637147504, 0.3601877190098013437, -0.0003521962743420095458 ) ) ;
#3495 = CARTESIAN_POINT ( 'NONE',  ( 0.1404050990000063615, 0.4798816610000024019, -0.07465886300000040832 ) ) ;
#3496 = VERTEX_POINT ( 'NONE', #2477 ) ;
#3497 = CARTESIAN_POINT ( 'NONE',  ( -0.4308418520177927924, 0.2537303653068695986, -0.1310355228132782379 ) ) ;
#3498 = DIRECTION ( 'NONE',  ( -6.162975822039154730E-33, 0.000000000000000000, 1.000000000000000000 ) ) ;
#3499 = CARTESIAN_POINT ( 'NONE',  ( 0.2666227890000034129, -0.3669747859999954454, -0.2785714290000013138 ) ) ;
#3500 = CARTESIAN_POINT ( 'NONE',  ( 0.002848763603327268603, -0.4773956271303945176, -0.02260034589970330229 ) ) ;
#3501 = EDGE_CURVE ( 'NONE', #2535, #576, #2037, .T. ) ;
#3502 = CARTESIAN_POINT ( 'NONE',  ( -0.1309564702643310208, 0.4668232491996548439, -0.05956547092489663381 ) ) ;
#3503 = AXIS2_PLACEMENT_3D ( 'NONE', #2854, #1087, #6379 ) ;
#3504 = CARTESIAN_POINT ( 'NONE',  ( -0.3226455992394767214, -0.3188385526878541598, -0.2232598029110046678 ) ) ;
#3505 = CARTESIAN_POINT ( 'NONE',  ( -0.1147995110840740879, 0.4388385552117875510, -0.1131733504712321842 ) ) ;
#3506 = CARTESIAN_POINT ( 'NONE',  ( 0.000000000000000000, -0.4536057820000032326, -0.3660714290000019466 ) ) ;
#3507 = CARTESIAN_POINT ( 'NONE',  ( -0.3466162693322769051, 0.3603569920074682909, -0.2145294538738309609 ) ) ;
#3508 = VERTEX_POINT ( 'NONE', #2433 ) ;
#3509 = B_SPLINE_CURVE_WITH_KNOTS ( 'NONE', 3,
 ( #4503, #4020, #1686, #5172 ),
 .UNSPECIFIED., .F., .F.,
 ( 4, 4 ),
 ( 0.000000000000000000, 1.000000000000000000 ),
 .UNSPECIFIED. ) ;
#3510 = CARTESIAN_POINT ( 'NONE',  ( -0.7183846770324749942, 0.4512658172303797288, -0.4435511427298092224 ) ) ;
#3511 = EDGE_CURVE ( 'NONE', #1755, #5677, #3115, .T. ) ;
#3512 = CARTESIAN_POINT ( 'NONE',  ( -0.4870881954216194631, 0.1140880368669963812, -0.4847799763082122348 ) ) ;
#3513 = CARTESIAN_POINT ( 'NONE',  ( 0.3466162752830023730, -0.3603569864543862411, -0.09845802494065526711 ) ) ;
#3514 = CARTESIAN_POINT ( 'NONE',  ( -0.4374450855289487849, 0.1200000099175412283, -0.1637717562763540968 ) ) ;
#3515 = CARTESIAN_POINT ( 'NONE',  ( 0.3981920380000141813, -0.2423900659999962681, -0.1311758370000038476 ) ) ;
#3516 = CARTESIAN_POINT ( 'NONE',  ( 0.7499999999241206972, -0.4330127019561977875, -0.06698729800671858470 ) ) ;
#3517 = CARTESIAN_POINT ( 'NONE',  ( -0.4483619805566284033, 0.1199999995052031393, -0.03585727882900672375 ) ) ;
#3518 = CARTESIAN_POINT ( 'NONE',  ( -0.3858601250000029403, -0.2803437909999825228, -0.2964285709999966989 ) ) ;
#3519 = ORIENTED_EDGE ( 'NONE', *, *, #2265, .F. ) ;
#3520 = ORIENTED_EDGE ( 'NONE', *, *, #5365, .F. ) ;
#3521 = CARTESIAN_POINT ( 'NONE',  ( 0.3466162705011494038, 0.3603569910850390468, -0.01634838650000415561 ) ) ;
#3522 = ORIENTED_EDGE ( 'NONE', *, *, #6565, .F. ) ;
#3523 = CYLINDRICAL_SURFACE ( 'NONE', #5863, 0.5000000000000007772 ) ;
#3524 = CARTESIAN_POINT ( 'NONE',  ( -0.3971863183635975791, -0.3054853959599306279, -0.3318265868731419266 ) ) ;
#3525 = CARTESIAN_POINT ( 'NONE',  ( -0.1626105919500193397, 0.5004639421800065602, -0.4336607138500042091 ) ) ;
#3526 = ORIENTED_EDGE ( 'NONE', *, *, #4784, .T. ) ;
#3527 = CARTESIAN_POINT ( 'NONE',  ( 0.4789230484455112569, -0.5895190528735076985, -0.2410000000202484338 ) ) ;
#3528 = ORIENTED_EDGE ( 'NONE', *, *, #4742, .F. ) ;
#3529 = CARTESIAN_POINT ( 'NONE',  ( -1.748382715945128460E-14, 0.4536057820000065077, -0.4018749997099978488 ) ) ;
#3530 = DIRECTION ( 'NONE',  ( -6.162975822039154730E-33, 0.000000000000000000, 1.000000000000000000 ) ) ;
#3531 = CARTESIAN_POINT ( 'NONE',  ( 0.4755282579999851045, 0.1545084970000039915, -0.08571428599999847409 ) ) ;
#3532 = EDGE_CURVE ( 'NONE', #5805, #6929, #1870, .T. ) ;
#3533 = CARTESIAN_POINT ( 'NONE',  ( -0.7500000000000179856, -0.2021206534069262817, -0.4845636175942187873 ) ) ;
#3534 = CARTESIAN_POINT ( 'NONE',  ( 0.1147994906296310458, 0.4388385605626407560, -0.1189695059809048605 ) ) ;
#3535 = CARTESIAN_POINT ( 'NONE',  ( 0.1280958880473626604, -0.4618685792307521965, -0.02069723438119989295 ) ) ;
#3536 = ORIENTED_EDGE ( 'NONE', *, *, #7149, .T. ) ;
#3537 = DIRECTION ( 'NONE',  ( 1.000000000000000000, -8.326672684688663206E-16, 0.000000000000000000 ) ) ;
#3538 = CARTESIAN_POINT ( 'NONE',  ( -0.4853864440343567122, 0.1199999997819808650, -0.1354373275000015919 ) ) ;
#3539 = CARTESIAN_POINT ( 'NONE',  ( 0.1473854529999880369, -0.4536057819999951279, -0.2821428569999956393 ) ) ;
#3540 = CARTESIAN_POINT ( 'NONE',  ( 8.741913579725642299E-15, -0.4999999999999930056, -0.03571428600000310649 ) ) ;
#3541 = CARTESIAN_POINT ( 'NONE',  ( -0.4589400164637100210, -0.1987705602515798253, -0.1918021338570636558 ) ) ;
#3542 = CARTESIAN_POINT ( 'NONE',  ( -0.1147994901739937679, -0.4388385606470384670, -0.2261123631337091100 ) ) ;
#3543 = ORIENTED_EDGE ( 'NONE', *, *, #3621, .F. ) ;
#3544 = CARTESIAN_POINT ( 'NONE',  ( -0.4346590733548642005, -0.1301560716525237971, -0.1663266212936241883 ) ) ;
#3545 = CARTESIAN_POINT ( 'NONE',  ( -0.4769493440000299178, 1.263871385787591778E-14, -0.3839285710000040486 ) ) ;
#3546 = CARTESIAN_POINT ( 'NONE',  ( 0.4099251757675136942, -0.2901460250515909833, -0.03378491493089320202 ) ) ;
#3547 = VERTEX_POINT ( 'NONE', #5920 ) ;
#3548 = ORIENTED_EDGE ( 'NONE', *, *, #6502, .F. ) ;
#3549 = CARTESIAN_POINT ( 'NONE',  ( -0.05834953799999956225, -0.4536057820000012897, -0.08177106300000419603 ) ) ;
#3550 = CARTESIAN_POINT ( 'NONE',  ( 0.3749999999340249968, 0.6495190529572562044, -0.4999999999999973910 ) ) ;
#3551 = CARTESIAN_POINT ( 'NONE',  ( -0.1585205644178399875, 0.4347412276726683178, -0.2410000000000021847 ) ) ;
#3552 = CARTESIAN_POINT ( 'NONE',  ( -0.09365116018806063369, -0.4933914080909661548, 1.325142801656157538E-48 ) ) ;
#3553 = CARTESIAN_POINT ( 'NONE',  ( 0.4591277022512470496, -0.1980129132469775066, -0.09388934366547044275 ) ) ;
#3554 = CARTESIAN_POINT ( 'NONE',  ( 0.1377318690366528819, 0.4785586064301931564, -0.002015655328254921819 ) ) ;
#3555 = CARTESIAN_POINT ( 'NONE',  ( -0.1159327453189060442, -0.4385421027049152820, -0.07435644390334546217 ) ) ;
#3556 = CARTESIAN_POINT ( 'NONE',  ( 0.1473854529999788499, 0.4536057820000123364, -0.2535714290000027349 ) ) ;
#3557 = EDGE_CURVE ( 'NONE', #4539, #2696, #877, .T. ) ;
#3558 = B_SPLINE_CURVE_WITH_KNOTS ( 'NONE', 3,
 ( #1945, #4156, #1415, #5916, #6438, #2510, #5950, #6589, #2472, #2581, #1983, #2018, #7096, #1865, #4868, #7168, #1447, #1342, #1904, #5390, #5986, #3671, #128, #6023, #811, #3742, #777, #4234, #4799, #4272, #3631, #279, #735, #4762, #850, #5871, #887, #1298, #3107, #203, #6521, #1378, #3071, #6480, #239, #2547, #5272, #5428, #5354, #4305 ),
 .UNSPECIFIED., .F., .F.,
 ( 4, 2, 2, 2, 2, 2, 2, 2, 2, 2, 2, 2, 2, 2, 2, 2, 2, 2, 2, 2, 2, 2, 2, 2, 4 ),
 ( -0.08001485621766667167, -0.07751439202192403344, -0.07626415992405270738, -0.07501392782618138133, -0.07376369572831006916, -0.07251346363043874310, -0.07001299943469610487, -0.06876276733682479270, -0.06751253523895346664, -0.06501207104321084229, -0.06376183894533953012, -0.06251160684746821794, -0.06001114265172559359, -0.05751067845598296924, -0.05626044635811165706, -0.05501021426024034489, -0.05250975006449772053, -0.05125951796662640836, -0.05000928586875510312, -0.04750882167301247877, -0.04625858957514116659, -0.04500835747726985442, -0.04375812537939854224, -0.04250789328152722313, -0.04000742908578460572 ),
 .UNSPECIFIED. ) ;
#3559 = EDGE_LOOP ( 'NONE', ( #1745, #6299, #5290, #1315 ) ) ;
#3560 = VERTEX_POINT ( 'NONE', #246 ) ;
#3561 = CARTESIAN_POINT ( 'NONE',  ( -0.4331617869551405153, -0.1794323795394584531, -0.03114489885515878825 ) ) ;
#3562 =( BOUNDED_CURVE ( )  B_SPLINE_CURVE ( 2, ( #1155, #5214, #5737, #602, #3986, #5705, #2786, #5068, #1653, #2221, #5105, #4508, #3946 ),
 .UNSPECIFIED., .F., .T. ) 
 B_SPLINE_CURVE_WITH_KNOTS ( ( 3, 2, 2, 2, 2, 2, 3 ),
 ( 0.000000000000000000, 0.1000000111999986563, 0.3000000095999977301, 0.5000000079999936675, 0.7000000063999866073, 0.9000000048000074138, 1.000000000000000000 ),
 .UNSPECIFIED. ) 
 CURVE ( )  GEOMETRIC_REPRESENTATION_ITEM ( )  RATIONAL_B_SPLINE_CURVE ( ( 0.9755282581475773762, 0.9755282552109678651, 1.000000000000000000, 0.9510565162951540863, 1.000000000000000000, 0.9510565162951540863, 1.000000000000000000, 0.9510565162951540863, 1.000000000000000000, 0.9510565162951540863, 1.000000000000000000, 0.9755282591264484715, 0.9755282581475770431 ) ) 
 REPRESENTATION_ITEM ( '' )  );
#3563 = DIRECTION ( 'NONE',  ( 1.000000000000000000, -8.326672684688662220E-16, 0.000000000000000000 ) ) ;
#3564 = CARTESIAN_POINT ( 'NONE',  ( -0.3981920379999959736, -0.2423900659999962681, -0.2348955909999987102 ) ) ;
#3565 = CARTESIAN_POINT ( 'NONE',  ( -0.3764930455246938701, -0.3306300695293769576, -0.3310752258098982326 ) ) ;
#3566 = CARTESIAN_POINT ( 'NONE',  ( -0.5257311120000326410, 1.034076588371666072E-14, -0.2767857139999957417 ) ) ;
#3567 = CARTESIAN_POINT ( 'NONE',  ( -0.3960570460000120141, 0.2489608940000068993, -0.1759861120000029699 ) ) ;
#3568 = ORIENTED_EDGE ( 'NONE', *, *, #3177, .T. ) ;
#3569 = CARTESIAN_POINT ( 'NONE',  ( 0.4314047349999962089, 0.1401718950000036545, -0.3447321427099976354 ) ) ;
#3570 = LINE ( 'NONE', #675, #4564 ) ;
#3571 = EDGE_CURVE ( 'NONE', #7068, #6382, #5880, .T. ) ;
#3572 = CARTESIAN_POINT ( 'NONE',  ( -0.4368424267315311749, 0.2735712429698851644, -0.1402521078762198892 ) ) ;
#3573 = CARTESIAN_POINT ( 'NONE',  ( -0.4870773488538979734, -0.1141360567394712477, -0.4795046286876682995 ) ) ;
#3574 = CARTESIAN_POINT ( 'NONE',  ( 0.1605876459271378398, 0.4737935891392600629, -0.3608603169695689949 ) ) ;
#3575 = ORIENTED_EDGE ( 'NONE', *, *, #2028, .F. ) ;
#3576 = CARTESIAN_POINT ( 'NONE',  ( 0.7500000000000004441, -0.4330127020000013593, -0.002540581999999944052 ) ) ;
#3577 = CARTESIAN_POINT ( 'NONE',  ( 0.3226455944191681247, 0.3188385575656845772, -0.1875455171894839790 ) ) ;
#3578 = CARTESIAN_POINT ( 'NONE',  ( -0.4314047349999962089, -0.1401718949999992692, -0.3714285709999997076 ) ) ;
#3579 = EDGE_CURVE ( 'NONE', #6858, #6976, #209, .T. ) ;
#3580 = CARTESIAN_POINT ( 'NONE',  ( 0.3382477358621088781, -0.3458622407826161260, -0.04524735268958061940 ) ) ;
#3581 = DIRECTION ( 'NONE',  ( 6.162975822039154730E-33, 0.000000000000000000, -1.000000000000000000 ) ) ;
#3582 = CARTESIAN_POINT ( 'NONE',  ( 0.4853864444068496375, 0.1199999976040806160, -0.2382976561652351832 ) ) ;
#3583 = CARTESIAN_POINT ( 'NONE',  ( 0.4930607520000041544, -0.1005490299999872161, -0.2344670249999979139 ) ) ;
#3584 = CARTESIAN_POINT ( 'NONE',  ( 0.4542352690103499957, -0.2092837590460420172, -0.03167228921109434964 ) ) ;
#3585 = EDGE_CURVE ( 'NONE', #6859, #1101, #7234, .T. ) ;
#3586 = VERTEX_POINT ( 'NONE', #5955 ) ;
#3587 = CARTESIAN_POINT ( 'NONE',  ( -0.5000000000000007772, 4.775659741918015726E-16, -0.4999999999999973910 ) ) ;
#3588 = CARTESIAN_POINT ( 'NONE',  ( -0.4331295203044498443, 0.2503321010100031385, -0.4880822619199894352 ) ) ;
#3589 = CARTESIAN_POINT ( 'NONE',  ( -0.1147995110840740879, 0.4388385552117875510, -0.1131733504712321842 ) ) ;
#3590 = CARTESIAN_POINT ( 'NONE',  ( 0.1473854529999880369, -0.4536057819999951279, -0.4964285710000030938 ) ) ;
#3591 = CARTESIAN_POINT ( 'NONE',  ( 0.1102271738559710557, 0.4886027689578638644, -0.01143315374034527959 ) ) ;
#3592 = CARTESIAN_POINT ( 'NONE',  ( 0.05709401159916346197, 0.4722568316217441997, -0.02430768245910535849 ) ) ;
#3593 = VECTOR ( 'NONE', #3776, 39.37007874015748143 ) ;
#3594 = CARTESIAN_POINT ( 'NONE',  ( 0.4314047349999962089, -0.1401718949999970765, -0.4142857139999989169 ) ) ;
#3595 = ORIENTED_EDGE ( 'NONE', *, *, #2972, .F. ) ;
#3596 = VERTEX_POINT ( 'NONE', #816 ) ;
#3597 =( NAMED_UNIT ( * ) PLANE_ANGLE_UNIT ( ) SI_UNIT ( $, .RADIAN. ) );
#3598 = CARTESIAN_POINT ( 'NONE',  ( 0.000000000000000000, 0.000000000000000000, -0.009585480999999292095 ) ) ;
#3599 = ORIENTED_EDGE ( 'NONE', *, *, #37, .T. ) ;
#3600 = CARTESIAN_POINT ( 'NONE',  ( -0.3231017909999944204, -0.3381872929999923394, -0.02572597199999738030 ) ) ;
#3601 = ADVANCED_FACE ( 'NONE', ( #5877 ), #3112, .F. ) ;
#3602 = CARTESIAN_POINT ( 'NONE',  ( -0.1292069741567855312, -0.4832952668413856845, -0.3243883064614970224 ) ) ;
#3603 = CARTESIAN_POINT ( 'NONE',  ( -0.2941653243700214637, 0.4048838341100017835, -0.4300892858600041668 ) ) ;
#3604 = FACE_OUTER_BOUND ( 'NONE', #4877, .T. ) ;
#3605 = ORIENTED_EDGE ( 'NONE', *, *, #2161, .F. ) ;
#3606 = AXIS2_PLACEMENT_3D ( 'NONE', #2616, #4404, #4338 ) ;
#3607 = CARTESIAN_POINT ( 'NONE',  ( 0.2666227889999946421, 0.3669747859999997752, -0.4804464287200009842 ) ) ;
#3608 =( BOUNDED_SURFACE ( )  B_SPLINE_SURFACE ( 1, 2, ( 
 ( #2898, #6800, #6922, #6346, #3346 ),
 ( #2824, #5637, #491, #531, #3665 ) ),
 .UNSPECIFIED., .F., .F., .F. ) 
 B_SPLINE_SURFACE_WITH_KNOTS ( ( 2, 2 ),
 ( 3, 2, 3 ),
 ( 0.07692307692307571998, 1.000000000000000000 ),
 ( 0.1515377848744910716, 0.1571428571428570287, 0.1580066158045420055 ),
 .UNSPECIFIED. ) 
 GEOMETRIC_REPRESENTATION_ITEM ( )  RATIONAL_B_SPLINE_SURFACE ( (
 ( 0.9834629611452947451, 0.9615935531476199616, 1.000000000000000000, 0.9940814498823647982, 0.9895943154647740547),
 ( 0.9834629611452947451, 0.9615935531476199616, 1.000000000000000000, 0.9940814498823647982, 0.9895943154647740547) ) ) 
 REPRESENTATION_ITEM ( '' )  SURFACE ( )  );
#3609 = LINE ( 'NONE', #3652, #3487 ) ;
#3610 = CARTESIAN_POINT ( 'NONE',  ( 0.3110042338914477122, 0.6864670257662710551, -0.4999999998866926920 ) ) ;
#3611 = CARTESIAN_POINT ( 'NONE',  ( -0.7500000000000177636, -0.2101463087133543239, -0.4833263709759721416 ) ) ;
#3612 = CARTESIAN_POINT ( 'NONE',  ( 0.4853864455729772209, 0.1199999936136505740, -0.02401194174665492384 ) ) ;
#3613 = VECTOR ( 'NONE', #4728, 39.37007874015748143 ) ;
#3614 = CARTESIAN_POINT ( 'NONE',  ( 0.3466162706019699224, 0.3603569907841860931, -0.1205000000000010785 ) ) ;
#3615 = B_SPLINE_CURVE_WITH_KNOTS ( 'NONE', 3,
 ( #7235, #4308, #2549, #2619 ),
 .UNSPECIFIED., .F., .F.,
 ( 4, 4 ),
 ( 0.000000000000000000, 1.000000000000000000 ),
 .UNSPECIFIED. ) ;
#3616 = VERTEX_POINT ( 'NONE', #5395 ) ;
#3617 = CARTESIAN_POINT ( 'NONE',  ( -0.4346590749999867942, 0.1301560659999971559, -0.09260195000000299992 ) ) ;
#3618 = CARTESIAN_POINT ( 'NONE',  ( -0.4813363460000180671, -0.1366330389999919903, -0.1307703299999970203 ) ) ;
#3619 = CARTESIAN_POINT ( 'NONE',  ( -1.748382715945128460E-14, 0.4536057820000065077, -0.2500000000000030531 ) ) ;
#3620 = LINE ( 'NONE', #4792, #4557 ) ;
#3621 = EDGE_CURVE ( 'NONE', #7359, #6997, #2552, .T. ) ;
#3622 = CARTESIAN_POINT ( 'NONE',  ( -0.5000000000000007772, 4.775659741918015726E-16, -0.4999999999999973910 ) ) ;
#3623 = CARTESIAN_POINT ( 'NONE',  ( 0.2678503414629636592, 0.7039433441340741116, -0.001835845789373150190 ) ) ;
#3624 = CARTESIAN_POINT ( 'NONE',  ( 0.3453981759999962264, 0.3615246880000035357, -0.1604321600000003234 ) ) ;
#3625 = CARTESIAN_POINT ( 'NONE',  ( -0.2938926260000032653, -0.4045084969999983016, -0.2571428569999992253 ) ) ;
#3626 = CARTESIAN_POINT ( 'NONE',  ( -0.4853864409057919160, 0.1200000120113158542, -0.2081309156024549190 ) ) ;
#3627 = VERTEX_POINT ( 'NONE', #4080 ) ;
#3628 = ORIENTED_EDGE ( 'NONE', *, *, #3585, .T. ) ;
#3629 = B_SPLINE_CURVE_WITH_KNOTS ( 'NONE', 3,
 ( #667, #707, #5327, #4901 ),
 .UNSPECIFIED., .F., .F.,
 ( 4, 4 ),
 ( 0.000000000000000000, 1.000000000000000000 ),
 .UNSPECIFIED. ) ;
#3630 = ORIENTED_EDGE ( 'NONE', *, *, #4607, .F. ) ;
#3631 = CARTESIAN_POINT ( 'NONE',  ( 0.1761943536225648310, 0.4682136189940901416, -0.4326718347514279528 ) ) ;
#3632 = CARTESIAN_POINT ( 'NONE',  ( -0.4790945147212633537, -0.05862548412916904206, -0.4999999999999974465 ) ) ;
#3633 = EDGE_CURVE ( 'NONE', #4203, #1200, #6607, .T. ) ;
#3634 = CARTESIAN_POINT ( 'NONE',  ( 0.000000000000000000, 0.000000000000000000, 0.000000000000000000 ) ) ;
#3635 = CARTESIAN_POINT ( 'NONE',  ( 0.4853864437750715632, 0.1200000008860550443, -0.1579405128978505213 ) ) ;
#3636 = CARTESIAN_POINT ( 'NONE',  ( 0.3466162680672695839, -0.3603569933541950765, -0.1698865965304297010 ) ) ;
#3637 = CARTESIAN_POINT ( 'NONE',  ( 0.7500000000000005551, -0.2767251611906610953, -0.02853408482549700878 ) ) ;
#3638 = CARTESIAN_POINT ( 'NONE',  ( 0.7499999999501278936, 0.1200000002947377992, -0.2410000000405034537 ) ) ;
#3639 = CARTESIAN_POINT ( 'NONE',  ( 0.2666227889999946421, 0.3669747859999997752, -0.2571428569999992253 ) ) ;
#3640 = ORIENTED_EDGE ( 'NONE', *, *, #6268, .F. ) ;
#3641 = ORIENTED_EDGE ( 'NONE', *, *, #4671, .T. ) ;
#3642 = APPLICATION_PROTOCOL_DEFINITION ( 'international standard', 'config_control_design', 1994, #6754 ) ;
#3643 = VERTEX_POINT ( 'NONE', #5835 ) ;
#3644 = CARTESIAN_POINT ( 'NONE',  ( -0.4083837870000217585, -0.2567094659999936690, -0.02859341399999691669 ) ) ;
#3645 = CARTESIAN_POINT ( 'NONE',  ( -0.03297405667733673690, -0.5000013634671216511, -0.3221534642763894674 ) ) ;
#3646 = CARTESIAN_POINT ( 'NONE',  ( -0.5262189296800278138, 1.148973987079629162E-14, -0.4908035718599958463 ) ) ;
#3647 = EDGE_LOOP ( 'NONE', ( #2704, #539, #6184, #2634, #2306, #7237, #4270, #5296, #6139 ) ) ;
#3648 = B_SPLINE_CURVE_WITH_KNOTS ( 'NONE', 3,
 ( #6377, #5967, #3125, #3005, #5298, #4781, #4176, #187, #5814, #7076 ),
 .UNSPECIFIED., .F., .F.,
 ( 4, 2, 2, 2, 4 ),
 ( 0.000000000000000000, 0.2500000000000000555, 0.5000000000000000000, 0.7499999999999998890, 1.000000000000000000 ),
 .UNSPECIFIED. ) ;
#3649 = EDGE_LOOP ( 'NONE', ( #1142, #635, #7317, #3779 ) ) ;
#3650 = CARTESIAN_POINT ( 'NONE',  ( 0.1150203940149692045, 0.4387807724166643553, -0.04639314576098039350 ) ) ;
#3651 = ORIENTED_EDGE ( 'NONE', *, *, #709, .T. ) ;
#3652 = CARTESIAN_POINT ( 'NONE',  ( 0.7500000000000004441, -0.1200000003715038233, -0.2527537684999960899 ) ) ;
#3653 = ORIENTED_EDGE ( 'NONE', *, *, #1158, .F. ) ;
#3654 = CARTESIAN_POINT ( 'NONE',  ( 0.6028367454679844917, -0.5179774466400277610, -0.4743117556695177206 ) ) ;
#3655 = CARTESIAN_POINT ( 'NONE',  ( -0.4999999999999973910, -5.112907035636480329E-09, -0.4821428572152829384 ) ) ;
#3656 = CARTESIAN_POINT ( 'NONE',  ( 8.741913579725642299E-15, -0.4999999999999930056, -0.1875000000000001110 ) ) ;
#3657 = CARTESIAN_POINT ( 'NONE',  ( 0.4485561074666229442, 0.2215065639366265160, -0.3698092335265752428 ) ) ;
#3658 = ORIENTED_EDGE ( 'NONE', *, *, #3383, .T. ) ;
#3659 = CARTESIAN_POINT ( 'NONE',  ( 0.4407107100000109967, -0.1073884330000016429, -0.1366647129999963017 ) ) ;
#3660 = CARTESIAN_POINT ( 'NONE',  ( 0.2503018624997482289, -0.4340690789999069321, -0.3868837084872276399 ) ) ;
#3661 =( BOUNDED_CURVE ( )  B_SPLINE_CURVE ( 2, ( #5476, #326, #5579, #7147, #2631, #1998, #1033, #1177, #4456, #5687, #2807, #435, #5091 ),
 .UNSPECIFIED., .F., .F. ) 
 B_SPLINE_CURVE_WITH_KNOTS ( ( 3, 2, 2, 2, 2, 2, 3 ),
 ( 0.000000000000000000, 0.1000000072000027385, 0.3000000056000005633, 0.5000000039999953350, 0.7000000023999900511, 0.9000000007999894303, 1.000000000000000000 ),
 .UNSPECIFIED. ) 
 CURVE ( )  GEOMETRIC_REPRESENTATION_ITEM ( )  RATIONAL_B_SPLINE_CURVE ( ( 0.9755282581475772652, 0.9755282561898364069, 1.000000000000000000, 0.9510565162951540863, 1.000000000000000000, 0.9510565162951540863, 1.000000000000000000, 0.9510565162951540863, 1.000000000000000000, 0.9510565162951540863, 1.000000000000000000, 0.9755282581475770431, 0.9755282581475770431 ) ) 
 REPRESENTATION_ITEM ( '' )  );
#3662 = CARTESIAN_POINT ( 'NONE',  ( -0.1473854530000156260, -0.4536057819999870788, -0.2982142860000044360 ) ) ;
#3663 = EDGE_CURVE ( 'NONE', #4574, #4950, #3841, .T. ) ;
#3664 = B_SPLINE_CURVE_WITH_KNOTS ( 'NONE', 3,
 ( #3505, #5788, #650, #2981 ),
 .UNSPECIFIED., .F., .F.,
 ( 4, 4 ),
 ( 0.000000000000000000, 1.000000000000000000 ),
 .UNSPECIFIED. ) ;
#3665 = CARTESIAN_POINT ( 'NONE',  ( 0.4407107100000016708, 0.1073884330000048487, -0.1222638589999963943 ) ) ;
#3666 = CARTESIAN_POINT ( 'NONE',  ( -0.1273771290000150769, -0.4353541919999949772, -0.1460874339999984062 ) ) ;
#3667 = CARTESIAN_POINT ( 'NONE',  ( 0.4741150735450392339, 0.1655914201278924358, 2.339618664975377731E-49 ) ) ;
#3668 = CARTESIAN_POINT ( 'NONE',  ( -0.4755282580000375625, -0.1545084969999974134, -0.4785714290000002702 ) ) ;
#3669 = CARTESIAN_POINT ( 'NONE',  ( -0.4853864449539972425, -0.1199999961174307850, -0.1936547989573161321 ) ) ;
#3670 = ORIENTED_EDGE ( 'NONE', *, *, #3621, .T. ) ;
#3671 = CARTESIAN_POINT ( 'NONE',  ( -0.1292126028803242122, 0.4832942480326236079, -0.4256115625831883298 ) ) ;
#3672 = FACE_OUTER_BOUND ( 'NONE', #7400, .T. ) ;
#3673 = CARTESIAN_POINT ( 'NONE',  ( 0.4314047349999962089, -0.1401718949999970765, -0.06607142900000351204 ) ) ;
#3674 = DIRECTION ( 'NONE',  ( 6.162975822039154730E-33, 0.000000000000000000, -1.000000000000000000 ) ) ;
#3675 = ORIENTED_EDGE ( 'NONE', *, *, #2066, .T. ) ;
#3676 = CARTESIAN_POINT ( 'NONE',  ( 0.7500000000000009992, -0.3272683310857039674, -0.03865966820660987624 ) ) ;
#3677 = CARTESIAN_POINT ( 'NONE',  ( 0.2663500906300027005, -0.3665994488900006787, -0.3586607138499972036 ) ) ;
#3678 = CARTESIAN_POINT ( 'NONE',  ( 0.4769493439999838991, 3.446921961238886775E-15, -0.2678571430000037945 ) ) ;
#3679 = ADVANCED_FACE ( 'NONE', ( #4345 ), #2656, .F. ) ;
#3680 = ORIENTED_EDGE ( 'NONE', *, *, #3169, .F. ) ;
#3681 = VERTEX_POINT ( 'NONE', #4940 ) ;
#3682 = CARTESIAN_POINT ( 'NONE',  ( -0.3489835624885535559, 0.3575521356461963118, -0.0003796211278332656367 ) ) ;
#3683 = CARTESIAN_POINT ( 'NONE',  ( 0.4755282579999851045, 0.1545084970000039915, -0.2375000000000042355 ) ) ;
#3684 = VERTEX_POINT ( 'NONE', #2061 ) ;
#3685 = EDGE_LOOP ( 'NONE', ( #6424, #4126, #278, #357, #2217, #5094, #6824, #3268, #2251, #1229, #2932, #664, #260, #7435, #6316, #3068, #5888, #1497, #1366, #1785 ) ) ;
#3686 = CARTESIAN_POINT ( 'NONE',  ( 0.07021721299999761357, 0.4481380910000016815, -0.04523380599999673318 ) ) ;
#3687 = B_SPLINE_CURVE_WITH_KNOTS ( 'NONE', 3,
 ( #2391, #4686, #4805, #173 ),
 .UNSPECIFIED., .F., .F.,
 ( 4, 4 ),
 ( 0.000000000000000000, 1.000000000000000000 ),
 .UNSPECIFIED. ) ;
#3688 = CARTESIAN_POINT ( 'NONE',  ( 0.3960570459999848136, -0.2489608939999921611, -0.2027718259999985173 ) ) ;
#3689 = CARTESIAN_POINT ( 'NONE',  ( -0.3466162613479288335, 0.3603569998581372391, -0.1431008825052356714 ) ) ;
#3690 = CARTESIAN_POINT ( 'NONE',  ( -0.4830452388406852315, -0.1301317595692770834, -0.4791348917289017795 ) ) ;
#3691 = CARTESIAN_POINT ( 'NONE',  ( 0.1359211239030816976, -0.7875513065064647655, -0.02840217368491151917 ) ) ;
#3692 = CARTESIAN_POINT ( 'NONE',  ( -0.2910618054548644862, 0.4068780804295047404, -0.3500791569574721041 ) ) ;
#3693 = ORIENTED_EDGE ( 'NONE', *, *, #961, .F. ) ;
#3694 = CARTESIAN_POINT ( 'NONE',  ( -0.4346590749999867942, 0.1301560659999971559, -0.1015305220000016634 ) ) ;
#3695 = CARTESIAN_POINT ( 'NONE',  ( -0.5000000006665906715, -0.03301324193445041161, -0.4099511922991395663 ) ) ;
#3696 = CARTESIAN_POINT ( 'NONE',  ( 0.3858601249999938365, -0.2803437909999871303, -0.4178571429999994313 ) ) ;
#3697 = DIRECTION ( 'NONE',  ( -6.162975822039154730E-33, 0.000000000000000000, 1.000000000000000000 ) ) ;
#3698 = CARTESIAN_POINT ( 'NONE',  ( 0.3210109491578064245, -0.3204927209969739010, -0.1428702036815658327 ) ) ;
#3699 = EDGE_CURVE ( 'NONE', #1720, #1429, #3750, .T. ) ;
#3700 =( BOUNDED_SURFACE ( )  B_SPLINE_SURFACE ( 1, 2, ( 
 ( #6939, #5614, #3929, #4493, #7426, #1754, #4610 ),
 ( #6900, #2280, #6856, #1034, #4045, #6326, #6211 ) ),
 .UNSPECIFIED., .F., .F., .T. ) 
 B_SPLINE_SURFACE_WITH_KNOTS ( ( 2, 2 ),
 ( 3, 2, 2, 3 ),
 ( 0.000000000000000000, 1.000000000000000000 ),
 ( 0.1875202356176485230, 0.1875783701886790111, 0.1928571428571430602, 0.1933918272917270198 ),
 .UNSPECIFIED. ) 
 GEOMETRIC_REPRESENTATION_ITEM ( )  RATIONAL_B_SPLINE_SURFACE ( (
 ( 0.9811209779318870172, 0.9811209779318870172, 0.9811209779318870172, 0.9638293866287261924, 1.000000000000000000, 0.9963362953524198540, 0.9932210899422718731),
 ( 0.9811209779318870172, 0.9811209779318870172, 0.9811209779318870172, 0.9638293866287261924, 1.000000000000000000, 0.9963362953524198540, 0.9932210899422718731) ) ) 
 REPRESENTATION_ITEM ( '' )  SURFACE ( )  );
#3701 = CARTESIAN_POINT ( 'NONE',  ( 0.4853864440066972818, 0.1200000000071583528, -4.559782123184895326E-11 ) ) ;
#3702 = CARTESIAN_POINT ( 'NONE',  ( -0.4755282580000025905, 0.1545084969999996061, -0.4142857139999989169 ) ) ;
#3703 = CARTESIAN_POINT ( 'NONE',  ( 0.3960570459999848136, -0.2489608939999921611, -0.1313432549999984933 ) ) ;
#3704 = ORIENTED_EDGE ( 'NONE', *, *, #5323, .F. ) ;
#3705 = LINE ( 'NONE', #4721, #1195 ) ;
#3706 = DIRECTION ( 'NONE',  ( 0.8660254037305482600, -0.5000000000933406685, -1.232595164407828756E-32 ) ) ;
#3707 = LINE ( 'NONE', #3184, #626 ) ;
#3708 = CARTESIAN_POINT ( 'NONE',  ( -0.7500000000000175415, 0.2241820351975226666, -0.4810699754476018275 ) ) ;
#3709 = ORIENTED_EDGE ( 'NONE', *, *, #468, .T. ) ;
#3710 = B_SPLINE_CURVE_WITH_KNOTS ( 'NONE', 3,
 ( #5585, #332, #2708, #3794, #5023, #3826, #6714, #1433, #4426, #1570, #5444, #3727, #6007 ),
 .UNSPECIFIED., .F., .F.,
 ( 4, 1, 1, 1, 1, 1, 2, 2, 4 ),
 ( 0.000000000000000000, 0.2500000000000023315, 0.3750000000000034972, 0.4375000000000043854, 0.4687500000000043854, 0.4843750000000044409, 0.4921875000000046629, 0.5000000000000047740, 1.000000000000000000 ),
 .UNSPECIFIED. ) ;
#3711 = CARTESIAN_POINT ( 'NONE',  ( 0.3310605901411218244, -0.3750020729876916148, -0.2418003824120360246 ) ) ;
#3712 = CARTESIAN_POINT ( 'NONE',  ( 0.05834953799998172930, -0.4536057820000035101, -0.07894322299999685655 ) ) ;
#3713 = DIRECTION ( 'NONE',  ( -0.4999999998193585538, 0.8660254038887319483, 1.232595164407828893E-32 ) ) ;
#3714 = ORIENTED_EDGE ( 'NONE', *, *, #1333, .F. ) ;
#3715 = CARTESIAN_POINT ( 'NONE',  ( 0.4407107100000016708, 0.1073884330000048487, -0.2026210019999956369 ) ) ;
#3716 = EDGE_CURVE ( 'NONE', #412, #1708, #5518, .T. ) ;
#3717 = DIRECTION ( 'NONE',  ( 0.8660254037305487040, 0.5000000000933402244, -1.540743955509788409E-32 ) ) ;
#3718 = CARTESIAN_POINT ( 'NONE',  ( -0.2938926260000032653, -0.4045084969999983016, -0.4089285709999961882 ) ) ;
#3719 = ORIENTED_EDGE ( 'NONE', *, *, #849, .T. ) ;
#3720 = ORIENTED_EDGE ( 'NONE', *, *, #5892, .T. ) ;
#3721 =( BOUNDED_SURFACE ( )  B_SPLINE_SURFACE ( 1, 2, ( 
 ( #2182, #5515, #4428, #4991, #3267 ),
 ( #6646, #3900, #1042, #478, #3764 ) ),
 .UNSPECIFIED., .F., .F., .T. ) 
 B_SPLINE_SURFACE_WITH_KNOTS ( ( 2, 2 ),
 ( 3, 2, 3 ),
 ( 0.000000000000000000, 0.9230769230769259037 ),
 ( 0.1158234991602050123, 0.1214285714285710249, 0.1222923300902570148 ),
 .UNSPECIFIED. ) 
 GEOMETRIC_REPRESENTATION_ITEM ( )  RATIONAL_B_SPLINE_SURFACE ( (
 ( 0.9834629611452947451, 0.9615935531476199616, 1.000000000000000000, 0.9940814498823657974, 0.9895943154647740547),
 ( 0.9834629611452947451, 0.9615935531476199616, 1.000000000000000000, 0.9940814498823657974, 0.9895943154647740547) ) ) 
 REPRESENTATION_ITEM ( '' )  SURFACE ( )  );
#3722 = ORIENTED_EDGE ( 'NONE', *, *, #5348, .T. ) ;
#3723 = VECTOR ( 'NONE', #5274, 39.37007874015748143 ) ;
#3724 = B_SPLINE_CURVE_WITH_KNOTS ( 'NONE', 3,
 ( #3101, #3737, #6552, #841 ),
 .UNSPECIFIED., .F., .F.,
 ( 4, 4 ),
 ( 0.000000000000000000, 1.000000000000000000 ),
 .UNSPECIFIED. ) ;
#3725 = CARTESIAN_POINT ( 'NONE',  ( -0.4999999999465231104, 1.132164244244990209E-08, -0.4910714288790459792 ) ) ;
#3726 = CARTESIAN_POINT ( 'NONE',  ( 0.7500000000000013323, 0.3261672349997606912, -0.4608248378413768997 ) ) ;
#3727 = CARTESIAN_POINT ( 'NONE',  ( -0.7033911422566576643, -0.4599223385714408807, -0.05145101233753957698 ) ) ;
#3728 = CARTESIAN_POINT ( 'NONE',  ( 0.1387701628297481615, 0.4803569943320391000, -0.1549766691025441789 ) ) ;
#3729 = EDGE_CURVE ( 'NONE', #4990, #426, #7074, .T. ) ;
#3730 = ORIENTED_EDGE ( 'NONE', *, *, #6030, .T. ) ;
#3731 = CARTESIAN_POINT ( 'NONE',  ( 0.3133492190000168875, -0.3279793779999911063, -0.1431392680000039552 ) ) ;
#3732 = CARTESIAN_POINT ( 'NONE',  ( 0.4680093819722637161, -0.1767258197043818924, -0.3790890537476201971 ) ) ;
#3733 = CARTESIAN_POINT ( 'NONE',  ( -0.4486141210000083035, -0.06710868499999293746, -0.2393615719999994118 ) ) ;
#3734 = CARTESIAN_POINT ( 'NONE',  ( -0.3981920379999959736, 0.2423900660000076202, -0.1668901230000009173 ) ) ;
#3735 = VECTOR ( 'NONE', #5113, 39.37007874015748143 ) ;
#3736 = VECTOR ( 'NONE', #5947, 39.37007874015748854 ) ;
#3737 = CARTESIAN_POINT ( 'NONE',  ( 0.3302575678762718625, 0.3320228943959683265, -0.2048490507944097649 ) ) ;
#3738 = DIRECTION ( 'NONE',  ( 0.8660254052741293007, 0.4999999974197800179, -3.081487911019575312E-33 ) ) ;
#3739 = B_SPLINE_CURVE_WITH_KNOTS ( 'NONE', 3,
 ( #120, #6469, #1975, #5306 ),
 .UNSPECIFIED., .F., .F.,
 ( 4, 4 ),
 ( 0.000000000000000000, 1.000000000000000000 ),
 .UNSPECIFIED. ) ;
#3740 = CARTESIAN_POINT ( 'NONE',  ( 0.2938926259999944945, -0.4045084969999961366, -0.3857142859999969087 ) ) ;
#3741 = ORIENTED_EDGE ( 'NONE', *, *, #2096, .T. ) ;
#3742 = CARTESIAN_POINT ( 'NONE',  ( 0.03297405918252960949, 0.5000013633018031145, -0.4292963225332243615 ) ) ;
#3743 = CARTESIAN_POINT ( 'NONE',  ( -0.4365652530000151410, -0.2744242959999939613, -0.1900853170000003090 ) ) ;
#3744 = B_SPLINE_CURVE_WITH_KNOTS ( 'NONE', 3,
 ( #4751, #6918, #4027, #5303 ),
 .UNSPECIFIED., .F., .F.,
 ( 4, 4 ),
 ( 0.000000000000000000, 1.000000000000000000 ),
 .UNSPECIFIED. ) ;
#3745 =( BOUNDED_SURFACE ( )  B_SPLINE_SURFACE ( 1, 2, ( 
 ( #3686, #3048, #4212, #3650, #794 ),
 ( #1923, #3089, #5369, #5335, #4780 ) ),
 .UNSPECIFIED., .F., .F., .F. ) 
 B_SPLINE_SURFACE_WITH_KNOTS ( ( 2, 2 ),
 ( 3, 2, 3 ),
 ( 0.8707971297801589960, 1.000000000000000000 ),
 ( 0.07320655007752682741, 0.07434256879878090030, 0.07435392898599343936 ),
 .UNSPECIFIED. ) 
 GEOMETRIC_REPRESENTATION_ITEM ( )  RATIONAL_B_SPLINE_SURFACE ( (
 ( 0.9816993136805611808, 0.9777904035250430947, 0.9763575006785240040, 0.9763575006785240040, 0.9763575006785240040),
 ( 0.9816993136805611808, 0.9777904035250430947, 0.9763575006785240040, 0.9763575006785240040, 0.9763575006785240040) ) ) 
 REPRESENTATION_ITEM ( '' )  SURFACE ( )  );
#3746 = PLANE ( 'NONE',  #7429 ) ;
#3747 = CARTESIAN_POINT ( 'NONE',  ( 0.4407107099999840738, -0.1073884329999927056, -0.06523614099999922034 ) ) ;
#3748 = CARTESIAN_POINT ( 'NONE',  ( 0.03748413624258532806, 0.4991434555708444964, -0.2151175461073028816 ) ) ;
#3749 = ORIENTED_EDGE ( 'NONE', *, *, #1091, .F. ) ;
#3750 = LINE ( 'NONE', #5466, #5035 ) ;
#3751 = CARTESIAN_POINT ( 'NONE',  ( -0.1159327453189060442, -0.4385421027049152820, -0.08328501590334844162 ) ) ;
#3752 = CARTESIAN_POINT ( 'NONE',  ( -0.4012184404799627457, 0.2986012782434089852, -0.2037105202786691216 ) ) ;
#3753 = EDGE_CURVE ( 'NONE', #7142, #439, #6141, .T. ) ;
#3754 = PERSON_AND_ORGANIZATION ( #4148, #7128 ) ;
#3755 = DIRECTION ( 'NONE',  ( 0.4999999998193578876, 0.8660254038887323924, 1.232595164407830946E-32 ) ) ;
#3756 = CARTESIAN_POINT ( 'NONE',  ( -0.3858601250000029403, 0.2803437910000101119, -0.3196428570000013902 ) ) ;
#3757 = AXIS2_PLACEMENT_3D ( 'NONE', #7020, #7061, #1300 ) ;
#3758 = CARTESIAN_POINT ( 'NONE',  ( -0.1624598480000143952, -0.4999999999999896749, -0.3339285710000023943 ) ) ;
#3759 = EDGE_CURVE ( 'NONE', #3586, #4167, #48, .T. ) ;
#3760 = CARTESIAN_POINT ( 'NONE',  ( 0.4740919287835022033, -0.5811513081188198759, 0.000000000000000000 ) ) ;
#3761 = CARTESIAN_POINT ( 'NONE',  ( 0.7500000000000008882, 0.07804380007791494878, -0.4977168835820655612 ) ) ;
#3762 = LINE ( 'NONE', #4325, #5308 ) ;
#3763 = CARTESIAN_POINT ( 'NONE',  ( 0.1789256321858200827, -0.7627226420668782314, -0.4807027562347980232 ) ) ;
#3764 = CARTESIAN_POINT ( 'NONE',  ( -0.4857860370000177119, -0.1183719840000016510, -0.1222638589999963943 ) ) ;
#3765 = VERTEX_POINT ( 'NONE', #3997 ) ;
#3766 =( BOUNDED_CURVE ( )  B_SPLINE_CURVE ( 2, ( #5556, #910, #3865, #3300, #373 ),
 .UNSPECIFIED., .F., .T. ) 
 B_SPLINE_CURVE_WITH_KNOTS ( ( 3, 2, 3 ),
 ( 0.000000000000000000, 0.9080263810184165951, 1.000000000000000000 ),
 .UNSPECIFIED. ) 
 CURVE ( )  GEOMETRIC_REPRESENTATION_ITEM ( )  RATIONAL_B_SPLINE_CURVE ( ( 0.9811209779318870172, 0.9638293866287261924, 1.000000000000000000, 0.9963362953524198540, 0.9932210899422718731 ) ) 
 REPRESENTATION_ITEM ( '' )  );
#3767 = CARTESIAN_POINT ( 'NONE',  ( 0.4314047349999962089, -0.1401718949999970765, -0.4857142859999963869 ) ) ;
#3768 = EDGE_CURVE ( 'NONE', #3681, #4012, #6969, .T. ) ;
#3769 = CARTESIAN_POINT ( 'NONE',  ( 0.3466162705011494038, 0.3603569910850390468, -0.1592055295000028847 ) ) ;
#3770 = DIRECTION ( 'NONE',  ( 8.049116928532380974E-16, -1.000000000000000000, -5.357367405423471243E-19 ) ) ;
#3771 = CARTESIAN_POINT ( 'NONE',  ( -0.5257311120000326410, 1.034076588371666072E-14, -0.2678571430000037390 ) ) ;
#3772 = CARTESIAN_POINT ( 'NONE',  ( 0.3956253942674690105, 0.2948717021730654086, -0.006705905943609821208 ) ) ;
#3773 = CARTESIAN_POINT ( 'NONE',  ( 0.2503134295032263257, 0.4340610141669396516, -0.2916880323185568891 ) ) ;
#3774 = B_SPLINE_CURVE_WITH_KNOTS ( 'NONE', 3,
 ( #933, #7280, #6040, #902 ),
 .UNSPECIFIED., .F., .F.,
 ( 4, 4 ),
 ( 3.628865350496320613E-11, 0.0004695689264513038170 ),
 .UNSPECIFIED. ) ;
#3775 = CARTESIAN_POINT ( 'NONE',  ( -0.3226455968293399090, -0.3188385551267639006, -0.08040266019065978043 ) ) ;
#3776 = DIRECTION ( 'NONE',  ( -6.162975822039154730E-33, -0.000000000000000000, 1.000000000000000000 ) ) ;
#3777 = CARTESIAN_POINT ( 'NONE',  ( 0.4755282579999851045, 0.1545084970000039915, -0.1571428569999997193 ) ) ;
#3778 = LINE ( 'NONE', #6561, #588 ) ;
#3779 = ORIENTED_EDGE ( 'NONE', *, *, #5823, .T. ) ;
#3780 = CARTESIAN_POINT ( 'NONE',  ( 0.3423280990093834353, -0.3647496577571874843, -0.2414555734861272007 ) ) ;
#3781 = CARTESIAN_POINT ( 'NONE',  ( 0.2663500906300027005, -0.3665994488900006787, -0.2158035718600042063 ) ) ;
#3782 = CARTESIAN_POINT ( 'NONE',  ( -0.4720772875625532938, 0.1663902999135731531, -0.06634101992701536832 ) ) ;
#3783 = ORIENTED_EDGE ( 'NONE', *, *, #2236, .T. ) ;
#3784 = DIRECTION ( 'NONE',  ( 1.000000000000000000, 0.000000000000000000, 0.000000000000000000 ) ) ;
#3785 = CARTESIAN_POINT ( 'NONE',  ( -0.3750000000000002220, 0.6495190529999997908, -0.2410000000607497028 ) ) ;
#3786 = ADVANCED_FACE ( 'NONE', ( #3463 ), #6431, .T. ) ;
#3787 = CARTESIAN_POINT ( 'NONE',  ( 0.3226455821108160649, 0.3188385700210362717, -0.1161169452536084251 ) ) ;
#3788 = CARTESIAN_POINT ( 'NONE',  ( -0.4258255380000191548, 0.3074777420000054939, -0.4981787059999955303 ) ) ;
#3789 = EDGE_CURVE ( 'NONE', #2759, #2992, #3910, .T. ) ;
#3790 = ORIENTED_EDGE ( 'NONE', *, *, #5247, .F. ) ;
#3791 = ORIENTED_EDGE ( 'NONE', *, *, #709, .F. ) ;
#3792 = CARTESIAN_POINT ( 'NONE',  ( 0.1929382239999833659, -0.5741788059999985983, 0.000000000000000000 ) ) ;
#3793 = EDGE_LOOP ( 'NONE', ( #4992, #1797, #1707, #2401 ) ) ;
#3794 = CARTESIAN_POINT ( 'NONE',  ( -0.5749177803927968400, -0.5340964686456995958, -0.01994755379757667119 ) ) ;
#3795 = CARTESIAN_POINT ( 'NONE',  ( -0.1147994960000151415, -0.4388385589999895253, -0.2261123630000043405 ) ) ;
#3796 = ORIENTED_EDGE ( 'NONE', *, *, #1654, .T. ) ;
#3797 = CARTESIAN_POINT ( 'NONE',  ( 0.4361798839503353564, 0.2444361798385248363, -0.1549265378123180215 ) ) ;
#3798 = EDGE_LOOP ( 'NONE', ( #3575, #5510, #2519, #6170, #5516 ) ) ;
#3799 = CARTESIAN_POINT ( 'NONE',  ( -0.1473854529999972240, 0.4536057820000077290, -0.3267857139999973404 ) ) ;
#3800 = CARTESIAN_POINT ( 'NONE',  ( -0.4857860370000177119, -0.1183719840000016510, -0.05976385900000080742 ) ) ;
#3801 = CARTESIAN_POINT ( 'NONE',  ( -0.05834953799999956225, -0.4536057819999979590, -0.1442710630000034744 ) ) ;
#3802 =( BOUNDED_SURFACE ( )  B_SPLINE_SURFACE ( 1, 2, ( 
 ( #1532, #6106, #5479 ),
 ( #7251, #5552, #1567 ) ),
 .UNSPECIFIED., .F., .F., .F. ) 
 B_SPLINE_SURFACE_WITH_KNOTS ( ( 2, 2 ),
 ( 3, 3 ),
 ( 0.07692307692307571998, 0.08831423287454800986 ),
 ( 0.06246536664843210795, 0.06271103317960982637 ),
 .UNSPECIFIED. ) 
 GEOMETRIC_REPRESENTATION_ITEM ( )  RATIONAL_B_SPLINE_SURFACE ( (
 ( 0.9814111841305308559, 0.9822365246337739775, 0.9831776556379109300),
 ( 0.9814111841305308559, 0.9822365246337739775, 0.9831776556379109300) ) ) 
 REPRESENTATION_ITEM ( '' )  SURFACE ( )  );
#3803 = ADVANCED_FACE ( 'NONE', ( #1664 ), #4899, .T. ) ;
#3804 = FACE_OUTER_BOUND ( 'NONE', #3375, .T. ) ;
#3805 = CARTESIAN_POINT ( 'NONE',  ( 0.1624598479999960488, 0.5000000000000104361, -0.2892857140000006932 ) ) ;
#3806 = CARTESIAN_POINT ( 'NONE',  ( -0.1387701773939510330, -0.4803569901245954288, -0.03890524065325088460 ) ) ;
#3807 = ORIENTED_EDGE ( 'NONE', *, *, #3633, .T. ) ;
#3808 = LINE ( 'NONE', #1585, #125 ) ;
#3809 = CARTESIAN_POINT ( 'NONE',  ( 0.3406977222258859572, -0.3501057647751946167, -0.01148497498215304662 ) ) ;
#3810 = CARTESIAN_POINT ( 'NONE',  ( -0.4686285217261887404, 0.1199999990066169253, -0.1461850054792432629 ) ) ;
#3811 = FACE_OUTER_BOUND ( 'NONE', #3975, .T. ) ;
#3812 = CARTESIAN_POINT ( 'NONE',  ( -0.7500000000000175415, 0.2219912871646272934, -0.4814306254869440416 ) ) ;
#3813 = VERTEX_POINT ( 'NONE', #2798 ) ;
#3814 = EDGE_CURVE ( 'NONE', #2834, #4423, #5080, .T. ) ;
#3815 = CARTESIAN_POINT ( 'NONE',  ( -0.2457680303696655189, -0.4356888304835394576, -0.2558621957792306389 ) ) ;
#3816 = CARTESIAN_POINT ( 'NONE',  ( 0.000000000000000000, -0.4531418398199973385, -0.2943749998600015960 ) ) ;
#3817 = CARTESIAN_POINT ( 'NONE',  ( -0.4632616756168959071, 0.1881204822953019273, -0.2007943162494330580 ) ) ;
#3818 = CARTESIAN_POINT ( 'NONE',  ( 0.000000000000000000, 0.000000000000000000, 0.000000000000000000 ) ) ;
#3819 = FACE_OUTER_BOUND ( 'NONE', #1377, .T. ) ;
#3820 = CARTESIAN_POINT ( 'NONE',  ( -0.4535971184601242934, -0.002803424412564844807, -0.2410000002536138164 ) ) ;
#3821 = CARTESIAN_POINT ( 'NONE',  ( -0.5257311120000326410, 1.034076588371666072E-14, -0.4910714289999965620 ) ) ;
#3822 = CARTESIAN_POINT ( 'NONE',  ( 0.4368424318922846661, -0.2735712270866808016, -0.1759663935090832743 ) ) ;
#3823 = ADVANCED_FACE ( 'NONE', ( #7415 ), #2231, .T. ) ;
#3824 = CARTESIAN_POINT ( 'NONE',  ( 0.7500000000868776162, -0.1200000001377680009, -0.2410000000405034537 ) ) ;
#3825 = CYLINDRICAL_SURFACE ( 'NONE', #6959, 0.5000000000000007772 ) ;
#3826 = CARTESIAN_POINT ( 'NONE',  ( -0.6053349469224812429, -0.5165351093574295227, -0.02641545798548771903 ) ) ;
#3827 = CARTESIAN_POINT ( 'NONE',  ( 0.000000000000000000, -0.4536057820000032326, -0.2232142860000032314 ) ) ;
#3828 = ORIENTED_EDGE ( 'NONE', *, *, #6030, .F. ) ;
#3829 = CARTESIAN_POINT ( 'NONE',  ( -0.1404050990000242916, 0.4798816610000091187, -0.005698279999996281632 ) ) ;
#3830 = ORIENTED_EDGE ( 'NONE', *, *, #50, .T. ) ;
#3831 = VECTOR ( 'NONE', #2910, 39.37007874015748143 ) ;
#3832 = CARTESIAN_POINT ( 'NONE',  ( 0.000000000000000000, -0.4536057820000032326, -0.4375000000000031641 ) ) ;
#3833 = EDGE_CURVE ( 'NONE', #7283, #6722, #2584, .T. ) ;
#3834 = DIRECTION ( 'NONE',  ( 0.8660254037305483710, -0.5000000000933410016, -6.162975822039144466E-33 ) ) ;
#3835 = VECTOR ( 'NONE', #2826, 39.37007874015748143 ) ;
#3836 = AXIS2_PLACEMENT_3D ( 'NONE', #2336, #1202, #6924 ) ;
#3837 = DIRECTION ( 'NONE',  ( 8.049116928532381960E-16, -1.000000000000000000, -3.414809992080327790E-17 ) ) ;
#3838 = CARTESIAN_POINT ( 'NONE',  ( 0.05834953799998172930, -0.4536057819999991247, -0.1414432229999961210 ) ) ;
#3839 = CARTESIAN_POINT ( 'NONE',  ( 0.4260383568738130289, 0.2469874348556992949, -0.007545477698508378829 ) ) ;
#3840 = VECTOR ( 'NONE', #5196, 39.37007874015748143 ) ;
#3841 =( BOUNDED_CURVE ( )  B_SPLINE_CURVE ( 2, ( #2989, #1456, #6597, #4410, #352 ),
 .UNSPECIFIED., .F., .T. ) 
 B_SPLINE_CURVE_WITH_KNOTS ( ( 3, 2, 3 ),
 ( 0.000000000000000000, 0.4999999888398596326, 1.000000000000000000 ),
 .UNSPECIFIED. ) 
 CURVE ( )  GEOMETRIC_REPRESENTATION_ITEM ( )  RATIONAL_B_SPLINE_CURVE ( ( 0.9757927087854922910, 0.9780721857691456744, 1.000000000000000000, 0.9780721847902763555, 0.9757927085819781965 ) ) 
 REPRESENTATION_ITEM ( '' )  );
#3842 = CARTESIAN_POINT ( 'NONE',  ( -0.4999999999999986122, -3.510255252105914293E-08, -0.2678571420095274269 ) ) ;
#3843 = CARTESIAN_POINT ( 'NONE',  ( 0.3436320332221122209, -0.3551881404722299074, -0.005794033300569473473 ) ) ;
#3844 = CARTESIAN_POINT ( 'NONE',  ( 0.3387765600000046118, 0.3545939120000088374, -0.003112265999996883387 ) ) ;
#3845 = CARTESIAN_POINT ( 'NONE',  ( 0.1384234510341532942, 0.4797577955933927663, -0.0006718850229963125318 ) ) ;
#3846 = CARTESIAN_POINT ( 'NONE',  ( 0.02984668029350593874, -0.4536057824918954262, -0.4999999999999974465 ) ) ;
#3847 = ORIENTED_EDGE ( 'NONE', *, *, #4039, .F. ) ;
#3848 = VECTOR ( 'NONE', #2045, 39.37007874015748143 ) ;
#3849 = CARTESIAN_POINT ( 'NONE',  ( 0.2958525278367568623, -0.4033570379530249106, -0.2428058330272647447 ) ) ;
#3850 = CARTESIAN_POINT ( 'NONE',  ( 0.2663500906300027005, -0.3665994488900006787, -0.4300892858600041668 ) ) ;
#3851 = CARTESIAN_POINT ( 'NONE',  ( -0.4341673351660856883, 0.2479937425223587288, -0.06838157669126128380 ) ) ;
#3852 = COORDINATED_UNIVERSAL_TIME_OFFSET ( 10, 0, .AHEAD. ) ;
#3853 = ADVANCED_FACE ( 'NONE', ( #7053 ), #784, .T. ) ;
#3854 = CARTESIAN_POINT ( 'NONE',  ( 0.5000000000000007772, -4.163336342344338013E-16, -0.4999999999999973910 ) ) ;
#3855 = CARTESIAN_POINT ( 'NONE',  ( 0.4999999999999973910, -7.619967648990073867E-09, -0.3035714289970616875 ) ) ;
#3856 = CARTESIAN_POINT ( 'NONE',  ( 8.741913579725642299E-15, -0.4999999999999930056, -0.3303571429999988540 ) ) ;
#3857 = CC_DESIGN_SECURITY_CLASSIFICATION ( #6262, ( #1223 ) ) ;
#3858 = EDGE_LOOP ( 'NONE', ( #6579, #2947, #5012, #361 ) ) ;
#3859 = CARTESIAN_POINT ( 'NONE',  ( -0.4853864454745520085, 0.1199999940118567643, -0.05634520094361484405 ) ) ;
#3860 = CONICAL_SURFACE ( 'NONE', #4948, 0.7500000000000011102, 1.047197549762621138 ) ;
#3861 = CARTESIAN_POINT ( 'NONE',  ( 0.4773126748176630962, -0.5867298048098604779, -0.003671691382731546906 ) ) ;
#3862 = CARTESIAN_POINT ( 'NONE',  ( -0.1387701773767032187, 0.4803569901295859923, -0.1485947593585508208 ) ) ;
#3863 = CARTESIAN_POINT ( 'NONE',  ( 0.000000000000000000, -0.4536057820000032326, -0.2232142860000032314 ) ) ;
#3864 = CARTESIAN_POINT ( 'NONE',  ( 0.03925593159156952339, -0.8433609813226744523, -0.4457203178547202715 ) ) ;
#3865 = CARTESIAN_POINT ( 'NONE',  ( 0.4314047349999962089, -0.1401718949999970765, -0.1999999999999989564 ) ) ;
#3866 = ORIENTED_EDGE ( 'NONE', *, *, #2598, .T. ) ;
#3867 = CARTESIAN_POINT ( 'NONE',  ( 0.1473854529999788499, 0.4536057820000122809, -0.2625892857100038946 ) ) ;
#3868 = B_SPLINE_CURVE_WITH_KNOTS ( 'NONE', 3,
 ( #3202, #7289, #4924, #2674, #6149, #1537 ),
 .UNSPECIFIED., .F., .F.,
 ( 4, 2, 4 ),
 ( 1.559220096597025561E-13, 0.005564677107387954944, 0.01112935421461998774 ),
 .UNSPECIFIED. ) ;
#3869 = LINE ( 'NONE', #3769, #372 ) ;
#3870 = CARTESIAN_POINT ( 'NONE',  ( 0.4374450873210235513, 0.1200000033847157671, -0.05944252974264530032 ) ) ;
#3871 = CARTESIAN_POINT ( 'NONE',  ( 0.7500000000000005551, -0.3077910664562639176, -0.4650562343919653618 ) ) ;
#3872 = EDGE_CURVE ( 'NONE', #800, #788, #960, .T. ) ;
#3873 = CARTESIAN_POINT ( 'NONE',  ( -0.3302575595156727051, -0.3320229027119959153, -0.1691347648226863565 ) ) ;
#3874 = CARTESIAN_POINT ( 'NONE',  ( 0.3858601249999845106, 0.2803437910000101119, -0.3320535712799964623 ) ) ;
#3875 = CARTESIAN_POINT ( 'NONE',  ( 0.1761943462281728434, 0.4682136217989365523, -0.2898146915688399328 ) ) ;
#3876 = CARTESIAN_POINT ( 'NONE',  ( 0.4853864427678107885, 0.1200000049602839708, -0.01508337037380527886 ) ) ;
#3877 = CARTESIAN_POINT ( 'NONE',  ( 0.07164390600000487830, 0.5000000000000091038, -0.08193212300000217441 ) ) ;
#3878 = CARTESIAN_POINT ( 'NONE',  ( -0.4555280441328628527, 0.2067824895216680281, -0.3441064126616231178 ) ) ;
#3879 = DIRECTION ( 'NONE',  ( 6.162975822039154730E-33, 0.000000000000000000, -1.000000000000000000 ) ) ;
#3880 = ORIENTED_EDGE ( 'NONE', *, *, #3511, .F. ) ;
#3881 = CARTESIAN_POINT ( 'NONE',  ( 0.4999999999927464134, -0.04039430858979406458, -0.2409999998585422298 ) ) ;
#3882 = CARTESIAN_POINT ( 'NONE',  ( 0.3858601249999845106, 0.2803437910000101119, -0.2696428569999997915 ) ) ;
#3883 = CARTESIAN_POINT ( 'NONE',  ( -0.3466162716253770038, -0.3603569899725737602, -0.1158276888843752933 ) ) ;
#3884 =( BOUNDED_SURFACE ( )  B_SPLINE_SURFACE ( 1, 2, ( 
 ( #3352, #2796, #1662, #458, #5007 ),
 ( #3995, #2267, #3425, #1553, #2197 ) ),
 .UNSPECIFIED., .F., .F., .T. ) 
 B_SPLINE_SURFACE_WITH_KNOTS ( ( 2, 2 ),
 ( 3, 2, 3 ),
 ( 0.07692307692307571998, 1.000000000000000000 ),
 ( 0.2110471471573630853, 0.2142857142857139963, 0.2175242814140650460 ),
 .UNSPECIFIED. ) 
 GEOMETRIC_REPRESENTATION_ITEM ( )  RATIONAL_B_SPLINE_SURFACE ( (
 ( 0.9757408310629269721, 0.9778090539537090953, 1.000000000000000000, 0.9778090539537090953, 0.9757408310629269721),
 ( 0.9757408310629269721, 0.9778090539537090953, 1.000000000000000000, 0.9778090539537090953, 0.9757408310629269721) ) ) 
 REPRESENTATION_ITEM ( '' )  SURFACE ( )  );
#3885 = ORIENTED_EDGE ( 'NONE', *, *, #2046, .F. ) ;
#3886 = LINE ( 'NONE', #2869, #6705 ) ;
#3887 = CARTESIAN_POINT ( 'NONE',  ( -0.3858601250000029403, 0.2803437910000101119, -0.4625000000000011324 ) ) ;
#3888 = CARTESIAN_POINT ( 'NONE',  ( -0.2666227890000034129, 0.3669747860000008854, -0.3857142859999969087 ) ) ;
#3889 = CARTESIAN_POINT ( 'NONE',  ( 0.4206089847308643881, -0.2413525199771158758, -0.01506403892475258188 ) ) ;
#3890 = CARTESIAN_POINT ( 'NONE',  ( -0.7500000000000174305, 0.2750682586054620238, -0.02820384541965741121 ) ) ;
#3891 = CARTESIAN_POINT ( 'NONE',  ( 0.5093338091202237461, -0.5524016679989628420, 1.617337291796836803E-49 ) ) ;
#3892 = EDGE_CURVE ( 'NONE', #7133, #6045, #481, .T. ) ;
#3893 = CARTESIAN_POINT ( 'NONE',  ( 0.4332233491448134188, 0.2496351460319390370, -0.02086048818288394058 ) ) ;
#3894 = CARTESIAN_POINT ( 'NONE',  ( -0.2710769514403197911, 0.7095190530413632013, -0.005507537025197672791 ) ) ;
#3895 = ORIENTED_EDGE ( 'NONE', *, *, #5846, .F. ) ;
#3896 = CARTESIAN_POINT ( 'NONE',  ( -0.4558638980521698136, -0.2054690964622236382, -0.05771411466324942452 ) ) ;
#3897 = B_SPLINE_CURVE_WITH_KNOTS ( 'NONE', 3,
 ( #2038, #6641, #1004, #7151 ),
 .UNSPECIFIED., .F., .F.,
 ( 4, 4 ),
 ( 0.000000000000000000, 1.000000000000000000 ),
 .UNSPECIFIED. ) ;
#3898 = CARTESIAN_POINT ( 'NONE',  ( 0.4508535139728528374, 0.1513723663962233401, -0.4999999999999976130 ) ) ;
#3899 = CARTESIAN_POINT ( 'NONE',  ( -0.4257200567900149002, 0.3093037260300121050, -0.3550892858600013247 ) ) ;
#3900 = CARTESIAN_POINT ( 'NONE',  ( -0.4365652530000151410, -0.2744242959999939613, -0.1186567450000008545 ) ) ;
#3901 = ORIENTED_EDGE ( 'NONE', *, *, #6161, .F. ) ;
#3902 = EDGE_CURVE ( 'NONE', #6722, #1412, #6350, .T. ) ;
#3903 = CARTESIAN_POINT ( 'NONE',  ( 0.4769493439999838991, 3.446921961238886775E-15, -0.2768749997099957394 ) ) ;
#3904 = ORIENTED_EDGE ( 'NONE', *, *, #5454, .F. ) ;
#3905 = CARTESIAN_POINT ( 'NONE',  ( -0.4314047350000136949, 0.1401718949999970765, -0.1732142859999991069 ) ) ;
#3906 = CARTESIAN_POINT ( 'NONE',  ( -0.4853864409057919160, 0.1200000120113158542, -0.2081309156024549190 ) ) ;
#3907 = CARTESIAN_POINT ( 'NONE',  ( -0.3466162715994834387, 0.3603569899974859991, -0.1341723109542870274 ) ) ;
#3908 = CARTESIAN_POINT ( 'NONE',  ( 0.3302575636959744210, 0.3320228985539930289, -0.06199190793210302558 ) ) ;
#3909 = CARTESIAN_POINT ( 'NONE',  ( -0.1473854529999972240, 0.4536057820000077290, -0.4606250002899958673 ) ) ;
#3910 = B_SPLINE_CURVE_WITH_KNOTS ( 'NONE', 3,
 ( #2268, #3957, #3881, #535 ),
 .UNSPECIFIED., .F., .F.,
 ( 4, 4 ),
 ( 0.000000000000000000, 1.000000000000000000 ),
 .UNSPECIFIED. ) ;
#3911 = ADVANCED_FACE ( 'NONE', ( #7013 ), #5186, .F. ) ;
#3912 = CARTESIAN_POINT ( 'NONE',  ( -0.2215956603641010825, 0.4494078805941442156, -0.2804814757320506224 ) ) ;
#3913 = EDGE_CURVE ( 'NONE', #6533, #4012, #3664, .T. ) ;
#3914 = CARTESIAN_POINT ( 'NONE',  ( 0.2710769511820662059, -0.7095190527937659253, -0.2410000000202484338 ) ) ;
#3915 = FACE_OUTER_BOUND ( 'NONE', #5250, .T. ) ;
#3916 = CARTESIAN_POINT ( 'NONE',  ( -1.748382715945128460E-14, 0.4536057820000065077, -0.1785714290000018356 ) ) ;
#3917 = B_SPLINE_CURVE_WITH_KNOTS ( 'NONE', 3,
 ( #2987, #5797, #2950, #7021, #1868, #7062, #5990, #7137, #953, #350, #2124, #2023, #5431, #6027, #3708, #3812, #2620, #5953, #4276, #6061, #5463, #2550, #389, #853, #282, #4938, #2091 ),
 .UNSPECIFIED., .F., .F.,
 ( 4, 1, 1, 1, 1, 2, 2, 1, 1, 1, 1, 2, 2, 1, 1, 1, 2, 2, 4 ),
 ( 0.000000000000000000, 0.1250000000000014710, 0.1875000000000022204, 0.2187500000000026368, 0.2343750000000028311, 0.2421875000000030254, 0.2500000000000031641, 0.3750000000000026090, 0.4375000000000022760, 0.4687500000000022204, 0.4843750000000022204, 0.4921875000000022204, 0.5000000000000022204, 0.6250000000000021094, 0.6875000000000019984, 0.7187500000000018874, 0.7343750000000018874, 0.7500000000000017764, 1.000000000000000000 ),
 .UNSPECIFIED. ) ;
#3918 = LINE ( 'NONE', #2723, #6476 ) ;
#3919 = ORIENTED_EDGE ( 'NONE', *, *, #3933, .T. ) ;
#3920 = CARTESIAN_POINT ( 'NONE',  ( 0.1404050989999973964, -0.4798816610000000704, -0.04141256599999802029 ) ) ;
#3921 = CARTESIAN_POINT ( 'NONE',  ( 0.1473854529999880369, -0.4536057819999951279, -0.2910714289999993265 ) ) ;
#3922 = CARTESIAN_POINT ( 'NONE',  ( 0.000000000000000000, 0.5000000000000028866, -0.3660714290000019466 ) ) ;
#3923 = ORIENTED_EDGE ( 'NONE', *, *, #6834, .T. ) ;
#3924 = CARTESIAN_POINT ( 'NONE',  ( -0.1473854529999972240, 0.4536057820000077290, -0.3982142859999984741 ) ) ;
#3925 = CARTESIAN_POINT ( 'NONE',  ( 0.2666227889999946421, 0.3669747859999997752, -0.2571428569999992253 ) ) ;
#3926 = CARTESIAN_POINT ( 'NONE',  ( 0.4222403952227953838, -0.2385900638904624727, -0.01501531754639604151 ) ) ;
#3927 = CARTESIAN_POINT ( 'NONE',  ( -0.003083330121164046689, 0.4790324333940557677, -0.02095766064295494224 ) ) ;
#3928 =( BOUNDED_CURVE ( )  B_SPLINE_CURVE ( 2, ( #869, #906, #4953, #7253, #2105 ),
 .UNSPECIFIED., .F., .F. ) 
 B_SPLINE_CURVE_WITH_KNOTS ( ( 3, 2, 3 ),
 ( 0.000000000000000000, 0.9080264299514416715, 1.000000000000000000 ),
 .UNSPECIFIED. ) 
 CURVE ( )  GEOMETRIC_REPRESENTATION_ITEM ( )  RATIONAL_B_SPLINE_CURVE ( ( 0.9811209779318870172, 0.9638293866287261924, 1.000000000000000000, 0.9963362953524198540, 0.9932210899422718731 ) ) 
 REPRESENTATION_ITEM ( '' )  );
#3929 = CARTESIAN_POINT ( 'NONE',  ( -0.3226455930000037275, -0.3188385589999910841, -0.1518312310000002885 ) ) ;
#3930 = ORIENTED_EDGE ( 'NONE', *, *, #7383, .T. ) ;
#3931 = ORIENTED_EDGE ( 'NONE', *, *, #3892, .F. ) ;
#3932 = CARTESIAN_POINT ( 'NONE',  ( 0.4606968505258212110, 0.1943456112544001690, -0.02227102423968557038 ) ) ;
#3933 = EDGE_CURVE ( 'NONE', #1572, #3203, #1219, .T. ) ;
#3934 = CARTESIAN_POINT ( 'NONE',  ( 0.5000000000000007772, -4.163336342344338013E-16, -0.4999999999999973910 ) ) ;
#3935 = VERTEX_POINT ( 'NONE', #1824 ) ;
#3936 = DIRECTION ( 'NONE',  ( 6.162975822039154730E-33, 0.000000000000000000, -1.000000000000000000 ) ) ;
#3937 = CARTESIAN_POINT ( 'NONE',  ( 0.4165208327414038902, 0.2382277530401984977, -0.4999999999999976130 ) ) ;
#3938 = CARTESIAN_POINT ( 'NONE',  ( -0.5262189296800278138, 1.148973987079629162E-14, -0.2765178568500035183 ) ) ;
#3939 = CARTESIAN_POINT ( 'NONE',  ( 0.3234539465209396170, 0.3600371168174779091, -0.2410000000000022125 ) ) ;
#3940 = ORIENTED_EDGE ( 'NONE', *, *, #916, .T. ) ;
#3941 = CARTESIAN_POINT ( 'NONE',  ( 0.2666227890000034129, -0.3669747859999954454, -0.5017857139999996052 ) ) ;
#3942 = B_SPLINE_CURVE_WITH_KNOTS ( 'NONE', 3,
 ( #3123, #186, #1357, #2488 ),
 .UNSPECIFIED., .F., .F.,
 ( 4, 4 ),
 ( 0.000000000000000000, 1.000000000000000000 ),
 .UNSPECIFIED. ) ;
#3943 = VERTEX_POINT ( 'NONE', #4757 ) ;
#3944 = CARTESIAN_POINT ( 'NONE',  ( 0.4632616756551151682, -0.1881204822013533839, -0.1650800312517202162 ) ) ;
#3945 = ADVANCED_FACE ( 'NONE', ( #6472 ), #1899, .F. ) ;
#3946 = CARTESIAN_POINT ( 'NONE',  ( 0.4999999999465056244, -2.552107694029919345E-09, -0.4553571428473971450 ) ) ;
#3947 = CARTESIAN_POINT ( 'NONE',  ( -0.05834953659870568271, 0.4536057820000074514, -0.1860860807027118202 ) ) ;
#3948 = AXIS2_PLACEMENT_3D ( 'NONE', #5124, #5052, #7355 ) ;
#3949 = CARTESIAN_POINT ( 'NONE',  ( 0.3210109491578153618, 0.3204927209969828383, -0.1160583683184341491 ) ) ;
#3950 = CARTESIAN_POINT ( 'NONE',  ( -0.2666227890000034129, -0.3669747859999954454, -0.2927678572899957699 ) ) ;
#3951 = CARTESIAN_POINT ( 'NONE',  ( 0.3661806434481345573, 0.2677124236344604058, -0.04639421778256747758 ) ) ;
#3952 = VECTOR ( 'NONE', #3299, 39.37007874015748143 ) ;
#3953 = CARTESIAN_POINT ( 'NONE',  ( 0.4755282579999763892, -0.1545084969999952484, -0.3874999999999990674 ) ) ;
#3954 = CARTESIAN_POINT ( 'NONE',  ( 0.4810769861469826325, 0.1374312666025044039, -0.01468045015704354424 ) ) ;
#3955 = CARTESIAN_POINT ( 'NONE',  ( 0.1387701737591595097, 0.4803569911746511378, -0.08354809779697808247 ) ) ;
#3956 = ORIENTED_EDGE ( 'NONE', *, *, #5121, .T. ) ;
#3957 = CARTESIAN_POINT ( 'NONE',  ( 0.4950810780091041141, -0.08078630054989108245, -0.2409999998585422298 ) ) ;
#3958 = CARTESIAN_POINT ( 'NONE',  ( 0.2666227890000034129, -0.3669747859999954454, -0.2874999999999995892 ) ) ;
#3959 = CARTESIAN_POINT ( 'NONE',  ( 0.3466162695324055409, -0.3603569919857184112, -0.02702945405662425873 ) ) ;
#3960 = DIRECTION ( 'NONE',  ( 1.000000000000000000, -8.326672684688663206E-16, 0.000000000000000000 ) ) ;
#3961 = ORIENTED_EDGE ( 'NONE', *, *, #1167, .T. ) ;
#3962 = ORIENTED_EDGE ( 'NONE', *, *, #774, .F. ) ;
#3963 = AXIS2_PLACEMENT_3D ( 'NONE', #4555, #3426, #2862 ) ;
#3964 = CARTESIAN_POINT ( 'NONE',  ( 0.3133492190000257693, 0.3279793780000088699, -0.05328930299999605491 ) ) ;
#3965 = VECTOR ( 'NONE', #4745, 39.37007874015748143 ) ;
#3966 = CARTESIAN_POINT ( 'NONE',  ( -0.2666227890000034129, 0.3669747860000008854, -0.4660714290000014248 ) ) ;
#3967 = CARTESIAN_POINT ( 'NONE',  ( -0.3858601250000029403, 0.2803437910000101119, -0.3821428569999988367 ) ) ;
#3968 = CARTESIAN_POINT ( 'NONE',  ( 0.4291502075637214086, -0.2264195145528258013, -0.01480420652894045598 ) ) ;
#3969 = CARTESIAN_POINT ( 'NONE',  ( -0.7500000000000174305, 0.2767604893891048023, -0.02854112614144974774 ) ) ;
#3970 = CARTESIAN_POINT ( 'NONE',  ( 0.4853864437664607845, -0.1200000009209210711, -0.09205948693844273611 ) ) ;
#3971 = EDGE_CURVE ( 'NONE', #7038, #5062, #4821, .T. ) ;
#3972 = ORIENTED_EDGE ( 'NONE', *, *, #6144, .F. ) ;
#3973 = CARTESIAN_POINT ( 'NONE',  ( 0.4636155203282576465, 0.1872451543472085367, -0.02244076792245769392 ) ) ;
#3974 = DIRECTION ( 'NONE',  ( -6.162975822039154730E-33, 0.000000000000000000, 1.000000000000000000 ) ) ;
#3975 = EDGE_LOOP ( 'NONE', ( #628, #4250, #6755, #2481 ) ) ;
#3976 = LINE ( 'NONE', #7318, #5397 ) ;
#3977 = CARTESIAN_POINT ( 'NONE',  ( 0.4697872742920981004, 0.03638838901488596761, -0.4999999999999975575 ) ) ;
#3978 =( BOUNDED_SURFACE ( )  B_SPLINE_SURFACE ( 1, 2, ( 
 ( #3949, #3308, #6156, #1016, #3989, #5594, #6229, #451, #6762 ),
 ( #4511, #6798, #2297, #2372, #5219, #118, #1818, #1734, #5821 ) ),
 .UNSPECIFIED., .F., .F., .T. ) 
 B_SPLINE_SURFACE_WITH_KNOTS ( ( 2, 2 ),
 ( 3, 2, 2, 2, 3 ),
 ( 0.000000000000000000, 1.000000000000000000 ),
 ( 0.1518059499033636017, 0.1518640844743940621, 0.1571428571428570287, 0.1576775415774410438, 0.1577356761484715042 ),
 .UNSPECIFIED. ) 
 GEOMETRIC_REPRESENTATION_ITEM ( )  RATIONAL_B_SPLINE_SURFACE ( (
 ( 0.9811209779318870172, 0.9811209779318870172, 0.9811209779318870172, 0.9638293866287261924, 1.000000000000000000, 0.9963362953524198540, 0.9932210899422718731, 0.9932210899422718731, 0.9932210899422718731),
 ( 0.9811209779318870172, 0.9811209779318870172, 0.9811209779318870172, 0.9638293866287261924, 1.000000000000000000, 0.9963362953524198540, 0.9932210899422718731, 0.9932210899422718731, 0.9932210899422718731) ) ) 
 REPRESENTATION_ITEM ( '' )  SURFACE ( )  );
#3979 = CARTESIAN_POINT ( 'NONE',  ( 0.4999999998662694178, 0.07919222006618520382, -0.3106694897250907861 ) ) ;
#3980 = ORIENTED_EDGE ( 'NONE', *, *, #5823, .F. ) ;
#3981 = CARTESIAN_POINT ( 'NONE',  ( -0.06756891999999518894, 0.4715608340000078114, -0.02377295099999914701 ) ) ;
#3982 = VERTEX_POINT ( 'NONE', #4190 ) ;
#3983 = CARTESIAN_POINT ( 'NONE',  ( -0.2666227890000034129, 0.3669747860000008854, -0.4660714290000014248 ) ) ;
#3984 = CARTESIAN_POINT ( 'NONE',  ( -0.5777453190846997266, -0.5324639884203792306, -0.4794058478441530768 ) ) ;
#3985 = CARTESIAN_POINT ( 'NONE',  ( 0.4332233490683458088, -0.2496351461647484116, -0.1666395118185879098 ) ) ;
#3986 = CARTESIAN_POINT ( 'NONE',  ( -0.2938926260000032653, -0.4045084969999983016, -0.4803571430000024289 ) ) ;
#3987 = CC_DESIGN_PERSON_AND_ORGANIZATION_ASSIGNMENT ( #3754, #6635, ( #1223 ) ) ;
#3988 = CARTESIAN_POINT ( 'NONE',  ( -0.1800721101150145331, -0.7294792298422314580, 1.136089806142679921E-49 ) ) ;
#3989 = CARTESIAN_POINT ( 'NONE',  ( 0.4314047349999962089, 0.1401718950000014619, -0.1214285709999966129 ) ) ;
#3990 = CARTESIAN_POINT ( 'NONE',  ( 0.4314047349999962089, 0.1401718950000036545, -0.2641964282799967867 ) ) ;
#3991 = EDGE_CURVE ( 'NONE', #3158, #6682, #3558, .T. ) ;
#3992 = CARTESIAN_POINT ( 'NONE',  ( 0.4967620895978070439, 0.06567312427907071037, -0.3020534095766205240 ) ) ;
#3993 = CARTESIAN_POINT ( 'NONE',  ( -0.7403377607141232719, -0.1199999999476871054, 1.411819043125691238E-11 ) ) ;
#3994 = B_SPLINE_CURVE_WITH_KNOTS ( 'NONE', 3,
 ( #6189, #6913, #4057, #5775 ),
 .UNSPECIFIED., .F., .F.,
 ( 4, 4 ),
 ( 0.000000000000000000, 1.000000000000000000 ),
 .UNSPECIFIED. ) ;
#3995 = CARTESIAN_POINT ( 'NONE',  ( -0.1273771290000150769, 0.4353541920000016385, -0.1753411370000008407 ) ) ;
#3996 = ORIENTED_EDGE ( 'NONE', *, *, #5222, .F. ) ;
#3997 = CARTESIAN_POINT ( 'NONE',  ( -0.4374450905869238237, -0.1199999913474362329, -0.2380139583236209888 ) ) ;
#3998 = EDGE_CURVE ( 'NONE', #4654, #4181, #5654, .T. ) ;
#3999 = CARTESIAN_POINT ( 'NONE',  ( -0.3854654722100279707, -0.2800570589699860058, -0.4479464288599993571 ) ) ;
#4000 =( BOUNDED_CURVE ( )  B_SPLINE_CURVE ( 2, ( #5587, #7220, #2042, #3334, #443 ),
 .UNSPECIFIED., .F., .F. ) 
 B_SPLINE_CURVE_WITH_KNOTS ( ( 3, 2, 3 ),
 ( 0.000000000000000000, 0.9080263995366227858, 1.000000000000000000 ),
 .UNSPECIFIED. ) 
 CURVE ( )  GEOMETRIC_REPRESENTATION_ITEM ( )  RATIONAL_B_SPLINE_CURVE ( ( 0.9811209763602662948, 0.9638293882724862094, 1.000000000000000000, 0.9963362944147480249, 0.9932210883476894070 ) ) 
 REPRESENTATION_ITEM ( '' )  );
#4001 = CARTESIAN_POINT ( 'NONE',  ( 0.1147995066395191277, 0.4388385563744751638, -0.1903980778966302967 ) ) ;
#4002 = B_SPLINE_CURVE_WITH_KNOTS ( 'NONE', 3,
 ( #4642, #5051, #6175, #2207, #1032, #4491, #6778, #1636, #4240, #3637, #3676, #1303, #3516 ),
 .UNSPECIFIED., .F., .F.,
 ( 4, 1, 1, 1, 1, 1, 2, 2, 4 ),
 ( 0.000000000000000000, 0.2499999999999989453, 0.3749999999999984457, 0.4374999999999981681, 0.4687499999999980016, 0.4843749999999977796, 0.4921874999999978351, 0.4999999999999978351, 1.000000000000000000 ),
 .UNSPECIFIED. ) ;
#4003 = CARTESIAN_POINT ( 'NONE',  ( -0.4624208253465853513, 0.5990466159408248670, -0.4960972636735472285 ) ) ;
#4004 = ORIENTED_EDGE ( 'NONE', *, *, #267, .T. ) ;
#4005 = EDGE_LOOP ( 'NONE', ( #4817, #5984, #5047, #1414, #872 ) ) ;
#4006 = CARTESIAN_POINT ( 'NONE',  ( 0.4813363459999915883, 0.1366330390000052020, -0.08612747299999776174 ) ) ;
#4007 = CARTESIAN_POINT ( 'NONE',  ( -0.4314047350000136949, 0.1401718949999970765, -0.3874999999999990674 ) ) ;
#4008 = CARTESIAN_POINT ( 'NONE',  ( -0.4314047350000136949, 0.1401718949999970765, -0.3071428570000033220 ) ) ;
#4009 = CARTESIAN_POINT ( 'NONE',  ( -0.4757076478422846977, -0.5839368719617310521, -0.001835845589913298126 ) ) ;
#4010 = CARTESIAN_POINT ( 'NONE',  ( -0.01313696571167680995, 0.4794158075659865070, -0.02040937818778501556 ) ) ;
#4011 = CARTESIAN_POINT ( 'NONE',  ( 0.2666227890000034129, -0.3669747859999954454, -0.4928571430000012743 ) ) ;
#4012 = VERTEX_POINT ( 'NONE', #7134 ) ;
#4013 = ORIENTED_EDGE ( 'NONE', *, *, #1403, .T. ) ;
#4014 = CARTESIAN_POINT ( 'NONE',  ( 0.4326963496388706587, 0.2505474101096683559, -0.02083595332808498707 ) ) ;
#4015 = LINE ( 'NONE', #1681, #3142 ) ;
#4016 = CARTESIAN_POINT ( 'NONE',  ( -0.4638502391860278018, -0.1866629425536330544, -0.05816887446708734338 ) ) ;
#4017 = EDGE_CURVE ( 'NONE', #68, #5042, #6558, .T. ) ;
#4018 = CARTESIAN_POINT ( 'NONE',  ( 0.02359510417940921881, 0.4991015818675770266, -0.4999999999999974465 ) ) ;
#4019 = CARTESIAN_POINT ( 'NONE',  ( 0.1626105919499825914, -0.5004639421799894627, -0.3265178568499959577 ) ) ;
#4020 = CARTESIAN_POINT ( 'NONE',  ( -0.4526480695786888053, -0.1200000005921984386, -0.1492909082259669395 ) ) ;
#4021 = ORIENTED_EDGE ( 'NONE', *, *, #3998, .T. ) ;
#4022 = CARTESIAN_POINT ( 'NONE',  ( 0.2666227890000034129, -0.3669747859999954454, -0.5018749997099973825 ) ) ;
#4023 = PLANE ( 'NONE',  #6844 ) ;
#4024 = CARTESIAN_POINT ( 'NONE',  ( -0.4026470583820818128, 0.2272476208398964970, -0.03765358797984121736 ) ) ;
#4025 = CARTESIAN_POINT ( 'NONE',  ( -0.4380528171721392861, -0.1177845984271522900, -0.08628469012819192652 ) ) ;
#4026 = B_SPLINE_CURVE_WITH_KNOTS ( 'NONE', 3,
 ( #4288, #6643, #2002, #4921 ),
 .UNSPECIFIED., .F., .F.,
 ( 4, 4 ),
 ( 0.000000000000000000, 1.000000000000000000 ),
 .UNSPECIFIED. ) ;
#4027 = CARTESIAN_POINT ( 'NONE',  ( -0.4739884517190831592, -0.1200000000399514821, -0.01106486185393193433 ) ) ;
#4028 = CARTESIAN_POINT ( 'NONE',  ( 0.4374450882170522470, 0.1200000001183084974, -0.1933711009991197216 ) ) ;
#4029 = CARTESIAN_POINT ( 'NONE',  ( -0.4644209730000398162, 0.03855836400000411252, -0.2331252829999979348 ) ) ;
#4030 = CARTESIAN_POINT ( 'NONE',  ( 0.4735185917729198835, 0.1613912044499089260, -0.2998409078935597161 ) ) ;
#4031 = EDGE_CURVE ( 'NONE', #1035, #5998, #3705, .T. ) ;
#4032 = CARTESIAN_POINT ( 'NONE',  ( 0.01716195691173308391, 0.5000000000035206282, -0.1432344222440731507 ) ) ;
#4033 = CARTESIAN_POINT ( 'NONE',  ( 0.2666227890000034129, -0.3669747859999954454, -0.3589285710000008622 ) ) ;
#4034 = CARTESIAN_POINT ( 'NONE',  ( -0.4999999978594534822, 0.07919222624263952404, -0.3500447959051266045 ) ) ;
#4035 = ORIENTED_EDGE ( 'NONE', *, *, #1768, .F. ) ;
#4036 = DIRECTION ( 'NONE',  ( -6.162975822039154730E-33, 0.000000000000000000, 1.000000000000000000 ) ) ;
#4037 = VERTEX_POINT ( 'NONE', #4194 ) ;
#4038 = CARTESIAN_POINT ( 'NONE',  ( 0.3466162753088959381, 0.3603569864294914882, -0.1515419749438408903 ) ) ;
#4039 = EDGE_CURVE ( 'NONE', #5008, #2070, #5407, .T. ) ;
#4040 = CARTESIAN_POINT ( 'NONE',  ( 0.4769493439999838991, 3.446921961238886775E-15, -0.4910714289999965620 ) ) ;
#4041 = CARTESIAN_POINT ( 'NONE',  ( 0.4314047349999962089, -0.1401718949999970765, -0.2714285710000001739 ) ) ;
#4042 = CARTESIAN_POINT ( 'NONE',  ( 0.4639484882586988324, -0.1864186987762270764, -0.09361104636504206933 ) ) ;
#4043 = CARTESIAN_POINT ( 'NONE',  ( 0.4258155626393596016, -0.2323822284931595650, -0.01490701025448409184 ) ) ;
#4044 = CARTESIAN_POINT ( 'NONE',  ( 0.1273771289999792444, 0.4353541920000071896, -0.1907302910000023555 ) ) ;
#4045 = CARTESIAN_POINT ( 'NONE',  ( -0.4314047349999962089, -0.1401718949999992692, -0.1660714290000029902 ) ) ;
#4046 = ORIENTED_EDGE ( 'NONE', *, *, #1037, .F. ) ;
#4047 = CARTESIAN_POINT ( 'NONE',  ( 0.4180252468458144355, 0.2743895644638462139, -0.02018543783104957343 ) ) ;
#4048 = CARTESIAN_POINT ( 'NONE',  ( -0.1102271704316193507, 0.4886027699288840731, -0.07785256050802388805 ) ) ;
#4049 = VERTEX_POINT ( 'NONE', #2193 ) ;
#4050 = CARTESIAN_POINT ( 'NONE',  ( 0.3981920380000141813, -0.2423900659999962681, -0.2115329799999986493 ) ) ;
#4051 = CARTESIAN_POINT ( 'NONE',  ( 0.01716196363942560157, -0.5000000000066029404, -0.1781941491734828908 ) ) ;
#4052 = CARTESIAN_POINT ( 'NONE',  ( -0.1626105919500193397, 0.5004639421800065602, -0.2193749998599974771 ) ) ;
#4053 = CARTESIAN_POINT ( 'NONE',  ( 0.2710769515334386925, -0.7095190530680741681, -0.005507537058784105037 ) ) ;
#4054 = ORIENTED_EDGE ( 'NONE', *, *, #6409, .F. ) ;
#4055 = CARTESIAN_POINT ( 'NONE',  ( 0.4769493439999838991, 3.446921961238886775E-15, -0.4911607147199973378 ) ) ;
#4056 = EDGE_CURVE ( 'NONE', #5232, #1755, #1620, .T. ) ;
#4057 = CARTESIAN_POINT ( 'NONE',  ( -0.4392109143425185769, -0.1200052999996390202, -0.2390092984535297227 ) ) ;
#4058 = CARTESIAN_POINT ( 'NONE',  ( -0.4686285228328103680, 0.1199999937973786623, -0.2176135767047714942 ) ) ;
#4059 = CARTESIAN_POINT ( 'NONE',  ( -0.4314047349999962089, -0.1401718949999992692, -0.09464285699999676338 ) ) ;
#4060 = CARTESIAN_POINT ( 'NONE',  ( 0.1377318690366528819, 0.4785586064301931564, -0.002015655328254921819 ) ) ;
#4061 = CARTESIAN_POINT ( 'NONE',  ( 0.2225816743801913300, 0.6255227681949000473, -0.2410000000000021569 ) ) ;
#4062 = CARTESIAN_POINT ( 'NONE',  ( -0.2641224931866550940, -0.7135342114216962628, -0.4938548238962490178 ) ) ;
#4063 = EDGE_CURVE ( 'NONE', #5913, #5811, #6087, .T. ) ;
#4064 = CARTESIAN_POINT ( 'NONE',  ( 0.4314047349999962089, -0.1401718949999970765, -0.4856250002899986096 ) ) ;
#4065 = CARTESIAN_POINT ( 'NONE',  ( 0.1147995021949641675, -0.4388385575371617220, -0.1399590647775399432 ) ) ;
#4066 = CARTESIAN_POINT ( 'NONE',  ( -0.1163341230065551707, 0.4414966194482189965, -0.04343358313661160180 ) ) ;
#4067 = CARTESIAN_POINT ( 'NONE',  ( -0.4789230486443635804, -0.5895190528806586450, -0.2410000000202484338 ) ) ;
#4068 = ORIENTED_EDGE ( 'NONE', *, *, #6276, .F. ) ;
#4069 = CARTESIAN_POINT ( 'NONE',  ( -0.4314047350000136949, 0.1401718949999970765, -0.3874999999999990674 ) ) ;
#4070 = CARTESIAN_POINT ( 'NONE',  ( 0.4795326102605909080, -0.1436780960935626350, -0.03009644775497225672 ) ) ;
#4071 = EDGE_CURVE ( 'NONE', #3002, #6477, #3808, .T. ) ;
#4072 = AXIS2_PLACEMENT_3D ( 'NONE', #4142, #6544, #3129 ) ;
#4073 = B_SPLINE_CURVE_WITH_KNOTS ( 'NONE', 3,
 ( #3993, #687, #6233, #2938, #5710, #2978, #609, #5111, #1246, #7412 ),
 .UNSPECIFIED., .F., .F.,
 ( 4, 2, 2, 2, 4 ),
 ( 0.000000000000000000, 0.2500000000000000000, 0.5000000000000000000, 0.7500000000000000000, 1.000000000000000000 ),
 .UNSPECIFIED. ) ;
#4074 = ORIENTED_EDGE ( 'NONE', *, *, #2830, .F. ) ;
#4075 = CARTESIAN_POINT ( 'NONE',  ( 0.05834953799998172930, -0.4536057820000035101, -0.07894322299999685655 ) ) ;
#4076 = ORIENTED_EDGE ( 'NONE', *, *, #5084, .F. ) ;
#4077 = CARTESIAN_POINT ( 'NONE',  ( -0.4844425721388249118, -0.01219081860130670318, -0.4999999999999976130 ) ) ;
#4078 = CARTESIAN_POINT ( 'NONE',  ( -0.3466162749524182018, -0.3603569867723930287, -0.1961848320742017038 ) ) ;
#4079 = CARTESIAN_POINT ( 'NONE',  ( 0.000000000000000000, -0.4536057820000032326, -0.2142857139999999605 ) ) ;
#4080 = CARTESIAN_POINT ( 'NONE',  ( -0.4853864409057919160, 0.1200000120113158542, -0.2081309156024549190 ) ) ;
#4081 = CARTESIAN_POINT ( 'NONE',  ( 0.1241830692253773349, 0.4550914017068674600, -0.02826954851682366571 ) ) ;
#4082 = CARTESIAN_POINT ( 'NONE',  ( 0.1473854529999880369, -0.4536057819999951279, -0.3535714289999967175 ) ) ;
#4083 = ADVANCED_FACE ( 'NONE', ( #5596 ), #985, .F. ) ;
#4084 = VERTEX_POINT ( 'NONE', #6730 ) ;
#4085 = VECTOR ( 'NONE', #229, 39.37007874015748854 ) ;
#4086 = ORIENTED_EDGE ( 'NONE', *, *, #925, .F. ) ;
#4087 = CARTESIAN_POINT ( 'NONE',  ( -0.07164390600000487830, -0.4999999999999935052, -0.1801464090000042817 ) ) ;
#4088 = VECTOR ( 'NONE', #5748, 39.37007874015748143 ) ;
#4089 =( BOUNDED_SURFACE ( )  B_SPLINE_SURFACE ( 1, 2, ( 
 ( #2512, #6525, #738, #4801, #5317 ),
 ( #1380, #2387, #4682, #852, #4379 ) ),
 .UNSPECIFIED., .F., .F., .T. ) 
 B_SPLINE_SURFACE_WITH_KNOTS ( ( 2, 2 ),
 ( 3, 2, 3 ),
 ( 0.5813514115568761964, 0.9230769230769428901 ),
 ( 0.02056481276688629928, 0.02142857142857140448, 0.02703364369693800340 ),
 .UNSPECIFIED. ) 
 GEOMETRIC_REPRESENTATION_ITEM ( )  RATIONAL_B_SPLINE_SURFACE ( (
 ( 0.9895943154647740547, 0.9940814498823647982, 1.000000000000000000, 0.9615935531476199616, 0.9834629611452947451),
 ( 0.9895943154647740547, 0.9940814498823647982, 1.000000000000000000, 0.9615935531476199616, 0.9834629611452947451) ) ) 
 REPRESENTATION_ITEM ( '' )  SURFACE ( )  );
#4090 = CARTESIAN_POINT ( 'NONE',  ( -0.4853864427579760998, -0.1200000050000837176, -0.2025833704597034268 ) ) ;
#4091 = VERTEX_POINT ( 'NONE', #6657 ) ;
#4092 = CARTESIAN_POINT ( 'NONE',  ( 0.1387701701143148059, -0.4803569922276113568, -0.1843090454815351775 ) ) ;
#4093 = CARTESIAN_POINT ( 'NONE',  ( 0.4735180984613501787, -0.1613937298195601555, -0.3073020076747280394 ) ) ;
#4094 = CARTESIAN_POINT ( 'NONE',  ( 0.2941653243700039777, -0.4048838341100040039, -0.4658035718599985442 ) ) ;
#4095 = ORIENTED_EDGE ( 'NONE', *, *, #608, .F. ) ;
#4096 = CARTESIAN_POINT ( 'NONE',  ( 0.000000000000000000, 0.5000000000000028866, -0.008928570999998287558 ) ) ;
#4097 = EDGE_LOOP ( 'NONE', ( #7058, #3330, #3069, #3722 ) ) ;
#4098 = CARTESIAN_POINT ( 'NONE',  ( 0.4314047349999962089, -0.1401718949999970765, -0.05714285700000024115 ) ) ;
#4099 = CARTESIAN_POINT ( 'NONE',  ( 0.1387701735629734978, -0.4803569911319086616, -0.04017857149999787963 ) ) ;
#4100 = CARTESIAN_POINT ( 'NONE',  ( 0.06499618000000136064, 0.4536057820000009011, -0.1087178380000028977 ) ) ;
#4101 = DIRECTION ( 'NONE',  ( -0.8660254037305483710, 0.5000000000933410016, 6.162975822039144466E-33 ) ) ;
#4102 = ORIENTED_EDGE ( 'NONE', *, *, #3892, .T. ) ;
#4103 = CARTESIAN_POINT ( 'NONE',  ( 0.6167463999178877110, -0.5099467038970426636, -0.02901950926469786668 ) ) ;
#4104 = CARTESIAN_POINT ( 'NONE',  ( -0.09418472242241433812, -0.8116478291423369074, -0.4612634963443936198 ) ) ;
#4105 = CARTESIAN_POINT ( 'NONE',  ( -0.4486141210000083035, -0.06710868499999293746, -0.2304330000000021916 ) ) ;
#4106 = CARTESIAN_POINT ( 'NONE',  ( -0.4524377206589608735, 0.03856511857816039002, -0.2410000000000022680 ) ) ;
#4107 = CARTESIAN_POINT ( 'NONE',  ( -0.3466162661887634555, -0.3603569952018946809, -0.1872562606051560441 ) ) ;
#4108 = CIRCLE ( 'NONE', #6131, 0.7499999999999981126 ) ;
#4109 = EDGE_CURVE ( 'NONE', #1708, #6354, #4541, .T. ) ;
#4110 = CARTESIAN_POINT ( 'NONE',  ( 0.4095541270424675750, -0.2906355075001922361, 1.505041292848372916E-48 ) ) ;
#4111 = CARTESIAN_POINT ( 'NONE',  ( 0.000000000000000000, 0.000000000000000000, -0.1074785589999997099 ) ) ;
#4112 = CARTESIAN_POINT ( 'NONE',  ( -0.3858601250000029403, -0.2803437909999825228, -0.3767857139999988836 ) ) ;
#4113 = B_SPLINE_CURVE_WITH_KNOTS ( 'NONE', 3,
 ( #1023, #3315, #5112, #7414, #6768, #6843, #5600, #6804, #1058, #3391, #5041, #7341, #6275, #1701 ),
 .UNSPECIFIED., .F., .F.,
 ( 4, 2, 2, 1, 1, 2, 2, 4 ),
 ( 0.000000000000000000, 0.2500000000000001665, 0.3750000000000002220, 0.4375000000000001110, 0.4687500000000001110, 0.4843749999999998890, 0.4999999999999996669, 1.000000000000000000 ),
 .UNSPECIFIED. ) ;
#4114 = CARTESIAN_POINT ( 'NONE',  ( -0.3463231464609908272, 0.3598492641989864405, -0.0005691090715922232949 ) ) ;
#4115 = ORIENTED_EDGE ( 'NONE', *, *, #2668, .F. ) ;
#4116 = LINE ( 'NONE', #3468, #4242 ) ;
#4117 = CARTESIAN_POINT ( 'NONE',  ( 0.6006571938149615209, 0.4514172225955729312, 1.700736493190782554E-48 ) ) ;
#4118 = DIRECTION ( 'NONE',  ( -6.162975822039154730E-33, 0.000000000000000000, 1.000000000000000000 ) ) ;
#4119 = FACE_OUTER_BOUND ( 'NONE', #3124, .T. ) ;
#4120 = CARTESIAN_POINT ( 'NONE',  ( 0.4558638981130360701, -0.2054690963270244808, -0.09407159933598259471 ) ) ;
#4121 = B_SPLINE_CURVE_WITH_KNOTS ( 'NONE', 3,
 ( #3067, #2903, #5188, #1207 ),
 .UNSPECIFIED., .F., .F.,
 ( 4, 4 ),
 ( 0.000000000000000000, 1.000000000000000000 ),
 .UNSPECIFIED. ) ;
#4122 = CARTESIAN_POINT ( 'NONE',  ( 0.03748414124448527091, 0.4991434551952176335, -0.009760403199491833603 ) ) ;
#4123 = CARTESIAN_POINT ( 'NONE',  ( 0.000000000000000000, -0.4536057820000032326, -0.07142857100000124526 ) ) ;
#4124 = CARTESIAN_POINT ( 'NONE',  ( 0.3858601249999937810, -0.2803437909999871303, -0.2749999999999996891 ) ) ;
#4125 = EDGE_CURVE ( 'NONE', #2555, #2167, #3458, .T. ) ;
#4126 = ORIENTED_EDGE ( 'NONE', *, *, #2803, .F. ) ;
#4127 = ORIENTED_EDGE ( 'NONE', *, *, #2236, .F. ) ;
#4128 = CARTESIAN_POINT ( 'NONE',  ( -0.2207881763584016166, 0.6224163384963510293, -0.2410000000000021569 ) ) ;
#4129 = EDGE_LOOP ( 'NONE', ( #4883, #371, #5269, #5388, #3294 ) ) ;
#4130 = CARTESIAN_POINT ( 'NONE',  ( 0.4380528171721392861, -0.1177845984271555790, -0.05657245287180741322 ) ) ;
#4131 = CARTESIAN_POINT ( 'NONE',  ( 0.4246146851233515429, -0.2645230817400472945, -0.3098918951479184836 ) ) ;
#4132 = CARTESIAN_POINT ( 'NONE',  ( 0.5262189296799910654, 5.744869935398145808E-15, -0.3836607138500026659 ) ) ;
#4133 = ORIENTED_EDGE ( 'NONE', *, *, #1420, .F. ) ;
#4134 = CARTESIAN_POINT ( 'NONE',  ( -0.4314047350000136949, 0.1401718949999970765, -0.1732142859999991069 ) ) ;
#4135 = EDGE_CURVE ( 'NONE', #1596, #4663, #5145, .T. ) ;
#4136 = VERTEX_POINT ( 'NONE', #1054 ) ;
#4137 = CARTESIAN_POINT ( 'NONE',  ( 0.000000000000000000, -0.4536057820000032326, -0.5090178567100022144 ) ) ;
#4138 =( BOUNDED_SURFACE ( )  B_SPLINE_SURFACE ( 1, 2, ( 
 ( #243, #4970, #7236, #1485, #3110, #2059, #6093 ),
 ( #1418, #5496, #2586, #1987, #6627, #2691, #4380 ) ),
 .UNSPECIFIED., .F., .F., .T. ) 
 B_SPLINE_SURFACE_WITH_KNOTS ( ( 2, 2 ),
 ( 3, 2, 2, 3 ),
 ( 0.000000000000000000, 1.000000000000000000 ),
 ( 0.08037737847479184405, 0.08043551304582231831, 0.08571428571428572896, 0.08624897014886952207 ),
 .UNSPECIFIED. ) 
 GEOMETRIC_REPRESENTATION_ITEM ( )  RATIONAL_B_SPLINE_SURFACE ( (
 ( 0.9811209779318870172, 0.9811209779318870172, 0.9811209779318870172, 0.9638293866287261924, 1.000000000000000000, 0.9963362953524198540, 0.9932210899422718731),
 ( 0.9811209779318870172, 0.9811209779318870172, 0.9811209779318870172, 0.9638293866287261924, 1.000000000000000000, 0.9963362953524198540, 0.9932210899422718731) ) ) 
 REPRESENTATION_ITEM ( '' )  SURFACE ( )  );
#4139 = CARTESIAN_POINT ( 'NONE',  ( -0.7500000000000179856, -0.4330127019999925886, -0.2527537684999960899 ) ) ;
#4140 = CARTESIAN_POINT ( 'NONE',  ( 0.3226455930000146077, 0.3188385590000064052, -0.2410000000000021569 ) ) ;
#4141 = CARTESIAN_POINT ( 'NONE',  ( 0.2503018712859551576, -0.4340690739222428651, -0.4583122795494924961 ) ) ;
#4142 = CARTESIAN_POINT ( 'NONE',  ( 0.3442539419999876005, 0.1200000000000063655, 0.000000000000000000 ) ) ;
#4143 = CARTESIAN_POINT ( 'NONE',  ( 0.4245924918036896312, 0.2645577263602543749, -0.3686785842524973877 ) ) ;
#4144 = EDGE_CURVE ( 'NONE', #734, #1200, #1498, .T. ) ;
#4145 = ORIENTED_EDGE ( 'NONE', *, *, #3501, .T. ) ;
#4146 = CARTESIAN_POINT ( 'NONE',  ( -0.4459337057652766334, 0.2264516768513745448, -0.1303127411319933149 ) ) ;
#4147 = CARTESIAN_POINT ( 'NONE',  ( -0.2815209404343447797, -0.7034892132172608781, -0.4955402955617203009 ) ) ;
#4148 = PERSON ( 'UNSPECIFIED', 'UNSPECIFIED', 'UNSPECIFIED', ('UNSPECIFIED'), ('UNSPECIFIED'), ('UNSPECIFIED') ) ;
#4149 = CARTESIAN_POINT ( 'NONE',  ( -0.4314047350000136949, 0.1401718949999970765, -0.2357142860000020768 ) ) ;
#4150 = CARTESIAN_POINT ( 'NONE',  ( -0.4253254040000215008, 0.3090169940000098703, -0.4267857140000005378 ) ) ;
#4151 = CARTESIAN_POINT ( 'NONE',  ( 0.3960570460000029103, 0.2489608940000012649, -0.1900853170000003090 ) ) ;
#4152 = CARTESIAN_POINT ( 'NONE',  ( 0.1473854529999788499, 0.4536057820000122809, -0.4767857140000021920 ) ) ;
#4153 = CARTESIAN_POINT ( 'NONE',  ( 0.4810769842153627129, 0.1374312725474195473, -0.1664661650196235521 ) ) ;
#4154 = ADVANCED_FACE ( 'NONE', ( #3423 ), #567, .F. ) ;
#4155 = ORIENTED_EDGE ( 'NONE', *, *, #1289, .F. ) ;
#4156 = CARTESIAN_POINT ( 'NONE',  ( -0.4999999993334214299, 0.03301326272720948168, -0.4114773798233413715 ) ) ;
#4157 = CARTESIAN_POINT ( 'NONE',  ( -0.3542420347427417404, 0.3528634025629609483, -4.943552129334850712E-11 ) ) ;
#4158 = CYLINDRICAL_SURFACE ( 'NONE', #3033, 0.5000000000000002220 ) ;
#4159 = CARTESIAN_POINT ( 'NONE',  ( 0.7499999999855587740, 0.1200000001452445203, -0.005507537015616535692 ) ) ;
#4160 = CARTESIAN_POINT ( 'NONE',  ( -0.7500000000000175415, 0.03999999996226204918, -0.2410000000000009912 ) ) ;
#4161 = CARTESIAN_POINT ( 'NONE',  ( 0.3226455917513546545, -0.3188385602653546758, -0.1338830543845143939 ) ) ;
#4162 = CARTESIAN_POINT ( 'NONE',  ( -0.4314047350000136949, 0.1401718949999970765, -0.3785714290000007920 ) ) ;
#4163 = VERTEX_POINT ( 'NONE', #4065 ) ;
#4164 = VERTEX_POINT ( 'NONE', #2299 ) ;
#4165 = CARTESIAN_POINT ( 'NONE',  ( -0.4514792955746650405, -0.08140832490021693291, -0.2410000000000021569 ) ) ;
#4166 = FACE_OUTER_BOUND ( 'NONE', #351, .T. ) ;
#4167 = VERTEX_POINT ( 'NONE', #3951 ) ;
#4168 = CARTESIAN_POINT ( 'NONE',  ( -0.4346590750000131620, -0.1301560660000037339, -0.2288266210000024503 ) ) ;
#4169 = CARTESIAN_POINT ( 'NONE',  ( -0.4407107100000109967, 0.1073884330000038356, -0.1009504269999977888 ) ) ;
#4170 = CARTESIAN_POINT ( 'NONE',  ( 0.4759694932300005954, 0.1546518630200001410, -0.4515178568500005651 ) ) ;
#4171 = ORIENTED_EDGE ( 'NONE', *, *, #685, .T. ) ;
#4172 = CARTESIAN_POINT ( 'NONE',  ( -0.4813363459999915883, 0.1366330390000095596, -0.1995868130000037766 ) ) ;
#4173 = ORIENTED_EDGE ( 'NONE', *, *, #6268, .T. ) ;
#4174 = CARTESIAN_POINT ( 'NONE',  ( -0.2666227890000034129, 0.3669747860000008854, -0.3947321427100017321 ) ) ;
#4175 = EDGE_CURVE ( 'NONE', #6477, #1873, #241, .T. ) ;
#4176 = CARTESIAN_POINT ( 'NONE',  ( 0.03748414820673125897, -0.4991434546723740873, -0.1063110244595447673 ) ) ;
#4177 = CARTESIAN_POINT ( 'NONE',  ( 0.4467452766046023371, 0.2246130020386492288, -0.2268685796971962876 ) ) ;
#4178 = CARTESIAN_POINT ( 'NONE',  ( 0.3297780570303216474, -0.3761881907582718676, -0.4561257025149593192 ) ) ;
#4179 = CARTESIAN_POINT ( 'NONE',  ( 0.1387701701143148059, -0.4803569922276113568, -0.1843090454815351775 ) ) ;
#4180 = CARTESIAN_POINT ( 'NONE',  ( 0.06548228547810258648, 0.4967613518149008867, -0.3586055171503206851 ) ) ;
#4181 = VERTEX_POINT ( 'NONE', #6232 ) ;
#4182 = CARTESIAN_POINT ( 'NONE',  ( 0.4789230485171425133, -0.5895190528246208039, -0.005507537020774264970 ) ) ;
#4183 =( BOUNDED_SURFACE ( )  B_SPLINE_SURFACE ( 1, 2, ( 
 ( #3964, #6133, #577, #1709, #2204 ),
 ( #1134, #6741, #432, #4006, #1102 ) ),
 .UNSPECIFIED., .F., .F., .F. ) 
 B_SPLINE_SURFACE_WITH_KNOTS ( ( 2, 2 ),
 ( 3, 2, 3 ),
 ( 0.000000000000000000, 0.9230769230769249045 ),
 ( 0.08010921344591913351, 0.08571428571428572896, 0.08657804437597083069 ),
 .UNSPECIFIED. ) 
 GEOMETRIC_REPRESENTATION_ITEM ( )  RATIONAL_B_SPLINE_SURFACE ( (
 ( 0.9834629611452947451, 0.9615935531476199616, 1.000000000000000000, 0.9940814498823647982, 0.9895943154647740547),
 ( 0.9834629611452947451, 0.9615935531476199616, 1.000000000000000000, 0.9940814498823647982, 0.9895943154647740547) ) ) 
 REPRESENTATION_ITEM ( '' )  SURFACE ( )  );
#4184 = CARTESIAN_POINT ( 'NONE',  ( -0.2666227890000034129, -0.3669747859999954454, -0.3642857140000035354 ) ) ;
#4185 = EDGE_CURVE ( 'NONE', #3935, #19, #4189, .T. ) ;
#4186 = CARTESIAN_POINT ( 'NONE',  ( 0.3302575699005840248, -0.3320228920587146026, -0.05407952010955556499 ) ) ;
#4187 = CARTESIAN_POINT ( 'NONE',  ( 0.4374450873210235513, 0.1200000033847157671, -0.05944252974264530032 ) ) ;
#4188 = CARTESIAN_POINT ( 'NONE',  ( 0.05834953367986212003, -0.4536057819999942398, -0.07001465177343854651 ) ) ;
#4189 = B_SPLINE_CURVE_WITH_KNOTS ( 'NONE', 3,
 ( #4668, #5110, #6308, #4106, #2226, #1092 ),
 .UNSPECIFIED., .F., .F.,
 ( 4, 2, 4 ),
 ( 8.673617379884035472E-19, 0.001579661801655711864, 0.003159323603311422861 ),
 .UNSPECIFIED. ) ;
#4190 = CARTESIAN_POINT ( 'NONE',  ( -0.4853864425961370577, 0.1200000056546913080, -0.1277737725987088679 ) ) ;
#4191 = CARTESIAN_POINT ( 'NONE',  ( -0.1624598480000143952, -0.4999999999999896749, -0.2535714290000027349 ) ) ;
#4192 = ORIENTED_EDGE ( 'NONE', *, *, #1289, .T. ) ;
#4193 = VERTEX_POINT ( 'NONE', #1821 ) ;
#4194 = CARTESIAN_POINT ( 'NONE',  ( 0.3466162706489489542, 0.3603569910012346944, 0.000000000000000000 ) ) ;
#4195 = CARTESIAN_POINT ( 'NONE',  ( -0.4624001070203178632, -0.1265134877116986523, -0.4999999999999976130 ) ) ;
#4196 = CARTESIAN_POINT ( 'NONE',  ( -0.05834953951753427820, -0.4536057819999922414, -0.1531996342657610533 ) ) ;
#4197 = CARTESIAN_POINT ( 'NONE',  ( 0.000000000000000000, -0.4536057820000032326, -0.4999999999999973910 ) ) ;
#4198 = CARTESIAN_POINT ( 'NONE',  ( -0.1387701688124777788, -0.4803569926036972415, -0.04783381213246339081 ) ) ;
#4199 = CARTESIAN_POINT ( 'NONE',  ( 0.3302575636959685368, -0.3320228985539749877, -0.1255080920678941503 ) ) ;
#4200 = CARTESIAN_POINT ( 'NONE',  ( -0.4853864454548739715, -0.1199999940914934088, -0.1311547990681868614 ) ) ;
#4201 = CARTESIAN_POINT ( 'NONE',  ( 0.4853864426895269646, -0.1200000047961414240, -0.2349166298844863610 ) ) ;
#4202 = ORIENTED_EDGE ( 'NONE', *, *, #2467, .T. ) ;
#4203 = VERTEX_POINT ( 'NONE', #607 ) ;
#4204 = AXIS2_PLACEMENT_3D ( 'NONE', #7012, #1861, #6432 ) ;
#4205 = ORIENTED_EDGE ( 'NONE', *, *, #5465, .F. ) ;
#4206 = CARTESIAN_POINT ( 'NONE',  ( -0.3981920379999959736, -0.2423900659999962681, -0.2259670199999979645 ) ) ;
#4207 = CARTESIAN_POINT ( 'NONE',  ( 0.4485553953581370434, -0.2215071544277827376, -0.3087622158329175748 ) ) ;
#4208 = CARTESIAN_POINT ( 'NONE',  ( -0.4759694932300180814, -0.1546518630199979483, -0.4158035718600031627 ) ) ;
#4209 = ADVANCED_FACE ( 'NONE', ( #4513 ), #3608, .T. ) ;
#4210 = ORIENTED_EDGE ( 'NONE', *, *, #2282, .T. ) ;
#4211 = VECTOR ( 'NONE', #4966, 39.37007874015748143 ) ;
#4212 = CARTESIAN_POINT ( 'NONE',  ( 0.1147994959999883990, 0.4388385590000089542, -0.04638733800000125612 ) ) ;
#4213 = VECTOR ( 'NONE', #533, 39.37007874015748143 ) ;
#4214 = CARTESIAN_POINT ( 'NONE',  ( 0.08400907382372625742, -0.4934488070958694128, -0.04274737351905202876 ) ) ;
#4215 = ORIENTED_EDGE ( 'NONE', *, *, #2161, .T. ) ;
#4216 = DIRECTION ( 'NONE',  ( -6.162975822039154730E-33, 0.000000000000000000, 1.000000000000000000 ) ) ;
#4217 = CARTESIAN_POINT ( 'NONE',  ( -0.7500000000000177636, -0.1542868314612796388, -0.4911376849265979838 ) ) ;
#4218 = CARTESIAN_POINT ( 'NONE',  ( 0.4789230485171425133, -0.5895190528246208039, -0.005507537020774264970 ) ) ;
#4219 = CARTESIAN_POINT ( 'NONE',  ( 0.4720772907008290442, 0.1663902910097573851, -0.1568732659354762915 ) ) ;
#4220 = EDGE_CURVE ( 'NONE', #2613, #5696, #1765, .T. ) ;
#4221 = ORIENTED_EDGE ( 'NONE', *, *, #1468, .F. ) ;
#4222 = CARTESIAN_POINT ( 'NONE',  ( 0.3960570459999848136, -0.2489608939999921611, -0.1402718260000032358 ) ) ;
#4223 = CARTESIAN_POINT ( 'NONE',  ( 0.3043134638896882738, -0.3970698143438608496, -0.3854335979977412951 ) ) ;
#4224 = CARTESIAN_POINT ( 'NONE',  ( 0.1473854529999788499, 0.4536057820000122809, -0.3339285710000023943 ) ) ;
#4225 = VECTOR ( 'NONE', #2582, 39.37007874015748143 ) ;
#4226 = CC_DESIGN_PERSON_AND_ORGANIZATION_ASSIGNMENT ( #6098, #959, ( #1223 ) ) ;
#4227 = FACE_OUTER_BOUND ( 'NONE', #4803, .T. ) ;
#4228 = DIRECTION ( 'NONE',  ( 6.162975822039154730E-33, 0.000000000000000000, -1.000000000000000000 ) ) ;
#4229 = FACE_OUTER_BOUND ( 'NONE', #2868, .T. ) ;
#4230 = EDGE_CURVE ( 'NONE', #2630, #1473, #6869, .T. ) ;
#4231 = CARTESIAN_POINT ( 'NONE',  ( -0.4253254040000031821, -0.3090169939999880544, -0.4749999999999968692 ) ) ;
#4232 = CARTESIAN_POINT ( 'NONE',  ( 0.4686285187325726076, -0.1200000106969313363, -0.1818992913703080805 ) ) ;
#4233 = ORIENTED_EDGE ( 'NONE', *, *, #3415, .T. ) ;
#4234 = CARTESIAN_POINT ( 'NONE',  ( 0.1133777574984384529, 0.4872478082936047006, -0.4311549505268539306 ) ) ;
#4235 = B_SPLINE_CURVE_WITH_KNOTS ( 'NONE', 3,
 ( #5739, #78, #1775, #645, #6467, #724, #5304, #4147, #4062, #2459, #2975, #7007, #4665, #5259, #4752, #1157, #1198, #2332, #2414, #2934, #1857, #7048, #4104, #604, #5859, #6426, #1287 ),
 .UNSPECIFIED., .F., .F.,
 ( 4, 1, 1, 1, 2, 2, 1, 1, 1, 1, 2, 2, 1, 1, 1, 1, 2, 2, 4 ),
 ( 0.000000000000000000, 0.1249999999999964473, 0.1874999999999948930, 0.2187499999999941158, 0.2343749999999939493, 0.2499999999999937828, 0.3749999999999936717, 0.4374999999999936162, 0.4687499999999935607, 0.4843749999999933942, 0.4921874999999931721, 0.4999999999999930056, 0.6249999999999925615, 0.6874999999999923395, 0.7187499999999920064, 0.7343749999999918954, 0.7421874999999918954, 0.7499999999999918954, 1.000000000000000000 ),
 .UNSPECIFIED. ) ;
#4236 = CARTESIAN_POINT ( 'NONE',  ( -0.4853864439359314997, -0.1200000001801968808, -0.05206267249999852603 ) ) ;
#4237 = CARTESIAN_POINT ( 'NONE',  ( -0.1202106206808062627, 0.4482109123386058824, -0.2410000000791776564 ) ) ;
#4238 = CARTESIAN_POINT ( 'NONE',  ( 0.5937225440000042376, -0.1199999999999998151, 0.000000000000000000 ) ) ;
#4239 = VERTEX_POINT ( 'NONE', #1937 ) ;
#4240 = CARTESIAN_POINT ( 'NONE',  ( 0.7500000000000005551, -0.2758199904042386574, -0.02835342836076100437 ) ) ;
#4241 = CARTESIAN_POINT ( 'NONE',  ( 0.1387701847178999803, -0.4803569880087835142, -0.1128804732356538804 ) ) ;
#4242 = VECTOR ( 'NONE', #1132, 39.37007874015748143 ) ;
#4243 = CARTESIAN_POINT ( 'NONE',  ( 0.1473854529999880369, -0.4536057819999951279, -0.2821428569999955838 ) ) ;
#4244 = ORIENTED_EDGE ( 'NONE', *, *, #2386, .F. ) ;
#4245 = B_SPLINE_CURVE_WITH_KNOTS ( 'NONE', 3,
 ( #4481, #5818, #680, #6767 ),
 .UNSPECIFIED., .F., .F.,
 ( 4, 4 ),
 ( 0.000000000000000000, 1.000000000000000000 ),
 .UNSPECIFIED. ) ;
#4246 = CARTESIAN_POINT ( 'NONE',  ( -0.4578050642148456251, 0.2060322945076413503, 4.414926349214921366E-49 ) ) ;
#4247 = CARTESIAN_POINT ( 'NONE',  ( 0.1133750265547109892, -0.4872485461082759484, -0.3188451148257221979 ) ) ;
#4248 = CARTESIAN_POINT ( 'NONE',  ( 0.4253254039999755931, 0.3090169940000098703, -0.2339285709999992247 ) ) ;
#4249 = ORIENTED_EDGE ( 'NONE', *, *, #4354, .F. ) ;
#4250 = ORIENTED_EDGE ( 'NONE', *, *, #5420, .T. ) ;
#4251 =( BOUNDED_SURFACE ( )  B_SPLINE_SURFACE ( 1, 2, ( 
 ( #5402, #6534, #1309, #101, #1798 ),
 ( #3082, #213, #2993, #4087, #1916 ) ),
 .UNSPECIFIED., .F., .F., .T. ) 
 B_SPLINE_SURFACE_WITH_KNOTS ( ( 2, 2 ),
 ( 3, 2, 3 ),
 ( 0.000000000000000000, 0.9230769230769378941 ),
 ( 0.1753328614430769983, 0.1785714285714290472, 0.1818099956997800137 ),
 .UNSPECIFIED. ) 
 GEOMETRIC_REPRESENTATION_ITEM ( )  RATIONAL_B_SPLINE_SURFACE ( (
 ( 0.9757408310629269721, 0.9778090539537090953, 1.000000000000000000, 0.9778090539537090953, 0.9757408310629269721),
 ( 0.9757408310629269721, 0.9778090539537090953, 1.000000000000000000, 0.9778090539537090953, 0.9757408310629269721) ) ) 
 REPRESENTATION_ITEM ( '' )  SURFACE ( )  );
#4252 = CARTESIAN_POINT ( 'NONE',  ( 0.4081487210050827041, -0.2890563645564059314, -0.09629546789759052539 ) ) ;
#4253 = EDGE_CURVE ( 'NONE', #5959, #1043, #2263, .T. ) ;
#4254 = CARTESIAN_POINT ( 'NONE',  ( 0.4407107099999840738, -0.1073884329999927056, -0.05630756999999691342 ) ) ;
#4255 = CARTESIAN_POINT ( 'NONE',  ( 0.4858775063595425214, -0.5855038948403084031, -0.4938548239410764928 ) ) ;
#4256 = CARTESIAN_POINT ( 'NONE',  ( 0.4967620809049785868, -0.06566182157536271102, -0.4479463293287173076 ) ) ;
#4257 = FACE_OUTER_BOUND ( 'NONE', #5406, .T. ) ;
#4258 = CARTESIAN_POINT ( 'NONE',  ( -0.3043134719529589916, 0.3970698081642489718, -0.3497193117726263845 ) ) ;
#4259 = ORIENTED_EDGE ( 'NONE', *, *, #7166, .T. ) ;
#4260 = FACE_OUTER_BOUND ( 'NONE', #99, .T. ) ;
#4261 = B_SPLINE_CURVE_WITH_KNOTS ( 'NONE', 3,
 ( #5726, #2284, #4460, #3894 ),
 .UNSPECIFIED., .F., .F.,
 ( 4, 4 ),
 ( 0.000000000000000000, 1.000000000000000000 ),
 .UNSPECIFIED. ) ;
#4262 = CARTESIAN_POINT ( 'NONE',  ( -0.4830452426474712291, -0.1301317454508657545, -0.4077063202049801549 ) ) ;
#4263 = CARTESIAN_POINT ( 'NONE',  ( -0.2666227890000034129, -0.3669747859999954454, -0.3017857140000005933 ) ) ;
#4264 = CARTESIAN_POINT ( 'NONE',  ( 0.1387701628125003750, -0.4803569943370263329, -0.03252333090925752651 ) ) ;
#4265 = CARTESIAN_POINT ( 'NONE',  ( 0.1273771289999881817, -0.4353541919999949772, -0.1396268509999990803 ) ) ;
#4266 = CARTESIAN_POINT ( 'NONE',  ( 0.4564747962616108601, 0.2093665244859315155, 4.586029303863758414E-49 ) ) ;
#4267 = CARTESIAN_POINT ( 'NONE',  ( 0.000000000000000000, 0.5000000000000028866, -0.2857142859999974305 ) ) ;
#4268 = CARTESIAN_POINT ( 'NONE',  ( 0.4160860614026961057, 0.2640616121604699162, -0.007253039070384593306 ) ) ;
#4269 = ORIENTED_EDGE ( 'NONE', *, *, #3902, .T. ) ;
#4270 = ORIENTED_EDGE ( 'NONE', *, *, #3088, .T. ) ;
#4271 = EDGE_CURVE ( 'NONE', #2210, #426, #3138, .T. ) ;
#4272 = CARTESIAN_POINT ( 'NONE',  ( 0.1605876490240930321, 0.4737935880771746988, -0.4322888885532207848 ) ) ;
#4273 = B_SPLINE_CURVE_WITH_KNOTS ( 'NONE', 3,
 ( #2967, #1925, #70, #4744 ),
 .UNSPECIFIED., .F., .F.,
 ( 4, 4 ),
 ( 0.000000000000000000, 1.000000000000000000 ),
 .UNSPECIFIED. ) ;
#4274 = CARTESIAN_POINT ( 'NONE',  ( -0.3453981760000050527, 0.3615246880000124174, -0.06278212500000240892 ) ) ;
#4275 = FACE_OUTER_BOUND ( 'NONE', #2973, .T. ) ;
#4276 = CARTESIAN_POINT ( 'NONE',  ( -0.7500000000000173195, 0.1737293308508208178, -0.4887412978153758414 ) ) ;
#4277 = ORIENTED_EDGE ( 'NONE', *, *, #1477, .T. ) ;
#4278 = CARTESIAN_POINT ( 'NONE',  ( -0.7500000000000179856, -0.1199999999999998151, -0.2410000000000021569 ) ) ;
#4279 = CARTESIAN_POINT ( 'NONE',  ( -0.4309634997700156900, 0.1400285289800063948, -0.2443749998599974715 ) ) ;
#4280 = CARTESIAN_POINT ( 'NONE',  ( -0.1147994960000071063, 0.4388385590000029035, -0.2410000000000021569 ) ) ;
#4281 = ORIENTED_EDGE ( 'NONE', *, *, #7166, .F. ) ;
#4282 = EDGE_CURVE ( 'NONE', #2992, #3616, #1049, .T. ) ;
#4283 = CARTESIAN_POINT ( 'NONE',  ( 0.3210109491578064245, -0.3204927209969739010, -0.07144163168156583699 ) ) ;
#4284 = CARTESIAN_POINT ( 'NONE',  ( -0.4999999993278838595, -0.03301326162202048581, -0.3385226203566092384 ) ) ;
#4285 = CARTESIAN_POINT ( 'NONE',  ( 0.4253254039999848080, -0.3090169939999903859, -0.3196428570000014457 ) ) ;
#4286 = VERTEX_POINT ( 'NONE', #2977 ) ;
#4287 = CARTESIAN_POINT ( 'NONE',  ( 0.5000000000000148770, -1.686533677368569671E-11, -0.3750000000775847164 ) ) ;
#4288 = CARTESIAN_POINT ( 'NONE',  ( 0.3463378102957042626, -0.3598747005093257401, -0.2410000001971935035 ) ) ;
#4289 = CARTESIAN_POINT ( 'NONE',  ( -0.4967620880883018009, -0.06567313527204328427, -0.4806248378995300330 ) ) ;
#4290 = B_SPLINE_CURVE_WITH_KNOTS ( 'NONE', 3,
 ( #2794, #5039, #3494, #3245 ),
 .UNSPECIFIED., .F., .F.,
 ( 4, 4 ),
 ( 0.000000000000000000, 1.000000000000000000 ),
 .UNSPECIFIED. ) ;
#4291 = CARTESIAN_POINT ( 'NONE',  ( 0.1224062281110930295, 0.4520138372647902747, -0.1275424600116054907 ) ) ;
#4292 = CARTESIAN_POINT ( 'NONE',  ( -0.1387701687779909210, 0.4803569926136706525, -0.07716618802554385537 ) ) ;
#4293 = ORIENTED_EDGE ( 'NONE', *, *, #6987, .T. ) ;
#4294 = CARTESIAN_POINT ( 'NONE',  ( -0.3981920379999959736, 0.2423900660000076202, -0.1043901230000000846 ) ) ;
#4295 = EDGE_CURVE ( 'NONE', #4654, #5794, #3620, .T. ) ;
#4296 = CARTESIAN_POINT ( 'NONE',  ( 0.1292126014200073447, -0.4832942484313368370, -0.3898972767930938277 ) ) ;
#4297 = CARTESIAN_POINT ( 'NONE',  ( 0.3858601249999938365, -0.2803437909999871303, -0.4892857139999979843 ) ) ;
#4298 = CARTESIAN_POINT ( 'NONE',  ( -0.3133492190000080058, -0.3279793779999911063, -0.08007501800000109415 ) ) ;
#4299 = CARTESIAN_POINT ( 'NONE',  ( -0.4374450893992299361, 0.1199999958089122687, -0.09234318487028222999 ) ) ;
#4300 = CARTESIAN_POINT ( 'NONE',  ( 0.000000000000000000, -0.4752813359999992215, -0.02144295799999616781 ) ) ;
#4301 = EDGE_CURVE ( 'NONE', #6477, #3431, #1946, .T. ) ;
#4302 = CARTESIAN_POINT ( 'NONE',  ( 8.741913579725642299E-15, -0.4999999999999930056, -0.3214285710000043261 ) ) ;
#4303 = CARTESIAN_POINT ( 'NONE',  ( -0.1147995110840740879, 0.4388385552117875510, -0.1042447789923169055 ) ) ;
#4304 = ORIENTED_EDGE ( 'NONE', *, *, #131, .F. ) ;
#4305 = CARTESIAN_POINT ( 'NONE',  ( 0.4999999999999799050, 7.590804625288109607E-09, -0.4464285711580115446 ) ) ;
#4306 = CARTESIAN_POINT ( 'NONE',  ( 0.4853864437664607845, -0.1200000009209210711, -0.09205948693844273611 ) ) ;
#4307 = FACE_OUTER_BOUND ( 'NONE', #4129, .T. ) ;
#4308 = CARTESIAN_POINT ( 'NONE',  ( 0.4686285202293737906, 0.1200000048517765455, -0.1484578513810888012 ) ) ;
#4309 = FACE_OUTER_BOUND ( 'NONE', #654, .T. ) ;
#4310 = ORIENTED_EDGE ( 'NONE', *, *, #4357, .T. ) ;
#4311 = EDGE_CURVE ( 'NONE', #402, #4084, #5381, .T. ) ;
#4312 = CARTESIAN_POINT ( 'NONE',  ( -0.1279915085255651508, -0.4616877941922489237, -0.2410000000453552116 ) ) ;
#4313 = CARTESIAN_POINT ( 'NONE',  ( 0.2663500906299939297, 0.3665994488900083392, -0.3372321428600008053 ) ) ;
#4314 = CARTESIAN_POINT ( 'NONE',  ( -0.4589400172689028778, 0.1987705583924739283, -0.06712643779678406641 ) ) ;
#4315 = COORDINATED_UNIVERSAL_TIME_OFFSET ( 10, 0, .AHEAD. ) ;
#4316 = DIRECTION ( 'NONE',  ( 2.465190328815661892E-32, -3.414809992080331488E-17, 1.000000000000000000 ) ) ;
#4317 = CARTESIAN_POINT ( 'NONE',  ( 0.000000000000000000, 0.000000000000000000, -0.4999999999999973910 ) ) ;
#4318 = CARTESIAN_POINT ( 'NONE',  ( -0.2938926260000032653, -0.4045084969999983016, -0.3375000000000036859 ) ) ;
#4319 = ORIENTED_EDGE ( 'NONE', *, *, #2102, .T. ) ;
#4320 = ADVANCED_FACE ( 'NONE', ( #2461 ), #3017, .F. ) ;
#4321 = VECTOR ( 'NONE', #2548, 39.37007874015748143 ) ;
#4322 = FACE_OUTER_BOUND ( 'NONE', #4740, .T. ) ;
#4323 = VERTEX_POINT ( 'NONE', #2540 ) ;
#4324 = CARTESIAN_POINT ( 'NONE',  ( 0.7500000000000008882, 0.2372912158071392996, -0.4789477838982947877 ) ) ;
#4325 = CARTESIAN_POINT ( 'NONE',  ( -0.1387701737553830028, -0.4803569907841749864, -0.1205000000000010785 ) ) ;
#4326 = LINE ( 'NONE', #3231, #6103 ) ;
#4327 = CARTESIAN_POINT ( 'NONE',  ( 0.4314047349999962089, -0.1401718949999970765, -0.05714285700000024115 ) ) ;
#4328 = ORIENTED_EDGE ( 'NONE', *, *, #4584, .T. ) ;
#4329 = CIRCLE ( 'NONE', #6837, 0.7500000000000011102 ) ;
#4330 = CARTESIAN_POINT ( 'NONE',  ( 0.2666227890000034129, -0.3669747859999954454, -0.4928571430000012743 ) ) ;
#4331 = CARTESIAN_POINT ( 'NONE',  ( -0.02332360353294531119, -0.8525595152184329839, -0.05921276380812390966 ) ) ;
#4332 = B_SPLINE_CURVE_WITH_KNOTS ( 'NONE', 3,
 ( #1852, #5936, #1968, #2567, #1928, #1888, #832, #3128, #6576, #4217, #6461, #3533, #3611, #6504, #441, #5481, #2672, #4462, #3164, #1469, #2040, #5512, #297, #4988, #2074, #2601, #6074 ),
 .UNSPECIFIED., .F., .F.,
 ( 4, 1, 1, 1, 2, 2, 1, 1, 1, 1, 2, 2, 1, 1, 1, 1, 2, 2, 4 ),
 ( 0.000000000000000000, 0.1249999999999967248, 0.1874999999999950873, 0.2187499999999942824, 0.2343749999999938105, 0.2499999999999933387, 0.3749999999999894529, 0.4374999999999874545, 0.4687499999999864553, 0.4843749999999860667, 0.4921874999999859002, 0.4999999999999856781, 0.6249999999999866773, 0.6874999999999873435, 0.7187499999999874545, 0.7343749999999875655, 0.7421874999999875655, 0.7499999999999875655, 1.000000000000000000 ),
 .UNSPECIFIED. ) ;
#4333 = CARTESIAN_POINT ( 'NONE',  ( -0.1387701810448538631, -0.4803569890698923261, -0.1192623835941950261 ) ) ;
#4334 =( BOUNDED_CURVE ( )  B_SPLINE_CURVE ( 2, ( #6838, #7296, #4434, #3947, #1088 ),
 .UNSPECIFIED., .F., .F. ) 
 B_SPLINE_CURVE_WITH_KNOTS ( ( 3, 2, 3 ),
 ( 0.000000000000000000, 0.5000000367683921088, 1.000000000000000000 ),
 .UNSPECIFIED. ) 
 CURVE ( )  GEOMETRIC_REPRESENTATION_ITEM ( )  RATIONAL_B_SPLINE_CURVE ( ( 0.9763574998105311042, 0.9800330320496828396, 1.000000000000000000, 0.9800330349862950152, 0.9763575008916782760 ) ) 
 REPRESENTATION_ITEM ( '' )  );
#4335 = CARTESIAN_POINT ( 'NONE',  ( 0.4999999999888165014, -6.438865189060501489E-09, -0.2410357145685138591 ) ) ;
#4336 = CARTESIAN_POINT ( 'NONE',  ( -0.1624598480000143952, -0.4999999999999896749, -0.3250000000000013434 ) ) ;
#4337 = FACE_OUTER_BOUND ( 'NONE', #2273, .T. ) ;
#4338 = DIRECTION ( 'NONE',  ( 8.049116928532381960E-16, -1.000000000000000000, -1.707404996040163895E-17 ) ) ;
#4339 = EDGE_CURVE ( 'NONE', #2555, #5959, #2659, .T. ) ;
#4340 = CARTESIAN_POINT ( 'NONE',  ( 0.1241830692253773349, 0.4550914017068674600, -0.02826954851682366571 ) ) ;
#4341 = CARTESIAN_POINT ( 'NONE',  ( 0.4374450905939435419, -0.1199999914536778040, -0.1994860417533110275 ) ) ;
#4342 = CARTESIAN_POINT ( 'NONE',  ( -0.3403589841625150325, -0.6695190528237552341, -0.2410000000000006304 ) ) ;
#4343 = CARTESIAN_POINT ( 'NONE',  ( 0.3226455821108160649, -0.3188385700210286111, -0.06245448328338669419 ) ) ;
#4344 = EDGE_LOOP ( 'NONE', ( #1413, #444, #940, #7106 ) ) ;
#4345 = FACE_OUTER_BOUND ( 'NONE', #5226, .T. ) ;
#4346 = CARTESIAN_POINT ( 'NONE',  ( -0.1170659946377700794, -0.4382456464098264393, -0.07438623880669499588 ) ) ;
#4347 = CARTESIAN_POINT ( 'NONE',  ( -0.4535207365876078311, 0.2106021117097883477, -0.2013417944837828655 ) ) ;
#4348 = EDGE_LOOP ( 'NONE', ( #4600, #4677, #1221, #3111 ) ) ;
#4349 = APPROVAL_ROLE ( '' ) ;
#4350 = CARTESIAN_POINT ( 'NONE',  ( 0.4346590749999867942, -0.1301560659999993763, -0.06581623600000106877 ) ) ;
#4351 = CYLINDRICAL_SURFACE ( 'NONE', #5539, 0.5000000000000007772 ) ;
#4352 = CARTESIAN_POINT ( 'NONE',  ( 0.5257311119999773519, 6.893843922477773550E-15, -0.3839285710000040486 ) ) ;
#4353 = ORIENTED_EDGE ( 'NONE', *, *, #1516, .T. ) ;
#4354 = EDGE_CURVE ( 'NONE', #4203, #6562, #3739, .T. ) ;
#4355 = AXIS2_PLACEMENT_3D ( 'NONE', #5670, #5033, #1656 ) ;
#4356 = VECTOR ( 'NONE', #6252, 39.37007874015748143 ) ;
#4357 = EDGE_CURVE ( 'NONE', #7142, #6407, #5864, .T. ) ;
#4358 = DIRECTION ( 'NONE',  ( -4.273005485591898101E-63, -5.131708243377008956E-48, 1.000000000000000000 ) ) ;
#4359 = ORIENTED_EDGE ( 'NONE', *, *, #2936, .T. ) ;
#4360 = CARTESIAN_POINT ( 'NONE',  ( 0.7500000000000014433, 0.3249480263539644143, -0.4611051538160369501 ) ) ;
#4361 = B_SPLINE_CURVE_WITH_KNOTS ( 'NONE', 3,
 ( #7259, #4331, #447, #2113, #2747, #7225, #6081, #2081, #4431, #5030, #6618, #1511, #3172 ),
 .UNSPECIFIED., .F., .F.,
 ( 4, 1, 1, 1, 1, 1, 2, 2, 4 ),
 ( 0.000000000000000000, 0.2499999999999938938, 0.3749999999999908407, 0.4374999999999895084, 0.4687499999999888978, 0.4843749999999885647, 0.4921874999999883982, 0.4999999999999882316, 1.000000000000000000 ),
 .UNSPECIFIED. ) ;
#4362 = CARTESIAN_POINT ( 'NONE',  ( -0.1147994901739937679, -0.4388385606470384670, -0.2261123631337091100 ) ) ;
#4363 = CARTESIAN_POINT ( 'NONE',  ( 0.4374450909239420704, -0.1199999893410665375, -0.2039503272284263202 ) ) ;
#4364 = ORIENTED_EDGE ( 'NONE', *, *, #2294, .F. ) ;
#4365 = FACE_OUTER_BOUND ( 'NONE', #595, .T. ) ;
#4366 = EDGE_LOOP ( 'NONE', ( #2621, #2198, #3377, #2744 ) ) ;
#4367 = CARTESIAN_POINT ( 'NONE',  ( -0.2666227890000034129, 0.3669747860000008854, -0.3232142860000026818 ) ) ;
#4368 = CARTESIAN_POINT ( 'NONE',  ( -0.4857860370000004480, 0.1183719840000072993, -0.06523614099999928972 ) ) ;
#4369 = CARTESIAN_POINT ( 'NONE',  ( -0.4366738999999865145, -0.1239550729999941980, -0.08612747299999769235 ) ) ;
#4370 = ADVANCED_FACE ( 'NONE', ( #4227 ), #2011, .F. ) ;
#4371 = CARTESIAN_POINT ( 'NONE',  ( 0.4853864463636570759, 0.1199999904154728514, -0.08651194205712693652 ) ) ;
#4372 = CARTESIAN_POINT ( 'NONE',  ( 0.1404050989999973964, -0.4798816610000000704, -0.03248399399999932907 ) ) ;
#4373 = CARTESIAN_POINT ( 'NONE',  ( -0.4755282580000375625, -0.1545084969999974134, -0.4071428570000028002 ) ) ;
#4374 = CARTESIAN_POINT ( 'NONE',  ( 0.4248845575274693975, 0.2490376301414829741, -0.007510664821715370455 ) ) ;
#4375 =( BOUNDED_CURVE ( )  B_SPLINE_CURVE ( 2, ( #2465, #4594, #5865, #6885, #3504 ),
 .UNSPECIFIED., .F., .T. ) 
 B_SPLINE_CURVE_WITH_KNOTS ( ( 3, 2, 3 ),
 ( 0.000000000000000000, 0.09197361898148891102, 1.000000000000000000 ),
 .UNSPECIFIED. ) 
 CURVE ( )  GEOMETRIC_REPRESENTATION_ITEM ( )  RATIONAL_B_SPLINE_CURVE ( ( 0.9932210899422728723, 0.9963362953524198540, 1.000000000000000000, 0.9638293866287261924, 0.9811209779318870172 ) ) 
 REPRESENTATION_ITEM ( '' )  );
#4376 = CARTESIAN_POINT ( 'NONE',  ( 0.4485561087772567124, 0.2215065613104586217, -0.2983806622437190081 ) ) ;
#4377 = CARTESIAN_POINT ( 'NONE',  ( -0.4853864445558905283, -0.1199999977277011048, -0.05079765594162566344 ) ) ;
#4378 = CARTESIAN_POINT ( 'NONE',  ( -0.02450898459798711918, 0.4544341663236136641, -0.04490553586299389499 ) ) ;
#4379 = CARTESIAN_POINT ( 'NONE',  ( 0.3453981759999872891, -0.3615246879999946539, -0.02706783999999662696 ) ) ;
#4380 = CARTESIAN_POINT ( 'NONE',  ( 0.4374450879999834396, 0.1199999999999988437, -0.05944253000000097875 ) ) ;
#4381 = VERTEX_POINT ( 'NONE', #2574 ) ;
#4382 = CARTESIAN_POINT ( 'NONE',  ( -0.0006320044128412485212, -0.5009181944732129521, -0.2500204521628778265 ) ) ;
#4383 = CARTESIAN_POINT ( 'NONE',  ( -0.2663500906300114157, -0.3665994488899985138, -0.3015178568499969902 ) ) ;
#4384 = CARTESIAN_POINT ( 'NONE',  ( -0.4542352652927370560, 0.2092837670249700910, -0.06738657512910979641 ) ) ;
#4385 = EDGE_CURVE ( 'NONE', #2024, #3935, #6551, .T. ) ;
#4386 = PERSON_AND_ORGANIZATION ( #4148, #7128 ) ;
#4387 = DIRECTION ( 'NONE',  ( 0.8660254038887323924, -0.4999999998193578876, -3.421138828918010427E-48 ) ) ;
#4388 = B_SPLINE_CURVE_WITH_KNOTS ( 'NONE', 3,
 ( #5969, #5213, #71, #1361, #7041, #2366 ),
 .UNSPECIFIED., .F., .F.,
 ( 4, 2, 4 ),
 ( 0.000000000000000000, 0.5000000000000000000, 1.000000000000000000 ),
 .UNSPECIFIED. ) ;
#4389 = CARTESIAN_POINT ( 'NONE',  ( -1.748382715945128460E-14, 0.4536057820000065077, -0.2589285710000013840 ) ) ;
#4390 = CARTESIAN_POINT ( 'NONE',  ( 0.4755282579999851045, 0.1545084970000039915, -0.3089285709999967100 ) ) ;
#4391 = ORIENTED_EDGE ( 'NONE', *, *, #1985, .T. ) ;
#4392 = CARTESIAN_POINT ( 'NONE',  ( -0.4686285172357860795, -0.1200000165421259146, -0.1127435657402536123 ) ) ;
#4393 = CARTESIAN_POINT ( 'NONE',  ( 0.4740919287417333372, 0.5811513081528739688, 0.000000000000000000 ) ) ;
#4394 = PLANE ( 'NONE',  #1217 ) ;
#4395 = CARTESIAN_POINT ( 'NONE',  ( -0.05834953799999956919, -0.4536057819999979590, -0.2156996340000028600 ) ) ;
#4396 = ORIENTED_EDGE ( 'NONE', *, *, #5376, .F. ) ;
#4397 = CARTESIAN_POINT ( 'NONE',  ( -0.06348256099999537161, -0.4491415919999938722, -0.5105020230000030246 ) ) ;
#4398 = CARTESIAN_POINT ( 'NONE',  ( 0.3226455944191681247, 0.3188385575656845772, -0.1875455171894839790 ) ) ;
#4399 = CARTESIAN_POINT ( 'NONE',  ( -3.496765431890256920E-14, 0.4979722509999993107, 0.001170721999999625642 ) ) ;
#4400 = CARTESIAN_POINT ( 'NONE',  ( -0.6343472002536425514, 0.4997848770827317266, -0.03322206213970105987 ) ) ;
#4401 = FACE_OUTER_BOUND ( 'NONE', #2797, .T. ) ;
#4402 = CARTESIAN_POINT ( 'NONE',  ( -0.3226455968293399090, -0.3188385551267639006, -0.08933123130845535553 ) ) ;
#4403 = EDGE_CURVE ( 'NONE', #7394, #787, #1837, .T. ) ;
#4404 = DIRECTION ( 'NONE',  ( 9.244463733058732095E-33, -8.537024980200828721E-18, 1.000000000000000000 ) ) ;
#4405 = LINE ( 'NONE', #6058, #6347 ) ;
#4406 = DIRECTION ( 'NONE',  ( 1.000000000000000000, -8.326672684688663206E-16, 0.000000000000000000 ) ) ;
#4407 = CARTESIAN_POINT ( 'NONE',  ( 0.4374450906273551487, -0.1199999913623860104, -0.2084146129257523072 ) ) ;
#4408 = CARTESIAN_POINT ( 'NONE',  ( -0.4374450893992299361, 0.1199999958089122687, -0.1012717559450850707 ) ) ;
#4409 = ORIENTED_EDGE ( 'NONE', *, *, #7273, .F. ) ;
#4410 = CARTESIAN_POINT ( 'NONE',  ( 0.07077533709768062120, 0.5000000000000091038, -0.07298445784957496851 ) ) ;
#4411 = CARTESIAN_POINT ( 'NONE',  ( 0.1472347090500014666, 0.4531418398200092179, -0.2622321428600031812 ) ) ;
#4412 = CARTESIAN_POINT ( 'NONE',  ( -0.7499999999610726942, 0.1200000002511069086, -0.005507537011315514347 ) ) ;
#4413 =( BOUNDED_CURVE ( )  B_SPLINE_CURVE ( 2, ( #96, #1216, #1871, #6985, #5836 ),
 .UNSPECIFIED., .F., .T. ) 
 B_SPLINE_CURVE_WITH_KNOTS ( ( 3, 2, 3 ),
 ( 0.000000000000000000, 0.09197360046337717254, 1.000000000000000000 ),
 .UNSPECIFIED. ) 
 CURVE ( )  GEOMETRIC_REPRESENTATION_ITEM ( )  RATIONAL_B_SPLINE_CURVE ( ( 0.9932210883476894070, 0.9963362944147480249, 1.000000000000000000, 0.9638293882724862094, 0.9811209763602662948 ) ) 
 REPRESENTATION_ITEM ( '' )  );
#4414 = CALENDAR_DATE ( 2025, 17, 8 ) ;
#4415 = CARTESIAN_POINT ( 'NONE',  ( 0.4773126748284556853, 0.5867298048285288781, -0.003671691382731581601 ) ) ;
#4416 = CARTESIAN_POINT ( 'NONE',  ( -0.1303964380962876757, -0.4658532494165229521, -0.05712751439628378086 ) ) ;
#4417 = CARTESIAN_POINT ( 'NONE',  ( 0.5257311119999773519, 6.893843922477773550E-15, -0.3124999999999962252 ) ) ;
#4418 = CARTESIAN_POINT ( 'NONE',  ( 0.4857860369999915107, -0.1183719839999962525, -0.1634504270000022852 ) ) ;
#4419 = DIRECTION ( 'NONE',  ( 6.162975822039154730E-33, -0.000000000000000000, -1.000000000000000000 ) ) ;
#4420 = CARTESIAN_POINT ( 'NONE',  ( -0.4368424277636809294, 0.2735712397932549278, -0.05989496480278864998 ) ) ;
#4421 = EDGE_LOOP ( 'NONE', ( #1133, #5464, #5828, #1902, #4925 ) ) ;
#4422 = FACE_OUTER_BOUND ( 'NONE', #6448, .T. ) ;
#4423 = VERTEX_POINT ( 'NONE', #415 ) ;
#4424 = DIRECTION ( 'NONE',  ( 8.326672684688663206E-16, 1.000000000000000000, -0.000000000000000000 ) ) ;
#4425 = EDGE_CURVE ( 'NONE', #1971, #7016, #3869, .T. ) ;
#4426 = CARTESIAN_POINT ( 'NONE',  ( -0.6140788761051461098, -0.5114867994887860592, -0.02840217363654007343 ) ) ;
#4427 = CARTESIAN_POINT ( 'NONE',  ( 0.05834953799998172930, -0.4536057819999991247, -0.2218003660000011368 ) ) ;
#4428 = CARTESIAN_POINT ( 'NONE',  ( -0.4314047349999962089, -0.1401718949999992692, -0.09464285699999676338 ) ) ;
#4429 = ORIENTED_EDGE ( 'NONE', *, *, #1251, .T. ) ;
#4430 = CARTESIAN_POINT ( 'NONE',  ( -0.4314047350000136949, 0.1401718949999970765, -0.4589285710000003404 ) ) ;
#4431 = CARTESIAN_POINT ( 'NONE',  ( -0.1332536000905816809, -0.7890914020980693833, -0.02901950931357838437 ) ) ;
#4432 = CARTESIAN_POINT ( 'NONE',  ( 0.4374450873210235513, 0.1200000033847157671, -0.05051395792630090226 ) ) ;
#4433 = CONICAL_SURFACE ( 'NONE', #2164, 0.4979722510000003100, 0.7853981633974332910 ) ;
#4434 = CARTESIAN_POINT ( 'NONE',  ( -1.748382715945128460E-14, 0.4536057820000065077, -0.1875000000000001110 ) ) ;
#4435 = CARTESIAN_POINT ( 'NONE',  ( 0.1159327453188702256, -0.4385421027049107856, -0.1488578420966484017 ) ) ;
#4436 = CARTESIAN_POINT ( 'NONE',  ( 0.2666227889999946421, 0.3669747859999997752, -0.3284821432899988625 ) ) ;
#4437 = AXIS2_PLACEMENT_3D ( 'NONE', #1205, #2466, #690 ) ;
#4438 = VECTOR ( 'NONE', #5435, 39.37007874015748143 ) ;
#4439 = DIRECTION ( 'NONE',  ( -6.162975822039154730E-33, 0.000000000000000000, 1.000000000000000000 ) ) ;
#4440 = CARTESIAN_POINT ( 'NONE',  ( -0.4368424318923037619, -0.2735712270866824114, -0.1990336064909156988 ) ) ;
#4441 = CARTESIAN_POINT ( 'NONE',  ( 0.4721086650000022589, 0.1340136520000026199, -0.009164721000003714715 ) ) ;
#4442 = EDGE_CURVE ( 'NONE', #4049, #1708, #2641, .T. ) ;
#4443 = CARTESIAN_POINT ( 'NONE',  ( -0.1387701734522047148, -0.4803569911639083978, -0.1116071424999991180 ) ) ;
#4444 = FACE_OUTER_BOUND ( 'NONE', #6492, .T. ) ;
#4445 = ORIENTED_EDGE ( 'NONE', *, *, #3511, .T. ) ;
#4446 = VECTOR ( 'NONE', #3329, 39.37007874015748143 ) ;
#4447 = CARTESIAN_POINT ( 'NONE',  ( 0.000000000000000000, -0.4536057820000032326, -0.07142857100000124526 ) ) ;
#4448 = CARTESIAN_POINT ( 'NONE',  ( 0.3854654722100004371, 0.2800570589700124291, -0.4122321428599987625 ) ) ;
#4449 = CARTESIAN_POINT ( 'NONE',  ( 0.05834953799997281282, 0.4536057820000012897, -0.1889139199999970709 ) ) ;
#4450 = B_SPLINE_CURVE_WITH_KNOTS ( 'NONE', 3,
 ( #2610, #1979, #807, #7129 ),
 .UNSPECIFIED., .F., .F.,
 ( 4, 4 ),
 ( 0.000000000000000000, 1.000000000000000000 ),
 .UNSPECIFIED. ) ;
#4451 = ORIENTED_EDGE ( 'NONE', *, *, #6048, .F. ) ;
#4452 = CARTESIAN_POINT ( 'NONE',  ( 0.4346590749999867942, 0.1301560659999993763, -0.1931123350000018557 ) ) ;
#4453 = CARTESIAN_POINT ( 'NONE',  ( 0.4314047349999962089, -0.1401718949999970765, -0.4232142860000021600 ) ) ;
#4454 = CARTESIAN_POINT ( 'NONE',  ( -0.2666227890000034129, -0.3669747859999954454, -0.3642857140000035354 ) ) ;
#4455 = CARTESIAN_POINT ( 'NONE',  ( -0.4558638982427222208, 0.2054690960364824737, -0.1297858853257085332 ) ) ;
#4456 = CARTESIAN_POINT ( 'NONE',  ( 0.2938926259999944945, -0.4045084969999961366, -0.3232142860000026818 ) ) ;
#4457 = CARTESIAN_POINT ( 'NONE',  ( 0.1762204251877806382, -0.4682033550680560485, -0.3887560904195299649 ) ) ;
#4458 = ORIENTED_EDGE ( 'NONE', *, *, #2842, .T. ) ;
#4459 = ORIENTED_EDGE ( 'NONE', *, *, #4848, .F. ) ;
#4460 = CARTESIAN_POINT ( 'NONE',  ( -0.2694665785818582959, 0.7067298044192665829, -0.003671691382731604152 ) ) ;
#4461 = CARTESIAN_POINT ( 'NONE',  ( 0.4374450879999922104, -0.1199999999999933759, -0.2084146130000010810 ) ) ;
#4462 = CARTESIAN_POINT ( 'NONE',  ( -0.7500000000000175415, -0.2624576356878002281, -0.4744328627664319842 ) ) ;
#4463 = CARTESIAN_POINT ( 'NONE',  ( -0.4759694932300180814, 0.1546518630200044986, -0.3515178568500010869 ) ) ;
#4464 = ORIENTED_EDGE ( 'NONE', *, *, #3415, .F. ) ;
#4465 = CARTESIAN_POINT ( 'NONE',  ( -0.7500000000000179856, -0.3215093047535111381, -0.03802755889509722154 ) ) ;
#4466 = EDGE_LOOP ( 'NONE', ( #5458, #5534, #2447, #83, #3962 ) ) ;
#4467 = LOCAL_TIME ( 14, 52, 2.000000000000000000, #4315 ) ;
#4468 = CARTESIAN_POINT ( 'NONE',  ( 0.3858601249999938365, -0.2803437909999871303, -0.2840178567100007934 ) ) ;
#4469 = ADVANCED_FACE ( 'NONE', ( #2678 ), #606, .F. ) ;
#4470 = CARTESIAN_POINT ( 'NONE',  ( -0.4065887430956511284, -0.6312812836658272531, -0.5000000000000009992 ) ) ;
#4471 = CARTESIAN_POINT ( 'NONE',  ( -0.4009469203793437631, 0.2301232479555744281, -0.03770675661558120506 ) ) ;
#4472 = CARTESIAN_POINT ( 'NONE',  ( 0.1390217289999840233, 0.4781728990000075341, -0.002039901000002974397 ) ) ;
#4473 = B_SPLINE_CURVE_WITH_KNOTS ( 'NONE', 3,
 ( #3959, #6888, #537, #1027 ),
 .UNSPECIFIED., .F., .F.,
 ( 4, 4 ),
 ( 0.000000000000000000, 1.000000000000000000 ),
 .UNSPECIFIED. ) ;
#4474 = CARTESIAN_POINT ( 'NONE',  ( 0.2662458321566782415, -0.7011513081571266737, -1.260583938196437646E-11 ) ) ;
#4475 = CARTESIAN_POINT ( 'NONE',  ( -0.3466162661887634555, -0.3603569952018946809, -0.1872562606051560441 ) ) ;
#4476 = CARTESIAN_POINT ( 'NONE',  ( -0.4314047350000136949, 0.1401718949999970765, -0.4499107142900042322 ) ) ;
#4477 =( BOUNDED_CURVE ( )  B_SPLINE_CURVE ( 2, ( #6241, #4075, #6355, #3549, #7384 ),
 .UNSPECIFIED., .F., .T. ) 
 B_SPLINE_CURVE_WITH_KNOTS ( ( 3, 2, 3 ),
 ( 0.000000000000000000, 0.4999999582247122154, 1.000000000000000000 ),
 .UNSPECIFIED. ) 
 CURVE ( )  GEOMETRIC_REPRESENTATION_ITEM ( )  RATIONAL_B_SPLINE_CURVE ( ( 0.9763575006785250032, 0.9800330344073259203, 1.000000000000000000, 0.9800330344073259203, 0.9763575006785250032 ) ) 
 REPRESENTATION_ITEM ( '' )  );
#4478 = CARTESIAN_POINT ( 'NONE',  ( -0.5000000023176978114, 0.03301321909108086844, -0.2686202358144824665 ) ) ;
#4479 = CARTESIAN_POINT ( 'NONE',  ( -0.4522670967517134488, -0.1199999960907745106, -0.03208384737039640666 ) ) ;
#4480 = CARTESIAN_POINT ( 'NONE',  ( 0.4686285247197796155, -0.1199999873162860275, -0.1104707192006077754 ) ) ;
#4481 = CARTESIAN_POINT ( 'NONE',  ( 0.4853864437664607845, -0.1200000009209210711, -0.02955948706574827722 ) ) ;
#4482 = DIRECTION ( 'NONE',  ( -6.162975822039154730E-33, -0.000000000000000000, 1.000000000000000000 ) ) ;
#4483 = ORIENTED_EDGE ( 'NONE', *, *, #1477, .F. ) ;
#4484 = CARTESIAN_POINT ( 'NONE',  ( 0.4314047349999962089, 0.1401718950000014619, -0.05000000000000411060 ) ) ;
#4485 = CARTESIAN_POINT ( 'NONE',  ( -0.2666227890000034129, -0.3669747859999954454, -0.2303571429999993481 ) ) ;
#4486 = CARTESIAN_POINT ( 'NONE',  ( -0.1624598480000327694, 0.5000000000000103251, -0.3624999999999979350 ) ) ;
#4487 = EDGE_CURVE ( 'NONE', #7016, #5474, #864, .T. ) ;
#4488 = ORIENTED_EDGE ( 'NONE', *, *, #1671, .T. ) ;
#4489 = CARTESIAN_POINT ( 'NONE',  ( 0.3981920380000050219, 0.2423900660000098961, -0.1902527340000009504 ) ) ;
#4490 = CARTESIAN_POINT ( 'NONE',  ( -0.1473854530000156260, -0.4536057819999870788, -0.4321428570000003799 ) ) ;
#4491 = CARTESIAN_POINT ( 'NONE',  ( 0.7500000000000005551, -0.2657396873116058544, -0.02637145540271034275 ) ) ;
#4492 = CARTESIAN_POINT ( 'NONE',  ( -0.7499999999241381277, 0.4330127019562021728, -0.06698729800671858470 ) ) ;
#4493 = CARTESIAN_POINT ( 'NONE',  ( -0.3981920379999959736, -0.2423900659999962681, -0.1545384489999964694 ) ) ;
#4494 = EDGE_CURVE ( 'NONE', #4084, #1111, #6679, .T. ) ;
#4495 = ORIENTED_EDGE ( 'NONE', *, *, #4271, .T. ) ;
#4496 = CARTESIAN_POINT ( 'NONE',  ( -0.4063400201735421491, -0.2358283012959320746, -0.03018392997320312396 ) ) ;
#4497 = CARTESIAN_POINT ( 'NONE',  ( -0.03748413626934991166, 0.4991434555649221783, -0.07952531115562239128 ) ) ;
#4498 = ORIENTED_EDGE ( 'NONE', *, *, #1966, .T. ) ;
#4499 = FACE_OUTER_BOUND ( 'NONE', #6931, .T. ) ;
#4500 = CARTESIAN_POINT ( 'NONE',  ( 0.4345206715542040410, -0.1580487836764226939, -0.4999999999999977240 ) ) ;
#4501 =( BOUNDED_SURFACE ( )  B_SPLINE_SURFACE ( 1, 2, ( 
 ( #464, #4489, #1560, #4452, #1631 ),
 ( #4525, #2765, #5048, #6851, #6701 ) ),
 .UNSPECIFIED., .F., .F., .T. ) 
 B_SPLINE_SURFACE_WITH_KNOTS ( ( 2, 2 ),
 ( 3, 2, 3 ),
 ( 0.000000000000000000, 1.000000000000000000 ),
 ( 0.2232926559029650426, 0.2285714285714290639, 0.2291061130060120243 ),
 .UNSPECIFIED. ) 
 GEOMETRIC_REPRESENTATION_ITEM ( )  RATIONAL_B_SPLINE_SURFACE ( (
 ( 0.9811209779318870172, 0.9638293866287261924, 1.000000000000000000, 0.9963362953524198540, 0.9932210899422718731),
 ( 0.9811209779318870172, 0.9638293866287261924, 1.000000000000000000, 0.9963362953524198540, 0.9932210899422718731) ) ) 
 REPRESENTATION_ITEM ( '' )  SURFACE ( )  );
#4502 = CARTESIAN_POINT ( 'NONE',  ( 0.1335317100465866491, -0.4712837146569608393, -0.2410000000572179724 ) ) ;
#4503 = CARTESIAN_POINT ( 'NONE',  ( -0.4374450864249949111, -0.1200000066511306834, -0.1576568148852794393 ) ) ;
#4504 = ORIENTED_EDGE ( 'NONE', *, *, #2745, .T. ) ;
#4505 = CARTESIAN_POINT ( 'NONE',  ( 0.4314047349999962089, -0.1401718949999970765, -0.4946428570000034330 ) ) ;
#4506 = CARTESIAN_POINT ( 'NONE',  ( -0.3466162693322769051, 0.3603569920074682909, -0.2145294538738309609 ) ) ;
#4507 = CARTESIAN_POINT ( 'NONE',  ( 0.4664154964759281152, -0.5967402914883813692, -0.4957342184338771607 ) ) ;
#4508 = CARTESIAN_POINT ( 'NONE',  ( 0.4999999988628379688, -0.07919222315440474502, -0.4571876528337447954 ) ) ;
#4509 = B_SPLINE_CURVE_WITH_KNOTS ( 'NONE', 3,
 ( #7187, #1535, #7218, #971 ),
 .UNSPECIFIED., .F., .F.,
 ( 4, 4 ),
 ( 0.000000000000000000, 1.000000000000000000 ),
 .UNSPECIFIED. ) ;
#4510 = CARTESIAN_POINT ( 'NONE',  ( 0.7500000000000007772, -0.2225897825223059068, -0.4813323948880668390 ) ) ;
#4511 = CARTESIAN_POINT ( 'NONE',  ( 0.3210109491578153618, 0.3204927209969828383, -0.1249869393184356303 ) ) ;
#4512 = CARTESIAN_POINT ( 'NONE',  ( -0.4769493440000299178, 1.263871385787591778E-14, -0.3749107142900029443 ) ) ;
#4513 = FACE_OUTER_BOUND ( 'NONE', #2247, .T. ) ;
#4514 = CYLINDRICAL_SURFACE ( 'NONE', #2881, 0.5000000000000002220 ) ;
#4515 = EDGE_CURVE ( 'NONE', #3203, #6557, #4893, .T. ) ;
#4516 = CARTESIAN_POINT ( 'NONE',  ( 0.4374450873210235513, 0.1200000033847157671, -0.05051395792630090226 ) ) ;
#4517 = CARTESIAN_POINT ( 'NONE',  ( -0.1387701735695998639, 0.4803569910705218216, 0.000000000000000000 ) ) ;
#4518 = ORIENTED_EDGE ( 'NONE', *, *, #2334, .F. ) ;
#4519 = CARTESIAN_POINT ( 'NONE',  ( -0.2710769516716308725, -0.7095190527784107637, -0.2410000000202484338 ) ) ;
#4520 = CARTESIAN_POINT ( 'NONE',  ( -0.2663500906300201865, 0.3665994488900039538, -0.4658035718599985442 ) ) ;
#4521 = DIRECTION ( 'NONE',  ( 6.162975822039154730E-33, 0.000000000000000000, -1.000000000000000000 ) ) ;
#4522 = B_SPLINE_CURVE_WITH_KNOTS ( 'NONE', 3,
 ( #2818, #31, #1192, #4506 ),
 .UNSPECIFIED., .F., .F.,
 ( 4, 4 ),
 ( 0.000000000000000000, 1.000000000000000000 ),
 .UNSPECIFIED. ) ;
#4523 = CARTESIAN_POINT ( 'NONE',  ( -0.6028367453702523360, 0.5179774466964730539, -0.4743117556748682739 ) ) ;
#4524 = VERTEX_POINT ( 'NONE', #3236 ) ;
#4525 = CARTESIAN_POINT ( 'NONE',  ( 0.3226455929999859085, 0.3188385590000089032, -0.1964740880000018231 ) ) ;
#4526 = CARTESIAN_POINT ( 'NONE',  ( 0.2666227890000034129, -0.3669747859999954454, -0.4303571429999983322 ) ) ;
#4527 = CARTESIAN_POINT ( 'NONE',  ( 0.000000000000000000, -0.4536057820000032326, -0.3571428569999987035 ) ) ;
#4528 = DIRECTION ( 'NONE',  ( -6.162975822039154730E-33, 0.000000000000000000, 1.000000000000000000 ) ) ;
#4529 = CARTESIAN_POINT ( 'NONE',  ( 0.06499618000000136064, 0.4536057820000009011, -0.1890749800000043612 ) ) ;
#4530 = CARTESIAN_POINT ( 'NONE',  ( -0.4314047349999962089, -0.1401718949999992692, -0.4428571429999971776 ) ) ;
#4531 = ORIENTED_EDGE ( 'NONE', *, *, #2010, .T. ) ;
#4532 = ORIENTED_EDGE ( 'NONE', *, *, #1345, .F. ) ;
#4533 = LINE ( 'NONE', #3442, #4356 ) ;
#4534 = CARTESIAN_POINT ( 'NONE',  ( 0.1387701664785704336, 0.4803569932195060344, -0.2174766690937789959 ) ) ;
#4535 = ORIENTED_EDGE ( 'NONE', *, *, #5334, .F. ) ;
#4536 = DIRECTION ( 'NONE',  ( 4.622231869136193780E-33, 2.668646810892543313E-33, -1.000000000000000000 ) ) ;
#4537 = CARTESIAN_POINT ( 'NONE',  ( 0.3989249411287424940, 0.2684964248082757354, -0.4999999999999976130 ) ) ;
#4538 = CARTESIAN_POINT ( 'NONE',  ( -0.1626105919500193397, 0.5004639421800065602, -0.2908035718599986663 ) ) ;
#4539 = VERTEX_POINT ( 'NONE', #1476 ) ;
#4540 = DIRECTION ( 'NONE',  ( 1.000000000000000000, -8.326672684688663206E-16, 0.000000000000000000 ) ) ;
#4541 = B_SPLINE_CURVE_WITH_KNOTS ( 'NONE', 3,
 ( #3842, #4478, #346, #454, #7300, #7336, #7264, #2054, #2754, #5037, #6764, #1517, #7230, #3278, #2650, #384, #948, #3242, #3912, #4900, #5003, #2120, #5529, #1018, #6195, #4934, #2684, #6623, #6691, #3181, #3875, #1482, #3773, #6057, #5459, #2087, #919, #310, #6159, #3210, #1547, #4376, #6122, #3311, #4030, #3459, #6841, #3992, #5785, #38 ),
 .UNSPECIFIED., .F., .F.,
 ( 4, 2, 2, 2, 2, 2, 2, 2, 2, 2, 2, 2, 2, 2, 2, 2, 2, 2, 2, 2, 2, 2, 2, 2, 4 ),
 ( -0.2400445533123523045, -0.2375440893804850462, -0.2362938574145514170, -0.2350436254486177601, -0.2337933934826841309, -0.2325431615167505017, -0.2300426975848832434, -0.2287924656189496142, -0.2275422336530159573, -0.2250417697211486989, -0.2237915377552150697, -0.2225413057892814406, -0.2200408418574141822, -0.2175403779255468961, -0.2162901459596132669, -0.2150399139936796378, -0.2125394500618123794, -0.2112892180958787502, -0.2100389861299451211, -0.2075385221980778350, -0.2062882902321442058, -0.2050380582662105766, -0.2037878263002769474, -0.2025375943343433183, -0.2000371304024760322 ),
 .UNSPECIFIED. ) ;
#4542 = EDGE_CURVE ( 'NONE', #1035, #2210, #4361, .T. ) ;
#4543 = VERTEX_POINT ( 'NONE', #6051 ) ;
#4544 = CARTESIAN_POINT ( 'NONE',  ( 0.3858601249999845106, 0.2803437910000101119, -0.4124999999999994782 ) ) ;
#4545 = CARTESIAN_POINT ( 'NONE',  ( -0.6839915338813715717, -0.4711227076918734213, -0.4535362210744787737 ) ) ;
#4546 = CARTESIAN_POINT ( 'NONE',  ( 0.4558638981130432311, -0.2054690963270076887, -0.1655001713359796067 ) ) ;
#4547 = CARTESIAN_POINT ( 'NONE',  ( 0.3226455821108160649, 0.3188385700210362717, -0.1250455167284150182 ) ) ;
#4548 = CARTESIAN_POINT ( 'NONE',  ( 0.3466162668270280633, 0.3603569945879402381, -0.08011340361764389406 ) ) ;
#4549 = AXIS2_PLACEMENT_3D ( 'NONE', #987, #1587, #7376 ) ;
#4550 = CARTESIAN_POINT ( 'NONE',  ( -0.1303964439965899780, -0.4658532477649834358, -0.1999846568937563296 ) ) ;
#4551 = CARTESIAN_POINT ( 'NONE',  ( -0.1473854529999972240, 0.4536057820000077290, -0.3177678572899961806 ) ) ;
#4552 = CARTESIAN_POINT ( 'NONE',  ( 0.01115601080826866820, -0.4773961797679739383, -0.02247844242416443053 ) ) ;
#4553 = CARTESIAN_POINT ( 'NONE',  ( -0.4720772868885285689, -0.1663903018258960642, -0.1925875516761961781 ) ) ;
#4554 = CARTESIAN_POINT ( 'NONE',  ( 0.2772719500302532891, -0.3602349695612583891, -0.4999999999999973910 ) ) ;
#4555 = CARTESIAN_POINT ( 'NONE',  ( -0.7500000000000179856, -0.4330127019999925886, -0.5029669550000008815 ) ) ;
#4556 = CARTESIAN_POINT ( 'NONE',  ( 0.2663500906299939297, 0.3665994488900083392, -0.4086607138500013003 ) ) ;
#4557 = VECTOR ( 'NONE', #3697, 39.37007874015748143 ) ;
#4558 = CARTESIAN_POINT ( 'NONE',  ( 0.1159327453188612744, 0.4385421027049276055, -0.1904278729033438700 ) ) ;
#4559 = ADVANCED_FACE ( 'NONE', ( #1578 ), #6179, .T. ) ;
#4560 = ADVANCED_FACE ( 'NONE', ( #6650 ), #4656, .T. ) ;
#4561 = ORIENTED_EDGE ( 'NONE', *, *, #3913, .F. ) ;
#4562 = ORIENTED_EDGE ( 'NONE', *, *, #3814, .F. ) ;
#4563 = EDGE_CURVE ( 'NONE', #2167, #2625, #6590, .T. ) ;
#4564 = VECTOR ( 'NONE', #1397, 39.37007874015748143 ) ;
#4565 = CARTESIAN_POINT ( 'NONE',  ( -0.3067996261775605693, -0.3559667598372303066, -0.4999999999999977240 ) ) ;
#4566 = CARTESIAN_POINT ( 'NONE',  ( -0.1473854530000156260, -0.4536057819999870233, -0.3696428570000029890 ) ) ;
#4567 =( BOUNDED_CURVE ( )  B_SPLINE_CURVE ( 2, ( #3725, #5509, #904, #4952, #2072 ),
 .UNSPECIFIED., .F., .T. ) 
 B_SPLINE_CURVE_WITH_KNOTS ( ( 3, 2, 3 ),
 ( 0.000000000000000000, 0.003996499544161922698, 0.009954123694375111714 ),
 .UNSPECIFIED. ) 
 CURVE ( )  GEOMETRIC_REPRESENTATION_ITEM ( )  RATIONAL_B_SPLINE_CURVE ( ( 0.9755282581475771542, 0.9755282598963365137, 1.000000000000000000, 0.9635197181362613605, 0.9814209744925350698 ) ) 
 REPRESENTATION_ITEM ( '' )  );
#4568 = CARTESIAN_POINT ( 'NONE',  ( -0.1473854530000156260, -0.4536057819999870788, -0.3607142860000019380 ) ) ;
#4569 = B_SPLINE_CURVE_WITH_KNOTS ( 'NONE', 3,
 ( #858, #1489, #6065, #3253 ),
 .UNSPECIFIED., .F., .F.,
 ( 4, 4 ),
 ( 0.000000000000000000, 1.000000000000000000 ),
 .UNSPECIFIED. ) ;
#4570 = CARTESIAN_POINT ( 'NONE',  ( -0.4773180249414522014, -0.5867261255446334367, -0.003671691313365015724 ) ) ;
#4571 = CARTESIAN_POINT ( 'NONE',  ( -0.1316733827941744539, 0.4680650062715867032, -0.01376679489225605089 ) ) ;
#4572 = CARTESIAN_POINT ( 'NONE',  ( 0.7217885155905011674, -0.2087866169541828520, 1.925065919174594054E-48 ) ) ;
#4573 = ORIENTED_EDGE ( 'NONE', *, *, #4301, .F. ) ;
#4574 = VERTEX_POINT ( 'NONE', #6875 ) ;
#4575 = CARTESIAN_POINT ( 'NONE',  ( -0.4042305159797044967, -0.2395626898921148495, -0.03011740191435137090 ) ) ;
#4576 = CARTESIAN_POINT ( 'NONE',  ( 0.1147994959999703718, 0.4388385590000085101, -0.1100409349999975916 ) ) ;
#4577 = CARTESIAN_POINT ( 'NONE',  ( -0.3794417733216455257, -0.3264655909183667992, -0.05440383397471836718 ) ) ;
#4578 = CARTESIAN_POINT ( 'NONE',  ( 0.1826874125402447868, 0.4597889110894612386, -0.4999999999999975575 ) ) ;
#4579 = CARTESIAN_POINT ( 'NONE',  ( 0.2941653243699864917, 0.4048838341099985083, -0.3015178568499969902 ) ) ;
#4580 = ORIENTED_EDGE ( 'NONE', *, *, #1047, .F. ) ;
#4581 = DIRECTION ( 'NONE',  ( -8.326672684688663206E-16, -1.000000000000000000, 0.000000000000000000 ) ) ;
#4582 = ORIENTED_EDGE ( 'NONE', *, *, #4031, .F. ) ;
#4583 = CARTESIAN_POINT ( 'NONE',  ( 0.4314047349999962089, -0.1401718949999970765, -0.4947321427100012103 ) ) ;
#4584 = EDGE_CURVE ( 'NONE', #5890, #7359, #4522, .T. ) ;
#4585 = CARTESIAN_POINT ( 'NONE',  ( -0.5911448196243337394, -0.5247277831748894394, -0.4766978959251927384 ) ) ;
#4586 = CARTESIAN_POINT ( 'NONE',  ( 0.4330650657780306667, -0.2499095526508251786, -0.1666468894620790897 ) ) ;
#4587 = DIRECTION ( 'NONE',  ( -1.000000000000000000, 8.326672684688663206E-16, 0.000000000000000000 ) ) ;
#4588 = CARTESIAN_POINT ( 'NONE',  ( 0.7499999999070039447, -7.213280716390866784E-11, -0.5000000000241863196 ) ) ;
#4589 = CARTESIAN_POINT ( 'NONE',  ( -0.1473854530000156260, -0.4536057819999870788, -0.4320535712799996597 ) ) ;
#4590 = EDGE_CURVE ( 'NONE', #1412, #7212, #4891, .T. ) ;
#4591 = AXIS2_PLACEMENT_3D ( 'NONE', #2272, #4599, #3960 ) ;
#4592 = CARTESIAN_POINT ( 'NONE',  ( -0.4095506074528286189, -0.2906334755967286965, 1.505051719984139669E-48 ) ) ;
#4593 = CARTESIAN_POINT ( 'NONE',  ( 0.4999999999465143952, 7.584490778205151968E-09, -0.3839285709481152775 ) ) ;
#4594 = CARTESIAN_POINT ( 'NONE',  ( -0.4346590750000131065, -0.1301560660000037339, -0.2288266210000024503 ) ) ;
#4595 = CARTESIAN_POINT ( 'NONE',  ( 0.3529581071346980514, 0.2857983873306533251, -0.04639421799999706580 ) ) ;
#4596 = CARTESIAN_POINT ( 'NONE',  ( -0.4309634997700156900, -0.1400285289800009270, -0.4515178568500005651 ) ) ;
#4597 = CARTESIAN_POINT ( 'NONE',  ( -0.4853864443940864581, 0.1199999983822792049, -0.1992023439246086436 ) ) ;
#4598 = ORIENTED_EDGE ( 'NONE', *, *, #2185, .T. ) ;
#4599 = DIRECTION ( 'NONE',  ( -4.273005485591898101E-63, -5.131708243377008956E-48, 1.000000000000000000 ) ) ;
#4600 = ORIENTED_EDGE ( 'NONE', *, *, #3127, .T. ) ;
#4601 = EDGE_LOOP ( 'NONE', ( #3122, #7094, #3847, #1446, #7248, #2724 ) ) ;
#4602 = CARTESIAN_POINT ( 'NONE',  ( -0.1133940253274045712, 0.4872442368950141156, -0.4974160949306773438 ) ) ;
#4603 = EDGE_CURVE ( 'NONE', #3467, #3765, #3994, .T. ) ;
#4604 = CARTESIAN_POINT ( 'NONE',  ( 0.2666227889999946421, 0.3669747859999997752, -0.4803571430000024289 ) ) ;
#4605 = CARTESIAN_POINT ( 'NONE',  ( 0.000000000000000000, -0.4536057820000032326, -0.4285714289999961735 ) ) ;
#4606 = CARTESIAN_POINT ( 'NONE',  ( -0.1316733827941744539, 0.4680650062715867032, -0.01376679489225605089 ) ) ;
#4607 = EDGE_CURVE ( 'NONE', #5155, #6416, #483, .T. ) ;
#4608 = CARTESIAN_POINT ( 'NONE',  ( -0.4483619805566284033, 0.1199999995052031393, -0.03585727882900672375 ) ) ;
#4609 = CARTESIAN_POINT ( 'NONE',  ( -0.7500000000000170974, 0.3794458251721957720, -0.05152387282327963725 ) ) ;
#4610 = CARTESIAN_POINT ( 'NONE',  ( -0.4374450880000009811, -0.1199999999999966371, -0.1576568150000042245 ) ) ;
#4611 = EDGE_LOOP ( 'NONE', ( #7324, #1724, #5958, #2959 ) ) ;
#4612 = CARTESIAN_POINT ( 'NONE',  ( -0.4053491805106321233, -0.2375907947054174962, -0.03015256747859462738 ) ) ;
#4613 =( BOUNDED_SURFACE ( )  B_SPLINE_SURFACE ( 1, 2, ( 
 ( #2852, #5137, #3379, #4702, #4819 ),
 ( #4254, #1885, #4098, #7116, #1965 ) ),
 .UNSPECIFIED., .F., .F., .T. ) 
 B_SPLINE_SURFACE_WITH_KNOTS ( ( 2, 2 ),
 ( 3, 2, 3 ),
 ( 0.07692307692305483391, 1.000000000000000000 ),
 ( 0.09199338419545781409, 0.09285714285714291583, 0.09846221512550944188 ),
 .UNSPECIFIED. ) 
 GEOMETRIC_REPRESENTATION_ITEM ( )  RATIONAL_B_SPLINE_SURFACE ( (
 ( 0.9895943154647740547, 0.9940814498823647982, 1.000000000000000000, 0.9615935531476199616, 0.9834629611452947451),
 ( 0.9895943154647740547, 0.9940814498823647982, 1.000000000000000000, 0.9615935531476199616, 0.9834629611452947451) ) ) 
 REPRESENTATION_ITEM ( '' )  SURFACE ( )  );
#4614 = DIRECTION ( 'NONE',  ( 0.4999999974197800179, -0.8660254052741293007, 0.000000000000000000 ) ) ;
#4615 = EDGE_LOOP ( 'NONE', ( #1225, #1926, #4504, #2984, #2071 ) ) ;
#4616 = CARTESIAN_POINT ( 'NONE',  ( -0.4228338252212375803, -0.2669688362862139841, -0.05610475886405453388 ) ) ;
#4617 = CARTESIAN_POINT ( 'NONE',  ( 0.4636711275866983728, -0.05727450146697416616, -0.4999999999999973910 ) ) ;
#4618 = CARTESIAN_POINT ( 'NONE',  ( -1.748382715945128460E-14, 0.5004639421800054500, -0.2943749998600015960 ) ) ;
#4619 = EDGE_CURVE ( 'NONE', #4906, #1311, #4623, .T. ) ;
#4620 = CARTESIAN_POINT ( 'NONE',  ( -0.06499618000001031182, 0.4536057820000076735, -0.1144964480000017215 ) ) ;
#4621 = ORIENTED_EDGE ( 'NONE', *, *, #379, .F. ) ;
#4622 = CARTESIAN_POINT ( 'NONE',  ( 0.1473854529999788499, 0.4536057820000122809, -0.4768749997100021343 ) ) ;
#4623 = B_SPLINE_CURVE_WITH_KNOTS ( 'NONE', 3,
 ( #2327, #1729, #600, #4545, #1045, #5735, #2893, #2927, #5103, #5175, #3339, #4585, #3984, #7405, #5627, #2219, #5212, #6225, #3416, #2186, #5066, #7438, #6832, #6265, #7368, #4470, #2256 ),
 .UNSPECIFIED., .F., .F.,
 ( 4, 1, 1, 1, 1, 2, 2, 1, 1, 1, 1, 2, 2, 1, 1, 1, 2, 2, 4 ),
 ( 0.000000000000000000, 0.1250000000000066336, 0.1875000000000096034, 0.2187500000000108247, 0.2343750000000119349, 0.2421875000000120459, 0.2500000000000121569, 0.3750000000000077716, 0.4375000000000056066, 0.4687500000000044409, 0.4843750000000039413, 0.4921875000000036082, 0.5000000000000032196, 0.6250000000000024425, 0.6875000000000021094, 0.7187500000000017764, 0.7343750000000015543, 0.7500000000000013323, 1.000000000000000000 ),
 .UNSPECIFIED. ) ;
#4624 = CARTESIAN_POINT ( 'NONE',  ( -0.1302155903402501258, -0.4655400186666471263, -0.01659615091375002405 ) ) ;
#4625 = CARTESIAN_POINT ( 'NONE',  ( 0.2104402938132823309, -0.4464219818285259933, -0.2410000000000020459 ) ) ;
#4626 = CARTESIAN_POINT ( 'NONE',  ( -0.4377489525860570052, -0.1188922992135733603, -0.09518503795502955556 ) ) ;
#4627 = CARTESIAN_POINT ( 'NONE',  ( 0.6201181794883586784, -0.5080000060538985007, -0.02980734347965210973 ) ) ;
#4628 = CARTESIAN_POINT ( 'NONE',  ( 0.4346590749999867942, 0.1301560659999993763, -0.1931123350000018557 ) ) ;
#4629 = CARTESIAN_POINT ( 'NONE',  ( -0.4314047349999962089, -0.1401718949999992692, -0.2999999999999984346 ) ) ;
#4630 = CARTESIAN_POINT ( 'NONE',  ( -0.3804430019653357586, -0.3278201018785092402, 1.314220803350546471E-48 ) ) ;
#4631 = CARTESIAN_POINT ( 'NONE',  ( -0.4382192473925184961, -0.2407852223615818410, -0.1907367327068760221 ) ) ;
#4632 = ADVANCED_FACE ( 'NONE', ( #6757 ), #4023, .F. ) ;
#4633 = CARTESIAN_POINT ( 'NONE',  ( 0.4366738999999956183, 0.1239550730000107820, -0.1932703299999970481 ) ) ;
#4634 = CARTESIAN_POINT ( 'NONE',  ( -0.4769493440000299178, 1.263871385787591778E-14, -0.4553571429999959674 ) ) ;
#4635 = CARTESIAN_POINT ( 'NONE',  ( -0.4368424303385636254, 0.2735712322369800997, -0.2116806791279012556 ) ) ;
#4636 = ORIENTED_EDGE ( 'NONE', *, *, #4253, .T. ) ;
#4637 = LINE ( 'NONE', #6890, #1358 ) ;
#4638 = CARTESIAN_POINT ( 'NONE',  ( -0.4485589915476926315, 0.2214998267650833963, -0.4873334585943633335 ) ) ;
#4639 = DIRECTION ( 'NONE',  ( 2.157041537713704155E-32, -1.707404996040165128E-17, 1.000000000000000000 ) ) ;
#4640 = CARTESIAN_POINT ( 'NONE',  ( -0.2666227890000034129, -0.3669747859999954454, -0.5071428570000022784 ) ) ;
#4641 = CARTESIAN_POINT ( 'NONE',  ( -0.7500000000000176525, -0.03999999994690264099, -0.2410000000000009912 ) ) ;
#4642 = CARTESIAN_POINT ( 'NONE',  ( 0.7499999999709161536, -0.1200000001895747681, -0.005507537011315514347 ) ) ;
#4643 = CARTESIAN_POINT ( 'NONE',  ( 0.07876566607275145571, 0.4681861769546247776, -0.02555223070414226749 ) ) ;
#4644 = CARTESIAN_POINT ( 'NONE',  ( 0.3233570546657753009, 0.3200641214788761957, -0.04502671667501187414 ) ) ;
#4645 = VERTEX_POINT ( 'NONE', #1692 ) ;
#4646 = EDGE_LOOP ( 'NONE', ( #5286, #5661, #2507 ) ) ;
#4647 = CARTESIAN_POINT ( 'NONE',  ( 0.4853864409655778700, -0.1200000122501099636, -0.02063091561527918144 ) ) ;
#4648 = CARTESIAN_POINT ( 'NONE',  ( -0.3466162702886509961, 0.3603569912894709071, -0.1354373275000015919 ) ) ;
#4649 = ORIENTED_EDGE ( 'NONE', *, *, #849, .F. ) ;
#4650 = CARTESIAN_POINT ( 'NONE',  ( -0.4377489525860565056, -0.1188922992135765383, -0.2380421809550286316 ) ) ;
#4651 = CARTESIAN_POINT ( 'NONE',  ( -0.3042712196683913795, -0.3971029390024840566, -0.3288509238209516017 ) ) ;
#4652 = CARTESIAN_POINT ( 'NONE',  ( -0.4755282580000375625, -0.1545084969999974134, -0.2732142859999985851 ) ) ;
#4653 = CARTESIAN_POINT ( 'NONE',  ( 0.1277888244053937694, 0.4613367357651776413, -0.2385718691502442534 ) ) ;
#4654 = VERTEX_POINT ( 'NONE', #1651 ) ;
#4655 = CARTESIAN_POINT ( 'NONE',  ( -0.1473854530000156260, -0.4536057819999870788, -0.4411607147199956280 ) ) ;
#4656 =( BOUNDED_SURFACE ( )  B_SPLINE_SURFACE ( 1, 2, ( 
 ( #5451, #6116, #978, #3734, #5559, #4997, #6016 ),
 ( #7294, #302, #3905, #6302, #1153, #3490, #5666 ) ),
 .UNSPECIFIED., .F., .F., .F. ) 
 B_SPLINE_SURFACE_WITH_KNOTS ( ( 2, 2 ),
 ( 3, 2, 2, 3 ),
 ( 0.000000000000000000, 1.000000000000000000 ),
 ( 0.1994653155654160792, 0.2000000000000000111, 0.2052787726684630054, 0.2053369072394934658 ),
 .UNSPECIFIED. ) 
 GEOMETRIC_REPRESENTATION_ITEM ( )  RATIONAL_B_SPLINE_SURFACE ( (
 ( 0.9932210899422718731, 0.9963362953524198540, 1.000000000000000000, 0.9638293866287261924, 0.9811209779318870172, 0.9811209779318870172, 0.9811209779318870172),
 ( 0.9932210899422718731, 0.9963362953524198540, 1.000000000000000000, 0.9638293866287261924, 0.9811209779318870172, 0.9811209779318870172, 0.9811209779318870172) ) ) 
 REPRESENTATION_ITEM ( '' )  SURFACE ( )  );
#4657 = ADVANCED_FACE ( 'NONE', ( #2292 ), #4613, .T. ) ;
#4658 = CARTESIAN_POINT ( 'NONE',  ( 0.1102271706300236159, -0.4886027698842528855, -0.04213827450807820785 ) ) ;
#4659 = CARTESIAN_POINT ( 'NONE',  ( 0.4853864419771484195, 0.1200000081584627759, -0.2293690846245495518 ) ) ;
#4660 = CARTESIAN_POINT ( 'NONE',  ( 0.000000000000000000, 0.000000000000000000, -0.4999999999999973910 ) ) ;
#4661 = CARTESIAN_POINT ( 'NONE',  ( 0.4789230487499833711, -0.5895190528142418840, -0.2527537684999960899 ) ) ;
#4662 = PLANE ( 'NONE',  #5774 ) ;
#4663 = VERTEX_POINT ( 'NONE', #758 ) ;
#4664 = CARTESIAN_POINT ( 'NONE',  ( -0.4332233492128365615, 0.2496351459140047357, -0.1309252258188270679 ) ) ;
#4665 = CARTESIAN_POINT ( 'NONE',  ( -0.1923103469396530707, -0.7549949733988077227, -0.4832006733301459911 ) ) ;
#4666 = CARTESIAN_POINT ( 'NONE',  ( 0.3858601249999845106, 0.2803437910000101119, -0.3321428569999972380 ) ) ;
#4667 = ORIENTED_EDGE ( 'NONE', *, *, #7011, .F. ) ;
#4668 = CARTESIAN_POINT ( 'NONE',  ( -0.4374450883944693835, 0.1200000000312827497, -0.2410000000071180759 ) ) ;
#4669 = CARTESIAN_POINT ( 'NONE',  ( 0.000000000000000000, 0.000000000000000000, -0.09553247600000285000 ) ) ;
#4670 = CARTESIAN_POINT ( 'NONE',  ( -0.05834954827404983946, -0.4536057819999921858, -0.07284249147794696899 ) ) ;
#4671 = EDGE_CURVE ( 'NONE', #502, #1266, #3570, .T. ) ;
#4672 = CARTESIAN_POINT ( 'NONE',  ( 0.4365652529999788922, 0.2744242960000076170, -0.1632996019999962689 ) ) ;
#4673 = CARTESIAN_POINT ( 'NONE',  ( 0.4980573090000154912, -0.04403313199999721317, -0.2331606730000038430 ) ) ;
#4674 = CARTESIAN_POINT ( 'NONE',  ( -0.3326093609720229827, 0.3360963122474756037, -0.02715923088371442751 ) ) ;
#4675 = ORIENTED_EDGE ( 'NONE', *, *, #2675, .T. ) ;
#4676 = VECTOR ( 'NONE', #4847, 39.37007874015748143 ) ;
#4677 = ORIENTED_EDGE ( 'NONE', *, *, #4853, .T. ) ;
#4678 = CARTESIAN_POINT ( 'NONE',  ( -0.5637140576119901159, 0.5405649410107496999, -0.4820940362702575421 ) ) ;
#4679 = EDGE_LOOP ( 'NONE', ( #7114, #6293, #1874, #6849 ) ) ;
#4680 = EDGE_CURVE ( 'NONE', #2070, #1311, #5520, .T. ) ;
#4681 = CARTESIAN_POINT ( 'NONE',  ( -0.4673235347645469107, 0.1499556328581693465, -0.4999999999999973355 ) ) ;
#4682 = CARTESIAN_POINT ( 'NONE',  ( 0.4755282579999763892, -0.1545084969999952484, -0.02142857099999713119 ) ) ;
#4683 = CARTESIAN_POINT ( 'NONE',  ( 0.4853864439851484636, 0.1199999999810910517, -0.01634838650000415561 ) ) ;
#4684 = CARTESIAN_POINT ( 'NONE',  ( 0.4282116272566393045, -0.2581666159275804451, -0.09544122930225282242 ) ) ;
#4685 = CARTESIAN_POINT ( 'NONE',  ( 0.03738705951234352204, 0.4986177282964789903, -0.0005263140390692550496 ) ) ;
#4686 = CARTESIAN_POINT ( 'NONE',  ( 0.4763042682707263609, -0.1199999924603310508, -0.01559220423997188971 ) ) ;
#4687 = CARTESIAN_POINT ( 'NONE',  ( 0.3858601249999845662, 0.2803437910000101119, -0.4035714289999984272 ) ) ;
#4688 = ORIENTED_EDGE ( 'NONE', *, *, #5454, .T. ) ;
#4689 = ORIENTED_EDGE ( 'NONE', *, *, #1985, .F. ) ;
#4690 = CARTESIAN_POINT ( 'NONE',  ( 0.4789230484959695611, 0.5895190528418292608, -0.005507537020774264970 ) ) ;
#4691 = B_SPLINE_CURVE_WITH_KNOTS ( 'NONE', 3,
 ( #5927, #824, #3085, #4775, #1227, #4093, #6495, #5962, #4207, #1353, #4131, #5248, #2484, #3120, #5366, #7071, #1803, #6453, #216, #4736, #1844, #669, #4247, #1958, #2962, #3645, #5293, #791, #3602, #6412, #4814, #181, #5886, #1391, #4651, #2398, #143, #3565, #3524, #3044, #4697, #5844, #6067, #5438, #399, #7245, #964, #4913, #4284, #6671 ),
 .UNSPECIFIED., .F., .F.,
 ( 4, 2, 2, 2, 2, 2, 2, 2, 2, 2, 2, 2, 2, 2, 2, 2, 2, 2, 2, 2, 2, 2, 2, 2, 4 ),
 ( -0.2000371304024760322, -0.1975366664766105285, -0.1962864345136777766, -0.1950362025507450525, -0.1937859705878123007, -0.1925357386248795488, -0.1900352746990140451, -0.1887850427360812933, -0.1875348107731485414, -0.1850343468472830377, -0.1837841148843502859, -0.1825338829214175340, -0.1800334189955520303, -0.1775329550696865266, -0.1762827231067537748, -0.1750324911438210229, -0.1725320272179555192, -0.1712817952550227674, -0.1700315632920900155, -0.1675310993662245118, -0.1662808674032917600, -0.1650306354403590081, -0.1637804034774262563, -0.1625301715144935044, -0.1600297075886280007 ),
 .UNSPECIFIED. ) ;
#4692 = AXIS2_PLACEMENT_3D ( 'NONE', #4867, #918, #1515 ) ;
#4693 = ADVANCED_FACE ( 'NONE', ( #716 ), #289, .T. ) ;
#4694 = CARTESIAN_POINT ( 'NONE',  ( -0.4407107100000194344, -0.1073884329999960224, -0.1669067159999971794 ) ) ;
#4695 = ORIENTED_EDGE ( 'NONE', *, *, #2705, .F. ) ;
#4696 = CARTESIAN_POINT ( 'NONE',  ( 0.000000000000000000, 0.000000000000000000, -0.1193542459999961808 ) ) ;
#4697 = CARTESIAN_POINT ( 'NONE',  ( -0.4331140518258486116, -0.2503596563280171550, -0.3333455845029728581 ) ) ;
#4698 = CARTESIAN_POINT ( 'NONE',  ( 0.4755282579999763892, -0.1545084969999952484, -0.2446428570000003522 ) ) ;
#4699 = CARTESIAN_POINT ( 'NONE',  ( 0.3466162668140900238, -0.3603569946003832292, -0.1073865963941578183 ) ) ;
#4700 = ORIENTED_EDGE ( 'NONE', *, *, #6114, .T. ) ;
#4701 = CARTESIAN_POINT ( 'NONE',  ( -0.4769493440000299178, 1.263871385787591778E-14, -0.4554464287199966321 ) ) ;
#4702 = CARTESIAN_POINT ( 'NONE',  ( 0.4365652529999969333, -0.2744242959999905751, -0.03312896900000344980 ) ) ;
#4703 = CARTESIAN_POINT ( 'NONE',  ( -0.3226455968293399090, 0.3188385551267693407, -0.09816876865515218598 ) ) ;
#4704 = CARTESIAN_POINT ( 'NONE',  ( 0.4246146912573581234, -0.2645230719058152546, -0.4527490378806753313 ) ) ;
#4705 = CARTESIAN_POINT ( 'NONE',  ( 0.7500000000000014433, 0.3668327896941468436, -0.04869664204529301071 ) ) ;
#4706 = CARTESIAN_POINT ( 'NONE',  ( -0.4967620812134021513, 0.06566181932465531279, -0.3408034722766671298 ) ) ;
#4707 = ORIENTED_EDGE ( 'NONE', *, *, #6034, .T. ) ;
#4708 = CARTESIAN_POINT ( 'NONE',  ( 0.7500000000000008882, -0.03630707187000416919, -0.5000000000000001110 ) ) ;
#4709 = B_SPLINE_CURVE_WITH_KNOTS ( 'NONE', 3,
 ( #2121, #6692, #6160, #7301 ),
 .UNSPECIFIED., .F., .F.,
 ( 4, 4 ),
 ( 0.000000000000000000, 1.000000000000000000 ),
 .UNSPECIFIED. ) ;
#4710 = EDGE_CURVE ( 'NONE', #1572, #3070, #3648, .T. ) ;
#4711 = LINE ( 'NONE', #3456, #7238 ) ;
#4712 =( BOUNDED_SURFACE ( )  B_SPLINE_SURFACE ( 1, 2, ( 
 ( #2845, #5022, #1760, #590, #1076, #3372, #7397 ),
 ( #2179, #7360, #4461, #515, #7431, #4050, #5618 ) ),
 .UNSPECIFIED., .F., .F., .T. ) 
 B_SPLINE_SURFACE_WITH_KNOTS ( ( 2, 2 ),
 ( 3, 2, 2, 3 ),
 ( 0.000000000000000000, 1.000000000000000000 ),
 ( 0.2351214667086715115, 0.2351796012797019719, 0.2357142857142860426, 0.2409930583827490369 ),
 .UNSPECIFIED. ) 
 GEOMETRIC_REPRESENTATION_ITEM ( )  RATIONAL_B_SPLINE_SURFACE ( (
 ( 0.9932210899422718731, 0.9932210899422718731, 0.9932210899422718731, 0.9963362953524198540, 1.000000000000000000, 0.9638293866287261924, 0.9811209779318870172),
 ( 0.9932210899422718731, 0.9932210899422718731, 0.9932210899422718731, 0.9963362953524198540, 1.000000000000000000, 0.9638293866287261924, 0.9811209779318870172) ) ) 
 REPRESENTATION_ITEM ( '' )  SURFACE ( )  );
#4713 = CARTESIAN_POINT ( 'NONE',  ( -0.3858601250000029403, 0.2803437910000101119, -0.3821428569999988367 ) ) ;
#4714 = CARTESIAN_POINT ( 'NONE',  ( -0.4789230484372763996, 0.5895190528728848633, -0.005507537013317412126 ) ) ;
#4715 = CARTESIAN_POINT ( 'NONE',  ( 0.3981920380000049664, 0.2423900660000098961, -0.05632416299999859488 ) ) ;
#4716 = DIRECTION ( 'NONE',  ( -0.4999999974197798513, 0.8660254052741294117, 0.000000000000000000 ) ) ;
#4717 = CARTESIAN_POINT ( 'NONE',  ( -0.3226455885378883837, -0.3188385635172448773, -0.1607598025075099579 ) ) ;
#4718 = CARTESIAN_POINT ( 'NONE',  ( -0.3858601250000029403, 0.2803437910000101119, -0.3196428570000014457 ) ) ;
#4719 = CARTESIAN_POINT ( 'NONE',  ( -0.3466162640662355798, 0.3603569972434920721, -0.06274373945939731856 ) ) ;
#4720 = ORIENTED_EDGE ( 'NONE', *, *, #737, .F. ) ;
#4721 = CARTESIAN_POINT ( 'NONE',  ( 0.000000000000000000, -0.8660254039999982778, -0.2527537684999960899 ) ) ;
#4722 = VERTEX_POINT ( 'NONE', #6459 ) ;
#4723 = CARTESIAN_POINT ( 'NONE',  ( -0.4730620026016027491, 0.1272457746221998531, -0.4999999999999972800 ) ) ;
#4724 = FACE_OUTER_BOUND ( 'NONE', #3321, .T. ) ;
#4725 = CARTESIAN_POINT ( 'NONE',  ( 0.3226455821108160649, 0.3188385700210362717, -0.1250455167284150182 ) ) ;
#4726 = DIRECTION ( 'NONE',  ( 6.162975822039154730E-33, -0.000000000000000000, -1.000000000000000000 ) ) ;
#4727 = EDGE_CURVE ( 'NONE', #6150, #4381, #3609, .T. ) ;
#4728 = DIRECTION ( 'NONE',  ( -6.162975822039154730E-33, 0.000000000000000000, 1.000000000000000000 ) ) ;
#4729 = CARTESIAN_POINT ( 'NONE',  ( 0.1209953713286361088, 0.4495701307035378513, -0.03443523319587760145 ) ) ;
#4730 = CARTESIAN_POINT ( 'NONE',  ( 0.4526480687305224904, -0.1200000031663079336, -0.2167805202064652936 ) ) ;
#4731 = ORIENTED_EDGE ( 'NONE', *, *, #2464, .T. ) ;
#4732 = VERTEX_POINT ( 'NONE', #2529 ) ;
#4733 = CARTESIAN_POINT ( 'NONE',  ( -0.4198053347253236089, -0.2101841296733491238, -0.03063258402426062219 ) ) ;
#4734 = CARTESIAN_POINT ( 'NONE',  ( -0.3226455853243434535, 0.3188385667691438496, -0.1695973402052208534 ) ) ;
#4735 = CARTESIAN_POINT ( 'NONE',  ( -0.4813363460000180671, -0.1366330389999919903, -0.05041318699999625119 ) ) ;
#4736 = CARTESIAN_POINT ( 'NONE',  ( 0.1762204281903406999, -0.4682033539264314204, -0.3173275188277038250 ) ) ;
#4737 = CARTESIAN_POINT ( 'NONE',  ( -0.5262189296800278138, 1.148973987079629162E-14, -0.4193749998600039275 ) ) ;
#4738 = ORIENTED_EDGE ( 'NONE', *, *, #916, .F. ) ;
#4739 = CARTESIAN_POINT ( 'NONE',  ( -0.3466162661887634555, -0.3603569952018946809, -0.1872562606051560441 ) ) ;
#4740 = EDGE_LOOP ( 'NONE', ( #5368, #2438, #3025, #2017, #3543, #1500, #744, #903, #558, #5724, #2486, #520, #5060, #5934, #847, #1075, #5750 ) ) ;
#4741 = B_SPLINE_CURVE_WITH_KNOTS ( 'NONE', 3,
 ( #2189, #3385, #980, #1123, #4400, #5631, #2749, #6760, #2150, #1543, #6726, #6688, #5032 ),
 .UNSPECIFIED., .F., .F.,
 ( 4, 1, 1, 1, 1, 1, 2, 2, 4 ),
 ( 0.000000000000000000, 0.2500000000000023315, 0.3750000000000031086, 0.4375000000000036082, 0.4687500000000033307, 0.4843750000000038858, 0.4921875000000042188, 0.5000000000000044409, 1.000000000000000000 ),
 .UNSPECIFIED. ) ;
#4742 = EDGE_CURVE ( 'NONE', #2101, #2183, #4273, .T. ) ;
#4743 = CARTESIAN_POINT ( 'NONE',  ( -0.3858601250000029403, -0.2803437909999825228, -0.4483035717200007930 ) ) ;
#4744 = CARTESIAN_POINT ( 'NONE',  ( 0.3466162750021334338, -0.3603569866837849633, -0.1788151679822800322 ) ) ;
#4745 = DIRECTION ( 'NONE',  ( -6.162975822039154730E-33, 0.000000000000000000, 1.000000000000000000 ) ) ;
#4746 = CARTESIAN_POINT ( 'NONE',  ( -0.4735185889828011363, -0.1613912125953194665, -0.4784123367452853826 ) ) ;
#4747 = B_SPLINE_CURVE_WITH_KNOTS ( 'NONE', 3,
 ( #7154, #2004, #4291, #3534 ),
 .UNSPECIFIED., .F., .F.,
 ( 4, 4 ),
 ( 0.000000000000000000, 1.000000000000000000 ),
 .UNSPECIFIED. ) ;
#4748 = CARTESIAN_POINT ( 'NONE',  ( 0.1446650530844094673, -0.7825029966385939062, -0.02641545803233660838 ) ) ;
#4749 = CARTESIAN_POINT ( 'NONE',  ( 0.1303964321959637240, 0.4658532510680738481, -0.1642703712500704072 ) ) ;
#4750 = VERTEX_POINT ( 'NONE', #2365 ) ;
#4751 = CARTESIAN_POINT ( 'NONE',  ( -0.4522670967517134488, -0.1199999960907745106, -0.03208384737039640666 ) ) ;
#4752 = CARTESIAN_POINT ( 'NONE',  ( -0.1873317680901462334, -0.7578693572384674892, -0.4822880901063028580 ) ) ;
#4753 = CARTESIAN_POINT ( 'NONE',  ( 0.000000000000000000, -0.4536057820000032326, -0.3571428569999987035 ) ) ;
#4754 = CARTESIAN_POINT ( 'NONE',  ( -0.4773180249414515353, 0.5867261255446339918, -0.003671691313365015724 ) ) ;
#4755 = CARTESIAN_POINT ( 'NONE',  ( 0.4346590749999867942, 0.1301560659999993763, -0.05918376400000396886 ) ) ;
#4756 =( BOUNDED_CURVE ( )  B_SPLINE_CURVE ( 2, ( #2721, #7302, #6803, #3954, #2757 ),
 .UNSPECIFIED., .F., .F. ) 
 B_SPLINE_CURVE_WITH_KNOTS ( ( 3, 2, 3 ),
 ( 0.000000000000000000, 0.8708714685176761616, 1.000000000000000000 ),
 .UNSPECIFIED. ) 
 CURVE ( )  GEOMETRIC_REPRESENTATION_ITEM ( )  RATIONAL_B_SPLINE_CURVE ( ( 0.9831664982901404670, 0.9618563511490760831, 1.000000000000000000, 0.9943442476420988330, 0.9899956165723690082 ) ) 
 REPRESENTATION_ITEM ( '' )  );
#4757 = CARTESIAN_POINT ( 'NONE',  ( 0.1147994906296310458, 0.4388385605626407560, -0.1189695059809048605 ) ) ;
#4758 = CARTESIAN_POINT ( 'NONE',  ( 0.2938926259999944945, -0.4045084969999961366, -0.2428571429999981934 ) ) ;
#4759 = CARTESIAN_POINT ( 'NONE',  ( 0.4428920537530923185, -0.2321675770536186234, -0.03225321812142641076 ) ) ;
#4760 = VERTEX_POINT ( 'NONE', #5933 ) ;
#4761 = ORIENTED_EDGE ( 'NONE', *, *, #3699, .T. ) ;
#4762 = CARTESIAN_POINT ( 'NONE',  ( 0.2910504762180794458, 0.4068858126366982075, -0.4356348250267346178 ) ) ;
#4763 = EDGE_CURVE ( 'NONE', #800, #1232, #5436, .T. ) ;
#4764 = CARTESIAN_POINT ( 'NONE',  ( -0.2216133451602240456, 0.4493990637476271144, -0.4947667379817300426 ) ) ;
#4765 = DIRECTION ( 'NONE',  ( -6.162975822039154730E-33, -0.000000000000000000, 1.000000000000000000 ) ) ;
#4766 = CARTESIAN_POINT ( 'NONE',  ( 0.7435579892883410480, 0.1200064722739502127, -0.001835845655099215337 ) ) ;
#4767 = CARTESIAN_POINT ( 'NONE',  ( 0.4282116272566388604, -0.2581666159275802230, -0.1668698013022502924 ) ) ;
#4768 = CARTESIAN_POINT ( 'NONE',  ( -1.000205798877810907E-21, 0.5000000000265437672, -0.2232142859846797667 ) ) ;
#4769 = CARTESIAN_POINT ( 'NONE',  ( 0.1102268555818842893, 0.4886028609039603232, -0.002504575022171039948 ) ) ;
#4770 = CARTESIAN_POINT ( 'NONE',  ( -0.1473854530000156260, -0.4536057819999870233, -0.2892857140000006932 ) ) ;
#4771 = ORIENTED_EDGE ( 'NONE', *, *, #6048, .T. ) ;
#4772 = VERTEX_POINT ( 'NONE', #1850 ) ;
#4773 = ORIENTED_EDGE ( 'NONE', *, *, #1113, .T. ) ;
#4774 = CARTESIAN_POINT ( 'NONE',  ( 0.1147994872962257579, -0.4388385614346477226, -0.2113876370599361842 ) ) ;
#4775 = CARTESIAN_POINT ( 'NONE',  ( 0.4870872707598113416, -0.1140920707852945276, -0.3062086407815914346 ) ) ;
#4776 = CARTESIAN_POINT ( 'NONE',  ( -0.4262206548600006029, 0.3077630457900031313, -0.4979108488500009755 ) ) ;
#4777 = VERTEX_POINT ( 'NONE', #7040 ) ;
#4778 = ORIENTED_EDGE ( 'NONE', *, *, #767, .T. ) ;
#4779 =( BOUNDED_CURVE ( )  B_SPLINE_CURVE ( 2, ( #2743, #2076, #4327, #5622, #5025 ),
 .UNSPECIFIED., .F., .T. ) 
 B_SPLINE_CURVE_WITH_KNOTS ( ( 3, 2, 3 ),
 ( 0.000000000000000000, 0.09197363378954337421, 1.000000000000000000 ),
 .UNSPECIFIED. ) 
 CURVE ( )  GEOMETRIC_REPRESENTATION_ITEM ( )  RATIONAL_B_SPLINE_CURVE ( ( 0.9932210850184022277, 0.9963362924570074997, 1.000000000000000000, 0.9638293833781385045, 0.9811209810398147102 ) ) 
 REPRESENTATION_ITEM ( '' )  );
#4780 = CARTESIAN_POINT ( 'NONE',  ( 0.1152412920299231425, 0.4387229858333218657, -0.04755255052196451920 ) ) ;
#4781 = CARTESIAN_POINT ( 'NONE',  ( 0.01716196363943062533, -0.5000000000066029404, -0.1067655771734764836 ) ) ;
#4782 = ORIENTED_EDGE ( 'NONE', *, *, #596, .T. ) ;
#4783 = DIRECTION ( 'NONE',  ( 0.8660254052741298558, -0.4999999974197791297, 6.162975822039139677E-33 ) ) ;
#4784 = EDGE_CURVE ( 'NONE', #1163, #4906, #5894, .T. ) ;
#4785 = CARTESIAN_POINT ( 'NONE',  ( -0.06548228391348215327, -0.4967613520101988867, -0.4657483741145397316 ) ) ;
#4786 = DIRECTION ( 'NONE',  ( 1.000000000000000000, -8.326672684688663206E-16, 0.000000000000000000 ) ) ;
#4787 = CARTESIAN_POINT ( 'NONE',  ( 0.03297405377045935226, 0.5000013637080171769, -0.3578677502141985323 ) ) ;
#4788 = EDGE_LOOP ( 'NONE', ( #3709, #2666, #4810 ) ) ;
#4789 = CARTESIAN_POINT ( 'NONE',  ( -0.3226455885378883837, -0.3188385635172448773, -0.1518312310313221503 ) ) ;
#4790 = CARTESIAN_POINT ( 'NONE',  ( 0.1133750223816668012, -0.4872485470885269954, -0.3902736864681660145 ) ) ;
#4791 = CARTESIAN_POINT ( 'NONE',  ( 0.1473854529999788499, 0.4536057820000122809, -0.4677678572900010323 ) ) ;
#4792 = CARTESIAN_POINT ( 'NONE',  ( -0.3226455836777515906, 0.3188385684335615644, -0.1740616263340651892 ) ) ;
#4793 = B_SPLINE_CURVE_WITH_KNOTS ( 'NONE', 3,
 ( #3513, #5235, #1948, #658 ),
 .UNSPECIFIED., .F., .F.,
 ( 4, 4 ),
 ( 0.000000000000000000, 1.000000000000000000 ),
 .UNSPECIFIED. ) ;
#4794 = CARTESIAN_POINT ( 'NONE',  ( 0.06499618000000136064, -0.4536057819999931295, -0.1412821620000022094 ) ) ;
#4795 = CARTESIAN_POINT ( 'NONE',  ( 0.1387701737246377076, -0.4803569911846136686, -0.1039519022148148730 ) ) ;
#4796 = CARTESIAN_POINT ( 'NONE',  ( 0.1624598479999960488, -0.4999999999999920064, -0.4607142859999959206 ) ) ;
#4797 = CARTESIAN_POINT ( 'NONE',  ( -0.4853864439359314997, -0.1200000001801968808, -0.1234912440000022482 ) ) ;
#4798 = EDGE_LOOP ( 'NONE', ( #1208, #4095, #1903, #4459, #4707, #3439, #244, #4778, #3830, #4202, #6941, #6218, #6712, #1747, #7204, #7183, #6251, #7028, #4145, #3131, #6318, #4328, #3096 ) ) ;
#4799 = CARTESIAN_POINT ( 'NONE',  ( 0.1292069766029615707, 0.4832952661875041245, -0.4315311638661423754 ) ) ;
#4800 = CARTESIAN_POINT ( 'NONE',  ( -0.1363719990328488285, 0.4762032080342908924, -0.008452461287886027172 ) ) ;
#4801 = CARTESIAN_POINT ( 'NONE',  ( 0.4215690079999838136, -0.2649976769999932702, -0.01428425600000009579 ) ) ;
#4802 = CARTESIAN_POINT ( 'NONE',  ( 0.4314047349999962089, 0.1401718950000014619, -0.1303571429999998699 ) ) ;
#4803 = EDGE_LOOP ( 'NONE', ( #6078, #1318, #4858, #4221 ) ) ;
#4804 = CARTESIAN_POINT ( 'NONE',  ( -0.03748413625357318452, 0.4991434555661070083, -0.008096739043304169645 ) ) ;
#4805 = CARTESIAN_POINT ( 'NONE',  ( 0.4808153548293853663, -0.1199999930204939252, -0.01809354550309680634 ) ) ;
#4806 = CARTESIAN_POINT ( 'NONE',  ( 0.4769493439999838991, 3.446921961238886775E-15, -0.3392857140000022920 ) ) ;
#4807 = EDGE_CURVE ( 'NONE', #2288, #2393, #5065, .T. ) ;
#4808 = EDGE_CURVE ( 'NONE', #439, #665, #3897, .T. ) ;
#4809 = ORIENTED_EDGE ( 'NONE', *, *, #4425, .T. ) ;
#4810 = ORIENTED_EDGE ( 'NONE', *, *, #386, .F. ) ;
#4811 = CARTESIAN_POINT ( 'NONE',  ( 0.5711161767166391678, 0.5362913255463225282, -0.01521796289524859902 ) ) ;
#4812 = AXIS2_PLACEMENT_3D ( 'NONE', #1939, #234, #343 ) ;
#4813 = CARTESIAN_POINT ( 'NONE',  ( -0.4314047349999962089, -0.1401718949999992692, -0.2285714289999971893 ) ) ;
#4814 = CARTESIAN_POINT ( 'NONE',  ( -0.1761943512453441885, -0.4682136198885978318, -0.3255289775080268955 ) ) ;
#4815 = CARTESIAN_POINT ( 'NONE',  ( -0.1624598480000327694, 0.5000000000000104361, -0.2196428569999981373 ) ) ;
#4816 = ORIENTED_EDGE ( 'NONE', *, *, #3169, .T. ) ;
#4817 = ORIENTED_EDGE ( 'NONE', *, *, #2964, .T. ) ;
#4818 = CARTESIAN_POINT ( 'NONE',  ( 0.4805162804449651381, 0.1199999926303699782, -0.2410000001848411899 ) ) ;
#4819 = CARTESIAN_POINT ( 'NONE',  ( 0.3453981759999872891, -0.3615246879999946539, -0.03599641099999970062 ) ) ;
#4820 = CARTESIAN_POINT ( 'NONE',  ( 0.000000000000000000, 0.000000000000000000, -0.4999999999999973910 ) ) ;
#4821 = B_SPLINE_CURVE_WITH_KNOTS ( 'NONE', 3,
 ( #1334, #5266, #3065, #612 ),
 .UNSPECIFIED., .F., .F.,
 ( 4, 4 ),
 ( 0.000000000000000000, 1.000000000000000000 ),
 .UNSPECIFIED. ) ;
#4822 = CARTESIAN_POINT ( 'NONE',  ( 0.3764828963576729026, -0.3306403276809731784, -0.4546393902619549898 ) ) ;
#4823 = CARTESIAN_POINT ( 'NONE',  ( 0.09142934073264596950, -0.8132386495030362594, -0.03870171885133005113 ) ) ;
#4824 = CARTESIAN_POINT ( 'NONE',  ( -0.1762204346945416278, 0.4682033514899731075, -0.3530418046673057253 ) ) ;
#4825 = ORIENTED_EDGE ( 'NONE', *, *, #487, .T. ) ;
#4826 = CARTESIAN_POINT ( 'NONE',  ( -0.4377489525860745467, 0.1188922992135810625, -0.1012435329358991609 ) ) ;
#4827 = ADVANCED_FACE ( 'NONE', ( #221 ), #3802, .T. ) ;
#4828 = CARTESIAN_POINT ( 'NONE',  ( -0.4555308287259210998, -0.2067763885438912985, -0.4058937395399221382 ) ) ;
#4829 = CARTESIAN_POINT ( 'NONE',  ( 0.2666227890000034129, -0.3669747859999954454, -0.4214285710000038043 ) ) ;
#4830 = B_SPLINE_CURVE_WITH_KNOTS ( 'NONE', 3,
 ( #4963, #6118, #4999, #2222, #6192, #5561, #1015, #7262, #2716, #3871, #6155, #3342, #2787, #7371, #4510, #3306, #6797, #1655, #5593, #449, #1156, #2895, #2974, #1286, #644, #4708, #4588 ),
 .UNSPECIFIED., .F., .F.,
 ( 4, 1, 1, 1, 1, 2, 2, 1, 1, 1, 1, 2, 2, 1, 1, 1, 2, 2, 4 ),
 ( 0.000000000000000000, 0.1249999999999995559, 0.1874999999999995004, 0.2187499999999991951, 0.2343749999999992784, 0.2421874999999993061, 0.2499999999999993339, 0.3749999999999986677, 0.4374999999999982236, 0.4687499999999979461, 0.4843749999999978351, 0.4921874999999978351, 0.4999999999999977796, 0.6249999999999981126, 0.6874999999999982236, 0.7187499999999982236, 0.7343749999999982236, 0.7499999999999983347, 1.000000000000000000 ),
 .UNSPECIFIED. ) ;
#4831 = CARTESIAN_POINT ( 'NONE',  ( 0.1351378693511433582, -0.4740656416844942211, -0.02849196305250385752 ) ) ;
#4832 = CARTESIAN_POINT ( 'NONE',  ( 0.09287344308128375747, 0.4445743817267878706, -0.04696446488168208588 ) ) ;
#4833 = CARTESIAN_POINT ( 'NONE',  ( 0.000000000000000000, 0.5000000000000028866, -0.4285714289999961735 ) ) ;
#4834 = CARTESIAN_POINT ( 'NONE',  ( 0.4344857014214128510, 0.2318966286558629686, -0.007801397172469967840 ) ) ;
#4835 = EDGE_CURVE ( 'NONE', #3586, #129, #4919, .T. ) ;
#4836 = ORIENTED_EDGE ( 'NONE', *, *, #140, .F. ) ;
#4837 = VECTOR ( 'NONE', #4904, 39.37007874015748143 ) ;
#4838 = CARTESIAN_POINT ( 'NONE',  ( -0.02933681551538015395, 0.4542244242020801459, -0.04483100244380438387 ) ) ;
#4839 = CARTESIAN_POINT ( 'NONE',  ( 0.3133492190000257693, 0.3279793780000088699, -0.1247178750000034197 ) ) ;
#4840 = LINE ( 'NONE', #2159, #5279 ) ;
#4841 = VERTEX_POINT ( 'NONE', #7215 ) ;
#4842 = CARTESIAN_POINT ( 'NONE',  ( -0.4728031668098571783, -0.1633584060984157593, -0.2640831941918726500 ) ) ;
#4843 = CARTESIAN_POINT ( 'NONE',  ( -0.1170659946377700794, -0.4382456464098264393, -0.08331481080669797534 ) ) ;
#4844 = CARTESIAN_POINT ( 'NONE',  ( -0.2666227890000034129, 0.3669747860000008854, -0.3142857139999994387 ) ) ;
#4845 = ORIENTED_EDGE ( 'NONE', *, *, #5893, .F. ) ;
#4846 = DATE_AND_TIME ( #397, #3040 ) ;
#4847 = DIRECTION ( 'NONE',  ( -2.157041537713704703E-32, -0.000000000000000000, 1.000000000000000000 ) ) ;
#4848 = EDGE_CURVE ( 'NONE', #3167, #2915, #4567, .T. ) ;
#4849 = CARTESIAN_POINT ( 'NONE',  ( -0.1387701688124777788, -0.4803569926036972415, -0.04783381213246339081 ) ) ;
#4850 = CARTESIAN_POINT ( 'NONE',  ( -0.2938926260000119806, 0.4045084969999983016, -0.4303571429999983322 ) ) ;
#4851 = CARTESIAN_POINT ( 'NONE',  ( -0.4535971184601242934, -0.002803424412564844807, -0.2410000002536138164 ) ) ;
#4852 = CARTESIAN_POINT ( 'NONE',  ( 0.1800721104147541551, 0.7294792297683593274, 1.286725021531337606E-48 ) ) ;
#4853 = EDGE_CURVE ( 'NONE', #146, #3106, #968, .T. ) ;
#4854 = CARTESIAN_POINT ( 'NONE',  ( 0.7500000000000009992, 0.2187098938067202347, -0.4819646792270210756 ) ) ;
#4855 = CARTESIAN_POINT ( 'NONE',  ( -0.3764930457778859485, -0.3306300692763277649, -0.4739323684016619187 ) ) ;
#4856 = CARTESIAN_POINT ( 'NONE',  ( 0.7499999999070039447, -7.213280716390866784E-11, -0.5000000000241863196 ) ) ;
#4857 = LINE ( 'NONE', #6578, #6873 ) ;
#4858 = ORIENTED_EDGE ( 'NONE', *, *, #497, .F. ) ;
#4859 = CARTESIAN_POINT ( 'NONE',  ( -0.4377489525860745467, 0.1188922992135810625, -0.09231496204497449676 ) ) ;
#4860 = CARTESIAN_POINT ( 'NONE',  ( 0.1606203094693980649, -0.4737830126951483867, -0.3891388895192037789 ) ) ;
#4861 = CARTESIAN_POINT ( 'NONE',  ( 0.2666227890000034129, -0.3669747859999954454, -0.3589285710000008622 ) ) ;
#4862 = CARTESIAN_POINT ( 'NONE',  ( 0.1315797843989560401, -0.4679028401728919651, -0.02454993258436652045 ) ) ;
#4863 = CARTESIAN_POINT ( 'NONE',  ( -0.4526480670950173146, 0.1200000090784812817, -0.08377963259897304449 ) ) ;
#4864 =( BOUNDED_SURFACE ( )  B_SPLINE_SURFACE ( 1, 2, ( 
 ( #5178, #1731, #6796, #3453, #2329, #2367, #4025 ),
 ( #3493, #33, #4059, #562, #7370, #4626, #6915 ) ),
 .UNSPECIFIED., .F., .F., .F. ) 
 B_SPLINE_SURFACE_WITH_KNOTS ( ( 2, 2 ),
 ( 3, 2, 2, 3 ),
 ( 0.000000000000000000, 1.000000000000000000 ),
 ( 0.1161497987601080167, 0.1214285714285710249, 0.1219632558631550262, 0.1220213904341855005 ),
 .UNSPECIFIED. ) 
 GEOMETRIC_REPRESENTATION_ITEM ( )  RATIONAL_B_SPLINE_SURFACE ( (
 ( 0.9811209779318870172, 0.9638293866287261924, 1.000000000000000000, 0.9963362953524198540, 0.9932210899422718731, 0.9932210899422718731, 0.9932210899422718731),
 ( 0.9811209779318870172, 0.9638293866287261924, 1.000000000000000000, 0.9963362953524198540, 0.9932210899422718731, 0.9932210899422718731, 0.9932210899422718731) ) ) 
 REPRESENTATION_ITEM ( '' )  SURFACE ( )  );
#4865 = CARTESIAN_POINT ( 'NONE',  ( -0.4740919285951052387, -0.5811513082128129115, 2.670654598606183588E-11 ) ) ;
#4866 = CARTESIAN_POINT ( 'NONE',  ( 0.4755282579999763892, -0.1545084969999952484, -0.3785714290000007920 ) ) ;
#4867 = CARTESIAN_POINT ( 'NONE',  ( 0.000000000000000000, 0.000000000000000000, -0.4999999999999973910 ) ) ;
#4868 = CARTESIAN_POINT ( 'NONE',  ( -0.3297780478391394987, 0.3761881988049874947, -0.4204114167903038601 ) ) ;
#4869 = CARTESIAN_POINT ( 'NONE',  ( -0.3382477308955053052, 0.3458622459802966898, -0.1523902098868035737 ) ) ;
#4870 = EDGE_CURVE ( 'NONE', #5020, #6145, #1661, .T. ) ;
#4871 = CARTESIAN_POINT ( 'NONE',  ( 0.1224062452828692110, -0.4520138326146699859, -0.1572558501224000649 ) ) ;
#4872 = CARTESIAN_POINT ( 'NONE',  ( 0.000000000000000000, -0.4536057820000032326, -0.2142857139999999605 ) ) ;
#4873 = ORIENTED_EDGE ( 'NONE', *, *, #185, .F. ) ;
#4874 = CARTESIAN_POINT ( 'NONE',  ( -0.4999999999999986122, -3.510255252105914293E-08, -0.2678571420095274269 ) ) ;
#4875 = CARTESIAN_POINT ( 'NONE',  ( -0.1147994960000151415, -0.4388385589999895253, -0.08325522099999889403 ) ) ;
#4876 = CARTESIAN_POINT ( 'NONE',  ( -0.4361798832952656357, 0.2444361810053085893, -0.06828774799752822255 ) ) ;
#4877 = EDGE_LOOP ( 'NONE', ( #4021, #6003, #4720, #6709 ) ) ;
#4878 = COORDINATED_UNIVERSAL_TIME_OFFSET ( 10, 0, .AHEAD. ) ;
#4879 = LINE ( 'NONE', #3785, #6342 ) ;
#4880 = CARTESIAN_POINT ( 'NONE',  ( -0.4769493440000298623, 1.263871385787591936E-14, -0.3124999999999962808 ) ) ;
#4881 = CARTESIAN_POINT ( 'NONE',  ( 0.2938926260000032653, 0.4045084970000005220, -0.3017857140000005933 ) ) ;
#4882 = VERTEX_POINT ( 'NONE', #6609 ) ;
#4883 = ORIENTED_EDGE ( 'NONE', *, *, #2437, .F. ) ;
#4884 = CARTESIAN_POINT ( 'NONE',  ( -0.1147995149367577877, 0.4388385540461768319, -0.1087090645021201035 ) ) ;
#4885 = DIRECTION ( 'NONE',  ( -6.162975822039154730E-33, 0.000000000000000000, 1.000000000000000000 ) ) ;
#4886 = CARTESIAN_POINT ( 'NONE',  ( -0.3226455968293399090, -0.3188385551267639006, -0.08933123130845535553 ) ) ;
#4887 = CARTESIAN_POINT ( 'NONE',  ( 0.08863446001765817872, -0.8148522746365887137, -0.4597828452372964558 ) ) ;
#4888 = CARTESIAN_POINT ( 'NONE',  ( 0.7499999999540267748, -0.4330127018448935994, -0.4330127019932962784 ) ) ;
#4889 = ORIENTED_EDGE ( 'NONE', *, *, #4727, .F. ) ;
#4890 = CARTESIAN_POINT ( 'NONE',  ( 0.1473854529999788499, 0.4536057820000122809, -0.2625000000000038414 ) ) ;
#4891 = B_SPLINE_CURVE_WITH_KNOTS ( 'NONE', 3,
 ( #1085, #637, #5703, #2784 ),
 .UNSPECIFIED., .F., .F.,
 ( 4, 4 ),
 ( 0.000000000000000000, 1.000000000000000000 ),
 .UNSPECIFIED. ) ;
#4892 = ADVANCED_FACE ( 'NONE', ( #4422 ), #3262, .T. ) ;
#4893 = LINE ( 'NONE', #3304, #2660 ) ;
#4894 = CARTESIAN_POINT ( 'NONE',  ( -0.1147994977504004643, -0.4388385586998514998, -0.1457552206407181083 ) ) ;
#4895 = CARTESIAN_POINT ( 'NONE',  ( 0.06810202200001126693, -0.4752813359999926712, -0.01986797799999891201 ) ) ;
#4896 = CARTESIAN_POINT ( 'NONE',  ( 8.741913579725642299E-15, -0.4999999999999930056, -0.3928571430000017961 ) ) ;
#4897 = CARTESIAN_POINT ( 'NONE',  ( 0.4211700904504790399, 0.2555081037524776222, -0.007400264180546785135 ) ) ;
#4898 = VERTEX_POINT ( 'NONE', #259 ) ;
#4899 =( BOUNDED_SURFACE ( )  B_SPLINE_SURFACE ( 1, 2, ( 
 ( #3394, #6166, #1025, #5675, #3317 ),
 ( #6238, #2760, #4484, #572, #498 ) ),
 .UNSPECIFIED., .F., .F., .T. ) 
 B_SPLINE_SURFACE_WITH_KNOTS ( ( 2, 2 ),
 ( 3, 2, 3 ),
 ( 0.07692307692307571998, 1.000000000000000000 ),
 ( 0.08010921344591923066, 0.08571428571428572896, 0.08657804437597083069 ),
 .UNSPECIFIED. ) 
 GEOMETRIC_REPRESENTATION_ITEM ( )  RATIONAL_B_SPLINE_SURFACE ( (
 ( 0.9834629611452947451, 0.9615935531476199616, 1.000000000000000000, 0.9940814498823647982, 0.9895943154647740547),
 ( 0.9834629611452947451, 0.9615935531476199616, 1.000000000000000000, 0.9940814498823647982, 0.9895943154647740547) ) ) 
 REPRESENTATION_ITEM ( '' )  SURFACE ( )  );
#4900 = CARTESIAN_POINT ( 'NONE',  ( -0.1762204462136717498, 0.4682033471626778076, -0.2816132329008277368 ) ) ;
#4901 = CARTESIAN_POINT ( 'NONE',  ( 0.3466162749819571287, 0.3603569867439522789, -0.008684831988303545400 ) ) ;
#4902 = CARTESIAN_POINT ( 'NONE',  ( 0.01036512434051661304, 0.4557079251099087625, -0.04544009263223753453 ) ) ;
#4903 = EDGE_CURVE ( 'NONE', #4286, #3560, #2605, .T. ) ;
#4904 = DIRECTION ( 'NONE',  ( 6.162975822039154730E-33, -0.000000000000000000, -1.000000000000000000 ) ) ;
#4905 = CARTESIAN_POINT ( 'NONE',  ( -0.1387701760797704076, 0.4803569905042567312, -0.2110947592008583784 ) ) ;
#4906 = VERTEX_POINT ( 'NONE', #868 ) ;
#4907 = CARTESIAN_POINT ( 'NONE',  ( 0.2324100576703294063, -0.4437475260501111407, -0.2444890208579941770 ) ) ;
#4908 = CARTESIAN_POINT ( 'NONE',  ( -0.1472347090500014666, 0.4531418398200126041, -0.3265178568499959577 ) ) ;
#4909 = CARTESIAN_POINT ( 'NONE',  ( -0.4624235806420620709, 0.1901769471452527949, -0.2008433262690293153 ) ) ;
#4910 = EDGE_CURVE ( 'NONE', #6150, #2759, #6766, .T. ) ;
#4911 = CALENDAR_DATE ( 2025, 17, 8 ) ;
#4912 = CARTESIAN_POINT ( 'NONE',  ( 0.3981920380000141813, -0.2423900659999962681, -0.06867583700000304270 ) ) ;
#4913 = CARTESIAN_POINT ( 'NONE',  ( -0.4967620875059157171, -0.06567313952617023776, -0.3377676948011978375 ) ) ;
#4914 = CARTESIAN_POINT ( 'NONE',  ( -0.2938926260000119806, 0.4045084969999983016, -0.3589285710000008622 ) ) ;
#4915 = ORIENTED_EDGE ( 'NONE', *, *, #1912, .F. ) ;
#4916 = ORIENTED_EDGE ( 'NONE', *, *, #1003, .F. ) ;
#4917 = ORIENTED_EDGE ( 'NONE', *, *, #6361, .F. ) ;
#4918 = EDGE_CURVE ( 'NONE', #5083, #1258, #3275, .T. ) ;
#4919 = LINE ( 'NONE', #6041, #1566 ) ;
#4920 = VERTEX_POINT ( 'NONE', #4287 ) ;
#4921 = CARTESIAN_POINT ( 'NONE',  ( 0.3226455971764201069, -0.3188385547422191157, -0.2142401971511272984 ) ) ;
#4922 = CARTESIAN_POINT ( 'NONE',  ( -0.2710769515334299218, -0.7095190530680784979, -0.005507537058784105037 ) ) ;
#4923 = CARTESIAN_POINT ( 'NONE',  ( 1.420648375841214145E-10, -0.8660254038179523439, -0.4330127019932962784 ) ) ;
#4924 = CARTESIAN_POINT ( 'NONE',  ( 0.6270004534800944773, 0.5040265233111448362, -0.4702733897677573993 ) ) ;
#4925 = ORIENTED_EDGE ( 'NONE', *, *, #3789, .T. ) ;
#4926 = CARTESIAN_POINT ( 'NONE',  ( -0.3858601250000029403, 0.2803437910000101119, -0.3196428570000014457 ) ) ;
#4927 = CARTESIAN_POINT ( 'NONE',  ( -0.1387701810448538631, -0.4803569890698923261, -0.1192623835941950261 ) ) ;
#4928 = AXIS2_PLACEMENT_3D ( 'NONE', #5776, #6266, #2853 ) ;
#4929 = CARTESIAN_POINT ( 'NONE',  ( 0.1147995021949641675, -0.4388385575371617220, -0.1399590647775399432 ) ) ;
#4930 = EDGE_CURVE ( 'NONE', #1101, #6533, #3161, .T. ) ;
#4931 = CARTESIAN_POINT ( 'NONE',  ( 0.07048483521281943831, 0.4480960762204802550, -0.04639421858184938213 ) ) ;
#4932 = CARTESIAN_POINT ( 'NONE',  ( -0.4253254040000031821, -0.3090169939999880544, -0.4035714289999984272 ) ) ;
#4933 = CARTESIAN_POINT ( 'NONE',  ( 0.4551076356145483115, 0.1854899056868222762, -0.008543528671148062359 ) ) ;
#4934 = CARTESIAN_POINT ( 'NONE',  ( 0.03297404547376929507, 0.5000013642820699822, -0.2864391792388493174 ) ) ;
#4935 = CARTESIAN_POINT ( 'NONE',  ( 0.3226455944191681247, 0.3188385575656845772, -0.1875455171894839790 ) ) ;
#4936 = CARTESIAN_POINT ( 'NONE',  ( -0.7499999999070214862, -7.690917019603126664E-11, -0.5000000000241863196 ) ) ;
#4937 = CARTESIAN_POINT ( 'NONE',  ( 0.4718531820470220350, -0.1200000054782226766, -0.01312688840257832459 ) ) ;
#4938 = CARTESIAN_POINT ( 'NONE',  ( -0.7500000000000173195, 0.03659848511017430722, -0.5000000000000008882 ) ) ;
#4939 = EDGE_LOOP ( 'NONE', ( #886, #1964, #2382, #3536 ) ) ;
#4940 = CARTESIAN_POINT ( 'NONE',  ( 0.1387701737591595097, 0.4803569911746511378, -0.1460480976025696209 ) ) ;
#4941 = CARTESIAN_POINT ( 'NONE',  ( 0.4309634997699807735, -0.1400285289799987343, -0.2800892858600005919 ) ) ;
#4942 = LINE ( 'NONE', #3152, #1083 ) ;
#4943 = MANIFOLD_SOLID_BREP ( 'Imported1', #6871 ) ;
#4944 = APPROVAL_STATUS ( 'not_yet_approved' ) ;
#4945 = CARTESIAN_POINT ( 'NONE',  ( -0.4999999999999986122, -3.510255252105914293E-08, -0.2678571420095274269 ) ) ;
#4946 = ADVANCED_FACE ( 'NONE', ( #4322 ), #5021, .F. ) ;
#4947 = CARTESIAN_POINT ( 'NONE',  ( 0.4314047349999962089, -0.1401718949999970765, -0.2803571430000034725 ) ) ;
#4948 = AXIS2_PLACEMENT_3D ( 'NONE', #3634, #3028, #1344 ) ;
#4949 = CARTESIAN_POINT ( 'NONE',  ( -0.4253254040000215563, 0.3090169940000098703, -0.3553571430000019293 ) ) ;
#4950 = VERTEX_POINT ( 'NONE', #6784 ) ;
#4951 = ORIENTED_EDGE ( 'NONE', *, *, #5177, .T. ) ;
#4952 = CARTESIAN_POINT ( 'NONE',  ( -0.4385933154868356665, 0.2681825628097118663, -0.4972704069717127640 ) ) ;
#4953 = CARTESIAN_POINT ( 'NONE',  ( -0.4314047350000136949, 0.1401718949999970765, -0.1642857139999958360 ) ) ;
#4954 = CARTESIAN_POINT ( 'NONE',  ( -0.4999999999999973910, -5.112907035636480329E-09, -0.4821428572152829384 ) ) ;
#4955 = CARTESIAN_POINT ( 'NONE',  ( 0.2252180393247947832, -0.7359957083371032605, -0.4888396994998433498 ) ) ;
#4956 = VERTEX_POINT ( 'NONE', #4534 ) ;
#4957 = CARTESIAN_POINT ( 'NONE',  ( -0.7500000000000177636, -0.2993934838009442156, -0.03320601184624701746 ) ) ;
#4958 = EDGE_CURVE ( 'NONE', #6407, #5924, #3296, .T. ) ;
#4959 = ORIENTED_EDGE ( 'NONE', *, *, #6615, .T. ) ;
#4960 = CARTESIAN_POINT ( 'NONE',  ( 0.4769493439999838991, 3.446921961238886775E-15, -0.2767857139999957417 ) ) ;
#4961 = CARTESIAN_POINT ( 'NONE',  ( 0.3382477228075864706, 0.3458622535495947115, -0.1699426880351770641 ) ) ;
#4962 = PLANE ( 'NONE',  #5055 ) ;
#4963 = CARTESIAN_POINT ( 'NONE',  ( 0.7499999999540267748, -0.4330127018448935994, -0.4330127019932962784 ) ) ;
#4964 = CARTESIAN_POINT ( 'NONE',  ( 0.5257311119999773519, 6.893843922477773550E-15, -0.5178571430000026288 ) ) ;
#4965 = CARTESIAN_POINT ( 'NONE',  ( 0.4755654272650787218, 0.1200000067964945016, -0.009528311184337383277 ) ) ;
#4966 = DIRECTION ( 'NONE',  ( -6.162975822039154730E-33, 0.000000000000000000, 1.000000000000000000 ) ) ;
#4967 = CARTESIAN_POINT ( 'NONE',  ( 0.07048483521281943831, 0.4480960762204802550, -0.04639421858184938213 ) ) ;
#4968 = CARTESIAN_POINT ( 'NONE',  ( 0.3466162750021334338, -0.3603569866837849633, -0.1788151679822800322 ) ) ;
#4969 = CARTESIAN_POINT ( 'NONE',  ( -0.4096410164144484445, -0.6295190528431408028, -0.2410000000000006304 ) ) ;
#4970 = CARTESIAN_POINT ( 'NONE',  ( 0.3218282710789139855, 0.3196656399984953434, -0.04465908515921798716 ) ) ;
#4971 = ORIENTED_EDGE ( 'NONE', *, *, #5565, .T. ) ;
#4972 = CARTESIAN_POINT ( 'NONE',  ( 0.05996823024607862013, -0.4966207475917871483, -0.2486575535413746985 ) ) ;
#4973 = CARTESIAN_POINT ( 'NONE',  ( 0.3854654722100004371, 0.2800570589700124291, -0.3408035718600003205 ) ) ;
#4974 = CARTESIAN_POINT ( 'NONE',  ( -0.4467452737165722998, 0.2246130077618759546, -0.06777427819120268593 ) ) ;
#4975 = EDGE_CURVE ( 'NONE', #3496, #3935, #7308, .T. ) ;
#4976 = CALENDAR_DATE ( 2025, 17, 8 ) ;
#4977 = CARTESIAN_POINT ( 'NONE',  ( -0.3226455968293399090, 0.3188385551267693407, -0.1070973398211331890 ) ) ;
#4978 = CARTESIAN_POINT ( 'NONE',  ( 0.4374450917886659185, 0.1199999870984695682, -0.1219425301775934195 ) ) ;
#4979 = CARTESIAN_POINT ( 'NONE',  ( 0.4253254039999755931, 0.3090169940000098703, -0.3053571430000003861 ) ) ;
#4980 = CARTESIAN_POINT ( 'NONE',  ( 0.4253254039999847524, -0.3090169939999903304, -0.2482142860000028650 ) ) ;
#4981 = EDGE_LOOP ( 'NONE', ( #511, #1638, #6785, #2341 ) ) ;
#4982 =( BOUNDED_CURVE ( )  B_SPLINE_CURVE ( 2, ( #6378, #1235, #3531, #2968, #111 ),
 .UNSPECIFIED., .F., .F. ) 
 B_SPLINE_CURVE_WITH_KNOTS ( ( 3, 2, 3 ),
 ( 0.000000000000000000, 0.8708713993231605999, 1.000000000000000000 ),
 .UNSPECIFIED. ) 
 CURVE ( )  GEOMETRIC_REPRESENTATION_ITEM ( )  RATIONAL_B_SPLINE_CURVE ( ( 0.9831665015713981770, 0.9618563482124673492, 1.000000000000000000, 0.9943442437266200029, 0.9899956105512527360 ) ) 
 REPRESENTATION_ITEM ( '' )  );
#4983 = CARTESIAN_POINT ( 'NONE',  ( 0.03301538767741470787, -0.4999986361060697049, -0.3921313409193871724 ) ) ;
#4984 = ORIENTED_EDGE ( 'NONE', *, *, #6774, .T. ) ;
#4985 = CARTESIAN_POINT ( 'NONE',  ( -0.1800797433877319997, 0.7294804991764987090, 1.286731535763549123E-48 ) ) ;
#4986 = ORIENTED_EDGE ( 'NONE', *, *, #5491, .T. ) ;
#4987 = CARTESIAN_POINT ( 'NONE',  ( 0.7500000000000007772, 0.1011237110651994064, -0.4960834838043416961 ) ) ;
#4988 = CARTESIAN_POINT ( 'NONE',  ( -0.7500000000000177636, -0.3251208611265881121, -0.4610654495732355307 ) ) ;
#4989 = CARTESIAN_POINT ( 'NONE',  ( -0.05834953799999956919, -0.4536057819999979590, -0.2246282050000029118 ) ) ;
#4990 = VERTEX_POINT ( 'NONE', #2246 ) ;
#4991 = CARTESIAN_POINT ( 'NONE',  ( -0.4366738999999865145, -0.1239550729999941980, -0.09505604400000422505 ) ) ;
#4992 = ORIENTED_EDGE ( 'NONE', *, *, #5771, .F. ) ;
#4993 = CARTESIAN_POINT ( 'NONE',  ( 0.2666227890000034129, -0.3669747859999954454, -0.2875892857099974220 ) ) ;
#4994 = EDGE_CURVE ( 'NONE', #836, #3508, #4015, .T. ) ;
#4995 = ORIENTED_EDGE ( 'NONE', *, *, #5743, .T. ) ;
#4996 = B_SPLINE_CURVE_WITH_KNOTS ( 'NONE', 3,
 ( #6197, #4480, #1623, #1021 ),
 .UNSPECIFIED., .F., .F.,
 ( 4, 4 ),
 ( 0.000000000000000000, 1.000000000000000000 ),
 .UNSPECIFIED. ) ;
#4997 = CARTESIAN_POINT ( 'NONE',  ( -0.3218282710789139855, 0.3196656399984931229, -0.1696266288407789757 ) ) ;
#4998 = CARTESIAN_POINT ( 'NONE',  ( -0.4789230487500270583, -0.5895190528142418840, -0.2527537684999960899 ) ) ;
#4999 = CARTESIAN_POINT ( 'NONE',  ( 0.7500000000000004441, -0.3876225737028305418, -0.4457369753798120504 ) ) ;
#5000 = CARTESIAN_POINT ( 'NONE',  ( 0.000000000000000000, -0.4536057820000032326, -0.1517857139999970184 ) ) ;
#5001 = CARTESIAN_POINT ( 'NONE',  ( -0.3858601250000029403, 0.2803437910000101119, -0.3820535712799981720 ) ) ;
#5002 = B_SPLINE_CURVE_WITH_KNOTS ( 'NONE', 3,
 ( #4606, #3075, #2432, #1792 ),
 .UNSPECIFIED., .F., .F.,
 ( 4, 4 ),
 ( 0.000000000000000000, 1.000000000000000000 ),
 .UNSPECIFIED. ) ;
#5003 = CARTESIAN_POINT ( 'NONE',  ( -0.1606203304988363945, 0.4737830055814316599, -0.2819960320060780345 ) ) ;
#5004 = CARTESIAN_POINT ( 'NONE',  ( 0.4788076063048948838, 0.1200000075823367401, -0.01136141847043177847 ) ) ;
#5005 = CARTESIAN_POINT ( 'NONE',  ( 0.1387701628297481615, 0.4803569943320391000, -0.1549766691025441789 ) ) ;
#5006 = CARTESIAN_POINT ( 'NONE',  ( 0.1273771289999792444, 0.4353541920000071896, -0.04787314899999737389 ) ) ;
#5007 = CARTESIAN_POINT ( 'NONE',  ( 0.1404050990000063615, 0.4798816610000024019, -0.1550160059999970974 ) ) ;
#5008 = VERTEX_POINT ( 'NONE', #7428 ) ;
#5009 = CARTESIAN_POINT ( 'NONE',  ( -0.7330584532765551664, 0.1649095515246169208, 2.304627157652310793E-49 ) ) ;
#5010 = CARTESIAN_POINT ( 'NONE',  ( -1.748382715945128460E-14, 0.4536057820000065077, -0.2589285710000013840 ) ) ;
#5011 = CARTESIAN_POINT ( 'NONE',  ( 0.2938926260000032653, 0.4045084970000005220, -0.3732142859999980633 ) ) ;
#5012 = ORIENTED_EDGE ( 'NONE', *, *, #1167, .F. ) ;
#5013 = CARTESIAN_POINT ( 'NONE',  ( -0.04702669716541343220, -0.4537692346977250657, -0.4999999999999974465 ) ) ;
#5014 = LINE ( 'NONE', #6245, #3261 ) ;
#5015 = CARTESIAN_POINT ( 'NONE',  ( 0.3858601249999845106, 0.2803437910000101119, -0.3321428569999972380 ) ) ;
#5016 = EDGE_CURVE ( 'NONE', #1258, #6929, #4261, .T. ) ;
#5017 = CARTESIAN_POINT ( 'NONE',  ( 0.4755282579999763892, -0.1545084969999952484, -0.2446428570000003522 ) ) ;
#5018 = CARTESIAN_POINT ( 'NONE',  ( -0.003332809193306560808, 0.4790443326590377304, -0.02094409153952176209 ) ) ;
#5019 = CARTESIAN_POINT ( 'NONE',  ( -0.3133492190000080058, -0.3279793779999911063, -0.1515035889999972463 ) ) ;
#5020 = VERTEX_POINT ( 'NONE', #2882 ) ;
#5021 = PLANE ( 'NONE',  #1459 ) ;
#5022 = CARTESIAN_POINT ( 'NONE',  ( 0.4377489525860657205, -0.1188922992135799800, -0.1994578190449717292 ) ) ;
#5023 = CARTESIAN_POINT ( 'NONE',  ( -0.5951636171449722346, -0.5224075293439521817, -0.02417549414498754157 ) ) ;
#5024 = CARTESIAN_POINT ( 'NONE',  ( 0.05834953367986007305, 0.4536057820000015672, -0.1174853482265649368 ) ) ;
#5025 = CARTESIAN_POINT ( 'NONE',  ( 0.3226455821108160649, -0.3188385700210286111, -0.06245448328338669419 ) ) ;
#5026 = ORIENTED_EDGE ( 'NONE', *, *, #3571, .T. ) ;
#5027 = CONICAL_SURFACE ( 'NONE', #2995, 0.4601385050000006971, 0.7853981633974477239 ) ;
#5028 = CARTESIAN_POINT ( 'NONE',  ( -0.1473854529999972240, 0.4536057820000077290, -0.2554464287199994521 ) ) ;
#5029 = ORIENTED_EDGE ( 'NONE', *, *, #1127, .F. ) ;
#5030 = CARTESIAN_POINT ( 'NONE',  ( -0.1338714284255954068, -0.7887346987424475042, -0.02887595249010390872 ) ) ;
#5031 = EDGE_CURVE ( 'NONE', #4164, #6354, #7358, .T. ) ;
#5032 = CARTESIAN_POINT ( 'NONE',  ( -0.4789230484372763996, 0.5895190528728848633, -0.005507537013317412126 ) ) ;
#5033 = DIRECTION ( 'NONE',  ( -6.162975822039154730E-33, 0.000000000000000000, 1.000000000000000000 ) ) ;
#5034 = CARTESIAN_POINT ( 'NONE',  ( -0.1473854529999972240, 0.4536057820000077290, -0.3891964282800032260 ) ) ;
#5035 = VECTOR ( 'NONE', #6629, 39.37007874015748143 ) ;
#5036 = B_SPLINE_CURVE_WITH_KNOTS ( 'NONE', 3,
 ( #632, #4018, #5729, #6216, #7361, #4578, #5767, #25, #6865, #1609, #6257, #2321, #4537, #3937, #2214, #2920, #6295, #3898, #1185, #476, #2885, #3977, #5170, #1114, #4617, #2813, #1761, #4500, #1077, #6907, #6787, #64, #3332, #1722, #1683, #3409 ),
 .UNSPECIFIED., .F., .F.,
 ( 4, 2, 2, 2, 2, 2, 2, 2, 2, 2, 2, 2, 2, 2, 2, 2, 2, 4 ),
 ( 0.000000000000000000, 0.001787622436242194924, 0.003575244872484389849, 0.007150489744968780564, 0.01072573461745317258, 0.01161954583557426972, 0.01251335705369536686, 0.01430097948993756113, 0.01519479070805865480, 0.01608860192617975193, 0.01787622436242193927, 0.01966384679866412660, 0.02145146923490631741, 0.02323909167114850474, 0.02413290288926959667, 0.02502671410739069208, 0.02681433654363288288, 0.02860195897987506675 ),
 .UNSPECIFIED. ) ;
#5037 = CARTESIAN_POINT ( 'NONE',  ( -0.4331248571655503810, 0.2503402090959376824, -0.2737967624498846564 ) ) ;
#5038 = CARTESIAN_POINT ( 'NONE',  ( -0.3750000000839575631, 0.6495190528318490752, -0.5000000000241863196 ) ) ;
#5039 = CARTESIAN_POINT ( 'NONE',  ( -0.3464208919594022884, 0.3600184792388566035, -0.0004606529358046218699 ) ) ;
#5040 = CARTESIAN_POINT ( 'NONE',  ( 0.1351384289753944645, -0.4740666247399317190, -0.007051198599844748366 ) ) ;
#5041 = CARTESIAN_POINT ( 'NONE',  ( -0.4341673349600312370, -0.2479937428830713275, -0.1191184233081872268 ) ) ;
#5042 = VERTEX_POINT ( 'NONE', #2774 ) ;
#5043 = ADVANCED_FACE ( 'NONE', ( #5096 ), #2790, .T. ) ;
#5044 = CARTESIAN_POINT ( 'NONE',  ( -0.6267809361617189268, 0.4143809475309541135, 1.510677135137721698E-48 ) ) ;
#5045 = CARTESIAN_POINT ( 'NONE',  ( 0.4314047349999962089, 0.1401718950000036545, -0.2732142859999985851 ) ) ;
#5046 = CYLINDRICAL_SURFACE ( 'NONE', #5288, 0.5000000000000002220 ) ;
#5047 = ORIENTED_EDGE ( 'NONE', *, *, #2265, .T. ) ;
#5048 = CARTESIAN_POINT ( 'NONE',  ( 0.4314047349999962089, 0.1401718950000014619, -0.2017857140000011151 ) ) ;
#5049 = CARTESIAN_POINT ( 'NONE',  ( 0.2666227889999946421, 0.3669747859999997752, -0.4089285709999961882 ) ) ;
#5050 = CARTESIAN_POINT ( 'NONE',  ( 0.3858601249999845106, 0.2803437910000101119, -0.4035714289999984272 ) ) ;
#5051 = CARTESIAN_POINT ( 'NONE',  ( 0.7500000000000008882, -0.1455714836372668242, -0.007840061867121045705 ) ) ;
#5052 = DIRECTION ( 'NONE',  ( -6.162975822039154730E-33, 0.000000000000000000, 1.000000000000000000 ) ) ;
#5053 = ORIENTED_EDGE ( 'NONE', *, *, #6933, .F. ) ;
#5054 = CARTESIAN_POINT ( 'NONE',  ( -0.4061431526339976394, -0.2361795376414345948, -0.03017768441756994366 ) ) ;
#5055 = AXIS2_PLACEMENT_3D ( 'NONE', #6082, #378, #3834 ) ;
#5056 = CARTESIAN_POINT ( 'NONE',  ( -0.5416300588938240956, 0.1200000000000009948, -0.2410000000000021569 ) ) ;
#5057 = DIRECTION ( 'NONE',  ( -6.162975822039154730E-33, 0.000000000000000000, 1.000000000000000000 ) ) ;
#5058 = CARTESIAN_POINT ( 'NONE',  ( -0.1395672853457750606, 0.7854461942155125387, -0.02756693837020900845 ) ) ;
#5059 = CARTESIAN_POINT ( 'NONE',  ( -0.2938926260000119806, 0.4045084969999983016, -0.2874999999999995892 ) ) ;
#5060 = ORIENTED_EDGE ( 'NONE', *, *, #913, .F. ) ;
#5061 = CARTESIAN_POINT ( 'NONE',  ( -0.3320366669140814020, -0.3351043713421524850, -0.02825506066648167738 ) ) ;
#5062 = VERTEX_POINT ( 'NONE', #2212 ) ;
#5063 = CARTESIAN_POINT ( 'NONE',  ( 0.1473854529999788499, 0.4536057820000122809, -0.4053571430000035836 ) ) ;
#5064 = EDGE_CURVE ( 'NONE', #6859, #2696, #1744, .T. ) ;
#5065 = B_SPLINE_CURVE_WITH_KNOTS ( 'NONE', 3,
 ( #1279, #3861, #2633, #3760 ),
 .UNSPECIFIED., .F., .F.,
 ( 4, 4 ),
 ( 0.000000000000000000, 1.000000000000000000 ),
 .UNSPECIFIED. ) ;
#5066 = CARTESIAN_POINT ( 'NONE',  ( -0.4838123560533941769, -0.5866962099257811980, -0.4939782190708774112 ) ) ;
#5067 = CARTESIAN_POINT ( 'NONE',  ( 0.4624208256062339872, -0.5990466157908972411, -0.4960972636735471730 ) ) ;
#5068 = CARTESIAN_POINT ( 'NONE',  ( 0.1624598479999960210, -0.4999999999999920064, -0.4696428569999970826 ) ) ;
#5069 = CARTESIAN_POINT ( 'NONE',  ( 0.3226455917513633698, 0.3188385602653656115, -0.05361694557908439768 ) ) ;
#5070 = CARTESIAN_POINT ( 'NONE',  ( -0.3382477141045715507, -0.3458622620608806653, -0.1779669322434610790 ) ) ;
#5071 = CARTESIAN_POINT ( 'NONE',  ( -1.748382715945128460E-14, 0.4536057820000065077, -0.3927678572900040188 ) ) ;
#5072 = EDGE_CURVE ( 'NONE', #3232, #6662, #6329, .T. ) ;
#5073 = DIRECTION ( 'NONE',  ( -6.162975822039154730E-33, 0.000000000000000000, 1.000000000000000000 ) ) ;
#5074 = CARTESIAN_POINT ( 'NONE',  ( -0.1316733827941744539, 0.4680650062715867032, -0.01376679489225605089 ) ) ;
#5075 = DIRECTION ( 'NONE',  ( 6.162975822039154730E-33, 0.000000000000000000, -1.000000000000000000 ) ) ;
#5076 = DIRECTION ( 'NONE',  ( 0.5000000000933410016, 0.8660254037305482600, -6.162975822039157467E-33 ) ) ;
#5077 = CARTESIAN_POINT ( 'NONE',  ( 0.000000000000000000, 0.000000000000000000, -0.2146214160000040616 ) ) ;
#5078 = VERTEX_POINT ( 'NONE', #3407 ) ;
#5079 = B_SPLINE_CURVE_WITH_KNOTS ( 'NONE', 3,
 ( #199, #3623, #5909, #3020 ),
 .UNSPECIFIED., .F., .F.,
 ( 4, 4 ),
 ( 0.000000000000000000, 1.000000000000000000 ),
 .UNSPECIFIED. ) ;
#5080 = LINE ( 'NONE', #7380, #3735 ) ;
#5081 = CARTESIAN_POINT ( 'NONE',  ( -0.2663500906300201865, 0.3665994488900039538, -0.3943749998600010742 ) ) ;
#5082 = CARTESIAN_POINT ( 'NONE',  ( 0.3226455957284532494, 0.3188385562389680628, -0.1920098025977760581 ) ) ;
#5083 = VERTEX_POINT ( 'NONE', #22 ) ;
#5084 = EDGE_CURVE ( 'NONE', #7133, #5752, #1144, .T. ) ;
#5085 = FACE_OUTER_BOUND ( 'NONE', #7190, .T. ) ;
#5086 = CARTESIAN_POINT ( 'NONE',  ( 0.4314047349999962089, -0.1401718949999970765, -0.3517857139999959748 ) ) ;
#5087 = DIMENSIONAL_EXPONENTS ( 1.000000000000000000, 0.000000000000000000, 0.000000000000000000, 0.000000000000000000, 0.000000000000000000, 0.000000000000000000, 0.000000000000000000 ) ;
#5088 =( BOUNDED_SURFACE ( )  B_SPLINE_SURFACE ( 1, 2, ( 
 ( #1408, #4895, #4300, #6620, #842 ),
 ( #4372, #7227, #5423, #882, #7162 ) ),
 .UNSPECIFIED., .F., .F., .T. ) 
 B_SPLINE_SURFACE_WITH_KNOTS ( ( 2, 2 ),
 ( 3, 2, 3 ),
 ( 0.4312650218327530593, 0.9230769230769418909 ),
 ( 0.03247571858593460009, 0.03571428571428570536, 0.03895285284263690778 ),
 .UNSPECIFIED. ) 
 GEOMETRIC_REPRESENTATION_ITEM ( )  RATIONAL_B_SPLINE_SURFACE ( (
 ( 0.9757408310629269721, 0.9778090539537090953, 1.000000000000000000, 0.9778090539537090953, 0.9757408310629269721),
 ( 0.9757408310629269721, 0.9778090539537090953, 1.000000000000000000, 0.9778090539537090953, 0.9757408310629269721) ) ) 
 REPRESENTATION_ITEM ( '' )  SURFACE ( )  );
#5089 = CARTESIAN_POINT ( 'NONE',  ( -0.4314047349999962089, -0.1401718949999992692, -0.2999999999999984346 ) ) ;
#5090 = CARTESIAN_POINT ( 'NONE',  ( 0.4212874455380635763, -0.2402080010036957702, -0.01504381914518036940 ) ) ;
#5091 = CARTESIAN_POINT ( 'NONE',  ( 0.4999999999465318812, -1.795807597115140028E-11, -0.3124999999352633950 ) ) ;
#5092 = CARTESIAN_POINT ( 'NONE',  ( 0.4314047349999962089, 0.1401718950000036545, -0.4785714290000002702 ) ) ;
#5093 = ORIENTED_EDGE ( 'NONE', *, *, #3105, .F. ) ;
#5094 = ORIENTED_EDGE ( 'NONE', *, *, #3064, .F. ) ;
#5095 = CARTESIAN_POINT ( 'NONE',  ( -0.3021344858322062565, -0.3615526515077074898, -0.2410000000000020182 ) ) ;
#5096 = FACE_OUTER_BOUND ( 'NONE', #2343, .T. ) ;
#5097 = CARTESIAN_POINT ( 'NONE',  ( -0.3636080313868267355, -0.3440131406025883631, -0.05386418193503274277 ) ) ;
#5098 = CARTESIAN_POINT ( 'NONE',  ( -0.1351338257332524995, 0.7880058533168807777, -0.02858375669622498921 ) ) ;
#5099 = CARTESIAN_POINT ( 'NONE',  ( -0.4253254040000215008, 0.3090169940000098703, -0.2839285710000007956 ) ) ;
#5100 = CARTESIAN_POINT ( 'NONE',  ( 0.2744352727367870837, 0.3957190327916204620, -0.2410000000000021847 ) ) ;
#5101 = ORIENTED_EDGE ( 'NONE', *, *, #2889, .F. ) ;
#5102 = CARTESIAN_POINT ( 'NONE',  ( 0.2666227890000034129, -0.3669747859999954454, -0.4303571429999983322 ) ) ;
#5103 = CARTESIAN_POINT ( 'NONE',  ( -0.6586141943168990487, -0.4857743215243850443, -0.4605199231536412641 ) ) ;
#5104 = CARTESIAN_POINT ( 'NONE',  ( 0.1726292368392328136, -0.4606160213237285306, -0.2410000000000020459 ) ) ;
#5105 = CARTESIAN_POINT ( 'NONE',  ( 0.4755282579999763892, -0.1545084969999952484, -0.4589285710000003404 ) ) ;
#5106 = CARTESIAN_POINT ( 'NONE',  ( -0.7467787423010248116, -0.1200064729694669541, -0.003671691380787185568 ) ) ;
#5107 = ADVANCED_FACE ( 'NONE', ( #3443 ), #1606, .F. ) ;
#5108 = CARTESIAN_POINT ( 'NONE',  ( -0.1147994960000151415, -0.4388385589999895253, -0.1546837920000015965 ) ) ;
#5109 = CARTESIAN_POINT ( 'NONE',  ( 0.1473854529999880369, -0.4536057819999951279, -0.3534821432899968308 ) ) ;
#5110 = CARTESIAN_POINT ( 'NONE',  ( -0.4429303761728599631, 0.1000040662334304442, -0.2410000000000021569 ) ) ;
#5111 = CARTESIAN_POINT ( 'NONE',  ( -0.5417087719326401096, -0.5206938823095056401, 3.244488343815133227E-49 ) ) ;
#5112 = CARTESIAN_POINT ( 'NONE',  ( -0.4720772867878880175, -0.1663903021114289671, -0.1211589800191757438 ) ) ;
#5113 = DIRECTION ( 'NONE',  ( -6.162975822039154730E-33, 0.000000000000000000, 1.000000000000000000 ) ) ;
#5114 = CARTESIAN_POINT ( 'NONE',  ( 0.2666227889999946421, 0.3669747859999997752, -0.2660714290000024684 ) ) ;
#5115 = DIRECTION ( 'NONE',  ( 2.465190328815661892E-32, -3.414809992080331488E-17, 1.000000000000000000 ) ) ;
#5116 = CARTESIAN_POINT ( 'NONE',  ( -0.7499999998829637304, 0.4330127019679556599, -0.4330127019932962784 ) ) ;
#5117 = ORIENTED_EDGE ( 'NONE', *, *, #3254, .F. ) ;
#5118 = CARTESIAN_POINT ( 'NONE',  ( -0.4273426588885244626, -0.2136521108090889964, -0.4999999999999975575 ) ) ;
#5119 = CARTESIAN_POINT ( 'NONE',  ( 0.3858601249999937810, -0.2803437909999871303, -0.3553571430000019848 ) ) ;
#5120 = CARTESIAN_POINT ( 'NONE',  ( 0.2666227890000034129, -0.3669747859999954454, -0.3500000000000025313 ) ) ;
#5121 = EDGE_CURVE ( 'NONE', #1992, #3228, #3629, .T. ) ;
#5122 = DIRECTION ( 'NONE',  ( 1.000000000000000000, -8.326672684688663206E-16, 0.000000000000000000 ) ) ;
#5123 = CARTESIAN_POINT ( 'NONE',  ( -0.1404050990000242916, 0.4798816610000091187, -0.2110554230000025733 ) ) ;
#5124 = CARTESIAN_POINT ( 'NONE',  ( 0.000000000000000000, 0.000000000000000000, -0.03604998799999846459 ) ) ;
#5125 = VERTEX_POINT ( 'NONE', #1842 ) ;
#5126 = CARTESIAN_POINT ( 'NONE',  ( -0.3133492190000080058, 0.3279793780000088699, -0.09849641100000162963 ) ) ;
#5127 =( BOUNDED_CURVE ( )  B_SPLINE_CURVE ( 2, ( #4090, #6368, #2395, #4440, #3312 ),
 .UNSPECIFIED., .F., .T. ) 
 B_SPLINE_CURVE_WITH_KNOTS ( ( 3, 2, 3 ),
 ( 0.000000000000000000, 0.1291285314823654162, 1.000000000000000000 ),
 .UNSPECIFIED. ) 
 CURVE ( )  GEOMETRIC_REPRESENTATION_ITEM ( )  RATIONAL_B_SPLINE_CURVE ( ( 0.9899956165723652335, 0.9943442476420963905, 1.000000000000000000, 0.9618563511490748619, 0.9831664982901415772 ) ) 
 REPRESENTATION_ITEM ( '' )  );
#5128 = DIRECTION ( 'NONE',  ( -0.8660254052741293007, -0.4999999974197800179, 3.081487911019575312E-33 ) ) ;
#5129 = ORIENTED_EDGE ( 'NONE', *, *, #7213, .F. ) ;
#5130 = CARTESIAN_POINT ( 'NONE',  ( -0.4459337054642701914, -0.2264516774484348072, -0.05718725885596056407 ) ) ;
#5131 = CARTESIAN_POINT ( 'NONE',  ( -0.09142934072924821520, 0.8132386495050176745, -0.03870171885247133958 ) ) ;
#5132 = CARTESIAN_POINT ( 'NONE',  ( 0.2938926260000032653, 0.4045084970000005220, -0.3017857140000005933 ) ) ;
#5133 = DIRECTION ( 'NONE',  ( -6.162975822039154730E-33, 0.000000000000000000, 1.000000000000000000 ) ) ;
#5134 = EDGE_LOOP ( 'NONE', ( #28, #396, #681, #7418, #1538 ) ) ;
#5135 = ADVANCED_FACE ( 'NONE', ( #2617 ), #1579, .T. ) ;
#5136 = CARTESIAN_POINT ( 'NONE',  ( 0.1473854529999788499, 0.4536057820000122809, -0.4054464287200043038 ) ) ;
#5137 = CARTESIAN_POINT ( 'NONE',  ( 0.4813363460000092409, -0.1366330389999941552, -0.02994395599999572291 ) ) ;
#5138 = CARTESIAN_POINT ( 'NONE',  ( -0.4114394624447483828, 0.2115779450881881685, -0.03736987561776079075 ) ) ;
#5139 = CARTESIAN_POINT ( 'NONE',  ( 0.1387701628125003750, -0.4803569943370263329, -0.03252333090925752651 ) ) ;
#5140 = CARTESIAN_POINT ( 'NONE',  ( -0.3794417733749345656, 0.3264655908624478076, -0.1330961660370757749 ) ) ;
#5141 = AXIS2_PLACEMENT_3D ( 'NONE', #2031, #4316, #6036 ) ;
#5142 = B_SPLINE_CURVE_WITH_KNOTS ( 'NONE', 3,
 ( #569, #1093, #4553, #3541, #2376, #1, #6309, #4631, #6274, #2825, #6842, #6966, #81, #4107 ),
 .UNSPECIFIED., .F., .F.,
 ( 4, 2, 2, 1, 1, 2, 2, 4 ),
 ( 0.000000000000000000, 0.2500000000000034972, 0.3750000000000051070, 0.4375000000000061062, 0.4687500000000064393, 0.4843750000000064393, 0.5000000000000064393, 1.000000000000000000 ),
 .UNSPECIFIED. ) ;
#5143 = CARTESIAN_POINT ( 'NONE',  ( -0.3453981759999962264, -0.3615246879999913232, -0.1247178750000034197 ) ) ;
#5144 = CARTESIAN_POINT ( 'NONE',  ( -0.3858601250000029403, -0.2803437909999825228, -0.3677678572899977238 ) ) ;
#5145 = LINE ( 'NONE', #2335, #3010 ) ;
#5146 = EDGE_CURVE ( 'NONE', #5805, #1914, #1933, .T. ) ;
#5147 = CARTESIAN_POINT ( 'NONE',  ( -0.3466162715994834387, 0.3603569899974859991, -0.07167231112741767607 ) ) ;
#5148 = CARTESIAN_POINT ( 'NONE',  ( 0.2276815667783101960, -0.3934591107444007640, -0.4999999999999974465 ) ) ;
#5149 = CARTESIAN_POINT ( 'NONE',  ( -0.5417114892030733264, 0.5206866371224498913, 2.056206918732279703E-48 ) ) ;
#5150 = CARTESIAN_POINT ( 'NONE',  ( 0.4314047349999962089, -0.1401718949999970765, -0.2089285709999972596 ) ) ;
#5151 = DIRECTION ( 'NONE',  ( 8.049116928532381960E-16, -1.000000000000000000, -6.829619984160655581E-17 ) ) ;
#5152 = CARTESIAN_POINT ( 'NONE',  ( -0.4664154962116946468, 0.5967402916409563218, -0.4957342184338772717 ) ) ;
#5153 = ADVANCED_FACE ( 'NONE', ( #4166 ), #1573, .F. ) ;
#5154 = ORIENTED_EDGE ( 'NONE', *, *, #4017, .F. ) ;
#5155 = VERTEX_POINT ( 'NONE', #1310 ) ;
#5156 = CARTESIAN_POINT ( 'NONE',  ( 0.4757023016353071898, 0.5839405566196570474, -0.001835845691366682665 ) ) ;
#5157 = CARTESIAN_POINT ( 'NONE',  ( 0.3978969295085770796, -0.2432983160305170478, -0.4972704071812070192 ) ) ;
#5158 = CARTESIAN_POINT ( 'NONE',  ( -0.2666227890000034129, -0.3669747859999954454, -0.2928571430000023179 ) ) ;
#5159 = LINE ( 'NONE', #6324, #1689 ) ;
#5160 = CARTESIAN_POINT ( 'NONE',  ( 0.01908322476347588600, 0.4775706640728026309, -0.02216945340352239821 ) ) ;
#5161 = CARTESIAN_POINT ( 'NONE',  ( -1.748382715945128460E-14, 0.4536057820000065077, -0.4642857140000030136 ) ) ;
#5162 = EDGE_LOOP ( 'NONE', ( #5680, #1988, #830, #2308 ) ) ;
#5163 = VECTOR ( 'NONE', #3243, 39.37007874015748143 ) ;
#5164 = ORIENTED_EDGE ( 'NONE', *, *, #356, .T. ) ;
#5165 = CARTESIAN_POINT ( 'NONE',  ( -0.3601438666195188598, -0.3044053333547129259, -0.02890022503342900770 ) ) ;
#5166 = ADVANCED_FACE ( 'NONE', ( #6410 ), #5762, .F. ) ;
#5167 = CARTESIAN_POINT ( 'NONE',  ( 0.03748414817307235691, 0.4991434546749018986, -0.08118897553759607533 ) ) ;
#5168 = ORIENTED_EDGE ( 'NONE', *, *, #6821, .T. ) ;
#5169 = DIRECTION ( 'NONE',  ( 0.4999999995770180172, -0.8660254040286473609, 0.000000000000000000 ) ) ;
#5170 = CARTESIAN_POINT ( 'NONE',  ( 0.4700386912663064298, 0.01298324929930346275, -0.4999999999999973910 ) ) ;
#5171 = CARTESIAN_POINT ( 'NONE',  ( -0.2941653243700214637, 0.4048838341100017835, -0.2872321428599967086 ) ) ;
#5172 = CARTESIAN_POINT ( 'NONE',  ( -0.4853864454548739715, -0.1199999940914934088, -0.1311547990681868614 ) ) ;
#5173 = ORIENTED_EDGE ( 'NONE', *, *, #5548, .T. ) ;
#5174 = CARTESIAN_POINT ( 'NONE',  ( 0.3858601249999845106, 0.2803437910000101119, -0.4125892857099995314 ) ) ;
#5175 = CARTESIAN_POINT ( 'NONE',  ( -0.6417372217573352744, -0.4955182461771800995, -0.4650092868894769027 ) ) ;
#5176 = CARTESIAN_POINT ( 'NONE',  ( 0.4535207363319224694, -0.2106021122615514551, -0.1656275095000143693 ) ) ;
#5177 = EDGE_CURVE ( 'NONE', #3765, #6205, #141, .T. ) ;
#5178 = CARTESIAN_POINT ( 'NONE',  ( -0.3226455930000037275, -0.3188385589999955250, -0.08040266000000181879 ) ) ;
#5179 = CARTESIAN_POINT ( 'NONE',  ( 0.6923586331352593604, -0.4662919606840984499, -0.04859685502159107745 ) ) ;
#5180 = CARTESIAN_POINT ( 'NONE',  ( 0.4314047349999962089, 0.1401718950000014619, -0.1928571430000028397 ) ) ;
#5181 = CARTESIAN_POINT ( 'NONE',  ( 0.000000000000000000, -0.4536057820000032326, -0.4999107142899996137 ) ) ;
#5182 = CIRCLE ( 'NONE', #6142, 0.7500000000000013323 ) ;
#5183 = CARTESIAN_POINT ( 'NONE',  ( 0.01768146968392475538, -0.4773101660330251739, -0.02238226097597314362 ) ) ;
#5184 = CARTESIAN_POINT ( 'NONE',  ( -0.1624598480000143952, -0.4999999999999896749, -0.4053571430000035836 ) ) ;
#5185 = CARTESIAN_POINT ( 'NONE',  ( 0.1624598479999960210, 0.5000000000000103251, -0.4410714290000041782 ) ) ;
#5186 = CYLINDRICAL_SURFACE ( 'NONE', #4437, 0.5000000000000007772 ) ;
#5187 = CARTESIAN_POINT ( 'NONE',  ( -1.748382715945128460E-14, 0.4536057820000065077, -0.3303571429999988540 ) ) ;
#5188 = CARTESIAN_POINT ( 'NONE',  ( -0.04696404352622986222, 0.4999999999903678161, 1.091045663958112927E-49 ) ) ;
#5189 = ORIENTED_EDGE ( 'NONE', *, *, #6056, .T. ) ;
#5190 = CARTESIAN_POINT ( 'NONE',  ( -0.3168212229358734477, -0.3476302660313283499, -0.2410000000000021569 ) ) ;
#5191 = ORIENTED_EDGE ( 'NONE', *, *, #2464, .F. ) ;
#5192 = CARTESIAN_POINT ( 'NONE',  ( -0.3971913906944458117, 0.3054820696144969205, -0.4896018538498319028 ) ) ;
#5193 = CARTESIAN_POINT ( 'NONE',  ( 0.1303964392018874263, 0.4658532493621167503, -0.06514011067924006804 ) ) ;
#5194 = CARTESIAN_POINT ( 'NONE',  ( 8.741913579725642299E-15, -0.4999999999999930056, -0.1071428570000043518 ) ) ;
#5195 = CARTESIAN_POINT ( 'NONE',  ( 0.4624235806435255669, -0.1901769471423385149, -0.09370046927346518950 ) ) ;
#5196 = DIRECTION ( 'NONE',  ( -6.162975822039154730E-33, 0.000000000000000000, 1.000000000000000000 ) ) ;
#5197 = CARTESIAN_POINT ( 'NONE',  ( 0.1387701628297481615, 0.4803569943320391000, -0.1549766691025441789 ) ) ;
#5198 = CARTESIAN_POINT ( 'NONE',  ( 0.7330584533442117134, -0.1649095512236494476, 2.150230219079167559E-48 ) ) ;
#5199 = B_SPLINE_CURVE_WITH_KNOTS ( 'NONE', 3,
 ( #982, #418, #2118, #2682 ),
 .UNSPECIFIED., .F., .F.,
 ( 4, 4 ),
 ( 0.000000000000000000, 1.000000000000000000 ),
 .UNSPECIFIED. ) ;
#5200 = EDGE_CURVE ( 'NONE', #5794, #3643, #1191, .T. ) ;
#5201 = EDGE_LOOP ( 'NONE', ( #367, #3144, #228, #4173, #3923, #5245, #2035, #4771, #4531, #5848, #1670, #7430, #6828, #6538, #6769, #1630, #643, #7069, #4359, #4192, #4277, #1648 ) ) ;
#5202 = CARTESIAN_POINT ( 'NONE',  ( 0.4081487210569930690, 0.2890563644831080636, -0.01977596010240581514 ) ) ;
#5203 = LINE ( 'NONE', #3521, #3491 ) ;
#5204 = ORIENTED_EDGE ( 'NONE', *, *, #3273, .T. ) ;
#5205 = CARTESIAN_POINT ( 'NONE',  ( -0.4380528171721212449, -0.1177845984271576329, -0.2291418331281998289 ) ) ;
#5206 = CARTESIAN_POINT ( 'NONE',  ( -0.2710769514403197911, 0.7095190530413632013, -0.005507537025197672791 ) ) ;
#5207 = CARTESIAN_POINT ( 'NONE',  ( -0.4257200567900056298, -0.3093037260299856261, -0.3408035718600003205 ) ) ;
#5208 = CARTESIAN_POINT ( 'NONE',  ( 0.2570510754005593257, 0.4062761726497958192, -0.2410000000000021847 ) ) ;
#5209 = ORIENTED_EDGE ( 'NONE', *, *, #4515, .F. ) ;
#5210 = B_SPLINE_CURVE_WITH_KNOTS ( 'NONE', 3,
 ( #4060, #1552, #3845, #6340 ),
 .UNSPECIFIED., .F., .F.,
 ( 4, 4 ),
 ( 0.000000000000000000, 1.000000000000000000 ),
 .UNSPECIFIED. ) ;
#5211 = CARTESIAN_POINT ( 'NONE',  ( 0.1473854529999880369, -0.4536057819999951279, -0.3625892857099978772 ) ) ;
#5212 = CARTESIAN_POINT ( 'NONE',  ( -0.5654179716795886268, -0.5395811857648855625, -0.4817758239731039782 ) ) ;
#5213 = CARTESIAN_POINT ( 'NONE',  ( 0.3299453045691934649, 0.3166579141921636031, -0.04275257716828542026 ) ) ;
#5214 = CARTESIAN_POINT ( 'NONE',  ( -0.5000000028765990701, -0.07919221080149685399, -0.4892409189392426527 ) ) ;
#5215 = CARTESIAN_POINT ( 'NONE',  ( -0.06499618000001031182, 0.4536057820000076735, -0.1055678770000016697 ) ) ;
#5216 = CARTESIAN_POINT ( 'NONE',  ( -0.1404050990000242916, 0.4798816610000091187, -0.06819828000000106860 ) ) ;
#5217 = EDGE_LOOP ( 'NONE', ( #977, #3046, #6988, #7269 ) ) ;
#5218 = CARTESIAN_POINT ( 'NONE',  ( -0.3636080313851058898, 0.3440131406101177847, -0.1336358180728308975 ) ) ;
#5219 = CARTESIAN_POINT ( 'NONE',  ( 0.4314047349999962089, 0.1401718950000014619, -0.1303571429999998699 ) ) ;
#5220 =( BOUNDED_CURVE ( )  B_SPLINE_CURVE ( 2, ( #3034, #785, #3079, #6700, #5996 ),
 .UNSPECIFIED., .F., .F. ) 
 B_SPLINE_CURVE_WITH_KNOTS ( ( 3, 2, 3 ),
 ( 0.000000000000000000, 0.1291285538312772485, 1.000000000000000000 ),
 .UNSPECIFIED. ) 
 CURVE ( )  GEOMETRIC_REPRESENTATION_ITEM ( )  RATIONAL_B_SPLINE_CURVE ( ( 0.9899956150670868871, 0.9943442466632272936, 1.000000000000000000, 0.9618563521279426265, 0.9831664971963914867 ) ) 
 REPRESENTATION_ITEM ( '' )  );
#5221 = CARTESIAN_POINT ( 'NONE',  ( 0.1473854529999788499, 0.4536057820000122809, -0.3250000000000013434 ) ) ;
#5222 = EDGE_CURVE ( 'NONE', #4323, #502, #6666, .T. ) ;
#5223 = CARTESIAN_POINT ( 'NONE',  ( -0.1260946151289027983, -0.4584022871268874089, -0.02457123681965697748 ) ) ;
#5224 = CARTESIAN_POINT ( 'NONE',  ( -0.3382477271590935142, 0.3458622492939481541, -0.08096163897628380623 ) ) ;
#5225 = CARTESIAN_POINT ( 'NONE',  ( 0.4755282579999851045, 0.1545084970000039915, -0.4517857140000041682 ) ) ;
#5226 = EDGE_LOOP ( 'NONE', ( #238, #3196, #4076, #5839, #6104, #4845, #5991, #62, #754, #7027, #5093, #4535, #5117, #2370, #1603, #5780, #1481, #3080 ) ) ;
#5227 = CARTESIAN_POINT ( 'NONE',  ( 0.4755282579999851045, 0.1545084970000039915, -0.1660714290000029902 ) ) ;
#5228 = CARTESIAN_POINT ( 'NONE',  ( 0.1473854529999880369, -0.4536057819999951279, -0.4339285709999964880 ) ) ;
#5229 = VERTEX_POINT ( 'NONE', #2958 ) ;
#5230 = CARTESIAN_POINT ( 'NONE',  ( -1.748382715945128460E-14, -0.8660254038962383882, -0.06698729803471893673 ) ) ;
#5231 = EDGE_CURVE ( 'NONE', #763, #4193, #6591, .T. ) ;
#5232 = VERTEX_POINT ( 'NONE', #2917 ) ;
#5233 = CARTESIAN_POINT ( 'NONE',  ( 0.4853864444068496375, 0.1199999976040805882, -0.2382976561652351832 ) ) ;
#5234 = CARTESIAN_POINT ( 'NONE',  ( -0.2910755991468343407, 0.4068681912580037197, -0.4929359260601451909 ) ) ;
#5235 = CARTESIAN_POINT ( 'NONE',  ( 0.3382477358621089336, -0.3458622407826161815, -0.08898588288523770484 ) ) ;
#5236 = CARTESIAN_POINT ( 'NONE',  ( -0.2687691180000100211, 0.3654057560000092963, -0.5285069429999977864 ) ) ;
#5237 = CARTESIAN_POINT ( 'NONE',  ( 0.4012184404274931615, -0.2986012783122642955, -0.1679962352668704917 ) ) ;
#5238 = CARTESIAN_POINT ( 'NONE',  ( -0.1387701785137114840, 0.4803569898011118555, -0.005737616289954299356 ) ) ;
#5239 = CARTESIAN_POINT ( 'NONE',  ( 0.1178675148761033353, 0.4441525242083131375, -0.04047678968402181748 ) ) ;
#5240 = CARTESIAN_POINT ( 'NONE',  ( -0.1473854530000156260, -0.4536057819999870233, -0.3607142860000018825 ) ) ;
#5241 = ORIENTED_EDGE ( 'NONE', *, *, #1671, .F. ) ;
#5242 = ORIENTED_EDGE ( 'NONE', *, *, #3153, .T. ) ;
#5243 = CARTESIAN_POINT ( 'NONE',  ( -0.4280621534738409117, -0.1918156485052022464, -0.03094202497606361041 ) ) ;
#5244 = CARTESIAN_POINT ( 'NONE',  ( -0.1704994011210655414, 0.5353136246929149911, -0.2410000000000021569 ) ) ;
#5245 = ORIENTED_EDGE ( 'NONE', *, *, #497, .T. ) ;
#5246 = FACE_OUTER_BOUND ( 'NONE', #1064, .T. ) ;
#5247 = EDGE_CURVE ( 'NONE', #3228, #7214, #5203, .T. ) ;
#5248 = CARTESIAN_POINT ( 'NONE',  ( 0.3971843318228993058, -0.3054913631136166874, -0.3110306950512792268 ) ) ;
#5249 = CARTESIAN_POINT ( 'NONE',  ( -0.2965333726100085610, 0.4031527213300080681, -0.5014533708499984144 ) ) ;
#5250 = EDGE_LOOP ( 'NONE', ( #5257, #1626, #2632, #5550 ) ) ;
#5251 = CARTESIAN_POINT ( 'NONE',  ( -0.3858601250000029403, -0.2803437909999825228, -0.3768749997099989923 ) ) ;
#5252 = CARTESIAN_POINT ( 'NONE',  ( 0.1387701737246377076, -0.4803569911846136686, -0.04145190236102916370 ) ) ;
#5253 = CARTESIAN_POINT ( 'NONE',  ( 0.5606762308495460978, -0.5423188311102151715, -0.4826548604619189109 ) ) ;
#5254 = CARTESIAN_POINT ( 'NONE',  ( 0.3418989078499359291, -0.3651995840574465135, -0.4557555327459815731 ) ) ;
#5255 = CARTESIAN_POINT ( 'NONE',  ( 0.1224062452828691833, -0.4520138326146698193, -0.1313861105537957874 ) ) ;
#5256 = CARTESIAN_POINT ( 'NONE',  ( -0.4314047349999962089, -0.1401718949999992692, -0.2375000000000042355 ) ) ;
#5257 = ORIENTED_EDGE ( 'NONE', *, *, #4442, .F. ) ;
#5258 = DIRECTION ( 'NONE',  ( 1.000000000000000000, -8.326672684688663206E-16, 6.162975822039154730E-33 ) ) ;
#5259 = CARTESIAN_POINT ( 'NONE',  ( -0.1893237690508072779, -0.7567192749473178326, -0.4826548604511500251 ) ) ;
#5260 = CARTESIAN_POINT ( 'NONE',  ( -0.3858601250000029403, -0.2803437909999825228, -0.3678571429999978326 ) ) ;
#5261 = CARTESIAN_POINT ( 'NONE',  ( -0.4686285172357860240, -0.1200000165421259285, -0.06902839229083078398 ) ) ;
#5262 = EDGE_CURVE ( 'NONE', #4239, #6382, #1395, .T. ) ;
#5263 = CARTESIAN_POINT ( 'NONE',  ( 8.741913579725642299E-15, -0.4999999999999930056, -0.4017857140000000715 ) ) ;
#5264 =( BOUNDED_SURFACE ( )  B_SPLINE_SURFACE ( 1, 2, ( 
 ( #1812, #2930, #3313, #3877, #2368 ),
 ( #1550, #5215, #2228, #4100, #6162 ) ),
 .UNSPECIFIED., .F., .F., .F. ) 
 B_SPLINE_SURFACE_WITH_KNOTS ( ( 2, 2 ),
 ( 3, 2, 3 ),
 ( 0.07692307692307202849, 1.000000000000000000 ),
 ( 0.1396185757287919937, 0.1428571428571430435, 0.1460957099854940378 ),
 .UNSPECIFIED. ) 
 GEOMETRIC_REPRESENTATION_ITEM ( )  RATIONAL_B_SPLINE_SURFACE ( (
 ( 0.9757408310629269721, 0.9778090539537090953, 1.000000000000000000, 0.9778090539537090953, 0.9757408310629269721),
 ( 0.9757408310629269721, 0.9778090539537090953, 1.000000000000000000, 0.9778090539537090953, 0.9757408310629269721) ) ) 
 REPRESENTATION_ITEM ( '' )  SURFACE ( )  );
#5265 = CARTESIAN_POINT ( 'NONE',  ( -0.1147995110840740879, -0.4388385552117798905, -0.07432664949236660046 ) ) ;
#5266 = CARTESIAN_POINT ( 'NONE',  ( 0.4096410160805784573, -0.6295190530358963921, -0.2410000000000006304 ) ) ;
#5267 = CARTESIAN_POINT ( 'NONE',  ( -0.4314047349999962089, -0.1401718949999992692, -0.3803571430000029507 ) ) ;
#5268 = CARTESIAN_POINT ( 'NONE',  ( -0.4374450864249949111, -0.1200000066511306834, -0.1665853867600722849 ) ) ;
#5269 = ORIENTED_EDGE ( 'NONE', *, *, #5016, .F. ) ;
#5270 = CIRCLE ( 'NONE', #3233, 0.7500000000000011102 ) ;
#5271 = VERTEX_POINT ( 'NONE', #311 ) ;
#5272 = CARTESIAN_POINT ( 'NONE',  ( 0.4870773485633529409, 0.1141360579577447437, -0.4437903426595345979 ) ) ;
#5273 = ORIENTED_EDGE ( 'NONE', *, *, #2626, .T. ) ;
#5274 = DIRECTION ( 'NONE',  ( -6.162975822039154730E-33, 0.000000000000000000, 1.000000000000000000 ) ) ;
#5275 = EDGE_CURVE ( 'NONE', #3643, #5809, #3479, .T. ) ;
#5276 = CARTESIAN_POINT ( 'NONE',  ( -0.2644172861589161871, 0.3750354397745977453, -0.2410000000000022680 ) ) ;
#5277 = CARTESIAN_POINT ( 'NONE',  ( 0.1387701754620405681, 0.4803569904372150257, -0.2264052405854924399 ) ) ;
#5278 = CARTESIAN_POINT ( 'NONE',  ( 0.4332233490683459753, -0.2496351461647489944, -0.09521093981859043986 ) ) ;
#5279 = VECTOR ( 'NONE', #3879, 39.37007874015748143 ) ;
#5280 = CONICAL_SURFACE ( 'NONE', #6965, 0.7500000000000011102, 1.047197549762621138 ) ;
#5281 = CARTESIAN_POINT ( 'NONE',  ( -0.1387701624492301555, 0.4803569942579404284, -0.2200233311589092078 ) ) ;
#5282 = CARTESIAN_POINT ( 'NONE',  ( 0.09984484857547423764, 0.4632711505651341821, -0.02678535638398989865 ) ) ;
#5283 = CARTESIAN_POINT ( 'NONE',  ( -0.4374450883968296622, 0.1199999999775625964, -0.2352003277081534116 ) ) ;
#5284 = ORIENTED_EDGE ( 'NONE', *, *, #4515, .T. ) ;
#5285 = AXIS2_PLACEMENT_3D ( 'NONE', #3474, #4528, #6815 ) ;
#5286 = ORIENTED_EDGE ( 'NONE', *, *, #806, .T. ) ;
#5287 =( LENGTH_UNIT ( ) NAMED_UNIT ( * ) SI_UNIT ( $, .METRE. ) );
#5288 = AXIS2_PLACEMENT_3D ( 'NONE', #2800, #5115, #5151 ) ;
#5289 = DIRECTION ( 'NONE',  ( -6.162975822039154730E-33, 0.000000000000000000, 1.000000000000000000 ) ) ;
#5290 = ORIENTED_EDGE ( 'NONE', *, *, #6951, .T. ) ;
#5291 = CARTESIAN_POINT ( 'NONE',  ( 0.4374450879999922104, -0.1199999999999933759, -0.05662889899999910132 ) ) ;
#5292 = B_SPLINE_CURVE_WITH_KNOTS ( 'NONE', 3,
 ( #7075, #220, #2526, #4818 ),
 .UNSPECIFIED., .F., .F.,
 ( 4, 4 ),
 ( 0.000000000000000000, 0.003010424924877577561 ),
 .UNSPECIFIED. ) ;
#5293 = CARTESIAN_POINT ( 'NONE',  ( -0.06548228815268829217, -0.4967613514224941684, -0.3228912312458465106 ) ) ;
#5294 = CARTESIAN_POINT ( 'NONE',  ( -0.2938926260000119806, 0.4045084969999983016, -0.2874999999999995892 ) ) ;
#5295 = CARTESIAN_POINT ( 'NONE',  ( -0.4374450893992299916, -0.1199999958089035257, -0.08622824406671662778 ) ) ;
#5296 = ORIENTED_EDGE ( 'NONE', *, *, #4958, .T. ) ;
#5297 = CARTESIAN_POINT ( 'NONE',  ( 0.4314047349999962089, -0.1401718949999970765, -0.4233035717200007153 ) ) ;
#5298 = CARTESIAN_POINT ( 'NONE',  ( -0.01716196402412127966, -0.4999999999933987804, -0.1075201363977190266 ) ) ;
#5299 = CARTESIAN_POINT ( 'NONE',  ( 0.4795326102863931017, 0.1436780960074441338, -0.2288321242450278292 ) ) ;
#5300 = CARTESIAN_POINT ( 'NONE',  ( 0.1292126118381897448, -0.4832942456437056555, -0.4613258480230241210 ) ) ;
#5301 = CARTESIAN_POINT ( 'NONE',  ( 0.5000000000000148770, -1.686533677368569671E-11, -0.3750000000775847164 ) ) ;
#5302 = ORIENTED_EDGE ( 'NONE', *, *, #2425, .T. ) ;
#5303 = CARTESIAN_POINT ( 'NONE',  ( -0.4853864438592299657, -0.1200000000720790744, 0.000000000000000000 ) ) ;
#5304 = CARTESIAN_POINT ( 'NONE',  ( -0.2835845035372576151, -0.7022978145040079667, -0.4957342184338772162 ) ) ;
#5305 = CARTESIAN_POINT ( 'NONE',  ( 0.2666227889999946421, 0.3669747859999997752, -0.3999999999999979128 ) ) ;
#5306 = CARTESIAN_POINT ( 'NONE',  ( 0.1387701737200569274, 0.4803569909805150973, 0.000000000000000000 ) ) ;
#5307 = LINE ( 'NONE', #5452, #3133 ) ;
#5308 = VECTOR ( 'NONE', #7254, 39.37007874015748143 ) ;
#5309 = CARTESIAN_POINT ( 'NONE',  ( 0.4253254039999755376, 0.3090169940000098703, -0.4482142860000000728 ) ) ;
#5310 = CARTESIAN_POINT ( 'NONE',  ( 0.4857860369999734695, 0.1183719840000071882, -0.1669067159999971794 ) ) ;
#5311 = CARTESIAN_POINT ( 'NONE',  ( 0.4253254039999848080, -0.3090169939999903859, -0.2392857139999990668 ) ) ;
#5312 = CARTESIAN_POINT ( 'NONE',  ( -0.1147994939630538336, 0.4388385596906184682, -0.1846019224120556412 ) ) ;
#5313 = ORIENTED_EDGE ( 'NONE', *, *, #2626, .F. ) ;
#5314 = ORIENTED_EDGE ( 'NONE', *, *, #4487, .F. ) ;
#5315 = CARTESIAN_POINT ( 'NONE',  ( -0.4374450855289487849, 0.1200000099175412283, -0.1727003280466373747 ) ) ;
#5316 = CARTESIAN_POINT ( 'NONE',  ( -0.4246199802372213616, 0.2645145483858647451, -0.4884630921623291377 ) ) ;
#5317 = CARTESIAN_POINT ( 'NONE',  ( 0.3335335679999963943, -0.3491061259999908573, -0.01715169799999747766 ) ) ;
#5318 = CARTESIAN_POINT ( 'NONE',  ( 0.000000000000000000, -0.4536057820000032326, -0.08035714299999575927 ) ) ;
#5319 = CARTESIAN_POINT ( 'NONE',  ( 0.4346590749999867942, -0.1301560659999993763, -0.1283162360000035807 ) ) ;
#5320 = CARTESIAN_POINT ( 'NONE',  ( -0.1387701687779909210, 0.4803569926136706525, -0.07716618802554385537 ) ) ;
#5321 = CARTESIAN_POINT ( 'NONE',  ( 0.1147994959718494079, 0.4388385591517351969, -0.04639421813572330161 ) ) ;
#5322 = CARTESIAN_POINT ( 'NONE',  ( 0.2666227890000034129, -0.3669747859999954454, -0.4214285710000038043 ) ) ;
#5323 = EDGE_CURVE ( 'NONE', #865, #2545, #5127, .T. ) ;
#5324 = ORIENTED_EDGE ( 'NONE', *, *, #4339, .T. ) ;
#5325 = VERTEX_POINT ( 'NONE', #1549 ) ;
#5326 = LENGTH_MEASURE_WITH_UNIT ( LENGTH_MEASURE( 0.02539999999999999897 ), #5287 );
#5327 = CARTESIAN_POINT ( 'NONE',  ( 0.3456713020230899880, 0.3587101728432934844, -0.007631852002230058753 ) ) ;
#5328 = VERTEX_POINT ( 'NONE', #5074 ) ;
#5329 = CARTESIAN_POINT ( 'NONE',  ( -0.4544272360000229383, -0.1107307529999928403, -0.03220052800000210852 ) ) ;
#5330 = B_SPLINE_CURVE_WITH_KNOTS ( 'NONE', 3,
 ( #6624, #6765, #2651, #6123 ),
 .UNSPECIFIED., .F., .F.,
 ( 4, 4 ),
 ( 0.000000000000000000, 1.000000000000000000 ),
 .UNSPECIFIED. ) ;
#5331 = DIRECTION ( 'NONE',  ( 1.000000000000000000, -8.326672684688665178E-16, 0.000000000000000000 ) ) ;
#5332 = CARTESIAN_POINT ( 'NONE',  ( -0.2941653243700039777, -0.4048838341100017835, -0.4800892858599995483 ) ) ;
#5333 = ORIENTED_EDGE ( 'NONE', *, *, #4063, .T. ) ;
#5334 = EDGE_CURVE ( 'NONE', #1873, #3684, #6089, .T. ) ;
#5335 = CARTESIAN_POINT ( 'NONE',  ( 0.1150203940149692045, 0.4387807724166643553, -0.04754674276098536795 ) ) ;
#5336 = CARTESIAN_POINT ( 'NONE',  ( 0.4755282579999763892, -0.1545084969999952484, -0.1732142859999991069 ) ) ;
#5337 = ORIENTED_EDGE ( 'NONE', *, *, #6466, .T. ) ;
#5338 = CARTESIAN_POINT ( 'NONE',  ( 0.2478664503810995845, 0.7229196421137744633, -0.4935959315933260982 ) ) ;
#5339 = CARTESIAN_POINT ( 'NONE',  ( 0.1762204350726685187, -0.4682033513444674999, -0.4601846616579627347 ) ) ;
#5340 = CARTESIAN_POINT ( 'NONE',  ( 0.7500000000000008882, 0.2893063862842009115, -0.03109376155746393366 ) ) ;
#5341 = DIRECTION ( 'NONE',  ( 6.162975822039154730E-33, 0.000000000000000000, -1.000000000000000000 ) ) ;
#5342 = ORIENTED_EDGE ( 'NONE', *, *, #6961, .T. ) ;
#5343 = CARTESIAN_POINT ( 'NONE',  ( 0.4999999968559887820, -0.07919222933085119653, -0.2429019389765128267 ) ) ;
#5344 = CARTESIAN_POINT ( 'NONE',  ( -0.4485561119362319049, -0.2215065548854937560, -0.4055235197565430494 ) ) ;
#5345 = CARTESIAN_POINT ( 'NONE',  ( -1.748382715945128460E-14, 0.4536057820000065077, -0.3928571430000017961 ) ) ;
#5346 = DIRECTION ( 'NONE',  ( -6.162975822039154730E-33, 0.000000000000000000, 1.000000000000000000 ) ) ;
#5347 = CARTESIAN_POINT ( 'NONE',  ( -0.1404050990000242916, -0.4798816609999922989, -0.1193017200000043160 ) ) ;
#5348 = EDGE_CURVE ( 'NONE', #6145, #2630, #5638, .T. ) ;
#5349 = CARTESIAN_POINT ( 'NONE',  ( 0.4853864438703147099, -0.1200000000272997136, 0.000000000000000000 ) ) ;
#5350 = CARTESIAN_POINT ( 'NONE',  ( -0.4253254040000031821, -0.3090169939999880544, -0.2607142859999986295 ) ) ;
#5351 = CARTESIAN_POINT ( 'NONE',  ( 0.4853864437664607845, -0.1200000009209210711, -0.02955948706574827722 ) ) ;
#5352 = VERTEX_POINT ( 'NONE', #4967 ) ;
#5353 = VERTEX_POINT ( 'NONE', #1483 ) ;
#5354 = CARTESIAN_POINT ( 'NONE',  ( 0.4999999994987857077, 0.03301325903548939233, -0.4456654774163943955 ) ) ;
#5355 = CARTESIAN_POINT ( 'NONE',  ( 0.3466162704364505465, -0.3603569911472837006, -0.09972304149999848544 ) ) ;
#5356 = CARTESIAN_POINT ( 'NONE',  ( 0.1147994959718494079, 0.4388385591517351969, -0.04639421813572330161 ) ) ;
#5357 = CARTESIAN_POINT ( 'NONE',  ( -0.1387701736412660647, -0.4803569910032801094, 0.000000000000000000 ) ) ;
#5358 = CARTESIAN_POINT ( 'NONE',  ( 0.4638502392296302013, -0.1866629424452810604, -0.09361683953287748550 ) ) ;
#5359 = CARTESIAN_POINT ( 'NONE',  ( -0.1224062567307766525, 0.4520138295145950114, -0.09567182494451109687 ) ) ;
#5360 = CARTESIAN_POINT ( 'NONE',  ( 0.01716162773078276985, 0.5000000000035207393, -0.0003772718376625665217 ) ) ;
#5361 = CARTESIAN_POINT ( 'NONE',  ( 0.4314047349999962089, 0.1401718950000036545, -0.4071428570000028002 ) ) ;
#5362 = ORIENTED_EDGE ( 'NONE', *, *, #3004, .F. ) ;
#5363 = ORIENTED_EDGE ( 'NONE', *, *, #2936, .F. ) ;
#5364 = CARTESIAN_POINT ( 'NONE',  ( -0.3226455930000037275, -0.3188385589999910841, -0.2321883740000018070 ) ) ;
#5365 = EDGE_CURVE ( 'NONE', #2363, #414, #7224, .T. ) ;
#5366 = CARTESIAN_POINT ( 'NONE',  ( 0.3297780497234850672, -0.3761881971530566249, -0.3132685597338187855 ) ) ;
#5367 = CARTESIAN_POINT ( 'NONE',  ( 0.4257200567899872556, 0.3093037260300121050, -0.4479464288599993571 ) ) ;
#5368 = ORIENTED_EDGE ( 'NONE', *, *, #5275, .F. ) ;
#5369 = CARTESIAN_POINT ( 'NONE',  ( 0.1147994959999883990, 0.4388385590000089542, -0.04754093499999725858 ) ) ;
#5370 = B_SPLINE_CURVE_WITH_KNOTS ( 'NONE', 3,
 ( #2257, #1122, #5104, #4625, #6914, #3417, #2928, #7439 ),
 .UNSPECIFIED., .F., .F.,
 ( 4, 2, 2, 4 ),
 ( 4.336808689942017736E-19, 0.001538695576051155207, 0.003077391152102309981, 0.006154782304204619095 ),
 .UNSPECIFIED. ) ;
#5371 = CARTESIAN_POINT ( 'NONE',  ( -0.08400907573645677306, -0.4934488067662712862, -0.04653834094203662675 ) ) ;
#5372 = DIRECTION ( 'NONE',  ( 0.4999999974197791297, 0.8660254052741298558, 1.848892746611746693E-32 ) ) ;
#5373 = CARTESIAN_POINT ( 'NONE',  ( 0.1133750329535203327, -0.4872485446261259900, -0.4617022576744664319 ) ) ;
#5374 = CARTESIAN_POINT ( 'NONE',  ( 0.000000000000000000, 0.000000000000000000, -0.4999999999999973910 ) ) ;
#5375 = CARTESIAN_POINT ( 'NONE',  ( 0.4542352689367524787, 0.2092837592031784044, -0.1558277107831120001 ) ) ;
#5376 = EDGE_CURVE ( 'NONE', #1575, #459, #492, .T. ) ;
#5377 = VERTEX_POINT ( 'NONE', #6196 ) ;
#5378 = CARTESIAN_POINT ( 'NONE',  ( -0.4639484880837987379, 0.1864186992120206166, -0.1293253323708629110 ) ) ;
#5379 = CARTESIAN_POINT ( 'NONE',  ( -0.1133777631667228225, -0.4872478069846992166, -0.3954406646608205067 ) ) ;
#5380 = CARTESIAN_POINT ( 'NONE',  ( -0.4644209730000398162, 0.03855836400000411252, -0.2420538540000011785 ) ) ;
#5381 = LINE ( 'NONE', #726, #1330 ) ;
#5382 = CARTESIAN_POINT ( 'NONE',  ( 0.4314047349999962089, -0.1401718949999970765, -0.1374999999999960143 ) ) ;
#5383 =( BOUNDED_CURVE ( )  B_SPLINE_CURVE ( 2, ( #4362, #1006, #3863, #6644, #937 ),
 .UNSPECIFIED., .F., .T. ) 
 B_SPLINE_CURVE_WITH_KNOTS ( ( 3, 2, 3 ),
 ( 0.5087274202602668494, 0.5116414172602669064, 0.5145554142602791758 ),
 .UNSPECIFIED. ) 
 CURVE ( )  GEOMETRIC_REPRESENTATION_ITEM ( )  RATIONAL_B_SPLINE_CURVE ( ( 0.9763575016124428352, 0.9800330369440334310, 1.000000000000000000, 0.9800330369439498313, 0.9763575016124119710 ) ) 
 REPRESENTATION_ITEM ( '' )  );
#5384 = B_SPLINE_CURVE_WITH_KNOTS ( 'NONE', 3,
 ( #4571, #582, #6249, #1714, #7354, #1106, #2314, #4010, #6779, #1139, #2875, #1637, #5018, #3927, #6210, #3366, #5160, #5651, #7313, #2172, #3592, #5760, #2990, #3032, #2434, #4643, #5282, #6444 ),
 .UNSPECIFIED., .F., .F.,
 ( 4, 2, 2, 2, 1, 1, 1, 1, 2, 2, 2, 1, 1, 1, 1, 2, 2, 4 ),
 ( 0.000000000000000000, 0.2500000000000036637, 0.3750000000000056066, 0.4375000000000066058, 0.4687500000000071054, 0.4843750000000073275, 0.4921875000000074940, 0.4960937500000075495, 0.4980468750000075495, 0.5000000000000075495, 0.6250000000000083267, 0.6875000000000087708, 0.7187500000000089928, 0.7343750000000091038, 0.7421875000000092149, 0.7460937500000092149, 0.7500000000000093259, 1.000000000000000000 ),
 .UNSPECIFIED. ) ;
#5385 = CARTESIAN_POINT ( 'NONE',  ( 0.4763054864029770408, -0.1199999998898214071, -0.008811938106867150608 ) ) ;
#5386 = CARTESIAN_POINT ( 'NONE',  ( 0.4253254039999848080, -0.3090169939999903859, -0.3107142860000002282 ) ) ;
#5387 = CARTESIAN_POINT ( 'NONE',  ( 0.4549151221280579582, 0.1859815269740382193, -0.008536022390562461593 ) ) ;
#5388 = ORIENTED_EDGE ( 'NONE', *, *, #4918, .F. ) ;
#5389 = EDGE_CURVE ( 'NONE', #2323, #1982, #4329, .T. ) ;
#5390 = CARTESIAN_POINT ( 'NONE',  ( -0.1762204258374283627, 0.4682033548120225763, -0.4244703760704323092 ) ) ;
#5391 = CARTESIAN_POINT ( 'NONE',  ( -0.03599109922219985436, 0.4538578549410688945, -0.04472734438140022611 ) ) ;
#5392 = CARTESIAN_POINT ( 'NONE',  ( 0.1147995021949641675, -0.4388385575371617220, -0.1488876366482240754 ) ) ;
#5393 = CARTESIAN_POINT ( 'NONE',  ( -0.4374450893992299361, -0.1199999958089035257, -0.08622824406671662778 ) ) ;
#5394 = VERTEX_POINT ( 'NONE', #7375 ) ;
#5395 = CARTESIAN_POINT ( 'NONE',  ( 0.4999904507333094439, 0.003090176820419192252, -0.2409999999253374658 ) ) ;
#5396 = CARTESIAN_POINT ( 'NONE',  ( 0.1472347090499922795, -0.4531418398199897335, -0.2193749998599974771 ) ) ;
#5397 = VECTOR ( 'NONE', #1608, 39.37007874015748143 ) ;
#5398 = CARTESIAN_POINT ( 'NONE',  ( -0.4314047350000136949, 0.1401718949999970765, -0.2357142860000020768 ) ) ;
#5399 = ADVANCED_FACE ( 'NONE', ( #385 ), #5280, .T. ) ;
#5400 = ORIENTED_EDGE ( 'NONE', *, *, #3177, .F. ) ;
#5401 = ORIENTED_EDGE ( 'NONE', *, *, #5987, .T. ) ;
#5402 = CARTESIAN_POINT ( 'NONE',  ( 0.1273771289999881817, -0.4353541919999949772, -0.1485554229999977716 ) ) ;
#5403 = CARTESIAN_POINT ( 'NONE',  ( 0.4366738999999956183, 0.1239550730000107820, -0.2021989010000035669 ) ) ;
#5404 = CARTESIAN_POINT ( 'NONE',  ( -0.3453981760000050527, 0.3615246880000124174, -0.1342106970000008781 ) ) ;
#5405 = CARTESIAN_POINT ( 'NONE',  ( -0.2938926260000032653, -0.4045084969999983016, -0.2660714290000024684 ) ) ;
#5406 = EDGE_LOOP ( 'NONE', ( #1401, #6707, #6891, #7247 ) ) ;
#5407 = CIRCLE ( 'NONE', #5635, 0.7500000000000011102 ) ;
#5408 = EDGE_CURVE ( 'NONE', #2739, #7252, #1518, .T. ) ;
#5409 = DIRECTION ( 'NONE',  ( -0.4999999998193585538, 0.8660254038887319483, -1.232595164407829441E-32 ) ) ;
#5410 = ORIENTED_EDGE ( 'NONE', *, *, #3663, .F. ) ;
#5411 = CARTESIAN_POINT ( 'NONE',  ( 0.4341673350617602511, 0.2479937427049721532, -0.2262612810901133142 ) ) ;
#5412 = CARTESIAN_POINT ( 'NONE',  ( 0.4331248468474178104, -0.2503402269277765213, -0.4523681918113477418 ) ) ;
#5413 = DIRECTION ( 'NONE',  ( -6.162975822039154730E-33, 0.000000000000000000, 1.000000000000000000 ) ) ;
#5414 = CARTESIAN_POINT ( 'NONE',  ( 0.7499999999241206972, -0.4330127019561977875, -0.06698729800671858470 ) ) ;
#5415 = VERTEX_POINT ( 'NONE', #2227 ) ;
#5416 = CARTESIAN_POINT ( 'NONE',  ( -0.4853864425961370577, 0.1200000056546913080, -0.1277737725987088679 ) ) ;
#5417 = CARTESIAN_POINT ( 'NONE',  ( -0.4810769890444097086, 0.1374312576851465795, -0.05674812063684004509 ) ) ;
#5418 = CARTESIAN_POINT ( 'NONE',  ( 0.4314047349999962089, -0.1401718949999970765, -0.3517857139999959748 ) ) ;
#5419 = AXIS2_PLACEMENT_3D ( 'NONE', #3598, #1269, #3563 ) ;
#5420 = EDGE_CURVE ( 'NONE', #6011, #1971, #5330, .T. ) ;
#5421 = CARTESIAN_POINT ( 'NONE',  ( -0.3367581969001983699, -0.3432823065808268681, -0.01912261935451560826 ) ) ;
#5422 = CARTESIAN_POINT ( 'NONE',  ( 0.000000000000000000, 0.000000000000000000, 0.000000000000000000 ) ) ;
#5423 = CARTESIAN_POINT ( 'NONE',  ( 8.741913579725642299E-15, -0.4999999999999930056, -0.03571428600000310649 ) ) ;
#5424 = CARTESIAN_POINT ( 'NONE',  ( -0.4755282580000025905, 0.1545084969999996061, -0.2714285710000001739 ) ) ;
#5425 = CARTESIAN_POINT ( 'NONE',  ( 0.4257999063643327919, 0.2474127276250992491, -0.007538262545652198339 ) ) ;
#5426 = VERTEX_POINT ( 'NONE', #3775 ) ;
#5427 =( BOUNDED_CURVE ( )  B_SPLINE_CURVE ( 2, ( #2899, #3460, #1659, #5824, #1700, #5184, #5263, #1128, #2859, #121, #3953, #2300, #4593 ),
 .UNSPECIFIED., .F., .F. ) 
 B_SPLINE_CURVE_WITH_KNOTS ( ( 3, 2, 2, 2, 2, 2, 3 ),
 ( 0.000000000000000000, 0.09999999519998993558, 0.2999999936000117273, 0.4999999920000101628, 0.6999999904000054896, 0.8999999888000039805, 1.000000000000000000 ),
 .UNSPECIFIED. ) 
 CURVE ( )  GEOMETRIC_REPRESENTATION_ITEM ( )  RATIONAL_B_SPLINE_CURVE ( ( 0.9755282581475770431, 0.9755282591264491376, 1.000000000000000000, 0.9510565162951540863, 1.000000000000000000, 0.9510565162951540863, 1.000000000000000000, 0.9510565162951540863, 1.000000000000000000, 0.9510565162951540863, 1.000000000000000000, 0.9755282552109684202, 0.9755282581475773762 ) ) 
 REPRESENTATION_ITEM ( '' )  );
#5428 = CARTESIAN_POINT ( 'NONE',  ( 0.4967620878454873656, 0.06567313695835420850, -0.4449105518605791509 ) ) ;
#5429 = CARTESIAN_POINT ( 'NONE',  ( 0.04190028514185769465, 0.4530608033543525037, -0.04593148617275174400 ) ) ;
#5430 = CARTESIAN_POINT ( 'NONE',  ( 0.3453981759999872891, -0.3615246879999946539, -0.09849641100000162963 ) ) ;
#5431 = CARTESIAN_POINT ( 'NONE',  ( -0.7500000000000175415, 0.2351603041211777489, -0.4792247643704466986 ) ) ;
#5432 = VERTEX_POINT ( 'NONE', #986 ) ;
#5433 = CARTESIAN_POINT ( 'NONE',  ( -0.1347508524891374848, -0.4817371093312020069, -0.2530927385787734019 ) ) ;
#5434 = CARTESIAN_POINT ( 'NONE',  ( -0.2663500906300201865, 0.3665994488900039538, -0.2515178568500016087 ) ) ;
#5435 = DIRECTION ( 'NONE',  ( 6.162975822039154730E-33, 0.000000000000000000, -1.000000000000000000 ) ) ;
#5436 = B_SPLINE_CURVE_WITH_KNOTS ( 'NONE', 3,
 ( #5252, #4658, #4214, #6952, #1809, #110, #3091, #5371, #2405, #2452 ),
 .UNSPECIFIED., .F., .F.,
 ( 4, 2, 2, 2, 4 ),
 ( 0.000000000000000000, 0.2500000000000000000, 0.5000000000000000000, 0.7500000000000000000, 1.000000000000000000 ),
 .UNSPECIFIED. ) ;
#5437 = CARTESIAN_POINT ( 'NONE',  ( -0.4853864438986122964, 0.1199999999127915745, 0.000000000000000000 ) ) ;
#5438 = CARTESIAN_POINT ( 'NONE',  ( -0.4680120612819854142, -0.1767187631924422853, -0.3351968297248756889 ) ) ;
#5439 = CARTESIAN_POINT ( 'NONE',  ( -0.2666227890000034129, 0.3669747860000008854, -0.2428571429999981934 ) ) ;
#5440 = EDGE_CURVE ( 'NONE', #2290, #1612, #2732, .T. ) ;
#5441 = VERTEX_POINT ( 'NONE', #7265 ) ;
#5442 = DIRECTION ( 'NONE',  ( 2.157041537713704703E-32, 0.000000000000000000, -1.000000000000000000 ) ) ;
#5443 = CARTESIAN_POINT ( 'NONE',  ( 0.4428920537947863556, 0.2321675769740812467, -0.2266753538785736821 ) ) ;
#5444 = CARTESIAN_POINT ( 'NONE',  ( -0.6585706592774612789, -0.4857994564911298219, -0.03870171879405711474 ) ) ;
#5445 = CARTESIAN_POINT ( 'NONE',  ( 0.1845820283188749633, -0.7594569202360030857, -0.4817758239704880152 ) ) ;
#5446 = CARTESIAN_POINT ( 'NONE',  ( 0.4331140546815580028, 0.2503596514015782870, -0.3690598700726544501 ) ) ;
#5447 = ORIENTED_EDGE ( 'NONE', *, *, #5262, .T. ) ;
#5448 = CARTESIAN_POINT ( 'NONE',  ( 0.000000000000000000, -0.4536057820000032326, -0.4999999999999973910 ) ) ;
#5449 = EDGE_CURVE ( 'NONE', #3263, #4381, #4709, .T. ) ;
#5450 = B_SPLINE_CURVE_WITH_KNOTS ( 'NONE', 3,
 ( #191, #719, #4705, #151, #113, #5340, #1929, #2568, #3009, #5971, #226, #263, #7079 ),
 .UNSPECIFIED., .F., .F.,
 ( 4, 1, 1, 1, 1, 1, 2, 2, 4 ),
 ( 0.000000000000000000, 0.2500000000000057176, 0.3750000000000085487, 0.4375000000000099920, 0.4687500000000107137, 0.4843750000000111022, 0.4921875000000111022, 0.5000000000000111022, 1.000000000000000000 ),
 .UNSPECIFIED. ) ;
#5451 = CARTESIAN_POINT ( 'NONE',  ( -0.4374450880000009811, 0.1199999999999988437, -0.1637717559999963546 ) ) ;
#5452 = CARTESIAN_POINT ( 'NONE',  ( 0.1147994871583133264, 0.4388385613129722751, -0.1145052202675374692 ) ) ;
#5453 = DIRECTION ( 'NONE',  ( -6.162975822039154730E-33, 0.000000000000000000, 1.000000000000000000 ) ) ;
#5454 = EDGE_CURVE ( 'NONE', #5062, #7177, #4405, .T. ) ;
#5455 = CARTESIAN_POINT ( 'NONE',  ( -0.4253254040000215563, 0.3090169940000098703, -0.4178571429999994313 ) ) ;
#5456 = CARTESIAN_POINT ( 'NONE',  ( 0.4520346509120029554, 0.1931719004571388898, -0.008424707350870705783 ) ) ;
#5457 = ORIENTED_EDGE ( 'NONE', *, *, #6494, .F. ) ;
#5458 = ORIENTED_EDGE ( 'NONE', *, *, #7413, .F. ) ;
#5459 = CARTESIAN_POINT ( 'NONE',  ( 0.3042712199510951843, 0.3971029388113296310, -0.2931366378283713492 ) ) ;
#5460 = DIRECTION ( 'NONE',  ( -6.162975822039154730E-33, 0.000000000000000000, 1.000000000000000000 ) ) ;
#5461 = CARTESIAN_POINT ( 'NONE',  ( -0.1163341230065551707, 0.4414966194482189965, -0.04343358313661160180 ) ) ;
#5462 = CARTESIAN_POINT ( 'NONE',  ( -0.4853864440343567122, 0.1199999997819808650, -0.2068658985000028372 ) ) ;
#5463 = CARTESIAN_POINT ( 'NONE',  ( -0.7500000000000174305, 0.1261190783908451574, -0.4939331282193971662 ) ) ;
#5464 = ORIENTED_EDGE ( 'NONE', *, *, #4442, .T. ) ;
#5465 = EDGE_CURVE ( 'NONE', #7184, #5008, #3445, .T. ) ;
#5466 = CARTESIAN_POINT ( 'NONE',  ( -0.3226455997453537838, 0.3188385521741093354, -0.1026330542582753053 ) ) ;
#5467 = CARTESIAN_POINT ( 'NONE',  ( -0.3854654722100279707, -0.2800570589699860058, -0.3050892858599997259 ) ) ;
#5468 = CARTESIAN_POINT ( 'NONE',  ( -0.4081487210800280874, 0.2890563644522817777, -0.2034383249084038281 ) ) ;
#5469 =( BOUNDED_SURFACE ( )  B_SPLINE_SURFACE ( 1, 2, ( 
 ( #2357, #4206, #3084, #4168, #6493, #3043, #5205 ),
 ( #5364, #3564, #6993, #215, #5806, #4650, #7109 ) ),
 .UNSPECIFIED., .F., .F., .T. ) 
 B_SPLINE_SURFACE_WITH_KNOTS ( ( 2, 2 ),
 ( 3, 2, 2, 3 ),
 ( 0.000000000000000000, 1.000000000000000000 ),
 ( 0.2590069416172510741, 0.2642857142857140129, 0.2648203987202980558, 0.2648785332913285440 ),
 .UNSPECIFIED. ) 
 GEOMETRIC_REPRESENTATION_ITEM ( )  RATIONAL_B_SPLINE_SURFACE ( (
 ( 0.9811209779318870172, 0.9638293866287261924, 1.000000000000000000, 0.9963362953524198540, 0.9932210899422728723, 0.9932210899422728723, 0.9932210899422728723),
 ( 0.9811209779318870172, 0.9638293866287261924, 1.000000000000000000, 0.9963362953524198540, 0.9932210899422728723, 0.9932210899422728723, 0.9932210899422728723) ) ) 
 REPRESENTATION_ITEM ( '' )  SURFACE ( )  );
#5470 = CALENDAR_DATE ( 2025, 17, 8 ) ;
#5471 = CARTESIAN_POINT ( 'NONE',  ( 0.3453981759999962264, 0.3615246880000035357, -0.2229321600000022663 ) ) ;
#5472 = CARTESIAN_POINT ( 'NONE',  ( 0.1473854529999788499, 0.4536057820000123364, -0.3339285710000023943 ) ) ;
#5473 = CARTESIAN_POINT ( 'NONE',  ( 0.2938926259999944945, -0.4045084969999961366, -0.4660714290000014248 ) ) ;
#5474 = VERTEX_POINT ( 'NONE', #4935 ) ;
#5475 = B_SPLINE_CURVE_WITH_KNOTS ( 'NONE', 3,
 ( #3437, #7390, #6855, #1601, #6816, #16, #3403, #3890, #3969, #6287, #2208, #4609, #4492 ),
 .UNSPECIFIED., .F., .F.,
 ( 4, 1, 1, 1, 1, 1, 2, 2, 4 ),
 ( 0.000000000000000000, 0.2499999999999986122, 0.3749999999999978906, 0.4374999999999975575, 0.4687499999999973910, 0.4843749999999973355, 0.4921874999999972800, 0.4999999999999972244, 1.000000000000000000 ),
 .UNSPECIFIED. ) ;
#5476 = CARTESIAN_POINT ( 'NONE',  ( -0.4999999999465231104, 1.009559452658936807E-08, -0.3482142859645519506 ) ) ;
#5477 = EDGE_LOOP ( 'NONE', ( #845, #5242, #2253, #2110 ) ) ;
#5478 = EDGE_CURVE ( 'NONE', #3560, #5923, #568, .T. ) ;
#5479 = CARTESIAN_POINT ( 'NONE',  ( -0.3465700760000143821, 0.3604014180000000289, -0.0002451980000028614460 ) ) ;
#5480 = CARTESIAN_POINT ( 'NONE',  ( 0.3466162698924412644, 0.3603569915986450378, -0.2229705462044298259 ) ) ;
#5481 = CARTESIAN_POINT ( 'NONE',  ( -0.7500000000000176525, -0.2170883270732759107, -0.4822258835685980238 ) ) ;
#5482 = CARTESIAN_POINT ( 'NONE',  ( -0.1147995110840740879, 0.4388385552117875510, -0.1131733504712321842 ) ) ;
#5483 = CARTESIAN_POINT ( 'NONE',  ( -0.7500000000000179856, -0.2783441133480662466, -0.02885843778915857943 ) ) ;
#5484 = ORIENTED_EDGE ( 'NONE', *, *, #5892, .F. ) ;
#5485 = CARTESIAN_POINT ( 'NONE',  ( -0.4769493440000299178, 1.263871385787591778E-14, -0.4464285710000014951 ) ) ;
#5486 = CARTESIAN_POINT ( 'NONE',  ( -0.4813363459999999705, -0.1366330389999918515, -0.05934175899999923065 ) ) ;
#5487 = CARTESIAN_POINT ( 'NONE',  ( 0.4686285247197808368, 0.1199999873162855141, -0.07702928079939257155 ) ) ;
#5488 = CARTESIAN_POINT ( 'NONE',  ( 0.000000000000000000, 0.000000000000000000, -0.002027748999997003830 ) ) ;
#5489 = CARTESIAN_POINT ( 'NONE',  ( 0.4755282579999851045, 0.1545084970000039915, -0.4428571429999971776 ) ) ;
#5490 = CARTESIAN_POINT ( 'NONE',  ( 0.4527610080425992223, 0.1913880956647921738, -0.008452555182373949760 ) ) ;
#5491 = EDGE_CURVE ( 'NONE', #5062, #2471, #6395, .T. ) ;
#5492 = DIRECTION ( 'NONE',  ( 0.4999999974197791297, 0.8660254052741297448, 6.162975822039156098E-33 ) ) ;
#5493 = CARTESIAN_POINT ( 'NONE',  ( 0.4755654272650787218, 0.1200000067964945016, -0.009528311184337383277 ) ) ;
#5494 = DIRECTION ( 'NONE',  ( 6.162975822039154730E-33, 0.000000000000000000, -1.000000000000000000 ) ) ;
#5495 = CARTESIAN_POINT ( 'NONE',  ( 0.3133492190000168875, -0.3279793779999911063, -0.07171069699999894909 ) ) ;
#5496 = CARTESIAN_POINT ( 'NONE',  ( 0.3218282710789139855, 0.3196656399984953434, -0.05358765715922095968 ) ) ;
#5497 = ORIENTED_EDGE ( 'NONE', *, *, #267, .F. ) ;
#5498 = CARTESIAN_POINT ( 'NONE',  ( 0.1046138090950096827, -0.4891642278628103857, -0.2476228286315207694 ) ) ;
#5499 = CARTESIAN_POINT ( 'NONE',  ( -0.1472347090500106814, -0.4531418398199897335, -0.2979464288600037203 ) ) ;
#5500 = CARTESIAN_POINT ( 'NONE',  ( -0.3466162715994834387, 0.3603569899974859991, -0.07167231112741767607 ) ) ;
#5501 = ADVANCED_FACE ( 'NONE', ( #6658 ), #4514, .F. ) ;
#5502 = FACE_OUTER_BOUND ( 'NONE', #5477, .T. ) ;
#5503 = DIRECTION ( 'NONE',  ( 0.5000000000933402244, -0.8660254037305487040, 2.600065509977687925E-47 ) ) ;
#5504 = CARTESIAN_POINT ( 'NONE',  ( 0.5257311119999773519, 6.893843922477773550E-15, -0.4553571429999959674 ) ) ;
#5505 = AXIS2_PLACEMENT_3D ( 'NONE', #1642, #3936, #6215 ) ;
#5506 = B_SPLINE_CURVE_WITH_KNOTS ( 'NONE', 3,
 ( #5744, #3390, #5224, #5147 ),
 .UNSPECIFIED., .F., .F.,
 ( 4, 4 ),
 ( 0.000000000000000000, 1.000000000000000000 ),
 .UNSPECIFIED. ) ;
#5507 = ORIENTED_EDGE ( 'NONE', *, *, #50, .F. ) ;
#5508 =( BOUNDED_CURVE ( )  B_SPLINE_CURVE ( 2, ( #761, #5898, #3656, #1889, #4179 ),
 .UNSPECIFIED., .F., .F. ) 
 B_SPLINE_CURVE_WITH_KNOTS ( ( 3, 2, 3 ),
 ( 0.000000000000000000, 0.5000000000000022204, 1.000000000000000000 ),
 .UNSPECIFIED. ) 
 CURVE ( )  GEOMETRIC_REPRESENTATION_ITEM ( )  RATIONAL_B_SPLINE_CURVE ( ( 0.9757927093960351295, 0.9780721887057540753, 1.000000000000000000, 0.9780721887057536312, 0.9757927093960351295 ) ) 
 REPRESENTATION_ITEM ( '' )  );
#5509 = CARTESIAN_POINT ( 'NONE',  ( -0.4999999980353913576, 0.07919222557726313116, -0.4929019389119946859 ) ) ;
#5510 = ORIENTED_EDGE ( 'NONE', *, *, #5613, .T. ) ;
#5511 = CARTESIAN_POINT ( 'NONE',  ( 0.7499999999070039447, -7.213280716390866784E-11, -0.5000000000241863196 ) ) ;
#5512 = CARTESIAN_POINT ( 'NONE',  ( -0.7500000000000177636, -0.3215998909178376941, -0.4618702697226250709 ) ) ;
#5513 = CARTESIAN_POINT ( 'NONE',  ( 0.1788838233473425687, 0.7627467804110292793, -0.01521796293487213091 ) ) ;
#5514 = ORIENTED_EDGE ( 'NONE', *, *, #6006, .F. ) ;
#5515 = CARTESIAN_POINT ( 'NONE',  ( -0.3960570460000029103, -0.2489608939999909953, -0.09187103099999623101 ) ) ;
#5516 = ORIENTED_EDGE ( 'NONE', *, *, #2926, .T. ) ;
#5517 = CARTESIAN_POINT ( 'NONE',  ( -0.1473854529999972240, 0.4536057820000077290, -0.2553571429999987319 ) ) ;
#5518 = B_SPLINE_CURVE_WITH_KNOTS ( 'NONE', 3,
 ( #7239, #1487, #1523, #894, #3187, #6698, #7270, #317, #3218, #3780, #3711, #1555, #3849, #2622, #4907, #2093, #926, #5498, #3285, #4972, #2126, #4382, #6563, #7205, #5536, #7173, #5433, #1421, #6663, #3815, #6095, #955, #856, #3251, #392, #6127, #2693, #284, #992, #5571, #427, #4842, #7139, #6031, #1989, #3150, #2589, #4874 ),
 .UNSPECIFIED., .F., .F.,
 ( 4, 2, 2, 2, 2, 2, 2, 2, 2, 2, 2, 2, 2, 2, 2, 2, 2, 2, 2, 2, 2, 2, 2, 4 ),
 ( -0.2769731913332728612, -0.2746651514569652952, -0.2735111315188115677, -0.2723571115806577847, -0.2700490717043502742, -0.2688950517661964912, -0.2677410318280427082, -0.2654329919517351977, -0.2631249520754276316, -0.2619709321372738486, -0.2608169121991201211, -0.2585088723228125551, -0.2573548523846588276, -0.2562008324465050446, -0.2538927925701974786, -0.2527387726320437511, -0.2515847526938899681, -0.2492767128175824298, -0.2481226928794286746, -0.2469686729412748916, -0.2446606330649673533, -0.2435066131268135980, -0.2423525931886598150, -0.2400445533123523045 ),
 .UNSPECIFIED. ) ;
#5519 = DIRECTION ( 'NONE',  ( -6.162975822039154730E-33, 0.000000000000000000, 1.000000000000000000 ) ) ;
#5520 = CIRCLE ( 'NONE', #3249, 0.7500000000000013323 ) ;
#5521 = CARTESIAN_POINT ( 'NONE',  ( -0.1147994977504004643, -0.4388385586998514998, -0.1546837921114072589 ) ) ;
#5522 = ORIENTED_EDGE ( 'NONE', *, *, #1551, .F. ) ;
#5523 = LINE ( 'NONE', #2502, #846 ) ;
#5524 = EDGE_CURVE ( 'NONE', #3684, #3002, #4073, .T. ) ;
#5525 = CARTESIAN_POINT ( 'NONE',  ( -0.5257311120000326410, 1.034076588371666072E-14, -0.4107142860000034812 ) ) ;
#5526 = B_SPLINE_CURVE_WITH_KNOTS ( 'NONE', 3,
 ( #610, #689, #2900, #2979 ),
 .UNSPECIFIED., .F., .F.,
 ( 4, 4 ),
 ( 0.000000000000000000, 1.000000000000000000 ),
 .UNSPECIFIED. ) ;
#5527 = VECTOR ( 'NONE', #5530, 39.37007874015748143 ) ;
#5528 = CARTESIAN_POINT ( 'NONE',  ( 0.4551066030346866409, 0.1854925623825575964, -0.008543488358980562414 ) ) ;
#5529 = CARTESIAN_POINT ( 'NONE',  ( -0.1133750427367844760, 0.4872485423642441971, -0.2831308289869316486 ) ) ;
#5530 = DIRECTION ( 'NONE',  ( 2.157041537713704703E-32, 0.000000000000000000, -1.000000000000000000 ) ) ;
#5531 = CARTESIAN_POINT ( 'NONE',  ( 0.000000000000000000, 0.5000000000000028866, -0.1517857139999970184 ) ) ;
#5532 = CARTESIAN_POINT ( 'NONE',  ( 0.3981920404075555697, -0.2423900580777086644, -0.2115329797464053363 ) ) ;
#5533 = CARTESIAN_POINT ( 'NONE',  ( 0.1102271706468763851, 0.4886027698849375600, -0.2167902968637377692 ) ) ;
#5534 = ORIENTED_EDGE ( 'NONE', *, *, #4185, .F. ) ;
#5535 = EDGE_CURVE ( 'NONE', #2956, #5271, #1822, .T. ) ;
#5536 = CARTESIAN_POINT ( 'NONE',  ( -0.09033390356575864144, -0.4920056266497932485, -0.2520429540434463989 ) ) ;
#5537 = CARTESIAN_POINT ( 'NONE',  ( 0.4764615263199978856, 1.263871385787591778E-14, -0.2765178568500035183 ) ) ;
#5538 = DIRECTION ( 'NONE',  ( -0.4999999993468186021, -0.8660254041615530474, 1.848892746611746145E-32 ) ) ;
#5539 = AXIS2_PLACEMENT_3D ( 'NONE', #4317, #3257, #3223 ) ;
#5540 = PERSON_AND_ORGANIZATION_ROLE ( 'classification_officer' ) ;
#5541 = CARTESIAN_POINT ( 'NONE',  ( -0.2710769520000033683, -0.7095190530000008433, -0.2410000000000021569 ) ) ;
#5542 = CARTESIAN_POINT ( 'NONE',  ( -0.1224062567307789146, -0.4520138295145840757, -0.06595843616927220265 ) ) ;
#5543 = LOCAL_TIME ( 14, 52, 2.000000000000000000, #2556 ) ;
#5544 = CARTESIAN_POINT ( 'NONE',  ( -0.4755282580000025905, 0.1545084969999996061, -0.4232142860000021600 ) ) ;
#5545 = CARTESIAN_POINT ( 'NONE',  ( 0.3453981759999872891, -0.3615246879999946539, -0.1699249819999977817 ) ) ;
#5546 = ORIENTED_EDGE ( 'NONE', *, *, #767, .F. ) ;
#5547 = CARTESIAN_POINT ( 'NONE',  ( 0.4870872720377033560, -0.1140920653723712097, -0.3776372124105573103 ) ) ;
#5548 = EDGE_CURVE ( 'NONE', #1429, #6187, #5506, .T. ) ;
#5549 = EDGE_LOOP ( 'NONE', ( #1145, #2525, #7032, #5164 ) ) ;
#5550 = ORIENTED_EDGE ( 'NONE', *, *, #4109, .F. ) ;
#5551 = B_SPLINE_CURVE_WITH_KNOTS ( 'NONE', 3,
 ( #6250, #3891, #1107, #1140, #547, #2770, #3405, #4572, #5198, #2914 ),
 .UNSPECIFIED., .F., .F.,
 ( 4, 2, 2, 2, 4 ),
 ( 0.000000000000000000, 0.2500000000000000000, 0.5000000000000000000, 0.7500000000000000000, 1.000000000000000000 ),
 .UNSPECIFIED. ) ;
#5552 = CARTESIAN_POINT ( 'NONE',  ( -0.3500684319999958216, 0.3562430340000093953, -0.0004526359999955679655 ) ) ;
#5553 = CARTESIAN_POINT ( 'NONE',  ( 0.4382192490178722366, 0.2407852194207470153, -0.2264510187795034657 ) ) ;
#5554 = CARTESIAN_POINT ( 'NONE',  ( -0.2662458320739884976, -0.7011513081885364373, -1.260583938196437646E-11 ) ) ;
#5555 = CARTESIAN_POINT ( 'NONE',  ( 0.08880940552039359726, 0.8147512699313088635, -0.03738416313164223681 ) ) ;
#5556 = CARTESIAN_POINT ( 'NONE',  ( 0.3226455970870427681, -0.3188385548660013225, -0.2053116256601131839 ) ) ;
#5557 = ORIENTED_EDGE ( 'NONE', *, *, #5334, .T. ) ;
#5558 = CARTESIAN_POINT ( 'NONE',  ( -0.3858601250000029403, 0.2803437910000101119, -0.4625000000000011324 ) ) ;
#5559 = CARTESIAN_POINT ( 'NONE',  ( -0.3226455930000215466, 0.3188385590000044623, -0.1695973400000040932 ) ) ;
#5560 = CARTESIAN_POINT ( 'NONE',  ( -0.4314047350000136949, 0.1401718949999970765, -0.1642857139999958360 ) ) ;
#5561 = CARTESIAN_POINT ( 'NONE',  ( 0.7500000000000004441, -0.3337822476970117580, -0.4590562853302701529 ) ) ;
#5562 = CARTESIAN_POINT ( 'NONE',  ( -0.1624598480000327694, 0.5000000000000104361, -0.4964285710000030938 ) ) ;
#5563 = CARTESIAN_POINT ( 'NONE',  ( -0.3858601250000029403, 0.2803437910000101119, -0.4534821432900000282 ) ) ;
#5564 = DIRECTION ( 'NONE',  ( 1.000000000000000000, -8.326672684688663206E-16, 0.000000000000000000 ) ) ;
#5565 = EDGE_CURVE ( 'NONE', #3596, #7185, #5142, .T. ) ;
#5566 = CARTESIAN_POINT ( 'NONE',  ( -0.4374450894305434434, -0.1199999947850844823, -0.09069252963287019464 ) ) ;
#5567 = FACE_OUTER_BOUND ( 'NONE', #183, .T. ) ;
#5568 = CARTESIAN_POINT ( 'NONE',  ( -0.4735181032787521005, 0.1613937157141738798, -0.3430162933887059284 ) ) ;
#5569 = DIRECTION ( 'NONE',  ( -0.4999999998193575546, -0.8660254038887326145, 6.162975822039153361E-33 ) ) ;
#5570 = ORIENTED_EDGE ( 'NONE', *, *, #7291, .F. ) ;
#5571 = CARTESIAN_POINT ( 'NONE',  ( -0.4435233897409756043, -0.2327937116916716509, -0.2623869270314975743 ) ) ;
#5572 = CARTESIAN_POINT ( 'NONE',  ( -0.1473854530000156260, -0.4536057819999870788, -0.2267857140000032745 ) ) ;
#5573 = CARTESIAN_POINT ( 'NONE',  ( -0.4330650659241244704, 0.2499095523976637423, -0.2023611744623306508 ) ) ;
#5574 = ORIENTED_EDGE ( 'NONE', *, *, #6801, .F. ) ;
#5575 = CARTESIAN_POINT ( 'NONE',  ( -0.1621124943599869250, -0.4318630520815893714, -0.4999999999999977240 ) ) ;
#5576 = CARTESIAN_POINT ( 'NONE',  ( 0.1473854529999880369, -0.4536057819999951279, -0.2910714289999993265 ) ) ;
#5577 = CARTESIAN_POINT ( 'NONE',  ( -0.3858601250000029403, 0.2803437910000101119, -0.4535714290000000259 ) ) ;
#5578 = CARTESIAN_POINT ( 'NONE',  ( -0.4999999978594708572, -0.07919222624262949040, -0.2749552040948670117 ) ) ;
#5579 = CARTESIAN_POINT ( 'NONE',  ( -0.4755282580000375625, -0.1545084969999974134, -0.3446428569999998581 ) ) ;
#5580 = CARTESIAN_POINT ( 'NONE',  ( -0.3297653456357024782, -0.3762001277335227933, -0.4010167591240965113 ) ) ;
#5581 = EDGE_CURVE ( 'NONE', #3496, #665, #6802, .T. ) ;
#5582 = DIRECTION ( 'NONE',  ( -6.162975822039154730E-33, 0.000000000000000000, 1.000000000000000000 ) ) ;
#5583 = ORIENTED_EDGE ( 'NONE', *, *, #5389, .T. ) ;
#5584 = CARTESIAN_POINT ( 'NONE',  ( -0.4639484881181773490, -0.1864186991264576432, -0.05817466762919384221 ) ) ;
#5585 = CARTESIAN_POINT ( 'NONE',  ( -0.4789230484372851149, -0.5895190528728760926, -0.005507537013317412126 ) ) ;
#5586 = CARTESIAN_POINT ( 'NONE',  ( 0.3116588993224133075, -0.6860890545360729398, -0.4984560137495090970 ) ) ;
#5587 = CARTESIAN_POINT ( 'NONE',  ( -0.3226455968293399090, 0.3188385551267693407, -0.1070973398211331890 ) ) ;
#5588 = ORIENTED_EDGE ( 'NONE', *, *, #2577, .F. ) ;
#5589 = CARTESIAN_POINT ( 'NONE',  ( 0.1473854529999880369, -0.4536057819999951279, -0.2911607147200000467 ) ) ;
#5590 = DIRECTION ( 'NONE',  ( -6.162975822039154730E-33, 0.000000000000000000, 1.000000000000000000 ) ) ;
#5591 = EDGE_CURVE ( 'NONE', #1829, #4750, #5427, .T. ) ;
#5592 = DIRECTION ( 'NONE',  ( -6.162975822039154730E-33, 0.000000000000000000, 1.000000000000000000 ) ) ;
#5593 = CARTESIAN_POINT ( 'NONE',  ( 0.7500000000000008882, -0.1724264587659182502, -0.4889079470897766400 ) ) ;
#5594 = CARTESIAN_POINT ( 'NONE',  ( 0.4346590749999867942, 0.1301560659999993763, -0.1216837639999977239 ) ) ;
#5595 = CARTESIAN_POINT ( 'NONE',  ( -0.2666227890000034129, 0.3669747860000008854, -0.3856250002899991314 ) ) ;
#5596 = FACE_OUTER_BOUND ( 'NONE', #251, .T. ) ;
#5597 = DIRECTION ( 'NONE',  ( 1.000000000000000000, -8.326672684688663206E-16, 0.000000000000000000 ) ) ;
#5598 = CARTESIAN_POINT ( 'NONE',  ( 0.4853864440066972818, 0.1200000000071583528, -4.559782123184895326E-11 ) ) ;
#5599 = CARTESIAN_POINT ( 'NONE',  ( -0.05834953800001740909, 0.4536057820000058416, -0.1771575089999986030 ) ) ;
#5600 = CARTESIAN_POINT ( 'NONE',  ( -0.4428920508670065592, -0.2321675824950507061, -0.1195324959843843127 ) ) ;
#5601 = ORIENTED_EDGE ( 'NONE', *, *, #6792, .T. ) ;
#5602 = CARTESIAN_POINT ( 'NONE',  ( -0.6006544764444967655, 0.4514244679114319259, 1.700773674037924417E-48 ) ) ;
#5603 = CARTESIAN_POINT ( 'NONE',  ( -0.3858601250000029403, -0.2803437909999825228, -0.2339285709999992247 ) ) ;
#5604 = CARTESIAN_POINT ( 'NONE',  ( 0.1147994959999983633, 0.4388385590000007386, -0.1205000000000010785 ) ) ;
#5605 = ADVANCED_FACE ( 'NONE', ( #6884 ), #39, .F. ) ;
#5606 = ORIENTED_EDGE ( 'NONE', *, *, #901, .T. ) ;
#5607 = CARTESIAN_POINT ( 'NONE',  ( 0.4789230484959695611, 0.5895190528418292608, -0.005507537020774264970 ) ) ;
#5608 = CARTESIAN_POINT ( 'NONE',  ( -1.748382715945128460E-14, 0.4536057820000065077, -0.4732142859999975415 ) ) ;
#5609 =( BOUNDED_SURFACE ( )  B_SPLINE_SURFACE ( 1, 2, ( 
 ( #6381, #424, #6124, #2722, #5006 ),
 ( #5216, #2369, #1624, #2330, #3495 ) ),
 .UNSPECIFIED., .F., .F., .T. ) 
 B_SPLINE_SURFACE_WITH_KNOTS ( ( 2, 2 ),
 ( 3, 2, 3 ),
 ( 0.000000000000000000, 0.9230769230769239053 ),
 ( 0.06819000430022033321, 0.07142857142857142461, 0.07466713855692261315 ),
 .UNSPECIFIED. ) 
 GEOMETRIC_REPRESENTATION_ITEM ( )  RATIONAL_B_SPLINE_SURFACE ( (
 ( 0.9757408310629269721, 0.9778090539537090953, 1.000000000000000000, 0.9778090539537090953, 0.9757408310629269721),
 ( 0.9757408310629269721, 0.9778090539537090953, 1.000000000000000000, 0.9778090539537090953, 0.9757408310629269721) ) ) 
 REPRESENTATION_ITEM ( '' )  SURFACE ( )  );
#5610 = CARTESIAN_POINT ( 'NONE',  ( -0.4314047349999962089, -0.1401718949999992692, -0.4428571429999971776 ) ) ;
#5611 = CARTESIAN_POINT ( 'NONE',  ( -0.4427447046724509172, -0.1200000051831131564, -0.2409999998718719283 ) ) ;
#5612 = CARTESIAN_POINT ( 'NONE',  ( -1.748382715945128460E-14, 0.4536057820000065077, -0.1875000000000001110 ) ) ;
#5613 = EDGE_CURVE ( 'NONE', #1010, #4574, #305, .T. ) ;
#5614 = CARTESIAN_POINT ( 'NONE',  ( -0.3218282710789229228, -0.3196656399984841856, -0.1518019421483995934 ) ) ;
#5615 = CARTESIAN_POINT ( 'NONE',  ( -0.3788017585984664315, -0.2794584444928767675, -0.02938339266506388020 ) ) ;
#5616 = CARTESIAN_POINT ( 'NONE',  ( 0.01716196364688422904, 0.5000000000035206282, -0.08073442282461547326 ) ) ;
#5617 = ORIENTED_EDGE ( 'NONE', *, *, #3998, .F. ) ;
#5618 = CARTESIAN_POINT ( 'NONE',  ( 0.3226455930000037275, -0.3188385589999889191, -0.2142401969999966627 ) ) ;
#5619 = CARTESIAN_POINT ( 'NONE',  ( -0.1750822196083043625, 0.7649416373536855884, -0.01994755383918236577 ) ) ;
#5620 = CARTESIAN_POINT ( 'NONE',  ( -0.4257200567900056298, -0.3093037260299856261, -0.2693749998599990758 ) ) ;
#5621 = VERTEX_POINT ( 'NONE', #1778 ) ;
#5622 = CARTESIAN_POINT ( 'NONE',  ( 0.3981920345810402440, -0.2423900748833771601, -0.05974726563761730697 ) ) ;
#5623 = ORIENTED_EDGE ( 'NONE', *, *, #1934, .T. ) ;
#5624 = B_SPLINE_CURVE_WITH_KNOTS ( 'NONE', 3,
 ( #4092, #179, #1226, #4774 ),
 .UNSPECIFIED., .F., .F.,
 ( 4, 4 ),
 ( 0.000000000000000000, 1.000000000000000000 ),
 .UNSPECIFIED. ) ;
#5625 = ADVANCED_FACE ( 'NONE', ( #3062 ), #2305, .T. ) ;
#5626 = CARTESIAN_POINT ( 'NONE',  ( -0.4314047350000136949, 0.1401718949999970765, -0.3874999999999990674 ) ) ;
#5627 = CARTESIAN_POINT ( 'NONE',  ( -0.5682215599209297086, -0.5379625333386476305, -0.4812463453551205084 ) ) ;
#5628 = CARTESIAN_POINT ( 'NONE',  ( 0.4564308723393589728, -0.6025049169228215984, -0.4966236792710689296 ) ) ;
#5629 = FACE_OUTER_BOUND ( 'NONE', #4097, .T. ) ;
#5630 = CONICAL_SURFACE ( 'NONE', #2053, 0.7500000000000011102, 1.047197549762621138 ) ;
#5631 = CARTESIAN_POINT ( 'NONE',  ( -0.6248490158562388652, 0.5052686564027503158, -0.03092651727464870021 ) ) ;
#5632 = CARTESIAN_POINT ( 'NONE',  ( 0.4258255380000090518, -0.3074777420000019967, -0.5249644209999969613 ) ) ;
#5633 = CARTESIAN_POINT ( 'NONE',  ( 0.4314047349999962089, -0.1401718949999970765, -0.3427678572899998666 ) ) ;
#5634 = EDGE_CURVE ( 'NONE', #6739, #3441, #1978, .T. ) ;
#5635 = AXIS2_PLACEMENT_3D ( 'NONE', #2153, #7199, #5564 ) ;
#5636 = VECTOR ( 'NONE', #236, 39.37007874015748143 ) ;
#5637 = CARTESIAN_POINT ( 'NONE',  ( 0.3960570460000029103, 0.2489608940000012649, -0.1186567450000008545 ) ) ;
#5638 = LINE ( 'NONE', #5566, #5163 ) ;
#5639 = CARTESIAN_POINT ( 'NONE',  ( 0.4813363459999915883, 0.1366330390000052020, -0.01469890100000353396 ) ) ;
#5640 = CARTESIAN_POINT ( 'NONE',  ( -0.3226455993288803170, -0.3188385525640708429, -0.2321883742656798977 ) ) ;
#5641 = CARTESIAN_POINT ( 'NONE',  ( -0.3226455930000058370, -0.3188385589999997993, -0.2410000000000021569 ) ) ;
#5642 = ORIENTED_EDGE ( 'NONE', *, *, #5231, .F. ) ;
#5643 = VECTOR ( 'NONE', #6418, 39.37007874015748143 ) ;
#5644 = CARTESIAN_POINT ( 'NONE',  ( -0.3858601250000029403, -0.2803437909999825228, -0.3053571430000003861 ) ) ;
#5645 = CARTESIAN_POINT ( 'NONE',  ( 0.4999999999465143952, 7.584490778205151968E-09, -0.3839285709481152775 ) ) ;
#5646 = EDGE_LOOP ( 'NONE', ( #6070, #4046, #2449, #1307 ) ) ;
#5647 = CARTESIAN_POINT ( 'NONE',  ( 0.2710769515334386925, -0.7095190530680741681, -0.005507537058784105037 ) ) ;
#5648 = FACE_OUTER_BOUND ( 'NONE', #6243, .T. ) ;
#5649 = CARTESIAN_POINT ( 'NONE',  ( 0.4314047349999962089, 0.1401718950000036545, -0.4785714290000002702 ) ) ;
#5650 = CARTESIAN_POINT ( 'NONE',  ( -0.4602543005648543906, 0.1199999999308051374, -0.02436929485953269123 ) ) ;
#5651 = CARTESIAN_POINT ( 'NONE',  ( 0.03522811524703998304, 0.4756574552978767856, -0.02306966916435475301 ) ) ;
#5652 = FACE_OUTER_BOUND ( 'NONE', #2426, .T. ) ;
#5653 = CARTESIAN_POINT ( 'NONE',  ( -0.3847426752428124153, -0.2709412428312739096, -0.02954437011287232295 ) ) ;
#5654 =( BOUNDED_CURVE ( )  B_SPLINE_CURVE ( 2, ( #2427, #3026, #7059, #3145, #5315 ),
 .UNSPECIFIED., .F., .F. ) 
 B_SPLINE_CURVE_WITH_KNOTS ( ( 3, 2, 3 ),
 ( 0.000000000000000000, 0.9080264978308160151, 1.000000000000000000 ),
 .UNSPECIFIED. ) 
 CURVE ( )  GEOMETRIC_REPRESENTATION_ITEM ( )  RATIONAL_B_SPLINE_CURVE ( ( 0.9811209801039019185, 0.9638293843570110431, 1.000000000000000000, 0.9963362983302255227, 0.9932210950062601018 ) ) 
 REPRESENTATION_ITEM ( '' )  );
#5655 = CARTESIAN_POINT ( 'NONE',  ( -0.05834953800001740215, 0.4536057820000058416, -0.1057289370000026041 ) ) ;
#5656 = ORIENTED_EDGE ( 'NONE', *, *, #386, .T. ) ;
#5657 = CARTESIAN_POINT ( 'NONE',  ( -0.4180252467332576938, -0.2743895646353232687, -0.05589972383105264869 ) ) ;
#5658 = EDGE_CURVE ( 'NONE', #810, #5125, #3724, .T. ) ;
#5659 = CARTESIAN_POINT ( 'NONE',  ( -0.3466162715994834387, 0.3603569899974859991, -0.07167231112741767607 ) ) ;
#5660 = CARTESIAN_POINT ( 'NONE',  ( -0.4759694932300180814, 0.1546518630200044986, -0.2800892858600005919 ) ) ;
#5661 = ORIENTED_EDGE ( 'NONE', *, *, #6466, .F. ) ;
#5662 = CARTESIAN_POINT ( 'NONE',  ( -0.1324190910000008770, 0.4525867920000064548, -0.02211763999999738495 ) ) ;
#5663 = ORIENTED_EDGE ( 'NONE', *, *, #4220, .F. ) ;
#5664 = APPROVAL_PERSON_ORGANIZATION ( #2697, #6981, #7143 ) ;
#5665 = CARTESIAN_POINT ( 'NONE',  ( -0.2666227890000034129, 0.3669747860000008854, -0.2518749997100030447 ) ) ;
#5666 = CARTESIAN_POINT ( 'NONE',  ( -0.3210109491578242435, 0.3204927209969816726, -0.1785844897031996226 ) ) ;
#5667 = CARTESIAN_POINT ( 'NONE',  ( 0.4798280496062233835, -0.1424830773160450648, -0.1640077498396696754 ) ) ;
#5668 = CYLINDRICAL_SURFACE ( 'NONE', #1959, 0.5000000000000007772 ) ;
#5669 = CARTESIAN_POINT ( 'NONE',  ( 0.1387701736855788404, -0.4803569909904819579, 0.000000000000000000 ) ) ;
#5670 = CARTESIAN_POINT ( 'NONE',  ( 0.000000000000000000, 0.000000000000000000, -0.02410390399999663702 ) ) ;
#5671 = ADVANCED_FACE ( 'NONE', ( #1441 ), #1011, .T. ) ;
#5672 = CARTESIAN_POINT ( 'NONE',  ( 0.1473854529999880369, -0.4536057819999951279, -0.2820535712800040784 ) ) ;
#5673 = DIRECTION ( 'NONE',  ( 2.157041537713704155E-32, -1.707404996040165128E-17, 1.000000000000000000 ) ) ;
#5674 = CARTESIAN_POINT ( 'NONE',  ( 0.3213724793509097899, -0.3201217507747877167, -0.4999999997378973271 ) ) ;
#5675 = CARTESIAN_POINT ( 'NONE',  ( 0.4813363459999915883, 0.1366330390000052020, -0.02362747299999775827 ) ) ;
#5676 = CARTESIAN_POINT ( 'NONE',  ( -0.4314047349999962089, -0.1401718949999992692, -0.3089285709999967100 ) ) ;
#5677 = VERTEX_POINT ( 'NONE', #7051 ) ;
#5678 = CARTESIAN_POINT ( 'NONE',  ( -0.05834953800001740215, 0.4536057820000058416, -0.1771575089999986308 ) ) ;
#5679 = CARTESIAN_POINT ( 'NONE',  ( -0.6439406785072477879, 0.4942460798291696267, -0.4643590290898676476 ) ) ;
#5680 = ORIENTED_EDGE ( 'NONE', *, *, #6513, .F. ) ;
#5681 = ORIENTED_EDGE ( 'NONE', *, *, #630, .F. ) ;
#5682 = CARTESIAN_POINT ( 'NONE',  ( -0.2471407545083340596, -0.3936792707128792812, -0.4999999999999974465 ) ) ;
#5683 = EDGE_CURVE ( 'NONE', #3943, #4539, #5307, .T. ) ;
#5684 = CARTESIAN_POINT ( 'NONE',  ( 0.3858601249999937810, -0.2803437909999871303, -0.4267857140000005378 ) ) ;
#5685 = CARTESIAN_POINT ( 'NONE',  ( 0.2666227889999946421, 0.3669747859999997752, -0.3285714289999966953 ) ) ;
#5686 = LINE ( 'NONE', #545, #3840 ) ;
#5687 = CARTESIAN_POINT ( 'NONE',  ( 0.4253254039999847524, -0.3090169939999903304, -0.3196428570000013902 ) ) ;
#5688 = CARTESIAN_POINT ( 'NONE',  ( 0.1147995066395191277, 0.4388385563744751638, -0.1903980778966302967 ) ) ;
#5689 = ORIENTED_EDGE ( 'NONE', *, *, #4808, .T. ) ;
#5690 = CARTESIAN_POINT ( 'NONE',  ( 0.4727044561155730462, 0.1645816524003811954, -0.02297771768692752001 ) ) ;
#5691 = CARTESIAN_POINT ( 'NONE',  ( -0.1170659946377612531, 0.4382456464098326010, -0.1131137611933062392 ) ) ;
#5692 = CARTESIAN_POINT ( 'NONE',  ( -0.3466162716253770038, -0.3603569899725737602, -0.05332768900931176420 ) ) ;
#5693 = CARTESIAN_POINT ( 'NONE',  ( 0.03748414820672372333, -0.4991434546723747534, -0.1777395964595512023 ) ) ;
#5694 = B_SPLINE_CURVE_WITH_KNOTS ( 'NONE', 3,
 ( #2806, #1675, #7424, #2278, #1600, #1752, #3968, #4043, #624, #3926, #5090, #2912, #3889, #6248, #2347, #2768, #6898 ),
 .UNSPECIFIED., .F., .F.,
 ( 4, 2, 2, 2, 1, 1, 1, 2, 2, 4 ),
 ( 0.000000000000000000, 0.2499999999999953926, 0.3749999999999929501, 0.4374999999999916733, 0.4687499999999905631, 0.4843749999999902855, 0.4921874999999906186, 0.4960937499999907296, 0.4999999999999908962, 1.000000000000000000 ),
 .UNSPECIFIED. ) ;
#5695 = CARTESIAN_POINT ( 'NONE',  ( 0.5262189296799910654, 5.744869935398145808E-15, -0.2408035718599970121 ) ) ;
#5696 = VERTEX_POINT ( 'NONE', #880 ) ;
#5697 = CARTESIAN_POINT ( 'NONE',  ( 0.06499618000000136064, 0.4536057820000009011, -0.1176464090000029911 ) ) ;
#5698 = EDGE_LOOP ( 'NONE', ( #4293, #4731, #2877, #6735 ) ) ;
#5699 = ADVANCED_FACE ( 'NONE', ( #5906 ), #5630, .T. ) ;
#5700 = CARTESIAN_POINT ( 'NONE',  ( -0.1473854530000156260, -0.4536057819999870788, -0.4410714290000041227 ) ) ;
#5701 = EDGE_CURVE ( 'NONE', #4760, #576, #159, .T. ) ;
#5702 =( BOUNDED_CURVE ( )  B_SPLINE_CURVE ( 2, ( #5921, #3078, #5800, #1384, #625 ),
 .UNSPECIFIED., .F., .T. ) 
 B_SPLINE_CURVE_WITH_KNOTS ( ( 3, 2, 3 ),
 ( 0.000000000000000000, 0.09197357230864416922, 1.000000000000000000 ),
 .UNSPECIFIED. ) 
 CURVE ( )  GEOMETRIC_REPRESENTATION_ITEM ( )  RATIONAL_B_SPLINE_CURVE ( ( 0.9932210899422718731, 0.9963362953524198540, 1.000000000000000000, 0.9638293866287261924, 0.9811209779318870172 ) ) 
 REPRESENTATION_ITEM ( '' )  );
#5703 = CARTESIAN_POINT ( 'NONE',  ( 0.4526480725690436024, 0.1199999893127710465, -0.2108632253622418906 ) ) ;
#5704 = CARTESIAN_POINT ( 'NONE',  ( 0.3247719032253695848, 0.3225214502530355798, -0.04229171404212733743 ) ) ;
#5705 = CARTESIAN_POINT ( 'NONE',  ( -0.1624598480000143952, -0.4999999999999896749, -0.4767857140000021365 ) ) ;
#5706 = CARTESIAN_POINT ( 'NONE',  ( 0.7266763964818280241, -0.4464785907730396408, -0.05921276374074088689 ) ) ;
#5707 = CARTESIAN_POINT ( 'NONE',  ( 0.4755282579999763892, -0.1545084969999952484, -0.5214285710000032825 ) ) ;
#5708 = CARTESIAN_POINT ( 'NONE',  ( 0.4314047349999962089, 0.1401718950000036545, -0.4070535712800042449 ) ) ;
#5709 = CARTESIAN_POINT ( 'NONE',  ( -0.07728026074814409174, -0.4703753751910146885, -0.02380134630820123984 ) ) ;
#5710 = CARTESIAN_POINT ( 'NONE',  ( -0.6722548954164747625, -0.3356177397078913827, 1.274205601022635887E-48 ) ) ;
#5711 = FACE_OUTER_BOUND ( 'NONE', #5881, .T. ) ;
#5712 = CARTESIAN_POINT ( 'NONE',  ( -0.6912673792653174498, 0.2944757777835266266, 8.953587871213288884E-49 ) ) ;
#5713 = CARTESIAN_POINT ( 'NONE',  ( 0.3854654722099819519, -0.2800570589699883373, -0.4265178568499992107 ) ) ;
#5714 = CARTESIAN_POINT ( 'NONE',  ( -1.748382715945128460E-14, 0.4536057820000065077, -0.1785714290000018356 ) ) ;
#5715 = FACE_OUTER_BOUND ( 'NONE', #6656, .T. ) ;
#5716 = ORIENTED_EDGE ( 'NONE', *, *, #411, .F. ) ;
#5717 = CARTESIAN_POINT ( 'NONE',  ( 0.4740919287417333372, 0.5811513081528739688, 0.000000000000000000 ) ) ;
#5718 = CARTESIAN_POINT ( 'NONE',  ( -0.1473854530000156260, -0.4536057819999870233, -0.4410714290000041782 ) ) ;
#5719 = CARTESIAN_POINT ( 'NONE',  ( -0.1473854530000156260, -0.4536057819999870788, -0.2892857140000006932 ) ) ;
#5720 = CARTESIAN_POINT ( 'NONE',  ( 0.000000000000000000, 0.000000000000000000, -0.05981818999999974351 ) ) ;
#5721 = CARTESIAN_POINT ( 'NONE',  ( 0.1404050990000063615, 0.4798816610000024019, -0.2175160060000018991 ) ) ;
#5722 = CARTESIAN_POINT ( 'NONE',  ( 0.4769493439999838991, 3.446921961238886775E-15, -0.4821428570000020342 ) ) ;
#5723 = ADVANCED_FACE ( 'NONE', ( #5862 ), #6510, .T. ) ;
#5724 = ORIENTED_EDGE ( 'NONE', *, *, #2842, .F. ) ;
#5725 = CARTESIAN_POINT ( 'NONE',  ( -0.4755282580000025905, 0.1545084969999996061, -0.06607142900000351204 ) ) ;
#5726 = CARTESIAN_POINT ( 'NONE',  ( -0.2662458319907479720, 0.7011513081967931660, 0.000000000000000000 ) ) ;
#5727 = ORIENTED_EDGE ( 'NONE', *, *, #1912, .T. ) ;
#5728 = CARTESIAN_POINT ( 'NONE',  ( -0.3226455992394767214, -0.3188385526878541598, -0.2232598029110046678 ) ) ;
#5729 = CARTESIAN_POINT ( 'NONE',  ( 0.04693362173965588691, 0.4965259428173075529, -0.4999999999999971689 ) ) ;
#5730 = CARTESIAN_POINT ( 'NONE',  ( 0.4759694932299831094, -0.1546518630199990585, -0.2443749998599974715 ) ) ;
#5731 = CARTESIAN_POINT ( 'NONE',  ( -0.3416188012467643031, -0.3517011502449238769, -0.03885179239455246319 ) ) ;
#5732 = ORIENTED_EDGE ( 'NONE', *, *, #6906, .F. ) ;
#5733 = CARTESIAN_POINT ( 'NONE',  ( 0.2666227890000034129, -0.3669747859999954454, -0.3590178567099986395 ) ) ;
#5734 = B_SPLINE_CURVE_WITH_KNOTS ( 'NONE', 3,
 ( #1706, #2383, #2946, #6977, #2234, #4003, #5152, #2307, #2832, #1169, #1209, #2906, #2342, #9, #1746, #4678, #1100, #4523, #3397, #5679, #6280, #5793, #46, #538, #6809, #3510, #5116 ),
 .UNSPECIFIED., .F., .F.,
 ( 4, 1, 1, 1, 2, 2, 1, 1, 1, 1, 2, 2, 1, 1, 1, 1, 2, 2, 4 ),
 ( 0.000000000000000000, 0.1250000000000046629, 0.1875000000000071887, 0.2187500000000086597, 0.2343750000000090761, 0.2500000000000094924, 0.3750000000000124900, 0.4375000000000139333, 0.4687500000000149325, 0.4843750000000150990, 0.4921875000000151545, 0.5000000000000150990, 0.6250000000000091038, 0.6875000000000063283, 0.7187500000000052180, 0.7343750000000047740, 0.7421875000000047740, 0.7500000000000048850, 1.000000000000000000 ),
 .UNSPECIFIED. ) ;
#5735 = CARTESIAN_POINT ( 'NONE',  ( -0.6641781039749855564, -0.4825619967847423197, -0.4590253190897577995 ) ) ;
#5736 = CARTESIAN_POINT ( 'NONE',  ( -0.4342389275832488904, 0.1631968770810351133, -0.03654212037439918265 ) ) ;
#5737 = CARTESIAN_POINT ( 'NONE',  ( -0.4755282580000375625, -0.1545084969999974134, -0.4874999999999985456 ) ) ;
#5738 = CARTESIAN_POINT ( 'NONE',  ( 0.1255911163720158374, 0.4575302001031358867, -0.2409999999564062245 ) ) ;
#5739 = CARTESIAN_POINT ( 'NONE',  ( -0.3749999999507395709, -0.6495190529087538911, -0.5000000000241863196 ) ) ;
#5740 =( BOUNDED_SURFACE ( )  B_SPLINE_SURFACE ( 1, 2, ( 
 ( #7104, #1836, #4123, #6405, #1264, #3555, #4346 ),
 ( #1488, #3712, #353, #3188, #4875, #3751, #4843 ) ),
 .UNSPECIFIED., .F., .F., .F. ) 
 B_SPLINE_SURFACE_WITH_KNOTS ( ( 2, 2 ),
 ( 3, 2, 2, 3 ),
 ( 0.000000000000000000, 1.000000000000000000 ),
 ( 0.1042288597726480082, 0.1071428571428569981, 0.1100568545130670012, 0.1101151344604711924 ),
 .UNSPECIFIED. ) 
 GEOMETRIC_REPRESENTATION_ITEM ( )  RATIONAL_B_SPLINE_SURFACE ( (
 ( 0.9763575006785250032, 0.9800330344073259203, 1.000000000000000000, 0.9800330344073259203, 0.9763575006785250032, 0.9763575006785250032, 0.9763575006785250032),
 ( 0.9763575006785250032, 0.9800330344073259203, 1.000000000000000000, 0.9800330344073259203, 0.9763575006785250032, 0.9763575006785250032, 0.9763575006785250032) ) ) 
 REPRESENTATION_ITEM ( '' )  SURFACE ( )  );
#5741 = CARTESIAN_POINT ( 'NONE',  ( -0.1473854530000156260, -0.4536057819999870788, -0.2892857140000006932 ) ) ;
#5742 = DIRECTION ( 'NONE',  ( 1.000000000000000000, -8.326672684688663206E-16, 0.000000000000000000 ) ) ;
#5743 = EDGE_CURVE ( 'NONE', #5271, #283, #3348, .T. ) ;
#5744 = CARTESIAN_POINT ( 'NONE',  ( -0.3226455968293399090, 0.3188385551267693407, -0.09816876865515218598 ) ) ;
#5745 = EDGE_CURVE ( 'NONE', #129, #5913, #1539, .T. ) ;
#5746 = CARTESIAN_POINT ( 'NONE',  ( -0.5000000008697330633, 0.07919221697795152115, -0.4214733672035252399 ) ) ;
#5747 = CARTESIAN_POINT ( 'NONE',  ( -0.1473854529999972240, 0.4536057820000077290, -0.4696428569999970826 ) ) ;
#5748 = DIRECTION ( 'NONE',  ( 2.157041537713704703E-32, 0.000000000000000000, -1.000000000000000000 ) ) ;
#5749 = AXIS2_PLACEMENT_3D ( 'NONE', #3287, #1423, #5538 ) ;
#5750 = ORIENTED_EDGE ( 'NONE', *, *, #6073, .F. ) ;
#5751 = DIRECTION ( 'NONE',  ( 1.000000000000000000, -8.326672684688663206E-16, 0.000000000000000000 ) ) ;
#5752 = VERTEX_POINT ( 'NONE', #6470 ) ;
#5753 = UNCERTAINTY_MEASURE_WITH_UNIT (LENGTH_MEASURE( 1.000000000000000082E-05 ), #2440, 'distance_accuracy_value', 'NONE');
#5754 = VECTOR ( 'NONE', #3371, 39.37007874015748143 ) ;
#5755 = CARTESIAN_POINT ( 'NONE',  ( 0.7217835996785733066, 0.2087925928943132614, 4.556576809065352377E-49 ) ) ;
#5756 = CARTESIAN_POINT ( 'NONE',  ( -0.2953078335032572888, 0.3490931093083532444, -0.2410000000000021847 ) ) ;
#5757 = CARTESIAN_POINT ( 'NONE',  ( 0.09367903501774674235, -0.4933833553518371384, 1.325184125963927125E-48 ) ) ;
#5758 = CARTESIAN_POINT ( 'NONE',  ( 0.4535207363319146423, -0.2106021122615694130, -0.09419893750001737120 ) ) ;
#5759 = DIRECTION ( 'NONE',  ( -6.162975822039154730E-33, 0.000000000000000000, 1.000000000000000000 ) ) ;
#5760 = CARTESIAN_POINT ( 'NONE',  ( 0.05938541332102148518, 0.4718394454403488369, -0.02443893463430155469 ) ) ;
#5761 = CARTESIAN_POINT ( 'NONE',  ( -0.4769493440000298623, 1.263871385787591936E-14, -0.4464285710000014951 ) ) ;
#5762 = CONICAL_SURFACE ( 'NONE', #5419, 0.4904145190000008259, 0.7853981633974432830 ) ;
#5763 = ORIENTED_EDGE ( 'NONE', *, *, #4125, .T. ) ;
#5764 = CARTESIAN_POINT ( 'NONE',  ( -0.2546228753447766224, -0.3993750166293369430, -0.2410000000000022125 ) ) ;
#5765 = DIRECTION ( 'NONE',  ( -6.162975822039154730E-33, -0.000000000000000000, 1.000000000000000000 ) ) ;
#5766 = DIRECTION ( 'NONE',  ( 1.000000000000000000, -8.326672684688663206E-16, 0.000000000000000000 ) ) ;
#5767 = CARTESIAN_POINT ( 'NONE',  ( 0.2243906028970831246, 0.4388696187106333468, -0.4999999999999973910 ) ) ;
#5768 = CARTESIAN_POINT ( 'NONE',  ( 0.2941653243700039777, -0.4048838341100040039, -0.3229464288599998012 ) ) ;
#5769 = EDGE_LOOP ( 'NONE', ( #1252, #776, #5617, #1530 ) ) ;
#5770 = CARTESIAN_POINT ( 'NONE',  ( 0.1299858998484070549, 0.4651421820623720671, -0.2361414568211874510 ) ) ;
#5771 = EDGE_CURVE ( 'NONE', #1829, #3158, #1331, .T. ) ;
#5772 = ORIENTED_EDGE ( 'NONE', *, *, #6091, .T. ) ;
#5773 = CARTESIAN_POINT ( 'NONE',  ( 0.5703441857573373630, 0.1200000000000043393, -0.2410000000000021569 ) ) ;
#5774 = AXIS2_PLACEMENT_3D ( 'NONE', #642, #5076, #4101 ) ;
#5775 = CARTESIAN_POINT ( 'NONE',  ( -0.4374450905869238237, -0.1199999913474362329, -0.2380139583236209888 ) ) ;
#5776 = CARTESIAN_POINT ( 'NONE',  ( 0.000000000000000000, 0.000000000000000000, -0.1669610470000041091 ) ) ;
#5777 = LINE ( 'NONE', #4099, #1474 ) ;
#5778 = CARTESIAN_POINT ( 'NONE',  ( 0.000000000000000000, 0.000000000000000000, -0.03986149499999873391 ) ) ;
#5779 = CARTESIAN_POINT ( 'NONE',  ( 0.1387701736855788404, -0.4803569909904819579, 0.000000000000000000 ) ) ;
#5780 = ORIENTED_EDGE ( 'NONE', *, *, #4230, .F. ) ;
#5781 = AXIS2_PLACEMENT_3D ( 'NONE', #655, #2866, #1786 ) ;
#5782 = DIRECTION ( 'NONE',  ( 6.162975822039154730E-33, 0.000000000000000000, -1.000000000000000000 ) ) ;
#5783 = CARTESIAN_POINT ( 'NONE',  ( -0.4365652530000151410, -0.2744242959999939613, -0.1275853169999959791 ) ) ;
#5784 = CARTESIAN_POINT ( 'NONE',  ( -0.2666227890000034129, 0.3669747860000008854, -0.2428571429999981934 ) ) ;
#5785 = CARTESIAN_POINT ( 'NONE',  ( 0.5000000005031174366, 0.03301324508853743789, -0.3028083352262315731 ) ) ;
#5786 = CARTESIAN_POINT ( 'NONE',  ( -0.1387701810276235626, 0.4803569890748730087, -0.06823761641760667240 ) ) ;
#5787 = CARTESIAN_POINT ( 'NONE',  ( 0.1147995006298906384, 0.4388385579465892139, -0.04754093517111017408 ) ) ;
#5788 = CARTESIAN_POINT ( 'NONE',  ( -0.1224062567307766525, 0.4520138295145950669, -0.1215415638307253549 ) ) ;
#5789 = CARTESIAN_POINT ( 'NONE',  ( -0.1473854530000156260, -0.4536057819999870788, -0.3696428570000029890 ) ) ;
#5790 = CARTESIAN_POINT ( 'NONE',  ( 0.3447222992939351638, 0.3570663520225393905, -0.003683935518490158087 ) ) ;
#5791 = EDGE_CURVE ( 'NONE', #1111, #188, #2563, .T. ) ;
#5792 = ORIENTED_EDGE ( 'NONE', *, *, #5084, .T. ) ;
#5793 = CARTESIAN_POINT ( 'NONE',  ( -0.6538325295818289140, 0.4885350169470548121, -0.4617864534317719372 ) ) ;
#5794 = VERTEX_POINT ( 'NONE', #6759 ) ;
#5795 = CARTESIAN_POINT ( 'NONE',  ( -0.3542420343006282279, 0.3528634026973000992, -0.4999999999007592177 ) ) ;
#5796 = CARTESIAN_POINT ( 'NONE',  ( 0.1387701737200569274, 0.4803569909805150973, 0.000000000000000000 ) ) ;
#5797 = CARTESIAN_POINT ( 'NONE',  ( -0.7500000000000175415, 0.4148869460284744237, -0.4382451568083566840 ) ) ;
#5798 = CARTESIAN_POINT ( 'NONE',  ( 0.3636080314661632729, -0.3440131405187323299, -0.1693501040649641465 ) ) ;
#5799 = CARTESIAN_POINT ( 'NONE',  ( -5.128880697225034028E-11, 0.4999999999885695323, 2.797412345512205536E-13 ) ) ;
#5800 = CARTESIAN_POINT ( 'NONE',  ( -0.4314047349999962089, -0.1401718949999992692, -0.1571428569999997193 ) ) ;
#5801 = CARTESIAN_POINT ( 'NONE',  ( -0.2666227890000034129, 0.3669747860000008854, -0.3857142859999969087 ) ) ;
#5802 = ORIENTED_EDGE ( 'NONE', *, *, #3473, .F. ) ;
#5803 = ORIENTED_EDGE ( 'NONE', *, *, #934, .F. ) ;
#5804 = CARTESIAN_POINT ( 'NONE',  ( -0.4374450909239595564, -0.1199999893410698126, -0.2335496727715768717 ) ) ;
#5805 = VERTEX_POINT ( 'NONE', #2148 ) ;
#5806 = CARTESIAN_POINT ( 'NONE',  ( -0.4374450879999917108, -0.1199999999999954298, -0.2380139580000019683 ) ) ;
#5807 = CARTESIAN_POINT ( 'NONE',  ( 0.1147994959718494079, 0.4388385591517351969, -0.04639421813572330161 ) ) ;
#5808 = CARTESIAN_POINT ( 'NONE',  ( -0.4257200567900056298, -0.3093037260299856261, -0.4836607138499967040 ) ) ;
#5809 = VERTEX_POINT ( 'NONE', #3907 ) ;
#5810 = CARTESIAN_POINT ( 'NONE',  ( 0.1255911163720158374, 0.4575302001031358867, -0.2409999999564062245 ) ) ;
#5811 = VERTEX_POINT ( 'NONE', #4432 ) ;
#5812 = CARTESIAN_POINT ( 'NONE',  ( 0.000000000000000000, -0.4536057820000032326, -0.4375892857100009969 ) ) ;
#5813 = EDGE_CURVE ( 'NONE', #4084, #4163, #2349, .T. ) ;
#5814 = CARTESIAN_POINT ( 'NONE',  ( 0.1102271782925385440, -0.4886027676706317102, -0.1046382739105079646 ) ) ;
#5815 = CARTESIAN_POINT ( 'NONE',  ( 0.5626682318648326131, -0.5411687487875272984, -0.4822880901118185015 ) ) ;
#5816 = CARTESIAN_POINT ( 'NONE',  ( 0.4999999999999799050, 7.590804625288109607E-09, -0.4464285711580115446 ) ) ;
#5817 = PLANE ( 'NONE',  #4072 ) ;
#5818 = CARTESIAN_POINT ( 'NONE',  ( 0.4686285202293726249, -0.1200000048517770174, -0.03904214861890867999 ) ) ;
#5819 = ORIENTED_EDGE ( 'NONE', *, *, #214, .T. ) ;
#5820 = CARTESIAN_POINT ( 'NONE',  ( 0.1387701810264521385, -0.4803569890752030225, -0.1753804735340882826 ) ) ;
#5821 = CARTESIAN_POINT ( 'NONE',  ( 0.4380528171721040920, 0.1177845984271588820, -0.1309275471281966252 ) ) ;
#5822 = CARTESIAN_POINT ( 'NONE',  ( -0.2666227890000034129, 0.3669747860000008854, -0.3142857139999994387 ) ) ;
#5823 = EDGE_CURVE ( 'NONE', #5353, #402, #1632, .T. ) ;
#5824 = CARTESIAN_POINT ( 'NONE',  ( -0.4253254040000031266, -0.3090169939999879989, -0.4124999999999994782 ) ) ;
#5825 = CARTESIAN_POINT ( 'NONE',  ( -0.4755282580000025905, 0.1545084969999996061, -0.4232142860000021600 ) ) ;
#5826 = CARTESIAN_POINT ( 'NONE',  ( -0.1473854529999972240, 0.4536057820000077290, -0.3267857139999973404 ) ) ;
#5827 = CARTESIAN_POINT ( 'NONE',  ( 0.4374450905939435419, -0.1199999914536778040, -0.1994860417533110275 ) ) ;
#5828 = ORIENTED_EDGE ( 'NONE', *, *, #3716, .F. ) ;
#5829 = CARTESIAN_POINT ( 'NONE',  ( 0.4755282582305261352, 0.1545084970749112940, -0.2374999998600515472 ) ) ;
#5830 = ORIENTED_EDGE ( 'NONE', *, *, #4031, .T. ) ;
#5831 = CARTESIAN_POINT ( 'NONE',  ( -0.5000000003375729696, 0.03301206885267762153, -0.4829059237397414495 ) ) ;
#5832 = CARTESIAN_POINT ( 'NONE',  ( -0.1951787984758647509, 0.4176373855199927432, -0.2410000000000022680 ) ) ;
#5833 = CARTESIAN_POINT ( 'NONE',  ( -0.1273771290000150769, -0.4353541919999949772, -0.08358743400000261115 ) ) ;
#5834 = CARTESIAN_POINT ( 'NONE',  ( 0.4459337055327746158, -0.2264516773135341332, -0.09459845514320165683 ) ) ;
#5835 = CARTESIAN_POINT ( 'NONE',  ( -0.3466162613479288335, 0.3603569998581372391, -0.1431008825052356714 ) ) ;
#5836 = CARTESIAN_POINT ( 'NONE',  ( -0.3226455968293399090, 0.3188385551267693407, -0.09816876865515218598 ) ) ;
#5837 = CARTESIAN_POINT ( 'NONE',  ( -0.1473854529999972240, 0.4536057820000077290, -0.3178571429999961784 ) ) ;
#5838 = EDGE_LOOP ( 'NONE', ( #1471, #1568, #7172, #6949 ) ) ;
#5839 = ORIENTED_EDGE ( 'NONE', *, *, #878, .F. ) ;
#5840 = CARTESIAN_POINT ( 'NONE',  ( -0.4550972100942548559, -0.04234283992531023139, -0.2410000000000021569 ) ) ;
#5841 = CARTESIAN_POINT ( 'NONE',  ( -0.4857860370000177119, -0.1183719840000016510, -0.1936924300000031351 ) ) ;
#5842 = EDGE_LOOP ( 'NONE', ( #5802, #6311, #5930, #2509 ) ) ;
#5843 = DIRECTION ( 'NONE',  ( 6.162975822039154730E-33, -0.000000000000000000, -1.000000000000000000 ) ) ;
#5844 = CARTESIAN_POINT ( 'NONE',  ( -0.4485561047516252731, -0.2215065694189125856, -0.3340949480373772151 ) ) ;
#5845 = CARTESIAN_POINT ( 'NONE',  ( -0.4755282580000025905, 0.1545084969999996061, -0.2803571430000034725 ) ) ;
#5846 = EDGE_CURVE ( 'NONE', #2867, #5856, #7226, .T. ) ;
#5847 = CARTESIAN_POINT ( 'NONE',  ( -0.3453981760000050527, 0.3615246880000124174, -0.2056392679999970163 ) ) ;
#5848 = ORIENTED_EDGE ( 'NONE', *, *, #6172, .T. ) ;
#5849 = CARTESIAN_POINT ( 'NONE',  ( 0.3858601249999938365, -0.2803437909999871303, -0.4268749997100005356 ) ) ;
#5850 = CARTESIAN_POINT ( 'NONE',  ( 0.3453981759999872891, -0.3615246879999946539, -0.1788535540000032176 ) ) ;
#5851 = CARTESIAN_POINT ( 'NONE',  ( 0.4720772907964111420, 0.1663902907385735874, -0.2283018379417969257 ) ) ;
#5852 = CARTESIAN_POINT ( 'NONE',  ( 0.2910618052508556208, -0.4068780805724907523, -0.4572220139629810109 ) ) ;
#5853 = CARTESIAN_POINT ( 'NONE',  ( 0.4526480710738591262, 0.1199999949524822029, -0.04214805136517795620 ) ) ;
#5854 = CARTESIAN_POINT ( 'NONE',  ( 0.3297653380341512563, 0.3762001343968515710, -0.3653024728962160905 ) ) ;
#5855 = ADVANCED_FACE ( 'NONE', ( #342 ), #4962, .T. ) ;
#5856 = VERTEX_POINT ( 'NONE', #2114 ) ;
#5857 =( BOUNDED_CURVE ( )  B_SPLINE_CURVE ( 2, ( #1452, #3247, #4872, #3148, #315 ),
 .UNSPECIFIED., .F., .T. ) 
 B_SPLINE_CURVE_WITH_KNOTS ( ( 3, 2, 3 ),
 ( 0.000000000000000000, 0.5000000000000095479, 1.000000000000000000 ),
 .UNSPECIFIED. ) 
 CURVE ( )  GEOMETRIC_REPRESENTATION_ITEM ( )  RATIONAL_B_SPLINE_CURVE ( ( 0.9763575006785250032, 0.9800330344073259203, 1.000000000000000000, 0.9800330344073259203, 0.9763575006785250032 ) ) 
 REPRESENTATION_ITEM ( '' )  );
#5858 = CARTESIAN_POINT ( 'NONE',  ( 0.7403377607281104167, -0.1200000000142403961, 0.000000000000000000 ) ) ;
#5859 = CARTESIAN_POINT ( 'NONE',  ( -0.06234860829652427022, -0.8300284182074464390, -0.4527923936208030908 ) ) ;
#5860 = CARTESIAN_POINT ( 'NONE',  ( -0.2666227890000034129, 0.3669747860000008854, -0.3857142859999969087 ) ) ;
#5861 = CARTESIAN_POINT ( 'NONE',  ( 0.4999904507333094439, 0.003090176820419192252, -0.2409999999253374658 ) ) ;
#5862 = FACE_OUTER_BOUND ( 'NONE', #59, .T. ) ;
#5863 = AXIS2_PLACEMENT_3D ( 'NONE', #4696, #1271, #5766 ) ;
#5864 = B_SPLINE_CURVE_WITH_KNOTS ( 'NONE', 3,
 ( #3061, #6512, #4754, #4714 ),
 .UNSPECIFIED., .F., .F.,
 ( 4, 4 ),
 ( 0.000000000000000000, 1.000000000000000000 ),
 .UNSPECIFIED. ) ;
#5865 = CARTESIAN_POINT ( 'NONE',  ( -0.4314047349999962089, -0.1401718949999992692, -0.2285714289999971893 ) ) ;
#5866 = ADVANCED_FACE ( 'NONE', ( #6619 ), #3090, .T. ) ;
#5867 = CARTESIAN_POINT ( 'NONE',  ( 0.1147994906296310458, -0.4388385605626308750, -0.06853049398269392412 ) ) ;
#5868 = CARTESIAN_POINT ( 'NONE',  ( 0.4314047349999962089, -0.1401718949999970765, -0.3517857139999959748 ) ) ;
#5869 = CARTESIAN_POINT ( 'NONE',  ( -0.3261539459679099195, 0.3249152082351552950, -0.03962375267433886766 ) ) ;
#5870 = ORIENTED_EDGE ( 'NONE', *, *, #4135, .F. ) ;
#5871 = CARTESIAN_POINT ( 'NONE',  ( 0.3297653379000707874, 0.3762001345063204494, -0.4367310446456976747 ) ) ;
#5872 = CARTESIAN_POINT ( 'NONE',  ( -0.3517001151336287545, 0.3553612631237317299, 1.207805334143670882E-48 ) ) ;
#5873 = FACE_OUTER_BOUND ( 'NONE', #5842, .T. ) ;
#5874 = EDGE_CURVE ( 'NONE', #3813, #5913, #2098, .T. ) ;
#5875 = CARTESIAN_POINT ( 'NONE',  ( 0.1387701736855788404, -0.4803569909904819579, 0.000000000000000000 ) ) ;
#5876 = CARTESIAN_POINT ( 'NONE',  ( 0.4606968512334529975, -0.1943456095686788287, -0.09380040372409936822 ) ) ;
#5877 = FACE_OUTER_BOUND ( 'NONE', #1486, .T. ) ;
#5878 = CARTESIAN_POINT ( 'NONE',  ( -0.4810769890444359653, -0.1374312576851307865, -0.1307518793631599896 ) ) ;
#5879 = CARTESIAN_POINT ( 'NONE',  ( -0.2666227890000034129, -0.3669747859999954454, -0.3642857140000035354 ) ) ;
#5880 = B_SPLINE_CURVE_WITH_KNOTS ( 'NONE', 3,
 ( #5238, #1835, #1951, #4804, #6528, #1793, #4122, #7023, #3591, #2390 ),
 .UNSPECIFIED., .F., .F.,
 ( 4, 2, 2, 2, 4 ),
 ( 0.000000000000000000, 0.2500000000000000000, 0.5000000000000000000, 0.7500000000000000000, 1.000000000000000000 ),
 .UNSPECIFIED. ) ;
#5881 = EDGE_LOOP ( 'NONE', ( #3670, #2108, #1950, #3693 ) ) ;
#5882 = EDGE_LOOP ( 'NONE', ( #947, #6165, #6220, #4816, #390, #4649, #4210, #4171, #6642 ) ) ;
#5883 = CARTESIAN_POINT ( 'NONE',  ( -0.4331612676409504203, -0.1794337436359642601, -0.03114487765586652912 ) ) ;
#5884 = CARTESIAN_POINT ( 'NONE',  ( 0.000000000000000000, 0.000000000000000000, -0.1550685319999992873 ) ) ;
#5885 = CARTESIAN_POINT ( 'NONE',  ( -0.4448316250000056704, -0.1445345559999955676, -0.03136523999999817763 ) ) ;
#5886 = CARTESIAN_POINT ( 'NONE',  ( -0.2503134313856814064, -0.4340610129865226097, -0.3274023183504969348 ) ) ;
#5887 = CARTESIAN_POINT ( 'NONE',  ( 0.1626105919499825914, -0.5004639421799894627, -0.4693749998599963669 ) ) ;
#5888 = ORIENTED_EDGE ( 'NONE', *, *, #2518, .F. ) ;
#5889 = CARTESIAN_POINT ( 'NONE',  ( 3.585932950403458328E-11, 0.8660254038919832364, -0.4330127016082936930 ) ) ;
#5890 = VERTEX_POINT ( 'NONE', #1616 ) ;
#5891 = CARTESIAN_POINT ( 'NONE',  ( 0.4314047349999962089, 0.1401718950000036545, -0.4875892857099963784 ) ) ;
#5892 = EDGE_CURVE ( 'NONE', #1210, #1596, #6153, .T. ) ;
#5893 = EDGE_CURVE ( 'NONE', #6205, #865, #1284, .T. ) ;
#5894 = LINE ( 'NONE', #4139, #5643 ) ;
#5895 = ORIENTED_EDGE ( 'NONE', *, *, #1203, .F. ) ;
#5896 = CARTESIAN_POINT ( 'NONE',  ( 0.6538325298500332616, -0.4885350167921878040, -0.4617864534310373026 ) ) ;
#5897 = CARTESIAN_POINT ( 'NONE',  ( 0.06547043835510626963, -0.4967633149212503096, -0.4628233286671095681 ) ) ;
#5898 = CARTESIAN_POINT ( 'NONE',  ( -0.07077532417655263419, -0.4999999999999935607, -0.1890558855776496849 ) ) ;
#5899 = CARTESIAN_POINT ( 'NONE',  ( -0.1133750322700898955, 0.4872485447877141218, -0.3545594006906352402 ) ) ;
#5900 = B_SPLINE_CURVE_WITH_KNOTS ( 'NONE', 3,
 ( #3862, #6072, #3163, #936 ),
 .UNSPECIFIED., .F., .F.,
 ( 4, 4 ),
 ( 0.000000000000000000, 1.000000000000000000 ),
 .UNSPECIFIED. ) ;
#5901 = VERTEX_POINT ( 'NONE', #6052 ) ;
#5902 = CARTESIAN_POINT ( 'NONE',  ( -0.4606968512586584463, 0.1943456095072730039, -0.1295146897183799273 ) ) ;
#5903 = CARTESIAN_POINT ( 'NONE',  ( -0.3042712295730000682, -0.3971029314209199579, -0.4002794951778438359 ) ) ;
#5904 = CARTESIAN_POINT ( 'NONE',  ( -0.06348256099999537161, -0.4491415919999938722, -0.5014841652799962857 ) ) ;
#5905 = CARTESIAN_POINT ( 'NONE',  ( 0.000000000000000000, 0.000000000000000000, -0.4999999999999973910 ) ) ;
#5906 = FACE_OUTER_BOUND ( 'NONE', #7121, .T. ) ;
#5907 =( BOUNDED_CURVE ( )  B_SPLINE_CURVE ( 2, ( #6044, #5024, #870, #2709, #5482 ),
 .UNSPECIFIED., .F., .T. ) 
 B_SPLINE_CURVE_WITH_KNOTS ( ( 3, 2, 3 ),
 ( 0.000000000000000000, 0.4999999387194035694, 1.000000000000000000 ),
 .UNSPECIFIED. ) 
 CURVE ( )  GEOMETRIC_REPRESENTATION_ITEM ( )  RATIONAL_B_SPLINE_CURVE ( ( 0.9763575012520604446, 0.9800330359651644452, 1.000000000000000000, 0.9800330310708142978, 0.9763574994501497128 ) ) 
 REPRESENTATION_ITEM ( '' )  );
#5908 = VECTOR ( 'NONE', #1811, 39.37007874015748143 ) ;
#5909 = CARTESIAN_POINT ( 'NONE',  ( 0.2694607173667871169, 0.7067325984111427761, -0.003671691515712807458 ) ) ;
#5910 = CARTESIAN_POINT ( 'NONE',  ( 0.4314047349999962089, 0.1401718950000014619, -0.1928571430000028397 ) ) ;
#5911 = CARTESIAN_POINT ( 'NONE',  ( -0.2666227890000034129, -0.3669747859999954454, -0.3732142859999980633 ) ) ;
#5912 = CARTESIAN_POINT ( 'NONE',  ( 0.4720772907665299334, -0.1663902908233533817, -0.03062673405820315331 ) ) ;
#5913 = VERTEX_POINT ( 'NONE', #7193 ) ;
#5914 = ADVANCED_FACE ( 'NONE', ( #1512 ), #3310, .T. ) ;
#5915 = ORIENTED_EDGE ( 'NONE', *, *, #4494, .F. ) ;
#5916 = CARTESIAN_POINT ( 'NONE',  ( -0.4870872701931326376, 0.1140920732047510933, -0.4133514978374934201 ) ) ;
#5917 = CARTESIAN_POINT ( 'NONE',  ( 0.6267832102607070466, 0.4143822602829848600, 1.510683871798117550E-48 ) ) ;
#5918 = CARTESIAN_POINT ( 'NONE',  ( -0.3226691384612296321, 0.3188793555015125847, -0.2410000001755048249 ) ) ;
#5919 = CARTESIAN_POINT ( 'NONE',  ( -0.06499618000001031182, -0.4536057819999908536, -0.08193212300000217441 ) ) ;
#5920 = CARTESIAN_POINT ( 'NONE',  ( 0.3749999998923960187, -0.6495190529424321735, -0.5000000000241863196 ) ) ;
#5921 = CARTESIAN_POINT ( 'NONE',  ( -0.4374450864249949111, -0.1200000066511306834, -0.1576568148852794393 ) ) ;
#5922 = CARTESIAN_POINT ( 'NONE',  ( -0.4314047350000136949, 0.1401718949999970765, -0.3071428570000033220 ) ) ;
#5923 = VERTEX_POINT ( 'NONE', #7407 ) ;
#5924 = VERTEX_POINT ( 'NONE', #6339 ) ;
#5925 = ADVANCED_FACE ( 'NONE', ( #525 ), #5668, .F. ) ;
#5926 = CARTESIAN_POINT ( 'NONE',  ( -0.4366738999999956183, -0.1239550729999909923, -0.2289846159999985586 ) ) ;
#5927 = CARTESIAN_POINT ( 'NONE',  ( 0.4999999999999973910, -7.619967648990073867E-09, -0.3035714289970616875 ) ) ;
#5928 = CARTESIAN_POINT ( 'NONE',  ( 0.4257200567899872556, 0.3093037260300121050, -0.3765178568499975009 ) ) ;
#5929 = B_SPLINE_CURVE_WITH_KNOTS ( 'NONE', 3,
 ( #210, #701, #1794, #2478 ),
 .UNSPECIFIED., .F., .F.,
 ( 4, 4 ),
 ( 0.000000000000000000, 1.000000000000000000 ),
 .UNSPECIFIED. ) ;
#5930 = ORIENTED_EDGE ( 'NONE', *, *, #4403, .T. ) ;
#5931 = CARTESIAN_POINT ( 'NONE',  ( 0.4012184404274937166, -0.2986012783122647951, -0.09656766326687310498 ) ) ;
#5932 = ORIENTED_EDGE ( 'NONE', *, *, #1966, .F. ) ;
#5933 = CARTESIAN_POINT ( 'NONE',  ( -0.1387701760797704076, 0.4803569905042567312, -0.2110947592008583784 ) ) ;
#5934 = ORIENTED_EDGE ( 'NONE', *, *, #84, .F. ) ;
#5935 = CARTESIAN_POINT ( 'NONE',  ( 0.6301602909398307251, -0.5022021903027158451, -0.4678291041540543205 ) ) ;
#5936 = CARTESIAN_POINT ( 'NONE',  ( -0.7500000000000176525, -0.01814735894471552341, -0.5000000000000011102 ) ) ;
#5937 = CARTESIAN_POINT ( 'NONE',  ( 0.1224062510068283927, 0.4520138310646329427, -0.1731012930237810499 ) ) ;
#5938 = ORIENTED_EDGE ( 'NONE', *, *, #339, .T. ) ;
#5939 = ADVANCED_FACE ( 'NONE', ( #5629 ), #4864, .T. ) ;
#5940 = CARTESIAN_POINT ( 'NONE',  ( -0.06548229554396471641, -0.4967613504879832553, -0.3943198030393759157 ) ) ;
#5941 = CARTESIAN_POINT ( 'NONE',  ( 0.3858601249999845106, 0.2803437910000101119, -0.3410714290000009807 ) ) ;
#5942 = CARTESIAN_POINT ( 'NONE',  ( -0.4526480670950231433, -0.1200000090784706513, -0.07786233695011461620 ) ) ;
#5943 = CARTESIAN_POINT ( 'NONE',  ( -0.4853864425961370577, 0.1200000056546913080, -0.06527377255863298089 ) ) ;
#5944 = FACE_OUTER_BOUND ( 'NONE', #2006, .T. ) ;
#5945 = ADVANCED_FACE ( 'NONE', ( #2295 ), #757, .F. ) ;
#5946 = CARTESIAN_POINT ( 'NONE',  ( -0.4253254040000031821, -0.3090169939999880544, -0.3321428569999972380 ) ) ;
#5947 = DIRECTION ( 'NONE',  ( -0.4999999974197791297, -0.8660254052741297448, -6.162975822039156098E-33 ) ) ;
#5948 = ORIENTED_EDGE ( 'NONE', *, *, #4930, .F. ) ;
#5949 =( BOUNDED_SURFACE ( )  B_SPLINE_SURFACE ( 1, 2, ( 
 ( #6176, #3326, #5612, #4529, #4044 ),
 ( #5123, #7425, #1069, #1753, #5721 ) ),
 .UNSPECIFIED., .F., .F., .T. ) 
 B_SPLINE_SURFACE_WITH_KNOTS ( ( 2, 2 ),
 ( 3, 2, 3 ),
 ( 0.000000000000000000, 0.9230769230769269029 ),
 ( 0.2110471471573630853, 0.2142857142857139963, 0.2175242814140650460 ),
 .UNSPECIFIED. ) 
 GEOMETRIC_REPRESENTATION_ITEM ( )  RATIONAL_B_SPLINE_SURFACE ( (
 ( 0.9757408310629269721, 0.9778090539537090953, 1.000000000000000000, 0.9778090539537090953, 0.9757408310629269721),
 ( 0.9757408310629269721, 0.9778090539537090953, 1.000000000000000000, 0.9778090539537090953, 0.9757408310629269721) ) ) 
 REPRESENTATION_ITEM ( '' )  SURFACE ( )  );
#5950 = CARTESIAN_POINT ( 'NONE',  ( -0.4680093795180894078, 0.1767258261768492600, -0.4148033390409414656 ) ) ;
#5951 = CARTESIAN_POINT ( 'NONE',  ( -0.02748915163334063327, 0.4543121079791387351, -0.04485963220971701110 ) ) ;
#5952 = CARTESIAN_POINT ( 'NONE',  ( 0.4374450917886659185, 0.1199999870984695682, -0.1308711013108534438 ) ) ;
#5953 = CARTESIAN_POINT ( 'NONE',  ( -0.7500000000000174305, 0.2012919376195705934, -0.4847931623443175186 ) ) ;
#5954 = ORIENTED_EDGE ( 'NONE', *, *, #6792, .F. ) ;
#5955 = CARTESIAN_POINT ( 'NONE',  ( 0.3226455923818913885, 0.3188385596733555594, -0.04639421802514683696 ) ) ;
#5956 = CARTESIAN_POINT ( 'NONE',  ( 0.1472347090499922795, -0.4531418398199897335, -0.3622321428599972193 ) ) ;
#5957 = CARTESIAN_POINT ( 'NONE',  ( 0.2666227889999946421, 0.3669747859999997752, -0.3285714289999966953 ) ) ;
#5958 = ORIENTED_EDGE ( 'NONE', *, *, #2795, .T. ) ;
#5959 = VERTEX_POINT ( 'NONE', #5139 ) ;
#5960 = CARTESIAN_POINT ( 'NONE',  ( -0.7500000000793508592, -0.1199999999656484601, -0.2410000000202484338 ) ) ;
#5961 = CARTESIAN_POINT ( 'NONE',  ( 0.4314047349999962089, -0.1401718949999970765, -0.06607142900000351204 ) ) ;
#5962 = CARTESIAN_POINT ( 'NONE',  ( 0.4555280383251196774, -0.2067825022926982614, -0.3083921272691048654 ) ) ;
#5963 = CARTESIAN_POINT ( 'NONE',  ( 0.5257311119999773519, 6.893843922477773550E-15, -0.2410714289999977555 ) ) ;
#5964 = VERTEX_POINT ( 'NONE', #1772 ) ;
#5965 = EDGE_CURVE ( 'NONE', #5377, #2945, #2012, .T. ) ;
#5966 = CARTESIAN_POINT ( 'NONE',  ( 0.3636080314661631063, -0.3440131405187331626, -0.09792153206496666262 ) ) ;
#5967 = CARTESIAN_POINT ( 'NONE',  ( -0.1102271705984683853, -0.4886027698862370761, -0.1096474394938725255 ) ) ;
#5968 = ORIENTED_EDGE ( 'NONE', *, *, #1019, .T. ) ;
#5969 = CARTESIAN_POINT ( 'NONE',  ( 0.3247719032253695848, 0.3225214502530355798, -0.04229171404212733743 ) ) ;
#5970 = CARTESIAN_POINT ( 'NONE',  ( -0.4555308228641689605, -0.2067764014511430937, -0.4773223108991812569 ) ) ;
#5971 = CARTESIAN_POINT ( 'NONE',  ( 0.7500000000000011102, 0.2793003441263486319, -0.02905081426062298619 ) ) ;
#5972 = CARTESIAN_POINT ( 'NONE',  ( 0.2910504756246132252, 0.4068858130749228308, -0.3642062530381024454 ) ) ;
#5973 = ORIENTED_EDGE ( 'NONE', *, *, #1732, .F. ) ;
#5974 = CARTESIAN_POINT ( 'NONE',  ( -0.4798280536726280410, 0.1424830609248119995, -0.1282934634673371099 ) ) ;
#5975 = CARTESIAN_POINT ( 'NONE',  ( 0.2215956395363219145, -0.4494078908295598418, -0.3876243332630389671 ) ) ;
#5976 = CARTESIAN_POINT ( 'NONE',  ( 0.4769493439999838991, 3.446921961238886775E-15, -0.4821428570000020897 ) ) ;
#5977 = CARTESIAN_POINT ( 'NONE',  ( -0.3466162705898099272, -0.3603569910581030378, 0.000000000000000000 ) ) ;
#5978 = CARTESIAN_POINT ( 'NONE',  ( -0.1387701733659394976, 0.4803569911888360133, -0.2187499999999972244 ) ) ;
#5979 = CARTESIAN_POINT ( 'NONE',  ( 0.3317404535390306997, 0.3345913142184436251, -0.03443542354937604438 ) ) ;
#5980 = CARTESIAN_POINT ( 'NONE',  ( -0.2938926260000032653, -0.4045084969999983016, -0.4714285709999991858 ) ) ;
#5981 = B_SPLINE_CURVE_WITH_KNOTS ( 'NONE', 3,
 ( #423, #493, #6234, #5598 ),
 .UNSPECIFIED., .F., .F.,
 ( 4, 4 ),
 ( 0.000000000000000000, 1.000000000000000000 ),
 .UNSPECIFIED. ) ;
#5982 = CARTESIAN_POINT ( 'NONE',  ( 0.4254953811315851930, 0.2479546829612175318, -0.007529063412622383211 ) ) ;
#5983 = ORIENTED_EDGE ( 'NONE', *, *, #3273, .F. ) ;
#5984 = ORIENTED_EDGE ( 'NONE', *, *, #1409, .T. ) ;
#5985 = EDGE_LOOP ( 'NONE', ( #1607, #3675, #89, #5447 ) ) ;
#5986 = CARTESIAN_POINT ( 'NONE',  ( -0.1606203104384170410, 0.4737830123581825981, -0.4248531752209376844 ) ) ;
#5987 = EDGE_CURVE ( 'NONE', #5901, #2490, #3418, .T. ) ;
#5988 = CARTESIAN_POINT ( 'NONE',  ( 0.000000000000000000, 0.000000000000000000, 0.000000000000000000 ) ) ;
#5989 = DIRECTION ( 'NONE',  ( 1.000000000000000000, -8.326672684688663206E-16, 0.000000000000000000 ) ) ;
#5990 = CARTESIAN_POINT ( 'NONE',  ( -0.7500000000000170974, 0.3315256199283025951, -0.4595825080758490500 ) ) ;
#5991 = ORIENTED_EDGE ( 'NONE', *, *, #5177, .F. ) ;
#5992 = B_SPLINE_CURVE_WITH_KNOTS ( 'NONE', 3,
 ( #6775, #2802, #3433, #1597 ),
 .UNSPECIFIED., .F., .F.,
 ( 4, 4 ),
 ( 0.000000000000000000, 1.000000000000000000 ),
 .UNSPECIFIED. ) ;
#5993 = DIRECTION ( 'NONE',  ( 1.000000000000000000, -8.326672684688663206E-16, 0.000000000000000000 ) ) ;
#5994 = CARTESIAN_POINT ( 'NONE',  ( -0.3854654722100279707, -0.2800570589699860058, -0.2336607138499978142 ) ) ;
#5995 = AXIS2_PLACEMENT_3D ( 'NONE', #5541, #4387, #3755 ) ;
#5996 = CARTESIAN_POINT ( 'NONE',  ( 0.3466162777002813611, 0.3603569841293016718, -0.08904197511782824259 ) ) ;
#5997 =( BOUNDED_CURVE ( )  B_SPLINE_CURVE ( 2, ( #5645, #1629, #500, #6240, #5011, #1098, #3922, #4486, #6168, #6315, #1131, #4034, #2864 ),
 .UNSPECIFIED., .F., .F. ) 
 B_SPLINE_CURVE_WITH_KNOTS ( ( 3, 2, 2, 2, 2, 2, 3 ),
 ( 0.000000000000000000, 0.09999998999999833160, 0.2999999939999923315, 0.4999999979999910082, 0.7000000020000114453, 0.9000000060000086233, 1.000000000000000000 ),
 .UNSPECIFIED. ) 
 CURVE ( )  GEOMETRIC_REPRESENTATION_ITEM ( )  RATIONAL_B_SPLINE_CURVE ( ( 0.9755282581475773762, 0.9755282610841856661, 1.000000000000000000, 0.9510565162951540863, 1.000000000000000000, 0.9510565162951540863, 1.000000000000000000, 0.9510565162951540863, 1.000000000000000000, 0.9510565162951540863, 1.000000000000000000, 0.9755282601053176794, 0.9755282581475772652 ) ) 
 REPRESENTATION_ITEM ( '' )  );
#5998 = VERTEX_POINT ( 'NONE', #7440 ) ;
#5999 = ORIENTED_EDGE ( 'NONE', *, *, #6604, .T. ) ;
#6000 = CARTESIAN_POINT ( 'NONE',  ( 0.4857860369999734695, 0.1183719840000071882, -0.2294067160000015926 ) ) ;
#6001 = CARTESIAN_POINT ( 'NONE',  ( -0.1473854529999972240, 0.4536057820000077290, -0.2553571429999987319 ) ) ;
#6002 = CARTESIAN_POINT ( 'NONE',  ( -0.1624598480000143952, -0.4999999999999896749, -0.4767857140000021920 ) ) ;
#6003 = ORIENTED_EDGE ( 'NONE', *, *, #3422, .T. ) ;
#6004 = CARTESIAN_POINT ( 'NONE',  ( -0.4368424267315378362, -0.2735712429698868853, -0.04724789212378389253 ) ) ;
#6005 = CARTESIAN_POINT ( 'NONE',  ( 0.7500000000000013323, 0.3614899129354244844, -0.4526696770426087979 ) ) ;
#6006 = EDGE_CURVE ( 'NONE', #5959, #800, #5777, .T. ) ;
#6007 = CARTESIAN_POINT ( 'NONE',  ( -0.7499999999241381277, -0.4330127019562021728, -0.06698729800671858470 ) ) ;
#6008 = CARTESIAN_POINT ( 'NONE',  ( -0.1147994960000151415, -0.4388385589999895253, -0.2171837920000019850 ) ) ;
#6009 = AXIS2_PLACEMENT_3D ( 'NONE', #3197, #4358, #366 ) ;
#6010 = CARTESIAN_POINT ( 'NONE',  ( -0.1606203190882783127, 0.4737830094342288523, -0.3534246037764578463 ) ) ;
#6011 = VERTEX_POINT ( 'NONE', #4547 ) ;
#6012 = CARTESIAN_POINT ( 'NONE',  ( 0.4813363460000092409, -0.1366330389999941552, -0.1638725270000022938 ) ) ;
#6013 = CARTESIAN_POINT ( 'NONE',  ( 0.000000000000000000, 0.000000000000000000, -0.4999999999999973910 ) ) ;
#6014 = CARTESIAN_POINT ( 'NONE',  ( -0.06348256099999537161, -0.4491415919999938722, -0.5015734510000026125 ) ) ;
#6015 = ORIENTED_EDGE ( 'NONE', *, *, #5072, .F. ) ;
#6016 = CARTESIAN_POINT ( 'NONE',  ( -0.3210109491578242435, 0.3204927209969816726, -0.1696559176815628234 ) ) ;
#6017 = ADVANCED_FACE ( 'NONE', ( #1694 ), #1236, .F. ) ;
#6018 = CARTESIAN_POINT ( 'NONE',  ( 0.3226455930000037275, -0.3188385589999933600, -0.1338830540000041092 ) ) ;
#6019 = DIRECTION ( 'NONE',  ( 9.244463733058732095E-33, -2.678683702711946511E-19, 1.000000000000000000 ) ) ;
#6020 = CARTESIAN_POINT ( 'NONE',  ( -0.2938926260000032653, -0.4045084969999983016, -0.3285714289999966953 ) ) ;
#6021 = CARTESIAN_POINT ( 'NONE',  ( 0.3133492190000168875, -0.3279793779999911063, -0.1342106970000008781 ) ) ;
#6022 = ORIENTED_EDGE ( 'NONE', *, *, #4144, .F. ) ;
#6023 = CARTESIAN_POINT ( 'NONE',  ( -0.06547042993600377114, 0.4967633160042789209, -0.4271090434843450301 ) ) ;
#6024 = CARTESIAN_POINT ( 'NONE',  ( -0.3466162703533499090, -0.3603569912272197584, -0.1234912440000022482 ) ) ;
#6025 = LINE ( 'NONE', #5355, #4321 ) ;
#6026 = CARTESIAN_POINT ( 'NONE',  ( 0.4314047349999962089, -0.1401718949999970765, -0.2089285709999972596 ) ) ;
#6027 = CARTESIAN_POINT ( 'NONE',  ( -0.7500000000000174305, 0.2274705309977537726, -0.4805249396582226273 ) ) ;
#6028 = ORIENTED_EDGE ( 'NONE', *, *, #4542, .F. ) ;
#6029 = B_SPLINE_CURVE_WITH_KNOTS ( 'NONE', 3,
 ( #5816, #3053, #4256, #1322, #718, #6421, #7153, #797, #678, #5412, #4704, #225, #4822, #5254, #4178, #6543, #5852, #4141, #112, #5339, #760, #5300, #5373, #5897, #1362, #2969, #4785, #7002, #190, #3007, #3093, #1398, #2532, #2003, #150, #2454, #262, #4855, #2492, #7118, #7078, #7042, #5970, #1281, #4746, #3690, #3573, #4289, #2407, #3655 ),
 .UNSPECIFIED., .F., .F.,
 ( 4, 2, 2, 2, 2, 2, 2, 2, 2, 2, 2, 2, 2, 2, 2, 2, 2, 2, 2, 2, 2, 2, 2, 2, 4 ),
 ( -0.04000742908578460572, -0.03750696476792308998, -0.03625673260899232864, -0.03500650045006157424, -0.03375626829113081290, -0.03250603613220005156, -0.03000557181433853235, -0.02875533965540777448, -0.02750510749647701314, -0.02500464317861550434, -0.02375441101968474300, -0.02250417886075398860, -0.02000371454289247633, -0.01750325022503096059, -0.01625301806610020272, -0.01500278590716944485, -0.01250232158930793605, -0.01125208943037717818, -0.01000185727144642725, -0.007501392953584914980, -0.006251160794654167518, -0.005000928635723413118, -0.003750696476792658718, -0.002500464317861904318, -4.024558464266192459E-16 ),
 .UNSPECIFIED. ) ;
#6030 = EDGE_CURVE ( 'NONE', #1183, #5394, #2929, .T. ) ;
#6031 = CARTESIAN_POINT ( 'NONE',  ( -0.4857115897210377842, -0.1196404300626824069, -0.2650916815783166403 ) ) ;
#6032 = CARTESIAN_POINT ( 'NONE',  ( 0.4309634997699982040, 0.1400285289800031197, -0.2729464288599957045 ) ) ;
#6033 = CARTESIAN_POINT ( 'NONE',  ( -0.4308418520177925704, 0.2537303653068707643, -0.2024640938132795109 ) ) ;
#6034 = EDGE_CURVE ( 'NONE', #3167, #6596, #3562, .T. ) ;
#6035 = DATE_TIME_ROLE ( 'classification_date' ) ;
#6036 = DIRECTION ( 'NONE',  ( 8.049116928532381960E-16, -1.000000000000000000, -6.829619984160655581E-17 ) ) ;
#6037 = CARTESIAN_POINT ( 'NONE',  ( -0.2666227890000034129, 0.3669747860000008854, -0.3232142860000026818 ) ) ;
#6038 = CARTESIAN_POINT ( 'NONE',  ( 0.4755282579999763892, -0.1545084969999952484, -0.3874999999999990674 ) ) ;
#6039 = ORIENTED_EDGE ( 'NONE', *, *, #6398, .F. ) ;
#6040 = CARTESIAN_POINT ( 'NONE',  ( 0.3412528239166551236, 0.3510672285575710538, -0.2379679347374339671 ) ) ;
#6041 = CARTESIAN_POINT ( 'NONE',  ( 0.3226455917115439442, 0.3188385603038332849, -0.04915265995382674807 ) ) ;
#6042 = CARTESIAN_POINT ( 'NONE',  ( 0.7500000000000011102, 0.2638367814055165295, -0.4741670228451572711 ) ) ;
#6043 = CARTESIAN_POINT ( 'NONE',  ( 0.000000000000000000, 0.000000000000000000, -0.4999999999999973910 ) ) ;
#6044 = CARTESIAN_POINT ( 'NONE',  ( 0.1147994906296310458, 0.4388385605626407560, -0.1189695059809048466 ) ) ;
#6045 = VERTEX_POINT ( 'NONE', #2820 ) ;
#6046 = CARTESIAN_POINT ( 'NONE',  ( 0.3805997925159030904, 0.3276692898591655467, -0.1526294627241711610 ) ) ;
#6047 = ORIENTED_EDGE ( 'NONE', *, *, #7281, .F. ) ;
#6048 = EDGE_CURVE ( 'NONE', #6682, #6069, #6029, .T. ) ;
#6049 = ORIENTED_EDGE ( 'NONE', *, *, #2046, .T. ) ;
#6050 = CARTESIAN_POINT ( 'NONE',  ( 0.3858601249999845106, 0.2803437910000101119, -0.2696428569999997915 ) ) ;
#6051 = CARTESIAN_POINT ( 'NONE',  ( -0.2662458320739884976, -0.7011513081885364373, -1.260583938196437646E-11 ) ) ;
#6052 = CARTESIAN_POINT ( 'NONE',  ( 0.4853864409698701587, 0.1200000122326906199, -0.1668690843965225101 ) ) ;
#6053 = PLANE ( 'NONE',  #597 ) ;
#6054 = CARTESIAN_POINT ( 'NONE',  ( 0.2938926259999944945, -0.4045084969999961366, -0.4571428569999981817 ) ) ;
#6055 = CARTESIAN_POINT ( 'NONE',  ( 0.4236558258987025427, 0.2511996550732991662, -0.007473866340511848769 ) ) ;
#6056 = EDGE_CURVE ( 'NONE', #2070, #4906, #4332, .T. ) ;
#6057 = CARTESIAN_POINT ( 'NONE',  ( 0.2910504738835566485, 0.4068858143318365150, -0.2927776819633067795 ) ) ;
#6058 = CARTESIAN_POINT ( 'NONE',  ( 0.2710769512499733858, -0.7095190531857490379, -0.2527537684999960899 ) ) ;
#6059 = CARTESIAN_POINT ( 'NONE',  ( -0.02403340617689823933, 0.4544521466081383188, -0.04491283660211749934 ) ) ;
#6060 = CARTESIAN_POINT ( 'NONE',  ( 0.4813363459999915883, 0.1366330390000052020, -0.1575560440000043361 ) ) ;
#6061 = CARTESIAN_POINT ( 'NONE',  ( -0.7500000000000175415, 0.1419297045074716379, -0.4923660806247550092 ) ) ;
#6062 = ORIENTED_EDGE ( 'NONE', *, *, #3260, .T. ) ;
#6063 = DIRECTION ( 'NONE',  ( -8.326672684688663206E-16, -1.000000000000000000, 0.000000000000000000 ) ) ;
#6064 = CARTESIAN_POINT ( 'NONE',  ( -0.2663500906300114157, -0.3665994488899985138, -0.2300892858599964674 ) ) ;
#6065 = CARTESIAN_POINT ( 'NONE',  ( -0.4268384131888349198, 0.4993058185926386172, -0.2410000000000021569 ) ) ;
#6066 = DIRECTION ( 'NONE',  ( 0.8660254037305484820, 0.5000000000933401134, -3.081487911019576339E-33 ) ) ;
#6067 = CARTESIAN_POINT ( 'NONE',  ( -0.4555308219139648784, -0.2067764035282235180, -0.3344651678774537840 ) ) ;
#6068 = CARTESIAN_POINT ( 'NONE',  ( -0.4473104160000068164, 0.09121924300001438279, -0.2344670249999976641 ) ) ;
#6069 = VERTEX_POINT ( 'NONE', #4954 ) ;
#6070 = ORIENTED_EDGE ( 'NONE', *, *, #6172, .F. ) ;
#6071 = CARTESIAN_POINT ( 'NONE',  ( -0.4810769880786278097, -0.1374312606575830986, -0.05039473629445190284 ) ) ;
#6072 = CARTESIAN_POINT ( 'NONE',  ( -0.1303964274012907321, 0.4658532526652008343, -0.1580741756125120245 ) ) ;
#6073 = EDGE_CURVE ( 'NONE', #5809, #1720, #4509, .T. ) ;
#6074 = CARTESIAN_POINT ( 'NONE',  ( -0.7499999999851042487, -0.4330127017910171405, -0.4330127019932962784 ) ) ;
#6075 = CARTESIAN_POINT ( 'NONE',  ( -0.1147994960000151415, -0.4388385589999895253, -0.2262016487100009521 ) ) ;
#6076 = ORIENTED_EDGE ( 'NONE', *, *, #2870, .T. ) ;
#6077 = CARTESIAN_POINT ( 'NONE',  ( -0.7500000000000177636, -0.3664162033729358448, -0.04858684769469168163 ) ) ;
#6078 = ORIENTED_EDGE ( 'NONE', *, *, #5591, .F. ) ;
#6079 = B_SPLINE_CURVE_WITH_KNOTS ( 'NONE', 3,
 ( #4157, #5872, #6400, #2908 ),
 .UNSPECIFIED., .F., .F.,
 ( 4, 4 ),
 ( 0.000000000000000000, 1.000000000000000000 ),
 .UNSPECIFIED. ) ;
#6080 = CARTESIAN_POINT ( 'NONE',  ( 0.2666227889999946421, 0.3669747859999997752, -0.4714285709999991858 ) ) ;
#6081 = CARTESIAN_POINT ( 'NONE',  ( -0.1298818205201620890, -0.7910380999411837921, -0.02980734352923173486 ) ) ;
#6082 = CARTESIAN_POINT ( 'NONE',  ( -0.7500000000000179856, -0.4330127019999925886, -0.5029669550000008815 ) ) ;
#6083 = CARTESIAN_POINT ( 'NONE',  ( -0.4853864454745520085, 0.1199999940118567643, -0.05634520094361484405 ) ) ;
#6084 = CARTESIAN_POINT ( 'NONE',  ( 0.4755282579999763892, -0.1545084969999952484, -0.3071428570000033220 ) ) ;
#6085 = CARTESIAN_POINT ( 'NONE',  ( 0.4259302270906448751, 0.2471803580284387680, -0.007542204996431330945 ) ) ;
#6086 = PRODUCT_DEFINITION ( 'UNKNOWN', '', #1223, #130 ) ;
#6087 = LINE ( 'NONE', #421, #3359 ) ;
#6088 = B_SPLINE_CURVE_WITH_KNOTS ( 'NONE', 3,
 ( #1544, #6193, #4550, #2788 ),
 .UNSPECIFIED., .F., .F.,
 ( 4, 4 ),
 ( 0.000000000000000000, 1.000000000000000000 ),
 .UNSPECIFIED. ) ;
#6089 = LINE ( 'NONE', #2792, #6120 ) ;
#6090 = CARTESIAN_POINT ( 'NONE',  ( -0.4526480680834906734, 0.1200000062319303146, -0.1552082037783487911 ) ) ;
#6091 = EDGE_CURVE ( 'NONE', #3201, #5353, #3762, .T. ) ;
#6092 = CARTESIAN_POINT ( 'NONE',  ( 0.3960570460000029103, 0.2489608940000012649, -0.1275853169999959791 ) ) ;
#6093 = CARTESIAN_POINT ( 'NONE',  ( 0.4374450879999834396, 0.1199999999999988437, -0.05051395799999816583 ) ) ;
#6094 = VERTEX_POINT ( 'NONE', #7287 ) ;
#6095 = CARTESIAN_POINT ( 'NONE',  ( -0.2588242800042343528, -0.4280671118615093085, -0.2562036580582064405 ) ) ;
#6096 = CARTESIAN_POINT ( 'NONE',  ( -0.1472347090500106814, -0.4531418398199897335, -0.2265178568500018919 ) ) ;
#6097 = CARTESIAN_POINT ( 'NONE',  ( -0.4382192478037703620, 0.2407852216155330627, -0.06819183904991578393 ) ) ;
#6098 = PERSON_AND_ORGANIZATION ( #4148, #7128 ) ;
#6099 = EDGE_CURVE ( 'NONE', #2834, #3441, #5383, .T. ) ;
#6100 = CARTESIAN_POINT ( 'NONE',  ( 0.000000000000000000, 0.000000000000000000, -0.08363996099999804201 ) ) ;
#6101 = CARTESIAN_POINT ( 'NONE',  ( 0.4346590749999867942, 0.1301560659999993763, -0.1216837639999977239 ) ) ;
#6102 = CARTESIAN_POINT ( 'NONE',  ( -0.4518433500000298420, 0.03994736700001285529, -0.2331606730000036209 ) ) ;
#6103 = VECTOR ( 'NONE', #6108, 39.37007874015748143 ) ;
#6104 = ORIENTED_EDGE ( 'NONE', *, *, #6615, .F. ) ;
#6105 = VECTOR ( 'NONE', #4482, 39.37007874015748143 ) ;
#6106 = CARTESIAN_POINT ( 'NONE',  ( -0.3504697370000006695, 0.3566514170000008033, -0.0001220890000014841672 ) ) ;
#6107 = CARTESIAN_POINT ( 'NONE',  ( 0.4361798839728502908, 0.2444361797984112294, -0.2263551098133282091 ) ) ;
#6108 = DIRECTION ( 'NONE',  ( 2.157041537713704703E-32, 0.000000000000000000, -1.000000000000000000 ) ) ;
#6109 = ORIENTED_EDGE ( 'NONE', *, *, #3153, .F. ) ;
#6110 = CARTESIAN_POINT ( 'NONE',  ( -0.07164390599997805253, 0.5000000000000068834, -0.007353590999999578930 ) ) ;
#6111 = ORIENTED_EDGE ( 'NONE', *, *, #6231, .F. ) ;
#6112 = B_SPLINE_CURVE_WITH_KNOTS ( 'NONE', 3,
 ( #710, #2523, #3682, #6994 ),
 .UNSPECIFIED., .F., .F.,
 ( 4, 4 ),
 ( 0.000000000000000000, 0.9999979403016510116 ),
 .UNSPECIFIED. ) ;
#6113 = CARTESIAN_POINT ( 'NONE',  ( 0.3858601249999845106, 0.2803437910000101119, -0.4839285709999980867 ) ) ;
#6114 = EDGE_CURVE ( 'NONE', #7212, #810, #6135, .T. ) ;
#6115 = ADVANCED_FACE ( 'NONE', ( #369 ), #4394, .T. ) ;
#6116 = CARTESIAN_POINT ( 'NONE',  ( -0.4346590749999867942, 0.1301560659999971559, -0.1640305220000041753 ) ) ;
#6117 = CARTESIAN_POINT ( 'NONE',  ( -0.4526480685902238843, -0.1200000034387180281, -0.2207194799401437924 ) ) ;
#6118 = CARTESIAN_POINT ( 'NONE',  ( 0.7500000000000005551, -0.4147048605892338369, -0.4382977203348921713 ) ) ;
#6119 = CARTESIAN_POINT ( 'NONE',  ( 0.000000000000000000, -0.4536057820000032326, -0.1428571429999987152 ) ) ;
#6120 = VECTOR ( 'NONE', #920, 39.37007874015748143 ) ;
#6121 = CARTESIAN_POINT ( 'NONE',  ( -0.4314047350000136949, 0.1401718949999970765, -0.3784821432900030147 ) ) ;
#6122 = CARTESIAN_POINT ( 'NONE',  ( 0.4555308259233515344, 0.2067763947443877204, -0.2987508820962063161 ) ) ;
#6123 = CARTESIAN_POINT ( 'NONE',  ( 0.3466162753088959381, 0.3603569864294914882, -0.1515419749438408903 ) ) ;
#6124 = CARTESIAN_POINT ( 'NONE',  ( -1.748382715945128460E-14, 0.4536057820000065077, -0.04464285700000139578 ) ) ;
#6125 = CARTESIAN_POINT ( 'NONE',  ( -9.344712230615623268E-09, -0.4536057819999988472, -0.5000000001358642088 ) ) ;
#6126 = EDGE_LOOP ( 'NONE', ( #3680, #4532, #237 ) ) ;
#6127 = CARTESIAN_POINT ( 'NONE',  ( -0.3842107762356502532, -0.3203274463474277689, -0.2599441729400764900 ) ) ;
#6128 = CARTESIAN_POINT ( 'NONE',  ( -0.4309634997700156900, 0.1400285289800063948, -0.4586607138499966818 ) ) ;
#6129 = FACE_OUTER_BOUND ( 'NONE', #5162, .T. ) ;
#6130 = ADVANCED_FACE ( 'NONE', ( #2180 ), #7346, .T. ) ;
#6131 = AXIS2_PLACEMENT_3D ( 'NONE', #1919, #1313, #5331 ) ;
#6132 = APPLICATION_PROTOCOL_DEFINITION ( 'international standard', 'config_control_design', 1994, #6963 ) ;
#6133 = CARTESIAN_POINT ( 'NONE',  ( 0.3960570460000029103, 0.2489608940000012649, -0.05615674499999646907 ) ) ;
#6134 = CARTESIAN_POINT ( 'NONE',  ( -0.4540500228128704907, 0.07047686629401134217, -0.2428671029579049512 ) ) ;
#6135 =( BOUNDED_CURVE ( )  B_SPLINE_CURVE ( 2, ( #3265, #3230, #3199, #2142, #2106 ),
 .UNSPECIFIED., .F., .T. ) 
 B_SPLINE_CURVE_WITH_KNOTS ( ( 3, 2, 3 ),
 ( 0.000000000000000000, 0.09197357588969257147, 1.000000000000000000 ),
 .UNSPECIFIED. ) 
 CURVE ( )  GEOMETRIC_REPRESENTATION_ITEM ( )  RATIONAL_B_SPLINE_CURVE ( ( 0.9932210900123358277, 0.9963362953936194533, 1.000000000000000000, 0.9638293872936170015, 0.9811209772961754227 ) ) 
 REPRESENTATION_ITEM ( '' )  );
#6136 =( GEOMETRIC_REPRESENTATION_CONTEXT ( 3 ) GLOBAL_UNCERTAINTY_ASSIGNED_CONTEXT ( ( #5753 ) ) GLOBAL_UNIT_ASSIGNED_CONTEXT ( ( #2440, #3597, #746 ) ) REPRESENTATION_CONTEXT ( 'NONE', 'WORKASPACE' ) );
#6137 = CARTESIAN_POINT ( 'NONE',  ( 0.2938926259999944945, -0.4045084969999961366, -0.3946428570000039548 ) ) ;
#6138 = CARTESIAN_POINT ( 'NONE',  ( -0.3302575595156727051, -0.3320229027119959153, -0.1432533779755271464 ) ) ;
#6139 = ORIENTED_EDGE ( 'NONE', *, *, #1698, .T. ) ;
#6140 = CARTESIAN_POINT ( 'NONE',  ( 0.3971843329561158820, -0.3054913616980127200, -0.3824592665041797179 ) ) ;
#6141 = B_SPLINE_CURVE_WITH_KNOTS ( 'NONE', 3,
 ( #2025, #6201, #5149, #5602, #5044, #4, #5712, #2302, #5009, #7343 ),
 .UNSPECIFIED., .F., .F.,
 ( 4, 2, 2, 2, 4 ),
 ( 0.000000000000000000, 0.2500000000000000000, 0.5000000000000000000, 0.7500000000000000000, 1.000000000000000000 ),
 .UNSPECIFIED. ) ;
#6142 = AXIS2_PLACEMENT_3D ( 'NONE', #6013, #195, #6581 ) ;
#6143 = ORIENTED_EDGE ( 'NONE', *, *, #3221, .T. ) ;
#6144 = EDGE_CURVE ( 'NONE', #4543, #2210, #6485, .T. ) ;
#6145 = VERTEX_POINT ( 'NONE', #408 ) ;
#6146 = CARTESIAN_POINT ( 'NONE',  ( 0.7500000000000008882, 0.1081235653528384716, -0.4955252316033492144 ) ) ;
#6147 = DIRECTION ( 'NONE',  ( -6.162975822039154730E-33, 0.000000000000000000, 1.000000000000000000 ) ) ;
#6148 = CARTESIAN_POINT ( 'NONE',  ( 0.1082627786634118572, -0.8035198595799024623, -0.4650092868844784566 ) ) ;
#6149 = CARTESIAN_POINT ( 'NONE',  ( 0.4389957659304440374, 0.6125710803038645347, -0.4999999999350133728 ) ) ;
#6150 = VERTEX_POINT ( 'NONE', #1504 ) ;
#6151 = CARTESIAN_POINT ( 'NONE',  ( -0.4314047349999962089, -0.1401718949999992692, -0.3803571430000029507 ) ) ;
#6152 = CARTESIAN_POINT ( 'NONE',  ( -0.1147994977504004643, -0.4388385586998514998, -0.1457552206407181083 ) ) ;
#6153 = LINE ( 'NONE', #6651, #7124 ) ;
#6154 = EDGE_CURVE ( 'NONE', #5856, #1163, #3710, .T. ) ;
#6155 = CARTESIAN_POINT ( 'NONE',  ( 0.7500000000000004441, -0.2804814961571598930, -0.4708899425701129071 ) ) ;
#6156 = CARTESIAN_POINT ( 'NONE',  ( 0.3226455929999859085, 0.3188385590000044623, -0.1161169460000018167 ) ) ;
#6157 = CARTESIAN_POINT ( 'NONE',  ( 0.1473854529999788499, 0.4536057820000122809, -0.2534821432900027371 ) ) ;
#6158 = B_SPLINE_CURVE_WITH_KNOTS ( 'NONE', 3,
 ( #6625, #3810, #6090, #1379 ),
 .UNSPECIFIED., .F., .F.,
 ( 4, 4 ),
 ( 0.000000000000000000, 1.000000000000000000 ),
 .UNSPECIFIED. ) ;
#6159 = CARTESIAN_POINT ( 'NONE',  ( 0.3971863216545077901, 0.3054853918252894984, -0.2961123009951805995 ) ) ;
#6160 = CARTESIAN_POINT ( 'NONE',  ( 0.7467792535552304489, -0.1199999999999978861, -0.003671691382731513079 ) ) ;
#6161 = EDGE_CURVE ( 'NONE', #404, #6145, #6917, .T. ) ;
#6162 = CARTESIAN_POINT ( 'NONE',  ( 0.1273771289999792444, 0.4353541920000071896, -0.1103731490000021548 ) ) ;
#6163 = DIRECTION ( 'NONE',  ( -2.157041537713704703E-32, -0.000000000000000000, 1.000000000000000000 ) ) ;
#6164 = DIRECTION ( 'NONE',  ( -0.8660254052741298558, 0.4999999974197791297, -6.162975822039139677E-33 ) ) ;
#6165 = ORIENTED_EDGE ( 'NONE', *, *, #3488, .T. ) ;
#6166 = CARTESIAN_POINT ( 'NONE',  ( 0.4365652529999788922, 0.2744242960000076170, -0.02044245899999672794 ) ) ;
#6167 = CARTESIAN_POINT ( 'NONE',  ( 0.3858601249999938365, -0.2803437909999871303, -0.2125000000000022427 ) ) ;
#6168 = CARTESIAN_POINT ( 'NONE',  ( -0.2938926260000119806, 0.4045084969999983016, -0.3589285710000008622 ) ) ;
#6169 = B_SPLINE_CURVE_WITH_KNOTS ( 'NONE', 3,
 ( #5312, #201, #2469, #2943 ),
 .UNSPECIFIED., .F., .F.,
 ( 4, 4 ),
 ( 0.000000000000000000, 1.000000000000000000 ),
 .UNSPECIFIED. ) ;
#6170 = ORIENTED_EDGE ( 'NONE', *, *, #6494, .T. ) ;
#6171 = LINE ( 'NONE', #3854, #949 ) ;
#6172 = EDGE_CURVE ( 'NONE', #2546, #6242, #5036, .T. ) ;
#6173 = CARTESIAN_POINT ( 'NONE',  ( 0.4314047349999962089, -0.1401718949999970765, -0.4946428570000034330 ) ) ;
#6174 = CARTESIAN_POINT ( 'NONE',  ( 0.4769493439999838991, 3.446921961238886775E-15, -0.4107142860000034812 ) ) ;
#6175 = CARTESIAN_POINT ( 'NONE',  ( 0.7500000000000005551, -0.1844379396071258725, -0.01248724619704423382 ) ) ;
#6176 = CARTESIAN_POINT ( 'NONE',  ( -0.1273771290000150769, 0.4353541920000016385, -0.1842697089999995042 ) ) ;
#6177 = CARTESIAN_POINT ( 'NONE',  ( 0.1387701664785704336, 0.4803569932195060344, -0.2174766690937789959 ) ) ;
#6178 = CARTESIAN_POINT ( 'NONE',  ( 0.4330650658229112659, 0.2499095525730531120, -0.02085311053791472080 ) ) ;
#6179 =( BOUNDED_SURFACE ( )  B_SPLINE_SURFACE ( 1, 2, ( 
 ( #7329, #914, #3205, #5486, #3800 ),
 ( #4298, #6685, #3271, #4369, #6583 ) ),
 .UNSPECIFIED., .F., .F., .T. ) 
 B_SPLINE_SURFACE_WITH_KNOTS ( ( 2, 2 ),
 ( 3, 2, 3 ),
 ( 0.07692307692307522038, 1.000000000000000000 ),
 ( 0.1158234991602050123, 0.1214285714285710249, 0.1222923300902570148 ),
 .UNSPECIFIED. ) 
 GEOMETRIC_REPRESENTATION_ITEM ( )  RATIONAL_B_SPLINE_SURFACE ( (
 ( 0.9834629611452947451, 0.9615935531476199616, 1.000000000000000000, 0.9940814498823657974, 0.9895943154647740547),
 ( 0.9834629611452947451, 0.9615935531476199616, 1.000000000000000000, 0.9940814498823657974, 0.9895943154647740547) ) ) 
 REPRESENTATION_ITEM ( '' )  SURFACE ( )  );
#6180 = CARTESIAN_POINT ( 'NONE',  ( -1.748382715945128460E-14, 0.4536057820000065077, -0.1071428570000043518 ) ) ;
#6181 = FACE_OUTER_BOUND ( 'NONE', #5698, .T. ) ;
#6182 = CARTESIAN_POINT ( 'NONE',  ( 0.1102271782925337285, -0.4886027676706330980, -0.1760668459105143302 ) ) ;
#6183 = CARTESIAN_POINT ( 'NONE',  ( -0.2941653243700214637, 0.4048838341100017835, -0.3586607138499972036 ) ) ;
#6184 = ORIENTED_EDGE ( 'NONE', *, *, #3059, .F. ) ;
#6185 = CARTESIAN_POINT ( 'NONE',  ( -0.7500000000000179856, -0.2236553930112462618, -0.01790107853233087812 ) ) ;
#6186 = EDGE_CURVE ( 'NONE', #5353, #3232, #848, .T. ) ;
#6187 = VERTEX_POINT ( 'NONE', #5659 ) ;
#6188 = CARTESIAN_POINT ( 'NONE',  ( -0.2666227890000034129, -0.3669747859999954454, -0.3018749997099983706 ) ) ;
#6189 = CARTESIAN_POINT ( 'NONE',  ( -0.4427447046724509172, -0.1200000051831131564, -0.2409999998718719283 ) ) ;
#6190 = CARTESIAN_POINT ( 'NONE',  ( 0.3749999998923960187, -0.6495190529424321735, -0.5000000000241863196 ) ) ;
#6191 = CARTESIAN_POINT ( 'NONE',  ( 0.4526480710738591262, 0.1199999949524822029, -0.06800608249034140185 ) ) ;
#6192 = CARTESIAN_POINT ( 'NONE',  ( 0.7500000000000004441, -0.3413907127614284054, -0.4572603364287524674 ) ) ;
#6193 = CARTESIAN_POINT ( 'NONE',  ( -0.1224062483137668689, -0.4520138320324644798, -0.2088155786608543174 ) ) ;
#6194 = CARTESIAN_POINT ( 'NONE',  ( 0.4314047349999962089, 0.1401718950000036545, -0.3356250002900037499 ) ) ;
#6195 = CARTESIAN_POINT ( 'NONE',  ( -0.03301540692507814317, 0.4999986348625450883, -0.2849884834873671613 ) ) ;
#6196 = CARTESIAN_POINT ( 'NONE',  ( 0.4374450873210148361, -0.1200000033847212350, -0.1369860420855008032 ) ) ;
#6197 = CARTESIAN_POINT ( 'NONE',  ( 0.4853864463593385303, -0.1199999904329064199, -0.1009880579546747620 ) ) ;
#6198 = CARTESIAN_POINT ( 'NONE',  ( -0.1147994939630538336, 0.4388385596906184682, -0.1756733509413665184 ) ) ;
#6199 = FACE_OUTER_BOUND ( 'NONE', #589, .T. ) ;
#6200 = ORIENTED_EDGE ( 'NONE', *, *, #3971, .T. ) ;
#6201 = CARTESIAN_POINT ( 'NONE',  ( -0.5093338088934649122, 0.5524016682080589158, 2.218959205193257265E-48 ) ) ;
#6202 = CARTESIAN_POINT ( 'NONE',  ( 0.4769493439999838991, 3.446921961238886775E-15, -0.2767857139999957417 ) ) ;
#6203 = LINE ( 'NONE', #614, #1814 ) ;
#6204 = EDGE_CURVE ( 'NONE', #6929, #1024, #7030, .T. ) ;
#6205 = VERTEX_POINT ( 'NONE', #6945 ) ;
#6206 = CARTESIAN_POINT ( 'NONE',  ( 0.2694607173667861177, -0.7067325984111432202, -0.003671691515712807458 ) ) ;
#6207 = CARTESIAN_POINT ( 'NONE',  ( 0.3463378102957042626, -0.3598747005093257401, -0.2410000001971935035 ) ) ;
#6208 = CARTESIAN_POINT ( 'NONE',  ( 0.1473854529999788499, 0.4536057820000122809, -0.4678571430000009745 ) ) ;
#6209 = DIRECTION ( 'NONE',  ( -6.162975822039154730E-33, -0.000000000000000000, 1.000000000000000000 ) ) ;
#6210 = CARTESIAN_POINT ( 'NONE',  ( -0.003006700347233887648, 0.4790287673288630144, -0.02096182833545962021 ) ) ;
#6211 = CARTESIAN_POINT ( 'NONE',  ( -0.4374450880000009811, -0.1199999999999966371, -0.1665853869999982528 ) ) ;
#6212 = EDGE_LOOP ( 'NONE', ( #4429, #5273, #6674, #2381 ) ) ;
#6213 = CARTESIAN_POINT ( 'NONE',  ( 0.4638502390333857361, 0.1866629429330360357, -0.02245458846418590948 ) ) ;
#6214 = CARTESIAN_POINT ( 'NONE',  ( -0.1159327453188793017, 0.4385421027049202225, -0.1131435560966558007 ) ) ;
#6215 = DIRECTION ( 'NONE',  ( -1.000000000000000000, 8.326672684688663206E-16, 0.000000000000000000 ) ) ;
#6216 = CARTESIAN_POINT ( 'NONE',  ( 0.09310663759954124208, 0.4880800595519091400, -0.4999999999999973355 ) ) ;
#6217 = CARTESIAN_POINT ( 'NONE',  ( 0.4755282579999851045, 0.1545084970000039915, -0.3089285709999967100 ) ) ;
#6218 = ORIENTED_EDGE ( 'NONE', *, *, #4282, .T. ) ;
#6219 = DIRECTION ( 'NONE',  ( 1.000000000000000000, -8.326672684688663206E-16, 0.000000000000000000 ) ) ;
#6220 = ORIENTED_EDGE ( 'NONE', *, *, #3579, .T. ) ;
#6221 = CARTESIAN_POINT ( 'NONE',  ( -0.1473854529999972240, 0.4536057820000077290, -0.4696428569999970826 ) ) ;
#6222 =( BOUNDED_CURVE ( )  B_SPLINE_CURVE ( 2, ( #6452, #631, #2443, #6944, #2997 ),
 .UNSPECIFIED., .F., .F. ) 
 B_SPLINE_CURVE_WITH_KNOTS ( ( 3, 2, 3 ),
 ( 0.000000000000000000, 0.09197363378968707870, 1.000000000000000000 ),
 .UNSPECIFIED. ) 
 CURVE ( )  GEOMETRIC_REPRESENTATION_ITEM ( )  RATIONAL_B_SPLINE_CURVE ( ( 0.9932210899422718731, 0.9963362953524198540, 1.000000000000000000, 0.9638293866287261924, 0.9811209779318870172 ) ) 
 REPRESENTATION_ITEM ( '' )  );
#6223 = EDGE_CURVE ( 'NONE', #5008, #1982, #4108, .T. ) ;
#6224 = VERTEX_POINT ( 'NONE', #5807 ) ;
#6225 = CARTESIAN_POINT ( 'NONE',  ( -0.5484969232634810954, -0.5493505576253276956, -0.4849343493756699264 ) ) ;
#6226 = FACE_OUTER_BOUND ( 'NONE', #6259, .T. ) ;
#6227 = CARTESIAN_POINT ( 'NONE',  ( 0.4853864439851484636, 0.1199999999810910517, -0.1592055295000028847 ) ) ;
#6228 = CARTESIAN_POINT ( 'NONE',  ( -0.7499999999775337489, -0.1200000002193081922, -0.005507537017793271913 ) ) ;
#6229 = CARTESIAN_POINT ( 'NONE',  ( 0.4374450879999834396, 0.1199999999999988437, -0.1219425300000023110 ) ) ;
#6230 = CARTESIAN_POINT ( 'NONE',  ( 0.3858601249999845106, 0.2803437910000101119, -0.2606250002899986318 ) ) ;
#6231 = EDGE_CURVE ( 'NONE', #2849, #1241, #6112, .T. ) ;
#6232 = CARTESIAN_POINT ( 'NONE',  ( -0.4374450855289487849, 0.1200000099175412283, -0.1727003280466373747 ) ) ;
#6233 = CARTESIAN_POINT ( 'NONE',  ( -0.7217835997707405804, -0.2087925925895709744, 1.925035253957223192E-48 ) ) ;
#6234 = CARTESIAN_POINT ( 'NONE',  ( 0.4821109408693201592, 0.1200152733256386745, -0.003176104016396156474 ) ) ;
#6235 = DIRECTION ( 'NONE',  ( 1.000000000000000000, -8.326672684688663206E-16, 0.000000000000000000 ) ) ;
#6236 = EDGE_LOOP ( 'NONE', ( #3217, #1679, #2596, #1116 ) ) ;
#6237 = AXIS2_PLACEMENT_3D ( 'NONE', #5905, #5346, #1370 ) ;
#6238 = CARTESIAN_POINT ( 'NONE',  ( 0.3133492190000257693, 0.3279793780000088699, -0.04436073200000185957 ) ) ;
#6239 = CARTESIAN_POINT ( 'NONE',  ( 0.000000000000000000, -0.4536057820000032326, -0.2946428570000044767 ) ) ;
#6240 = CARTESIAN_POINT ( 'NONE',  ( 0.4253254039999755376, 0.3090169940000098703, -0.3767857139999988836 ) ) ;
#6241 = CARTESIAN_POINT ( 'NONE',  ( 0.1147994906296310458, -0.4388385605626309860, -0.07745906506161420735 ) ) ;
#6242 = VERTEX_POINT ( 'NONE', #1272 ) ;
#6243 = EDGE_LOOP ( 'NONE', ( #1727, #1170, #6498, #3186 ) ) ;
#6244 = CARTESIAN_POINT ( 'NONE',  ( -0.2160013744263536428, -0.4099138114916863196, -0.4999999999999976130 ) ) ;
#6245 = CARTESIAN_POINT ( 'NONE',  ( 0.1147995038253572797, -0.4388385569528893693, -0.1444233507942604966 ) ) ;
#6246 = CARTESIAN_POINT ( 'NONE',  ( -0.3858601250000029403, 0.2803437910000101119, -0.3107142860000002282 ) ) ;
#6247 = ADVANCED_FACE ( 'NONE', ( #1878 ), #3135, .T. ) ;
#6248 = CARTESIAN_POINT ( 'NONE',  ( 0.4205153088960660868, -0.2415102000467374277, -0.01506682733087732519 ) ) ;
#6249 = CARTESIAN_POINT ( 'NONE',  ( -0.08059043442882207753, 0.4770506067788283233, -0.01667292692166337867 ) ) ;
#6250 = CARTESIAN_POINT ( 'NONE',  ( 0.4740919287835022033, -0.5811513081188198759, 0.000000000000000000 ) ) ;
#6251 = ORIENTED_EDGE ( 'NONE', *, *, #7150, .T. ) ;
#6252 = DIRECTION ( 'NONE',  ( 6.162975822039154730E-33, 0.000000000000000000, -1.000000000000000000 ) ) ;
#6253 = CONICAL_SURFACE ( 'NONE', #6999, 0.4828247380000007527, 0.7853981633974452814 ) ;
#6254 = CARTESIAN_POINT ( 'NONE',  ( 0.08400908559747864712, 0.4934488050914017099, -0.08225262716908035565 ) ) ;
#6255 = ORIENTED_EDGE ( 'NONE', *, *, #2539, .F. ) ;
#6256 = CARTESIAN_POINT ( 'NONE',  ( -0.4332233490111484508, -0.2496351462640098995, -0.05657477418142646541 ) ) ;
#6257 = CARTESIAN_POINT ( 'NONE',  ( 0.3793992775467375234, 0.2978241102374217242, -0.4999999999999976130 ) ) ;
#6258 = CARTESIAN_POINT ( 'NONE',  ( 0.4257200567899872556, 0.3093037260300121050, -0.2336607138499978142 ) ) ;
#6259 = EDGE_LOOP ( 'NONE', ( #5401, #2060, #4809, #4738 ) ) ;
#6260 = ORIENTED_EDGE ( 'NONE', *, *, #835, .T. ) ;
#6261 = VECTOR ( 'NONE', #470, 39.37007874015748143 ) ;
#6262 = SECURITY_CLASSIFICATION ( '', '', #1558 ) ;
#6263 = CARTESIAN_POINT ( 'NONE',  ( -0.4769493440000299178, 1.263871385787591778E-14, -0.4553571429999959674 ) ) ;
#6264 = B_SPLINE_CURVE_WITH_KNOTS ( 'NONE', 3,
 ( #6177, #1071, #2242, #5688 ),
 .UNSPECIFIED., .F., .F.,
 ( 4, 4 ),
 ( 0.000000000000000000, 1.000000000000000000 ),
 .UNSPECIFIED. ) ;
#6265 = CARTESIAN_POINT ( 'NONE',  ( -0.4722518224658949770, -0.5933706871061610322, -0.4951750429672143738 ) ) ;
#6266 = DIRECTION ( 'NONE',  ( -6.162975822039154730E-33, 0.000000000000000000, 1.000000000000000000 ) ) ;
#6267 = CARTESIAN_POINT ( 'NONE',  ( -0.4374450879999992603, 0.1200000000000009115, -0.2410000000000021569 ) ) ;
#6268 = EDGE_CURVE ( 'NONE', #6354, #5042, #4691, .T. ) ;
#6269 = CARTESIAN_POINT ( 'NONE',  ( -0.7403377607141232719, -0.1199999999476871054, 1.411819043125691238E-11 ) ) ;
#6270 = CARTESIAN_POINT ( 'NONE',  ( -0.1159327453189060442, -0.4385421027049152820, -0.1457850159033487747 ) ) ;
#6271 =( BOUNDED_CURVE ( )  B_SPLINE_CURVE ( 2, ( #3054, #798, #2493, #2408, #6505 ),
 .UNSPECIFIED., .F., .T. ) 
 B_SPLINE_CURVE_WITH_KNOTS ( ( 3, 2, 3 ),
 ( 0.000000000000000000, 0.8708375380495020357, 1.000000000000000000 ),
 .UNSPECIFIED. ) 
 CURVE ( )  GEOMETRIC_REPRESENTATION_ITEM ( )  RATIONAL_B_SPLINE_CURVE ( ( 0.9755304129688824322, 0.9752986231529907624, 1.000000000000000000, 0.9963362963724863297, 0.9932210916769742548 ) ) 
 REPRESENTATION_ITEM ( '' )  );
#6272 = CARTESIAN_POINT ( 'NONE',  ( -0.3858601250000029403, 0.2803437910000101119, -0.3106250002900002860 ) ) ;
#6273 = CARTESIAN_POINT ( 'NONE',  ( -0.01575037419600125790, -0.4771544602401139312, -0.02287198804408676137 ) ) ;
#6274 = CARTESIAN_POINT ( 'NONE',  ( -0.4361798829681086676, -0.2444361815887400591, -0.1906408237707880871 ) ) ;
#6275 = CARTESIAN_POINT ( 'NONE',  ( -0.3805997923814921080, -0.3276692900152883836, -0.1169151768007597736 ) ) ;
#6276 = EDGE_CURVE ( 'NONE', #5964, #6867, #6967, .T. ) ;
#6277 = CARTESIAN_POINT ( 'NONE',  ( 0.1387701737591595097, 0.4803569911746511378, -0.1460480976025696209 ) ) ;
#6278 = CARTESIAN_POINT ( 'NONE',  ( 0.1472347090500014666, 0.4531418398200092179, -0.4765178568500007539 ) ) ;
#6279 = LINE ( 'NONE', #4797, #363 ) ;
#6280 = CARTESIAN_POINT ( 'NONE',  ( -0.6508605261919083729, 0.4902509039046852313, -0.4625668042283182513 ) ) ;
#6281 = ORIENTED_EDGE ( 'NONE', *, *, #7179, .T. ) ;
#6282 = CARTESIAN_POINT ( 'NONE',  ( -0.4028593688165970632, -0.2532760412421477536, -0.4999999999999974465 ) ) ;
#6283 = B_SPLINE_CURVE_WITH_KNOTS ( 'NONE', 3,
 ( #988, #6733, #4706, #494, #3282, #5568, #1588, #3878, #1022, #457, #7377, #1283, #6423, #1400, #871, #4258, #3692, #6463, #152, #4824, #6010, #7155, #5899, #6506, #264, #4787, #4180, #1854, #762, #3574, #2534, #1435, #720, #5972, #834, #5854, #192, #2569, #1890, #4143, #5446, #3657, #2494, #1324, #3130, #1930, #7120, #3011, #799, #5301 ),
 .UNSPECIFIED., .F., .F.,
 ( 4, 2, 2, 2, 2, 2, 2, 2, 2, 2, 2, 2, 2, 2, 2, 2, 2, 2, 2, 2, 2, 2, 2, 2, 4 ),
 ( -0.1600297075886280007, -0.1575292435281397674, -0.1562790114978956368, -0.1550287794676515341, -0.1537785474374074313, -0.1525283154071633007, -0.1500278513466750674, -0.1487776193164309646, -0.1475273872861868341, -0.1450269232256986007, -0.1437766911954544979, -0.1425264591652103952, -0.1400259951047221618, -0.1375255310442339285, -0.1362752990139898257, -0.1350250669837456952, -0.1325246029232574618, -0.1312743708930133590, -0.1300241388627692285, -0.1275236748022809952, -0.1262734427720368924, -0.1250232107417927896, -0.1237729787115486590, -0.1225227466813045424, -0.1200222826208163091 ),
 .UNSPECIFIED. ) ;
#6284 = CARTESIAN_POINT ( 'NONE',  ( 0.4314047349999962089, 0.1401718950000036545, -0.3446428569999998581 ) ) ;
#6285 = CARTESIAN_POINT ( 'NONE',  ( 0.3858601249999845106, 0.2803437910000101119, -0.2607142859999986295 ) ) ;
#6286 = CARTESIAN_POINT ( 'NONE',  ( -0.3320366669140814020, -0.3351043713421524850, -0.02825506066648167738 ) ) ;
#6287 = CARTESIAN_POINT ( 'NONE',  ( -0.7500000000000173195, 0.2776807214858924011, -0.02872534851795575939 ) ) ;
#6288 = CARTESIAN_POINT ( 'NONE',  ( 0.3858601249999937810, -0.2803437909999871303, -0.4892857139999979843 ) ) ;
#6289 = ORIENTED_EDGE ( 'NONE', *, *, #981, .F. ) ;
#6290 = ORIENTED_EDGE ( 'NONE', *, *, #4056, .F. ) ;
#6291 = CARTESIAN_POINT ( 'NONE',  ( -0.4141132052826822507, -0.2219261062143325358, -0.03043099010345282768 ) ) ;
#6292 = CARTESIAN_POINT ( 'NONE',  ( -0.1387701687779909210, 0.4803569926136706525, -0.07716618802554385537 ) ) ;
#6293 = ORIENTED_EDGE ( 'NONE', *, *, #925, .T. ) ;
#6294 = CARTESIAN_POINT ( 'NONE',  ( -0.4081487209384200288, -0.2890563646505338036, -0.05549024610240890776 ) ) ;
#6295 = CARTESIAN_POINT ( 'NONE',  ( 0.4437158521052807503, 0.1737910650898595588, -0.4999999999999975575 ) ) ;
#6296 = CARTESIAN_POINT ( 'NONE',  ( -0.5000000018731576290, 0.07919221388972860765, -0.2786162241321380462 ) ) ;
#6297 = ORIENTED_EDGE ( 'NONE', *, *, #84, .T. ) ;
#6298 = CARTESIAN_POINT ( 'NONE',  ( -0.3306411863208488233, -0.3326873403765164827, -0.2409999998931584841 ) ) ;
#6299 = ORIENTED_EDGE ( 'NONE', *, *, #6781, .T. ) ;
#6300 = CARTESIAN_POINT ( 'NONE',  ( -0.4314047350000136949, 0.1401718949999970765, -0.3161607147199964052 ) ) ;
#6301 = EDGE_CURVE ( 'NONE', #6396, #7038, #2558, .T. ) ;
#6302 = CARTESIAN_POINT ( 'NONE',  ( -0.3981920379999959736, 0.2423900660000076202, -0.1758186940000016074 ) ) ;
#6303 = CARTESIAN_POINT ( 'NONE',  ( -0.4010512473489431517, 0.2299478500843794571, -0.03770350528123805889 ) ) ;
#6304 = CARTESIAN_POINT ( 'NONE',  ( -0.1147994927140354449, 0.4388385598596171167, -0.1801376365863983642 ) ) ;
#6305 = CARTESIAN_POINT ( 'NONE',  ( -0.4321422180804045388, 0.2515035850217677282, -0.1309754941736875899 ) ) ;
#6306 = CARTESIAN_POINT ( 'NONE',  ( -0.2710769516716308725, -0.7095190527784107637, -0.2410000000202484338 ) ) ;
#6307 = CARTESIAN_POINT ( 'NONE',  ( 0.3858601249999845106, 0.2803437910000101119, -0.4749107142899969825 ) ) ;
#6308 = CARTESIAN_POINT ( 'NONE',  ( -0.4470408434674046916, 0.07963443828303949645, -0.2410000000000022957 ) ) ;
#6309 = CARTESIAN_POINT ( 'NONE',  ( -0.4428920509393539651, -0.2321675823586784593, -0.1909610677430051418 ) ) ;
#6310 = DIRECTION ( 'NONE',  ( -6.162975822039154730E-33, 0.000000000000000000, 1.000000000000000000 ) ) ;
#6311 = ORIENTED_EDGE ( 'NONE', *, *, #224, .T. ) ;
#6312 = CARTESIAN_POINT ( 'NONE',  ( -0.01716195711683567854, 0.4999999999964807595, -0.1424798633271285309 ) ) ;
#6313 = CARTESIAN_POINT ( 'NONE',  ( -0.1473854530000156260, -0.4536057819999870788, -0.4410714290000041227 ) ) ;
#6314 = APPROVAL ( #4944, 'UNSPECIFIED' ) ;
#6315 = CARTESIAN_POINT ( 'NONE',  ( -0.4253254040000215008, 0.3090169940000098703, -0.3553571430000019848 ) ) ;
#6316 = ORIENTED_EDGE ( 'NONE', *, *, #2149, .F. ) ;
#6317 = CARTESIAN_POINT ( 'NONE',  ( 0.2710769514366044852, 0.7095190530209944946, -0.2410000000405034537 ) ) ;
#6318 = ORIENTED_EDGE ( 'NONE', *, *, #6513, .T. ) ;
#6319 = ADVANCED_FACE ( 'NONE', ( #6605 ), #4351, .F. ) ;
#6320 = CARTESIAN_POINT ( 'NONE',  ( -0.4555311496323778964, 0.2067756024281347527, -0.4869633846783799069 ) ) ;
#6321 = CARTESIAN_POINT ( 'NONE',  ( -0.1473854529999972240, 0.4536057820000077290, -0.4696428569999970826 ) ) ;
#6322 = CARTESIAN_POINT ( 'NONE',  ( 0.000000000000000000, -0.4536057820000032326, -0.2857142859999974305 ) ) ;
#6323 = CARTESIAN_POINT ( 'NONE',  ( 0.3226455917513546545, -0.3188385602653546758, -0.1338830543845143939 ) ) ;
#6324 = CARTESIAN_POINT ( 'NONE',  ( 0.4853864439851484636, 0.1199999999810910517, -0.08777695850000163946 ) ) ;
#6325 = CARTESIAN_POINT ( 'NONE',  ( 0.3226455821108160649, 0.3188385700210362717, -0.1161169452536084251 ) ) ;
#6326 = CARTESIAN_POINT ( 'NONE',  ( -0.4346590750000131620, -0.1301560660000037339, -0.1663266209999999246 ) ) ;
#6327 = ORIENTED_EDGE ( 'NONE', *, *, #6821, .F. ) ;
#6328 = CARTESIAN_POINT ( 'NONE',  ( 0.3636080315279433539, 0.3440131404534340076, -0.01814989593502964668 ) ) ;
#6329 = LINE ( 'NONE', #1110, #4446 ) ;
#6330 = ORIENTED_EDGE ( 'NONE', *, *, #171, .T. ) ;
#6331 = CARTESIAN_POINT ( 'NONE',  ( 0.08400908563074621638, -0.4934488050857380181, -0.1766759448280668665 ) ) ;
#6332 = CARTESIAN_POINT ( 'NONE',  ( 0.4257200567899965260, -0.3093037260299867919, -0.3193749998600006745 ) ) ;
#6333 = CARTESIAN_POINT ( 'NONE',  ( -0.3226455968293399090, -0.3188385551267639006, -0.08040266019065978043 ) ) ;
#6334 = VERTEX_POINT ( 'NONE', #2099 ) ;
#6335 =( BOUNDED_SURFACE ( )  B_SPLINE_SURFACE ( 1, 2, ( 
 ( #3829, #6110, #4096, #2324, #1187 ),
 ( #5662, #3981, #6948, #2781, #2252 ) ),
 .UNSPECIFIED., .F., .F., .T. ) 
 B_SPLINE_SURFACE_WITH_KNOTS ( ( 2, 2 ),
 ( 3, 2, 3 ),
 ( 0.07692307692307571998, 0.6427594874311722828 ),
 ( 0.06819000430022033321, 0.07142857142857142461, 0.07466713855692261315 ),
 .UNSPECIFIED. ) 
 GEOMETRIC_REPRESENTATION_ITEM ( )  RATIONAL_B_SPLINE_SURFACE ( (
 ( 0.9757408310629269721, 0.9778090539537090953, 1.000000000000000000, 0.9778090539537090953, 0.9757408310629269721),
 ( 0.9757408310629269721, 0.9778090539537090953, 1.000000000000000000, 0.9778090539537090953, 0.9757408310629269721) ) ) 
 REPRESENTATION_ITEM ( '' )  SURFACE ( )  );
#6336 = CARTESIAN_POINT ( 'NONE',  ( -0.2666227890000034129, 0.3669747860000008854, -0.4661607147199999801 ) ) ;
#6337 = CARTESIAN_POINT ( 'NONE',  ( -0.7500000000000179856, 0.4330127020000057447, -0.2527537684999960899 ) ) ;
#6338 = CARTESIAN_POINT ( 'NONE',  ( 0.4459337055327834420, -0.2264516773135163141, -0.1660270271431986966 ) ) ;
#6339 = CARTESIAN_POINT ( 'NONE',  ( -0.4789230484905933061, 0.5895190528100217042, -0.2410000000405034537 ) ) ;
#6340 = CARTESIAN_POINT ( 'NONE',  ( 0.1387701737200569274, 0.4803569909805150973, 0.000000000000000000 ) ) ;
#6341 = CARTESIAN_POINT ( 'NONE',  ( -0.4282116273901711012, 0.2581666157063035594, -0.1311555153054801692 ) ) ;
#6342 = VECTOR ( 'NONE', #6066, 39.37007874015748854 ) ;
#6343 = ADVANCED_FACE ( 'NONE', ( #931 ), #359, .T. ) ;
#6344 = CYLINDRICAL_SURFACE ( 'NONE', #3166, 0.5000000000000007772 ) ;
#6345 = CARTESIAN_POINT ( 'NONE',  ( -0.1473854529999972240, 0.4536057820000077290, -0.2464285710000041763 ) ) ;
#6346 = CARTESIAN_POINT ( 'NONE',  ( 0.4813363459999915883, 0.1366330390000052020, -0.09505604400000429444 ) ) ;
#6347 = VECTOR ( 'NONE', #1621, 39.37007874015748143 ) ;
#6348 = CARTESIAN_POINT ( 'NONE',  ( -0.1234778078060195100, 0.4538698422603023030, -0.05129747928250007888 ) ) ;
#6349 = CARTESIAN_POINT ( 'NONE',  ( -0.3542420343006282279, 0.3528634026973000992, -0.4999999999007592177 ) ) ;
#6350 = LINE ( 'NONE', #123, #1813 ) ;
#6351 = CARTESIAN_POINT ( 'NONE',  ( -0.2666227890000034129, 0.3669747860000008854, -0.3232142860000026818 ) ) ;
#6352 = CARTESIAN_POINT ( 'NONE',  ( 0.3456713400316390183, 0.3587101363851891156, -0.001841967759244723425 ) ) ;
#6353 = B_SPLINE_CURVE_WITH_KNOTS ( 'NONE', 3,
 ( #1743, #2165, #6772, #1166 ),
 .UNSPECIFIED., .F., .F.,
 ( 4, 4 ),
 ( 0.000000000000000000, 1.000000000000000000 ),
 .UNSPECIFIED. ) ;
#6354 = VERTEX_POINT ( 'NONE', #3855 ) ;
#6355 = CARTESIAN_POINT ( 'NONE',  ( 0.000000000000000000, -0.4536057820000032326, -0.08035714299999575927 ) ) ;
#6356 = EDGE_LOOP ( 'NONE', ( #2782, #1095, #4889, #2530, #5570, #176, #5191, #7036, #5895, #6889, #5313, #4127, #1801, #3996, #1961, #6610, #5522, #2403, #3595 ) ) ;
#6357 = CARTESIAN_POINT ( 'NONE',  ( 0.3226455796608685422, -0.3188385724984071357, -0.06691876897801142532 ) ) ;
#6358 = CARTESIAN_POINT ( 'NONE',  ( -9.344712230615623268E-09, -0.4536057819999988472, -0.5000000001358642088 ) ) ;
#6359 = CARTESIAN_POINT ( 'NONE',  ( -0.1234756315598180831, -0.4538660589985600846, -0.2358972063453096402 ) ) ;
#6360 = CARTESIAN_POINT ( 'NONE',  ( 0.1377318690366528819, 0.4785586064301931564, -0.002015655328254921819 ) ) ;
#6361 = EDGE_CURVE ( 'NONE', #6557, #1232, #653, .T. ) ;
#6362 = CARTESIAN_POINT ( 'NONE',  ( 0.1303964215009648375, 0.4658532543167389628, -0.09284179935718477050 ) ) ;
#6363 = CARTESIAN_POINT ( 'NONE',  ( 0.1387701709376019943, 0.4803569917708354620, -0.003190954654113225576 ) ) ;
#6364 = CARTESIAN_POINT ( 'NONE',  ( 0.1473854529999788499, 0.4536057820000123364, -0.3250000000000012879 ) ) ;
#6365 = ORIENTED_EDGE ( 'NONE', *, *, #5683, .T. ) ;
#6366 = ORIENTED_EDGE ( 'NONE', *, *, #835, .F. ) ;
#6367 = CARTESIAN_POINT ( 'NONE',  ( -0.4309949108485555125, -0.1848049781479839115, -0.03105768424787654428 ) ) ;
#6368 = CARTESIAN_POINT ( 'NONE',  ( -0.4810769861470126085, -0.1374312666024839757, -0.2021804501570437784 ) ) ;
#6369 = ORIENTED_EDGE ( 'NONE', *, *, #1345, .T. ) ;
#6370 = CARTESIAN_POINT ( 'NONE',  ( -0.4502647849999900642, -0.1278130079999905411, -0.03177842700000370335 ) ) ;
#6371 = CARTESIAN_POINT ( 'NONE',  ( -0.1624598480000143952, -0.4999999999999896749, -0.2625000000000038414 ) ) ;
#6372 = CARTESIAN_POINT ( 'NONE',  ( -0.1273771290000150769, 0.4353541920000016385, -0.1128411369999960112 ) ) ;
#6373 = EDGE_LOOP ( 'NONE', ( #5507, #1847, #3640, #1685 ) ) ;
#6374 = EDGE_CURVE ( 'NONE', #19, #6242, #3357, .T. ) ;
#6375 = CARTESIAN_POINT ( 'NONE',  ( -0.4769493440000299178, 1.263871385787591778E-14, -0.3125892857099962785 ) ) ;
#6376 = AXIS2_PLACEMENT_3D ( 'NONE', #5422, #4228, #2463 ) ;
#6377 = CARTESIAN_POINT ( 'NONE',  ( -0.1387701688124777788, -0.4803569926036972415, -0.1103338119862491001 ) ) ;
#6378 = CARTESIAN_POINT ( 'NONE',  ( 0.3466162668270280633, 0.3603569945879402381, -0.08011340361764389406 ) ) ;
#6379 = DIRECTION ( 'NONE',  ( 8.049116928532380974E-16, -1.000000000000000000, -9.126142092879864202E-18 ) ) ;
#6380 = CARTESIAN_POINT ( 'NONE',  ( 0.07077531771599405996, 0.5000000000000091038, -0.1533416004235000352 ) ) ;
#6381 = CARTESIAN_POINT ( 'NONE',  ( -0.1273771290000150769, 0.4353541920000016385, -0.04141256599999802029 ) ) ;
#6382 = VERTEX_POINT ( 'NONE', #3470 ) ;
#6383 =( BOUNDED_CURVE ( )  B_SPLINE_CURVE ( 2, ( #2196, #1196, #3351, #3314, #6956 ),
 .UNSPECIFIED., .F., .T. ) 
 B_SPLINE_CURVE_WITH_KNOTS ( ( 3, 2, 3 ),
 ( 0.000000000000000000, 0.9080264486838109939, 1.000000000000000000 ),
 .UNSPECIFIED. ) 
 CURVE ( )  GEOMETRIC_REPRESENTATION_ITEM ( )  RATIONAL_B_SPLINE_CURVE ( ( 0.9811209782320842177, 0.9638293863147483487, 1.000000000000000000, 0.9963362963724879950, 0.9932210916769765863 ) ) 
 REPRESENTATION_ITEM ( '' )  );
#6384 = CARTESIAN_POINT ( 'NONE',  ( -0.1387701701528054610, -0.4803569921580607138, -0.1906909546070468808 ) ) ;
#6385 = CARTESIAN_POINT ( 'NONE',  ( 0.000000000000000000, 0.000000000000000000, -0.4999999999999973910 ) ) ;
#6386 = CARTESIAN_POINT ( 'NONE',  ( 0.4314047349999962089, -0.1401718949999970765, -0.2714285710000001739 ) ) ;
#6387 = CARTESIAN_POINT ( 'NONE',  ( -0.4374450879999992603, 0.1200000000000009115, -0.1205000000000010785 ) ) ;
#6388 = DIRECTION ( 'NONE',  ( -6.162975822039154730E-33, 0.000000000000000000, 1.000000000000000000 ) ) ;
#6389 = CARTESIAN_POINT ( 'NONE',  ( -0.1624598480000327694, 0.5000000000000103251, -0.4339285709999964880 ) ) ;
#6390 = ORIENTED_EDGE ( 'NONE', *, *, #5745, .T. ) ;
#6391 = CARTESIAN_POINT ( 'NONE',  ( 0.1303964215009625338, -0.4658532543167315798, -0.05093131875872555087 ) ) ;
#6392 = CARTESIAN_POINT ( 'NONE',  ( 0.1473854529999788499, 0.4536057820000122809, -0.4053571430000035836 ) ) ;
#6393 = LINE ( 'NONE', #2380, #3736 ) ;
#6394 = ORIENTED_EDGE ( 'NONE', *, *, #250, .F. ) ;
#6395 = B_SPLINE_CURVE_WITH_KNOTS ( 'NONE', 3,
 ( #3914, #1055, #648, #3424 ),
 .UNSPECIFIED., .F., .F.,
 ( 4, 4 ),
 ( 0.000000000000000000, 1.000000000000000000 ),
 .UNSPECIFIED. ) ;
#6396 = VERTEX_POINT ( 'NONE', #6207 ) ;
#6397 = PLANE ( 'NONE',  #4591 ) ;
#6398 = EDGE_CURVE ( 'NONE', #788, #1141, #2275, .T. ) ;
#6399 = ORIENTED_EDGE ( 'NONE', *, *, #1732, .T. ) ;
#6400 = CARTESIAN_POINT ( 'NONE',  ( -0.3491581928038264837, 0.3578591268849706242, 1.220623642198053063E-48 ) ) ;
#6401 = CARTESIAN_POINT ( 'NONE',  ( 0.1001942640853965699, 0.4426592656910779411, -0.04639421799999635110 ) ) ;
#6402 = CARTESIAN_POINT ( 'NONE',  ( -0.1190782950793466410, -0.4462496601019181330, -0.2309346559314442437 ) ) ;
#6403 = CARTESIAN_POINT ( 'NONE',  ( 0.4853864437664607845, -0.1200000009209210711, -0.09205948693844273611 ) ) ;
#6404 = DIRECTION ( 'NONE',  ( 6.162975822039154730E-33, 0.000000000000000000, -1.000000000000000000 ) ) ;
#6405 = CARTESIAN_POINT ( 'NONE',  ( -0.05834953799999956919, -0.4536057820000012897, -0.07284249099999859367 ) ) ;
#6406 = CARTESIAN_POINT ( 'NONE',  ( 0.2666227889999946421, 0.3669747859999997752, -0.3999999999999979128 ) ) ;
#6407 = VERTEX_POINT ( 'NONE', #2310 ) ;
#6408 = ORIENTED_EDGE ( 'NONE', *, *, #5965, .T. ) ;
#6409 = EDGE_CURVE ( 'NONE', #4163, #1827, #5014, .T. ) ;
#6410 = FACE_OUTER_BOUND ( 'NONE', #6892, .T. ) ;
#6411 = CARTESIAN_POINT ( 'NONE',  ( -0.4407107100000194344, -0.1073884329999960224, -0.2294067160000015926 ) ) ;
#6412 = CARTESIAN_POINT ( 'NONE',  ( -0.1605876466207832032, -0.4737935888916573468, -0.3251460312610282011 ) ) ;
#6413 = CARTESIAN_POINT ( 'NONE',  ( -0.4257200567900056298, -0.3093037260299856261, -0.4122321428599987625 ) ) ;
#6414 = ORIENTED_EDGE ( 'NONE', *, *, #5200, .T. ) ;
#6415 = CARTESIAN_POINT ( 'NONE',  ( 0.3466162680600662349, 0.3603569934019215104, -0.01761340334215701076 ) ) ;
#6416 = VERTEX_POINT ( 'NONE', #3400 ) ;
#6417 = CARTESIAN_POINT ( 'NONE',  ( -0.06348256099999537161, -0.4491415919999938722, -0.5105913087200003586 ) ) ;
#6418 = DIRECTION ( 'NONE',  ( 6.162975822039154730E-33, 0.000000000000000000, -1.000000000000000000 ) ) ;
#6419 = CARTESIAN_POINT ( 'NONE',  ( -0.4755282580000025905, 0.1545084969999996061, -0.1374999999999960143 ) ) ;
#6420 = EDGE_CURVE ( 'NONE', #4539, #1101, #1784, .T. ) ;
#6421 = CARTESIAN_POINT ( 'NONE',  ( 0.4735181026997046239, -0.1613937174051389978, -0.4501591504278110167 ) ) ;
#6422 = CARTESIAN_POINT ( 'NONE',  ( 0.3378133355142401983, -0.3451098475876781535, -0.01707282494524671457 ) ) ;
#6423 = CARTESIAN_POINT ( 'NONE',  ( -0.3764828969072714360, 0.3306403270714817766, -0.3474965327769996004 ) ) ;
#6424 = ORIENTED_EDGE ( 'NONE', *, *, #3345, .F. ) ;
#6425 = CARTESIAN_POINT ( 'NONE',  ( -0.4535207364966902244, 0.2106021119055737079, -0.1299132234888090431 ) ) ;
#6426 = CARTESIAN_POINT ( 'NONE',  ( -0.03161532271332099381, -0.8477722889164072129, -0.4435511427297665343 ) ) ;
#6427 = CARTESIAN_POINT ( 'NONE',  ( 0.4769493439999838991, 3.446921961238886775E-15, -0.3392857140000022920 ) ) ;
#6428 = B_SPLINE_CURVE_WITH_KNOTS ( 'NONE', 3,
 ( #5349, #82, #1204, #4110, #1779, #1898 ),
 .UNSPECIFIED., .F., .F.,
 ( 4, 2, 4 ),
 ( 0.000000000000000000, 0.5000000000000000000, 1.000000000000000000 ),
 .UNSPECIFIED. ) ;
#6429 = CARTESIAN_POINT ( 'NONE',  ( -0.07077533063711470562, -0.4999999999999934497, -0.03727017171967210440 ) ) ;
#6430 = DIRECTION ( 'NONE',  ( -6.162975822039154730E-33, 0.000000000000000000, 1.000000000000000000 ) ) ;
#6431 =( BOUNDED_SURFACE ( )  B_SPLINE_SURFACE ( 1, 2, ( 
 ( #3920, #2725, #7306, #2199, #2162 ),
 ( #1129, #1627, #4447, #1096, #1592 ) ),
 .UNSPECIFIED., .F., .F., .T. ) 
 B_SPLINE_SURFACE_WITH_KNOTS ( ( 2, 2 ),
 ( 3, 2, 3 ),
 ( 0.07692307692305953848, 1.000000000000000000 ),
 ( 0.1039042900145060039, 0.1071428571428569981, 0.1103814242712080201 ),
 .UNSPECIFIED. ) 
 GEOMETRIC_REPRESENTATION_ITEM ( )  RATIONAL_B_SPLINE_SURFACE ( (
 ( 0.9757408310629269721, 0.9778090539537090953, 1.000000000000000000, 0.9778090539537090953, 0.9757408310629269721),
 ( 0.9757408310629269721, 0.9778090539537090953, 1.000000000000000000, 0.9778090539537090953, 0.9757408310629269721) ) ) 
 REPRESENTATION_ITEM ( '' )  SURFACE ( )  );
#6432 = DIRECTION ( 'NONE',  ( 1.000000000000000000, -8.326672684688663206E-16, 0.000000000000000000 ) ) ;
#6433 = CARTESIAN_POINT ( 'NONE',  ( 0.4407107100000016708, 0.1073884330000048487, -0.1936924300000031351 ) ) ;
#6434 = CARTESIAN_POINT ( 'NONE',  ( 0.3858601249999845106, 0.2803437910000101119, -0.3410714290000009807 ) ) ;
#6435 = CARTESIAN_POINT ( 'NONE',  ( 0.3466162695453610665, 0.3603569919732764748, -0.1604705459551687141 ) ) ;
#6436 = ORIENTED_EDGE ( 'NONE', *, *, #5478, .T. ) ;
#6437 = ORIENTED_EDGE ( 'NONE', *, *, #4903, .F. ) ;
#6438 = CARTESIAN_POINT ( 'NONE',  ( -0.4830504478318380923, 0.1301137596298637678, -0.4137218354133185838 ) ) ;
#6439 = CARTESIAN_POINT ( 'NONE',  ( -0.4999999999999973910, -5.112907035636480329E-09, -0.4821428572152829384 ) ) ;
#6440 = CARTESIAN_POINT ( 'NONE',  ( -0.1147995110840740879, -0.4388385552117798905, -0.07432664949236660046 ) ) ;
#6441 = CARTESIAN_POINT ( 'NONE',  ( -0.07164390600000487830, -0.4999999999999935052, -0.1087178380000028977 ) ) ;
#6442 = CARTESIAN_POINT ( 'NONE',  ( -0.7499999998483545260, 0.1199999999758830649, -0.2410000000202484338 ) ) ;
#6443 = CARTESIAN_POINT ( 'NONE',  ( 0.1147994906296310458, 0.4388385605626407560, -0.1100409349019933203 ) ) ;
#6444 = CARTESIAN_POINT ( 'NONE',  ( 0.1241830692253773349, 0.4550914017068674600, -0.02826954851682366571 ) ) ;
#6445 = CARTESIAN_POINT ( 'NONE',  ( -0.4314047349999962089, -0.1401718949999992692, -0.3714285709999997076 ) ) ;
#6446 = ADVANCED_FACE ( 'NONE', ( #5648 ), #6253, .F. ) ;
#6447 = ADVANCED_FACE ( 'NONE', ( #6980 ), #1212, .F. ) ;
#6448 = EDGE_LOOP ( 'NONE', ( #1274, #6399, #4391, #4458, #6696 ) ) ;
#6449 = EDGE_LOOP ( 'NONE', ( #4675, #5410, #656, #2029 ) ) ;
#6450 = CARTESIAN_POINT ( 'NONE',  ( -0.4323360094415724664, -0.1815017576246484021, -0.03111151249209584066 ) ) ;
#6451 = CARTESIAN_POINT ( 'NONE',  ( -0.3466162613479288335, 0.3603569998581372391, -0.1431008825052356714 ) ) ;
#6452 = CARTESIAN_POINT ( 'NONE',  ( 0.4374450917886659185, -0.1199999870984662931, -0.06555746983419953600 ) ) ;
#6453 = CARTESIAN_POINT ( 'NONE',  ( 0.2503018639047163152, -0.4340690781493712902, -0.3154551367419522467 ) ) ;
#6454 = CARTESIAN_POINT ( 'NONE',  ( -1.748382715945128460E-14, 0.5004639421800054500, -0.4372321428600002835 ) ) ;
#6455 = ORIENTED_EDGE ( 'NONE', *, *, #6409, .T. ) ;
#6456 = CARTESIAN_POINT ( 'NONE',  ( 0.4374450882170522470, 0.1200000001183084974, -0.2022996722278065096 ) ) ;
#6457 = ORIENTED_EDGE ( 'NONE', *, *, #5565, .F. ) ;
#6458 = CARTESIAN_POINT ( 'NONE',  ( -0.1473854529999972240, 0.4536057820000077290, -0.4697321427099970803 ) ) ;
#6459 = CARTESIAN_POINT ( 'NONE',  ( 0.7499999999568242037, 0.4330127018697850771, -0.06698729799812527808 ) ) ;
#6460 = CARTESIAN_POINT ( 'NONE',  ( 0.5368533612941041033, -0.5560729712643424083, -0.4868085742664991500 ) ) ;
#6461 = CARTESIAN_POINT ( 'NONE',  ( -0.7500000000000177636, -0.1861150727787732051, -0.4869167662054115775 ) ) ;
#6462 = CARTESIAN_POINT ( 'NONE',  ( 0.1395672853460671325, -0.7854461942153246889, -0.02756693837017550400 ) ) ;
#6463 = CARTESIAN_POINT ( 'NONE',  ( -0.2503018713159296804, 0.4340690739160293909, -0.3511694225487828613 ) ) ;
#6464 = ORIENTED_EDGE ( 'NONE', *, *, #3059, .T. ) ;
#6465 = CARTESIAN_POINT ( 'NONE',  ( 0.6180945901509290463, -0.5091683259028837449, -0.02933382584675677321 ) ) ;
#6466 = EDGE_CURVE ( 'NONE', #5352, #6224, #473, .T. ) ;
#6467 = CARTESIAN_POINT ( 'NONE',  ( -0.2935691276756670631, -0.6965331890685048100, -0.4966236792710687076 ) ) ;
#6468 = CARTESIAN_POINT ( 'NONE',  ( 0.2666227890000034129, -0.3669747859999954454, -0.4927678572900034970 ) ) ;
#6469 = CARTESIAN_POINT ( 'NONE',  ( 0.04693502890514071602, 0.5000000000096267438, 1.091045664946428330E-49 ) ) ;
#6470 = CARTESIAN_POINT ( 'NONE',  ( -0.4374450864249949111, -0.1200000066511306834, -0.1576568148852794393 ) ) ;
#6471 = CARTESIAN_POINT ( 'NONE',  ( 0.000000000000000000, -0.4536057820000032326, -0.07142857100000124526 ) ) ;
#6472 = FACE_OUTER_BOUND ( 'NONE', #1276, .T. ) ;
#6473 = CARTESIAN_POINT ( 'NONE',  ( 0.4314047349999962089, -0.1401718949999970765, -0.4232142860000021600 ) ) ;
#6474 = CARTESIAN_POINT ( 'NONE',  ( -0.4755282581567180089, 0.1545084970509195132, -0.2089285709048612494 ) ) ;
#6475 = EDGE_CURVE ( 'NONE', #5696, #787, #6934, .T. ) ;
#6476 = VECTOR ( 'NONE', #5569, 39.37007874015748854 ) ;
#6477 = VERTEX_POINT ( 'NONE', #2429 ) ;
#6478 = ORIENTED_EDGE ( 'NONE', *, *, #4808, .F. ) ;
#6479 =( BOUNDED_CURVE ( )  B_SPLINE_CURVE ( 2, ( #4028, #4628, #5180, #3014, #3577 ),
 .UNSPECIFIED., .F., .F. ) 
 B_SPLINE_CURVE_WITH_KNOTS ( ( 3, 2, 3 ),
 ( 0.000000000000000000, 0.09197357529355787431, 1.000000000000000000 ),
 .UNSPECIFIED. ) 
 CURVE ( )  GEOMETRIC_REPRESENTATION_ITEM ( )  RATIONAL_B_SPLINE_CURVE ( ( 0.9932210899422718731, 0.9963362953524198540, 1.000000000000000000, 0.9638293866287261924, 0.9811209779318870172 ) ) 
 REPRESENTATION_ITEM ( '' )  );
#6480 = CARTESIAN_POINT ( 'NONE',  ( 0.4680120621921359803, 0.1767187607821625317, -0.4423396867823354839 ) ) ;
#6481 = CARTESIAN_POINT ( 'NONE',  ( -0.4815964615476627797, 0.08143518335189696422, -0.4999999999999974465 ) ) ;
#6482 = CARTESIAN_POINT ( 'NONE',  ( 0.1147995021949641675, -0.4388385575371617220, -0.1488876366482240754 ) ) ;
#6483 = CARTESIAN_POINT ( 'NONE',  ( -0.4769493440000299178, 1.263871385787591778E-14, -0.5178571430000026288 ) ) ;
#6484 = CARTESIAN_POINT ( 'NONE',  ( 0.06499618000000136064, -0.4536057819999931295, -0.2127107340000037872 ) ) ;
#6485 = B_SPLINE_CURVE_WITH_KNOTS ( 'NONE', 3,
 ( #5554, #907, #2741, #4922 ),
 .UNSPECIFIED., .F., .F.,
 ( 4, 4 ),
 ( 0.000000000000000000, 1.000000000000000000 ),
 .UNSPECIFIED. ) ;
#6486 = CARTESIAN_POINT ( 'NONE',  ( 0.3382477184560730432, -0.3458622578052319985, -0.1166759246532691197 ) ) ;
#6487 = CARTESIAN_POINT ( 'NONE',  ( 0.4374450882170522470, 0.1200000001183084974, -0.1933711009991197494 ) ) ;
#6488 = CARTESIAN_POINT ( 'NONE',  ( -0.3858601250000029403, -0.2803437909999825228, -0.3678571429999978326 ) ) ;
#6489 = EDGE_LOOP ( 'NONE', ( #4667, #3477, #5583 ) ) ;
#6490 = VERTEX_POINT ( 'NONE', #2949 ) ;
#6491 = CARTESIAN_POINT ( 'NONE',  ( -0.7589999999999839098, 0.7590000000000057812, -0.4999999999999973910 ) ) ;
#6492 = EDGE_LOOP ( 'NONE', ( #3116, #549, #3895, #3568, #6747, #4396, #518, #7156, #1815, #1921, #337, #5642, #2092, #3522, #4281, #5241, #3162, #4573 ) ) ;
#6493 = CARTESIAN_POINT ( 'NONE',  ( -0.4374450879999917108, -0.1199999999999954298, -0.2290853869999993631 ) ) ;
#6494 = EDGE_CURVE ( 'NONE', #4950, #4136, #3179, .T. ) ;
#6495 = CARTESIAN_POINT ( 'NONE',  ( 0.4680093803974049171, -0.1767258238481247690, -0.3076604819854669715 ) ) ;
#6496 = CARTESIAN_POINT ( 'NONE',  ( -0.1626105919500009656, -0.5004639421799916832, -0.4765178568500007539 ) ) ;
#6497 = ORIENTED_EDGE ( 'NONE', *, *, #6154, .F. ) ;
#6498 = ORIENTED_EDGE ( 'NONE', *, *, #5365, .T. ) ;
#6499 = VECTOR ( 'NONE', #3182, 39.37007874015748143 ) ;
#6500 = CARTESIAN_POINT ( 'NONE',  ( -0.7499999999241381277, -0.4330127019562021728, -0.06698729800671858470 ) ) ;
#6501 = CARTESIAN_POINT ( 'NONE',  ( 0.4366738999999868476, -0.1239550729999909923, -0.1995868130000037766 ) ) ;
#6502 = EDGE_CURVE ( 'NONE', #402, #1827, #7210, .T. ) ;
#6503 = CARTESIAN_POINT ( 'NONE',  ( -0.4810769880786018304, 0.1374312606575978091, -0.1371052637055481249 ) ) ;
#6504 = CARTESIAN_POINT ( 'NONE',  ( -0.7500000000000179856, -0.2135907749144702883, -0.4827831212154416463 ) ) ;
#6505 = CARTESIAN_POINT ( 'NONE',  ( 0.4374450873210235513, 0.1200000033847157671, -0.05051395792630090226 ) ) ;
#6506 = CARTESIAN_POINT ( 'NONE',  ( -0.06547043743102050339, 0.4967633150531005626, -0.3556804716883564255 ) ) ;
#6507 = ORIENTED_EDGE ( 'NONE', *, *, #5743, .F. ) ;
#6508 = CARTESIAN_POINT ( 'NONE',  ( -0.4380528171721392861, 0.1177845984271588820, -0.09228673908993900721 ) ) ;
#6509 = CARTESIAN_POINT ( 'NONE',  ( 0.2910617971926857117, -0.4068780863399151793, -0.3857934431538569964 ) ) ;
#6510 = CONICAL_SURFACE ( 'NONE', #6376, 0.7500000000000011102, 1.047197549762621138 ) ;
#6511 = CARTESIAN_POINT ( 'NONE',  ( 0.4314047349999962089, -0.1401718949999970765, -0.4142857139999989169 ) ) ;
#6512 = CARTESIAN_POINT ( 'NONE',  ( -0.4757076478422839205, 0.5839368719617314962, -0.001835845589913298126 ) ) ;
#6513 = EDGE_CURVE ( 'NONE', #1914, #5890, #6836, .T. ) ;
#6514 = CARTESIAN_POINT ( 'NONE',  ( 0.4346590749999867942, -0.1301560659999993763, -0.1372448069999964437 ) ) ;
#6515 = LOCAL_TIME ( 14, 52, 2.000000000000000000, #3288 ) ;
#6516 = CARTESIAN_POINT ( 'NONE',  ( 0.4374450882170522470, 0.1200000001183084974, -0.1933711009991197494 ) ) ;
#6517 = CARTESIAN_POINT ( 'NONE',  ( 0.2938926259999944945, -0.4045084969999961366, -0.3142857139999994387 ) ) ;
#6518 = CARTESIAN_POINT ( 'NONE',  ( -0.3395215632713534659, 0.3480686195000671224, -0.05471342909081020056 ) ) ;
#6519 = ORIENTED_EDGE ( 'NONE', *, *, #5146, .T. ) ;
#6520 = EDGE_LOOP ( 'NONE', ( #3057, #3190, #3719, #258, #1285, #6464, #300, #1351, #6049 ) ) ;
#6521 = CARTESIAN_POINT ( 'NONE',  ( 0.4331140531127465332, 0.2503596541017766297, -0.4404884415621016513 ) ) ;
#6522 = B_SPLINE_CURVE_WITH_KNOTS ( 'NONE', 3,
 ( #3419, #7408, #3988, #1581, #1617, #380, #2116, #417, #3274, #4474 ),
 .UNSPECIFIED., .F., .F.,
 ( 4, 2, 2, 2, 4 ),
 ( 0.000000000000000000, 0.2500000000000000000, 0.5000000000000000000, 0.7500000000000000000, 1.000000000000000000 ),
 .UNSPECIFIED. ) ;
#6523 = CARTESIAN_POINT ( 'NONE',  ( -5.982965653964230183E-11, 0.4999999999999985012, -0.4999999999998138156 ) ) ;
#6524 = ADVANCED_FACE ( 'NONE', ( #4724 ), #4158, .F. ) ;
#6525 = CARTESIAN_POINT ( 'NONE',  ( 0.4648021910000021961, -0.1319396229999926229, -0.01109924200000279512 ) ) ;
#6526 = CARTESIAN_POINT ( 'NONE',  ( 0.4374450917886659185, 0.1199999870984695682, -0.1308711013108534438 ) ) ;
#6527 = ORIENTED_EDGE ( 'NONE', *, *, #5231, .T. ) ;
#6528 = CARTESIAN_POINT ( 'NONE',  ( -0.01716195922500228857, 0.4999999999964808151, -0.008551291573470901769 ) ) ;
#6529 = CARTESIAN_POINT ( 'NONE',  ( -0.4725859698280482357, 0.1199999843124716220, -0.04923977600389622955 ) ) ;
#6530 = CARTESIAN_POINT ( 'NONE',  ( 0.2666227890000034129, -0.3669747859999954454, -0.2785714290000013138 ) ) ;
#6531 =( BOUNDED_SURFACE ( )  B_SPLINE_SURFACE ( 1, 2, ( 
 ( #1524, #895, #7271, #2094, #3781, #5396, #6630, #6096, #6064, #5994, #2657, #3151, #4279, #927, #5434, #2623, #1990, #4411, #6664, #3219, #6032, #5537, #4941, #393, #2062, #1422, #3816, #5499, #4383, #5467, #7140, #285, #2590, #318, #2127, #4908, #7240, #956, #4313, #4973, #3252, #2694, #6699, #7174, #3677, #5956, #247, #2026, #6598, #817, #3113, #2553, #1457, #7416, #5081, #1061, #1556, #1703, #4556, #4448, #5, #2303, #2761, #5713, #3850, #1026, #6737, #6846, #499, #3999, #4596, #7381, #6128, #993, #4520, #1593, #6807, #6278, #1130, #2726, #3427, #573, #2232, #2863, #3395 ),
 ( #1628, #2200, #5150, #6167, #7307, #3286, #536, #5572, #4485, #5603, #7344, #2799, #428, #1665, #461, #3318, #5010, #2163, #5114, #3882, #5045, #6202, #6771, #2269, #3958, #3921, #6239, #3355, #1097, #5644, #5676, #2828, #43, #4718, #6351, #5826, #5187, #200, #2468, #6434, #6971, #1335, #5868, #86, #4033, #1206, #3506, #5789, #5911, #4112, #5267, #3545, #4069, #772, #2339, #1165, #1249, #6392, #1294, #691, #613, #7014, #6473, #1742, #651, #5228, #1825, #6313, #1781, #2982, #124, #4634, #6927, #3464, #2503, #5747, #1863, #4152, #3066, #2941, #3022, #162, #2423, #7054, #2379 ),
 ( #4673, #3583, #731, #5311, #4758, #1900, #6887, #4191, #3625, #5350, #2902, #3771, #5424, #1940, #6554, #1410, #4267, #3805, #2015, #3175, #1444, #1980, #6084, #5386, #6517, #6587, #4302, #4336, #6020, #5946, #2611, #1479, #1514, #883, #235, #2647, #2050, #3208, #7163, #808, #3103, #2543, #4866, #945, #3740, #307, #4896, #274, #3239, #4932, #4373, #5525, #3702, #5455, #381, #1373, #4833, #7131, #7196, #7228, #5489, #344, #2085, #6621, #6054, #4796, #6653, #7091, #5980, #4231, #3668, #843, #3141, #2578, #917, #5562, #528, #1618, #2822, #3420, #1051, #4964, #5707, #5632, #2717 ) ),
 .UNSPECIFIED., .F., .F., .F. ) 
 B_SPLINE_SURFACE_WITH_KNOTS ( ( 2, 1, 2 ),
 ( 3, 2, 2, 2, 2, 2, 2, 2, 2, 2, 2, 2, 2, 2, 2, 2, 2, 2, 2, 2, 2, 2, 2, 2, 2, 2, 2, 2, 2, 2, 2, 2, 2, 2, 2, 2, 2, 2, 2, 2, 2, 2, 3 ),
 ( -0.009230769230769448469, 0.000000000000000000, 0.9230769230769448885 ),
 ( 0.2331376978592510085, 0.2357142857142860426, 0.2428571428571430491, 0.2500000000000000000, 0.2571428571428570620, 0.2642857142857140129, 0.2714285714285710749, 0.2785714285714289695, 0.2857142857142860870, 0.2928571428571430380, 0.3000000000000000444, 0.3071428571428571064, 0.3142857142857140573, 0.3214285714285711193, 0.3285714285714290139, 0.3357142857142861314, 0.3428571428571430824, 0.3500000000000000333, 0.3571428571428570953, 0.3642857142857140462, 0.3714285714285711082, 0.3785714285714290028, 0.3857142857142861203, 0.3928571428571430713, 0.4000000000000000222, 0.4071428571428570842, 0.4142857142857140351, 0.4214285714285710971, 0.4285714285714289917, 0.4357142857142861092, 0.4428571428571430602, 0.4500000000000000111, 0.4571428571428570731, 0.4642857142857140240, 0.4714285714285710860, 0.4785714285714289806, 0.4857142857142860981, 0.4928571428571430491, 0.5000000000000000000, 0.5071428571428570065, 0.5142857142857140129, 0.5214285714285711304, 0.5285037194010159256 ),
 .UNSPECIFIED. ) 
 GEOMETRIC_REPRESENTATION_ITEM ( )  RATIONAL_B_SPLINE_SURFACE ( (
 ( 0.9774270967343389183, 0.9823449940024169269, 1.000000000000000000, 0.9510565162951540863, 1.000000000000000000, 0.9510565162951540863, 1.000000000000000000, 0.9510565162951540863, 1.000000000000000000, 0.9510565162951540863, 1.000000000000000000, 0.9510565162951540863, 1.000000000000000000, 0.9510565162951540863, 1.000000000000000000, 0.9510565162951540863, 1.000000000000000000, 0.9510565162951540863, 1.000000000000000000, 0.9510565162951540863, 1.000000000000000000, 0.9510565162951540863, 1.000000000000000000, 0.9510565162951540863, 1.000000000000000000, 0.9510565162951540863, 1.000000000000000000, 0.9510565162951540863, 1.000000000000000000, 0.9510565162951540863, 1.000000000000000000, 0.9510565162951540863, 1.000000000000000000, 0.9510565162951540863, 1.000000000000000000, 0.9510565162951540863, 1.000000000000000000, 0.9510565162951540863, 1.000000000000000000, 0.9510565162951540863, 1.000000000000000000, 0.9510565162951540863, 1.000000000000000000, 0.9510565162951540863, 1.000000000000000000, 0.9510565162951540863, 1.000000000000000000, 0.9510565162951540863, 1.000000000000000000, 0.9510565162951540863, 1.000000000000000000, 0.9510565162951540863, 1.000000000000000000, 0.9510565162951540863, 1.000000000000000000, 0.9510565162951540863, 1.000000000000000000, 0.9510565162951540863, 1.000000000000000000, 0.9510565162951540863, 1.000000000000000000, 0.9510565162951540863, 1.000000000000000000, 0.9510565162951540863, 1.000000000000000000, 0.9510565162951540863, 1.000000000000000000, 0.9510565162951540863, 1.000000000000000000, 0.9510565162951540863, 1.000000000000000000, 0.9510565162951540863, 1.000000000000000000, 0.9510565162951540863, 1.000000000000000000, 0.9510565162951540863, 1.000000000000000000, 0.9510565162951540863, 1.000000000000000000, 0.9510565162951540863, 1.000000000000000000, 0.9510565162951540863, 1.000000000000000000, 0.9515204654701781006, 0.9990808974618010652),
 ( 0.9774270967343389183, 0.9823449940024169269, 1.000000000000000000, 0.9510565162951540863, 1.000000000000000000, 0.9510565162951540863, 1.000000000000000000, 0.9510565162951540863, 1.000000000000000000, 0.9510565162951540863, 1.000000000000000000, 0.9510565162951540863, 1.000000000000000000, 0.9510565162951540863, 1.000000000000000000, 0.9510565162951540863, 1.000000000000000000, 0.9510565162951540863, 1.000000000000000000, 0.9510565162951540863, 1.000000000000000000, 0.9510565162951540863, 1.000000000000000000, 0.9510565162951540863, 1.000000000000000000, 0.9510565162951540863, 1.000000000000000000, 0.9510565162951540863, 1.000000000000000000, 0.9510565162951540863, 1.000000000000000000, 0.9510565162951540863, 1.000000000000000000, 0.9510565162951540863, 1.000000000000000000, 0.9510565162951540863, 1.000000000000000000, 0.9510565162951540863, 1.000000000000000000, 0.9510565162951540863, 1.000000000000000000, 0.9510565162951540863, 1.000000000000000000, 0.9510565162951540863, 1.000000000000000000, 0.9510565162951540863, 1.000000000000000000, 0.9510565162951540863, 1.000000000000000000, 0.9510565162951540863, 1.000000000000000000, 0.9510565162951540863, 1.000000000000000000, 0.9510565162951540863, 1.000000000000000000, 0.9510565162951540863, 1.000000000000000000, 0.9510565162951540863, 1.000000000000000000, 0.9510565162951540863, 1.000000000000000000, 0.9510565162951540863, 1.000000000000000000, 0.9510565162951540863, 1.000000000000000000, 0.9510565162951540863, 1.000000000000000000, 0.9510565162951540863, 1.000000000000000000, 0.9510565162951540863, 1.000000000000000000, 0.9510565162951540863, 1.000000000000000000, 0.9510565162951540863, 1.000000000000000000, 0.9510565162951540863, 1.000000000000000000, 0.9510565162951540863, 1.000000000000000000, 0.9510565162951540863, 1.000000000000000000, 0.9510565162951540863, 1.000000000000000000, 0.9515204654701781006, 0.9990808974618010652),
 ( 0.9774270967343389183, 0.9823449940024169269, 1.000000000000000000, 0.9510565162951540863, 1.000000000000000000, 0.9510565162951540863, 1.000000000000000000, 0.9510565162951540863, 1.000000000000000000, 0.9510565162951540863, 1.000000000000000000, 0.9510565162951540863, 1.000000000000000000, 0.9510565162951540863, 1.000000000000000000, 0.9510565162951540863, 1.000000000000000000, 0.9510565162951540863, 1.000000000000000000, 0.9510565162951540863, 1.000000000000000000, 0.9510565162951540863, 1.000000000000000000, 0.9510565162951540863, 1.000000000000000000, 0.9510565162951540863, 1.000000000000000000, 0.9510565162951540863, 1.000000000000000000, 0.9510565162951540863, 1.000000000000000000, 0.9510565162951540863, 1.000000000000000000, 0.9510565162951540863, 1.000000000000000000, 0.9510565162951540863, 1.000000000000000000, 0.9510565162951540863, 1.000000000000000000, 0.9510565162951540863, 1.000000000000000000, 0.9510565162951540863, 1.000000000000000000, 0.9510565162951540863, 1.000000000000000000, 0.9510565162951540863, 1.000000000000000000, 0.9510565162951540863, 1.000000000000000000, 0.9510565162951540863, 1.000000000000000000, 0.9510565162951540863, 1.000000000000000000, 0.9510565162951540863, 1.000000000000000000, 0.9510565162951540863, 1.000000000000000000, 0.9510565162951540863, 1.000000000000000000, 0.9510565162951540863, 1.000000000000000000, 0.9510565162951540863, 1.000000000000000000, 0.9510565162951540863, 1.000000000000000000, 0.9510565162951540863, 1.000000000000000000, 0.9510565162951540863, 1.000000000000000000, 0.9510565162951540863, 1.000000000000000000, 0.9510565162951540863, 1.000000000000000000, 0.9510565162951540863, 1.000000000000000000, 0.9510565162951540863, 1.000000000000000000, 0.9510565162951540863, 1.000000000000000000, 0.9510565162951540863, 1.000000000000000000, 0.9510565162951540863, 1.000000000000000000, 0.9515204654701781006, 0.9990808974618010652) ) ) 
 REPRESENTATION_ITEM ( '' )  SURFACE ( )  );
#6532 = ORIENTED_EDGE ( 'NONE', *, *, #2588, .T. ) ;
#6533 = VERTEX_POINT ( 'NONE', #3589 ) ;
#6534 = CARTESIAN_POINT ( 'NONE',  ( 0.06499618000000136064, -0.4536057819999931295, -0.1502107340000025382 ) ) ;
#6535 = CYLINDRICAL_SURFACE ( 'NONE', #6599, 0.5000000000000007772 ) ;
#6536 = CARTESIAN_POINT ( 'NONE',  ( -0.4813363459999915883, 0.1366330390000095596, -0.1281582410000007555 ) ) ;
#6537 = CARTESIAN_POINT ( 'NONE',  ( -1.748382715945128460E-14, -0.5004639421799945698, -0.4015178568499964684 ) ) ;
#6538 = ORIENTED_EDGE ( 'NONE', *, *, #6801, .T. ) ;
#6539 = EDGE_LOOP ( 'NONE', ( #4013, #3741, #748, #6414 ) ) ;
#6540 = CARTESIAN_POINT ( 'NONE',  ( 0.4180252467965376861, -0.2743895645389176075, -0.09588599016894677751 ) ) ;
#6541 = CARTESIAN_POINT ( 'NONE',  ( 0.4407107099999840738, -0.1073884329999927056, -0.1991647130000006038 ) ) ;
#6542 = CARTESIAN_POINT ( 'NONE',  ( 0.6558152775277038549, -0.4873902768864643020, -0.4612634963609624217 ) ) ;
#6543 = CARTESIAN_POINT ( 'NONE',  ( 0.3043134717093056718, -0.3970698083472296025, -0.4568621688602006459 ) ) ;
#6544 = DIRECTION ( 'NONE',  ( -4.273005485591898101E-63, -5.131708243377008956E-48, 1.000000000000000000 ) ) ;
#6545 = CARTESIAN_POINT ( 'NONE',  ( 0.1147995066395191277, 0.4388385563744751638, -0.1814695064218324605 ) ) ;
#6546 = EDGE_LOOP ( 'NONE', ( #6639, #2384, #5497 ) ) ;
#6547 = CARTESIAN_POINT ( 'NONE',  ( -0.3466162640791823346, -0.3603569972310217140, -0.1247562605524043799 ) ) ;
#6548 = CARTESIAN_POINT ( 'NONE',  ( -0.4870773522234126962, -0.1141360423679177727, -0.4080760572499143590 ) ) ;
#6549 = CARTESIAN_POINT ( 'NONE',  ( -0.3858601250000029403, -0.2803437909999825228, -0.3053571430000003861 ) ) ;
#6550 = ADVANCED_FACE ( 'NONE', ( #621 ), #3860, .T. ) ;
#6551 = LINE ( 'NONE', #6387, #484 ) ;
#6552 = CARTESIAN_POINT ( 'NONE',  ( 0.3382477228075863041, 0.3458622535495946559, -0.2136812178806232476 ) ) ;
#6553 = CARTESIAN_POINT ( 'NONE',  ( 0.3247719032253695848, 0.3225214502530355798, -0.04229171404212733743 ) ) ;
#6554 = CARTESIAN_POINT ( 'NONE',  ( -0.2938926260000119806, 0.4045084969999983016, -0.2785714290000013138 ) ) ;
#6555 = CARTESIAN_POINT ( 'NONE',  ( 0.4634715146604093672, 0.1640937364393037501, -0.008869749052046110166 ) ) ;
#6556 = ORIENTED_EDGE ( 'NONE', *, *, #6961, .F. ) ;
#6557 = VERTEX_POINT ( 'NONE', #6440 ) ;
#6558 = LINE ( 'NONE', #3587, #962 ) ;
#6559 = B_SPLINE_CURVE_WITH_KNOTS ( 'NONE', 3,
 ( #1676, #2769, #2734, #6325 ),
 .UNSPECIFIED., .F., .F.,
 ( 4, 4 ),
 ( 0.000000000000000000, 1.000000000000000000 ),
 .UNSPECIFIED. ) ;
#6560 = CARTESIAN_POINT ( 'NONE',  ( -0.4017609660000017735, 0.2525463700000044054, -0.03690063800000400324 ) ) ;
#6561 = CARTESIAN_POINT ( 'NONE',  ( -0.1387701733659394976, 0.4803569911888360133, -0.07589285750000099307 ) ) ;
#6562 = VERTEX_POINT ( 'NONE', #5796 ) ;
#6563 = CARTESIAN_POINT ( 'NONE',  ( -0.03068875872724662404, -0.4999623984216592376, -0.2506749135747994850 ) ) ;
#6564 = CARTESIAN_POINT ( 'NONE',  ( -0.4558638983236745212, 0.2054690958559291514, -0.2012144563211013260 ) ) ;
#6565 = EDGE_CURVE ( 'NONE', #5426, #404, #779, .T. ) ;
#6566 = ORIENTED_EDGE ( 'NONE', *, *, #3088, .F. ) ;
#6567 = APPROVAL_STATUS ( 'not_yet_approved' ) ;
#6568 = CARTESIAN_POINT ( 'NONE',  ( -0.4686285172357742002, 0.1200000165421359205, -0.1184716077091695213 ) ) ;
#6569 = CARTESIAN_POINT ( 'NONE',  ( 0.3905328938589476273, -0.4364228140854666815, -0.2410000000000021569 ) ) ;
#6570 = CARTESIAN_POINT ( 'NONE',  ( -0.2962584790000046819, 0.4027789890000078588, -0.5017212280000007407 ) ) ;
#6571 = VERTEX_POINT ( 'NONE', #6358 ) ;
#6572 = ORIENTED_EDGE ( 'NONE', *, *, #2495, .F. ) ;
#6573 = EDGE_CURVE ( 'NONE', #954, #4091, #4793, .T. ) ;
#6574 = ORIENTED_EDGE ( 'NONE', *, *, #3759, .F. ) ;
#6575 = CARTESIAN_POINT ( 'NONE',  ( 0.7500000000000011102, 0.1554681130250011867, -0.4910022818534540145 ) ) ;
#6576 = CARTESIAN_POINT ( 'NONE',  ( -0.7500000000000176525, -0.1273190587985355005, -0.4939235378284155265 ) ) ;
#6577 = DIRECTION ( 'NONE',  ( 6.162975822039154730E-33, 0.000000000000000000, -1.000000000000000000 ) ) ;
#6578 = CARTESIAN_POINT ( 'NONE',  ( -0.4374450834569316715, 0.1200000165611966735, -0.1682360424219654094 ) ) ;
#6579 = ORIENTED_EDGE ( 'NONE', *, *, #1654, .F. ) ;
#6580 = CARTESIAN_POINT ( 'NONE',  ( -0.4632616756054397378, 0.1881204823235625434, -0.1293657452501419669 ) ) ;
#6581 = DIRECTION ( 'NONE',  ( 1.000000000000000000, -8.326672684688663206E-16, 0.000000000000000000 ) ) ;
#6582 = CARTESIAN_POINT ( 'NONE',  ( -1.748382715945128460E-14, 0.4536057820000065077, -0.4642857140000030136 ) ) ;
#6583 = CARTESIAN_POINT ( 'NONE',  ( -0.4407107100000194344, -0.1073884329999960224, -0.08654957299999795073 ) ) ;
#6584 = CARTESIAN_POINT ( 'NONE',  ( 8.741913579725642299E-15, -0.4999999999999930056, -0.1160714289999988796 ) ) ;
#6585 = ADVANCED_FACE ( 'NONE', ( #5873 ), #4089, .T. ) ;
#6586 = CARTESIAN_POINT ( 'NONE',  ( -0.3279326250981693947, -0.3279959746961802480, -0.2380102218253940805 ) ) ;
#6587 = CARTESIAN_POINT ( 'NONE',  ( 0.1624598479999960488, -0.4999999999999920064, -0.3178571429999961784 ) ) ;
#6588 = CARTESIAN_POINT ( 'NONE',  ( 0.3453981759999872891, -0.3615246879999946539, -0.1074249819999958389 ) ) ;
#6589 = CARTESIAN_POINT ( 'NONE',  ( -0.4555280372953470769, 0.2067825045613048696, -0.4155349843254991238 ) ) ;
#6590 = B_SPLINE_CURVE_WITH_KNOTS ( 'NONE', 3,
 ( #1770, #4624, #523, #560 ),
 .UNSPECIFIED., .F., .F.,
 ( 4, 4 ),
 ( 0.000000000000000000, 1.000000000000000000 ),
 .UNSPECIFIED. ) ;
#6591 = LINE ( 'NONE', #6024, #6499 ) ;
#6592 = EDGE_CURVE ( 'NONE', #7198, #6094, #1305, .T. ) ;
#6593 = CARTESIAN_POINT ( 'NONE',  ( -0.03301294861482976378, 0.4999999999988694044, -0.4992742612805007862 ) ) ;
#6594 = DIRECTION ( 'NONE',  ( -0.8660254038887320593, -0.4999999998193586093, -1.232595164407832862E-32 ) ) ;
#6595 = CARTESIAN_POINT ( 'NONE',  ( 0.1387701664785704336, 0.4803569932195060344, -0.2174766690937789959 ) ) ;
#6596 = VERTEX_POINT ( 'NONE', #922 ) ;
#6597 = CARTESIAN_POINT ( 'NONE',  ( 0.000000000000000000, 0.5000000000000028866, -0.07142857100000124526 ) ) ;
#6598 = CARTESIAN_POINT ( 'NONE',  ( -0.2663500906300114157, -0.3665994488899985138, -0.3729464288600039534 ) ) ;
#6599 = AXIS2_PLACEMENT_3D ( 'NONE', #6100, #3154, #287 ) ;
#6600 = PLANE ( 'NONE',  #5749 ) ;
#6601 = DATE_TIME_ROLE ( 'creation_date' ) ;
#6602 = VECTOR ( 'NONE', #4716, 39.37007874015748854 ) ;
#6603 = LINE ( 'NONE', #6636, #4676 ) ;
#6604 = EDGE_CURVE ( 'NONE', #426, #2867, #21, .T. ) ;
#6605 = FACE_OUTER_BOUND ( 'NONE', #3413, .T. ) ;
#6606 = CARTESIAN_POINT ( 'NONE',  ( -0.4253254040000031821, -0.3090169939999880544, -0.4124999999999994782 ) ) ;
#6607 = B_SPLINE_CURVE_WITH_KNOTS ( 'NONE', 3,
 ( #5799, #95, #4685, #6984, #1263, #3554 ),
 .UNSPECIFIED., .F., .F.,
 ( 4, 2, 4 ),
 ( 0.000000000000000000, 0.5000000000000000000, 1.000000000000000000 ),
 .UNSPECIFIED. ) ;
#6608 = AXIS2_PLACEMENT_3D ( 'NONE', #4278, #6063, #5993 ) ;
#6609 = CARTESIAN_POINT ( 'NONE',  ( -0.3466162640662355798, 0.3603569972434920721, -0.06274373945939731856 ) ) ;
#6610 = ORIENTED_EDGE ( 'NONE', *, *, #6781, .F. ) ;
#6611 = CARTESIAN_POINT ( 'NONE',  ( 0.7500000000000009992, 0.3192326059189694587, -0.4624094960625788064 ) ) ;
#6612 = DIRECTION ( 'NONE',  ( -0.5000000000933402244, 0.8660254037305487040, -2.600065509977687925E-47 ) ) ;
#6613 = CARTESIAN_POINT ( 'NONE',  ( 0.3466162705011494038, 0.3603569910850390468, -0.08777695850000163946 ) ) ;
#6614 = CARTESIAN_POINT ( 'NONE',  ( -0.7499999999241381277, -0.4330127019562021728, -0.06698729800671858470 ) ) ;
#6615 = EDGE_CURVE ( 'NONE', #865, #3596, #3707, .T. ) ;
#6616 = VERTEX_POINT ( 'NONE', #5952 ) ;
#6617 = CARTESIAN_POINT ( 'NONE',  ( 0.1473854529999788499, 0.4536057820000122809, -0.4678571430000009745 ) ) ;
#6618 = CARTESIAN_POINT ( 'NONE',  ( -0.1812601925847861506, -0.7613747829917650867, -0.01790934755126936256 ) ) ;
#6619 = FACE_OUTER_BOUND ( 'NONE', #6546, .T. ) ;
#6620 = CARTESIAN_POINT ( 'NONE',  ( -0.06810202200000232964, -0.4752813359999970011, -0.02301793900000015033 ) ) ;
#6621 = CARTESIAN_POINT ( 'NONE',  ( 0.4253254039999848080, -0.3090169939999903859, -0.4535714290000000259 ) ) ;
#6622 = CARTESIAN_POINT ( 'NONE',  ( 0.4314047349999962089, -0.1401718949999970765, -0.1285714289999977111 ) ) ;
#6623 = CARTESIAN_POINT ( 'NONE',  ( 0.1133777473922284590, 0.4872478106658825192, -0.2882978072877407372 ) ) ;
#6624 = CARTESIAN_POINT ( 'NONE',  ( 0.3226455821108160649, 0.3188385700210362717, -0.1250455167284150182 ) ) ;
#6625 = CARTESIAN_POINT ( 'NONE',  ( -0.4853864445755773360, 0.1199999976480557173, -0.1367023440701760351 ) ) ;
#6626 = CARTESIAN_POINT ( 'NONE',  ( 0.4366738999999868476, -0.1239550729999909923, -0.06565824100000075547 ) ) ;
#6627 = CARTESIAN_POINT ( 'NONE',  ( 0.4314047349999962089, 0.1401718950000014619, -0.05892857100000239989 ) ) ;
#6628 = ORIENTED_EDGE ( 'NONE', *, *, #3076, .F. ) ;
#6629 = DIRECTION ( 'NONE',  ( -6.162975822039154730E-33, 0.000000000000000000, 1.000000000000000000 ) ) ;
#6630 = CARTESIAN_POINT ( 'NONE',  ( 0.000000000000000000, -0.4531418398199973385, -0.2229464288600003508 ) ) ;
#6631 =( BOUNDED_CURVE ( )  B_SPLINE_CURVE ( 2, ( #7188, #3979, #6217, #2887, #5132, #1684, #1723, #1186, #5059, #5099, #1078, #6296, #6827 ),
 .UNSPECIFIED., .F., .T. ) 
 B_SPLINE_CURVE_WITH_KNOTS ( ( 3, 2, 2, 2, 2, 2, 3 ),
 ( 0.000000000000000000, 0.09999999920001056974, 0.2999999976000083945, 0.4999999960000031662, 0.6999999944000009355, 0.8999999927999957627, 1.000000000000000000 ),
 .UNSPECIFIED. ) 
 CURVE ( )  GEOMETRIC_REPRESENTATION_ITEM ( )  RATIONAL_B_SPLINE_CURVE ( ( 0.9755282581475770431, 0.9755282581475770431, 1.000000000000000000, 0.9510565162951540863, 1.000000000000000000, 0.9510565162951540863, 1.000000000000000000, 0.9510565162951540863, 1.000000000000000000, 0.9510565162951540863, 1.000000000000000000, 0.9755282561898359628, 0.9755282581475772652 ) ) 
 REPRESENTATION_ITEM ( '' )  );
#6632 = CARTESIAN_POINT ( 'NONE',  ( -0.4638502391643307132, 0.1866629426075230580, -0.2007596965322105687 ) ) ;
#6633 = B_SPLINE_CURVE_WITH_KNOTS ( 'NONE', 3,
 ( #1826, #6352, #5790, #652 ),
 .UNSPECIFIED., .F., .F.,
 ( 4, 4 ),
 ( 0.000000000000000000, 1.000000000000000000 ),
 .UNSPECIFIED. ) ;
#6634 = VECTOR ( 'NONE', #546, 39.37007874015748143 ) ;
#6635 = PERSON_AND_ORGANIZATION_ROLE ( 'design_supplier' ) ;
#6636 = CARTESIAN_POINT ( 'NONE',  ( 0.1387701736492474303, 0.4803569911069876519, -0.1473214285000022383 ) ) ;
#6637 = CARTESIAN_POINT ( 'NONE',  ( 0.4314047349999962089, 0.1401718950000014619, -0.1214285709999966129 ) ) ;
#6638 = CARTESIAN_POINT ( 'NONE',  ( -0.4755282580000375625, -0.1545084969999974134, -0.4874999999999985456 ) ) ;
#6639 = ORIENTED_EDGE ( 'NONE', *, *, #4144, .T. ) ;
#6640 = ORIENTED_EDGE ( 'NONE', *, *, #727, .T. ) ;
#6641 = CARTESIAN_POINT ( 'NONE',  ( -0.7435585071031056703, 0.1200000000000011613, -0.001835845691366603518 ) ) ;
#6642 = ORIENTED_EDGE ( 'NONE', *, *, #379, .T. ) ;
#6643 = CARTESIAN_POINT ( 'NONE',  ( 0.3380706394789257940, -0.3455555250359507169, -0.2316430058250192048 ) ) ;
#6644 = CARTESIAN_POINT ( 'NONE',  ( 0.05834953052961180942, -0.4536057820000000129, -0.2218003662322894087 ) ) ;
#6645 = CARTESIAN_POINT ( 'NONE',  ( 0.000000000000000000, -0.4536057820000032326, -0.2233035717200017867 ) ) ;
#6646 = CARTESIAN_POINT ( 'NONE',  ( -0.3453981759999962264, -0.3615246879999913232, -0.1157893029999979978 ) ) ;
#6647 = ORIENTED_EDGE ( 'NONE', *, *, #109, .F. ) ;
#6648 = CARTESIAN_POINT ( 'NONE',  ( -0.4314047349999962089, -0.1401718949999992692, -0.4428571429999971776 ) ) ;
#6649 = ADVANCED_FACE ( 'NONE', ( #7267 ), #349, .F. ) ;
#6650 = FACE_OUTER_BOUND ( 'NONE', #5769, .T. ) ;
#6651 = CARTESIAN_POINT ( 'NONE',  ( 0.4007843204999971265, 0.4541788059999987692, -0.2410000000000021569 ) ) ;
#6652 = CARTESIAN_POINT ( 'NONE',  ( 0.4808165711719292190, -0.1199999999268348966, -0.004436308641361172422 ) ) ;
#6653 = CARTESIAN_POINT ( 'NONE',  ( 8.741913579725642299E-15, -0.4999999999999930056, -0.4642857140000030136 ) ) ;
#6654 = CARTESIAN_POINT ( 'NONE',  ( 0.4537365184542546115, 0.1889597874213744810, -0.008490215075511776260 ) ) ;
#6655 = ADVANCED_FACE ( 'NONE', ( #2123 ), #526, .T. ) ;
#6656 = EDGE_LOOP ( 'NONE', ( #7305, #2175, #1349, #5557 ) ) ;
#6657 = CARTESIAN_POINT ( 'NONE',  ( 0.3226455821108160649, -0.3188385700210286111, -0.07138305475818453039 ) ) ;
#6658 = FACE_OUTER_BOUND ( 'NONE', #593, .T. ) ;
#6659 = CARTESIAN_POINT ( 'NONE',  ( -0.4429627730000175734, 0.1257402450000033312, -0.03371562499999885415 ) ) ;
#6660 = DIRECTION ( 'NONE',  ( 0.4999999998193585538, -0.8660254038887319483, -1.232595164407828893E-32 ) ) ;
#6661 = CARTESIAN_POINT ( 'NONE',  ( -0.08400907553860759158, 0.4934488067999545646, -0.2123902301500597278 ) ) ;
#6662 = VERTEX_POINT ( 'NONE', #2585 ) ;
#6663 = CARTESIAN_POINT ( 'NONE',  ( -0.2057774905915528141, -0.4566862724074816637, -0.2548330839348208476 ) ) ;
#6664 = CARTESIAN_POINT ( 'NONE',  ( 0.2663500906299939297, 0.3665994488900083392, -0.2658035718599995878 ) ) ;
#6665 = CARTESIAN_POINT ( 'NONE',  ( -0.4282116273901710457, 0.2581666157063044476, -0.2025840863054815533 ) ) ;
#6666 = B_SPLINE_CURVE_WITH_KNOTS ( 'NONE', 3,
 ( #2441, #2019, #6943, #4306 ),
 .UNSPECIFIED., .F., .F.,
 ( 4, 4 ),
 ( 0.000000000000000000, 1.000000000000000000 ),
 .UNSPECIFIED. ) ;
#6667 = ORIENTED_EDGE ( 'NONE', *, *, #4563, .F. ) ;
#6668 = DIRECTION ( 'NONE',  ( 0.000000000000000000, 0.000000000000000000, 1.000000000000000000 ) ) ;
#6669 = CARTESIAN_POINT ( 'NONE',  ( 0.3226455930000037275, -0.3188385589999933600, -0.07138305399999815559 ) ) ;
#6670 = EDGE_CURVE ( 'NONE', #1827, #3232, #2354, .T. ) ;
#6671 = CARTESIAN_POINT ( 'NONE',  ( -0.5000000000000236478, -1.017985018240996066E-08, -0.3392857140981688224 ) ) ;
#6672 =( BOUNDED_CURVE ( )  B_SPLINE_CURVE ( 2, ( #6526, #780, #4802, #2388, #4725 ),
 .UNSPECIFIED., .F., .F. ) 
 B_SPLINE_CURVE_WITH_KNOTS ( ( 3, 2, 3 ),
 ( 0.000000000000000000, 0.09197363378955836222, 1.000000000000000000 ),
 .UNSPECIFIED. ) 
 CURVE ( )  GEOMETRIC_REPRESENTATION_ITEM ( )  RATIONAL_B_SPLINE_CURVE ( ( 0.9932210850184003403, 0.9963362924570063894, 1.000000000000000000, 0.9638293833781357289, 0.9811209810398172637 ) ) 
 REPRESENTATION_ITEM ( '' )  );
#6673 = CARTESIAN_POINT ( 'NONE',  ( 8.741913579725642299E-15, -0.4999999999999930056, -0.4732142859999975415 ) ) ;
#6674 = ORIENTED_EDGE ( 'NONE', *, *, #6774, .F. ) ;
#6675 = EDGE_CURVE ( 'NONE', #2490, #6616, #3615, .T. ) ;
#6676 = ORIENTED_EDGE ( 'NONE', *, *, #3872, .F. ) ;
#6677 = CARTESIAN_POINT ( 'NONE',  ( 0.09061781873167393253, 0.7458942694712997756, 1.370962216090278900E-48 ) ) ;
#6678 = FACE_OUTER_BOUND ( 'NONE', #3685, .T. ) ;
#6679 = B_SPLINE_CURVE_WITH_KNOTS ( 'NONE', 3,
 ( #6152, #2713, #2147, #4927 ),
 .UNSPECIFIED., .F., .F.,
 ( 4, 4 ),
 ( 0.000000000000000000, 1.000000000000000000 ),
 .UNSPECIFIED. ) ;
#6680 = DIRECTION ( 'NONE',  ( 1.000000000000000000, -8.326672684688663206E-16, 0.000000000000000000 ) ) ;
#6681 = CARTESIAN_POINT ( 'NONE',  ( 0.2710769515334212065, 0.7095190530680807184, -0.005507537058784105037 ) ) ;
#6682 = VERTEX_POINT ( 'NONE', #2057 ) ;
#6683 = VERTEX_POINT ( 'NONE', #4937 ) ;
#6684 = CARTESIAN_POINT ( 'NONE',  ( -0.3858601250000029403, 0.2803437910000101119, -0.2483035717200035297 ) ) ;
#6685 = CARTESIAN_POINT ( 'NONE',  ( -0.3960570460000029103, -0.2489608939999909953, -0.08294245900000112026 ) ) ;
#6686 = CARTESIAN_POINT ( 'NONE',  ( -0.4813363459999915883, 0.1366330390000095596, -0.1370868130000037766 ) ) ;
#6687 = ADVANCED_FACE ( 'NONE', ( #4275 ), #2090, .F. ) ;
#6688 = CARTESIAN_POINT ( 'NONE',  ( -0.5232476524297344778, 0.5639282309416769889, -0.01017611474000265810 ) ) ;
#6689 = CARTESIAN_POINT ( 'NONE',  ( -0.1170659946377700794, -0.4382456464098264393, -0.1547433818066917266 ) ) ;
#6690 = CARTESIAN_POINT ( 'NONE',  ( -0.3302575720565585904, -0.3320228902379281921, -0.09770619393697292654 ) ) ;
#6691 = CARTESIAN_POINT ( 'NONE',  ( 0.1292069671707394285, 0.4832952687298979755, -0.2886740206406304687 ) ) ;
#6692 = CARTESIAN_POINT ( 'NONE',  ( 0.7435585071523129752, -0.1199999999999978861, -0.001835845691366580533 ) ) ;
#6693 = LINE ( 'NONE', #4661, #1442 ) ;
#6694 = CARTESIAN_POINT ( 'NONE',  ( 0.3226455971764201069, -0.3188385547422191157, -0.2142401971511272984 ) ) ;
#6695 = CARTESIAN_POINT ( 'NONE',  ( 0.05929030221021221181, -0.4506883900544085275, -0.4999999999999976130 ) ) ;
#6696 = ORIENTED_EDGE ( 'NONE', *, *, #3753, .T. ) ;
#6697 = EDGE_CURVE ( 'NONE', #4841, #3627, #952, .T. ) ;
#6698 = CARTESIAN_POINT ( 'NONE',  ( 0.4275663082044234842, -0.2596457908604943299, -0.2383320148715643849 ) ) ;
#6699 = CARTESIAN_POINT ( 'NONE',  ( 0.4309634997699807735, -0.1400285289799987343, -0.3515178568500010869 ) ) ;
#6700 = CARTESIAN_POINT ( 'NONE',  ( 0.4368424329244188220, 0.2735712239100602239, -0.09189074956434309382 ) ) ;
#6701 = CARTESIAN_POINT ( 'NONE',  ( 0.4374450879999834396, 0.1199999999999988437, -0.2022996720000001802 ) ) ;
#6702 = B_SPLINE_CURVE_WITH_KNOTS ( 'NONE', 3,
 ( #5437, #963, #4246, #861, #2698, #2557 ),
 .UNSPECIFIED., .F., .F.,
 ( 4, 2, 4 ),
 ( 0.000000000000000000, 0.5000000000000000000, 1.000000000000000000 ),
 .UNSPECIFIED. ) ;
#6703 = CARTESIAN_POINT ( 'NONE',  ( 0.3858601249999845662, 0.2803437910000101119, -0.2696428569999997915 ) ) ;
#6704 = CARTESIAN_POINT ( 'NONE',  ( -0.5257311120000326410, 1.034076588371666072E-14, -0.3482142859999969309 ) ) ;
#6705 = VECTOR ( 'NONE', #1065, 39.37007874015748143 ) ;
#6706 = CARTESIAN_POINT ( 'NONE',  ( 0.4365652529999969333, -0.2744242959999905751, -0.1670575409999982275 ) ) ;
#6707 = ORIENTED_EDGE ( 'NONE', *, *, #934, .T. ) ;
#6708 = CARTESIAN_POINT ( 'NONE',  ( 0.3418989008499264126, -0.3651995906144673287, -0.3843269616503212638 ) ) ;
#6709 = ORIENTED_EDGE ( 'NONE', *, *, #313, .T. ) ;
#6710 = ADVANCED_FACE ( 'NONE', ( #3811 ), #2079, .T. ) ;
#6711 = CARTESIAN_POINT ( 'NONE',  ( -0.4526480670950231433, -0.1200000090784706236, -0.1037203674010283017 ) ) ;
#6712 = ORIENTED_EDGE ( 'NONE', *, *, #1158, .T. ) ;
#6713 = DIRECTION ( 'NONE',  ( -1.000000000000000000, 8.326672684688663206E-16, 0.000000000000000000 ) ) ;
#6714 = CARTESIAN_POINT ( 'NONE',  ( -0.6104327146615908806, -0.5135919117802557610, -0.02756693832243654885 ) ) ;
#6715 = CARTESIAN_POINT ( 'NONE',  ( 0.1318257874191041124, -0.7899157501284995719, -0.4708254515442432675 ) ) ;
#6716 = CARTESIAN_POINT ( 'NONE',  ( -0.7500000000000177636, -0.2790588360283451363, -0.02900221970226943280 ) ) ;
#6717 = ORIENTED_EDGE ( 'NONE', *, *, #6420, .T. ) ;
#6718 = AXIS2_PLACEMENT_3D ( 'NONE', #3576, #5258, #5782 ) ;
#6719 = ORIENTED_EDGE ( 'NONE', *, *, #6006, .T. ) ;
#6720 = CARTESIAN_POINT ( 'NONE',  ( 0.000000000000000000, -0.4536057820000032326, -0.3660714290000019466 ) ) ;
#6721 = ADVANCED_FACE ( 'NONE', ( #6916 ), #5609, .T. ) ;
#6722 = VERTEX_POINT ( 'NONE', #1238 ) ;
#6723 = CARTESIAN_POINT ( 'NONE',  ( 0.000000000000000000, 0.000000000000000000, -0.04639421799999635110 ) ) ;
#6724 = CARTESIAN_POINT ( 'NONE',  ( 0.1395878270000109334, 0.4801200250000039471, -0.003210621999995953539 ) ) ;
#6725 = B_SPLINE_CURVE_WITH_KNOTS ( 'NONE', 3,
 ( #5061, #1726, #5731, #7364 ),
 .UNSPECIFIED., .F., .F.,
 ( 4, 4 ),
 ( 0.000000000000000000, 1.000000000000000000 ),
 .UNSPECIFIED. ) ;
#6726 = CARTESIAN_POINT ( 'NONE',  ( -0.5687398074100015188, 0.5376633230112658479, -0.01790934751007461703 ) ) ;
#6727 = CARTESIAN_POINT ( 'NONE',  ( 0.05834953799998172930, -0.4536057819999991247, -0.1503717950000017511 ) ) ;
#6728 = CARTESIAN_POINT ( 'NONE',  ( 0.4769493439999838991, 3.446921961238886775E-15, -0.2677678572900037413 ) ) ;
#6729 = EDGE_CURVE ( 'NONE', #3106, #2555, #3250, .T. ) ;
#6730 = CARTESIAN_POINT ( 'NONE',  ( -0.1147994977504004643, -0.4388385586998514998, -0.1457552206407181083 ) ) ;
#6731 = CARTESIAN_POINT ( 'NONE',  ( 0.3378133355142401983, -0.3451098475876781535, -0.01707282494524671457 ) ) ;
#6732 = CARTESIAN_POINT ( 'NONE',  ( 0.4755282579999851045, 0.1545084970000039915, -0.01428571400000100064 ) ) ;
#6733 = CARTESIAN_POINT ( 'NONE',  ( -0.5000000006721634360, 0.03301324303972399260, -0.3400488078808127645 ) ) ;
#6734 = CARTESIAN_POINT ( 'NONE',  ( 0.1387701736492474303, 0.4803569911069876519, -0.006096121499996032776 ) ) ;
#6735 = ORIENTED_EDGE ( 'NONE', *, *, #2668, .T. ) ;
#6736 = CARTESIAN_POINT ( 'NONE',  ( 0.03748413632842368531, 0.4991434555643986526, -0.1436889748437312486 ) ) ;
#6737 = CARTESIAN_POINT ( 'NONE',  ( 0.000000000000000000, -0.4531418398199973385, -0.4372321428600002835 ) ) ;
#6738 = DIRECTION ( 'NONE',  ( -6.162975822039154730E-33, 0.000000000000000000, 1.000000000000000000 ) ) ;
#6739 = VERTEX_POINT ( 'NONE', #74 ) ;
#6740 = EDGE_CURVE ( 'NONE', #1111, #1572, #7303, .T. ) ;
#6741 = CARTESIAN_POINT ( 'NONE',  ( 0.4365652529999788922, 0.2744242960000076170, -0.08294245900000112026 ) ) ;
#6742 = CARTESIAN_POINT ( 'NONE',  ( 0.000000000000000000, -0.4536057820000032326, -0.4375000000000031641 ) ) ;
#6743 = CARTESIAN_POINT ( 'NONE',  ( 0.4769493439999838991, 3.446921961238886775E-15, -0.3392857140000022920 ) ) ;
#6744 = CARTESIAN_POINT ( 'NONE',  ( -0.4624235806196782539, 0.1901769471998653316, -0.1294147552704026372 ) ) ;
#6745 = CARTESIAN_POINT ( 'NONE',  ( 0.4374450879371273859, 0.1200000002291122525, -0.1978353864941665985 ) ) ;
#6746 = CARTESIAN_POINT ( 'NONE',  ( -0.1761943603080843856, -0.4682136164860720151, -0.3969575489163179594 ) ) ;
#6747 = ORIENTED_EDGE ( 'NONE', *, *, #3008, .F. ) ;
#6748 = CARTESIAN_POINT ( 'NONE',  ( 0.4591277013599752710, 0.1980129153165970657, -0.02218208428722937345 ) ) ;
#6749 = CARTESIAN_POINT ( 'NONE',  ( 0.05834953799997281282, 0.4536057820000012897, -0.1174853480000010997 ) ) ;
#6750 = LINE ( 'NONE', #2248, #1548 ) ;
#6751 = CARTESIAN_POINT ( 'NONE',  ( -0.2151866018975236439, 0.7417873614375580793, -0.01249962247122727091 ) ) ;
#6752 = CARTESIAN_POINT ( 'NONE',  ( -1.748382715945128460E-14, 0.5004639421800054500, -0.2229464288600003508 ) ) ;
#6753 = CARTESIAN_POINT ( 'NONE',  ( 0.4099251758196210127, 0.2901460249779723721, -0.1537150850687151460 ) ) ;
#6754 = APPLICATION_CONTEXT ( 'configuration controlled 3d designs of mechanical parts and assemblies' ) ;
#6755 = ORIENTED_EDGE ( 'NONE', *, *, #6923, .F. ) ;
#6756 = CARTESIAN_POINT ( 'NONE',  ( 0.000000000000000000, -0.4536057820000032326, -0.2947321427100022539 ) ) ;
#6757 = FACE_OUTER_BOUND ( 'NONE', #7167, .T. ) ;
#6758 = CARTESIAN_POINT ( 'NONE',  ( -0.3261539459679099195, 0.3249152082351552950, -0.03962375267433886766 ) ) ;
#6759 = CARTESIAN_POINT ( 'NONE',  ( -0.3226455853243434535, 0.3188385667691438496, -0.1695973402052208534 ) ) ;
#6760 = CARTESIAN_POINT ( 'NONE',  ( -0.6180945901505894291, 0.5091683259030996833, -0.02933382584663485337 ) ) ;
#6761 = ADVANCED_FACE ( 'NONE', ( #2158 ), #4662, .T. ) ;
#6762 = CARTESIAN_POINT ( 'NONE',  ( 0.4380528171721040920, 0.1177845984271588820, -0.1219989761281940061 ) ) ;
#6763 = CARTESIAN_POINT ( 'NONE',  ( 0.2666227889999946421, 0.3669747859999997752, -0.2570535712800006700 ) ) ;
#6764 = CARTESIAN_POINT ( 'NONE',  ( -0.4246147020577958897, 0.2645230546040871489, -0.2741776085614338609 ) ) ;
#6765 = CARTESIAN_POINT ( 'NONE',  ( 0.3302575699005803056, 0.3320228920587418586, -0.1334204798904470024 ) ) ;
#6766 = B_SPLINE_CURVE_WITH_KNOTS ( 'NONE', 3,
 ( #3824, #2565, #3227, #405 ),
 .UNSPECIFIED., .F., .F.,
 ( 4, 4 ),
 ( 0.000000000000000000, 1.000000000000000000 ),
 .UNSPECIFIED. ) ;
#6767 = CARTESIAN_POINT ( 'NONE',  ( 0.4374450917886659185, -0.1199999870984662931, -0.05662889870094825473 ) ) ;
#6768 = CARTESIAN_POINT ( 'NONE',  ( -0.4542352643787285760, -0.2092837689913896182, -0.1201134248215653261 ) ) ;
#6769 = ORIENTED_EDGE ( 'NONE', *, *, #3008, .T. ) ;
#6770 = CARTESIAN_POINT ( 'NONE',  ( -0.1102271717025693487, 0.4886027695617198852, -0.1403525600641600812 ) ) ;
#6771 = CARTESIAN_POINT ( 'NONE',  ( 0.4314047349999962089, -0.1401718949999970765, -0.2803571430000034725 ) ) ;
#6772 = CARTESIAN_POINT ( 'NONE',  ( -0.6475815688901720435, -0.1199999999999998984, -0.2410000000000021569 ) ) ;
#6773 = ORIENTED_EDGE ( 'NONE', *, *, #4253, .F. ) ;
#6774 = EDGE_CURVE ( 'NONE', #5232, #5377, #6383, .T. ) ;
#6775 = CARTESIAN_POINT ( 'NONE',  ( -0.1387701624492301555, 0.4803569942579404284, -0.2200233311589092078 ) ) ;
#6776 = CARTESIAN_POINT ( 'NONE',  ( 0.3213724793509097899, -0.3201217507747877167, -0.4999999997378973271 ) ) ;
#6777 = CARTESIAN_POINT ( 'NONE',  ( -0.3858601250000029403, -0.2803437909999825228, -0.4392857139999962746 ) ) ;
#6778 = CARTESIAN_POINT ( 'NONE',  ( 0.7500000000000005551, -0.2716165764369027347, -0.02752019205545101418 ) ) ;
#6779 = CARTESIAN_POINT ( 'NONE',  ( -0.009953978988753229076, 0.4793212382645627989, -0.02058335873755761172 ) ) ;
#6780 = CARTESIAN_POINT ( 'NONE',  ( -0.1387701624492301555, 0.4803569942579404284, -0.2200233311589092078 ) ) ;
#6781 = EDGE_CURVE ( 'NONE', #5441, #2361, #4245, .T. ) ;
#6782 = ORIENTED_EDGE ( 'NONE', *, *, #250, .T. ) ;
#6783 = CARTESIAN_POINT ( 'NONE',  ( 0.4401327251619459591, 0.2376211185150250427, -0.02118329017926860736 ) ) ;
#6784 = CARTESIAN_POINT ( 'NONE',  ( 0.1387701847351652806, 0.4803569880037962814, -0.07461952677614781815 ) ) ;
#6785 = ORIENTED_EDGE ( 'NONE', *, *, #1091, .T. ) ;
#6786 = CARTESIAN_POINT ( 'NONE',  ( -0.4636155205230354515, -0.1872451538648494118, -0.05815505392818900304 ) ) ;
#6787 = CARTESIAN_POINT ( 'NONE',  ( 0.4144198869482170200, -0.2005262192798798748, -0.4999999999999975575 ) ) ;
#6788 = CARTESIAN_POINT ( 'NONE',  ( -0.4759694932300180814, 0.1546518630200044986, -0.2086607138500023439 ) ) ;
#6789 = CARTESIAN_POINT ( 'NONE',  ( -0.1404050990000242916, 0.4798816610000091187, -0.1396268509999990803 ) ) ;
#6790 = ORIENTED_EDGE ( 'NONE', *, *, #3364, .F. ) ;
#6791 = B_SPLINE_CURVE_WITH_KNOTS ( 'NONE', 3,
 ( #3200, #5555, #5513, #6681 ),
 .UNSPECIFIED., .F., .F.,
 ( 4, 4 ),
 ( 1.538589348349987823E-13, 0.008102429304002171928 ),
 .UNSPECIFIED. ) ;
#6792 = EDGE_CURVE ( 'NONE', #3508, #1183, #7175, .T. ) ;
#6793 = CARTESIAN_POINT ( 'NONE',  ( -0.03189824499998421964, -0.4536057820000015672, -0.5097015260000002934 ) ) ;
#6794 = DIRECTION ( 'NONE',  ( 1.000000000000000000, -8.326672684688663206E-16, 0.000000000000000000 ) ) ;
#6795 = CARTESIAN_POINT ( 'NONE',  ( -0.4017159225154490199, 0.2288274995661176425, -0.03768276021335670301 ) ) ;
#6796 = CARTESIAN_POINT ( 'NONE',  ( -0.4314047349999962089, -0.1401718949999992692, -0.08571428599999847409 ) ) ;
#6797 = CARTESIAN_POINT ( 'NONE',  ( 0.7500000000000004441, -0.2193362195079344712, -0.4818633552440759193 ) ) ;
#6798 = CARTESIAN_POINT ( 'NONE',  ( 0.3218282710789229228, 0.3196656399984953434, -0.1250162281592194502 ) ) ;
#6799 = CARTESIAN_POINT ( 'NONE',  ( 0.4769493439999838991, 3.446921961238886775E-15, -0.4106250002900034834 ) ) ;
#6800 = CARTESIAN_POINT ( 'NONE',  ( 0.4365652529999788922, 0.2744242960000076170, -0.09187103099999623101 ) ) ;
#6801 = EDGE_CURVE ( 'NONE', #3765, #459, #1253, .T. ) ;
#6802 = LINE ( 'NONE', #2266, #7102 ) ;
#6803 = CARTESIAN_POINT ( 'NONE',  ( 0.4755282579999851045, 0.1545084970000039915, -0.01428571400000100064 ) ) ;
#6804 = CARTESIAN_POINT ( 'NONE',  ( -0.4382192473525042264, -0.2407852224339530334, -0.1193081609353700140 ) ) ;
#6805 = ORIENTED_EDGE ( 'NONE', *, *, #1430, .F. ) ;
#6806 = CARTESIAN_POINT ( 'NONE',  ( 0.08400907388796367836, 0.4934488070849328278, -0.1447526264803802309 ) ) ;
#6807 = CARTESIAN_POINT ( 'NONE',  ( -1.748382715945128460E-14, 0.4531418398199995035, -0.4729464288600034316 ) ) ;
#6808 = CARTESIAN_POINT ( 'NONE',  ( -0.1147994959999973641, 0.4388385590000067338, -0.1756733509999968135 ) ) ;
#6809 = CARTESIAN_POINT ( 'NONE',  ( -0.6876513914492718982, 0.4690096879393401141, -0.4527923936208456679 ) ) ;
#6810 = ORIENTED_EDGE ( 'NONE', *, *, #4975, .T. ) ;
#6811 = EDGE_LOOP ( 'NONE', ( #4249, #3807, #5168 ) ) ;
#6812 = CARTESIAN_POINT ( 'NONE',  ( -0.4853864438592299657, -0.1200000000720790744, 0.000000000000000000 ) ) ;
#6813 = CARTESIAN_POINT ( 'NONE',  ( 0.1473854529999880369, -0.4536057819999951279, -0.4339285709999964880 ) ) ;
#6814 = CARTESIAN_POINT ( 'NONE',  ( 0.4314047349999962089, 0.1401718950000036545, -0.3357142860000015272 ) ) ;
#6815 = DIRECTION ( 'NONE',  ( 1.000000000000000000, -8.326672684688663206E-16, 0.000000000000000000 ) ) ;
#6816 = CARTESIAN_POINT ( 'NONE',  ( -0.7500000000000175415, 0.2548189550164319250, -0.02428584449115139474 ) ) ;
#6817 = B_SPLINE_CURVE_WITH_KNOTS ( 'NONE', 3,
 ( #60, #6328, #6820, #7357, #5202, #4047, #2880, #2318, #7395, #2916, #4014, #6178, #3893, #6783, #6903, #20, #1181, #6748, #3932, #2245, #1680, #3973, #6213, #1757, #5690, #1605, #2211 ),
 .UNSPECIFIED., .F., .F.,
 ( 4, 2, 2, 1, 1, 1, 1, 2, 2, 2, 2, 1, 1, 1, 2, 2, 4 ),
 ( 0.000000000000000000, 0.2499999999999962808, 0.3749999999999944489, 0.4374999999999934497, 0.4687499999999929501, 0.4843749999999925060, 0.4921874999999924505, 0.4960937499999924505, 0.4999999999999924505, 0.6249999999999922284, 0.6874999999999922284, 0.7187499999999920064, 0.7343749999999921174, 0.7421874999999920064, 0.7460937499999920064, 0.7499999999999920064, 1.000000000000000000 ),
 .UNSPECIFIED. ) ;
#6818 = CARTESIAN_POINT ( 'NONE',  ( -0.3858601250000029403, -0.2803437909999825228, -0.4392857139999963301 ) ) ;
#6819 = ORIENTED_EDGE ( 'NONE', *, *, #1047, .T. ) ;
#6820 = CARTESIAN_POINT ( 'NONE',  ( 0.3794417734555642907, 0.3264655907627169729, -0.01868954797471527457 ) ) ;
#6821 = EDGE_CURVE ( 'NONE', #1200, #6562, #5210, .T. ) ;
#6822 = CARTESIAN_POINT ( 'NONE',  ( 0.05834953799997281282, 0.4536057820000012897, -0.1085567770000010202 ) ) ;
#6823 = AXIS2_PLACEMENT_3D ( 'NONE', #5988, #5494, #2511 ) ;
#6824 = ORIENTED_EDGE ( 'NONE', *, *, #54, .F. ) ;
#6825 = CARTESIAN_POINT ( 'NONE',  ( -0.5146382020000027646, 0.2583905610000035158, -0.2410000000000021569 ) ) ;
#6826 = CARTESIAN_POINT ( 'NONE',  ( -0.1373799342758407482, 0.7867090619448660060, -0.02806717960427380920 ) ) ;
#6827 = CARTESIAN_POINT ( 'NONE',  ( -0.4999999999465142841, -1.017763301457830294E-08, -0.2767857140652613124 ) ) ;
#6828 = ORIENTED_EDGE ( 'NONE', *, *, #4603, .T. ) ;
#6829 = CARTESIAN_POINT ( 'NONE',  ( -0.3382477271590892953, -0.3458622492939280590, -0.06279983117361484513 ) ) ;
#6830 = ORIENTED_EDGE ( 'NONE', *, *, #2646, .T. ) ;
#6831 = CARTESIAN_POINT ( 'NONE',  ( -0.2666227890000034129, -0.3669747859999954454, -0.4446428569999993363 ) ) ;
#6832 = CARTESIAN_POINT ( 'NONE',  ( -0.4741245875643776975, -0.5922894456721540246, -0.4949882537176144015 ) ) ;
#6833 = CARTESIAN_POINT ( 'NONE',  ( 0.4638502392296303123, -0.1866629424452800057, -0.1650454115328748306 ) ) ;
#6834 = EDGE_CURVE ( 'NONE', #5042, #4920, #6283, .T. ) ;
#6835 = DIRECTION ( 'NONE',  ( 8.326672684688663206E-16, 1.000000000000000000, -0.000000000000000000 ) ) ;
#6836 = B_SPLINE_CURVE_WITH_KNOTS ( 'NONE', 3,
 ( #4237, #2986, #3551, #5832, #1867, #5276, #5756, #5918 ),
 .UNSPECIFIED., .F., .F.,
 ( 4, 2, 2, 4 ),
 ( 0.000000000000000000, 0.001541146186027676735, 0.003082292372055353471, 0.006164584744110706942 ),
 .UNSPECIFIED. ) ;
#6837 = AXIS2_PLACEMENT_3D ( 'NONE', #347, #1586, #5597 ) ;
#6838 = CARTESIAN_POINT ( 'NONE',  ( 0.1147995066395191277, 0.4388385563744751638, -0.1903980778966302967 ) ) ;
#6839 = CARTESIAN_POINT ( 'NONE',  ( 0.1147994959999703718, -0.4388385589999939662, -0.1488876369999979354 ) ) ;
#6840 = CARTESIAN_POINT ( 'NONE',  ( 0.2666227889999946421, 0.3669747859999997752, -0.3999107142900001355 ) ) ;
#6841 = CARTESIAN_POINT ( 'NONE',  ( 0.4870773511056655791, 0.1141360471911773422, -0.3009332001384515953 ) ) ;
#6842 = CARTESIAN_POINT ( 'NONE',  ( -0.4341673349600321252, -0.2479937428830703561, -0.1905469950900922083 ) ) ;
#6843 = CARTESIAN_POINT ( 'NONE',  ( -0.4467452729563582414, -0.2246130092698615244, -0.1197257217729243428 ) ) ;
#6844 = AXIS2_PLACEMENT_3D ( 'NONE', #1121, #1614, #6794 ) ;
#6845 = CARTESIAN_POINT ( 'NONE',  ( -0.1756866560968593227, -0.5442982138671370596, -0.2410000000000021569 ) ) ;
#6846 = CARTESIAN_POINT ( 'NONE',  ( -0.1472347090500106814, -0.4531418398199897335, -0.4408035718600034625 ) ) ;
#6847 = LINE ( 'NONE', #5082, #4088 ) ;
#6848 = DIRECTION ( 'NONE',  ( 1.000000000000000000, -8.326672684688662220E-16, 0.000000000000000000 ) ) ;
#6849 = ORIENTED_EDGE ( 'NONE', *, *, #540, .T. ) ;
#6850 = VERTEX_POINT ( 'NONE', #2456 ) ;
#6851 = CARTESIAN_POINT ( 'NONE',  ( 0.4346590749999867942, 0.1301560659999993763, -0.2020409070000005469 ) ) ;
#6852 = CARTESIAN_POINT ( 'NONE',  ( -0.2666227890000034129, -0.3669747859999954454, -0.3732142859999980633 ) ) ;
#6853 = CARTESIAN_POINT ( 'NONE',  ( 0.2666227890000034129, -0.3669747859999954454, -0.4214285710000038043 ) ) ;
#6854 = FACE_OUTER_BOUND ( 'NONE', #7146, .T. ) ;
#6855 = CARTESIAN_POINT ( 'NONE',  ( -0.7500000000000174305, 0.1848179573108583162, -0.01253491852524646691 ) ) ;
#6856 = CARTESIAN_POINT ( 'NONE',  ( -0.3226455930000037275, -0.3188385589999910841, -0.1607598030000033096 ) ) ;
#6857 = EDGE_CURVE ( 'NONE', #3508, #153, #6921, .T. ) ;
#6858 = VERTEX_POINT ( 'NONE', #5414 ) ;
#6859 = VERTEX_POINT ( 'NONE', #4292 ) ;
#6860 = CARTESIAN_POINT ( 'NONE',  ( -0.4059054247123767833, -0.2366031659662819753, -0.03017014945650851876 ) ) ;
#6861 = VECTOR ( 'NONE', #7422, 39.37007874015748143 ) ;
#6862 = CARTESIAN_POINT ( 'NONE',  ( -1.748382715945128460E-14, 0.4536057820000065077, -0.1160714289999988796 ) ) ;
#6863 = EDGE_LOOP ( 'NONE', ( #2661, #5337, #6330, #4304, #257 ) ) ;
#6864 = CARTESIAN_POINT ( 'NONE',  ( -0.4282116271971004307, -0.2581666160263355603, -0.05634448469774662460 ) ) ;
#6865 = CARTESIAN_POINT ( 'NONE',  ( 0.3358335376970683628, 0.3531674285160494309, -0.4999999999999974465 ) ) ;
#6866 = CARTESIAN_POINT ( 'NONE',  ( 0.2941653243700039777, -0.4048838341100040039, -0.2515178568500016087 ) ) ;
#6867 = VERTEX_POINT ( 'NONE', #1365 ) ;
#6868 = CARTESIAN_POINT ( 'NONE',  ( 0.000000000000000000, 0.000000000000000000, -0.4999999999999973910 ) ) ;
#6869 = B_SPLINE_CURVE_WITH_KNOTS ( 'NONE', 3,
 ( #686, #5942, #5261, #840 ),
 .UNSPECIFIED., .F., .F.,
 ( 4, 4 ),
 ( 0.000000000000000000, 1.000000000000000000 ),
 .UNSPECIFIED. ) ;
#6870 = ORIENTED_EDGE ( 'NONE', *, *, #6857, .F. ) ;
#6871 = CLOSED_SHELL ( 'NONE', ( #5925, #4370, #4154, #7299, #446, #6319, #2223, #2753, #7421, #6761, #1118, #295, #3214, #2483, #7085, #6130, #2254, #1389, #2860, #6115, #5699, #1376, #3601, #5605, #2077, #3235, #1577, #1541, #3432, #2375, #4632, #1647, #2728, #676, #1817, #786, #3056, #6343, #5855, #3823, #693, #4946, #5723, #2316, #1135, #7221, #6550, #7113, #1509, #3679, #6017, #4693, #3024, #6687, #1179, #1740, #2685, #1633, #7195, #75, #1725, #1604, #5399, #4892, #4827, #5166, #1465, #3038, #3301, #7249, #4320, #2048, #3911, #6447, #4560, #823, #1887, #2133, #2203, #5866, #7026, #6446, #5945, #3280, #5153, #7434, #5135, #5914, #2714, #3853, #2036, #303, #4469, #6585, #1668, #5671, #2980, #322, #580, #3108, #5107, #1278, #4083, #3803, #6721, #564, #3393, #1070, #6649, #5625, #453, #6247, #7045, #6710, #7367, #3455, #2597, #1788, #4657, #4559, #3945, #3786, #1622, #6524, #3338, #5043, #364, #1834, #2112, #1691, #5939, #6655, #277, #2527, #6974, #4209, #5501 ) ) ;
#6872 = EDGE_CURVE ( 'NONE', #1043, #2167, #2174, .T. ) ;
#6873 = VECTOR ( 'NONE', #299, 39.37007874015748143 ) ;
#6874 = CARTESIAN_POINT ( 'NONE',  ( 0.2666227889999946421, 0.3669747859999997752, -0.4090178567100027363 ) ) ;
#6875 = CARTESIAN_POINT ( 'NONE',  ( -0.1387701810276235626, 0.4803569890748730087, -0.06823761641760667240 ) ) ;
#6876 = CARTESIAN_POINT ( 'NONE',  ( -0.4220016377801849017, 0.1907332227122196244, -0.03700574587507115404 ) ) ;
#6877 = DIRECTION ( 'NONE',  ( 1.000000000000000000, -8.326672684688663206E-16, 0.000000000000000000 ) ) ;
#6878 = CARTESIAN_POINT ( 'NONE',  ( -0.3306411863208488233, -0.3326873403765164827, -0.2409999998931584841 ) ) ;
#6879 = CARTESIAN_POINT ( 'NONE',  ( -0.4857860370000177119, -0.1183719840000016510, -0.1311924299999987220 ) ) ;
#6880 = CARTESIAN_POINT ( 'NONE',  ( -0.4314047349999962089, -0.1401718949999992692, -0.4427678572899993448 ) ) ;
#6881 = EDGE_CURVE ( 'NONE', #5125, #4732, #2005, .T. ) ;
#6882 = B_SPLINE_CURVE_WITH_KNOTS ( 'NONE', 3,
 ( #561, #7330, #5736, #6876, #1615, #5138, #1771, #1730, #7369, #4024, #6795, #485, #6303, #4471, #601, #1154, #6758 ),
 .UNSPECIFIED., .F., .F.,
 ( 4, 2, 2, 2, 1, 1, 1, 2, 2, 4 ),
 ( 0.000000000000000000, 0.2499999999999839018, 0.3749999999999757971, 0.4374999999999715783, 0.4687499999999694134, 0.4843749999999685807, 0.4921874999999681366, 0.4960937499999681366, 0.4999999999999681366, 1.000000000000000000 ),
 .UNSPECIFIED. ) ;
#6883 = CARTESIAN_POINT ( 'NONE',  ( -0.03475505710647001922, -0.4760607578887625646, -0.02315444357046821805 ) ) ;
#6884 = FACE_OUTER_BOUND ( 'NONE', #1270, .T. ) ;
#6885 = CARTESIAN_POINT ( 'NONE',  ( -0.3981920379999959736, -0.2423900659999962681, -0.2259670199999979923 ) ) ;
#6886 = CARTESIAN_POINT ( 'NONE',  ( -0.2233818039416688439, -0.6269086332486508706, -0.2410000000000021569 ) ) ;
#6887 = CARTESIAN_POINT ( 'NONE',  ( 8.741913579725642299E-15, -0.4999999999999930056, -0.2500000000000030531 ) ) ;
#6888 = CARTESIAN_POINT ( 'NONE',  ( 0.3436323174092615340, -0.3551886308180194352, -0.02365199229250497179 ) ) ;
#6889 = ORIENTED_EDGE ( 'NONE', *, *, #5965, .F. ) ;
#6890 = CARTESIAN_POINT ( 'NONE',  ( 0.5434770159999865458, 0.1199999999999976225, 0.000000000000000000 ) ) ;
#6891 = ORIENTED_EDGE ( 'NONE', *, *, #3004, .T. ) ;
#6892 = EDGE_LOOP ( 'NONE', ( #3284, #2001, #7402, #5362 ) ) ;
#6893 = CARTESIAN_POINT ( 'NONE',  ( -0.06547988537411238152, 0.4967625087311034471, -0.4985374008888003305 ) ) ;
#6894 = CARTESIAN_POINT ( 'NONE',  ( -0.4314047349999962089, -0.1401718949999992692, -0.3803571430000029507 ) ) ;
#6895 = CARTESIAN_POINT ( 'NONE',  ( -0.4769493440000299178, 1.263871385787591778E-14, -0.4464285710000014951 ) ) ;
#6896 = LINE ( 'NONE', #740, #3361 ) ;
#6897 = B_SPLINE_CURVE_WITH_KNOTS ( 'NONE', 3,
 ( #5351, #4070, #5912, #7092, #3584, #773, #4759, #6928, #1374, #2504, #2983, #3546, #1942, #87 ),
 .UNSPECIFIED., .F., .F.,
 ( 4, 2, 2, 1, 1, 2, 2, 4 ),
 ( 0.000000000000000000, 0.2500000000000007772, 0.3750000000000012768, 0.4375000000000013323, 0.4687500000000012212, 0.4843750000000013323, 0.5000000000000014433, 1.000000000000000000 ),
 .UNSPECIFIED. ) ;
#6898 = CARTESIAN_POINT ( 'NONE',  ( 0.3378133355142401983, -0.3451098475876781535, -0.01707282494524671457 ) ) ;
#6899 = CARTESIAN_POINT ( 'NONE',  ( 0.3226455917513633698, 0.3188385602653656115, -0.05361694557908439768 ) ) ;
#6900 = CARTESIAN_POINT ( 'NONE',  ( -0.3210109491578153618, -0.3204927209969695157, -0.1607012253184356421 ) ) ;
#6901 = ORIENTED_EDGE ( 'NONE', *, *, #1409, .F. ) ;
#6902 = ORIENTED_EDGE ( 'NONE', *, *, #1317, .T. ) ;
#6903 = CARTESIAN_POINT ( 'NONE',  ( 0.4459337041732940321, 0.2264516799863432739, -0.02147297278584989894 ) ) ;
#6904 = CARTESIAN_POINT ( 'NONE',  ( -0.4789230487500008571, 0.5895190528142506547, -0.2527537684999960899 ) ) ;
#6905 = CARTESIAN_POINT ( 'NONE',  ( -0.4798280535986004236, -0.1424830611450781936, -0.05920653652919439375 ) ) ;
#6906 = EDGE_CURVE ( 'NONE', #2570, #4181, #4857, .T. ) ;
#6907 = CARTESIAN_POINT ( 'NONE',  ( 0.4198247705084651726, -0.1901650440262360742, -0.4999999999999976130 ) ) ;
#6908 = CARTESIAN_POINT ( 'NONE',  ( -0.4257200567900149002, 0.3093037260300121050, -0.2122321428600015270 ) ) ;
#6909 = ORIENTED_EDGE ( 'NONE', *, *, #755, .F. ) ;
#6910 = CARTESIAN_POINT ( 'NONE',  ( 0.1365748006603505205, 0.4765544930402081936, -0.2288418039144844429 ) ) ;
#6911 = EDGE_LOOP ( 'NONE', ( #2034, #7165, #4825, #1663 ) ) ;
#6912 = CARTESIAN_POINT ( 'NONE',  ( 0.1473854529999880369, -0.4536057819999951279, -0.5054464287199983419 ) ) ;
#6913 = CARTESIAN_POINT ( 'NONE',  ( -0.4409774592643396773, -0.1200053102758780188, -0.2400046455558729475 ) ) ;
#6914 = CARTESIAN_POINT ( 'NONE',  ( 0.2289841000952508587, -0.4381225874557175826, -0.2410000000000020459 ) ) ;
#6915 = CARTESIAN_POINT ( 'NONE',  ( -0.4380528171721392861, -0.1177845984271522900, -0.09521326091005623271 ) ) ;
#6916 = FACE_OUTER_BOUND ( 'NONE', #3798, .T. ) ;
#6917 =( BOUNDED_CURVE ( )  B_SPLINE_CURVE ( 2, ( #4886, #3446, #591, #1040, #7398 ),
 .UNSPECIFIED., .F., .T. ) 
 B_SPLINE_CURVE_WITH_KNOTS ( ( 3, 2, 3 ),
 ( 0.000000000000000000, 0.9080264033318549144, 1.000000000000000000 ),
 .UNSPECIFIED. ) 
 CURVE ( )  GEOMETRIC_REPRESENTATION_ITEM ( )  RATIONAL_B_SPLINE_CURVE ( ( 0.9811209779318870172, 0.9638293866287261924, 1.000000000000000000, 0.9963362953524198540, 0.9932210899422718731 ) ) 
 REPRESENTATION_ITEM ( '' )  );
#6918 = CARTESIAN_POINT ( 'NONE',  ( -0.4629487028754613598, -0.1199999999702637821, -0.02175947749032686521 ) ) ;
#6919 = FACE_OUTER_BOUND ( 'NONE', #3793, .T. ) ;
#6920 = CARTESIAN_POINT ( 'NONE',  ( -0.4314047350000136949, 0.1401718949999970765, -0.3071428570000033220 ) ) ;
#6921 = B_SPLINE_CURVE_WITH_KNOTS ( 'NONE', 3,
 ( #6545, #5937, #4749, #3728 ),
 .UNSPECIFIED., .F., .F.,
 ( 4, 4 ),
 ( 0.000000000000000000, 1.000000000000000000 ),
 .UNSPECIFIED. ) ;
#6922 = CARTESIAN_POINT ( 'NONE',  ( 0.4755282579999851045, 0.1545084970000039915, -0.09464285699999676338 ) ) ;
#6923 = EDGE_CURVE ( 'NONE', #2490, #1971, #1172, .T. ) ;
#6924 = DIRECTION ( 'NONE',  ( -0.4999999998193578876, -0.8660254038887323924, -1.232595164407830946E-32 ) ) ;
#6925 = CARTESIAN_POINT ( 'NONE',  ( 0.2938926260000032653, 0.4045084970000005220, -0.4446428569999993363 ) ) ;
#6926 = CARTESIAN_POINT ( 'NONE',  ( 0.3133492190000257693, 0.3279793780000088699, -0.1872178749999964531 ) ) ;
#6927 = CARTESIAN_POINT ( 'NONE',  ( -0.4314047350000136949, 0.1401718949999970765, -0.4589285710000003404 ) ) ;
#6928 = CARTESIAN_POINT ( 'NONE',  ( 0.4382192489746313258, -0.2407852194994448969, -0.03247755322049662718 ) ) ;
#6929 = VERTEX_POINT ( 'NONE', #974 ) ;
#6930 = CARTESIAN_POINT ( 'NONE',  ( 0.4368424285678202401, 0.2735712379378467674, -0.2347478915062190530 ) ) ;
#6931 = EDGE_LOOP ( 'NONE', ( #88, #619, #6028, #4364, #1119 ) ) ;
#6932 = CARTESIAN_POINT ( 'NONE',  ( -0.4747646277616825450, -0.08150600682804741426, -0.4999999999999976130 ) ) ;
#6933 = EDGE_CURVE ( 'NONE', #1720, #2615, #4000, .T. ) ;
#6934 = LINE ( 'NONE', #698, #501 ) ;
#6935 = CARTESIAN_POINT ( 'NONE',  ( 0.1404050989999973964, -0.4798816610000000704, -0.1039125660000028012 ) ) ;
#6936 = CARTESIAN_POINT ( 'NONE',  ( 0.4632616756551138359, -0.1881204822013571032, -0.09365145925172278785 ) ) ;
#6937 = CARTESIAN_POINT ( 'NONE',  ( -0.3466162702886509961, 0.3603569912894709071, -0.2068658985000028372 ) ) ;
#6938 = CARTESIAN_POINT ( 'NONE',  ( -0.5937225440000042376, 0.1200000000000052830, 0.000000000000000000 ) ) ;
#6939 = CARTESIAN_POINT ( 'NONE',  ( -0.3210109491578153618, -0.3204927209969695157, -0.1517726532967988429 ) ) ;
#6940 = ORIENTED_EDGE ( 'NONE', *, *, #1977, .F. ) ;
#6941 = ORIENTED_EDGE ( 'NONE', *, *, #3335, .T. ) ;
#6942 = FACE_OUTER_BOUND ( 'NONE', #4601, .T. ) ;
#6943 = CARTESIAN_POINT ( 'NONE',  ( 0.4686285202293727914, -0.1200000048517770312, -0.08275732206903241295 ) ) ;
#6944 = CARTESIAN_POINT ( 'NONE',  ( 0.3981920380000141813, -0.2423900659999962681, -0.06867583700000304270 ) ) ;
#6945 = CARTESIAN_POINT ( 'NONE',  ( -0.4374450905939697987, -0.1199999914536799966, -0.2290853871190881574 ) ) ;
#6946 = CARTESIAN_POINT ( 'NONE',  ( -0.1624598480000327694, 0.5000000000000104361, -0.2910714289999993265 ) ) ;
#6947 = ORIENTED_EDGE ( 'NONE', *, *, #2010, .F. ) ;
#6948 = CARTESIAN_POINT ( 'NONE',  ( 0.000000000000000000, 0.4715608340000024268, -0.02534793199999788721 ) ) ;
#6949 = ORIENTED_EDGE ( 'NONE', *, *, #1359, .T. ) ;
#6950 = FACE_OUTER_BOUND ( 'NONE', #4646, .T. ) ;
#6951 = EDGE_CURVE ( 'NONE', #2361, #2613, #4779, .T. ) ;
#6952 = CARTESIAN_POINT ( 'NONE',  ( 0.03748413626344476030, -0.4991434555692782493, -0.04381102515570101802 ) ) ;
#6953 = CARTESIAN_POINT ( 'NONE',  ( 0.5576896528814929699, -0.5440431327044554788, -0.4832006733485322836 ) ) ;
#6954 = CARTESIAN_POINT ( 'NONE',  ( 0.4374450873210148361, -0.1200000033847212350, -0.1369860420855008032 ) ) ;
#6955 = CARTESIAN_POINT ( 'NONE',  ( 0.4281958769999809067, 0.2691633180000063130, -0.005979707999999549217 ) ) ;
#6956 = CARTESIAN_POINT ( 'NONE',  ( 0.4374450873210148361, -0.1200000033847212350, -0.1369860420855008032 ) ) ;
#6957 = ORIENTED_EDGE ( 'NONE', *, *, #3759, .T. ) ;
#6958 = CARTESIAN_POINT ( 'NONE',  ( -0.4401327263595216643, 0.2376211164216207594, -0.1306024237659599574 ) ) ;
#6959 = AXIS2_PLACEMENT_3D ( 'NONE', #261, #4885, #1569 ) ;
#6960 = LINE ( 'NONE', #3538, #391 ) ;
#6961 = EDGE_CURVE ( 'NONE', #1163, #6334, #3244, .T. ) ;
#6962 = CARTESIAN_POINT ( 'NONE',  ( 0.4314047349999962089, 0.1401718950000036545, -0.3357142860000015272 ) ) ;
#6963 = APPLICATION_CONTEXT ( 'configuration controlled 3d designs of mechanical parts and assemblies' ) ;
#6964 = CARTESIAN_POINT ( 'NONE',  ( -0.4564747961756428496, -0.2093665246733845686, 1.922090001951578964E-48 ) ) ;
#6965 = AXIS2_PLACEMENT_3D ( 'NONE', #7232, #3349, #2088 ) ;
#6966 = CARTESIAN_POINT ( 'NONE',  ( -0.4099251757005998309, -0.2901460251461285833, -0.1894293710696804689 ) ) ;
#6967 =( BOUNDED_CURVE ( )  B_SPLINE_CURVE ( 2, ( #4978, #6101, #6637, #2594, #3787 ),
 .UNSPECIFIED., .F., .T. ) 
 B_SPLINE_CURVE_WITH_KNOTS ( ( 3, 2, 3 ),
 ( 0.000000000000000000, 0.09197363378952844171, 1.000000000000000000 ),
 .UNSPECIFIED. ) 
 CURVE ( )  GEOMETRIC_REPRESENTATION_ITEM ( )  RATIONAL_B_SPLINE_CURVE ( ( 0.9932210899422718731, 0.9963362953524198540, 1.000000000000000000, 0.9638293866287261924, 0.9811209779318870172 ) ) 
 REPRESENTATION_ITEM ( '' )  );
#6968 = CARTESIAN_POINT ( 'NONE',  ( -0.3542420347427417404, 0.3528634025629609483, -4.943552129334850712E-11 ) ) ;
#6969 = B_SPLINE_CURVE_WITH_KNOTS ( 'NONE', 3,
 ( #6277, #1741, #6806, #6736, #4032, #6312, #1164, #3354, #6770, #2827 ),
 .UNSPECIFIED., .F., .F.,
 ( 4, 2, 2, 2, 4 ),
 ( 0.000000000000000000, 0.2499999999999998890, 0.4999999999999998890, 0.7499999999999998890, 1.000000000000000000 ),
 .UNSPECIFIED. ) ;
#6970 = CARTESIAN_POINT ( 'NONE',  ( -0.1147995110840740879, -0.4388385552117798905, -0.08325522101948479303 ) ) ;
#6971 = CARTESIAN_POINT ( 'NONE',  ( 0.4314047349999962089, 0.1401718950000036545, -0.3446428569999998581 ) ) ;
#6972 = AXIS2_PLACEMENT_3D ( 'NONE', #5720, #5759, #5122 ) ;
#6973 = CARTESIAN_POINT ( 'NONE',  ( -0.3393323925880075143, 0.3477409446717232844, -0.01414101653261226089 ) ) ;
#6974 = ADVANCED_FACE ( 'NONE', ( #4365 ), #3721, .T. ) ;
#6975 = AXIS2_PLACEMENT_3D ( 'NONE', #4280, #1458, #3713 ) ;
#6976 = VERTEX_POINT ( 'NONE', #4888 ) ;
#6977 = CARTESIAN_POINT ( 'NONE',  ( -0.4424686857684754782, 0.6105659891000229100, -0.4977249164980681595 ) ) ;
#6978 = ORIENTED_EDGE ( 'NONE', *, *, #630, .T. ) ;
#6979 = CARTESIAN_POINT ( 'NONE',  ( 0.7403377607742939182, 0.1200000000350155416, 1.411819043125691238E-11 ) ) ;
#6980 = FACE_OUTER_BOUND ( 'NONE', #115, .T. ) ;
#6981 = APPROVAL ( #1993, 'UNSPECIFIED' ) ;
#6982 = CARTESIAN_POINT ( 'NONE',  ( 0.3858601249999938365, -0.2803437909999871303, -0.4892857139999979843 ) ) ;
#6983 = CARTESIAN_POINT ( 'NONE',  ( -0.1404050990000242916, -0.4798816609999922989, -0.1907302910000023555 ) ) ;
#6984 = CARTESIAN_POINT ( 'NONE',  ( 0.08358683280275934491, 0.4923006664875131944, -0.001198199062068565400 ) ) ;
#6985 = CARTESIAN_POINT ( 'NONE',  ( -0.3981920392438253464, 0.2423900605328960234, -0.09546155127198216461 ) ) ;
#6986 = CARTESIAN_POINT ( 'NONE',  ( -0.2666227890000034129, -0.3669747859999954454, -0.2928571430000023179 ) ) ;
#6987 = EDGE_CURVE ( 'NONE', #2101, #2078, #3766, .T. ) ;
#6988 = ORIENTED_EDGE ( 'NONE', *, *, #5247, .T. ) ;
#6989 = ORIENTED_EDGE ( 'NONE', *, *, #3768, .T. ) ;
#6990 = CARTESIAN_POINT ( 'NONE',  ( -0.4262605061634985870, -0.1959837819917292778, -0.03087247697893058876 ) ) ;
#6991 = B_SPLINE_CURVE_WITH_KNOTS ( 'NONE', 3,
 ( #5647, #6206, #2130, #2274 ),
 .UNSPECIFIED., .F., .F.,
 ( 4, 4 ),
 ( 0.000000000000000000, 1.000000000000000000 ),
 .UNSPECIFIED. ) ;
#6992 = CARTESIAN_POINT ( 'NONE',  ( -0.4755282580000375625, -0.1545084969999974134, -0.1928571430000028397 ) ) ;
#6993 = CARTESIAN_POINT ( 'NONE',  ( -0.4314047349999962089, -0.1401718949999992692, -0.2375000000000042355 ) ) ;
#6994 = CARTESIAN_POINT ( 'NONE',  ( -0.3463231464609908272, 0.3598492641989864405, -0.0005691090715922232949 ) ) ;
#6995 = CARTESIAN_POINT ( 'NONE',  ( 0.1626105919499825914, 0.5004639421800101129, -0.4408035718600034625 ) ) ;
#6996 = CARTESIAN_POINT ( 'NONE',  ( 0.4368424287958270757, -0.2735712366165974352, -0.1045378227222512751 ) ) ;
#6997 = VERTEX_POINT ( 'NONE', #2144 ) ;
#6998 = CARTESIAN_POINT ( 'NONE',  ( 0.3858601249999938365, -0.2803437909999871303, -0.4983035717200023917 ) ) ;
#6999 = AXIS2_PLACEMENT_3D ( 'NONE', #504, #4118, #133 ) ;
#7000 = CARTESIAN_POINT ( 'NONE',  ( 0.3133492190000168875, -0.3279793779999911063, -0.2056392679999970163 ) ) ;
#7001 = CARTESIAN_POINT ( 'NONE',  ( 0.4853864419771484195, 0.1200000081584627759, -0.2293690846245495518 ) ) ;
#7002 = CARTESIAN_POINT ( 'NONE',  ( -0.1133777515174793082, -0.4872478096925858537, -0.4668692358416898225 ) ) ;
#7003 = CARTESIAN_POINT ( 'NONE',  ( 0.1147995021949641675, -0.4388385575371617220, -0.1399590647775399432 ) ) ;
#7004 = CARTESIAN_POINT ( 'NONE',  ( -0.1260946151289027983, -0.4584022871268874089, -0.02457123681965697748 ) ) ;
#7005 = ORIENTED_EDGE ( 'NONE', *, *, #4807, .T. ) ;
#7006 = CARTESIAN_POINT ( 'NONE',  ( -0.3800684755765828537, -0.4182979098240317550, -0.2410000000000021569 ) ) ;
#7007 = CARTESIAN_POINT ( 'NONE',  ( -0.1992690638152722349, -0.7509773563364545712, -0.4844438382465480197 ) ) ;
#7008 = CARTESIAN_POINT ( 'NONE',  ( 0.4769493439999838991, 3.446921961238886775E-15, -0.4820535712800013139 ) ) ;
#7009 = CARTESIAN_POINT ( 'NONE',  ( 0.4810769842153811426, -0.1374312725474020891, -0.02103383498037633345 ) ) ;
#7010 = CARTESIAN_POINT ( 'NONE',  ( 0.4314047349999962089, 0.1401718950000014619, -0.05892857100000239989 ) ) ;
#7011 = EDGE_CURVE ( 'NONE', #4898, #1982, #3868, .T. ) ;
#7012 = CARTESIAN_POINT ( 'NONE',  ( 0.000000000000000000, 0.000000000000000000, -0.4999999999999973910 ) ) ;
#7013 = FACE_OUTER_BOUND ( 'NONE', #1308, .T. ) ;
#7014 = CARTESIAN_POINT ( 'NONE',  ( 0.4769493439999838991, 3.446921961238886775E-15, -0.4196428570000046987 ) ) ;
#7015 = CARTESIAN_POINT ( 'NONE',  ( -0.3327008325957949708, 0.3362547610332315973, -0.04700677592319321002 ) ) ;
#7016 = VERTEX_POINT ( 'NONE', #1507 ) ;
#7017 = ORIENTED_EDGE ( 'NONE', *, *, #1712, .F. ) ;
#7018 = DIRECTION ( 'NONE',  ( 6.162975822039154730E-33, 0.000000000000000000, -1.000000000000000000 ) ) ;
#7019 = CARTESIAN_POINT ( 'NONE',  ( 0.5093450873679666868, 0.5523924674344650176, 2.218911989507537147E-48 ) ) ;
#7020 = CARTESIAN_POINT ( 'NONE',  ( 0.000000000000000000, 0.000000000000000000, -0.2026753329999984587 ) ) ;
#7021 = CARTESIAN_POINT ( 'NONE',  ( -0.7500000000000170974, 0.3574369297867615036, -0.4533756684493988609 ) ) ;
#7022 = CARTESIAN_POINT ( 'NONE',  ( -0.07164390600000487830, -0.4999999999999935052, -0.1890749800000043612 ) ) ;
#7023 = CARTESIAN_POINT ( 'NONE',  ( 0.08400907874793872576, 0.4934488062575279055, -0.01082405479174607110 ) ) ;
#7024 = CARTESIAN_POINT ( 'NONE',  ( 0.2662458321566782415, -0.7011513081571266737, -1.260583938196437646E-11 ) ) ;
#7025 = CARTESIAN_POINT ( 'NONE',  ( 0.4686285188344775365, -0.1200000103885763419, -0.2256144650671909335 ) ) ;
#7026 = ADVANCED_FACE ( 'NONE', ( #7256 ), #6335, .T. ) ;
#7027 = ORIENTED_EDGE ( 'NONE', *, *, #2870, .F. ) ;
#7028 = ORIENTED_EDGE ( 'NONE', *, *, #7057, .T. ) ;
#7029 = CARTESIAN_POINT ( 'NONE',  ( -0.4330106989640033488, -0.1798127461148406880, -0.03113878239266648640 ) ) ;
#7030 = B_SPLINE_CURVE_WITH_KNOTS ( 'NONE', 3,
 ( #5206, #2359, #6751, #5619, #2778, #2846, #5058, #6826, #516, #5098, #5131, #7432, #2286 ),
 .UNSPECIFIED., .F., .F.,
 ( 4, 1, 1, 1, 1, 1, 2, 2, 4 ),
 ( 0.000000000000000000, 0.2499999999999940603, 0.3749999999999908962, 0.4374999999999895084, 0.4687499999999883982, 0.4843749999999879541, 0.4921874999999876765, 0.4999999999999874545, 1.000000000000000000 ),
 .UNSPECIFIED. ) ;
#7031 = CARTESIAN_POINT ( 'NONE',  ( -0.4813363460000180671, -0.1366330389999919903, -0.1932703299999970481 ) ) ;
#7032 = ORIENTED_EDGE ( 'NONE', *, *, #2588, .F. ) ;
#7033 = CARTESIAN_POINT ( 'NONE',  ( -0.4857860370000177119, -0.1183719840000016510, -0.2026210019999956369 ) ) ;
#7034 = CARTESIAN_POINT ( 'NONE',  ( -0.4755282580000025905, 0.1545084969999996061, -0.1285714289999977111 ) ) ;
#7035 = CARTESIAN_POINT ( 'NONE',  ( 0.2941653243700039777, -0.4048838341100040039, -0.3943749998600010742 ) ) ;
#7036 = ORIENTED_EDGE ( 'NONE', *, *, #901, .F. ) ;
#7037 = CARTESIAN_POINT ( 'NONE',  ( -0.4755282580000025905, 0.1545084969999996061, -0.1999999999999989564 ) ) ;
#7038 = VERTEX_POINT ( 'NONE', #3527 ) ;
#7039 = CARTESIAN_POINT ( 'NONE',  ( -0.4314047350000136949, 0.1401718949999970765, -0.4590178567099981177 ) ) ;
#7040 = CARTESIAN_POINT ( 'NONE',  ( 0.7403377607742939182, 0.1200000000350155416, 1.411819043125691238E-11 ) ) ;
#7041 = CARTESIAN_POINT ( 'NONE',  ( 0.3580363782147156226, 0.2803884456613927600, -0.04548757977191317248 ) ) ;
#7042 = CARTESIAN_POINT ( 'NONE',  ( -0.4485561056882763076, -0.2215065675334045026, -0.4769520910335409147 ) ) ;
#7043 = CARTESIAN_POINT ( 'NONE',  ( 0.4686285247197808368, 0.1199999873162855141, -0.03331410700001828651 ) ) ;
#7044 = CARTESIAN_POINT ( 'NONE',  ( -0.1387701773939510330, -0.4803569901245954288, -0.03890524065325088460 ) ) ;
#7045 = ADVANCED_FACE ( 'NONE', ( #3412 ), #1736, .T. ) ;
#7046 = ORIENTED_EDGE ( 'NONE', *, *, #4910, .F. ) ;
#7047 = CARTESIAN_POINT ( 'NONE',  ( 0.2710769514366044852, 0.7095190530209944946, -0.2410000000405034537 ) ) ;
#7048 = CARTESIAN_POINT ( 'NONE',  ( -0.09616747004083156525, -0.8105030892708237067, -0.4617864533986886233 ) ) ;
#7049 = CARTESIAN_POINT ( 'NONE',  ( -0.03189824499998421964, -0.4536057820000015672, -0.5006836692900006325 ) ) ;
#7050 = DIRECTION ( 'NONE',  ( -6.162975822039154730E-33, 0.000000000000000000, 1.000000000000000000 ) ) ;
#7051 = CARTESIAN_POINT ( 'NONE',  ( 0.3466162668140900238, -0.3603569946003832292, -0.1073865963941578183 ) ) ;
#7052 = CARTESIAN_POINT ( 'NONE',  ( 0.4853864441742185565, -0.1200000000892044866, -0.2409999999292713191 ) ) ;
#7053 = FACE_OUTER_BOUND ( 'NONE', #431, .T. ) ;
#7054 = CARTESIAN_POINT ( 'NONE',  ( 0.3863138519999883558, -0.2789473629999985604, -0.4981787060000024692 ) ) ;
#7055 = CARTESIAN_POINT ( 'NONE',  ( 0.4853864409698701587, 0.1200000122326906199, -0.1668690843965225101 ) ) ;
#7056 = VERTEX_POINT ( 'NONE', #6298 ) ;
#7057 = EDGE_CURVE ( 'NONE', #5415, #2535, #2886, .T. ) ;
#7058 = ORIENTED_EDGE ( 'NONE', *, *, #7179, .F. ) ;
#7059 = CARTESIAN_POINT ( 'NONE',  ( -0.4314047350000136949, 0.1401718949999970765, -0.1732142859999991069 ) ) ;
#7060 = CARTESIAN_POINT ( 'NONE',  ( -0.1762407540450947330, 0.4681956801661072975, -0.4958984457003279833 ) ) ;
#7061 = DIRECTION ( 'NONE',  ( -6.162975822039154730E-33, 0.000000000000000000, 1.000000000000000000 ) ) ;
#7062 = CARTESIAN_POINT ( 'NONE',  ( -0.7500000000000174305, 0.3347467122269666695, -0.4588295603835849112 ) ) ;
#7063 = CARTESIAN_POINT ( 'NONE',  ( 0.4308418518773720618, -0.2537303655452551321, -0.1667498088116066701 ) ) ;
#7064 = CARTESIAN_POINT ( 'NONE',  ( 0.1224062281110930017, 0.4520138372647902747, -0.1016727211253857510 ) ) ;
#7065 = CARTESIAN_POINT ( 'NONE',  ( 0.03748364516208323866, 0.4991434924492351710, -0.0008318206545570051022 ) ) ;
#7066 = CARTESIAN_POINT ( 'NONE',  ( -0.3858601250000029403, 0.2803437910000101119, -0.3821428569999988367 ) ) ;
#7067 =( BOUNDED_SURFACE ( )  B_SPLINE_SURFACE ( 1, 2, ( 
 ( #908, #972, #1505, #4395, #6008 ),
 ( #2041, #4427, #3827, #4989, #3795 ),
 ( #298, #2602, #6645, #2742, #6075 ) ),
 .UNSPECIFIED., .F., .F., .T. ) 
 B_SPLINE_SURFACE_WITH_KNOTS ( ( 2, 1, 2 ),
 ( 3, 2, 3 ),
 ( 0.000000000000000000, 1.000000000000000000, 1.010000000000000009 ),
 ( 0.2470860026297910239, 0.2500000000000000000, 0.2529139973702090871 ),
 .UNSPECIFIED. ) 
 GEOMETRIC_REPRESENTATION_ITEM ( )  RATIONAL_B_SPLINE_SURFACE ( (
 ( 0.9763575006785250032, 0.9800330344073259203, 1.000000000000000000, 0.9800330344073259203, 0.9763575006785250032),
 ( 0.9763575006785250032, 0.9800330344073259203, 1.000000000000000000, 0.9800330344073259203, 0.9763575006785250032),
 ( 0.9763575006785250032, 0.9800330344073259203, 1.000000000000000000, 0.9800330344073259203, 0.9763575006785250032) ) ) 
 REPRESENTATION_ITEM ( '' )  SURFACE ( )  );
#7068 = VERTEX_POINT ( 'NONE', #1646 ) ;
#7069 = ORIENTED_EDGE ( 'NONE', *, *, #6099, .T. ) ;
#7070 = FACE_OUTER_BOUND ( 'NONE', #6236, .T. ) ;
#7071 = CARTESIAN_POINT ( 'NONE',  ( 0.3043134643821918672, -0.3970698139526608883, -0.3140050260645745883 ) ) ;
#7072 = CARTESIAN_POINT ( 'NONE',  ( 0.1626105919499825914, -0.5004639421799894627, -0.3979464288599978139 ) ) ;
#7073 = ORIENTED_EDGE ( 'NONE', *, *, #2021, .T. ) ;
#7074 = B_SPLINE_CURVE_WITH_KNOTS ( 'NONE', 3,
 ( #4312, #6845, #6886, #4519 ),
 .UNSPECIFIED., .F., .F.,
 ( 4, 4 ),
 ( 0.000000000000000000, 1.000000000000000000 ),
 .UNSPECIFIED. ) ;
#7075 = CARTESIAN_POINT ( 'NONE',  ( 0.4999904507333094439, 0.003090176820419192252, -0.2409999999253374658 ) ) ;
#7076 = CARTESIAN_POINT ( 'NONE',  ( 0.1387701737246377076, -0.4803569911846136686, -0.1039519022148148730 ) ) ;
#7077 = FACE_OUTER_BOUND ( 'NONE', #967, .T. ) ;
#7078 = CARTESIAN_POINT ( 'NONE',  ( -0.4331140527316693078, -0.2503596547709144304, -0.4762027274321504744 ) ) ;
#7079 = CARTESIAN_POINT ( 'NONE',  ( 0.7499999999855587740, 0.1200000001452445203, -0.005507537015616535692 ) ) ;
#7080 = CARTESIAN_POINT ( 'NONE',  ( 0.4795326102404379176, 0.1436780961933300238, -0.1574035522408148979 ) ) ;
#7081 = ORIENTED_EDGE ( 'NONE', *, *, #540, .F. ) ;
#7082 = LINE ( 'NONE', #3293, #4085 ) ;
#7083 = CARTESIAN_POINT ( 'NONE',  ( -0.3960570460000029103, -0.2489608939999909953, -0.1543710310000006025 ) ) ;
#7084 = CARTESIAN_POINT ( 'NONE',  ( 0.4314047349999962089, 0.1401718950000036545, -0.4784821432900024929 ) ) ;
#7085 = ADVANCED_FACE ( 'NONE', ( #2923 ), #1584, .T. ) ;
#7086 = CARTESIAN_POINT ( 'NONE',  ( 0.4999999999888165014, -6.438865189060501489E-09, -0.2410357145685138591 ) ) ;
#7087 = B_SPLINE_CURVE_WITH_KNOTS ( 'NONE', 3,
 ( #1869, #4641, #4160, #6442 ),
 .UNSPECIFIED., .F., .F.,
 ( 4, 4 ),
 ( 0.000000000000000000, 1.000000000000000000 ),
 .UNSPECIFIED. ) ;
#7088 = CARTESIAN_POINT ( 'NONE',  ( 0.1404050989999973964, -0.4798816610000000704, -0.1128411369999960112 ) ) ;
#7089 = VECTOR ( 'NONE', #1949, 39.37007874015748143 ) ;
#7090 = FACE_OUTER_BOUND ( 'NONE', #6811, .T. ) ;
#7091 = CARTESIAN_POINT ( 'NONE',  ( -0.1624598480000143952, -0.4999999999999896749, -0.4678571430000009745 ) ) ;
#7092 = CARTESIAN_POINT ( 'NONE',  ( 0.4589400210963872073, -0.1987705495552223034, -0.03141215187733577274 ) ) ;
#7093 = VECTOR ( 'NONE', #1739, 39.37007874015748143 ) ;
#7094 = ORIENTED_EDGE ( 'NONE', *, *, #4680, .F. ) ;
#7095 = EDGE_LOOP ( 'NONE', ( #4102, #3392, #6457, #1881 ) ) ;
#7096 = CARTESIAN_POINT ( 'NONE',  ( -0.3764828876782970180, 0.3306403375205486106, -0.4189251045638660020 ) ) ;
#7097 = CARTESIAN_POINT ( 'NONE',  ( -0.09422925456208981754, 0.4469440638986038605, -0.04379831032412511566 ) ) ;
#7098 = CARTESIAN_POINT ( 'NONE',  ( 0.1147995006298906384, 0.4388385579465892139, -0.04754093517111017408 ) ) ;
#7099 = CARTESIAN_POINT ( 'NONE',  ( 0.4314047349999962089, -0.1401718949999970765, -0.4857142859999963869 ) ) ;
#7100 = ORIENTED_EDGE ( 'NONE', *, *, #3320, .T. ) ;
#7101 = VECTOR ( 'NONE', #1290, 39.37007874015748143 ) ;
#7102 = VECTOR ( 'NONE', #6388, 39.37007874015748143 ) ;
#7103 = CARTESIAN_POINT ( 'NONE',  ( -0.1147995110840740879, 0.4388385552117875510, -0.1042447789923169055 ) ) ;
#7104 = CARTESIAN_POINT ( 'NONE',  ( 0.1147994959999703718, -0.4388385589999939662, -0.06853049400000119085 ) ) ;
#7105 = CARTESIAN_POINT ( 'NONE',  ( -0.3858601250000029403, 0.2803437910000101119, -0.3107142860000002282 ) ) ;
#7106 = ORIENTED_EDGE ( 'NONE', *, *, #6361, .T. ) ;
#7107 = EDGE_LOOP ( 'NONE', ( #1386, #5204, #1554, #107 ) ) ;
#7108 = CARTESIAN_POINT ( 'NONE',  ( 0.6611905945976430665, 0.4842868361283765855, -0.03738416314105022509 ) ) ;
#7109 = CARTESIAN_POINT ( 'NONE',  ( -0.4380528171721212449, -0.1177845984271576329, -0.2380704039100641489 ) ) ;
#7110 = CARTESIAN_POINT ( 'NONE',  ( -0.3133492190000080058, 0.3279793780000088699, -0.1074249819999958389 ) ) ;
#7111 = CARTESIAN_POINT ( 'NONE',  ( 0.1624598479999960488, 0.5000000000000104361, -0.2267857140000032745 ) ) ;
#7112 = ORIENTED_EDGE ( 'NONE', *, *, #2294, .T. ) ;
#7113 = ADVANCED_FACE ( 'NONE', ( #27 ), #1805, .F. ) ;
#7114 = ORIENTED_EDGE ( 'NONE', *, *, #3076, .T. ) ;
#7115 = CARTESIAN_POINT ( 'NONE',  ( 0.3466162752830023730, -0.3603569864543862411, -0.09845802494065526711 ) ) ;
#7116 = CARTESIAN_POINT ( 'NONE',  ( 0.3960570459999848136, -0.2489608939999921611, -0.05991468299999899022 ) ) ;
#7117 = CARTESIAN_POINT ( 'NONE',  ( -0.4853864445755773360, 0.1199999976480557035, -0.1367023440701760351 ) ) ;
#7118 = CARTESIAN_POINT ( 'NONE',  ( -0.4245924897711913504, -0.2645577296154071334, -0.4758214415451735291 ) ) ;
#7119 = CARTESIAN_POINT ( 'NONE',  ( 0.04660885775646880780, -0.8391157674209818174, -0.05145101240193981906 ) ) ;
#7120 = CARTESIAN_POINT ( 'NONE',  ( 0.4870773499223243763, 0.1141360521879170448, -0.3723617710385771495 ) ) ;
#7121 = EDGE_LOOP ( 'NONE', ( #6940, #496, #2104, #3248, #2470 ) ) ;
#7122 = CARTESIAN_POINT ( 'NONE',  ( -0.4253254040000031266, -0.3090169939999879989, -0.2696428569999997915 ) ) ;
#7123 = CARTESIAN_POINT ( 'NONE',  ( -0.4680120673069619874, -0.1767187472625428302, -0.4066254012435472909 ) ) ;
#7124 = VECTOR ( 'NONE', #448, 39.37007874015748854 ) ;
#7125 = CARTESIAN_POINT ( 'NONE',  ( -0.3858601250000029403, 0.2803437910000101119, -0.2482142860000028373 ) ) ;
#7126 = CARTESIAN_POINT ( 'NONE',  ( 0.3226455821108160649, -0.3188385700210286111, -0.06245448328338669419 ) ) ;
#7127 = CARTESIAN_POINT ( 'NONE',  ( 0.07164390599999594100, -0.4999999999999912847, -0.1144964480000017215 ) ) ;
#7128 = ORGANIZATION ( 'UNSPECIFIED', 'UNSPECIFIED', '' ) ;
#7129 = CARTESIAN_POINT ( 'NONE',  ( 0.1335317100465866491, -0.4712837146569608393, -0.2410000000572179724 ) ) ;
#7130 = EDGE_CURVE ( 'NONE', #3431, #4286, #6725, .T. ) ;
#7131 = CARTESIAN_POINT ( 'NONE',  ( 0.1624598479999960488, 0.5000000000000104361, -0.4321428570000003799 ) ) ;
#7132 = CARTESIAN_POINT ( 'NONE',  ( 0.3437691592070149516, 0.3554256565021494674, -0.005525903349171156810 ) ) ;
#7133 = VERTEX_POINT ( 'NONE', #2289 ) ;
#7134 = CARTESIAN_POINT ( 'NONE',  ( -0.1387701687779909210, 0.4803569926136706525, -0.1396661878793295786 ) ) ;
#7135 = FACE_OUTER_BOUND ( 'NONE', #6911, .T. ) ;
#7136 = CARTESIAN_POINT ( 'NONE',  ( 0.3453981759999962264, 0.3615246880000035357, -0.1515035889999972463 ) ) ;
#7137 = CARTESIAN_POINT ( 'NONE',  ( -0.7500000000000175415, 0.3293801648104062729, -0.4600819798967011875 ) ) ;
#7138 = ORIENTED_EDGE ( 'NONE', *, *, #5016, .T. ) ;
#7139 = CARTESIAN_POINT ( 'NONE',  ( -0.4775758478537812657, -0.1488317521285815459, -0.2644169307899717491 ) ) ;
#7140 = CARTESIAN_POINT ( 'NONE',  ( -0.4309634997700156900, -0.1400285289800009270, -0.3086607138500018221 ) ) ;
#7141 = CARTESIAN_POINT ( 'NONE',  ( -0.4228338254016943965, 0.2669688360012054673, -0.2028238121419679574 ) ) ;
#7142 = VERTEX_POINT ( 'NONE', #2216 ) ;
#7143 = APPROVAL_ROLE ( '' ) ;
#7144 = CARTESIAN_POINT ( 'NONE',  ( 0.4314047349999962089, -0.1401718949999970765, -0.05714285700000024115 ) ) ;
#7145 = CARTESIAN_POINT ( 'NONE',  ( 0.1624598479999960488, -0.4999999999999920064, -0.4696428569999970826 ) ) ;
#7146 = EDGE_LOOP ( 'NONE', ( #4319, #6437, #4488, #1453 ) ) ;
#7147 = CARTESIAN_POINT ( 'NONE',  ( -0.4253254040000031266, -0.3090169939999879989, -0.3410714290000009807 ) ) ;
#7148 = ORIENTED_EDGE ( 'NONE', *, *, #4542, .T. ) ;
#7149 = EDGE_CURVE ( 'NONE', #5752, #5229, #3509, .T. ) ;
#7150 = EDGE_CURVE ( 'NONE', #1210, #5415, #365, .T. ) ;
#7151 = CARTESIAN_POINT ( 'NONE',  ( -0.7499999999610726942, 0.1200000002511069086, -0.005507537011315514347 ) ) ;
#7152 = CARTESIAN_POINT ( 'NONE',  ( -0.4853864425567547825, -0.1200000058139755327, -0.05972622741309283750 ) ) ;
#7153 = CARTESIAN_POINT ( 'NONE',  ( 0.4680093849642750214, -0.1767258117734546163, -0.4505176246976186349 ) ) ;
#7154 = CARTESIAN_POINT ( 'NONE',  ( 0.1387701737591595097, 0.4803569911746511378, -0.1460480976025696209 ) ) ;
#7155 = CARTESIAN_POINT ( 'NONE',  ( -0.1292126112297106999, 0.4832942458086736393, -0.3541829910375694501 ) ) ;
#7156 = ORIENTED_EDGE ( 'NONE', *, *, #1516, .F. ) ;
#7157 = CARTESIAN_POINT ( 'NONE',  ( -0.4314047350000136949, 0.1401718949999970765, -0.1017857140000016369 ) ) ;
#7158 = CARTESIAN_POINT ( 'NONE',  ( 0.4830504498611709607, -0.1301137521310186396, -0.3780075500861430626 ) ) ;
#7159 = CARTESIAN_POINT ( 'NONE',  ( 0.1473854529999880369, -0.4536057819999951279, -0.3624999999999979350 ) ) ;
#7160 = CARTESIAN_POINT ( 'NONE',  ( 0.1280958880473626604, -0.4618685792307521965, -0.02069723438119989295 ) ) ;
#7161 = CARTESIAN_POINT ( 'NONE',  ( 0.1147994816026349230, -0.4388385627663274335, -0.2158519228785300004 ) ) ;
#7162 = CARTESIAN_POINT ( 'NONE',  ( -0.1404050990000242916, -0.4798816609999922989, -0.03894457699999867573 ) ) ;
#7163 = CARTESIAN_POINT ( 'NONE',  ( 0.2938926260000032653, 0.4045084970000005220, -0.3642857140000035354 ) ) ;
#7164 = CARTESIAN_POINT ( 'NONE',  ( 0.4365652529999969333, -0.2744242959999905751, -0.1045575410000029459 ) ) ;
#7165 = ORIENTED_EDGE ( 'NONE', *, *, #204, .T. ) ;
#7166 = EDGE_CURVE ( 'NONE', #793, #5426, #2445, .T. ) ;
#7167 = EDGE_LOOP ( 'NONE', ( #2670, #5400, #2883, #510 ) ) ;
#7168 = CARTESIAN_POINT ( 'NONE',  ( -0.3043134623912192582, 0.3970698154785912148, -0.4211478831201563300 ) ) ;
#7169 = LINE ( 'NONE', #1450, #2639 ) ;
#7170 = CARTESIAN_POINT ( 'NONE',  ( 0.4813363460000092409, -0.1366330389999941552, -0.09244395599999573332 ) ) ;
#7171 = B_SPLINE_CURVE_WITH_KNOTS ( 'NONE', 3,
 ( #1907, #4766, #1213, #4159 ),
 .UNSPECIFIED., .F., .F.,
 ( 4, 4 ),
 ( 0.000000000000000000, 1.000000000000000000 ),
 .UNSPECIFIED. ) ;
#7172 = ORIENTED_EDGE ( 'NONE', *, *, #2506, .F. ) ;
#7173 = CARTESIAN_POINT ( 'NONE',  ( -0.1199709976077103502, -0.4856302199425958643, -0.2527400183799602407 ) ) ;
#7174 = CARTESIAN_POINT ( 'NONE',  ( 0.3854654722099819519, -0.2800570589699883373, -0.3550892858600013247 ) ) ;
#7175 =( BOUNDED_CURVE ( )  B_SPLINE_CURVE ( 2, ( #2931, #2410, #3916, #5599, #6198 ),
 .UNSPECIFIED., .F., .T. ) 
 B_SPLINE_CURVE_WITH_KNOTS ( ( 3, 2, 3 ),
 ( 0.000000000000000000, 0.5000000295191225907, 1.000000000000000000 ),
 .UNSPECIFIED. ) 
 CURVE ( )  GEOMETRIC_REPRESENTATION_ITEM ( )  RATIONAL_B_SPLINE_CURVE ( ( 0.9763575006785250032, 0.9800330344073259203, 1.000000000000000000, 0.9800330344073259203, 0.9763575006785240040 ) ) 
 REPRESENTATION_ITEM ( '' )  );
#7176 = CARTESIAN_POINT ( 'NONE',  ( -0.3805997924427650947, 0.3276692899681014071, -0.07058482321685030647 ) ) ;
#7177 = VERTEX_POINT ( 'NONE', #4053 ) ;
#7178 = DATE_AND_TIME ( #4976, #2680 ) ;
#7179 = EDGE_CURVE ( 'NONE', #5426, #2630, #1994, .T. ) ;
#7180 = CARTESIAN_POINT ( 'NONE',  ( 0.4755282579999851045, 0.1545084970000039915, -0.2285714289999971893 ) ) ;
#7181 = CARTESIAN_POINT ( 'NONE',  ( -0.4314047349999962089, -0.1401718949999992692, -0.3089285709999967100 ) ) ;
#7182 = CARTESIAN_POINT ( 'NONE',  ( -0.1624598480000327694, 0.5000000000000104361, -0.4339285709999964880 ) ) ;
#7183 = ORIENTED_EDGE ( 'NONE', *, *, #30, .T. ) ;
#7184 = VERTEX_POINT ( 'NONE', #5889 ) ;
#7185 = VERTEX_POINT ( 'NONE', #4739 ) ;
#7186 = CARTESIAN_POINT ( 'NONE',  ( 0.7500000000000009992, 0.1875110841641046688, -0.4867225611443493083 ) ) ;
#7187 = CARTESIAN_POINT ( 'NONE',  ( -0.3466162715994834387, 0.3603569899974859991, -0.1341723109542870274 ) ) ;
#7188 = CARTESIAN_POINT ( 'NONE',  ( 0.4999999999465318812, -1.795807597115140028E-11, -0.3124999999352633950 ) ) ;
#7189 = CARTESIAN_POINT ( 'NONE',  ( 0.4382192489798708013, 0.2407852194894800069, -0.1550224467777769344 ) ) ;
#7190 = EDGE_LOOP ( 'NONE', ( #2996, #6260, #2496, #3358 ) ) ;
#7191 = CARTESIAN_POINT ( 'NONE',  ( -0.4314047350000136949, 0.1401718949999970765, -0.4500000000000020095 ) ) ;
#7192 = CARTESIAN_POINT ( 'NONE',  ( 0.3466162695324055409, -0.3603569919857184112, -0.02702945405662425873 ) ) ;
#7193 = CARTESIAN_POINT ( 'NONE',  ( 0.4374450873210235513, 0.1200000033847157671, -0.05944252974264530032 ) ) ;
#7194 = CARTESIAN_POINT ( 'NONE',  ( 0.4853864438703147099, -0.1200000000272997136, 0.000000000000000000 ) ) ;
#7195 = ADVANCED_FACE ( 'NONE', ( #3604 ), #2942, .T. ) ;
#7196 = CARTESIAN_POINT ( 'NONE',  ( 0.2938926260000032653, 0.4045084970000005220, -0.4357142860000010054 ) ) ;
#7197 = CARTESIAN_POINT ( 'NONE',  ( 0.3599407432093452153, 0.3393149911318202316, -0.005863336545504198478 ) ) ;
#7198 = VERTEX_POINT ( 'NONE', #753 ) ;
#7199 = DIRECTION ( 'NONE',  ( -6.162975822039154730E-33, 0.000000000000000000, 1.000000000000000000 ) ) ;
#7200 = CARTESIAN_POINT ( 'NONE',  ( -0.4314047349999962089, -0.1401718949999992692, -0.1660714290000029902 ) ) ;
#7201 = DIRECTION ( 'NONE',  ( 1.000000000000000000, -8.326672684688663206E-16, 0.000000000000000000 ) ) ;
#7202 = DIRECTION ( 'NONE',  ( -6.162975822039154730E-33, 0.000000000000000000, 1.000000000000000000 ) ) ;
#7203 = CARTESIAN_POINT ( 'NONE',  ( 0.01716195685441364305, 0.5000000000035201841, -0.2146629934789699989 ) ) ;
#7204 = ORIENTED_EDGE ( 'NONE', *, *, #7231, .T. ) ;
#7205 = CARTESIAN_POINT ( 'NONE',  ( -0.07546181045639202556, -0.4945013297247873307, -0.2516981876005809360 ) ) ;
#7206 = FACE_OUTER_BOUND ( 'NONE', #5201, .T. ) ;
#7207 = CARTESIAN_POINT ( 'NONE',  ( -0.4636155205129078860, 0.1872451538898987633, -0.2007735170704196270 ) ) ;
#7208 = ORIENTED_EDGE ( 'NONE', *, *, #2386, .T. ) ;
#7209 = CARTESIAN_POINT ( 'NONE',  ( -0.4999999999465231104, -5.109330500243175310E-09, -0.4196428571824191156 ) ) ;
#7210 =( BOUNDED_CURVE ( )  B_SPLINE_CURVE ( 2, ( #1906, #4196, #2345, #1260, #6482 ),
 .UNSPECIFIED., .F., .T. ) 
 B_SPLINE_CURVE_WITH_KNOTS ( ( 3, 2, 3 ),
 ( 0.000000000000000000, 0.4999999877438097706, 1.000000000000000000 ),
 .UNSPECIFIED. ) 
 CURVE ( )  GEOMETRIC_REPRESENTATION_ITEM ( )  RATIONAL_B_SPLINE_CURVE ( ( 0.9763575005312968846, 0.9800330340074268065, 1.000000000000000000, 0.9800330330285578206, 0.9763575001709150492 ) ) 
 REPRESENTATION_ITEM ( '' )  );
#7211 = CARTESIAN_POINT ( 'NONE',  ( 0.1624598479999960488, 0.5000000000000104361, -0.4410714290000041227 ) ) ;
#7212 = VERTEX_POINT ( 'NONE', #6456 ) ;
#7213 = EDGE_CURVE ( 'NONE', #5677, #1266, #891, .T. ) ;
#7214 = VERTEX_POINT ( 'NONE', #6415 ) ;
#7215 = CARTESIAN_POINT ( 'NONE',  ( -0.4853864443940864581, 0.1199999983822792049, -0.1992023439246086436 ) ) ;
#7216 = ORIENTED_EDGE ( 'NONE', *, *, #5535, .F. ) ;
#7217 = CARTESIAN_POINT ( 'NONE',  ( 0.7500000000000008882, 0.04580866973310482315, -0.4994170766592508914 ) ) ;
#7218 = CARTESIAN_POINT ( 'NONE',  ( -0.3302575720565605333, 0.3320228902379471769, -0.1156751929522376321 ) ) ;
#7219 = CARTESIAN_POINT ( 'NONE',  ( 0.1817784400865529171, -0.7610755726570339608, -0.4812463453539196911 ) ) ;
#7220 = CARTESIAN_POINT ( 'NONE',  ( -0.3981920392438253464, 0.2423900605328960234, -0.1043901232115862221 ) ) ;
#7221 = ADVANCED_FACE ( 'NONE', ( #1257 ), #6397, .T. ) ;
#7222 = ORIENTED_EDGE ( 'NONE', *, *, #3557, .T. ) ;
#7223 = CARTESIAN_POINT ( 'NONE',  ( -0.4769493440000299178, 1.263871385787591778E-14, -0.3124999999999962252 ) ) ;
#7224 = B_SPLINE_CURVE_WITH_KNOTS ( 'NONE', 3,
 ( #6731, #3809, #3843, #2686 ),
 .UNSPECIFIED., .F., .F.,
 ( 4, 4 ),
 ( 0.000000000000000000, 1.000000000000000000 ),
 .UNSPECIFIED. ) ;
#7225 = CARTESIAN_POINT ( 'NONE',  ( -0.1251509841511684873, -0.7937694495929941141, -0.03092651732560462371 ) ) ;
#7226 = LINE ( 'NONE', #4998, #1099 ) ;
#7227 = CARTESIAN_POINT ( 'NONE',  ( 0.07164390599999594100, -0.4999999999999912847, -0.03413930500000007112 ) ) ;
#7228 = CARTESIAN_POINT ( 'NONE',  ( 0.4253254039999755931, 0.3090169940000098703, -0.4392857139999962746 ) ) ;
#7229 = CARTESIAN_POINT ( 'NONE',  ( 0.4857860369999823513, -0.1183719840000038853, -0.1009504269999976778 ) ) ;
#7230 = CARTESIAN_POINT ( 'NONE',  ( -0.3764829081552994450, 0.3306403143183546667, -0.2760679612682440109 ) ) ;
#7231 = EDGE_CURVE ( 'NONE', #6722, #4732, #1649, .T. ) ;
#7232 = CARTESIAN_POINT ( 'NONE',  ( 0.000000000000000000, 0.000000000000000000, 0.000000000000000000 ) ) ;
#7233 = CARTESIAN_POINT ( 'NONE',  ( 0.07048483521281943831, 0.4480960762204802550, -0.04639421858184938213 ) ) ;
#7234 = B_SPLINE_CURVE_WITH_KNOTS ( 'NONE', 3,
 ( #5320, #3077, #5359, #7103 ),
 .UNSPECIFIED., .F., .F.,
 ( 4, 4 ),
 ( 0.000000000000000000, 1.000000000000000000 ),
 .UNSPECIFIED. ) ;
#7235 = CARTESIAN_POINT ( 'NONE',  ( 0.4853864437750715632, 0.1200000008860550443, -0.1579405128978505213 ) ) ;
#7236 = CARTESIAN_POINT ( 'NONE',  ( 0.3226455929999859085, 0.3188385590000044623, -0.04468837400000182092 ) ) ;
#7237 = ORIENTED_EDGE ( 'NONE', *, *, #4607, .T. ) ;
#7238 = VECTOR ( 'NONE', #683, 39.37007874015748143 ) ;
#7239 = CARTESIAN_POINT ( 'NONE',  ( 0.4853864426895269646, -0.1200000047961414240, -0.2349166298844863610 ) ) ;
#7240 = CARTESIAN_POINT ( 'NONE',  ( -1.748382715945128460E-14, 0.4531418398199995035, -0.3300892858599959734 ) ) ;
#7241 = APPROVAL_PERSON_ORGANIZATION ( #897, #3428, #996 ) ;
#7242 = CARTESIAN_POINT ( 'NONE',  ( -0.4099251758555503278, 0.2901460249542949232, -0.06949920080231600239 ) ) ;
#7243 = B_SPLINE_CURVE_WITH_KNOTS ( 'NONE', 3,
 ( #7194, #6652, #5385, #3140 ),
 .UNSPECIFIED., .F., .F.,
 ( 4, 4 ),
 ( 0.000000000000000000, 1.000000000000000000 ),
 .UNSPECIFIED. ) ;
#7244 = CARTESIAN_POINT ( 'NONE',  ( 0.4813363459999915883, 0.1366330390000052020, -0.2289846159999985586 ) ) ;
#7245 = CARTESIAN_POINT ( 'NONE',  ( -0.4830452379315063882, -0.1301317629107200391, -0.3362777486516660974 ) ) ;
#7246 = CARTESIAN_POINT ( 'NONE',  ( 0.4755282579999763892, -0.1545084969999952484, -0.4589285710000003404 ) ) ;
#7247 = ORIENTED_EDGE ( 'NONE', *, *, #7260, .T. ) ;
#7248 = ORIENTED_EDGE ( 'NONE', *, *, #5389, .F. ) ;
#7249 = ADVANCED_FACE ( 'NONE', ( #5715 ), #695, .T. ) ;
#7250 =( BOUNDED_SURFACE ( )  B_SPLINE_SURFACE ( 1, 2, ( 
 ( #7229, #1545, #1445, #7164, #6588 ),
 ( #809, #2051, #6622, #3703, #6021 ) ),
 .UNSPECIFIED., .F., .F., .T. ) 
 B_SPLINE_SURFACE_WITH_KNOTS ( ( 2, 2 ),
 ( 3, 2, 3 ),
 ( 0.07692307692305543065, 1.000000000000000000 ),
 ( 0.1634219556240290305, 0.1642857142857140074, 0.1698907865540810469 ),
 .UNSPECIFIED. ) 
 GEOMETRIC_REPRESENTATION_ITEM ( )  RATIONAL_B_SPLINE_SURFACE ( (
 ( 0.9895943154647740547, 0.9940814498823647982, 1.000000000000000000, 0.9615935531476199616, 0.9834629611452947451),
 ( 0.9895943154647740547, 0.9940814498823647982, 1.000000000000000000, 0.9615935531476199616, 0.9834629611452947451) ) ) 
 REPRESENTATION_ITEM ( '' )  SURFACE ( )  );
#7251 = CARTESIAN_POINT ( 'NONE',  ( -0.3538816649999973474, 0.3524139200000016570, -0.0003290810000023218756 ) ) ;
#7252 = VERTEX_POINT ( 'NONE', #6317 ) ;
#7253 = CARTESIAN_POINT ( 'NONE',  ( -0.4346590749999867942, 0.1301560659999971559, -0.1640305220000041753 ) ) ;
#7254 = DIRECTION ( 'NONE',  ( -6.162975822039154730E-33, 0.000000000000000000, 1.000000000000000000 ) ) ;
#7255 = CARTESIAN_POINT ( 'NONE',  ( 0.2525817357956460785, -0.7201972708097016396, -0.4924268880962753281 ) ) ;
#7256 = FACE_OUTER_BOUND ( 'NONE', #5985, .T. ) ;
#7257 = ORIENTED_EDGE ( 'NONE', *, *, #4487, .T. ) ;
#7258 = CARTESIAN_POINT ( 'NONE',  ( -1.748382715945128460E-14, 0.4536057820000065077, -0.4732142859999975415 ) ) ;
#7259 = CARTESIAN_POINT ( 'NONE',  ( -1.748382715945128460E-14, -0.8660254038962383882, -0.06698729803471893673 ) ) ;
#7260 = EDGE_CURVE ( 'NONE', #6850, #4777, #4637, .T. ) ;
#7261 = CARTESIAN_POINT ( 'NONE',  ( -0.1303964333015908972, -0.4658532510136491611, -0.1722829675337496924 ) ) ;
#7262 = CARTESIAN_POINT ( 'NONE',  ( 0.7500000000000004441, -0.3283644294527571783, -0.4603174897329234128 ) ) ;
#7263 = FACE_OUTER_BOUND ( 'NONE', #5217, .T. ) ;
#7264 = CARTESIAN_POINT ( 'NONE',  ( -0.4680093928892008481, 0.1767257908244615205, -0.2719461952011655304 ) ) ;
#7265 = CARTESIAN_POINT ( 'NONE',  ( 0.4853864437664607845, -0.1200000009209210711, -0.02955948706574827722 ) ) ;
#7266 = CARTESIAN_POINT ( 'NONE',  ( -0.3466162706790910653, 0.3603569908705726021, -0.0001218697568320809959 ) ) ;
#7267 = FACE_OUTER_BOUND ( 'NONE', #1297, .T. ) ;
#7268 = CARTESIAN_POINT ( 'NONE',  ( 0.08400907380310447536, 0.4934488070993796605, -0.2161811978126001732 ) ) ;
#7269 = ORIENTED_EDGE ( 'NONE', *, *, #7339, .T. ) ;
#7270 = CARTESIAN_POINT ( 'NONE',  ( 0.4195528327111093247, -0.2723990119019514267, -0.2386793784464919521 ) ) ;
#7271 = CARTESIAN_POINT ( 'NONE',  ( 0.4309634997699807735, -0.1400285289799987343, -0.2086607138500023439 ) ) ;
#7272 = CARTESIAN_POINT ( 'NONE',  ( -0.4332233492105946326, 0.2496351459179038668, -0.2023537968189331737 ) ) ;
#7273 = EDGE_CURVE ( 'NONE', #1141, #3203, #4477, .T. ) ;
#7274 = B_SPLINE_CURVE_WITH_KNOTS ( 'NONE', 3,
 ( #6363, #4769, #2953, #7065, #5360, #1910 ),
 .UNSPECIFIED., .F., .F.,
 ( 4, 2, 4 ),
 ( 0.000000000000000000, 0.5000000000000000000, 1.000000000000000000 ),
 .UNSPECIFIED. ) ;
#7275 = PERSON_AND_ORGANIZATION_ROLE ( 'design_owner' ) ;
#7276 = CARTESIAN_POINT ( 'NONE',  ( -0.4374450893992299361, 0.1199999958089122687, -0.1012717559450850707 ) ) ;
#7277 = CARTESIAN_POINT ( 'NONE',  ( 0.4789230484455112569, -0.5895190528735076985, -0.2410000000202484338 ) ) ;
#7278 = CARTESIAN_POINT ( 'NONE',  ( 0.2938926259999944945, -0.4045084969999961366, -0.3232142860000026818 ) ) ;
#7279 = CARTESIAN_POINT ( 'NONE',  ( 0.4999999999888165014, -6.438865189060501489E-09, -0.2410357145685138591 ) ) ;
#7280 = CARTESIAN_POINT ( 'NONE',  ( 0.3439347549929849812, 0.3557124694761461536, -0.2349342571701964477 ) ) ;
#7281 = EDGE_CURVE ( 'NONE', #5008, #5155, #5734, .T. ) ;
#7282 = CARTESIAN_POINT ( 'NONE',  ( -0.2503134408750496420, -0.4340610075654198763, -0.3988308896157014560 ) ) ;
#7283 = VERTEX_POINT ( 'NONE', #7417 ) ;
#7284 = CARTESIAN_POINT ( 'NONE',  ( -0.2237133658333503583, 0.7173020187143347437, 1.224235127184057400E-48 ) ) ;
#7285 = ORIENTED_EDGE ( 'NONE', *, *, #806, .F. ) ;
#7286 = CARTESIAN_POINT ( 'NONE',  ( 0.7500000000000011102, 0.2117066252165250573, -0.4830825162867136147 ) ) ;
#7287 = CARTESIAN_POINT ( 'NONE',  ( 0.4374450906273551487, -0.1199999913623860104, -0.2084146129257523072 ) ) ;
#7288 = CARTESIAN_POINT ( 'NONE',  ( 0.3749999998923960187, -0.6495190529424321735, -0.5000000000241863196 ) ) ;
#7289 = CARTESIAN_POINT ( 'NONE',  ( 0.6887399953809487663, 0.4683811822547483406, -0.4534327032977052974 ) ) ;
#7290 = ORIENTED_EDGE ( 'NONE', *, *, #2415, .F. ) ;
#7291 = EDGE_CURVE ( 'NONE', #412, #2759, #4116, .T. ) ;
#7292 = CARTESIAN_POINT ( 'NONE',  ( -1.748382715945128460E-14, 0.4536057820000065077, -0.4017857140000000715 ) ) ;
#7293 =( BOUNDED_SURFACE ( )  B_SPLINE_SURFACE ( 1, 2, ( 
 ( #1352, #63, #1918, #790, #7033 ),
 ( #749, #2919, #4813, #5926, #6411 ) ),
 .UNSPECIFIED., .F., .F., .F. ) 
 B_SPLINE_SURFACE_WITH_KNOTS ( ( 2, 2 ),
 ( 3, 2, 3 ),
 ( 0.07692307692307571998, 1.000000000000000000 ),
 ( 0.2586806420173480281, 0.2642857142857140129, 0.2651494729473989898 ),
 .UNSPECIFIED. ) 
 GEOMETRIC_REPRESENTATION_ITEM ( )  RATIONAL_B_SPLINE_SURFACE ( (
 ( 0.9834629611452947451, 0.9615935531476199616, 1.000000000000000000, 0.9940814498823647982, 0.9895943154647740547),
 ( 0.9834629611452947451, 0.9615935531476199616, 1.000000000000000000, 0.9940814498823647982, 0.9895943154647740547) ) ) 
 REPRESENTATION_ITEM ( '' )  SURFACE ( )  );
#7294 = CARTESIAN_POINT ( 'NONE',  ( -0.4374450880000009811, 0.1199999999999988437, -0.1727003279999991536 ) ) ;
#7295 = CARTESIAN_POINT ( 'NONE',  ( 0.07092076799999762204, 0.4979722510000154090, -0.0003947099999973840306 ) ) ;
#7296 = CARTESIAN_POINT ( 'NONE',  ( 0.05834954535520783109, 0.4536057820000014562, -0.1889139195094819423 ) ) ;
#7297 = CARTESIAN_POINT ( 'NONE',  ( -0.05834953799999956919, -0.4536057819999979590, -0.1531996340000035539 ) ) ;
#7298 = CARTESIAN_POINT ( 'NONE',  ( -0.1473854530000156260, -0.4536057819999870788, -0.2891964282800000285 ) ) ;
#7299 = ADVANCED_FACE ( 'NONE', ( #1828 ), #3430, .F. ) ;
#7300 = CARTESIAN_POINT ( 'NONE',  ( -0.4830504582429954730, 0.1301137210704941816, -0.2708646915220287998 ) ) ;
#7301 = CARTESIAN_POINT ( 'NONE',  ( 0.7499999999709161536, -0.1200000001895747681, -0.005507537011315514347 ) ) ;
#7302 = CARTESIAN_POINT ( 'NONE',  ( 0.4368424318922686234, 0.2735712270866920703, -0.01153360649092083356 ) ) ;
#7303 = LINE ( 'NONE', #4443, #1580 ) ;
#7304 = CARTESIAN_POINT ( 'NONE',  ( 0.2012604645729152431, -0.4076050451037666056, -0.4999999999999973355 ) ) ;
#7305 = ORIENTED_EDGE ( 'NONE', *, *, #5524, .T. ) ;
#7306 = CARTESIAN_POINT ( 'NONE',  ( 8.741913579725642299E-15, -0.4999999999999930056, -0.04464285700000139578 ) ) ;
#7307 = CARTESIAN_POINT ( 'NONE',  ( 0.2666227890000034129, -0.3669747859999954454, -0.2160714289999983440 ) ) ;
#7308 = B_SPLINE_CURVE_WITH_KNOTS ( 'NONE', 3,
 ( #2844, #2811, #5056, #1719 ),
 .UNSPECIFIED., .F., .F.,
 ( 4, 4 ),
 ( 0.000000000000000000, 1.000000000000000000 ),
 .UNSPECIFIED. ) ;
#7309 = CARTESIAN_POINT ( 'NONE',  ( -0.2573430110925100656, -0.3876786960554850503, -0.4999999999999975575 ) ) ;
#7310 = CARTESIAN_POINT ( 'NONE',  ( -0.1147995110840740879, 0.4388385552117875510, -0.1042447789923169055 ) ) ;
#7311 = CARTESIAN_POINT ( 'NONE',  ( -0.1473854529999972240, 0.4536057820000077290, -0.4607142859999959206 ) ) ;
#7312 = CARTESIAN_POINT ( 'NONE',  ( -0.4755282580000375625, -0.1545084969999974134, -0.2732142859999985851 ) ) ;
#7313 = CARTESIAN_POINT ( 'NONE',  ( 0.04324710157598293109, 0.4745658353537442475, -0.02351992294275001560 ) ) ;
#7314 = CARTESIAN_POINT ( 'NONE',  ( -0.3764930546653290633, -0.3306300591694962820, -0.4025037975939400048 ) ) ;
#7315 = AXIS2_PLACEMENT_3D ( 'NONE', #5641, #6164, #425 ) ;
#7316 = CARTESIAN_POINT ( 'NONE',  ( 0.1102271783011797984, 0.4886027676736888758, -0.08286172608758406166 ) ) ;
#7317 = ORIENTED_EDGE ( 'NONE', *, *, #6186, .F. ) ;
#7318 = CARTESIAN_POINT ( 'NONE',  ( -0.3466162703533499090, -0.3603569912272197584, -0.1949198154999972343 ) ) ;
#7319 = EDGE_CURVE ( 'NONE', #7056, #4990, #995, .T. ) ;
#7320 = CARTESIAN_POINT ( 'NONE',  ( -2.622574073917692690E-14, 0.8660254040000027187, -0.5029669550000008815 ) ) ;
#7321 = CARTESIAN_POINT ( 'NONE',  ( 0.07924132136089448442, -0.8202754057699566115, -0.4572311270676150396 ) ) ;
#7322 = ORIENTED_EDGE ( 'NONE', *, *, #4994, .T. ) ;
#7323 = CARTESIAN_POINT ( 'NONE',  ( -0.7499999999775337489, -0.1200000002193081922, -0.005507537017793271913 ) ) ;
#7324 = ORIENTED_EDGE ( 'NONE', *, *, #530, .T. ) ;
#7325 = AXIS2_PLACEMENT_3D ( 'NONE', #1105, #3365, #2313 ) ;
#7326 = VECTOR ( 'NONE', #6738, 39.37007874015748143 ) ;
#7327 = CARTESIAN_POINT ( 'NONE',  ( -0.3858601250000029403, -0.2803437909999825228, -0.4482142860000000728 ) ) ;
#7328 = ORIENTED_EDGE ( 'NONE', *, *, #4710, .F. ) ;
#7329 = CARTESIAN_POINT ( 'NONE',  ( -0.3453981759999962264, -0.3615246879999913232, -0.05328930299999605491 ) ) ;
#7330 = CARTESIAN_POINT ( 'NONE',  ( -0.4419213052486829496, 0.1426972012884518415, -0.03621081186608089003 ) ) ;
#7331 = CARTESIAN_POINT ( 'NONE',  ( -0.4365652530000060927, 0.2744242960000007892, -0.1402718260000032358 ) ) ;
#7332 = FACE_OUTER_BOUND ( 'NONE', #7107, .T. ) ;
#7333 = CARTESIAN_POINT ( 'NONE',  ( 0.1147994959999703718, -0.4388385589999939662, -0.1399590650000039072 ) ) ;
#7334 = CARTESIAN_POINT ( 'NONE',  ( -0.2666227890000034129, -0.3669747859999954454, -0.4356250002900032281 ) ) ;
#7335 = B_SPLINE_CURVE_WITH_KNOTS ( 'NONE', 3,
 ( #6190, #32, #1046, #3340, #5628, #5067, #4507, #3380, #4255, #1851, #6460, #831, #6953, #5253, #5815, #1886, #3092, #3654, #5935, #796, #1321, #5896, #6542, #2406, #2531, #1927, #1967 ),
 .UNSPECIFIED., .F., .F.,
 ( 4, 1, 1, 1, 2, 2, 1, 1, 1, 1, 2, 2, 1, 1, 1, 1, 2, 2, 4 ),
 ( 0.000000000000000000, 0.1249999999999985290, 0.1874999999999975853, 0.2187499999999970857, 0.2343749999999965583, 0.2499999999999960032, 0.3749999999999939493, 0.4374999999999925615, 0.4687499999999919509, 0.4843749999999917288, 0.4921874999999918399, 0.4999999999999918954, 0.6249999999999948930, 0.6874999999999968914, 0.7187499999999978906, 0.7343749999999983347, 0.7421874999999982236, 0.7499999999999981126, 1.000000000000000000 ),
 .UNSPECIFIED. ) ;
#7336 = CARTESIAN_POINT ( 'NONE',  ( -0.4735181100929669595, 0.1613936957677184203, -0.2715877208876099624 ) ) ;
#7337 = CARTESIAN_POINT ( 'NONE',  ( -0.4739807236067705154, -0.1199999930754657024, -0.04434359828545292315 ) ) ;
#7338 = CARTESIAN_POINT ( 'NONE',  ( 0.3453981759999962264, 0.3615246880000035357, -0.008646446000002618038 ) ) ;
#7339 = EDGE_CURVE ( 'NONE', #7214, #6490, #6817, .T. ) ;
#7340 = CARTESIAN_POINT ( 'NONE',  ( 0.1315803369039122150, -0.4679038284322129537, -0.01395027668753583833 ) ) ;
#7341 = CARTESIAN_POINT ( 'NONE',  ( -0.4099251757006016628, -0.2901460251461244755, -0.1180007992152940915 ) ) ;
#7342 = ORIENTED_EDGE ( 'NONE', *, *, #30, .F. ) ;
#7343 = CARTESIAN_POINT ( 'NONE',  ( -0.7403377607084236089, 0.1200000001357191121, 0.000000000000000000 ) ) ;
#7344 = CARTESIAN_POINT ( 'NONE',  ( -0.4314047349999962089, -0.1401718949999992692, -0.2375000000000042355 ) ) ;
#7345 = CARTESIAN_POINT ( 'NONE',  ( 0.1170659946377163724, 0.4382456464098365978, -0.1815290958066994031 ) ) ;
#7346 = CONICAL_SURFACE ( 'NONE', #875, 0.7500000000000011102, 1.047197549762621804 ) ;
#7347 = ORIENTED_EDGE ( 'NONE', *, *, #6933, .T. ) ;
#7348 = CARTESIAN_POINT ( 'NONE',  ( -0.1169347873548758077, -0.4441172462674611854, -0.4999999999999976130 ) ) ;
#7349 = EDGE_CURVE ( 'NONE', #2361, #4323, #4533, .T. ) ;
#7350 = CARTESIAN_POINT ( 'NONE',  ( 0.4314047349999962089, 0.1401718950000036545, -0.4874999999999985456 ) ) ;
#7351 = AXIS2_PLACEMENT_3D ( 'NONE', #7433, #4581, #6219 ) ;
#7352 = CARTESIAN_POINT ( 'NONE',  ( 0.4769493439999838991, 3.446921961238886775E-15, -0.2678571430000037390 ) ) ;
#7353 = CARTESIAN_POINT ( 'NONE',  ( -0.4526480680834951142, 0.1200000062319258737, -0.1810662345062992729 ) ) ;
#7354 = CARTESIAN_POINT ( 'NONE',  ( -0.03819784342388755916, 0.4795418585719042337, -0.01903188283854747101 ) ) ;
#7355 = DIRECTION ( 'NONE',  ( 1.000000000000000000, -8.326672684688663206E-16, 0.000000000000000000 ) ) ;
#7356 =( BOUNDED_SURFACE ( )  B_SPLINE_SURFACE ( 1, 2, ( 
 ( #4368, #2843, #5725, #1036, #3370 ),
 ( #3478, #629, #1109, #586, #5126 ) ),
 .UNSPECIFIED., .F., .F., .T. ) 
 B_SPLINE_SURFACE_WITH_KNOTS ( ( 2, 2 ),
 ( 3, 2, 3 ),
 ( 0.07692307692307172318, 1.000000000000000000 ),
 ( 0.1277076699097429713, 0.1285714285714290306, 0.1341765008397949877 ),
 .UNSPECIFIED. ) 
 GEOMETRIC_REPRESENTATION_ITEM ( )  RATIONAL_B_SPLINE_SURFACE ( (
 ( 0.9895943154647730555, 0.9940814498823647982, 1.000000000000000000, 0.9615935531476199616, 0.9834629611452947451),
 ( 0.9895943154647730555, 0.9940814498823647982, 1.000000000000000000, 0.9615935531476199616, 0.9834629611452947451) ) ) 
 REPRESENTATION_ITEM ( '' )  SURFACE ( )  );
#7357 = CARTESIAN_POINT ( 'NONE',  ( 0.4012184404811183214, 0.2986012782402115984, -0.01950376473312323902 ) ) ;
#7358 = LINE ( 'NONE', #3934, #1941 ) ;
#7359 = VERTEX_POINT ( 'NONE', #3406 ) ;
#7360 = CARTESIAN_POINT ( 'NONE',  ( 0.4377489525860657205, -0.1188922992135799800, -0.2083863899359052474 ) ) ;
#7361 = CARTESIAN_POINT ( 'NONE',  ( 0.1160825222146999042, 0.4821506037651611676, -0.4999999999999977240 ) ) ;
#7362 = CARTESIAN_POINT ( 'NONE',  ( 0.4759694932300005954, 0.1546518630200001410, -0.2372321428600013549 ) ) ;
#7363 = ORIENTED_EDGE ( 'NONE', *, *, #2358, .F. ) ;
#7364 = CARTESIAN_POINT ( 'NONE',  ( -0.3466162613608493870, -0.3603569998456931378, -0.04439911750656602707 ) ) ;
#7365 = ORIENTED_EDGE ( 'NONE', *, *, #7150, .F. ) ;
#7366 = CARTESIAN_POINT ( 'NONE',  ( 0.2666227889999946421, 0.3669747859999997752, -0.4803571430000024289 ) ) ;
#7367 = ADVANCED_FACE ( 'NONE', ( #1073 ), #7356, .T. ) ;
#7368 = CARTESIAN_POINT ( 'NONE',  ( -0.4383411011247214106, -0.6129490512057752527, -0.4984560137495091525 ) ) ;
#7369 = CARTESIAN_POINT ( 'NONE',  ( -0.4045110520961741063, 0.2240475293272237711, -0.03759478772993400664 ) ) ;
#7370 = CARTESIAN_POINT ( 'NONE',  ( -0.4374450880000009811, -0.1199999999999966371, -0.09515681500000287840 ) ) ;
#7371 = CARTESIAN_POINT ( 'NONE',  ( 0.7500000000000005551, -0.2258958975188636309, -0.4807879966799318838 ) ) ;
#7372 = CYLINDRICAL_SURFACE ( 'NONE', #4355, 0.5000000000000007772 ) ;
#7373 = CARTESIAN_POINT ( 'NONE',  ( 0.000000000000000000, -0.4536057820000032326, -0.2856250002899996532 ) ) ;
#7374 = CARTESIAN_POINT ( 'NONE',  ( -0.1008100099341280864, -0.4657779311579825499, -0.02416579351955279453 ) ) ;
#7375 = CARTESIAN_POINT ( 'NONE',  ( -0.1147994939630538336, 0.4388385596906184682, -0.1846019224120556412 ) ) ;
#7376 = DIRECTION ( 'NONE',  ( 1.000000000000000000, -8.326672684688663206E-16, 0.000000000000000000 ) ) ;
#7377 = CARTESIAN_POINT ( 'NONE',  ( -0.4246146918918737301, 0.2645230708919059093, -0.3456061803854713066 ) ) ;
#7378 = DIRECTION ( 'NONE',  ( -6.162975822039154730E-33, 0.000000000000000000, 1.000000000000000000 ) ) ;
#7379 = ORIENTED_EDGE ( 'NONE', *, *, #6301, .T. ) ;
#7380 = CARTESIAN_POINT ( 'NONE',  ( -0.1147994960000158493, -0.4388385590000007386, -0.1205000000000010785 ) ) ;
#7381 = CARTESIAN_POINT ( 'NONE',  ( -0.4764615263200069895, 1.034076588371666072E-14, -0.4550892858600045776 ) ) ;
#7382 = CARTESIAN_POINT ( 'NONE',  ( -1.748382715945128460E-14, 0.4536057820000065077, -0.1875000000000001110 ) ) ;
#7383 = EDGE_CURVE ( 'NONE', #3431, #5923, #1913, .T. ) ;
#7384 = CARTESIAN_POINT ( 'NONE',  ( -0.1147995110840740879, -0.4388385552117798905, -0.08325522101948479303 ) ) ;
#7385 = VERTEX_POINT ( 'NONE', #5960 ) ;
#7386 = CARTESIAN_POINT ( 'NONE',  ( 0.4853864436667854609, 0.1200000013240719032, -0.09544051295387448453 ) ) ;
#7387 = CARTESIAN_POINT ( 'NONE',  ( -0.4769493440000298623, 1.263871385787591936E-14, -0.3839285710000040486 ) ) ;
#7388 = CARTESIAN_POINT ( 'NONE',  ( -0.2666227890000034129, 0.3669747860000008854, -0.3142857139999994387 ) ) ;
#7389 = CARTESIAN_POINT ( 'NONE',  ( -0.4740919285951052387, -0.5811513082128129115, 2.670654598606183588E-11 ) ) ;
#7390 = CARTESIAN_POINT ( 'NONE',  ( -0.7500000000000175415, 0.1457207094733234398, -0.007853673666006205298 ) ) ;
#7391 = CARTESIAN_POINT ( 'NONE',  ( -0.1473854529999972240, 0.4536057820000077290, -0.4607142859999959206 ) ) ;
#7392 = ORIENTED_EDGE ( 'NONE', *, *, #6857, .T. ) ;
#7393 = EDGE_CURVE ( 'NONE', #4663, #4722, #1715, .T. ) ;
#7394 = VERTEX_POINT ( 'NONE', #4647 ) ;
#7395 = CARTESIAN_POINT ( 'NONE',  ( 0.4308418519229387789, 0.2537303654678824127, -0.02075019118838706059 ) ) ;
#7396 = CARTESIAN_POINT ( 'NONE',  ( -0.01716196385198682020, 0.4999999999964808706, -0.07997986360417742857 ) ) ;
#7397 = CARTESIAN_POINT ( 'NONE',  ( 0.3226455930000037275, -0.3188385589999889191, -0.2053116260000041049 ) ) ;
#7398 = CARTESIAN_POINT ( 'NONE',  ( -0.4374450893992299361, -0.1199999958089035257, -0.09515681514151946851 ) ) ;
#7399 = CARTESIAN_POINT ( 'NONE',  ( 0.1626105919499825914, -0.5004639421799894627, -0.2550892858599980717 ) ) ;
#7400 = EDGE_LOOP ( 'NONE', ( #8, #3628, #479, #7222 ) ) ;
#7401 = CARTESIAN_POINT ( 'NONE',  ( -0.3466162716253770038, -0.3603569899725737602, -0.05332768900931176420 ) ) ;
#7402 = ORIENTED_EDGE ( 'NONE', *, *, #2149, .T. ) ;
#7403 =( BOUNDED_SURFACE ( )  B_SPLINE_SURFACE ( 1, 2, ( 
 ( #134, #659, #5318, #5919, #5833 ),
 ( #6935, #2431, #5194, #6441, #1791 ) ),
 .UNSPECIFIED., .F., .F., .T. ) 
 B_SPLINE_SURFACE_WITH_KNOTS ( ( 2, 2 ),
 ( 3, 2, 3 ),
 ( 0.000000000000000000, 0.9230769230769368949 ),
 ( 0.1039042900145060039, 0.1071428571428569981, 0.1103814242712080201 ),
 .UNSPECIFIED. ) 
 GEOMETRIC_REPRESENTATION_ITEM ( )  RATIONAL_B_SPLINE_SURFACE ( (
 ( 0.9757408310629269721, 0.9778090539537090953, 1.000000000000000000, 0.9778090539537090953, 0.9757408310629269721),
 ( 0.9757408310629269721, 0.9778090539537090953, 1.000000000000000000, 0.9778090539537090953, 0.9757408310629269721) ) ) 
 REPRESENTATION_ITEM ( '' )  SURFACE ( )  );
#7404 = CARTESIAN_POINT ( 'NONE',  ( -0.4486141210000083035, -0.06710868499999293746, -0.2394508577199993549 ) ) ;
#7405 = CARTESIAN_POINT ( 'NONE',  ( -0.5710743678193852535, -0.5363154639301179749, -0.4807027562368481610 ) ) ;
#7406 = CYLINDRICAL_SURFACE ( 'NONE', #4928, 0.5000000000000007772 ) ;
#7407 = CARTESIAN_POINT ( 'NONE',  ( -0.4522670967517134488, -0.1199999960907745106, -0.03208384737039640666 ) ) ;
#7408 = CARTESIAN_POINT ( 'NONE',  ( -0.2237269728790526602, -0.7172968517478137684, 1.761253907053248731E-49 ) ) ;
#7409 = B_SPLINE_CURVE_WITH_KNOTS ( 'NONE', 3,
 ( #3436, #469, #5650, #4608 ),
 .UNSPECIFIED., .F., .F.,
 ( 4, 4 ),
 ( 0.000000000000000000, 1.000000000000000000 ),
 .UNSPECIFIED. ) ;
#7410 = CARTESIAN_POINT ( 'NONE',  ( 0.4314047349999962089, -0.1401718949999970765, -0.4141964282800003616 ) ) ;
#7411 = CARTESIAN_POINT ( 'NONE',  ( 0.04627033022475363078, -0.4759196581329617204, -0.02195645279507692227 ) ) ;
#7412 = CARTESIAN_POINT ( 'NONE',  ( -0.4740919285951052387, -0.5811513082128129115, 2.670654598606183588E-11 ) ) ;
#7413 = EDGE_CURVE ( 'NONE', #19, #3467, #554, .T. ) ;
#7414 = CARTESIAN_POINT ( 'NONE',  ( -0.4589400163434844693, -0.1987705605291663624, -0.1203735621494070873 ) ) ;
#7415 = FACE_OUTER_BOUND ( 'NONE', #1267, .T. ) ;
#7416 = CARTESIAN_POINT ( 'NONE',  ( -0.3854654722100095410, 0.2800570589700078217, -0.3908035718600019193 ) ) ;
#7417 = CARTESIAN_POINT ( 'NONE',  ( 0.4805162804449651381, 0.1199999926303699782, -0.2410000001848411899 ) ) ;
#7418 = ORIENTED_EDGE ( 'NONE', *, *, #3488, .F. ) ;
#7419 = B_SPLINE_CURVE_WITH_KNOTS ( 'NONE', 3,
 ( #5875, #5757, #1346, #3029, #3552, #5357 ),
 .UNSPECIFIED., .F., .F.,
 ( 4, 2, 4 ),
 ( 0.000000000000000000, 0.5000000000000000000, 1.000000000000000000 ),
 .UNSPECIFIED. ) ;
#7420 = CARTESIAN_POINT ( 'NONE',  ( -0.4504955225596368740, -0.1597633088093170228, -0.4999999999999974465 ) ) ;
#7421 = ADVANCED_FACE ( 'NONE', ( #1388, #6942 ), #666, .F. ) ;
#7422 = DIRECTION ( 'NONE',  ( 6.162975822039154730E-33, 0.000000000000000000, -1.000000000000000000 ) ) ;
#7423 = CARTESIAN_POINT ( 'NONE',  ( -1.748382715945128460E-14, 0.4536057820000065077, -0.3214285710000043261 ) ) ;
#7424 = CARTESIAN_POINT ( 'NONE',  ( 0.4561146011262652844, -0.1696029902811348467, -0.01387540467436077819 ) ) ;
#7425 = CARTESIAN_POINT ( 'NONE',  ( -0.07164390599997805253, 0.5000000000000068834, -0.2127107340000037872 ) ) ;
#7426 = CARTESIAN_POINT ( 'NONE',  ( -0.4314047349999962089, -0.1401718949999992692, -0.1571428569999997193 ) ) ;
#7427 = CARTESIAN_POINT ( 'NONE',  ( -0.3465905725393630399, -0.3202293617464455067, -0.02857779956139308575 ) ) ;
#7428 = CARTESIAN_POINT ( 'NONE',  ( -0.3750000000839575631, 0.6495190528318490752, -0.5000000000241863196 ) ) ;
#7429 = AXIS2_PLACEMENT_3D ( 'NONE', #812, #3213, #7201 ) ;
#7430 = ORIENTED_EDGE ( 'NONE', *, *, #7413, .T. ) ;
#7431 = CARTESIAN_POINT ( 'NONE',  ( 0.4314047349999962089, -0.1401718949999970765, -0.2089285709999972596 ) ) ;
#7432 = CARTESIAN_POINT ( 'NONE',  ( -0.04660885775307130330, 0.8391157674229634544, -0.05145101240308113527 ) ) ;
#7433 = CARTESIAN_POINT ( 'NONE',  ( 0.4374450879999817743, -0.1199999999999976225, -0.2410000000000021569 ) ) ;
#7434 = ADVANCED_FACE ( 'NONE', ( #1268 ), #4251, .T. ) ;
#7435 = ORIENTED_EDGE ( 'NONE', *, *, #7260, .F. ) ;
#7436 = AXIS2_PLACEMENT_3D ( 'NONE', #770, #6310, #729 ) ;
#7437 = CARTESIAN_POINT ( 'NONE',  ( -0.2666227890000034129, -0.3669747859999954454, -0.4447321427099971136 ) ) ;
#7438 = CARTESIAN_POINT ( 'NONE',  ( -0.4779975252505733740, -0.5900534040559176630, -0.4945911616668575705 ) ) ;
#7439 = CARTESIAN_POINT ( 'NONE',  ( 0.3463378102957042626, -0.3598747005093257401, -0.2410000001971935035 ) ) ;
#7440 = CARTESIAN_POINT ( 'NONE',  ( 1.420648375841214145E-10, -0.8660254038179523439, -0.4330127019932962784 ) ) ;
#7441 = VECTOR ( 'NONE', #3402, 39.37007874015748854 ) ;
#7442 =( BOUNDED_CURVE ( )  B_SPLINE_CURVE ( 2, ( #2377, #4188, #6471, #4670, #5265 ),
 .UNSPECIFIED., .F., .T. ) 
 B_SPLINE_CURVE_WITH_KNOTS ( ( 3, 2, 3 ),
 ( 0.000000000000000000, 0.4999999387194035694, 1.000000000000000000 ),
 .UNSPECIFIED. ) 
 CURVE ( )  GEOMETRIC_REPRESENTATION_ITEM ( )  RATIONAL_B_SPLINE_CURVE ( ( 0.9763575012520604446, 0.9800330359651643342, 1.000000000000000000, 0.9800330310708140757, 0.9763574994501494908 ) ) 
 REPRESENTATION_ITEM ( '' )  );
#7443 = CARTESIAN_POINT ( 'NONE',  ( 0.6343472002559026324, -0.4997848770814074526, -0.03322206214046307532 ) ) ;
#7444 = CARTESIAN_POINT ( 'NONE',  ( -0.7403377607084236089, 0.1200000001357191121, 0.000000000000000000 ) ) ;
#7445 = CARTESIAN_POINT ( 'NONE',  ( 0.000000000000000000, -0.4536057820000032326, -0.4284821432899983407 ) ) ;
#7446 = VECTOR ( 'NONE', #5409, 39.37007874015748854 ) ;
#7447 = DIRECTION ( 'NONE',  ( -6.162975822039154730E-33, 0.000000000000000000, 1.000000000000000000 ) ) ;
ENDSEC;
END-ISO-10303-21;
