ISO-10303-21;
HEADER;
FILE_DESCRIPTION (( 'STEP AP203' ),
    '1' );
FILE_NAME ('WHEEL 155-80-R13_REV_.step',
    '2025-08-17T04:52:25',
    ( '' ),
    ( '' ),
    'SwSTEP 2.0',
    'SolidWorks 2024',
    '' );
FILE_SCHEMA (( 'CONFIG_CONTROL_DESIGN' ));
ENDSEC;

DATA;
#1 = CARTESIAN_POINT ( 'NONE',  ( 605.5329718068612692, 302.7664859034304641, 93.41442136824589682 ) ) ;
#2 = EDGE_CURVE ( 'NONE', #7115, #5871, #4419, .T. ) ;
#3 = CARTESIAN_POINT ( 'NONE',  ( -83.92716106803210607, -111.9077574198865506, 22.61779399848795435 ) ) ;
#4 = ORIENTED_EDGE ( 'NONE', *, *, #6719, .F. ) ;
#5 = AXIS2_PLACEMENT_3D ( 'NONE', #7104, #1667, #5863 ) ;
#6 = ORIENTED_EDGE ( 'NONE', *, *, #2661, .T. ) ;
#7 = ADVANCED_FACE ( 'NONE', ( #6365 ), #192, .F. ) ;
#8 = DIRECTION ( 'NONE',  ( -0.000000000000000000, -0.000000000000000000, 1.000000000000000000 ) ) ;
#9 = CARTESIAN_POINT ( 'NONE',  ( -14.95277325265746882, 123.7712438656887031, 21.96329271012924167 ) ) ;
#10 = FACE_BOUND ( 'NONE', #3377, .T. ) ;
#11 = DIRECTION ( 'NONE',  ( 1.000000000000000000, 0.000000000000000000, 0.000000000000000000 ) ) ;
#12 = CIRCLE ( 'NONE', #7630, 172.5999999999999943 ) ;
#13 = DIRECTION ( 'NONE',  ( 1.000000000000000000, 0.000000000000000000, 0.000000000000000000 ) ) ;
#14 = CYLINDRICAL_SURFACE ( 'NONE', #5813, 15.00000000000000000 ) ;
#15 = ORIENTED_EDGE ( 'NONE', *, *, #1904, .F. ) ;
#16 = CARTESIAN_POINT ( 'NONE',  ( -128.9665078782199146, -27.45276915161451470, 20.74301593158326895 ) ) ;
#17 = CARTESIAN_POINT ( 'NONE',  ( -112.6828054376361194, -52.28925887144024642, 21.92987957460024973 ) ) ;
#18 = EDGE_CURVE ( 'NONE', #4441, #7988, #729, .T. ) ;
#19 = ORIENTED_EDGE ( 'NONE', *, *, #2653, .F. ) ;
#20 = EDGE_CURVE ( 'NONE', #965, #3072, #6540, .T. ) ;
#21 = DIRECTION ( 'NONE',  ( 1.000000000000000000, 0.000000000000000000, 0.000000000000000000 ) ) ;
#22 = CIRCLE ( 'NONE', #7636, 4.000000000000003553 ) ;
#23 = CIRCLE ( 'NONE', #5152, 148.1686244700197506 ) ;
#24 = CARTESIAN_POINT ( 'NONE',  ( 133.6652776103001088, 36.00297855864514673, 24.84572750543187070 ) ) ;
#25 = CARTESIAN_POINT ( 'NONE',  ( -633.2678027596570018, -316.6339013798286146, -81.46200492995686204 ) ) ;
#26 = AXIS2_PLACEMENT_3D ( 'NONE', #3791, #5615, #3309 ) ;
#27 = CARTESIAN_POINT ( 'NONE',  ( 86.95313998549971757, 94.51821086494746282, 19.95988050074419462 ) ) ;
#28 = ORIENTED_EDGE ( 'NONE', *, *, #6775, .F. ) ;
#29 = EDGE_CURVE ( 'NONE', #5661, #3794, #5450, .T. ) ;
#30 = DIRECTION ( 'NONE',  ( -0.000000000000000000, -0.000000000000000000, 1.000000000000000000 ) ) ;
#31 = DIRECTION ( 'NONE',  ( 1.000000000000000000, 0.000000000000000000, 0.000000000000000000 ) ) ;
#32 = CIRCLE ( 'NONE', #7914, 15.00000000000000000 ) ;
#33 = CARTESIAN_POINT ( 'NONE',  ( 70.16547261307788119, 115.7746635610531598, 21.56568526467354374 ) ) ;
#34 = CARTESIAN_POINT ( 'NONE',  ( 0.000000000000000000, 0.000000000000000000, 46.05937553960620789 ) ) ;
#35 = ORIENTED_EDGE ( 'NONE', *, *, #6174, .F. ) ;
#36 = CIRCLE ( 'NONE', #4530, 175.0999999999999943 ) ;
#37 = CARTESIAN_POINT ( 'NONE',  ( -2.144356545307015663E-14, -175.0999999999999943, 89.50634777422294519 ) ) ;
#38 = VERTEX_POINT ( 'NONE', #2633 ) ;
#39 = CARTESIAN_POINT ( 'NONE',  ( 0.000000000000000000, 0.000000000000000000, -37.60797925142819764 ) ) ;
#40 = CARTESIAN_POINT ( 'NONE',  ( -0.8475957018076263338, 139.9991850249564891, 22.64548945673731595 ) ) ;
#41 = CARTESIAN_POINT ( 'NONE',  ( 88.21953729412284417, 103.9649106544180768, 24.36022294017087830 ) ) ;
#42 = TOROIDAL_SURFACE ( 'NONE', #5559, 159.5999999999993406, 4.000000000000000000 ) ;
#43 = CARTESIAN_POINT ( 'NONE',  ( 627.4907402518880417, -313.7453701259441345, 87.70311822632901055 ) ) ;
#44 = CARTESIAN_POINT ( 'NONE',  ( 3.888253587292846634E-14, -317.5000000000000000, -65.77070040501132553 ) ) ;
#45 = B_SPLINE_CURVE_WITH_KNOTS ( 'NONE', 3,
 ( #1769, #1171, #1210, #17, #6103, #4996, #7978, #5520, #2459, #4355, #58, #4919 ),
 .UNSPECIFIED., .F., .F.,
 ( 4, 2, 2, 2, 2, 4 ),
 ( 0.04690127495061532231, 0.04863657460692884932, 0.04950422443508560588, 0.05037187426324236939, 0.05210717391955593802, 0.05384247357586950666 ),
 .UNSPECIFIED. ) ;
#46 = APPROVAL_PERSON_ORGANIZATION ( #1944, #4863, #4414 ) ;
#47 = ORIENTED_EDGE ( 'NONE', *, *, #4934, .F. ) ;
#48 = VERTEX_POINT ( 'NONE', #1947 ) ;
#49 = CARTESIAN_POINT ( 'NONE',  ( 156.7715728752530993, 1.943929423157036609E-14, -40.43640637617434663 ) ) ;
#50 = DIRECTION ( 'NONE',  ( 1.000000000000000000, 0.000000000000000000, 0.000000000000000000 ) ) ;
#51 = DIRECTION ( 'NONE',  ( 0.000000000000000000, 0.000000000000000000, -1.000000000000000000 ) ) ;
#52 = EDGE_CURVE ( 'NONE', #2983, #5030, #4329, .T. ) ;
#53 = DIRECTION ( 'NONE',  ( 1.000000000000000000, 0.000000000000000000, 0.000000000000000000 ) ) ;
#54 = CARTESIAN_POINT ( 'NONE',  ( -168.6000000000000227, 2.064754503362437816E-14, -63.72929959498868868 ) ) ;
#55 = CARTESIAN_POINT ( 'NONE',  ( 0.000000000000000000, 0.000000000000000000, 56.27070040501133974 ) ) ;
#56 = ORIENTED_EDGE ( 'NONE', *, *, #80, .F. ) ;
#57 = CARTESIAN_POINT ( 'NONE',  ( 0.000000000000000000, 170.0000000000000284, 52.77070040501133974 ) ) ;
#58 = CARTESIAN_POINT ( 'NONE',  ( -116.8162211128006618, -53.49520321936631007, 22.52276728984702814 ) ) ;
#59 = ORIENTED_EDGE ( 'NONE', *, *, #7715, .F. ) ;
#60 = CARTESIAN_POINT ( 'NONE',  ( -85.11947774835003599, 110.5870274429248212, 22.54096440409502833 ) ) ;
#61 = VERTEX_POINT ( 'NONE', #5057 ) ;
#62 = CARTESIAN_POINT ( 'NONE',  ( 87.78841067747710269, -105.6214629634992264, 22.02464488920372432 ) ) ;
#63 = CARTESIAN_POINT ( 'NONE',  ( 0.000000000000000000, 0.000000000000000000, -65.77070040501132553 ) ) ;
#64 = CARTESIAN_POINT ( 'NONE',  ( -620.9863447858018617, 310.4931723929007603, -90.48823014889568128 ) ) ;
#65 = CARTESIAN_POINT ( 'NONE',  ( 84.91579334389194855, 91.34646453163082924, 19.43615847163813370 ) ) ;
#66 = CARTESIAN_POINT ( 'NONE',  ( 0.000000000000000000, 0.000000000000000000, 99.49999999999995737 ) ) ;
#67 = CARTESIAN_POINT ( 'NONE',  ( 3.593004625612164980E-14, -293.3910926900519485, -94.50000000000000000 ) ) ;
#68 = CARTESIAN_POINT ( 'NONE',  ( -172.6000000000000227, 2.113740375328332191E-14, 35.77057939344513215 ) ) ;
#69 = CARTESIAN_POINT ( 'NONE',  ( 0.000000000000000000, 0.000000000000000000, 20.21482714528789870 ) ) ;
#70 = FACE_BOUND ( 'NONE', #2999, .T. ) ;
#71 = EDGE_CURVE ( 'NONE', #1168, #6850, #4871, .T. ) ;
#72 = CARTESIAN_POINT ( 'NONE',  ( 6.622352881553545068, -138.4856506575416120, 24.89571590026188730 ) ) ;
#73 = ORIENTED_EDGE ( 'NONE', *, *, #6266, .T. ) ;
#74 = DIRECTION ( 'NONE',  ( -0.000000000000000000, -0.000000000000000000, 1.000000000000000000 ) ) ;
#75 = VERTEX_POINT ( 'NONE', #340 ) ;
#76 = FACE_BOUND ( 'NONE', #4630, .T. ) ;
#77 = CARTESIAN_POINT ( 'NONE',  ( 0.8223632371938933705, 139.9832323228489770, 22.64216318035250097 ) ) ;
#78 = CARTESIAN_POINT ( 'NONE',  ( 85.86946734534987513, 109.5807113612381301, 25.03006753729253830 ) ) ;
#79 = DIRECTION ( 'NONE',  ( -0.000000000000000000, -0.000000000000000000, 1.000000000000000000 ) ) ;
#80 = EDGE_CURVE ( 'NONE', #7280, #2024, #6335, .T. ) ;
#81 = CARTESIAN_POINT ( 'NONE',  ( 151.5999999999999375, 1.856564547507386802E-14, 36.24442096338251673 ) ) ;
#82 = CARTESIAN_POINT ( 'NONE',  ( 3.949485927250214208E-14, -322.5000000000000000, -65.77070040501132553 ) ) ;
#83 = VERTEX_POINT ( 'NONE', #7103 ) ;
#84 = ORIENTED_EDGE ( 'NONE', *, *, #3330, .T. ) ;
#85 = CARTESIAN_POINT ( 'NONE',  ( -132.1896718304795115, -31.67523965882154613, 24.26251985596630689 ) ) ;
#86 = DIRECTION ( 'NONE',  ( -0.000000000000000000, -0.000000000000000000, 1.000000000000000000 ) ) ;
#87 = FACE_BOUND ( 'NONE', #5580, .T. ) ;
#88 = DIRECTION ( 'NONE',  ( -0.000000000000000000, -0.000000000000000000, 1.000000000000000000 ) ) ;
#89 = CARTESIAN_POINT ( 'NONE',  ( 0.000000000000000000, 0.000000000000000000, -99.49999999999995737 ) ) ;
#90 = CARTESIAN_POINT ( 'NONE',  ( -644.9999999999998863, -322.5000000000000568, -83.74324804101253505 ) ) ;
#91 = CIRCLE ( 'NONE', #5609, 129.0241567926366031 ) ;
#92 = ORIENTED_EDGE ( 'NONE', *, *, #7715, .T. ) ;
#93 = DIRECTION ( 'NONE',  ( 1.000000000000000000, 0.000000000000000000, 0.000000000000000000 ) ) ;
#94 = ORIENTED_EDGE ( 'NONE', *, *, #3391, .T. ) ;
#95 = CARTESIAN_POINT ( 'NONE',  ( -78.54017444274082038, 115.2633386051900288, 22.52341663800065774 ) ) ;
#96 = CARTESIAN_POINT ( 'NONE',  ( -593.7421166591421979, -296.8710583295710990, 94.26337537733880367 ) ) ;
#97 = DIRECTION ( 'NONE',  ( 1.000000000000000000, 0.000000000000000000, 0.000000000000000000 ) ) ;
#98 = EDGE_CURVE ( 'NONE', #5726, #3537, #3555, .T. ) ;
#99 = CARTESIAN_POINT ( 'NONE',  ( 0.000000000000000000, 0.000000000000000000, 35.77057939344513215 ) ) ;
#100 = AXIS2_PLACEMENT_3D ( 'NONE', #1842, #6171, #640 ) ;
#101 = VERTEX_POINT ( 'NONE', #899 ) ;
#102 = CARTESIAN_POINT ( 'NONE',  ( -73.47315653655857659, -101.1271242968688426, 19.36299596820718705 ) ) ;
#103 = CC_DESIGN_PERSON_AND_ORGANIZATION_ASSIGNMENT ( #1463, #1313, ( #5307 ) ) ;
#104 = CARTESIAN_POINT ( 'NONE',  ( -133.8820645368940632, -38.62712429686894922, 25.05948377397437454 ) ) ;
#105 = CARTESIAN_POINT ( 'NONE',  ( 14.99062835740331323, 124.3861477005087863, 22.02048096753083328 ) ) ;
#106 = APPROVAL_STATUS ( 'not_yet_approved' ) ;
#107 = VERTEX_POINT ( 'NONE', #1548 ) ;
#108 = CARTESIAN_POINT ( 'NONE',  ( -2.550623558376911991E-14, -208.2742191587611558, 99.50000000000000000 ) ) ;
#109 = CIRCLE ( 'NONE', #4605, 15.00000000000000000 ) ;
#110 = ORIENTED_EDGE ( 'NONE', *, *, #3561, .F. ) ;
#111 = EDGE_CURVE ( 'NONE', #1237, #7404, #3709, .T. ) ;
#112 = CARTESIAN_POINT ( 'NONE',  ( 153.6961940777119082, 1.882235521184002369E-14, 9.978718383522322100 ) ) ;
#113 = CARTESIAN_POINT ( 'NONE',  ( -63.94909740123711117, -112.7155796549784696, 20.21482714528789870 ) ) ;
#114 = CARTESIAN_POINT ( 'NONE',  ( 110.8990637958521432, -51.32640377125147779, 21.86299596820718349 ) ) ;
#115 = CARTESIAN_POINT ( 'NONE',  ( -60.70287990626808750, 17.66032122852809394, -3.460512242138308103 ) ) ;
#116 = CARTESIAN_POINT ( 'NONE',  ( 123.0332637692833231, -24.21010276464493316, 22.03189631803965298 ) ) ;
#117 = AXIS2_PLACEMENT_3D ( 'NONE', #5053, #2628, #4568 ) ;
#118 = ORIENTED_EDGE ( 'NONE', *, *, #1386, .T. ) ;
#119 = CARTESIAN_POINT ( 'NONE',  ( 633.8768442980406235, -316.9384221490203117, -79.84641328172391184 ) ) ;
#120 = ORIENTED_EDGE ( 'NONE', *, *, #3498, .F. ) ;
#121 = VERTEX_POINT ( 'NONE', #3479 ) ;
#122 = EDGE_CURVE ( 'NONE', #2255, #749, #91, .T. ) ;
#123 = LINE ( 'NONE', #4429, #6192 ) ;
#124 = CIRCLE ( 'NONE', #3327, 129.0241567926366031 ) ;
#125 = CARTESIAN_POINT ( 'NONE',  ( -14.92405422597115106, 123.4607553984062349, 21.93915172446382655 ) ) ;
#126 = FACE_BOUND ( 'NONE', #7005, .T. ) ;
#127 = DIRECTION ( 'NONE',  ( -1.000000000000000000, 0.000000000000000000, 0.000000000000000000 ) ) ;
#128 = DIRECTION ( 'NONE',  ( -0.000000000000000000, -0.000000000000000000, 1.000000000000000000 ) ) ;
#129 = CARTESIAN_POINT ( 'NONE',  ( -2.345142589116668513E-14, -191.4954247011830830, 89.88689247745783462 ) ) ;
#130 = CIRCLE ( 'NONE', #1146, 15.00000000000000000 ) ;
#131 = CIRCLE ( 'NONE', #2424, 80.00000000000000000 ) ;
#132 = ORIENTED_EDGE ( 'NONE', *, *, #2709, .F. ) ;
#133 = ORIENTED_EDGE ( 'NONE', *, *, #2245, .F. ) ;
#134 = CARTESIAN_POINT ( 'NONE',  ( -74.38059014231180299, 116.1162491661222305, 22.15404498895824759 ) ) ;
#135 = ORIENTED_EDGE ( 'NONE', *, *, #3435, .F. ) ;
#136 = FACE_OUTER_BOUND ( 'NONE', #4164, .T. ) ;
#137 = VECTOR ( 'NONE', #439, 1000.000000000000000 ) ;
#138 = CIRCLE ( 'NONE', #6855, 175.0999999999999943 ) ;
#139 = CARTESIAN_POINT ( 'NONE',  ( -86.95313998550041390, -94.51821086494680912, 19.95988050074418751 ) ) ;
#140 = CONICAL_SURFACE ( 'NONE', #6199, 147.5999999999999375, 0.7853981633974479459 ) ;
#141 = DIRECTION ( 'NONE',  ( 1.000000000000000000, 0.000000000000000000, 0.000000000000000000 ) ) ;
#142 = AXIS2_PLACEMENT_3D ( 'NONE', #5245, #7745, #2177 ) ;
#143 = VERTEX_POINT ( 'NONE', #4572 ) ;
#144 = FACE_OUTER_BOUND ( 'NONE', #3624, .T. ) ;
#145 = DIRECTION ( 'NONE',  ( 0.000000000000000000, 0.000000000000000000, -1.000000000000000000 ) ) ;
#146 = CARTESIAN_POINT ( 'NONE',  ( 360.1999999999999886, 180.1000000000000227, -68.44440677895181580 ) ) ;
#147 = CARTESIAN_POINT ( 'NONE',  ( 60.70287990626782459, 17.66032122852886133, 17.00000000000000000 ) ) ;
#148 = ADVANCED_FACE ( 'NONE', ( #5985 ), #1884, .T. ) ;
#149 = FACE_BOUND ( 'NONE', #4889, .T. ) ;
#150 = CIRCLE ( 'NONE', #7514, 4.000000000000003553 ) ;
#151 = ORIENTED_EDGE ( 'NONE', *, *, #213, .T. ) ;
#152 = CARTESIAN_POINT ( 'NONE',  ( -2.347490051841963511E-14, -175.0999999999999943, 65.77070040501132553 ) ) ;
#153 = AXIS2_PLACEMENT_3D ( 'NONE', #6257, #6176, #605 ) ;
#154 = EDGE_LOOP ( 'NONE', ( #4805, #7477, #1655, #7015 ) ) ;
#155 = CARTESIAN_POINT ( 'NONE',  ( 118.4181652623737335, 53.65581867328526755, 22.87875548163712480 ) ) ;
#156 = FACE_OUTER_BOUND ( 'NONE', #1800, .T. ) ;
#157 = DIRECTION ( 'NONE',  ( -0.000000000000000000, -0.000000000000000000, 1.000000000000000000 ) ) ;
#158 = DIRECTION ( 'NONE',  ( 1.000000000000000000, 0.000000000000000000, 0.000000000000000000 ) ) ;
#159 = CIRCLE ( 'NONE', #1946, 122.2006631523987323 ) ;
#160 = DIRECTION ( 'NONE',  ( -0.000000000000000000, -0.000000000000000000, 1.000000000000000000 ) ) ;
#161 = EDGE_CURVE ( 'NONE', #965, #6275, #7952, .T. ) ;
#162 = ADVANCED_FACE ( 'NONE', ( #3066 ), #7458, .T. ) ;
#163 = ORIENTED_EDGE ( 'NONE', *, *, #5157, .T. ) ;
#164 = ORIENTED_EDGE ( 'NONE', *, *, #6368, .F. ) ;
#165 = ORIENTED_EDGE ( 'NONE', *, *, #2074, .F. ) ;
#166 = CARTESIAN_POINT ( 'NONE',  ( 121.4992897069598996, -53.40562466117986418, 20.94487747047467252 ) ) ;
#167 = AXIS2_PLACEMENT_3D ( 'NONE', #4779, #2913, #3642 ) ;
#168 = DIRECTION ( 'NONE',  ( -1.000000000000000000, 1.224646799147354193E-16, 0.000000000000000000 ) ) ;
#169 = CARTESIAN_POINT ( 'NONE',  ( 4.225035944583997782, 139.4184408796378989, 25.09149735017777516 ) ) ;
#170 = FACE_BOUND ( 'NONE', #7698, .T. ) ;
#171 = CARTESIAN_POINT ( 'NONE',  ( 14.54461539145627036, 121.3320082995440856, 19.36299596820718349 ) ) ;
#172 = EDGE_CURVE ( 'NONE', #7865, #61, #6412, .T. ) ;
#173 = CARTESIAN_POINT ( 'NONE',  ( 402.2593809215250644, 201.1296904607624469, 93.80705434439103385 ) ) ;
#174 = CIRCLE ( 'NONE', #7284, 6.350000000000001421 ) ;
#175 = ORIENTED_EDGE ( 'NONE', *, *, #1130, .T. ) ;
#176 = EDGE_LOOP ( 'NONE', ( #750, #1891, #5627, #2478, #7729 ) ) ;
#177 = EDGE_LOOP ( 'NONE', ( #7702, #5305, #720, #1813, #4964, #3164, #3207, #2680 ) ) ;
#178 = DIRECTION ( 'NONE',  ( 1.000000000000000000, 0.000000000000000000, 0.000000000000000000 ) ) ;
#179 = VERTEX_POINT ( 'NONE', #7271 ) ;
#180 = CARTESIAN_POINT ( 'NONE',  ( 2.550623558376911991E-14, -208.2742191587611558, -94.50000000000000000 ) ) ;
#181 = CARTESIAN_POINT ( 'NONE',  ( -86.34974269059766527, -93.42693160127731744, 19.75136584310980936 ) ) ;
#182 = EDGE_CURVE ( 'NONE', #4051, #7516, #727, .T. ) ;
#183 = CARTESIAN_POINT ( 'NONE',  ( -126.9602443907737239, 25.98817615042896279, 20.21482714528789870 ) ) ;
#184 = VERTEX_POINT ( 'NONE', #1823 ) ;
#185 = DIRECTION ( 'NONE',  ( -0.000000000000000000, -0.000000000000000000, 1.000000000000000000 ) ) ;
#186 = LINE ( 'NONE', #699, #4722 ) ;
#187 = CARTESIAN_POINT ( 'NONE',  ( 0.000000000000000000, 191.8051228250735676, -99.50000000000000000 ) ) ;
#188 = DIRECTION ( 'NONE',  ( 1.000000000000000000, 0.000000000000000000, 0.000000000000000000 ) ) ;
#189 = APPROVAL_DATE_TIME ( #5494, #2943 ) ;
#190 = DIRECTION ( 'NONE',  ( 0.000000000000000000, 0.000000000000000000, -1.000000000000000000 ) ) ;
#191 = CARTESIAN_POINT ( 'NONE',  ( 2.381782502707780839E-14, -194.4873006948673435, -91.56960896611401779 ) ) ;
#192 = CYLINDRICAL_SURFACE ( 'NONE', #1238, 170.0000000000000284 ) ;
#193 = CARTESIAN_POINT ( 'NONE',  ( 119.4454463672773414, 53.65173693039523783, 23.09694491193970833 ) ) ;
#194 = CARTESIAN_POINT ( 'NONE',  ( -87.43752864693057347, -95.65023543885243384, 20.21482714528789870 ) ) ;
#195 = CARTESIAN_POINT ( 'NONE',  ( 60.56462321639853741, 108.7891555374558692, 21.94649008011844771 ) ) ;
#196 = B_SPLINE_CURVE_WITH_KNOTS ( 'NONE', 3,
 ( #449, #1003, #3009, #1691, #3584, #1762, #7367, #7817, #6550, #7940, #6007, #2244, #1047, #5439, #1085, #7294, #7855, #3507, #3543, #485, #2930, #2889, #1727, #2405, #2370, #568, #3460, #5926, #4830, #2852, #5396, #4226, #412, #2288, #5477, #4710, #7899, #2332 ),
 .UNSPECIFIED., .F., .F.,
 ( 4, 2, 2, 2, 2, 2, 2, 2, 2, 2, 2, 2, 2, 2, 2, 2, 2, 2, 4 ),
 ( 9.134320353684367444E-07, 0.004326455173506035812, 0.005407840608873674265, 0.006489226044241314453, 0.008651996914976554931, 0.009733382350344153486, 0.01081476778571174857, 0.01297753865644694568, 0.01514030952718214106, 0.01622169496254971879, 0.01730308039791729827, 0.01946585126865247456, 0.02162862213938764738, 0.02379139301012282368, 0.02487277844549038580, 0.02595416388085794446, 0.03027970562232813398, 0.03244247649306323394, 0.03460524736379833044 ),
 .UNSPECIFIED. ) ;
#197 = FACE_OUTER_BOUND ( 'NONE', #176, .T. ) ;
#198 = EDGE_LOOP ( 'NONE', ( #4417, #1230, #6702, #1328 ) ) ;
#199 = ADVANCED_FACE ( 'NONE', ( #6111 ), #4589, .T. ) ;
#200 = ORIENTED_EDGE ( 'NONE', *, *, #6465, .F. ) ;
#201 = ORIENTED_EDGE ( 'NONE', *, *, #2864, .T. ) ;
#202 = DIRECTION ( 'NONE',  ( -0.000000000000000000, -0.000000000000000000, 1.000000000000000000 ) ) ;
#203 = CARTESIAN_POINT ( 'NONE',  ( -80.00000000000000000, 9.797174393178826052E-15, 27.00000000000000000 ) ) ;
#204 = EDGE_CURVE ( 'NONE', #7988, #5383, #7410, .T. ) ;
#205 = CARTESIAN_POINT ( 'NONE',  ( 0.000000000000000000, 0.000000000000000000, 19.16641954272702009 ) ) ;
#206 = DIRECTION ( 'NONE',  ( 1.000000000000000000, 0.000000000000000000, 0.000000000000000000 ) ) ;
#207 = CARTESIAN_POINT ( 'NONE',  ( 130.8299822704228461, -29.55267255833858187, 21.27367481845086061 ) ) ;
#208 = CARTESIAN_POINT ( 'NONE',  ( -2.282063934031823528E-14, -186.3446616298417950, 85.37267775845593576 ) ) ;
#209 = ORIENTED_EDGE ( 'NONE', *, *, #4646, .T. ) ;
#210 = ORIENTED_EDGE ( 'NONE', *, *, #3816, .T. ) ;
#211 = ORIENTED_EDGE ( 'NONE', *, *, #5675, .F. ) ;
#212 = DIRECTION ( 'NONE',  ( 1.000000000000000000, 0.000000000000000000, 0.000000000000000000 ) ) ;
#213 = EDGE_CURVE ( 'NONE', #4580, #1886, #983, .T. ) ;
#214 = CARTESIAN_POINT ( 'NONE',  ( 82.30267103671590689, -113.2743240185671425, 22.64923644136578318 ) ) ;
#215 = CARTESIAN_POINT ( 'NONE',  ( -586.7821853801037832, 293.3910926900517211, -94.50000000000000000 ) ) ;
#216 = CYLINDRICAL_SURFACE ( 'NONE', #1510, 172.6000000000000227 ) ;
#217 = ORIENTED_EDGE ( 'NONE', *, *, #1187, .F. ) ;
#218 = CARTESIAN_POINT ( 'NONE',  ( 0.000000000000000000, 0.000000000000000000, 65.77070040501132553 ) ) ;
#219 = ORIENTED_EDGE ( 'NONE', *, *, #1836, .F. ) ;
#220 = VECTOR ( 'NONE', #4374, 1000.000000000000000 ) ;
#221 = CARTESIAN_POINT ( 'NONE',  ( 3.847138617391237819E-14, -314.1427079276870131, -87.18980760446915212 ) ) ;
#222 = EDGE_CURVE ( 'NONE', #2618, #5544, #7712, .T. ) ;
#223 = DIRECTION ( 'NONE',  ( -0.000000000000000000, -0.000000000000000000, 1.000000000000000000 ) ) ;
#224 = CARTESIAN_POINT ( 'NONE',  ( 0.000000000000000000, 0.000000000000000000, 56.27070040501133974 ) ) ;
#225 = CARTESIAN_POINT ( 'NONE',  ( 0.000000000000000000, 302.7664859034306346, -93.41442136824588260 ) ) ;
#226 = CARTESIAN_POINT ( 'NONE',  ( -153.6961940777119082, 0.000000000000000000, 9.978718383522322100 ) ) ;
#227 = CARTESIAN_POINT ( 'NONE',  ( 0.000000000000000000, 175.0999999999999943, 89.50634777422294519 ) ) ;
#228 = CARTESIAN_POINT ( 'NONE',  ( 59.55032408116537113, -106.7087671033369105, 21.86299596820718349 ) ) ;
#229 = AXIS2_PLACEMENT_3D ( 'NONE', #474, #3531, #7808 ) ;
#230 = FACE_BOUND ( 'NONE', #4698, .T. ) ;
#231 = CARTESIAN_POINT ( 'NONE',  ( 39.94192716851524239, -46.23532122852795112, 17.00000000000000000 ) ) ;
#232 = CARTESIAN_POINT ( 'NONE',  ( -133.8552744695407739, 39.65922536824377431, 22.55363248558848355 ) ) ;
#233 = ORIENTED_EDGE ( 'NONE', *, *, #5315, .T. ) ;
#234 = ORIENTED_EDGE ( 'NONE', *, *, #975, .F. ) ;
#235 = EDGE_LOOP ( 'NONE', ( #2625, #3902, #6895, #2617 ) ) ;
#236 = CARTESIAN_POINT ( 'NONE',  ( 0.000000000000000000, 0.000000000000000000, 51.86299596820718705 ) ) ;
#237 = DIRECTION ( 'NONE',  ( -0.000000000000000000, -0.000000000000000000, 1.000000000000000000 ) ) ;
#238 = CARTESIAN_POINT ( 'NONE',  ( -147.5999999999999375, 1.807578675541492428E-14, 26.98809383705458487 ) ) ;
#239 = CARTESIAN_POINT ( 'NONE',  ( 0.000000000000000000, 0.000000000000000000, 49.52347715474393652 ) ) ;
#240 = AXIS2_PLACEMENT_3D ( 'NONE', #2673, #5217, #6404 ) ;
#241 = ADVANCED_FACE ( 'NONE', ( #4168 ), #2269, .T. ) ;
#242 = CARTESIAN_POINT ( 'NONE',  ( 0.000000000000000000, 0.000000000000000000, 51.86299596820718705 ) ) ;
#243 = DIRECTION ( 'NONE',  ( -0.000000000000000000, -0.000000000000000000, 1.000000000000000000 ) ) ;
#244 = ORIENTED_EDGE ( 'NONE', *, *, #1771, .F. ) ;
#245 = ORIENTED_EDGE ( 'NONE', *, *, #6885, .T. ) ;
#246 = CARTESIAN_POINT ( 'NONE',  ( -2.528508904446387929E-14, -206.4684206259987889, 94.49999999999997158 ) ) ;
#247 = CARTESIAN_POINT ( 'NONE',  ( 75.08217261280788080, -116.0572973444352272, 22.23112356978450421 ) ) ;
#248 = DIRECTION ( 'NONE',  ( -0.000000000000000000, -0.000000000000000000, 1.000000000000000000 ) ) ;
#249 = TOROIDAL_SURFACE ( 'NONE', #4386, 151.5999999999999375, 4.000000000000000000 ) ;
#250 = AXIS2_PLACEMENT_3D ( 'NONE', #4360, #578, #4923 ) ;
#251 = CARTESIAN_POINT ( 'NONE',  ( -605.5329718068612692, 302.7664859034304641, -93.41442136824589682 ) ) ;
#252 = ADVANCED_FACE ( 'NONE', ( #4930 ), #1781, .F. ) ;
#253 = EDGE_CURVE ( 'NONE', #3210, #6285, #6659, .T. ) ;
#254 = CARTESIAN_POINT ( 'NONE',  ( 168.6000000000000227, 0.000000000000000000, -63.72929959498868868 ) ) ;
#255 = ORIENTED_EDGE ( 'NONE', *, *, #4333, .F. ) ;
#256 = CARTESIAN_POINT ( 'NONE',  ( -170.0000000000000284, -2.081899558550500990E-14, -57.77070040501134685 ) ) ;
#257 = TOROIDAL_SURFACE ( 'NONE', #7886, 166.6000000000000227, 1.500000000000000000 ) ;
#258 = ORIENTED_EDGE ( 'NONE', *, *, #705, .T. ) ;
#259 = AXIS2_PLACEMENT_3D ( 'NONE', #1496, #378, #843 ) ;
#260 = CARTESIAN_POINT ( 'NONE',  ( 0.000000000000000000, 0.000000000000000000, 11.86299596820718527 ) ) ;
#261 = CARTESIAN_POINT ( 'NONE',  ( -124.3963422439163224, 24.66564874613211700, 22.21500007047570691 ) ) ;
#262 = AXIS2_PLACEMENT_3D ( 'NONE', #6504, #4509, #912 ) ;
#263 = VECTOR ( 'NONE', #7815, 1000.000000000000000 ) ;
#264 = EDGE_CURVE ( 'NONE', #5041, #4407, #1860, .T. ) ;
#265 = CARTESIAN_POINT ( 'NONE',  ( -118.8820645368943332, 38.62712429686809656, 21.86299596820718349 ) ) ;
#266 = EDGE_LOOP ( 'NONE', ( #1282, #5167 ) ) ;
#267 = LINE ( 'NONE', #6910, #2035 ) ;
#268 = CARTESIAN_POINT ( 'NONE',  ( 0.000000000000000000, 310.4931723929009877, 90.48823014889568128 ) ) ;
#269 = AXIS2_PLACEMENT_3D ( 'NONE', #5385, #3493, #7766 ) ;
#270 = CARTESIAN_POINT ( 'NONE',  ( -2.506412666873533872E-14, -204.6641259029620414, 94.36274905517983314 ) ) ;
#271 = FACE_OUTER_BOUND ( 'NONE', #4956, .T. ) ;
#272 = CARTESIAN_POINT ( 'NONE',  ( 14.67647721761633939, -128.1628914474657961, 20.07643710328332176 ) ) ;
#273 = ORIENTED_EDGE ( 'NONE', *, *, #4492, .F. ) ;
#274 = CIRCLE ( 'NONE', #4775, 122.2006631523987323 ) ;
#275 = CARTESIAN_POINT ( 'NONE',  ( -65.73039270231117825, 114.0525744329190871, 23.25917776592062225 ) ) ;
#276 = VERTEX_POINT ( 'NONE', #3714 ) ;
#277 = ORIENTED_EDGE ( 'NONE', *, *, #18, .T. ) ;
#278 = CARTESIAN_POINT ( 'NONE',  ( 14.54461539145625260, -121.3320082995440856, 21.86299596820718349 ) ) ;
#279 = CARTESIAN_POINT ( 'NONE',  ( -15.00000000000000355, -124.9999999999999858, 19.57385387393575371 ) ) ;
#280 = DIRECTION ( 'NONE',  ( -0.000000000000000000, -0.000000000000000000, 1.000000000000000000 ) ) ;
#281 = FACE_OUTER_BOUND ( 'NONE', #4067, .T. ) ;
#282 = AXIS2_PLACEMENT_3D ( 'NONE', #6223, #4916, #1207 ) ;
#283 = DIRECTION ( 'NONE',  ( -0.000000000000000000, -0.000000000000000000, 1.000000000000000000 ) ) ;
#284 = CARTESIAN_POINT ( 'NONE',  ( -2.463128316362707909E-14, -201.1296904607625322, 93.80705434439103385 ) ) ;
#285 = CARTESIAN_POINT ( 'NONE',  ( -73.96106078752933399, 116.1366334265902509, 24.67259461115264685 ) ) ;
#286 = CIRCLE ( 'NONE', #7136, 148.7715728752537530 ) ;
#287 = VERTEX_POINT ( 'NONE', #464 ) ;
#288 = ORIENTED_EDGE ( 'NONE', *, *, #5556, .T. ) ;
#289 = CARTESIAN_POINT ( 'NONE',  ( 0.000000000000000000, 191.4954247011830830, 89.88689247745783462 ) ) ;
#290 = ORIENTED_EDGE ( 'NONE', *, *, #6832, .F. ) ;
#291 = CARTESIAN_POINT ( 'NONE',  ( 375.0390734074504167, -187.5195367037252083, -86.64764840476198060 ) ) ;
#292 = DIRECTION ( 'NONE',  ( -0.000000000000000000, -0.000000000000000000, 1.000000000000000000 ) ) ;
#293 = CIRCLE ( 'NONE', #3236, 15.00000000000000000 ) ;
#294 = CARTESIAN_POINT ( 'NONE',  ( -605.5329718068611555, -302.7664859034306915, -93.41442136824589682 ) ) ;
#295 = ORIENTED_EDGE ( 'NONE', *, *, #1474, .T. ) ;
#296 = DIRECTION ( 'NONE',  ( -0.000000000000000000, -0.000000000000000000, 1.000000000000000000 ) ) ;
#297 = EDGE_LOOP ( 'NONE', ( #7234, #1336, #879, #3580, #7744 ) ) ;
#298 = CARTESIAN_POINT ( 'NONE',  ( -15.00000000000000355, 124.9999999999874518, 19.57385387393431841 ) ) ;
#299 = CIRCLE ( 'NONE', #7543, 129.5927812626564162 ) ;
#300 = EDGE_CURVE ( 'NONE', #121, #61, #6546, .T. ) ;
#301 = FACE_OUTER_BOUND ( 'NONE', #4101, .T. ) ;
#302 = EDGE_CURVE ( 'NONE', #1080, #7260, #603, .T. ) ;
#303 = CARTESIAN_POINT ( 'NONE',  ( 322.5000000000000000, 0.000000000000000000, 65.77070040501132553 ) ) ;
#304 = CARTESIAN_POINT ( 'NONE',  ( 2.550623558376911991E-14, -208.2742191587611558, -94.50000000000000000 ) ) ;
#305 = CARTESIAN_POINT ( 'NONE',  ( 117.9884619973331894, 53.60048312183923969, 20.21482714528789870 ) ) ;
#306 = DIRECTION ( 'NONE',  ( 1.000000000000000000, 0.000000000000000000, 0.000000000000000000 ) ) ;
#307 = CARTESIAN_POINT ( 'NONE',  ( 0.000000000000000000, 311.1572994331259565, 90.05439378584783583 ) ) ;
#308 = CARTESIAN_POINT ( 'NONE',  ( 0.000000000000000000, 0.000000000000000000, 57.77070040501133974 ) ) ;
#309 = EDGE_CURVE ( 'NONE', #1959, #6193, #186, .T. ) ;
#310 = DIRECTION ( 'NONE',  ( 1.000000000000000000, 0.000000000000000000, 0.000000000000000000 ) ) ;
#311 = DIRECTION ( 'NONE',  ( -0.000000000000000000, -0.000000000000000000, 1.000000000000000000 ) ) ;
#312 = ORIENTED_EDGE ( 'NONE', *, *, #7574, .T. ) ;
#313 = EDGE_LOOP ( 'NONE', ( #4162, #1390, #5712, #2886, #6058 ) ) ;
#314 = VERTEX_POINT ( 'NONE', #7626 ) ;
#315 = CARTESIAN_POINT ( 'NONE',  ( 133.8820645368945748, -38.62712429686728655, 14.49999999999999822 ) ) ;
#316 = CARTESIAN_POINT ( 'NONE',  ( -85.30430585716347025, -91.90177078661744758, 22.03165578865295515 ) ) ;
#317 = DIRECTION ( 'NONE',  ( -0.000000000000000000, -0.000000000000000000, 1.000000000000000000 ) ) ;
#318 = EDGE_CURVE ( 'NONE', #107, #4503, #4192, .T. ) ;
#319 = CARTESIAN_POINT ( 'NONE',  ( -132.7857389094423297, -44.28072449072755745, 25.20674343933889361 ) ) ;
#320 = DIRECTION ( 'NONE',  ( 0.000000000000000000, 0.000000000000000000, -1.000000000000000000 ) ) ;
#321 = CARTESIAN_POINT ( 'NONE',  ( -644.9999999999998863, -322.4999999999999432, 65.77070040501132553 ) ) ;
#322 = VERTEX_POINT ( 'NONE', #1978 ) ;
#323 = VERTEX_POINT ( 'NONE', #6977 ) ;
#324 = ORIENTED_EDGE ( 'NONE', *, *, #3098, .F. ) ;
#325 = CARTESIAN_POINT ( 'NONE',  ( -2.345142589116668513E-14, -191.4954247011830830, 89.88689247745783462 ) ) ;
#326 = CARTESIAN_POINT ( 'NONE',  ( 0.000000000000000000, 186.3446616298417950, -85.37267775845593576 ) ) ;
#327 = CARTESIAN_POINT ( 'NONE',  ( 2.441942374755004378E-14, -199.3997270441714136, -93.38869490038416643 ) ) ;
#328 = CARTESIAN_POINT ( 'NONE',  ( -3.824940740472629338E-14, -312.3301137222341595, 89.15235216125219608 ) ) ;
#329 = CARTESIAN_POINT ( 'NONE',  ( 3.783765040636914280E-14, -308.9678626744722578, -91.31556125657976963 ) ) ;
#330 = CARTESIAN_POINT ( 'NONE',  ( 3.593004625612164980E-14, -293.3910926900519485, -94.50000000000000000 ) ) ;
#331 = ORIENTED_EDGE ( 'NONE', *, *, #5581, .F. ) ;
#332 = DIRECTION ( 'NONE',  ( -1.000000000000000000, 0.000000000000000000, 0.000000000000000000 ) ) ;
#333 = ORIENTED_EDGE ( 'NONE', *, *, #6695, .T. ) ;
#334 = DIRECTION ( 'NONE',  ( -0.000000000000000000, -0.000000000000000000, 1.000000000000000000 ) ) ;
#335 = CARTESIAN_POINT ( 'NONE',  ( 0.000000000000000000, 204.6641259029620414, -94.36274905517983314 ) ) ;
#336 = FACE_BOUND ( 'NONE', #7573, .T. ) ;
#337 = ADVANCED_FACE ( 'NONE', ( #1424 ), #2523, .F. ) ;
#338 = CARTESIAN_POINT ( 'NONE',  ( 2.296452004018117716E-14, -187.5195367037252652, -86.64764840476198060 ) ) ;
#339 = EDGE_CURVE ( 'NONE', #7563, #787, #3560, .T. ) ;
#340 = CARTESIAN_POINT ( 'NONE',  ( -87.20541043529262026, 95.09179473994079501, 22.64930167012784423 ) ) ;
#341 = DIRECTION ( 'NONE',  ( -0.000000000000000000, -0.000000000000000000, 1.000000000000000000 ) ) ;
#342 = CARTESIAN_POINT ( 'NONE',  ( -629.7121051260187414, -314.8560525630093707, 86.09637062918555728 ) ) ;
#343 = CARTESIAN_POINT ( 'NONE',  ( 132.3187826067049571, 31.93059049394290128, 21.73850469220598924 ) ) ;
#344 = CARTESIAN_POINT ( 'NONE',  ( 166.5999999999999943, 2.040261567379490471E-14, 56.27070040501133974 ) ) ;
#345 = DIRECTION ( 'NONE',  ( -0.000000000000000000, -0.000000000000000000, 1.000000000000000000 ) ) ;
#346 = VERTEX_POINT ( 'NONE', #4967 ) ;
#347 = CARTESIAN_POINT ( 'NONE',  ( -133.4431205615029512, 42.26732943925993879, 25.20737613499172625 ) ) ;
#348 = ADVANCED_FACE ( 'NONE', ( #3826 ), #5366, .T. ) ;
#349 = EDGE_CURVE ( 'NONE', #2770, #2793, #6407, .T. ) ;
#350 = ORIENTED_EDGE ( 'NONE', *, *, #6672, .F. ) ;
#351 = CIRCLE ( 'NONE', #1117, 122.2006631523987323 ) ;
#352 = EDGE_LOOP ( 'NONE', ( #932, #2415, #691, #4875, #5922 ) ) ;
#353 = DIRECTION ( 'NONE',  ( -0.000000000000000000, -0.000000000000000000, 1.000000000000000000 ) ) ;
#354 = CARTESIAN_POINT ( 'NONE',  ( 0.000000000000000000, 0.000000000000000000, 24.55361931221464289 ) ) ;
#355 = DIRECTION ( 'NONE',  ( 1.000000000000000000, 0.000000000000000000, 0.000000000000000000 ) ) ;
#356 = CARTESIAN_POINT ( 'NONE',  ( 68.67364531773101533, 115.3430176620615413, 23.86726836958537845 ) ) ;
#357 = B_SPLINE_CURVE_WITH_KNOTS ( 'NONE', 3,
 ( #984, #2231, #5905, #3441, #272, #2832 ),
 .UNSPECIFIED., .F., .F.,
 ( 4, 2, 4 ),
 ( 0.01189279780652644294, 0.01381480450270086528, 0.01573681119887528762 ),
 .UNSPECIFIED. ) ;
#358 = CARTESIAN_POINT ( 'NONE',  ( 634.8644529421568450, -317.4322264710785362, 74.34416061146622212 ) ) ;
#359 = AXIS2_PLACEMENT_3D ( 'NONE', #1665, #6616, #7146 ) ;
#360 = CARTESIAN_POINT ( 'NONE',  ( -84.99698330002954094, 110.7360577856954080, 25.11841270827929051 ) ) ;
#361 = CARTESIAN_POINT ( 'NONE',  ( 4.411177770528767736E-14, 180.1000000000000512, 68.44440677895181580 ) ) ;
#362 = EDGE_CURVE ( 'NONE', #4974, #1556, #5230, .T. ) ;
#363 = EDGE_LOOP ( 'NONE', ( #2357, #1133, #2434, #6116 ) ) ;
#364 = VERTEX_POINT ( 'NONE', #104 ) ;
#365 = CARTESIAN_POINT ( 'NONE',  ( 0.000000000000000000, 196.0784394913188748, 92.26983495602148366 ) ) ;
#366 = ORIENTED_EDGE ( 'NONE', *, *, #1474, .F. ) ;
#367 = TOROIDAL_SURFACE ( 'NONE', #1520, 168.5999999999999943, 4.000000000000000000 ) ;
#368 = DIRECTION ( 'NONE',  ( 1.000000000000000000, 0.000000000000000000, 0.000000000000000000 ) ) ;
#369 = CARTESIAN_POINT ( 'NONE',  ( 0.000000000000000000, 180.3350322519586939, -70.87866810663061301 ) ) ;
#370 = CARTESIAN_POINT ( 'NONE',  ( 2.205588885264383237E-14, -180.1000000000000227, -65.77070040501131132 ) ) ;
#371 = DIRECTION ( 'NONE',  ( -1.000000000000000000, 0.000000000000000000, 0.000000000000000000 ) ) ;
#372 = CARTESIAN_POINT ( 'NONE',  ( 631.9686387462807033, -315.9843193731403517, -83.60197795724438663 ) ) ;
#373 = CARTESIAN_POINT ( 'NONE',  ( 0.8657338181351654782, -139.9999253432409034, 25.21293298352185985 ) ) ;
#374 = ORIENTED_EDGE ( 'NONE', *, *, #4079, .T. ) ;
#375 = DIRECTION ( 'NONE',  ( -0.000000000000000000, -0.000000000000000000, 1.000000000000000000 ) ) ;
#376 = CARTESIAN_POINT ( 'NONE',  ( 0.000000000000000000, 190.0946089192151192, 88.90489066047071276 ) ) ;
#377 = VERTEX_POINT ( 'NONE', #4366 ) ;
#378 = DIRECTION ( 'NONE',  ( -0.000000000000000000, -0.000000000000000000, 1.000000000000000000 ) ) ;
#379 = ORIENTED_EDGE ( 'NONE', *, *, #5675, .T. ) ;
#380 = AXIS2_PLACEMENT_3D ( 'NONE', #2463, #7342, #1814 ) ;
#381 = CARTESIAN_POINT ( 'NONE',  ( 0.000000000000000000, 201.1296904607625322, -93.80705434439103385 ) ) ;
#382 = DIRECTION ( 'NONE',  ( -0.000000000000000000, -0.000000000000000000, 1.000000000000000000 ) ) ;
#383 = VECTOR ( 'NONE', #4891, 1000.000000000000114 ) ;
#384 = DIRECTION ( 'NONE',  ( 0.000000000000000000, 0.000000000000000000, -1.000000000000000000 ) ) ;
#385 = CARTESIAN_POINT ( 'NONE',  ( 133.0197529654241180, 43.66616131439869974, 22.64626186173373412 ) ) ;
#386 = EDGE_CURVE ( 'NONE', #6251, #5380, #2004, .T. ) ;
#387 = CARTESIAN_POINT ( 'NONE',  ( 0.000000000000000000, 0.000000000000000000, -55.72929959498868158 ) ) ;
#388 = CARTESIAN_POINT ( 'NONE',  ( -633.8768442980406235, -316.9384221490203117, 79.84641328172391184 ) ) ;
#389 = CARTESIAN_POINT ( 'NONE',  ( 130.6424287815504783, 29.31091179305207106, 21.21854017804038861 ) ) ;
#390 = DIRECTION ( 'NONE',  ( -1.224646799147353207E-16, 1.000000000000000000, 0.000000000000000000 ) ) ;
#391 = CIRCLE ( 'NONE', #7370, 15.00000000000000000 ) ;
#392 = CARTESIAN_POINT ( 'NONE',  ( -124.8917717774943270, 52.40754686716340416, 21.58060952524856901 ) ) ;
#393 = ORIENTED_EDGE ( 'NONE', *, *, #3951, .F. ) ;
#394 = AXIS2_PLACEMENT_3D ( 'NONE', #4227, #6841, #6720 ) ;
#395 = CIRCLE ( 'NONE', #7231, 82.84312235009910808 ) ;
#396 = ORIENTED_EDGE ( 'NONE', *, *, #7347, .T. ) ;
#397 = CARTESIAN_POINT ( 'NONE',  ( -131.5421850551451826, 30.55609480522424803, 24.05529523895670962 ) ) ;
#398 = CARTESIAN_POINT ( 'NONE',  ( 147.5999999999999375, 1.807578675541492428E-14, 26.98809383705458487 ) ) ;
#399 = CARTESIAN_POINT ( 'NONE',  ( -87.20541043529262026, 95.09179473994079501, 22.64930167012784423 ) ) ;
#400 = CARTESIAN_POINT ( 'NONE',  ( 172.6000000000000227, 0.000000000000000000, 35.77057939344513215 ) ) ;
#401 = EDGE_CURVE ( 'NONE', #4222, #6101, #2014, .T. ) ;
#402 = ADVANCED_FACE ( 'NONE', ( #4410 ), #3269, .F. ) ;
#403 = CIRCLE ( 'NONE', #6736, 150.0999999999999375 ) ;
#404 = B_SPLINE_CURVE_WITH_KNOTS ( 'NONE', 3,
 ( #7853, #4152, #6005, #6641, #3581, #6050, #4266, #4909, #2402, #1841, #6918, #6837, #85, #3087, #2567, #3127, #1363, #7406, #1240, #3806, #6169, #5031 ),
 .UNSPECIFIED., .F., .F.,
 ( 4, 2, 2, 2, 2, 2, 2, 2, 2, 2, 4 ),
 ( 0.02515213099131130906, 0.02613724095251317853, 0.02712235091371504453, 0.02909257083611878347, 0.03007768079732065294, 0.03106279075852252242, 0.03303301068092627524, 0.03500323060333002806, 0.03598834056453192876, 0.03697345052573382945, 0.04091389037054131428 ),
 .UNSPECIFIED. ) ;
#405 = CARTESIAN_POINT ( 'NONE',  ( 633.8768442980406235, -316.9384221490204823, 79.84641328172391184 ) ) ;
#406 = CARTESIAN_POINT ( 'NONE',  ( 4.452813467503069574E-14, 181.7999063323111386, 77.29528289382909634 ) ) ;
#407 = VERTEX_POINT ( 'NONE', #5734 ) ;
#408 = VERTEX_POINT ( 'NONE', #1083 ) ;
#409 = CARTESIAN_POINT ( 'NONE',  ( -2.205588885264383868E-14, -180.1000000000000512, 68.44440677895181580 ) ) ;
#410 = AXIS2_PLACEMENT_3D ( 'NONE', #5756, #5074, #795 ) ;
#411 = CARTESIAN_POINT ( 'NONE',  ( 0.000000000000000000, 0.000000000000000000, -52.77070040501134685 ) ) ;
#412 = CARTESIAN_POINT ( 'NONE',  ( -87.45346570019376031, -106.7530051439685366, 24.74484197743913683 ) ) ;
#413 = CARTESIAN_POINT ( 'NONE',  ( -4.690285178233337026E-14, 191.4954247011830830, -89.88689247745783462 ) ) ;
#414 = CARTESIAN_POINT ( 'NONE',  ( -3.888253587292845372E-14, -317.4999999999998863, 68.03790535064513278 ) ) ;
#415 = EDGE_CURVE ( 'NONE', #4302, #323, #4672, .T. ) ;
#416 = CARTESIAN_POINT ( 'NONE',  ( 3.773216894661273514E-14, -308.1065411911690717, -91.70875513312377336 ) ) ;
#417 = CARTESIAN_POINT ( 'NONE',  ( 1.717367095703179469, -139.9256921368211977, 25.19746232212918002 ) ) ;
#418 = AXIS2_PLACEMENT_3D ( 'NONE', #4614, #6575, #1027 ) ;
#419 = VERTEX_POINT ( 'NONE', #7939 ) ;
#420 = FACE_OUTER_BOUND ( 'NONE', #5195, .T. ) ;
#421 = ORIENTED_EDGE ( 'NONE', *, *, #2788, .T. ) ;
#422 = CARTESIAN_POINT ( 'NONE',  ( 1.671554547903115306, -139.9294686651328732, 22.63095958815693720 ) ) ;
#423 = ORIENTED_EDGE ( 'NONE', *, *, #2020, .T. ) ;
#424 = CARTESIAN_POINT ( 'NONE',  ( 0.000000000000000000, 0.000000000000000000, 51.86299596820718705 ) ) ;
#425 = CARTESIAN_POINT ( 'NONE',  ( 0.000000000000000000, 170.0000000000000284, -52.77070040501133974 ) ) ;
#426 = AXIS2_PLACEMENT_3D ( 'NONE', #2513, #6823, #3723 ) ;
#427 = CARTESIAN_POINT ( 'NONE',  ( 88.25668410867442049, -98.53625885903495885, 23.41027935711121799 ) ) ;
#428 = CARTESIAN_POINT ( 'NONE',  ( 122.4955465377034756, -53.19458624110906442, 23.70564974794856639 ) ) ;
#429 = CARTESIAN_POINT ( 'NONE',  ( -14.54461539145625260, 121.3320082995440856, 21.86299596820717639 ) ) ;
#430 = CARTESIAN_POINT ( 'NONE',  ( -605.5329718068611555, -302.7664859034305778, 93.41442136824589682 ) ) ;
#431 = CARTESIAN_POINT ( 'NONE',  ( 128.9665078782197725, 27.45276915161539577, 20.74301593158326185 ) ) ;
#432 = DIRECTION ( 'NONE',  ( -1.000000000000000000, 0.000000000000000000, 0.000000000000000000 ) ) ;
#433 = ORIENTED_EDGE ( 'NONE', *, *, #2612, .T. ) ;
#434 = CARTESIAN_POINT ( 'NONE',  ( -121.4822469512131420, 53.40911506534610709, 23.50883336092712383 ) ) ;
#435 = EDGE_LOOP ( 'NONE', ( #7666, #4517, #1857, #233, #7742 ) ) ;
#436 = ORIENTED_EDGE ( 'NONE', *, *, #5881, .T. ) ;
#437 = CARTESIAN_POINT ( 'NONE',  ( 0.000000000000000000, 0.000000000000000000, 56.27070040501133974 ) ) ;
#438 = DIRECTION ( 'NONE',  ( 1.000000000000000000, 0.000000000000000000, 0.000000000000000000 ) ) ;
#439 = DIRECTION ( 'NONE',  ( -0.8660254037844395958, 1.060575238724908024E-16, 0.4999999999999983902 ) ) ;
#440 = CARTESIAN_POINT ( 'NONE',  ( -130.3449498639930368, -48.31610539171697383, 24.98191008635966170 ) ) ;
#441 = DIRECTION ( 'NONE',  ( -1.000000000000000000, 1.224646799147353207E-16, 0.000000000000000000 ) ) ;
#442 = ADVANCED_FACE ( 'NONE', ( #6678, #6549 ), #5925, .T. ) ;
#443 = CARTESIAN_POINT ( 'NONE',  ( -68.14369042729187242, -115.1658761535485525, 21.20112052069011455 ) ) ;
#444 = ORIENTED_EDGE ( 'NONE', *, *, #7928, .T. ) ;
#445 = VERTEX_POINT ( 'NONE', #6597 ) ;
#446 = ADVANCED_FACE ( 'NONE', ( #1121 ), #5395, .F. ) ;
#447 = CARTESIAN_POINT ( 'NONE',  ( -317.5000000000000000, 3.888253587292846634E-14, 65.77070040501132553 ) ) ;
#448 = DIRECTION ( 'NONE',  ( 0.000000000000000000, -1.000000000000000000, 0.000000000000000000 ) ) ;
#449 = CARTESIAN_POINT ( 'NONE',  ( -63.48971720767362825, -112.3222544509346505, 22.64930167012784779 ) ) ;
#450 = CARTESIAN_POINT ( 'NONE',  ( -366.6664699845586597, 183.3332349922792446, -80.88990889983972465 ) ) ;
#451 = CARTESIAN_POINT ( 'NONE',  ( 0.000000000000000000, 191.8051228250735676, 99.50000000000000000 ) ) ;
#452 = CARTESIAN_POINT ( 'NONE',  ( 0.000000000000000000, 314.8560525630094276, -86.09637062918555728 ) ) ;
#453 = CARTESIAN_POINT ( 'NONE',  ( -14.65710448143376787, 128.1889321442034770, 22.64930167012784068 ) ) ;
#454 = ORIENTED_EDGE ( 'NONE', *, *, #1236, .T. ) ;
#455 = CARTESIAN_POINT ( 'NONE',  ( 15.00000000000000355, -125.0000000000000284, 22.09155500234106029 ) ) ;
#456 = CARTESIAN_POINT ( 'NONE',  ( -54.35287990626808607, 17.66032122852809394, -3.460512242138308103 ) ) ;
#457 = ORIENTED_EDGE ( 'NONE', *, *, #309, .T. ) ;
#458 = EDGE_CURVE ( 'NONE', #2241, #6287, #3506, .T. ) ;
#459 = CARTESIAN_POINT ( 'NONE',  ( -13.36688729061846637, -131.8186519112888391, 20.89257338566074651 ) ) ;
#460 = ORIENTED_EDGE ( 'NONE', *, *, #817, .F. ) ;
#461 = CARTESIAN_POINT ( 'NONE',  ( 0.000000000000000000, 194.4873006948673435, -91.56960896611401779 ) ) ;
#462 = DIRECTION ( 'NONE',  ( 0.000000000000000000, 0.000000000000000000, -1.000000000000000000 ) ) ;
#463 = CARTESIAN_POINT ( 'NONE',  ( 6.349999999999999645, 57.14999999999999858, -3.460512242138308103 ) ) ;
#464 = CARTESIAN_POINT ( 'NONE',  ( -82.84312235009910808, 1.014535646174214359E-14, 14.82762737580027590 ) ) ;
#465 = CARTESIAN_POINT ( 'NONE',  ( -39.94192716851458158, -46.23532122852843429, 14.49999999999999822 ) ) ;
#466 = DIRECTION ( 'NONE',  ( 0.000000000000000000, 0.000000000000000000, 1.000000000000000000 ) ) ;
#467 = CARTESIAN_POINT ( 'NONE',  ( 0.000000000000000000, 0.000000000000000000, -37.60797925142819764 ) ) ;
#468 = CARTESIAN_POINT ( 'NONE',  ( -2.550623558376911991E-14, -208.2742191587611558, 99.50000000000000000 ) ) ;
#469 = DIRECTION ( 'NONE',  ( 1.000000000000000000, 0.000000000000000000, 0.000000000000000000 ) ) ;
#470 = VERTEX_POINT ( 'NONE', #6514 ) ;
#471 = CARTESIAN_POINT ( 'NONE',  ( -165.0999999999999943, 2.021891865392280199E-14, 56.27070040501133974 ) ) ;
#472 = ORIENTED_EDGE ( 'NONE', *, *, #643, .T. ) ;
#473 = CARTESIAN_POINT ( 'NONE',  ( 0.000000000000000000, 0.000000000000000000, -63.72929959498868868 ) ) ;
#474 = CARTESIAN_POINT ( 'NONE',  ( 0.000000000000000000, 0.000000000000000000, -55.72929959498868158 ) ) ;
#475 = AXIS2_PLACEMENT_3D ( 'NONE', #1142, #7874, #1220 ) ;
#476 = CARTESIAN_POINT ( 'NONE',  ( 0.000000000000000000, 0.000000000000000000, 26.98809383705458487 ) ) ;
#477 = CARTESIAN_POINT ( 'NONE',  ( -119.4454463672777251, -53.65173693039442071, 23.09694491193971899 ) ) ;
#478 = CARTESIAN_POINT ( 'NONE',  ( 620.9863447858018617, -310.4931723929010445, 90.48823014889568128 ) ) ;
#479 = DIRECTION ( 'NONE',  ( 0.000000000000000000, 0.000000000000000000, -1.000000000000000000 ) ) ;
#480 = AXIS2_PLACEMENT_3D ( 'NONE', #7646, #3849, #6462 ) ;
#481 = EDGE_LOOP ( 'NONE', ( #6485, #2577, #1572, #833 ) ) ;
#482 = ORIENTED_EDGE ( 'NONE', *, *, #2745, .F. ) ;
#483 = CARTESIAN_POINT ( 'NONE',  ( -360.1999999999999318, 180.0999999999999943, 65.77070040501131132 ) ) ;
#484 = DIRECTION ( 'NONE',  ( 1.000000000000000000, 0.000000000000000000, 0.000000000000000000 ) ) ;
#485 = CARTESIAN_POINT ( 'NONE',  ( -78.88663072852151004, -115.1208987992335864, 25.10917703622665798 ) ) ;
#486 = EDGE_CURVE ( 'NONE', #2935, #6639, #3032, .T. ) ;
#487 = CARTESIAN_POINT ( 'NONE',  ( -4.411177770528766474E-14, 180.1000000000000227, -65.77070040501131132 ) ) ;
#488 = CIRCLE ( 'NONE', #5243, 129.5927812626564162 ) ;
#489 = FACE_OUTER_BOUND ( 'NONE', #5991, .T. ) ;
#490 = CARTESIAN_POINT ( 'NONE',  ( 633.2678027596570018, -316.6339013798285009, -81.46200492995686204 ) ) ;
#491 = CARTESIAN_POINT ( 'NONE',  ( -14.65710448143376787, -128.1889321442034770, 22.64930167012784423 ) ) ;
#492 = VERTEX_POINT ( 'NONE', #2287 ) ;
#493 = CARTESIAN_POINT ( 'NONE',  ( 350.1999999999999318, 175.0999999999999943, -65.77070040501132553 ) ) ;
#494 = CIRCLE ( 'NONE', #5376, 160.6961940777126472 ) ;
#495 = EDGE_LOOP ( 'NONE', ( #948, #6035, #5757, #1697, #7947, #28, #1151, #4387 ) ) ;
#496 = CARTESIAN_POINT ( 'NONE',  ( 84.02477518483863150, -90.44727450198490715, 19.38105471769461374 ) ) ;
#497 = EDGE_LOOP ( 'NONE', ( #3939, #5124 ) ) ;
#498 = CARTESIAN_POINT ( 'NONE',  ( -165.0999999999999943, 2.021891865392280199E-14, 45.77070040501133974 ) ) ;
#499 = CARTESIAN_POINT ( 'NONE',  ( -634.6749012020572991, 317.3374506010284790, -76.28597499736081033 ) ) ;
#500 = EDGE_CURVE ( 'NONE', #2817, #3689, #5101, .T. ) ;
#501 = ADVANCED_FACE ( 'NONE', ( #7898 ), #4753, .F. ) ;
#502 = CARTESIAN_POINT ( 'NONE',  ( 0.000000000000000000, 0.000000000000000000, 20.21482714528789870 ) ) ;
#503 = DIRECTION ( 'NONE',  ( -0.000000000000000000, -0.000000000000000000, 1.000000000000000000 ) ) ;
#504 = CARTESIAN_POINT ( 'NONE',  ( 0.000000000000000000, 0.000000000000000000, 65.77070040501132553 ) ) ;
#505 = CARTESIAN_POINT ( 'NONE',  ( 0.000000000000000000, 0.000000000000000000, -65.77070040501132553 ) ) ;
#506 = CARTESIAN_POINT ( 'NONE',  ( -14.80033666471167209, 122.5411304729920516, 19.38484508003831408 ) ) ;
#507 = DIRECTION ( 'NONE',  ( -1.000000000000000000, 0.000000000000000000, 0.000000000000000000 ) ) ;
#508 = APPROVAL_STATUS ( 'not_yet_approved' ) ;
#509 = ADVANCED_FACE ( 'NONE', ( #2929, #2210 ), #1002, .T. ) ;
#510 = CIRCLE ( 'NONE', #5912, 129.5927812626564162 ) ;
#511 = CARTESIAN_POINT ( 'NONE',  ( 14.54461539145627036, -121.3320082995440856, 19.36299596820718705 ) ) ;
#512 = AXIS2_PLACEMENT_3D ( 'NONE', #1136, #3637, #3705 ) ;
#513 = ORIENTED_EDGE ( 'NONE', *, *, #2356, .F. ) ;
#514 = DIRECTION ( 'NONE',  ( 1.000000000000000000, 0.000000000000000000, 0.000000000000000000 ) ) ;
#515 = ORIENTED_EDGE ( 'NONE', *, *, #6014, .T. ) ;
#516 = CARTESIAN_POINT ( 'NONE',  ( -133.8273176422545134, 37.30494723618421204, 24.96283218982382479 ) ) ;
#517 = AXIS2_PLACEMENT_3D ( 'NONE', #1993, #3288, #6417 ) ;
#518 = CONICAL_SURFACE ( 'NONE', #2172, 165.0999999999999943, 1.047197551196600074 ) ;
#519 = CARTESIAN_POINT ( 'NONE',  ( 88.38413254446935241, 99.24791585469591837, 20.98665076428034482 ) ) ;
#520 = FACE_OUTER_BOUND ( 'NONE', #5111, .T. ) ;
#521 = CARTESIAN_POINT ( 'NONE',  ( 630.3439131643129940, -315.1719565821566107, 85.51580406433575376 ) ) ;
#522 = CARTESIAN_POINT ( 'NONE',  ( -86.91380240044212258, -107.9386798524335376, 22.31274767636322665 ) ) ;
#523 = CIRCLE ( 'NONE', #6326, 322.5000000000000000 ) ;
#524 = CIRCLE ( 'NONE', #2184, 6.350000000000001421 ) ;
#525 = B_SPLINE_CURVE_WITH_KNOTS ( 'NONE', 3,
 ( #1131, #6181, #5600, #1250 ),
 .UNSPECIFIED., .F., .F.,
 ( 4, 4 ),
 ( 9.262285649065297939E-07, 0.003860721511463785505 ),
 .UNSPECIFIED. ) ;
#526 = ORIENTED_EDGE ( 'NONE', *, *, #3795, .F. ) ;
#527 = VERTEX_POINT ( 'NONE', #7166 ) ;
#528 = CARTESIAN_POINT ( 'NONE',  ( 0.000000000000000000, 180.1000000000000227, 65.77070040501131132 ) ) ;
#529 = DIRECTION ( 'NONE',  ( -0.000000000000000000, -0.000000000000000000, 1.000000000000000000 ) ) ;
#530 = CARTESIAN_POINT ( 'NONE',  ( 88.47315653656002610, -101.1271242968677768, 23.89698163186449165 ) ) ;
#531 = CARTESIAN_POINT ( 'NONE',  ( -360.6700645039173310, 180.3350322519585802, -70.87866810663062722 ) ) ;
#532 = AXIS2_PLACEMENT_3D ( 'NONE', #3201, #5021, #3883 ) ;
#533 = CARTESIAN_POINT ( 'NONE',  ( 15.00000000000000355, 126.0781319137958860, 22.22445148450330521 ) ) ;
#534 = CARTESIAN_POINT ( 'NONE',  ( -13.61095845150981454, -131.3589439601643676, 23.35877288779956729 ) ) ;
#535 = CARTESIAN_POINT ( 'NONE',  ( -80.21454384777511848, 114.5462894468923452, 25.17515767728261267 ) ) ;
#536 = CARTESIAN_POINT ( 'NONE',  ( 0.000000000000000000, 0.000000000000000000, 107.5999999999999517 ) ) ;
#537 = CIRCLE ( 'NONE', #6615, 15.00000000000000000 ) ;
#538 = CARTESIAN_POINT ( 'NONE',  ( 0.000000000000000000, 180.1000000000000227, 65.77070040501132553 ) ) ;
#539 = ORIENTED_EDGE ( 'NONE', *, *, #1629, .F. ) ;
#540 = CARTESIAN_POINT ( 'NONE',  ( -12.08768562027061932, -133.9196130613884179, 21.35238505880319693 ) ) ;
#541 = ORIENTED_EDGE ( 'NONE', *, *, #2517, .T. ) ;
#542 = CARTESIAN_POINT ( 'NONE',  ( 132.9736468391457436, 33.47583140156340420, 24.54081674652579892 ) ) ;
#543 = DIRECTION ( 'NONE',  ( -1.000000000000000000, 0.000000000000000000, 0.000000000000000000 ) ) ;
#544 = EDGE_CURVE ( 'NONE', #575, #7938, #2807, .T. ) ;
#545 = CARTESIAN_POINT ( 'NONE',  ( 120.5151574980669693, -23.71293544768397865, 19.36747699926172572 ) ) ;
#546 = CIRCLE ( 'NONE', #1437, 149.5999999999999659 ) ;
#547 = EDGE_CURVE ( 'NONE', #4253, #2770, #6022, .T. ) ;
#548 = DIRECTION ( 'NONE',  ( 1.000000000000000000, 0.000000000000000000, 0.000000000000000000 ) ) ;
#549 = EDGE_CURVE ( 'NONE', #1560, #5160, #5886, .T. ) ;
#550 = DIRECTION ( 'NONE',  ( -0.000000000000000000, -0.000000000000000000, 1.000000000000000000 ) ) ;
#551 = CARTESIAN_POINT ( 'NONE',  ( 5.101247116753823982E-14, 208.2742191587611558, 99.50000000000000000 ) ) ;
#552 = AXIS2_PLACEMENT_3D ( 'NONE', #6115, #5459, #4849 ) ;
#553 = CARTESIAN_POINT ( 'NONE',  ( -158.0999999999996533, 1.936166589451961178E-14, -38.22929959498813446 ) ) ;
#554 = EDGE_LOOP ( 'NONE', ( #7454, #2298, #5451, #2805 ) ) ;
#555 = CARTESIAN_POINT ( 'NONE',  ( 60.88325089447592120, -109.2867361635593539, 22.00213261640084994 ) ) ;
#556 = ORIENTED_EDGE ( 'NONE', *, *, #7471, .T. ) ;
#557 = EDGE_CURVE ( 'NONE', #4150, #6230, #3433, .T. ) ;
#558 = CARTESIAN_POINT ( 'NONE',  ( -15.00000000000000355, -124.9999999999999858, 22.09155500234106029 ) ) ;
#559 = AXIS2_PLACEMENT_3D ( 'NONE', #4418, #74, #3796 ) ;
#560 = CARTESIAN_POINT ( 'NONE',  ( 0.000000000000000000, 0.000000000000000000, -48.95722165634649770 ) ) ;
#561 = CARTESIAN_POINT ( 'NONE',  ( 80.84715104739346714, 114.2095167618445402, 25.19588721497889949 ) ) ;
#562 = CARTESIAN_POINT ( 'NONE',  ( 7.415640157014571748E-14, 302.7664859034306346, 93.41442136824588260 ) ) ;
#563 = CARTESIAN_POINT ( 'NONE',  ( -83.12497302558071510, -112.6149223357244722, 22.63878142762339962 ) ) ;
#564 = ORIENTED_EDGE ( 'NONE', *, *, #6382, .F. ) ;
#565 = VERTEX_POINT ( 'NONE', #4709 ) ;
#566 = CARTESIAN_POINT ( 'NONE',  ( -3.949485927250214208E-14, -322.5000000000000000, 65.77070040501132553 ) ) ;
#567 = CARTESIAN_POINT ( 'NONE',  ( 156.1000000000000227, 0.000000000000000000, -48.95722165634649770 ) ) ;
#568 = CARTESIAN_POINT ( 'NONE',  ( -83.76759979623523122, -112.0609640609326192, 25.19137660492526010 ) ) ;
#569 = CARTESIAN_POINT ( 'NONE',  ( 0.000000000000000000, 314.8560525630094276, 86.09637062918555728 ) ) ;
#570 = CARTESIAN_POINT ( 'NONE',  ( 87.96535804188991392, -105.0138951630363380, 24.50944734498419564 ) ) ;
#571 = CARTESIAN_POINT ( 'NONE',  ( -578.6515616824776771, -289.3257808412389522, -99.49999999999998579 ) ) ;
#572 = EDGE_LOOP ( 'NONE', ( #7305, #6916, #6002, #472, #2620 ) ) ;
#573 = CARTESIAN_POINT ( 'NONE',  ( -133.0552207995867491, -33.67517346950204882, 22.00323707094433701 ) ) ;
#574 = CARTESIAN_POINT ( 'NONE',  ( -88.47315653655928713, 101.1271242968683453, 21.32969249565513437 ) ) ;
#575 = VERTEX_POINT ( 'NONE', #1648 ) ;
#576 = CARTESIAN_POINT ( 'NONE',  ( 85.27570713308426775, -91.86431294971450257, 19.51376558699865527 ) ) ;
#577 = VERTEX_POINT ( 'NONE', #4106 ) ;
#578 = DIRECTION ( 'NONE',  ( 0.000000000000000000, 0.000000000000000000, -1.000000000000000000 ) ) ;
#579 = CARTESIAN_POINT ( 'NONE',  ( 3.869691853010713318E-14, -315.9843193731403517, -83.60197795724437242 ) ) ;
#580 = DIRECTION ( 'NONE',  ( 1.000000000000000000, 0.000000000000000000, 0.000000000000000000 ) ) ;
#581 = DIRECTION ( 'NONE',  ( -0.000000000000000000, -0.000000000000000000, 1.000000000000000000 ) ) ;
#582 = LINE ( 'NONE', #3023, #1283 ) ;
#583 = EDGE_CURVE ( 'NONE', #2926, #1487, #2399, .T. ) ;
#584 = CARTESIAN_POINT ( 'NONE',  ( 4.288713090614031325E-14, 175.0999999999999943, 65.77070040501132553 ) ) ;
#585 = DIRECTION ( 'NONE',  ( 1.000000000000000000, 0.000000000000000000, 0.000000000000000000 ) ) ;
#586 = EDGE_CURVE ( 'NONE', #1135, #4998, #4852, .T. ) ;
#587 = ORIENTED_EDGE ( 'NONE', *, *, #695, .T. ) ;
#588 = CARTESIAN_POINT ( 'NONE',  ( -127.2345822847328094, 51.09752912562143479, 24.53813765465266883 ) ) ;
#589 = ORIENTED_EDGE ( 'NONE', *, *, #3196, .F. ) ;
#590 = CARTESIAN_POINT ( 'NONE',  ( 80.00000000000000000, 0.000000000000000000, 17.00000000000000000 ) ) ;
#591 = FACE_OUTER_BOUND ( 'NONE', #435, .T. ) ;
#592 = CARTESIAN_POINT ( 'NONE',  ( -133.0197529654243738, -43.66616131439786130, 22.64626186173374123 ) ) ;
#593 = CARTESIAN_POINT ( 'NONE',  ( 631.4724989282810839, 315.7362494641403714, 84.26865681888700976 ) ) ;
#594 = EDGE_CURVE ( 'NONE', #7260, #1080, #4342, .T. ) ;
#595 = ADVANCED_FACE ( 'NONE', ( #1761 ), #7463, .F. ) ;
#596 = CARTESIAN_POINT ( 'NONE',  ( -74.37179585371532653, -116.1170555098180017, 22.15309090313270346 ) ) ;
#597 = ORIENTED_EDGE ( 'NONE', *, *, #4288, .F. ) ;
#598 = ORIENTED_EDGE ( 'NONE', *, *, #4047, .T. ) ;
#599 = DIRECTION ( 'NONE',  ( 0.3090169943749584425, -0.9510565162951502005, 0.000000000000000000 ) ) ;
#600 = DIRECTION ( 'NONE',  ( -1.000000000000000000, 0.000000000000000000, 0.000000000000000000 ) ) ;
#601 = CARTESIAN_POINT ( 'NONE',  ( 126.9602443907733260, 25.98817615043075691, 20.21482714528789870 ) ) ;
#602 = DIRECTION ( 'NONE',  ( -0.000000000000000000, -0.000000000000000000, 1.000000000000000000 ) ) ;
#603 = CIRCLE ( 'NONE', #1245, 42.00000000000000000 ) ;
#604 = EDGE_CURVE ( 'NONE', #5122, #6021, #2274, .T. ) ;
#605 = DIRECTION ( 'NONE',  ( 1.000000000000000000, 0.000000000000000000, 0.000000000000000000 ) ) ;
#606 = ORIENTED_EDGE ( 'NONE', *, *, #6226, .T. ) ;
#607 = CARTESIAN_POINT ( 'NONE',  ( 0.000000000000000000, 180.3350322519586939, 70.87866810663061301 ) ) ;
#608 = VERTEX_POINT ( 'NONE', #4347 ) ;
#609 = CARTESIAN_POINT ( 'NONE',  ( 0.000000000000000000, 0.000000000000000000, 26.98809383705458487 ) ) ;
#610 = ORIENTED_EDGE ( 'NONE', *, *, #7045, .F. ) ;
#611 = VECTOR ( 'NONE', #752, 1000.000000000000000 ) ;
#612 = CARTESIAN_POINT ( 'NONE',  ( -58.47315653655857659, -101.1271242968688426, 21.86299596820718349 ) ) ;
#613 = CARTESIAN_POINT ( 'NONE',  ( -635.0262584174099629, 317.5131292087048678, -70.21990042098286722 ) ) ;
#614 = CIRCLE ( 'NONE', #3178, 129.0241567926366031 ) ;
#615 = CARTESIAN_POINT ( 'NONE',  ( 59.55032408116534981, -106.7087671033369247, 19.36299596820717994 ) ) ;
#616 = ORIENTED_EDGE ( 'NONE', *, *, #5317, .F. ) ;
#617 = CARTESIAN_POINT ( 'NONE',  ( -126.9602443907737239, 25.98817615042896279, 20.21482714528789870 ) ) ;
#618 = CARTESIAN_POINT ( 'NONE',  ( 0.000000000000000000, 0.000000000000000000, 51.86299596820718705 ) ) ;
#619 = DIRECTION ( 'NONE',  ( 1.000000000000000000, 0.000000000000000000, 0.000000000000000000 ) ) ;
#620 = AXIS2_PLACEMENT_3D ( 'NONE', #3051, #3593, #93 ) ;
#621 = CARTESIAN_POINT ( 'NONE',  ( 78.17930468689760914, 115.3741954806806831, 22.49775154325748261 ) ) ;
#622 = FACE_OUTER_BOUND ( 'NONE', #7510, .T. ) ;
#623 = ORIENTED_EDGE ( 'NONE', *, *, #7383, .F. ) ;
#624 = AXIS2_PLACEMENT_3D ( 'NONE', #6817, #1265, #3716 ) ;
#625 = EDGE_CURVE ( 'NONE', #407, #4827, #7857, .T. ) ;
#626 = ORIENTED_EDGE ( 'NONE', *, *, #5120, .T. ) ;
#627 = DIRECTION ( 'NONE',  ( 0.000000000000000000, 0.000000000000000000, -1.000000000000000000 ) ) ;
#628 = CARTESIAN_POINT ( 'NONE',  ( 12.97495722425004416, 132.5377831460119182, 21.05063744413606841 ) ) ;
#629 = DIRECTION ( 'NONE',  ( 1.000000000000000000, 0.000000000000000000, 0.000000000000000000 ) ) ;
#630 = CIRCLE ( 'NONE', #2682, 15.00000000000000355 ) ;
#631 = DIRECTION ( 'NONE',  ( -1.000000000000000000, 0.000000000000000000, 0.000000000000000000 ) ) ;
#632 = VECTOR ( 'NONE', #711, 1000.000000000000000 ) ;
#633 = CARTESIAN_POINT ( 'NONE',  ( 622.3145988662517993, -311.1572994331260134, 90.05439378584783583 ) ) ;
#634 = CARTESIAN_POINT ( 'NONE',  ( 42.00000000000000000, 0.000000000000000000, 107.5999999999999517 ) ) ;
#635 = EDGE_CURVE ( 'NONE', #7083, #2294, #3811, .T. ) ;
#636 = ORIENTED_EDGE ( 'NONE', *, *, #5024, .F. ) ;
#637 = AXIS2_PLACEMENT_3D ( 'NONE', #6484, #2060, #7056 ) ;
#638 = VERTEX_POINT ( 'NONE', #1203 ) ;
#639 = DIRECTION ( 'NONE',  ( -0.000000000000000000, -0.000000000000000000, 1.000000000000000000 ) ) ;
#640 = DIRECTION ( 'NONE',  ( 1.000000000000000000, 0.000000000000000000, 0.000000000000000000 ) ) ;
#641 = EDGE_CURVE ( 'NONE', #346, #3803, #853, .T. ) ;
#642 = CARTESIAN_POINT ( 'NONE',  ( -13.60944854614204580, 131.3623706319335724, 23.35953210130677249 ) ) ;
#643 = EDGE_CURVE ( 'NONE', #4330, #4820, #3980, .T. ) ;
#644 = CARTESIAN_POINT ( 'NONE',  ( 0.000000000000000000, 310.4931723929009877, 90.48823014889568128 ) ) ;
#645 = AXIS2_PLACEMENT_3D ( 'NONE', #5375, #4815, #1972 ) ;
#646 = CARTESIAN_POINT ( 'NONE',  ( 76.10260420397496262, -115.9122964841507866, 24.90017521838896997 ) ) ;
#647 = DIRECTION ( 'NONE',  ( -1.000000000000000000, 0.000000000000000000, 0.000000000000000000 ) ) ;
#648 = MANIFOLD_SOLID_BREP ( 'Fillet6', #974 ) ;
#649 = EDGE_LOOP ( 'NONE', ( #6536, #6359, #19, #4009 ) ) ;
#650 = CARTESIAN_POINT ( 'NONE',  ( 83.08400613783628330, -89.61054624860851447, 21.86299596820718349 ) ) ;
#651 = ORIENTED_EDGE ( 'NONE', *, *, #2142, .T. ) ;
#652 = LINE ( 'NONE', #5566, #3985 ) ;
#653 = CIRCLE ( 'NONE', #4122, 322.5000000000000000 ) ;
#654 = VERTEX_POINT ( 'NONE', #2447 ) ;
#655 = EDGE_CURVE ( 'NONE', #276, #377, #3304, .T. ) ;
#656 = DIRECTION ( 'NONE',  ( -0.000000000000000000, -0.000000000000000000, 1.000000000000000000 ) ) ;
#657 = CARTESIAN_POINT ( 'NONE',  ( 0.000000000000000000, 0.000000000000000000, 99.49999999999998579 ) ) ;
#658 = CARTESIAN_POINT ( 'NONE',  ( -7.649881480945258676E-14, 312.3301137222341595, -89.15235216125219608 ) ) ;
#659 = TOROIDAL_SURFACE ( 'NONE', #3482, 80.00000000000000000, 12.49999999999999822 ) ;
#660 = CARTESIAN_POINT ( 'NONE',  ( 63.47453283045687300, -112.3255551956356157, 20.08089474720032896 ) ) ;
#661 = EDGE_LOOP ( 'NONE', ( #1423, #6510, #5043, #7202 ) ) ;
#662 = DIRECTION ( 'NONE',  ( -0.8090169943749506709, 0.5877852522924685852, 0.000000000000000000 ) ) ;
#663 = CARTESIAN_POINT ( 'NONE',  ( 3.707820078507285874E-14, -302.7664859034306346, -93.41442136824588260 ) ) ;
#664 = DIRECTION ( 'NONE',  ( 1.000000000000000000, 0.000000000000000000, 0.000000000000000000 ) ) ;
#665 = VECTOR ( 'NONE', #1815, 1000.000000000000000 ) ;
#666 = DIRECTION ( 'NONE',  ( 1.000000000000000000, 0.000000000000000000, 0.000000000000000000 ) ) ;
#667 = CARTESIAN_POINT ( 'NONE',  ( 71.89374337296302997, 116.0478585427874947, 21.83114557142175371 ) ) ;
#668 = CARTESIAN_POINT ( 'NONE',  ( 11.84585874987947385, -134.2402851943798225, 23.98916742785687717 ) ) ;
#669 = ORIENTED_EDGE ( 'NONE', *, *, #7629, .T. ) ;
#670 = CIRCLE ( 'NONE', #2202, 80.00000000000000000 ) ;
#671 = DIRECTION ( 'NONE',  ( -0.000000000000000000, -0.000000000000000000, 1.000000000000000000 ) ) ;
#672 = VERTEX_POINT ( 'NONE', #7407 ) ;
#673 = CARTESIAN_POINT ( 'NONE',  ( 100.8503410874426152, 0.000000000000000000, 21.60089406756696206 ) ) ;
#674 = CARTESIAN_POINT ( 'NONE',  ( -3.888253587292846634E-14, -317.5000000000000000, 65.77070040501132553 ) ) ;
#675 = CARTESIAN_POINT ( 'NONE',  ( -121.4919042053559934, -53.40685400255484439, 20.94341443260644553 ) ) ;
#676 = CARTESIAN_POINT ( 'NONE',  ( -132.8396113517653987, 44.14537121475849801, 22.64141642911648589 ) ) ;
#677 = DIRECTION ( 'NONE',  ( -0.000000000000000000, -0.000000000000000000, 1.000000000000000000 ) ) ;
#678 = AXIS2_PLACEMENT_3D ( 'NONE', #3763, #1316, #190 ) ;
#679 = EDGE_LOOP ( 'NONE', ( #1633, #5224, #1030, #7175 ) ) ;
#680 = VERTEX_POINT ( 'NONE', #3167 ) ;
#681 = CYLINDRICAL_SURFACE ( 'NONE', #2312, 6.350000000000001421 ) ;
#682 = DIRECTION ( 'NONE',  ( 0.000000000000000000, -1.000000000000000000, 0.000000000000000000 ) ) ;
#683 = CARTESIAN_POINT ( 'NONE',  ( -14.65710448143376787, 128.1889321442034770, 22.64930167012784068 ) ) ;
#684 = CARTESIAN_POINT ( 'NONE',  ( 0.000000000000000000, 311.1572994331259565, 90.05439378584783583 ) ) ;
#685 = EDGE_CURVE ( 'NONE', #3591, #1679, #987, .T. ) ;
#686 = CARTESIAN_POINT ( 'NONE',  ( 85.66294903540044459, -109.8758858303193193, 25.05467792121471504 ) ) ;
#687 = CARTESIAN_POINT ( 'NONE',  ( -85.66294903539969141, 109.8758858303199304, 25.05467792121471504 ) ) ;
#688 = CARTESIAN_POINT ( 'NONE',  ( -162.6000000000000227, 1.991275695413596412E-14, -48.95722165634649770 ) ) ;
#689 = ORIENTED_EDGE ( 'NONE', *, *, #6635, .T. ) ;
#690 = CYLINDRICAL_SURFACE ( 'NONE', #7223, 147.5999999999999375 ) ;
#691 = ORIENTED_EDGE ( 'NONE', *, *, #7869, .T. ) ;
#692 = CARTESIAN_POINT ( 'NONE',  ( -87.67733324764522251, 105.9610551103528451, 22.06913259881418909 ) ) ;
#693 = CARTESIAN_POINT ( 'NONE',  ( 87.43327090042639327, -106.6262815138495768, 22.15281899676248045 ) ) ;
#694 = CARTESIAN_POINT ( 'NONE',  ( 132.1896718304792557, 31.67523965882244141, 24.26251985596631044 ) ) ;
#695 = EDGE_CURVE ( 'NONE', #2833, #5769, #351, .T. ) ;
#696 = CARTESIAN_POINT ( 'NONE',  ( 0.000000000000000000, 0.000000000000000000, 22.64930167012783713 ) ) ;
#697 = ORIENTED_EDGE ( 'NONE', *, *, #5830, .T. ) ;
#698 = CARTESIAN_POINT ( 'NONE',  ( 0.000000000000000000, 0.000000000000000000, 11.86299596820718527 ) ) ;
#699 = CARTESIAN_POINT ( 'NONE',  ( -170.0000000000000284, 2.081899558550500990E-14, 99.49999999999995737 ) ) ;
#700 = CARTESIAN_POINT ( 'NONE',  ( 0.000000000000000000, 187.5195367037252652, -86.64764840476198060 ) ) ;
#701 = CARTESIAN_POINT ( 'NONE',  ( -87.20541043529195235, -95.09179473994140608, 22.64930167012784423 ) ) ;
#702 = DIRECTION ( 'NONE',  ( -1.000000000000000000, 0.000000000000000000, -0.000000000000000000 ) ) ;
#703 = CALENDAR_DATE ( 2025, 17, 8 ) ;
#704 = ORIENTED_EDGE ( 'NONE', *, *, #7035, .T. ) ;
#705 = EDGE_CURVE ( 'NONE', #713, #3282, #5493, .T. ) ;
#706 = FACE_OUTER_BOUND ( 'NONE', #2318, .T. ) ;
#707 = CARTESIAN_POINT ( 'NONE',  ( 88.44554889931548303, 100.0794871115414679, 23.70888088204669941 ) ) ;
#708 = CYLINDRICAL_SURFACE ( 'NONE', #3477, 172.6000000000000227 ) ;
#709 = CARTESIAN_POINT ( 'NONE',  ( 10.75496078417176804, 135.4641199907350426, 21.68569211202051505 ) ) ;
#710 = DIRECTION ( 'NONE',  ( 1.000000000000000000, 0.000000000000000000, 0.000000000000000000 ) ) ;
#711 = DIRECTION ( 'NONE',  ( 0.000000000000000000, -0.000000000000000000, 1.000000000000000000 ) ) ;
#712 = CARTESIAN_POINT ( 'NONE',  ( 634.8644529421568450, 317.4322264710784793, -74.34416061146622212 ) ) ;
#713 = VERTEX_POINT ( 'NONE', #2488 ) ;
#714 = ORIENTED_EDGE ( 'NONE', *, *, #6818, .F. ) ;
#715 = CARTESIAN_POINT ( 'NONE',  ( -33.59192716851458016, -46.23532122852843429, -3.460512242138308103 ) ) ;
#716 = CARTESIAN_POINT ( 'NONE',  ( 1.716499473683833266, 139.9258089501899462, 25.19748669821388276 ) ) ;
#717 = CARTESIAN_POINT ( 'NONE',  ( 0.000000000000000000, 293.3910926900519485, 94.50000000000000000 ) ) ;
#718 = CARTESIAN_POINT ( 'NONE',  ( 128.9661518790141486, -27.45316026131743925, 20.74295865232285863 ) ) ;
#719 = CARTESIAN_POINT ( 'NONE',  ( 54.35287990626782317, 17.66032122852886133, -3.460512242138308103 ) ) ;
#720 = ORIENTED_EDGE ( 'NONE', *, *, #4634, .F. ) ;
#721 = VERTEX_POINT ( 'NONE', #5476 ) ;
#722 = ORIENTED_EDGE ( 'NONE', *, *, #583, .T. ) ;
#723 = EDGE_CURVE ( 'NONE', #5464, #7139, #3738, .T. ) ;
#724 = CARTESIAN_POINT ( 'NONE',  ( -85.96634581926896601, 109.4364882568093691, 22.45024846000348617 ) ) ;
#725 = EDGE_LOOP ( 'NONE', ( #6332, #5435 ) ) ;
#726 = PLANE ( 'NONE',  #5144 ) ;
#727 = CIRCLE ( 'NONE', #3300, 129.0241567926366031 ) ;
#728 = DIRECTION ( 'NONE',  ( 1.000000000000000000, 0.000000000000000000, 0.000000000000000000 ) ) ;
#729 = B_SPLINE_CURVE_WITH_KNOTS ( 'NONE', 3,
 ( #1354, #6402, #707, #816, #4495, #7634, #3276, #1317 ),
 .UNSPECIFIED., .F., .F.,
 ( 4, 2, 2, 4 ),
 ( 0.03460524736379839289, 0.03618240811548408681, 0.03775956886716978073, 0.04091389037054117550 ),
 .UNSPECIFIED. ) ;
#730 = CIRCLE ( 'NONE', #5237, 170.0000000000000284 ) ;
#731 = DIRECTION ( 'NONE',  ( 1.000000000000000000, 0.000000000000000000, 0.000000000000000000 ) ) ;
#732 = CARTESIAN_POINT ( 'NONE',  ( 3.887423600940240503E-14, -317.4322264710784793, -74.34416061146623633 ) ) ;
#733 = CARTESIAN_POINT ( 'NONE',  ( 14.92369488849314507, 123.4574632364545437, 21.93892274324822367 ) ) ;
#734 = EDGE_CURVE ( 'NONE', #75, #5496, #2640, .T. ) ;
#735 = CARTESIAN_POINT ( 'NONE',  ( 0.000000000000000000, 0.000000000000000000, 22.64930167012783713 ) ) ;
#736 = EDGE_CURVE ( 'NONE', #6039, #3422, #7594, .T. ) ;
#737 = DIRECTION ( 'NONE',  ( 1.000000000000000000, 0.000000000000000000, 0.000000000000000000 ) ) ;
#738 = ORIENTED_EDGE ( 'NONE', *, *, #557, .T. ) ;
#739 = DIRECTION ( 'NONE',  ( -1.000000000000000000, 0.000000000000000000, 0.000000000000000000 ) ) ;
#740 = TOROIDAL_SURFACE ( 'NONE', #5249, 168.6000000000000227, 4.000000000000000000 ) ;
#741 = CARTESIAN_POINT ( 'NONE',  ( -58.47315653655929424, 101.1271242968683453, 14.49999999999999822 ) ) ;
#742 = PLANE ( 'NONE',  #5517 ) ;
#743 = CARTESIAN_POINT ( 'NONE',  ( 4.088374751032777255, 139.4560133264168371, 22.53206480373039611 ) ) ;
#744 = ADVANCED_FACE ( 'NONE', ( #1330 ), #5371, .T. ) ;
#745 = CARTESIAN_POINT ( 'NONE',  ( -62.63505698132306065, -111.5600972987479906, 22.39609693422904257 ) ) ;
#746 = CARTESIAN_POINT ( 'NONE',  ( 0.000000000000000000, 208.2742191587611558, -99.50000000000000000 ) ) ;
#747 = CARTESIAN_POINT ( 'NONE',  ( 116.7558293008252974, -53.47892332108212798, 19.96235120295377996 ) ) ;
#748 = ORIENTED_EDGE ( 'NONE', *, *, #4865, .F. ) ;
#749 = VERTEX_POINT ( 'NONE', #2722 ) ;
#750 = ORIENTED_EDGE ( 'NONE', *, *, #2509, .T. ) ;
#751 = DIRECTION ( 'NONE',  ( -0.000000000000000000, -0.000000000000000000, 1.000000000000000000 ) ) ;
#752 = DIRECTION ( 'NONE',  ( -0.000000000000000000, -0.000000000000000000, 1.000000000000000000 ) ) ;
#753 = CARTESIAN_POINT ( 'NONE',  ( -10.73875484108974021, 135.5064924907669877, 24.26231163366761123 ) ) ;
#754 = CARTESIAN_POINT ( 'NONE',  ( 0.000000000000000000, 0.000000000000000000, 35.77057939344513215 ) ) ;
#755 = DIRECTION ( 'NONE',  ( 1.000000000000000000, 0.000000000000000000, 0.000000000000000000 ) ) ;
#756 = CARTESIAN_POINT ( 'NONE',  ( -2.401268333048516338E-14, -196.0784394913188748, 92.26983495602148366 ) ) ;
#757 = CIRCLE ( 'NONE', #4364, 175.0999999999999943 ) ;
#758 = VECTOR ( 'NONE', #2076, 1000.000000000000000 ) ;
#759 = VERTEX_POINT ( 'NONE', #1401 ) ;
#760 = ORIENTED_EDGE ( 'NONE', *, *, #5471, .T. ) ;
#761 = CARTESIAN_POINT ( 'NONE',  ( -59.55032408116456111, 106.7087671033373653, 19.36299596820717994 ) ) ;
#762 = VERTEX_POINT ( 'NONE', #3370 ) ;
#763 = CARTESIAN_POINT ( 'NONE',  ( 72.26071611517149051, -116.0822562641743332, 21.88318190612003988 ) ) ;
#764 = CIRCLE ( 'NONE', #7247, 122.2006631523987323 ) ;
#765 = AXIS2_PLACEMENT_3D ( 'NONE', #5894, #334, #3869 ) ;
#766 = CARTESIAN_POINT ( 'NONE',  ( -86.50756465493972769, -93.69737816142955467, 19.80071136994783387 ) ) ;
#767 = DIRECTION ( 'NONE',  ( 1.000000000000000000, 0.000000000000000000, 0.000000000000000000 ) ) ;
#768 = VECTOR ( 'NONE', #202, 1000.000000000000000 ) ;
#769 = ORIENTED_EDGE ( 'NONE', *, *, #5168, .F. ) ;
#770 = CARTESIAN_POINT ( 'NONE',  ( -14.51664885225353885, -128.7771558215628431, 20.21482714528789870 ) ) ;
#771 = DIRECTION ( 'NONE',  ( 1.000000000000000000, 0.000000000000000000, 0.000000000000000000 ) ) ;
#772 = CARTESIAN_POINT ( 'NONE',  ( 0.000000000000000000, 0.000000000000000000, -94.50000000000000000 ) ) ;
#773 = CARTESIAN_POINT ( 'NONE',  ( 175.1000000000000227, 0.000000000000000000, -63.72929959498868868 ) ) ;
#774 = CIRCLE ( 'NONE', #5289, 6.500000000000005329 ) ;
#775 = CARTESIAN_POINT ( 'NONE',  ( -2.550623558376911991E-14, -208.2742191587611558, 94.50000000000000000 ) ) ;
#776 = CARTESIAN_POINT ( 'NONE',  ( 2.506412666873533872E-14, -204.6641259029620414, -94.36274905517983314 ) ) ;
#777 = TOROIDAL_SURFACE ( 'NONE', #7778, 159.5999999999993406, 4.000000000000000000 ) ;
#778 = DIRECTION ( 'NONE',  ( -1.000000000000000000, 0.000000000000000000, 0.000000000000000000 ) ) ;
#779 = CARTESIAN_POINT ( 'NONE',  ( 133.4429032682083403, 42.26825282249179594, 25.20739254820314912 ) ) ;
#780 = CARTESIAN_POINT ( 'NONE',  ( -2.378106221820647298E-14, -180.1000000000000227, 65.77070040501132553 ) ) ;
#781 = DIRECTION ( 'NONE',  ( 1.000000000000000000, 0.000000000000000000, 0.000000000000000000 ) ) ;
#782 = DIRECTION ( 'NONE',  ( -0.000000000000000000, -0.000000000000000000, 1.000000000000000000 ) ) ;
#783 = VECTOR ( 'NONE', #5099, 1000.000000000000000 ) ;
#784 = CARTESIAN_POINT ( 'NONE',  ( 120.4652870390304287, -23.69969915055060028, 21.86299596820718349 ) ) ;
#785 = EDGE_LOOP ( 'NONE', ( #3297, #7720 ) ) ;
#786 = EDGE_CURVE ( 'NONE', #4827, #407, #3947, .T. ) ;
#787 = VERTEX_POINT ( 'NONE', #1479 ) ;
#788 = ORIENTED_EDGE ( 'NONE', *, *, #2020, .F. ) ;
#789 = CARTESIAN_POINT ( 'NONE',  ( 128.7399715825475539, -49.94437966066217882, 22.19899973967437745 ) ) ;
#790 = CIRCLE ( 'NONE', #1577, 1.500000000000001332 ) ;
#791 = DIRECTION ( 'NONE',  ( -0.000000000000000000, -0.000000000000000000, 1.000000000000000000 ) ) ;
#792 = DIRECTION ( 'NONE',  ( -0.000000000000000000, -0.000000000000000000, 1.000000000000000000 ) ) ;
#793 = CYLINDRICAL_SURFACE ( 'NONE', #3984, 162.6000000000000227 ) ;
#794 = CARTESIAN_POINT ( 'NONE',  ( 3.949485927250214208E-14, -322.5000000000000000, -83.74324804101253505 ) ) ;
#795 = DIRECTION ( 'NONE',  ( -1.000000000000000000, 0.000000000000000000, 0.000000000000000000 ) ) ;
#796 = VECTOR ( 'NONE', #375, 1000.000000000000000 ) ;
#797 = ORIENTED_EDGE ( 'NONE', *, *, #6579, .T. ) ;
#798 = EDGE_CURVE ( 'NONE', #7264, #5661, #4077, .T. ) ;
#799 = ORIENTED_EDGE ( 'NONE', *, *, #7525, .F. ) ;
#800 = VERTEX_POINT ( 'NONE', #6919 ) ;
#801 = CARTESIAN_POINT ( 'NONE',  ( 0.000000000000000000, 0.000000000000000000, 14.49999999999999822 ) ) ;
#802 = ORIENTED_EDGE ( 'NONE', *, *, #5851, .T. ) ;
#803 = CARTESIAN_POINT ( 'NONE',  ( 76.12916432970999381, -115.8943302815390268, 22.33304913430407979 ) ) ;
#804 = FACE_BOUND ( 'NONE', #6422, .T. ) ;
#805 = CARTESIAN_POINT ( 'NONE',  ( -578.6515616824776771, -289.3257808412389522, -94.50000000000000000 ) ) ;
#806 = DIRECTION ( 'NONE',  ( -0.000000000000000000, -0.000000000000000000, 1.000000000000000000 ) ) ;
#807 = ORIENTED_EDGE ( 'NONE', *, *, #5704, .F. ) ;
#808 = DIRECTION ( 'NONE',  ( 0.000000000000000000, 0.000000000000000000, -1.000000000000000000 ) ) ;
#809 = ORIENTED_EDGE ( 'NONE', *, *, #1530, .F. ) ;
#810 = CARTESIAN_POINT ( 'NONE',  ( 3.888253587292845372E-14, -317.4999999999998863, -68.03790535064513278 ) ) ;
#811 = CARTESIAN_POINT ( 'NONE',  ( 0.000000000000000000, 208.2742191587611558, -99.50000000000000000 ) ) ;
#812 = DIRECTION ( 'NONE',  ( -0.000000000000000000, -0.000000000000000000, 1.000000000000000000 ) ) ;
#813 = PERSON_AND_ORGANIZATION ( #2260, #6755 ) ;
#814 = CARTESIAN_POINT ( 'NONE',  ( -129.5927812626564162, 1.700798082285955666E-14, 20.21482714528789870 ) ) ;
#815 = CARTESIAN_POINT ( 'NONE',  ( 132.8581888974000265, -33.17041978040235506, 24.49731662208956706 ) ) ;
#816 = CARTESIAN_POINT ( 'NONE',  ( 88.33714232293837654, 99.04577779070531562, 23.51151389786120660 ) ) ;
#817 = EDGE_CURVE ( 'NONE', #2046, #7405, #1893, .T. ) ;
#818 = CARTESIAN_POINT ( 'NONE',  ( 133.7714160279969065, 40.72726195240167613, 25.17322369758356970 ) ) ;
#819 = CARTESIAN_POINT ( 'NONE',  ( -131.3834076250144847, 30.31387757363793867, 21.43916016984185191 ) ) ;
#820 = DIRECTION ( 'NONE',  ( 0.000000000000000000, 0.000000000000000000, -1.000000000000000000 ) ) ;
#821 = DIRECTION ( 'NONE',  ( 1.000000000000000000, 0.000000000000000000, 0.000000000000000000 ) ) ;
#822 = CARTESIAN_POINT ( 'NONE',  ( 114.9153352054715924, -53.10656059807850937, 19.65517114751938976 ) ) ;
#823 = VERTEX_POINT ( 'NONE', #5836 ) ;
#824 = ORIENTED_EDGE ( 'NONE', *, *, #7963, .T. ) ;
#825 = DIRECTION ( 'NONE',  ( 1.000000000000000000, 0.000000000000000000, 0.000000000000000000 ) ) ;
#826 = CARTESIAN_POINT ( 'NONE',  ( 2.144356545307015663E-14, -175.0999999999999943, -89.50634777422294519 ) ) ;
#827 = DIRECTION ( 'NONE',  ( -0.000000000000000000, -0.000000000000000000, 1.000000000000000000 ) ) ;
#828 = DIRECTION ( 'NONE',  ( -0.000000000000000000, -0.000000000000000000, 1.000000000000000000 ) ) ;
#829 = EDGE_CURVE ( 'NONE', #2135, #6167, #2254, .T. ) ;
#830 = EDGE_CURVE ( 'NONE', #5263, #1584, #2150, .T. ) ;
#831 = CARTESIAN_POINT ( 'NONE',  ( 130.2365254069230218, -28.82026680366507421, 21.10107713673819774 ) ) ;
#832 = ORIENTED_EDGE ( 'NONE', *, *, #625, .F. ) ;
#833 = ORIENTED_EDGE ( 'NONE', *, *, #2159, .T. ) ;
#834 = ORIENTED_EDGE ( 'NONE', *, *, #1217, .F. ) ;
#835 = CYLINDRICAL_SURFACE ( 'NONE', #6066, 15.00000000000000000 ) ;
#836 = ORIENTED_EDGE ( 'NONE', *, *, #723, .T. ) ;
#837 = CARTESIAN_POINT ( 'NONE',  ( 76.47726139599957662, -115.8275397499311339, 22.36473335601544932 ) ) ;
#838 = CARTESIAN_POINT ( 'NONE',  ( -87.43752864693057347, -95.65023543885243384, 20.21482714528789870 ) ) ;
#839 = EDGE_CURVE ( 'NONE', #565, #5758, #1961, .T. ) ;
#840 = CARTESIAN_POINT ( 'NONE',  ( 5.848393072772107182, -138.8397216846254878, 24.97013162713821544 ) ) ;
#841 = CARTESIAN_POINT ( 'NONE',  ( 0.000000000000000000, 322.5000000000000000, 83.74324804101253505 ) ) ;
#842 = ORIENTED_EDGE ( 'NONE', *, *, #1272, .T. ) ;
#843 = DIRECTION ( 'NONE',  ( 1.000000000000000000, 0.000000000000000000, 0.000000000000000000 ) ) ;
#844 = B_SPLINE_CURVE_WITH_KNOTS ( 'NONE', 3,
 ( #7932, #2278, #1682, #4743, #7243, #2920, #4142, #1718, #3618, #1113, #3574, #3532, #2965, #7319, #6086, #3001, #6246, #3728, #7398, #4421, #6123, #4979, #40, #7522, #77, #6280, #4297, #6159, #743, #3077, #5586, #6788, #3121, #3156, #5502, #1834, #1319, #1274, #709, #7436, #1232, #2516, #628, #6209, #3682, #7999, #5545, #2480 ),
 .UNSPECIFIED., .F., .F.,
 ( 4, 2, 2, 2, 2, 2, 2, 2, 2, 2, 2, 2, 2, 2, 2, 2, 2, 2, 2, 2, 2, 2, 2, 4 ),
 ( 9.257435879267568712E-07, 0.002479748731405884577, 0.004958571719223842968, 0.006197983213132786384, 0.007437394707041730668, 0.009916217694859617501, 0.01115562918876858954, 0.01239504068267756158, 0.01487386367049550739, 0.01611327516440448984, 0.01735268665831347576, 0.01983150964613144412, 0.02107092114004042657, 0.02231033263394941249, 0.02478915562176738085, 0.02602856711567636330, 0.02726797860958534922, 0.02974680159740335922, 0.03098621309131238677, 0.03222562458522141432, 0.03470444757303946942, 0.03594385906694853861, 0.03718327056085760779, 0.03966209354867580861 ),
 .UNSPECIFIED. ) ;
#845 = DIRECTION ( 'NONE',  ( 1.000000000000000000, 0.000000000000000000, 0.000000000000000000 ) ) ;
#846 = EDGE_CURVE ( 'NONE', #1959, #5521, #730, .T. ) ;
#847 = DIRECTION ( 'NONE',  ( 0.000000000000000000, 0.000000000000000000, -1.000000000000000000 ) ) ;
#848 = CARTESIAN_POINT ( 'NONE',  ( 0.000000000000000000, 305.1789865009923233, -92.80220189689723043 ) ) ;
#849 = CARTESIAN_POINT ( 'NONE',  ( -59.55032408116381504, -106.7087671033377774, 19.36299596820718349 ) ) ;
#850 = CARTESIAN_POINT ( 'NONE',  ( 133.8820645368946316, -39.68525266701674070, 25.12799567191678207 ) ) ;
#851 = CARTESIAN_POINT ( 'NONE',  ( 0.000000000000000000, 80.00000000000000000, 14.50000000000000000 ) ) ;
#852 = CARTESIAN_POINT ( 'NONE',  ( 0.000000000000000000, 314.8560525630094276, 86.09637062918555728 ) ) ;
#853 = CIRCLE ( 'NONE', #6946, 6.499999999999999112 ) ;
#854 = DIRECTION ( 'NONE',  ( -1.000000000000000000, 0.000000000000000000, 0.000000000000000000 ) ) ;
#855 = CARTESIAN_POINT ( 'NONE',  ( 0.000000000000000000, 0.000000000000000000, 52.77070040501134685 ) ) ;
#856 = MANIFOLD_SOLID_BREP ( 'Mirror2', #7197 ) ;
#857 = CARTESIAN_POINT ( 'NONE',  ( 0.000000000000000000, 0.000000000000000000, 45.77070040501133974 ) ) ;
#858 = FACE_OUTER_BOUND ( 'NONE', #572, .T. ) ;
#859 = EDGE_CURVE ( 'NONE', #7539, #2113, #6279, .T. ) ;
#860 = ORIENTED_EDGE ( 'NONE', *, *, #5860, .F. ) ;
#861 = CIRCLE ( 'NONE', #1897, 156.7715728752530993 ) ;
#862 = ORIENTED_EDGE ( 'NONE', *, *, #3838, .F. ) ;
#863 = ORIENTED_EDGE ( 'NONE', *, *, #3510, .F. ) ;
#864 = CARTESIAN_POINT ( 'NONE',  ( 130.8356736749306606, -47.70311440429652805, 22.47279051019279450 ) ) ;
#865 = DIRECTION ( 'NONE',  ( 1.000000000000000000, 0.000000000000000000, 0.000000000000000000 ) ) ;
#866 = LINE ( 'NONE', #5752, #7108 ) ;
#867 = CARTESIAN_POINT ( 'NONE',  ( 0.000000000000000000, 0.000000000000000000, 16.07491246123429818 ) ) ;
#868 = AXIS2_PLACEMENT_3D ( 'NONE', #7216, #5328, #5852 ) ;
#869 = B_SPLINE_CURVE_WITH_KNOTS ( 'NONE', 3,
 ( #298, #4035, #7016, #5817, #5169, #7667 ),
 .UNSPECIFIED., .F., .F.,
 ( 4, 2, 4 ),
 ( 0.01189279780652658172, 0.01381480450270095549, 0.01573681119887532925 ),
 .UNSPECIFIED. ) ;
#870 = CARTESIAN_POINT ( 'NONE',  ( -119.8881304610665381, 23.66090128114968039, 19.36299596820718705 ) ) ;
#871 = CARTESIAN_POINT ( 'NONE',  ( -82.67140846058299530, 112.9979242276722431, 25.21509361931339654 ) ) ;
#872 = CARTESIAN_POINT ( 'NONE',  ( 0.000000000000000000, 0.000000000000000000, 21.86299596820717639 ) ) ;
#873 = ORIENTED_EDGE ( 'NONE', *, *, #547, .T. ) ;
#874 = AXIS2_PLACEMENT_3D ( 'NONE', #6865, #1311, #3760 ) ;
#875 = EDGE_CURVE ( 'NONE', #5544, #7096, #6152, .T. ) ;
#876 = ORIENTED_EDGE ( 'NONE', *, *, #3972, .F. ) ;
#877 = ADVANCED_FACE ( 'NONE', ( #7567 ), #5076, .F. ) ;
#878 = FACE_OUTER_BOUND ( 'NONE', #3250, .T. ) ;
#879 = ORIENTED_EDGE ( 'NONE', *, *, #6075, .F. ) ;
#880 = CARTESIAN_POINT ( 'NONE',  ( 0.000000000000000000, 180.1000000000000227, -65.77070040501131132 ) ) ;
#881 = CARTESIAN_POINT ( 'NONE',  ( -5.012825333747067744E-14, 204.6641259029620414, -94.36274905517983314 ) ) ;
#882 = DIRECTION ( 'NONE',  ( -0.000000000000000000, -0.000000000000000000, 1.000000000000000000 ) ) ;
#883 = AXIS2_PLACEMENT_3D ( 'NONE', #7875, #2227, #5901 ) ;
#884 = CIRCLE ( 'NONE', #2559, 172.6000000000000227 ) ;
#885 = CARTESIAN_POINT ( 'NONE',  ( -60.88325089447510408, 109.2867361635597945, 22.00213261640084994 ) ) ;
#886 = ORIENTED_EDGE ( 'NONE', *, *, #3773, .F. ) ;
#887 = DIRECTION ( 'NONE',  ( -0.000000000000000000, -0.000000000000000000, 1.000000000000000000 ) ) ;
#888 = EDGE_LOOP ( 'NONE', ( #3293, #4850, #4159, #1449 ) ) ;
#889 = ADVANCED_FACE ( 'NONE', ( #1681 ), #7208, .F. ) ;
#890 = CARTESIAN_POINT ( 'NONE',  ( 0.000000000000000000, 0.000000000000000000, -65.77070040501132553 ) ) ;
#891 = AXIS2_PLACEMENT_3D ( 'NONE', #476, #2361, #2200 ) ;
#892 = EDGE_LOOP ( 'NONE', ( #7884, #5733, #3258, #4558 ) ) ;
#893 = CIRCLE ( 'NONE', #1154, 15.00000000000000000 ) ;
#894 = CARTESIAN_POINT ( 'NONE',  ( 0.000000000000000000, 175.0999999999999943, -89.50634777422294519 ) ) ;
#895 = CARTESIAN_POINT ( 'NONE',  ( -88.44554889931627883, -100.0794871115408995, 23.70888088204671007 ) ) ;
#896 = CONICAL_SURFACE ( 'NONE', #5659, 101.4189655574624425, 1.341338301000019273 ) ;
#897 = CARTESIAN_POINT ( 'NONE',  ( 0.000000000000000000, 0.000000000000000000, -45.22929959498868158 ) ) ;
#898 = EDGE_CURVE ( 'NONE', #48, #6374, #6420, .T. ) ;
#899 = CARTESIAN_POINT ( 'NONE',  ( -103.8820645368940490, -38.62712429686894922, 21.86299596820718349 ) ) ;
#900 = LINE ( 'NONE', #2712, #6574 ) ;
#901 = CIRCLE ( 'NONE', #1031, 175.0999999999999943 ) ;
#902 = CARTESIAN_POINT ( 'NONE',  ( 0.000000000000000000, 308.9678626744722578, 91.31556125657976963 ) ) ;
#903 = FACE_OUTER_BOUND ( 'NONE', #3349, .T. ) ;
#904 = CARTESIAN_POINT ( 'NONE',  ( 645.0000000000000000, 322.4999999999998295, 83.74324804101253505 ) ) ;
#905 = CYLINDRICAL_SURFACE ( 'NONE', #4272, 317.5000000000000000 ) ;
#906 = ORIENTED_EDGE ( 'NONE', *, *, #3994, .F. ) ;
#907 = AXIS2_PLACEMENT_3D ( 'NONE', #6273, #847, #6315 ) ;
#908 = ORIENTED_EDGE ( 'NONE', *, *, #6880, .F. ) ;
#909 = ORIENTED_EDGE ( 'NONE', *, *, #1964, .F. ) ;
#910 = DIRECTION ( 'NONE',  ( -1.000000000000000000, 0.000000000000000000, 0.000000000000000000 ) ) ;
#911 = CARTESIAN_POINT ( 'NONE',  ( -87.20541043529195235, -95.09179473994140608, 22.64930167012784423 ) ) ;
#912 = DIRECTION ( 'NONE',  ( 1.000000000000000000, 0.000000000000000000, 0.000000000000000000 ) ) ;
#913 = DIRECTION ( 'NONE',  ( -0.000000000000000000, -0.000000000000000000, 1.000000000000000000 ) ) ;
#914 = CIRCLE ( 'NONE', #7388, 7.500000000000000000 ) ;
#915 = CARTESIAN_POINT ( 'NONE',  ( 7.776507174585690743E-14, 317.4999999999998863, 68.03790535064513278 ) ) ;
#916 = AXIS2_PLACEMENT_3D ( 'NONE', #1404, #283, #1333 ) ;
#917 = VERTEX_POINT ( 'NONE', #7117 ) ;
#918 = CARTESIAN_POINT ( 'NONE',  ( -382.9908494023660523, 191.4954247011830546, 89.88689247745783462 ) ) ;
#919 = CARTESIAN_POINT ( 'NONE',  ( -103.1248389675219101, 1.262915039541619478E-14, 19.36299596820719060 ) ) ;
#920 = ADVANCED_FACE ( 'NONE', ( #5960 ), #1254, .F. ) ;
#921 = CARTESIAN_POINT ( 'NONE',  ( -4.926256632725415818E-14, 201.1296904607625322, -93.80705434439103385 ) ) ;
#922 = FACE_OUTER_BOUND ( 'NONE', #985, .T. ) ;
#923 = CARTESIAN_POINT ( 'NONE',  ( 625.6784968257508126, 312.8392484128754063, -88.68418937925815726 ) ) ;
#924 = DIRECTION ( 'NONE',  ( 1.000000000000000000, 0.000000000000000000, 0.000000000000000000 ) ) ;
#925 = EDGE_CURVE ( 'NONE', #4954, #3813, #5755, .T. ) ;
#926 = CARTESIAN_POINT ( 'NONE',  ( 10.13161125177880173, -136.0942442683044078, 24.38822037547219423 ) ) ;
#927 = ORIENTED_EDGE ( 'NONE', *, *, #7383, .T. ) ;
#928 = DIRECTION ( 'NONE',  ( 0.000000000000000000, 0.000000000000000000, -1.000000000000000000 ) ) ;
#929 = EDGE_LOOP ( 'NONE', ( #4928, #6612, #6483, #6146 ) ) ;
#930 = DIRECTION ( 'NONE',  ( -1.000000000000000000, 0.000000000000000000, 0.000000000000000000 ) ) ;
#931 = AXIS2_PLACEMENT_3D ( 'NONE', #2376, #3592, #3050 ) ;
#932 = ORIENTED_EDGE ( 'NONE', *, *, #7061, .F. ) ;
#933 = CARTESIAN_POINT ( 'NONE',  ( 0.000000000000000000, 190.0946089192151192, -88.90489066047071276 ) ) ;
#934 = CARTESIAN_POINT ( 'NONE',  ( 133.8820645368937789, 38.62712429686978055, 14.49999999999999822 ) ) ;
#935 = EDGE_CURVE ( 'NONE', #5758, #3981, #2916, .T. ) ;
#936 = ADVANCED_FACE ( 'NONE', ( #2277, #3448 ), #2199, .T. ) ;
#937 = CARTESIAN_POINT ( 'NONE',  ( 2.441942374755004378E-14, -199.3997270441714136, -93.38869490038416643 ) ) ;
#938 = CARTESIAN_POINT ( 'NONE',  ( 119.4442481879315210, -53.65162523303479958, 23.09668015863261203 ) ) ;
#939 = DIRECTION ( 'NONE',  ( 1.000000000000000000, 0.000000000000000000, 0.000000000000000000 ) ) ;
#940 = CARTESIAN_POINT ( 'NONE',  ( 0.000000000000000000, 305.1789865009923233, 92.80220189689723043 ) ) ;
#941 = DIRECTION ( 'NONE',  ( 1.000000000000000000, 0.000000000000000000, 0.000000000000000000 ) ) ;
#942 = CARTESIAN_POINT ( 'NONE',  ( 0.000000000000000000, 0.000000000000000000, 27.00000000000000000 ) ) ;
#943 = EDGE_CURVE ( 'NONE', #2817, #3378, #3171, .T. ) ;
#944 = DIRECTION ( 'NONE',  ( -0.000000000000000000, -0.000000000000000000, 1.000000000000000000 ) ) ;
#945 = ORIENTED_EDGE ( 'NONE', *, *, #1542, .F. ) ;
#946 = DIRECTION ( 'NONE',  ( -0.000000000000000000, -0.000000000000000000, 1.000000000000000000 ) ) ;
#947 = ORIENTED_EDGE ( 'NONE', *, *, #3151, .F. ) ;
#948 = ORIENTED_EDGE ( 'NONE', *, *, #5436, .F. ) ;
#949 = FACE_OUTER_BOUND ( 'NONE', #5316, .T. ) ;
#950 = DIRECTION ( 'NONE',  ( -0.000000000000000000, -0.000000000000000000, 1.000000000000000000 ) ) ;
#951 = CARTESIAN_POINT ( 'NONE',  ( -162.5999999999999943, 1.991275695413596096E-14, 47.21407607798541761 ) ) ;
#952 = CARTESIAN_POINT ( 'NONE',  ( 83.52813080236953169, -89.98117850909073923, 21.86299596820718705 ) ) ;
#953 = CARTESIAN_POINT ( 'NONE',  ( 0.000000000000000000, 175.0999999999999943, 57.77070040501133974 ) ) ;
#954 = CARTESIAN_POINT ( 'NONE',  ( 0.000000000000000000, 289.3257808412388954, 99.49999999999998579 ) ) ;
#955 = ORIENTED_EDGE ( 'NONE', *, *, #4943, .T. ) ;
#956 = ORIENTED_EDGE ( 'NONE', *, *, #6885, .F. ) ;
#957 = ORIENTED_EDGE ( 'NONE', *, *, #943, .T. ) ;
#958 = CARTESIAN_POINT ( 'NONE',  ( -409.3282518059239692, -204.6641259029619846, 94.36274905517981892 ) ) ;
#959 = CARTESIAN_POINT ( 'NONE',  ( 0.000000000000000000, 0.000000000000000000, -40.43640637617434663 ) ) ;
#960 = CARTESIAN_POINT ( 'NONE',  ( 0.000000000000000000, 194.4873006948673435, -91.56960896611401779 ) ) ;
#961 = CARTESIAN_POINT ( 'NONE',  ( -360.1999999999999886, -180.1000000000000796, -68.44440677895181580 ) ) ;
#962 = CARTESIAN_POINT ( 'NONE',  ( -3.810577907821122701E-14, -311.1572994331259565, 90.05439378584783583 ) ) ;
#963 = CARTESIAN_POINT ( 'NONE',  ( 0.000000000000000000, 310.4931723929009877, -90.48823014889568128 ) ) ;
#964 = CARTESIAN_POINT ( 'NONE',  ( 6.349999999999999645, 57.14999999999999858, 14.49999999999999822 ) ) ;
#965 = VERTEX_POINT ( 'NONE', #7158 ) ;
#966 = EDGE_CURVE ( 'NONE', #5650, #2937, #4476, .T. ) ;
#967 = CARTESIAN_POINT ( 'NONE',  ( 0.000000000000000000, 196.0784394913188748, 92.26983495602148366 ) ) ;
#968 = EDGE_LOOP ( 'NONE', ( #2607, #2772, #3858, #295 ) ) ;
#969 = CARTESIAN_POINT ( 'NONE',  ( 0.000000000000000000, 0.000000000000000000, 36.24442096338251673 ) ) ;
#970 = ORIENTED_EDGE ( 'NONE', *, *, #5064, .T. ) ;
#971 = CARTESIAN_POINT ( 'NONE',  ( 0.000000000000000000, 180.3350322519586939, -70.87866810663061301 ) ) ;
#972 = DIRECTION ( 'NONE',  ( -0.000000000000000000, -0.000000000000000000, 1.000000000000000000 ) ) ;
#973 = CARTESIAN_POINT ( 'NONE',  ( -58.47315653655857659, -101.1271242968688426, 14.49999999999999822 ) ) ;
#974 = CLOSED_SHELL ( 'NONE', ( #5982, #920, #7781, #4617, #2107, #3005, #5285, #3497, #4678, #6010, #1084, #3652, #6283, #148, #2997, #7140, #5369, #4734, #3142, #2418, #3030, #2638, #7316, #1279, #2497, #6322, #1346, #4081, #1971, #595, #5370, #4026, #1473, #6068, #402, #6120, #501, #5457, #1819, #4454, #1759, #5933, #7770, #5426, #7447, #6964, #4281, #7437, #3888, #3188, #6489, #1622, #7618, #509, #3287, #936, #5822, #7327, #4068, #5414, #2835, #6481, #1998, #1580, #1461, #4793, #348, #162, #4318, #4879 ) ) ;
#975 = EDGE_CURVE ( 'NONE', #2341, #6374, #5996, .T. ) ;
#976 = CARTESIAN_POINT ( 'NONE',  ( 128.7400324951498476, 49.94434041366067589, 22.19900947089679732 ) ) ;
#977 = ADVANCED_FACE ( 'NONE', ( #7196 ), #2782, .F. ) ;
#978 = CARTESIAN_POINT ( 'NONE',  ( 133.8820645368937789, 38.62712429686978055, 25.05948377397437099 ) ) ;
#979 = CARTESIAN_POINT ( 'NONE',  ( -617.9357253489444020, -308.9678626744722010, 91.31556125657976963 ) ) ;
#980 = B_SPLINE_CURVE_WITH_KNOTS ( 'NONE', 3,
 ( #2706, #5773, #5172, #6487, #7830, #4603, #2775, #2222, #1015, #2944, #3556, #7747 ),
 .UNSPECIFIED., .F., .F.,
 ( 4, 2, 2, 2, 2, 4 ),
 ( -0.03943966678857831892, -0.03770068432240284567, -0.03596170185622737242, -0.03422271939005189917, -0.03335322815696413479, -0.03248373692387637734 ),
 .UNSPECIFIED. ) ;
#981 = CARTESIAN_POINT ( 'NONE',  ( -42.00000000000000000, 5.143516556418883322E-15, 14.49999999999999822 ) ) ;
#982 = DIRECTION ( 'NONE',  ( -0.000000000000000000, -0.000000000000000000, 1.000000000000000000 ) ) ;
#983 = CIRCLE ( 'NONE', #475, 7.499999999999992895 ) ;
#984 = CARTESIAN_POINT ( 'NONE',  ( 15.00000000000000355, -124.9999999999873523, 19.57385387393430420 ) ) ;
#985 = EDGE_LOOP ( 'NONE', ( #6224, #5850, #7997, #2503, #7664 ) ) ;
#986 = ORIENTED_EDGE ( 'NONE', *, *, #3096, .F. ) ;
#987 = CIRCLE ( 'NONE', #100, 317.5000000000000000 ) ;
#988 = EDGE_LOOP ( 'NONE', ( #4641, #6509, #1371, #7432, #2859, #1345 ) ) ;
#989 = ADVANCED_FACE ( 'NONE', ( #4014 ), #2923, .F. ) ;
#990 = DIRECTION ( 'NONE',  ( -0.000000000000000000, -0.000000000000000000, 1.000000000000000000 ) ) ;
#991 = DIRECTION ( 'NONE',  ( 1.000000000000000000, 0.000000000000000000, 0.000000000000000000 ) ) ;
#992 = CARTESIAN_POINT ( 'NONE',  ( 0.000000000000000000, 0.000000000000000000, 60.27070040501133974 ) ) ;
#993 = DIRECTION ( 'NONE',  ( -0.000000000000000000, -0.000000000000000000, 1.000000000000000000 ) ) ;
#994 = CARTESIAN_POINT ( 'NONE',  ( 3.543218914180317879E-14, -289.3257808412388954, -99.49999999999998579 ) ) ;
#995 = VECTOR ( 'NONE', #4728, 1000.000000000000000 ) ;
#996 = CARTESIAN_POINT ( 'NONE',  ( 360.6700645039173310, -180.3350322519587507, 70.87866810663062722 ) ) ;
#997 = ORIENTED_EDGE ( 'NONE', *, *, #122, .F. ) ;
#998 = VERTEX_POINT ( 'NONE', #4621 ) ;
#999 = ADVANCED_FACE ( 'NONE', ( #2879 ), #7864, .F. ) ;
#1000 = CARTESIAN_POINT ( 'NONE',  ( -368.5037075968030535, 184.2518537984015552, 82.49406996101799905 ) ) ;
#1001 = CIRCLE ( 'NONE', #5635, 6.350000000000001421 ) ;
#1002 = PLANE ( 'NONE',  #7340 ) ;
#1003 = CARTESIAN_POINT ( 'NONE',  ( -64.55530301089106615, -113.2725079155876813, 22.96499598181155477 ) ) ;
#1004 = CARTESIAN_POINT ( 'NONE',  ( -380.1892178384301815, 190.0946089192150339, -88.90489066047071276 ) ) ;
#1005 = CARTESIAN_POINT ( 'NONE',  ( 0.000000000000000000, 175.0999999999999943, 65.77070040501132553 ) ) ;
#1006 = CARTESIAN_POINT ( 'NONE',  ( 3.831175842164916603E-14, -312.8392484128754631, -88.68418937925814305 ) ) ;
#1007 = CARTESIAN_POINT ( 'NONE',  ( -12.57416913977445994, -133.1895796795824936, 23.76049959401590073 ) ) ;
#1008 = ORIENTED_EDGE ( 'NONE', *, *, #5807, .T. ) ;
#1009 = CARTESIAN_POINT ( 'NONE',  ( 0.000000000000000000, 314.8560525630094276, -86.09637062918555728 ) ) ;
#1010 = LINE ( 'NONE', #2340, #2151 ) ;
#1011 = ORIENTED_EDGE ( 'NONE', *, *, #3830, .T. ) ;
#1012 = CARTESIAN_POINT ( 'NONE',  ( 83.56837683698503838, -90.01476475181976866, 19.36299596820718349 ) ) ;
#1013 = ORIENTED_EDGE ( 'NONE', *, *, #1125, .F. ) ;
#1014 = CIRCLE ( 'NONE', #7494, 6.349999999999999645 ) ;
#1015 = CARTESIAN_POINT ( 'NONE',  ( 111.9120981611903574, -51.91263041471744089, 21.88423481098885759 ) ) ;
#1016 = CARTESIAN_POINT ( 'NONE',  ( -87.62432620104632974, -96.04495854040335701, 22.87951644549301733 ) ) ;
#1017 = AXIS2_PLACEMENT_3D ( 'NONE', #6073, #7919, #31 ) ;
#1018 = CARTESIAN_POINT ( 'NONE',  ( 124.1813614938072732, -24.58053049643349652, 19.65482771601762124 ) ) ;
#1019 = AXIS2_PLACEMENT_3D ( 'NONE', #2675, #7597, #1436 ) ;
#1020 = CARTESIAN_POINT ( 'NONE',  ( -117.9884619973335589, -53.60048312183842256, 20.21482714528789870 ) ) ;
#1021 = CARTESIAN_POINT ( 'NONE',  ( -88.47315653655870449, -101.1271242968688284, 23.89698163186446678 ) ) ;
#1022 = CARTESIAN_POINT ( 'NONE',  ( -633.8768442980406235, 316.9384221490204254, 79.84641328172391184 ) ) ;
#1023 = DIRECTION ( 'NONE',  ( 1.000000000000000000, 0.000000000000000000, 0.000000000000000000 ) ) ;
#1024 = DIRECTION ( 'NONE',  ( 1.000000000000000000, 0.000000000000000000, 0.000000000000000000 ) ) ;
#1025 = CIRCLE ( 'NONE', #3974, 158.0999999999996533 ) ;
#1026 = VECTOR ( 'NONE', #5352, 1000.000000000000000 ) ;
#1027 = DIRECTION ( 'NONE',  ( 1.000000000000000000, 0.000000000000000000, 0.000000000000000000 ) ) ;
#1028 = VERTEX_POINT ( 'NONE', #6539 ) ;
#1029 = DIRECTION ( 'NONE',  ( 1.000000000000000000, 0.000000000000000000, 0.000000000000000000 ) ) ;
#1030 = ORIENTED_EDGE ( 'NONE', *, *, #3211, .T. ) ;
#1031 = AXIS2_PLACEMENT_3D ( 'NONE', #3656, #6132, #3169 ) ;
#1032 = CIRCLE ( 'NONE', #2057, 15.00000000000000000 ) ;
#1033 = EDGE_LOOP ( 'NONE', ( #7036, #4388, #6976, #5746 ) ) ;
#1034 = CARTESIAN_POINT ( 'NONE',  ( 126.9602443907738802, -25.98817615042811013, 20.21482714528789870 ) ) ;
#1035 = CARTESIAN_POINT ( 'NONE',  ( 0.000000000000000000, 0.000000000000000000, -44.36102757863400115 ) ) ;
#1036 = DIRECTION ( 'NONE',  ( 1.000000000000000000, 0.000000000000000000, 0.000000000000000000 ) ) ;
#1037 = CARTESIAN_POINT ( 'NONE',  ( 100.8503410874426152, 0.000000000000000000, 21.60089406756696206 ) ) ;
#1038 = CIRCLE ( 'NONE', #4393, 322.5000000000000000 ) ;
#1039 = DIRECTION ( 'NONE',  ( -1.000000000000000000, 0.000000000000000000, 0.000000000000000000 ) ) ;
#1040 = EDGE_CURVE ( 'NONE', #3803, #6179, #494, .T. ) ;
#1041 = CARTESIAN_POINT ( 'NONE',  ( -63.94909740123711117, -112.7155796549784696, 20.21482714528789870 ) ) ;
#1042 = ORIENTED_EDGE ( 'NONE', *, *, #859, .T. ) ;
#1043 = ORIENTED_EDGE ( 'NONE', *, *, #2507, .T. ) ;
#1044 = CARTESIAN_POINT ( 'NONE',  ( -368.5037075968030535, -184.2518537984014984, 82.49406996101799905 ) ) ;
#1045 = CIRCLE ( 'NONE', #7002, 168.6000000000000227 ) ;
#1046 = CARTESIAN_POINT ( 'NONE',  ( 0.000000000000000000, 0.000000000000000000, -65.22929959498868868 ) ) ;
#1047 = CARTESIAN_POINT ( 'NONE',  ( -72.87817994036242908, -116.1196698346764435, 24.53431729471902045 ) ) ;
#1048 = CARTESIAN_POINT ( 'NONE',  ( 15.00000000000000355, -125.0000000000000284, 22.09155500234106029 ) ) ;
#1049 = DIRECTION ( 'NONE',  ( 0.000000000000000000, 0.000000000000000000, -1.000000000000000000 ) ) ;
#1050 = CARTESIAN_POINT ( 'NONE',  ( 0.000000000000000000, 315.9843193731403517, -83.60197795724437242 ) ) ;
#1051 = EDGE_CURVE ( 'NONE', #5304, #1168, #6513, .T. ) ;
#1052 = CARTESIAN_POINT ( 'NONE',  ( 103.1248389675219101, 0.000000000000000000, 11.86299596820718527 ) ) ;
#1053 = CIRCLE ( 'NONE', #5296, 129.5927812626564162 ) ;
#1054 = ORIENTED_EDGE ( 'NONE', *, *, #875, .F. ) ;
#1055 = FACE_OUTER_BOUND ( 'NONE', #5276, .T. ) ;
#1056 = PRODUCT_DEFINITION_SHAPE ( 'NONE', 'NONE',  #7768 ) ;
#1057 = ORIENTED_EDGE ( 'NONE', *, *, #6119, .F. ) ;
#1058 = CARTESIAN_POINT ( 'NONE',  ( -14.51664885225353885, -128.7771558215628431, 20.21482714528789870 ) ) ;
#1059 = ORIENTED_EDGE ( 'NONE', *, *, #6017, .T. ) ;
#1060 = TOROIDAL_SURFACE ( 'NONE', #3511, 122.2006631523987323, 32.50000000000000711 ) ;
#1061 = DIRECTION ( 'NONE',  ( 1.000000000000000000, 0.000000000000000000, 0.000000000000000000 ) ) ;
#1062 = DIRECTION ( 'NONE',  ( -1.000000000000000000, 0.000000000000000000, -0.000000000000000000 ) ) ;
#1063 = AXIS2_PLACEMENT_3D ( 'NONE', #4679, #1615, #5936 ) ;
#1064 = DIRECTION ( 'NONE',  ( -0.000000000000000000, -0.000000000000000000, 1.000000000000000000 ) ) ;
#1065 = CARTESIAN_POINT ( 'NONE',  ( -148.7715728752537530, 0.000000000000000000, 14.90333958598047381 ) ) ;
#1066 = CARTESIAN_POINT ( 'NONE',  ( -578.6515616824776771, 289.3257808412388954, 94.50000000000000000 ) ) ;
#1067 = DIRECTION ( 'NONE',  ( 1.000000000000000000, 0.000000000000000000, 0.000000000000000000 ) ) ;
#1068 = CARTESIAN_POINT ( 'NONE',  ( 112.2775386321815603, 52.09859666831470548, 19.39964984139539084 ) ) ;
#1069 = FACE_OUTER_BOUND ( 'NONE', #2750, .T. ) ;
#1070 = ORIENTED_EDGE ( 'NONE', *, *, #830, .F. ) ;
#1071 = CARTESIAN_POINT ( 'NONE',  ( 59.55032408116537113, -106.7087671033369105, 21.86299596820718349 ) ) ;
#1072 = EDGE_CURVE ( 'NONE', #3887, #6350, #6286, .T. ) ;
#1073 = EDGE_LOOP ( 'NONE', ( #396, #6307, #2534, #597 ) ) ;
#1074 = EDGE_LOOP ( 'NONE', ( #3770, #1528, #873, #15 ) ) ;
#1075 = CARTESIAN_POINT ( 'NONE',  ( -132.9752352552340255, 33.48020896927449996, 24.54142632664486712 ) ) ;
#1076 = DIRECTION ( 'NONE',  ( 1.000000000000000000, 0.000000000000000000, 0.000000000000000000 ) ) ;
#1077 = CARTESIAN_POINT ( 'NONE',  ( -126.7938008737655480, -51.38158817264103106, 24.46750498239966376 ) ) ;
#1078 = CARTESIAN_POINT ( 'NONE',  ( 634.9999999999996589, 317.4999999999997158, 68.03790535064513278 ) ) ;
#1079 = CARTESIAN_POINT ( 'NONE',  ( 360.6700645039173310, 180.3350322519585802, 70.87866810663062722 ) ) ;
#1080 = VERTEX_POINT ( 'NONE', #7705 ) ;
#1081 = ORIENTED_EDGE ( 'NONE', *, *, #2477, .F. ) ;
#1082 = CARTESIAN_POINT ( 'NONE',  ( -380.1892178384301815, -190.0946089192150907, 88.90489066047071276 ) ) ;
#1083 = CARTESIAN_POINT ( 'NONE',  ( -322.5000000000000000, 3.949485927250214208E-14, -65.77070040501132553 ) ) ;
#1084 = ADVANCED_FACE ( 'NONE', ( #1501 ), #5892, .F. ) ;
#1085 = CARTESIAN_POINT ( 'NONE',  ( -74.67805283080038237, -116.0958347952620358, 24.75480553837166653 ) ) ;
#1086 = EDGE_CURVE ( 'NONE', #4104, #6039, #1949, .T. ) ;
#1087 = CARTESIAN_POINT ( 'NONE',  ( -372.6893232596835333, 186.3446616298416814, -85.37267775845593576 ) ) ;
#1088 = B_SPLINE_CURVE_WITH_KNOTS ( 'NONE', 3,
 ( #5949, #7311, #2310, #6531, #3565, #5256, #3484, #1744, #343, #7274, #4085, #4777, #389, #4045, #6662, #431, #4208, #1710 ),
 .UNSPECIFIED., .F., .F.,
 ( 4, 2, 2, 2, 2, 2, 2, 2, 4 ),
 ( 0.02453810323755813497, 0.02642860202644785328, 0.02831910081533757159, 0.03020959960422728990, 0.03210009839311700475, 0.03399059718200673347, 0.03493584657645157354, 0.03588109597089640668, 0.03966209354867582249 ),
 .UNSPECIFIED. ) ;
#1089 = CARTESIAN_POINT ( 'NONE',  ( -73.47315653655857659, -101.1271242968688426, 14.49999999999999822 ) ) ;
#1090 = CARTESIAN_POINT ( 'NONE',  ( 3.810577907821122701E-14, -311.1572994331259565, -90.05439378584783583 ) ) ;
#1091 = CARTESIAN_POINT ( 'NONE',  ( -119.8881304610665239, 23.66090128114969104, 21.86299596820718349 ) ) ;
#1092 = ORIENTED_EDGE ( 'NONE', *, *, #7125, .T. ) ;
#1093 = CARTESIAN_POINT ( 'NONE',  ( 0.000000000000000000, 310.4931723929009877, -90.48823014889568128 ) ) ;
#1094 = CARTESIAN_POINT ( 'NONE',  ( 416.5484383175221978, -208.2742191587610989, -99.50000000000001421 ) ) ;
#1095 = ORIENTED_EDGE ( 'NONE', *, *, #5663, .F. ) ;
#1096 = CARTESIAN_POINT ( 'NONE',  ( -10.46508824755264300, -135.7541543423737380, 21.74793632822033729 ) ) ;
#1097 = ORIENTED_EDGE ( 'NONE', *, *, #5612, .F. ) ;
#1098 = EDGE_CURVE ( 'NONE', #1352, #346, #6444, .T. ) ;
#1099 = CYLINDRICAL_SURFACE ( 'NONE', #1270, 6.350000000000001421 ) ;
#1100 = CARTESIAN_POINT ( 'NONE',  ( -7.755293876526915161E-14, 316.6339013798285578, -81.46200492995686204 ) ) ;
#1101 = CARTESIAN_POINT ( 'NONE',  ( -166.5999999999999943, 0.000000000000000000, 56.27070040501133974 ) ) ;
#1102 = DIRECTION ( 'NONE',  ( 0.000000000000000000, 0.000000000000000000, -1.000000000000000000 ) ) ;
#1103 = DIRECTION ( 'NONE',  ( 0.000000000000000000, 0.000000000000000000, -1.000000000000000000 ) ) ;
#1104 = CARTESIAN_POINT ( 'NONE',  ( 0.000000000000000000, 0.000000000000000000, -99.49999999999998579 ) ) ;
#1105 = CARTESIAN_POINT ( 'NONE',  ( 86.86662230416494879, -107.9176990950303008, 22.30322153101485227 ) ) ;
#1106 = DIRECTION ( 'NONE',  ( -0.000000000000000000, -0.000000000000000000, 1.000000000000000000 ) ) ;
#1107 = CARTESIAN_POINT ( 'NONE',  ( 79.51295781413044494, 114.8619889573024011, 22.57506528796530532 ) ) ;
#1108 = CYLINDRICAL_SURFACE ( 'NONE', #552, 15.00000000000000000 ) ;
#1109 = ORIENTED_EDGE ( 'NONE', *, *, #6777, .T. ) ;
#1110 = CYLINDRICAL_SURFACE ( 'NONE', #2471, 165.1000000000000227 ) ;
#1111 = VERTEX_POINT ( 'NONE', #226 ) ;
#1112 = CARTESIAN_POINT ( 'NONE',  ( -133.1873124537404465, 34.10295803961643912, 24.62523589199686569 ) ) ;
#1113 = CARTESIAN_POINT ( 'NONE',  ( -10.48641702414261090, 135.7564299933078757, 21.74863090345353100 ) ) ;
#1114 = CARTESIAN_POINT ( 'NONE',  ( -113.4927164345431265, 52.62854982869586706, 22.00213261640085349 ) ) ;
#1115 = CARTESIAN_POINT ( 'NONE',  ( 7.567530081273828560E-14, 308.9678626744722578, 91.31556125657976963 ) ) ;
#1116 = CARTESIAN_POINT ( 'NONE',  ( 3.749077678574159666E-14, -289.3257808412388954, -99.49999999999998579 ) ) ;
#1117 = AXIS2_PLACEMENT_3D ( 'NONE', #3088, #3008, #50 ) ;
#1118 = ORIENTED_EDGE ( 'NONE', *, *, #7461, .F. ) ;
#1119 = ORIENTED_EDGE ( 'NONE', *, *, #3108, .F. ) ;
#1120 = CARTESIAN_POINT ( 'NONE',  ( 0.000000000000000000, 183.3332349922793298, 80.88990889983972465 ) ) ;
#1121 = FACE_OUTER_BOUND ( 'NONE', #3844, .T. ) ;
#1122 = DIRECTION ( 'NONE',  ( -0.000000000000000000, -0.000000000000000000, 1.000000000000000000 ) ) ;
#1123 = CARTESIAN_POINT ( 'NONE',  ( -4.452813467503069574E-14, 181.7999063323111386, -77.29528289382909634 ) ) ;
#1124 = AXIS2_PLACEMENT_3D ( 'NONE', #3999, #2710, #3877 ) ;
#1125 = EDGE_CURVE ( 'NONE', #2833, #7339, #3310, .T. ) ;
#1126 = DIRECTION ( 'NONE',  ( -0.000000000000000000, -0.000000000000000000, 1.000000000000000000 ) ) ;
#1127 = CARTESIAN_POINT ( 'NONE',  ( 0.000000000000000000, 0.000000000000000000, 26.98809383705458487 ) ) ;
#1128 = ORIENTED_EDGE ( 'NONE', *, *, #3330, .F. ) ;
#1130 = EDGE_CURVE ( 'NONE', #3689, #2817, #861, .T. ) ;
#1129 = CARTESIAN_POINT ( 'NONE',  ( -130.8336216194610984, -29.55754531001828056, 21.27475528400929505 ) ) ;
#1131 = CARTESIAN_POINT ( 'NONE',  ( 14.51664885225353885, 128.7771558215628431, 20.21482714528789870 ) ) ;
#1132 = AXIS2_PLACEMENT_3D ( 'NONE', #3387, #4681, #7826 ) ;
#1133 = ORIENTED_EDGE ( 'NONE', *, *, #1174, .T. ) ;
#1134 = CARTESIAN_POINT ( 'NONE',  ( 8.568231509906288679, -137.3189319995265407, 22.08170501342971193 ) ) ;
#1135 = VERTEX_POINT ( 'NONE', #849 ) ;
#1136 = CARTESIAN_POINT ( 'NONE',  ( -73.47315653655857659, -101.1271242968688426, 21.86299596820718349 ) ) ;
#1137 = CARTESIAN_POINT ( 'NONE',  ( -635.0000000000000000, 317.4999999999998295, -65.77070040501132553 ) ) ;
#1138 = EDGE_CURVE ( 'NONE', #6785, #3613, #7726, .T. ) ;
#1139 = DIRECTION ( 'NONE',  ( 0.000000000000000000, -1.000000000000000000, 0.000000000000000000 ) ) ;
#1140 = B_SPLINE_CURVE_WITH_KNOTS ( 'NONE', 3,
 ( #1623, #5294, #2866, #4076, #261, #7704, #2776, #5333 ),
 .UNSPECIFIED., .F., .F.,
 ( 4, 2, 2, 4 ),
 ( 0.04687051831352544162, 0.05034399844048874362, 0.05208073850397039462, 0.05381747856745204561 ),
 .UNSPECIFIED. ) ;
#1141 = CIRCLE ( 'NONE', #1780, 289.3257808412388954 ) ;
#1142 = CARTESIAN_POINT ( 'NONE',  ( -103.1248389675219101, 1.262915039541619478E-14, 11.86299596820718527 ) ) ;
#1143 = FACE_OUTER_BOUND ( 'NONE', #4699, .T. ) ;
#1144 = DIRECTION ( 'NONE',  ( -0.000000000000000000, -0.000000000000000000, 1.000000000000000000 ) ) ;
#1145 = CARTESIAN_POINT ( 'NONE',  ( 383.6102456501470783, 191.8051228250735107, 99.50000000000001421 ) ) ;
#1146 = AXIS2_PLACEMENT_3D ( 'NONE', #7348, #4969, #4814 ) ;
#1147 = LINE ( 'NONE', #3071, #5050 ) ;
#1148 = CIRCLE ( 'NONE', #4112, 6.350000000000001421 ) ;
#1149 = ORIENTED_EDGE ( 'NONE', *, *, #875, .T. ) ;
#1150 = CARTESIAN_POINT ( 'NONE',  ( -129.6409649644884894, 49.09233137781443190, 24.89154232255955890 ) ) ;
#1151 = ORIENTED_EDGE ( 'NONE', *, *, #4723, .F. ) ;
#1152 = FACE_OUTER_BOUND ( 'NONE', #1955, .T. ) ;
#1153 = AXIS2_PLACEMENT_3D ( 'NONE', #6220, #51, #2489 ) ;
#1154 = AXIS2_PLACEMENT_3D ( 'NONE', #4193, #7031, #6370 ) ;
#1155 = CARTESIAN_POINT ( 'NONE',  ( -86.13040707617554403, 93.07248174725255296, 22.21790878303234607 ) ) ;
#1156 = CARTESIAN_POINT ( 'NONE',  ( 87.45346570019299293, 106.7530051439691618, 24.74484197743913327 ) ) ;
#1157 = CARTESIAN_POINT ( 'NONE',  ( 605.5329718068611555, -302.7664859034306915, 93.41442136824589682 ) ) ;
#1158 = CARTESIAN_POINT ( 'NONE',  ( -82.27702471388467131, -113.2770288304431148, 22.64654850681175802 ) ) ;
#1159 = AXIS2_PLACEMENT_3D ( 'NONE', #2611, #3329, #7041 ) ;
#1160 = ORIENTED_EDGE ( 'NONE', *, *, #7341, .T. ) ;
#1161 = EDGE_LOOP ( 'NONE', ( #5781, #3548 ) ) ;
#1162 = CARTESIAN_POINT ( 'NONE',  ( -168.5999999999999943, 0.000000000000000000, 60.27070040501133974 ) ) ;
#1163 = CARTESIAN_POINT ( 'NONE',  ( -88.25668410867375258, 98.53625885903555570, 23.41027935711121089 ) ) ;
#1164 = FACE_OUTER_BOUND ( 'NONE', #7071, .T. ) ;
#1165 = FACE_OUTER_BOUND ( 'NONE', #6385, .T. ) ;
#1166 = AXIS2_PLACEMENT_3D ( 'NONE', #2548, #812, #2629 ) ;
#1167 = CARTESIAN_POINT ( 'NONE',  ( 54.35287990626782317, 17.66032122852886133, 14.49999999999999822 ) ) ;
#1168 = VERTEX_POINT ( 'NONE', #7797 ) ;
#1169 = CARTESIAN_POINT ( 'NONE',  ( 87.20541043529124181, 95.09179473994205978, 22.64930167012783713 ) ) ;
#1170 = AXIS2_PLACEMENT_3D ( 'NONE', #719, #1997, #5109 ) ;
#1171 = CARTESIAN_POINT ( 'NONE',  ( -111.3878566634562901, -51.63366796149131943, 21.86299596820717994 ) ) ;
#1172 = B_SPLINE_CURVE_WITH_KNOTS ( 'NONE', 3,
 ( #811, #187, #894, #2590 ),
 .UNSPECIFIED., .F., .F.,
 ( 4, 4 ),
 ( 0.000000000000000000, 1.000000000000000000 ),
 .UNSPECIFIED. ) ;
#1173 = ORIENTED_EDGE ( 'NONE', *, *, #2743, .F. ) ;
#1174 = EDGE_CURVE ( 'NONE', #7865, #1352, #2537, .T. ) ;
#1175 = CARTESIAN_POINT ( 'NONE',  ( 12.99834058397894232, -132.5312489684735056, 21.04946677724786142 ) ) ;
#1176 = ORIENTED_EDGE ( 'NONE', *, *, #2892, .T. ) ;
#1177 = PRODUCT_RELATED_PRODUCT_CATEGORY ( 'detail', '', ( #7651 ) ) ;
#1178 = DIRECTION ( 'NONE',  ( 1.000000000000000000, 0.000000000000000000, 0.000000000000000000 ) ) ;
#1179 = EDGE_CURVE ( 'NONE', #6731, #2514, #4689, .T. ) ;
#1180 = CARTESIAN_POINT ( 'NONE',  ( 3.859743278093466056E-14, -315.1719565821565538, -85.51580406433575376 ) ) ;
#1181 = AXIS2_PLACEMENT_3D ( 'NONE', #6343, #3331, #4395 ) ;
#1182 = AXIS2_PLACEMENT_3D ( 'NONE', #4292, #7420, #580 ) ;
#1183 = CARTESIAN_POINT ( 'NONE',  ( 85.12390337379514449, 91.67487123073541966, 22.00213261640084994 ) ) ;
#1184 = DIRECTION ( 'NONE',  ( -0.000000000000000000, -0.000000000000000000, 1.000000000000000000 ) ) ;
#1185 = EDGE_CURVE ( 'NONE', #638, #7909, #2825, .T. ) ;
#1186 = DIRECTION ( 'NONE',  ( 1.000000000000000000, 0.000000000000000000, 0.000000000000000000 ) ) ;
#1187 = EDGE_CURVE ( 'NONE', #5360, #4618, #3674, .T. ) ;
#1188 = CARTESIAN_POINT ( 'NONE',  ( 79.18586617593594212, 115.0012861490331773, 22.55843469800813850 ) ) ;
#1189 = B_SPLINE_CURVE_WITH_KNOTS ( 'NONE', 3,
 ( #6947, #4575, #270, #3361, #2110, #3200, #5096, #5742, #2748, #1468, #2635, #3919, #4497, #5669, #7065, #6495, #1392, #780 ),
 .UNSPECIFIED., .F., .F.,
 ( 4, 2, 2, 2, 2, 2, 2, 2, 4 ),
 ( 0.000000000000000000, 0.1250000000000000000, 0.2500000000000000000, 0.3750000000000000000, 0.5000000000000000000, 0.6250000000000000000, 0.7500000000000000000, 0.8750000000000000000, 1.000000000000000000 ),
 .UNSPECIFIED. ) ;
#1190 = AXIS2_PLACEMENT_3D ( 'NONE', #5403, #3660, #2690 ) ;
#1191 = CARTESIAN_POINT ( 'NONE',  ( 0.000000000000000000, 0.000000000000000000, 17.11044636716703948 ) ) ;
#1192 = ORIENTED_EDGE ( 'NONE', *, *, #6695, .F. ) ;
#1193 = CARTESIAN_POINT ( 'NONE',  ( 0.000000000000000000, 0.000000000000000000, -63.72929959498868868 ) ) ;
#1194 = EDGE_LOOP ( 'NONE', ( #3907, #6093 ) ) ;
#1195 = DIRECTION ( 'NONE',  ( 0.000000000000000000, 0.000000000000000000, -1.000000000000000000 ) ) ;
#1196 = CARTESIAN_POINT ( 'NONE',  ( -634.6749012020570717, -317.3374506010285359, 76.28597499736081033 ) ) ;
#1197 = EDGE_CURVE ( 'NONE', #6356, #2691, #2263, .T. ) ;
#1198 = CARTESIAN_POINT ( 'NONE',  ( -112.6844722200417124, 52.29001571283414762, 21.93000304630661645 ) ) ;
#1199 = CARTESIAN_POINT ( 'NONE',  ( -3.847138617391237819E-14, -314.1427079276870131, 87.18980760446915212 ) ) ;
#1200 = CARTESIAN_POINT ( 'NONE',  ( -58.47315653655857659, -101.1271242968688426, 19.36299596820718705 ) ) ;
#1201 = ORIENTED_EDGE ( 'NONE', *, *, #3931, .F. ) ;
#1202 = ORIENTED_EDGE ( 'NONE', *, *, #1878, .F. ) ;
#1203 = CARTESIAN_POINT ( 'NONE',  ( 180.1000000000000227, 0.000000000000000000, 52.77070040501133263 ) ) ;
#1204 = CARTESIAN_POINT ( 'NONE',  ( -3.393038986970005944, 139.6174563009620897, 25.13308085636213107 ) ) ;
#1205 = CARTESIAN_POINT ( 'NONE',  ( 0.000000000000000000, 308.9678626744722578, 91.31556125657976963 ) ) ;
#1206 = CARTESIAN_POINT ( 'NONE',  ( 3.543218914180317879E-14, -289.3257808412388954, -94.49999999999998579 ) ) ;
#1207 = DIRECTION ( 'NONE',  ( 1.000000000000000000, 0.000000000000000000, 0.000000000000000000 ) ) ;
#1208 = ORIENTED_EDGE ( 'NONE', *, *, #4860, .T. ) ;
#1209 = CARTESIAN_POINT ( 'NONE',  ( -130.0354511490464802, -28.59220500317744396, 21.04374476679815587 ) ) ;
#1210 = CARTESIAN_POINT ( 'NONE',  ( -111.8947186798088751, -51.91305429544976846, 21.87937602951756944 ) ) ;
#1211 = ORIENTED_EDGE ( 'NONE', *, *, #3445, .T. ) ;
#1212 = CARTESIAN_POINT ( 'NONE',  ( -72.96943794861016386, 116.1228654095684902, 21.97900266216438325 ) ) ;
#1213 = ORIENTED_EDGE ( 'NONE', *, *, #7182, .T. ) ;
#1214 = DIRECTION ( 'NONE',  ( 1.000000000000000000, 0.000000000000000000, 0.000000000000000000 ) ) ;
#1215 = CARTESIAN_POINT ( 'NONE',  ( -625.6784968257508126, 312.8392484128752926, -88.68418937925815726 ) ) ;
#1216 = LINE ( 'NONE', #3666, #6089 ) ;
#1217 = EDGE_CURVE ( 'NONE', #3965, #5653, #7986, .T. ) ;
#1218 = CARTESIAN_POINT ( 'NONE',  ( 2.347490051841963511E-14, -175.0999999999999943, -65.77070040501132553 ) ) ;
#1219 = ORIENTED_EDGE ( 'NONE', *, *, #18, .F. ) ;
#1220 = DIRECTION ( 'NONE',  ( -1.000000000000000000, 1.224646799147353700E-16, 0.000000000000000000 ) ) ;
#1221 = DIRECTION ( 'NONE',  ( -0.000000000000000000, -0.000000000000000000, 1.000000000000000000 ) ) ;
#1222 = DIRECTION ( 'NONE',  ( -0.000000000000000000, -0.000000000000000000, 1.000000000000000000 ) ) ;
#1223 = CARTESIAN_POINT ( 'NONE',  ( 84.42389340097763295, 111.4024541147327341, 22.59341563143370024 ) ) ;
#1224 = EDGE_CURVE ( 'NONE', #3677, #6835, #5763, .T. ) ;
#1225 = DIRECTION ( 'NONE',  ( -0.000000000000000000, -0.000000000000000000, 1.000000000000000000 ) ) ;
#1226 = VERTEX_POINT ( 'NONE', #3434 ) ;
#1227 = DIRECTION ( 'NONE',  ( 1.224646799147353207E-16, 1.000000000000000000, 0.000000000000000000 ) ) ;
#1228 = EDGE_CURVE ( 'NONE', #3228, #3900, #3394, .T. ) ;
#1229 = EDGE_CURVE ( 'NONE', #7049, #7762, #4991, .T. ) ;
#1230 = ORIENTED_EDGE ( 'NONE', *, *, #5581, .T. ) ;
#1231 = CARTESIAN_POINT ( 'NONE',  ( 0.000000000000000000, 125.0000000000000000, 21.86299596820717639 ) ) ;
#1232 = CARTESIAN_POINT ( 'NONE',  ( 12.08768562027061932, 133.9196130613883895, 21.35238505880319693 ) ) ;
#1233 = CARTESIAN_POINT ( 'NONE',  ( -132.8391791224265717, -44.14621926312035782, 22.64138532842475016 ) ) ;
#1234 = CARTESIAN_POINT ( 'NONE',  ( 625.6784968257508126, 312.8392484128752926, 88.68418937925815726 ) ) ;
#1235 = CARTESIAN_POINT ( 'NONE',  ( -88.42441534862398100, -102.5243335344268729, 21.56836516495981471 ) ) ;
#1236 = EDGE_CURVE ( 'NONE', #6705, #5869, #4853, .T. ) ;
#1237 = VERTEX_POINT ( 'NONE', #1590 ) ;
#1238 = AXIS2_PLACEMENT_3D ( 'NONE', #3197, #5016, #6872 ) ;
#1239 = ORIENTED_EDGE ( 'NONE', *, *, #5523, .T. ) ;
#1240 = CARTESIAN_POINT ( 'NONE',  ( -129.7233440100265227, -28.25549537952354484, 23.52300700080966678 ) ) ;
#1241 = DIRECTION ( 'NONE',  ( 0.000000000000000000, 0.000000000000000000, -1.000000000000000000 ) ) ;
#1242 = CARTESIAN_POINT ( 'NONE',  ( 13.23651045542673543, 132.1070789005700021, 23.52365641188762524 ) ) ;
#1243 = CARTESIAN_POINT ( 'NONE',  ( 122.3783622146629710, 24.03685555300430821, 19.45897752190766994 ) ) ;
#1244 = CARTESIAN_POINT ( 'NONE',  ( 78.20788844133804218, -115.3648814774443991, 25.06697952500406856 ) ) ;
#1245 = AXIS2_PLACEMENT_3D ( 'NONE', #5415, #6072, #548 ) ;
#1246 = CARTESIAN_POINT ( 'NONE',  ( 0.000000000000000000, 125.0000000000000000, -99.50000000000000000 ) ) ;
#1247 = ORIENTED_EDGE ( 'NONE', *, *, #935, .F. ) ;
#1248 = CARTESIAN_POINT ( 'NONE',  ( 150.0999999999999375, 0.000000000000000000, 37.11044636716696488 ) ) ;
#1249 = EDGE_CURVE ( 'NONE', #6179, #3803, #4084, .T. ) ;
#1250 = CARTESIAN_POINT ( 'NONE',  ( 15.00000000000000355, 124.9999999999999858, 19.57385387393575726 ) ) ;
#1251 = ORIENTED_EDGE ( 'NONE', *, *, #4680, .F. ) ;
#1252 = CARTESIAN_POINT ( 'NONE',  ( -86.98408699413833745, 94.49409951312934197, 19.94405538489650809 ) ) ;
#1253 = ORIENTED_EDGE ( 'NONE', *, *, #643, .F. ) ;
#1254 = TOROIDAL_SURFACE ( 'NONE', #229, 166.6000000000000227, 1.500000000000000000 ) ;
#1255 = CARTESIAN_POINT ( 'NONE',  ( -3.593004625612164980E-14, -293.3910926900519485, 94.50000000000000000 ) ) ;
#1256 = CARTESIAN_POINT ( 'NONE',  ( 0.000000000000000000, 0.000000000000000000, -99.49999999999995737 ) ) ;
#1257 = CARTESIAN_POINT ( 'NONE',  ( 3.824940740472629338E-14, -312.3301137222341595, -89.15235216125219608 ) ) ;
#1258 = VECTOR ( 'NONE', #4484, 1000.000000000000000 ) ;
#1259 = CARTESIAN_POINT ( 'NONE',  ( 86.34974269059696894, 93.42693160127799956, 19.75136584310982357 ) ) ;
#1260 = ORIENTED_EDGE ( 'NONE', *, *, #7092, .T. ) ;
#1261 = FACE_OUTER_BOUND ( 'NONE', #313, .T. ) ;
#1262 = DIRECTION ( 'NONE',  ( 0.000000000000000000, -0.000000000000000000, 1.000000000000000000 ) ) ;
#1263 = CARTESIAN_POINT ( 'NONE',  ( 2.506412666873533872E-14, -204.6641259029620414, -94.36274905517983314 ) ) ;
#1264 = AXIS2_PLACEMENT_3D ( 'NONE', #6934, #2132, #1378 ) ;
#1265 = DIRECTION ( 'NONE',  ( -0.000000000000000000, -0.000000000000000000, 1.000000000000000000 ) ) ;
#1266 = CARTESIAN_POINT ( 'NONE',  ( 87.98171549264051805, 104.9516615630258087, 21.93347444357793563 ) ) ;
#1267 = CARTESIAN_POINT ( 'NONE',  ( 15.00000000000000355, 124.9999999999999858, 22.09155500234106029 ) ) ;
#1268 = ORIENTED_EDGE ( 'NONE', *, *, #2788, .F. ) ;
#1269 = FACE_OUTER_BOUND ( 'NONE', #4402, .T. ) ;
#1270 = AXIS2_PLACEMENT_3D ( 'NONE', #6613, #4647, #4120 ) ;
#1271 = VERTEX_POINT ( 'NONE', #6027 ) ;
#1272 = EDGE_CURVE ( 'NONE', #7339, #4644, #488, .T. ) ;
#1273 = DIRECTION ( 'NONE',  ( -0.000000000000000000, -0.000000000000000000, 1.000000000000000000 ) ) ;
#1274 = CARTESIAN_POINT ( 'NONE',  ( 10.46508824755261813, 135.7541543423737380, 21.74793632822034795 ) ) ;
#1275 = CARTESIAN_POINT ( 'NONE',  ( 88.42227601201786058, 102.5528184318770855, 24.14035754045968218 ) ) ;
#1276 = CIRCLE ( 'NONE', #2300, 100.8503410874426152 ) ;
#1277 = PLANE ( 'NONE',  #4103 ) ;
#1278 = CIRCLE ( 'NONE', #5648, 175.1000000000000512 ) ;
#1279 = ADVANCED_FACE ( 'NONE', ( #7987 ), #2383, .F. ) ;
#1280 = CARTESIAN_POINT ( 'NONE',  ( 7.694277234782475638E-14, 314.1427079276870131, 87.18980760446915212 ) ) ;
#1281 = CARTESIAN_POINT ( 'NONE',  ( 634.9999999999996589, -317.4999999999998295, -68.03790535064513278 ) ) ;
#1282 = ORIENTED_EDGE ( 'NONE', *, *, #4688, .T. ) ;
#1283 = VECTOR ( 'NONE', #1861, 1000.000000000000000 ) ;
#1284 = CIRCLE ( 'NONE', #3721, 147.5999999999999375 ) ;
#1285 = VERTEX_POINT ( 'NONE', #1218 ) ;
#1286 = DIRECTION ( 'NONE',  ( -1.000000000000000000, 0.000000000000000000, 0.000000000000000000 ) ) ;
#1287 = CARTESIAN_POINT ( 'NONE',  ( -14.54461539145625260, 121.3320082995440856, 21.86299596820717639 ) ) ;
#1288 = DIRECTION ( 'NONE',  ( -0.000000000000000000, -0.000000000000000000, 1.000000000000000000 ) ) ;
#1289 = CARTESIAN_POINT ( 'NONE',  ( 0.000000000000000000, 315.1719565821565538, 85.51580406433575376 ) ) ;
#1290 = EDGE_CURVE ( 'NONE', #527, #3017, #6110, .T. ) ;
#1291 = TOROIDAL_SURFACE ( 'NONE', #6054, 122.2006631523987323, 32.50000000000000711 ) ;
#1292 = DIRECTION ( 'NONE',  ( -0.000000000000000000, -0.000000000000000000, 1.000000000000000000 ) ) ;
#1293 = CIRCLE ( 'NONE', #1792, 317.5000000000000000 ) ;
#1294 = FACE_OUTER_BOUND ( 'NONE', #888, .T. ) ;
#1295 = ORIENTED_EDGE ( 'NONE', *, *, #3917, .T. ) ;
#1296 = CARTESIAN_POINT ( 'NONE',  ( -54.35287990626808607, 17.66032122852809394, 17.00000000000000000 ) ) ;
#1297 = DIRECTION ( 'NONE',  ( 0.000000000000000000, 0.000000000000000000, -1.000000000000000000 ) ) ;
#1298 = ORIENTED_EDGE ( 'NONE', *, *, #1818, .T. ) ;
#1299 = CARTESIAN_POINT ( 'NONE',  ( -83.56837683698438468, 90.01476475182043657, 19.36299596820718705 ) ) ;
#1300 = CIRCLE ( 'NONE', #5798, 165.0999999999999943 ) ;
#1301 = EDGE_LOOP ( 'NONE', ( #4548, #4549, #7804, #1485 ) ) ;
#1302 = CIRCLE ( 'NONE', #1660, 122.2006631523987323 ) ;
#1303 = CARTESIAN_POINT ( 'NONE',  ( -148.1686244700197506, 1.814542316912758526E-14, 24.55361931221464289 ) ) ;
#1304 = CARTESIAN_POINT ( 'NONE',  ( 131.5395691869730115, 30.55193464372656820, 24.05447989615483451 ) ) ;
#1305 = AXIS2_PLACEMENT_3D ( 'NONE', #344, #390, #5218 ) ;
#1306 = DIRECTION ( 'NONE',  ( 1.000000000000000000, 0.000000000000000000, 0.000000000000000000 ) ) ;
#1307 = ORIENTED_EDGE ( 'NONE', *, *, #1425, .F. ) ;
#1308 = DIRECTION ( 'NONE',  ( -1.000000000000000000, 1.224646799147354193E-16, 0.000000000000000000 ) ) ;
#1309 = CARTESIAN_POINT ( 'NONE',  ( 0.000000000000000000, 0.000000000000000000, 65.77070040501132553 ) ) ;
#1310 = CARTESIAN_POINT ( 'NONE',  ( 409.3282518059239692, -204.6641259029619846, -94.36274905517981892 ) ) ;
#1311 = DIRECTION ( 'NONE',  ( -0.000000000000000000, -1.000000000000000000, -0.000000000000000000 ) ) ;
#1312 = DIRECTION ( 'NONE',  ( 0.000000000000000000, 0.000000000000000000, -1.000000000000000000 ) ) ;
#1313 = PERSON_AND_ORGANIZATION_ROLE ( 'classification_officer' ) ;
#1314 = ORIENTED_EDGE ( 'NONE', *, *, #6786, .T. ) ;
#1315 = AXIS2_PLACEMENT_3D ( 'NONE', #242, #6959, #755 ) ;
#1316 = DIRECTION ( 'NONE',  ( 0.000000000000000000, -1.000000000000000000, 0.000000000000000000 ) ) ;
#1317 = CARTESIAN_POINT ( 'NONE',  ( 87.20541043529124181, 95.09179473994205978, 22.64930167012783713 ) ) ;
#1318 = DIRECTION ( 'NONE',  ( -0.000000000000000000, -0.000000000000000000, 1.000000000000000000 ) ) ;
#1319 = CARTESIAN_POINT ( 'NONE',  ( 9.858694591879510583, 136.3126499368055420, 21.86747161729663702 ) ) ;
#1320 = DIRECTION ( 'NONE',  ( 0.000000000000000000, -1.000000000000000000, 0.000000000000000000 ) ) ;
#1321 = AXIS2_PLACEMENT_3D ( 'NONE', #6771, #1854, #6657 ) ;
#1322 = CARTESIAN_POINT ( 'NONE',  ( 0.000000000000000000, 0.000000000000000000, -65.77070040501132553 ) ) ;
#1323 = CARTESIAN_POINT ( 'NONE',  ( 115.5204195371155862, -53.25901546911215689, 19.74487829016262097 ) ) ;
#1324 = EDGE_CURVE ( 'NONE', #5360, #6850, #3953, .T. ) ;
#1325 = CARTESIAN_POINT ( 'NONE',  ( 0.000000000000000000, 317.4322264710784793, -74.34416061146623633 ) ) ;
#1326 = CIRCLE ( 'NONE', #5829, 15.00000000000000000 ) ;
#1327 = EDGE_LOOP ( 'NONE', ( #1700, #669, #1054, #6501 ) ) ;
#1328 = ORIENTED_EDGE ( 'NONE', *, *, #4962, .T. ) ;
#1329 = DIRECTION ( 'NONE',  ( 1.000000000000000000, 0.000000000000000000, 0.000000000000000000 ) ) ;
#1330 = FACE_OUTER_BOUND ( 'NONE', #5065, .T. ) ;
#1331 = DIRECTION ( 'NONE',  ( 0.000000000000000000, 0.000000000000000000, -1.000000000000000000 ) ) ;
#1332 = CARTESIAN_POINT ( 'NONE',  ( 0.000000000000000000, 315.9843193731403517, 83.60197795724437242 ) ) ;
#1333 = DIRECTION ( 'NONE',  ( 1.000000000000000000, 0.000000000000000000, 0.000000000000000000 ) ) ;
#1334 = CARTESIAN_POINT ( 'NONE',  ( -7.898971854500428416E-14, 322.5000000000000000, -83.74324804101253505 ) ) ;
#1335 = ORIENTED_EDGE ( 'NONE', *, *, #6373, .F. ) ;
#1336 = ORIENTED_EDGE ( 'NONE', *, *, #1086, .T. ) ;
#1337 = EDGE_CURVE ( 'NONE', #5014, #2240, #1898, .T. ) ;
#1338 = ORIENTED_EDGE ( 'NONE', *, *, #2905, .F. ) ;
#1339 = EDGE_CURVE ( 'NONE', #1999, #1080, #3785, .T. ) ;
#1340 = CARTESIAN_POINT ( 'NONE',  ( 0.000000000000000000, 0.000000000000000000, -52.77070040501134685 ) ) ;
#1341 = ORIENTED_EDGE ( 'NONE', *, *, #2304, .T. ) ;
#1342 = CARTESIAN_POINT ( 'NONE',  ( 0.000000000000000000, 289.3257808412388954, 94.49999999999998579 ) ) ;
#1343 = CARTESIAN_POINT ( 'NONE',  ( 0.000000000000000000, 57.14999999999999858, 17.00000000000000000 ) ) ;
#1344 = DIRECTION ( 'NONE',  ( 1.000000000000000000, 0.000000000000000000, 0.000000000000000000 ) ) ;
#1345 = ORIENTED_EDGE ( 'NONE', *, *, #5037, .F. ) ;
#1346 = ADVANCED_FACE ( 'NONE', ( #4406 ), #1856, .F. ) ;
#1347 = DIRECTION ( 'NONE',  ( -0.000000000000000000, -0.000000000000000000, 1.000000000000000000 ) ) ;
#1348 = CARTESIAN_POINT ( 'NONE',  ( 3.869691853010713318E-14, -315.9843193731403517, -83.60197795724437242 ) ) ;
#1349 = CARTESIAN_POINT ( 'NONE',  ( 2.296452004018117716E-14, -187.5195367037252652, -86.64764840476198060 ) ) ;
#1350 = CARTESIAN_POINT ( 'NONE',  ( 121.0423195135469285, 23.77218147109567425, 21.87957518312287064 ) ) ;
#1351 = CARTESIAN_POINT ( 'NONE',  ( 0.000000000000000000, 0.000000000000000000, -55.72929959498868158 ) ) ;
#1352 = VERTEX_POINT ( 'NONE', #6737 ) ;
#1353 = LINE ( 'NONE', #3153, #5055 ) ;
#1354 = CARTESIAN_POINT ( 'NONE',  ( 88.47315653655793710, 101.1271242968693684, 23.89698163186445257 ) ) ;
#1355 = CARTESIAN_POINT ( 'NONE',  ( 172.6000000000000512, 0.000000000000000000, -65.22929959498868868 ) ) ;
#1356 = CARTESIAN_POINT ( 'NONE',  ( 0.000000000000000000, 317.4999999999998863, 68.03790535064513278 ) ) ;
#1357 = CARTESIAN_POINT ( 'NONE',  ( -60.87559267320159506, -109.2901800719462102, 21.99788429866642403 ) ) ;
#1358 = CARTESIAN_POINT ( 'NONE',  ( 0.000000000000000000, 0.000000000000000000, -65.77070040501132553 ) ) ;
#1359 = CARTESIAN_POINT ( 'NONE',  ( 0.000000000000000000, 0.000000000000000000, 20.21482714528789870 ) ) ;
#1360 = ORIENTED_EDGE ( 'NONE', *, *, #7189, .T. ) ;
#1361 = EDGE_LOOP ( 'NONE', ( #738, #7840 ) ) ;
#1362 = ORIENTED_EDGE ( 'NONE', *, *, #7484, .F. ) ;
#1363 = CARTESIAN_POINT ( 'NONE',  ( -130.3735583079585467, -28.98081103913223089, 23.70773342919281035 ) ) ;
#1364 = CARTESIAN_POINT ( 'NONE',  ( -83.08400613783497590, -89.61054624860969398, 21.86299596820718349 ) ) ;
#1365 = CARTESIAN_POINT ( 'NONE',  ( 8.092309005976206393, 137.6370741788947782, 24.71643938639230242 ) ) ;
#1366 = FACE_OUTER_BOUND ( 'NONE', #7415, .T. ) ;
#1367 = CARTESIAN_POINT ( 'NONE',  ( 69.69105071981657318, -115.6600611394924272, 24.05275809287256905 ) ) ;
#1368 = CARTESIAN_POINT ( 'NONE',  ( -2.381782502707780839E-14, -194.4873006948673435, 91.56960896611401779 ) ) ;
#1369 = ORIENTED_EDGE ( 'NONE', *, *, #5571, .F. ) ;
#1370 = ORIENTED_EDGE ( 'NONE', *, *, #2353, .T. ) ;
#1371 = ORIENTED_EDGE ( 'NONE', *, *, #685, .T. ) ;
#1372 = CARTESIAN_POINT ( 'NONE',  ( -88.27908010038848374, 103.9188846971846800, 21.79280504682212793 ) ) ;
#1373 = ORIENTED_EDGE ( 'NONE', *, *, #2221, .F. ) ;
#1374 = ADVANCED_FACE ( 'NONE', ( #4319 ), #2408, .T. ) ;
#1375 = CARTESIAN_POINT ( 'NONE',  ( -4.883884749510008757E-14, 199.3997270441714136, -93.38869490038416643 ) ) ;
#1376 = CARTESIAN_POINT ( 'NONE',  ( -100.8503410874426152, 1.235060474056554138E-14, 21.60089406756696206 ) ) ;
#1377 = EDGE_CURVE ( 'NONE', #5965, #322, #6799, .T. ) ;
#1378 = DIRECTION ( 'NONE',  ( -1.000000000000000000, -1.224646799147349509E-16, 0.000000000000000000 ) ) ;
#1379 = AXIS2_PLACEMENT_3D ( 'NONE', #1046, #5319, #4153 ) ;
#1380 = EDGE_LOOP ( 'NONE', ( #6640, #6472, #4073, #1991 ) ) ;
#1381 = CARTESIAN_POINT ( 'NONE',  ( -118.8820645368940490, -38.62712429686894922, 14.49999999999999822 ) ) ;
#1382 = DIRECTION ( 'NONE',  ( 1.000000000000000000, 0.000000000000000000, 0.000000000000000000 ) ) ;
#1383 = CARTESIAN_POINT ( 'NONE',  ( -15.00000000000000355, -126.2857211461864182, 19.71998129487351648 ) ) ;
#1384 = CARTESIAN_POINT ( 'NONE',  ( -149.0999999999993406, 1.825948377528695442E-14, 5.382524305809773146 ) ) ;
#1385 = CIRCLE ( 'NONE', #6951, 160.5999999999999659 ) ;
#1386 = EDGE_CURVE ( 'NONE', #4878, #4629, #4063, .T. ) ;
#1387 = DIRECTION ( 'NONE',  ( 0.7071067811865472397, 8.659560562354930393E-17, -0.7071067811865479058 ) ) ;
#1388 = DIRECTION ( 'NONE',  ( -1.000000000000000000, 0.000000000000000000, 0.000000000000000000 ) ) ;
#1389 = VECTOR ( 'NONE', #7029, 1000.000000000000000 ) ;
#1390 = ORIENTED_EDGE ( 'NONE', *, *, #4040, .T. ) ;
#1391 = CARTESIAN_POINT ( 'NONE',  ( 132.9759359770384606, 43.78900858200839252, 25.21277717797556761 ) ) ;
#1392 = CARTESIAN_POINT ( 'NONE',  ( -2.205588885264383868E-14, -180.1000000000000512, 68.44440677895181580 ) ) ;
#1393 = DIRECTION ( 'NONE',  ( 1.000000000000000000, 0.000000000000000000, 0.000000000000000000 ) ) ;
#1394 = DIRECTION ( 'NONE',  ( -0.000000000000000000, -0.000000000000000000, 1.000000000000000000 ) ) ;
#1395 = EDGE_CURVE ( 'NONE', #5014, #7944, #2018, .T. ) ;
#1396 = CARTESIAN_POINT ( 'NONE',  ( -133.8820645368943190, 39.14237565515290385, 22.52555623118730566 ) ) ;
#1397 = ORIENTED_EDGE ( 'NONE', *, *, #3399, .F. ) ;
#1398 = ORIENTED_EDGE ( 'NONE', *, *, #6075, .T. ) ;
#1399 = ORIENTED_EDGE ( 'NONE', *, *, #3750, .T. ) ;
#1400 = DIRECTION ( 'NONE',  ( 1.000000000000000000, 0.000000000000000000, 0.000000000000000000 ) ) ;
#1401 = CARTESIAN_POINT ( 'NONE',  ( -27.24192716851457519, -46.23532122852843429, 14.49999999999999822 ) ) ;
#1402 = DIRECTION ( 'NONE',  ( -0.000000000000000000, -0.000000000000000000, 1.000000000000000000 ) ) ;
#1403 = CARTESIAN_POINT ( 'NONE',  ( -126.9602443907735250, -25.98817615042986873, 20.21482714528789870 ) ) ;
#1404 = CARTESIAN_POINT ( 'NONE',  ( 0.000000000000000000, 0.000000000000000000, -94.50000000000000000 ) ) ;
#1405 = CARTESIAN_POINT ( 'NONE',  ( 380.1892178384301815, 190.0946089192150339, 88.90489066047071276 ) ) ;
#1406 = CIRCLE ( 'NONE', #2429, 147.5999999999999375 ) ;
#1407 = AXIS2_PLACEMENT_3D ( 'NONE', #66, #1347, #7584 ) ;
#1408 = ORIENTED_EDGE ( 'NONE', *, *, #3015, .T. ) ;
#1409 = ORIENTED_EDGE ( 'NONE', *, *, #5704, .T. ) ;
#1410 = CARTESIAN_POINT ( 'NONE',  ( -66.22105963918443194, 114.3330105702010542, 20.80589146882723028 ) ) ;
#1411 = ORIENTED_EDGE ( 'NONE', *, *, #4784, .T. ) ;
#1412 = CARTESIAN_POINT ( 'NONE',  ( 77.17160470095558367, -115.6683877108373792, 22.42344619488450874 ) ) ;
#1413 = TOROIDAL_SURFACE ( 'NONE', #517, 149.0999999999993406, 6.500000000000000000 ) ;
#1414 = AXIS2_PLACEMENT_3D ( 'NONE', #4645, #2818, #7141 ) ;
#1415 = CARTESIAN_POINT ( 'NONE',  ( 63.47282271190715619, 112.3241497218556475, 20.08041211471542198 ) ) ;
#1416 = CARTESIAN_POINT ( 'NONE',  ( -617.9357253489444020, 308.9678626744720873, -91.31556125657976963 ) ) ;
#1417 = EDGE_CURVE ( 'NONE', #5304, #6215, #614, .T. ) ;
#1418 = AXIS2_PLACEMENT_3D ( 'NONE', #6160, #5587, #629 ) ;
#1419 = CARTESIAN_POINT ( 'NONE',  ( 117.3856248595691767, 53.55229325042365929, 22.64930167012784423 ) ) ;
#1420 = CIRCLE ( 'NONE', #6988, 15.00000000000000000 ) ;
#1421 = ORIENTED_EDGE ( 'NONE', *, *, #3879, .T. ) ;
#1422 = CARTESIAN_POINT ( 'NONE',  ( 87.78040736205394978, -96.52447008023540320, 20.41957647240080220 ) ) ;
#1423 = ORIENTED_EDGE ( 'NONE', *, *, #4725, .F. ) ;
#1424 = FACE_OUTER_BOUND ( 'NONE', #6386, .T. ) ;
#1425 = EDGE_CURVE ( 'NONE', #4998, #3137, #4214, .T. ) ;
#1426 = CARTESIAN_POINT ( 'NONE',  ( -180.1000000000000227, -2.205588885264383237E-14, -99.49999999999995737 ) ) ;
#1427 = FACE_OUTER_BOUND ( 'NONE', #1441, .T. ) ;
#1428 = DIRECTION ( 'NONE',  ( -0.000000000000000000, -0.000000000000000000, 1.000000000000000000 ) ) ;
#1429 = DIRECTION ( 'NONE',  ( -0.000000000000000000, -0.000000000000000000, 1.000000000000000000 ) ) ;
#1430 = AXIS2_PLACEMENT_3D ( 'NONE', #7536, #2726, #1448 ) ;
#1431 = EDGE_CURVE ( 'NONE', #6101, #3868, #1385, .T. ) ;
#1432 = CARTESIAN_POINT ( 'NONE',  ( 0.000000000000000000, 175.0999999999999943, 65.77070040501132553 ) ) ;
#1433 = CARTESIAN_POINT ( 'NONE',  ( 124.4905970300653024, 52.57772159977763238, 24.07696098217514802 ) ) ;
#1434 = CARTESIAN_POINT ( 'NONE',  ( -128.0143448656226610, 26.66190414750827031, 20.48759108946229546 ) ) ;
#1435 = FACE_OUTER_BOUND ( 'NONE', #2045, .T. ) ;
#1436 = DIRECTION ( 'NONE',  ( 1.000000000000000000, 0.000000000000000000, 0.000000000000000000 ) ) ;
#1437 = AXIS2_PLACEMENT_3D ( 'NONE', #6453, #5831, #3486 ) ;
#1438 = CARTESIAN_POINT ( 'NONE',  ( 126.4442136057544701, -25.67282379624814581, 22.64930167012784068 ) ) ;
#1439 = EDGE_LOOP ( 'NONE', ( #454, #6258, #1202, #513, #3074, #3322, #6375, #6523 ) ) ;
#1440 = ORIENTED_EDGE ( 'NONE', *, *, #3389, .T. ) ;
#1441 = EDGE_LOOP ( 'NONE', ( #3139, #2011 ) ) ;
#1442 = EDGE_CURVE ( 'NONE', #6881, #3126, #3501, .T. ) ;
#1443 = FACE_OUTER_BOUND ( 'NONE', #3097, .T. ) ;
#1444 = CARTESIAN_POINT ( 'NONE',  ( -5.101247116753823982E-14, 208.2742191587611558, -99.50000000000000000 ) ) ;
#1445 = CARTESIAN_POINT ( 'NONE',  ( 14.65710448143376787, 128.1889321442034770, 22.64930167012784423 ) ) ;
#1446 = CARTESIAN_POINT ( 'NONE',  ( 0.000000000000000000, 0.000000000000000000, 65.77070040501132553 ) ) ;
#1447 = CARTESIAN_POINT ( 'NONE',  ( 67.65328166575234548, -114.9702984177571352, 23.67086445428129338 ) ) ;
#1448 = DIRECTION ( 'NONE',  ( 0.000000000000000000, 0.000000000000000000, -1.000000000000000000 ) ) ;
#1449 = ORIENTED_EDGE ( 'NONE', *, *, #604, .F. ) ;
#1450 = EDGE_LOOP ( 'NONE', ( #4780, #5288 ) ) ;
#1451 = ORIENTED_EDGE ( 'NONE', *, *, #7533, .F. ) ;
#1452 = DIRECTION ( 'NONE',  ( -0.000000000000000000, -0.000000000000000000, 1.000000000000000000 ) ) ;
#1453 = B_SPLINE_CURVE_WITH_KNOTS ( 'NONE', 3,
 ( #2887, #3625, #3541, #3505 ),
 .UNSPECIFIED., .F., .F.,
 ( 4, 4 ),
 ( 0.01116589344349612142, 0.01442084811071539519 ),
 .UNSPECIFIED. ) ;
#1454 = CARTESIAN_POINT ( 'NONE',  ( -14.69510446573481488, -121.9287396677545985, 21.86299596820718705 ) ) ;
#1455 = CARTESIAN_POINT ( 'NONE',  ( 10.73875484108974021, -135.5064924907669877, 24.26231163366761123 ) ) ;
#1456 = DIRECTION ( 'NONE',  ( -1.000000000000000000, 0.000000000000000000, 0.000000000000000000 ) ) ;
#1457 = ORIENTED_EDGE ( 'NONE', *, *, #3898, .F. ) ;
#1458 = DIRECTION ( 'NONE',  ( -1.000000000000000000, 0.000000000000000000, 0.000000000000000000 ) ) ;
#1459 = ORIENTED_EDGE ( 'NONE', *, *, #6228, .F. ) ;
#1460 = CARTESIAN_POINT ( 'NONE',  ( 166.5999999999999943, 2.040261567379490471E-14, 57.77070040501133974 ) ) ;
#1461 = ADVANCED_FACE ( 'NONE', ( #5047 ), #5115, .F. ) ;
#1462 = CARTESIAN_POINT ( 'NONE',  ( 0.000000000000000000, 0.000000000000000000, -65.77070040501132553 ) ) ;
#1463 = PERSON_AND_ORGANIZATION ( #2260, #6755 ) ;
#1464 = DIRECTION ( 'NONE',  ( -0.000000000000000000, -0.000000000000000000, 1.000000000000000000 ) ) ;
#1465 = CARTESIAN_POINT ( 'NONE',  ( 2.528508904446387929E-14, -206.4684206259987889, -94.49999999999997158 ) ) ;
#1466 = DIRECTION ( 'NONE',  ( -0.000000000000000000, -0.000000000000000000, 1.000000000000000000 ) ) ;
#1467 = DIRECTION ( 'NONE',  ( 0.000000000000000000, 0.000000000000000000, -1.000000000000000000 ) ) ;
#1468 = CARTESIAN_POINT ( 'NONE',  ( -2.296452004018117716E-14, -187.5195367037252652, 86.64764840476198060 ) ) ;
#1469 = EDGE_CURVE ( 'NONE', #4435, #759, #7217, .T. ) ;
#1470 = CARTESIAN_POINT ( 'NONE',  ( 0.000000000000000000, 0.000000000000000000, 26.98809383705458487 ) ) ;
#1471 = CARTESIAN_POINT ( 'NONE',  ( -83.08400613783500432, -89.61054624860966555, 19.36299596820717994 ) ) ;
#1472 = CARTESIAN_POINT ( 'NONE',  ( 117.6814359408244286, -53.58215996088033961, 20.14776585779446094 ) ) ;
#1473 = ADVANCED_FACE ( 'NONE', ( #3303 ), #216, .F. ) ;
#1474 = EDGE_CURVE ( 'NONE', #3710, #1512, #3106, .T. ) ;
#1475 = EDGE_LOOP ( 'NONE', ( #6901, #3937 ) ) ;
#1476 = ORIENTED_EDGE ( 'NONE', *, *, #2404, .T. ) ;
#1477 = ORIENTED_EDGE ( 'NONE', *, *, #6743, .T. ) ;
#1478 = DIRECTION ( 'NONE',  ( -1.000000000000000000, 0.000000000000000000, 0.000000000000000000 ) ) ;
#1479 = CARTESIAN_POINT ( 'NONE',  ( 147.5999999999999375, 0.000000000000000000, 17.73176671072666366 ) ) ;
#1480 = CARTESIAN_POINT ( 'NONE',  ( 0.000000000000000000, 0.000000000000000000, 11.86299596820718527 ) ) ;
#1481 = CARTESIAN_POINT ( 'NONE',  ( -165.0999999999999943, 2.021891865392280199E-14, 35.77057939344513215 ) ) ;
#1482 = CARTESIAN_POINT ( 'NONE',  ( 0.000000000000000000, 0.000000000000000000, 64.27070040501133974 ) ) ;
#1483 = EDGE_CURVE ( 'NONE', #1674, #48, #7054, .T. ) ;
#1484 = CARTESIAN_POINT ( 'NONE',  ( 392.1568789826376360, -196.0784394913189033, 92.26983495602146945 ) ) ;
#1485 = ORIENTED_EDGE ( 'NONE', *, *, #5498, .T. ) ;
#1486 = ORIENTED_EDGE ( 'NONE', *, *, #2249, .T. ) ;
#1487 = VERTEX_POINT ( 'NONE', #3347 ) ;
#1488 = CARTESIAN_POINT ( 'NONE',  ( -402.2593809215250076, -201.1296904607625038, 93.80705434439103385 ) ) ;
#1489 = CARTESIAN_POINT ( 'NONE',  ( 0.000000000000000000, 190.0946089192151192, -88.90489066047071276 ) ) ;
#1490 = CARTESIAN_POINT ( 'NONE',  ( 63.94909740123874542, -112.7155796549775602, 20.21482714528789870 ) ) ;
#1491 = DIRECTION ( 'NONE',  ( 1.224646799147353207E-16, 1.000000000000000000, 0.000000000000000000 ) ) ;
#1492 = CARTESIAN_POINT ( 'NONE',  ( 3.737364689854735914E-14, -305.1789865009923233, -92.80220189689723043 ) ) ;
#1493 = ORIENTED_EDGE ( 'NONE', *, *, #3944, .T. ) ;
#1494 = DIRECTION ( 'NONE',  ( 1.000000000000000000, 0.000000000000000000, 0.000000000000000000 ) ) ;
#1495 = ORIENTED_EDGE ( 'NONE', *, *, #966, .F. ) ;
#1496 = CARTESIAN_POINT ( 'NONE',  ( 0.000000000000000000, 0.000000000000000000, -59.72929959498868158 ) ) ;
#1497 = AXIS2_PLACEMENT_3D ( 'NONE', #6028, #503, #2950 ) ;
#1498 = CARTESIAN_POINT ( 'NONE',  ( 15.00000000000000355, 124.9999999999999858, 19.57385387393575726 ) ) ;
#1499 = DIRECTION ( 'NONE',  ( 1.000000000000000000, 0.000000000000000000, 0.000000000000000000 ) ) ;
#1500 = AXIS2_PLACEMENT_3D ( 'NONE', #2235, #4742, #2839 ) ;
#1501 = FACE_OUTER_BOUND ( 'NONE', #649, .T. ) ;
#1502 = CARTESIAN_POINT ( 'NONE',  ( 133.8820645368938358, 39.65391911876409381, 22.55867774513646040 ) ) ;
#1503 = CARTESIAN_POINT ( 'NONE',  ( 0.000000000000000000, 0.000000000000000000, 14.49999999999999822 ) ) ;
#1504 = CARTESIAN_POINT ( 'NONE',  ( -628.2854158553739126, -314.1427079276869563, 87.18980760446915212 ) ) ;
#1505 = AXIS2_PLACEMENT_3D ( 'NONE', #4772, #384, #6567 ) ;
#1506 = DIRECTION ( 'NONE',  ( 0.000000000000000000, 0.000000000000000000, -1.000000000000000000 ) ) ;
#1507 = CARTESIAN_POINT ( 'NONE',  ( 111.9925694445925473, 51.95509784959308064, 19.38575867420907173 ) ) ;
#1508 = DIRECTION ( 'NONE',  ( 0.000000000000000000, 0.000000000000000000, -1.000000000000000000 ) ) ;
#1509 = ORIENTED_EDGE ( 'NONE', *, *, #6391, .T. ) ;
#1510 = AXIS2_PLACEMENT_3D ( 'NONE', #6393, #296, #1974 ) ;
#1511 = EDGE_CURVE ( 'NONE', #6204, #1733, #4173, .T. ) ;
#1512 = VERTEX_POINT ( 'NONE', #6355 ) ;
#1513 = ORIENTED_EDGE ( 'NONE', *, *, #2319, .T. ) ;
#1514 = DIRECTION ( 'NONE',  ( -0.000000000000000000, 0.000000000000000000, 1.000000000000000000 ) ) ;
#1515 = CARTESIAN_POINT ( 'NONE',  ( -86.16932192103101329, -93.05623520711839092, 22.19904504115742228 ) ) ;
#1516 = CC_DESIGN_PERSON_AND_ORGANIZATION_ASSIGNMENT ( #6399, #3273, ( #7768 ) ) ;
#1517 = CARTESIAN_POINT ( 'NONE',  ( -150.0999999999999375, 1.838194845520176530E-14, 35.77057939344513215 ) ) ;
#1518 = EDGE_CURVE ( 'NONE', #7139, #2208, #3700, .T. ) ;
#1519 = LINE ( 'NONE', #7569, #3609 ) ;
#1520 = AXIS2_PLACEMENT_3D ( 'NONE', #6482, #928, #6018 ) ;
#1521 =( BOUNDED_SURFACE ( )  B_SPLINE_SURFACE ( 3, 3, ( 
 ( #7086, #5234, #3260, #5725 ),
 ( #2764, #1527, #5762, #246 ),
 ( #5803, #4474, #958, #6965 ),
 ( #3414, #2048, #1488, #2694 ),
 ( #2654, #5158, #2092, #5113 ),
 ( #365, #7611, #3379, #4559 ),
 ( #6425, #3979, #3336, #6470 ),
 ( #289, #918, #5843, #325 ),
 ( #1646, #2806, #1082, #6596 ),
 ( #6095, #5437, #7204, #4224 ),
 ( #4186, #7897, #2972, #1725 ),
 ( #5394, #1000, #1044, #2368 ),
 ( #1120, #5277, #7165, #4828 ),
 ( #7325, #2329, #4671, #2242 ),
 ( #7777, #1689, #2285, #1607 ),
 ( #4059, #6677, #6548, #3458 ),
 ( #2927, #1760, #5924, #409 ),
 ( #528, #483, #4708, #4105 ) ),
 .UNSPECIFIED., .F., .F., .F. ) 
 B_SPLINE_SURFACE_WITH_KNOTS ( ( 4, 2, 2, 2, 2, 2, 2, 2, 4 ),
 ( 4, 4 ),
 ( 0.000000000000000000, 0.1250000000000000000, 0.2500000000000000000, 0.3750000000000000000, 0.5000000000000000000, 0.6250000000000000000, 0.7500000000000000000, 0.8750000000000000000, 1.000000000000000000 ),
 ( 0.000000000000000000, 1.000000000000000000 ),
 .UNSPECIFIED. ) 
 GEOMETRIC_REPRESENTATION_ITEM ( )  RATIONAL_B_SPLINE_SURFACE ( (
 ( 1.000000000000000000, 0.3333333333333334259, 0.3333333333333334259, 1.000000000000000000),
 ( 1.000000000000000000, 0.3333333333333334259, 0.3333333333333334259, 1.000000000000000000),
 ( 1.000000000000000000, 0.3333333333333334259, 0.3333333333333334259, 1.000000000000000000),
 ( 1.000000000000000000, 0.3333333333333334259, 0.3333333333333334259, 1.000000000000000000),
 ( 1.000000000000000000, 0.3333333333333334259, 0.3333333333333334259, 1.000000000000000000),
 ( 1.000000000000000000, 0.3333333333333334259, 0.3333333333333334259, 1.000000000000000000),
 ( 1.000000000000000000, 0.3333333333333334259, 0.3333333333333334259, 1.000000000000000000),
 ( 1.000000000000000000, 0.3333333333333334259, 0.3333333333333334259, 1.000000000000000000),
 ( 1.000000000000000000, 0.3333333333333334259, 0.3333333333333334259, 1.000000000000000000),
 ( 1.000000000000000000, 0.3333333333333334259, 0.3333333333333334259, 1.000000000000000000),
 ( 1.000000000000000000, 0.3333333333333334259, 0.3333333333333334259, 1.000000000000000000),
 ( 1.000000000000000000, 0.3333333333333334259, 0.3333333333333334259, 1.000000000000000000),
 ( 1.000000000000000000, 0.3333333333333334259, 0.3333333333333334259, 1.000000000000000000),
 ( 1.000000000000000000, 0.3333333333333334259, 0.3333333333333334259, 1.000000000000000000),
 ( 1.000000000000000000, 0.3333333333333334259, 0.3333333333333334259, 1.000000000000000000),
 ( 1.000000000000000000, 0.3333333333333334259, 0.3333333333333334259, 1.000000000000000000),
 ( 1.000000000000000000, 0.3333333333333334259, 0.3333333333333334259, 1.000000000000000000),
 ( 1.000000000000000000, 0.3333333333333334259, 0.3333333333333334259, 1.000000000000000000) ) ) 
 REPRESENTATION_ITEM ( '' )  SURFACE ( )  );
#1522 = CARTESIAN_POINT ( 'NONE',  ( 635.0262584174098492, -317.5131292087050383, 70.21990042098286722 ) ) ;
#1523 = CARTESIAN_POINT ( 'NONE',  ( 412.9368412519975209, 206.4684206259986752, 94.49999999999997158 ) ) ;
#1524 = ORIENTED_EDGE ( 'NONE', *, *, #7629, .F. ) ;
#1525 = VECTOR ( 'NONE', #5009, 1000.000000000000000 ) ;
#1526 = ORIENTED_EDGE ( 'NONE', *, *, #4480, .T. ) ;
#1527 = CARTESIAN_POINT ( 'NONE',  ( -412.9368412519974640, 206.4684206259987604, 94.49999999999997158 ) ) ;
#1528 = ORIENTED_EDGE ( 'NONE', *, *, #6687, .F. ) ;
#1529 = CARTESIAN_POINT ( 'NONE',  ( 372.6893232596835333, -186.3446616298417382, -85.37267775845593576 ) ) ;
#1530 = EDGE_CURVE ( 'NONE', #3323, #4706, #1001, .T. ) ;
#1531 = DIRECTION ( 'NONE',  ( -0.000000000000000000, -0.000000000000000000, 1.000000000000000000 ) ) ;
#1532 = CARTESIAN_POINT ( 'NONE',  ( 122.2006631523987323, 0.000000000000000000, 19.36299596820719060 ) ) ;
#1533 = AXIS2_PLACEMENT_3D ( 'NONE', #1104, #1708, #5298 ) ;
#1534 = CARTESIAN_POINT ( 'NONE',  ( 3.869691853010713318E-14, -315.9843193731403517, -83.60197795724437242 ) ) ;
#1535 = CIRCLE ( 'NONE', #1912, 153.6961940777119082 ) ;
#1536 = CARTESIAN_POINT ( 'NONE',  ( -7.271243826855930470E-14, 296.8710583295711558, -94.26337537733878946 ) ) ;
#1537 = ORIENTED_EDGE ( 'NONE', *, *, #4539, .T. ) ;
#1538 = DIRECTION ( 'NONE',  ( 0.000000000000000000, 0.000000000000000000, -1.000000000000000000 ) ) ;
#1539 = ORIENTED_EDGE ( 'NONE', *, *, #5355, .F. ) ;
#1540 = CARTESIAN_POINT ( 'NONE',  ( 119.8881304610666945, -23.66090128114886681, 19.36299596820717994 ) ) ;
#1541 = CIRCLE ( 'NONE', #6056, 15.00000000000000000 ) ;
#1542 = EDGE_CURVE ( 'NONE', #5976, #2937, #3052, .T. ) ;
#1543 = DIRECTION ( 'NONE',  ( 0.8660254037844397068, 0.000000000000000000, 0.4999999999999979461 ) ) ;
#1544 = DIRECTION ( 'NONE',  ( 0.000000000000000000, 0.000000000000000000, -1.000000000000000000 ) ) ;
#1545 = CIRCLE ( 'NONE', #5667, 175.0999999999999943 ) ;
#1546 = AXIS2_PLACEMENT_3D ( 'NONE', #3938, #5078, #6387 ) ;
#1547 = CARTESIAN_POINT ( 'NONE',  ( 129.7277902872740185, -28.26011652201647451, 23.52425127950005646 ) ) ;
#1548 = CARTESIAN_POINT ( 'NONE',  ( 3.888253587292846634E-14, -317.5000000000000000, -65.77070040501132553 ) ) ;
#1549 = DIRECTION ( 'NONE',  ( 1.000000000000000000, 0.000000000000000000, 0.000000000000000000 ) ) ;
#1550 = TOROIDAL_SURFACE ( 'NONE', #5159, 151.5999999999999375, 4.000000000000000000 ) ;
#1551 = B_SPLINE_CURVE_WITH_KNOTS ( 'NONE', 3,
 ( #6768, #6805, #1372, #1812, #692, #3138, #4278, #3817, #4314, #724, #3702, #3099, #60, #1931, #6928, #2498, #7455, #5603, #5042, #4999, #95, #4401, #3780, #3176, #5644, #6300, #134, #2579, #1212, #3221, #5690, #2619, #7377, #1410, #2730, #7577 ),
 .UNSPECIFIED., .F., .F.,
 ( 4, 2, 2, 2, 2, 2, 2, 2, 2, 2, 2, 2, 2, 2, 2, 2, 2, 4 ),
 ( 0.005687376908512170072, 0.009934216488532616324, 0.01099592638353772377, 0.01205763627854282947, 0.01418105606855308079, 0.01524276596355820385, 0.01630447585856333037, 0.01842789564857357995, 0.02055131543858382953, 0.02267473522859407911, 0.02479815501860432869, 0.02585986491360945522, 0.02692157480861458174, 0.02904499459862483132, 0.03010670449362993703, 0.03116841438863504274, 0.03541525396865546904, 0.03966209354867589881 ),
 .UNSPECIFIED. ) ;
#1552 = CARTESIAN_POINT ( 'NONE',  ( -631.4724989282810839, 315.7362494641405419, 84.26865681888700976 ) ) ;
#1553 = CARTESIAN_POINT ( 'NONE',  ( -133.7223395118171538, 36.10597735924329754, 22.29685481732599328 ) ) ;
#1554 = CARTESIAN_POINT ( 'NONE',  ( 115.5169965878011737, 53.25812907385040518, 19.74437952292885612 ) ) ;
#1555 = DIRECTION ( 'NONE',  ( -0.7071067811865466846, 0.000000000000000000, -0.7071067811865483499 ) ) ;
#1556 = VERTEX_POINT ( 'NONE', #2056 ) ;
#1557 = AXIS2_PLACEMENT_3D ( 'NONE', #55, #5598, #5443 ) ;
#1558 = B_SPLINE_CURVE_WITH_KNOTS ( 'NONE', 3,
 ( #5903, #1669, #4129, #506, #3024, #5456, #6113, #3113 ),
 .UNSPECIFIED., .F., .F.,
 ( 4, 2, 2, 4 ),
 ( 0.008200396579537826136, 0.009123496886285024574, 0.01004659719303222475, 0.01189279780652658172 ),
 .UNSPECIFIED. ) ;
#1559 = ORIENTED_EDGE ( 'NONE', *, *, #7583, .T. ) ;
#1560 = VERTEX_POINT ( 'NONE', #4527 ) ;
#1561 = CARTESIAN_POINT ( 'NONE',  ( 125.8049827123770257, -51.97340716029723495, 21.73836898089523473 ) ) ;
#1562 = DIRECTION ( 'NONE',  ( 0.000000000000000000, 0.000000000000000000, -1.000000000000000000 ) ) ;
#1563 = CARTESIAN_POINT ( 'NONE',  ( -166.5999999999999943, 0.000000000000000000, 60.27070040501133974 ) ) ;
#1564 = CARTESIAN_POINT ( 'NONE',  ( -118.4181652623741314, -53.65581867328445043, 22.87875548163712836 ) ) ;
#1565 = EDGE_CURVE ( 'NONE', #1886, #1271, #6165, .T. ) ;
#1566 = CARTESIAN_POINT ( 'NONE',  ( 578.6515616824776771, 289.3257808412388954, -99.49999999999998579 ) ) ;
#1567 = CARTESIAN_POINT ( 'NONE',  ( 363.5998126646221635, -181.7999063323111670, 77.29528289382909634 ) ) ;
#1568 = CIRCLE ( 'NONE', #6745, 12.49999999999999645 ) ;
#1569 = ORIENTED_EDGE ( 'NONE', *, *, #786, .F. ) ;
#1570 = ORIENTED_EDGE ( 'NONE', *, *, #1272, .F. ) ;
#1571 = DIRECTION ( 'NONE',  ( -1.000000000000000000, 0.000000000000000000, 0.000000000000000000 ) ) ;
#1572 = ORIENTED_EDGE ( 'NONE', *, *, #2169, .T. ) ;
#1573 = DIRECTION ( 'NONE',  ( -0.000000000000000000, -0.000000000000000000, 1.000000000000000000 ) ) ;
#1574 = CARTESIAN_POINT ( 'NONE',  ( 2.208467200214958958E-14, -180.3350322519586939, -70.87866810663061301 ) ) ;
#1575 = CARTESIAN_POINT ( 'NONE',  ( -363.5998126646221635, -181.7999063323111670, -77.29528289382909634 ) ) ;
#1576 = CARTESIAN_POINT ( 'NONE',  ( -2.348935297277912938E-14, -191.8051228250735676, 99.50000000000000000 ) ) ;
#1577 = AXIS2_PLACEMENT_3D ( 'NONE', #1101, #6810, #5528 ) ;
#1578 = CARTESIAN_POINT ( 'NONE',  ( 624.6602274444682052, -312.3301137222341026, -89.15235216125219608 ) ) ;
#1579 = CARTESIAN_POINT ( 'NONE',  ( 2.144356545307015663E-14, -175.0999999999999943, -89.50634777422294519 ) ) ;
#1580 = ADVANCED_FACE ( 'NONE', ( #5166 ), #367, .F. ) ;
#1581 = ORIENTED_EDGE ( 'NONE', *, *, #5851, .F. ) ;
#1582 = ADVANCED_FACE ( 'NONE', ( #2098 ), #4070, .F. ) ;
#1583 = DIRECTION ( 'NONE',  ( 1.000000000000000000, 0.000000000000000000, 0.000000000000000000 ) ) ;
#1584 = VERTEX_POINT ( 'NONE', #5938 ) ;
#1585 = DIRECTION ( 'NONE',  ( 1.000000000000000000, 0.000000000000000000, 0.000000000000000000 ) ) ;
#1586 = VERTEX_POINT ( 'NONE', #6558 ) ;
#1587 = CYLINDRICAL_SURFACE ( 'NONE', #3713, 150.0999999999999375 ) ;
#1588 = DIRECTION ( 'NONE',  ( -0.000000000000000000, -0.000000000000000000, 1.000000000000000000 ) ) ;
#1589 = ADVANCED_FACE ( 'NONE', ( #420 ), #2253, .F. ) ;
#1590 = CARTESIAN_POINT ( 'NONE',  ( -110.8990637958514185, -51.32640377125303388, 19.36299596820717994 ) ) ;
#1591 = CARTESIAN_POINT ( 'NONE',  ( 121.4919042053556666, 53.40685400255569704, 20.94341443260645619 ) ) ;
#1592 = DIRECTION ( 'NONE',  ( 1.000000000000000000, 0.000000000000000000, 0.000000000000000000 ) ) ;
#1593 = CARTESIAN_POINT ( 'NONE',  ( -610.3579730019846465, -305.1789865009923233, 92.80220189689723043 ) ) ;
#1594 = DIRECTION ( 'NONE',  ( -0.000000000000000000, -0.000000000000000000, 1.000000000000000000 ) ) ;
#1595 = CARTESIAN_POINT ( 'NONE',  ( 645.0000000000000000, 322.4999999999998295, 65.77070040501132553 ) ) ;
#1596 = CARTESIAN_POINT ( 'NONE',  ( -117.9884619973339284, 53.60048312183756991, 20.21482714528789870 ) ) ;
#1597 = ORIENTED_EDGE ( 'NONE', *, *, #4646, .F. ) ;
#1598 = ORIENTED_EDGE ( 'NONE', *, *, #2743, .T. ) ;
#1599 = VERTEX_POINT ( 'NONE', #7863 ) ;
#1600 = CARTESIAN_POINT ( 'NONE',  ( -130.3798681532764761, 28.98829331425476141, 23.70955109509939618 ) ) ;
#1601 = DIRECTION ( 'NONE',  ( 0.2274497880079277834, 2.785456548506527952E-17, -0.9737898099359783011 ) ) ;
#1602 = CARTESIAN_POINT ( 'NONE',  ( 88.47315653655780920, 101.1271242968693826, 21.32969249565509529 ) ) ;
#1603 = CARTESIAN_POINT ( 'NONE',  ( -133.4429032682086245, -42.26825282249098592, 25.20739254820316333 ) ) ;
#1604 = CARTESIAN_POINT ( 'NONE',  ( 4.512868859823571133E-14, 184.2518537984015552, 82.49406996101798484 ) ) ;
#1605 = ORIENTED_EDGE ( 'NONE', *, *, #4783, .F. ) ;
#1606 = EDGE_LOOP ( 'NONE', ( #393, #3220, #3086, #945 ) ) ;
#1607 = CARTESIAN_POINT ( 'NONE',  ( -2.218879727924843965E-14, -181.1852796634682363, 75.30398140309957000 ) ) ;
#1608 = DIRECTION ( 'NONE',  ( -0.000000000000000000, -0.000000000000000000, 1.000000000000000000 ) ) ;
#1609 = CARTESIAN_POINT ( 'NONE',  ( 2.381782502707780839E-14, -194.4873006948673435, -91.56960896611401779 ) ) ;
#1610 = CARTESIAN_POINT ( 'NONE',  ( -380.1892178384301815, -190.0946089192151760, -88.90489066047071276 ) ) ;
#1611 = CARTESIAN_POINT ( 'NONE',  ( 0.000000000000000000, 175.0999999999999943, 89.50634777422294519 ) ) ;
#1612 = CARTESIAN_POINT ( 'NONE',  ( 3.881376242116104093E-14, -316.9384221490204254, -79.84641328172391184 ) ) ;
#1613 = CARTESIAN_POINT ( 'NONE',  ( -7.731595098570232416, -137.8608862213835096, 24.76378928351772046 ) ) ;
#1614 = ORIENTED_EDGE ( 'NONE', *, *, #2895, .T. ) ;
#1615 = DIRECTION ( 'NONE',  ( -0.000000000000000000, -0.000000000000000000, 1.000000000000000000 ) ) ;
#1616 = CARTESIAN_POINT ( 'NONE',  ( 350.1999999999999318, 175.0999999999999943, -89.50634777422295940 ) ) ;
#1617 = ORIENTED_EDGE ( 'NONE', *, *, #111, .T. ) ;
#1618 = ADVANCED_FACE ( 'NONE', ( #7176 ), #3990, .F. ) ;
#1619 = CARTESIAN_POINT ( 'NONE',  ( -9.540852479085755178, -136.5820056767376798, 21.92495214941474302 ) ) ;
#1620 = EDGE_LOOP ( 'NONE', ( #802, #6046, #133, #3107 ) ) ;
#1621 = CARTESIAN_POINT ( 'NONE',  ( 103.8820645368937647, 38.62712429686978055, 19.36299596820718705 ) ) ;
#1622 = ADVANCED_FACE ( 'NONE', ( #2219 ), #6031, .T. ) ;
#1623 = CARTESIAN_POINT ( 'NONE',  ( -119.8881304610665239, 23.66090128114969104, 21.86299596820718349 ) ) ;
#1624 = CARTESIAN_POINT ( 'NONE',  ( 122.9964408082132081, -24.18893696154228223, 19.51017281279725424 ) ) ;
#1625 = CARTESIAN_POINT ( 'NONE',  ( -115.5224424013546667, -53.30020214024149539, 19.72914514779851913 ) ) ;
#1626 = CARTESIAN_POINT ( 'NONE',  ( 0.000000000000000000, 0.000000000000000000, 51.86299596820718705 ) ) ;
#1627 = CARTESIAN_POINT ( 'NONE',  ( -605.5329718068611555, 302.7664859034306346, 93.41442136824589682 ) ) ;
#1628 = CARTESIAN_POINT ( 'NONE',  ( -133.8820645368943190, 38.62712429686809656, 22.49219463776504213 ) ) ;
#1629 = EDGE_CURVE ( 'NONE', #4739, #1599, #3181, .T. ) ;
#1630 = CARTESIAN_POINT ( 'NONE',  ( -3.543218914180317879E-14, -289.3257808412388954, 99.49999999999998579 ) ) ;
#1631 = AXIS2_PLACEMENT_3D ( 'NONE', #959, #6051, #368 ) ;
#1632 = CARTESIAN_POINT ( 'NONE',  ( -118.9986661402050458, 53.66077159806367547, 20.43547809336128651 ) ) ;
#1633 = ORIENTED_EDGE ( 'NONE', *, *, #2892, .F. ) ;
#1634 = CARTESIAN_POINT ( 'NONE',  ( 59.76558221745872856, -107.2457063289712806, 21.86299596820718705 ) ) ;
#1635 = ORIENTED_EDGE ( 'NONE', *, *, #6843, .F. ) ;
#1636 = AXIS2_PLACEMENT_3D ( 'NONE', #1921, #86, #6717 ) ;
#1637 = ORIENTED_EDGE ( 'NONE', *, *, #4634, .T. ) ;
#1638 = DIRECTION ( 'NONE',  ( 1.000000000000000000, 0.000000000000000000, 0.000000000000000000 ) ) ;
#1639 = CARTESIAN_POINT ( 'NONE',  ( 87.77959895745935626, 96.52240889863638529, 20.41909373524321225 ) ) ;
#1640 = CARTESIAN_POINT ( 'NONE',  ( 86.16910381358110271, -93.05616638718534261, 22.19908912627389697 ) ) ;
#1641 = CARTESIAN_POINT ( 'NONE',  ( 633.2678027596570018, 316.6339013798283304, 81.46200492995686204 ) ) ;
#1642 = AXIS2_PLACEMENT_3D ( 'NONE', #6972, #7548, #1494 ) ;
#1643 = DIRECTION ( 'NONE',  ( 1.000000000000000000, 0.000000000000000000, 0.000000000000000000 ) ) ;
#1644 = VERTEX_POINT ( 'NONE', #4762 ) ;
#1645 = VERTEX_POINT ( 'NONE', #2816 ) ;
#1646 = CARTESIAN_POINT ( 'NONE',  ( 0.000000000000000000, 190.0946089192151192, 88.90489066047071276 ) ) ;
#1647 = CIRCLE ( 'NONE', #2928, 168.6000000000000227 ) ;
#1648 = CARTESIAN_POINT ( 'NONE',  ( 150.0999999999999375, 0.000000000000000000, 17.11044636716703948 ) ) ;
#1649 = CARTESIAN_POINT ( 'NONE',  ( 14.54461539145625260, 121.3320082995440856, 21.86299596820717639 ) ) ;
#1650 = CARTESIAN_POINT ( 'NONE',  ( -363.5998126646222772, 181.7999063323110533, -77.29528289382909634 ) ) ;
#1651 = CARTESIAN_POINT ( 'NONE',  ( -2.144356545307015663E-14, -175.0999999999999943, 65.77070040501132553 ) ) ;
#1652 = CARTESIAN_POINT ( 'NONE',  ( 0.000000000000000000, 316.6339013798285578, -81.46200492995686204 ) ) ;
#1653 = CARTESIAN_POINT ( 'NONE',  ( -88.20748019195089284, 103.9606221990456447, 24.35781370448952643 ) ) ;
#1654 = DIRECTION ( 'NONE',  ( 1.000000000000000000, 0.000000000000000000, 0.000000000000000000 ) ) ;
#1655 = ORIENTED_EDGE ( 'NONE', *, *, #4228, .T. ) ;
#1656 = CARTESIAN_POINT ( 'NONE',  ( 0.000000000000000000, 0.000000000000000000, 99.49999999999995737 ) ) ;
#1657 = CARTESIAN_POINT ( 'NONE',  ( 2.144356545307015663E-14, -175.0999999999999943, -89.50634777422294519 ) ) ;
#1658 = ORIENTED_EDGE ( 'NONE', *, *, #7471, .F. ) ;
#1659 = CARTESIAN_POINT ( 'NONE',  ( -13.54716656812997577, -131.4528855817277133, 20.81187663387517972 ) ) ;
#1660 = AXIS2_PLACEMENT_3D ( 'NONE', #5835, #751, #2117 ) ;
#1661 = CARTESIAN_POINT ( 'NONE',  ( 0.000000000000000000, 183.3332349922793298, -80.88990889983972465 ) ) ;
#1662 = CARTESIAN_POINT ( 'NONE',  ( -170.0000000000000284, 2.081899558550500990E-14, 57.77070040501134685 ) ) ;
#1663 = EDGE_CURVE ( 'NONE', #1990, #4455, #1010, .T. ) ;
#1664 = AXIS2_PLACEMENT_3D ( 'NONE', #6052, #7970, #2975 ) ;
#1665 = CARTESIAN_POINT ( 'NONE',  ( 0.000000000000000000, 0.000000000000000000, 94.50000000000000000 ) ) ;
#1666 = CARTESIAN_POINT ( 'NONE',  ( 133.8820645368940916, 38.62712429686974502, 22.49219463776508476 ) ) ;
#1667 = DIRECTION ( 'NONE',  ( -0.000000000000000000, -1.000000000000000000, -0.000000000000000000 ) ) ;
#1668 = CARTESIAN_POINT ( 'NONE',  ( -3.859743278093466056E-14, -315.1719565821565538, 85.51580406433575376 ) ) ;
#1669 = CARTESIAN_POINT ( 'NONE',  ( -14.61990133663615232, 121.6305381781388206, 19.36299596820718349 ) ) ;
#1670 = CARTESIAN_POINT ( 'NONE',  ( 644.9999999999998863, -322.5000000000000568, 83.74324804101253505 ) ) ;
#1671 = AXIS2_PLACEMENT_3D ( 'NONE', #2499, #7273, #4315 ) ;
#1672 = AXIS2_PLACEMENT_3D ( 'NONE', #2487, #4948, #7529 ) ;
#1673 = LINE ( 'NONE', #2388, #5433 ) ;
#1674 = VERTEX_POINT ( 'NONE', #3468 ) ;
#1675 = DIRECTION ( 'NONE',  ( -0.000000000000000000, -0.000000000000000000, 1.000000000000000000 ) ) ;
#1676 = ADVANCED_FACE ( 'NONE', ( #1055 ), #6565, .T. ) ;
#1677 = ADVANCED_FACE ( 'NONE', ( #7263 ), #5404, .F. ) ;
#1678 = AXIS2_PLACEMENT_3D ( 'NONE', #473, #1195, #4855 ) ;
#1679 = VERTEX_POINT ( 'NONE', #1699 ) ;
#1680 = CARTESIAN_POINT ( 'NONE',  ( -111.4320634479078791, 51.66145715958987239, 19.36299596820718705 ) ) ;
#1681 = FACE_OUTER_BOUND ( 'NONE', #198, .T. ) ;
#1682 = CARTESIAN_POINT ( 'NONE',  ( -14.04238316592527624, 130.3354788811242884, 20.56433453456790161 ) ) ;
#1683 = CARTESIAN_POINT ( 'NONE',  ( 0.000000000000000000, 0.000000000000000000, 57.77070040501133974 ) ) ;
#1684 = AXIS2_PLACEMENT_3D ( 'NONE', #6533, #982, #1024 ) ;
#1685 = DIRECTION ( 'NONE',  ( 0.000000000000000000, 0.000000000000000000, -1.000000000000000000 ) ) ;
#1686 = CARTESIAN_POINT ( 'NONE',  ( 363.5998126646222772, 181.7999063323110533, 77.29528289382909634 ) ) ;
#1687 = EDGE_CURVE ( 'NONE', #7049, #276, #4940, .T. ) ;
#1688 = ORIENTED_EDGE ( 'NONE', *, *, #829, .T. ) ;
#1689 = CARTESIAN_POINT ( 'NONE',  ( -362.3705593269363590, 181.1852796634682079, 75.30398140309957000 ) ) ;
#1690 = CARTESIAN_POINT ( 'NONE',  ( 0.000000000000000000, -125.0000000000000000, 14.49999999999999822 ) ) ;
#1691 = CARTESIAN_POINT ( 'NONE',  ( -67.33883034080601249, -114.8200739926211753, 23.60351224239460777 ) ) ;
#1692 = CARTESIAN_POINT ( 'NONE',  ( -388.9746013897345733, -194.4873006948674288, -91.56960896611400358 ) ) ;
#1693 = CARTESIAN_POINT ( 'NONE',  ( -156.7715728752530993, 0.000000000000000000, -40.43640637617434663 ) ) ;
#1694 = CARTESIAN_POINT ( 'NONE',  ( 620.9863447858018617, -310.4931723929009308, -90.48823014889568128 ) ) ;
#1695 = CARTESIAN_POINT ( 'NONE',  ( -8.795774670718301991, -137.1579380156769616, 24.61481643308789202 ) ) ;
#1696 = CIRCLE ( 'NONE', #5046, 15.00000000000000000 ) ;
#1697 = ORIENTED_EDGE ( 'NONE', *, *, #1720, .T. ) ;
#1698 = CARTESIAN_POINT ( 'NONE',  ( 0.000000000000000000, 312.8392484128754631, -88.68418937925814305 ) ) ;
#1699 = CARTESIAN_POINT ( 'NONE',  ( -3.888253587292846634E-14, -317.5000000000000000, 65.77070040501132553 ) ) ;
#1700 = ORIENTED_EDGE ( 'NONE', *, *, #4093, .T. ) ;
#1701 = CARTESIAN_POINT ( 'NONE',  ( 86.98408699413904799, -94.49409951312870248, 19.94405538489651164 ) ) ;
#1702 = ORIENTED_EDGE ( 'NONE', *, *, #3687, .F. ) ;
#1703 = CARTESIAN_POINT ( 'NONE',  ( 0.000000000000000000, 199.3997270441714136, -93.38869490038416643 ) ) ;
#1704 = CARTESIAN_POINT ( 'NONE',  ( 3.831175842164916603E-14, -312.8392484128754631, -88.68418937925814305 ) ) ;
#1705 = CONICAL_SURFACE ( 'NONE', #1063, 101.4189655574624425, 1.341338301000019273 ) ;
#1706 = CARTESIAN_POINT ( 'NONE',  ( 122.3897185170150550, -24.02925853922253552, 19.45506678694952285 ) ) ;
#1707 = CARTESIAN_POINT ( 'NONE',  ( 103.1248389675219101, 0.000000000000000000, 11.86299596820718527 ) ) ;
#1708 = DIRECTION ( 'NONE',  ( -0.000000000000000000, -0.000000000000000000, 1.000000000000000000 ) ) ;
#1709 = CARTESIAN_POINT ( 'NONE',  ( 87.29994576278380691, -106.9532814808908228, 22.19221067477654330 ) ) ;
#1710 = CARTESIAN_POINT ( 'NONE',  ( 126.9602443907733260, 25.98817615043075691, 20.21482714528789870 ) ) ;
#1711 = CARTESIAN_POINT ( 'NONE',  ( 65.03318372031985461, 113.6065441443506359, 20.52077977931947927 ) ) ;
#1712 = B_SPLINE_CURVE_WITH_KNOTS ( 'NONE', 3,
 ( #7639, #5707, #2075, #195, #5785, #2714, #2636, #3318 ),
 .UNSPECIFIED., .F., .F.,
 ( 4, 2, 2, 4 ),
 ( 0.04687359938944776067, 0.04861047968265413965, 0.05034735997586051864, 0.05382112056227323499 ),
 .UNSPECIFIED. ) ;
#1713 = DIRECTION ( 'NONE',  ( -0.8090169943749422332, -0.5877852522924803536, 0.000000000000000000 ) ) ;
#1714 = ORIENTED_EDGE ( 'NONE', *, *, #5807, .F. ) ;
#1715 = CYLINDRICAL_SURFACE ( 'NONE', #3110, 15.00000000000000355 ) ;
#1716 = ORIENTED_EDGE ( 'NONE', *, *, #6213, .F. ) ;
#1717 = CARTESIAN_POINT ( 'NONE',  ( -117.9884619973339284, 53.60048312183756991, 20.21482714528789870 ) ) ;
#1718 = CARTESIAN_POINT ( 'NONE',  ( -11.57903218034662096, 134.5442916717352944, 21.48745573466164061 ) ) ;
#1719 = CARTESIAN_POINT ( 'NONE',  ( 85.30565990122211417, -91.90352255715629326, 22.03189631803965653 ) ) ;
#1720 = EDGE_CURVE ( 'NONE', #4838, #2241, #525, .T. ) ;
#1721 = CARTESIAN_POINT ( 'NONE',  ( 617.9357253489444020, 308.9678626744720873, 91.31556125657976963 ) ) ;
#1722 = CARTESIAN_POINT ( 'NONE',  ( 15.00000000000000355, 124.9999999999999858, 19.57385387393575726 ) ) ;
#1723 = VERTEX_POINT ( 'NONE', #650 ) ;
#1724 = ORIENTED_EDGE ( 'NONE', *, *, #2059, .F. ) ;
#1725 = CARTESIAN_POINT ( 'NONE',  ( -2.282063934031823528E-14, -186.3446616298417950, 85.37267775845593576 ) ) ;
#1726 = CARTESIAN_POINT ( 'NONE',  ( 0.000000000000000000, 165.1000000000000227, -57.22929959498868158 ) ) ;
#1727 = CARTESIAN_POINT ( 'NONE',  ( -80.84715104739426295, -114.2095167618440001, 25.19588721497890305 ) ) ;
#1728 = CARTESIAN_POINT ( 'NONE',  ( 2.226406733751534787E-14, -181.7999063323111386, -77.29528289382909634 ) ) ;
#1729 = CARTESIAN_POINT ( 'NONE',  ( -39.94192716851458158, -46.23532122852843429, -3.460512242138308103 ) ) ;
#1730 = EDGE_CURVE ( 'NONE', #1799, #5965, #3577, .T. ) ;
#1731 = DIRECTION ( 'NONE',  ( -1.000000000000000000, 0.000000000000000000, 0.000000000000000000 ) ) ;
#1732 = CARTESIAN_POINT ( 'NONE',  ( 88.47315653656002610, -101.1271242968677768, 14.49999999999999822 ) ) ;
#1733 = VERTEX_POINT ( 'NONE', #4955 ) ;
#1734 = CARTESIAN_POINT ( 'NONE',  ( -133.6816057197222847, -36.10290259371987531, 22.28821973602705242 ) ) ;
#1735 = CARTESIAN_POINT ( 'NONE',  ( 2.550623558376911991E-14, -208.2742191587611558, -99.50000000000000000 ) ) ;
#1736 = ORIENTED_EDGE ( 'NONE', *, *, #1469, .T. ) ;
#1737 = CARTESIAN_POINT ( 'NONE',  ( -63.01947840453676974, 111.9028651707995863, 19.95911846899593201 ) ) ;
#1738 = DIRECTION ( 'NONE',  ( -0.000000000000000000, -0.000000000000000000, 1.000000000000000000 ) ) ;
#1739 = ADVANCED_FACE ( 'NONE', ( #4876 ), #4090, .T. ) ;
#1740 = CARTESIAN_POINT ( 'NONE',  ( -7.762752484232208186E-14, 316.9384221490204254, -79.84641328172391184 ) ) ;
#1741 = B_SPLINE_CURVE_WITH_KNOTS ( 'NONE', 3,
 ( #838, #6303, #139, #766, #181, #5693, #2622, #4404, #5001, #5082 ),
 .UNSPECIFIED., .F., .F.,
 ( 4, 2, 2, 2, 4 ),
 ( 0.01746701774850480809, 0.01935711028468992123, 0.02030215655278245698, 0.02124720282087499620, 0.02502738789324518431 ),
 .UNSPECIFIED. ) ;
#1742 = CARTESIAN_POINT ( 'NONE',  ( 86.74439097148025724, 94.04283191701821920, 22.39594884606047387 ) ) ;
#1743 = PLANE ( 'NONE',  #1671 ) ;
#1744 = CARTESIAN_POINT ( 'NONE',  ( 132.5879595755822038, 32.49943169428111389, 21.83095241867720304 ) ) ;
#1745 = CARTESIAN_POINT ( 'NONE',  ( 383.6102456501470215, -191.8051228250736244, 99.50000000000001421 ) ) ;
#1746 = FACE_BOUND ( 'NONE', #7565, .T. ) ;
#1747 = EDGE_LOOP ( 'NONE', ( #7895, #73, #7716, #2469, #2940, #2720, #2753, #3897 ) ) ;
#1748 = FACE_OUTER_BOUND ( 'NONE', #4334, .T. ) ;
#1749 = ORIENTED_EDGE ( 'NONE', *, *, #798, .T. ) ;
#1750 = CARTESIAN_POINT ( 'NONE',  ( 2.550623558376911991E-14, -208.2742191587611558, -94.50000000000000000 ) ) ;
#1751 = AXIS2_PLACEMENT_3D ( 'NONE', #2587, #6360, #771 ) ;
#1752 = CARTESIAN_POINT ( 'NONE',  ( -85.12707238203454096, 91.66575512802423020, 21.99756239013662551 ) ) ;
#1753 = CARTESIAN_POINT ( 'NONE',  ( -133.8820645368940347, -39.65391911876323405, 22.55867774513646040 ) ) ;
#1754 = CARTESIAN_POINT ( 'NONE',  ( 628.2854158553739126, -314.1427079276870700, 87.18980760446915212 ) ) ;
#1755 = EDGE_CURVE ( 'NONE', #2981, #3948, #6700, .T. ) ;
#1756 = CARTESIAN_POINT ( 'NONE',  ( -88.21637285750236401, -103.9133081439521362, 21.78344519575291116 ) ) ;
#1757 = VECTOR ( 'NONE', #529, 1000.000000000000000 ) ;
#1758 = ORIENTED_EDGE ( 'NONE', *, *, #3182, .F. ) ;
#1759 = ADVANCED_FACE ( 'NONE', ( #7946 ), #5564, .F. ) ;
#1760 = CARTESIAN_POINT ( 'NONE',  ( -360.1999999999999886, 180.1000000000000227, 68.44440677895181580 ) ) ;
#1761 = FACE_OUTER_BOUND ( 'NONE', #5155, .T. ) ;
#1762 = CARTESIAN_POINT ( 'NONE',  ( -68.33650439572585356, -115.2247663542522531, 23.80330341614081391 ) ) ;
#1763 = CARTESIAN_POINT ( 'NONE',  ( 0.000000000000000000, 0.000000000000000000, 64.27070040501133974 ) ) ;
#1764 = AXIS2_PLACEMENT_3D ( 'NONE', #5606, #5121, #141 ) ;
#1765 = CARTESIAN_POINT ( 'NONE',  ( 85.22531541276153177, -110.4555020380672374, 25.09900849131274114 ) ) ;
#1766 = CARTESIAN_POINT ( 'NONE',  ( -646.7802735357107622, 323.3901367678552106, -99.49999999999998579 ) ) ;
#1767 = ORIENTED_EDGE ( 'NONE', *, *, #5270, .T. ) ;
#1768 = CARTESIAN_POINT ( 'NONE',  ( -130.6424287815506773, -29.31091179305118999, 21.21854017804039572 ) ) ;
#1769 = CARTESIAN_POINT ( 'NONE',  ( -110.8990637958514185, -51.32640377125301256, 21.86299596820718349 ) ) ;
#1770 = VECTOR ( 'NONE', #6138, 1000.000000000000000 ) ;
#1771 = EDGE_CURVE ( 'NONE', #6521, #2135, #4859, .T. ) ;
#1772 = ORIENTED_EDGE ( 'NONE', *, *, #415, .T. ) ;
#1773 = EDGE_CURVE ( 'NONE', #5869, #2081, #4275, .T. ) ;
#1774 = CARTESIAN_POINT ( 'NONE',  ( 8.907370080147860136, -137.0760020919190083, 22.03012232600811870 ) ) ;
#1775 = CARTESIAN_POINT ( 'NONE',  ( 118.8820645368945605, -38.62712429686728655, 21.86299596820718349 ) ) ;
#1776 = CARTESIAN_POINT ( 'NONE',  ( 3.887423600940240503E-14, -317.4322264710784793, -74.34416061146623633 ) ) ;
#1777 = VECTOR ( 'NONE', #2016, 1000.000000000000000 ) ;
#1778 = DIRECTION ( 'NONE',  ( -0.000000000000000000, -0.000000000000000000, 1.000000000000000000 ) ) ;
#1779 = EDGE_CURVE ( 'NONE', #7691, #5818, #1647, .T. ) ;
#1780 = AXIS2_PLACEMENT_3D ( 'NONE', #657, #3020, #1214 ) ;
#1781 = CYLINDRICAL_SURFACE ( 'NONE', #2394, 15.00000000000000000 ) ;
#1782 = CYLINDRICAL_SURFACE ( 'NONE', #2557, 322.5000000000000000 ) ;
#1783 = CARTESIAN_POINT ( 'NONE',  ( 15.00000000000000355, -124.9999999999873523, 19.57385387393430420 ) ) ;
#1784 = CARTESIAN_POINT ( 'NONE',  ( 70.85093043158920523, 115.9127712481875960, 21.67642775846850611 ) ) ;
#1785 = CIRCLE ( 'NONE', #883, 155.5999999999993406 ) ;
#1786 = PLANE ( 'NONE',  #4794 ) ;
#1787 = ORIENTED_EDGE ( 'NONE', *, *, #7189, .F. ) ;
#1788 = CARTESIAN_POINT ( 'NONE',  ( 63.48971720767524118, -112.3222544509337126, 22.64930167012784779 ) ) ;
#1789 = EDGE_LOOP ( 'NONE', ( #1486, #1930, #6296, #7376 ) ) ;
#1790 = CARTESIAN_POINT ( 'NONE',  ( -126.4442136057543138, 25.67282379624899846, 22.64930167012783713 ) ) ;
#1791 = CIRCLE ( 'NONE', #1918, 175.0999999999999943 ) ;
#1792 = AXIS2_PLACEMENT_3D ( 'NONE', #6716, #4797, #2849 ) ;
#1793 = CARTESIAN_POINT ( 'NONE',  ( 0.000000000000000000, 0.000000000000000000, 51.86299596820718705 ) ) ;
#1794 = CARTESIAN_POINT ( 'NONE',  ( -116.2455390824216437, 53.43798502397667249, 22.39594884606047387 ) ) ;
#1795 = CARTESIAN_POINT ( 'NONE',  ( 622.3145988662519130, 311.1572994331258428, 90.05439378584783583 ) ) ;
#1796 = DIRECTION ( 'NONE',  ( 0.000000000000000000, 0.000000000000000000, -1.000000000000000000 ) ) ;
#1797 = AXIS2_PLACEMENT_3D ( 'NONE', #5555, #5595, #7971 ) ;
#1798 = CIRCLE ( 'NONE', #2703, 155.5999999999993406 ) ;
#1799 = VERTEX_POINT ( 'NONE', #6727 ) ;
#1800 = EDGE_LOOP ( 'NONE', ( #6250, #3504, #5004, #6793, #6813 ) ) ;
#1801 = FACE_OUTER_BOUND ( 'NONE', #3446, .T. ) ;
#1802 = DIRECTION ( 'NONE',  ( 1.000000000000000000, 0.000000000000000000, 0.000000000000000000 ) ) ;
#1803 = DIRECTION ( 'NONE',  ( -0.000000000000000000, -0.000000000000000000, 1.000000000000000000 ) ) ;
#1804 = EDGE_CURVE ( 'NONE', #184, #4441, #6766, .T. ) ;
#1805 = CARTESIAN_POINT ( 'NONE',  ( 0.000000000000000000, 317.4999999999998863, 68.03790535064513278 ) ) ;
#1806 = CARTESIAN_POINT ( 'NONE',  ( 80.21454384777590008, -114.5462894468917341, 25.17515767728260201 ) ) ;
#1807 = CYLINDRICAL_SURFACE ( 'NONE', #4781, 158.0999999999992838 ) ;
#1808 = ORIENTED_EDGE ( 'NONE', *, *, #5513, .F. ) ;
#1809 = AXIS2_PLACEMENT_3D ( 'NONE', #5481, #3775, #3697 ) ;
#1810 = CARTESIAN_POINT ( 'NONE',  ( -87.78040736205323924, 96.52447008023604269, 20.41957647240080931 ) ) ;
#1811 = ORIENTED_EDGE ( 'NONE', *, *, #544, .F. ) ;
#1812 = CARTESIAN_POINT ( 'NONE',  ( -87.78841067747633531, 105.6214629634997948, 22.02464488920371366 ) ) ;
#1813 = ORIENTED_EDGE ( 'NONE', *, *, #5664, .F. ) ;
#1814 = DIRECTION ( 'NONE',  ( 1.000000000000000000, 0.000000000000000000, 0.000000000000000000 ) ) ;
#1815 = DIRECTION ( 'NONE',  ( -0.000000000000000000, -0.000000000000000000, 1.000000000000000000 ) ) ;
#1816 = CIRCLE ( 'NONE', #4910, 162.5999999999999943 ) ;
#1817 = FACE_OUTER_BOUND ( 'NONE', #2327, .T. ) ;
#1818 = EDGE_CURVE ( 'NONE', #6581, #6521, #45, .T. ) ;
#1819 = ADVANCED_FACE ( 'NONE', ( #6803 ), #690, .F. ) ;
#1820 = CARTESIAN_POINT ( 'NONE',  ( 60.07070051739624716, -107.8706586149589270, 19.38619876994479796 ) ) ;
#1821 = ORIENTED_EDGE ( 'NONE', *, *, #6978, .F. ) ;
#1822 = VECTOR ( 'NONE', #2996, 1000.000000000000000 ) ;
#1823 = CARTESIAN_POINT ( 'NONE',  ( 88.47315653655780920, 101.1271242968693826, 21.32969249565509529 ) ) ;
#1824 = CARTESIAN_POINT ( 'NONE',  ( 409.3282518059239692, 204.6641259029620414, -94.36274905517981892 ) ) ;
#1825 = CARTESIAN_POINT ( 'NONE',  ( -83.08400613783561539, 89.61054624860909712, 21.86299596820718349 ) ) ;
#1826 = DIRECTION ( 'NONE',  ( -1.000000000000000000, 0.000000000000000000, 0.000000000000000000 ) ) ;
#1827 = ADVANCED_FACE ( 'NONE', ( #230, #903 ), #6328, .F. ) ;
#1828 = CIRCLE ( 'NONE', #6497, 122.2006631523987323 ) ;
#1829 = FACE_OUTER_BOUND ( 'NONE', #3413, .T. ) ;
#1830 = ORIENTED_EDGE ( 'NONE', *, *, #7533, .T. ) ;
#1831 = CYLINDRICAL_SURFACE ( 'NONE', #4922, 172.5999999999999943 ) ;
#1832 = ORIENTED_EDGE ( 'NONE', *, *, #4093, .F. ) ;
#1833 = FACE_OUTER_BOUND ( 'NONE', #5048, .T. ) ;
#1834 = CARTESIAN_POINT ( 'NONE',  ( 9.540852479085735638, 136.5820056767377082, 21.92495214941473947 ) ) ;
#1835 = CARTESIAN_POINT ( 'NONE',  ( -118.9996900988458037, -53.66083270740230660, 20.43570174859626576 ) ) ;
#1836 = EDGE_CURVE ( 'NONE', #7762, #7693, #1189, .T. ) ;
#1837 = CARTESIAN_POINT ( 'NONE',  ( -3.635621913427965235E-14, -296.8710583295711558, 94.26337537733878946 ) ) ;
#1838 = DIRECTION ( 'NONE',  ( 0.000000000000000000, -0.000000000000000000, 1.000000000000000000 ) ) ;
#1839 = ORIENTED_EDGE ( 'NONE', *, *, #5088, .F. ) ;
#1840 = ORIENTED_EDGE ( 'NONE', *, *, #4783, .T. ) ;
#1841 = CARTESIAN_POINT ( 'NONE',  ( -132.9736468391460846, -33.47583140156253023, 24.54081674652581313 ) ) ;
#1842 = CARTESIAN_POINT ( 'NONE',  ( 0.000000000000000000, 0.000000000000000000, 65.77070040501132553 ) ) ;
#1843 = CARTESIAN_POINT ( 'NONE',  ( -14.23137575304018654, 129.8129818162921651, 23.01507513063405241 ) ) ;
#1844 = CARTESIAN_POINT ( 'NONE',  ( 0.000000000000000000, 296.8710583295711558, 94.26337537733878946 ) ) ;
#1845 = CARTESIAN_POINT ( 'NONE',  ( 86.85736903756821903, -108.0529792999027023, 24.89252390029841067 ) ) ;
#1846 = FACE_OUTER_BOUND ( 'NONE', #495, .T. ) ;
#1847 = ORIENTED_EDGE ( 'NONE', *, *, #4030, .T. ) ;
#1848 = CARTESIAN_POINT ( 'NONE',  ( -88.29698826543686607, 98.78832223626224618, 20.89315114152568142 ) ) ;
#1849 = EDGE_LOOP ( 'NONE', ( #7500, #436, #7218, #6836, #6649, #217, #4175, #6756 ) ) ;
#1850 = CARTESIAN_POINT ( 'NONE',  ( -86.39251618615892880, 93.40114801480196149, 19.72959607393049453 ) ) ;
#1851 = ORIENTED_EDGE ( 'NONE', *, *, #2596, .T. ) ;
#1852 = CARTESIAN_POINT ( 'NONE',  ( 133.7946809914012078, 36.97750225287015979, 24.93503611413028054 ) ) ;
#1853 = CARTESIAN_POINT ( 'NONE',  ( -628.2854158553739126, -314.1427079276870700, -87.18980760446915212 ) ) ;
#1854 = DIRECTION ( 'NONE',  ( -0.000000000000000000, -0.000000000000000000, 1.000000000000000000 ) ) ;
#1855 = EDGE_CURVE ( 'NONE', #721, #7656, #7595, .T. ) ;
#1856 = CYLINDRICAL_SURFACE ( 'NONE', #3438, 147.5999999999999375 ) ;
#1857 = ORIENTED_EDGE ( 'NONE', *, *, #3492, .F. ) ;
#1858 = DIRECTION ( 'NONE',  ( -0.000000000000000000, -0.000000000000000000, 1.000000000000000000 ) ) ;
#1859 = ADVANCED_FACE ( 'NONE', ( #156 ), #2791, .F. ) ;
#1860 = LINE ( 'NONE', #6815, #6012 ) ;
#1861 = DIRECTION ( 'NONE',  ( -0.000000000000000000, -0.000000000000000000, 1.000000000000000000 ) ) ;
#1862 = CARTESIAN_POINT ( 'NONE',  ( -82.27449788007929499, 1.121316239429750963E-14, 17.26210190064021788 ) ) ;
#1863 = CARTESIAN_POINT ( 'NONE',  ( 73.30530611792147511, 116.1303980674431102, 22.02229226179215615 ) ) ;
#1864 = CARTESIAN_POINT ( 'NONE',  ( -62.63455712863652280, 111.5596515469868706, 22.39594884606047742 ) ) ;
#1865 = ORIENTED_EDGE ( 'NONE', *, *, #6226, .F. ) ;
#1866 = CARTESIAN_POINT ( 'NONE',  ( 0.000000000000000000, 0.000000000000000000, 35.77057939344513215 ) ) ;
#1867 = ORIENTED_EDGE ( 'NONE', *, *, #3585, .T. ) ;
#1868 = EDGE_CURVE ( 'NONE', #322, #3210, #4220, .T. ) ;
#1869 = DIRECTION ( 'NONE',  ( -1.000000000000000000, 0.000000000000000000, 0.000000000000000000 ) ) ;
#1870 = DIRECTION ( 'NONE',  ( -1.000000000000000000, 0.000000000000000000, 0.000000000000000000 ) ) ;
#1871 = CARTESIAN_POINT ( 'NONE',  ( 84.28040869090823151, 111.5541998811449389, 25.16872904832591118 ) ) ;
#1872 = DIRECTION ( 'NONE',  ( -0.000000000000000000, -0.000000000000000000, 1.000000000000000000 ) ) ;
#1873 = CARTESIAN_POINT ( 'NONE',  ( -3.707820078507285874E-14, -302.7664859034306346, 93.41442136824588260 ) ) ;
#1874 = CARTESIAN_POINT ( 'NONE',  ( 634.9999999999998863, -317.4999999999999432, -65.77070040501132553 ) ) ;
#1875 = ORIENTED_EDGE ( 'NONE', *, *, #6933, .T. ) ;
#1876 = AXIS2_PLACEMENT_3D ( 'NONE', #7798, #1064, #2226 ) ;
#1877 = ORIENTED_EDGE ( 'NONE', *, *, #4926, .F. ) ;
#1878 = EDGE_CURVE ( 'NONE', #5713, #2081, #5382, .T. ) ;
#1879 = FACE_OUTER_BOUND ( 'NONE', #7213, .T. ) ;
#1880 = DIRECTION ( 'NONE',  ( -1.000000000000000000, 0.000000000000000000, 0.000000000000000000 ) ) ;
#1881 = CARTESIAN_POINT ( 'NONE',  ( 27.24192716851524310, -46.23532122852795112, 14.49999999999999822 ) ) ;
#1882 = CARTESIAN_POINT ( 'NONE',  ( 0.000000000000000000, 316.6339013798285578, 81.46200492995686204 ) ) ;
#1883 = CARTESIAN_POINT ( 'NONE',  ( 14.88514418959349683, 127.1408064151915767, 22.41212461289586955 ) ) ;
#1884 = TOROIDAL_SURFACE ( 'NONE', #3428, 151.5999999999999375, 4.000000000000000000 ) ;
#1885 = LINE ( 'NONE', #2492, #6478 ) ;
#1886 = VERTEX_POINT ( 'NONE', #6449 ) ;
#1887 = CARTESIAN_POINT ( 'NONE',  ( -126.9602443907735250, -25.98817615042986873, 20.21482714528789870 ) ) ;
#1888 = CARTESIAN_POINT ( 'NONE',  ( 0.000000000000000000, 0.000000000000000000, 35.77057939344513215 ) ) ;
#1889 = ORIENTED_EDGE ( 'NONE', *, *, #4539, .F. ) ;
#1890 = CARTESIAN_POINT ( 'NONE',  ( -60.67530353821253186, 108.9764040213135559, 19.45536440197440697 ) ) ;
#1891 = ORIENTED_EDGE ( 'NONE', *, *, #4134, .T. ) ;
#1892 = B_SPLINE_CURVE_WITH_KNOTS ( 'NONE', 3,
 ( #3810, #3774, #718, #5720, #831, #7003, #207, #3170, #3895, #2572, #5036, #7535, #3291, #4433, #4469, #5151 ),
 .UNSPECIFIED., .F., .F.,
 ( 4, 2, 2, 2, 2, 2, 2, 4 ),
 ( 9.257435879062362275E-07, 0.003788627686179775467, 0.004735553171827739521, 0.005682478657475703576, 0.007576329628771576175, 0.009470180600067436630, 0.01136403157136330055, 0.01515173351395500585 ),
 .UNSPECIFIED. ) ;
#1893 = CIRCLE ( 'NONE', #6820, 129.0241567926366031 ) ;
#1894 = CARTESIAN_POINT ( 'NONE',  ( 60.70287990626782459, 17.66032122852886133, 14.49999999999999822 ) ) ;
#1895 = CARTESIAN_POINT ( 'NONE',  ( -180.1000000000000227, -2.205588885264383237E-14, -52.77070040501133263 ) ) ;
#1896 = CARTESIAN_POINT ( 'NONE',  ( 3.802444697280735182E-14, -310.4931723929009877, -90.48823014889568128 ) ) ;
#1897 = AXIS2_PLACEMENT_3D ( 'NONE', #2069, #4536, #7025 ) ;
#1898 = LINE ( 'NONE', #4362, #6025 ) ;
#1899 = ORIENTED_EDGE ( 'NONE', *, *, #1098, .F. ) ;
#1900 = DIRECTION ( 'NONE',  ( 1.000000000000000000, 0.000000000000000000, 0.000000000000000000 ) ) ;
#1901 = DIRECTION ( 'NONE',  ( -1.000000000000000000, 0.000000000000000000, 0.000000000000000000 ) ) ;
#1902 = LINE ( 'NONE', #7990, #383 ) ;
#1903 = CIRCLE ( 'NONE', #2286, 168.5999999999999943 ) ;
#1904 = EDGE_CURVE ( 'NONE', #2793, #2770, #1903, .T. ) ;
#1905 = DIRECTION ( 'NONE',  ( 0.000000000000000000, -0.000000000000000000, 1.000000000000000000 ) ) ;
#1906 = EDGE_LOOP ( 'NONE', ( #3165, #6334, #3100, #6822, #1081, #35, #7765, #3594 ) ) ;
#1907 = DIRECTION ( 'NONE',  ( -0.000000000000000000, -0.000000000000000000, 1.000000000000000000 ) ) ;
#1908 = ORIENTED_EDGE ( 'NONE', *, *, #3096, .T. ) ;
#1909 = CARTESIAN_POINT ( 'NONE',  ( 0.000000000000000000, 57.14999999999999858, 17.00000000000000000 ) ) ;
#1910 = CARTESIAN_POINT ( 'NONE',  ( -117.9884619973335589, -53.60048312183842256, 20.21482714528789870 ) ) ;
#1911 = AXIS2_PLACEMENT_3D ( 'NONE', #5254, #7753, #1592 ) ;
#1912 = AXIS2_PLACEMENT_3D ( 'NONE', #6023, #2903, #5367 ) ;
#1913 = CARTESIAN_POINT ( 'NONE',  ( -128.7399715825471560, 49.94437966066303858, 22.19899973967437390 ) ) ;
#1914 = EDGE_CURVE ( 'NONE', #5041, #2164, #2521, .T. ) ;
#1915 = EDGE_CURVE ( 'NONE', #3126, #314, #5412, .T. ) ;
#1916 = CARTESIAN_POINT ( 'NONE',  ( 0.000000000000000000, 316.9384221490204254, -79.84641328172391184 ) ) ;
#1917 = ORIENTED_EDGE ( 'NONE', *, *, #4425, .F. ) ;
#1918 = AXIS2_PLACEMENT_3D ( 'NONE', #2119, #827, #7687 ) ;
#1919 = VERTEX_POINT ( 'NONE', #5300 ) ;
#1920 = DIRECTION ( 'NONE',  ( 1.000000000000000000, 0.000000000000000000, 0.000000000000000000 ) ) ;
#1921 = CARTESIAN_POINT ( 'NONE',  ( 0.000000000000000000, 0.000000000000000000, 65.77070040501132553 ) ) ;
#1922 = CARTESIAN_POINT ( 'NONE',  ( -1.717367095703182578, 139.9256921368211977, 25.19746232212919068 ) ) ;
#1923 = DIRECTION ( 'NONE',  ( -0.000000000000000000, -0.000000000000000000, 1.000000000000000000 ) ) ;
#1924 = CIRCLE ( 'NONE', #7378, 122.2006631523987323 ) ;
#1925 = CARTESIAN_POINT ( 'NONE',  ( 65.73039270231203091, -114.0525744329185756, 23.25917776592061159 ) ) ;
#1926 = EDGE_CURVE ( 'NONE', #2024, #4644, #1088, .T. ) ;
#1927 = FACE_OUTER_BOUND ( 'NONE', #4116, .T. ) ;
#1928 = ORIENTED_EDGE ( 'NONE', *, *, #6772, .T. ) ;
#1929 = CARTESIAN_POINT ( 'NONE',  ( 0.000000000000000000, 184.2518537984015552, 82.49406996101798484 ) ) ;
#1930 = ORIENTED_EDGE ( 'NONE', *, *, #7279, .T. ) ;
#1931 = CARTESIAN_POINT ( 'NONE',  ( -84.42712224823179668, 111.3992660594905431, 22.59327359261413193 ) ) ;
#1932 = TOROIDAL_SURFACE ( 'NONE', #5282, 158.5999999999999943, 4.000000000000000000 ) ;
#1933 = DIRECTION ( 'NONE',  ( -1.000000000000000000, 0.000000000000000000, 0.000000000000000000 ) ) ;
#1934 = DIRECTION ( 'NONE',  ( 1.000000000000000000, 0.000000000000000000, 0.000000000000000000 ) ) ;
#1935 = CIRCLE ( 'NONE', #2188, 180.1000000000000227 ) ;
#1936 = CARTESIAN_POINT ( 'NONE',  ( 85.83728825198792833, 92.62842147921892888, 19.61919861806497423 ) ) ;
#1937 = VERTEX_POINT ( 'NONE', #2352 ) ;
#1938 = CYLINDRICAL_SURFACE ( 'NONE', #5400, 15.00000000000000000 ) ;
#1939 = DIRECTION ( 'NONE',  ( 0.8660254037844395958, 0.000000000000000000, 0.4999999999999983902 ) ) ;
#1940 = CARTESIAN_POINT ( 'NONE',  ( 14.95255870433315870, 123.7684394497850917, 21.96305253436023364 ) ) ;
#1941 = AXIS2_PLACEMENT_3D ( 'NONE', #7450, #4309, #4352 ) ;
#1942 = CARTESIAN_POINT ( 'NONE',  ( 0.000000000000000000, 0.000000000000000000, 17.26210190064021788 ) ) ;
#1943 = CARTESIAN_POINT ( 'NONE',  ( 0.000000000000000000, 165.1000000000000227, -59.72929959498868158 ) ) ;
#1944 = PERSON_AND_ORGANIZATION ( #2260, #6755 ) ;
#1945 = ORIENTED_EDGE ( 'NONE', *, *, #898, .T. ) ;
#1946 = AXIS2_PLACEMENT_3D ( 'NONE', #3011, #1126, #5515 ) ;
#1947 = CARTESIAN_POINT ( 'NONE',  ( -148.1686244700197506, 1.814542316912758526E-14, 24.55361931221464289 ) ) ;
#1948 = CARTESIAN_POINT ( 'NONE',  ( 131.6165267958367622, 46.62425510325029876, 25.12582561832208583 ) ) ;
#1949 = B_SPLINE_CURVE_WITH_KNOTS ( 'NONE', 3,
 ( #304, #1465, #776, #4571, #937, #5859, #191, #5093, #2669, #338, #2104, #3275, #5739, #7059, #3954, #7590, #2778, #2022 ),
 .UNSPECIFIED., .F., .F.,
 ( 4, 2, 2, 2, 2, 2, 2, 2, 4 ),
 ( 0.000000000000000000, 0.1250000000000000000, 0.2500000000000000000, 0.3750000000000000000, 0.5000000000000000000, 0.6250000000000000000, 0.7500000000000000000, 0.8750000000000000000, 1.000000000000000000 ),
 .UNSPECIFIED. ) ;
#1950 = CARTESIAN_POINT ( 'NONE',  ( -3.887423600940240503E-14, -317.4322264710784793, 74.34416061146623633 ) ) ;
#1951 = CARTESIAN_POINT ( 'NONE',  ( -168.6000000000000227, 2.104555524334726740E-14, -57.22929959498868158 ) ) ;
#1952 = AXIS2_PLACEMENT_3D ( 'NONE', #1191, #4211, #3675 ) ;
#1953 = CARTESIAN_POINT ( 'NONE',  ( 168.6000000000000227, 0.000000000000000000, -57.22929959498868158 ) ) ;
#1954 = DIRECTION ( 'NONE',  ( -1.224646799147353207E-16, 1.000000000000000000, 0.000000000000000000 ) ) ;
#1955 = EDGE_LOOP ( 'NONE', ( #3926, #2524, #201, #4464 ) ) ;
#1956 = EDGE_CURVE ( 'NONE', #6774, #823, #4171, .T. ) ;
#1957 = AXIS2_PLACEMENT_3D ( 'NONE', #5582, #4373, #6870 ) ;
#1958 = ORIENTED_EDGE ( 'NONE', *, *, #6127, .T. ) ;
#1959 = VERTEX_POINT ( 'NONE', #7755 ) ;
#1960 = DIRECTION ( 'NONE',  ( -0.000000000000000000, 0.000000000000000000, 1.000000000000000000 ) ) ;
#1961 = LINE ( 'NONE', #3969, #611 ) ;
#1962 = EDGE_CURVE ( 'NONE', #5908, #2618, #3955, .T. ) ;
#1963 = CARTESIAN_POINT ( 'NONE',  ( -6.622352881553549508, 138.4856506575414983, 24.89571590026187309 ) ) ;
#1964 = EDGE_CURVE ( 'NONE', #287, #1886, #2871, .T. ) ;
#1965 = DIRECTION ( 'NONE',  ( -0.000000000000000000, -0.000000000000000000, 1.000000000000000000 ) ) ;
#1966 = CARTESIAN_POINT ( 'NONE',  ( 117.3856248595702851, -53.55229325042120792, 22.64930167012784068 ) ) ;
#1967 = CARTESIAN_POINT ( 'NONE',  ( 402.2593809215250076, -201.1296904607626175, 93.80705434439103385 ) ) ;
#1968 = EDGE_LOOP ( 'NONE', ( #7334, #4011, #4564, #5186 ) ) ;
#1969 = CARTESIAN_POINT ( 'NONE',  ( -60.21582966465964404, 108.1515347775832367, 19.40010019107027972 ) ) ;
#1970 = ORIENTED_EDGE ( 'NONE', *, *, #2864, .F. ) ;
#1971 = ADVANCED_FACE ( 'NONE', ( #3398 ), #6622, .F. ) ;
#1972 = DIRECTION ( 'NONE',  ( 1.000000000000000000, 0.000000000000000000, 0.000000000000000000 ) ) ;
#1973 = CARTESIAN_POINT ( 'NONE',  ( 0.000000000000000000, 0.000000000000000000, 65.77070040501132553 ) ) ;
#1974 = DIRECTION ( 'NONE',  ( 1.000000000000000000, 0.000000000000000000, 0.000000000000000000 ) ) ;
#1975 = ORIENTED_EDGE ( 'NONE', *, *, #5563, .T. ) ;
#1976 = CARTESIAN_POINT ( 'NONE',  ( 175.1000000000000512, 0.000000000000000000, -65.22929959498867447 ) ) ;
#1977 = ORIENTED_EDGE ( 'NONE', *, *, #4188, .F. ) ;
#1978 = CARTESIAN_POINT ( 'NONE',  ( 59.55032408116534981, -106.7087671033369247, 19.36299596820717994 ) ) ;
#1979 = CARTESIAN_POINT ( 'NONE',  ( 2.282063934031823528E-14, -186.3446616298417950, -85.37267775845593576 ) ) ;
#1980 = DIRECTION ( 'NONE',  ( -0.000000000000000000, -0.000000000000000000, 1.000000000000000000 ) ) ;
#1981 = DIRECTION ( 'NONE',  ( -0.000000000000000000, -0.000000000000000000, 1.000000000000000000 ) ) ;
#1982 = CARTESIAN_POINT ( 'NONE',  ( 0.000000000000000000, 0.000000000000000000, 20.21482714528789870 ) ) ;
#1983 =( BOUNDED_SURFACE ( )  B_SPLINE_SURFACE ( 3, 3, ( 
 ( #7711, #2268, #1595, #2911 ),
 ( #2147, #1670, #904, #7151 ),
 ( #3960, #2872, #7756, #3440 ),
 ( #1630, #6623, #4694, #5866 ) ),
 .UNSPECIFIED., .F., .F., .T. ) 
 B_SPLINE_SURFACE_WITH_KNOTS ( ( 4, 4 ),
 ( 4, 4 ),
 ( 0.000000000000000000, 1.000000000000000000 ),
 ( 0.000000000000000000, 1.000000000000000000 ),
 .UNSPECIFIED. ) 
 GEOMETRIC_REPRESENTATION_ITEM ( )  RATIONAL_B_SPLINE_SURFACE ( (
 ( 1.000000000000000000, 0.3333333333333334259, 0.3333333333333334259, 1.000000000000000000),
 ( 1.000000000000000000, 0.3333333333333334259, 0.3333333333333334259, 1.000000000000000000),
 ( 1.000000000000000000, 0.3333333333333334259, 0.3333333333333334259, 1.000000000000000000),
 ( 1.000000000000000000, 0.3333333333333334259, 0.3333333333333334259, 1.000000000000000000) ) ) 
 REPRESENTATION_ITEM ( '' )  SURFACE ( )  );
#1984 = CARTESIAN_POINT ( 'NONE',  ( 133.8820645368945748, -38.62712429686728655, 25.05948377397438520 ) ) ;
#1985 = CARTESIAN_POINT ( 'NONE',  ( 129.6415353916502227, 49.09172565593687665, 24.89161711026952517 ) ) ;
#1986 = DIRECTION ( 'NONE',  ( 0.000000000000000000, 0.000000000000000000, -1.000000000000000000 ) ) ;
#1987 = CARTESIAN_POINT ( 'NONE',  ( 3.749077678574159666E-14, -289.3257808412388954, -99.49999999999998579 ) ) ;
#1988 = CARTESIAN_POINT ( 'NONE',  ( -124.4095285164836326, -24.63501908988636657, 22.19904504115741872 ) ) ;
#1989 = CARTESIAN_POINT ( 'NONE',  ( 125.4540496197074333, -25.09480974873189751, 22.39578843522657792 ) ) ;
#1990 = VERTEX_POINT ( 'NONE', #7230 ) ;
#1991 = ORIENTED_EDGE ( 'NONE', *, *, #723, .F. ) ;
#1992 = CARTESIAN_POINT ( 'NONE',  ( 133.8552744695410013, -39.65922536824294298, 22.55363248558847999 ) ) ;
#1993 = CARTESIAN_POINT ( 'NONE',  ( 0.000000000000000000, 0.000000000000000000, 5.382524305809773146 ) ) ;
#1994 = CARTESIAN_POINT ( 'NONE',  ( -122.9982943540471183, -24.18926268282298864, 19.51026624569922774 ) ) ;
#1995 = EDGE_CURVE ( 'NONE', #3029, #6731, #109, .T. ) ;
#1996 = CARTESIAN_POINT ( 'NONE',  ( 0.000000000000000000, 322.5000000000000000, -65.77070040501132553 ) ) ;
#1997 = DIRECTION ( 'NONE',  ( -0.000000000000000000, -0.000000000000000000, 1.000000000000000000 ) ) ;
#1998 = ADVANCED_FACE ( 'NONE', ( #5338 ), #740, .F. ) ;
#1999 = VERTEX_POINT ( 'NONE', #981 ) ;
#2000 = EDGE_LOOP ( 'NONE', ( #4, #824, #760, #5994, #2761, #2233, #2689, #3925 ) ) ;
#2001 = DIRECTION ( 'NONE',  ( -0.000000000000000000, -0.000000000000000000, 1.000000000000000000 ) ) ;
#2002 = ORIENTED_EDGE ( 'NONE', *, *, #3480, .T. ) ;
#2003 = CARTESIAN_POINT ( 'NONE',  ( 66.22105963918528460, -114.3330105702005000, 20.80589146882723028 ) ) ;
#2004 = CIRCLE ( 'NONE', #3681, 175.0999999999999943 ) ;
#2005 = DIRECTION ( 'NONE',  ( 1.000000000000000000, 0.000000000000000000, 0.000000000000000000 ) ) ;
#2006 = CARTESIAN_POINT ( 'NONE',  ( -60.01176889857880781, 107.7701697085439037, 21.87944146747455676 ) ) ;
#2007 = EDGE_CURVE ( 'NONE', #3880, #3794, #5898, .T. ) ;
#2008 = EDGE_CURVE ( 'NONE', #565, #3378, #3443, .T. ) ;
#2009 = CARTESIAN_POINT ( 'NONE',  ( 113.7663426243091465, 52.73075341283313122, 22.03189631803966009 ) ) ;
#2010 = AXIS2_PLACEMENT_3D ( 'NONE', #7779, #3459, #7293 ) ;
#2011 = ORIENTED_EDGE ( 'NONE', *, *, #4968, .T. ) ;
#2012 = DIRECTION ( 'NONE',  ( -0.000000000000000000, -0.000000000000000000, 1.000000000000000000 ) ) ;
#2013 = EDGE_LOOP ( 'NONE', ( #1369, #7142, #3899, #7355, #807 ) ) ;
#2014 = LINE ( 'NONE', #7511, #6940 ) ;
#2015 = B_SPLINE_CURVE_WITH_KNOTS ( 'NONE', 3,
 ( #2419, #6142, #7912, #3263, #5045, #4443, #1415, #6352 ),
 .UNSPECIFIED., .F., .F.,
 ( 4, 2, 2, 4 ),
 ( 0.06483802249793949035, 0.06860696877144190076, 0.07049144190819310596, 0.07237591504494431116 ),
 .UNSPECIFIED. ) ;
#2016 = DIRECTION ( 'NONE',  ( 0.7071067811865466846, 8.659560562354922997E-17, -0.7071067811865483499 ) ) ;
#2017 = CARTESIAN_POINT ( 'NONE',  ( 0.000000000000000000, 323.3901367678553811, -99.49999999999998579 ) ) ;
#2018 = CIRCLE ( 'NONE', #6693, 317.5000000000000000 ) ;
#2019 = PERSON_AND_ORGANIZATION_ROLE ( 'creator' ) ;
#2020 = EDGE_CURVE ( 'NONE', #7280, #4878, #4483, .T. ) ;
#2021 = CARTESIAN_POINT ( 'NONE',  ( 15.00000000000000355, -125.0000000000000000, 14.49999999999999822 ) ) ;
#2022 = CARTESIAN_POINT ( 'NONE',  ( 2.378106221820647298E-14, -180.1000000000000227, -65.77070040501132553 ) ) ;
#2023 = AXIS2_PLACEMENT_3D ( 'NONE', #3550, #4115, #332 ) ;
#2024 = VERTEX_POINT ( 'NONE', #2267 ) ;
#2025 = DIRECTION ( 'NONE',  ( 0.000000000000000000, 0.000000000000000000, -1.000000000000000000 ) ) ;
#2026 = CARTESIAN_POINT ( 'NONE',  ( 73.47315653656002610, -101.1271242968677768, 19.36299596820718705 ) ) ;
#2027 = CARTESIAN_POINT ( 'NONE',  ( -60.56528787074333309, -108.7903320686480697, 21.94657986096187230 ) ) ;
#2028 = CARTESIAN_POINT ( 'NONE',  ( 0.000000000000000000, 0.000000000000000000, 20.21482714528789870 ) ) ;
#2029 = CARTESIAN_POINT ( 'NONE',  ( 124.4093116125082474, -24.63509161373350764, 22.19908912627388275 ) ) ;
#2030 = CIRCLE ( 'NONE', #3321, 172.5999999999999943 ) ;
#2031 = VERTEX_POINT ( 'NONE', #4733 ) ;
#2032 = ORIENTED_EDGE ( 'NONE', *, *, #4381, .T. ) ;
#2033 = ORIENTED_EDGE ( 'NONE', *, *, #6646, .T. ) ;
#2034 = DIRECTION ( 'NONE',  ( 1.000000000000000000, 0.000000000000000000, 0.000000000000000000 ) ) ;
#2035 = VECTOR ( 'NONE', #4496, 1000.000000000000000 ) ;
#2036 = AXIS2_PLACEMENT_3D ( 'NONE', #5973, #4675, #7783 ) ;
#2037 = CARTESIAN_POINT ( 'NONE',  ( -416.5484383175221978, -208.2742191587611842, -99.50000000000001421 ) ) ;
#2038 = CARTESIAN_POINT ( 'NONE',  ( 14.51664885225353885, 128.7771558215628431, 20.21482714528789870 ) ) ;
#2039 = FACE_OUTER_BOUND ( 'NONE', #5278, .T. ) ;
#2040 = CARTESIAN_POINT ( 'NONE',  ( 71.79716449948530510, -116.0375344804546387, 24.38450240397486368 ) ) ;
#2041 = CARTESIAN_POINT ( 'NONE',  ( 412.9368412519974640, -206.4684206259988457, 94.49999999999997158 ) ) ;
#2042 = CONICAL_SURFACE ( 'NONE', #5138, 148.1686244700197506, 1.341338301000019273 ) ;
#2043 = CONICAL_SURFACE ( 'NONE', #7887, 148.1686244700197506, 1.341338301000019273 ) ;
#2044 = ORIENTED_EDGE ( 'NONE', *, *, #4190, .F. ) ;
#2045 = EDGE_LOOP ( 'NONE', ( #234, #4356, #4958, #1945 ) ) ;
#2046 = VERTEX_POINT ( 'NONE', #6032 ) ;
#2047 = EDGE_CURVE ( 'NONE', #7787, #1937, #1558, .T. ) ;
#2048 = CARTESIAN_POINT ( 'NONE',  ( -402.2593809215250076, 201.1296904607625322, 93.80705434439103385 ) ) ;
#2049 = EDGE_LOOP ( 'NONE', ( #6757, #809, #5114, #927 ) ) ;
#2050 = CARTESIAN_POINT ( 'NONE',  ( -14.92369488849314507, -123.4574632364545437, 21.93892274324822367 ) ) ;
#2051 = AXIS2_PLACEMENT_3D ( 'NONE', #5428, #7809, #1036 ) ;
#2052 = AXIS2_PLACEMENT_3D ( 'NONE', #5552, #6758, #6794 ) ;
#2053 = CYLINDRICAL_SURFACE ( 'NONE', #2301, 165.0999999999999943 ) ;
#2054 = CARTESIAN_POINT ( 'NONE',  ( -593.7421166591423116, 296.8710583295709853, -94.26337537733880367 ) ) ;
#2055 = CIRCLE ( 'NONE', #6600, 317.5000000000000000 ) ;
#2056 = CARTESIAN_POINT ( 'NONE',  ( 117.9884619973343121, -53.60048312183677410, 20.21482714528789870 ) ) ;
#2057 = AXIS2_PLACEMENT_3D ( 'NONE', #2878, #7930, #4052 ) ;
#2058 = ORIENTED_EDGE ( 'NONE', *, *, #7022, .F. ) ;
#2059 = EDGE_CURVE ( 'NONE', #7823, #4918, #5389, .T. ) ;
#2060 = DIRECTION ( 'NONE',  ( -0.000000000000000000, -0.000000000000000000, 1.000000000000000000 ) ) ;
#2061 = ORIENTED_EDGE ( 'NONE', *, *, #2261, .F. ) ;
#2062 = EDGE_CURVE ( 'NONE', #2113, #5653, #2158, .T. ) ;
#2063 = CARTESIAN_POINT ( 'NONE',  ( -87.43752864693057347, -95.65023543885243384, 20.21482714528789870 ) ) ;
#2064 = EDGE_CURVE ( 'NONE', #4302, #7852, #3451, .T. ) ;
#2065 = DIRECTION ( 'NONE',  ( 1.000000000000000000, 0.000000000000000000, 0.000000000000000000 ) ) ;
#2066 = CONICAL_SURFACE ( 'NONE', #7120, 147.5999999999999375, 0.2294580257948767577 ) ;
#2067 = DATE_TIME_ROLE ( 'classification_date' ) ;
#2068 = CARTESIAN_POINT ( 'NONE',  ( 0.000000000000000000, 314.1427079276870131, -87.18980760446915212 ) ) ;
#2069 = CARTESIAN_POINT ( 'NONE',  ( 0.000000000000000000, 0.000000000000000000, -40.43640637617434663 ) ) ;
#2070 = TOROIDAL_SURFACE ( 'NONE', #4398, 122.2006631523987323, 30.00000000000000711 ) ;
#2071 = ORIENTED_EDGE ( 'NONE', *, *, #839, .F. ) ;
#2072 = DIRECTION ( 'NONE',  ( -0.000000000000000000, -0.000000000000000000, 1.000000000000000000 ) ) ;
#2073 = DIRECTION ( 'NONE',  ( 0.000000000000000000, 0.000000000000000000, -1.000000000000000000 ) ) ;
#2074 = EDGE_CURVE ( 'NONE', #6021, #5122, #5002, .T. ) ;
#2075 = CARTESIAN_POINT ( 'NONE',  ( 60.01109607266986501, 107.7686514763674239, 21.87941245594210926 ) ) ;
#2076 = DIRECTION ( 'NONE',  ( -0.000000000000000000, -0.000000000000000000, 1.000000000000000000 ) ) ;
#2077 = CIRCLE ( 'NONE', #5686, 180.1000000000000227 ) ;
#2078 = CARTESIAN_POINT ( 'NONE',  ( -133.4635869513178932, 42.18238851452624516, 22.63867212777013904 ) ) ;
#2079 = EDGE_LOOP ( 'NONE', ( #3404, #7126, #433, #4528, #5591, #5500, #5814, #7434 ) ) ;
#2080 = ORIENTED_EDGE ( 'NONE', *, *, #3898, .T. ) ;
#2081 = VERTEX_POINT ( 'NONE', #6240 ) ;
#2082 = CIRCLE ( 'NONE', #4409, 165.1000000000000227 ) ;
#2083 = DIRECTION ( 'NONE',  ( -0.000000000000000000, -0.000000000000000000, 1.000000000000000000 ) ) ;
#2084 = FACE_OUTER_BOUND ( 'NONE', #1327, .T. ) ;
#2085 = EDGE_CURVE ( 'NONE', #577, #3422, #2991, .T. ) ;
#2086 = DIRECTION ( 'NONE',  ( -0.000000000000000000, 0.000000000000000000, 1.000000000000000000 ) ) ;
#2087 = CARTESIAN_POINT ( 'NONE',  ( 646.7802735357106485, 323.3901367678553811, -99.49999999999998579 ) ) ;
#2088 = CARTESIAN_POINT ( 'NONE',  ( 4.592904008036235432E-14, 187.5195367037252652, 86.64764840476198060 ) ) ;
#2089 = VERTEX_POINT ( 'NONE', #1825 ) ;
#2090 = ORIENTED_EDGE ( 'NONE', *, *, #500, .F. ) ;
#2091 = EDGE_LOOP ( 'NONE', ( #4936, #4786, #7600, #5645 ) ) ;
#2092 = CARTESIAN_POINT ( 'NONE',  ( -398.7994540883427135, -199.3997270441713567, 93.38869490038415222 ) ) ;
#2093 = CARTESIAN_POINT ( 'NONE',  ( -409.3282518059239692, -204.6641259029621267, -94.36274905517981892 ) ) ;
#2094 = LINE ( 'NONE', #7011, #2942 ) ;
#2095 = DIRECTION ( 'NONE',  ( -0.000000000000000000, -0.000000000000000000, 1.000000000000000000 ) ) ;
#2096 = CARTESIAN_POINT ( 'NONE',  ( -616.2130823823381434, 308.1065411911689012, -91.70875513312377336 ) ) ;
#2097 = ORIENTED_EDGE ( 'NONE', *, *, #2602, .F. ) ;
#2098 = FACE_OUTER_BOUND ( 'NONE', #7966, .T. ) ;
#2099 = ORIENTED_EDGE ( 'NONE', *, *, #2221, .T. ) ;
#2100 = DIRECTION ( 'NONE',  ( -0.000000000000000000, -0.000000000000000000, 1.000000000000000000 ) ) ;
#2101 = CARTESIAN_POINT ( 'NONE',  ( 119.8881304610661971, 23.66090128115139635, 21.86299596820718349 ) ) ;
#2102 = FACE_OUTER_BOUND ( 'NONE', #1450, .T. ) ;
#2103 = EDGE_CURVE ( 'NONE', #7324, #2031, #3587, .T. ) ;
#2104 = CARTESIAN_POINT ( 'NONE',  ( 2.282063934031823528E-14, -186.3446616298417950, -85.37267775845593576 ) ) ;
#2105 = B_SPLINE_CURVE_WITH_KNOTS ( 'NONE', 3,
 ( #1403, #3851, #3809, #1994, #5191, #3254, #6341, #5717 ),
 .UNSPECIFIED., .F., .F.,
 ( 4, 2, 2, 4 ),
 ( 9.262285649207386657E-07, 0.003778768922288225449, 0.005667690269149877266, 0.007556611616011529517 ),
 .UNSPECIFIED. ) ;
#2106 = EDGE_CURVE ( 'NONE', #3282, #713, #6962, .T. ) ;
#2107 = ADVANCED_FACE ( 'NONE', ( #3671 ), #6440, .F. ) ;
#2108 = CARTESIAN_POINT ( 'NONE',  ( 147.5999999999999375, 0.000000000000000000, 26.98809383705458487 ) ) ;
#2109 = CARTESIAN_POINT ( 'NONE',  ( -620.9863447858018617, -310.4931723929009308, 90.48823014889568128 ) ) ;
#2110 = CARTESIAN_POINT ( 'NONE',  ( -2.441942374755004378E-14, -199.3997270441714136, 93.38869490038416643 ) ) ;
#2111 = CARTESIAN_POINT ( 'NONE',  ( -60.01100432963573184, -107.7685311361638867, 21.87939211128061956 ) ) ;
#2112 = DIRECTION ( 'NONE',  ( 1.000000000000000000, 0.000000000000000000, 0.000000000000000000 ) ) ;
#2113 = VERTEX_POINT ( 'NONE', #1862 ) ;
#2114 = EDGE_CURVE ( 'NONE', #377, #7693, #7996, .T. ) ;
#2115 = ORIENTED_EDGE ( 'NONE', *, *, #4480, .F. ) ;
#2116 = ORIENTED_EDGE ( 'NONE', *, *, #5231, .F. ) ;
#2117 = DIRECTION ( 'NONE',  ( 1.000000000000000000, 0.000000000000000000, 0.000000000000000000 ) ) ;
#2118 = CARTESIAN_POINT ( 'NONE',  ( -350.1999999999999886, 175.0999999999999375, -65.77070040501132553 ) ) ;
#2119 = CARTESIAN_POINT ( 'NONE',  ( 0.000000000000000000, 0.000000000000000000, 65.77070040501132553 ) ) ;
#2120 = DIRECTION ( 'NONE',  ( -0.000000000000000000, -0.000000000000000000, 1.000000000000000000 ) ) ;
#2121 = CARTESIAN_POINT ( 'NONE',  ( 634.8644529421569587, 317.4322264710783088, 74.34416061146622212 ) ) ;
#2122 = CARTESIAN_POINT ( 'NONE',  ( 5.057017808892775858E-14, 206.4684206259987889, 94.49999999999997158 ) ) ;
#2123 = EDGE_CURVE ( 'NONE', #4310, #7563, #3582, .T. ) ;
#2124 = ORIENTED_EDGE ( 'NONE', *, *, #2373, .T. ) ;
#2125 = ORIENTED_EDGE ( 'NONE', *, *, #5614, .T. ) ;
#2126 = CARTESIAN_POINT ( 'NONE',  ( -168.5999999999999943, 0.000000000000000000, 64.27070040501133974 ) ) ;
#2127 = CARTESIAN_POINT ( 'NONE',  ( 2.218879727924843965E-14, -181.1852796634682363, -75.30398140309957000 ) ) ;
#2128 = CARTESIAN_POINT ( 'NONE',  ( 0.000000000000000000, 322.5000000000000000, -65.77070040501132553 ) ) ;
#2129 = CARTESIAN_POINT ( 'NONE',  ( -3.886262931281310274E-14, -317.3374506010286495, 76.28597499736081033 ) ) ;
#2130 = DIRECTION ( 'NONE',  ( 0.000000000000000000, 0.000000000000000000, -1.000000000000000000 ) ) ;
#2131 = ORIENTED_EDGE ( 'NONE', *, *, #5971, .F. ) ;
#2132 = DIRECTION ( 'NONE',  ( -1.224646799147353207E-16, 1.000000000000000000, 0.000000000000000000 ) ) ;
#2133 = ORIENTED_EDGE ( 'NONE', *, *, #4188, .T. ) ;
#2134 = CARTESIAN_POINT ( 'NONE',  ( -33.59192716851458016, -46.23532122852843429, 14.49999999999999822 ) ) ;
#2135 = VERTEX_POINT ( 'NONE', #701 ) ;
#2136 = AXIS2_PLACEMENT_3D ( 'NONE', #7253, #5438, #6006 ) ;
#2137 = DIRECTION ( 'NONE',  ( 1.000000000000000000, 0.000000000000000000, 0.000000000000000000 ) ) ;
#2138 = CARTESIAN_POINT ( 'NONE',  ( 0.000000000000000000, 0.000000000000000000, -94.49999999999998579 ) ) ;
#2139 = AXIS2_PLACEMENT_3D ( 'NONE', #2644, #237, #7603 ) ;
#2140 = CARTESIAN_POINT ( 'NONE',  ( 132.4801911204892235, -32.26146182562118270, 24.36058473916499878 ) ) ;
#2141 = CARTESIAN_POINT ( 'NONE',  ( 124.4866983910758904, -52.57950394454212528, 24.07628224713932141 ) ) ;
#2142 = EDGE_CURVE ( 'NONE', #179, #6227, #6043, .T. ) ;
#2143 = DIRECTION ( 'NONE',  ( -0.000000000000000000, -0.000000000000000000, 1.000000000000000000 ) ) ;
#2144 = CARTESIAN_POINT ( 'NONE',  ( -633.2678027596570018, -316.6339013798285009, 81.46200492995686204 ) ) ;
#2145 = AXIS2_PLACEMENT_3D ( 'NONE', #6658, #1102, #3559 ) ;
#2146 = CARTESIAN_POINT ( 'NONE',  ( -128.9661518790139780, 27.45316026131829190, 20.74295865232286218 ) ) ;
#2147 = CARTESIAN_POINT ( 'NONE',  ( -3.949485927250214208E-14, -322.5000000000000000, 83.74324804101253505 ) ) ;
#2148 = CARTESIAN_POINT ( 'NONE',  ( -120.0026654825650780, 53.61912269454020219, 20.64530059722081390 ) ) ;
#2149 = ORIENTED_EDGE ( 'NONE', *, *, #2106, .F. ) ;
#2150 = B_SPLINE_CURVE_WITH_KNOTS ( 'NONE', 3,
 ( #279, #5751, #3252, #2756, #5679, #4583 ),
 .UNSPECIFIED., .F., .F.,
 ( 4, 2, 4 ),
 ( 0.003860721511463813260, 0.005708666563737672256, 0.007556611616011531252 ),
 .UNSPECIFIED. ) ;
#2151 = VECTOR ( 'NONE', #6609, 1000.000000000000000 ) ;
#2152 = EDGE_LOOP ( 'NONE', ( #4139, #7542 ) ) ;
#2153 = ORIENTED_EDGE ( 'NONE', *, *, #2623, .T. ) ;
#2154 = DIRECTION ( 'NONE',  ( 1.000000000000000000, 0.000000000000000000, 0.000000000000000000 ) ) ;
#2155 = DIRECTION ( 'NONE',  ( -0.000000000000000000, -0.000000000000000000, 1.000000000000000000 ) ) ;
#2156 = LINE ( 'NONE', #951, #137 ) ;
#2157 = CARTESIAN_POINT ( 'NONE',  ( -121.4882239009341021, -53.40812450546529533, 23.51001759028607196 ) ) ;
#2158 = CIRCLE ( 'NONE', #6838, 82.27449788007929499 ) ;
#2159 = EDGE_CURVE ( 'NONE', #445, #3040, #3862, .T. ) ;
#2160 = FACE_BOUND ( 'NONE', #785, .T. ) ;
#2161 = CARTESIAN_POINT ( 'NONE',  ( 0.000000000000000000, 322.5000000000000000, 65.77070040501132553 ) ) ;
#2162 = CARTESIAN_POINT ( 'NONE',  ( -72.87598326716785380, 116.1195970016843972, 24.53402988967282639 ) ) ;
#2163 = AXIS2_PLACEMENT_3D ( 'NONE', #1256, #7950, #1178 ) ;
#2164 = VERTEX_POINT ( 'NONE', #2063 ) ;
#2165 = CARTESIAN_POINT ( 'NONE',  ( 82.84312235009910808, 0.000000000000000000, 14.82762737580027590 ) ) ;
#2166 = CARTESIAN_POINT ( 'NONE',  ( 3.715816643953662146E-14, -289.3257808412388954, -94.49999999999998579 ) ) ;
#2167 = CARTESIAN_POINT ( 'NONE',  ( 375.0390734074504167, 187.5195367037252936, -86.64764840476198060 ) ) ;
#2168 = CARTESIAN_POINT ( 'NONE',  ( 2.296452004018117716E-14, -187.5195367037252652, -86.64764840476198060 ) ) ;
#2169 = EDGE_CURVE ( 'NONE', #6215, #445, #2546, .T. ) ;
#2170 = TOROIDAL_SURFACE ( 'NONE', #5652, 80.00000000000000000, 9.999999999999998224 ) ;
#2171 = CARTESIAN_POINT ( 'NONE',  ( 631.9686387462807033, 315.9843193731403517, -83.60197795724438663 ) ) ;
#2172 = AXIS2_PLACEMENT_3D ( 'NONE', #857, #1394, #3840 ) ;
#2173 = CARTESIAN_POINT ( 'NONE',  ( -9.139968006438959236, -136.9014059924414539, 24.56028581565836078 ) ) ;
#2174 = ORIENTED_EDGE ( 'NONE', *, *, #6305, .F. ) ;
#2175 = CARTESIAN_POINT ( 'NONE',  ( 0.000000000000000000, 175.0999999999999943, -89.50634777422294519 ) ) ;
#2176 = VERTEX_POINT ( 'NONE', #7057 ) ;
#2177 = DIRECTION ( 'NONE',  ( 1.000000000000000000, 0.000000000000000000, 0.000000000000000000 ) ) ;
#2178 = VECTOR ( 'NONE', #317, 1000.000000000000000 ) ;
#2179 = EDGE_LOOP ( 'NONE', ( #3634, #4184, #4436, #7682 ) ) ;
#2180 = AXIS2_PLACEMENT_3D ( 'NONE', #5196, #3901, #7692 ) ;
#2181 = CARTESIAN_POINT ( 'NONE',  ( 0.000000000000000000, 181.7999063323111386, -77.29528289382909634 ) ) ;
#2182 = CARTESIAN_POINT ( 'NONE',  ( 148.1686244700197506, 0.000000000000000000, 24.55361931221464289 ) ) ;
#2183 = CONICAL_SURFACE ( 'NONE', #6730, 100.8503410874426152, 1.341338301000019273 ) ;
#2184 = AXIS2_PLACEMENT_3D ( 'NONE', #7008, #2001, #1571 ) ;
#2185 = DIRECTION ( 'NONE',  ( 0.000000000000000000, 0.000000000000000000, -1.000000000000000000 ) ) ;
#2186 = CARTESIAN_POINT ( 'NONE',  ( 128.3498125095142939, 50.27292710731759229, 22.14197802554602035 ) ) ;
#2187 = CARTESIAN_POINT ( 'NONE',  ( 172.6000000000000227, 0.000000000000000000, -63.72929959498868868 ) ) ;
#2188 = AXIS2_PLACEMENT_3D ( 'NONE', #1462, #1981, #3911 ) ;
#2189 = CARTESIAN_POINT ( 'NONE',  ( -3.810577907821122701E-14, -311.1572994331259565, 90.05439378584783583 ) ) ;
#2190 = DIRECTION ( 'NONE',  ( -0.000000000000000000, -0.000000000000000000, 1.000000000000000000 ) ) ;
#2191 = FACE_OUTER_BOUND ( 'NONE', #2848, .T. ) ;
#2192 = B_SPLINE_CURVE_WITH_KNOTS ( 'NONE', 3,
 ( #2322, #1564, #477, #5998, #2157, #7160, #6670, #4097, #5876, #1077, #5269, #5838, #7890, #4055, #440, #6634, #3372, #4625, #319, #4744, #2842, #1603, #4789, #7724, #6543 ),
 .UNSPECIFIED., .F., .F.,
 ( 4, 2, 2, 2, 2, 2, 1, 2, 2, 2, 2, 2, 4 ),
 ( 9.134320353771228555E-07, 0.003144815626944823771, 0.004716766724399526316, 0.006288717821854228861, 0.009432620016763672982, 0.01100457111421843104, 0.01257652221167318736, 0.01414847330912794368, 0.01572042440658270174, 0.01886432660149226295, 0.02043627769894703142, 0.02200822879640180335, 0.02515213099131130906 ),
 .UNSPECIFIED. ) ;
#2193 = CARTESIAN_POINT ( 'NONE',  ( -2.550623558376911991E-14, -208.2742191587611558, 99.50000000000000000 ) ) ;
#2194 = ORIENTED_EDGE ( 'NONE', *, *, #3454, .F. ) ;
#2195 = AXIS2_PLACEMENT_3D ( 'NONE', #1127, #7785, #4640 ) ;
#2196 = EDGE_LOOP ( 'NONE', ( #1875, #2877 ) ) ;
#2197 = ORIENTED_EDGE ( 'NONE', *, *, #222, .T. ) ;
#2198 = CARTESIAN_POINT ( 'NONE',  ( 0.000000000000000000, 0.000000000000000000, -57.77070040501133974 ) ) ;
#2199 = PLANE ( 'NONE',  #7470 ) ;
#2200 = DIRECTION ( 'NONE',  ( 1.000000000000000000, 0.000000000000000000, 0.000000000000000000 ) ) ;
#2201 = CARTESIAN_POINT ( 'NONE',  ( 67.33883034080515984, 114.8200739926217011, 23.60351224239459356 ) ) ;
#2202 = AXIS2_PLACEMENT_3D ( 'NONE', #7491, #128, #7570 ) ;
#2203 = CARTESIAN_POINT ( 'NONE',  ( 7.774847201880481007E-14, 317.4322264710784793, 74.34416061146623633 ) ) ;
#2204 = EDGE_CURVE ( 'NONE', #5066, #4104, #3190, .T. ) ;
#2205 = CARTESIAN_POINT ( 'NONE',  ( 360.1999999999999886, 180.0999999999999091, 65.77070040501131132 ) ) ;
#2206 = CARTESIAN_POINT ( 'NONE',  ( -71.44189416393160741, 115.9932400970128015, 24.33211710316042087 ) ) ;
#2207 = CIRCLE ( 'NONE', #2593, 122.2006631523987323 ) ;
#2208 = VERTEX_POINT ( 'NONE', #1460 ) ;
#2209 = ORIENTED_EDGE ( 'NONE', *, *, #1483, .F. ) ;
#2210 = FACE_OUTER_BOUND ( 'NONE', #2962, .T. ) ;
#2211 = CARTESIAN_POINT ( 'NONE',  ( 0.000000000000000000, 183.3332349922793298, -80.88990889983972465 ) ) ;
#2212 = CARTESIAN_POINT ( 'NONE',  ( 2.205588885264383868E-14, -180.1000000000000512, -68.44440677895181580 ) ) ;
#2213 = CARTESIAN_POINT ( 'NONE',  ( -383.6102456501470215, -191.8051228250735107, 99.50000000000001421 ) ) ;
#2214 = TOROIDAL_SURFACE ( 'NONE', #931, 122.2006631523987323, 32.50000000000000711 ) ;
#2215 = CARTESIAN_POINT ( 'NONE',  ( 610.3579730019846465, -305.1789865009923233, -92.80220189689723043 ) ) ;
#2216 = FACE_OUTER_BOUND ( 'NONE', #7564, .T. ) ;
#2217 = ORIENTED_EDGE ( 'NONE', *, *, #5511, .F. ) ;
#2218 = FACE_OUTER_BOUND ( 'NONE', #3388, .T. ) ;
#2219 = FACE_OUTER_BOUND ( 'NONE', #4737, .T. ) ;
#2220 = EDGE_LOOP ( 'NONE', ( #5260, #7337, #3518, #2902 ) ) ;
#2221 = EDGE_CURVE ( 'NONE', #3006, #3993, #1172, .T. ) ;
#2222 = CARTESIAN_POINT ( 'NONE',  ( 112.1705040384448324, -52.04497019692676929, 21.89693533360774325 ) ) ;
#2223 = DIRECTION ( 'NONE',  ( 0.9737898099359781900, 0.000000000000000000, 0.2274497880079283385 ) ) ;
#2224 = DIRECTION ( 'NONE',  ( 0.000000000000000000, 0.000000000000000000, -1.000000000000000000 ) ) ;
#2225 = EDGE_CURVE ( 'NONE', #3981, #1111, #7741, .T. ) ;
#2226 = DIRECTION ( 'NONE',  ( 1.000000000000000000, 0.000000000000000000, 0.000000000000000000 ) ) ;
#2227 = DIRECTION ( 'NONE',  ( -0.000000000000000000, -0.000000000000000000, 1.000000000000000000 ) ) ;
#2228 = CARTESIAN_POINT ( 'NONE',  ( -629.7121051260187414, 314.8560525630094276, 86.09637062918555728 ) ) ;
#2229 = DIRECTION ( 'NONE',  ( -0.9737898099359781900, 1.192548573780405048E-16, 0.2274497880079283385 ) ) ;
#2230 = FACE_OUTER_BOUND ( 'NONE', #5434, .T. ) ;
#2231 = CARTESIAN_POINT ( 'NONE',  ( 15.00000000000054001, -125.6367180932119396, 19.64621946666255425 ) ) ;
#2232 = ORIENTED_EDGE ( 'NONE', *, *, #6361, .T. ) ;
#2233 = ORIENTED_EDGE ( 'NONE', *, *, #6568, .F. ) ;
#2234 = CARTESIAN_POINT ( 'NONE',  ( -129.9496731077265395, 28.49723825431463453, 23.58670203643026397 ) ) ;
#2235 = CARTESIAN_POINT ( 'NONE',  ( 0.000000000000000000, 0.000000000000000000, 22.64930167012783713 ) ) ;
#2236 = CARTESIAN_POINT ( 'NONE',  ( 14.65710448143376787, -128.1889321442034770, 22.64930167012784423 ) ) ;
#2237 = CARTESIAN_POINT ( 'NONE',  ( 72.51522217978778428, 116.1008272872743987, 24.48560595117748306 ) ) ;
#2238 = CARTESIAN_POINT ( 'NONE',  ( 635.0000000000000000, 317.4999999999998295, 65.77070040501132553 ) ) ;
#2239 = CARTESIAN_POINT ( 'NONE',  ( 4.490369188212488305E-14, 183.3332349922793298, 80.88990889983972465 ) ) ;
#2240 = VERTEX_POINT ( 'NONE', #5089 ) ;
#2241 = VERTEX_POINT ( 'NONE', #1498 ) ;
#2242 = CARTESIAN_POINT ( 'NONE',  ( -2.226406733751534787E-14, -181.7999063323111386, 77.29528289382909634 ) ) ;
#2243 = DIRECTION ( 'NONE',  ( 1.000000000000000000, 0.000000000000000000, 0.000000000000000000 ) ) ;
#2244 = CARTESIAN_POINT ( 'NONE',  ( -72.51522217978862273, -116.1008272872738871, 24.48560595117748306 ) ) ;
#2245 = EDGE_CURVE ( 'NONE', #5464, #7291, #7354, .T. ) ;
#2246 = CARTESIAN_POINT ( 'NONE',  ( -4.411177770528767736E-14, 180.1000000000000512, -68.44440677895181580 ) ) ;
#2247 = CARTESIAN_POINT ( 'NONE',  ( -350.1999999999999318, 175.0999999999999943, 89.50634777422295940 ) ) ;
#2248 = CARTESIAN_POINT ( 'NONE',  ( 0.000000000000000000, 296.8710583295711558, -94.26337537733878946 ) ) ;
#2249 = EDGE_CURVE ( 'NONE', #680, #4253, #2293, .T. ) ;
#2250 = CARTESIAN_POINT ( 'NONE',  ( -15.00000000000000355, 125.0000000000000000, 22.09155500234105673 ) ) ;
#2251 = ORIENTED_EDGE ( 'NONE', *, *, #5271, .T. ) ;
#2252 = CARTESIAN_POINT ( 'NONE',  ( 0.000000000000000000, 317.4322264710784793, -74.34416061146623633 ) ) ;
#2253 = CYLINDRICAL_SURFACE ( 'NONE', #1132, 175.0999999999999943 ) ;
#2254 = B_SPLINE_CURVE_WITH_KNOTS ( 'NONE', 3,
 ( #911, #3928, #1515, #316, #6339, #5068, #4430, #6999, #5188, #1364 ),
 .UNSPECIFIED., .F., .F.,
 ( 4, 2, 2, 2, 4 ),
 ( 9.138802967824459868E-07, 0.003474130793444943181, 0.004342435021731960373, 0.005210739250018979300, 0.006947347706593014552 ),
 .UNSPECIFIED. ) ;
#2255 = VERTEX_POINT ( 'NONE', #2665 ) ;
#2256 = CARTESIAN_POINT ( 'NONE',  ( -10.75496078417176982, -135.4641199907350426, 21.68569211202052216 ) ) ;
#2257 = ORIENTED_EDGE ( 'NONE', *, *, #6324, .F. ) ;
#2258 = DIRECTION ( 'NONE',  ( 1.000000000000000000, 0.000000000000000000, 0.000000000000000000 ) ) ;
#2259 = PLANE ( 'NONE',  #5937 ) ;
#2260 = PERSON ( 'UNSPECIFIED', 'UNSPECIFIED', 'UNSPECIFIED', ('UNSPECIFIED'), ('UNSPECIFIED'), ('UNSPECIFIED') ) ;
#2261 = EDGE_CURVE ( 'NONE', #575, #6021, #3352, .T. ) ;
#2262 = EDGE_CURVE ( 'NONE', #2532, #800, #4489, .T. ) ;
#2263 = LINE ( 'NONE', #463, #3819 ) ;
#2264 = CARTESIAN_POINT ( 'NONE',  ( 132.8391791224262306, 44.14621926312120337, 22.64138532842475726 ) ) ;
#2265 = FACE_OUTER_BOUND ( 'NONE', #1439, .T. ) ;
#2266 = CARTESIAN_POINT ( 'NONE',  ( 0.000000000000000000, 312.8392484128754631, 88.68418937925814305 ) ) ;
#2267 = CARTESIAN_POINT ( 'NONE',  ( 133.8820645368940916, 38.62712429686974502, 22.49219463776508476 ) ) ;
#2268 = CARTESIAN_POINT ( 'NONE',  ( 644.9999999999998863, -322.5000000000000568, 65.77070040501132553 ) ) ;
#2269 = TOROIDAL_SURFACE ( 'NONE', #4074, 122.2006631523987323, 32.50000000000000711 ) ;
#2270 = ADVANCED_FACE ( 'NONE', ( #301 ), #4867, .T. ) ;
#2271 = DIRECTION ( 'NONE',  ( 1.000000000000000000, 0.000000000000000000, 0.000000000000000000 ) ) ;
#2272 = EDGE_LOOP ( 'NONE', ( #6767, #7792, #1295, #7194 ) ) ;
#2273 = CARTESIAN_POINT ( 'NONE',  ( -130.6797652324112562, 47.90581924451538498, 25.02212298877544328 ) ) ;
#2274 = CIRCLE ( 'NONE', #3038, 158.0999999999989711 ) ;
#2275 = EDGE_LOOP ( 'NONE', ( #5816, #2411 ) ) ;
#2276 = CARTESIAN_POINT ( 'NONE',  ( -129.7277902872738196, 28.26011652201732360, 23.52425127950004224 ) ) ;
#2277 = FACE_BOUND ( 'NONE', #1361, .T. ) ;
#2278 = CARTESIAN_POINT ( 'NONE',  ( -14.31048823935945613, 129.5694877681200126, 20.39333473255723206 ) ) ;
#2279 = CARTESIAN_POINT ( 'NONE',  ( 0.000000000000000000, 0.000000000000000000, 57.77070040501133974 ) ) ;
#2280 = CARTESIAN_POINT ( 'NONE',  ( 0.000000000000000000, -125.0000000000000000, 19.36299596820718705 ) ) ;
#2281 = AXIS2_PLACEMENT_3D ( 'NONE', #6503, #2155, #438 ) ;
#2282 = CARTESIAN_POINT ( 'NONE',  ( -644.9999999999998863, 322.5000000000000000, 65.77070040501132553 ) ) ;
#2283 = ORIENTED_EDGE ( 'NONE', *, *, #5069, .T. ) ;
#2284 = ORIENTED_EDGE ( 'NONE', *, *, #7079, .T. ) ;
#2285 = CARTESIAN_POINT ( 'NONE',  ( -362.3705593269363590, -181.1852796634681795, 75.30398140309957000 ) ) ;
#2286 = AXIS2_PLACEMENT_3D ( 'NONE', #308, #1986, #6989 ) ;
#2287 = CARTESIAN_POINT ( 'NONE',  ( -103.8820645368940490, -38.62712429686894922, 19.36299596820718705 ) ) ;
#2288 = CARTESIAN_POINT ( 'NONE',  ( -88.06723913081751220, -104.6679784503317876, 24.46263471942817702 ) ) ;
#2289 = CARTESIAN_POINT ( 'NONE',  ( 0.000000000000000000, 0.000000000000000000, 60.27070040501133974 ) ) ;
#2290 = FACE_OUTER_BOUND ( 'NONE', #5291, .T. ) ;
#2291 = CARTESIAN_POINT ( 'NONE',  ( 627.4907402518880417, -313.7453701259440209, -87.70311822632901055 ) ) ;
#2292 = CARTESIAN_POINT ( 'NONE',  ( -4.225035944584002223, -139.4184408796379557, 25.09149735017778227 ) ) ;
#2293 = CIRCLE ( 'NONE', #4608, 175.0999999999999943 ) ;
#2294 = VERTEX_POINT ( 'NONE', #147 ) ;
#2295 = EDGE_CURVE ( 'NONE', #3137, #5263, #2708, .T. ) ;
#2296 = CARTESIAN_POINT ( 'NONE',  ( 0.000000000000000000, 315.1719565821565538, -85.51580406433575376 ) ) ;
#2297 = DIRECTION ( 'NONE',  ( 1.000000000000000000, 0.000000000000000000, 0.000000000000000000 ) ) ;
#2298 = ORIENTED_EDGE ( 'NONE', *, *, #4913, .T. ) ;
#2299 = CARTESIAN_POINT ( 'NONE',  ( -5.658372768125297547, -138.8980256968893343, 22.41505259179437104 ) ) ;
#2300 = AXIS2_PLACEMENT_3D ( 'NONE', #2672, #4573, #2597 ) ;
#2301 = AXIS2_PLACEMENT_3D ( 'NONE', #2539, #5117, #6264 ) ;
#2302 = CARTESIAN_POINT ( 'NONE',  ( 0.000000000000000000, 184.2518537984015552, -82.49406996101798484 ) ) ;
#2303 = CARTESIAN_POINT ( 'NONE',  ( 3.847138617391237819E-14, -314.1427079276870131, -87.18980760446915212 ) ) ;
#2304 = EDGE_CURVE ( 'NONE', #4438, #6356, #3060, .T. ) ;
#2305 = AXIS2_PLACEMENT_3D ( 'NONE', #6697, #3606, #3067 ) ;
#2306 = TOROIDAL_SURFACE ( 'NONE', #5013, 103.1248389675219101, 7.500000000000000000 ) ;
#2307 = CARTESIAN_POINT ( 'NONE',  ( 0.000000000000000000, 0.000000000000000000, 22.64930167012783713 ) ) ;
#2308 = CARTESIAN_POINT ( 'NONE',  ( 0.000000000000000000, 0.000000000000000000, 20.21482714528789870 ) ) ;
#2309 = CARTESIAN_POINT ( 'NONE',  ( 0.000000000000000000, 0.000000000000000000, 65.77070040501132553 ) ) ;
#2310 = CARTESIAN_POINT ( 'NONE',  ( 133.8413093648302379, 37.35468231126341010, 22.40160817165243046 ) ) ;
#2311 = CARTESIAN_POINT ( 'NONE',  ( -2.144356545307015663E-14, -175.0999999999999943, 89.50634777422294519 ) ) ;
#2312 = AXIS2_PLACEMENT_3D ( 'NONE', #715, #3653, #6129 ) ;
#2313 = DIRECTION ( 'NONE',  ( 1.000000000000000000, 0.000000000000000000, 0.000000000000000000 ) ) ;
#2314 = ORIENTED_EDGE ( 'NONE', *, *, #2882, .T. ) ;
#2315 = CARTESIAN_POINT ( 'NONE',  ( -131.6163948984156775, 46.62440613344363527, 25.12580907789952178 ) ) ;
#2316 = VECTOR ( 'NONE', #7368, 1000.000000000000000 ) ;
#2317 = AXIS2_PLACEMENT_3D ( 'NONE', #6826, #4978, #2554 ) ;
#2318 = EDGE_LOOP ( 'NONE', ( #2378, #1724, #2444, #6259, #1011 ) ) ;
#2319 = EDGE_CURVE ( 'NONE', #1645, #6747, #2677, .T. ) ;
#2320 = CARTESIAN_POINT ( 'NONE',  ( -133.2826962834808455, 34.41657175155351922, 24.66505120245055949 ) ) ;
#2321 = CARTESIAN_POINT ( 'NONE',  ( 87.43752864693196614, -95.65023543885118329, 20.21482714528789870 ) ) ;
#2322 = CARTESIAN_POINT ( 'NONE',  ( -117.3856248595695462, -53.55229325042284216, 22.64930167012784423 ) ) ;
#2323 = CIRCLE ( 'NONE', #3991, 170.0000000000000284 ) ;
#2324 = CARTESIAN_POINT ( 'NONE',  ( 586.7821853801036696, -293.3910926900520053, 94.50000000000000000 ) ) ;
#2325 = B_SPLINE_CURVE_WITH_KNOTS ( 'NONE', 3,
 ( #3598, #4811, #7418, #6188, #1852, #24, #4202, #5526, #2344, #542, #7982, #6769, #694, #1304, #5452, #3141, #5487, #3102, #4316, #6691, #7459, #6808 ),
 .UNSPECIFIED., .F., .F.,
 ( 4, 2, 2, 2, 2, 2, 2, 2, 2, 2, 4 ),
 ( 0.02515213099131138538, 0.02613724095251326873, 0.02712235091371515555, 0.02909257083611890490, 0.03007768079732078131, 0.03106279075852265426, 0.03303301068092637238, 0.03500323060333009051, 0.03598834056453197039, 0.03697345052573385027, 0.04091389037054123795 ),
 .UNSPECIFIED. ) ;
#2326 = CARTESIAN_POINT ( 'NONE',  ( -2.218879727924843965E-14, -181.1852796634682363, 75.30398140309957000 ) ) ;
#2327 = EDGE_LOOP ( 'NONE', ( #4091, #7362, #1160, #4670 ) ) ;
#2328 = ORIENTED_EDGE ( 'NONE', *, *, #3944, .F. ) ;
#2329 = CARTESIAN_POINT ( 'NONE',  ( -363.5998126646221635, 181.7999063323111386, 77.29528289382909634 ) ) ;
#2330 = CIRCLE ( 'NONE', #2973, 166.6000000000000227 ) ;
#2331 = CARTESIAN_POINT ( 'NONE',  ( -61.75353699902703397, -110.5104002467461015, 19.65518418842241033 ) ) ;
#2332 = CARTESIAN_POINT ( 'NONE',  ( -88.47315653655870449, -101.1271242968688284, 23.89698163186446678 ) ) ;
#2333 = CARTESIAN_POINT ( 'NONE',  ( 2.345142589116668513E-14, -191.4954247011830830, -89.88689247745783462 ) ) ;
#2334 = DIRECTION ( 'NONE',  ( 1.000000000000000000, 0.000000000000000000, 0.000000000000000000 ) ) ;
#2335 = CARTESIAN_POINT ( 'NONE',  ( 0.000000000000000000, 312.3301137222341595, -89.15235216125219608 ) ) ;
#2336 = LINE ( 'NONE', #1732, #2584 ) ;
#2337 = CIRCLE ( 'NONE', #1181, 122.2006631523987323 ) ;
#2338 = ORIENTED_EDGE ( 'NONE', *, *, #1228, .F. ) ;
#2339 = CARTESIAN_POINT ( 'NONE',  ( 0.000000000000000000, 317.5000000000000000, -65.77070040501132553 ) ) ;
#2340 = CARTESIAN_POINT ( 'NONE',  ( 162.5999999999999943, 0.000000000000000000, 35.77057939344513215 ) ) ;
#2341 = VERTEX_POINT ( 'NONE', #7627 ) ;
#2342 = CARTESIAN_POINT ( 'NONE',  ( -0.8223632371938943697, -139.9832323228489486, 22.64216318035249742 ) ) ;
#2343 = AXIS2_PLACEMENT_3D ( 'NONE', #6666, #4254, #6578 ) ;
#2344 = CARTESIAN_POINT ( 'NONE',  ( 133.1862034446781422, 34.09941843394241090, 24.62477972103042845 ) ) ;
#2345 = CARTESIAN_POINT ( 'NONE',  ( -627.4907402518881554, 313.7453701259439640, -87.70311822632901055 ) ) ;
#2346 = CARTESIAN_POINT ( 'NONE',  ( -147.5999999999999375, 0.000000000000000000, 16.07491246123429818 ) ) ;
#2347 =( BOUNDED_SURFACE ( )  B_SPLINE_SURFACE ( 3, 3, ( 
 ( #180, #6351, #3941, #4522 ),
 ( #3903, #3262, #3299, #2696 ),
 ( #7660, #2093, #4560, #881 ),
 ( #6430, #7695, #5808, #921 ),
 ( #327, #2766, #4442, #1375 ),
 ( #3820, #3508, #4711, #4800 ),
 ( #7818, #1692, #3586, #6644 ),
 ( #2333, #3418, #2809, #413 ),
 ( #7856, #1610, #1004, #5972 ),
 ( #2168, #7295, #7132, #7207 ),
 ( #4154, #6053, #1087, #4062 ),
 ( #5885, #5281, #2854, #7900 ),
 ( #6551, #3461, #450, #2890 ),
 ( #1728, #1575, #1650, #1123 ),
 ( #4108, #5927, #5356, #7782 ),
 ( #5321, #6516, #531, #4191 ),
 ( #2212, #961, #7255, #2246 ),
 ( #370, #4027, #3544, #487 ) ),
 .UNSPECIFIED., .F., .F., .T. ) 
 B_SPLINE_SURFACE_WITH_KNOTS ( ( 4, 2, 2, 2, 2, 2, 2, 2, 4 ),
 ( 4, 4 ),
 ( 0.000000000000000000, 0.1250000000000000000, 0.2500000000000000000, 0.3750000000000000000, 0.5000000000000000000, 0.6250000000000000000, 0.7500000000000000000, 0.8750000000000000000, 1.000000000000000000 ),
 ( 0.000000000000000000, 1.000000000000000000 ),
 .UNSPECIFIED. ) 
 GEOMETRIC_REPRESENTATION_ITEM ( )  RATIONAL_B_SPLINE_SURFACE ( (
 ( 1.000000000000000000, 0.3333333333333334259, 0.3333333333333334259, 1.000000000000000000),
 ( 1.000000000000000000, 0.3333333333333334259, 0.3333333333333334259, 1.000000000000000000),
 ( 1.000000000000000000, 0.3333333333333334259, 0.3333333333333334259, 1.000000000000000000),
 ( 1.000000000000000000, 0.3333333333333334259, 0.3333333333333334259, 1.000000000000000000),
 ( 1.000000000000000000, 0.3333333333333334259, 0.3333333333333334259, 1.000000000000000000),
 ( 1.000000000000000000, 0.3333333333333334259, 0.3333333333333334259, 1.000000000000000000),
 ( 1.000000000000000000, 0.3333333333333334259, 0.3333333333333334259, 1.000000000000000000),
 ( 1.000000000000000000, 0.3333333333333334259, 0.3333333333333334259, 1.000000000000000000),
 ( 1.000000000000000000, 0.3333333333333334259, 0.3333333333333334259, 1.000000000000000000),
 ( 1.000000000000000000, 0.3333333333333334259, 0.3333333333333334259, 1.000000000000000000),
 ( 1.000000000000000000, 0.3333333333333334259, 0.3333333333333334259, 1.000000000000000000),
 ( 1.000000000000000000, 0.3333333333333334259, 0.3333333333333334259, 1.000000000000000000),
 ( 1.000000000000000000, 0.3333333333333334259, 0.3333333333333334259, 1.000000000000000000),
 ( 1.000000000000000000, 0.3333333333333334259, 0.3333333333333334259, 1.000000000000000000),
 ( 1.000000000000000000, 0.3333333333333334259, 0.3333333333333334259, 1.000000000000000000),
 ( 1.000000000000000000, 0.3333333333333334259, 0.3333333333333334259, 1.000000000000000000),
 ( 1.000000000000000000, 0.3333333333333334259, 0.3333333333333334259, 1.000000000000000000),
 ( 1.000000000000000000, 0.3333333333333334259, 0.3333333333333334259, 1.000000000000000000) ) ) 
 REPRESENTATION_ITEM ( '' )  SURFACE ( )  );
#2348 = CIRCLE ( 'NONE', #6897, 6.350000000000001421 ) ;
#2349 = CARTESIAN_POINT ( 'NONE',  ( 87.20541043529333081, -95.09179473994014131, 22.64930167012784068 ) ) ;
#2350 = DIRECTION ( 'NONE',  ( 0.000000000000000000, 0.000000000000000000, -1.000000000000000000 ) ) ;
#2351 = CARTESIAN_POINT ( 'NONE',  ( 133.8820645368937789, 38.62712429686978055, 25.05948377397437099 ) ) ;
#2352 = CARTESIAN_POINT ( 'NONE',  ( -15.00000000000000355, 124.9999999999874518, 19.57385387393431841 ) ) ;
#2353 = EDGE_CURVE ( 'NONE', #6456, #4302, #2030, .T. ) ;
#2354 = CARTESIAN_POINT ( 'NONE',  ( 72.94889113380413903, 116.1221188741572377, 21.97630267479451760 ) ) ;
#2355 = CARTESIAN_POINT ( 'NONE',  ( -170.0000000000000284, -2.081899558550500990E-14, -99.49999999999995737 ) ) ;
#2356 = EDGE_CURVE ( 'NONE', #6850, #5713, #980, .T. ) ;
#2357 = ORIENTED_EDGE ( 'NONE', *, *, #2454, .F. ) ;
#2358 = CARTESIAN_POINT ( 'NONE',  ( 58.47315653655780920, 101.1271242968693826, 14.49999999999999822 ) ) ;
#2359 = ORIENTED_EDGE ( 'NONE', *, *, #5745, .F. ) ;
#2360 = CARTESIAN_POINT ( 'NONE',  ( -113.7258022803482049, 52.72705888663411145, 19.51026624569923484 ) ) ;
#2361 = DIRECTION ( 'NONE',  ( -0.000000000000000000, -0.000000000000000000, 1.000000000000000000 ) ) ;
#2362 = CARTESIAN_POINT ( 'NONE',  ( 80.21079223777023515, 114.5481602566106432, 25.17501330165614348 ) ) ;
#2363 = CARTESIAN_POINT ( 'NONE',  ( 630.3439131643131077, 315.1719565821563833, 85.51580406433575376 ) ) ;
#2364 = EDGE_CURVE ( 'NONE', #3027, #7291, #5942, .T. ) ;
#2365 = DIRECTION ( 'NONE',  ( -1.000000000000000000, 0.000000000000000000, 0.000000000000000000 ) ) ;
#2366 = EDGE_LOOP ( 'NONE', ( #4462, #3367, #7949, #2578, #6675, #1787, #5063, #7612 ) ) ;
#2367 = ORIENTED_EDGE ( 'NONE', *, *, #3480, .F. ) ;
#2368 = CARTESIAN_POINT ( 'NONE',  ( -2.256434429911785567E-14, -184.2518537984015552, 82.49406996101798484 ) ) ;
#2369 = DIRECTION ( 'NONE',  ( -0.000000000000000000, -0.000000000000000000, 1.000000000000000000 ) ) ;
#2370 = CARTESIAN_POINT ( 'NONE',  ( -82.66645953933061719, -113.0017861409865958, 25.21513852936555722 ) ) ;
#2371 = CARTESIAN_POINT ( 'NONE',  ( -15.00000000000000355, -124.9999999999999858, 19.57385387393575371 ) ) ;
#2372 = DIRECTION ( 'NONE',  ( 1.224646799147353207E-16, 1.000000000000000000, 0.000000000000000000 ) ) ;
#2373 = EDGE_CURVE ( 'NONE', #5066, #3857, #5596, .T. ) ;
#2374 = FACE_OUTER_BOUND ( 'NONE', #6435, .T. ) ;
#2375 = ORIENTED_EDGE ( 'NONE', *, *, #3454, .T. ) ;
#2376 = CARTESIAN_POINT ( 'NONE',  ( 0.000000000000000000, 0.000000000000000000, 51.86299596820718705 ) ) ;
#2377 = CARTESIAN_POINT ( 'NONE',  ( 0.000000000000000000, 0.000000000000000000, 22.64930167012783713 ) ) ;
#2378 = ORIENTED_EDGE ( 'NONE', *, *, #5471, .F. ) ;
#2379 = CARTESIAN_POINT ( 'NONE',  ( -62.15368687679802662, 110.9894558919721703, 19.74498530354318149 ) ) ;
#2380 = ORIENTED_EDGE ( 'NONE', *, *, #5168, .T. ) ;
#2381 = CARTESIAN_POINT ( 'NONE',  ( 0.000000000000000000, 0.000000000000000000, -65.22929959498867447 ) ) ;
#2382 = CARTESIAN_POINT ( 'NONE',  ( -7.776507174585690743E-14, 317.4999999999998863, -68.03790535064513278 ) ) ;
#2383 = CYLINDRICAL_SURFACE ( 'NONE', #7599, 172.5999999999999943 ) ;
#2384 = DIRECTION ( 'NONE',  ( -0.000000000000000000, -0.000000000000000000, 1.000000000000000000 ) ) ;
#2385 = CARTESIAN_POINT ( 'NONE',  ( 2.550623558376911991E-14, -208.2742191587611558, -99.50000000000000000 ) ) ;
#2386 = CARTESIAN_POINT ( 'NONE',  ( 83.92716106803129605, 111.9077574198871048, 22.61779399848794014 ) ) ;
#2387 = APPROVAL_ROLE ( '' ) ;
#2388 = CARTESIAN_POINT ( 'NONE',  ( -175.0999999999999943, 2.144356545307015663E-14, 35.77057939344513215 ) ) ;
#2389 = ORIENTED_EDGE ( 'NONE', *, *, #7125, .F. ) ;
#2390 = CARTESIAN_POINT ( 'NONE',  ( -128.8999648003929508, 49.82785031281673582, 24.79093787338842603 ) ) ;
#2391 = ADVANCED_FACE ( 'NONE', ( #5293 ), #4098, .F. ) ;
#2392 = ORIENTED_EDGE ( 'NONE', *, *, #6843, .T. ) ;
#2393 = CARTESIAN_POINT ( 'NONE',  ( 0.000000000000000000, 0.000000000000000000, 36.24442096338251673 ) ) ;
#2394 = AXIS2_PLACEMENT_3D ( 'NONE', #4247, #7424, #3022 ) ;
#2395 = CARTESIAN_POINT ( 'NONE',  ( 0.000000000000000000, 317.5000000000000000, 65.77070040501132553 ) ) ;
#2396 = CARTESIAN_POINT ( 'NONE',  ( 88.06723913081673061, 104.6679784503322850, 24.46263471942814505 ) ) ;
#2397 = CARTESIAN_POINT ( 'NONE',  ( 629.7121051260187414, -314.8560525630094844, 86.09637062918555728 ) ) ;
#2398 = CARTESIAN_POINT ( 'NONE',  ( -85.34285087178260198, -110.3255696616022874, 22.52418874135922167 ) ) ;
#2399 = CIRCLE ( 'NONE', #7072, 1.500000000000001332 ) ;
#2400 = VERTEX_POINT ( 'NONE', #7143 ) ;
#2401 = ORIENTED_EDGE ( 'NONE', *, *, #1818, .F. ) ;
#2402 = CARTESIAN_POINT ( 'NONE',  ( -133.1862034446784264, -34.09941843394155825, 24.62477972103044976 ) ) ;
#2403 = CARTESIAN_POINT ( 'NONE',  ( -88.44584631507662209, 100.0831693189053624, 23.70957095540989812 ) ) ;
#2404 = EDGE_CURVE ( 'NONE', #7938, #5464, #4686, .T. ) ;
#2405 = CARTESIAN_POINT ( 'NONE',  ( -82.07351619049052260, -113.4380382140600716, 25.21605795450070175 ) ) ;
#2406 = ADVANCED_FACE ( 'NONE', ( #4075 ), #1099, .F. ) ;
#2407 = CARTESIAN_POINT ( 'NONE',  ( 0.000000000000000000, 312.3301137222341595, 89.15235216125219608 ) ) ;
#2408 = TOROIDAL_SURFACE ( 'NONE', #6559, 122.2006631523987323, 32.50000000000000711 ) ;
#2409 = CARTESIAN_POINT ( 'NONE',  ( 159.5999999999993406, 1.954536291439167979E-14, -37.60797925142819764 ) ) ;
#2410 = DIRECTION ( 'NONE',  ( -0.000000000000000000, -0.000000000000000000, 1.000000000000000000 ) ) ;
#2411 = ORIENTED_EDGE ( 'NONE', *, *, #5623, .T. ) ;
#2412 = CARTESIAN_POINT ( 'NONE',  ( -132.5879595755825164, -32.49943169428025413, 21.83095241867722436 ) ) ;
#2413 = CARTESIAN_POINT ( 'NONE',  ( 0.000000000000000000, 0.000000000000000000, 20.21482714528789870 ) ) ;
#2414 = AXIS2_PLACEMENT_3D ( 'NONE', #3524, #2190, #5988 ) ;
#2415 = ORIENTED_EDGE ( 'NONE', *, *, #1836, .T. ) ;
#2416 = CARTESIAN_POINT ( 'NONE',  ( -0.4019765354788120693, -140.0003969059679889, 22.64574218993273647 ) ) ;
#2417 = ORIENTED_EDGE ( 'NONE', *, *, #2784, .T. ) ;
#2418 = ADVANCED_FACE ( 'NONE', ( #4037 ), #1587, .T. ) ;
#2419 = CARTESIAN_POINT ( 'NONE',  ( 59.55032408116301212, 106.7087671033382179, 19.36299596820718349 ) ) ;
#2420 = CARTESIAN_POINT ( 'NONE',  ( -631.4724989282810839, 315.7362494641403714, -84.26865681888700976 ) ) ;
#2421 = AXIS2_PLACEMENT_3D ( 'NONE', #6905, #2740, #5735 ) ;
#2422 = DIRECTION ( 'NONE',  ( 1.000000000000000000, 0.000000000000000000, 0.000000000000000000 ) ) ;
#2423 = ORIENTED_EDGE ( 'NONE', *, *, #7078, .F. ) ;
#2424 = AXIS2_PLACEMENT_3D ( 'NONE', #7580, #2699, #2005 ) ;
#2425 = DIRECTION ( 'NONE',  ( 1.224646799147353207E-16, 1.000000000000000000, 0.000000000000000000 ) ) ;
#2426 = CARTESIAN_POINT ( 'NONE',  ( 416.5484383175221978, -208.2742191587610989, -94.50000000000000000 ) ) ;
#2427 = DIRECTION ( 'NONE',  ( 1.000000000000000000, 0.000000000000000000, 0.000000000000000000 ) ) ;
#2428 = CARTESIAN_POINT ( 'NONE',  ( 0.000000000000000000, 0.000000000000000000, 21.86299596820717639 ) ) ;
#2429 = AXIS2_PLACEMENT_3D ( 'NONE', #7254, #1803, #6643 ) ;
#2430 = DIRECTION ( 'NONE',  ( -1.000000000000000000, 0.000000000000000000, 0.000000000000000000 ) ) ;
#2431 = AXIS2_PLACEMENT_3D ( 'NONE', #3730, #6211, #158 ) ;
#2432 = VERTEX_POINT ( 'NONE', #1621 ) ;
#2433 = CARTESIAN_POINT ( 'NONE',  ( -147.5999999999999375, 1.807578675541492428E-14, 17.73176671072666366 ) ) ;
#2434 = ORIENTED_EDGE ( 'NONE', *, *, #1098, .T. ) ;
#2435 = DIRECTION ( 'NONE',  ( 1.000000000000000000, 0.000000000000000000, 0.000000000000000000 ) ) ;
#2436 = AXIS2_PLACEMENT_3D ( 'NONE', #505, #3523, #3179 ) ;
#2437 = CIRCLE ( 'NONE', #1414, 162.6000000000000227 ) ;
#2438 = CARTESIAN_POINT ( 'NONE',  ( -634.9999999999996589, 317.4999999999998295, 68.03790535064513278 ) ) ;
#2439 = CARTESIAN_POINT ( 'NONE',  ( 88.47315653655783763, 101.8422365537215342, 24.02269258794260764 ) ) ;
#2440 = CARTESIAN_POINT ( 'NONE',  ( -3.543218914180317879E-14, -289.3257808412388954, 94.49999999999998579 ) ) ;
#2441 = CARTESIAN_POINT ( 'NONE',  ( -73.30530611792227091, -116.1303980674425702, 22.02229226179215260 ) ) ;
#2442 = CIRCLE ( 'NONE', #6987, 103.1248389675219101 ) ;
#2443 = CIRCLE ( 'NONE', #6601, 6.349999999999999645 ) ;
#2444 = ORIENTED_EDGE ( 'NONE', *, *, #7761, .F. ) ;
#2445 = EDGE_LOOP ( 'NONE', ( #4557, #6893, #722, #1097 ) ) ;
#2446 = DIRECTION ( 'NONE',  ( 1.000000000000000000, 0.000000000000000000, 0.000000000000000000 ) ) ;
#2447 = CARTESIAN_POINT ( 'NONE',  ( -3.749077678574159666E-14, -289.3257808412388954, 99.49999999999998579 ) ) ;
#2448 = CARTESIAN_POINT ( 'NONE',  ( 8.795774670718301991, 137.1579380156769616, 24.61481643308789202 ) ) ;
#2449 = DIRECTION ( 'NONE',  ( -0.000000000000000000, -0.000000000000000000, 1.000000000000000000 ) ) ;
#2450 = CIRCLE ( 'NONE', #1305, 4.000000000000003553 ) ;
#2451 = EDGE_CURVE ( 'NONE', #7203, #4629, #6170, .T. ) ;
#2452 = CARTESIAN_POINT ( 'NONE',  ( 87.45476934160866733, -106.7492928433111672, 24.74436749081449705 ) ) ;
#2453 = CARTESIAN_POINT ( 'NONE',  ( -118.8820645368940490, -38.62712429686894922, 14.49999999999999822 ) ) ;
#2454 = EDGE_CURVE ( 'NONE', #7865, #6537, #3519, .T. ) ;
#2455 = ORIENTED_EDGE ( 'NONE', *, *, #1125, .T. ) ;
#2457 = EDGE_CURVE ( 'NONE', #1111, #3981, #1535, .T. ) ;
#2456 = DIRECTION ( 'NONE',  ( -0.000000000000000000, -0.000000000000000000, 1.000000000000000000 ) ) ;
#2458 = TOROIDAL_SURFACE ( 'NONE', #1557, 166.5999999999999943, 4.000000000000000000 ) ;
#2459 = CARTESIAN_POINT ( 'NONE',  ( -115.1337346526133132, -53.16248037874500909, 22.21455558107703965 ) ) ;
#2460 = ORIENTED_EDGE ( 'NONE', *, *, #2477, .T. ) ;
#2461 = CARTESIAN_POINT ( 'NONE',  ( -83.08400613783562960, 89.61054624860911133, 19.36299596820718705 ) ) ;
#2462 = VERTEX_POINT ( 'NONE', #7870 ) ;
#2463 = CARTESIAN_POINT ( 'NONE',  ( 0.000000000000000000, 0.000000000000000000, 35.77057939344513215 ) ) ;
#2464 = CARTESIAN_POINT ( 'NONE',  ( -634.6749012020570717, -317.3374506010287064, -76.28597499736081033 ) ) ;
#2465 = CIRCLE ( 'NONE', #3496, 122.2006631523987323 ) ;
#2466 = B_SPLINE_CURVE_WITH_KNOTS ( 'NONE', 3,
 ( #2250, #7212, #4031, #453 ),
 .UNSPECIFIED., .F., .F.,
 ( 4, 4 ),
 ( 0.01116589344349571376, 0.01442084811071501702 ),
 .UNSPECIFIED. ) ;
#2467 = ADVANCED_FACE ( 'NONE', ( #4767 ), #5409, .F. ) ;
#2468 = CARTESIAN_POINT ( 'NONE',  ( 86.50756465493907399, 93.69737816143019415, 19.80071136994784808 ) ) ;
#2469 = ORIENTED_EDGE ( 'NONE', *, *, #4962, .F. ) ;
#2470 = FACE_OUTER_BOUND ( 'NONE', #2000, .T. ) ;
#2471 = AXIS2_PLACEMENT_3D ( 'NONE', #3570, #6037, #514 ) ;
#2472 = DIRECTION ( 'NONE',  ( -0.000000000000000000, -0.000000000000000000, 1.000000000000000000 ) ) ;
#2473 = FACE_OUTER_BOUND ( 'NONE', #6336, .T. ) ;
#2474 = CARTESIAN_POINT ( 'NONE',  ( 350.1999999999999318, -175.1000000000000512, 89.50634777422295940 ) ) ;
#2475 = CARTESIAN_POINT ( 'NONE',  ( -117.9884619973335589, -53.60048312183842256, 20.21482714528789870 ) ) ;
#2476 = ORIENTED_EDGE ( 'NONE', *, *, #5523, .F. ) ;
#2477 = EDGE_CURVE ( 'NONE', #5075, #445, #2325, .T. ) ;
#2478 = ORIENTED_EDGE ( 'NONE', *, *, #6941, .F. ) ;
#2479 = DIRECTION ( 'NONE',  ( 0.000000000000000000, 0.000000000000000000, -1.000000000000000000 ) ) ;
#2480 = CARTESIAN_POINT ( 'NONE',  ( 14.51664885225353885, 128.7771558215628431, 20.21482714528789870 ) ) ;
#2481 = CARTESIAN_POINT ( 'NONE',  ( -123.4609555976861230, -52.92014213023435332, 21.31998770891663142 ) ) ;
#2482 = DIRECTION ( 'NONE',  ( -0.000000000000000000, -0.000000000000000000, 1.000000000000000000 ) ) ;
#2483 = CARTESIAN_POINT ( 'NONE',  ( 610.3579730019846465, 305.1789865009921527, 92.80220189689723043 ) ) ;
#2484 = CARTESIAN_POINT ( 'NONE',  ( 0.000000000000000000, 317.4999999999998863, -68.03790535064513278 ) ) ;
#2485 = VERTEX_POINT ( 'NONE', #4960 ) ;
#2486 = ORIENTED_EDGE ( 'NONE', *, *, #2106, .T. ) ;
#2487 = CARTESIAN_POINT ( 'NONE',  ( 33.59192716851524096, -46.23532122852795112, -3.460512242138308103 ) ) ;
#2488 = CARTESIAN_POINT ( 'NONE',  ( 170.0000000000000284, 0.000000000000000000, -57.77070040501134685 ) ) ;
#2489 = DIRECTION ( 'NONE',  ( -1.000000000000000000, 0.000000000000000000, -0.000000000000000000 ) ) ;
#2490 = CARTESIAN_POINT ( 'NONE',  ( -155.5999999999993406, 1.905550419473273604E-14, 35.77057939344513215 ) ) ;
#2491 = CARTESIAN_POINT ( 'NONE',  ( 578.6515616824776771, -289.3257808412388385, -94.50000000000000000 ) ) ;
#2492 = CARTESIAN_POINT ( 'NONE',  ( 158.0999999999996533, 1.936166589451961493E-14, -38.22929959498813446 ) ) ;
#2493 = EDGE_LOOP ( 'NONE', ( #2061, #5086, #4372, #7641 ) ) ;
#2494 = CARTESIAN_POINT ( 'NONE',  ( -133.2498062720161442, -34.27271428162632816, 22.08175149544327098 ) ) ;
#2495 = CARTESIAN_POINT ( 'NONE',  ( -88.47315653655928713, 100.6561744203528690, 21.24690331301371060 ) ) ;
#2496 = ORIENTED_EDGE ( 'NONE', *, *, #5969, .T. ) ;
#2497 = ADVANCED_FACE ( 'NONE', ( #5569 ), #6732, .F. ) ;
#2498 = CARTESIAN_POINT ( 'NONE',  ( -82.86904699180392697, 112.8411568642608103, 22.64558259218393843 ) ) ;
#2499 = CARTESIAN_POINT ( 'NONE',  ( 0.000000000000000000, 170.0000000000000284, -57.77070040501133974 ) ) ;
#2500 = CARTESIAN_POINT ( 'NONE',  ( -155.5999999999996817, 0.000000000000000000, -39.26483350092088642 ) ) ;
#2501 = CARTESIAN_POINT ( 'NONE',  ( -7.621155815642245402E-14, 311.1572994331259565, -90.05439378584783583 ) ) ;
#2502 = CARTESIAN_POINT ( 'NONE',  ( 84.06024588730821279, 90.42524080177224732, 19.36299596820717994 ) ) ;
#2503 = ORIENTED_EDGE ( 'NONE', *, *, #4769, .F. ) ;
#2504 = CARTESIAN_POINT ( 'NONE',  ( 87.43752864693196614, -95.65023543885118329, 20.21482714528789870 ) ) ;
#2505 = CARTESIAN_POINT ( 'NONE',  ( 3.888414373727005781E-14, -317.5131292087049815, -70.21990042098286722 ) ) ;
#2506 = CARTESIAN_POINT ( 'NONE',  ( 162.5999999999999943, 0.000000000000000000, 56.27070040501133974 ) ) ;
#2507 = EDGE_CURVE ( 'NONE', #7944, #470, #3590, .T. ) ;
#2508 = DIRECTION ( 'NONE',  ( -0.000000000000000000, -0.000000000000000000, 1.000000000000000000 ) ) ;
#2509 = EDGE_CURVE ( 'NONE', #638, #6973, #4874, .T. ) ;
#2510 = DIRECTION ( 'NONE',  ( 0.000000000000000000, 0.000000000000000000, -1.000000000000000000 ) ) ;
#2511 = CARTESIAN_POINT ( 'NONE',  ( 3.707820078507285874E-14, -302.7664859034306346, -93.41442136824588260 ) ) ;
#2512 = ORIENTED_EDGE ( 'NONE', *, *, #1236, .F. ) ;
#2513 = CARTESIAN_POINT ( 'NONE',  ( 0.000000000000000000, 0.000000000000000000, 64.27070040501133974 ) ) ;
#2514 = VERTEX_POINT ( 'NONE', #612 ) ;
#2515 = CARTESIAN_POINT ( 'NONE',  ( 103.8820645368937647, 38.62712429686978055, 21.86299596820718349 ) ) ;
#2516 = CARTESIAN_POINT ( 'NONE',  ( 12.76254249004758279, 132.8921112127603408, 21.12821300259048840 ) ) ;
#2517 = EDGE_CURVE ( 'NONE', #654, #1733, #1141, .T. ) ;
#2518 = CARTESIAN_POINT ( 'NONE',  ( -129.8564352059847238, -48.90325391934953103, 22.35522883727437815 ) ) ;
#2519 = DIRECTION ( 'NONE',  ( -0.000000000000000000, -0.000000000000000000, 1.000000000000000000 ) ) ;
#2520 = LINE ( 'NONE', #634, #3357 ) ;
#2521 = B_SPLINE_CURVE_WITH_KNOTS ( 'NONE', 3,
 ( #2598, #5706, #5059, #3959, #4541, #194 ),
 .UNSPECIFIED., .F., .F.,
 ( 4, 2, 4 ),
 ( 0.03398950556912595788, 0.03682579955890089712, 0.03966209354867583636 ),
 .UNSPECIFIED. ) ;
#2522 = ORIENTED_EDGE ( 'NONE', *, *, #4934, .T. ) ;
#2523 = TOROIDAL_SURFACE ( 'NONE', #5489, 80.00000000000000000, 9.999999999999998224 ) ;
#2524 = ORIENTED_EDGE ( 'NONE', *, *, #4492, .T. ) ;
#2525 = CARTESIAN_POINT ( 'NONE',  ( 0.000000000000000000, 0.000000000000000000, 19.36299596820719060 ) ) ;
#2526 = DIRECTION ( 'NONE',  ( -0.000000000000000000, -0.000000000000000000, 1.000000000000000000 ) ) ;
#2527 = LINE ( 'NONE', #6797, #4893 ) ;
#2528 = CARTESIAN_POINT ( 'NONE',  ( 593.7421166591421979, -296.8710583295710990, -94.26337537733880367 ) ) ;
#2529 = AXIS2_PLACEMENT_3D ( 'NONE', #5279, #3583, #7205 ) ;
#2530 = CYLINDRICAL_SURFACE ( 'NONE', #3866, 15.00000000000000355 ) ;
#2531 = CARTESIAN_POINT ( 'NONE',  ( -77.85953044542903001, 115.4760594844974122, 25.04292303253536289 ) ) ;
#2532 = VERTEX_POINT ( 'NONE', #1895 ) ;
#2533 = CARTESIAN_POINT ( 'NONE',  ( 0.000000000000000000, 0.000000000000000000, 35.77057939344513215 ) ) ;
#2534 = ORIENTED_EDGE ( 'NONE', *, *, #5614, .F. ) ;
#2535 = CARTESIAN_POINT ( 'NONE',  ( -87.43752864693125559, 95.65023543885180857, 20.21482714528789870 ) ) ;
#2536 = VERTEX_POINT ( 'NONE', #6856 ) ;
#2537 = CIRCLE ( 'NONE', #1505, 162.6000000000000227 ) ;
#2538 = CARTESIAN_POINT ( 'NONE',  ( -578.6515616824776771, -289.3257808412388385, 94.50000000000000000 ) ) ;
#2539 = CARTESIAN_POINT ( 'NONE',  ( 0.000000000000000000, 0.000000000000000000, 35.77057939344513215 ) ) ;
#2540 = AXIS2_PLACEMENT_3D ( 'NONE', #3278, #2073, #4006 ) ;
#2541 = DIRECTION ( 'NONE',  ( -0.000000000000000000, -0.000000000000000000, 1.000000000000000000 ) ) ;
#2542 = EDGE_LOOP ( 'NONE', ( #1013, #587, #6141, #1570 ) ) ;
#2543 = DIRECTION ( 'NONE',  ( 0.000000000000000000, -0.000000000000000000, 1.000000000000000000 ) ) ;
#2544 = CARTESIAN_POINT ( 'NONE',  ( 3.831175842164916603E-14, -312.8392484128754631, -88.68418937925814305 ) ) ;
#2545 = CARTESIAN_POINT ( 'NONE',  ( 398.7994540883427135, -199.3997270441713567, -93.38869490038415222 ) ) ;
#2546 = CIRCLE ( 'NONE', #6704, 129.0241567926366031 ) ;
#2547 = DIRECTION ( 'NONE',  ( -1.224646799147353207E-16, 1.000000000000000000, 0.000000000000000000 ) ) ;
#2548 = CARTESIAN_POINT ( 'NONE',  ( 0.000000000000000000, 0.000000000000000000, -94.49999999999998579 ) ) ;
#2549 = ADVANCED_FACE ( 'NONE', ( #3057 ), #4280, .T. ) ;
#2550 = ORIENTED_EDGE ( 'NONE', *, *, #1730, .T. ) ;
#2551 = FACE_OUTER_BOUND ( 'NONE', #4908, .T. ) ;
#2552 = EDGE_CURVE ( 'NONE', #3072, #965, #1278, .T. ) ;
#2553 = ORIENTED_EDGE ( 'NONE', *, *, #6274, .F. ) ;
#2554 = DIRECTION ( 'NONE',  ( 1.000000000000000000, 0.000000000000000000, 0.000000000000000000 ) ) ;
#2555 = CARTESIAN_POINT ( 'NONE',  ( -634.8644529421568450, -317.4322264710784225, 74.34416061146622212 ) ) ;
#2556 = FACE_OUTER_BOUND ( 'NONE', #154, .T. ) ;
#2557 = AXIS2_PLACEMENT_3D ( 'NONE', #2951, #1221, #6739 ) ;
#2558 = CARTESIAN_POINT ( 'NONE',  ( -122.1856747138607489, -23.99253685170067030, 21.95127968403708962 ) ) ;
#2559 = AXIS2_PLACEMENT_3D ( 'NONE', #6913, #3684, #3079 ) ;
#2560 = CARTESIAN_POINT ( 'NONE',  ( -2.347490051841963511E-14, -175.0999999999999943, 65.77070040501132553 ) ) ;
#2561 = VERTEX_POINT ( 'NONE', #3664 ) ;
#2562 = CARTESIAN_POINT ( 'NONE',  ( 634.6749012020570717, 317.3374506010286495, -76.28597499736081033 ) ) ;
#2563 = EDGE_CURVE ( 'NONE', #2514, #1919, #5133, .T. ) ;
#2564 = ORIENTED_EDGE ( 'NONE', *, *, #4047, .F. ) ;
#2565 = TOROIDAL_SURFACE ( 'NONE', #6721, 103.1248389675219101, 10.00000000000000000 ) ;
#2566 = ORIENTED_EDGE ( 'NONE', *, *, #1051, .F. ) ;
#2567 = CARTESIAN_POINT ( 'NONE',  ( -131.1785253888462535, -30.01180503531987398, 23.94400686804570100 ) ) ;
#2568 = CARTESIAN_POINT ( 'NONE',  ( 0.000000000000000000, 0.000000000000000000, 17.00000000000000000 ) ) ;
#2569 = DIRECTION ( 'NONE',  ( 1.000000000000000000, 0.000000000000000000, 0.000000000000000000 ) ) ;
#2570 = PLANE ( 'NONE',  #4770 ) ;
#2571 = AXIS2_PLACEMENT_3D ( 'NONE', #5797, #2086, #3215 ) ;
#2572 = CARTESIAN_POINT ( 'NONE',  ( 132.3198483554334928, -31.93275300346373058, 21.73886526237116712 ) ) ;
#2573 = AXIS2_PLACEMENT_3D ( 'NONE', #890, #4684, #4602 ) ;
#2574 = CARTESIAN_POINT ( 'NONE',  ( -2.327987543480847164E-14, -190.0946089192151192, 88.90489066047071276 ) ) ;
#2575 = CARTESIAN_POINT ( 'NONE',  ( -76.10260420397416681, 115.9122964841513550, 24.90017521838897707 ) ) ;
#2576 = ORIENTED_EDGE ( 'NONE', *, *, #4569, .T. ) ;
#2577 = ORIENTED_EDGE ( 'NONE', *, *, #6580, .T. ) ;
#2578 = ORIENTED_EDGE ( 'NONE', *, *, #1995, .T. ) ;
#2579 = CARTESIAN_POINT ( 'NONE',  ( -73.32289373656698217, 116.1305154506932951, 22.02450959903443461 ) ) ;
#2580 = CIRCLE ( 'NONE', #1166, 289.3257808412388954 ) ;
#2581 = EDGE_LOOP ( 'NONE', ( #3174, #6665 ) ) ;
#2582 = CARTESIAN_POINT ( 'NONE',  ( 88.47315653656002610, -101.1271242968677768, 21.32969249565514858 ) ) ;
#2583 = DIRECTION ( 'NONE',  ( 1.000000000000000000, 0.000000000000000000, 0.000000000000000000 ) ) ;
#2584 = VECTOR ( 'NONE', #7821, 1000.000000000000000 ) ;
#2585 = CARTESIAN_POINT ( 'NONE',  ( -124.7741915107249753, 24.81873537616407788, 19.74682999303022513 ) ) ;
#2586 = DIRECTION ( 'NONE',  ( -0.000000000000000000, -0.000000000000000000, 1.000000000000000000 ) ) ;
#2587 = CARTESIAN_POINT ( 'NONE',  ( 0.000000000000000000, 0.000000000000000000, 20.21482714528789870 ) ) ;
#2588 = CARTESIAN_POINT ( 'NONE',  ( 392.1568789826376360, 196.0784394913188748, -92.26983495602146945 ) ) ;
#2589 = CIRCLE ( 'NONE', #4267, 6.350000000000001421 ) ;
#2590 = CARTESIAN_POINT ( 'NONE',  ( 0.000000000000000000, 175.0999999999999943, -65.77070040501132553 ) ) ;
#2591 = DIRECTION ( 'NONE',  ( -0.000000000000000000, -0.000000000000000000, 1.000000000000000000 ) ) ;
#2592 = ORIENTED_EDGE ( 'NONE', *, *, #172, .F. ) ;
#2593 = AXIS2_PLACEMENT_3D ( 'NONE', #6476, #2095, #924 ) ;
#2594 = CARTESIAN_POINT ( 'NONE',  ( 175.0999999999999943, 0.000000000000000000, -65.77070040501132553 ) ) ;
#2595 = CARTESIAN_POINT ( 'NONE',  ( 0.000000000000000000, 191.8051228250735676, 99.50000000000000000 ) ) ;
#2596 = EDGE_CURVE ( 'NONE', #2817, #6179, #4840, .T. ) ;
#2597 = DIRECTION ( 'NONE',  ( 1.000000000000000000, 0.000000000000000000, 0.000000000000000000 ) ) ;
#2598 = CARTESIAN_POINT ( 'NONE',  ( -88.47315653655857659, -101.1271242968688426, 21.32969249565511660 ) ) ;
#2599 = CARTESIAN_POINT ( 'NONE',  ( -59.76525782205693105, -107.2448971580947727, 21.86299596820718349 ) ) ;
#2600 = VECTOR ( 'NONE', #3568, 1000.000000000000000 ) ;
#2601 = CC_DESIGN_DATE_AND_TIME_ASSIGNMENT ( #6316, #2067, ( #5307 ) ) ;
#2602 = EDGE_CURVE ( 'NONE', #2081, #5519, #4750, .T. ) ;
#2603 = CARTESIAN_POINT ( 'NONE',  ( -133.3340123939553337, 42.67753890263272609, 22.64488073073606600 ) ) ;
#2604 = ORIENTED_EDGE ( 'NONE', *, *, #1138, .T. ) ;
#2605 = AXIS2_PLACEMENT_3D ( 'NONE', #5542, #671, #3118 ) ;
#2606 = ORIENTED_EDGE ( 'NONE', *, *, #7675, .T. ) ;
#2607 = ORIENTED_EDGE ( 'NONE', *, *, #2754, .T. ) ;
#2608 = CARTESIAN_POINT ( 'NONE',  ( 73.47315653656002610, -101.1271242968677768, 21.86299596820718349 ) ) ;
#2609 = DIRECTION ( 'NONE',  ( 1.000000000000000000, 0.000000000000000000, 0.000000000000000000 ) ) ;
#2610 = CARTESIAN_POINT ( 'NONE',  ( 10.13372410079568731, 136.0922294815581495, 24.38778893334842834 ) ) ;
#2611 = CARTESIAN_POINT ( 'NONE',  ( 73.47315653656002610, -101.1271242968677768, 14.49999999999999822 ) ) ;
#2612 = EDGE_CURVE ( 'NONE', #3677, #2536, #2015, .T. ) ;
#2613 = EDGE_CURVE ( 'NONE', #5722, #5112, #6304, .T. ) ;
#2614 = CARTESIAN_POINT ( 'NONE',  ( 0.000000000000000000, 322.5000000000000000, -83.74324804101253505 ) ) ;
#2615 = CARTESIAN_POINT ( 'NONE',  ( 4.802536666097032677E-14, 196.0784394913188748, 92.26983495602148366 ) ) ;
#2616 = ORIENTED_EDGE ( 'NONE', *, *, #7275, .F. ) ;
#2617 = ORIENTED_EDGE ( 'NONE', *, *, #4327, .F. ) ;
#2618 = VERTEX_POINT ( 'NONE', #2656 ) ;
#2619 = CARTESIAN_POINT ( 'NONE',  ( -70.15856825405752772, 115.8241163844287627, 21.57389462332837127 ) ) ;
#2620 = ORIENTED_EDGE ( 'NONE', *, *, #6372, .T. ) ;
#2621 = CARTESIAN_POINT ( 'NONE',  ( -14.95255870433315870, -123.7684394497850917, 21.96305253436023364 ) ) ;
#2622 = CARTESIAN_POINT ( 'NONE',  ( -85.83728825198866730, -92.62842147921833202, 19.61919861806497423 ) ) ;
#2623 = EDGE_CURVE ( 'NONE', #7087, #3880, #6709, .T. ) ;
#2624 = CARTESIAN_POINT ( 'NONE',  ( 112.9565344372057751, 52.41018253674320704, 21.95160548849212390 ) ) ;
#2625 = ORIENTED_EDGE ( 'NONE', *, *, #1174, .F. ) ;
#2626 = CARTESIAN_POINT ( 'NONE',  ( 0.000000000000000000, 0.000000000000000000, 24.55361931221464289 ) ) ;
#2627 = CARTESIAN_POINT ( 'NONE',  ( 3.810577907821122701E-14, -311.1572994331259565, -90.05439378584783583 ) ) ;
#2628 = DIRECTION ( 'NONE',  ( 0.000000000000000000, 0.000000000000000000, -1.000000000000000000 ) ) ;
#2629 = DIRECTION ( 'NONE',  ( 1.000000000000000000, 0.000000000000000000, 0.000000000000000000 ) ) ;
#2630 = DATE_AND_TIME ( #7671, #6231 ) ;
#2631 = CARTESIAN_POINT ( 'NONE',  ( 0.000000000000000000, 316.6339013798285578, -81.46200492995686204 ) ) ;
#2632 = CARTESIAN_POINT ( 'NONE',  ( 128.5853849348585811, -27.11541506866690199, 23.20689294299713978 ) ) ;
#2633 = CARTESIAN_POINT ( 'NONE',  ( 122.2006631523987465, 0.000000000000000000, 21.86299596820717639 ) ) ;
#2634 = FACE_OUTER_BOUND ( 'NONE', #2581, .T. ) ;
#2635 = CARTESIAN_POINT ( 'NONE',  ( -2.282063934031823528E-14, -186.3446616298417950, 85.37267775845593576 ) ) ;
#2636 = CARTESIAN_POINT ( 'NONE',  ( 62.63638726764057907, 111.5612836032010762, 22.39649104967459792 ) ) ;
#2637 = CYLINDRICAL_SURFACE ( 'NONE', #1407, 180.1000000000000227 ) ;
#2638 = ADVANCED_FACE ( 'NONE', ( #6931 ), #2053, .T. ) ;
#2639 = ORIENTED_EDGE ( 'NONE', *, *, #2047, .T. ) ;
#2640 = B_SPLINE_CURVE_WITH_KNOTS ( 'NONE', 3,
 ( #6253, #4225, #6219, #1163, #7969, #2403, #4988, #7488 ),
 .UNSPECIFIED., .F., .F.,
 ( 4, 2, 2, 4 ),
 ( 9.134320353934126755E-07, 0.003151723122927748214, 0.004727127968373902138, 0.006302532813820056930 ),
 .UNSPECIFIED. ) ;
#2641 = ORIENTED_EDGE ( 'NONE', *, *, #5881, .F. ) ;
#2642 = ORIENTED_EDGE ( 'NONE', *, *, #6676, .T. ) ;
#2643 = CARTESIAN_POINT ( 'NONE',  ( -172.5999999999999943, 2.113740375328331876E-14, 35.77057939344513215 ) ) ;
#2644 = CARTESIAN_POINT ( 'NONE',  ( 0.000000000000000000, 0.000000000000000000, 21.60089406756696206 ) ) ;
#2645 = FACE_OUTER_BOUND ( 'NONE', #2220, .T. ) ;
#2646 = LINE ( 'NONE', #1481, #5018 ) ;
#2647 = CARTESIAN_POINT ( 'NONE',  ( 644.9999999999998863, -322.4999999999999432, -83.74324804101253505 ) ) ;
#2648 = EDGE_CURVE ( 'NONE', #2113, #7096, #5162, .T. ) ;
#2649 = CARTESIAN_POINT ( 'NONE',  ( 372.6893232596835333, -186.3446616298418519, 85.37267775845593576 ) ) ;
#2650 = EDGE_LOOP ( 'NONE', ( #2639, #7657, #1253, #2564, #6384, #3516, #3797, #2496 ) ) ;
#2651 = ADVANCED_FACE ( 'NONE', ( #804, #3225 ), #4523, .F. ) ;
#2652 = ORIENTED_EDGE ( 'NONE', *, *, #7127, .T. ) ;
#2653 = EDGE_CURVE ( 'NONE', #1990, #1028, #2683, .T. ) ;
#2654 = CARTESIAN_POINT ( 'NONE',  ( 0.000000000000000000, 199.3997270441714136, 93.38869490038416643 ) ) ;
#2655 = CARTESIAN_POINT ( 'NONE',  ( 73.32289373656783482, -116.1305154506927266, 22.02450959903442751 ) ) ;
#2656 = CARTESIAN_POINT ( 'NONE',  ( 103.1248389675219101, 0.000000000000000000, 21.86299596820717994 ) ) ;
#2657 = CARTESIAN_POINT ( 'NONE',  ( -59.55032408116457532, 106.7087671033373510, 21.86299596820718349 ) ) ;
#2658 = CARTESIAN_POINT ( 'NONE',  ( 111.8969882822043473, 51.91433173277743407, 21.87943822414527872 ) ) ;
#2659 = AXIS2_PLACEMENT_3D ( 'NONE', #4390, #6884, #6759 ) ;
#2660 = ORIENTED_EDGE ( 'NONE', *, *, #549, .F. ) ;
#2661 = EDGE_CURVE ( 'NONE', #3145, #4864, #2094, .T. ) ;
#2662 = DIRECTION ( 'NONE',  ( 1.000000000000000000, 0.000000000000000000, 0.000000000000000000 ) ) ;
#2663 = ORIENTED_EDGE ( 'NONE', *, *, #6580, .F. ) ;
#2664 = CARTESIAN_POINT ( 'NONE',  ( 0.000000000000000000, 0.000000000000000000, -63.72929959498868868 ) ) ;
#2665 = CARTESIAN_POINT ( 'NONE',  ( 63.48971720767278271, 112.3222544509351195, 22.64930167012784423 ) ) ;
#2666 = CARTESIAN_POINT ( 'NONE',  ( 2.378106221820647298E-14, -180.1000000000000227, -65.77070040501132553 ) ) ;
#2667 = AXIS2_PLACEMENT_3D ( 'NONE', #7183, #3603, #4078 ) ;
#2668 = CARTESIAN_POINT ( 'NONE',  ( 0.000000000000000000, 293.3910926900519485, -94.50000000000000000 ) ) ;
#2669 = CARTESIAN_POINT ( 'NONE',  ( 2.327987543480847164E-14, -190.0946089192151192, -88.90489066047071276 ) ) ;
#2670 = VECTOR ( 'NONE', #7336, 1000.000000000000000 ) ;
#2671 = EDGE_LOOP ( 'NONE', ( #5687, #1614, #209, #5232 ) ) ;
#2672 = CARTESIAN_POINT ( 'NONE',  ( 0.000000000000000000, 0.000000000000000000, 21.60089406756696206 ) ) ;
#2673 = CARTESIAN_POINT ( 'NONE',  ( 0.000000000000000000, 0.000000000000000000, 51.86299596820718705 ) ) ;
#2674 = DIRECTION ( 'NONE',  ( 1.000000000000000000, 0.000000000000000000, 0.000000000000000000 ) ) ;
#2675 = CARTESIAN_POINT ( 'NONE',  ( 0.000000000000000000, 0.000000000000000000, 35.77057939344513215 ) ) ;
#2676 = DIRECTION ( 'NONE',  ( -0.000000000000000000, -0.000000000000000000, 1.000000000000000000 ) ) ;
#2677 = CIRCLE ( 'NONE', #5509, 1.500000000000001332 ) ;
#2678 = CARTESIAN_POINT ( 'NONE',  ( -69.69105071981573474, 115.6600611394929388, 24.05275809287257971 ) ) ;
#2679 = ORIENTED_EDGE ( 'NONE', *, *, #7675, .F. ) ;
#2680 = ORIENTED_EDGE ( 'NONE', *, *, #586, .T. ) ;
#2681 = DIRECTION ( 'NONE',  ( 0.000000000000000000, 0.000000000000000000, -1.000000000000000000 ) ) ;
#2682 = AXIS2_PLACEMENT_3D ( 'NONE', #5782, #5095, #6366 ) ;
#2683 = CIRCLE ( 'NONE', #5906, 162.5999999999999943 ) ;
#2684 = CARTESIAN_POINT ( 'NONE',  ( 2.348935297277912938E-14, -191.8051228250735676, -99.50000000000000000 ) ) ;
#2685 = LINE ( 'NONE', #5105, #6317 ) ;
#2686 = CARTESIAN_POINT ( 'NONE',  ( 120.5189477612574223, 23.70330635485863624, 19.36299596820717994 ) ) ;
#2687 = CARTESIAN_POINT ( 'NONE',  ( 5.012825333747067744E-14, 204.6641259029620414, 94.36274905517983314 ) ) ;
#2688 = AXIS2_PLACEMENT_3D ( 'NONE', #4003, #7148, #2780 ) ;
#2689 = ORIENTED_EDGE ( 'NONE', *, *, #2898, .F. ) ;
#2690 = DIRECTION ( 'NONE',  ( 1.000000000000000000, 0.000000000000000000, 0.000000000000000000 ) ) ;
#2691 = VERTEX_POINT ( 'NONE', #4561 ) ;
#2692 = B_SPLINE_CURVE_WITH_KNOTS ( 'NONE', 3,
 ( #2504, #1422, #4321, #6147, #5533, #4929, #4363, #7423 ),
 .UNSPECIFIED., .F., .F.,
 ( 4, 2, 2, 4 ),
 ( 9.257435879150050302E-07, 0.002844151326050107977, 0.004265764117281183911, 0.005687376908512260278 ),
 .UNSPECIFIED. ) ;
#2693 = EDGE_LOOP ( 'NONE', ( #7937, #151, #3490, #564 ) ) ;
#2694 = CARTESIAN_POINT ( 'NONE',  ( -2.463128316362707909E-14, -201.1296904607625322, 93.80705434439103385 ) ) ;
#2695 = EDGE_CURVE ( 'NONE', #2164, #3029, #1741, .T. ) ;
#2696 = CARTESIAN_POINT ( 'NONE',  ( -5.057017808892775858E-14, 206.4684206259987889, -94.49999999999997158 ) ) ;
#2697 = AXIS2_PLACEMENT_3D ( 'NONE', #6302, #4478, #5199 ) ;
#2698 = CIRCLE ( 'NONE', #4378, 129.5927812626564162 ) ;
#2699 = DIRECTION ( 'NONE',  ( -0.000000000000000000, -0.000000000000000000, 1.000000000000000000 ) ) ;
#2700 = CARTESIAN_POINT ( 'NONE',  ( 3.635621913427965235E-14, -296.8710583295711558, -94.26337537733878946 ) ) ;
#2701 = TOROIDAL_SURFACE ( 'NONE', #4385, 168.5999999999999943, 4.000000000000000000 ) ;
#2702 = DIRECTION ( 'NONE',  ( -0.000000000000000000, -0.000000000000000000, 1.000000000000000000 ) ) ;
#2703 = AXIS2_PLACEMENT_3D ( 'NONE', #39, #4901, #7356 ) ;
#2704 = ORIENTED_EDGE ( 'NONE', *, *, #5173, .T. ) ;
#2705 = DIRECTION ( 'NONE',  ( 1.000000000000000000, 0.000000000000000000, 0.000000000000000000 ) ) ;
#2706 = CARTESIAN_POINT ( 'NONE',  ( 117.3856248595702851, -53.55229325042120792, 22.64930167012784068 ) ) ;
#2707 = AXIS2_PLACEMENT_3D ( 'NONE', #5090, #3271, #4971 ) ;
#2708 = B_SPLINE_CURVE_WITH_KNOTS ( 'NONE', 3,
 ( #5820, #6938, #1383, #3270 ),
 .UNSPECIFIED., .F., .F.,
 ( 4, 4 ),
 ( 9.262285649346923689E-07, 0.003860721511463813260 ),
 .UNSPECIFIED. ) ;
#2709 = EDGE_CURVE ( 'NONE', #5653, #2113, #4494, .T. ) ;
#2710 = DIRECTION ( 'NONE',  ( -0.000000000000000000, -0.000000000000000000, 1.000000000000000000 ) ) ;
#2711 = CARTESIAN_POINT ( 'NONE',  ( 121.9863351896047305, 53.31114427944368828, 21.04019042780116067 ) ) ;
#2712 = CARTESIAN_POINT ( 'NONE',  ( -322.5000000000000000, 3.949485927250214208E-14, 99.49999999999995737 ) ) ;
#2713 = CARTESIAN_POINT ( 'NONE',  ( -633.2678027596570018, 316.6339013798285009, 81.46200492995686204 ) ) ;
#2714 = CARTESIAN_POINT ( 'NONE',  ( 61.87489486431710617, 110.7094663667930234, 22.19918230238160461 ) ) ;
#2715 = EDGE_CURVE ( 'NONE', #608, #2462, #131, .T. ) ;
#2716 = AXIS2_PLACEMENT_3D ( 'NONE', #5788, #5219, #2271 ) ;
#2717 = CARTESIAN_POINT ( 'NONE',  ( 0.000000000000000000, 0.000000000000000000, 45.77070040501133974 ) ) ;
#2718 = ORIENTED_EDGE ( 'NONE', *, *, #1072, .F. ) ;
#2719 = ORIENTED_EDGE ( 'NONE', *, *, #1187, .T. ) ;
#2720 = ORIENTED_EDGE ( 'NONE', *, *, #2, .F. ) ;
#2721 = CARTESIAN_POINT ( 'NONE',  ( 133.7500210402807852, -40.67800647828363481, 22.59850675687060217 ) ) ;
#2722 = CARTESIAN_POINT ( 'NONE',  ( 14.65710448143376787, 128.1889321442034770, 22.64930167012784423 ) ) ;
#2723 = CARTESIAN_POINT ( 'NONE',  ( 13.61095845150981631, 131.3589439601643676, 23.35877288779957084 ) ) ;
#2724 = CARTESIAN_POINT ( 'NONE',  ( 0.000000000000000000, 0.000000000000000000, 99.49999999999995737 ) ) ;
#2725 = CARTESIAN_POINT ( 'NONE',  ( 578.6515616824776771, -289.3257808412388385, -99.49999999999998579 ) ) ;
#2726 = DIRECTION ( 'NONE',  ( 0.000000000000000000, -1.000000000000000000, 0.000000000000000000 ) ) ;
#2727 = EDGE_LOOP ( 'NONE', ( #7055, #4835, #556, #3569 ) ) ;
#2728 = ORIENTED_EDGE ( 'NONE', *, *, #4576, .F. ) ;
#2729 = ORIENTED_EDGE ( 'NONE', *, *, #3182, .T. ) ;
#2730 = CARTESIAN_POINT ( 'NONE',  ( -65.03282870359331014, 113.6062523711833734, 20.52067958591127450 ) ) ;
#2731 = CARTESIAN_POINT ( 'NONE',  ( 363.5998126646221635, -181.7999063323110818, -77.29528289382909634 ) ) ;
#2732 = CARTESIAN_POINT ( 'NONE',  ( -14.54461539145625260, -121.3320082995440856, 21.86299596820718349 ) ) ;
#2733 = DIRECTION ( 'NONE',  ( 0.000000000000000000, 0.000000000000000000, -1.000000000000000000 ) ) ;
#2734 = CARTESIAN_POINT ( 'NONE',  ( -63.48971720767440985, 112.3222544509342100, 22.64930167012784423 ) ) ;
#2735 = EDGE_LOOP ( 'NONE', ( #5561, #4763, #2380, #1268, #5676 ) ) ;
#2736 = EDGE_CURVE ( 'NONE', #3868, #1028, #6970, .T. ) ;
#2737 = CARTESIAN_POINT ( 'NONE',  ( -121.1597483637805794, 23.74638253043644553, 19.36299596820718349 ) ) ;
#2738 = ORIENTED_EDGE ( 'NONE', *, *, #2085, .T. ) ;
#2739 = DIRECTION ( 'NONE',  ( 1.000000000000000000, 0.000000000000000000, 0.000000000000000000 ) ) ;
#2740 = DIRECTION ( 'NONE',  ( -0.000000000000000000, -0.000000000000000000, 1.000000000000000000 ) ) ;
#2741 = CARTESIAN_POINT ( 'NONE',  ( -172.6000000000000512, 2.113740375328332822E-14, -65.22929959498868868 ) ) ;
#2742 = CARTESIAN_POINT ( 'NONE',  ( 130.3798681532767034, -28.98829331425390521, 23.70955109509940684 ) ) ;
#2743 = EDGE_CURVE ( 'NONE', #1285, #7656, #3456, .T. ) ;
#2744 = CARTESIAN_POINT ( 'NONE',  ( 125.8032966579550873, 51.97366366709830743, 21.73803750037582816 ) ) ;
#2745 = EDGE_CURVE ( 'NONE', #2691, #1226, #1014, .T. ) ;
#2746 = DIRECTION ( 'NONE',  ( -1.000000000000000000, 0.000000000000000000, 0.000000000000000000 ) ) ;
#2747 = CARTESIAN_POINT ( 'NONE',  ( -3.842272632720390632E-14, -313.7453701259441345, 87.70311822632901055 ) ) ;
#2748 = CARTESIAN_POINT ( 'NONE',  ( -2.327987543480847164E-14, -190.0946089192151192, 88.90489066047071276 ) ) ;
#2749 = DIRECTION ( 'NONE',  ( -1.000000000000000000, -1.224646799147354193E-16, 0.000000000000000000 ) ) ;
#2750 = EDGE_LOOP ( 'NONE', ( #5185, #2090, #957, #4907 ) ) ;
#2751 = CARTESIAN_POINT ( 'NONE',  ( 54.35287990626782317, 17.66032122852886133, -3.460512242138308103 ) ) ;
#2752 = ORIENTED_EDGE ( 'NONE', *, *, #3408, .T. ) ;
#2753 = ORIENTED_EDGE ( 'NONE', *, *, #2841, .T. ) ;
#2754 = EDGE_CURVE ( 'NONE', #1512, #7988, #124, .T. ) ;
#2755 = CARTESIAN_POINT ( 'NONE',  ( 129.8390855117710316, -48.88420537693240675, 22.35037841255362423 ) ) ;
#2756 = CARTESIAN_POINT ( 'NONE',  ( -14.80881302726064241, -122.5341668240034636, 19.38020680584498479 ) ) ;
#2757 = DIRECTION ( 'NONE',  ( -0.000000000000000000, -0.000000000000000000, 1.000000000000000000 ) ) ;
#2758 = CARTESIAN_POINT ( 'NONE',  ( 73.96145474918206730, 116.1365626697256630, 24.67263109594927073 ) ) ;
#2759 = CARTESIAN_POINT ( 'NONE',  ( -3.887423600940240503E-14, -317.4322264710784793, 74.34416061146623633 ) ) ;
#2760 = CARTESIAN_POINT ( 'NONE',  ( -68.81411613939509664, -115.4024359225760747, 21.32854224569913626 ) ) ;
#2761 = ORIENTED_EDGE ( 'NONE', *, *, #6062, .T. ) ;
#2762 = ORIENTED_EDGE ( 'NONE', *, *, #2709, .T. ) ;
#2763 = EDGE_LOOP ( 'NONE', ( #4946, #6347 ) ) ;
#2764 = CARTESIAN_POINT ( 'NONE',  ( 0.000000000000000000, 206.4684206259987889, 94.49999999999997158 ) ) ;
#2765 = CARTESIAN_POINT ( 'NONE',  ( 2.463128316362707909E-14, -201.1296904607625322, -93.80705434439103385 ) ) ;
#2766 = CARTESIAN_POINT ( 'NONE',  ( -398.7994540883427135, -199.3997270441714704, -93.38869490038415222 ) ) ;
#2767 = CARTESIAN_POINT ( 'NONE',  ( -3.707820078507285874E-14, -302.7664859034306346, 93.41442136824588260 ) ) ;
#2768 = CARTESIAN_POINT ( 'NONE',  ( 630.3439131643129940, 315.1719565821565538, -85.51580406433575376 ) ) ;
#2769 = CARTESIAN_POINT ( 'NONE',  ( -7.186009251224329961E-14, 293.3910926900519485, -94.50000000000000000 ) ) ;
#2770 = VERTEX_POINT ( 'NONE', #5809 ) ;
#2771 = CARTESIAN_POINT ( 'NONE',  ( 0.000000000000000000, 199.3997270441714136, 93.38869490038416643 ) ) ;
#2772 = ORIENTED_EDGE ( 'NONE', *, *, #204, .T. ) ;
#2773 = DIRECTION ( 'NONE',  ( -0.000000000000000000, -0.000000000000000000, 1.000000000000000000 ) ) ;
#2774 = ORIENTED_EDGE ( 'NONE', *, *, #5071, .F. ) ;
#2775 = CARTESIAN_POINT ( 'NONE',  ( 112.9537679535751948, -52.41805723516336712, 21.94747966472845491 ) ) ;
#2776 = CARTESIAN_POINT ( 'NONE',  ( -125.9551015717463542, 25.38730177116050868, 22.52407355062663541 ) ) ;
#2777 = AXIS2_PLACEMENT_3D ( 'NONE', #3494, #5914, #4141 ) ;
#2778 = CARTESIAN_POINT ( 'NONE',  ( 2.205588885264383868E-14, -180.1000000000000512, -68.44440677895181580 ) ) ;
#2779 = CARTESIAN_POINT ( 'NONE',  ( 127.5323576541126442, 50.89233541446126452, 22.01760985240179380 ) ) ;
#2780 = DIRECTION ( 'NONE',  ( 0.000000000000000000, 0.000000000000000000, -1.000000000000000000 ) ) ;
#2781 = CARTESIAN_POINT ( 'NONE',  ( -627.4907402518880417, 313.7453701259440777, 87.70311822632901055 ) ) ;
#2782 = TOROIDAL_SURFACE ( 'NONE', #3045, 122.2006631523987323, 30.00000000000000711 ) ;
#2783 = CARTESIAN_POINT ( 'NONE',  ( -73.47315653655857659, -101.1271242968688426, 19.36299596820718705 ) ) ;
#2784 = EDGE_CURVE ( 'NONE', #5981, #3887, #5518, .T. ) ;
#2785 = DIRECTION ( 'NONE',  ( -1.000000000000000000, 0.000000000000000000, 0.000000000000000000 ) ) ;
#2786 = CARTESIAN_POINT ( 'NONE',  ( 0.000000000000000000, 0.000000000000000000, 21.86299596820717639 ) ) ;
#2787 = EDGE_CURVE ( 'NONE', #1679, #407, #7269, .T. ) ;
#2788 = EDGE_CURVE ( 'NONE', #1919, #143, #4232, .T. ) ;
#2789 = ORIENTED_EDGE ( 'NONE', *, *, #2451, .T. ) ;
#2790 = CARTESIAN_POINT ( 'NONE',  ( -133.3064720318475054, 42.77670235974648705, 25.21309805608189691 ) ) ;
#2791 = TOROIDAL_SURFACE ( 'NONE', #240, 122.2006631523987323, 30.00000000000000711 ) ;
#2792 = ORIENTED_EDGE ( 'NONE', *, *, #7330, .F. ) ;
#2793 = VERTEX_POINT ( 'NONE', #7696 ) ;
#2794 = CARTESIAN_POINT ( 'NONE',  ( -111.9847073905800272, 51.96222909319301664, 19.38097781920489382 ) ) ;
#2795 = CARTESIAN_POINT ( 'NONE',  ( 0.000000000000000000, 0.000000000000000000, 35.77057939344513215 ) ) ;
#2796 = CARTESIAN_POINT ( 'NONE',  ( 74.67805283079954393, 116.0958347952626042, 24.75480553837167363 ) ) ;
#2797 = AXIS2_PLACEMENT_3D ( 'NONE', #260, #223, #7669 ) ;
#2798 = CARTESIAN_POINT ( 'NONE',  ( 634.6749012020572991, 317.3374506010284790, 76.28597499736081033 ) ) ;
#2799 = CARTESIAN_POINT ( 'NONE',  ( -83.77146625313957884, 112.0572911042124531, 25.19123078675148619 ) ) ;
#2800 = EDGE_CURVE ( 'NONE', #1723, #5713, #4365, .T. ) ;
#2801 = CARTESIAN_POINT ( 'NONE',  ( -644.9999999999998863, 322.5000000000000000, 83.74324804101253505 ) ) ;
#2802 = ORIENTED_EDGE ( 'NONE', *, *, #7983, .T. ) ;
#2803 = AXIS2_PLACEMENT_3D ( 'NONE', #1973, #7661, #97 ) ;
#2804 =( BOUNDED_SURFACE ( )  B_SPLINE_SURFACE ( 3, 3, ( 
 ( #468, #5339, #7838, #551 ),
 ( #7992, #1745, #1145, #6114 ),
 ( #2311, #2474, #7276, #7350 ),
 ( #7312, #4249, #6699, #584 ) ),
 .UNSPECIFIED., .F., .F., .F. ) 
 B_SPLINE_SURFACE_WITH_KNOTS ( ( 4, 4 ),
 ( 4, 4 ),
 ( 0.000000000000000000, 1.000000000000000000 ),
 ( 0.000000000000000000, 1.000000000000000000 ),
 .UNSPECIFIED. ) 
 GEOMETRIC_REPRESENTATION_ITEM ( )  RATIONAL_B_SPLINE_SURFACE ( (
 ( 1.000000000000000000, 0.3333333333333334259, 0.3333333333333334259, 1.000000000000000000),
 ( 1.000000000000000000, 0.3333333333333334259, 0.3333333333333334259, 1.000000000000000000),
 ( 1.000000000000000000, 0.3333333333333334259, 0.3333333333333334259, 1.000000000000000000),
 ( 1.000000000000000000, 0.3333333333333334259, 0.3333333333333334259, 1.000000000000000000) ) ) 
 REPRESENTATION_ITEM ( '' )  SURFACE ( )  );
#2805 = ORIENTED_EDGE ( 'NONE', *, *, #401, .F. ) ;
#2806 = CARTESIAN_POINT ( 'NONE',  ( -380.1892178384301815, 190.0946089192151192, 88.90489066047071276 ) ) ;
#2807 = LINE ( 'NONE', #4060, #1757 ) ;
#2808 = CARTESIAN_POINT ( 'NONE',  ( 366.6664699845586028, -183.3332349922792730, -80.88990889983972465 ) ) ;
#2809 = CARTESIAN_POINT ( 'NONE',  ( -382.9908494023661092, 191.4954247011829693, -89.88689247745783462 ) ) ;
#2810 = CARTESIAN_POINT ( 'NONE',  ( -3.869691853010713318E-14, -315.9843193731403517, 83.60197795724437242 ) ) ;
#2811 = CARTESIAN_POINT ( 'NONE',  ( 628.2854158553739126, 314.1427079276870131, -87.18980760446915212 ) ) ;
#2812 = CIRCLE ( 'NONE', #4883, 150.0999999999999375 ) ;
#2813 = CARTESIAN_POINT ( 'NONE',  ( -13.23651045542673188, -132.1070789005700021, 23.52365641188761458 ) ) ;
#2814 = ORIENTED_EDGE ( 'NONE', *, *, #1417, .T. ) ;
#2815 = CARTESIAN_POINT ( 'NONE',  ( 0.000000000000000000, 315.7362494641405988, -84.26865681888700976 ) ) ;
#2816 = CARTESIAN_POINT ( 'NONE',  ( -165.1000000000000227, 2.021891865392280515E-14, -55.72929959498868158 ) ) ;
#2817 = VERTEX_POINT ( 'NONE', #1693 ) ;
#2818 = DIRECTION ( 'NONE',  ( 0.000000000000000000, 0.000000000000000000, -1.000000000000000000 ) ) ;
#2819 = AXIS2_PLACEMENT_3D ( 'NONE', #6097, #6291, #600 ) ;
#2820 = CIRCLE ( 'NONE', #7894, 103.1248389675219101 ) ;
#2821 = DIRECTION ( 'NONE',  ( -0.000000000000000000, -0.000000000000000000, 1.000000000000000000 ) ) ;
#2822 = PLANE ( 'NONE',  #6471 ) ;
#2823 = CIRCLE ( 'NONE', #6466, 175.0999999999999943 ) ;
#2824 = CONICAL_SURFACE ( 'NONE', #4771, 147.5999999999999375, 0.7853981633974479459 ) ;
#2825 = LINE ( 'NONE', #3478, #5499 ) ;
#2826 = CARTESIAN_POINT ( 'NONE',  ( 133.4643900881165450, 42.17955377411973217, 22.63864877478940585 ) ) ;
#2827 = CARTESIAN_POINT ( 'NONE',  ( -168.6000000000000227, 2.064754503362437816E-14, -63.72929959498868868 ) ) ;
#2828 = CIRCLE ( 'NONE', #2707, 15.00000000000000000 ) ;
#2829 = CARTESIAN_POINT ( 'NONE',  ( 0.000000000000000000, 315.9843193731403517, 83.60197795724437242 ) ) ;
#2830 = CARTESIAN_POINT ( 'NONE',  ( 0.000000000000000000, 0.000000000000000000, 20.21482714528789870 ) ) ;
#2831 = FACE_OUTER_BOUND ( 'NONE', #3175, .T. ) ;
#2832 = CARTESIAN_POINT ( 'NONE',  ( 14.51664885225353707, -128.7771558215628431, 20.21482714528789870 ) ) ;
#2833 = VERTEX_POINT ( 'NONE', #1532 ) ;
#2834 = AXIS2_PLACEMENT_3D ( 'NONE', #6648, #3547, #6013 ) ;
#2835 = ADVANCED_FACE ( 'NONE', ( #2290 ), #5393, .T. ) ;
#2836 = ORIENTED_EDGE ( 'NONE', *, *, #4288, .T. ) ;
#2837 = ORIENTED_EDGE ( 'NONE', *, *, #2142, .F. ) ;
#2838 = CARTESIAN_POINT ( 'NONE',  ( -127.5675093747088482, 26.32855430465030011, 22.93690084375101534 ) ) ;
#2839 = DIRECTION ( 'NONE',  ( 1.000000000000000000, 0.000000000000000000, 0.000000000000000000 ) ) ;
#2840 = FACE_OUTER_BOUND ( 'NONE', #6015, .T. ) ;
#2841 = EDGE_CURVE ( 'NONE', #7115, #6128, #3968, .T. ) ;
#2842 = CARTESIAN_POINT ( 'NONE',  ( -133.3058168687564091, -42.77894681397911114, 25.21311275387520112 ) ) ;
#2843 = CIRCLE ( 'NONE', #5170, 4.000000000000003553 ) ;
#2844 = CARTESIAN_POINT ( 'NONE',  ( 633.8768442980408508, 316.9384221490202549, 79.84641328172391184 ) ) ;
#2845 = CARTESIAN_POINT ( 'NONE',  ( 4.411177770528766474E-14, 180.1000000000000227, 65.77070040501131132 ) ) ;
#2846 = AXIS2_PLACEMENT_3D ( 'NONE', #1193, #7883, #1029 ) ;
#2847 = ORIENTED_EDGE ( 'NONE', *, *, #1878, .T. ) ;
#2848 = EDGE_LOOP ( 'NONE', ( #5207, #3781, #5550, #886 ) ) ;
#2849 = DIRECTION ( 'NONE',  ( 1.000000000000000000, 0.000000000000000000, 0.000000000000000000 ) ) ;
#2850 = DIRECTION ( 'NONE',  ( 0.000000000000000000, -0.000000000000000000, 1.000000000000000000 ) ) ;
#2851 = ADVANCED_FACE ( 'NONE', ( #922 ), #3423, .F. ) ;
#2852 = CARTESIAN_POINT ( 'NONE',  ( -85.65956471859148280, -109.8805913101730738, 25.05505878143356213 ) ) ;
#2853 = ADVANCED_FACE ( 'NONE', ( #4109, #489 ), #1277, .F. ) ;
#2854 = CARTESIAN_POINT ( 'NONE',  ( -368.5037075968031104, 184.2518537984014699, -82.49406996101799905 ) ) ;
#2855 = CARTESIAN_POINT ( 'NONE',  ( -3.855874569634602512E-14, -314.8560525630094276, 86.09637062918555728 ) ) ;
#2856 = LOCAL_TIME ( 14, 52, 25.00000000000000000, #3792 ) ;
#2857 = CARTESIAN_POINT ( 'NONE',  ( 605.5329718068611555, 302.7664859034306346, -93.41442136824589682 ) ) ;
#2858 = CARTESIAN_POINT ( 'NONE',  ( -0.8631448254922374774, -140.0000745450444413, 25.21296409899155577 ) ) ;
#2859 = ORIENTED_EDGE ( 'NONE', *, *, #1337, .F. ) ;
#2860 = CARTESIAN_POINT ( 'NONE',  ( -118.8820645368943332, 38.62712429686809656, 19.36299596820718705 ) ) ;
#2861 = CARTESIAN_POINT ( 'NONE',  ( 0.000000000000000000, 175.0999999999999943, -65.77070040501132553 ) ) ;
#2862 = EDGE_LOOP ( 'NONE', ( #515, #2455, #3335, #2338 ) ) ;
#2863 = CARTESIAN_POINT ( 'NONE',  ( -8.562775584158108799, -137.3434906080082953, 22.08706194694355673 ) ) ;
#2864 = EDGE_CURVE ( 'NONE', #3177, #4427, #884, .T. ) ;
#2865 = DIRECTION ( 'NONE',  ( -0.000000000000000000, -0.000000000000000000, 1.000000000000000000 ) ) ;
#2866 = CARTESIAN_POINT ( 'NONE',  ( -122.1918212376929631, 23.95124193219402287, 21.93017248161363852 ) ) ;
#2867 = CARTESIAN_POINT ( 'NONE',  ( 88.33737340650903036, -99.04713919046523074, 23.51178674161459625 ) ) ;
#2868 = CARTESIAN_POINT ( 'NONE',  ( 124.8917095234053818, 52.40792890553127847, 21.58062702938775246 ) ) ;
#2869 = DIRECTION ( 'NONE',  ( 1.000000000000000000, 0.000000000000000000, 0.000000000000000000 ) ) ;
#2870 = CARTESIAN_POINT ( 'NONE',  ( -631.9686387462807033, -315.9843193731403517, 83.60197795724438663 ) ) ;
#2871 = LINE ( 'NONE', #7801, #6434 ) ;
#2872 = CARTESIAN_POINT ( 'NONE',  ( 646.7802735357106485, -323.3901367678554379, 99.49999999999998579 ) ) ;
#2873 = CARTESIAN_POINT ( 'NONE',  ( 165.0999999999999943, 0.000000000000000000, 56.27070040501133974 ) ) ;
#2874 = ORIENTED_EDGE ( 'NONE', *, *, #6382, .T. ) ;
#2875 = CARTESIAN_POINT ( 'NONE',  ( 61.04329776245457140, -109.5284249397058858, 22.03165578865295160 ) ) ;
#2876 = ORIENTED_EDGE ( 'NONE', *, *, #4201, .F. ) ;
#2877 = ORIENTED_EDGE ( 'NONE', *, *, #386, .T. ) ;
#2878 = CARTESIAN_POINT ( 'NONE',  ( 73.47315653655780920, 101.1271242968693826, 19.36299596820718705 ) ) ;
#2879 = FACE_OUTER_BOUND ( 'NONE', #3405, .T. ) ;
#2880 = DIRECTION ( 'NONE',  ( 1.000000000000000000, 0.000000000000000000, 0.000000000000000000 ) ) ;
#2881 = CARTESIAN_POINT ( 'NONE',  ( 83.08400613783628330, -89.61054624860851447, 21.86299596820718349 ) ) ;
#2882 = EDGE_CURVE ( 'NONE', #7656, #3993, #7102, .T. ) ;
#2883 = CARTESIAN_POINT ( 'NONE',  ( 7.739383706021426637E-14, 315.9843193731403517, 83.60197795724437242 ) ) ;
#2884 = CARTESIAN_POINT ( 'NONE',  ( 366.6664699845586597, 183.3332349922792446, 80.88990889983972465 ) ) ;
#2885 = ORIENTED_EDGE ( 'NONE', *, *, #2007, .T. ) ;
#2886 = ORIENTED_EDGE ( 'NONE', *, *, #7869, .F. ) ;
#2887 = CARTESIAN_POINT ( 'NONE',  ( 15.00000000000000355, -125.0000000000000284, 22.09155500234106029 ) ) ;
#2888 = DIRECTION ( 'NONE',  ( -0.000000000000000000, -0.000000000000000000, 1.000000000000000000 ) ) ;
#2889 = CARTESIAN_POINT ( 'NONE',  ( -80.21079223777101674, -114.5481602566100889, 25.17501330165615059 ) ) ;
#2890 = CARTESIAN_POINT ( 'NONE',  ( -4.490369188212488305E-14, 183.3332349922793298, -80.88990889983972465 ) ) ;
#2891 = DIRECTION ( 'NONE',  ( 1.000000000000000000, 0.000000000000000000, 0.000000000000000000 ) ) ;
#2892 = EDGE_CURVE ( 'NONE', #4435, #998, #7439, .T. ) ;
#2893 = CARTESIAN_POINT ( 'NONE',  ( 630.3439131643129940, -315.1719565821564970, -85.51580406433575376 ) ) ;
#2894 = DIRECTION ( 'NONE',  ( 0.000000000000000000, -1.000000000000000000, 0.000000000000000000 ) ) ;
#2895 = EDGE_CURVE ( 'NONE', #6689, #4071, #3203, .T. ) ;
#2896 = ORIENTED_EDGE ( 'NONE', *, *, #309, .F. ) ;
#2898 = EDGE_CURVE ( 'NONE', #6891, #2917, #4145, .T. ) ;
#2897 = DIRECTION ( 'NONE',  ( -0.000000000000000000, -0.000000000000000000, 1.000000000000000000 ) ) ;
#2899 = CARTESIAN_POINT ( 'NONE',  ( 0.000000000000000000, 0.000000000000000000, 51.86299596820718705 ) ) ;
#2900 = ORIENTED_EDGE ( 'NONE', *, *, #4688, .F. ) ;
#2901 = CARTESIAN_POINT ( 'NONE',  ( 4.507856193739216977, -139.3126514624617869, 22.50201237052075953 ) ) ;
#2902 = ORIENTED_EDGE ( 'NONE', *, *, #2457, .F. ) ;
#2903 = DIRECTION ( 'NONE',  ( 0.000000000000000000, 0.000000000000000000, -1.000000000000000000 ) ) ;
#2904 = CARTESIAN_POINT ( 'NONE',  ( -630.3439131643129940, -315.1719565821566107, -85.51580406433575376 ) ) ;
#2905 = EDGE_CURVE ( 'NONE', #3776, #1560, #3841, .T. ) ;
#2906 = DIRECTION ( 'NONE',  ( 1.000000000000000000, 0.000000000000000000, 0.000000000000000000 ) ) ;
#2907 = AXIS2_PLACEMENT_3D ( 'NONE', #3187, #4632, #3147 ) ;
#2908 = CARTESIAN_POINT ( 'NONE',  ( 84.55217709903050149, 91.01079809875292881, 21.93000304630662001 ) ) ;
#2909 = CARTESIAN_POINT ( 'NONE',  ( 0.000000000000000000, 0.000000000000000000, -57.77070040501133974 ) ) ;
#2910 = LINE ( 'NONE', #1303, #4118 ) ;
#2911 = CARTESIAN_POINT ( 'NONE',  ( 7.898971854500428416E-14, 322.5000000000000000, 65.77070040501132553 ) ) ;
#2912 = AXIS2_PLACEMENT_3D ( 'NONE', #2664, #6937, #7466 ) ;
#2913 = DIRECTION ( 'NONE',  ( -0.000000000000000000, -0.000000000000000000, 1.000000000000000000 ) ) ;
#2914 = ORIENTED_EDGE ( 'NONE', *, *, #5317, .T. ) ;
#2915 = CARTESIAN_POINT ( 'NONE',  ( 0.000000000000000000, 125.0000000000000000, -99.50000000000000000 ) ) ;
#2916 = CIRCLE ( 'NONE', #6690, 6.500000000000000000 ) ;
#2917 = VERTEX_POINT ( 'NONE', #5022 ) ;
#2918 = CARTESIAN_POINT ( 'NONE',  ( 117.9884619973343121, -53.60048312183677410, 20.21482714528789870 ) ) ;
#2919 = CARTESIAN_POINT ( 'NONE',  ( 0.000000000000000000, 175.1000000000000512, -65.22929959498868868 ) ) ;
#2920 = CARTESIAN_POINT ( 'NONE',  ( -12.32227107651577747, 133.5633391709907301, 21.27466393827407742 ) ) ;
#2921 = CARTESIAN_POINT ( 'NONE',  ( 68.33650439572500090, 115.2247663542527363, 23.80330341614080680 ) ) ;
#2922 = CARTESIAN_POINT ( 'NONE',  ( 610.3579730019846465, -305.1789865009923801, 92.80220189689723043 ) ) ;
#2923 = TOROIDAL_SURFACE ( 'NONE', #2281, 122.2006631523987323, 30.00000000000000711 ) ;
#2924 = CARTESIAN_POINT ( 'NONE',  ( -72.94889113380497747, -116.1221188741567403, 21.97630267479452826 ) ) ;
#2925 = ORIENTED_EDGE ( 'NONE', *, *, #557, .F. ) ;
#2926 = VERTEX_POINT ( 'NONE', #7524 ) ;
#2927 = CARTESIAN_POINT ( 'NONE',  ( 0.000000000000000000, 180.1000000000000512, 68.44440677895181580 ) ) ;
#2928 = AXIS2_PLACEMENT_3D ( 'NONE', #6225, #1297, #4837 ) ;
#2929 = FACE_BOUND ( 'NONE', #5677, .T. ) ;
#2930 = CARTESIAN_POINT ( 'NONE',  ( -79.22197292945702429, -114.9864567248565805, 25.12765102536988238 ) ) ;
#2931 = DIRECTION ( 'NONE',  ( -1.000000000000000000, 0.000000000000000000, 0.000000000000000000 ) ) ;
#2932 = CARTESIAN_POINT ( 'NONE',  ( -87.43752864693125559, 95.65023543885180857, 20.21482714528789870 ) ) ;
#2933 = CARTESIAN_POINT ( 'NONE',  ( 0.000000000000000000, 315.1719565821565538, -85.51580406433575376 ) ) ;
#2934 = FACE_OUTER_BOUND ( 'NONE', #5833, .T. ) ;
#2935 = VERTEX_POINT ( 'NONE', #4339 ) ;
#2936 = CARTESIAN_POINT ( 'NONE',  ( -133.8413093648305505, -37.35468231126257876, 22.40160817165243401 ) ) ;
#2937 = VERTEX_POINT ( 'NONE', #1953 ) ;
#2938 = EDGE_CURVE ( 'NONE', #787, #5722, #6829, .T. ) ;
#2939 = CARTESIAN_POINT ( 'NONE',  ( 84.66773648744428726, -91.13811325181178802, 19.43580925023873363 ) ) ;
#2940 = ORIENTED_EDGE ( 'NONE', *, *, #6676, .F. ) ;
#2941 = CIRCLE ( 'NONE', #4110, 322.5000000000000000 ) ;
#2942 = VECTOR ( 'NONE', #4479, 1000.000000000000000 ) ;
#2943 = APPROVAL ( #508, 'UNSPECIFIED' ) ;
#2944 = CARTESIAN_POINT ( 'NONE',  ( 111.4008004443700344, -51.63157705981680579, 21.86725839106813041 ) ) ;
#2945 = ADVANCED_FACE ( 'NONE', ( #5398 ), #5671, .F. ) ;
#2946 = CARTESIAN_POINT ( 'NONE',  ( -88.47315653655928713, 101.1271242968683453, 14.49999999999999822 ) ) ;
#2947 = B_SPLINE_CURVE_WITH_KNOTS ( 'NONE', 3,
 ( #1722, #4057, #6590, #5273, #4100, #4148 ),
 .UNSPECIFIED., .F., .F.,
 ( 4, 2, 4 ),
 ( 0.003860721511463785505, 0.005708666563737645368, 0.007556611616011505231 ),
 .UNSPECIFIED. ) ;
#2948 = AXIS2_PLACEMENT_3D ( 'NONE', #5796, #5837, #3970 ) ;
#2949 = DIRECTION ( 'NONE',  ( -0.000000000000000000, -0.000000000000000000, 1.000000000000000000 ) ) ;
#2950 = DIRECTION ( 'NONE',  ( 1.000000000000000000, 0.000000000000000000, 0.000000000000000000 ) ) ;
#2951 = CARTESIAN_POINT ( 'NONE',  ( 0.000000000000000000, 0.000000000000000000, 99.49999999999995737 ) ) ;
#2952 = CARTESIAN_POINT ( 'NONE',  ( -88.47315653655857659, -101.1271242968688426, 21.32969249565511660 ) ) ;
#2953 = DIRECTION ( 'NONE',  ( -0.000000000000000000, -0.000000000000000000, 1.000000000000000000 ) ) ;
#2954 = ADVANCED_FACE ( 'NONE', ( #5061 ), #7560, .F. ) ;
#2955 = CARTESIAN_POINT ( 'NONE',  ( 103.8820645368945605, -38.62712429686728655, 19.36299596820718705 ) ) ;
#2956 = CIRCLE ( 'NONE', #1418, 317.5000000000000000 ) ;
#2957 = CIRCLE ( 'NONE', #7508, 147.5999999999999375 ) ;
#2958 = CARTESIAN_POINT ( 'NONE',  ( 33.59192716851524096, -46.23532122852795112, 17.00000000000000000 ) ) ;
#2959 = ORIENTED_EDGE ( 'NONE', *, *, #2905, .T. ) ;
#2960 = CARTESIAN_POINT ( 'NONE',  ( -128.0858901579262010, 50.48314147206605185, 24.66984431522026355 ) ) ;
#2961 = AXIS2_PLACEMENT_3D ( 'NONE', #4613, #7188, #2749 ) ;
#2962 = EDGE_LOOP ( 'NONE', ( #5402, #6577 ) ) ;
#2963 = DIRECTION ( 'NONE',  ( -1.000000000000000000, 0.000000000000000000, 0.000000000000000000 ) ) ;
#2964 = B_SPLINE_CURVE_WITH_KNOTS ( 'NONE', 3,
 ( #2734, #1864, #6203, #4328, #885, #7013, #5579, #2006, #4563, #2657 ),
 .UNSPECIFIED., .F., .F.,
 ( 4, 2, 2, 2, 4 ),
 ( 9.138802968342028762E-07, 0.003474130793444992187, 0.004342435021732020221, 0.005210739250019048689, 0.006947347706593057920 ),
 .UNSPECIFIED. ) ;
#2965 = CARTESIAN_POINT ( 'NONE',  ( -8.568231509906288679, 137.3189319995265407, 22.08170501342971193 ) ) ;
#2966 = CARTESIAN_POINT ( 'NONE',  ( 0.000000000000000000, 0.000000000000000000, 21.60089406756696206 ) ) ;
#2967 = AXIS2_PLACEMENT_3D ( 'NONE', #855, #6991, #2674 ) ;
#2968 = CARTESIAN_POINT ( 'NONE',  ( 628.2854158553740263, 314.1427079276868426, 87.18980760446915212 ) ) ;
#2969 = CARTESIAN_POINT ( 'NONE',  ( -88.27762587697748131, -103.5665445104274340, 21.73103031739343294 ) ) ;
#2970 = ORIENTED_EDGE ( 'NONE', *, *, #7866, .F. ) ;
#2971 = ORIENTED_EDGE ( 'NONE', *, *, #3686, .T. ) ;
#2972 = CARTESIAN_POINT ( 'NONE',  ( -372.6893232596835333, -186.3446616298417382, 85.37267775845593576 ) ) ;
#2973 = AXIS2_PLACEMENT_3D ( 'NONE', #7135, #3466, #3589 ) ;
#2974 = CARTESIAN_POINT ( 'NONE',  ( 15.00000000000000355, 125.0000000000000000, -99.50000000000000000 ) ) ;
#2975 = DIRECTION ( 'NONE',  ( -1.000000000000000000, 0.000000000000000000, 0.000000000000000000 ) ) ;
#2976 = CARTESIAN_POINT ( 'NONE',  ( 15.00000000000000533, -124.6942762413332701, 22.05386980675383413 ) ) ;
#2977 = CARTESIAN_POINT ( 'NONE',  ( 88.47315653656002610, -101.1271242968677768, 23.89698163186449165 ) ) ;
#2978 = CARTESIAN_POINT ( 'NONE',  ( -645.0000000000000000, 322.4999999999998295, -65.77070040501132553 ) ) ;
#2979 = ORIENTED_EDGE ( 'NONE', *, *, #1337, .T. ) ;
#2980 = DIRECTION ( 'NONE',  ( 0.3090169943749452863, 0.9510565162951543083, 0.000000000000000000 ) ) ;
#2981 = VERTEX_POINT ( 'NONE', #2932 ) ;
#2982 = CARTESIAN_POINT ( 'NONE',  ( -9.858694591879530122, -136.3126499368055136, 21.86747161729664057 ) ) ;
#2983 = VERTEX_POINT ( 'NONE', #7296 ) ;
#2984 = CIRCLE ( 'NONE', #6092, 6.349999999999999645 ) ;
#2985 = CARTESIAN_POINT ( 'NONE',  ( 0.000000000000000000, 0.000000000000000000, 52.77070040501133263 ) ) ;
#2986 = CARTESIAN_POINT ( 'NONE',  ( -634.9999999999998863, -317.5000000000000000, -65.77070040501132553 ) ) ;
#2987 = EDGE_CURVE ( 'NONE', #2432, #7203, #893, .T. ) ;
#2988 = DIRECTION ( 'NONE',  ( -0.000000000000000000, -0.000000000000000000, 1.000000000000000000 ) ) ;
#2989 = CARTESIAN_POINT ( 'NONE',  ( -175.1000000000000227, 2.144356545307015978E-14, 35.77057939344513215 ) ) ;
#2990 = DIRECTION ( 'NONE',  ( -0.000000000000000000, -0.000000000000000000, 1.000000000000000000 ) ) ;
#2991 = LINE ( 'NONE', #7389, #1525 ) ;
#2992 = CARTESIAN_POINT ( 'NONE',  ( 68.14369042729101977, 115.1658761535490783, 21.20112052069012165 ) ) ;
#2993 = APPLICATION_PROTOCOL_DEFINITION ( 'international standard', 'config_control_design', 1994, #7426 ) ;
#2994 = FACE_OUTER_BOUND ( 'NONE', #5220, .T. ) ;
#2995 = ORIENTED_EDGE ( 'NONE', *, *, #1629, .T. ) ;
#2996 = DIRECTION ( 'NONE',  ( -0.000000000000000000, -0.000000000000000000, 1.000000000000000000 ) ) ;
#2997 = ADVANCED_FACE ( 'NONE', ( #5098 ), #6330, .T. ) ;
#2998 = EDGE_CURVE ( 'NONE', #2981, #3786, #4620, .T. ) ;
#2999 = EDGE_LOOP ( 'NONE', ( #2995, #5630 ) ) ;
#3000 = DIRECTION ( 'NONE',  ( -0.000000000000000000, -0.000000000000000000, 1.000000000000000000 ) ) ;
#3001 = CARTESIAN_POINT ( 'NONE',  ( -6.439950562660905042, 138.5721497924957077, 22.34662433800248849 ) ) ;
#3002 = CARTESIAN_POINT ( 'NONE',  ( -122.9705490051983219, -53.06808111718896726, 21.22843497229512266 ) ) ;
#3003 = CARTESIAN_POINT ( 'NONE',  ( 7.186009251224329961E-14, 293.3910926900519485, 94.50000000000000000 ) ) ;
#3004 = CARTESIAN_POINT ( 'NONE',  ( -88.47315653655859080, -101.8269750593172205, 21.45272060434213302 ) ) ;
#3005 = ADVANCED_FACE ( 'NONE', ( #3319 ), #5266, .F. ) ;
#3006 = VERTEX_POINT ( 'NONE', #3280 ) ;
#3007 = DIRECTION ( 'NONE',  ( -1.000000000000000000, 0.000000000000000000, 0.000000000000000000 ) ) ;
#3008 = DIRECTION ( 'NONE',  ( -0.000000000000000000, -0.000000000000000000, 1.000000000000000000 ) ) ;
#3009 = CARTESIAN_POINT ( 'NONE',  ( -65.73153115891956588, -114.0537056103132869, 23.25953562784550144 ) ) ;
#3010 = CARTESIAN_POINT ( 'NONE',  ( 0.000000000000000000, 314.1427079276870131, 87.18980760446915212 ) ) ;
#3011 = CARTESIAN_POINT ( 'NONE',  ( 0.000000000000000000, 0.000000000000000000, 21.86299596820717639 ) ) ;
#3012 = CARTESIAN_POINT ( 'NONE',  ( -646.7802735357106485, -323.3901367678554379, -99.49999999999998579 ) ) ;
#3013 = ORIENTED_EDGE ( 'NONE', *, *, #161, .T. ) ;
#3014 = CARTESIAN_POINT ( 'NONE',  ( -128.0125637026241066, -26.66076571772184778, 20.48713018743609382 ) ) ;
#3015 = EDGE_CURVE ( 'NONE', #5030, #2294, #5139, .T. ) ;
#3016 = CARTESIAN_POINT ( 'NONE',  ( 0.000000000000000000, 183.3332349922793298, 80.88990889983972465 ) ) ;
#3017 = VERTEX_POINT ( 'NONE', #5708 ) ;
#3018 = CARTESIAN_POINT ( 'NONE',  ( -61.01363997890020130, 109.5027031947897882, 19.51027244113049619 ) ) ;
#3019 = ORIENTED_EDGE ( 'NONE', *, *, #1040, .F. ) ;
#3020 = DIRECTION ( 'NONE',  ( -0.000000000000000000, -0.000000000000000000, 1.000000000000000000 ) ) ;
#3021 = CARTESIAN_POINT ( 'NONE',  ( -7.776507174585693267E-14, 317.5000000000000000, -65.77070040501132553 ) ) ;
#3022 = DIRECTION ( 'NONE',  ( 1.000000000000000000, 0.000000000000000000, 0.000000000000000000 ) ) ;
#3023 = CARTESIAN_POINT ( 'NONE',  ( 175.1000000000000227, 0.000000000000000000, 35.77057939344513215 ) ) ;
#3024 = CARTESIAN_POINT ( 'NONE',  ( -14.84835774021137667, 122.8499539518748804, 19.39817255921818884 ) ) ;
#3025 = CARTESIAN_POINT ( 'NONE',  ( 85.34285087178179197, 110.3255696616028132, 22.52418874135921101 ) ) ;
#3026 = DIRECTION ( 'NONE',  ( 0.000000000000000000, 0.000000000000000000, -1.000000000000000000 ) ) ;
#3027 = VERTEX_POINT ( 'NONE', #4544 ) ;
#3028 = CARTESIAN_POINT ( 'NONE',  ( 61.87395400826049041, -110.7078532292830459, 22.19904504115742228 ) ) ;
#3029 = VERTEX_POINT ( 'NONE', #1471 ) ;
#3030 = ADVANCED_FACE ( 'NONE', ( #6406 ), #518, .T. ) ;
#3031 = CARTESIAN_POINT ( 'NONE',  ( -15.00000000000000355, -124.9999999999999858, 22.09155500234106029 ) ) ;
#3032 = CIRCLE ( 'NONE', #7589, 170.0000000000000284 ) ;
#3033 = CARTESIAN_POINT ( 'NONE',  ( -634.9999999999998863, 317.5000000000000000, 65.77070040501132553 ) ) ;
#3034 = CARTESIAN_POINT ( 'NONE',  ( 85.65956471859070120, 109.8805913101736706, 25.05505878143355147 ) ) ;
#3035 = ADVANCED_FACE ( 'NONE', ( #197 ), #2637, .T. ) ;
#3036 = CARTESIAN_POINT ( 'NONE',  ( -3.783765040636914280E-14, -308.9678626744722578, 91.31556125657976963 ) ) ;
#3037 = CARTESIAN_POINT ( 'NONE',  ( -82.84686813369583547, -112.8430026656638177, 22.64317227294714030 ) ) ;
#3038 = AXIS2_PLACEMENT_3D ( 'NONE', #7366, #3691, #3042 ) ;
#3039 = ORIENTED_EDGE ( 'NONE', *, *, #1868, .F. ) ;
#3040 = VERTEX_POINT ( 'NONE', #5049 ) ;
#3041 = CARTESIAN_POINT ( 'NONE',  ( -3.960386958685788698E-14, -323.3901367678553811, 99.49999999999998579 ) ) ;
#3042 = DIRECTION ( 'NONE',  ( 1.000000000000000000, 0.000000000000000000, 0.000000000000000000 ) ) ;
#3043 = CARTESIAN_POINT ( 'NONE',  ( -8.090389354718883652, 137.6382843692635447, 24.71669552856026186 ) ) ;
#3044 = CARTESIAN_POINT ( 'NONE',  ( 125.9194693161212513, 25.32296507882406189, 19.94551134367879186 ) ) ;
#3045 = AXIS2_PLACEMENT_3D ( 'NONE', #4095, #6586, #7722 ) ;
#3046 = ADVANCED_FACE ( 'NONE', ( #6308 ), #3146, .F. ) ;
#3047 = CARTESIAN_POINT ( 'NONE',  ( 578.6515616824776771, 289.3257808412388954, -94.50000000000000000 ) ) ;
#3048 = CARTESIAN_POINT ( 'NONE',  ( 0.000000000000000000, 0.000000000000000000, 35.77057939344513215 ) ) ;
#3049 = EDGE_LOOP ( 'NONE', ( #4058, #6394, #6686, #3788 ) ) ;
#3050 = DIRECTION ( 'NONE',  ( 1.000000000000000000, 0.000000000000000000, 0.000000000000000000 ) ) ;
#3051 = CARTESIAN_POINT ( 'NONE',  ( 0.000000000000000000, 0.000000000000000000, 51.86299596820718705 ) ) ;
#3052 = CIRCLE ( 'NONE', #3822, 6.500000000000005329 ) ;
#3053 = ORIENTED_EDGE ( 'NONE', *, *, #6772, .F. ) ;
#3054 = DIRECTION ( 'NONE',  ( -0.000000000000000000, -0.000000000000000000, 1.000000000000000000 ) ) ;
#3055 = ORIENTED_EDGE ( 'NONE', *, *, #1377, .F. ) ;
#3056 = B_SPLINE_CURVE_WITH_KNOTS ( 'NONE', 3,
 ( #7941, #1805, #7409, #6886, #6173, #6761, #1882, #1332, #4349, #1289, #569, #3010, #3742, #5478, #2407, #684, #644, #1205, #3772, #4870, #6255, #1844, #717, #6221 ),
 .UNSPECIFIED., .F., .F.,
 ( 4, 2, 2, 2, 2, 2, 2, 2, 2, 2, 2, 4 ),
 ( 0.000000000000000000, 0.1250000000000009159, 0.2500000000000018319, 0.3750000000000027756, 0.4375000000000025535, 0.5000000000000023315, 0.5625000000000021094, 0.6250000000000018874, 0.6875000000000016653, 0.7500000000000014433, 0.8750000000000007772, 1.000000000000000000 ),
 .UNSPECIFIED. ) ;
#3057 = FACE_OUTER_BOUND ( 'NONE', #3778, .T. ) ;
#3058 = ADVANCED_FACE ( 'NONE', ( #144 ), #2306, .F. ) ;
#3059 = LINE ( 'NONE', #2946, #665 ) ;
#3060 = CIRCLE ( 'NONE', #2421, 6.349999999999999645 ) ;
#3061 = CARTESIAN_POINT ( 'NONE',  ( 87.21311362456752647, 95.07804656289333423, 20.08081817127979107 ) ) ;
#3062 = ORIENTED_EDGE ( 'NONE', *, *, #4890, .F. ) ;
#3063 = CARTESIAN_POINT ( 'NONE',  ( 0.000000000000000000, 0.000000000000000000, 37.11044636716696488 ) ) ;
#3064 = VECTOR ( 'NONE', #3240, 1000.000000000000000 ) ;
#3065 = AXIS2_PLACEMENT_3D ( 'NONE', #6969, #1491, #3943 ) ;
#3066 = FACE_OUTER_BOUND ( 'NONE', #1074, .T. ) ;
#3067 = DIRECTION ( 'NONE',  ( -0.8090169943749422332, -0.5877852522924803536, 0.000000000000000000 ) ) ;
#3068 = CARTESIAN_POINT ( 'NONE',  ( 0.000000000000000000, 0.000000000000000000, 5.382524305809773146 ) ) ;
#3069 = CARTESIAN_POINT ( 'NONE',  ( 82.27702471388387551, 113.2770288304436548, 22.64654850681174736 ) ) ;
#3070 = AXIS2_PLACEMENT_3D ( 'NONE', #7707, #4082, #4691 ) ;
#3071 = CARTESIAN_POINT ( 'NONE',  ( 175.0999999999999943, 0.000000000000000000, 35.77057939344513215 ) ) ;
#3072 = VERTEX_POINT ( 'NONE', #1976 ) ;
#3073 = FACE_OUTER_BOUND ( 'NONE', #1968, .T. ) ;
#3074 = ORIENTED_EDGE ( 'NONE', *, *, #71, .F. ) ;
#3075 = LINE ( 'NONE', #673, #6327 ) ;
#3076 = CIRCLE ( 'NONE', #6860, 165.0999999999999943 ) ;
#3077 = CARTESIAN_POINT ( 'NONE',  ( 5.267703911897036129, 139.0507678738989057, 22.44711014313678277 ) ) ;
#3078 = CARTESIAN_POINT ( 'NONE',  ( -111.8962572931913257, 51.91386605831528556, 21.87944146747454965 ) ) ;
#3079 = DIRECTION ( 'NONE',  ( 1.000000000000000000, 0.000000000000000000, 0.000000000000000000 ) ) ;
#3080 = CARTESIAN_POINT ( 'NONE',  ( 617.9357253489444020, -308.9678626744722578, 91.31556125657976963 ) ) ;
#3081 = EDGE_CURVE ( 'NONE', #3027, #7938, #2812, .T. ) ;
#3082 = CARTESIAN_POINT ( 'NONE',  ( 0.000000000000000000, 317.5000000000000000, -65.77070040501132553 ) ) ;
#3083 = CIRCLE ( 'NONE', #2967, 170.0000000000000284 ) ;
#3084 = CIRCLE ( 'NONE', #2317, 180.1000000000000227 ) ;
#3085 = ORIENTED_EDGE ( 'NONE', *, *, #98, .T. ) ;
#3086 = ORIENTED_EDGE ( 'NONE', *, *, #4394, .F. ) ;
#3087 = CARTESIAN_POINT ( 'NONE',  ( -131.5395691869732104, -30.55193464372566226, 24.05447989615483451 ) ) ;
#3088 = CARTESIAN_POINT ( 'NONE',  ( 0.000000000000000000, 0.000000000000000000, 19.36299596820719060 ) ) ;
#3089 = CARTESIAN_POINT ( 'NONE',  ( 6.622777992603806396, 138.4854974076268661, 24.89568391426521643 ) ) ;
#3090 = CARTESIAN_POINT ( 'NONE',  ( 122.9902822345574123, 24.19720444891513722, 19.51419585732310580 ) ) ;
#3091 = TOROIDAL_SURFACE ( 'NONE', #4520, 166.5999999999999943, 1.500000000000000000 ) ;
#3092 = CARTESIAN_POINT ( 'NONE',  ( 0.000000000000000000, 289.3257808412388954, -94.49999999999998579 ) ) ;
#3093 = DIRECTION ( 'NONE',  ( 1.000000000000000000, 0.000000000000000000, 0.000000000000000000 ) ) ;
#3094 = AXIS2_PLACEMENT_3D ( 'NONE', #6520, #5401, #1654 ) ;
#3095 = CARTESIAN_POINT ( 'NONE',  ( 0.000000000000000000, 187.5195367037252652, 86.64764840476198060 ) ) ;
#3096 = EDGE_CURVE ( 'NONE', #6537, #6179, #3204, .T. ) ;
#3097 = EDGE_LOOP ( 'NONE', ( #6792, #2752, #4685, #2149 ) ) ;
#3098 = EDGE_CURVE ( 'NONE', #6731, #1135, #1541, .T. ) ;
#3099 = CARTESIAN_POINT ( 'NONE',  ( -85.34227541153238406, 110.3060026842225767, 22.52079368658673175 ) ) ;
#3100 = ORIENTED_EDGE ( 'NONE', *, *, #5873, .F. ) ;
#3101 = FACE_OUTER_BOUND ( 'NONE', #1194, .T. ) ;
#3102 = CARTESIAN_POINT ( 'NONE',  ( 129.9446236206265155, 28.49176169478575815, 23.58527628763696171 ) ) ;
#3103 = CARTESIAN_POINT ( 'NONE',  ( -622.3145988662519130, 311.1572994331258428, -90.05439378584783583 ) ) ;
#3104 = AXIS2_PLACEMENT_3D ( 'NONE', #2280, #7773, #1039 ) ;
#3105 = CARTESIAN_POINT ( 'NONE',  ( 62.15368687679887216, -110.9894558919716872, 19.74498530354317083 ) ) ;
#3106 = B_SPLINE_CURVE_WITH_KNOTS ( 'NONE', 3,
 ( #7699, #4444, #2658, #4599, #2624, #7620, #2009, #3906, #6306, #1419 ),
 .UNSPECIFIED., .F., .F.,
 ( 4, 2, 2, 2, 4 ),
 ( 0.007469932866464846360, 0.009207661677527446270, 0.01007652608305872714, 0.01094539048859000802, 0.01442084811071507600 ),
 .UNSPECIFIED. ) ;
#3107 = ORIENTED_EDGE ( 'NONE', *, *, #2404, .F. ) ;
#3108 = EDGE_CURVE ( 'NONE', #346, #6537, #5787, .T. ) ;
#3109 = FACE_OUTER_BOUND ( 'NONE', #2493, .T. ) ;
#3110 = AXIS2_PLACEMENT_3D ( 'NONE', #2915, #4738, #7958 ) ;
#3111 = CARTESIAN_POINT ( 'NONE',  ( 3.802444697280735182E-14, -310.4931723929009877, -90.48823014889568128 ) ) ;
#3112 = CARTESIAN_POINT ( 'NONE',  ( 412.9368412519974640, -206.4684206259987320, -94.49999999999997158 ) ) ;
#3113 = CARTESIAN_POINT ( 'NONE',  ( -15.00000000000000355, 124.9999999999874518, 19.57385387393431841 ) ) ;
#3114 = CARTESIAN_POINT ( 'NONE',  ( 76.46795517130496478, 115.8420036566443372, 22.36610186586523596 ) ) ;
#3115 = LOCAL_TIME ( 14, 52, 25.00000000000000000, #4895 ) ;
#3116 = CARTESIAN_POINT ( 'NONE',  ( -610.3579730019846465, 305.1789865009921527, -92.80220189689723043 ) ) ;
#3117 = ORIENTED_EDGE ( 'NONE', *, *, #2800, .T. ) ;
#3118 = DIRECTION ( 'NONE',  ( 1.000000000000000000, 0.000000000000000000, 0.000000000000000000 ) ) ;
#3119 = ORIENTED_EDGE ( 'NONE', *, *, #6127, .F. ) ;
#3120 = DIRECTION ( 'NONE',  ( 1.000000000000000000, 0.000000000000000000, 0.000000000000000000 ) ) ;
#3121 = CARTESIAN_POINT ( 'NONE',  ( 6.789119066958157589, 138.3819771224898147, 22.30649419265625255 ) ) ;
#3122 = CARTESIAN_POINT ( 'NONE',  ( -133.3325416283664140, -42.68296452979965494, 22.64493867139646355 ) ) ;
#3123 = CARTESIAN_POINT ( 'NONE',  ( -130.8356736749304332, 47.70311440429738781, 22.47279051019281582 ) ) ;
#3124 = CARTESIAN_POINT ( 'NONE',  ( -81.98592045378165949, -113.4826482633561540, 22.64555658306802144 ) ) ;
#3125 = ORIENTED_EDGE ( 'NONE', *, *, #7238, .F. ) ;
#3126 = VERTEX_POINT ( 'NONE', #617 ) ;
#3127 = CARTESIAN_POINT ( 'NONE',  ( -130.5819233277632065, -29.23457548734845446, 23.76813379620563182 ) ) ;
#3128 = CARTESIAN_POINT ( 'NONE',  ( -14.69504215595828001, 121.9284925920224651, 21.86299596820718349 ) ) ;
#3129 = CARTESIAN_POINT ( 'NONE',  ( -7.730071411342339438, 137.8617875434099176, 24.76397979607714817 ) ) ;
#3130 = ADVANCED_FACE ( 'NONE', ( #2470 ), #1938, .F. ) ;
#3131 = CARTESIAN_POINT ( 'NONE',  ( -150.0999999999999375, 1.838194845520176530E-14, 17.11044636716703948 ) ) ;
#3132 = B_SPLINE_CURVE_WITH_KNOTS ( 'NONE', 3,
 ( #2977, #7942, #7973, #6222, #7411, #3629, #570, #2452, #1845, #5442, #686, #1765, #4270, #3133, #4229, #3658, #7371, #4308, #1806, #6762, #6798, #1244, #3695, #6175, #646, #5557, #5597, #3853, #4992, #2040, #7042, #5108, #1367, #3933, #1447, #1925, #4512, #5636 ),
 .UNSPECIFIED., .F., .F.,
 ( 4, 2, 2, 2, 2, 2, 2, 2, 2, 2, 2, 2, 2, 2, 2, 2, 2, 2, 4 ),
 ( 0.006302532813820134992, 0.008465742661115233797, 0.009547347584762784500, 0.01062895250841033520, 0.01495537220300045822, 0.01603697712664802974, 0.01711858205029560473, 0.01928179189759072348, 0.02144500174488584224, 0.02360821159218096099, 0.02468981651582849088, 0.02577142143947602076, 0.02793463128677103197, 0.03009784113406604317, 0.03117944605771356958, 0.03226105098136109600, 0.03442426082865614190, 0.03658747067595119473, 0.04091389037054123101 ),
 .UNSPECIFIED. ) ;
#3133 = CARTESIAN_POINT ( 'NONE',  ( 84.28398687383999288, -111.5504966727953473, 25.16854267233842180 ) ) ;
#3134 = CARTESIAN_POINT ( 'NONE',  ( -644.9999999999998863, -322.5000000000000568, -65.77070040501132553 ) ) ;
#3135 = ORIENTED_EDGE ( 'NONE', *, *, #4333, .T. ) ;
#3136 = CARTESIAN_POINT ( 'NONE',  ( 0.000000000000000000, 186.3446616298417950, 85.37267775845593576 ) ) ;
#3137 = VERTEX_POINT ( 'NONE', #770 ) ;
#3138 = CARTESIAN_POINT ( 'NONE',  ( -87.43327090042559746, 106.6262815138501878, 22.15281899676247335 ) ) ;
#3139 = ORIENTED_EDGE ( 'NONE', *, *, #5181, .T. ) ;
#3140 = CARTESIAN_POINT ( 'NONE',  ( 85.34227541153315144, -110.3060026842219798, 22.52079368658672820 ) ) ;
#3141 = CARTESIAN_POINT ( 'NONE',  ( 130.5819233277629792, 29.23457548734936040, 23.76813379620562472 ) ) ;
#3142 = ADVANCED_FACE ( 'NONE', ( #6237 ), #7109, .T. ) ;
#3143 = ADVANCED_FACE ( 'NONE', ( #6936 ), #2043, .T. ) ;
#3144 = DIRECTION ( 'NONE',  ( -0.000000000000000000, -0.000000000000000000, 1.000000000000000000 ) ) ;
#3145 = VERTEX_POINT ( 'NONE', #4408 ) ;
#3146 = CYLINDRICAL_SURFACE ( 'NONE', #6187, 15.00000000000000000 ) ;
#3147 = DIRECTION ( 'NONE',  ( -1.000000000000000000, 0.000000000000000000, 0.000000000000000000 ) ) ;
#3148 = CARTESIAN_POINT ( 'NONE',  ( 2.345142589116668513E-14, -191.4954247011830830, -89.88689247745783462 ) ) ;
#3149 = CARTESIAN_POINT ( 'NONE',  ( 0.000000000000000000, 0.000000000000000000, 65.77070040501132553 ) ) ;
#3150 = DIRECTION ( 'NONE',  ( -1.000000000000000000, 0.000000000000000000, 0.000000000000000000 ) ) ;
#3151 = EDGE_CURVE ( 'NONE', #4974, #3554, #2692, .T. ) ;
#3152 = ORIENTED_EDGE ( 'NONE', *, *, #3816, .F. ) ;
#3153 = CARTESIAN_POINT ( 'NONE',  ( 147.5999999999999375, 1.807578675541492428E-14, 16.07491246123429818 ) ) ;
#3154 = CARTESIAN_POINT ( 'NONE',  ( 0.000000000000000000, 0.000000000000000000, -65.22929959498867447 ) ) ;
#3155 = CARTESIAN_POINT ( 'NONE',  ( 0.000000000000000000, 0.000000000000000000, 19.36299596820719060 ) ) ;
#3156 = CARTESIAN_POINT ( 'NONE',  ( 7.874680354339099964, 137.7932484915166071, 22.18227132914899613 ) ) ;
#3157 = CARTESIAN_POINT ( 'NONE',  ( 0.000000000000000000, 0.000000000000000000, -45.22929959498868158 ) ) ;
#3158 = B_SPLINE_CURVE_WITH_KNOTS ( 'NONE', 3,
 ( #6680, #4635, #4674, #6008, #7169, #6599, #2976, #1048 ),
 .UNSPECIFIED., .F., .F.,
 ( 4, 2, 2, 4 ),
 ( 0.007469932866465210652, 0.009317913154980666038, 0.01024190329923839460, 0.01116589344349612142 ),
 .UNSPECIFIED. ) ;
#3159 = CARTESIAN_POINT ( 'NONE',  ( -126.4442136057541148, -25.67282379624990440, 22.64930167012783713 ) ) ;
#3160 = CLOSED_SHELL ( 'NONE', ( #7298, #2945, #4290, #3724, #446, #2954, #6524, #4977, #7739, #7520, #3696, #3676, #6532, #7546, #6439, #337, #5718, #4877, #4966, #6337, #3143, #6036, #4832, #199, #1677, #241, #4332, #6833, #744, #3646, #1374, #2391, #7936, #1676, #1859, #3784, #977, #3977, #6163, #7673, #999, #1739, #889, #7710, #7226, #4719, #7972, #4130, #5761, #7915, #3058, #6162, #5010, #4550, #5719, #4925, #989, #2651, #2270, #5602, #4477, #7288, #6429, #1582, #2406, #5080, #6566, #252, #3535, #3130, #3046, #3343, #5470, #5378, #7793, #7168 ) ) ;
#3161 = ADVANCED_FACE ( 'NONE', ( #1261 ), #6814, .T. ) ;
#3162 = CARTESIAN_POINT ( 'NONE',  ( -132.2239340256178082, 45.55901921026463697, 22.61039121238179561 ) ) ;
#3163 = CARTESIAN_POINT ( 'NONE',  ( 3.886262931281310274E-14, -317.3374506010286495, -76.28597499736081033 ) ) ;
#3164 = ORIENTED_EDGE ( 'NONE', *, *, #1179, .F. ) ;
#3165 = ORIENTED_EDGE ( 'NONE', *, *, #6925, .T. ) ;
#3166 = CYLINDRICAL_SURFACE ( 'NONE', #1672, 6.350000000000001421 ) ;
#3167 = CARTESIAN_POINT ( 'NONE',  ( 175.0999999999999943, 0.000000000000000000, 64.27070040501133974 ) ) ;
#3168 = FACE_OUTER_BOUND ( 'NONE', #266, .T. ) ;
#3169 = DIRECTION ( 'NONE',  ( 1.000000000000000000, 0.000000000000000000, 0.000000000000000000 ) ) ;
#3170 = CARTESIAN_POINT ( 'NONE',  ( 131.3834076250147120, -30.31387757363710023, 21.43916016984186257 ) ) ;
#3171 = CIRCLE ( 'NONE', #2777, 4.000000000000003553 ) ;
#3172 = FACE_OUTER_BOUND ( 'NONE', #352, .T. ) ;
#3173 = ORIENTED_EDGE ( 'NONE', *, *, #4298, .T. ) ;
#3174 = ORIENTED_EDGE ( 'NONE', *, *, #4133, .F. ) ;
#3175 = EDGE_LOOP ( 'NONE', ( #5422, #651, #3173, #6560, #5326 ) ) ;
#3176 = CARTESIAN_POINT ( 'NONE',  ( -76.47726139599873818, 115.8275397499316739, 22.36473335601546353 ) ) ;
#3177 = VERTEX_POINT ( 'NONE', #7509 ) ;
#3178 = AXIS2_PLACEMENT_3D ( 'NONE', #696, #3144, #5003 ) ;
#3179 = DIRECTION ( 'NONE',  ( 1.000000000000000000, 0.000000000000000000, 0.000000000000000000 ) ) ;
#3180 = CARTESIAN_POINT ( 'NONE',  ( 0.000000000000000000, 0.000000000000000000, 22.64930167012783713 ) ) ;
#3181 = CIRCLE ( 'NONE', #2023, 166.5999999999999943 ) ;
#3182 = EDGE_CURVE ( 'NONE', #998, #6388, #3604, .T. ) ;
#3183 = DIRECTION ( 'NONE',  ( -0.000000000000000000, -0.000000000000000000, 1.000000000000000000 ) ) ;
#3184 = ORIENTED_EDGE ( 'NONE', *, *, #7122, .F. ) ;
#3185 = DIRECTION ( 'NONE',  ( 0.000000000000000000, 0.000000000000000000, -1.000000000000000000 ) ) ;
#3186 = ORIENTED_EDGE ( 'NONE', *, *, #2552, .T. ) ;
#3187 = CARTESIAN_POINT ( 'NONE',  ( 0.000000000000000000, 0.000000000000000000, 17.73176671072666366 ) ) ;
#3188 = ADVANCED_FACE ( 'NONE', ( #3109 ), #4758, .T. ) ;
#3189 = CARTESIAN_POINT ( 'NONE',  ( 0.000000000000000000, 191.4954247011830830, -89.88689247745783462 ) ) ;
#3190 = CIRCLE ( 'NONE', #7873, 208.2742191587611558 ) ;
#3191 = CARTESIAN_POINT ( 'NONE',  ( 0.000000000000000000, 0.000000000000000000, 45.77070040501133974 ) ) ;
#3192 = DIRECTION ( 'NONE',  ( 1.000000000000000000, 0.000000000000000000, 0.000000000000000000 ) ) ;
#3193 = ORIENTED_EDGE ( 'NONE', *, *, #736, .F. ) ;
#3194 = DIRECTION ( 'NONE',  ( -0.000000000000000000, -0.000000000000000000, 1.000000000000000000 ) ) ;
#3195 = AXIS2_PLACEMENT_3D ( 'NONE', #6431, #882, #7504 ) ;
#3196 = EDGE_CURVE ( 'NONE', #1937, #7392, #869, .T. ) ;
#3197 = CARTESIAN_POINT ( 'NONE',  ( 0.000000000000000000, 0.000000000000000000, 99.49999999999995737 ) ) ;
#3198 = EDGE_CURVE ( 'NONE', #759, #4435, #1148, .T. ) ;
#3199 = CARTESIAN_POINT ( 'NONE',  ( 0.000000000000000000, 317.5000000000000000, 65.77070040501132553 ) ) ;
#3200 = CARTESIAN_POINT ( 'NONE',  ( -2.401268333048516338E-14, -196.0784394913188748, 92.26983495602148366 ) ) ;
#3201 = CARTESIAN_POINT ( 'NONE',  ( 0.000000000000000000, 0.000000000000000000, 21.60089406756696206 ) ) ;
#3202 = AXIS2_PLACEMENT_3D ( 'NONE', #4248, #3715, #6149 ) ;
#3203 = LINE ( 'NONE', #115, #7503 ) ;
#3204 = CIRCLE ( 'NONE', #7751, 6.500000000000005329 ) ;
#3205 = CARTESIAN_POINT ( 'NONE',  ( -127.5410063022903131, 50.88605381529518468, 22.01894496840684923 ) ) ;
#3206 = ORIENTED_EDGE ( 'NONE', *, *, #4841, .T. ) ;
#3207 = ORIENTED_EDGE ( 'NONE', *, *, #3098, .T. ) ;
#3208 = AXIS2_PLACEMENT_3D ( 'NONE', #4379, #7961, #1870 ) ;
#3209 = CIRCLE ( 'NONE', #5660, 15.00000000000000000 ) ;
#3210 = VERTEX_POINT ( 'NONE', #3908 ) ;
#3211 = EDGE_CURVE ( 'NONE', #759, #6388, #6395, .T. ) ;
#3212 = CARTESIAN_POINT ( 'NONE',  ( 133.0225510357424525, -43.65815768154113385, 22.64630104042263525 ) ) ;
#3213 = CARTESIAN_POINT ( 'NONE',  ( 0.000000000000000000, 0.000000000000000000, 52.77070040501134685 ) ) ;
#3214 = CARTESIAN_POINT ( 'NONE',  ( -4.220018911646238990, 139.4004924451556349, 25.08769150607107790 ) ) ;
#3215 = DIRECTION ( 'NONE',  ( 1.000000000000000000, 0.000000000000000000, 0.000000000000000000 ) ) ;
#3216 = CIRCLE ( 'NONE', #5928, 166.6000000000000227 ) ;
#3217 = VECTOR ( 'NONE', #1514, 1000.000000000000000 ) ;
#3218 = CARTESIAN_POINT ( 'NONE',  ( 382.9908494023661092, 191.4954247011829693, 89.88689247745783462 ) ) ;
#3219 = ORIENTED_EDGE ( 'NONE', *, *, #736, .T. ) ;
#3220 = ORIENTED_EDGE ( 'NONE', *, *, #4375, .T. ) ;
#3221 = CARTESIAN_POINT ( 'NONE',  ( -72.26071611517069471, 116.0822562641749300, 21.88318190612005054 ) ) ;
#3222 = VECTOR ( 'NONE', #4577, 1000.000000000000000 ) ;
#3223 = ORIENTED_EDGE ( 'NONE', *, *, #2661, .F. ) ;
#3224 = CARTESIAN_POINT ( 'NONE',  ( 65.03282870359416279, -113.6062523711828760, 20.52067958591127450 ) ) ;
#3225 = FACE_OUTER_BOUND ( 'NONE', #3861, .T. ) ;
#3226 = CONICAL_SURFACE ( 'NONE', #3620, 162.5999999999999943, 1.047197551196599630 ) ;
#3227 = DIRECTION ( 'NONE',  ( -1.000000000000000000, 0.000000000000000000, 0.000000000000000000 ) ) ;
#3228 = VERTEX_POINT ( 'NONE', #1540 ) ;
#3229 = DIRECTION ( 'NONE',  ( -1.000000000000000000, 0.000000000000000000, 0.000000000000000000 ) ) ;
#3230 = CARTESIAN_POINT ( 'NONE',  ( 3.855874569634602512E-14, -314.8560525630094276, -86.09637062918555728 ) ) ;
#3231 = AXIS2_PLACEMENT_3D ( 'NONE', #4667, #1685, #6637 ) ;
#3232 = CARTESIAN_POINT ( 'NONE',  ( 0.000000000000000000, 0.000000000000000000, 64.27070040501133974 ) ) ;
#3233 = EDGE_CURVE ( 'NONE', #5112, #5722, #1284, .T. ) ;
#3234 = CARTESIAN_POINT ( 'NONE',  ( -110.8990637958517880, 51.32640377125223097, 21.86299596820718349 ) ) ;
#3235 = DATE_TIME_ROLE ( 'creation_date' ) ;
#3236 = AXIS2_PLACEMENT_3D ( 'NONE', #4851, #7995, #5342 ) ;
#3237 = FACE_OUTER_BOUND ( 'NONE', #5303, .T. ) ;
#3238 = CARTESIAN_POINT ( 'NONE',  ( 133.8273176422546840, -37.30494723618338071, 24.96283218982383545 ) ) ;
#3239 = ORIENTED_EDGE ( 'NONE', *, *, #5907, .T. ) ;
#3240 = DIRECTION ( 'NONE',  ( 0.000000000000000000, 0.000000000000000000, -1.000000000000000000 ) ) ;
#3241 = DIRECTION ( 'NONE',  ( 0.000000000000000000, 0.000000000000000000, -1.000000000000000000 ) ) ;
#3242 = CARTESIAN_POINT ( 'NONE',  ( -63.94909740123789987, 112.7155796549780433, 20.21482714528789870 ) ) ;
#3243 = CC_DESIGN_APPROVAL ( #2943, ( #7768 ) ) ;
#3244 = CARTESIAN_POINT ( 'NONE',  ( 60.70287990626782459, 17.66032122852886133, -3.460512242138308103 ) ) ;
#3245 = CARTESIAN_POINT ( 'NONE',  ( 121.9025236671038783, -23.93147461490691086, 21.93024054607713325 ) ) ;
#3246 = EDGE_CURVE ( 'NONE', #4447, #3006, #7364, .T. ) ;
#3247 = EDGE_CURVE ( 'NONE', #61, #121, #5140, .T. ) ;
#3248 = EDGE_LOOP ( 'NONE', ( #4660, #3890, #6547, #350 ) ) ;
#3249 = ORIENTED_EDGE ( 'NONE', *, *, #798, .F. ) ;
#3250 = EDGE_LOOP ( 'NONE', ( #1970, #1109, #5233, #1095 ) ) ;
#3251 = CARTESIAN_POINT ( 'NONE',  ( 124.8917717774946681, -52.40754686716255861, 21.58060952524856546 ) ) ;
#3252 = CARTESIAN_POINT ( 'NONE',  ( -14.96137793480489009, -123.7596585872659603, 19.45033477645327125 ) ) ;
#3253 = DIRECTION ( 'NONE',  ( -0.9737898099359781900, 1.192548573780405048E-16, 0.2274497880079283385 ) ) ;
#3254 = CARTESIAN_POINT ( 'NONE',  ( -121.1401633263066913, -23.78463308447356894, 19.38097781920489737 ) ) ;
#3255 = CARTESIAN_POINT ( 'NONE',  ( 0.000000000000000000, 323.3901367678553811, -99.49999999999998579 ) ) ;
#3256 = EDGE_CURVE ( 'NONE', #4864, #1285, #4240, .T. ) ;
#3257 = CARTESIAN_POINT ( 'NONE',  ( -2.528508904446387929E-14, -206.4684206259987889, 94.49999999999997158 ) ) ;
#3258 = ORIENTED_EDGE ( 'NONE', *, *, #6672, .T. ) ;
#3259 = ORIENTED_EDGE ( 'NONE', *, *, #6568, .T. ) ;
#3260 = CARTESIAN_POINT ( 'NONE',  ( -416.5484383175221978, -208.2742191587610989, 94.50000000000000000 ) ) ;
#3261 = EDGE_LOOP ( 'NONE', ( #1569, #832 ) ) ;
#3262 = CARTESIAN_POINT ( 'NONE',  ( -412.9368412519974640, -206.4684206259988457, -94.49999999999997158 ) ) ;
#3263 = CARTESIAN_POINT ( 'NONE',  ( 61.75353699902620264, 110.5104002467465847, 19.65518418842241744 ) ) ;
#3264 = EDGE_CURVE ( 'NONE', #823, #7087, #138, .T. ) ;
#3265 = CARTESIAN_POINT ( 'NONE',  ( -155.5999999999993406, 1.905550419473273604E-14, 5.382524305809773146 ) ) ;
#3266 = CARTESIAN_POINT ( 'NONE',  ( 33.59192716851524096, -46.23532122852795112, 14.49999999999999822 ) ) ;
#3267 = ORIENTED_EDGE ( 'NONE', *, *, #1051, .T. ) ;
#3268 = DIRECTION ( 'NONE',  ( 0.7071067811865369146, 8.659560562354803436E-17, -0.7071067811865580088 ) ) ;
#3269 = CYLINDRICAL_SURFACE ( 'NONE', #6812, 162.6000000000000227 ) ;
#3270 = CARTESIAN_POINT ( 'NONE',  ( -15.00000000000000355, -124.9999999999999858, 19.57385387393575371 ) ) ;
#3271 = DIRECTION ( 'NONE',  ( 0.000000000000000000, 0.000000000000000000, -1.000000000000000000 ) ) ;
#3272 = B_SPLINE_CURVE_WITH_KNOTS ( 'NONE', 3,
 ( #566, #3737, #3041, #6252 ),
 .UNSPECIFIED., .F., .F.,
 ( 4, 4 ),
 ( 0.000000000000000000, 1.000000000000000000 ),
 .UNSPECIFIED. ) ;
#3273 = PERSON_AND_ORGANIZATION_ROLE ( 'creator' ) ;
#3274 = DIRECTION ( 'NONE',  ( -0.000000000000000000, -0.000000000000000000, 1.000000000000000000 ) ) ;
#3275 = CARTESIAN_POINT ( 'NONE',  ( 2.256434429911785567E-14, -184.2518537984015552, -82.49406996101798484 ) ) ;
#3276 = CARTESIAN_POINT ( 'NONE',  ( 87.62432620104561920, 96.04495854040402492, 22.87951644549301378 ) ) ;
#3277 = LINE ( 'NONE', #2108, #7616 ) ;
#3278 = CARTESIAN_POINT ( 'NONE',  ( 0.000000000000000000, 208.2742191587611558, 99.50000000000000000 ) ) ;
#3279 = DIRECTION ( 'NONE',  ( 0.000000000000000000, 0.000000000000000000, -1.000000000000000000 ) ) ;
#3280 = CARTESIAN_POINT ( 'NONE',  ( 0.000000000000000000, 208.2742191587611558, -99.50000000000000000 ) ) ;
#3281 = CARTESIAN_POINT ( 'NONE',  ( 48.00287990626782175, 17.66032122852886133, 17.00000000000000000 ) ) ;
#3282 = VERTEX_POINT ( 'NONE', #256 ) ;
#3283 = ORIENTED_EDGE ( 'NONE', *, *, #4201, .T. ) ;
#3284 = EDGE_LOOP ( 'NONE', ( #4516, #3442, #5703, #7047, #1057 ) ) ;
#3285 = CARTESIAN_POINT ( 'NONE',  ( 133.4635869513180921, -42.18238851452542093, 22.63867212777013549 ) ) ;
#3286 = CARTESIAN_POINT ( 'NONE',  ( -350.1999999999999318, -175.1000000000000512, -89.50634777422295940 ) ) ;
#3287 = ADVANCED_FACE ( 'NONE', ( #6438 ), #5854, .T. ) ;
#3288 = DIRECTION ( 'NONE',  ( -0.000000000000000000, -0.000000000000000000, 1.000000000000000000 ) ) ;
#3289 = EDGE_CURVE ( 'NONE', #3422, #3857, #6452, .T. ) ;
#3290 = CYLINDRICAL_SURFACE ( 'NONE', #2571, 15.00000000000001421 ) ;
#3291 = CARTESIAN_POINT ( 'NONE',  ( 133.2504737586743886, -34.27438926719026568, 22.08199687360340491 ) ) ;
#3292 = CARTESIAN_POINT ( 'NONE',  ( -2.550623558376911991E-14, -208.2742191587611558, 94.50000000000000000 ) ) ;
#3293 = ORIENTED_EDGE ( 'NONE', *, *, #7583, .F. ) ;
#3294 = ORIENTED_EDGE ( 'NONE', *, *, #3391, .F. ) ;
#3295 = ORIENTED_EDGE ( 'NONE', *, *, #2882, .F. ) ;
#3296 = FACE_OUTER_BOUND ( 'NONE', #6713, .T. ) ;
#3297 = ORIENTED_EDGE ( 'NONE', *, *, #7275, .T. ) ;
#3298 = EDGE_CURVE ( 'NONE', #5661, #7264, #5275, .T. ) ;
#3299 = CARTESIAN_POINT ( 'NONE',  ( -412.9368412519975209, 206.4684206259986752, -94.49999999999997158 ) ) ;
#3300 = AXIS2_PLACEMENT_3D ( 'NONE', #2307, #4323, #3669 ) ;
#3301 = CARTESIAN_POINT ( 'NONE',  ( 0.000000000000000000, 0.000000000000000000, 17.26210190064021788 ) ) ;
#3302 = CARTESIAN_POINT ( 'NONE',  ( 14.23137575304018299, -129.8129818162921367, 23.01507513063405241 ) ) ;
#3303 = FACE_OUTER_BOUND ( 'NONE', #5484, .T. ) ;
#3304 = CIRCLE ( 'NONE', #1636, 180.1000000000000227 ) ;
#3305 = ORIENTED_EDGE ( 'NONE', *, *, #4000, .F. ) ;
#3306 = CARTESIAN_POINT ( 'NONE',  ( 0.000000000000000000, 0.000000000000000000, -65.77070040501132553 ) ) ;
#3307 = EDGE_LOOP ( 'NONE', ( #7485, #606, #7385, #3815, #7527, #4021 ) ) ;
#3308 = DIRECTION ( 'NONE',  ( -1.000000000000000000, 0.000000000000000000, 0.000000000000000000 ) ) ;
#3309 = DIRECTION ( 'NONE',  ( -1.000000000000000000, 0.000000000000000000, 0.000000000000000000 ) ) ;
#3310 = CIRCLE ( 'NONE', #4350, 32.50000000000000711 ) ;
#3311 = DATE_AND_TIME ( #703, #6358 ) ;
#3312 = DIRECTION ( 'NONE',  ( -0.000000000000000000, -0.000000000000000000, 1.000000000000000000 ) ) ;
#3313 = AXIS2_PLACEMENT_3D ( 'NONE', #5377, #2953, #941 ) ;
#3314 = CARTESIAN_POINT ( 'NONE',  ( 132.1421530858945630, -45.71746419000982087, 25.17166564780345084 ) ) ;
#3315 = DIRECTION ( 'NONE',  ( -0.000000000000000000, -0.000000000000000000, 1.000000000000000000 ) ) ;
#3316 = CARTESIAN_POINT ( 'NONE',  ( -3.831175842164916603E-14, -312.8392484128754631, 88.68418937925814305 ) ) ;
#3317 = CARTESIAN_POINT ( 'NONE',  ( -126.9602443907737239, 25.98817615042896279, 20.21482714528789870 ) ) ;
#3318 = CARTESIAN_POINT ( 'NONE',  ( 63.48971720767278271, 112.3222544509351195, 22.64930167012784423 ) ) ;
#3319 = FACE_OUTER_BOUND ( 'NONE', #4036, .T. ) ;
#3320 = CARTESIAN_POINT ( 'NONE',  ( 110.8990637958510632, 51.32640377125381548, 19.36299596820717994 ) ) ;
#3321 = AXIS2_PLACEMENT_3D ( 'NONE', #3910, #7019, #3308 ) ;
#3322 = ORIENTED_EDGE ( 'NONE', *, *, #3828, .F. ) ;
#3323 = VERTEX_POINT ( 'NONE', #7097 ) ;
#3324 = ORIENTED_EDGE ( 'NONE', *, *, #3256, .F. ) ;
#3325 = DIRECTION ( 'NONE',  ( 0.000000000000000000, 0.000000000000000000, -1.000000000000000000 ) ) ;
#3326 = CIRCLE ( 'NONE', #269, 15.00000000000000000 ) ;
#3327 = AXIS2_PLACEMENT_3D ( 'NONE', #3180, #5647, #2583 ) ;
#3328 = CARTESIAN_POINT ( 'NONE',  ( -383.6102456501470783, 191.8051228250735107, -99.50000000000001421 ) ) ;
#3329 = DIRECTION ( 'NONE',  ( -0.000000000000000000, 0.000000000000000000, 1.000000000000000000 ) ) ;
#3330 = EDGE_CURVE ( 'NONE', #7139, #7549, #3076, .T. ) ;
#3331 = DIRECTION ( 'NONE',  ( -0.000000000000000000, -0.000000000000000000, 1.000000000000000000 ) ) ;
#3332 = CARTESIAN_POINT ( 'NONE',  ( 388.9746013897346870, 194.4873006948672582, 91.56960896611400358 ) ) ;
#3333 = AXIS2_PLACEMENT_3D ( 'NONE', #6679, #1122, #7329 ) ;
#3334 = ORIENTED_EDGE ( 'NONE', *, *, #7127, .F. ) ;
#3335 = ORIENTED_EDGE ( 'NONE', *, *, #4343, .F. ) ;
#3336 = CARTESIAN_POINT ( 'NONE',  ( -388.9746013897345733, -194.4873006948672867, 91.56960896611400358 ) ) ;
#3337 = CARTESIAN_POINT ( 'NONE',  ( 368.5037075968030535, 184.2518537984015552, -82.49406996101799905 ) ) ;
#3338 = CARTESIAN_POINT ( 'NONE',  ( 0.000000000000000000, 0.000000000000000000, 57.77070040501134685 ) ) ;
#3339 = VECTOR ( 'NONE', #656, 1000.000000000000000 ) ;
#3340 = AXIS2_PLACEMENT_3D ( 'NONE', #6140, #3054, #21 ) ;
#3341 = CARTESIAN_POINT ( 'NONE',  ( -3.715816643953662146E-14, -289.3257808412388954, 94.49999999999998579 ) ) ;
#3342 = CARTESIAN_POINT ( 'NONE',  ( -7.474729379709471827E-14, 305.1789865009923233, -92.80220189689723043 ) ) ;
#3343 = ADVANCED_FACE ( 'NONE', ( #7701 ), #3390, .F. ) ;
#3344 = ORIENTED_EDGE ( 'NONE', *, *, #7026, .F. ) ;
#3345 = EDGE_CURVE ( 'NONE', #3857, #800, #5921, .T. ) ;
#3346 = CIRCLE ( 'NONE', #394, 42.00000000000000000 ) ;
#3347 = CARTESIAN_POINT ( 'NONE',  ( 166.6000000000000227, 0.000000000000000000, -57.22929959498868158 ) ) ;
#3348 = CIRCLE ( 'NONE', #4123, 175.0999999999999943 ) ;
#3349 = EDGE_LOOP ( 'NONE', ( #7422, #541 ) ) ;
#3350 = CARTESIAN_POINT ( 'NONE',  ( 0.000000000000000000, 0.000000000000000000, 99.50000000000000000 ) ) ;
#3351 = ORIENTED_EDGE ( 'NONE', *, *, #4824, .F. ) ;
#3352 = LINE ( 'NONE', #7586, #1777 ) ;
#3353 = CARTESIAN_POINT ( 'NONE',  ( -87.20541043529195235, -95.09179473994140608, 22.64930167012784423 ) ) ;
#3354 = CIRCLE ( 'NONE', #1684, 150.0999999999999375 ) ;
#3355 = EDGE_CURVE ( 'NONE', #1352, #7865, #2437, .T. ) ;
#3356 = CARTESIAN_POINT ( 'NONE',  ( 131.1820615814104087, -30.01701158281693083, 23.94508403473530578 ) ) ;
#3357 = VECTOR ( 'NONE', #677, 1000.000000000000000 ) ;
#3358 = CARTESIAN_POINT ( 'NONE',  ( 120.9739401471414482, -53.48939115427678814, 23.40778368995145442 ) ) ;
#3359 = CARTESIAN_POINT ( 'NONE',  ( -59.55032408116457532, 106.7087671033373510, 21.86299596820718349 ) ) ;
#3360 = CARTESIAN_POINT ( 'NONE',  ( -617.9357253489444020, 308.9678626744722010, 91.31556125657976963 ) ) ;
#3361 = CARTESIAN_POINT ( 'NONE',  ( -2.463128316362707909E-14, -201.1296904607625322, 93.80705434439103385 ) ) ;
#3362 = CARTESIAN_POINT ( 'NONE',  ( -165.1000000000000227, 2.021891865392280515E-14, 35.77057939344513215 ) ) ;
#3363 = CIRCLE ( 'NONE', #3231, 15.00000000000000000 ) ;
#3364 = FACE_OUTER_BOUND ( 'NONE', #988, .T. ) ;
#3365 = ORIENTED_EDGE ( 'NONE', *, *, #1730, .F. ) ;
#3366 = ORIENTED_EDGE ( 'NONE', *, *, #302, .F. ) ;
#3367 = ORIENTED_EDGE ( 'NONE', *, *, #1914, .T. ) ;
#3368 = DIRECTION ( 'NONE',  ( 0.000000000000000000, 0.000000000000000000, -1.000000000000000000 ) ) ;
#3369 = CIRCLE ( 'NONE', #3631, 166.5999999999999943 ) ;
#3370 = CARTESIAN_POINT ( 'NONE',  ( -133.8820645368943190, 38.62712429686809656, 25.05948377397438165 ) ) ;
#3371 = DIRECTION ( 'NONE',  ( 1.000000000000000000, 0.000000000000000000, 0.000000000000000000 ) ) ;
#3372 = CARTESIAN_POINT ( 'NONE',  ( -131.6165267958371032, -46.62425510324948164, 25.12582561832209649 ) ) ;
#3373 = B_SPLINE_CURVE_WITH_KNOTS ( 'NONE', 3,
 ( #3635, #1012, #496, #2939, #4764, #576, #7265, #5449, #1701, #5406 ),
 .UNSPECIFIED., .F., .F.,
 ( 4, 2, 2, 2, 4 ),
 ( 0.07039075091924042182, 0.07227905619610075494, 0.07322320883453092843, 0.07416736147296111581, 0.07794397202668187918 ),
 .UNSPECIFIED. ) ;
#3374 = CARTESIAN_POINT ( 'NONE',  ( 0.000000000000000000, 289.3257808412388954, -99.49999999999998579 ) ) ;
#3375 = CARTESIAN_POINT ( 'NONE',  ( -3.960386958685788698E-14, -323.3901367678553811, 99.49999999999998579 ) ) ;
#3376 = AXIS2_PLACEMENT_3D ( 'NONE', #5131, #1464, #6016 ) ;
#3377 = EDGE_LOOP ( 'NONE', ( #623, #2115 ) ) ;
#3378 = VERTEX_POINT ( 'NONE', #6357 ) ;
#3379 = CARTESIAN_POINT ( 'NONE',  ( -392.1568789826376360, -196.0784394913188180, 92.26983495602146945 ) ) ;
#3380 = ORIENTED_EDGE ( 'NONE', *, *, #3408, .F. ) ;
#3381 = CARTESIAN_POINT ( 'NONE',  ( 15.00000000000000355, 124.9999999999999858, 22.09155500234106029 ) ) ;
#3382 = CARTESIAN_POINT ( 'NONE',  ( 77.51856555483804812, -115.5757045812045476, 22.45050808528060671 ) ) ;
#3383 = CARTESIAN_POINT ( 'NONE',  ( -416.5484383175221978, -208.2742191587610989, 99.50000000000001421 ) ) ;
#3384 = CARTESIAN_POINT ( 'NONE',  ( 3.824940740472629338E-14, -312.3301137222341595, -89.15235216125219608 ) ) ;
#3385 = CARTESIAN_POINT ( 'NONE',  ( -175.1000000000000227, 2.144356545307015978E-14, -63.72929959498868868 ) ) ;
#3386 = ORIENTED_EDGE ( 'NONE', *, *, #4537, .T. ) ;
#3387 = CARTESIAN_POINT ( 'NONE',  ( 0.000000000000000000, 0.000000000000000000, -99.49999999999995737 ) ) ;
#3388 = EDGE_LOOP ( 'NONE', ( #909, #6626, #1211, #6297 ) ) ;
#3389 = EDGE_CURVE ( 'NONE', #3689, #3803, #5292, .T. ) ;
#3390 = CYLINDRICAL_SURFACE ( 'NONE', #765, 15.00000000000000355 ) ;
#3391 = EDGE_CURVE ( 'NONE', #1799, #3137, #6966, .T. ) ;
#3392 = EDGE_CURVE ( 'NONE', #5567, #4974, #3373, .T. ) ;
#3393 = FACE_OUTER_BOUND ( 'NONE', #4661, .T. ) ;
#3394 = B_SPLINE_CURVE_WITH_KNOTS ( 'NONE', 3,
 ( #5413, #6071, #545, #5984, #4041, #1706, #1624, #1018, #6526, #7833, #5454, #7872 ),
 .UNSPECIFIED., .F., .F.,
 ( 4, 2, 2, 2, 2, 4 ),
 ( 0.008200396579537871239, 0.009142448406955057394, 0.01008450023437224355, 0.01196860388920661586, 0.01385270754404098817, 0.01573681119887539864 ),
 .UNSPECIFIED. ) ;
#3395 = CARTESIAN_POINT ( 'NONE',  ( 127.5675093747090614, -26.32855430464944746, 22.93690084375101179 ) ) ;
#3396 = CARTESIAN_POINT ( 'NONE',  ( 118.4181427538745908, -53.65581641651684208, 22.87875047973969700 ) ) ;
#3397 = CARTESIAN_POINT ( 'NONE',  ( -631.9686387462807033, 315.9843193731403517, 83.60197795724438663 ) ) ;
#3398 = FACE_OUTER_BOUND ( 'NONE', #4461, .T. ) ;
#3399 = EDGE_CURVE ( 'NONE', #5749, #83, #7063, .T. ) ;
#3400 = CARTESIAN_POINT ( 'NONE',  ( 119.8881304610661971, 23.66090128115137858, 19.36299596820718349 ) ) ;
#3401 = DIRECTION ( 'NONE',  ( -0.000000000000000000, -0.000000000000000000, 1.000000000000000000 ) ) ;
#3402 = ORIENTED_EDGE ( 'NONE', *, *, #5064, .F. ) ;
#3403 = CARTESIAN_POINT ( 'NONE',  ( -133.8820645368943474, 39.68525266701755072, 25.12799567191677852 ) ) ;
#3404 = ORIENTED_EDGE ( 'NONE', *, *, #7574, .F. ) ;
#3405 = EDGE_LOOP ( 'NONE', ( #6610, #379, #6207, #5724, #1958 ) ) ;
#3406 = DIRECTION ( 'NONE',  ( -0.000000000000000000, -0.000000000000000000, 1.000000000000000000 ) ) ;
#3407 = DIRECTION ( 'NONE',  ( -0.000000000000000000, -0.000000000000000000, 1.000000000000000000 ) ) ;
#3408 = EDGE_CURVE ( 'NONE', #6639, #2935, #6458, .T. ) ;
#3409 = CARTESIAN_POINT ( 'NONE',  ( 63.48971720767278271, 112.3222544509351195, 22.64930167012784423 ) ) ;
#3410 = DIRECTION ( 'NONE',  ( -1.000000000000000000, 0.000000000000000000, 0.000000000000000000 ) ) ;
#3411 = CARTESIAN_POINT ( 'NONE',  ( -71.89374337296389683, -116.0478585427870399, 21.83114557142175727 ) ) ;
#3412 = ORIENTED_EDGE ( 'NONE', *, *, #7330, .T. ) ;
#3413 = EDGE_LOOP ( 'NONE', ( #5842, #7556, #1476, #3334 ) ) ;
#3414 = CARTESIAN_POINT ( 'NONE',  ( 0.000000000000000000, 201.1296904607625322, 93.80705434439103385 ) ) ;
#3415 = ORIENTED_EDGE ( 'NONE', *, *, #2261, .T. ) ;
#3416 = DIRECTION ( 'NONE',  ( -0.000000000000000000, -0.000000000000000000, 1.000000000000000000 ) ) ;
#3417 = CARTESIAN_POINT ( 'NONE',  ( 2.226406733751534787E-14, -181.7999063323111386, -77.29528289382909634 ) ) ;
#3418 = CARTESIAN_POINT ( 'NONE',  ( -382.9908494023660523, -191.4954247011831399, -89.88689247745783462 ) ) ;
#3419 = CARTESIAN_POINT ( 'NONE',  ( -3.783765040636914280E-14, -308.9678626744722578, 91.31556125657976963 ) ) ;
#3420 = CARTESIAN_POINT ( 'NONE',  ( 629.7121051260187414, -314.8560525630093707, -86.09637062918555728 ) ) ;
#3421 = CARTESIAN_POINT ( 'NONE',  ( 2.550623558376911991E-14, -208.2742191587611558, -99.50000000000000000 ) ) ;
#3422 = VERTEX_POINT ( 'NONE', #7541 ) ;
#3423 =( BOUNDED_SURFACE ( )  B_SPLINE_SURFACE ( 3, 3, ( 
 ( #7257, #5200, #3383, #7133 ),
 ( #451, #7170, #2213, #1576 ),
 ( #1611, #2247, #6553, #7209 ),
 ( #1005, #3462, #5930, #1651 ) ),
 .UNSPECIFIED., .F., .F., .F. ) 
 B_SPLINE_SURFACE_WITH_KNOTS ( ( 4, 4 ),
 ( 4, 4 ),
 ( 0.000000000000000000, 1.000000000000000000 ),
 ( 0.000000000000000000, 1.000000000000000000 ),
 .UNSPECIFIED. ) 
 GEOMETRIC_REPRESENTATION_ITEM ( )  RATIONAL_B_SPLINE_SURFACE ( (
 ( 1.000000000000000000, 0.3333333333333334259, 0.3333333333333334259, 1.000000000000000000),
 ( 1.000000000000000000, 0.3333333333333334259, 0.3333333333333334259, 1.000000000000000000),
 ( 1.000000000000000000, 0.3333333333333334259, 0.3333333333333334259, 1.000000000000000000),
 ( 1.000000000000000000, 0.3333333333333334259, 0.3333333333333334259, 1.000000000000000000) ) ) 
 REPRESENTATION_ITEM ( '' )  SURFACE ( )  );
#3424 = CARTESIAN_POINT ( 'NONE',  ( 350.1999999999999318, -175.0999999999999659, -65.77070040501132553 ) ) ;
#3425 = ORIENTED_EDGE ( 'NONE', *, *, #1197, .T. ) ;
#3426 = DIRECTION ( 'NONE',  ( -0.000000000000000000, -0.000000000000000000, 1.000000000000000000 ) ) ;
#3427 = ORIENTED_EDGE ( 'NONE', *, *, #5811, .F. ) ;
#3428 = AXIS2_PLACEMENT_3D ( 'NONE', #6696, #2350, #4286 ) ;
#3429 = CARTESIAN_POINT ( 'NONE',  ( 0.000000000000000000, 180.1000000000000227, -65.77070040501132553 ) ) ;
#3430 = CARTESIAN_POINT ( 'NONE',  ( -118.8820645368940490, -38.62712429686894922, 21.86299596820718349 ) ) ;
#3431 = ADVANCED_FACE ( 'NONE', ( #5522 ), #6261, .F. ) ;
#3432 = B_SPLINE_CURVE_WITH_KNOTS ( 'NONE', 3,
 ( #7066, #5904, #4046, #1507, #1068, #5828, #3485, #7107, #1554, #4007, #6573, #4131 ),
 .UNSPECIFIED., .F., .F.,
 ( 4, 2, 2, 2, 2, 4 ),
 ( 0.008200396579537812258, 0.009142448406954998413, 0.01008450023437218283, 0.01196860388920656382, 0.01385270754404094307, 0.01573681119887532232 ),
 .UNSPECIFIED. ) ;
#3433 = CIRCLE ( 'NONE', #1379, 172.6000000000000512 ) ;
#3434 = CARTESIAN_POINT ( 'NONE',  ( -6.349999999999999645, 57.14999999999999858, 17.00000000000000000 ) ) ;
#3435 = EDGE_CURVE ( 'NONE', #2341, #1674, #5019, .T. ) ;
#3436 = CARTESIAN_POINT ( 'NONE',  ( 128.0858901579264284, -50.48314147206520630, 24.66984431522025289 ) ) ;
#3437 = CARTESIAN_POINT ( 'NONE',  ( -3.869691853010713318E-14, -315.9843193731403517, 83.60197795724437242 ) ) ;
#3438 = AXIS2_PLACEMENT_3D ( 'NONE', #6900, #1778, #2422 ) ;
#3439 = DIRECTION ( 'NONE',  ( 1.000000000000000000, 0.000000000000000000, 0.000000000000000000 ) ) ;
#3440 = CARTESIAN_POINT ( 'NONE',  ( 7.920773917371577396E-14, 323.3901367678553811, 99.49999999999998579 ) ) ;
#3441 = CARTESIAN_POINT ( 'NONE',  ( 14.79803723791099479, -127.5345186991611826, 19.95163807745669970 ) ) ;
#3442 = ORIENTED_EDGE ( 'NONE', *, *, #5037, .T. ) ;
#3443 = CIRCLE ( 'NONE', #7991, 155.5999999999993406 ) ;
#3444 = EDGE_CURVE ( 'NONE', #6128, #2981, #3657, .T. ) ;
#3445 = EDGE_CURVE ( 'NONE', #3469, #1271, #652, .T. ) ;
#3446 = EDGE_LOOP ( 'NONE', ( #5872, #1176, #2729, #3722 ) ) ;
#3447 = CARTESIAN_POINT ( 'NONE',  ( -133.8820645368942905, 38.29554975373696379, 25.03801492208442525 ) ) ;
#3448 = FACE_OUTER_BOUND ( 'NONE', #5425, .T. ) ;
#3449 = DIRECTION ( 'NONE',  ( -0.000000000000000000, -0.000000000000000000, 1.000000000000000000 ) ) ;
#3450 = CARTESIAN_POINT ( 'NONE',  ( 64.55530301089022771, 113.2725079155881645, 22.96499598181155477 ) ) ;
#3451 = CIRCLE ( 'NONE', #5772, 4.000000000000003553 ) ;
#3452 = PLANE ( 'NONE',  #7655 ) ;
#3453 = CARTESIAN_POINT ( 'NONE',  ( 4.416934400429917917E-14, 180.3350322519586939, 70.87866810663061301 ) ) ;
#3454 = EDGE_CURVE ( 'NONE', #3948, #5749, #1551, .T. ) ;
#3455 = ORIENTED_EDGE ( 'NONE', *, *, #1224, .T. ) ;
#3456 = CIRCLE ( 'NONE', #3195, 175.0999999999999943 ) ;
#3457 = EDGE_LOOP ( 'NONE', ( #164, #4265, #2099, #2914, #7957 ) ) ;
#3458 = CARTESIAN_POINT ( 'NONE',  ( -2.208467200214958958E-14, -180.3350322519586939, 70.87866810663061301 ) ) ;
#3459 = DIRECTION ( 'NONE',  ( -0.000000000000000000, -0.000000000000000000, 1.000000000000000000 ) ) ;
#3460 = CARTESIAN_POINT ( 'NONE',  ( -84.28040869090905574, -111.5541998811443989, 25.16872904832592184 ) ) ;
#3461 = CARTESIAN_POINT ( 'NONE',  ( -366.6664699845586028, -183.3332349922793867, -80.88990889983972465 ) ) ;
#3462 = CARTESIAN_POINT ( 'NONE',  ( -350.1999999999999318, 175.0999999999999943, 65.77070040501132553 ) ) ;
#3463 = CIRCLE ( 'NONE', #7749, 82.84312235009910808 ) ;
#3464 = CARTESIAN_POINT ( 'NONE',  ( 617.9357253489444020, 308.9678626744722010, -91.31556125657976963 ) ) ;
#3465 = AXIS2_PLACEMENT_3D ( 'NONE', #6992, #782, #821 ) ;
#3466 = DIRECTION ( 'NONE',  ( 0.000000000000000000, 0.000000000000000000, -1.000000000000000000 ) ) ;
#3467 = ORIENTED_EDGE ( 'NONE', *, *, #2103, .F. ) ;
#3468 = CARTESIAN_POINT ( 'NONE',  ( -147.5999999999999375, 0.000000000000000000, 26.98809383705458487 ) ) ;
#3469 = VERTEX_POINT ( 'NONE', #2165 ) ;
#3470 = CARTESIAN_POINT ( 'NONE',  ( 5.686359184085457485, -138.9052636302566839, 22.41660363604973583 ) ) ;
#3471 = AXIS2_PLACEMENT_3D ( 'NONE', #6463, #2757, #7723 ) ;
#3472 = EDGE_LOOP ( 'NONE', ( #3062, #1513, #6277, #6299 ) ) ;
#3473 = CIRCLE ( 'NONE', #6982, 4.000000000000003553 ) ;
#3474 = DIRECTION ( 'NONE',  ( -0.000000000000000000, -0.000000000000000000, 1.000000000000000000 ) ) ;
#3475 = CARTESIAN_POINT ( 'NONE',  ( 160.6000000000000512, 0.000000000000000000, 46.05937553960620789 ) ) ;
#3476 = CIRCLE ( 'NONE', #5411, 168.5999999999999943 ) ;
#3477 = AXIS2_PLACEMENT_3D ( 'NONE', #6748, #3680, #2435 ) ;
#3478 = CARTESIAN_POINT ( 'NONE',  ( 180.1000000000000227, 0.000000000000000000, 99.49999999999995737 ) ) ;
#3479 = CARTESIAN_POINT ( 'NONE',  ( 166.6000000000000227, 0.000000000000000000, -59.72929959498868158 ) ) ;
#3480 = EDGE_CURVE ( 'NONE', #527, #6689, #524, .T. ) ;
#3481 = CARTESIAN_POINT ( 'NONE',  ( 133.8820645368938358, 39.68487625904045757, 25.12797130018102010 ) ) ;
#3482 = AXIS2_PLACEMENT_3D ( 'NONE', #942, #4656, #310 ) ;
#3483 = CARTESIAN_POINT ( 'NONE',  ( -3.783765040636914280E-14, -308.9678626744722578, 91.31556125657976963 ) ) ;
#3484 = CARTESIAN_POINT ( 'NONE',  ( 133.0552207995864649, 33.67517346950289436, 22.00323707094432635 ) ) ;
#3485 = CARTESIAN_POINT ( 'NONE',  ( 113.7241112761035140, 52.72623291378002364, 19.51017281279724713 ) ) ;
#3486 = DIRECTION ( 'NONE',  ( -1.000000000000000000, 0.000000000000000000, 0.000000000000000000 ) ) ;
#3487 = ORIENTED_EDGE ( 'NONE', *, *, #5173, .F. ) ;
#3488 = AXIS2_PLACEMENT_3D ( 'NONE', #7144, #1588, #6525 ) ;
#3489 = CARTESIAN_POINT ( 'NONE',  ( -132.9765749372844539, 43.78728962887811349, 25.21279313209343798 ) ) ;
#3490 = ORIENTED_EDGE ( 'NONE', *, *, #1565, .T. ) ;
#3491 = ORIENTED_EDGE ( 'NONE', *, *, #2648, .F. ) ;
#3492 = EDGE_CURVE ( 'NONE', #4276, #3591, #7248, .T. ) ;
#3493 = DIRECTION ( 'NONE',  ( 0.000000000000000000, 0.000000000000000000, -1.000000000000000000 ) ) ;
#3494 = CARTESIAN_POINT ( 'NONE',  ( -159.5999999999993406, 0.000000000000000000, -37.60797925142819764 ) ) ;
#3495 = CARTESIAN_POINT ( 'NONE',  ( 65.73153115891871323, 114.0537056103138269, 23.25953562784550499 ) ) ;
#3496 = AXIS2_PLACEMENT_3D ( 'NONE', #2786, #345, #3922 ) ;
#3497 = ADVANCED_FACE ( 'NONE', ( #878 ), #6592, .F. ) ;
#3498 = EDGE_CURVE ( 'NONE', #6456, #3572, #3473, .T. ) ;
#3499 = CARTESIAN_POINT ( 'NONE',  ( 631.9686387462807033, -315.9843193731404085, 83.60197795724438663 ) ) ;
#3500 = CARTESIAN_POINT ( 'NONE',  ( -66.21773571869205455, -114.3300754657806522, 20.80491961516783661 ) ) ;
#3501 = B_SPLINE_CURVE_WITH_KNOTS ( 'NONE', 3,
 ( #3823, #2737, #5815, #3946, #2585, #4565, #6436, #183 ),
 .UNSPECIFIED., .F., .F.,
 ( 4, 2, 2, 4 ),
 ( 0.04740227408538155718, 0.05117895035533526898, 0.05306728849031212142, 0.05495562662528893916 ),
 .UNSPECIFIED. ) ;
#3502 = CIRCLE ( 'NONE', #4534, 122.2006631523987323 ) ;
#3503 = EDGE_LOOP ( 'NONE', ( #5473, #1597 ) ) ;
#3504 = ORIENTED_EDGE ( 'NONE', *, *, #5759, .T. ) ;
#3505 = CARTESIAN_POINT ( 'NONE',  ( 14.65710448143376787, -128.1889321442034770, 22.64930167012784423 ) ) ;
#3506 = LINE ( 'NONE', #2974, #4844 ) ;
#3507 = CARTESIAN_POINT ( 'NONE',  ( -77.85576077270526696, -115.4772039798635035, 25.04265263095182448 ) ) ;
#3508 = CARTESIAN_POINT ( 'NONE',  ( -392.1568789826376360, -196.0784394913189033, -92.26983495602146945 ) ) ;
#3509 = CARTESIAN_POINT ( 'NONE',  ( 0.000000000000000000, 0.000000000000000000, 21.86299596820717639 ) ) ;
#3510 = EDGE_CURVE ( 'NONE', #577, #2532, #3846, .T. ) ;
#3511 = AXIS2_PLACEMENT_3D ( 'NONE', #6784, #3194, #4937 ) ;
#3512 = CARTESIAN_POINT ( 'NONE',  ( 0.000000000000000000, 314.1427079276870131, -87.18980760446915212 ) ) ;
#3513 = CARTESIAN_POINT ( 'NONE',  ( -12.33635523255504829, -133.5435869951336088, 23.83765060649371392 ) ) ;
#3514 = ORIENTED_EDGE ( 'NONE', *, *, #1855, .T. ) ;
#3515 = CARTESIAN_POINT ( 'NONE',  ( 170.0000000000000284, 0.000000000000000000, 99.49999999999995737 ) ) ;
#3516 = ORIENTED_EDGE ( 'NONE', *, *, #458, .F. ) ;
#3517 = CARTESIAN_POINT ( 'NONE',  ( -3.287377352574377465, -139.6586767318384261, 22.57441250680529521 ) ) ;
#3518 = ORIENTED_EDGE ( 'NONE', *, *, #935, .T. ) ;
#3519 = LINE ( 'NONE', #4165, #6445 ) ;
#3520 = CARTESIAN_POINT ( 'NONE',  ( -634.8644529421569587, 317.4322264710783088, -74.34416061146622212 ) ) ;
#3521 = CARTESIAN_POINT ( 'NONE',  ( -111.9837445834182290, -51.96168552396959939, 19.38095414445939468 ) ) ;
#3522 = DIRECTION ( 'NONE',  ( 1.224646799147353207E-16, 1.000000000000000000, 0.000000000000000000 ) ) ;
#3523 = DIRECTION ( 'NONE',  ( -0.000000000000000000, -0.000000000000000000, 1.000000000000000000 ) ) ;
#3524 = CARTESIAN_POINT ( 'NONE',  ( 0.000000000000000000, 0.000000000000000000, 65.77070040501132553 ) ) ;
#3525 = CARTESIAN_POINT ( 'NONE',  ( 168.6000000000000227, 0.000000000000000000, -59.72929959498868158 ) ) ;
#3526 = DIRECTION ( 'NONE',  ( -0.000000000000000000, -0.000000000000000000, 1.000000000000000000 ) ) ;
#3527 = ORIENTED_EDGE ( 'NONE', *, *, #2938, .F. ) ;
#3528 = CARTESIAN_POINT ( 'NONE',  ( 62.63455712863739677, -111.5596515469864443, 22.39594884606047032 ) ) ;
#3529 = ORIENTED_EDGE ( 'NONE', *, *, #943, .F. ) ;
#3530 = DIRECTION ( 'NONE',  ( 1.000000000000000000, 0.000000000000000000, 0.000000000000000000 ) ) ;
#3531 = DIRECTION ( 'NONE',  ( -0.000000000000000000, -0.000000000000000000, 1.000000000000000000 ) ) ;
#3532 = CARTESIAN_POINT ( 'NONE',  ( -8.907370080147872571, 137.0760020919189799, 22.03012232600811515 ) ) ;
#3533 = DIRECTION ( 'NONE',  ( -0.000000000000000000, -0.000000000000000000, 1.000000000000000000 ) ) ;
#3534 = CARTESIAN_POINT ( 'NONE',  ( 118.8820645368937647, 38.62712429686978055, 19.36299596820718705 ) ) ;
#3535 = ADVANCED_FACE ( 'NONE', ( #4631 ), #835, .F. ) ;
#3536 = CARTESIAN_POINT ( 'NONE',  ( 0.000000000000000000, 323.3901367678553811, 99.49999999999998579 ) ) ;
#3537 = VERTEX_POINT ( 'NONE', #6512 ) ;
#3538 = EDGE_CURVE ( 'NONE', #5462, #1999, #7114, .T. ) ;
#3539 = ORIENTED_EDGE ( 'NONE', *, *, #7035, .F. ) ;
#3540 = ADVANCED_FACE ( 'NONE', ( #3296 ), #1521, .T. ) ;
#3541 = CARTESIAN_POINT ( 'NONE',  ( 14.88538633192561456, -127.1396934703872574, 22.41187276813503004 ) ) ;
#3542 = CARTESIAN_POINT ( 'NONE',  ( -60.63729491177605269, -108.9898245311127880, 19.43661872978136174 ) ) ;
#3543 = CARTESIAN_POINT ( 'NONE',  ( -78.20428419444459678, -115.3660799725800246, 25.06673885949243896 ) ) ;
#3544 = CARTESIAN_POINT ( 'NONE',  ( -360.1999999999999886, 180.0999999999999091, -65.77070040501131132 ) ) ;
#3545 = DIRECTION ( 'NONE',  ( 1.000000000000000000, 0.000000000000000000, 0.000000000000000000 ) ) ;
#3546 = CARTESIAN_POINT ( 'NONE',  ( 0.000000000000000000, 308.9678626744722578, -91.31556125657976963 ) ) ;
#3547 = DIRECTION ( 'NONE',  ( -0.000000000000000000, -0.000000000000000000, 1.000000000000000000 ) ) ;
#3548 = ORIENTED_EDGE ( 'NONE', *, *, #5213, .T. ) ;
#3549 = FACE_OUTER_BOUND ( 'NONE', #7236, .T. ) ;
#3550 = CARTESIAN_POINT ( 'NONE',  ( 0.000000000000000000, 0.000000000000000000, 60.27070040501133974 ) ) ;
#3551 = ORIENTED_EDGE ( 'NONE', *, *, #339, .T. ) ;
#3552 = EDGE_CURVE ( 'NONE', #470, #107, #1293, .T. ) ;
#3553 = CARTESIAN_POINT ( 'NONE',  ( -14.31047165777403052, -129.5695514957141370, 20.39334908999809670 ) ) ;
#3554 = VERTEX_POINT ( 'NONE', #7292 ) ;
#3555 = CIRCLE ( 'NONE', #1876, 289.3257808412388954 ) ;
#3556 = CARTESIAN_POINT ( 'NONE',  ( 111.1469494082953560, -51.48222922826419534, 21.86299596820717639 ) ) ;
#3557 = CARTESIAN_POINT ( 'NONE',  ( -630.3439131643131077, 315.1719565821563833, -85.51580406433575376 ) ) ;
#3558 = LINE ( 'NONE', #2346, #4013 ) ;
#3559 = DIRECTION ( 'NONE',  ( -1.000000000000000000, 0.000000000000000000, 0.000000000000000000 ) ) ;
#3560 = CIRCLE ( 'NONE', #2907, 147.5999999999999375 ) ;
#3561 = EDGE_CURVE ( 'NONE', #3323, #5731, #5318, .T. ) ;
#3562 = CARTESIAN_POINT ( 'NONE',  ( 83.08400613783432220, 89.61054624861031925, 21.86299596820718349 ) ) ;
#3563 = CARTESIAN_POINT ( 'NONE',  ( 175.0999999999999943, 0.000000000000000000, 57.77070040501133974 ) ) ;
#3564 = CARTESIAN_POINT ( 'NONE',  ( -3.707820078507285874E-14, -302.7664859034306346, 93.41442136824588260 ) ) ;
#3565 = CARTESIAN_POINT ( 'NONE',  ( 133.5629998392338962, 35.48657851683151421, 22.22424351956320976 ) ) ;
#3566 = CARTESIAN_POINT ( 'NONE',  ( 83.12497302557993351, 112.6149223357250406, 22.63878142762339252 ) ) ;
#3567 = AXIS2_PLACEMENT_3D ( 'NONE', #2568, #3654, #4868 ) ;
#3568 = DIRECTION ( 'NONE',  ( 0.000000000000000000, 0.000000000000000000, -1.000000000000000000 ) ) ;
#3569 = ORIENTED_EDGE ( 'NONE', *, *, #4596, .F. ) ;
#3570 = CARTESIAN_POINT ( 'NONE',  ( 0.000000000000000000, 0.000000000000000000, 35.77057939344513215 ) ) ;
#3571 = VECTOR ( 'NONE', #1429, 1000.000000000000000 ) ;
#3572 = VERTEX_POINT ( 'NONE', #1162 ) ;
#3573 = DIRECTION ( 'NONE',  ( 1.000000000000000000, 0.000000000000000000, 0.000000000000000000 ) ) ;
#3574 = CARTESIAN_POINT ( 'NONE',  ( -9.885246239481229935, 136.3122137470876396, 21.86750656982631114 ) ) ;
#3575 = CARTESIAN_POINT ( 'NONE',  ( -111.3888162444957857, 51.63427117178775205, 21.86299596820717994 ) ) ;
#3576 = CARTESIAN_POINT ( 'NONE',  ( 7.662351684329833206E-14, 312.8392484128754631, 88.68418937925814305 ) ) ;
#3577 = CIRCLE ( 'NONE', #6293, 129.5927812626564162 ) ;
#3578 = CARTESIAN_POINT ( 'NONE',  ( 0.000000000000000000, 317.5131292087049815, -70.21990042098286722 ) ) ;
#3579 = ORIENTED_EDGE ( 'NONE', *, *, #6636, .F. ) ;
#3580 = ORIENTED_EDGE ( 'NONE', *, *, #3345, .F. ) ;
#3581 = CARTESIAN_POINT ( 'NONE',  ( -133.7946809914014352, -36.97750225286931425, 24.93503611413028054 ) ) ;
#3582 = CIRCLE ( 'NONE', #874, 4.000000000000000000 ) ;
#3583 = DIRECTION ( 'NONE',  ( -0.000000000000000000, -1.000000000000000000, -0.000000000000000000 ) ) ;
#3584 = CARTESIAN_POINT ( 'NONE',  ( -67.66841228783624729, -114.9630793055031575, 23.67130039857527279 ) ) ;
#3585 = EDGE_CURVE ( 'NONE', #7842, #4954, #1453, .T. ) ;
#3586 = CARTESIAN_POINT ( 'NONE',  ( -388.9746013897346870, 194.4873006948672582, -91.56960896611400358 ) ) ;
#3587 = B_SPLINE_CURVE_WITH_KNOTS ( 'NONE', 3,
 ( #4932, #4289, #6741, #6779, #6076, #4368, #7954, #1783 ),
 .UNSPECIFIED., .F., .F.,
 ( 4, 2, 2, 4 ),
 ( 0.008200396579537787972, 0.009123496886284951715, 0.01004659719303211546, 0.01189279780652644294 ),
 .UNSPECIFIED. ) ;
#3588 = CARTESIAN_POINT ( 'NONE',  ( -165.0999999999999943, 0.000000000000000000, -45.22929959498868158 ) ) ;
#3589 = DIRECTION ( 'NONE',  ( 1.000000000000000000, 0.000000000000000000, 0.000000000000000000 ) ) ;
#3590 = CIRCLE ( 'NONE', #6178, 317.5000000000000000 ) ;
#3591 = VERTEX_POINT ( 'NONE', #447 ) ;
#3592 = DIRECTION ( 'NONE',  ( -0.000000000000000000, -0.000000000000000000, 1.000000000000000000 ) ) ;
#3593 = DIRECTION ( 'NONE',  ( -0.000000000000000000, -0.000000000000000000, 1.000000000000000000 ) ) ;
#3594 = ORIENTED_EDGE ( 'NONE', *, *, #5330, .T. ) ;
#3595 = CARTESIAN_POINT ( 'NONE',  ( 2.894174880992670840, -139.7239442428203233, 22.58804140404935978 ) ) ;
#3596 = CIRCLE ( 'NONE', #2305, 6.349999999999999645 ) ;
#3597 = AXIS2_PLACEMENT_3D ( 'NONE', #1322, #2482, #4942 ) ;
#3598 = CARTESIAN_POINT ( 'NONE',  ( 133.8820645368937789, 38.62712429686978055, 25.05948377397437099 ) ) ;
#3599 = CARTESIAN_POINT ( 'NONE',  ( -631.9686387462807033, 315.9843193731401811, -83.60197795724438663 ) ) ;
#3600 = EDGE_CURVE ( 'NONE', #470, #3591, #4752, .T. ) ;
#3601 = EDGE_CURVE ( 'NONE', #364, #6891, #404, .T. ) ;
#3602 = AXIS2_PLACEMENT_3D ( 'NONE', #2795, #792, #5268 ) ;
#3603 = DIRECTION ( 'NONE',  ( -0.000000000000000000, -0.000000000000000000, 1.000000000000000000 ) ) ;
#3604 = CIRCLE ( 'NONE', #7625, 6.349999999999997868 ) ;
#3605 = DIRECTION ( 'NONE',  ( -0.000000000000000000, 0.000000000000000000, 1.000000000000000000 ) ) ;
#3606 = DIRECTION ( 'NONE',  ( 0.000000000000000000, 0.000000000000000000, 1.000000000000000000 ) ) ;
#3607 = DIRECTION ( 'NONE',  ( -0.000000000000000000, -0.000000000000000000, 1.000000000000000000 ) ) ;
#3608 = DIRECTION ( 'NONE',  ( 1.000000000000000000, 0.000000000000000000, 0.000000000000000000 ) ) ;
#3609 = VECTOR ( 'NONE', #7001, 1000.000000000000000 ) ;
#3610 = AXIS2_PLACEMENT_3D ( 'NONE', #1340, #7499, #3663 ) ;
#3611 = EDGE_CURVE ( 'NONE', #6285, #1723, #5792, .T. ) ;
#3612 = DIRECTION ( 'NONE',  ( -1.000000000000000000, 0.000000000000000000, 0.000000000000000000 ) ) ;
#3613 = VERTEX_POINT ( 'NONE', #4304 ) ;
#3614 = CARTESIAN_POINT ( 'NONE',  ( -123.0029188354697709, 53.05933703324305384, 23.80183770733690096 ) ) ;
#3615 = AXIS2_PLACEMENT_3D ( 'NONE', #6078, #6819, #507 ) ;
#3616 = ORIENTED_EDGE ( 'NONE', *, *, #3355, .F. ) ;
#3617 = FACE_BOUND ( 'NONE', #7528, .T. ) ;
#3618 = CARTESIAN_POINT ( 'NONE',  ( -11.31506499106273012, 134.8557463593233763, 21.55471045142944320 ) ) ;
#3619 = CARTESIAN_POINT ( 'NONE',  ( -131.4247906647195236, -46.87013616605427302, 22.53622898025205856 ) ) ;
#3620 = AXIS2_PLACEMENT_3D ( 'NONE', #6057, #5975, #5325 ) ;
#3621 = CARTESIAN_POINT ( 'NONE',  ( -3.842272632720390632E-14, -313.7453701259441345, 87.70311822632901055 ) ) ;
#3622 = CARTESIAN_POINT ( 'NONE',  ( 110.8990637958520438, -51.32640377125169096, 19.36299596820708402 ) ) ;
#3623 = ORIENTED_EDGE ( 'NONE', *, *, #6305, .T. ) ;
#3624 = EDGE_LOOP ( 'NONE', ( #6396, #1702, #2874, #1493 ) ) ;
#3625 = CARTESIAN_POINT ( 'NONE',  ( 15.00000000000000178, -126.0769779107889548, 22.22430923573201511 ) ) ;
#3626 = AXIS2_PLACEMENT_3D ( 'NONE', #2409, #6133, #6681 ) ;
#3627 = CARTESIAN_POINT ( 'NONE',  ( -63.94909740123711117, -112.7155796549784696, 20.21482714528789870 ) ) ;
#3628 = DIRECTION ( 'NONE',  ( 0.000000000000000000, 0.000000000000000000, -1.000000000000000000 ) ) ;
#3629 = CARTESIAN_POINT ( 'NONE',  ( 88.05497698053726197, -104.6625898225212694, 24.46006813683531789 ) ) ;
#3630 = CARTESIAN_POINT ( 'NONE',  ( 3.543218914180317879E-14, -289.3257808412388954, -99.49999999999998579 ) ) ;
#3631 = AXIS2_PLACEMENT_3D ( 'NONE', #4658, #7153, #3612 ) ;
#3632 = EDGE_LOOP ( 'NONE', ( #986, #1119, #3748, #5956 ) ) ;
#3633 = CARTESIAN_POINT ( 'NONE',  ( 103.8820645368945605, -38.62712429686728655, 14.49999999999999822 ) ) ;
#3634 = ORIENTED_EDGE ( 'NONE', *, *, #2736, .F. ) ;
#3635 = CARTESIAN_POINT ( 'NONE',  ( 83.08400613783629751, -89.61054624860850026, 19.36299596820717994 ) ) ;
#3636 = TOROIDAL_SURFACE ( 'NONE', #426, 168.5999999999999943, 6.500000000000000000 ) ;
#3637 = DIRECTION ( 'NONE',  ( 0.000000000000000000, 0.000000000000000000, -1.000000000000000000 ) ) ;
#3638 = CARTESIAN_POINT ( 'NONE',  ( -7.733307745620999195E-14, 315.7362494641405988, -84.26865681888700976 ) ) ;
#3639 = CARTESIAN_POINT ( 'NONE',  ( 61.01363997890102553, -109.5027031947893335, 19.51027244113049264 ) ) ;
#3640 = FACE_OUTER_BOUND ( 'NONE', #5100, .T. ) ;
#3641 = CARTESIAN_POINT ( 'NONE',  ( 88.42441534862325625, 102.5243335344274271, 21.56836516495980760 ) ) ;
#3642 = DIRECTION ( 'NONE',  ( 1.000000000000000000, 0.000000000000000000, 0.000000000000000000 ) ) ;
#3643 = EDGE_LOOP ( 'NONE', ( #2663, #7451, #704, #2814 ) ) ;
#3644 = DIRECTION ( 'NONE',  ( -0.000000000000000000, -0.000000000000000000, 1.000000000000000000 ) ) ;
#3645 = ORIENTED_EDGE ( 'NONE', *, *, #4228, .F. ) ;
#3646 = ADVANCED_FACE ( 'NONE', ( #7365 ), #6318, .F. ) ;
#3647 = CARTESIAN_POINT ( 'NONE',  ( -15.00000000000000533, -126.0781319137958860, 22.22445148450330521 ) ) ;
#3648 = CARTESIAN_POINT ( 'NONE',  ( 79.22197292945624270, 114.9864567248571348, 25.12765102536989303 ) ) ;
#3649 = CARTESIAN_POINT ( 'NONE',  ( 625.6784968257508126, -312.8392484128755200, 88.68418937925815726 ) ) ;
#3650 = CARTESIAN_POINT ( 'NONE',  ( 0.000000000000000000, 0.000000000000000000, 65.77070040501132553 ) ) ;
#3651 = ORIENTED_EDGE ( 'NONE', *, *, #1040, .T. ) ;
#3652 = ADVANCED_FACE ( 'NONE', ( #7968 ), #5531, .T. ) ;
#3653 = DIRECTION ( 'NONE',  ( 0.000000000000000000, -0.000000000000000000, 1.000000000000000000 ) ) ;
#3654 = DIRECTION ( 'NONE',  ( -0.000000000000000000, -0.000000000000000000, 1.000000000000000000 ) ) ;
#3655 = CARTESIAN_POINT ( 'NONE',  ( -9.136357207491039745, 136.9041978977006409, 24.56088000643828551 ) ) ;
#3656 = CARTESIAN_POINT ( 'NONE',  ( 0.000000000000000000, 0.000000000000000000, -65.77070040501132553 ) ) ;
#3657 = B_SPLINE_CURVE_WITH_KNOTS ( 'NONE', 3,
 ( #2461, #1299, #4921, #6183, #7417, #3749, #6229, #1850, #1252, #2535 ),
 .UNSPECIFIED., .F., .F.,
 ( 4, 2, 2, 2, 4 ),
 ( 0.07039075091924053285, 0.07227905619610090759, 0.07322320883453108109, 0.07416736147296125459, 0.07794397202668197633 ),
 .UNSPECIFIED. ) ;
#3658 = CARTESIAN_POINT ( 'NONE',  ( 82.67140846058379111, -112.9979242276715894, 25.21509361931339299 ) ) ;
#3659 = CARTESIAN_POINT ( 'NONE',  ( 0.000000000000000000, 289.3257808412388954, -94.49999999999998579 ) ) ;
#3660 = DIRECTION ( 'NONE',  ( 0.000000000000000000, 0.000000000000000000, 1.000000000000000000 ) ) ;
#3661 = CARTESIAN_POINT ( 'NONE',  ( -88.03716212079226011, 97.41853020186155732, 20.61446640132637498 ) ) ;
#3662 = ORIENTED_EDGE ( 'NONE', *, *, #1687, .T. ) ;
#3663 = DIRECTION ( 'NONE',  ( 1.000000000000000000, 0.000000000000000000, 0.000000000000000000 ) ) ;
#3664 = CARTESIAN_POINT ( 'NONE',  ( -322.5000000000000000, 3.949485927250214208E-14, 65.77070040501132553 ) ) ;
#3665 = FACE_OUTER_BOUND ( 'NONE', #6961, .T. ) ;
#3666 = CARTESIAN_POINT ( 'NONE',  ( 103.8820645368937647, 38.62712429686978055, 14.49999999999999822 ) ) ;
#3667 = CARTESIAN_POINT ( 'NONE',  ( 61.75283253462595212, -110.5092285392846065, 19.65508285237959996 ) ) ;
#3668 = ORIENTED_EDGE ( 'NONE', *, *, #2612, .F. ) ;
#3669 = DIRECTION ( 'NONE',  ( 1.000000000000000000, 0.000000000000000000, 0.000000000000000000 ) ) ;
#3670 = CARTESIAN_POINT ( 'NONE',  ( 88.47315653655793710, 101.1271242968693684, 23.89698163186445257 ) ) ;
#3671 = FACE_OUTER_BOUND ( 'NONE', #7718, .T. ) ;
#3672 = EDGE_CURVE ( 'NONE', #179, #654, #3272, .T. ) ;
#3673 = CARTESIAN_POINT ( 'NONE',  ( 66.21773571869120190, 114.3300754657811495, 20.80491961516783661 ) ) ;
#3674 = B_SPLINE_CURVE_WITH_KNOTS ( 'NONE', 3,
 ( #2349, #5295, #4124, #427, #2867, #7224, #5372, #6694 ),
 .UNSPECIFIED., .F., .F.,
 ( 4, 2, 2, 4 ),
 ( 9.134320353795219704E-07, 0.003151723122927761658, 0.004727127968373948108, 0.006302532813820134992 ),
 .UNSPECIFIED. ) ;
#3675 = DIRECTION ( 'NONE',  ( 1.000000000000000000, 0.000000000000000000, 0.000000000000000000 ) ) ;
#3676 = ADVANCED_FACE ( 'NONE', ( #1801 ), #681, .F. ) ;
#3677 = VERTEX_POINT ( 'NONE', #5593 ) ;
#3678 = CARTESIAN_POINT ( 'NONE',  ( -133.8820645368943474, -38.62712429686891369, 22.49219463776510253 ) ) ;
#3679 = ORIENTED_EDGE ( 'NONE', *, *, #7591, .T. ) ;
#3680 = DIRECTION ( 'NONE',  ( -0.000000000000000000, -0.000000000000000000, 1.000000000000000000 ) ) ;
#3681 = AXIS2_PLACEMENT_3D ( 'NONE', #1309, #6238, #1382 ) ;
#3682 = CARTESIAN_POINT ( 'NONE',  ( 13.54716656812997044, 131.4528855817276849, 20.81187663387517617 ) ) ;
#3683 = CARTESIAN_POINT ( 'NONE',  ( 83.08400613783629751, -89.61054624860850026, 19.36299596820717994 ) ) ;
#3684 = DIRECTION ( 'NONE',  ( -0.000000000000000000, -0.000000000000000000, 1.000000000000000000 ) ) ;
#3685 = CARTESIAN_POINT ( 'NONE',  ( -3.855874569634602512E-14, -314.8560525630094276, 86.09637062918555728 ) ) ;
#3686 = EDGE_CURVE ( 'NONE', #917, #3887, #5508, .T. ) ;
#3687 = EDGE_CURVE ( 'NONE', #672, #4580, #2820, .T. ) ;
#3688 = AXIS2_PLACEMENT_3D ( 'NONE', #5386, #7845, #5875 ) ;
#3689 = VERTEX_POINT ( 'NONE', #49 ) ;
#3690 = CARTESIAN_POINT ( 'NONE',  ( 0.000000000000000000, 0.000000000000000000, 36.24442096338251673 ) ) ;
#3691 = DIRECTION ( 'NONE',  ( -0.000000000000000000, -0.000000000000000000, 1.000000000000000000 ) ) ;
#3692 = CARTESIAN_POINT ( 'NONE',  ( -4.631666506718540965, 139.2735091981939206, 25.06110316108559388 ) ) ;
#3693 = CARTESIAN_POINT ( 'NONE',  ( 122.0708122326769569, 23.96659566403486608, 19.43605055200625742 ) ) ;
#3694 = AXIS2_PLACEMENT_3D ( 'NONE', #7581, #887, #1456 ) ;
#3695 = CARTESIAN_POINT ( 'NONE',  ( 77.85953044542988266, -115.4760594844968296, 25.04292303253536645 ) ) ;
#3696 = ADVANCED_FACE ( 'NONE', ( #5632 ), #3166, .F. ) ;
#3697 = DIRECTION ( 'NONE',  ( 1.000000000000000000, 0.000000000000000000, 0.000000000000000000 ) ) ;
#3698 = ORIENTED_EDGE ( 'NONE', *, *, #486, .F. ) ;
#3699 = DIRECTION ( 'NONE',  ( -0.000000000000000000, -0.000000000000000000, 1.000000000000000000 ) ) ;
#3700 = CIRCLE ( 'NONE', #1264, 1.500000000000001332 ) ;
#3701 = ORIENTED_EDGE ( 'NONE', *, *, #2715, .T. ) ;
#3702 = CARTESIAN_POINT ( 'NONE',  ( -85.76605329604352335, 109.7301749522315504, 22.47538344076238914 ) ) ;
#3703 = ORIENTED_EDGE ( 'NONE', *, *, #1229, .T. ) ;
#3704 = CARTESIAN_POINT ( 'NONE',  ( 0.000000000000000000, 296.8710583295711558, 94.26337537733878946 ) ) ;
#3705 = DIRECTION ( 'NONE',  ( -1.000000000000000000, 0.000000000000000000, 0.000000000000000000 ) ) ;
#3706 = CARTESIAN_POINT ( 'NONE',  ( -624.6602274444683189, 312.3301137222339889, -89.15235216125219608 ) ) ;
#3707 = CYLINDRICAL_SURFACE ( 'NONE', #1321, 175.0999999999999943 ) ;
#3708 = CARTESIAN_POINT ( 'NONE',  ( 87.43752864692987714, 95.65023543885308754, 20.21482714528789870 ) ) ;
#3709 = B_SPLINE_CURVE_WITH_KNOTS ( 'NONE', 3,
 ( #4125, #4690, #3521, #7184, #5946, #1625, #3956, #1020 ),
 .UNSPECIFIED., .F., .F.,
 ( 4, 2, 2, 4 ),
 ( 0.04742444653239700353, 0.04931249435209966725, 0.05120054217180233791, 0.05497663781120770005 ),
 .UNSPECIFIED. ) ;
#3710 = VERTEX_POINT ( 'NONE', #7444 ) ;
#3711 = DIRECTION ( 'NONE',  ( 1.000000000000000000, 0.000000000000000000, 0.000000000000000000 ) ) ;
#3712 = CIRCLE ( 'NONE', #4749, 4.000000000000003553 ) ;
#3713 = AXIS2_PLACEMENT_3D ( 'NONE', #6655, #2821, #1061 ) ;
#3714 = CARTESIAN_POINT ( 'NONE',  ( 0.000000000000000000, 180.1000000000000227, 65.77070040501132553 ) ) ;
#3715 = DIRECTION ( 'NONE',  ( -0.000000000000000000, -0.000000000000000000, 1.000000000000000000 ) ) ;
#3716 = DIRECTION ( 'NONE',  ( 1.000000000000000000, 0.000000000000000000, 0.000000000000000000 ) ) ;
#3717 = CARTESIAN_POINT ( 'NONE',  ( 88.21637285750163926, 103.9133081439527473, 21.78344519575291116 ) ) ;
#3718 = B_SPLINE_CURVE_WITH_KNOTS ( 'NONE', 3,
 ( #3802, #784, #5023, #3245, #3886, #6248, #116, #2029, #1989, #1438 ),
 .UNSPECIFIED., .F., .F.,
 ( 4, 2, 2, 2, 4 ),
 ( 0.007469932866464770033, 0.009207661677527342187, 0.01007652608305862826, 0.01094539048858991434, 0.01442084811071494242 ),
 .UNSPECIFIED. ) ;
#3719 = AXIS2_PLACEMENT_3D ( 'NONE', #5320, #5970, #6598 ) ;
#3720 = CARTESIAN_POINT ( 'NONE',  ( 13.23383171960088234, -132.1124394553057755, 23.52483785205067335 ) ) ;
#3721 = AXIS2_PLACEMENT_3D ( 'NONE', #969, #5123, #4529 ) ;
#3722 = ORIENTED_EDGE ( 'NONE', *, *, #3211, .F. ) ;
#3723 = DIRECTION ( 'NONE',  ( -1.000000000000000000, 0.000000000000000000, 0.000000000000000000 ) ) ;
#3724 = ADVANCED_FACE ( 'NONE', ( #1879 ), #4987, .F. ) ;
#3725 = ORIENTED_EDGE ( 'NONE', *, *, #5811, .T. ) ;
#3726 = FACE_BOUND ( 'NONE', #2152, .T. ) ;
#3727 = CIRCLE ( 'NONE', #7893, 168.5999999999999943 ) ;
#3728 = CARTESIAN_POINT ( 'NONE',  ( -4.507856193739218753, 139.3126514624617869, 22.50201237052075243 ) ) ;
#3729 = CARTESIAN_POINT ( 'NONE',  ( -128.3498125095146634, -50.27292710731673253, 22.14197802554601324 ) ) ;
#3730 = CARTESIAN_POINT ( 'NONE',  ( 118.8820645368937647, 38.62712429686978055, 14.49999999999999822 ) ) ;
#3731 = CARTESIAN_POINT ( 'NONE',  ( -3.866653872810499597E-14, -315.7362494641405988, 84.26865681888700976 ) ) ;
#3732 = CARTESIAN_POINT ( 'NONE',  ( -87.98171549264129965, -104.9516615630252687, 21.93347444357795695 ) ) ;
#3733 = CIRCLE ( 'NONE', #7256, 15.00000000000000355 ) ;
#3734 = EDGE_CURVE ( 'NONE', #6301, #5758, #7372, .T. ) ;
#3735 = ORIENTED_EDGE ( 'NONE', *, *, #4986, .F. ) ;
#3736 = ORIENTED_EDGE ( 'NONE', *, *, #1442, .T. ) ;
#3737 = CARTESIAN_POINT ( 'NONE',  ( -3.949485927250214208E-14, -322.5000000000000000, 83.74324804101253505 ) ) ;
#3738 = LINE ( 'NONE', #4268, #4727 ) ;
#3739 = EDGE_CURVE ( 'NONE', #4706, #6426, #123, .T. ) ;
#3740 = CARTESIAN_POINT ( 'NONE',  ( -14.47767031229738066, 129.0136550437959784, 22.83592560745029942 ) ) ;
#3741 = ADVANCED_FACE ( 'NONE', ( #1443 ), #5103, .F. ) ;
#3742 = CARTESIAN_POINT ( 'NONE',  ( 0.000000000000000000, 313.7453701259441345, 87.70311822632901055 ) ) ;
#3743 = CARTESIAN_POINT ( 'NONE',  ( 0.000000000000000000, 0.000000000000000000, 14.90333958598047381 ) ) ;
#3744 = FACE_OUTER_BOUND ( 'NONE', #4293, .T. ) ;
#3745 = ORIENTED_EDGE ( 'NONE', *, *, #5222, .T. ) ;
#3746 = CYLINDRICAL_SURFACE ( 'NONE', #5441, 42.00000000000000000 ) ;
#3747 = CARTESIAN_POINT ( 'NONE',  ( -88.36257595884175942, 99.24973438136380821, 20.98375687136077516 ) ) ;
#3748 = ORIENTED_EDGE ( 'NONE', *, *, #641, .T. ) ;
#3749 = CARTESIAN_POINT ( 'NONE',  ( -85.27570713308358563, 91.86431294971517048, 19.51376558699865527 ) ) ;
#3750 = EDGE_CURVE ( 'NONE', #2536, #4838, #2698, .T. ) ;
#3751 = CARTESIAN_POINT ( 'NONE',  ( -147.5999999999999375, 1.807578675541492428E-14, 36.24442096338251673 ) ) ;
#3752 = DIRECTION ( 'NONE',  ( -0.7071067811865369146, 0.000000000000000000, -0.7071067811865580088 ) ) ;
#3753 = AXIS2_PLACEMENT_3D ( 'NONE', #6331, #2519, #3842 ) ;
#3754 = CARTESIAN_POINT ( 'NONE',  ( 60.67530353821331346, -108.9764040213130585, 19.45536440197439987 ) ) ;
#3755 = ORIENTED_EDGE ( 'NONE', *, *, #2602, .T. ) ;
#3756 = DIRECTION ( 'NONE',  ( 0.000000000000000000, 0.000000000000000000, -1.000000000000000000 ) ) ;
#3757 = CIRCLE ( 'NONE', #7537, 15.00000000000000000 ) ;
#3758 = CARTESIAN_POINT ( 'NONE',  ( 3.888253587292846634E-14, -317.5000000000000000, -65.77070040501132553 ) ) ;
#3759 = DIRECTION ( 'NONE',  ( 1.000000000000000000, 0.000000000000000000, 0.000000000000000000 ) ) ;
#3760 = DIRECTION ( 'NONE',  ( 0.000000000000000000, 0.000000000000000000, -1.000000000000000000 ) ) ;
#3761 = AXIS2_PLACEMENT_3D ( 'NONE', #4975, #3833, #5015 ) ;
#3762 = ORIENTED_EDGE ( 'NONE', *, *, #1377, .T. ) ;
#3763 = CARTESIAN_POINT ( 'NONE',  ( 80.00000000000000000, 0.000000000000000000, 27.00000000000000000 ) ) ;
#3764 = CARTESIAN_POINT ( 'NONE',  ( 0.000000000000000000, 208.2742191587611558, 99.50000000000000000 ) ) ;
#3765 = CARTESIAN_POINT ( 'NONE',  ( 0.000000000000000000, 317.5131292087049815, 70.21990042098286722 ) ) ;
#3766 = CARTESIAN_POINT ( 'NONE',  ( -63.48971720767362825, -112.3222544509346505, 22.64930167012784779 ) ) ;
#3767 = CARTESIAN_POINT ( 'NONE',  ( -133.6715922048093148, 41.18262247524206998, 22.61548531002613416 ) ) ;
#3768 = CARTESIAN_POINT ( 'NONE',  ( 3.887423600940240503E-14, -317.4322264710784793, -74.34416061146623633 ) ) ;
#3769 = ORIENTED_EDGE ( 'NONE', *, *, #655, .T. ) ;
#3770 = ORIENTED_EDGE ( 'NONE', *, *, #5810, .F. ) ;
#3771 = DIRECTION ( 'NONE',  ( 0.000000000000000000, 0.000000000000000000, -1.000000000000000000 ) ) ;
#3772 = CARTESIAN_POINT ( 'NONE',  ( 0.000000000000000000, 308.1065411911690717, 91.70875513312377336 ) ) ;
#3773 = EDGE_CURVE ( 'NONE', #787, #7563, #2957, .T. ) ;
#3774 = CARTESIAN_POINT ( 'NONE',  ( 128.0143448656229168, -26.66190414750743543, 20.48759108946230612 ) ) ;
#3775 = DIRECTION ( 'NONE',  ( 0.000000000000000000, 0.000000000000000000, -1.000000000000000000 ) ) ;
#3776 = VERTEX_POINT ( 'NONE', #4551 ) ;
#3777 = EDGE_CURVE ( 'NONE', #4200, #6285, #3209, .T. ) ;
#3778 = EDGE_LOOP ( 'NONE', ( #7155, #863, #2738, #7644, #6004 ) ) ;
#3779 = ORIENTED_EDGE ( 'NONE', *, *, #975, .T. ) ;
#3780 = CARTESIAN_POINT ( 'NONE',  ( -77.17160470095477365, 115.6683877108379619, 22.42344619488451585 ) ) ;
#3781 = ORIENTED_EDGE ( 'NONE', *, *, #6786, .F. ) ;
#3782 = CYLINDRICAL_SURFACE ( 'NONE', #645, 6.350000000000001421 ) ;
#3783 = DIRECTION ( 'NONE',  ( 0.000000000000000000, 0.000000000000000000, 1.000000000000000000 ) ) ;
#3784 = ADVANCED_FACE ( 'NONE', ( #5794 ), #4102, .T. ) ;
#3785 = LINE ( 'NONE', #7345, #4732 ) ;
#3786 = VERTEX_POINT ( 'NONE', #7566 ) ;
#3787 = DIRECTION ( 'NONE',  ( 1.000000000000000000, 0.000000000000000000, 0.000000000000000000 ) ) ;
#3788 = ORIENTED_EDGE ( 'NONE', *, *, #2123, .F. ) ;
#3789 = CARTESIAN_POINT ( 'NONE',  ( 2.441942374755004378E-14, -199.3997270441714136, -93.38869490038416643 ) ) ;
#3790 = DIRECTION ( 'NONE',  ( -1.000000000000000000, 1.224646799147349509E-16, 0.000000000000000000 ) ) ;
#3791 = CARTESIAN_POINT ( 'NONE',  ( 0.000000000000000000, 125.0000000000000000, 19.36299596820719060 ) ) ;
#3792 = COORDINATED_UNIVERSAL_TIME_OFFSET ( 10, 0, .AHEAD. ) ;
#3793 = CARTESIAN_POINT ( 'NONE',  ( -80.85127622272467818, 114.2072359004743305, 25.19600810873852126 ) ) ;
#3794 = VERTEX_POINT ( 'NONE', #7645 ) ;
#3795 = EDGE_CURVE ( 'NONE', #6374, #48, #23, .T. ) ;
#3796 = DIRECTION ( 'NONE',  ( 1.000000000000000000, 0.000000000000000000, 0.000000000000000000 ) ) ;
#3797 = ORIENTED_EDGE ( 'NONE', *, *, #6619, .T. ) ;
#3798 = CARTESIAN_POINT ( 'NONE',  ( 0.000000000000000000, 0.000000000000000000, 56.27070040501133974 ) ) ;
#3799 = CARTESIAN_POINT ( 'NONE',  ( 0.000000000000000000, 317.3374506010286495, 76.28597499736081033 ) ) ;
#3800 = CARTESIAN_POINT ( 'NONE',  ( 0.000000000000000000, 0.000000000000000000, 22.64930167012783713 ) ) ;
#3801 = CARTESIAN_POINT ( 'NONE',  ( 147.5999999999999375, 0.000000000000000000, 35.77057939344513215 ) ) ;
#3802 = CARTESIAN_POINT ( 'NONE',  ( 119.8881304610666803, -23.66090128114888103, 21.86299596820718349 ) ) ;
#3803 = VERTEX_POINT ( 'NONE', #6377 ) ;
#3804 = EDGE_LOOP ( 'NONE', ( #5551, #1758 ) ) ;
#3805 = ORIENTED_EDGE ( 'NONE', *, *, #2841, .F. ) ;
#3806 = CARTESIAN_POINT ( 'NONE',  ( -128.5837475874412235, -27.11444527738896326, 23.20647492275484325 ) ) ;
#3807 = DIRECTION ( 'NONE',  ( 1.224646799147353207E-16, 1.000000000000000000, 0.000000000000000000 ) ) ;
#3808 = CARTESIAN_POINT ( 'NONE',  ( 0.000000000000000000, 0.000000000000000000, 17.00000000000000000 ) ) ;
#3809 = CARTESIAN_POINT ( 'NONE',  ( -124.7887210616398193, -24.78182934607335852, 19.72924183915133156 ) ) ;
#3810 = CARTESIAN_POINT ( 'NONE',  ( 126.9602443907738802, -25.98817615042811013, 20.21482714528789870 ) ) ;
#3811 = CIRCLE ( 'NONE', #4470, 6.350000000000000533 ) ;
#3812 = CARTESIAN_POINT ( 'NONE',  ( 4.926256632725415818E-14, 201.1296904607625322, 93.80705434439103385 ) ) ;
#3813 = VERTEX_POINT ( 'NONE', #7721 ) ;
#3814 = ORIENTED_EDGE ( 'NONE', *, *, #415, .F. ) ;
#3815 = ORIENTED_EDGE ( 'NONE', *, *, #5222, .F. ) ;
#3816 = EDGE_CURVE ( 'NONE', #6456, #5142, #7074, .T. ) ;
#3817 = CARTESIAN_POINT ( 'NONE',  ( -86.86662230416420982, 107.9176990950308976, 22.30322153101485227 ) ) ;
#3818 = ORIENTED_EDGE ( 'NONE', *, *, #3600, .F. ) ;
#3819 = VECTOR ( 'NONE', #2988, 1000.000000000000000 ) ;
#3820 = CARTESIAN_POINT ( 'NONE',  ( 2.401268333048516338E-14, -196.0784394913188748, -92.26983495602148366 ) ) ;
#3821 = DIRECTION ( 'NONE',  ( -1.000000000000000000, 0.000000000000000000, -0.000000000000000000 ) ) ;
#3822 = AXIS2_PLACEMENT_3D ( 'NONE', #254, #5695, #1538 ) ;
#3823 = CARTESIAN_POINT ( 'NONE',  ( -119.8881304610665381, 23.66090128114968039, 19.36299596820718705 ) ) ;
#3824 = VERTEX_POINT ( 'NONE', #278 ) ;
#3825 = DIRECTION ( 'NONE',  ( 1.000000000000000000, 0.000000000000000000, 0.000000000000000000 ) ) ;
#3826 = FACE_OUTER_BOUND ( 'NONE', #4358, .T. ) ;
#3827 = AXIS2_PLACEMENT_3D ( 'NONE', #3191, #3829, #845 ) ;
#3828 = EDGE_CURVE ( 'NONE', #4984, #1168, #6414, .T. ) ;
#3829 = DIRECTION ( 'NONE',  ( -0.000000000000000000, -0.000000000000000000, 1.000000000000000000 ) ) ;
#3830 = EDGE_CURVE ( 'NONE', #6881, #2485, #1302, .T. ) ;
#3831 = DIRECTION ( 'NONE',  ( -0.000000000000000000, -0.000000000000000000, 1.000000000000000000 ) ) ;
#3832 = COORDINATED_UNIVERSAL_TIME_OFFSET ( 10, 0, .AHEAD. ) ;
#3833 = DIRECTION ( 'NONE',  ( -0.000000000000000000, -0.000000000000000000, 1.000000000000000000 ) ) ;
#3834 = CARTESIAN_POINT ( 'NONE',  ( 130.5877870623209560, -29.24192039824778178, 23.76984534209568523 ) ) ;
#3835 = CARTESIAN_POINT ( 'NONE',  ( 133.4431205615031217, -42.26732943925910746, 25.20737613499170848 ) ) ;
#3836 = CARTESIAN_POINT ( 'NONE',  ( 128.0882817560337514, 50.48125169003440504, 24.67020259102439894 ) ) ;
#3837 = DIRECTION ( 'NONE',  ( 1.000000000000000000, 0.000000000000000000, 0.000000000000000000 ) ) ;
#3838 = EDGE_CURVE ( 'NONE', #4984, #1556, #5688, .T. ) ;
#3839 = DIRECTION ( 'NONE',  ( -0.000000000000000000, -0.000000000000000000, 1.000000000000000000 ) ) ;
#3840 = DIRECTION ( 'NONE',  ( 1.000000000000000000, 0.000000000000000000, 0.000000000000000000 ) ) ;
#3841 = CIRCLE ( 'NONE', #4500, 322.5000000000000000 ) ;
#3842 = DIRECTION ( 'NONE',  ( 1.000000000000000000, 0.000000000000000000, 0.000000000000000000 ) ) ;
#3843 = ORIENTED_EDGE ( 'NONE', *, *, #6465, .T. ) ;
#3844 = EDGE_LOOP ( 'NONE', ( #7084, #3679, #906, #2174, #7300, #5789, #6235, #94 ) ) ;
#3845 = CIRCLE ( 'NONE', #2819, 15.00000000000000000 ) ;
#3846 = CIRCLE ( 'NONE', #4505, 180.1000000000000227 ) ;
#3847 = ORIENTED_EDGE ( 'NONE', *, *, #4537, .F. ) ;
#3848 = CARTESIAN_POINT ( 'NONE',  ( 133.8820645368945748, -39.14237565515207251, 22.52555623118731276 ) ) ;
#3849 = DIRECTION ( 'NONE',  ( -0.000000000000000000, -0.000000000000000000, 1.000000000000000000 ) ) ;
#3850 = CARTESIAN_POINT ( 'NONE',  ( 0.000000000000000000, 0.000000000000000000, 21.86299596820717639 ) ) ;
#3851 = CARTESIAN_POINT ( 'NONE',  ( -125.9094770460272059, -25.31657852243930407, 19.94292569736972354 ) ) ;
#3852 = AXIS2_PLACEMENT_3D ( 'NONE', #2724, #4432, #206 ) ;
#3853 = CARTESIAN_POINT ( 'NONE',  ( 72.87598326716870645, -116.1195970016838572, 24.53402988967281928 ) ) ;
#3854 = CIRCLE ( 'NONE', #7764, 162.5999999999999943 ) ;
#3855 = CARTESIAN_POINT ( 'NONE',  ( -86.85736903756748006, 108.0529792999032992, 24.89252390029840711 ) ) ;
#3856 = CARTESIAN_POINT ( 'NONE',  ( 375.0390734074504735, 187.5195367037252083, 86.64764840476198060 ) ) ;
#3857 = VERTEX_POINT ( 'NONE', #6040 ) ;
#3858 = ORIENTED_EDGE ( 'NONE', *, *, #6579, .F. ) ;
#3859 = DIRECTION ( 'NONE',  ( -0.000000000000000000, -0.000000000000000000, 1.000000000000000000 ) ) ;
#3860 = AXIS2_PLACEMENT_3D ( 'NONE', #7513, #6362, #3192 ) ;
#3861 = EDGE_LOOP ( 'NONE', ( #797, #5747, #3962, #1213, #598, #2802, #1840, #2642, #5834, #2417, #4303, #3206, #3259, #6242, #245, #1360, #6216, #421, #3283, #1928, #6935, #5077, #3117, #2847, #3755, #1767, #3239, #5689, #5134 ) ) ;
#3862 = B_SPLINE_CURVE_WITH_KNOTS ( 'NONE', 3,
 ( #6397, #6441, #5208, #6314, #7553, #1350, #3872, #2101 ),
 .UNSPECIFIED., .F., .F.,
 ( 4, 2, 2, 4 ),
 ( -0.03941629673122840072, -0.03593288722980613609, -0.03419118247909502806, -0.03244947772838391309 ),
 .UNSPECIFIED. ) ;
#3863 = CARTESIAN_POINT ( 'NONE',  ( -15.00000000000000355, -124.9999999999999858, 22.09155500234106029 ) ) ;
#3864 = DIRECTION ( 'NONE',  ( -0.000000000000000000, -0.000000000000000000, 1.000000000000000000 ) ) ;
#3865 = CARTESIAN_POINT ( 'NONE',  ( -7.415640157014571748E-14, 302.7664859034306346, -93.41442136824588260 ) ) ;
#3866 = AXIS2_PLACEMENT_3D ( 'NONE', #1246, #2410, #5558 ) ;
#3867 = CARTESIAN_POINT ( 'NONE',  ( 0.000000000000000000, 322.5000000000000000, 65.77070040501132553 ) ) ;
#3868 = VERTEX_POINT ( 'NONE', #4662 ) ;
#3869 = DIRECTION ( 'NONE',  ( 1.000000000000000000, 0.000000000000000000, 0.000000000000000000 ) ) ;
#3870 = DIRECTION ( 'NONE',  ( -0.000000000000000000, -0.000000000000000000, 1.000000000000000000 ) ) ;
#3871 = CIRCLE ( 'NONE', #3104, 15.00000000000000355 ) ;
#3872 = CARTESIAN_POINT ( 'NONE',  ( 120.4675952937050312, 23.69985431704840906, 21.86299596820718705 ) ) ;
#3873 = FACE_OUTER_BOUND ( 'NONE', #7323, .T. ) ;
#3874 = APPROVAL_DATE_TIME ( #3311, #4863 ) ;
#3875 = EDGE_CURVE ( 'NONE', #721, #3145, #3348, .T. ) ;
#3876 = VECTOR ( 'NONE', #3644, 1000.000000000000000 ) ;
#3877 = DIRECTION ( 'NONE',  ( 1.000000000000000000, 0.000000000000000000, 0.000000000000000000 ) ) ;
#3878 = EDGE_CURVE ( 'NONE', #917, #6881, #3326, .T. ) ;
#3879 = EDGE_CURVE ( 'NONE', #4051, #762, #7731, .T. ) ;
#3880 = VERTEX_POINT ( 'NONE', #4821 ) ;
#3881 = CARTESIAN_POINT ( 'NONE',  ( 128.9012443930106144, 49.82662964601259148, 24.79111531000665991 ) ) ;
#3882 = CARTESIAN_POINT ( 'NONE',  ( -130.0301136709635159, 28.58632534378011414, 21.04223257659242918 ) ) ;
#3883 = DIRECTION ( 'NONE',  ( 1.000000000000000000, 0.000000000000000000, 0.000000000000000000 ) ) ;
#3884 = TOROIDAL_SURFACE ( 'NONE', #3761, 122.2006631523987323, 32.50000000000000711 ) ;
#3885 = DIRECTION ( 'NONE',  ( -0.000000000000000000, -0.000000000000000000, 1.000000000000000000 ) ) ;
#3886 = CARTESIAN_POINT ( 'NONE',  ( 122.1896883504525988, -23.99345674173829934, 21.95160548849212745 ) ) ;
#3887 = VERTEX_POINT ( 'NONE', #5306 ) ;
#3888 = ADVANCED_FACE ( 'NONE', ( #949 ), #4700, .T. ) ;
#3889 = ORIENTED_EDGE ( 'NONE', *, *, #500, .T. ) ;
#3890 = ORIENTED_EDGE ( 'NONE', *, *, #1339, .T. ) ;
#3891 = CARTESIAN_POINT ( 'NONE',  ( 133.8820645368945748, -38.62712429686728655, 22.49219463776504568 ) ) ;
#3892 = DIRECTION ( 'NONE',  ( 1.000000000000000000, 0.000000000000000000, 0.000000000000000000 ) ) ;
#3893 = FACE_OUTER_BOUND ( 'NONE', #5102, .T. ) ;
#3894 = FACE_OUTER_BOUND ( 'NONE', #2196, .T. ) ;
#3895 = CARTESIAN_POINT ( 'NONE',  ( 131.7180201638084611, -30.84079755625134212, 21.54311459392170036 ) ) ;
#3896 = CARTESIAN_POINT ( 'NONE',  ( 382.9908494023660523, -191.4954247011831399, 89.88689247745783462 ) ) ;
#3897 = ORIENTED_EDGE ( 'NONE', *, *, #3444, .T. ) ;
#3898 = EDGE_CURVE ( 'NONE', #492, #1237, #1420, .T. ) ;
#3899 = ORIENTED_EDGE ( 'NONE', *, *, #625, .T. ) ;
#3900 = VERTEX_POINT ( 'NONE', #1034 ) ;
#3901 = DIRECTION ( 'NONE',  ( -0.000000000000000000, -0.000000000000000000, 1.000000000000000000 ) ) ;
#3902 = ORIENTED_EDGE ( 'NONE', *, *, #172, .T. ) ;
#3903 = CARTESIAN_POINT ( 'NONE',  ( 2.528508904446387929E-14, -206.4684206259987889, -94.49999999999997158 ) ) ;
#3904 = DIRECTION ( 'NONE',  ( -0.9737898099359781900, 1.192548573780405048E-16, 0.2274497880079283385 ) ) ;
#3905 = CARTESIAN_POINT ( 'NONE',  ( 8.793017975583351742, -137.1599122772487931, 24.61523569748746354 ) ) ;
#3906 = CARTESIAN_POINT ( 'NONE',  ( 115.1293908924341736, 53.19575084019714240, 22.19908912627390407 ) ) ;
#3907 = ORIENTED_EDGE ( 'NONE', *, *, #3875, .F. ) ;
#3908 = CARTESIAN_POINT ( 'NONE',  ( 58.47315653656003320, -101.1271242968677768, 19.36299596820718705 ) ) ;
#3909 = ORIENTED_EDGE ( 'NONE', *, *, #1130, .F. ) ;
#3910 = CARTESIAN_POINT ( 'NONE',  ( 0.000000000000000000, 0.000000000000000000, 64.27070040501133974 ) ) ;
#3911 = DIRECTION ( 'NONE',  ( 1.000000000000000000, 0.000000000000000000, 0.000000000000000000 ) ) ;
#3912 = COORDINATED_UNIVERSAL_TIME_OFFSET ( 10, 0, .AHEAD. ) ;
#3913 = B_SPLINE_CURVE_WITH_KNOTS ( 'NONE', 3,
 ( #5657, #5736, #2017, #6866 ),
 .UNSPECIFIED., .F., .F.,
 ( 4, 4 ),
 ( 0.000000000000000000, 1.000000000000000000 ),
 .UNSPECIFIED. ) ;
#3914 = CYLINDRICAL_SURFACE ( 'NONE', #4019, 175.0999999999999943 ) ;
#3915 = DIRECTION ( 'NONE',  ( 0.000000000000000000, -1.000000000000000000, 0.000000000000000000 ) ) ;
#3916 = VERTEX_POINT ( 'NONE', #5958 ) ;
#3917 = EDGE_CURVE ( 'NONE', #7654, #4455, #3854, .T. ) ;
#3918 = CARTESIAN_POINT ( 'NONE',  ( 127.2383307948075384, 51.09498642179794814, 24.53872923646476423 ) ) ;
#3919 = CARTESIAN_POINT ( 'NONE',  ( -2.256434429911785567E-14, -184.2518537984015552, 82.49406996101798484 ) ) ;
#3920 = CARTESIAN_POINT ( 'NONE',  ( 0.000000000000000000, 0.000000000000000000, 19.36299596820719060 ) ) ;
#3921 = DIRECTION ( 'NONE',  ( 1.000000000000000000, 0.000000000000000000, 0.000000000000000000 ) ) ;
#3922 = DIRECTION ( 'NONE',  ( 1.000000000000000000, 0.000000000000000000, 0.000000000000000000 ) ) ;
#3923 = ORIENTED_EDGE ( 'NONE', *, *, #7496, .T. ) ;
#3924 = CARTESIAN_POINT ( 'NONE',  ( -129.0241567926366031, 1.693834440914689568E-14, 22.64930167012783713 ) ) ;
#3925 = ORIENTED_EDGE ( 'NONE', *, *, #3601, .F. ) ;
#3926 = ORIENTED_EDGE ( 'NONE', *, *, #7369, .F. ) ;
#3927 = CARTESIAN_POINT ( 'NONE',  ( 0.000000000000000000, 0.000000000000000000, 24.55361931221464289 ) ) ;
#3928 = CARTESIAN_POINT ( 'NONE',  ( -86.74439097148096778, -94.04283191701756550, 22.39594884606047387 ) ) ;
#3929 = FACE_OUTER_BOUND ( 'NONE', #2727, .T. ) ;
#3930 = CARTESIAN_POINT ( 'NONE',  ( 42.00000000000000000, 0.000000000000000000, 14.49999999999999822 ) ) ;
#3931 = EDGE_CURVE ( 'NONE', #4629, #419, #1032, .T. ) ;
#3932 = EDGE_CURVE ( 'NONE', #3786, #2176, #5867, .T. ) ;
#3933 = CARTESIAN_POINT ( 'NONE',  ( 68.32671579943956885, -115.2347366185920663, 23.80398502582227849 ) ) ;
#3934 = CARTESIAN_POINT ( 'NONE',  ( 409.3282518059240829, 204.6641259029619562, 94.36274905517981892 ) ) ;
#3935 = ORIENTED_EDGE ( 'NONE', *, *, #641, .F. ) ;
#3936 = ORIENTED_EDGE ( 'NONE', *, *, #1224, .F. ) ;
#3937 = ORIENTED_EDGE ( 'NONE', *, *, #1904, .T. ) ;
#3938 = CARTESIAN_POINT ( 'NONE',  ( 0.000000000000000000, 0.000000000000000000, 65.77070040501132553 ) ) ;
#3939 = ORIENTED_EDGE ( 'NONE', *, *, #5709, .T. ) ;
#3940 = CARTESIAN_POINT ( 'NONE',  ( 372.6893232596835333, 186.3446616298417666, -85.37267775845593576 ) ) ;
#3941 = CARTESIAN_POINT ( 'NONE',  ( -416.5484383175221978, 208.2742191587610137, -94.50000000000000000 ) ) ;
#3942 = AXIS2_PLACEMENT_3D ( 'NONE', #354, #7888, #991 ) ;
#3943 = DIRECTION ( 'NONE',  ( -1.000000000000000000, 1.224646799147349509E-16, 0.000000000000000000 ) ) ;
#3944 = EDGE_CURVE ( 'NONE', #1271, #1886, #7379, .T. ) ;
#3945 = ORIENTED_EDGE ( 'NONE', *, *, #3552, .T. ) ;
#3946 = CARTESIAN_POINT ( 'NONE',  ( -124.1847754781865234, 24.58158444673329512, 19.65521007862711045 ) ) ;
#3947 = CIRCLE ( 'NONE', #4210, 289.3257808412388954 ) ;
#3948 = VERTEX_POINT ( 'NONE', #5995 ) ;
#3949 = DIRECTION ( 'NONE',  ( -0.000000000000000000, -0.000000000000000000, 1.000000000000000000 ) ) ;
#3950 = DIRECTION ( 'NONE',  ( -1.000000000000000000, 0.000000000000000000, 0.000000000000000000 ) ) ;
#3951 = EDGE_CURVE ( 'NONE', #6275, #5976, #4251, .T. ) ;
#3952 = CARTESIAN_POINT ( 'NONE',  ( -83.08400613783562960, 89.61054624860911133, 19.36299596820718705 ) ) ;
#3953 = CIRCLE ( 'NONE', #4983, 129.0241567926366031 ) ;
#3954 = CARTESIAN_POINT ( 'NONE',  ( 2.218879727924843965E-14, -181.1852796634682363, -75.30398140309957000 ) ) ;
#3955 = CIRCLE ( 'NONE', #3313, 103.1248389675219101 ) ;
#3956 = CARTESIAN_POINT ( 'NONE',  ( -116.7442230880171223, -53.52622756821269689, 19.94305782330690135 ) ) ;
#3957 = DIRECTION ( 'NONE',  ( -1.000000000000000000, 0.000000000000000000, 0.000000000000000000 ) ) ;
#3958 = CARTESIAN_POINT ( 'NONE',  ( -627.4907402518880417, -313.7453701259440209, 87.70311822632901055 ) ) ;
#3959 = CARTESIAN_POINT ( 'NONE',  ( -88.03681966448199603, -97.41655208034843838, 20.61406883271499524 ) ) ;
#3960 = CARTESIAN_POINT ( 'NONE',  ( -3.960386958685788698E-14, -323.3901367678553811, 99.49999999999998579 ) ) ;
#3961 = CYLINDRICAL_SURFACE ( 'NONE', #418, 15.00000000000000000 ) ;
#3962 = ORIENTED_EDGE ( 'NONE', *, *, #7534, .T. ) ;
#3963 = CARTESIAN_POINT ( 'NONE',  ( -64.55552171602305123, 113.2727029494437687, 22.96506077618630925 ) ) ;
#3964 = ORIENTED_EDGE ( 'NONE', *, *, #7963, .F. ) ;
#3965 = VERTEX_POINT ( 'NONE', #590 ) ;
#3966 = CARTESIAN_POINT ( 'NONE',  ( 131.7226009967753839, -46.44825559884953492, 22.56824620922962765 ) ) ;
#3967 = AXIS2_PLACEMENT_3D ( 'NONE', #2827, #3522, #6660 ) ;
#3968 = CIRCLE ( 'NONE', #7617, 15.00000000000000000 ) ;
#3969 = CARTESIAN_POINT ( 'NONE',  ( 155.5999999999993406, 0.000000000000000000, 35.77057939344513215 ) ) ;
#3970 = DIRECTION ( 'NONE',  ( -1.000000000000000000, 0.000000000000000000, 0.000000000000000000 ) ) ;
#3971 = FACE_OUTER_BOUND ( 'NONE', #2013, .T. ) ;
#3972 = EDGE_CURVE ( 'NONE', #287, #3469, #395, .T. ) ;
#3973 = CARTESIAN_POINT ( 'NONE',  ( -2.506412666873533872E-14, -204.6641259029620414, 94.36274905517983314 ) ) ;
#3974 = AXIS2_PLACEMENT_3D ( 'NONE', #4054, #5387, #4664 ) ;
#3975 = VECTOR ( 'NONE', #6282, 1000.000000000000000 ) ;
#3976 = ORIENTED_EDGE ( 'NONE', *, *, #6228, .T. ) ;
#3977 = ADVANCED_FACE ( 'NONE', ( #1833 ), #7902, .T. ) ;
#3978 = VERTEX_POINT ( 'NONE', #2515 ) ;
#3979 = CARTESIAN_POINT ( 'NONE',  ( -388.9746013897345733, 194.4873006948673435, 91.56960896611400358 ) ) ;
#3980 = B_SPLINE_CURVE_WITH_KNOTS ( 'NONE', 3,
 ( #1287, #3128, #7445, #125, #9, #5510, #5594, #5554 ),
 .UNSPECIFIED., .F., .F.,
 ( 4, 2, 2, 4 ),
 ( 0.007469932866464832483, 0.009317913154980294807, 0.01024190329923800429, 0.01116589344349571376 ),
 .UNSPECIFIED. ) ;
#3981 = VERTEX_POINT ( 'NONE', #112 ) ;
#3982 = CARTESIAN_POINT ( 'NONE',  ( 360.1999999999999318, 180.0999999999999943, -65.77070040501131132 ) ) ;
#3983 = CARTESIAN_POINT ( 'NONE',  ( 70.15856825405835195, -115.8241163844282084, 21.57389462332835706 ) ) ;
#3984 = AXIS2_PLACEMENT_3D ( 'NONE', #754, #1965, #5150 ) ;
#3985 = VECTOR ( 'NONE', #4440, 1000.000000000000000 ) ;
#3986 = DIRECTION ( 'NONE',  ( -0.000000000000000000, -0.000000000000000000, 1.000000000000000000 ) ) ;
#3987 = CARTESIAN_POINT ( 'NONE',  ( 629.7121051260187414, 314.8560525630094276, -86.09637062918555728 ) ) ;
#3988 = CARTESIAN_POINT ( 'NONE',  ( 7.730071411342329668, -137.8617875434100029, 24.76397979607714461 ) ) ;
#3989 = VERTEX_POINT ( 'NONE', #558 ) ;
#3990 =( BOUNDED_SURFACE ( )  B_SPLINE_SURFACE ( 3, 3, ( 
 ( #5242, #7302, #1094, #1735 ),
 ( #4717, #7743, #5978, #7138 ),
 ( #2175, #1616, #6685, #1657 ),
 ( #2861, #493, #3424, #4643 ) ),
 .UNSPECIFIED., .F., .F., .F. ) 
 B_SPLINE_SURFACE_WITH_KNOTS ( ( 4, 4 ),
 ( 4, 4 ),
 ( 0.000000000000000000, 1.000000000000000000 ),
 ( 0.000000000000000000, 1.000000000000000000 ),
 .UNSPECIFIED. ) 
 GEOMETRIC_REPRESENTATION_ITEM ( )  RATIONAL_B_SPLINE_SURFACE ( (
 ( 1.000000000000000000, 0.3333333333333334259, 0.3333333333333334259, 1.000000000000000000),
 ( 1.000000000000000000, 0.3333333333333334259, 0.3333333333333334259, 1.000000000000000000),
 ( 1.000000000000000000, 0.3333333333333334259, 0.3333333333333334259, 1.000000000000000000),
 ( 1.000000000000000000, 0.3333333333333334259, 0.3333333333333334259, 1.000000000000000000) ) ) 
 REPRESENTATION_ITEM ( '' )  SURFACE ( )  );
#3991 = AXIS2_PLACEMENT_3D ( 'NONE', #6450, #5950, #7802 ) ;
#3992 = DIRECTION ( 'NONE',  ( 1.000000000000000000, 0.000000000000000000, 0.000000000000000000 ) ) ;
#3993 = VERTEX_POINT ( 'NONE', #4335 ) ;
#3994 = EDGE_CURVE ( 'NONE', #4032, #3989, #5583, .T. ) ;
#3995 = DIRECTION ( 'NONE',  ( -0.000000000000000000, -0.000000000000000000, 1.000000000000000000 ) ) ;
#3996 = CARTESIAN_POINT ( 'NONE',  ( 0.000000000000000000, 180.1000000000000512, -68.44440677895181580 ) ) ;
#3997 = CARTESIAN_POINT ( 'NONE',  ( -83.08400613783497590, -89.61054624860969398, 21.86299596820718349 ) ) ;
#3998 = VECTOR ( 'NONE', #972, 1000.000000000000000 ) ;
#3999 = CARTESIAN_POINT ( 'NONE',  ( 0.000000000000000000, 0.000000000000000000, 49.52347715474393652 ) ) ;
#4000 = EDGE_CURVE ( 'NONE', #1226, #2691, #2443, .T. ) ;
#4001 = CONICAL_SURFACE ( 'NONE', #2195, 147.5999999999999375, 0.2294580257948767577 ) ;
#4002 = CARTESIAN_POINT ( 'NONE',  ( 130.3449194729415694, -48.31616214244914431, 24.98190774940658088 ) ) ;
#4003 = CARTESIAN_POINT ( 'NONE',  ( 166.6000000000000227, 0.000000000000000000, -55.72929959498868158 ) ) ;
#4004 = B_SPLINE_CURVE_WITH_KNOTS ( 'NONE', 3,
 ( #7598, #1472, #6993, #747, #6914, #1323, #822, #4460, #6949, #5626, #4501, #5141 ),
 .UNSPECIFIED., .F., .F.,
 ( 4, 2, 2, 2, 2, 4 ),
 ( -0.03924304223054051605, -0.03829821708434247990, -0.03735339193814444375, -0.03546374164574837146, -0.03357409135335230610, -0.03168444106095623380 ),
 .UNSPECIFIED. ) ;
#4005 = CARTESIAN_POINT ( 'NONE',  ( 0.000000000000000000, 315.1719565821565538, 85.51580406433575376 ) ) ;
#4006 = DIRECTION ( 'NONE',  ( -1.000000000000000000, 0.000000000000000000, -0.000000000000000000 ) ) ;
#4007 = CARTESIAN_POINT ( 'NONE',  ( 116.7447817713286042, 53.48720523426909779, 19.95656656191702538 ) ) ;
#4008 = AXIS2_PLACEMENT_3D ( 'NONE', #4696, #6498, #7713 ) ;
#4009 = ORIENTED_EDGE ( 'NONE', *, *, #4206, .F. ) ;
#4010 = CARTESIAN_POINT ( 'NONE',  ( -68.32671579943871620, 115.2347366185925779, 23.80398502582228204 ) ) ;
#4011 = ORIENTED_EDGE ( 'NONE', *, *, #5810, .T. ) ;
#4012 = CARTESIAN_POINT ( 'NONE',  ( -128.5853849348584390, 27.11541506866776530, 23.20689294299715044 ) ) ;
#4013 = VECTOR ( 'NONE', #7172, 999.9999999999998863 ) ;
#4014 = FACE_OUTER_BOUND ( 'NONE', #2735, .T. ) ;
#4015 = DIRECTION ( 'NONE',  ( 0.000000000000000000, 0.000000000000000000, -1.000000000000000000 ) ) ;
#4016 = CARTESIAN_POINT ( 'NONE',  ( 170.0000000000000284, 0.000000000000000000, 52.77070040501134685 ) ) ;
#4017 = DIRECTION ( 'NONE',  ( 0.000000000000000000, 0.000000000000000000, -1.000000000000000000 ) ) ;
#4018 = CARTESIAN_POINT ( 'NONE',  ( -3.949485927250214208E-14, -322.5000000000000000, 65.77070040501132553 ) ) ;
#4019 = AXIS2_PLACEMENT_3D ( 'NONE', #1656, #2897, #4069 ) ;
#4020 = B_SPLINE_CURVE_WITH_KNOTS ( 'NONE', 3,
 ( #1910, #1835, #4260, #675, #4823, #3002, #2481, #7399, #6789, #6828, #6708, #3729, #8000, #2518, #7480, #3619, #4857, #4941, #6210, #1233, #592, #3122, #5429, #7438, #1753, #6088 ),
 .UNSPECIFIED., .F., .F.,
 ( 4, 2, 2, 2, 2, 2, 2, 2, 2, 2, 2, 2, 4 ),
 ( 9.257435879159503190E-07, 0.003068072930334150676, 0.004601646523707266824, 0.006135220117080382972, 0.009202367303826571032, 0.01073594089719970106, 0.01226951449057282935, 0.01533666167731909981, 0.01687023527069226106, 0.01840380886406541711, 0.01993738245743857662, 0.02147095605081173267, 0.02453810323755808986 ),
 .UNSPECIFIED. ) ;
#4021 = ORIENTED_EDGE ( 'NONE', *, *, #5069, .F. ) ;
#4022 = ORIENTED_EDGE ( 'NONE', *, *, #6777, .F. ) ;
#4023 = DIRECTION ( 'NONE',  ( -0.000000000000000000, -0.000000000000000000, 1.000000000000000000 ) ) ;
#4024 = CARTESIAN_POINT ( 'NONE',  ( 172.5999999999999943, 0.000000000000000000, 35.77057939344513215 ) ) ;
#4025 = CARTESIAN_POINT ( 'NONE',  ( 380.1892178384301815, -190.0946089192150907, -88.90489066047071276 ) ) ;
#4026 = ADVANCED_FACE ( 'NONE', ( #1152 ), #708, .F. ) ;
#4027 = CARTESIAN_POINT ( 'NONE',  ( -360.1999999999999318, -180.1000000000000512, -65.77070040501131132 ) ) ;
#4028 = CARTESIAN_POINT ( 'NONE',  ( -3.888253587292846634E-14, -317.5000000000000000, 65.77070040501132553 ) ) ;
#4029 = CARTESIAN_POINT ( 'NONE',  ( 620.9863447858018617, 310.4931723929009308, -90.48823014889568128 ) ) ;
#4030 = EDGE_CURVE ( 'NONE', #3378, #565, #1798, .T. ) ;
#4031 = CARTESIAN_POINT ( 'NONE',  ( -14.88538633192561633, 127.1396934703872290, 22.41187276813503004 ) ) ;
#4032 = VERTEX_POINT ( 'NONE', #4296 ) ;
#4033 = CARTESIAN_POINT ( 'NONE',  ( 0.000000000000000000, 208.2742191587611558, 94.50000000000000000 ) ) ;
#4034 = EDGE_LOOP ( 'NONE', ( #3412, #7896, #1581, #1811 ) ) ;
#4035 = CARTESIAN_POINT ( 'NONE',  ( -15.00000000000053468, 125.6367180932120249, 19.64621946666256491 ) ) ;
#4036 = EDGE_LOOP ( 'NONE', ( #47, #1908, #3019, #3935 ) ) ;
#4037 = FACE_OUTER_BOUND ( 'NONE', #4034, .T. ) ;
#4038 = CARTESIAN_POINT ( 'NONE',  ( -133.8820645368943190, 38.62712429686809656, 14.49999999999999822 ) ) ;
#4039 = EDGE_CURVE ( 'NONE', #1237, #3029, #4513, .T. ) ;
#4040 = EDGE_CURVE ( 'NONE', #6973, #638, #3084, .T. ) ;
#4041 = CARTESIAN_POINT ( 'NONE',  ( 121.4572236267937200, -23.84643128394234424, 19.39964984139539084 ) ) ;
#4042 = CARTESIAN_POINT ( 'NONE',  ( 127.1064892480122097, 51.18169438030201945, 21.95044964040650015 ) ) ;
#4043 = DIRECTION ( 'NONE',  ( -0.000000000000000000, -0.000000000000000000, 1.000000000000000000 ) ) ;
#4044 = CARTESIAN_POINT ( 'NONE',  ( 0.000000000000000000, 316.9384221490204254, 79.84641328172391184 ) ) ;
#4045 = CARTESIAN_POINT ( 'NONE',  ( 130.2435361732914032, 28.82840270481400680, 21.10308663342378566 ) ) ;
#4046 = CARTESIAN_POINT ( 'NONE',  ( 111.4369242404214901, 51.65286449137616387, 19.36747699926172217 ) ) ;
#4047 = EDGE_CURVE ( 'NONE', #4900, #4330, #3733, .T. ) ;
#4048 = CARTESIAN_POINT ( 'NONE',  ( -123.4680222728355687, 52.91779077809167120, 21.32128935446666063 ) ) ;
#4049 = ORIENTED_EDGE ( 'NONE', *, *, #6980, .T. ) ;
#4050 = ORIENTED_EDGE ( 'NONE', *, *, #2987, .T. ) ;
#4051 = VERTEX_POINT ( 'NONE', #1790 ) ;
#4052 = DIRECTION ( 'NONE',  ( -1.000000000000000000, 0.000000000000000000, 0.000000000000000000 ) ) ;
#4053 = DIRECTION ( 'NONE',  ( 1.000000000000000000, 0.000000000000000000, 0.000000000000000000 ) ) ;
#4054 = CARTESIAN_POINT ( 'NONE',  ( 0.000000000000000000, 0.000000000000000000, -38.22929959498813446 ) ) ;
#4055 = CARTESIAN_POINT ( 'NONE',  ( -129.6415353916505069, -49.09172565593604531, 24.89161711026952162 ) ) ;
#4056 = CARTESIAN_POINT ( 'NONE',  ( -3.881376242116104093E-14, -316.9384221490204254, 79.84641328172391184 ) ) ;
#4057 = CARTESIAN_POINT ( 'NONE',  ( 15.00000000000000533, 124.3844383298705196, 19.50389279446607915 ) ) ;
#4058 = ORIENTED_EDGE ( 'NONE', *, *, #6391, .F. ) ;
#4059 = CARTESIAN_POINT ( 'NONE',  ( 0.000000000000000000, 180.3350322519586939, 70.87866810663061301 ) ) ;
#4060 = CARTESIAN_POINT ( 'NONE',  ( 150.0999999999999375, 0.000000000000000000, 35.77057939344513215 ) ) ;
#4061 = CARTESIAN_POINT ( 'NONE',  ( 2.327987543480847164E-14, -190.0946089192151192, -88.90489066047071276 ) ) ;
#4062 = CARTESIAN_POINT ( 'NONE',  ( -4.564127868063647056E-14, 186.3446616298417950, -85.37267775845593576 ) ) ;
#4063 = B_SPLINE_CURVE_WITH_KNOTS ( 'NONE', 3,
 ( #3708, #3061, #27, #2468, #1259, #5572, #1936, #65, #2502, #4963 ),
 .UNSPECIFIED., .F., .F.,
 ( 4, 2, 2, 2, 4 ),
 ( 0.01746701774850463115, 0.01935711028468969572, 0.02030215655278222453, 0.02124720282087475681, 0.02502738789324502125 ),
 .UNSPECIFIED. ) ;
#4064 = CARTESIAN_POINT ( 'NONE',  ( -3.842272632720390632E-14, -313.7453701259441345, 87.70311822632901055 ) ) ;
#4065 = CARTESIAN_POINT ( 'NONE',  ( 3.855874569634602512E-14, -314.8560525630094276, -86.09637062918555728 ) ) ;
#4066 = CARTESIAN_POINT ( 'NONE',  ( -11.57210543052044827, -134.5532022283479705, 24.05666792360899464 ) ) ;
#4067 = EDGE_LOOP ( 'NONE', ( #6852, #457, #6582, #4808 ) ) ;
#4068 = ADVANCED_FACE ( 'NONE', ( #5585 ), #249, .T. ) ;
#4069 = DIRECTION ( 'NONE',  ( 1.000000000000000000, 0.000000000000000000, 0.000000000000000000 ) ) ;
#4070 = CYLINDRICAL_SURFACE ( 'NONE', #5119, 6.350000000000001421 ) ;
#4071 = VERTEX_POINT ( 'NONE', #4939 ) ;
#4072 = CARTESIAN_POINT ( 'NONE',  ( 11.57903218034662096, -134.5442916717353228, 21.48745573466164771 ) ) ;
#4073 = ORIENTED_EDGE ( 'NONE', *, *, #4243, .T. ) ;
#4074 = AXIS2_PLACEMENT_3D ( 'NONE', #618, #30, #4773 ) ;
#4075 = FACE_OUTER_BOUND ( 'NONE', #679, .T. ) ;
#4076 = CARTESIAN_POINT ( 'NONE',  ( -123.8488297234929121, 24.46148817520908381, 22.13073687792606847 ) ) ;
#4077 = CIRCLE ( 'NONE', #4594, 208.2742191587611558 ) ;
#4078 = DIRECTION ( 'NONE',  ( 1.000000000000000000, 0.000000000000000000, 0.000000000000000000 ) ) ;
#4079 = EDGE_CURVE ( 'NONE', #5653, #5544, #3075, .T. ) ;
#4080 = CARTESIAN_POINT ( 'NONE',  ( 125.4337820543223216, -52.16084776685081437, 24.24232741496596333 ) ) ;
#4081 = ADVANCED_FACE ( 'NONE', ( #6873 ), #2824, .F. ) ;
#4082 = DIRECTION ( 'NONE',  ( -0.000000000000000000, -0.000000000000000000, 1.000000000000000000 ) ) ;
#4083 = CARTESIAN_POINT ( 'NONE',  ( -630.3439131643129940, -315.1719565821564970, 85.51580406433575376 ) ) ;
#4084 = CIRCLE ( 'NONE', #2145, 160.6961940777126472 ) ;
#4085 = CARTESIAN_POINT ( 'NONE',  ( 131.3828125315399120, 30.31332742897132704, 21.43899791414500910 ) ) ;
#4086 = CARTESIAN_POINT ( 'NONE',  ( 170.0000000000000284, 0.000000000000000000, 57.77070040501134685 ) ) ;
#4087 = CARTESIAN_POINT ( 'NONE',  ( -122.9843785053194978, 53.06419086976299582, 21.23104033118334755 ) ) ;
#4088 = ORIENTED_EDGE ( 'NONE', *, *, #2074, .T. ) ;
#4089 = CARTESIAN_POINT ( 'NONE',  ( -126.7905698140299791, 51.38358198029480661, 24.46698063665959921 ) ) ;
#4090 = TOROIDAL_SURFACE ( 'NONE', #620, 122.2006631523987323, 32.50000000000000711 ) ;
#4091 = ORIENTED_EDGE ( 'NONE', *, *, #7279, .F. ) ;
#4092 = ORIENTED_EDGE ( 'NONE', *, *, #5709, .F. ) ;
#4093 = EDGE_CURVE ( 'NONE', #2618, #5908, #6177, .T. ) ;
#4094 = CARTESIAN_POINT ( 'NONE',  ( -133.7947477994500218, 36.97815785840294467, 24.93509206532757361 ) ) ;
#4095 = CARTESIAN_POINT ( 'NONE',  ( 0.000000000000000000, 0.000000000000000000, 51.86299596820718705 ) ) ;
#4096 = CARTESIAN_POINT ( 'NONE',  ( -85.81127507255352782, 92.59166362878187329, 22.13491913830150182 ) ) ;
#4097 = CARTESIAN_POINT ( 'NONE',  ( -124.4905970300656151, -52.57772159977677973, 24.07696098217513736 ) ) ;
#4098 = TOROIDAL_SURFACE ( 'NONE', #7225, 122.2006631523987323, 30.00000000000000711 ) ;
#4099 = CARTESIAN_POINT ( 'NONE',  ( 7.755293876526915161E-14, 316.6339013798285578, 81.46200492995686204 ) ) ;
#4100 = CARTESIAN_POINT ( 'NONE',  ( 14.69522454506677711, 121.9292158159693145, 19.36299596820718705 ) ) ;
#4101 = EDGE_LOOP ( 'NONE', ( #1524, #6927, #2197, #3645 ) ) ;
#4102 = TOROIDAL_SURFACE ( 'NONE', #5283, 122.2006631523987323, 32.50000000000000711 ) ;
#4103 = AXIS2_PLACEMENT_3D ( 'NONE', #746, #6876, #631 ) ;
#4104 = VERTEX_POINT ( 'NONE', #1750 ) ;
#4105 = CARTESIAN_POINT ( 'NONE',  ( -2.205588885264383237E-14, -180.1000000000000227, 65.77070040501131132 ) ) ;
#4106 = CARTESIAN_POINT ( 'NONE',  ( 180.1000000000000227, 0.000000000000000000, -52.77070040501133263 ) ) ;
#4107 = FACE_OUTER_BOUND ( 'NONE', #1606, .T. ) ;
#4108 = CARTESIAN_POINT ( 'NONE',  ( 2.218879727924843965E-14, -181.1852796634682363, -75.30398140309957000 ) ) ;
#4109 = FACE_BOUND ( 'NONE', #725, .T. ) ;
#4110 = AXIS2_PLACEMENT_3D ( 'NONE', #504, #6620, #7185 ) ;
#4111 = CARTESIAN_POINT ( 'NONE',  ( 3.842272632720390632E-14, -313.7453701259441345, -87.70311822632901055 ) ) ;
#4112 = AXIS2_PLACEMENT_3D ( 'NONE', #2134, #2100, #1458 ) ;
#4113 = CARTESIAN_POINT ( 'NONE',  ( -1.716499473683836596, -139.9258089501899462, 25.19748669821388276 ) ) ;
#4114 = ORIENTED_EDGE ( 'NONE', *, *, #1417, .F. ) ;
#4115 = DIRECTION ( 'NONE',  ( 0.000000000000000000, 0.000000000000000000, -1.000000000000000000 ) ) ;
#4116 = EDGE_LOOP ( 'NONE', ( #1714, #6967, #5241, #636 ) ) ;
#4117 = CARTESIAN_POINT ( 'NONE',  ( -1.652666802388434109, -139.9144971277826812, 22.62782403936273212 ) ) ;
#4118 = VECTOR ( 'NONE', #7501, 1000.000000000000000 ) ;
#4119 = AXIS2_PLACEMENT_3D ( 'NONE', #4389, #6882, #1329 ) ;
#4120 = DIRECTION ( 'NONE',  ( 1.000000000000000000, 0.000000000000000000, 0.000000000000000000 ) ) ;
#4121 = CARTESIAN_POINT ( 'NONE',  ( -87.93812690642657515, -97.02548923594325458, 23.09813575236988825 ) ) ;
#4122 = AXIS2_PLACEMENT_3D ( 'NONE', #1446, #828, #6418 ) ;
#4123 = AXIS2_PLACEMENT_3D ( 'NONE', #2198, #7807, #3573 ) ;
#4124 = CARTESIAN_POINT ( 'NONE',  ( 87.93788899861635855, -97.02436917733759003, 23.09790407482874741 ) ) ;
#4125 = CARTESIAN_POINT ( 'NONE',  ( -110.8990637958514185, -51.32640377125303388, 19.36299596820717994 ) ) ;
#4126 = CARTESIAN_POINT ( 'NONE',  ( 172.5999999999999943, 0.000000000000000000, 64.27070040501133974 ) ) ;
#4127 = AXIS2_PLACEMENT_3D ( 'NONE', #3920, #3839, #781 ) ;
#4128 = CARTESIAN_POINT ( 'NONE',  ( -631.4724989282810839, -315.7362494641405419, 84.26865681888700976 ) ) ;
#4129 = CARTESIAN_POINT ( 'NONE',  ( -14.68617224444811953, 121.9320447288040867, 19.36729857627091533 ) ) ;
#4130 = ADVANCED_FACE ( 'NONE', ( #6706, #3726, #3617, #6208, #76, #6085, #2634 ), #742, .T. ) ;
#4131 = CARTESIAN_POINT ( 'NONE',  ( 117.9884619973331894, 53.60048312183923969, 20.21482714528789870 ) ) ;
#4132 = DIRECTION ( 'NONE',  ( -0.000000000000000000, -0.000000000000000000, 1.000000000000000000 ) ) ;
#4133 = EDGE_CURVE ( 'NONE', #2462, #608, #6868, .T. ) ;
#4134 = EDGE_CURVE ( 'NONE', #6973, #377, #267, .T. ) ;
#4135 = ORIENTED_EDGE ( 'NONE', *, *, #7092, .F. ) ;
#4136 = CIRCLE ( 'NONE', #6740, 122.2006631523987323 ) ;
#4137 = CARTESIAN_POINT ( 'NONE',  ( -15.00000000000000355, -125.0000000000000000, 14.49999999999999822 ) ) ;
#4138 = ORIENTED_EDGE ( 'NONE', *, *, #2998, .T. ) ;
#4139 = ORIENTED_EDGE ( 'NONE', *, *, #1530, .T. ) ;
#4140 = CARTESIAN_POINT ( 'NONE',  ( -110.8990637958518022, 51.32640377125225228, 19.36299596820718705 ) ) ;
#4141 = DIRECTION ( 'NONE',  ( 0.000000000000000000, 0.000000000000000000, -1.000000000000000000 ) ) ;
#4142 = CARTESIAN_POINT ( 'NONE',  ( -12.08222545725011088, 133.8987256249889697, 21.34757163019849457 ) ) ;
#4143 = CARTESIAN_POINT ( 'NONE',  ( 70.38654150247482733, 115.8234475838962396, 24.16945354559127779 ) ) ;
#4144 = CIRCLE ( 'NONE', #6081, 4.000000000000003553 ) ;
#4145 = B_SPLINE_CURVE_WITH_KNOTS ( 'NONE', 3,
 ( #3159, #4423, #1988, #7903, #4459, #2558, #5588, #4801, #6161, #5625 ),
 .UNSPECIFIED., .F., .F.,
 ( 4, 2, 2, 2, 4 ),
 ( 9.138802968684466184E-07, 0.003474130793444983947, 0.004342435021732002874, 0.005210739250019021801, 0.006947347706593059655 ),
 .UNSPECIFIED. ) ;
#4146 = CARTESIAN_POINT ( 'NONE',  ( 7.776507174585693267E-14, 317.5000000000000000, 65.77070040501132553 ) ) ;
#4147 = EDGE_CURVE ( 'NONE', #408, #2561, #900, .T. ) ;
#4148 = CARTESIAN_POINT ( 'NONE',  ( 14.54461539145627036, 121.3320082995440856, 19.36299596820718349 ) ) ;
#4149 = AXIS2_PLACEMENT_3D ( 'NONE', #6408, #944, #2112 ) ;
#4150 = VERTEX_POINT ( 'NONE', #1355 ) ;
#4151 = ORIENTED_EDGE ( 'NONE', *, *, #2295, .F. ) ;
#4152 = CARTESIAN_POINT ( 'NONE',  ( -133.8820645368940916, -38.29568841565664883, 25.03802390019285440 ) ) ;
#4153 = DIRECTION ( 'NONE',  ( 1.000000000000000000, 0.000000000000000000, 0.000000000000000000 ) ) ;
#4154 = CARTESIAN_POINT ( 'NONE',  ( 2.282063934031823528E-14, -186.3446616298417950, -85.37267775845593576 ) ) ;
#4155 = CARTESIAN_POINT ( 'NONE',  ( -3.887423600940240503E-14, -317.4322264710784793, 74.34416061146623633 ) ) ;
#4156 = LOCAL_TIME ( 14, 52, 25.00000000000000000, #4533 ) ;
#4157 = CARTESIAN_POINT ( 'NONE',  ( 3.866653872810499597E-14, -315.7362494641405988, -84.26865681888700976 ) ) ;
#4158 = CARTESIAN_POINT ( 'NONE',  ( -27.24192716851457519, -46.23532122852843429, 17.00000000000000000 ) ) ;
#4159 = ORIENTED_EDGE ( 'NONE', *, *, #5231, .T. ) ;
#4160 = CARTESIAN_POINT ( 'NONE',  ( 0.000000000000000000, 317.5000000000000000, -65.77070040501132553 ) ) ;
#4161 = CARTESIAN_POINT ( 'NONE',  ( 0.000000000000000000, 206.4684206259987889, 94.49999999999997158 ) ) ;
#4162 = ORIENTED_EDGE ( 'NONE', *, *, #4134, .F. ) ;
#4163 = CARTESIAN_POINT ( 'NONE',  ( -12.76254249004757568, -132.8921112127603408, 21.12821300259049195 ) ) ;
#4164 = EDGE_LOOP ( 'NONE', ( #1059, #7495 ) ) ;
#4165 = CARTESIAN_POINT ( 'NONE',  ( -162.6000000000000227, 1.991275695413596412E-14, 35.77057939344513215 ) ) ;
#4166 = CARTESIAN_POINT ( 'NONE',  ( -633.8768442980406235, -316.9384221490204823, -79.84641328172391184 ) ) ;
#4167 = CARTESIAN_POINT ( 'NONE',  ( 118.8820645368945605, -38.62712429686728655, 19.36299596820718705 ) ) ;
#4168 = FACE_OUTER_BOUND ( 'NONE', #2862, .T. ) ;
#4169 = DIRECTION ( 'NONE',  ( -0.000000000000000000, 0.000000000000000000, 1.000000000000000000 ) ) ;
#4170 = CARTESIAN_POINT ( 'NONE',  ( -3.635621913427965235E-14, -296.8710583295711558, 94.26337537733878946 ) ) ;
#4171 = LINE ( 'NONE', #4816, #6831 ) ;
#4172 = CARTESIAN_POINT ( 'NONE',  ( 77.15700183018901726, 115.6851720633359832, 22.42451852042504612 ) ) ;
#4173 = B_SPLINE_CURVE_WITH_KNOTS ( 'NONE', 3,
 ( #3867, #841, #5768, #5649 ),
 .UNSPECIFIED., .F., .F.,
 ( 4, 4 ),
 ( 0.000000000000000000, 1.000000000000000000 ),
 .UNSPECIFIED. ) ;
#4174 = CARTESIAN_POINT ( 'NONE',  ( -14.51664885225353885, 128.7771558215628431, 20.21482714528789870 ) ) ;
#4175 = ORIENTED_EDGE ( 'NONE', *, *, #5498, .F. ) ;
#4176 = FACE_OUTER_BOUND ( 'NONE', #6423, .T. ) ;
#4177 = EDGE_CURVE ( 'NONE', #2935, #713, #5178, .T. ) ;
#4178 = ORIENTED_EDGE ( 'NONE', *, *, #6373, .T. ) ;
#4179 = CARTESIAN_POINT ( 'NONE',  ( 118.9986661402054580, -53.66077159806287256, 20.43547809336129362 ) ) ;
#4180 = CARTESIAN_POINT ( 'NONE',  ( -126.9602443907735250, -25.98817615042986873, 20.21482714528789870 ) ) ;
#4181 = CARTESIAN_POINT ( 'NONE',  ( -88.47315653655928713, 101.1271242968683453, 23.89698163186447744 ) ) ;
#4182 = CARTESIAN_POINT ( 'NONE',  ( 7.604889394561470365E-14, 310.4931723929009877, 90.48823014889568128 ) ) ;
#4183 = CARTESIAN_POINT ( 'NONE',  ( 3.888253587292845372E-14, -317.4999999999998863, -68.03790535064513278 ) ) ;
#4184 = ORIENTED_EDGE ( 'NONE', *, *, #1431, .F. ) ;
#4185 = ORIENTED_EDGE ( 'NONE', *, *, #6236, .F. ) ;
#4186 = CARTESIAN_POINT ( 'NONE',  ( 0.000000000000000000, 186.3446616298417950, 85.37267775845593576 ) ) ;
#4187 = CARTESIAN_POINT ( 'NONE',  ( -63.01974201549145960, -111.9027978332965318, 19.95923902674680761 ) ) ;
#4188 = EDGE_CURVE ( 'NONE', #6215, #2341, #3277, .T. ) ;
#4189 = DIRECTION ( 'NONE',  ( 0.000000000000000000, 0.000000000000000000, 1.000000000000000000 ) ) ;
#4190 = EDGE_CURVE ( 'NONE', #4455, #7654, #5130, .T. ) ;
#4191 = CARTESIAN_POINT ( 'NONE',  ( -4.416934400429917917E-14, 180.3350322519586939, -70.87866810663061301 ) ) ;
#4192 = B_SPLINE_CURVE_WITH_KNOTS ( 'NONE', 3,
 ( #3758, #810, #2505, #732, #7130, #5575, #4487, #1348, #5051, #6195, #3230, #221, #6312, #2544, #5125, #2627, #3111, #5698, #6862, #5007, #663, #7551, #67, #2166 ),
 .UNSPECIFIED., .F., .F.,
 ( 4, 2, 2, 2, 2, 2, 2, 2, 2, 2, 2, 4 ),
 ( 0.000000000000000000, 0.1250000000000009159, 0.2500000000000018319, 0.3750000000000027756, 0.4375000000000025535, 0.5000000000000023315, 0.5625000000000021094, 0.6250000000000018874, 0.6875000000000016653, 0.7500000000000014433, 0.8750000000000007772, 1.000000000000000000 ),
 .UNSPECIFIED. ) ;
#4193 = CARTESIAN_POINT ( 'NONE',  ( 118.8820645368937647, 38.62712429686978055, 19.36299596820718705 ) ) ;
#4194 = CARTESIAN_POINT ( 'NONE',  ( -166.6000000000000227, 2.040261567379490787E-14, -57.22929959498868158 ) ) ;
#4195 = CARTESIAN_POINT ( 'NONE',  ( 3.393038986970001059, -139.6174563009621181, 25.13308085636214528 ) ) ;
#4196 = ORIENTED_EDGE ( 'NONE', *, *, #2, .T. ) ;
#4197 = CARTESIAN_POINT ( 'NONE',  ( -131.7165155493262887, -30.83829738450208069, 21.54263918718270432 ) ) ;
#4198 = DIRECTION ( 'NONE',  ( 1.000000000000000000, 0.000000000000000000, 0.000000000000000000 ) ) ;
#4199 = B_SPLINE_CURVE_WITH_KNOTS ( 'NONE', 3,
 ( #7717, #3403, #5870, #347, #2790, #3489, #6117, #6746, #2315, #2273, #5954, #1150, #2390, #2960, #588, #4089, #4213, #5463, #3614, #7315, #434, #7841, #5992, #7192, #5424 ),
 .UNSPECIFIED., .F., .F.,
 ( 4, 2, 2, 2, 2, 2, 1, 2, 2, 2, 2, 2, 4 ),
 ( 0.01576327828029144146, 0.01890710479157266255, 0.02047901804721325228, 0.02205093130285384201, 0.02519475781413507698, 0.02676667106977571181, 0.02833858432541633970, 0.02991049758105697454, 0.03148241083669760243, 0.03462623734797880271, 0.03619815060361942366, 0.03777006385926004461, 0.04091389037054128652 ),
 .UNSPECIFIED. ) ;
#4200 = VERTEX_POINT ( 'NONE', #228 ) ;
#4201 = EDGE_CURVE ( 'NONE', #143, #3824, #630, .T. ) ;
#4202 = CARTESIAN_POINT ( 'NONE',  ( 133.5370139147448185, 35.36196172166671658, 24.77818298035507283 ) ) ;
#4203 = CARTESIAN_POINT ( 'NONE',  ( -7.662351684329833206E-14, 312.8392484128754631, -88.68418937925814305 ) ) ;
#4204 = AXIS2_PLACEMENT_3D ( 'NONE', #1707, #4813, #7386 ) ;
#4205 = CARTESIAN_POINT ( 'NONE',  ( 86.16932192103031696, 93.05623520711905883, 22.19904504115741872 ) ) ;
#4206 = EDGE_CURVE ( 'NONE', #6101, #1990, #3712, .T. ) ;
#4207 = CARTESIAN_POINT ( 'NONE',  ( 0.000000000000000000, 201.1296904607625322, -93.80705434439103385 ) ) ;
#4208 = CARTESIAN_POINT ( 'NONE',  ( 128.0125637026238223, 26.66076571772273951, 20.48713018743609027 ) ) ;
#4209 = DIRECTION ( 'NONE',  ( -0.000000000000000000, -0.000000000000000000, 1.000000000000000000 ) ) ;
#4210 = AXIS2_PLACEMENT_3D ( 'NONE', #5104, #2083, #865 ) ;
#4211 = DIRECTION ( 'NONE',  ( -0.000000000000000000, -0.000000000000000000, 1.000000000000000000 ) ) ;
#4212 = VERTEX_POINT ( 'NONE', #3359 ) ;
#4213 = CARTESIAN_POINT ( 'NONE',  ( -125.4337820543220090, 52.16084776685168833, 24.24232741496598109 ) ) ;
#4214 = CIRCLE ( 'NONE', #1764, 129.5927812626564162 ) ;
#4215 = ORIENTED_EDGE ( 'NONE', *, *, #3389, .F. ) ;
#4216 = DIRECTION ( 'NONE',  ( 1.000000000000000000, 0.000000000000000000, 0.000000000000000000 ) ) ;
#4217 = CARTESIAN_POINT ( 'NONE',  ( -118.8820645368943332, 38.62712429686809656, 14.49999999999999822 ) ) ;
#4218 = CARTESIAN_POINT ( 'NONE',  ( 84.99359377781293290, 110.7401195045182618, 25.11868326882374447 ) ) ;
#4219 = CARTESIAN_POINT ( 'NONE',  ( 629.7121051260188551, 314.8560525630092570, 86.09637062918555728 ) ) ;
#4220 = CIRCLE ( 'NONE', #7088, 15.00000000000000000 ) ;
#4221 = CARTESIAN_POINT ( 'NONE',  ( 0.000000000000000000, 0.000000000000000000, 64.27070040501133974 ) ) ;
#4222 = VERTEX_POINT ( 'NONE', #5741 ) ;
#4223 = ORIENTED_EDGE ( 'NONE', *, *, #544, .T. ) ;
#4224 = CARTESIAN_POINT ( 'NONE',  ( -2.296452004018117716E-14, -187.5195367037252652, 86.64764840476198060 ) ) ;
#4225 = CARTESIAN_POINT ( 'NONE',  ( -87.62385885642535754, 96.04389518587639429, 22.87925961668426567 ) ) ;
#4226 = CARTESIAN_POINT ( 'NONE',  ( -86.85506795491312459, -108.0575601821444565, 24.89301935306102465 ) ) ;
#4227 = CARTESIAN_POINT ( 'NONE',  ( 0.000000000000000000, 0.000000000000000000, 14.49999999999999822 ) ) ;
#4228 = EDGE_CURVE ( 'NONE', #7096, #5544, #1276, .T. ) ;
#4229 = CARTESIAN_POINT ( 'NONE',  ( 83.77146625314037465, -112.0572911042118420, 25.19123078675148264 ) ) ;
#4230 = CARTESIAN_POINT ( 'NONE',  ( -7.920773917371577396E-14, 323.3901367678553811, -99.49999999999998579 ) ) ;
#4231 = CARTESIAN_POINT ( 'NONE',  ( -78.89014224852975588, 115.1195394400626242, 25.10937875902079952 ) ) ;
#4232 = CIRCLE ( 'NONE', #7881, 122.2006631523987323 ) ;
#4233 = ORIENTED_EDGE ( 'NONE', *, *, #2938, .T. ) ;
#4234 = DIRECTION ( 'NONE',  ( 1.000000000000000000, 0.000000000000000000, 0.000000000000000000 ) ) ;
#4235 = CARTESIAN_POINT ( 'NONE',  ( 0.000000000000000000, 181.7999063323111386, 77.29528289382909634 ) ) ;
#4236 = ORIENTED_EDGE ( 'NONE', *, *, #6932, .T. ) ;
#4237 = CARTESIAN_POINT ( 'NONE',  ( -61.75283253462512079, 110.5092285392850471, 19.65508285237959996 ) ) ;
#4238 = ORIENTED_EDGE ( 'NONE', *, *, #2225, .T. ) ;
#4239 = AXIS2_PLACEMENT_3D ( 'NONE', #1626, #7799, #4610 ) ;
#4240 = CIRCLE ( 'NONE', #6715, 175.0999999999999943 ) ;
#4241 = DIRECTION ( 'NONE',  ( 1.000000000000000000, 0.000000000000000000, 0.000000000000000000 ) ) ;
#4242 = CARTESIAN_POINT ( 'NONE',  ( -634.8644529421568450, -317.4322264710785362, -74.34416061146622212 ) ) ;
#4243 = EDGE_CURVE ( 'NONE', #7549, #7139, #6845, .T. ) ;
#4244 = CIRCLE ( 'NONE', #6981, 80.00000000000000000 ) ;
#4245 = DIRECTION ( 'NONE',  ( -0.000000000000000000, -0.000000000000000000, 1.000000000000000000 ) ) ;
#4246 = AXIS2_PLACEMENT_3D ( 'NONE', #609, #6851, #178 ) ;
#4247 = CARTESIAN_POINT ( 'NONE',  ( -73.47315653655930134, 101.1271242968683453, 14.49999999999999822 ) ) ;
#4248 = CARTESIAN_POINT ( 'NONE',  ( 0.000000000000000000, 0.000000000000000000, 19.36299596820719060 ) ) ;
#4249 = CARTESIAN_POINT ( 'NONE',  ( 350.1999999999999318, -175.1000000000000512, 65.77070040501132553 ) ) ;
#4250 = CIRCLE ( 'NONE', #6867, 170.0000000000000284 ) ;
#4251 = CIRCLE ( 'NONE', #1678, 175.1000000000000227 ) ;
#4252 = DIRECTION ( 'NONE',  ( 0.000000000000000000, 0.000000000000000000, -1.000000000000000000 ) ) ;
#4253 = VERTEX_POINT ( 'NONE', #5705 ) ;
#4254 = DIRECTION ( 'NONE',  ( -0.000000000000000000, -0.000000000000000000, 1.000000000000000000 ) ) ;
#4255 =( BOUNDED_SURFACE ( )  B_SPLINE_SURFACE ( 3, 3, ( 
 ( #2161, #2282, #321, #4018 ),
 ( #4705, #2801, #5391, #4627 ),
 ( #3536, #7728, #4668, #3375 ),
 ( #954, #6001, #7162, #5840 ) ),
 .UNSPECIFIED., .F., .F., .F. ) 
 B_SPLINE_SURFACE_WITH_KNOTS ( ( 4, 4 ),
 ( 4, 4 ),
 ( 0.000000000000000000, 1.000000000000000000 ),
 ( 0.000000000000000000, 1.000000000000000000 ),
 .UNSPECIFIED. ) 
 GEOMETRIC_REPRESENTATION_ITEM ( )  RATIONAL_B_SPLINE_SURFACE ( (
 ( 1.000000000000000000, 0.3333333333333334259, 0.3333333333333334259, 1.000000000000000000),
 ( 1.000000000000000000, 0.3333333333333334259, 0.3333333333333334259, 1.000000000000000000),
 ( 1.000000000000000000, 0.3333333333333334259, 0.3333333333333334259, 1.000000000000000000),
 ( 1.000000000000000000, 0.3333333333333334259, 0.3333333333333334259, 1.000000000000000000) ) ) 
 REPRESENTATION_ITEM ( '' )  SURFACE ( )  );
#4256 = TOROIDAL_SURFACE ( 'NONE', #7262, 166.6000000000000227, 4.000000000000000000 ) ;
#4257 = EDGE_LOOP ( 'NONE', ( #3186, #3013, #5343, #5802 ) ) ;
#4258 = CARTESIAN_POINT ( 'NONE',  ( 0.000000000000000000, 0.000000000000000000, 16.07491246123429818 ) ) ;
#4259 = CARTESIAN_POINT ( 'NONE',  ( -635.0262584174098492, 317.5131292087049815, 70.21990042098286722 ) ) ;
#4260 = CARTESIAN_POINT ( 'NONE',  ( -120.0019023396417168, -53.61887724201795891, 20.64511698719539012 ) ) ;
#4261 = CIRCLE ( 'NONE', #3488, 322.5000000000000000 ) ;
#4262 = CARTESIAN_POINT ( 'NONE',  ( -3.831175842164916603E-14, -312.8392484128754631, 88.68418937925814305 ) ) ;
#4263 = CARTESIAN_POINT ( 'NONE',  ( -88.47315653655857659, -101.1271242968688426, 21.32969249565511660 ) ) ;
#4264 = ORIENTED_EDGE ( 'NONE', *, *, #6087, .T. ) ;
#4265 = ORIENTED_EDGE ( 'NONE', *, *, #4481, .F. ) ;
#4266 = CARTESIAN_POINT ( 'NONE',  ( -133.5370139147451027, -35.36196172166586393, 24.77818298035508704 ) ) ;
#4267 = AXIS2_PLACEMENT_3D ( 'NONE', #1167, #1292, #1731 ) ;
#4268 = CARTESIAN_POINT ( 'NONE',  ( 165.0999999999999943, 0.000000000000000000, 35.77057939344513215 ) ) ;
#4269 = DIRECTION ( 'NONE',  ( -0.000000000000000000, -0.000000000000000000, 1.000000000000000000 ) ) ;
#4270 = CARTESIAN_POINT ( 'NONE',  ( 84.99698330003030833, -110.7360577856947970, 25.11841270827929051 ) ) ;
#4271 = CYLINDRICAL_SURFACE ( 'NONE', #1809, 175.0999999999999943 ) ;
#4272 = AXIS2_PLACEMENT_3D ( 'NONE', #5868, #311, #7759 ) ;
#4273 = EDGE_LOOP ( 'NONE', ( #4215, #175, #1851, #6907 ) ) ;
#4274 =( NAMED_UNIT ( * ) PLANE_ANGLE_UNIT ( ) SI_UNIT ( $, .RADIAN. ) );
#4275 = LINE ( 'NONE', #3633, #2670 ) ;
#4276 = VERTEX_POINT ( 'NONE', #3199 ) ;
#4277 = EDGE_CURVE ( 'NONE', #1512, #5075, #6265, .T. ) ;
#4278 = CARTESIAN_POINT ( 'NONE',  ( -87.29994576278305374, 106.9532814808914338, 22.19221067477653975 ) ) ;
#4279 = APPROVAL_PERSON_ORGANIZATION ( #813, #5460, #4491 ) ;
#4280 = CYLINDRICAL_SURFACE ( 'NONE', #2163, 180.1000000000000227 ) ;
#4281 = ADVANCED_FACE ( 'NONE', ( #4774 ), #7272, .T. ) ;
#4282 = CARTESIAN_POINT ( 'NONE',  ( -631.4724989282810839, -315.7362494641405988, -84.26865681888700976 ) ) ;
#4283 = CARTESIAN_POINT ( 'NONE',  ( -166.5999999999999943, 0.000000000000000000, 57.77070040501133974 ) ) ;
#4284 = CARTESIAN_POINT ( 'NONE',  ( 59.79699862752869421, -107.2967099630314323, 19.36762288229632389 ) ) ;
#4285 = EDGE_LOOP ( 'NONE', ( #4345, #7790, #1526, #110 ) ) ;
#4286 = DIRECTION ( 'NONE',  ( -1.000000000000000000, 0.000000000000000000, 0.000000000000000000 ) ) ;
#4287 = CARTESIAN_POINT ( 'NONE',  ( 402.2593809215250076, 201.1296904607625322, -93.80705434439103385 ) ) ;
#4288 = EDGE_CURVE ( 'NONE', #2926, #3613, #5215, .T. ) ;
#4289 = CARTESIAN_POINT ( 'NONE',  ( 14.61990133663614877, -121.6305381781388206, 19.36299596820718349 ) ) ;
#4290 = ADVANCED_FACE ( 'NONE', ( #2265 ), #4653, .F. ) ;
#4291 = CARTESIAN_POINT ( 'NONE',  ( 81.98592045378079263, 113.4826482633566798, 22.64555658306802144 ) ) ;
#4292 = CARTESIAN_POINT ( 'NONE',  ( 0.000000000000000000, 0.000000000000000000, 45.77070040501133974 ) ) ;
#4293 = EDGE_LOOP ( 'NONE', ( #1975, #5893, #1808, #2401, #4185, #6437, #2080, #1617 ) ) ;
#4294 = DIRECTION ( 'NONE',  ( 1.000000000000000000, 0.000000000000000000, 0.000000000000000000 ) ) ;
#4295 = VERTEX_POINT ( 'NONE', #3563 ) ;
#4296 = CARTESIAN_POINT ( 'NONE',  ( -14.65710448143376787, -128.1889321442034770, 22.64930167012784423 ) ) ;
#4297 = CARTESIAN_POINT ( 'NONE',  ( 2.064083160843940057, 139.8630573588280015, 22.61709116409042863 ) ) ;
#4298 = EDGE_CURVE ( 'NONE', #6227, #6204, #2941, .T. ) ;
#4299 = CARTESIAN_POINT ( 'NONE',  ( 83.76759979623440699, 112.0609640609331592, 25.19137660492525654 ) ) ;
#4300 = CARTESIAN_POINT ( 'NONE',  ( 7.719486556186932112E-14, 315.1719565821565538, 85.51580406433575376 ) ) ;
#4301 = CARTESIAN_POINT ( 'NONE',  ( -133.8820645368940632, -38.62712429686894922, 14.49999999999999822 ) ) ;
#4302 = VERTEX_POINT ( 'NONE', #4126 ) ;
#4303 = ORIENTED_EDGE ( 'NONE', *, *, #1072, .T. ) ;
#4304 = CARTESIAN_POINT ( 'NONE',  ( 165.0999999999999943, 2.021891865392280199E-14, -45.22929959498868158 ) ) ;
#4305 = CARTESIAN_POINT ( 'NONE',  ( 54.35287990626782317, 17.66032122852886133, 17.00000000000000000 ) ) ;
#4306 = CARTESIAN_POINT ( 'NONE',  ( 11.57210543052044649, 134.5532022283479421, 24.05666792360898754 ) ) ;
#4307 = CARTESIAN_POINT ( 'NONE',  ( 124.8009272101249394, 24.78603013774237240, 19.73080925525212947 ) ) ;
#4308 = CARTESIAN_POINT ( 'NONE',  ( 80.85127622272541714, -114.2072359004736768, 25.19600810873849639 ) ) ;
#4309 = DIRECTION ( 'NONE',  ( -0.000000000000000000, -0.000000000000000000, 1.000000000000000000 ) ) ;
#4310 = VERTEX_POINT ( 'NONE', #1065 ) ;
#4311 = APPLICATION_PROTOCOL_DEFINITION ( 'international standard', 'config_control_design', 1994, #6864 ) ;
#4312 = CARTESIAN_POINT ( 'NONE',  ( 88.47315653655780920, 101.1271242968693826, 14.49999999999999822 ) ) ;
#4313 = ORIENTED_EDGE ( 'NONE', *, *, #2987, .F. ) ;
#4314 = CARTESIAN_POINT ( 'NONE',  ( -86.53344061466086146, 108.5386161364914415, 22.36771383259490875 ) ) ;
#4315 = DIRECTION ( 'NONE',  ( -1.000000000000000000, 0.000000000000000000, 0.000000000000000000 ) ) ;
#4316 = CARTESIAN_POINT ( 'NONE',  ( 129.7233440100262669, 28.25549537952444012, 23.52300700080966678 ) ) ;
#4317 = CARTESIAN_POINT ( 'NONE',  ( 3.855874569634602512E-14, -314.8560525630094276, -86.09637062918555728 ) ) ;
#4318 = ADVANCED_FACE ( 'NONE', ( #5336 ), #257, .F. ) ;
#4319 = FACE_OUTER_BOUND ( 'NONE', #2542, .T. ) ;
#4320 = EDGE_LOOP ( 'NONE', ( #5841, #312, #1251, #4748, #1219, #7911, #955, #118 ) ) ;
#4321 = CARTESIAN_POINT ( 'NONE',  ( 88.03716212079298487, -97.41853020186093204, 20.61446640132637853 ) ) ;
#4322 = B_SPLINE_CURVE_WITH_KNOTS ( 'NONE', 3,
 ( #1602, #5309, #519, #5997, #1639, #6707 ),
 .UNSPECIFIED., .F., .F.,
 ( 4, 2, 4 ),
 ( 0.03398950556912606891, 0.03682579955890094570, 0.03966209354867581555 ),
 .UNSPECIFIED. ) ;
#4323 = DIRECTION ( 'NONE',  ( -0.000000000000000000, -0.000000000000000000, 1.000000000000000000 ) ) ;
#4324 = CARTESIAN_POINT ( 'NONE',  ( 0.000000000000000000, 206.4684206259987889, -94.49999999999997158 ) ) ;
#4325 = DIRECTION ( 'NONE',  ( -0.000000000000000000, -0.000000000000000000, 1.000000000000000000 ) ) ;
#4326 = CARTESIAN_POINT ( 'NONE',  ( 81.09452510080366494, 114.0661825777177398, 22.63474017842223773 ) ) ;
#4327 = EDGE_CURVE ( 'NONE', #1352, #121, #4756, .T. ) ;
#4328 = CARTESIAN_POINT ( 'NONE',  ( -61.04329776245376138, 109.5284249397063121, 22.03165578865295515 ) ) ;
#4329 = CIRCLE ( 'NONE', #6003, 6.350000000000001421 ) ;
#4330 = VERTEX_POINT ( 'NONE', #429 ) ;
#4331 = CARTESIAN_POINT ( 'NONE',  ( -14.54461539145627036, 121.3320082995440856, 19.36299596820718349 ) ) ;
#4332 = ADVANCED_FACE ( 'NONE', ( #7228 ), #7493, .F. ) ;
#4333 = EDGE_CURVE ( 'NONE', #5112, #2400, #6584, .T. ) ;
#4334 = EDGE_LOOP ( 'NONE', ( #3818, #7156, #6594, #2979, #1409, #5363 ) ) ;
#4335 = CARTESIAN_POINT ( 'NONE',  ( 0.000000000000000000, 175.0999999999999943, -65.77070040501132553 ) ) ;
#4336 = VECTOR ( 'NONE', #3605, 1000.000000000000000 ) ;
#4337 = DIRECTION ( 'NONE',  ( -0.000000000000000000, -0.000000000000000000, 1.000000000000000000 ) ) ;
#4338 = CARTESIAN_POINT ( 'NONE',  ( 85.22194784307727389, 110.4597355053135885, 25.09931097906577691 ) ) ;
#4339 = CARTESIAN_POINT ( 'NONE',  ( 170.0000000000000284, 0.000000000000000000, -52.77070040501134685 ) ) ;
#4340 = CARTESIAN_POINT ( 'NONE',  ( 624.6602274444683189, 312.3301137222339889, 89.15235216125219608 ) ) ;
#4341 = CARTESIAN_POINT ( 'NONE',  ( -75.07535246920484440, -116.0579468337830491, 22.23038760242977574 ) ) ;
#4342 = CIRCLE ( 'NONE', #3567, 42.00000000000000000 ) ;
#4343 = EDGE_CURVE ( 'NONE', #3900, #7339, #510, .T. ) ;
#4344 = ORIENTED_EDGE ( 'NONE', *, *, #5663, .T. ) ;
#4345 = ORIENTED_EDGE ( 'NONE', *, *, #7822, .F. ) ;
#4346 = DIRECTION ( 'NONE',  ( 0.000000000000000000, 0.000000000000000000, -1.000000000000000000 ) ) ;
#4347 = CARTESIAN_POINT ( 'NONE',  ( -80.00000000000000000, 9.971265427460484821E-15, 14.49999999999999822 ) ) ;
#4348 = FACE_BOUND ( 'NONE', #3503, .T. ) ;
#4349 = CARTESIAN_POINT ( 'NONE',  ( 0.000000000000000000, 315.7362494641405988, 84.26865681888700976 ) ) ;
#4350 = AXIS2_PLACEMENT_3D ( 'NONE', #5132, #3915, #7633 ) ;
#4351 = CARTESIAN_POINT ( 'NONE',  ( 14.65710448143376787, 128.1889321442034770, 22.64930167012784423 ) ) ;
#4352 = DIRECTION ( 'NONE',  ( 1.000000000000000000, 0.000000000000000000, 0.000000000000000000 ) ) ;
#4353 = ORIENTED_EDGE ( 'NONE', *, *, #5918, .F. ) ;
#4354 = CARTESIAN_POINT ( 'NONE',  ( 158.0999999999996533, 0.000000000000000000, -38.22929959498813446 ) ) ;
#4355 = CARTESIAN_POINT ( 'NONE',  ( -116.2504883743196871, -53.40553287996387155, 22.40989003288299841 ) ) ;
#4356 = ORIENTED_EDGE ( 'NONE', *, *, #4624, .F. ) ;
#4357 = CARTESIAN_POINT ( 'NONE',  ( -60.07070051739545136, 107.8706586149593676, 19.38619876994479796 ) ) ;
#4358 = EDGE_LOOP ( 'NONE', ( #5244, #6121, #5631, #1495 ) ) ;
#4359 = CARTESIAN_POINT ( 'NONE',  ( 0.000000000000000000, 208.2742191587611558, -94.50000000000000000 ) ) ;
#4360 = CARTESIAN_POINT ( 'NONE',  ( 0.000000000000000000, 0.000000000000000000, -99.49999999999995737 ) ) ;
#4361 = CARTESIAN_POINT ( 'NONE',  ( -7.604889394561470365E-14, 310.4931723929009877, -90.48823014889568128 ) ) ;
#4362 = CARTESIAN_POINT ( 'NONE',  ( 317.5000000000000000, 0.000000000000000000, 99.49999999999995737 ) ) ;
#4363 = CARTESIAN_POINT ( 'NONE',  ( 88.47315653656001189, -100.6561744203522721, 21.24690331301371060 ) ) ;
#4364 = AXIS2_PLACEMENT_3D ( 'NONE', #2909, #4043, #2869 ) ;
#4365 = CIRCLE ( 'NONE', #2036, 122.2006631523987323 ) ;
#4366 = CARTESIAN_POINT ( 'NONE',  ( -180.1000000000000227, 2.205588885264383237E-14, 65.77070040501132553 ) ) ;
#4367 = CARTESIAN_POINT ( 'NONE',  ( 0.000000000000000000, 0.000000000000000000, 47.21407607798541761 ) ) ;
#4368 = CARTESIAN_POINT ( 'NONE',  ( 14.96274704379960951, -123.7744783703749647, 19.45139858542665934 ) ) ;
#4369 = PLANE ( 'NONE',  #6206 ) ;
#4370 = DATE_AND_TIME ( #5616, #4156 ) ;
#4371 = CONICAL_SURFACE ( 'NONE', #7101, 162.5999999999999943, 1.047197551196599630 ) ;
#4372 = ORIENTED_EDGE ( 'NONE', *, *, #7238, .T. ) ;
#4373 = DIRECTION ( 'NONE',  ( -0.000000000000000000, -0.000000000000000000, 1.000000000000000000 ) ) ;
#4374 = DIRECTION ( 'NONE',  ( -0.000000000000000000, -0.000000000000000000, 1.000000000000000000 ) ) ;
#4375 = EDGE_CURVE ( 'NONE', #6275, #5650, #7363, .T. ) ;
#4376 = DIRECTION ( 'NONE',  ( 0.000000000000000000, 0.000000000000000000, -1.000000000000000000 ) ) ;
#4377 = AXIS2_PLACEMENT_3D ( 'NONE', #7544, #466, #5000 ) ;
#4378 = AXIS2_PLACEMENT_3D ( 'NONE', #5147, #6460, #1400 ) ;
#4379 = CARTESIAN_POINT ( 'NONE',  ( 0.000000000000000000, 0.000000000000000000, 60.27070040501133974 ) ) ;
#4380 = CARTESIAN_POINT ( 'NONE',  ( -113.7642581688978680, 52.73000696727462611, 22.03165578865295515 ) ) ;
#4381 = EDGE_CURVE ( 'NONE', #3537, #5726, #5006, .T. ) ;
#4382 = B_SPLINE_CURVE_WITH_KNOTS ( 'NONE', 3,
 ( #108, #5662, #37, #152 ),
 .UNSPECIFIED., .F., .F.,
 ( 4, 4 ),
 ( 0.000000000000000000, 1.000000000000000000 ),
 .UNSPECIFIED. ) ;
#4383 = DIRECTION ( 'NONE',  ( 1.000000000000000000, 0.000000000000000000, 0.000000000000000000 ) ) ;
#4384 = CARTESIAN_POINT ( 'NONE',  ( 634.8644529421568450, -317.4322264710784225, -74.34416061146622212 ) ) ;
#4385 = AXIS2_PLACEMENT_3D ( 'NONE', #1763, #3628, #7490 ) ;
#4386 = AXIS2_PLACEMENT_3D ( 'NONE', #2393, #627, #7397 ) ;
#4387 = ORIENTED_EDGE ( 'NONE', *, *, #6372, .F. ) ;
#4388 = ORIENTED_EDGE ( 'NONE', *, *, #5253, .T. ) ;
#4389 = CARTESIAN_POINT ( 'NONE',  ( 0.000000000000000000, 0.000000000000000000, 5.382524305809773146 ) ) ;
#4390 = CARTESIAN_POINT ( 'NONE',  ( 0.000000000000000000, 0.000000000000000000, -65.77070040501132553 ) ) ;
#4391 = CARTESIAN_POINT ( 'NONE',  ( 0.8631448254922349239, 140.0000745450444413, 25.21296409899155222 ) ) ;
#4392 = CARTESIAN_POINT ( 'NONE',  ( 126.4442136057544701, -25.67282379624814581, 22.64930167012784068 ) ) ;
#4393 = AXIS2_PLACEMENT_3D ( 'NONE', #7587, #2591, #2065 ) ;
#4394 = EDGE_CURVE ( 'NONE', #2937, #5650, #5524, .T. ) ;
#4395 = DIRECTION ( 'NONE',  ( 1.000000000000000000, 0.000000000000000000, 0.000000000000000000 ) ) ;
#4396 = CARTESIAN_POINT ( 'NONE',  ( 3.949485927250214208E-14, -322.5000000000000000, -65.77070040501132553 ) ) ;
#4397 = ORIENTED_EDGE ( 'NONE', *, *, #1511, .F. ) ;
#4398 = AXIS2_PLACEMENT_3D ( 'NONE', #7100, #382, #4726 ) ;
#4399 = DIRECTION ( 'NONE',  ( 1.000000000000000000, 0.000000000000000000, 0.000000000000000000 ) ) ;
#4400 = EDGE_LOOP ( 'NONE', ( #258, #2486 ) ) ;
#4401 = CARTESIAN_POINT ( 'NONE',  ( -77.51856555483719546, 115.5757045812051302, 22.45050808528060671 ) ) ;
#4402 = EDGE_LOOP ( 'NONE', ( #1118, #4050, #3725, #5026, #5832, #7046, #366, #7601 ) ) ;
#4403 = CARTESIAN_POINT ( 'NONE',  ( 87.67733324764594727, -105.9610551103522340, 22.06913259881419265 ) ) ;
#4404 = CARTESIAN_POINT ( 'NONE',  ( -84.91579334389265910, -91.34646453163024660, 19.43615847163814081 ) ) ;
#4405 = AXIS2_PLACEMENT_3D ( 'NONE', #6371, #160, #4424 ) ;
#4406 = FACE_OUTER_BOUND ( 'NONE', #5143, .T. ) ;
#4407 = VERTEX_POINT ( 'NONE', #1021 ) ;
#4408 = CARTESIAN_POINT ( 'NONE',  ( -175.0999999999999943, -2.144356545307015663E-14, -57.77070040501133974 ) ) ;
#4409 = AXIS2_PLACEMENT_3D ( 'NONE', #6034, #7956, #2313 ) ;
#4410 = FACE_OUTER_BOUND ( 'NONE', #363, .T. ) ;
#4411 = CARTESIAN_POINT ( 'NONE',  ( 0.000000000000000000, 199.3997270441714136, -93.38869490038416643 ) ) ;
#4412 = DIRECTION ( 'NONE',  ( 1.000000000000000000, 0.000000000000000000, 0.000000000000000000 ) ) ;
#4413 = CARTESIAN_POINT ( 'NONE',  ( 0.000000000000000000, 0.000000000000000000, 19.36299596820719060 ) ) ;
#4414 = APPROVAL_ROLE ( '' ) ;
#4415 = AXIS2_PLACEMENT_3D ( 'NONE', #1296, #6765, #2980 ) ;
#4416 = B_SPLINE_CURVE_WITH_KNOTS ( 'NONE', 3,
 ( #5730, #5118, #3302, #4597, #3720, #7093, #668, #1455, #926, #4482, #3905, #6392, #3988, #72, #840, #5849, #7472, #4195, #4804, #417, #373, #2858, #4113, #5240, #2292, #7299, #5359, #1613, #6683, #1695, #2173, #4759, #5889, #4066, #7740, #3513, #1007, #2813, #534, #7905, #6555, #491 ),
 .UNSPECIFIED., .F., .F.,
 ( 4, 2, 2, 2, 2, 2, 2, 2, 2, 2, 2, 2, 2, 2, 2, 2, 2, 2, 2, 2, 4 ),
 ( 9.134320354392388520E-07, 0.002557974490692033632, 0.005115035549348628634, 0.007672096608005222335, 0.01022915766666181690, 0.01150768819599011505, 0.01278621872531841494, 0.01534327978397505114, 0.01662181031330335623, 0.01790034084263165959, 0.02045740190128826283, 0.02301446295994486607, 0.02557152401860146931, 0.02812858507725807256, 0.02940711560658639326, 0.03068564613591471396, 0.03324270719457136231, 0.03452123772389968648, 0.03579976825322801065, 0.03835682931188466593, 0.04091389037054131428 ),
 .UNSPECIFIED. ) ;
#4417 = ORIENTED_EDGE ( 'NONE', *, *, #4666, .T. ) ;
#4418 = CARTESIAN_POINT ( 'NONE',  ( 0.000000000000000000, 0.000000000000000000, 99.49999999999995737 ) ) ;
#4419 = LINE ( 'NONE', #741, #220 ) ;
#4420 = CARTESIAN_POINT ( 'NONE',  ( 130.3449498639926105, 48.31610539171780516, 24.98191008635964394 ) ) ;
#4421 = CARTESIAN_POINT ( 'NONE',  ( -3.299483787638357590, 139.6385239068571877, 22.57019492230477198 ) ) ;
#4422 = CARTESIAN_POINT ( 'NONE',  ( 0.000000000000000000, 208.2742191587611558, 99.50000000000000000 ) ) ;
#4423 = CARTESIAN_POINT ( 'NONE',  ( -125.4546761472757339, -25.09517548788488384, 22.39594884606046321 ) ) ;
#4424 = DIRECTION ( 'NONE',  ( 1.000000000000000000, 0.000000000000000000, 0.000000000000000000 ) ) ;
#4425 = EDGE_CURVE ( 'NONE', #2532, #577, #6047, .T. ) ;
#4426 = ORIENTED_EDGE ( 'NONE', *, *, #1962, .F. ) ;
#4427 = VERTEX_POINT ( 'NONE', #2187 ) ;
#4428 = ORIENTED_EDGE ( 'NONE', *, *, #161, .F. ) ;
#4429 = CARTESIAN_POINT ( 'NONE',  ( 27.24192716851524310, -46.23532122852795112, -3.460512242138308103 ) ) ;
#4430 = CARTESIAN_POINT ( 'NONE',  ( -84.55217709903116940, -91.01079809875230353, 21.93000304630662001 ) ) ;
#4431 = CARTESIAN_POINT ( 'NONE',  ( 5.848203646191623584, 138.8398294875808290, 24.97015432174405447 ) ) ;
#4432 = DIRECTION ( 'NONE',  ( -0.000000000000000000, -0.000000000000000000, 1.000000000000000000 ) ) ;
#4433 = CARTESIAN_POINT ( 'NONE',  ( 133.7223395118174381, -36.10597735924247331, 22.29685481732599328 ) ) ;
#4434 = CARTESIAN_POINT ( 'NONE',  ( 4.763565005415561678E-14, 194.4873006948673435, 91.56960896611401779 ) ) ;
#4435 = VERTEX_POINT ( 'NONE', #465 ) ;
#4436 = ORIENTED_EDGE ( 'NONE', *, *, #4206, .T. ) ;
#4437 = EDGE_CURVE ( 'NONE', #3145, #721, #757, .T. ) ;
#4438 = VERTEX_POINT ( 'NONE', #6528 ) ;
#4439 = EDGE_CURVE ( 'NONE', #5758, #6301, #1785, .T. ) ;
#4440 = DIRECTION ( 'NONE',  ( 0.9737898099359781900, 0.000000000000000000, 0.2274497880079283385 ) ) ;
#4441 = VERTEX_POINT ( 'NONE', #3670 ) ;
#4442 = CARTESIAN_POINT ( 'NONE',  ( -398.7994540883427703, 199.3997270441712999, -93.38869490038415222 ) ) ;
#4443 = CARTESIAN_POINT ( 'NONE',  ( 63.01974201549067089, 111.9027978332970292, 19.95923902674681827 ) ) ;
#4444 = CARTESIAN_POINT ( 'NONE',  ( 111.3887980912936797, 51.63425976035293274, 21.86299596820718349 ) ) ;
#4445 = ADVANCED_FACE ( 'NONE', ( #5576 ), #1782, .T. ) ;
#4446 = CARTESIAN_POINT ( 'NONE',  ( 0.000000000000000000, 0.000000000000000000, -48.95722165634649770 ) ) ;
#4447 = VERTEX_POINT ( 'NONE', #2385 ) ;
#4448 = DIRECTION ( 'NONE',  ( 1.000000000000000000, 0.000000000000000000, 0.000000000000000000 ) ) ;
#4449 = CARTESIAN_POINT ( 'NONE',  ( 388.9746013897345733, -194.4873006948672867, -91.56960896611400358 ) ) ;
#4450 = DIRECTION ( 'NONE',  ( -0.000000000000000000, -0.000000000000000000, 1.000000000000000000 ) ) ;
#4451 = DIRECTION ( 'NONE',  ( -0.000000000000000000, -0.000000000000000000, 1.000000000000000000 ) ) ;
#4452 = DIRECTION ( 'NONE',  ( -1.000000000000000000, 1.224646799147354193E-16, 0.000000000000000000 ) ) ;
#4453 = CARTESIAN_POINT ( 'NONE',  ( 133.8709841712161221, -37.96302282952525076, 25.01425510121216789 ) ) ;
#4454 = ADVANCED_FACE ( 'NONE', ( #7953 ), #4371, .F. ) ;
#4455 = VERTEX_POINT ( 'NONE', #2506 ) ;
#4456 = CARTESIAN_POINT ( 'NONE',  ( 132.1421418765402507, 45.71738337436562460, 25.17165820251043229 ) ) ;
#4457 = DIRECTION ( 'NONE',  ( -0.000000000000000000, -0.000000000000000000, 1.000000000000000000 ) ) ;
#4458 = CARTESIAN_POINT ( 'NONE',  ( -166.5999999999999943, 0.000000000000000000, 56.27070040501133974 ) ) ;
#4459 = CARTESIAN_POINT ( 'NONE',  ( -122.7518217721692082, -24.13195376211253418, 22.00213261640085349 ) ) ;
#4460 = CARTESIAN_POINT ( 'NONE',  ( 113.7269726065986646, -52.72726771386138722, 19.51047345990717474 ) ) ;
#4461 = EDGE_LOOP ( 'NONE', ( #5939, #2251, #5711, #2071 ) ) ;
#4462 = ORIENTED_EDGE ( 'NONE', *, *, #264, .F. ) ;
#4463 = VECTOR ( 'NONE', #2888, 1000.000000000000000 ) ;
#4464 = ORIENTED_EDGE ( 'NONE', *, *, #5556, .F. ) ;
#4465 = CARTESIAN_POINT ( 'NONE',  ( 133.3340123939555610, -42.67753890263190186, 22.64488073073606245 ) ) ;
#4466 = CARTESIAN_POINT ( 'NONE',  ( 2.550623558376911991E-14, -208.2742191587611558, -99.50000000000000000 ) ) ;
#4467 = CARTESIAN_POINT ( 'NONE',  ( 14.47766990425380484, 129.0136569192631271, 22.83592603184382597 ) ) ;
#4468 = CARTESIAN_POINT ( 'NONE',  ( 83.08400613783432220, 89.61054624861031925, 21.86299596820718349 ) ) ;
#4469 = CARTESIAN_POINT ( 'NONE',  ( 133.8820645368946032, -37.35313659995300384, 22.40970623887775304 ) ) ;
#4470 = AXIS2_PLACEMENT_3D ( 'NONE', #4305, #4911, #599 ) ;
#4471 = CARTESIAN_POINT ( 'NONE',  ( -578.6515616824777908, 289.3257808412387249, -99.49999999999998579 ) ) ;
#4472 = ORIENTED_EDGE ( 'NONE', *, *, #6646, .F. ) ;
#4473 = ORIENTED_EDGE ( 'NONE', *, *, #3879, .F. ) ;
#4474 = CARTESIAN_POINT ( 'NONE',  ( -409.3282518059239692, 204.6641259029620414, 94.36274905517981892 ) ) ;
#4475 = ORIENTED_EDGE ( 'NONE', *, *, #1964, .T. ) ;
#4476 = CIRCLE ( 'NONE', #6824, 168.6000000000000227 ) ;
#4477 = ADVANCED_FACE ( 'NONE', ( #1143 ), #2170, .F. ) ;
#4478 = DIRECTION ( 'NONE',  ( 0.000000000000000000, 0.000000000000000000, 1.000000000000000000 ) ) ;
#4479 = DIRECTION ( 'NONE',  ( 0.000000000000000000, 0.000000000000000000, -1.000000000000000000 ) ) ;
#4480 = EDGE_CURVE ( 'NONE', #6426, #5731, #3596, .T. ) ;
#4481 = EDGE_CURVE ( 'NONE', #3006, #4447, #5265, .T. ) ;
#4482 = CARTESIAN_POINT ( 'NONE',  ( 9.136357207491037968, -136.9041978977006693, 24.56088000643828551 ) ) ;
#4483 = CIRCLE ( 'NONE', #5251, 129.5927812626564162 ) ;
#4484 = DIRECTION ( 'NONE',  ( -0.2274497880079277834, 0.000000000000000000, -0.9737898099359783011 ) ) ;
#4485 = ORIENTED_EDGE ( 'NONE', *, *, #695, .F. ) ;
#4486 = CARTESIAN_POINT ( 'NONE',  ( -73.47315653655857659, -101.1271242968688426, 14.49999999999999822 ) ) ;
#4487 = CARTESIAN_POINT ( 'NONE',  ( 3.877646938263457581E-14, -316.6339013798285578, -81.46200492995686204 ) ) ;
#4488 = AXIS2_PLACEMENT_3D ( 'NONE', #7428, #1222, #1186 ) ;
#4489 = LINE ( 'NONE', #1426, #6298 ) ;
#4490 = DIRECTION ( 'NONE',  ( 1.000000000000000000, 0.000000000000000000, 0.000000000000000000 ) ) ;
#4491 = APPROVAL_ROLE ( '' ) ;
#4492 = EDGE_CURVE ( 'NONE', #6230, #3177, #4931, .T. ) ;
#4493 = CARTESIAN_POINT ( 'NONE',  ( 162.6000000000000227, 0.000000000000000000, 35.77057939344513215 ) ) ;
#4494 = CIRCLE ( 'NONE', #6048, 82.27449788007929499 ) ;
#4495 = CARTESIAN_POINT ( 'NONE',  ( 88.25657280819608275, 98.53573512636566534, 23.41017101767303288 ) ) ;
#4496 = DIRECTION ( 'NONE',  ( -0.000000000000000000, -0.000000000000000000, 1.000000000000000000 ) ) ;
#4497 = CARTESIAN_POINT ( 'NONE',  ( -2.245184594106244153E-14, -183.3332349922793298, 80.88990889983972465 ) ) ;
#4498 = CARTESIAN_POINT ( 'NONE',  ( 168.6000000000000227, 0.000000000000000000, -63.72929959498868868 ) ) ;
#4499 = AXIS2_PLACEMENT_3D ( 'NONE', #4799, #4189, #4754 ) ;
#4500 = AXIS2_PLACEMENT_3D ( 'NONE', #1358, #1872, #3545 ) ;
#4501 = CARTESIAN_POINT ( 'NONE',  ( 111.4350991271529381, -51.66336544341808690, 19.36299596820718705 ) ) ;
#4502 = ORIENTED_EDGE ( 'NONE', *, *, #2064, .T. ) ;
#4503 = VERTEX_POINT ( 'NONE', #5416 ) ;
#4504 = CONICAL_SURFACE ( 'NONE', #2051, 147.5999999999999375, 1.341338301000019273 ) ;
#4505 = AXIS2_PLACEMENT_3D ( 'NONE', #7733, #3859, #7658 ) ;
#4506 = ORIENTED_EDGE ( 'NONE', *, *, #3830, .F. ) ;
#4507 = CARTESIAN_POINT ( 'NONE',  ( 123.4680222728358814, -52.91779077809081144, 21.32128935446664642 ) ) ;
#4508 = CARTESIAN_POINT ( 'NONE',  ( -416.5484383175221978, 208.2742191587610137, -99.50000000000001421 ) ) ;
#4509 = DIRECTION ( 'NONE',  ( -0.000000000000000000, -0.000000000000000000, 1.000000000000000000 ) ) ;
#4510 = CARTESIAN_POINT ( 'NONE',  ( 0.000000000000000000, 172.5999999999999943, 65.77070040501132553 ) ) ;
#4511 = CIRCLE ( 'NONE', #5538, 129.0241567926366031 ) ;
#4512 = CARTESIAN_POINT ( 'NONE',  ( 64.55552171602394651, -113.2727029494432287, 22.96506077618630570 ) ) ;
#4513 = CIRCLE ( 'NONE', #7637, 122.2006631523987323 ) ;
#4514 = CARTESIAN_POINT ( 'NONE',  ( 4.564127868063647056E-14, 186.3446616298417950, 85.37267775845593576 ) ) ;
#4515 = B_SPLINE_CURVE_WITH_KNOTS ( 'NONE', 3,
 ( #601, #3044, #4307, #5514, #3090, #1243, #3693, #4585, #2686, #7648 ),
 .UNSPECIFIED., .F., .F.,
 ( 4, 2, 2, 2, 4 ),
 ( -0.03922964533886871136, -0.03544279388257131486, -0.03449608101849693798, -0.03354936815442256109, -0.03165594242627380733 ),
 .UNSPECIFIED. ) ;
#4516 = ORIENTED_EDGE ( 'NONE', *, *, #318, .F. ) ;
#4517 = ORIENTED_EDGE ( 'NONE', *, *, #685, .F. ) ;
#4518 = ORIENTED_EDGE ( 'NONE', *, *, #5511, .T. ) ;
#4519 = DIRECTION ( 'NONE',  ( -0.000000000000000000, -1.000000000000000000, -0.000000000000000000 ) ) ;
#4520 = AXIS2_PLACEMENT_3D ( 'NONE', #224, #1312, #3150 ) ;
#4521 = ORIENTED_EDGE ( 'NONE', *, *, #4277, .T. ) ;
#4522 = CARTESIAN_POINT ( 'NONE',  ( -5.101247116753823982E-14, 208.2742191587611558, -94.50000000000000000 ) ) ;
#4523 = PLANE ( 'NONE',  #6846 ) ;
#4524 = DIRECTION ( 'NONE',  ( -1.000000000000000000, 0.000000000000000000, 0.000000000000000000 ) ) ;
#4525 = CIRCLE ( 'NONE', #2834, 148.7715728752537530 ) ;
#4526 = EDGE_CURVE ( 'NONE', #3978, #3710, #130, .T. ) ;
#4527 = CARTESIAN_POINT ( 'NONE',  ( 322.5000000000000000, 0.000000000000000000, -65.77070040501132553 ) ) ;
#4528 = ORIENTED_EDGE ( 'NONE', *, *, #5918, .T. ) ;
#4529 = DIRECTION ( 'NONE',  ( -1.000000000000000000, 0.000000000000000000, 0.000000000000000000 ) ) ;
#4530 = AXIS2_PLACEMENT_3D ( 'NONE', #6467, #5228, #7812 ) ;
#4531 = DIRECTION ( 'NONE',  ( 1.224646799147353207E-16, 1.000000000000000000, 0.000000000000000000 ) ) ;
#4532 = PLANE ( 'NONE',  #5674 ) ;
#4533 = COORDINATED_UNIVERSAL_TIME_OFFSET ( 10, 0, .AHEAD. ) ;
#4534 = AXIS2_PLACEMENT_3D ( 'NONE', #6942, #7395, #4294 ) ;
#4535 = CARTESIAN_POINT ( 'NONE',  ( 0.000000000000000000, 315.9843193731403517, -83.60197795724437242 ) ) ;
#4536 = DIRECTION ( 'NONE',  ( -0.000000000000000000, -0.000000000000000000, 1.000000000000000000 ) ) ;
#4537 = EDGE_CURVE ( 'NONE', #5567, #6705, #6714, .T. ) ;
#4538 = ORIENTED_EDGE ( 'NONE', *, *, #3355, .T. ) ;
#4539 = EDGE_CURVE ( 'NONE', #3469, #287, #3463, .T. ) ;
#4540 = DIRECTION ( 'NONE',  ( 0.000000000000000000, 0.000000000000000000, -1.000000000000000000 ) ) ;
#4541 = CARTESIAN_POINT ( 'NONE',  ( -87.77959895746010943, -96.52240889863576001, 20.41909373524321580 ) ) ;
#4542 = DIRECTION ( 'NONE',  ( 1.000000000000000000, 0.000000000000000000, 0.000000000000000000 ) ) ;
#4543 = CC_DESIGN_SECURITY_CLASSIFICATION ( #5307, ( #7796 ) ) ;
#4544 = CARTESIAN_POINT ( 'NONE',  ( -150.0999999999999375, 1.930043355456228207E-14, 37.11044636716696488 ) ) ;
#4545 = DIRECTION ( 'NONE',  ( -1.000000000000000000, -1.224646799147349509E-16, 0.000000000000000000 ) ) ;
#4546 = ORIENTED_EDGE ( 'NONE', *, *, #7684, .F. ) ;
#4547 = CARTESIAN_POINT ( 'NONE',  ( -67.65328166575146440, 114.9702984177575900, 23.67086445428129338 ) ) ;
#4548 = ORIENTED_EDGE ( 'NONE', *, *, #1324, .T. ) ;
#4549 = ORIENTED_EDGE ( 'NONE', *, *, #2356, .T. ) ;
#4550 = ADVANCED_FACE ( 'NONE', ( #3640 ), #2042, .T. ) ;
#4551 = CARTESIAN_POINT ( 'NONE',  ( 3.949485927250214208E-14, -322.5000000000000000, -65.77070040501132553 ) ) ;
#4552 = CARTESIAN_POINT ( 'NONE',  ( -4.288713090614031325E-14, 175.0999999999999943, -89.50634777422294519 ) ) ;
#4553 = CARTESIAN_POINT ( 'NONE',  ( 165.0999999999999943, 0.000000000000000000, 45.77070040501133974 ) ) ;
#4554 = CARTESIAN_POINT ( 'NONE',  ( 646.7802735357106485, -323.3901367678553243, -99.49999999999998579 ) ) ;
#4555 = CARTESIAN_POINT ( 'NONE',  ( 4.883884749510008757E-14, 199.3997270441714136, 93.38869490038416643 ) ) ;
#4556 = PERSON_AND_ORGANIZATION ( #2260, #6755 ) ;
#4557 = ORIENTED_EDGE ( 'NONE', *, *, #2319, .F. ) ;
#4558 = ORIENTED_EDGE ( 'NONE', *, *, #594, .T. ) ;
#4559 = CARTESIAN_POINT ( 'NONE',  ( -2.401268333048516338E-14, -196.0784394913188748, 92.26983495602148366 ) ) ;
#4560 = CARTESIAN_POINT ( 'NONE',  ( -409.3282518059240829, 204.6641259029619562, -94.36274905517981892 ) ) ;
#4561 = CARTESIAN_POINT ( 'NONE',  ( 6.349999999999999645, 57.14999999999999858, 17.00000000000000000 ) ) ;
#4562 = CARTESIAN_POINT ( 'NONE',  ( -88.05497698053649458, 104.6625898225218378, 24.46006813683532144 ) ) ;
#4563 = CARTESIAN_POINT ( 'NONE',  ( -59.76558221745793276, 107.2457063289716928, 21.86299596820718349 ) ) ;
#4564 = ORIENTED_EDGE ( 'NONE', *, *, #349, .F. ) ;
#4565 = CARTESIAN_POINT ( 'NONE',  ( -125.8998412317548485, 25.35536574262078346, 19.95919765998264239 ) ) ;
#4566 = ORIENTED_EDGE ( 'NONE', *, *, #2059, .T. ) ;
#4567 = CARTESIAN_POINT ( 'NONE',  ( -27.24192716851457519, -46.23532122852843429, -3.460512242138308103 ) ) ;
#4568 = DIRECTION ( 'NONE',  ( -1.000000000000000000, 0.000000000000000000, 0.000000000000000000 ) ) ;
#4569 = EDGE_CURVE ( 'NONE', #3072, #5976, #582, .T. ) ;
#4570 = CARTESIAN_POINT ( 'NONE',  ( 0.000000000000000000, 0.000000000000000000, -39.26483350092088642 ) ) ;
#4571 = CARTESIAN_POINT ( 'NONE',  ( 2.463128316362707909E-14, -201.1296904607625322, -93.80705434439103385 ) ) ;
#4572 = CARTESIAN_POINT ( 'NONE',  ( -14.54461539145625260, -121.3320082995440856, 21.86299596820718349 ) ) ;
#4573 = DIRECTION ( 'NONE',  ( -0.000000000000000000, -0.000000000000000000, 1.000000000000000000 ) ) ;
#4574 = CARTESIAN_POINT ( 'NONE',  ( -3.855874569634602512E-14, -314.8560525630094276, 86.09637062918555728 ) ) ;
#4575 = CARTESIAN_POINT ( 'NONE',  ( -2.528508904446387929E-14, -206.4684206259987889, 94.49999999999997158 ) ) ;
#4576 = EDGE_CURVE ( 'NONE', #7303, #6785, #1902, .T. ) ;
#4577 = DIRECTION ( 'NONE',  ( -0.000000000000000000, -0.000000000000000000, 1.000000000000000000 ) ) ;
#4578 = CARTESIAN_POINT ( 'NONE',  ( -121.4992897069595159, 53.40562466118068841, 20.94487747047467963 ) ) ;
#4579 = ADVANCED_FACE ( 'NONE', ( #2473 ), #6710, .T. ) ;
#4580 = VERTEX_POINT ( 'NONE', #919 ) ;
#4581 = ORIENTED_EDGE ( 'NONE', *, *, #5071, .T. ) ;
#4582 = CARTESIAN_POINT ( 'NONE',  ( 132.2239340256180071, -45.55901921026377011, 22.61039121238178495 ) ) ;
#4583 = CARTESIAN_POINT ( 'NONE',  ( -14.54461539145627036, -121.3320082995440856, 19.36299596820718349 ) ) ;
#4584 = FACE_OUTER_BOUND ( 'NONE', #6244, .T. ) ;
#4585 = CARTESIAN_POINT ( 'NONE',  ( 121.1434517748176631, 23.78519132281634185, 19.38113289849091103 ) ) ;
#4586 = CARTESIAN_POINT ( 'NONE',  ( -3.886262931281310274E-14, -317.3374506010286495, 76.28597499736081033 ) ) ;
#4587 = EDGE_CURVE ( 'NONE', #6287, #4900, #6083, .T. ) ;
#4588 = CARTESIAN_POINT ( 'NONE',  ( 398.7994540883427703, 199.3997270441712999, 93.38869490038415222 ) ) ;
#4589 = TOROIDAL_SURFACE ( 'NONE', #6682, 80.00000000000000000, 12.49999999999999822 ) ;
#4590 = EDGE_LOOP ( 'NONE', ( #4428, #7929, #2576, #6454 ) ) ;
#4591 = ORIENTED_EDGE ( 'NONE', *, *, #362, .F. ) ;
#4592 = CARTESIAN_POINT ( 'NONE',  ( 360.1999999999999886, -180.0999999999999659, -68.44440677895181580 ) ) ;
#4593 = CARTESIAN_POINT ( 'NONE',  ( 85.11947774835078917, -110.5870274429241960, 22.54096440409502478 ) ) ;
#4594 = AXIS2_PLACEMENT_3D ( 'NONE', #7530, #791, #3892 ) ;
#4595 = CARTESIAN_POINT ( 'NONE',  ( -3.737364689854735914E-14, -305.1789865009923233, 92.80220189689723043 ) ) ;
#4596 = EDGE_CURVE ( 'NONE', #2208, #7442, #4882, .T. ) ;
#4597 = CARTESIAN_POINT ( 'NONE',  ( 13.60944854614204758, -131.3623706319335440, 23.35953210130676538 ) ) ;
#4598 = ORIENTED_EDGE ( 'NONE', *, *, #4943, .F. ) ;
#4599 = CARTESIAN_POINT ( 'NONE',  ( 112.6877811481351728, 52.29153596484569277, 21.93024054607713325 ) ) ;
#4600 = VECTOR ( 'NONE', #1601, 1000.000000000000000 ) ;
#4601 = ORIENTED_EDGE ( 'NONE', *, *, #1755, .F. ) ;
#4602 = DIRECTION ( 'NONE',  ( 1.000000000000000000, 0.000000000000000000, 0.000000000000000000 ) ) ;
#4603 = CARTESIAN_POINT ( 'NONE',  ( 113.4866435706499743, -52.63494920823655576, 21.99775373714457771 ) ) ;
#4604 = FACE_OUTER_BOUND ( 'NONE', #4273, .T. ) ;
#4605 = AXIS2_PLACEMENT_3D ( 'NONE', #2783, #4693, #6572 ) ;
#4606 = CARTESIAN_POINT ( 'NONE',  ( 129.9496731077267100, -28.49723825431377122, 23.58670203643026042 ) ) ;
#4607 = B_SPLINE_CURVE_WITH_KNOTS ( 'NONE', 3,
 ( #683, #3740, #1843, #642, #7489, #5680, #6254, #753, #6760, #3655, #5034, #3043, #3129, #1963, #6131, #3692, #3214, #1204, #4989, #1922, #5512, #4391, #716, #7531, #169, #4431, #3089, #6920, #1365, #2448, #4950, #2610, #5070, #4306, #7568, #4912, #6796, #1242, #2723, #4623, #4467, #1445 ),
 .UNSPECIFIED., .F., .F.,
 ( 4, 2, 2, 2, 2, 2, 2, 2, 2, 2, 2, 2, 2, 2, 2, 2, 2, 2, 2, 2, 4 ),
 ( 9.134320354392388520E-07, 0.002557974490692086107, 0.005115035549348733585, 0.007672096608005380194, 0.01022915766666202680, 0.01150768819599035271, 0.01278621872531867862, 0.01534327978397528359, 0.01662181031330357481, 0.01790034084263186775, 0.02045740190128845018, 0.02301446295994502914, 0.02557152401860161156, 0.02812858507725819746, 0.02940711560658650428, 0.03068564613591481111, 0.03324270719457143169, 0.03452123772389974199, 0.03579976825322805228, 0.03835682931188467287, 0.04091389037054129346 ),
 .UNSPECIFIED. ) ;
#4608 = AXIS2_PLACEMENT_3D ( 'NONE', #3232, #1980, #3950 ) ;
#4609 = CARTESIAN_POINT ( 'NONE',  ( 132.2032725890224754, 45.54143947449364305, 22.60515454246080935 ) ) ;
#4610 = DIRECTION ( 'NONE',  ( 1.000000000000000000, 0.000000000000000000, 0.000000000000000000 ) ) ;
#4611 = CARTESIAN_POINT ( 'NONE',  ( -3.847138617391237819E-14, -314.1427079276870131, 87.18980760446915212 ) ) ;
#4612 = CARTESIAN_POINT ( 'NONE',  ( -130.6362653317124796, 29.30312305190465949, 21.21673723129296008 ) ) ;
#4613 = CARTESIAN_POINT ( 'NONE',  ( 168.5999999999999943, 2.064754503362437501E-14, 64.27070040501133974 ) ) ;
#4614 = CARTESIAN_POINT ( 'NONE',  ( 73.47315653655780920, 101.1271242968693826, 14.49999999999999822 ) ) ;
#4615 = AXIS2_PLACEMENT_3D ( 'NONE', #1775, #6233, #6107 ) ;
#4616 = ORIENTED_EDGE ( 'NONE', *, *, #3601, .T. ) ;
#4617 = ADVANCED_FACE ( 'NONE', ( #4107 ), #5786, .T. ) ;
#4618 = VERTEX_POINT ( 'NONE', #530 ) ;
#4619 = CARTESIAN_POINT ( 'NONE',  ( 127.5410063022906257, -50.88605381529433913, 22.01894496840685633 ) ) ;
#4620 = CIRCLE ( 'NONE', #6310, 129.5927812626564162 ) ;
#4621 = CARTESIAN_POINT ( 'NONE',  ( -39.94192716851458158, -46.23532122852843429, 17.00000000000000000 ) ) ;
#4622 = CC_DESIGN_PERSON_AND_ORGANIZATION_ASSIGNMENT ( #7021, #2019, ( #7796 ) ) ;
#4623 = CARTESIAN_POINT ( 'NONE',  ( 14.23154095931800001, 129.8122344270091446, 23.01490636835806924 ) ) ;
#4624 = EDGE_CURVE ( 'NONE', #1674, #2341, #1406, .T. ) ;
#4625 = CARTESIAN_POINT ( 'NONE',  ( -132.1421418765405349, -45.71738337436477906, 25.17165820251043584 ) ) ;
#4626 = CARTESIAN_POINT ( 'NONE',  ( 635.0262584174099629, 317.5131292087048678, 70.21990042098286722 ) ) ;
#4627 = CARTESIAN_POINT ( 'NONE',  ( -3.949485927250214208E-14, -322.5000000000000000, 83.74324804101253505 ) ) ;
#4628 = AXIS2_PLACEMENT_3D ( 'NONE', #1089, #6009, #2334 ) ;
#4629 = VERTEX_POINT ( 'NONE', #5354 ) ;
#4630 = EDGE_LOOP ( 'NONE', ( #3843, #1341 ) ) ;
#4631 = FACE_OUTER_BOUND ( 'NONE', #7018, .T. ) ;
#4632 = DIRECTION ( 'NONE',  ( 0.000000000000000000, 0.000000000000000000, -1.000000000000000000 ) ) ;
#4633 = CARTESIAN_POINT ( 'NONE',  ( 398.7994540883427135, 199.3997270441713852, -93.38869490038415222 ) ) ;
#4634 = EDGE_CURVE ( 'NONE', #3916, #4407, #196, .T. ) ;
#4635 = CARTESIAN_POINT ( 'NONE',  ( 14.69504215595828178, -121.9284925920224509, 21.86299596820717994 ) ) ;
#4636 = AXIS2_PLACEMENT_3D ( 'NONE', #5072, #7688, #127 ) ;
#4637 = AXIS2_PLACEMENT_3D ( 'NONE', #801, #1452, #212 ) ;
#4638 = CARTESIAN_POINT ( 'NONE',  ( -3.831175842164916603E-14, -312.8392484128754631, 88.68418937925814305 ) ) ;
#4639 = CARTESIAN_POINT ( 'NONE',  ( 625.6784968257508126, -312.8392484128754063, -88.68418937925815726 ) ) ;
#4640 = DIRECTION ( 'NONE',  ( -1.000000000000000000, 0.000000000000000000, 0.000000000000000000 ) ) ;
#4641 = ORIENTED_EDGE ( 'NONE', *, *, #3552, .F. ) ;
#4642 = TOROIDAL_SURFACE ( 'NONE', #3860, 103.1248389675219101, 7.500000000000000000 ) ;
#4643 = CARTESIAN_POINT ( 'NONE',  ( 2.144356545307015663E-14, -175.0999999999999943, -65.77070040501132553 ) ) ;
#4644 = VERTEX_POINT ( 'NONE', #7206 ) ;
#4645 = CARTESIAN_POINT ( 'NONE',  ( 0.000000000000000000, 0.000000000000000000, -55.72929959498868158 ) ) ;
#4646 = EDGE_CURVE ( 'NONE', #4071, #3017, #6186, .T. ) ;
#4647 = DIRECTION ( 'NONE',  ( 0.000000000000000000, -0.000000000000000000, 1.000000000000000000 ) ) ;
#4648 = CARTESIAN_POINT ( 'NONE',  ( 129.0241567926365747, 0.000000000000000000, 22.64930167012783713 ) ) ;
#4649 = CIRCLE ( 'NONE', #3094, 129.5927812626564162 ) ;
#4650 = DIRECTION ( 'NONE',  ( -1.000000000000000000, 0.000000000000000000, 0.000000000000000000 ) ) ;
#4651 = AXIS2_PLACEMENT_3D ( 'NONE', #1482, #7606, #5799 ) ;
#4652 = CARTESIAN_POINT ( 'NONE',  ( 130.6797652324115404, -47.90581924451453233, 25.02212298877543617 ) ) ;
#4653 = CYLINDRICAL_SURFACE ( 'NONE', #6309, 15.00000000000001421 ) ;
#4654 = CARTESIAN_POINT ( 'NONE',  ( -610.3579730019846465, 305.1789865009923233, 92.80220189689723043 ) ) ;
#4655 = DIRECTION ( 'NONE',  ( -0.000000000000000000, -0.000000000000000000, 1.000000000000000000 ) ) ;
#4656 = DIRECTION ( 'NONE',  ( -0.000000000000000000, -0.000000000000000000, 1.000000000000000000 ) ) ;
#4657 = CONICAL_SURFACE ( 'NONE', #1182, 165.0999999999999943, 1.047197551196600074 ) ;
#4658 = CARTESIAN_POINT ( 'NONE',  ( 0.000000000000000000, 0.000000000000000000, 57.77070040501133974 ) ) ;
#4659 = ORIENTED_EDGE ( 'NONE', *, *, #6479, .F. ) ;
#4660 = ORIENTED_EDGE ( 'NONE', *, *, #5213, .F. ) ;
#4661 = EDGE_LOOP ( 'NONE', ( #1201, #6926, #4313, #7861, #4485, #6500, #7094, #2512, #3847, #2641, #3039, #1362, #7251, #4659, #324, #7137, #5246, #1457, #6764, #4506, #5506, #4796, #5882, #3805, #6654, #2359, #7959, #3936, #2131 ) ) ;
#4662 = CARTESIAN_POINT ( 'NONE',  ( -160.6000000000000512, 1.966782759430649698E-14, 46.05937553960620789 ) ) ;
#4663 = DIRECTION ( 'NONE',  ( 0.000000000000000000, -1.000000000000000000, 0.000000000000000000 ) ) ;
#4664 = DIRECTION ( 'NONE',  ( 1.000000000000000000, 0.000000000000000000, 0.000000000000000000 ) ) ;
#4665 = CARTESIAN_POINT ( 'NONE',  ( 85.12564702030650210, -91.67704139076323600, 22.00240902692936729 ) ) ;
#4666 = EDGE_CURVE ( 'NONE', #75, #7868, #6854, .T. ) ;
#4667 = CARTESIAN_POINT ( 'NONE',  ( 118.8820645368945605, -38.62712429686728655, 19.36299596820718705 ) ) ;
#4668 = CARTESIAN_POINT ( 'NONE',  ( -646.7802735357106485, -323.3901367678553243, 99.49999999999998579 ) ) ;
#4669 = ORIENTED_EDGE ( 'NONE', *, *, #2114, .T. ) ;
#4670 = ORIENTED_EDGE ( 'NONE', *, *, #386, .F. ) ;
#4671 = CARTESIAN_POINT ( 'NONE',  ( -363.5998126646221635, -181.7999063323110818, 77.29528289382909634 ) ) ;
#4672 = LINE ( 'NONE', #4024, #4463 ) ;
#4673 = CARTESIAN_POINT ( 'NONE',  ( 360.1999999999999318, -180.0999999999999375, -65.77070040501131132 ) ) ;
#4674 = CARTESIAN_POINT ( 'NONE',  ( 14.80915276444907569, -122.5351129169348496, 21.88158787895977042 ) ) ;
#4675 = DIRECTION ( 'NONE',  ( -0.000000000000000000, -0.000000000000000000, 1.000000000000000000 ) ) ;
#4676 = CARTESIAN_POINT ( 'NONE',  ( 3.737364689854735914E-14, -305.1789865009923233, -92.80220189689723043 ) ) ;
#4677 = CARTESIAN_POINT ( 'NONE',  ( 0.000000000000000000, 0.000000000000000000, 99.49999999999998579 ) ) ;
#4678 = ADVANCED_FACE ( 'NONE', ( #1164 ), #7879, .T. ) ;
#4680 = EDGE_CURVE ( 'NONE', #5383, #1586, #3845, .T. ) ;
#4679 = CARTESIAN_POINT ( 'NONE',  ( 0.000000000000000000, 0.000000000000000000, 19.16641954272702009 ) ) ;
#4681 = DIRECTION ( 'NONE',  ( 0.000000000000000000, 0.000000000000000000, -1.000000000000000000 ) ) ;
#4682 = B_SPLINE_CURVE_WITH_KNOTS ( 'NONE', 3,
 ( #1041, #4792, #3500, #443, #2760, #7123, #4747, #3411, #6545, #2924, #2441, #596, #4341, #7322, #6126, #5472, #7965, #6754, #4906, #6834, #6673, #3124, #1158, #3037, #563, #3, #4826, #2398, #4861, #522, #5590, #3732, #7361, #1756, #2969, #1235, #3004, #4263 ),
 .UNSPECIFIED., .F., .F.,
 ( 4, 2, 2, 2, 2, 2, 2, 2, 2, 2, 2, 2, 2, 2, 2, 2, 2, 2, 4 ),
 ( 9.257435878685740722E-07, 0.004249498221780236527, 0.006373784460876439836, 0.008498070699972642278, 0.009560213819520725284, 0.01062235693906881003, 0.01274664317816493440, 0.01487092941726106052, 0.01593307253680912444, 0.01699521565635718490, 0.01911950189545329540, 0.02018164501500135585, 0.02124378813454941631, 0.02336807437364550599, 0.02549236061274159568, 0.02974093309093377505, 0.03080307621048182162, 0.03186521933002987167, 0.03398950556912595788 ),
 .UNSPECIFIED. ) ;
#4683 = ORIENTED_EDGE ( 'NONE', *, *, #7877, .T. ) ;
#4684 = DIRECTION ( 'NONE',  ( -0.000000000000000000, -0.000000000000000000, 1.000000000000000000 ) ) ;
#4685 = ORIENTED_EDGE ( 'NONE', *, *, #4177, .T. ) ;
#4686 = LINE ( 'NONE', #7221, #5126 ) ;
#4687 = DIRECTION ( 'NONE',  ( 1.224646799147353207E-16, 1.000000000000000000, 0.000000000000000000 ) ) ;
#4688 = EDGE_CURVE ( 'NONE', #3965, #7539, #4244, .T. ) ;
#4689 = LINE ( 'NONE', #973, #995 ) ;
#4690 = CARTESIAN_POINT ( 'NONE',  ( -111.4317068495107321, -51.66123299527715318, 19.36299596820717994 ) ) ;
#4691 = DIRECTION ( 'NONE',  ( 1.000000000000000000, 0.000000000000000000, 0.000000000000000000 ) ) ;
#4692 = CARTESIAN_POINT ( 'NONE',  ( -3.802444697280735182E-14, -310.4931723929009877, 90.48823014889568128 ) ) ;
#4693 = DIRECTION ( 'NONE',  ( 0.000000000000000000, 0.000000000000000000, -1.000000000000000000 ) ) ;
#4694 = CARTESIAN_POINT ( 'NONE',  ( 578.6515616824777908, 289.3257808412387249, 99.49999999999998579 ) ) ;
#4695 = B_SPLINE_CURVE_WITH_KNOTS ( 'NONE', 3,
 ( #5624, #2599, #2111, #2027, #1357, #7030, #745, #3766 ),
 .UNSPECIFIED., .F., .F.,
 ( 4, 2, 2, 4 ),
 ( 0.04689071343536540398, 0.04862653435213815101, 0.05036235526891089803, 0.05383399710245640596 ),
 .UNSPECIFIED. ) ;
#4696 = CARTESIAN_POINT ( 'NONE',  ( 0.000000000000000000, 0.000000000000000000, 35.77057939344513215 ) ) ;
#4697 = EDGE_LOOP ( 'NONE', ( #6725, #1635 ) ) ;
#4698 = EDGE_LOOP ( 'NONE', ( #7730, #3249 ) ) ;
#4699 = EDGE_LOOP ( 'NONE', ( #6184, #2900, #7976, #2762 ) ) ;
#4700 = CYLINDRICAL_SURFACE ( 'NONE', #5929, 150.0999999999999375 ) ;
#4701 = DIRECTION ( 'NONE',  ( 0.000000000000000000, 0.000000000000000000, -1.000000000000000000 ) ) ;
#4702 = FACE_OUTER_BOUND ( 'NONE', #7009, .T. ) ;
#4703 = DIRECTION ( 'NONE',  ( 1.000000000000000000, 0.000000000000000000, 0.000000000000000000 ) ) ;
#4704 = CARTESIAN_POINT ( 'NONE',  ( -3.877646938263457581E-14, -316.6339013798285578, 81.46200492995686204 ) ) ;
#4705 = CARTESIAN_POINT ( 'NONE',  ( 0.000000000000000000, 322.5000000000000000, 83.74324804101253505 ) ) ;
#4706 = VERTEX_POINT ( 'NONE', #1881 ) ;
#4707 = ORIENTED_EDGE ( 'NONE', *, *, #1956, .F. ) ;
#4708 = CARTESIAN_POINT ( 'NONE',  ( -360.1999999999999318, -180.0999999999999375, 65.77070040501131132 ) ) ;
#4709 = CARTESIAN_POINT ( 'NONE',  ( 155.5999999999993406, 0.000000000000000000, -37.60797925142819764 ) ) ;
#4710 = CARTESIAN_POINT ( 'NONE',  ( -88.42227601201862797, -102.5528184318765454, 24.14035754045970705 ) ) ;
#4711 = CARTESIAN_POINT ( 'NONE',  ( -392.1568789826376360, 196.0784394913188180, -92.26983495602146945 ) ) ;
#4712 = CARTESIAN_POINT ( 'NONE',  ( -3.877646938263457581E-14, -316.6339013798285578, 81.46200492995686204 ) ) ;
#4713 = CARTESIAN_POINT ( 'NONE',  ( 593.7421166591421979, 296.8710583295711558, -94.26337537733880367 ) ) ;
#4714 = CARTESIAN_POINT ( 'NONE',  ( 2.347490051841963511E-14, -175.0999999999999943, -65.77070040501132553 ) ) ;
#4715 = EDGE_LOOP ( 'NONE', ( #6413, #5923, #5384, #5793 ) ) ;
#4716 = CARTESIAN_POINT ( 'NONE',  ( 0.000000000000000000, 313.7453701259441345, -87.70311822632901055 ) ) ;
#4717 = CARTESIAN_POINT ( 'NONE',  ( 0.000000000000000000, 191.8051228250735676, -99.50000000000000000 ) ) ;
#4718 = ORIENTED_EDGE ( 'NONE', *, *, #5770, .F. ) ;
#4719 = ADVANCED_FACE ( 'NONE', ( #126, #10, #6840, #4348, #6172, #87, #3168 ), #7408, .F. ) ;
#4720 = CARTESIAN_POINT ( 'NONE',  ( -12.97495722425004061, -132.5377831460119467, 21.05063744413606486 ) ) ;
#4721 = ORIENTED_EDGE ( 'NONE', *, *, #2262, .T. ) ;
#4722 = VECTOR ( 'NONE', #1573, 1000.000000000000000 ) ;
#4723 = EDGE_CURVE ( 'NONE', #2046, #749, #4607, .T. ) ;
#4724 = CARTESIAN_POINT ( 'NONE',  ( 0.000000000000000000, 206.4684206259987889, -94.49999999999997158 ) ) ;
#4725 = EDGE_CURVE ( 'NONE', #1028, #7654, #866, .T. ) ;
#4726 = DIRECTION ( 'NONE',  ( 1.000000000000000000, 0.000000000000000000, 0.000000000000000000 ) ) ;
#4727 = VECTOR ( 'NONE', #4949, 1000.000000000000000 ) ;
#4728 = DIRECTION ( 'NONE',  ( 0.000000000000000000, -0.000000000000000000, 1.000000000000000000 ) ) ;
#4729 = DIRECTION ( 'NONE',  ( -0.000000000000000000, -0.000000000000000000, 1.000000000000000000 ) ) ;
#4730 = DIRECTION ( 'NONE',  ( 1.000000000000000000, 0.000000000000000000, 0.000000000000000000 ) ) ;
#4731 = CARTESIAN_POINT ( 'NONE',  ( -620.9863447858018617, 310.4931723929009308, 90.48823014889568128 ) ) ;
#4732 = VECTOR ( 'NONE', #3183, 1000.000000000000000 ) ;
#4733 = CARTESIAN_POINT ( 'NONE',  ( 15.00000000000000355, -124.9999999999873523, 19.57385387393430420 ) ) ;
#4734 = ADVANCED_FACE ( 'NONE', ( #3893 ), #5226, .T. ) ;
#4735 = LINE ( 'NONE', #3362, #3222 ) ;
#4736 = CYLINDRICAL_SURFACE ( 'NONE', #4008, 165.1000000000000227 ) ;
#4737 = EDGE_LOOP ( 'NONE', ( #5607, #1877, #5507, #2604 ) ) ;
#4738 = DIRECTION ( 'NONE',  ( -0.000000000000000000, -0.000000000000000000, 1.000000000000000000 ) ) ;
#4739 = VERTEX_POINT ( 'NONE', #1563 ) ;
#4740 = ORIENTED_EDGE ( 'NONE', *, *, #6752, .T. ) ;
#4741 = CARTESIAN_POINT ( 'NONE',  ( -133.8709841712158664, 37.96302282952606788, 25.01425510121215368 ) ) ;
#4742 = DIRECTION ( 'NONE',  ( -0.000000000000000000, -0.000000000000000000, 1.000000000000000000 ) ) ;
#4743 = CARTESIAN_POINT ( 'NONE',  ( -13.38630412687819771, 131.8163569223089269, 20.89240147329200781 ) ) ;
#4744 = CARTESIAN_POINT ( 'NONE',  ( -132.9759359770388016, -43.78900858200753987, 25.21277717797558182 ) ) ;
#4745 = AXIS2_PLACEMENT_3D ( 'NONE', #7468, #3607, #666 ) ;
#4746 = CARTESIAN_POINT ( 'NONE',  ( -180.1000000000000227, 2.205588885264383237E-14, 52.77070040501133263 ) ) ;
#4747 = CARTESIAN_POINT ( 'NONE',  ( -70.85093043159004367, -115.9127712481870844, 21.67642775846850611 ) ) ;
#4748 = ORIENTED_EDGE ( 'NONE', *, *, #204, .F. ) ;
#4749 = AXIS2_PLACEMENT_3D ( 'NONE', #6447, #7028, #1467 ) ;
#4750 = CIRCLE ( 'NONE', #4615, 15.00000000000000000 ) ;
#4751 = EDGE_LOOP ( 'NONE', ( #610, #3551, #4233, #6061 ) ) ;
#4752 = LINE ( 'NONE', #7252, #1026 ) ;
#4753 = CYLINDRICAL_SURFACE ( 'NONE', #7981, 155.5999999999993406 ) ;
#4754 = DIRECTION ( 'NONE',  ( 0.3090169943749452863, 0.9510565162951543083, 0.000000000000000000 ) ) ;
#4755 = DIRECTION ( 'NONE',  ( -0.000000000000000000, -0.000000000000000000, 1.000000000000000000 ) ) ;
#4756 = CIRCLE ( 'NONE', #2688, 4.000000000000003553 ) ;
#4757 = CARTESIAN_POINT ( 'NONE',  ( 0.000000000000000000, 311.1572994331259565, -90.05439378584783583 ) ) ;
#4758 = CONICAL_SURFACE ( 'NONE', #7241, 150.0999999999999375, 0.7853981633974471688 ) ;
#4759 = CARTESIAN_POINT ( 'NONE',  ( -10.13372410079568553, -136.0922294815581495, 24.38778893334842479 ) ) ;
#4760 = EDGE_LOOP ( 'NONE', ( #6135, #7979, #4236, #6424, #4683, #3487, #2876, #769 ) ) ;
#4761 = CARTESIAN_POINT ( 'NONE',  ( 0.000000000000000000, 311.1572994331259565, -90.05439378584783583 ) ) ;
#4762 = CARTESIAN_POINT ( 'NONE',  ( 148.7715728752537530, 1.852080913220984932E-14, 14.90333958598047381 ) ) ;
#4763 = ORIENTED_EDGE ( 'NONE', *, *, #3994, .T. ) ;
#4764 = CARTESIAN_POINT ( 'NONE',  ( 84.87509741924019124, -91.37542604762252552, 19.45867420922220248 ) ) ;
#4765 = TOROIDAL_SURFACE ( 'NONE', #2948, 166.5999999999999943, 1.500000000000000000 ) ;
#4766 = VECTOR ( 'NONE', #3268, 1000.000000000000114 ) ;
#4767 = FACE_OUTER_BOUND ( 'NONE', #929, .T. ) ;
#4768 = CARTESIAN_POINT ( 'NONE',  ( 3.842272632720390632E-14, -313.7453701259441345, -87.70311822632901055 ) ) ;
#4769 = EDGE_CURVE ( 'NONE', #3794, #823, #1791, .T. ) ;
#4770 = AXIS2_PLACEMENT_3D ( 'NONE', #4510, #5106, #5035 ) ;
#4771 = AXIS2_PLACEMENT_3D ( 'NONE', #4258, #2479, #1869 ) ;
#4772 = CARTESIAN_POINT ( 'NONE',  ( 0.000000000000000000, 0.000000000000000000, -55.72929959498868158 ) ) ;
#4773 = DIRECTION ( 'NONE',  ( 1.000000000000000000, 0.000000000000000000, 0.000000000000000000 ) ) ;
#4774 = FACE_OUTER_BOUND ( 'NONE', #5565, .T. ) ;
#4775 = AXIS2_PLACEMENT_3D ( 'NONE', #4413, #7020, #4490 ) ;
#4776 = DIRECTION ( 'NONE',  ( 0.000000000000000000, 0.000000000000000000, 1.000000000000000000 ) ) ;
#4777 = CARTESIAN_POINT ( 'NONE',  ( 130.8336216194608426, 29.55754531001916519, 21.27475528400928440 ) ) ;
#4778 = CARTESIAN_POINT ( 'NONE',  ( 59.55032408116302634, 106.7087671033382037, 21.86299596820718349 ) ) ;
#4779 = CARTESIAN_POINT ( 'NONE',  ( 0.000000000000000000, 0.000000000000000000, 35.77057939344513215 ) ) ;
#4780 = ORIENTED_EDGE ( 'NONE', *, *, #3510, .T. ) ;
#4781 = AXIS2_PLACEMENT_3D ( 'NONE', #3048, #4993, #3093 ) ;
#4782 = CARTESIAN_POINT ( 'NONE',  ( -158.0999999999992838, 1.936166589451956760E-14, 35.77057939344513215 ) ) ;
#4783 = EDGE_CURVE ( 'NONE', #4212, #5871, #391, .T. ) ;
#4784 = EDGE_CURVE ( 'NONE', #7516, #1674, #7604, .T. ) ;
#4785 = B_SPLINE_CURVE_WITH_KNOTS ( 'NONE', 3,
 ( #4351, #1883, #533, #5479 ),
 .UNSPECIFIED., .F., .F.,
 ( 4, 4 ),
 ( 9.138802967976406991E-07, 0.003252377011292853677 ),
 .UNSPECIFIED. ) ;
#4786 = ORIENTED_EDGE ( 'NONE', *, *, #4824, .T. ) ;
#4787 = CARTESIAN_POINT ( 'NONE',  ( -133.8820645368943190, 38.62712429686809656, 25.05948377397438165 ) ) ;
#4788 = CARTESIAN_POINT ( 'NONE',  ( -84.75563204346937596, 91.22560302030557011, 21.94730198139095734 ) ) ;
#4789 = CARTESIAN_POINT ( 'NONE',  ( -133.7714160279971907, -40.72726195240085190, 25.17322369758358036 ) ) ;
#4790 = CIRCLE ( 'NONE', #6883, 172.5999999999999943 ) ;
#4791 = CARTESIAN_POINT ( 'NONE',  ( 620.9863447858018617, 310.4931723929007603, 90.48823014889568128 ) ) ;
#4792 = CARTESIAN_POINT ( 'NONE',  ( -65.03318372032069306, -113.6065441443501953, 20.52077977931948283 ) ) ;
#4793 = ADVANCED_FACE ( 'NONE', ( #2645 ), #1413, .F. ) ;
#4794 = AXIS2_PLACEMENT_3D ( 'NONE', #4896, #4252, #7391 ) ;
#4795 = ORIENTED_EDGE ( 'NONE', *, *, #1228, .T. ) ;
#4796 = ORIENTED_EDGE ( 'NONE', *, *, #7811, .F. ) ;
#4797 = DIRECTION ( 'NONE',  ( -0.000000000000000000, -0.000000000000000000, 1.000000000000000000 ) ) ;
#4798 = CARTESIAN_POINT ( 'NONE',  ( -62.16125261195876561, -110.9977800457817523, 19.74680165307140101 ) ) ;
#4799 = CARTESIAN_POINT ( 'NONE',  ( -54.35287990626808607, 17.66032122852809394, 17.00000000000000000 ) ) ;
#4800 = CARTESIAN_POINT ( 'NONE',  ( -4.802536666097032677E-14, 196.0784394913188748, -92.26983495602148366 ) ) ;
#4801 = CARTESIAN_POINT ( 'NONE',  ( -121.0401786157079158, -23.77176993878032008, 21.87944146747454965 ) ) ;
#4802 = B_SPLINE_CURVE_WITH_KNOTS ( 'NONE', 3,
 ( #2881, #952, #7119, #7771, #5227, #4665, #1719, #1640, #5346, #5916 ),
 .UNSPECIFIED., .F., .F.,
 ( 4, 2, 2, 2, 4 ),
 ( 0.007469932866464837687, 0.009207661677527395963, 0.01007652608305867684, 0.01094539048858995597, 0.01442084811071501875 ),
 .UNSPECIFIED. ) ;
#4803 = CARTESIAN_POINT ( 'NONE',  ( 631.4724989282810839, -315.7362494641405419, -84.26865681888700976 ) ) ;
#4804 = CARTESIAN_POINT ( 'NONE',  ( 2.976432435155750511, -139.7078978387496306, 25.15197843066847128 ) ) ;
#4805 = ORIENTED_EDGE ( 'NONE', *, *, #2062, .F. ) ;
#4806 = PLANE ( 'NONE',  #7931 ) ;
#4807 = DIRECTION ( 'NONE',  ( -0.000000000000000000, -0.000000000000000000, 1.000000000000000000 ) ) ;
#4808 = ORIENTED_EDGE ( 'NONE', *, *, #7825, .F. ) ;
#4809 = CARTESIAN_POINT ( 'NONE',  ( 9.885246239481213948, -136.3122137470876112, 21.86750656982631114 ) ) ;
#4810 = EDGE_LOOP ( 'NONE', ( #5617, #5941, #526, #1716, #842, #6376, #56, #423, #4598, #4353, #1399, #3735, #4178, #2194, #4601, #4138, #4135, #6825 ) ) ;
#4811 = CARTESIAN_POINT ( 'NONE',  ( 133.8820645368938358, 38.29568841565746595, 25.03802390019283663 ) ) ;
#4812 = CARTESIAN_POINT ( 'NONE',  ( 3.888414373727005781E-14, -317.5131292087049815, -70.21990042098286722 ) ) ;
#4813 = DIRECTION ( 'NONE',  ( 0.000000000000000000, -1.000000000000000000, 0.000000000000000000 ) ) ;
#4814 = DIRECTION ( 'NONE',  ( -1.000000000000000000, 0.000000000000000000, 0.000000000000000000 ) ) ;
#4815 = DIRECTION ( 'NONE',  ( -0.000000000000000000, 0.000000000000000000, 1.000000000000000000 ) ) ;
#4816 = CARTESIAN_POINT ( 'NONE',  ( -175.0999999999999943, 2.144356545307015663E-14, 99.49999999999995737 ) ) ;
#4817 = CARTESIAN_POINT ( 'NONE',  ( 87.49017955252338652, 106.6524259436076534, 22.16488275894080573 ) ) ;
#4818 = CYLINDRICAL_SURFACE ( 'NONE', #167, 175.0999999999999943 ) ;
#4819 = ORIENTED_EDGE ( 'NONE', *, *, #3878, .T. ) ;
#4820 = VERTEX_POINT ( 'NONE', #5716 ) ;
#4821 = CARTESIAN_POINT ( 'NONE',  ( 175.0999999999999943, 0.000000000000000000, 65.77070040501132553 ) ) ;
#4822 = DIRECTION ( 'NONE',  ( -1.000000000000000000, 0.000000000000000000, 0.000000000000000000 ) ) ;
#4823 = CARTESIAN_POINT ( 'NONE',  ( -121.9863351896051000, -53.31114427944285694, 21.04019042780116422 ) ) ;
#4824 = EDGE_CURVE ( 'NONE', #2983, #7083, #2685, .T. ) ;
#4825 = CARTESIAN_POINT ( 'NONE',  ( 616.2130823823381434, 308.1065411911689012, 91.70875513312377336 ) ) ;
#4826 = CARTESIAN_POINT ( 'NONE',  ( -84.42389340097842876, -111.4024541147321656, 22.59341563143371090 ) ) ;
#4827 = VERTEX_POINT ( 'NONE', #6379 ) ;
#4828 = CARTESIAN_POINT ( 'NONE',  ( -2.245184594106244153E-14, -183.3332349922793298, 80.88990889983972465 ) ) ;
#4829 = DIRECTION ( 'NONE',  ( -0.000000000000000000, -0.000000000000000000, 1.000000000000000000 ) ) ;
#4830 = CARTESIAN_POINT ( 'NONE',  ( -85.22194784307801285, -110.4597355053129775, 25.09931097906578756 ) ) ;
#4831 = DIRECTION ( 'NONE',  ( -0.000000000000000000, -0.000000000000000000, 1.000000000000000000 ) ) ;
#4832 = ADVANCED_FACE ( 'NONE', ( #4584 ), #896, .T. ) ;
#4833 = CARTESIAN_POINT ( 'NONE',  ( -175.0999999999999943, 2.144356545307015663E-14, 57.77070040501133974 ) ) ;
#4834 = CARTESIAN_POINT ( 'NONE',  ( 3.960386958685788698E-14, -323.3901367678553811, -99.49999999999998579 ) ) ;
#4835 = ORIENTED_EDGE ( 'NONE', *, *, #4243, .F. ) ;
#4836 = CARTESIAN_POINT ( 'NONE',  ( -131.3828125315401962, -30.31332742897044596, 21.43899791414501621 ) ) ;
#4837 = DIRECTION ( 'NONE',  ( 1.000000000000000000, 0.000000000000000000, 0.000000000000000000 ) ) ;
#4838 = VERTEX_POINT ( 'NONE', #2038 ) ;
#4839 = CARTESIAN_POINT ( 'NONE',  ( -6.789119066958161142, -138.3819771224899000, 22.30649419265625966 ) ) ;
#4840 = LINE ( 'NONE', #2500, #8001 ) ;
#4841 = EDGE_CURVE ( 'NONE', #6350, #2917, #764, .T. ) ;
#4842 = CARTESIAN_POINT ( 'NONE',  ( -7.772525862562620547E-14, 317.3374506010286495, -76.28597499736081033 ) ) ;
#4843 = DIRECTION ( 'NONE',  ( -0.000000000000000000, -0.000000000000000000, 1.000000000000000000 ) ) ;
#4844 = VECTOR ( 'NONE', #3416, 1000.000000000000000 ) ;
#4845 = CARTESIAN_POINT ( 'NONE',  ( 87.20541043529124181, 95.09179473994205978, 22.64930167012783713 ) ) ;
#4846 = CARTESIAN_POINT ( 'NONE',  ( 0.000000000000000000, 0.000000000000000000, 27.00000000000000000 ) ) ;
#4847 = CARTESIAN_POINT ( 'NONE',  ( 75.07535246920403438, 116.0579468337835749, 22.23038760242977929 ) ) ;
#4848 = AXIS2_PLACEMENT_3D ( 'NONE', #6839, #3771, #1880 ) ;
#4849 = DIRECTION ( 'NONE',  ( 1.000000000000000000, 0.000000000000000000, 0.000000000000000000 ) ) ;
#4850 = ORIENTED_EDGE ( 'NONE', *, *, #4926, .T. ) ;
#4851 = CARTESIAN_POINT ( 'NONE',  ( 73.47315653655780920, 101.1271242968693826, 21.86299596820718349 ) ) ;
#4852 = B_SPLINE_CURVE_WITH_KNOTS ( 'NONE', 3,
 ( #7854, #6642, #3542, #2331, #4798, #4187, #6130, #3627 ),
 .UNSPECIFIED., .F., .F.,
 ( 4, 2, 2, 4 ),
 ( 0.06483802249793962913, 0.06860696877144203953, 0.07049144190819324474, 0.07237591504494443606 ),
 .UNSPECIFIED. ) ;
#4853 = CIRCLE ( 'NONE', #7476, 15.00000000000000000 ) ;
#4854 = ORIENTED_EDGE ( 'NONE', *, *, #3444, .F. ) ;
#4855 = DIRECTION ( 'NONE',  ( 1.000000000000000000, 0.000000000000000000, 0.000000000000000000 ) ) ;
#4856 = CARTESIAN_POINT ( 'NONE',  ( -634.9999999999996589, -317.4999999999998295, 68.03790535064513278 ) ) ;
#4857 = CARTESIAN_POINT ( 'NONE',  ( -131.7006028141180138, -46.43400682313783534, 22.56289665654306020 ) ) ;
#4858 = CARTESIAN_POINT ( 'NONE',  ( -3.824940740472629338E-14, -312.3301137222341595, 89.15235216125219608 ) ) ;
#4859 = CIRCLE ( 'NONE', #4997, 129.0241567926366031 ) ;
#4860 = EDGE_CURVE ( 'NONE', #6128, #2176, #6451, .T. ) ;
#4861 = CARTESIAN_POINT ( 'NONE',  ( -85.76587030989348648, -109.7527402556326308, 22.47922716360471540 ) ) ;
#4862 = ORIENTED_EDGE ( 'NONE', *, *, #1324, .F. ) ;
#4863 = APPROVAL ( #5737, 'UNSPECIFIED' ) ;
#4864 = VERTEX_POINT ( 'NONE', #5149 ) ;
#4865 = EDGE_CURVE ( 'NONE', #5223, #3027, #7000, .T. ) ;
#4866 = CARTESIAN_POINT ( 'NONE',  ( 73.47315653656002610, -101.1271242968677768, 21.86299596820718349 ) ) ;
#4867 = TOROIDAL_SURFACE ( 'NONE', #2797, 103.1248389675219101, 10.00000000000000000 ) ;
#4868 = DIRECTION ( 'NONE',  ( 1.000000000000000000, 0.000000000000000000, 0.000000000000000000 ) ) ;
#4869 = CARTESIAN_POINT ( 'NONE',  ( 0.000000000000000000, 0.000000000000000000, 56.27070040501133974 ) ) ;
#4870 = CARTESIAN_POINT ( 'NONE',  ( 0.000000000000000000, 305.1789865009923233, 92.80220189689723043 ) ) ;
#4871 = B_SPLINE_CURVE_WITH_KNOTS ( 'NONE', 3,
 ( #1984, #850, #5094, #3835, #5619, #6944, #6323, #3314, #7592, #4652, #4002, #6493, #5252, #3436, #5335, #5177, #4080, #2141, #5824, #428, #7752, #3358, #938, #3396, #7060 ),
 .UNSPECIFIED., .F., .F.,
 ( 4, 2, 2, 2, 2, 2, 1, 2, 2, 2, 2, 2, 4 ),
 ( 0.01576327828029152125, 0.01890710479157284990, 0.02047901804721349861, 0.02205093130285414385, 0.02519475781413538229, 0.02676667106977596855, 0.02833858432541655828, 0.02991049758105714454, 0.03148241083669773427, 0.03462623734797891373, 0.03619815060361949305, 0.03777006385926007237, 0.04091389037054124489 ),
 .UNSPECIFIED. ) ;
#4872 = CARTESIAN_POINT ( 'NONE',  ( 3.635621913427965235E-14, -296.8710583295711558, -94.26337537733878946 ) ) ;
#4873 = FACE_OUTER_BOUND ( 'NONE', #1033, .T. ) ;
#4874 = CIRCLE ( 'NONE', #7233, 180.1000000000000227 ) ;
#4875 = ORIENTED_EDGE ( 'NONE', *, *, #6941, .T. ) ;
#4876 = FACE_OUTER_BOUND ( 'NONE', #5673, .T. ) ;
#4877 = ADVANCED_FACE ( 'NONE', ( #2084 ), #2565, .T. ) ;
#4878 = VERTEX_POINT ( 'NONE', #7040 ) ;
#4879 = ADVANCED_FACE ( 'NONE', ( #3929 ), #4765, .F. ) ;
#4880 = CARTESIAN_POINT ( 'NONE',  ( -7.874680354339108845, -137.7932484915165787, 22.18227132914899258 ) ) ;
#4881 = ORIENTED_EDGE ( 'NONE', *, *, #4147, .F. ) ;
#4882 = CIRCLE ( 'NONE', #1664, 166.5999999999999943 ) ;
#4883 = AXIS2_PLACEMENT_3D ( 'NONE', #3063, #5608, #3825 ) ;
#4884 = DIRECTION ( 'NONE',  ( 1.000000000000000000, 0.000000000000000000, 0.000000000000000000 ) ) ;
#4885 = CARTESIAN_POINT ( 'NONE',  ( -627.4907402518880417, -313.7453701259441345, -87.70311822632901055 ) ) ;
#4886 = CIRCLE ( 'NONE', #3471, 165.1000000000000227 ) ;
#4887 = CARTESIAN_POINT ( 'NONE',  ( 60.21582966466044695, -108.1515347775828104, 19.40010019107028683 ) ) ;
#4888 = AXIS2_PLACEMENT_3D ( 'NONE', #5067, #2681, #825 ) ;
#4889 = EDGE_LOOP ( 'NONE', ( #7085, #6268 ) ) ;
#4890 = EDGE_CURVE ( 'NONE', #1645, #2926, #4886, .T. ) ;
#4891 = DIRECTION ( 'NONE',  ( -0.7071067811865369146, 0.000000000000000000, -0.7071067811865580088 ) ) ;
#4892 = CARTESIAN_POINT ( 'NONE',  ( 85.76587030989270488, 109.7527402556332135, 22.47922716360470474 ) ) ;
#4893 = VECTOR ( 'NONE', #2449, 1000.000000000000000 ) ;
#4894 = AXIS2_PLACEMENT_3D ( 'NONE', #1503, #2072, #306 ) ;
#4895 = COORDINATED_UNIVERSAL_TIME_OFFSET ( 10, 0, .AHEAD. ) ;
#4896 = CARTESIAN_POINT ( 'NONE',  ( 0.000000000000000000, 170.0000000000000284, 57.77070040501133974 ) ) ;
#4897 = ORIENTED_EDGE ( 'NONE', *, *, #7061, .T. ) ;
#4898 = DIRECTION ( 'NONE',  ( 1.000000000000000000, 0.000000000000000000, 0.000000000000000000 ) ) ;
#4899 = AXIS2_PLACEMENT_3D ( 'NONE', #2138, #5858, #1499 ) ;
#4900 = VERTEX_POINT ( 'NONE', #7118 ) ;
#4901 = DIRECTION ( 'NONE',  ( 0.000000000000000000, 0.000000000000000000, -1.000000000000000000 ) ) ;
#4902 = CARTESIAN_POINT ( 'NONE',  ( 0.000000000000000000, 317.4322264710784793, 74.34416061146623633 ) ) ;
#4903 = CARTESIAN_POINT ( 'NONE',  ( 82.66645953932982138, 113.0017861409871358, 25.21513852936555011 ) ) ;
#4904 = CIRCLE ( 'NONE', #1430, 30.00000000000000711 ) ;
#4905 = CARTESIAN_POINT ( 'NONE',  ( 578.6515616824776771, -289.3257808412389522, 94.50000000000000000 ) ) ;
#4906 = CARTESIAN_POINT ( 'NONE',  ( -79.51295781413124075, -114.8619889573018327, 22.57506528796531242 ) ) ;
#4907 = ORIENTED_EDGE ( 'NONE', *, *, #2008, .F. ) ;
#4908 = EDGE_LOOP ( 'NONE', ( #1397, #1335, #589, #6019, #7994 ) ) ;
#4909 = CARTESIAN_POINT ( 'NONE',  ( -133.2817849954250278, -34.41342548304330506, 24.66466122905249492 ) ) ;
#4910 = AXIS2_PLACEMENT_3D ( 'NONE', #5340, #1508, #7232 ) ;
#4911 = DIRECTION ( 'NONE',  ( 0.000000000000000000, 0.000000000000000000, 1.000000000000000000 ) ) ;
#4912 = CARTESIAN_POINT ( 'NONE',  ( 12.33635523255504474, 133.5435869951336088, 23.83765060649371392 ) ) ;
#4913 = EDGE_CURVE ( 'NONE', #2400, #3868, #2156, .T. ) ;
#4914 = LINE ( 'NONE', #2490, #7901 ) ;
#4915 = CARTESIAN_POINT ( 'NONE',  ( 586.7821853801036696, 293.3910926900518916, -94.50000000000000000 ) ) ;
#4916 = DIRECTION ( 'NONE',  ( -0.000000000000000000, -0.000000000000000000, 1.000000000000000000 ) ) ;
#4917 = TOROIDAL_SURFACE ( 'NONE', #4149, 122.2006631523987323, 30.00000000000000711 ) ;
#4918 = VERTEX_POINT ( 'NONE', #4180 ) ;
#4919 = CARTESIAN_POINT ( 'NONE',  ( -117.3856248595695462, -53.55229325042284216, 22.64930167012784423 ) ) ;
#4920 = ORIENTED_EDGE ( 'NONE', *, *, #7525, .T. ) ;
#4921 = CARTESIAN_POINT ( 'NONE',  ( -84.02477518483794938, 90.44727450198553242, 19.38105471769460308 ) ) ;
#4922 = AXIS2_PLACEMENT_3D ( 'NONE', #1866, #1907, #5701 ) ;
#4923 = DIRECTION ( 'NONE',  ( 1.000000000000000000, 0.000000000000000000, 0.000000000000000000 ) ) ;
#4924 = CARTESIAN_POINT ( 'NONE',  ( 3.877646938263457581E-14, -316.6339013798285578, -81.46200492995686204 ) ) ;
#4925 = ADVANCED_FACE ( 'NONE', ( #2840 ), #5920, .F. ) ;
#4926 = EDGE_CURVE ( 'NONE', #7303, #7967, #1025, .T. ) ;
#4927 = DIRECTION ( 'NONE',  ( 1.000000000000000000, 0.000000000000000000, 0.000000000000000000 ) ) ;
#4928 = ORIENTED_EDGE ( 'NONE', *, *, #486, .T. ) ;
#4929 = CARTESIAN_POINT ( 'NONE',  ( 88.45070247978357258, -100.1823909238420498, 21.16041595018485211 ) ) ;
#4930 = FACE_OUTER_BOUND ( 'NONE', #6556, .T. ) ;
#4931 = LINE ( 'NONE', #68, #6975 ) ;
#4932 = CARTESIAN_POINT ( 'NONE',  ( 14.54461539145627036, -121.3320082995440856, 19.36299596820718705 ) ) ;
#4933 = DIRECTION ( 'NONE',  ( 0.000000000000000000, 0.000000000000000000, -1.000000000000000000 ) ) ;
#4934 = EDGE_CURVE ( 'NONE', #6537, #346, #5529, .T. ) ;
#4935 = CARTESIAN_POINT ( 'NONE',  ( -118.8820645368940490, -38.62712429686894922, 19.36299596820718705 ) ) ;
#4936 = ORIENTED_EDGE ( 'NONE', *, *, #52, .F. ) ;
#4937 = DIRECTION ( 'NONE',  ( 1.000000000000000000, 0.000000000000000000, 0.000000000000000000 ) ) ;
#4938 = EDGE_LOOP ( 'NONE', ( #2896, #4092, #5592, #163 ) ) ;
#4939 = CARTESIAN_POINT ( 'NONE',  ( -60.70287990626808750, 17.66032122852809394, 17.00000000000000000 ) ) ;
#4940 = B_SPLINE_CURVE_WITH_KNOTS ( 'NONE', 3,
 ( #4033, #4161, #6522, #7908, #2771, #967, #5290, #5891, #376, #3095, #3136, #1929, #3016, #4235, #6060, #607, #6849, #538 ),
 .UNSPECIFIED., .F., .F.,
 ( 4, 2, 2, 2, 2, 2, 2, 2, 4 ),
 ( 0.000000000000000000, 0.1250000000000000000, 0.2500000000000000000, 0.3750000000000000000, 0.5000000000000000000, 0.6250000000000000000, 0.7500000000000000000, 0.8750000000000000000, 1.000000000000000000 ),
 .UNSPECIFIED. ) ;
#4941 = CARTESIAN_POINT ( 'NONE',  ( -132.2032725890227312, -45.54143947449279040, 22.60515454246081646 ) ) ;
#4942 = DIRECTION ( 'NONE',  ( 1.000000000000000000, 0.000000000000000000, 0.000000000000000000 ) ) ;
#4943 = EDGE_CURVE ( 'NONE', #184, #4878, #4322, .T. ) ;
#4944 = CARTESIAN_POINT ( 'NONE',  ( 7.711749139269205023E-14, 314.8560525630094276, 86.09637062918555728 ) ) ;
#4945 = CARTESIAN_POINT ( 'NONE',  ( 634.9999999999996589, 317.4999999999998295, -68.03790535064513278 ) ) ;
#4946 = ORIENTED_EDGE ( 'NONE', *, *, #2509, .F. ) ;
#4947 = ORIENTED_EDGE ( 'NONE', *, *, #6857, .F. ) ;
#4948 = DIRECTION ( 'NONE',  ( -0.000000000000000000, 0.000000000000000000, 1.000000000000000000 ) ) ;
#4949 = DIRECTION ( 'NONE',  ( -0.000000000000000000, -0.000000000000000000, 1.000000000000000000 ) ) ;
#4950 = CARTESIAN_POINT ( 'NONE',  ( 9.139968006438959236, 136.9014059924414539, 24.56028581565836078 ) ) ;
#4951 = CARTESIAN_POINT ( 'NONE',  ( 0.000000000000000000, 0.000000000000000000, 65.77070040501132553 ) ) ;
#4952 = CARTESIAN_POINT ( 'NONE',  ( 586.7821853801036696, -293.3910926900518348, -94.50000000000000000 ) ) ;
#4953 = DIRECTION ( 'NONE',  ( 1.000000000000000000, 0.000000000000000000, 0.000000000000000000 ) ) ;
#4954 = VERTEX_POINT ( 'NONE', #2236 ) ;
#4955 = CARTESIAN_POINT ( 'NONE',  ( 0.000000000000000000, 289.3257808412388954, 99.49999999999998579 ) ) ;
#4956 = EDGE_LOOP ( 'NONE', ( #1821, #3701, #92, #876 ) ) ;
#4957 = CARTESIAN_POINT ( 'NONE',  ( -59.79699862752790551, 107.2967099630318870, 19.36762288229633100 ) ) ;
#4958 = ORIENTED_EDGE ( 'NONE', *, *, #1483, .T. ) ;
#4959 = CARTESIAN_POINT ( 'NONE',  ( 86.53344061466162884, -108.5386161364908446, 22.36771383259489809 ) ) ;
#4960 = CARTESIAN_POINT ( 'NONE',  ( -119.8881304610663676, -23.66090128115054014, 19.36299596820718349 ) ) ;
#4961 = CARTESIAN_POINT ( 'NONE',  ( -624.6602274444682052, -312.3301137222342163, -89.15235216125219608 ) ) ;
#4962 = EDGE_CURVE ( 'NONE', #2089, #75, #6461, .T. ) ;
#4963 = CARTESIAN_POINT ( 'NONE',  ( 83.08400613783433641, 89.61054624861029083, 19.36299596820717994 ) ) ;
#4964 = ORIENTED_EDGE ( 'NONE', *, *, #2563, .F. ) ;
#4965 = DIRECTION ( 'NONE',  ( 0.000000000000000000, 0.000000000000000000, -1.000000000000000000 ) ) ;
#4966 = ADVANCED_FACE ( 'NONE', ( #5961 ), #4504, .F. ) ;
#4967 = CARTESIAN_POINT ( 'NONE',  ( 162.6000000000000227, 0.000000000000000000, -48.95722165634649770 ) ) ;
#4968 = EDGE_CURVE ( 'NONE', #7852, #3572, #3727, .T. ) ;
#4969 = DIRECTION ( 'NONE',  ( 0.000000000000000000, 0.000000000000000000, -1.000000000000000000 ) ) ;
#4970 = DIRECTION ( 'NONE',  ( -1.000000000000000000, -1.224646799147349509E-16, 0.000000000000000000 ) ) ;
#4971 = DIRECTION ( 'NONE',  ( -1.000000000000000000, 0.000000000000000000, 0.000000000000000000 ) ) ;
#4972 = CARTESIAN_POINT ( 'NONE',  ( 0.000000000000000000, 0.000000000000000000, -37.60797925142819764 ) ) ;
#4973 = AXIS2_PLACEMENT_3D ( 'NONE', #7989, #1103, #7308 ) ;
#4974 = VERTEX_POINT ( 'NONE', #2321 ) ;
#4975 = CARTESIAN_POINT ( 'NONE',  ( 0.000000000000000000, 0.000000000000000000, 51.86299596820718705 ) ) ;
#4976 = ORIENTED_EDGE ( 'NONE', *, *, #6896, .T. ) ;
#4977 = ADVANCED_FACE ( 'NONE', ( #4702 ), #7198, .F. ) ;
#4978 = DIRECTION ( 'NONE',  ( -0.000000000000000000, -0.000000000000000000, 1.000000000000000000 ) ) ;
#4979 = CARTESIAN_POINT ( 'NONE',  ( -1.671554547903117971, 139.9294686651328732, 22.63095958815693720 ) ) ;
#4980 = CARTESIAN_POINT ( 'NONE',  ( 86.85506795491237142, 108.0575601821450107, 24.89301935306101399 ) ) ;
#4981 = CARTESIAN_POINT ( 'NONE',  ( -147.5999999999999375, 1.807578675541492428E-14, 35.77057939344513215 ) ) ;
#4982 = CARTESIAN_POINT ( 'NONE',  ( -60.70287990626808750, 17.66032122852809394, 14.49999999999999822 ) ) ;
#4983 = AXIS2_PLACEMENT_3D ( 'NONE', #7421, #5530, #6773 ) ;
#4984 = VERTEX_POINT ( 'NONE', #7846 ) ;
#4985 = EDGE_LOOP ( 'NONE', ( #7193, #4049, #4795, #4976, #7178, #2566, #3539, #2097 ) ) ;
#4986 = EDGE_CURVE ( 'NONE', #7392, #4838, #844, .T. ) ;
#4987 = CYLINDRICAL_SURFACE ( 'NONE', #7758, 15.00000000000000000 ) ;
#4988 = CARTESIAN_POINT ( 'NONE',  ( -88.47315653655928713, 100.6076572072421129, 23.80566351521588686 ) ) ;
#4989 = CARTESIAN_POINT ( 'NONE',  ( -2.976432435155753620, 139.7078978387496022, 25.15197843066847128 ) ) ;
#4990 = LINE ( 'NONE', #7331, #6064 ) ;
#4991 = CIRCLE ( 'NONE', #359, 208.2742191587611558 ) ;
#4992 = CARTESIAN_POINT ( 'NONE',  ( 72.51349764474005610, -116.1007122423970088, 24.48536986287354011 ) ) ;
#4993 = DIRECTION ( 'NONE',  ( -0.000000000000000000, -0.000000000000000000, 1.000000000000000000 ) ) ;
#4994 = B_SPLINE_CURVE_WITH_KNOTS ( 'NONE', 3,
 ( #2582, #6661, #6621, #62, #4403, #693, #1709, #1105, #4959, #7457, #6232, #3140, #4593, #7579, #6389, #5727, #214, #7010, #5161, #7090, #6930, #3382, #1412, #837, #803, #247, #5081, #2655, #5116, #763, #5846, #3983, #7613, #2003, #3224, #1490 ),
 .UNSPECIFIED., .F., .F.,
 ( 4, 2, 2, 2, 2, 2, 2, 2, 2, 2, 2, 2, 2, 2, 2, 2, 2, 4 ),
 ( 0.005687376908512260278, 0.009934216488532781122, 0.01099592638353792673, 0.01205763627854307060, 0.01418105606855332365, 0.01524276596355845018, 0.01630447585856357670, 0.01842789564857380200, 0.02055131543858402729, 0.02267473522859425605, 0.02479815501860447788, 0.02585986491360959053, 0.02692157480861470317, 0.02904499459862492847, 0.03010670449363002377, 0.03116841438863511213, 0.03541525396865548986, 0.03966209354867585718 ),
 .UNSPECIFIED. ) ;
#4995 = ORIENTED_EDGE ( 'NONE', *, *, #253, .T. ) ;
#4996 = CARTESIAN_POINT ( 'NONE',  ( -113.4909145382946178, -52.62785367641760814, 22.00194658431259853 ) ) ;
#4997 = AXIS2_PLACEMENT_3D ( 'NONE', #2377, #7453, #4399 ) ;
#4998 = VERTEX_POINT ( 'NONE', #113 ) ;
#4999 = CARTESIAN_POINT ( 'NONE',  ( -79.20086494694307078, 115.0085545122718571, 22.56151381861969085 ) ) ;
#5000 = DIRECTION ( 'NONE',  ( 0.3090169943749584425, -0.9510565162951502005, 0.000000000000000000 ) ) ;
#5001 = CARTESIAN_POINT ( 'NONE',  ( -84.06024588730888070, -90.42524080177162205, 19.36299596820718705 ) ) ;
#5002 = CIRCLE ( 'NONE', #4745, 158.0999999999989711 ) ;
#5003 = DIRECTION ( 'NONE',  ( 1.000000000000000000, 0.000000000000000000, 0.000000000000000000 ) ) ;
#5004 = ORIENTED_EDGE ( 'NONE', *, *, #122, .T. ) ;
#5005 = CARTESIAN_POINT ( 'NONE',  ( 0.000000000000000000, 0.000000000000000000, 99.49999999999995737 ) ) ;
#5006 = CIRCLE ( 'NONE', #1533, 289.3257808412388954 ) ;
#5007 = CARTESIAN_POINT ( 'NONE',  ( 3.737364689854735914E-14, -305.1789865009923233, -92.80220189689723043 ) ) ;
#5008 = CARTESIAN_POINT ( 'NONE',  ( 363.5998126646221635, 181.7999063323111386, -77.29528289382909634 ) ) ;
#5009 = DIRECTION ( 'NONE',  ( 0.000000000000000000, 0.000000000000000000, -1.000000000000000000 ) ) ;
#5010 = ADVANCED_FACE ( 'NONE', ( #6911 ), #1291, .T. ) ;
#5011 = FACE_OUTER_BOUND ( 'NONE', #2693, .T. ) ;
#5012 = APPROVAL_DATE_TIME ( #4370, #5460 ) ;
#5013 = AXIS2_PLACEMENT_3D ( 'NONE', #698, #185, #731 ) ;
#5014 = VERTEX_POINT ( 'NONE', #7479 ) ;
#5015 = DIRECTION ( 'NONE',  ( 1.000000000000000000, 0.000000000000000000, 0.000000000000000000 ) ) ;
#5016 = DIRECTION ( 'NONE',  ( -0.000000000000000000, -0.000000000000000000, 1.000000000000000000 ) ) ;
#5017 = DIRECTION ( 'NONE',  ( 1.000000000000000000, 0.000000000000000000, 0.000000000000000000 ) ) ;
#5018 = VECTOR ( 'NONE', #2120, 1000.000000000000000 ) ;
#5019 = CIRCLE ( 'NONE', #4246, 147.5999999999999375 ) ;
#5020 = CARTESIAN_POINT ( 'NONE',  ( -635.0262584174098492, -317.5131292087049246, 70.21990042098286722 ) ) ;
#5021 = DIRECTION ( 'NONE',  ( -0.000000000000000000, -0.000000000000000000, 1.000000000000000000 ) ) ;
#5022 = CARTESIAN_POINT ( 'NONE',  ( -119.8881304610663676, -23.66090128115055791, 21.86299596820718349 ) ) ;
#5023 = CARTESIAN_POINT ( 'NONE',  ( 121.0410437148233456, -23.77182286478803519, 21.87943822414527517 ) ) ;
#5024 = EDGE_CURVE ( 'NONE', #1599, #4739, #5791, .T. ) ;
#5025 = ADVANCED_FACE ( 'NONE', ( #591 ), #5899, .T. ) ;
#5026 = ORIENTED_EDGE ( 'NONE', *, *, #80, .T. ) ;
#5027 = CARTESIAN_POINT ( 'NONE',  ( 634.6749012020570717, -317.3374506010285359, -76.28597499736081033 ) ) ;
#5028 = AXIS2_PLACEMENT_3D ( 'NONE', #5492, #4933, #1826 ) ;
#5029 = ORIENTED_EDGE ( 'NONE', *, *, #5612, .T. ) ;
#5030 = VERTEX_POINT ( 'NONE', #1894 ) ;
#5031 = CARTESIAN_POINT ( 'NONE',  ( -126.4442136057541148, -25.67282379624990440, 22.64930167012783713 ) ) ;
#5032 = CARTESIAN_POINT ( 'NONE',  ( 0.000000000000000000, 0.000000000000000000, -57.77070040501134685 ) ) ;
#5033 =( BOUNDED_SURFACE ( )  B_SPLINE_SURFACE ( 3, 3, ( 
 ( #1996, #6294, #5683, #5754 ),
 ( #2614, #7650, #2647, #794 ),
 ( #3255, #2087, #4554, #7689 ),
 ( #3374, #1566, #2725, #994 ) ),
 .UNSPECIFIED., .F., .F., .F. ) 
 B_SPLINE_SURFACE_WITH_KNOTS ( ( 4, 4 ),
 ( 4, 4 ),
 ( 0.000000000000000000, 1.000000000000000000 ),
 ( 0.000000000000000000, 1.000000000000000000 ),
 .UNSPECIFIED. ) 
 GEOMETRIC_REPRESENTATION_ITEM ( )  RATIONAL_B_SPLINE_SURFACE ( (
 ( 1.000000000000000000, 0.3333333333333334259, 0.3333333333333334259, 1.000000000000000000),
 ( 1.000000000000000000, 0.3333333333333334259, 0.3333333333333334259, 1.000000000000000000),
 ( 1.000000000000000000, 0.3333333333333334259, 0.3333333333333334259, 1.000000000000000000),
 ( 1.000000000000000000, 0.3333333333333334259, 0.3333333333333334259, 1.000000000000000000) ) ) 
 REPRESENTATION_ITEM ( '' )  SURFACE ( )  );
#5034 = CARTESIAN_POINT ( 'NONE',  ( -8.793017975583357071, 137.1599122772488499, 24.61523569748747420 ) ) ;
#5035 = DIRECTION ( 'NONE',  ( 1.000000000000000000, 0.000000000000000000, 0.000000000000000000 ) ) ;
#5036 = CARTESIAN_POINT ( 'NONE',  ( 132.5870663236687221, -32.49778734028043914, 21.83066089074198501 ) ) ;
#5037 = EDGE_CURVE ( 'NONE', #107, #5014, #6858, .T. ) ;
#5038 = CARTESIAN_POINT ( 'NONE',  ( 416.5484383175221978, -208.2742191587611842, 94.50000000000000000 ) ) ;
#5039 = ORIENTED_EDGE ( 'NONE', *, *, #3198, .T. ) ;
#5040 = AXIS2_PLACEMENT_3D ( 'NONE', #4221, #6791, #2365 ) ;
#5041 = VERTEX_POINT ( 'NONE', #2952 ) ;
#5042 = CARTESIAN_POINT ( 'NONE',  ( -80.48225154516023849, 114.4076866200497022, 22.61730576782320412 ) ) ;
#5043 = ORIENTED_EDGE ( 'NONE', *, *, #1663, .T. ) ;
#5044 = CARTESIAN_POINT ( 'NONE',  ( -593.7421166591421979, 296.8710583295711558, 94.26337537733880367 ) ) ;
#5045 = CARTESIAN_POINT ( 'NONE',  ( 62.16125261195795559, 110.9977800457822639, 19.74680165307140811 ) ) ;
#5046 = AXIS2_PLACEMENT_3D ( 'NONE', #3534, #4017, #3410 ) ;
#5047 = FACE_OUTER_BOUND ( 'NONE', #3632, .T. ) ;
#5048 = EDGE_LOOP ( 'NONE', ( #6917, #7070, #6915, #7643 ) ) ;
#5049 = CARTESIAN_POINT ( 'NONE',  ( 119.8881304610661971, 23.66090128115139635, 21.86299596820718349 ) ) ;
#5050 = VECTOR ( 'NONE', #3526, 1000.000000000000000 ) ;
#5051 = CARTESIAN_POINT ( 'NONE',  ( 3.866653872810499597E-14, -315.7362494641405988, -84.26865681888700976 ) ) ;
#5052 = CARTESIAN_POINT ( 'NONE',  ( 382.9908494023660523, -191.4954247011830262, -89.88689247745783462 ) ) ;
#5053 = CARTESIAN_POINT ( 'NONE',  ( 0.000000000000000000, 0.000000000000000000, 9.978718383522322100 ) ) ;
#5054 = CARTESIAN_POINT ( 'NONE',  ( 158.0999999999989711, 1.936166589451952658E-14, 9.110446367167980952 ) ) ;
#5055 = VECTOR ( 'NONE', #1387, 999.9999999999998863 ) ;
#5056 = DIRECTION ( 'NONE',  ( -0.000000000000000000, -0.000000000000000000, 1.000000000000000000 ) ) ;
#5057 = CARTESIAN_POINT ( 'NONE',  ( -166.6000000000000227, 2.040261567379490787E-14, -59.72929959498868158 ) ) ;
#5058 = CARTESIAN_POINT ( 'NONE',  ( 125.4365675133619646, 52.15953624824258839, 24.24280980393427853 ) ) ;
#5059 = CARTESIAN_POINT ( 'NONE',  ( -88.38413254447007716, -99.24791585469530730, 20.98665076428036258 ) ) ;
#5060 = DIRECTION ( 'NONE',  ( -1.000000000000000000, 0.000000000000000000, 0.000000000000000000 ) ) ;
#5061 = FACE_OUTER_BOUND ( 'NONE', #177, .T. ) ;
#5062 = CARTESIAN_POINT ( 'NONE',  ( -125.8049827123766988, 51.97340716029808050, 21.73836898089525604 ) ) ;
#5063 = ORIENTED_EDGE ( 'NONE', *, *, #829, .F. ) ;
#5064 = EDGE_CURVE ( 'NONE', #5142, #323, #12, .T. ) ;
#5065 = EDGE_LOOP ( 'NONE', ( #7498, #788, #3427, #2789 ) ) ;
#5066 = VERTEX_POINT ( 'NONE', #4359 ) ;
#5067 = CARTESIAN_POINT ( 'NONE',  ( 0.000000000000000000, 0.000000000000000000, -99.49999999999995737 ) ) ;
#5068 = CARTESIAN_POINT ( 'NONE',  ( -84.74782798616917034, -91.22930768940584301, 21.95127968403708252 ) ) ;
#5069 = EDGE_CURVE ( 'NONE', #1560, #6227, #6185, .T. ) ;
#5070 = CARTESIAN_POINT ( 'NONE',  ( 10.74089794134916787, 135.5043942736691349, 24.26186191732789510 ) ) ;
#5071 = EDGE_CURVE ( 'NONE', #2294, #7083, #6591, .T. ) ;
#5072 = CARTESIAN_POINT ( 'NONE',  ( 0.000000000000000000, 0.000000000000000000, -38.22929959498813446 ) ) ;
#5073 = FACE_OUTER_BOUND ( 'NONE', #968, .T. ) ;
#5074 = DIRECTION ( 'NONE',  ( 0.000000000000000000, 0.000000000000000000, -1.000000000000000000 ) ) ;
#5075 = VERTEX_POINT ( 'NONE', #2351 ) ;
#5076 =( BOUNDED_SURFACE ( )  B_SPLINE_SURFACE ( 3, 3, ( 
 ( #4466, #2037, #4508, #1444 ),
 ( #2684, #6378, #3328, #5148 ),
 ( #826, #3286, #5795, #4552 ),
 ( #7039, #7686, #2118, #7075 ) ),
 .UNSPECIFIED., .F., .F., .F. ) 
 B_SPLINE_SURFACE_WITH_KNOTS ( ( 4, 4 ),
 ( 4, 4 ),
 ( 0.000000000000000000, 1.000000000000000000 ),
 ( 0.000000000000000000, 1.000000000000000000 ),
 .UNSPECIFIED. ) 
 GEOMETRIC_REPRESENTATION_ITEM ( )  RATIONAL_B_SPLINE_SURFACE ( (
 ( 1.000000000000000000, 0.3333333333333334259, 0.3333333333333334259, 1.000000000000000000),
 ( 1.000000000000000000, 0.3333333333333334259, 0.3333333333333334259, 1.000000000000000000),
 ( 1.000000000000000000, 0.3333333333333334259, 0.3333333333333334259, 1.000000000000000000),
 ( 1.000000000000000000, 0.3333333333333334259, 0.3333333333333334259, 1.000000000000000000) ) ) 
 REPRESENTATION_ITEM ( '' )  SURFACE ( )  );
#5077 = ORIENTED_EDGE ( 'NONE', *, *, #3611, .T. ) ;
#5078 = DIRECTION ( 'NONE',  ( -0.000000000000000000, -0.000000000000000000, 1.000000000000000000 ) ) ;
#5079 = EDGE_LOOP ( 'NONE', ( #3703, #4897 ) ) ;
#5080 = ADVANCED_FACE ( 'NONE', ( #5418 ), #3782, .F. ) ;
#5081 = CARTESIAN_POINT ( 'NONE',  ( 74.38059014231261301, -116.1162491661216905, 22.15404498895824048 ) ) ;
#5082 = CARTESIAN_POINT ( 'NONE',  ( -83.08400613783500432, -89.61054624860966555, 19.36299596820717994 ) ) ;
#5083 = CARTESIAN_POINT ( 'NONE',  ( -147.5999999999999375, 0.000000000000000000, 26.98809383705458487 ) ) ;
#5084 = EDGE_LOOP ( 'NONE', ( #4022, #5853, #4344, #7007 ) ) ;
#5085 = CARTESIAN_POINT ( 'NONE',  ( -156.1000000000000227, 1.911673653469018566E-14, -48.95722165634649770 ) ) ;
#5086 = ORIENTED_EDGE ( 'NONE', *, *, #6077, .F. ) ;
#5087 = DIRECTION ( 'NONE',  ( -0.000000000000000000, -0.000000000000000000, 1.000000000000000000 ) ) ;
#5088 = EDGE_CURVE ( 'NONE', #7823, #48, #2910, .T. ) ;
#5089 = CARTESIAN_POINT ( 'NONE',  ( 317.5000000000000000, 0.000000000000000000, 65.77070040501132553 ) ) ;
#5090 = CARTESIAN_POINT ( 'NONE',  ( -73.47315653655930134, 101.1271242968683453, 19.36299596820718705 ) ) ;
#5091 = PERSON_AND_ORGANIZATION_ROLE ( 'design_supplier' ) ;
#5092 = LINE ( 'NONE', #2021, #796 ) ;
#5093 = CARTESIAN_POINT ( 'NONE',  ( 2.345142589116668513E-14, -191.4954247011830830, -89.88689247745783462 ) ) ;
#5094 = CARTESIAN_POINT ( 'NONE',  ( 133.7713390477842097, -40.72743109857825061, 25.17321931899078180 ) ) ;
#5095 = DIRECTION ( 'NONE',  ( 0.000000000000000000, 0.000000000000000000, -1.000000000000000000 ) ) ;
#5096 = CARTESIAN_POINT ( 'NONE',  ( -2.381782502707780839E-14, -194.4873006948673435, 91.56960896611401779 ) ) ;
#5097 = DIRECTION ( 'NONE',  ( 1.000000000000000000, 0.000000000000000000, 0.000000000000000000 ) ) ;
#5098 = FACE_OUTER_BOUND ( 'NONE', #4257, .T. ) ;
#5099 = DIRECTION ( 'NONE',  ( -0.000000000000000000, -0.000000000000000000, 1.000000000000000000 ) ) ;
#5100 = EDGE_LOOP ( 'NONE', ( #1839, #4566, #3964, #5993, #2284, #6288, #3579, #7882, #3294, #2550, #6950, #947, #6104, #862, #5879, #5341, #7073, #7540 ) ) ;
#5101 = CIRCLE ( 'NONE', #1631, 156.7715728752530993 ) ;
#5102 = EDGE_LOOP ( 'NONE', ( #1092, #1559, #165, #2116 ) ) ;
#5103 = CYLINDRICAL_SURFACE ( 'NONE', #4888, 170.0000000000000284 ) ;
#5104 = CARTESIAN_POINT ( 'NONE',  ( 0.000000000000000000, 0.000000000000000000, 94.49999999999998579 ) ) ;
#5105 = CARTESIAN_POINT ( 'NONE',  ( 48.00287990626782175, 17.66032122852886133, -3.460512242138308103 ) ) ;
#5106 = DIRECTION ( 'NONE',  ( 0.000000000000000000, -0.000000000000000000, 1.000000000000000000 ) ) ;
#5107 = ADVANCED_FACE ( 'NONE', ( #7310, #136 ), #726, .T. ) ;
#5108 = CARTESIAN_POINT ( 'NONE',  ( 70.38459998993938882, -115.8230598471263733, 24.16914039169564177 ) ) ;
#5109 = DIRECTION ( 'NONE',  ( 1.000000000000000000, 0.000000000000000000, 0.000000000000000000 ) ) ;
#5110 = ADVANCED_FACE ( 'NONE', ( #5568, #3101 ), #1743, .F. ) ;
#5111 = EDGE_LOOP ( 'NONE', ( #3491, #132, #374, #1149 ) ) ;
#5112 = VERTEX_POINT ( 'NONE', #3751 ) ;
#5113 = CARTESIAN_POINT ( 'NONE',  ( -2.441942374755004378E-14, -199.3997270441714136, 93.38869490038416643 ) ) ;
#5114 = ORIENTED_EDGE ( 'NONE', *, *, #3561, .T. ) ;
#5115 = TOROIDAL_SURFACE ( 'NONE', #1642, 156.1000000000000227, 6.500000000000000000 ) ;
#5116 = CARTESIAN_POINT ( 'NONE',  ( 72.96943794861097388, -116.1228654095679218, 21.97900266216436549 ) ) ;
#5117 = DIRECTION ( 'NONE',  ( -0.000000000000000000, -0.000000000000000000, 1.000000000000000000 ) ) ;
#5118 = CARTESIAN_POINT ( 'NONE',  ( 14.47767031229738244, -129.0136550437960068, 22.83592560745030298 ) ) ;
#5119 = AXIS2_PLACEMENT_3D ( 'NONE', #456, #6651, #4198 ) ;
#5120 = EDGE_CURVE ( 'NONE', #3554, #5965, #4994, .T. ) ;
#5121 = DIRECTION ( 'NONE',  ( -0.000000000000000000, -0.000000000000000000, 1.000000000000000000 ) ) ;
#5122 = VERTEX_POINT ( 'NONE', #5236 ) ;
#5123 = DIRECTION ( 'NONE',  ( -0.000000000000000000, -0.000000000000000000, 1.000000000000000000 ) ) ;
#5124 = ORIENTED_EDGE ( 'NONE', *, *, #846, .T. ) ;
#5125 = CARTESIAN_POINT ( 'NONE',  ( 3.824940740472629338E-14, -312.3301137222341595, -89.15235216125219608 ) ) ;
#5126 = VECTOR ( 'NONE', #1543, 1000.000000000000114 ) ;
#5127 = CARTESIAN_POINT ( 'NONE',  ( -166.6000000000000227, 2.040261567379490787E-14, -55.72929959498868158 ) ) ;
#5128 = LINE ( 'NONE', #7628, #5417 ) ;
#5129 = EDGE_CURVE ( 'NONE', #6388, #998, #6190, .T. ) ;
#5130 = CIRCLE ( 'NONE', #5776, 162.5999999999999943 ) ;
#5131 = CARTESIAN_POINT ( 'NONE',  ( 0.000000000000000000, 0.000000000000000000, 65.77070040501132553 ) ) ;
#5132 = CARTESIAN_POINT ( 'NONE',  ( 122.2006631523987323, 0.000000000000000000, 51.86299596820718705 ) ) ;
#5133 = CIRCLE ( 'NONE', #512, 15.00000000000000000 ) ;
#5134 = ORIENTED_EDGE ( 'NONE', *, *, #4526, .T. ) ;
#5135 = CARTESIAN_POINT ( 'NONE',  ( 117.3856248595691767, 53.55229325042365929, 22.64930167012784423 ) ) ;
#5136 = CARTESIAN_POINT ( 'NONE',  ( 175.0999999999999943, 0.000000000000000000, -99.49999999999995737 ) ) ;
#5137 = DIRECTION ( 'NONE',  ( 1.000000000000000000, 0.000000000000000000, 0.000000000000000000 ) ) ;
#5138 = AXIS2_PLACEMENT_3D ( 'NONE', #5535, #7309, #619 ) ;
#5139 = LINE ( 'NONE', #3244, #758 ) ;
#5140 = CIRCLE ( 'NONE', #259, 166.6000000000000227 ) ;
#5141 = CARTESIAN_POINT ( 'NONE',  ( 110.8990637958520438, -51.32640377125169096, 19.36299596820708402 ) ) ;
#5142 = VERTEX_POINT ( 'NONE', #7736 ) ;
#5143 = EDGE_LOOP ( 'NONE', ( #5154, #6606, #7220, #3527 ) ) ;
#5144 = AXIS2_PLACEMENT_3D ( 'NONE', #7876, #4776, #1933 ) ;
#5145 = AXIS2_PLACEMENT_3D ( 'NONE', #3690, #4346, #1286 ) ;
#5146 = ORIENTED_EDGE ( 'NONE', *, *, #4030, .F. ) ;
#5147 = CARTESIAN_POINT ( 'NONE',  ( 0.000000000000000000, 0.000000000000000000, 20.21482714528789870 ) ) ;
#5148 = CARTESIAN_POINT ( 'NONE',  ( -4.697870594555825877E-14, 191.8051228250735676, -99.50000000000000000 ) ) ;
#5149 = CARTESIAN_POINT ( 'NONE',  ( -175.0999999999999943, -2.144356545307015663E-14, -65.77070040501132553 ) ) ;
#5150 = DIRECTION ( 'NONE',  ( 1.000000000000000000, 0.000000000000000000, 0.000000000000000000 ) ) ;
#5151 = CARTESIAN_POINT ( 'NONE',  ( 133.8820645368945748, -38.62712429686728655, 22.49219463776504568 ) ) ;
#5152 = AXIS2_PLACEMENT_3D ( 'NONE', #3927, #6954, #2034 ) ;
#5153 = CARTESIAN_POINT ( 'NONE',  ( 4.655975086961694328E-14, 190.0946089192151192, 88.90489066047071276 ) ) ;
#5154 = ORIENTED_EDGE ( 'NONE', *, *, #3773, .T. ) ;
#5155 = EDGE_LOOP ( 'NONE', ( #3889, #1440, #3651, #6963 ) ) ;
#5156 = ORIENTED_EDGE ( 'NONE', *, *, #6026, .T. ) ;
#5157 = EDGE_CURVE ( 'NONE', #5790, #6193, #4250, .T. ) ;
#5158 = CARTESIAN_POINT ( 'NONE',  ( -398.7994540883427135, 199.3997270441713852, 93.38869490038415222 ) ) ;
#5159 = AXIS2_PLACEMENT_3D ( 'NONE', #5989, #6496, #2785 ) ;
#5160 = VERTEX_POINT ( 'NONE', #2128 ) ;
#5161 = CARTESIAN_POINT ( 'NONE',  ( 80.48225154516102009, -114.4076866200491338, 22.61730576782319702 ) ) ;
#5162 = LINE ( 'NONE', #1376, #5779 ) ;
#5163 = CARTESIAN_POINT ( 'NONE',  ( -578.6515616824777908, 289.3257808412387249, -94.50000000000000000 ) ) ;
#5164 = VECTOR ( 'NONE', #7222, 1000.000000000000000 ) ;
#5165 = EDGE_LOOP ( 'NONE', ( #1314, #2606, #4238, #5966 ) ) ;
#5166 = FACE_OUTER_BOUND ( 'NONE', #4715, .T. ) ;
#5167 = ORIENTED_EDGE ( 'NONE', *, *, #6857, .T. ) ;
#5168 = EDGE_CURVE ( 'NONE', #3989, #143, #7250, .T. ) ;
#5169 = CARTESIAN_POINT ( 'NONE',  ( -14.67647721761633761, 128.1628914474657961, 20.07643710328332887 ) ) ;
#5170 = AXIS2_PLACEMENT_3D ( 'NONE', #81, #1954, #4545 ) ;
#5171 = ADVANCED_FACE ( 'NONE', ( #5692 ), #2347, .T. ) ;
#5172 = CARTESIAN_POINT ( 'NONE',  ( 116.2562047772336058, -53.40679442622165141, 22.41088267406320966 ) ) ;
#5173 = EDGE_CURVE ( 'NONE', #3824, #7842, #3158, .T. ) ;
#5174 = CARTESIAN_POINT ( 'NONE',  ( 0.000000000000000000, 322.5000000000000000, 65.77070040501132553 ) ) ;
#5175 = CIRCLE ( 'NONE', #1952, 150.0999999999999375 ) ;
#5176 = CARTESIAN_POINT ( 'NONE',  ( 133.1873124537406738, -34.10295803961560779, 24.62523589199687279 ) ) ;
#5177 = CARTESIAN_POINT ( 'NONE',  ( 126.7905698140302491, -51.38358198029395396, 24.46698063665958145 ) ) ;
#5178 = LINE ( 'NONE', #6986, #3064 ) ;
#5179 = CARTESIAN_POINT ( 'NONE',  ( -3.886262931281310274E-14, -317.3374506010286495, 76.28597499736081033 ) ) ;
#5180 = CARTESIAN_POINT ( 'NONE',  ( -132.5870663236685516, 32.49778734028127758, 21.83066089074197791 ) ) ;
#5181 = EDGE_CURVE ( 'NONE', #3572, #7852, #3476, .T. ) ;
#5182 = VECTOR ( 'NONE', #3274, 1000.000000000000000 ) ;
#5183 = CARTESIAN_POINT ( 'NONE',  ( -121.9985998769993074, 53.30857785568210261, 21.04257490647833606 ) ) ;
#5184 = ORIENTED_EDGE ( 'NONE', *, *, #1290, .T. ) ;
#5185 = ORIENTED_EDGE ( 'NONE', *, *, #6752, .F. ) ;
#5186 = ORIENTED_EDGE ( 'NONE', *, *, #547, .F. ) ;
#5187 = CARTESIAN_POINT ( 'NONE',  ( 132.8396113517657113, -44.14537121475768089, 22.64141642911648589 ) ) ;
#5188 = CARTESIAN_POINT ( 'NONE',  ( -83.52814726493691921, -89.98119224748458578, 21.86299596820718349 ) ) ;
#5189 = DIRECTION ( 'NONE',  ( -0.000000000000000000, -0.000000000000000000, 1.000000000000000000 ) ) ;
#5190 = EDGE_CURVE ( 'NONE', #4295, #3880, #5440, .T. ) ;
#5191 = CARTESIAN_POINT ( 'NONE',  ( -122.3793352988899130, -24.02686221873933903, 19.45428154123676734 ) ) ;
#5192 = CARTESIAN_POINT ( 'NONE',  ( 0.000000000000000000, 0.000000000000000000, 65.77070040501132553 ) ) ;
#5193 = CARTESIAN_POINT ( 'NONE',  ( -7.086437828360635759E-14, 289.3257808412388954, -99.49999999999998579 ) ) ;
#5194 = ORIENTED_EDGE ( 'NONE', *, *, #6017, .F. ) ;
#5195 = EDGE_LOOP ( 'NONE', ( #7037, #6, #616, #3295, #5979 ) ) ;
#5196 = CARTESIAN_POINT ( 'NONE',  ( 0.000000000000000000, 0.000000000000000000, -63.72929959498868868 ) ) ;
#5197 = ORIENTED_EDGE ( 'NONE', *, *, #5513, .T. ) ;
#5198 = CARTESIAN_POINT ( 'NONE',  ( 0.000000000000000000, 184.2518537984015552, -82.49406996101798484 ) ) ;
#5199 = DIRECTION ( 'NONE',  ( -0.8090169943749506709, 0.5877852522924685852, 0.000000000000000000 ) ) ;
#5200 = CARTESIAN_POINT ( 'NONE',  ( -416.5484383175221978, 208.2742191587611273, 99.50000000000001421 ) ) ;
#5201 = CARTESIAN_POINT ( 'NONE',  ( -88.47315653655928713, 101.1271242968683453, 23.89698163186447744 ) ) ;
#5202 = CARTESIAN_POINT ( 'NONE',  ( -7.086437828360635759E-14, 289.3257808412388954, -94.49999999999998579 ) ) ;
#5203 = ORIENTED_EDGE ( 'NONE', *, *, #2169, .F. ) ;
#5204 = CARTESIAN_POINT ( 'NONE',  ( 0.000000000000000000, 0.000000000000000000, 46.05937553960620789 ) ) ;
#5205 = ORIENTED_EDGE ( 'NONE', *, *, #2613, .F. ) ;
#5206 = CARTESIAN_POINT ( 'NONE',  ( 0.000000000000000000, 0.000000000000000000, 56.27070040501133974 ) ) ;
#5207 = ORIENTED_EDGE ( 'NONE', *, *, #5210, .F. ) ;
#5208 = CARTESIAN_POINT ( 'NONE',  ( 124.4226886860643475, 24.63914168103257296, 22.20067336798834745 ) ) ;
#5209 = CARTESIAN_POINT ( 'NONE',  ( -88.47315653655860501, -100.6056418782651463, 23.80530923666708532 ) ) ;
#5210 = EDGE_CURVE ( 'NONE', #1644, #787, #7763, .T. ) ;
#5211 = CARTESIAN_POINT ( 'NONE',  ( 131.5421850551454099, -30.55609480522339894, 24.05529523895670607 ) ) ;
#5212 = CC_DESIGN_PERSON_AND_ORGANIZATION_ASSIGNMENT ( #4556, #6201, ( #7651 ) ) ;
#5213 = EDGE_CURVE ( 'NONE', #1999, #5462, #3346, .T. ) ;
#5214 = CARTESIAN_POINT ( 'NONE',  ( 132.4309402819412753, 45.08385898597153130, 22.62083196236574878 ) ) ;
#5215 = LINE ( 'NONE', #5947, #7240 ) ;
#5216 = CARTESIAN_POINT ( 'NONE',  ( 0.000000000000000000, 316.6339013798285578, 81.46200492995686204 ) ) ;
#5217 = DIRECTION ( 'NONE',  ( -0.000000000000000000, -0.000000000000000000, 1.000000000000000000 ) ) ;
#5218 = DIRECTION ( 'NONE',  ( -1.000000000000000000, -1.224646799147349509E-16, 0.000000000000000000 ) ) ;
#5219 = DIRECTION ( 'NONE',  ( -0.000000000000000000, -0.000000000000000000, 1.000000000000000000 ) ) ;
#5220 = EDGE_LOOP ( 'NONE', ( #4518, #1239 ) ) ;
#5221 = DIRECTION ( 'NONE',  ( 1.000000000000000000, 0.000000000000000000, 0.000000000000000000 ) ) ;
#5222 = EDGE_CURVE ( 'NONE', #6204, #2561, #523, .T. ) ;
#5223 = VERTEX_POINT ( 'NONE', #3131 ) ;
#5224 = ORIENTED_EDGE ( 'NONE', *, *, #3198, .F. ) ;
#5225 = DIRECTION ( 'NONE',  ( -0.000000000000000000, -0.000000000000000000, 1.000000000000000000 ) ) ;
#5226 = CYLINDRICAL_SURFACE ( 'NONE', #3602, 158.0999999999992838 ) ;
#5227 = CARTESIAN_POINT ( 'NONE',  ( 84.75053438858344634, -91.23241105247593907, 21.95160548849212745 ) ) ;
#5228 = DIRECTION ( 'NONE',  ( -0.000000000000000000, -0.000000000000000000, 1.000000000000000000 ) ) ;
#5229 = CARTESIAN_POINT ( 'NONE',  ( -2.245184594106244153E-14, -183.3332349922793298, 80.88990889983972465 ) ) ;
#5230 = CIRCLE ( 'NONE', #1751, 129.5927812626564162 ) ;
#5231 = EDGE_CURVE ( 'NONE', #7967, #6021, #4990, .T. ) ;
#5232 = ORIENTED_EDGE ( 'NONE', *, *, #1290, .F. ) ;
#5233 = ORIENTED_EDGE ( 'NONE', *, *, #6635, .F. ) ;
#5234 = CARTESIAN_POINT ( 'NONE',  ( -416.5484383175221978, 208.2742191587611273, 94.50000000000000000 ) ) ;
#5235 = CARTESIAN_POINT ( 'NONE',  ( 366.6664699845586028, 183.3332349922793298, -80.88990889983972465 ) ) ;
#5236 = CARTESIAN_POINT ( 'NONE',  ( -158.0999999999989711, 0.000000000000000000, 9.110446367167980952 ) ) ;
#5237 = AXIS2_PLACEMENT_3D ( 'NONE', #3213, #5715, #6415 ) ;
#5238 = CARTESIAN_POINT ( 'NONE',  ( -3.773216894661273514E-14, -308.1065411911690717, 91.70875513312377336 ) ) ;
#5239 = CARTESIAN_POINT ( 'NONE',  ( 3.847138617391237819E-14, -314.1427079276870131, -87.18980760446915212 ) ) ;
#5240 = CARTESIAN_POINT ( 'NONE',  ( -3.395851672745883842, -139.6353795535830500, 25.13683382087325668 ) ) ;
#5241 = ORIENTED_EDGE ( 'NONE', *, *, #5729, .T. ) ;
#5242 = CARTESIAN_POINT ( 'NONE',  ( 0.000000000000000000, 208.2742191587611558, -99.50000000000000000 ) ) ;
#5243 = AXIS2_PLACEMENT_3D ( 'NONE', #502, #2949, #1306 ) ;
#5244 = ORIENTED_EDGE ( 'NONE', *, *, #4375, .F. ) ;
#5245 = CARTESIAN_POINT ( 'NONE',  ( 0.000000000000000000, 0.000000000000000000, -65.77070040501132553 ) ) ;
#5246 = ORIENTED_EDGE ( 'NONE', *, *, #4039, .F. ) ;
#5247 = CARTESIAN_POINT ( 'NONE',  ( 0.000000000000000000, 208.2742191587611558, -94.50000000000000000 ) ) ;
#5248 = CARTESIAN_POINT ( 'NONE',  ( -88.25657280819685013, -98.53573512636505427, 23.41017101767305775 ) ) ;
#5249 = AXIS2_PLACEMENT_3D ( 'NONE', #7187, #1106, #1067 ) ;
#5250 = CARTESIAN_POINT ( 'NONE',  ( 133.5374342683756197, -35.36400802799265364, 24.77840085651744317 ) ) ;
#5251 = AXIS2_PLACEMENT_3D ( 'NONE', #2830, #7150, #3439 ) ;
#5252 = CARTESIAN_POINT ( 'NONE',  ( 128.8999653197290627, -49.82785093743049742, 24.79093838927104088 ) ) ;
#5253 = EDGE_CURVE ( 'NONE', #4438, #1226, #2527, .T. ) ;
#5254 = CARTESIAN_POINT ( 'NONE',  ( 0.000000000000000000, 0.000000000000000000, -57.22929959498868158 ) ) ;
#5255 = CARTESIAN_POINT ( 'NONE',  ( 0.000000000000000000, 313.7453701259441345, 87.70311822632901055 ) ) ;
#5256 = CARTESIAN_POINT ( 'NONE',  ( 133.2498062720158032, 34.27271428162718792, 22.08175149544325677 ) ) ;
#5257 = DIRECTION ( 'NONE',  ( 1.000000000000000000, 0.000000000000000000, 0.000000000000000000 ) ) ;
#5258 = CARTESIAN_POINT ( 'NONE',  ( 42.00000000000000000, 0.000000000000000000, 17.00000000000000000 ) ) ;
#5259 = AXIS2_PLACEMENT_3D ( 'NONE', #6563, #2865, #2258 ) ;
#5260 = ORIENTED_EDGE ( 'NONE', *, *, #6087, .F. ) ;
#5261 = ORIENTED_EDGE ( 'NONE', *, *, #4784, .F. ) ;
#5262 = B_SPLINE_CURVE_WITH_KNOTS ( 'NONE', 3,
 ( #6564, #5209, #895, #7831, #5248, #4121, #1016, #3353 ),
 .UNSPECIFIED., .F., .F.,
 ( 4, 2, 2, 4 ),
 ( 0.03460524736379833044, 0.03618240811548405211, 0.03775956886716976685, 0.04091389037054123795 ),
 .UNSPECIFIED. ) ;
#5263 = VERTEX_POINT ( 'NONE', #2371 ) ;
#5264 = CARTESIAN_POINT ( 'NONE',  ( -132.4801911204889393, 32.26146182562200693, 24.36058473916499167 ) ) ;
#5265 = CIRCLE ( 'NONE', #1017, 208.2742191587611558 ) ;
#5266 = TOROIDAL_SURFACE ( 'NONE', #3465, 156.1000000000000227, 6.500000000000000000 ) ;
#5267 = CARTESIAN_POINT ( 'NONE',  ( 0.000000000000000000, 0.000000000000000000, 51.86299596820718705 ) ) ;
#5268 = DIRECTION ( 'NONE',  ( 1.000000000000000000, 0.000000000000000000, 0.000000000000000000 ) ) ;
#5269 = CARTESIAN_POINT ( 'NONE',  ( -127.2383307948078652, -51.09498642179706707, 24.53872923646475712 ) ) ;
#5270 = EDGE_CURVE ( 'NONE', #5519, #38, #1924, .T. ) ;
#5271 = EDGE_CURVE ( 'NONE', #3378, #6301, #4914, .T. ) ;
#5272 = CARTESIAN_POINT ( 'NONE',  ( 7.772525862562620547E-14, 317.3374506010286495, 76.28597499736081033 ) ) ;
#5273 = CARTESIAN_POINT ( 'NONE',  ( 14.80881302726064241, 122.5341668240034636, 19.38020680584498834 ) ) ;
#5274 = AXIS2_PLACEMENT_3D ( 'NONE', #4217, #5915, #1076 ) ;
#5275 = CIRCLE ( 'NONE', #5668, 208.2742191587611558 ) ;
#5276 = EDGE_LOOP ( 'NONE', ( #3055, #3365, #3184, #3467, #5405 ) ) ;
#5277 = CARTESIAN_POINT ( 'NONE',  ( -366.6664699845586028, 183.3332349922793298, 80.88990889983972465 ) ) ;
#5278 = EDGE_LOOP ( 'NONE', ( #2389, #6952, #2125, #2728 ) ) ;
#5279 = CARTESIAN_POINT ( 'NONE',  ( -168.5999999999999943, 0.000000000000000000, 64.27070040501133974 ) ) ;
#5280 = CARTESIAN_POINT ( 'NONE',  ( 0.000000000000000000, 180.1000000000000512, -68.44440677895181580 ) ) ;
#5281 = CARTESIAN_POINT ( 'NONE',  ( -368.5037075968030535, -184.2518537984016120, -82.49406996101799905 ) ) ;
#5282 = AXIS2_PLACEMENT_3D ( 'NONE', #239, #913, #6957 ) ;
#5283 = AXIS2_PLACEMENT_3D ( 'NONE', #236, #5225, #2154 ) ;
#5284 = DIRECTION ( 'NONE',  ( 1.000000000000000000, 0.000000000000000000, 0.000000000000000000 ) ) ;
#5285 = ADVANCED_FACE ( 'NONE', ( #1165 ), #2701, .F. ) ;
#5286 = CARTESIAN_POINT ( 'NONE',  ( 0.000000000000000000, 315.7362494641405988, -84.26865681888700976 ) ) ;
#5287 = DIRECTION ( 'NONE',  ( -0.000000000000000000, -0.000000000000000000, 1.000000000000000000 ) ) ;
#5288 = ORIENTED_EDGE ( 'NONE', *, *, #4425, .T. ) ;
#5289 = AXIS2_PLACEMENT_3D ( 'NONE', #1384, #4687, #5943 ) ;
#5290 = CARTESIAN_POINT ( 'NONE',  ( 0.000000000000000000, 194.4873006948673435, 91.56960896611401779 ) ) ;
#5291 = EDGE_LOOP ( 'NONE', ( #2592, #3616, #6535, #5909 ) ) ;
#5292 = LINE ( 'NONE', #7791, #4766 ) ;
#5293 = FACE_OUTER_BOUND ( 'NONE', #1301, .T. ) ;
#5294 = CARTESIAN_POINT ( 'NONE',  ( -121.0560576588573127, 23.73941218897038397, 21.86299596820718705 ) ) ;
#5295 = CARTESIAN_POINT ( 'NONE',  ( 87.62385885642609651, -96.04389518587576902, 22.87925961668425501 ) ) ;
#5296 = AXIS2_PLACEMENT_3D ( 'NONE', #1359, #2676, #4383 ) ;
#5297 = CARTESIAN_POINT ( 'NONE',  ( 133.7777338609148217, 40.67038886127161135, 22.60351991729786647 ) ) ;
#5298 = DIRECTION ( 'NONE',  ( 1.000000000000000000, 0.000000000000000000, 0.000000000000000000 ) ) ;
#5299 = CARTESIAN_POINT ( 'NONE',  ( -625.6784968257508126, 312.8392484128754063, 88.68418937925815726 ) ) ;
#5300 = CARTESIAN_POINT ( 'NONE',  ( -59.55032408116382925, -106.7087671033377774, 21.86299596820718349 ) ) ;
#5301 = DIRECTION ( 'NONE',  ( -0.000000000000000000, -0.000000000000000000, 1.000000000000000000 ) ) ;
#5302 = DIRECTION ( 'NONE',  ( 1.000000000000000000, 0.000000000000000000, 0.000000000000000000 ) ) ;
#5303 = EDGE_LOOP ( 'NONE', ( #3152, #1370, #1772, #333 ) ) ;
#5304 = VERTEX_POINT ( 'NONE', #4392 ) ;
#5305 = ORIENTED_EDGE ( 'NONE', *, *, #264, .T. ) ;
#5306 = CARTESIAN_POINT ( 'NONE',  ( -103.8820645368943332, 38.62712429686809656, 21.86299596820718349 ) ) ;
#5307 = SECURITY_CLASSIFICATION ( '', '', #7588 ) ;
#5308 = DIRECTION ( 'NONE',  ( 1.000000000000000000, 0.000000000000000000, 0.000000000000000000 ) ) ;
#5309 = CARTESIAN_POINT ( 'NONE',  ( 88.47315653655779499, 100.1927010187163773, 21.16542843423989950 ) ) ;
#5310 = DIRECTION ( 'NONE',  ( 1.000000000000000000, 0.000000000000000000, 0.000000000000000000 ) ) ;
#5311 = CARTESIAN_POINT ( 'NONE',  ( 7.762752484232208186E-14, 316.9384221490204254, 79.84641328172391184 ) ) ;
#5312 = CARTESIAN_POINT ( 'NONE',  ( -2.205588885264383237E-14, -180.1000000000000227, 65.77070040501131132 ) ) ;
#5313 = CARTESIAN_POINT ( 'NONE',  ( -70.38459998993853617, 115.8230598471269275, 24.16914039169564532 ) ) ;
#5314 = ORIENTED_EDGE ( 'NONE', *, *, #2225, .F. ) ;
#5315 = EDGE_CURVE ( 'NONE', #4276, #4827, #3056, .T. ) ;
#5316 = EDGE_LOOP ( 'NONE', ( #748, #7177, #4223, #5643 ) ) ;
#5317 = EDGE_CURVE ( 'NONE', #3993, #4864, #901, .T. ) ;
#5318 = LINE ( 'NONE', #5967, #263 ) ;
#5319 = DIRECTION ( 'NONE',  ( -0.000000000000000000, -0.000000000000000000, 1.000000000000000000 ) ) ;
#5320 = CARTESIAN_POINT ( 'NONE',  ( 0.000000000000000000, 0.000000000000000000, -63.72929959498868868 ) ) ;
#5321 = CARTESIAN_POINT ( 'NONE',  ( 2.208467200214958958E-14, -180.3350322519586939, -70.87866810663061301 ) ) ;
#5322 = CARTESIAN_POINT ( 'NONE',  ( -3.635621913427965235E-14, -296.8710583295711558, 94.26337537733878946 ) ) ;
#5323 = CARTESIAN_POINT ( 'NONE',  ( 605.5329718068611555, -302.7664859034305778, -93.41442136824589682 ) ) ;
#5324 = CARTESIAN_POINT ( 'NONE',  ( -87.96535804188917496, 105.0138951630368922, 24.50944734498418143 ) ) ;
#5325 = DIRECTION ( 'NONE',  ( 1.000000000000000000, 0.000000000000000000, 0.000000000000000000 ) ) ;
#5326 = ORIENTED_EDGE ( 'NONE', *, *, #2517, .F. ) ;
#5327 = CARTESIAN_POINT ( 'NONE',  ( 33.59192716851524096, -46.23532122852795112, 14.49999999999999822 ) ) ;
#5328 = DIRECTION ( 'NONE',  ( 0.000000000000000000, 0.000000000000000000, -1.000000000000000000 ) ) ;
#5329 = ORIENTED_EDGE ( 'NONE', *, *, #3264, .T. ) ;
#5330 = EDGE_CURVE ( 'NONE', #4644, #5769, #4515, .T. ) ;
#5331 = CARTESIAN_POINT ( 'NONE',  ( 7.523729062218037278, -137.9831642640845359, 22.22234220426125617 ) ) ;
#5332 = CARTESIAN_POINT ( 'NONE',  ( 0.000000000000000000, 186.3446616298417950, -85.37267775845593576 ) ) ;
#5333 = CARTESIAN_POINT ( 'NONE',  ( -126.4442136057543138, 25.67282379624899846, 22.64930167012783713 ) ) ;
#5334 = CARTESIAN_POINT ( 'NONE',  ( 80.00000000000000000, 0.000000000000000000, 27.00000000000000000 ) ) ;
#5335 = CARTESIAN_POINT ( 'NONE',  ( 127.2345822847330794, -51.09752912562056792, 24.53813765465266883 ) ) ;
#5336 = FACE_OUTER_BOUND ( 'NONE', #2445, .T. ) ;
#5337 = CARTESIAN_POINT ( 'NONE',  ( -625.6784968257508126, -312.8392484128754063, 88.68418937925815726 ) ) ;
#5338 = FACE_OUTER_BOUND ( 'NONE', #5084, .T. ) ;
#5339 = CARTESIAN_POINT ( 'NONE',  ( 416.5484383175221978, -208.2742191587611842, 99.50000000000001421 ) ) ;
#5340 = CARTESIAN_POINT ( 'NONE',  ( 0.000000000000000000, 0.000000000000000000, 49.52347715474393652 ) ) ;
#5341 = ORIENTED_EDGE ( 'NONE', *, *, #4343, .T. ) ;
#5342 = DIRECTION ( 'NONE',  ( -1.000000000000000000, 0.000000000000000000, 0.000000000000000000 ) ) ;
#5343 = ORIENTED_EDGE ( 'NONE', *, *, #3951, .T. ) ;
#5344 = CARTESIAN_POINT ( 'NONE',  ( -115.5225898596322054, 53.30004879979804855, 19.72924183915134222 ) ) ;
#5345 = CARTESIAN_POINT ( 'NONE',  ( -83.52856367023193229, 89.99277972853032281, 21.86724403347665557 ) ) ;
#5346 = CARTESIAN_POINT ( 'NONE',  ( 86.74409907611112658, -94.04216776416242851, 22.39578843522658858 ) ) ;
#5347 = B_SPLINE_CURVE_WITH_KNOTS ( 'NONE', 3,
 ( #3421, #5934, #1579, #4714 ),
 .UNSPECIFIED., .F., .F.,
 ( 4, 4 ),
 ( 0.000000000000000000, 1.000000000000000000 ),
 .UNSPECIFIED. ) ;
#5348 = CARTESIAN_POINT ( 'NONE',  ( -3.888253587292845372E-14, -317.4999999999998863, 68.03790535064513278 ) ) ;
#5349 = CARTESIAN_POINT ( 'NONE',  ( 4.437759455849687931E-14, 181.1852796634682363, 75.30398140309957000 ) ) ;
#5350 = ORIENTED_EDGE ( 'NONE', *, *, #7475, .T. ) ;
#5351 = ORIENTED_EDGE ( 'NONE', *, *, #925, .F. ) ;
#5352 = DIRECTION ( 'NONE',  ( -0.000000000000000000, -0.000000000000000000, 1.000000000000000000 ) ) ;
#5353 = DIRECTION ( 'NONE',  ( 0.000000000000000000, 0.000000000000000000, -1.000000000000000000 ) ) ;
#5354 = CARTESIAN_POINT ( 'NONE',  ( 83.08400613783433641, 89.61054624861029083, 19.36299596820717994 ) ) ;
#5355 = EDGE_CURVE ( 'NONE', #2561, #179, #653, .T. ) ;
#5356 = CARTESIAN_POINT ( 'NONE',  ( -362.3705593269364158, 181.1852796634681226, -75.30398140309957000 ) ) ;
#5357 = CARTESIAN_POINT ( 'NONE',  ( -3.593004625612164980E-14, -293.3910926900519485, 94.50000000000000000 ) ) ;
#5358 = CARTESIAN_POINT ( 'NONE',  ( 0.000000000000000000, 313.7453701259441345, -87.70311822632901055 ) ) ;
#5359 = CARTESIAN_POINT ( 'NONE',  ( -6.622777992603806396, -138.4854974076268377, 24.89568391426521643 ) ) ;
#5360 = VERTEX_POINT ( 'NONE', #7077 ) ;
#5361 = CARTESIAN_POINT ( 'NONE',  ( 0.000000000000000000, 317.3374506010286495, -76.28597499736081033 ) ) ;
#5362 = DIRECTION ( 'NONE',  ( -0.000000000000000000, -0.000000000000000000, 1.000000000000000000 ) ) ;
#5363 = ORIENTED_EDGE ( 'NONE', *, *, #3492, .T. ) ;
#5364 = CARTESIAN_POINT ( 'NONE',  ( 13.38630412687819948, -131.8163569223088984, 20.89240147329201491 ) ) ;
#5365 = ORIENTED_EDGE ( 'NONE', *, *, #6313, .F. ) ;
#5366 = TOROIDAL_SURFACE ( 'NONE', #2912, 168.6000000000000227, 6.500000000000000000 ) ;
#5367 = DIRECTION ( 'NONE',  ( -1.000000000000000000, 0.000000000000000000, 0.000000000000000000 ) ) ;
#5368 = CARTESIAN_POINT ( 'NONE',  ( -628.2854158553740263, 314.1427079276868426, -87.18980760446915212 ) ) ;
#5369 = ADVANCED_FACE ( 'NONE', ( #2039 ), #7506, .T. ) ;
#5370 = ADVANCED_FACE ( 'NONE', ( #1366 ), #793, .F. ) ;
#5371 = TOROIDAL_SURFACE ( 'NONE', #480, 122.2006631523987323, 32.50000000000000711 ) ;
#5372 = CARTESIAN_POINT ( 'NONE',  ( 88.47315653656004031, -100.6076572072415729, 23.80566351521590818 ) ) ;
#5373 = CARTESIAN_POINT ( 'NONE',  ( 0.000000000000000000, 0.000000000000000000, 27.00000000000000000 ) ) ;
#5374 = DIRECTION ( 'NONE',  ( -0.000000000000000000, -0.000000000000000000, 1.000000000000000000 ) ) ;
#5375 = CARTESIAN_POINT ( 'NONE',  ( 33.59192716851524096, -46.23532122852795112, -3.460512242138308103 ) ) ;
#5376 = AXIS2_PLACEMENT_3D ( 'NONE', #1035, #5702, #1388 ) ;
#5377 = CARTESIAN_POINT ( 'NONE',  ( 0.000000000000000000, 0.000000000000000000, 21.86299596820717639 ) ) ;
#5378 = ADVANCED_FACE ( 'NONE', ( #5753 ), #3290, .F. ) ;
#5379 = FACE_OUTER_BOUND ( 'NONE', #1789, .T. ) ;
#5380 = VERTEX_POINT ( 'NONE', #6464 ) ;
#5381 = LINE ( 'NONE', #2358, #1822 ) ;
#5382 = CIRCLE ( 'NONE', #5767, 15.00000000000000000 ) ;
#5383 = VERTEX_POINT ( 'NONE', #4468 ) ;
#5384 = ORIENTED_EDGE ( 'NONE', *, *, #3498, .T. ) ;
#5385 = CARTESIAN_POINT ( 'NONE',  ( -118.8820645368943332, 38.62712429686809656, 19.36299596820718705 ) ) ;
#5386 = CARTESIAN_POINT ( 'NONE',  ( 0.000000000000000000, 0.000000000000000000, 51.86299596820718705 ) ) ;
#5387 = DIRECTION ( 'NONE',  ( -0.000000000000000000, -0.000000000000000000, 1.000000000000000000 ) ) ;
#5388 = CARTESIAN_POINT ( 'NONE',  ( 71.79849944553460261, 116.0376891119336022, 24.38469709498844651 ) ) ;
#5389 = CIRCLE ( 'NONE', #5641, 129.5927812626564162 ) ;
#5390 = CARTESIAN_POINT ( 'NONE',  ( 7.474729379709471827E-14, 305.1789865009923233, 92.80220189689723043 ) ) ;
#5391 = CARTESIAN_POINT ( 'NONE',  ( -644.9999999999998863, -322.4999999999999432, 83.74324804101253505 ) ) ;
#5392 = ORIENTED_EDGE ( 'NONE', *, *, #6619, .F. ) ;
#5393 = TOROIDAL_SURFACE ( 'NONE', #6576, 166.6000000000000227, 4.000000000000000000 ) ;
#5394 = CARTESIAN_POINT ( 'NONE',  ( 0.000000000000000000, 184.2518537984015552, 82.49406996101798484 ) ) ;
#5395 = CYLINDRICAL_SURFACE ( 'NONE', #7850, 15.00000000000000355 ) ;
#5396 = CARTESIAN_POINT ( 'NONE',  ( -85.86946734535067094, -109.5807113612376469, 25.03006753729255962 ) ) ;
#5397 = CARTESIAN_POINT ( 'NONE',  ( 175.0999999999999943, 0.000000000000000000, 99.49999999999995737 ) ) ;
#5398 = FACE_OUTER_BOUND ( 'NONE', #1906, .T. ) ;
#5399 = CARTESIAN_POINT ( 'NONE',  ( 624.6602274444682052, 312.3301137222341595, -89.15235216125219608 ) ) ;
#5400 = AXIS2_PLACEMENT_3D ( 'NONE', #1381, #2543, #1900 ) ;
#5401 = DIRECTION ( 'NONE',  ( -0.000000000000000000, -0.000000000000000000, 1.000000000000000000 ) ) ;
#5402 = ORIENTED_EDGE ( 'NONE', *, *, #4394, .T. ) ;
#5403 = CARTESIAN_POINT ( 'NONE',  ( 0.000000000000000000, 0.000000000000000000, 0.000000000000000000 ) ) ;
#5404 = CYLINDRICAL_SURFACE ( 'NONE', #6038, 42.00000000000000000 ) ;
#5405 = ORIENTED_EDGE ( 'NONE', *, *, #7484, .T. ) ;
#5406 = CARTESIAN_POINT ( 'NONE',  ( 87.43752864693196614, -95.65023543885118329, 20.21482714528789870 ) ) ;
#5407 = AXIS2_PLACEMENT_3D ( 'NONE', #560, #6587, #2880 ) ;
#5408 = AXIS2_PLACEMENT_3D ( 'NONE', #7622, #3426, #2705 ) ;
#5409 = CYLINDRICAL_SURFACE ( 'NONE', #250, 170.0000000000000284 ) ;
#5410 = CARTESIAN_POINT ( 'NONE',  ( -634.9999999999996589, -317.4999999999999432, -68.03790535064513278 ) ) ;
#5411 = AXIS2_PLACEMENT_3D ( 'NONE', #2289, #4755, #2931 ) ;
#5412 = B_SPLINE_CURVE_WITH_KNOTS ( 'NONE', 3,
 ( #3317, #1434, #2146, #3882, #7709, #4612, #6367, #819, #7558, #5784, #5180, #7106, #7678, #1553, #5419, #1628 ),
 .UNSPECIFIED., .F., .F.,
 ( 4, 2, 2, 2, 2, 2, 2, 4 ),
 ( 9.257435879206627868E-07, 0.003788627686179655771, 0.004735553171827587733, 0.005682478657475518828, 0.007576329628771387957, 0.009470180600067275301, 0.01136403157136316178, 0.01515173351395495902 ),
 .UNSPECIFIED. ) ;
#5413 = CARTESIAN_POINT ( 'NONE',  ( 119.8881304610666945, -23.66090128114886681, 19.36299596820717994 ) ) ;
#5414 = ADVANCED_FACE ( 'NONE', ( #7605 ), #1932, .F. ) ;
#5415 = CARTESIAN_POINT ( 'NONE',  ( 0.000000000000000000, 0.000000000000000000, 17.00000000000000000 ) ) ;
#5416 = CARTESIAN_POINT ( 'NONE',  ( 3.715816643953662146E-14, -289.3257808412388954, -94.49999999999998579 ) ) ;
#5417 = VECTOR ( 'NONE', #1905, 1000.000000000000000 ) ;
#5418 = FACE_OUTER_BOUND ( 'NONE', #2049, .T. ) ;
#5419 = CARTESIAN_POINT ( 'NONE',  ( -133.8820645368943190, 37.35313659995382807, 22.40970623887774238 ) ) ;
#5420 = CARTESIAN_POINT ( 'NONE',  ( 68.81411613939428662, 115.4024359225766005, 21.32854224569914336 ) ) ;
#5421 = CARTESIAN_POINT ( 'NONE',  ( 0.000000000000000000, 0.000000000000000000, -37.60797925142819764 ) ) ;
#5422 = ORIENTED_EDGE ( 'NONE', *, *, #3672, .F. ) ;
#5423 = VECTOR ( 'NONE', #2223, 1000.000000000000000 ) ;
#5424 = CARTESIAN_POINT ( 'NONE',  ( -117.3856248595699299, 53.55229325042200372, 22.64930167012784423 ) ) ;
#5425 = EDGE_LOOP ( 'NONE', ( #6801, #7776 ) ) ;
#5426 = ADVANCED_FACE ( 'NONE', ( #3894, #170 ), #2570, .T. ) ;
#5427 = CARTESIAN_POINT ( 'NONE',  ( -132.1912461836206205, 31.67832206295287278, 24.26304557075798485 ) ) ;
#5428 = CARTESIAN_POINT ( 'NONE',  ( 0.000000000000000000, 0.000000000000000000, 26.98809383705458487 ) ) ;
#5429 = CARTESIAN_POINT ( 'NONE',  ( -133.4643900881168861, -42.17955377411890083, 22.63864877478940230 ) ) ;
#5430 = CIRCLE ( 'NONE', #6486, 165.0999999999999943 ) ;
#5431 = CARTESIAN_POINT ( 'NONE',  ( 7.649881480945258676E-14, 312.3301137222341595, 89.15235216125219608 ) ) ;
#5432 = CARTESIAN_POINT ( 'NONE',  ( 635.0262584174098492, -317.5131292087049246, -70.21990042098286722 ) ) ;
#5433 = VECTOR ( 'NONE', #6625, 1000.000000000000000 ) ;
#5434 = EDGE_LOOP ( 'NONE', ( #4546, #1749, #6595, #7033, #5584 ) ) ;
#5435 = ORIENTED_EDGE ( 'NONE', *, *, #3246, .T. ) ;
#5436 = EDGE_CURVE ( 'NONE', #1937, #4820, #1519, .T. ) ;
#5437 = CARTESIAN_POINT ( 'NONE',  ( -375.0390734074504167, 187.5195367037252936, 86.64764840476198060 ) ) ;
#5438 = DIRECTION ( 'NONE',  ( 0.000000000000000000, 0.000000000000000000, -1.000000000000000000 ) ) ;
#5439 = CARTESIAN_POINT ( 'NONE',  ( -73.96145474918290574, -116.1365626697251514, 24.67263109594927784 ) ) ;
#5440 = LINE ( 'NONE', #5397, #2316 ) ;
#5441 = AXIS2_PLACEMENT_3D ( 'NONE', #536, #5446, #4234 ) ;
#5442 = CARTESIAN_POINT ( 'NONE',  ( 85.87279221043337429, -109.5758267648451465, 25.02964865147335161 ) ) ;
#5443 = DIRECTION ( 'NONE',  ( -1.000000000000000000, 0.000000000000000000, 0.000000000000000000 ) ) ;
#5444 = CARTESIAN_POINT ( 'NONE',  ( -79.22550215602396406, 114.9849954871012017, 25.12783758235885401 ) ) ;
#5445 = ORIENTED_EDGE ( 'NONE', *, *, #4769, .T. ) ;
#5446 = DIRECTION ( 'NONE',  ( -0.000000000000000000, -0.000000000000000000, 1.000000000000000000 ) ) ;
#5447 = CARTESIAN_POINT ( 'NONE',  ( -88.45070247978286204, 100.1823909238426893, 21.16041595018484500 ) ) ;
#5448 = EDGE_LOOP ( 'NONE', ( #1338, #2033, #3085, #7683, #2660 ) ) ;
#5449 = CARTESIAN_POINT ( 'NONE',  ( 86.39251618615961092, -93.40114801480130780, 19.72959607393050518 ) ) ;
#5450 = B_SPLINE_CURVE_WITH_KNOTS ( 'NONE', 3,
 ( #3764, #2595, #227, #1432 ),
 .UNSPECIFIED., .F., .F.,
 ( 4, 4 ),
 ( 0.000000000000000000, 1.000000000000000000 ),
 .UNSPECIFIED. ) ;
#5451 = ORIENTED_EDGE ( 'NONE', *, *, #7416, .T. ) ;
#5452 = CARTESIAN_POINT ( 'NONE',  ( 131.1785253888460261, 30.01180503532077637, 23.94400686804569744 ) ) ;
#5453 = CARTESIAN_POINT ( 'NONE',  ( 3.886262931281310274E-14, -317.3374506010286495, -76.28597499736081033 ) ) ;
#5454 = CARTESIAN_POINT ( 'NONE',  ( 126.4359806958435826, -25.65309316967378805, 20.07916623190372718 ) ) ;
#5455 = DIRECTION ( 'NONE',  ( -1.000000000000000000, 1.224646799147349509E-16, 0.000000000000000000 ) ) ;
#5456 = CARTESIAN_POINT ( 'NONE',  ( -14.96274704379961484, 123.7744783703749931, 19.45139858542665934 ) ) ;
#5457 = ADVANCED_FACE ( 'NONE', ( #7532 ), #140, .F. ) ;
#5458 = CARTESIAN_POINT ( 'NONE',  ( -103.1248389675219101, 1.262915039541619478E-14, 21.86299596820717994 ) ) ;
#5459 = DIRECTION ( 'NONE',  ( -0.000000000000000000, -0.000000000000000000, 1.000000000000000000 ) ) ;
#5460 = APPROVAL ( #106, 'UNSPECIFIED' ) ;
#5461 = ADVANCED_FACE ( 'NONE', ( #281 ), #5681, .F. ) ;
#5462 = VERTEX_POINT ( 'NONE', #3930 ) ;
#5463 = CARTESIAN_POINT ( 'NONE',  ( -124.4866983910755778, 52.57950394454297083, 24.07628224713933918 ) ) ;
#5464 = VERTEX_POINT ( 'NONE', #4553 ) ;
#5465 = CARTESIAN_POINT ( 'NONE',  ( 0.000000000000000000, 0.000000000000000000, 21.86299596820717639 ) ) ;
#5466 = B_SPLINE_CURVE_WITH_KNOTS ( 'NONE', 3,
 ( #7358, #1794, #5468, #4380, #1114, #6750, #1198, #3078, #3575, #6042 ),
 .UNSPECIFIED., .F., .F.,
 ( 4, 2, 2, 2, 4 ),
 ( 9.138802968138515333E-07, 0.003474130793444950988, 0.004342435021731970782, 0.005210739250018990576, 0.006947347706593020623 ),
 .UNSPECIFIED. ) ;
#5467 = DIRECTION ( 'NONE',  ( 1.000000000000000000, 0.000000000000000000, 0.000000000000000000 ) ) ;
#5468 = CARTESIAN_POINT ( 'NONE',  ( -115.1295237429885390, 53.19593700617977561, 22.19904504115741872 ) ) ;
#5469 = CARTESIAN_POINT ( 'NONE',  ( 578.6515616824777908, 289.3257808412387249, 94.50000000000000000 ) ) ;
#5470 = ADVANCED_FACE ( 'NONE', ( #6292 ), #6921, .F. ) ;
#5471 = EDGE_CURVE ( 'NONE', #4918, #2485, #2105, .T. ) ;
#5472 = CARTESIAN_POINT ( 'NONE',  ( -78.17930468689846180, -115.3741954806801147, 22.49775154325749682 ) ) ;
#5473 = ORIENTED_EDGE ( 'NONE', *, *, #7928, .F. ) ;
#5474 = EDGE_LOOP ( 'NONE', ( #3668, #3455, #5392, #6804, #6997 ) ) ;
#5475 = CARTESIAN_POINT ( 'NONE',  ( -103.8820645368943332, 38.62712429686809656, 14.49999999999999822 ) ) ;
#5476 = CARTESIAN_POINT ( 'NONE',  ( 175.0999999999999943, 0.000000000000000000, -57.77070040501133974 ) ) ;
#5477 = CARTESIAN_POINT ( 'NONE',  ( -88.21953729412362577, -103.9649106544175368, 24.36022294017090672 ) ) ;
#5478 = CARTESIAN_POINT ( 'NONE',  ( 0.000000000000000000, 312.8392484128754631, 88.68418937925814305 ) ) ;
#5479 = CARTESIAN_POINT ( 'NONE',  ( 15.00000000000000355, 124.9999999999999858, 22.09155500234106029 ) ) ;
#5480 = EDGE_CURVE ( 'NONE', #7291, #7549, #2646, .T. ) ;
#5481 = CARTESIAN_POINT ( 'NONE',  ( 0.000000000000000000, 0.000000000000000000, -99.49999999999995737 ) ) ;
#5482 = CARTESIAN_POINT ( 'NONE',  ( -133.8820645368943474, -38.62712429686891369, 22.49219463776510253 ) ) ;
#5483 = DIRECTION ( 'NONE',  ( 1.000000000000000000, 0.000000000000000000, 0.000000000000000000 ) ) ;
#5484 = EDGE_LOOP ( 'NONE', ( #273, #2925, #288, #697 ) ) ;
#5485 = CARTESIAN_POINT ( 'NONE',  ( -63.94909740123789987, 112.7155796549780433, 20.21482714528789870 ) ) ;
#5486 = EDGE_LOOP ( 'NONE', ( #482, #3305 ) ) ;
#5487 = CARTESIAN_POINT ( 'NONE',  ( 130.3735583079582909, 28.98081103913313683, 23.70773342919279969 ) ) ;
#5488 = CARTESIAN_POINT ( 'NONE',  ( 3.866653872810499597E-14, -315.7362494641405988, -84.26865681888700976 ) ) ;
#5489 = AXIS2_PLACEMENT_3D ( 'NONE', #5610, #5087, #4448 ) ;
#5490 = CARTESIAN_POINT ( 'NONE',  ( 58.47315653656003320, -101.1271242968677768, 14.49999999999999822 ) ) ;
#5491 = DIRECTION ( 'NONE',  ( 1.000000000000000000, 0.000000000000000000, 0.000000000000000000 ) ) ;
#5492 = CARTESIAN_POINT ( 'NONE',  ( 118.8820645368937647, 38.62712429686978055, 21.86299596820718349 ) ) ;
#5493 = CIRCLE ( 'NONE', #6552, 170.0000000000000284 ) ;
#5494 = DATE_AND_TIME ( #6781, #3115 ) ;
#5495 = DIRECTION ( 'NONE',  ( -1.000000000000000000, 0.000000000000000000, 0.000000000000000000 ) ) ;
#5496 = VERTEX_POINT ( 'NONE', #4181 ) ;
#5497 = FACE_OUTER_BOUND ( 'NONE', #2650, .T. ) ;
#5498 = EDGE_CURVE ( 'NONE', #1723, #5360, #4802, .T. ) ;
#5499 = VECTOR ( 'NONE', #7916, 1000.000000000000000 ) ;
#5500 = ORIENTED_EDGE ( 'NONE', *, *, #5560, .F. ) ;
#5501 = CARTESIAN_POINT ( 'NONE',  ( 0.000000000000000000, 0.000000000000000000, 14.82762737580027590 ) ) ;
#5502 = CARTESIAN_POINT ( 'NONE',  ( 8.562775584158091036, 137.3434906080082669, 22.08706194694354963 ) ) ;
#5503 = CARTESIAN_POINT ( 'NONE',  ( 78.88663072852071423, 115.1208987992341548, 25.10917703622666153 ) ) ;
#5504 = CARTESIAN_POINT ( 'NONE',  ( -3.737364689854735914E-14, -305.1789865009923233, 92.80220189689723043 ) ) ;
#5505 = CARTESIAN_POINT ( 'NONE',  ( -73.47315653655930134, 101.1271242968683453, 21.86299596820718349 ) ) ;
#5506 = ORIENTED_EDGE ( 'NONE', *, *, #3878, .F. ) ;
#5507 = ORIENTED_EDGE ( 'NONE', *, *, #4576, .T. ) ;
#5508 = LINE ( 'NONE', #5475, #7631 ) ;
#5509 = AXIS2_PLACEMENT_3D ( 'NONE', #5127, #4531, #3790 ) ;
#5510 = CARTESIAN_POINT ( 'NONE',  ( -14.99066326594311427, 124.3873953721200252, 22.02061765057562326 ) ) ;
#5511 = EDGE_CURVE ( 'NONE', #4295, #6774, #2823, .T. ) ;
#5512 = CARTESIAN_POINT ( 'NONE',  ( -0.8657338181351659223, 139.9999253432409034, 25.21293298352186341 ) ) ;
#5513 = EDGE_CURVE ( 'NONE', #6521, #364, #2192, .T. ) ;
#5514 = CARTESIAN_POINT ( 'NONE',  ( 123.2957906755263053, 24.28768312915679317, 19.54663253661680500 ) ) ;
#5515 = DIRECTION ( 'NONE',  ( 1.000000000000000000, 0.000000000000000000, 0.000000000000000000 ) ) ;
#5516 = DIRECTION ( 'NONE',  ( -0.000000000000000000, -0.000000000000000000, 1.000000000000000000 ) ) ;
#5517 = AXIS2_PLACEMENT_3D ( 'NONE', #851, #4540, #7676 ) ;
#5518 = CIRCLE ( 'NONE', #7359, 15.00000000000000000 ) ;
#5519 = VERTEX_POINT ( 'NONE', #7244 ) ;
#5520 = CARTESIAN_POINT ( 'NONE',  ( -114.5814627542644359, -53.00897943954313973, 22.13181471082077323 ) ) ;
#5521 = VERTEX_POINT ( 'NONE', #4016 ) ;
#5522 = FACE_OUTER_BOUND ( 'NONE', #5953, .T. ) ;
#5523 = EDGE_CURVE ( 'NONE', #6774, #4295, #1545, .T. ) ;
#5524 = CIRCLE ( 'NONE', #1911, 168.6000000000000227 ) ;
#5525 = AXIS2_PLACEMENT_3D ( 'NONE', #6861, #3185, #3229 ) ;
#5526 = CARTESIAN_POINT ( 'NONE',  ( 133.2817849954247151, 34.41342548304416482, 24.66466122905248781 ) ) ;
#5527 = CARTESIAN_POINT ( 'NONE',  ( -7.774847201880481007E-14, 317.4322264710784793, -74.34416061146623633 ) ) ;
#5528 = DIRECTION ( 'NONE',  ( 0.000000000000000000, 0.000000000000000000, -1.000000000000000000 ) ) ;
#5529 = CIRCLE ( 'NONE', #5407, 162.6000000000000227 ) ;
#5530 = DIRECTION ( 'NONE',  ( -0.000000000000000000, -0.000000000000000000, 1.000000000000000000 ) ) ;
#5531 = TOROIDAL_SURFACE ( 'NONE', #5145, 151.5999999999999375, 4.000000000000000000 ) ;
#5532 = ORIENTED_EDGE ( 'NONE', *, *, #5253, .F. ) ;
#5533 = CARTESIAN_POINT ( 'NONE',  ( 88.36257595884245575, -99.24973438136319714, 20.98375687136077161 ) ) ;
#5534 = CARTESIAN_POINT ( 'NONE',  ( 84.74782798616850243, 91.22930768940648250, 21.95127968403708252 ) ) ;
#5535 = CARTESIAN_POINT ( 'NONE',  ( 0.000000000000000000, 0.000000000000000000, 24.55361931221464289 ) ) ;
#5536 = B_SPLINE_CURVE_WITH_KNOTS ( 'NONE', 3,
 ( #1788, #3528, #3028, #2875, #555, #6703, #7353, #6082, #1634, #1071 ),
 .UNSPECIFIED., .F., .F.,
 ( 4, 2, 2, 2, 4 ),
 ( 9.138802968325764671E-07, 0.003474130793444933640, 0.004342435021731952567, 0.005210739250018971494, 0.006947347706593046644 ),
 .UNSPECIFIED. ) ;
#5537 = CARTESIAN_POINT ( 'NONE',  ( 86.91380240044136940, 107.9386798524340776, 22.31274767636321599 ) ) ;
#5538 = AXIS2_PLACEMENT_3D ( 'NONE', #3800, #157, #5743 ) ;
#5539 = AXIS2_PLACEMENT_3D ( 'NONE', #6631, #990, #3530 ) ;
#5540 = DIRECTION ( 'NONE',  ( 0.000000000000000000, 0.000000000000000000, 1.000000000000000000 ) ) ;
#5541 = EDGE_LOOP ( 'NONE', ( #1917, #4721, #1398, #3219, #6667 ) ) ;
#5542 = CARTESIAN_POINT ( 'NONE',  ( -73.47315653655930134, 101.1271242968683453, 14.49999999999999822 ) ) ;
#5543 = CIRCLE ( 'NONE', #26, 15.00000000000000355 ) ;
#5544 = VERTEX_POINT ( 'NONE', #1037 ) ;
#5545 = CARTESIAN_POINT ( 'NONE',  ( 14.31047165777403052, 129.5695514957141370, 20.39334908999809315 ) ) ;
#5546 = CARTESIAN_POINT ( 'NONE',  ( 82.07351619048974101, 113.4380382140606116, 25.21605795450070175 ) ) ;
#5547 = AXIS2_PLACEMENT_3D ( 'NONE', #6763, #5516, #647 ) ;
#5548 = CARTESIAN_POINT ( 'NONE',  ( -3.773216894661273514E-14, -308.1065411911690717, 91.70875513312377336 ) ) ;
#5549 = CARTESIAN_POINT ( 'NONE',  ( 634.9999999999998863, 317.5000000000000000, -65.77070040501132553 ) ) ;
#5550 = ORIENTED_EDGE ( 'NONE', *, *, #2123, .T. ) ;
#5551 = ORIENTED_EDGE ( 'NONE', *, *, #5129, .F. ) ;
#5552 = CARTESIAN_POINT ( 'NONE',  ( 0.000000000000000000, 0.000000000000000000, 51.86299596820718705 ) ) ;
#5553 = CIRCLE ( 'NONE', #916, 208.2742191587611558 ) ;
#5554 = CARTESIAN_POINT ( 'NONE',  ( -15.00000000000000355, 125.0000000000000000, 22.09155500234105673 ) ) ;
#5555 = CARTESIAN_POINT ( 'NONE',  ( 151.5999999999999375, 1.856564547507386802E-14, 17.73176671072666366 ) ) ;
#5556 = EDGE_CURVE ( 'NONE', #4150, #4427, #7286, .T. ) ;
#5557 = CARTESIAN_POINT ( 'NONE',  ( 74.67867881037010136, -116.0958259002343311, 24.75488200630827862 ) ) ;
#5558 = DIRECTION ( 'NONE',  ( 1.000000000000000000, 0.000000000000000000, 0.000000000000000000 ) ) ;
#5559 = AXIS2_PLACEMENT_3D ( 'NONE', #5421, #7278, #2430 ) ;
#5560 = EDGE_CURVE ( 'NONE', #2255, #4441, #5855, .T. ) ;
#5561 = ORIENTED_EDGE ( 'NONE', *, *, #7022, .T. ) ;
#5563 = EDGE_CURVE ( 'NONE', #7404, #7624, #4020, .T. ) ;
#5562 = CARTESIAN_POINT ( 'NONE',  ( -133.5629998392342372, -35.48657851683067577, 22.22424351956323463 ) ) ;
#5564 = CYLINDRICAL_SURFACE ( 'NONE', #7734, 162.5999999999999943 ) ;
#5565 = EDGE_LOOP ( 'NONE', ( #6106, #2652, #836, #84 ) ) ;
#5566 = CARTESIAN_POINT ( 'NONE',  ( 101.4189655574624425, 0.000000000000000000, 19.16641954272702009 ) ) ;
#5567 = VERTEX_POINT ( 'NONE', #3683 ) ;
#5568 = FACE_BOUND ( 'NONE', #4400, .T. ) ;
#5569 = FACE_OUTER_BOUND ( 'NONE', #2272, .T. ) ;
#5570 = CARTESIAN_POINT ( 'NONE',  ( -620.9863447858018617, -310.4931723929010445, -90.48823014889568128 ) ) ;
#5571 = EDGE_CURVE ( 'NONE', #1679, #2240, #2956, .T. ) ;
#5572 = CARTESIAN_POINT ( 'NONE',  ( 86.01475325696335972, 92.89257572185057654, 19.66060879702193631 ) ) ;
#5573 = ORIENTED_EDGE ( 'NONE', *, *, #1868, .T. ) ;
#5574 = CARTESIAN_POINT ( 'NONE',  ( 0.000000000000000000, 0.000000000000000000, 17.11044636716703948 ) ) ;
#5575 = CARTESIAN_POINT ( 'NONE',  ( 3.881376242116104093E-14, -316.9384221490204254, -79.84641328172391184 ) ) ;
#5576 = FACE_OUTER_BOUND ( 'NONE', #3307, .T. ) ;
#5577 = CARTESIAN_POINT ( 'NONE',  ( 88.47315653655783763, 101.8269750593178031, 21.45272060434211170 ) ) ;
#5578 = PERSON_AND_ORGANIZATION ( #2260, #6755 ) ;
#5579 = CARTESIAN_POINT ( 'NONE',  ( -60.42835295003964546, 108.5377822811173445, 21.93000304630662711 ) ) ;
#5580 = EDGE_LOOP ( 'NONE', ( #7806, #3366 ) ) ;
#5581 = EDGE_CURVE ( 'NONE', #7868, #5981, #5466, .T. ) ;
#5582 = CARTESIAN_POINT ( 'NONE',  ( 118.8820645368937647, 38.62712429686978055, 14.49999999999999822 ) ) ;
#5583 = B_SPLINE_CURVE_WITH_KNOTS ( 'NONE', 3,
 ( #7478, #7435, #3647, #3031 ),
 .UNSPECIFIED., .F., .F.,
 ( 4, 4 ),
 ( 9.138802968261784037E-07, 0.003252377011292881866 ),
 .UNSPECIFIED. ) ;
#5584 = ORIENTED_EDGE ( 'NONE', *, *, #2623, .F. ) ;
#5585 = FACE_OUTER_BOUND ( 'NONE', #7829, .T. ) ;
#5586 = CARTESIAN_POINT ( 'NONE',  ( 5.658372768125298435, 138.8980256968893343, 22.41505259179437104 ) ) ;
#5587 = DIRECTION ( 'NONE',  ( -0.000000000000000000, -0.000000000000000000, 1.000000000000000000 ) ) ;
#5588 = CARTESIAN_POINT ( 'NONE',  ( -121.8989531063309499, -23.93075958548571691, 21.93000304630662001 ) ) ;
#5589 = CARTESIAN_POINT ( 'NONE',  ( -130.5152965216102814, 48.11036923289582035, 22.43528470824582755 ) ) ;
#5590 = CARTESIAN_POINT ( 'NONE',  ( -87.49017955252416812, -106.6524259436071134, 22.16488275894081639 ) ) ;
#5591 = ORIENTED_EDGE ( 'NONE', *, *, #1804, .T. ) ;
#5592 = ORIENTED_EDGE ( 'NONE', *, *, #7825, .T. ) ;
#5593 = CARTESIAN_POINT ( 'NONE',  ( 59.55032408116301212, 106.7087671033382179, 19.36299596820718349 ) ) ;
#5594 = CARTESIAN_POINT ( 'NONE',  ( -15.00000000000000178, 124.6942762413331991, 22.05386980675382347 ) ) ;
#5595 = DIRECTION ( 'NONE',  ( -1.224646799147353207E-16, 1.000000000000000000, 0.000000000000000000 ) ) ;
#5596 = B_SPLINE_CURVE_WITH_KNOTS ( 'NONE', 3,
 ( #5247, #4724, #335, #381, #1703, #7179, #461, #7099, #933, #7266, #5332, #2302, #1661, #2181, #5856, #971, #3996, #3429 ),
 .UNSPECIFIED., .F., .F.,
 ( 4, 2, 2, 2, 2, 2, 2, 2, 4 ),
 ( 0.000000000000000000, 0.1250000000000000000, 0.2500000000000000000, 0.3750000000000000000, 0.5000000000000000000, 0.6250000000000000000, 0.7500000000000000000, 0.8750000000000000000, 1.000000000000000000 ),
 .UNSPECIFIED. ) ;
#5597 = CARTESIAN_POINT ( 'NONE',  ( 73.96106078753014401, -116.1366334265896683, 24.67259461115263974 ) ) ;
#5598 = DIRECTION ( 'NONE',  ( 0.000000000000000000, 0.000000000000000000, -1.000000000000000000 ) ) ;
#5599 = ORIENTED_EDGE ( 'NONE', *, *, #2745, .T. ) ;
#5600 = CARTESIAN_POINT ( 'NONE',  ( 15.00000000000000355, 126.2857211461864182, 19.71998129487351292 ) ) ;
#5601 = EDGE_LOOP ( 'NONE', ( #2679, #1509, #5350, #6154 ) ) ;
#5602 = ADVANCED_FACE ( 'NONE', ( #520 ), #2183, .F. ) ;
#5603 = CARTESIAN_POINT ( 'NONE',  ( -81.10295224065401953, 114.0616132663287345, 22.63500232392829759 ) ) ;
#5604 = ORIENTED_EDGE ( 'NONE', *, *, #3289, .F. ) ;
#5605 = DIRECTION ( 'NONE',  ( 0.000000000000000000, 0.000000000000000000, -1.000000000000000000 ) ) ;
#5606 = CARTESIAN_POINT ( 'NONE',  ( 0.000000000000000000, 0.000000000000000000, 20.21482714528789870 ) ) ;
#5607 = ORIENTED_EDGE ( 'NONE', *, *, #6416, .F. ) ;
#5608 = DIRECTION ( 'NONE',  ( -0.000000000000000000, -0.000000000000000000, 1.000000000000000000 ) ) ;
#5609 = AXIS2_PLACEMENT_3D ( 'NONE', #6446, #4729, #6618 ) ;
#5610 = CARTESIAN_POINT ( 'NONE',  ( 0.000000000000000000, 0.000000000000000000, 27.00000000000000000 ) ) ;
#5611 = CARTESIAN_POINT ( 'NONE',  ( 2.245184594106244153E-14, -183.3332349922793298, -80.88990889983972465 ) ) ;
#5612 = EDGE_CURVE ( 'NONE', #6747, #1487, #3216, .T. ) ;
#5613 = DIRECTION ( 'NONE',  ( 1.000000000000000000, 0.000000000000000000, 0.000000000000000000 ) ) ;
#5614 = EDGE_CURVE ( 'NONE', #3613, #6785, #1300, .T. ) ;
#5615 = DIRECTION ( 'NONE',  ( 0.000000000000000000, 0.000000000000000000, -1.000000000000000000 ) ) ;
#5616 = CALENDAR_DATE ( 2025, 17, 8 ) ;
#5617 = ORIENTED_EDGE ( 'NONE', *, *, #7761, .T. ) ;
#5618 = CARTESIAN_POINT ( 'NONE',  ( -168.6000000000000227, 2.089247439345385162E-14, -59.72929959498868158 ) ) ;
#5619 = CARTESIAN_POINT ( 'NONE',  ( 133.3064720318477328, -42.77670235974567703, 25.21309805608188981 ) ) ;
#5620 = DIRECTION ( 'NONE',  ( 0.9737898099359781900, 0.000000000000000000, 0.2274497880079283385 ) ) ;
#5621 = AXIS2_PLACEMENT_3D ( 'NONE', #203, #3807, #168 ) ;
#5622 = CARTESIAN_POINT ( 'NONE',  ( -634.8644529421568450, 317.4322264710784793, 74.34416061146622212 ) ) ;
#5623 = EDGE_CURVE ( 'NONE', #4580, #672, #2442, .T. ) ;
#5624 = CARTESIAN_POINT ( 'NONE',  ( -59.55032408116382925, -106.7087671033377774, 21.86299596820718349 ) ) ;
#5625 = CARTESIAN_POINT ( 'NONE',  ( -119.8881304610663676, -23.66090128115055791, 21.86299596820718349 ) ) ;
#5626 = CARTESIAN_POINT ( 'NONE',  ( 111.9996365391884439, -51.96990386484417712, 19.38164351545974995 ) ) ;
#5627 = ORIENTED_EDGE ( 'NONE', *, *, #655, .F. ) ;
#5628 = CARTESIAN_POINT ( 'NONE',  ( 633.8768442980406235, 316.9384221490204254, -79.84641328172391184 ) ) ;
#5629 = AXIS2_PLACEMENT_3D ( 'NONE', #5334, #1139, #2224 ) ;
#5630 = ORIENTED_EDGE ( 'NONE', *, *, #5024, .T. ) ;
#5631 = ORIENTED_EDGE ( 'NONE', *, *, #1542, .T. ) ;
#5632 = FACE_OUTER_BOUND ( 'NONE', #4285, .T. ) ;
#5633 = DIRECTION ( 'NONE',  ( 1.000000000000000000, 0.000000000000000000, 0.000000000000000000 ) ) ;
#5634 = DIRECTION ( 'NONE',  ( -1.000000000000000000, 0.000000000000000000, 0.000000000000000000 ) ) ;
#5635 = AXIS2_PLACEMENT_3D ( 'NONE', #3266, #7095, #3227 ) ;
#5636 = CARTESIAN_POINT ( 'NONE',  ( 63.48971720767524118, -112.3222544509337126, 22.64930167012784779 ) ) ;
#5637 = CARTESIAN_POINT ( 'NONE',  ( 5.101247116753823982E-14, 208.2742191587611558, 94.50000000000000000 ) ) ;
#5638 = CARTESIAN_POINT ( 'NONE',  ( -76.80891268318090681, 115.7695830821628675, 24.96318100789857652 ) ) ;
#5639 = ORIENTED_EDGE ( 'NONE', *, *, #839, .T. ) ;
#5640 = ORIENTED_EDGE ( 'NONE', *, *, #5181, .F. ) ;
#5641 = AXIS2_PLACEMENT_3D ( 'NONE', #69, #1144, #2427 ) ;
#5642 =( BOUNDED_SURFACE ( )  B_SPLINE_SURFACE ( 3, 3, ( 
 ( #3292, #5038, #6383, #5637 ),
 ( #3257, #2041, #1523, #2122 ),
 ( #3973, #5721, #3934, #2687 ),
 ( #284, #1967, #173, #3812 ),
 ( #6924, #6960, #4588, #4555 ),
 ( #756, #1484, #7004, #2615 ),
 ( #1368, #5801, #3332, #4434 ),
 ( #129, #3896, #3218, #6421 ),
 ( #2574, #7082, #1405, #5153 ),
 ( #5684, #7572, #3856, #2088 ),
 ( #208, #2649, #7652, #4514 ),
 ( #7044, #7289, #7201, #1604 ),
 ( #5229, #5878, #2884, #2239 ),
 ( #7246, #1567, #1686, #406 ),
 ( #2326, #6507, #7774, #5349 ),
 ( #7813, #996, #1079, #3453 ),
 ( #5964, #7892, #7849, #361 ),
 ( #5312, #6468, #2205, #2845 ) ),
 .UNSPECIFIED., .F., .F., .T. ) 
 B_SPLINE_SURFACE_WITH_KNOTS ( ( 4, 2, 2, 2, 2, 2, 2, 2, 4 ),
 ( 4, 4 ),
 ( 0.000000000000000000, 0.1250000000000000000, 0.2500000000000000000, 0.3750000000000000000, 0.5000000000000000000, 0.6250000000000000000, 0.7500000000000000000, 0.8750000000000000000, 1.000000000000000000 ),
 ( 0.000000000000000000, 1.000000000000000000 ),
 .UNSPECIFIED. ) 
 GEOMETRIC_REPRESENTATION_ITEM ( )  RATIONAL_B_SPLINE_SURFACE ( (
 ( 1.000000000000000000, 0.3333333333333334259, 0.3333333333333334259, 1.000000000000000000),
 ( 1.000000000000000000, 0.3333333333333334259, 0.3333333333333334259, 1.000000000000000000),
 ( 1.000000000000000000, 0.3333333333333334259, 0.3333333333333334259, 1.000000000000000000),
 ( 1.000000000000000000, 0.3333333333333334259, 0.3333333333333334259, 1.000000000000000000),
 ( 1.000000000000000000, 0.3333333333333334259, 0.3333333333333334259, 1.000000000000000000),
 ( 1.000000000000000000, 0.3333333333333334259, 0.3333333333333334259, 1.000000000000000000),
 ( 1.000000000000000000, 0.3333333333333334259, 0.3333333333333334259, 1.000000000000000000),
 ( 1.000000000000000000, 0.3333333333333334259, 0.3333333333333334259, 1.000000000000000000),
 ( 1.000000000000000000, 0.3333333333333334259, 0.3333333333333334259, 1.000000000000000000),
 ( 1.000000000000000000, 0.3333333333333334259, 0.3333333333333334259, 1.000000000000000000),
 ( 1.000000000000000000, 0.3333333333333334259, 0.3333333333333334259, 1.000000000000000000),
 ( 1.000000000000000000, 0.3333333333333334259, 0.3333333333333334259, 1.000000000000000000),
 ( 1.000000000000000000, 0.3333333333333334259, 0.3333333333333334259, 1.000000000000000000),
 ( 1.000000000000000000, 0.3333333333333334259, 0.3333333333333334259, 1.000000000000000000),
 ( 1.000000000000000000, 0.3333333333333334259, 0.3333333333333334259, 1.000000000000000000),
 ( 1.000000000000000000, 0.3333333333333334259, 0.3333333333333334259, 1.000000000000000000),
 ( 1.000000000000000000, 0.3333333333333334259, 0.3333333333333334259, 1.000000000000000000),
 ( 1.000000000000000000, 0.3333333333333334259, 0.3333333333333334259, 1.000000000000000000) ) ) 
 REPRESENTATION_ITEM ( '' )  SURFACE ( )  );
#5643 = ORIENTED_EDGE ( 'NONE', *, *, #3081, .F. ) ;
#5644 = CARTESIAN_POINT ( 'NONE',  ( -76.12916432970915537, 115.8943302815395953, 22.33304913430409755 ) ) ;
#5645 = ORIENTED_EDGE ( 'NONE', *, *, #3015, .F. ) ;
#5646 = CARTESIAN_POINT ( 'NONE',  ( 0.000000000000000000, 293.3910926900519485, 94.50000000000000000 ) ) ;
#5647 = DIRECTION ( 'NONE',  ( -0.000000000000000000, -0.000000000000000000, 1.000000000000000000 ) ) ;
#5648 = AXIS2_PLACEMENT_3D ( 'NONE', #2381, #6067, #4241 ) ;
#5649 = CARTESIAN_POINT ( 'NONE',  ( 0.000000000000000000, 289.3257808412388954, 99.49999999999998579 ) ) ;
#5650 = VERTEX_POINT ( 'NONE', #1951 ) ;
#5651 = DIRECTION ( 'NONE',  ( -1.000000000000000000, 0.000000000000000000, 0.000000000000000000 ) ) ;
#5652 = AXIS2_PLACEMENT_3D ( 'NONE', #4846, #6112, #5491 ) ;
#5653 = VERTEX_POINT ( 'NONE', #7523 ) ;
#5654 = VECTOR ( 'NONE', #5771, 1000.000000000000000 ) ;
#5655 = CARTESIAN_POINT ( 'NONE',  ( 14.80899217409363544, 122.5346184971619437, 21.88160590861840404 ) ) ;
#5656 = DIRECTION ( 'NONE',  ( 0.000000000000000000, 0.000000000000000000, -1.000000000000000000 ) ) ;
#5657 = CARTESIAN_POINT ( 'NONE',  ( 0.000000000000000000, 322.5000000000000000, -65.77070040501132553 ) ) ;
#5658 = PERSON_AND_ORGANIZATION ( #2260, #6755 ) ;
#5659 = AXIS2_PLACEMENT_3D ( 'NONE', #205, #1402, #3371 ) ;
#5660 = AXIS2_PLACEMENT_3D ( 'NONE', #2608, #3368, #1478 ) ;
#5661 = VERTEX_POINT ( 'NONE', #4422 ) ;
#5662 = CARTESIAN_POINT ( 'NONE',  ( -2.348935297277912938E-14, -191.8051228250735676, 99.50000000000000000 ) ) ;
#5663 = EDGE_CURVE ( 'NONE', #4427, #5818, #22, .T. ) ;
#5664 = EDGE_CURVE ( 'NONE', #1919, #3916, #4695, .T. ) ;
#5665 = CARTESIAN_POINT ( 'NONE',  ( 54.35287990626782317, 17.66032122852886133, 14.49999999999999822 ) ) ;
#5666 = CARTESIAN_POINT ( 'NONE',  ( 121.4882239009337610, 53.40812450546613377, 23.51001759028607196 ) ) ;
#5667 = AXIS2_PLACEMENT_3D ( 'NONE', #1683, #6505, #5310 ) ;
#5668 = AXIS2_PLACEMENT_3D ( 'NONE', #3350, #3995, #2739 ) ;
#5669 = CARTESIAN_POINT ( 'NONE',  ( -2.226406733751534787E-14, -181.7999063323111386, 77.29528289382909634 ) ) ;
#5670 = DIRECTION ( 'NONE',  ( -0.000000000000000000, -0.000000000000000000, 1.000000000000000000 ) ) ;
#5671 = CYLINDRICAL_SURFACE ( 'NONE', #2431, 15.00000000000001421 ) ;
#5672 = CARTESIAN_POINT ( 'NONE',  ( -127.1180191690860255, 51.17429795790652491, 21.95230021006724286 ) ) ;
#5673 = EDGE_LOOP ( 'NONE', ( #7456, #7413, #4854, #1208 ) ) ;
#5674 = AXIS2_PLACEMENT_3D ( 'NONE', #1943, #7554, #737 ) ;
#5675 = EDGE_CURVE ( 'NONE', #7516, #6891, #4511, .T. ) ;
#5676 = ORIENTED_EDGE ( 'NONE', *, *, #5664, .T. ) ;
#5677 = EDGE_LOOP ( 'NONE', ( #2232, #5029 ) ) ;
#5678 = CARTESIAN_POINT ( 'NONE',  ( 129.4838081145471733, -49.25075989885303329, 22.30308795627932739 ) ) ;
#5679 = CARTESIAN_POINT ( 'NONE',  ( -14.69522454506677711, -121.9292158159693145, 19.36299596820718705 ) ) ;
#5680 = CARTESIAN_POINT ( 'NONE',  ( -12.34655632323244845, 133.5605866589476136, 23.84166450026204842 ) ) ;
#5681 = CYLINDRICAL_SURFACE ( 'NONE', #3852, 170.0000000000000284 ) ;
#5682 = CIRCLE ( 'NONE', #410, 15.00000000000000000 ) ;
#5683 = CARTESIAN_POINT ( 'NONE',  ( 644.9999999999998863, -322.4999999999999432, -65.77070040501132553 ) ) ;
#5684 = CARTESIAN_POINT ( 'NONE',  ( -2.296452004018117716E-14, -187.5195367037252652, 86.64764840476198060 ) ) ;
#5685 = MECHANICAL_CONTEXT ( 'NONE', #6864, 'mechanical' ) ;
#5686 = AXIS2_PLACEMENT_3D ( 'NONE', #5192, #6506, #7161 ) ;
#5687 = ORIENTED_EDGE ( 'NONE', *, *, #7727, .F. ) ;
#5688 = B_SPLINE_CURVE_WITH_KNOTS ( 'NONE', 3,
 ( #3891, #3848, #1992, #2721, #7602, #3285, #4465, #3212, #5187, #4582, #3966, #864, #6338, #2755, #5678, #789, #5750, #4619, #7116, #1561, #3251, #4507, #6289, #5714, #166, #6998, #4179, #2918 ),
 .UNSPECIFIED., .F., .F.,
 ( 4, 2, 2, 2, 2, 2, 2, 2, 2, 2, 2, 2, 2, 4 ),
 ( 0.01515173351395500585, 0.01668363101612505006, 0.01821552851829509254, 0.01974742602046513501, 0.02127932352263518095, 0.02434311852697528672, 0.02587501602914535348, 0.02740691353131542371, 0.02893881103348549394, 0.03047070853565556070, 0.03353450353999563177, 0.03506640104216568465, 0.03659829854433573754, 0.03966209354867580167 ),
 .UNSPECIFIED. ) ;
#5689 = ORIENTED_EDGE ( 'NONE', *, *, #5873, .T. ) ;
#5690 = CARTESIAN_POINT ( 'NONE',  ( -71.90661619896516754, 116.0492624099106678, 21.83300709429984821 ) ) ;
#5691 = ORIENTED_EDGE ( 'NONE', *, *, #6743, .F. ) ;
#5692 = FACE_OUTER_BOUND ( 'NONE', #297, .T. ) ;
#5693 = CARTESIAN_POINT ( 'NONE',  ( -86.01475325696405605, -92.89257572184993705, 19.66060879702192921 ) ) ;
#5694 = AXIS2_PLACEMENT_3D ( 'NONE', #2751, #946, #5221 ) ;
#5695 = DIRECTION ( 'NONE',  ( 0.000000000000000000, -1.000000000000000000, 0.000000000000000000 ) ) ;
#5696 = ORIENTED_EDGE ( 'NONE', *, *, #6818, .T. ) ;
#5697 = DIRECTION ( 'NONE',  ( 1.224646799147353207E-16, 1.000000000000000000, 0.000000000000000000 ) ) ;
#5698 = CARTESIAN_POINT ( 'NONE',  ( 3.783765040636914280E-14, -308.9678626744722578, -91.31556125657976963 ) ) ;
#5699 = DIRECTION ( 'NONE',  ( 1.000000000000000000, 0.000000000000000000, 0.000000000000000000 ) ) ;
#5700 = CARTESIAN_POINT ( 'NONE',  ( 0.000000000000000000, 175.0999999999999943, 60.27070040501133974 ) ) ;
#5701 = DIRECTION ( 'NONE',  ( 1.000000000000000000, 0.000000000000000000, 0.000000000000000000 ) ) ;
#5702 = DIRECTION ( 'NONE',  ( 0.000000000000000000, 0.000000000000000000, -1.000000000000000000 ) ) ;
#5703 = ORIENTED_EDGE ( 'NONE', *, *, #1395, .T. ) ;
#5704 = EDGE_CURVE ( 'NONE', #2240, #4276, #2055, .T. ) ;
#5705 = CARTESIAN_POINT ( 'NONE',  ( -175.0999999999999943, 2.144356545307015663E-14, 64.27070040501133974 ) ) ;
#5706 = CARTESIAN_POINT ( 'NONE',  ( -88.47315653655859080, -100.1927010187158089, 21.16542843423991371 ) ) ;
#5707 = CARTESIAN_POINT ( 'NONE',  ( 59.76538494188134365, 107.2452142453918498, 21.86299596820718705 ) ) ;
#5708 = CARTESIAN_POINT ( 'NONE',  ( -48.00287990626808465, 17.66032122852809394, 17.00000000000000000 ) ) ;
#5709 = EDGE_CURVE ( 'NONE', #5521, #1959, #3083, .T. ) ;
#5710 = LINE ( 'NONE', #4981, #783 ) ;
#5711 = ORIENTED_EDGE ( 'NONE', *, *, #3734, .T. ) ;
#5712 = ORIENTED_EDGE ( 'NONE', *, *, #1185, .T. ) ;
#5713 = VERTEX_POINT ( 'NONE', #114 ) ;
#5714 = CARTESIAN_POINT ( 'NONE',  ( 121.9985998769996058, -53.30857785568125706, 21.04257490647833961 ) ) ;
#5715 = DIRECTION ( 'NONE',  ( -0.000000000000000000, -0.000000000000000000, 1.000000000000000000 ) ) ;
#5716 = CARTESIAN_POINT ( 'NONE',  ( -15.00000000000000355, 125.0000000000000000, 22.09155500234105673 ) ) ;
#5717 = CARTESIAN_POINT ( 'NONE',  ( -119.8881304610663676, -23.66090128115054014, 19.36299596820718349 ) ) ;
#5718 = ADVANCED_FACE ( 'NONE', ( #2556 ), #7382, .F. ) ;
#5719 = ADVANCED_FACE ( 'NONE', ( #1435 ), #2066, .T. ) ;
#5720 = CARTESIAN_POINT ( 'NONE',  ( 130.0301136709637433, -28.58632534377926859, 21.04223257659243629 ) ) ;
#5721 = CARTESIAN_POINT ( 'NONE',  ( 409.3282518059239692, -204.6641259029621267, 94.36274905517981892 ) ) ;
#5722 = VERTEX_POINT ( 'NONE', #7559 ) ;
#5723 = ORIENTED_EDGE ( 'NONE', *, *, #4133, .T. ) ;
#5724 = ORIENTED_EDGE ( 'NONE', *, *, #4841, .F. ) ;
#5725 = CARTESIAN_POINT ( 'NONE',  ( -2.550623558376911991E-14, -208.2742191587611558, 94.50000000000000000 ) ) ;
#5726 = VERTEX_POINT ( 'NONE', #1987 ) ;
#5727 = CARTESIAN_POINT ( 'NONE',  ( 82.86904699180470857, -112.8411568642601992, 22.64558259218393843 ) ) ;
#5728 = CARTESIAN_POINT ( 'NONE',  ( 0.000000000000000000, 122.2006631523987323, 21.86299596820718349 ) ) ;
#5729 = EDGE_CURVE ( 'NONE', #7654, #4739, #150, .T. ) ;
#5730 = CARTESIAN_POINT ( 'NONE',  ( 14.65710448143376787, -128.1889321442034770, 22.64930167012784423 ) ) ;
#5731 = VERTEX_POINT ( 'NONE', #231 ) ;
#5732 = CARTESIAN_POINT ( 'NONE',  ( 14.51664885225353707, -128.7771558215628431, 20.21482714528789870 ) ) ;
#5733 = ORIENTED_EDGE ( 'NONE', *, *, #3538, .F. ) ;
#5734 = CARTESIAN_POINT ( 'NONE',  ( -3.715816643953662146E-14, -289.3257808412388954, 94.49999999999998579 ) ) ;
#5735 = DIRECTION ( 'NONE',  ( -1.000000000000000000, 0.000000000000000000, 0.000000000000000000 ) ) ;
#5736 = CARTESIAN_POINT ( 'NONE',  ( 0.000000000000000000, 322.5000000000000000, -83.74324804101253505 ) ) ;
#5737 = APPROVAL_STATUS ( 'not_yet_approved' ) ;
#5738 = CARTESIAN_POINT ( 'NONE',  ( 0.000000000000000000, 317.4999999999998863, -68.03790535064513278 ) ) ;
#5739 = CARTESIAN_POINT ( 'NONE',  ( 2.245184594106244153E-14, -183.3332349922793298, -80.88990889983972465 ) ) ;
#5740 = ORIENTED_EDGE ( 'NONE', *, *, #1518, .T. ) ;
#5741 = CARTESIAN_POINT ( 'NONE',  ( 149.5999999999999659, 0.000000000000000000, 39.70852257852028089 ) ) ;
#5742 = CARTESIAN_POINT ( 'NONE',  ( -2.345142589116668513E-14, -191.4954247011830830, 89.88689247745783462 ) ) ;
#5743 = DIRECTION ( 'NONE',  ( 1.000000000000000000, 0.000000000000000000, 0.000000000000000000 ) ) ;
#5744 = CARTESIAN_POINT ( 'NONE',  ( -133.8820645368943190, 38.62712429686809656, 22.49219463776504213 ) ) ;
#5745 = EDGE_CURVE ( 'NONE', #7787, #83, #6608, .T. ) ;
#5746 = ORIENTED_EDGE ( 'NONE', *, *, #1197, .F. ) ;
#5747 = ORIENTED_EDGE ( 'NONE', *, *, #4680, .T. ) ;
#5748 = VECTOR ( 'NONE', #2472, 1000.000000000000000 ) ;
#5749 = VERTEX_POINT ( 'NONE', #3242 ) ;
#5750 = CARTESIAN_POINT ( 'NONE',  ( 128.3514097034111785, -50.27144168998442098, 22.14220147378478742 ) ) ;
#5751 = CARTESIAN_POINT ( 'NONE',  ( -15.00000000000000533, -124.3844383298705196, 19.50389279446607915 ) ) ;
#5752 = CARTESIAN_POINT ( 'NONE',  ( -162.5999999999999943, 1.991275695413596096E-14, 35.77057939344513215 ) ) ;
#5753 = FACE_OUTER_BOUND ( 'NONE', #4985, .T. ) ;
#5754 = CARTESIAN_POINT ( 'NONE',  ( 3.949485927250214208E-14, -322.5000000000000000, -65.77070040501132553 ) ) ;
#5755 = CIRCLE ( 'NONE', #1500, 129.0241567926366031 ) ;
#5756 = CARTESIAN_POINT ( 'NONE',  ( -118.8820645368940490, -38.62712429686894922, 21.86299596820718349 ) ) ;
#5757 = ORIENTED_EDGE ( 'NONE', *, *, #4986, .T. ) ;
#5758 = VERTEX_POINT ( 'NONE', #6405 ) ;
#5759 = EDGE_CURVE ( 'NONE', #5910, #2255, #1712, .T. ) ;
#5760 = EDGE_LOOP ( 'NONE', ( #6629, #1688, #956, #1298 ) ) ;
#5761 = ADVANCED_FACE ( 'NONE', ( #271 ), #659, .T. ) ;
#5762 = CARTESIAN_POINT ( 'NONE',  ( -412.9368412519974640, -206.4684206259987320, 94.49999999999997158 ) ) ;
#5763 = CIRCLE ( 'NONE', #2667, 122.2006631523987323 ) ;
#5764 = DIRECTION ( 'NONE',  ( 1.000000000000000000, 0.000000000000000000, 0.000000000000000000 ) ) ;
#5765 = DIRECTION ( 'NONE',  ( 1.000000000000000000, 0.000000000000000000, 0.000000000000000000 ) ) ;
#5766 = CARTESIAN_POINT ( 'NONE',  ( 3.773216894661273514E-14, -308.1065411911690717, -91.70875513312377336 ) ) ;
#5767 = AXIS2_PLACEMENT_3D ( 'NONE', #5827, #3241, #7638 ) ;
#5768 = CARTESIAN_POINT ( 'NONE',  ( 0.000000000000000000, 323.3901367678553811, 99.49999999999998579 ) ) ;
#5769 = VERTEX_POINT ( 'NONE', #3400 ) ;
#5770 = EDGE_CURVE ( 'NONE', #1645, #6785, #4735, .T. ) ;
#5771 = DIRECTION ( 'NONE',  ( 0.000000000000000000, -0.000000000000000000, 1.000000000000000000 ) ) ;
#5772 = AXIS2_PLACEMENT_3D ( 'NONE', #6197, #2547, #4970 ) ;
#5773 = CARTESIAN_POINT ( 'NONE',  ( 116.8231593504979031, -53.49589886671125072, 22.52430912305790756 ) ) ;
#5774 = DIRECTION ( 'NONE',  ( -1.000000000000000000, 0.000000000000000000, 0.000000000000000000 ) ) ;
#5775 = SHAPE_DEFINITION_REPRESENTATION ( #1056, #6118 ) ;
#5776 = AXIS2_PLACEMENT_3D ( 'NONE', #3798, #6945, #3957 ) ;
#5777 = CARTESIAN_POINT ( 'NONE',  ( 0.000000000000000000, 289.3257808412388954, -94.49999999999998579 ) ) ;
#5778 = CARTESIAN_POINT ( 'NONE',  ( 133.6655064979453016, -36.00439796684146643, 24.84586582876347194 ) ) ;
#5779 = VECTOR ( 'NONE', #3904, 1000.000000000000000 ) ;
#5780 = ADVANCED_FACE ( 'NONE', ( #2831 ), #1983, .F. ) ;
#5781 = ORIENTED_EDGE ( 'NONE', *, *, #3538, .T. ) ;
#5782 = CARTESIAN_POINT ( 'NONE',  ( 0.000000000000000000, -125.0000000000000000, 21.86299596820718349 ) ) ;
#5783 = CARTESIAN_POINT ( 'NONE',  ( -622.3145988662517993, -311.1572994331258997, 90.05439378584783583 ) ) ;
#5784 = CARTESIAN_POINT ( 'NONE',  ( -132.3198483554333222, 31.93275300346457612, 21.73886526237116001 ) ) ;
#5785 = CARTESIAN_POINT ( 'NONE',  ( 60.87490861775785334, 109.2891943601040623, 21.99774917719137690 ) ) ;
#5786 = TOROIDAL_SURFACE ( 'NONE', #3719, 168.6000000000000227, 6.500000000000000000 ) ;
#5787 = CIRCLE ( 'NONE', #5913, 162.6000000000000227 ) ;
#5788 = CARTESIAN_POINT ( 'NONE',  ( 0.000000000000000000, 0.000000000000000000, -38.22929959498813446 ) ) ;
#5789 = ORIENTED_EDGE ( 'NONE', *, *, #7877, .F. ) ;
#5790 = VERTEX_POINT ( 'NONE', #4086 ) ;
#5791 = CIRCLE ( 'NONE', #3208, 166.5999999999999943 ) ;
#5792 = CIRCLE ( 'NONE', #6723, 15.00000000000000000 ) ;
#5793 = ORIENTED_EDGE ( 'NONE', *, *, #4968, .F. ) ;
#5794 = FACE_OUTER_BOUND ( 'NONE', #5474, .T. ) ;
#5795 = CARTESIAN_POINT ( 'NONE',  ( -350.1999999999999886, 175.0999999999999375, -89.50634777422295940 ) ) ;
#5796 = CARTESIAN_POINT ( 'NONE',  ( 0.000000000000000000, 0.000000000000000000, 56.27070040501133974 ) ) ;
#5797 = CARTESIAN_POINT ( 'NONE',  ( 118.8820645368945605, -38.62712429686728655, 14.49999999999999822 ) ) ;
#5798 = AXIS2_PLACEMENT_3D ( 'NONE', #3157, #6329, #4542 ) ;
#5799 = DIRECTION ( 'NONE',  ( -1.000000000000000000, 0.000000000000000000, 0.000000000000000000 ) ) ;
#5800 = AXIS2_PLACEMENT_3D ( 'NONE', #5465, #1273, #5017 ) ;
#5801 = CARTESIAN_POINT ( 'NONE',  ( 388.9746013897345733, -194.4873006948674288, 91.56960896611400358 ) ) ;
#5802 = ORIENTED_EDGE ( 'NONE', *, *, #4569, .F. ) ;
#5803 = CARTESIAN_POINT ( 'NONE',  ( 0.000000000000000000, 204.6641259029620414, 94.36274905517983314 ) ) ;
#5804 = CIRCLE ( 'NONE', #7907, 122.2006631523987323 ) ;
#5805 = ORIENTED_EDGE ( 'NONE', *, *, #182, .F. ) ;
#5806 = CARTESIAN_POINT ( 'NONE',  ( 360.6700645039173310, 180.3350322519586655, -70.87866810663062722 ) ) ;
#5807 = EDGE_CURVE ( 'NONE', #4455, #1599, #2450, .T. ) ;
#5808 = CARTESIAN_POINT ( 'NONE',  ( -402.2593809215250644, 201.1296904607624469, -93.80705434439103385 ) ) ;
#5809 = CARTESIAN_POINT ( 'NONE',  ( -168.5999999999999943, 0.000000000000000000, 57.77070040501133974 ) ) ;
#5810 = EDGE_CURVE ( 'NONE', #680, #2793, #7772, .T. ) ;
#5811 = EDGE_CURVE ( 'NONE', #7203, #7280, #3432, .T. ) ;
#5812 = CARTESIAN_POINT ( 'NONE',  ( 58.47315653656003320, -101.1271242968677768, 21.86299596820718349 ) ) ;
#5813 = AXIS2_PLACEMENT_3D ( 'NONE', #2453, #7492, #4953 ) ;
#5814 = ORIENTED_EDGE ( 'NONE', *, *, #5759, .F. ) ;
#5815 = CARTESIAN_POINT ( 'NONE',  ( -122.3923551802102025, 23.98944717124647497, 19.43649511879898739 ) ) ;
#5816 = ORIENTED_EDGE ( 'NONE', *, *, #3687, .T. ) ;
#5817 = CARTESIAN_POINT ( 'NONE',  ( -14.79803723791098768, 127.5345186991612110, 19.95163807745670681 ) ) ;
#5818 = VERTEX_POINT ( 'NONE', #3525 ) ;
#5819 = CIRCLE ( 'NONE', #3626, 4.000000000000003553 ) ;
#5820 = CARTESIAN_POINT ( 'NONE',  ( -14.51664885225353885, -128.7771558215628431, 20.21482714528789870 ) ) ;
#5821 = LINE ( 'NONE', #2182, #5423 ) ;
#5822 = ADVANCED_FACE ( 'NONE', ( #2191 ), #1550, .T. ) ;
#5823 = CARTESIAN_POINT ( 'NONE',  ( 133.8820645368945748, -38.29554975373615378, 25.03801492208443236 ) ) ;
#5824 = CARTESIAN_POINT ( 'NONE',  ( 123.0029188354701830, -53.05933703324223671, 23.80183770733690807 ) ) ;
#5825 = CARTESIAN_POINT ( 'NONE',  ( 122.5048700326670854, 53.19233332856905605, 23.70743701897742639 ) ) ;
#5826 = CARTESIAN_POINT ( 'NONE',  ( 0.000000000000000000, 308.1065411911690717, 91.70875513312377336 ) ) ;
#5827 = CARTESIAN_POINT ( 'NONE',  ( 118.8820645368945605, -38.62712429686728655, 21.86299596820718349 ) ) ;
#5828 = CARTESIAN_POINT ( 'NONE',  ( 113.1394060099092655, 52.49879305606830826, 19.45506678694951930 ) ) ;
#5829 = AXIS2_PLACEMENT_3D ( 'NONE', #2860, #6983, #6557 ) ;
#5830 = EDGE_CURVE ( 'NONE', #4427, #3177, #6333, .T. ) ;
#5831 = DIRECTION ( 'NONE',  ( 0.000000000000000000, 0.000000000000000000, -1.000000000000000000 ) ) ;
#5832 = ORIENTED_EDGE ( 'NONE', *, *, #6174, .T. ) ;
#5833 = EDGE_LOOP ( 'NONE', ( #3223, #7805, #3514, #1173, #3324 ) ) ;
#5834 = ORIENTED_EDGE ( 'NONE', *, *, #7665, .T. ) ;
#5835 = CARTESIAN_POINT ( 'NONE',  ( 0.000000000000000000, 0.000000000000000000, 19.36299596820719060 ) ) ;
#5836 = CARTESIAN_POINT ( 'NONE',  ( -175.0999999999999943, 2.144356545307015663E-14, 65.77070040501132553 ) ) ;
#5837 = DIRECTION ( 'NONE',  ( 0.000000000000000000, 0.000000000000000000, -1.000000000000000000 ) ) ;
#5838 = CARTESIAN_POINT ( 'NONE',  ( -128.0882817560341209, -50.48125169003355239, 24.67020259102439539 ) ) ;
#5839 = CARTESIAN_POINT ( 'NONE',  ( 7.776828747454011562E-14, 317.5131292087049815, 70.21990042098286722 ) ) ;
#5840 = CARTESIAN_POINT ( 'NONE',  ( -3.543218914180317879E-14, -289.3257808412388954, 99.49999999999998579 ) ) ;
#5841 = ORIENTED_EDGE ( 'NONE', *, *, #3931, .T. ) ;
#5842 = ORIENTED_EDGE ( 'NONE', *, *, #2364, .F. ) ;
#5843 = CARTESIAN_POINT ( 'NONE',  ( -382.9908494023660523, -191.4954247011830262, 89.88689247745783462 ) ) ;
#5844 = ORIENTED_EDGE ( 'NONE', *, *, #925, .T. ) ;
#5845 = CARTESIAN_POINT ( 'NONE',  ( 380.1892178384301815, 190.0946089192151192, -88.90489066047071276 ) ) ;
#5846 = CARTESIAN_POINT ( 'NONE',  ( 71.90661619896603440, -116.0492624099100993, 21.83300709429983755 ) ) ;
#5847 = CARTESIAN_POINT ( 'NONE',  ( -3.859743278093466056E-14, -315.1719565821565538, 85.51580406433575376 ) ) ;
#5848 = CARTESIAN_POINT ( 'NONE',  ( 622.3145988662517993, -311.1572994331258997, -90.05439378584783583 ) ) ;
#5849 = CARTESIAN_POINT ( 'NONE',  ( 4.631666506718542742, -139.2735091981939490, 25.06110316108559388 ) ) ;
#5850 = ORIENTED_EDGE ( 'NONE', *, *, #7684, .T. ) ;
#5851 = EDGE_CURVE ( 'NONE', #7938, #3027, #3354, .T. ) ;
#5852 = DIRECTION ( 'NONE',  ( -1.000000000000000000, 0.000000000000000000, 0.000000000000000000 ) ) ;
#5853 = ORIENTED_EDGE ( 'NONE', *, *, #5830, .F. ) ;
#5854 = CYLINDRICAL_SURFACE ( 'NONE', #5408, 175.1000000000000227 ) ;
#5855 = B_SPLINE_CURVE_WITH_KNOTS ( 'NONE', 3,
 ( #3409, #3450, #3495, #2201, #5962, #2921, #356, #7810, #4143, #7199, #5388, #2237, #6588, #2758, #2796, #7847, #7320, #7962, #7933, #5503, #3648, #2362, #561, #5546, #4903, #4299, #1871, #4218, #4338, #3034, #78, #4980, #1156, #2396, #41, #1275, #2439, #6124 ),
 .UNSPECIFIED., .F., .F.,
 ( 4, 2, 2, 2, 2, 2, 2, 2, 2, 2, 2, 2, 2, 2, 2, 2, 2, 2, 4 ),
 ( 9.134320353360775447E-07, 0.004326455173505495445, 0.005407840608873057571, 0.006489226044240619697, 0.008651996914975781244, 0.009733382350343386738, 0.01081476778571099223, 0.01297753865644619801, 0.01514030952718140380, 0.01622169496254900756, 0.01730308039791661132, 0.01946585126865179802, 0.02162862213938698472, 0.02379139301012217142, 0.02487277844548977865, 0.02595416388085738935, 0.03027970562232790847, 0.03244247649306315068, 0.03460524736379839289 ),
 .UNSPECIFIED. ) ;
#5856 = CARTESIAN_POINT ( 'NONE',  ( 0.000000000000000000, 181.1852796634682363, -75.30398140309957000 ) ) ;
#5857 =( BOUNDED_SURFACE ( )  B_SPLINE_SURFACE ( 3, 3, ( 
 ( #4396, #3134, #2978, #6800 ),
 ( #7943, #90, #6889, #1334 ),
 ( #4834, #3012, #1766, #4230 ),
 ( #3630, #571, #4471, #5193 ) ),
 .UNSPECIFIED., .F., .F., .F. ) 
 B_SPLINE_SURFACE_WITH_KNOTS ( ( 4, 4 ),
 ( 4, 4 ),
 ( 0.000000000000000000, 1.000000000000000000 ),
 ( 0.000000000000000000, 1.000000000000000000 ),
 .UNSPECIFIED. ) 
 GEOMETRIC_REPRESENTATION_ITEM ( )  RATIONAL_B_SPLINE_SURFACE ( (
 ( 1.000000000000000000, 0.3333333333333334259, 0.3333333333333334259, 1.000000000000000000),
 ( 1.000000000000000000, 0.3333333333333334259, 0.3333333333333334259, 1.000000000000000000),
 ( 1.000000000000000000, 0.3333333333333334259, 0.3333333333333334259, 1.000000000000000000),
 ( 1.000000000000000000, 0.3333333333333334259, 0.3333333333333334259, 1.000000000000000000) ) ) 
 REPRESENTATION_ITEM ( '' )  SURFACE ( )  );
#5858 = DIRECTION ( 'NONE',  ( -0.000000000000000000, -0.000000000000000000, 1.000000000000000000 ) ) ;
#5859 = CARTESIAN_POINT ( 'NONE',  ( 2.401268333048516338E-14, -196.0784394913188748, -92.26983495602148366 ) ) ;
#5860 = EDGE_CURVE ( 'NONE', #6193, #5790, #2323, .T. ) ;
#5861 = CARTESIAN_POINT ( 'NONE',  ( 122.9705490051979666, 53.06808111718981991, 21.22843497229512266 ) ) ;
#5862 = ADVANCED_FACE ( 'NONE', ( #2230 ), #2804, .F. ) ;
#5863 = DIRECTION ( 'NONE',  ( 0.000000000000000000, 0.000000000000000000, -1.000000000000000000 ) ) ;
#5864 = CARTESIAN_POINT ( 'NONE',  ( -628.2854158553739126, 314.1427079276870131, 87.18980760446915212 ) ) ;
#5865 = CARTESIAN_POINT ( 'NONE',  ( 0.000000000000000000, 0.000000000000000000, 35.77057939344513215 ) ) ;
#5866 = CARTESIAN_POINT ( 'NONE',  ( 7.086437828360635759E-14, 289.3257808412388954, 99.49999999999998579 ) ) ;
#5867 = B_SPLINE_CURVE_WITH_KNOTS ( 'NONE', 3,
 ( #1717, #6538, #5344, #2360, #7844, #2794, #1680, #4140 ),
 .UNSPECIFIED., .F., .F.,
 ( 4, 2, 2, 4 ),
 ( 9.262285649672504095E-07, 0.003778768922288245832, 0.005667690269149881603, 0.007556611616011517374 ),
 .UNSPECIFIED. ) ;
#5868 = CARTESIAN_POINT ( 'NONE',  ( 0.000000000000000000, 0.000000000000000000, 99.49999999999995737 ) ) ;
#5869 = VERTEX_POINT ( 'NONE', #2955 ) ;
#5870 = CARTESIAN_POINT ( 'NONE',  ( -133.7713390477839823, 40.72743109857908195, 25.17321931899079601 ) ) ;
#5871 = VERTEX_POINT ( 'NONE', #7922 ) ;
#5872 = ORIENTED_EDGE ( 'NONE', *, *, #1469, .F. ) ;
#5873 = EDGE_CURVE ( 'NONE', #3040, #3978, #6871, .T. ) ;
#5874 = DIRECTION ( 'NONE',  ( -0.000000000000000000, -0.000000000000000000, 1.000000000000000000 ) ) ;
#5875 = DIRECTION ( 'NONE',  ( 1.000000000000000000, 0.000000000000000000, 0.000000000000000000 ) ) ;
#5876 = CARTESIAN_POINT ( 'NONE',  ( -125.4365675133622915, -52.15953624824172863, 24.24280980393427143 ) ) ;
#5877 = CARTESIAN_POINT ( 'NONE',  ( 634.9999999999996589, -317.4999999999999432, 68.03790535064513278 ) ) ;
#5878 = CARTESIAN_POINT ( 'NONE',  ( 366.6664699845586028, -183.3332349922793867, 80.88990889983972465 ) ) ;
#5879 = ORIENTED_EDGE ( 'NONE', *, *, #6896, .F. ) ;
#5880 = ORIENTED_EDGE ( 'NONE', *, *, #4666, .F. ) ;
#5881 = EDGE_CURVE ( 'NONE', #3210, #5567, #6995, .T. ) ;
#5882 = ORIENTED_EDGE ( 'NONE', *, *, #4860, .F. ) ;
#5883 = DIRECTION ( 'NONE',  ( 1.000000000000000000, 0.000000000000000000, 0.000000000000000000 ) ) ;
#5884 = CARTESIAN_POINT ( 'NONE',  ( 362.3705593269363590, -181.1852796634681795, -75.30398140309957000 ) ) ;
#5885 = CARTESIAN_POINT ( 'NONE',  ( 2.256434429911785567E-14, -184.2518537984015552, -82.49406996101798484 ) ) ;
#5886 = CIRCLE ( 'NONE', #2010, 322.5000000000000000 ) ;
#5887 = CARTESIAN_POINT ( 'NONE',  ( -3.802444697280735182E-14, -310.4931723929009877, 90.48823014889568128 ) ) ;
#5888 = CARTESIAN_POINT ( 'NONE',  ( 633.2678027596570018, 316.6339013798285009, -81.46200492995686204 ) ) ;
#5889 = CARTESIAN_POINT ( 'NONE',  ( -10.74089794134916787, -135.5043942736691633, 24.26186191732790576 ) ) ;
#5890 = EDGE_LOOP ( 'NONE', ( #5205, #6783, #6168, #255 ) ) ;
#5891 = CARTESIAN_POINT ( 'NONE',  ( 0.000000000000000000, 191.4954247011830830, 89.88689247745783462 ) ) ;
#5892 = TOROIDAL_SURFACE ( 'NONE', #1124, 158.5999999999999943, 4.000000000000000000 ) ;
#5893 = ORIENTED_EDGE ( 'NONE', *, *, #6719, .T. ) ;
#5894 = CARTESIAN_POINT ( 'NONE',  ( 0.000000000000000000, -125.0000000000000000, 14.49999999999999822 ) ) ;
#5895 = EDGE_LOOP ( 'NONE', ( #6869, #210, #970, #3814 ) ) ;
#5896 = DIRECTION ( 'NONE',  ( -0.8660254037844397068, 1.060575238724908147E-16, 0.4999999999999979461 ) ) ;
#5897 = FACE_OUTER_BOUND ( 'NONE', #5760, .T. ) ;
#5898 = CIRCLE ( 'NONE', #2414, 175.0999999999999943 ) ;
#5899 =( BOUNDED_SURFACE ( )  B_SPLINE_SURFACE ( 3, 3, ( 
 ( #2395, #3033, #6827, #674 ),
 ( #1356, #2438, #4856, #6874 ),
 ( #3765, #4259, #5020, #6749 ),
 ( #4902, #5622, #2555, #1950 ),
 ( #3799, #7357, #1196, #5179 ),
 ( #4044, #1022, #388, #6448 ),
 ( #5216, #2713, #2144, #7229 ),
 ( #2829, #3397, #2870, #3437 ),
 ( #7708, #1552, #4128, #6494 ),
 ( #4005, #5902, #4083, #1668 ),
 ( #852, #2228, #342, #4574 ),
 ( #7064, #5864, #1504, #4611 ),
 ( #5255, #2781, #3958, #2747 ),
 ( #2266, #5299, #5337, #3316 ),
 ( #7800, #7677, #7754, #6571 ),
 ( #307, #7836, #5783, #2189 ),
 ( #268, #4731, #2109, #4692 ),
 ( #902, #3360, #979, #3483 ),
 ( #5826, #7105, #5948, #6530 ),
 ( #940, #4654, #1593, #7149 ),
 ( #7186, #1627, #430, #3564 ),
 ( #3704, #5044, #96, #4170 ),
 ( #5646, #6263, #7920, #1255 ),
 ( #1342, #1066, #2538, #6030 ) ),
 .UNSPECIFIED., .F., .F., .T. ) 
 B_SPLINE_SURFACE_WITH_KNOTS ( ( 4, 2, 2, 2, 2, 2, 2, 2, 2, 2, 2, 4 ),
 ( 4, 4 ),
 ( 0.000000000000000000, 0.1250000000000009159, 0.2500000000000018319, 0.3750000000000027756, 0.4375000000000025535, 0.5000000000000023315, 0.5625000000000021094, 0.6250000000000018874, 0.6875000000000016653, 0.7500000000000014433, 0.8750000000000007772, 1.000000000000000000 ),
 ( 0.000000000000000000, 1.000000000000000000 ),
 .UNSPECIFIED. ) 
 GEOMETRIC_REPRESENTATION_ITEM ( )  RATIONAL_B_SPLINE_SURFACE ( (
 ( 1.000000000000000000, 0.3333333333333334259, 0.3333333333333334259, 1.000000000000000000),
 ( 1.000000000000000000, 0.3333333333333334259, 0.3333333333333334259, 1.000000000000000000),
 ( 1.000000000000000000, 0.3333333333333334259, 0.3333333333333334259, 1.000000000000000000),
 ( 1.000000000000000000, 0.3333333333333334259, 0.3333333333333334259, 1.000000000000000000),
 ( 1.000000000000000000, 0.3333333333333334259, 0.3333333333333334259, 1.000000000000000000),
 ( 1.000000000000000000, 0.3333333333333334259, 0.3333333333333334259, 1.000000000000000000),
 ( 1.000000000000000000, 0.3333333333333334259, 0.3333333333333334259, 1.000000000000000000),
 ( 1.000000000000000000, 0.3333333333333334259, 0.3333333333333334259, 1.000000000000000000),
 ( 1.000000000000000000, 0.3333333333333334259, 0.3333333333333334259, 1.000000000000000000),
 ( 1.000000000000000000, 0.3333333333333334259, 0.3333333333333334259, 1.000000000000000000),
 ( 1.000000000000000000, 0.3333333333333334259, 0.3333333333333334259, 1.000000000000000000),
 ( 1.000000000000000000, 0.3333333333333334259, 0.3333333333333334259, 1.000000000000000000),
 ( 1.000000000000000000, 0.3333333333333334259, 0.3333333333333334259, 1.000000000000000000),
 ( 1.000000000000000000, 0.3333333333333334259, 0.3333333333333334259, 1.000000000000000000),
 ( 1.000000000000000000, 0.3333333333333334259, 0.3333333333333334259, 1.000000000000000000),
 ( 1.000000000000000000, 0.3333333333333334259, 0.3333333333333334259, 1.000000000000000000),
 ( 1.000000000000000000, 0.3333333333333334259, 0.3333333333333334259, 1.000000000000000000),
 ( 1.000000000000000000, 0.3333333333333334259, 0.3333333333333334259, 1.000000000000000000),
 ( 1.000000000000000000, 0.3333333333333334259, 0.3333333333333334259, 1.000000000000000000),
 ( 1.000000000000000000, 0.3333333333333334259, 0.3333333333333334259, 1.000000000000000000),
 ( 1.000000000000000000, 0.3333333333333334259, 0.3333333333333334259, 1.000000000000000000),
 ( 1.000000000000000000, 0.3333333333333334259, 0.3333333333333334259, 1.000000000000000000),
 ( 1.000000000000000000, 0.3333333333333334259, 0.3333333333333334259, 1.000000000000000000),
 ( 1.000000000000000000, 0.3333333333333334259, 0.3333333333333334259, 1.000000000000000000) ) ) 
 REPRESENTATION_ITEM ( '' )  SURFACE ( )  );
#5900 = CARTESIAN_POINT ( 'NONE',  ( 129.8564352059843827, 48.90325391935036237, 22.35522883727436749 ) ) ;
#5901 = DIRECTION ( 'NONE',  ( 1.000000000000000000, 0.000000000000000000, 0.000000000000000000 ) ) ;
#5902 = CARTESIAN_POINT ( 'NONE',  ( -630.3439131643129940, 315.1719565821565538, 85.51580406433575376 ) ) ;
#5903 = CARTESIAN_POINT ( 'NONE',  ( -14.54461539145627036, 121.3320082995440856, 19.36299596820718349 ) ) ;
#5904 = CARTESIAN_POINT ( 'NONE',  ( 111.1650692520225192, 51.49361969543453910, 19.36299596820718705 ) ) ;
#5905 = CARTESIAN_POINT ( 'NONE',  ( 14.95962650208573130, -126.2709311740186422, 19.73654235249533784 ) ) ;
#5906 = AXIS2_PLACEMENT_3D ( 'NONE', #7615, #5605, #5765 ) ;
#5907 = EDGE_CURVE ( 'NONE', #38, #3040, #5804, .T. ) ;
#5908 = VERTEX_POINT ( 'NONE', #5458 ) ;
#5909 = ORIENTED_EDGE ( 'NONE', *, *, #3247, .F. ) ;
#5910 = VERTEX_POINT ( 'NONE', #4778 ) ;
#5911 = CARTESIAN_POINT ( 'NONE',  ( -133.6655064979451311, 36.00439796684229776, 24.84586582876346839 ) ) ;
#5912 = AXIS2_PLACEMENT_3D ( 'NONE', #2308, #5374, #939 ) ;
#5913 = AXIS2_PLACEMENT_3D ( 'NONE', #4446, #2586, #6269 ) ;
#5914 = DIRECTION ( 'NONE',  ( -0.000000000000000000, -1.000000000000000000, -0.000000000000000000 ) ) ;
#5915 = DIRECTION ( 'NONE',  ( -0.000000000000000000, -0.000000000000000000, 1.000000000000000000 ) ) ;
#5916 = CARTESIAN_POINT ( 'NONE',  ( 87.20541043529333081, -95.09179473994014131, 22.64930167012784068 ) ) ;
#5917 = CARTESIAN_POINT ( 'NONE',  ( -80.00000000000000000, 9.797174393178826052E-15, 27.00000000000000000 ) ) ;
#5918 = EDGE_CURVE ( 'NONE', #2536, #184, #7614, .T. ) ;
#5919 = CARTESIAN_POINT ( 'NONE',  ( 0.000000000000000000, 0.000000000000000000, -59.72929959498868158 ) ) ;
#5920 = CONICAL_SURFACE ( 'NONE', #891, 147.5999999999999375, 1.341338301000019273 ) ;
#5921 = CIRCLE ( 'NONE', #142, 180.1000000000000227 ) ;
#5922 = ORIENTED_EDGE ( 'NONE', *, *, #1687, .F. ) ;
#5923 = ORIENTED_EDGE ( 'NONE', *, *, #2353, .F. ) ;
#5924 = CARTESIAN_POINT ( 'NONE',  ( -360.1999999999999886, -180.0999999999999659, 68.44440677895181580 ) ) ;
#5925 = PLANE ( 'NONE',  #2136 ) ;
#5926 = CARTESIAN_POINT ( 'NONE',  ( -84.99359377781365765, -110.7401195045176507, 25.11868326882374447 ) ) ;
#5927 = CARTESIAN_POINT ( 'NONE',  ( -362.3705593269363590, -181.1852796634682647, -75.30398140309957000 ) ) ;
#5928 = AXIS2_PLACEMENT_3D ( 'NONE', #7596, #6369, #1393 ) ;
#5929 = AXIS2_PLACEMENT_3D ( 'NONE', #7195, #5874, #1638 ) ;
#5930 = CARTESIAN_POINT ( 'NONE',  ( -350.1999999999999318, -175.0999999999999659, 65.77070040501132553 ) ) ;
#5931 = CARTESIAN_POINT ( 'NONE',  ( 616.2130823823381434, -308.1065411911690717, -91.70875513312377336 ) ) ;
#5932 = CARTESIAN_POINT ( 'NONE',  ( -88.42253418712046198, 102.5499720226535771, 24.13989366923686930 ) ) ;
#5933 = ADVANCED_FACE ( 'NONE', ( #70, #1427 ), #4369, .F. ) ;
#5934 = CARTESIAN_POINT ( 'NONE',  ( 2.348935297277912938E-14, -191.8051228250735676, -99.50000000000000000 ) ) ;
#5935 = ORIENTED_EDGE ( 'NONE', *, *, #7727, .T. ) ;
#5936 = DIRECTION ( 'NONE',  ( 1.000000000000000000, 0.000000000000000000, 0.000000000000000000 ) ) ;
#5937 = AXIS2_PLACEMENT_3D ( 'NONE', #7058, #7748, #1062 ) ;
#5938 = CARTESIAN_POINT ( 'NONE',  ( -14.54461539145627036, -121.3320082995440856, 19.36299596820718349 ) ) ;
#5939 = ORIENTED_EDGE ( 'NONE', *, *, #2008, .T. ) ;
#5940 = CARTESIAN_POINT ( 'NONE',  ( 11.31506499106273012, -134.8557463593233763, 21.55471045142944675 ) ) ;
#5941 = ORIENTED_EDGE ( 'NONE', *, *, #5088, .T. ) ;
#5942 = LINE ( 'NONE', #498, #7609 ) ;
#5943 = DIRECTION ( 'NONE',  ( -1.000000000000000000, 1.224646799147354193E-16, 0.000000000000000000 ) ) ;
#5944 = AXIS2_PLACEMENT_3D ( 'NONE', #4570, #1544, #6614 ) ;
#5945 = AXIS2_PLACEMENT_3D ( 'NONE', #6419, #6256, #6381 ) ;
#5946 = CARTESIAN_POINT ( 'NONE',  ( -113.7226241293585360, -52.72594493030878482, 19.50991838953603974 ) ) ;
#5947 = CARTESIAN_POINT ( 'NONE',  ( 165.1000000000000227, 0.000000000000000000, 35.77057939344513215 ) ) ;
#5948 = CARTESIAN_POINT ( 'NONE',  ( -616.2130823823381434, -308.1065411911690717, 91.70875513312377336 ) ) ;
#5949 = CARTESIAN_POINT ( 'NONE',  ( 133.8820645368940916, 38.62712429686974502, 22.49219463776508476 ) ) ;
#5950 = DIRECTION ( 'NONE',  ( -0.000000000000000000, -0.000000000000000000, 1.000000000000000000 ) ) ;
#5951 = CIRCLE ( 'NONE', #7012, 9.999999999999994671 ) ;
#5952 = DIRECTION ( 'NONE',  ( 0.000000000000000000, 0.000000000000000000, -1.000000000000000000 ) ) ;
#5953 = EDGE_LOOP ( 'NONE', ( #4707, #2217, #6909, #2885, #5445 ) ) ;
#5954 = CARTESIAN_POINT ( 'NONE',  ( -130.3449194729413421, 48.31616214244999696, 24.98190774940659153 ) ) ;
#5955 = EDGE_CURVE ( 'NONE', #408, #3776, #1038, .T. ) ;
#5956 = ORIENTED_EDGE ( 'NONE', *, *, #1249, .F. ) ;
#5957 = ORIENTED_EDGE ( 'NONE', *, *, #1138, .F. ) ;
#5958 = CARTESIAN_POINT ( 'NONE',  ( -63.48971720767362825, -112.3222544509346505, 22.64930167012784779 ) ) ;
#5959 = CIRCLE ( 'NONE', #4415, 6.350000000000001421 ) ;
#5960 = FACE_OUTER_BOUND ( 'NONE', #3472, .T. ) ;
#5961 = FACE_OUTER_BOUND ( 'NONE', #7124, .T. ) ;
#5962 = CARTESIAN_POINT ( 'NONE',  ( 67.66841228783542306, 114.9630793055036406, 23.67130039857527279 ) ) ;
#5963 = CARTESIAN_POINT ( 'NONE',  ( 631.9686387462807033, 315.9843193731401811, 83.60197795724438663 ) ) ;
#5964 = CARTESIAN_POINT ( 'NONE',  ( -2.205588885264383868E-14, -180.1000000000000512, 68.44440677895181580 ) ) ;
#5965 = VERTEX_POINT ( 'NONE', #6906 ) ;
#5966 = ORIENTED_EDGE ( 'NONE', *, *, #7475, .F. ) ;
#5967 = CARTESIAN_POINT ( 'NONE',  ( 39.94192716851524239, -46.23532122852795112, -3.460512242138308103 ) ) ;
#5968 = CARTESIAN_POINT ( 'NONE',  ( 166.6000000000000227, 0.000000000000000000, -55.72929959498868158 ) ) ;
#5969 = EDGE_CURVE ( 'NONE', #6835, #7787, #5543, .T. ) ;
#5970 = DIRECTION ( 'NONE',  ( -0.000000000000000000, -0.000000000000000000, 1.000000000000000000 ) ) ;
#5971 = EDGE_CURVE ( 'NONE', #419, #3677, #6070, .T. ) ;
#5972 = CARTESIAN_POINT ( 'NONE',  ( -4.655975086961694328E-14, 190.0946089192151192, -88.90489066047071276 ) ) ;
#5973 = CARTESIAN_POINT ( 'NONE',  ( 0.000000000000000000, 0.000000000000000000, 21.86299596820717639 ) ) ;
#5974 = CARTESIAN_POINT ( 'NONE',  ( 3.877646938263457581E-14, -316.6339013798285578, -81.46200492995686204 ) ) ;
#5975 = DIRECTION ( 'NONE',  ( -0.000000000000000000, -0.000000000000000000, 1.000000000000000000 ) ) ;
#5976 = VERTEX_POINT ( 'NONE', #773 ) ;
#5977 = CARTESIAN_POINT ( 'NONE',  ( 0.000000000000000000, 317.5131292087049815, -70.21990042098286722 ) ) ;
#5978 = CARTESIAN_POINT ( 'NONE',  ( 383.6102456501470215, -191.8051228250735107, -99.50000000000001421 ) ) ;
#5979 = ORIENTED_EDGE ( 'NONE', *, *, #1855, .F. ) ;
#5980 = CARTESIAN_POINT ( 'NONE',  ( 6.439950562660902378, -138.5721497924957077, 22.34662433800248849 ) ) ;
#5981 = VERTEX_POINT ( 'NONE', #3234 ) ;
#5982 = ADVANCED_FACE ( 'NONE', ( #3873 ), #3091, .F. ) ;
#5983 = DIRECTION ( 'NONE',  ( -0.000000000000000000, -0.000000000000000000, 1.000000000000000000 ) ) ;
#5984 = CARTESIAN_POINT ( 'NONE',  ( 121.1423322217949732, -23.79502358113826688, 19.38575867420907173 ) ) ;
#5985 = FACE_OUTER_BOUND ( 'NONE', #3049, .T. ) ;
#5986 = CARTESIAN_POINT ( 'NONE',  ( 0.000000000000000000, 0.000000000000000000, -52.77070040501133263 ) ) ;
#5987 = CARTESIAN_POINT ( 'NONE',  ( 322.5000000000000000, 0.000000000000000000, 99.49999999999995737 ) ) ;
#5988 = DIRECTION ( 'NONE',  ( 1.000000000000000000, 0.000000000000000000, 0.000000000000000000 ) ) ;
#5989 = CARTESIAN_POINT ( 'NONE',  ( 0.000000000000000000, 0.000000000000000000, 17.73176671072666366 ) ) ;
#5990 = CARTESIAN_POINT ( 'NONE',  ( 117.9884619973331894, 53.60048312183923969, 20.21482714528789870 ) ) ;
#5991 = EDGE_LOOP ( 'NONE', ( #7843, #7575 ) ) ;
#5992 = CARTESIAN_POINT ( 'NONE',  ( -119.4442481879311941, 53.65162523303563802, 23.09668015863261203 ) ) ;
#5993 = ORIENTED_EDGE ( 'NONE', *, *, #5563, .F. ) ;
#5994 = ORIENTED_EDGE ( 'NONE', *, *, #7427, .T. ) ;
#5995 = CARTESIAN_POINT ( 'NONE',  ( -88.47315653655928713, 101.1271242968683453, 21.32969249565513437 ) ) ;
#5996 = LINE ( 'NONE', #398, #4600 ) ;
#5997 = CARTESIAN_POINT ( 'NONE',  ( 88.03681966448122864, 97.41655208034904945, 20.61406883271498813 ) ) ;
#5998 = CARTESIAN_POINT ( 'NONE',  ( -120.9785186341937617, -53.48878558309432663, 23.40870425772280683 ) ) ;
#5999 = EDGE_CURVE ( 'NONE', #83, #7115, #2828, .T. ) ;
#6000 = DIRECTION ( 'NONE',  ( -1.000000000000000000, 0.000000000000000000, -0.000000000000000000 ) ) ;
#6001 = CARTESIAN_POINT ( 'NONE',  ( -578.6515616824776771, 289.3257808412388954, 99.49999999999998579 ) ) ;
#6002 = ORIENTED_EDGE ( 'NONE', *, *, #7983, .F. ) ;
#6003 = AXIS2_PLACEMENT_3D ( 'NONE', #5665, #1466, #778 ) ;
#6004 = ORIENTED_EDGE ( 'NONE', *, *, #3345, .T. ) ;
#6005 = CARTESIAN_POINT ( 'NONE',  ( -133.8709865339952785, -37.96297959799753130, 25.01425278246252404 ) ) ;
#6006 = DIRECTION ( 'NONE',  ( -1.000000000000000000, 0.000000000000000000, -0.000000000000000000 ) ) ;
#6007 = CARTESIAN_POINT ( 'NONE',  ( -71.79849944553544105, -116.0376891119330764, 24.38469709498844651 ) ) ;
#6008 = CARTESIAN_POINT ( 'NONE',  ( 14.92405422597115461, -123.4607553984062775, 21.93915172446382300 ) ) ;
#6009 = DIRECTION ( 'NONE',  ( 0.000000000000000000, -0.000000000000000000, 1.000000000000000000 ) ) ;
#6010 = ADVANCED_FACE ( 'NONE', ( #7469 ), #4256, .T. ) ;
#6011 = CARTESIAN_POINT ( 'NONE',  ( 0.000000000000000000, 308.1065411911690717, -91.70875513312377336 ) ) ;
#6012 = VECTOR ( 'NONE', #1262, 1000.000000000000000 ) ;
#6013 = DIRECTION ( 'NONE',  ( 1.000000000000000000, 0.000000000000000000, 0.000000000000000000 ) ) ;
#6014 = EDGE_CURVE ( 'NONE', #3228, #2833, #274, .T. ) ;
#6015 = EDGE_LOOP ( 'NONE', ( #5261, #5805, #1421, #4920, #5880, #6157, #3923, #460, #7374, #997, #6084, #277, #7111, #4521, #2460, #5203, #2133, #6562 ) ) ;
#6017 = EDGE_CURVE ( 'NONE', #6499, #4503, #2580, .T. ) ;
#6016 = DIRECTION ( 'NONE',  ( 1.000000000000000000, 0.000000000000000000, 0.000000000000000000 ) ) ;
#6018 = DIRECTION ( 'NONE',  ( -1.000000000000000000, 0.000000000000000000, 0.000000000000000000 ) ) ;
#6019 = ORIENTED_EDGE ( 'NONE', *, *, #2047, .F. ) ;
#6020 = CARTESIAN_POINT ( 'NONE',  ( -14.04187313972508200, -130.3373791461706901, 20.56476157428917162 ) ) ;
#6021 = VERTEX_POINT ( 'NONE', #5054 ) ;
#6022 = CIRCLE ( 'NONE', #2529, 6.499999999999999112 ) ;
#6023 = CARTESIAN_POINT ( 'NONE',  ( 0.000000000000000000, 0.000000000000000000, 9.978718383522322100 ) ) ;
#6024 = CARTESIAN_POINT ( 'NONE',  ( -629.7121051260188551, 314.8560525630092570, -86.09637062918555728 ) ) ;
#6025 = VECTOR ( 'NONE', #4245, 1000.000000000000000 ) ;
#6026 = EDGE_CURVE ( 'NONE', #5160, #3537, #3913, .T. ) ;
#6027 = CARTESIAN_POINT ( 'NONE',  ( 101.4189655574624425, 0.000000000000000000, 19.16641954272702009 ) ) ;
#6028 = CARTESIAN_POINT ( 'NONE',  ( 0.000000000000000000, 0.000000000000000000, -59.72929959498868158 ) ) ;
#6029 = DIRECTION ( 'NONE',  ( 1.000000000000000000, 0.000000000000000000, 0.000000000000000000 ) ) ;
#6030 = CARTESIAN_POINT ( 'NONE',  ( -3.543218914180317879E-14, -289.3257808412388954, 94.49999999999998579 ) ) ;
#6031 = CONICAL_SURFACE ( 'NONE', #868, 158.0999999999996533, 0.7853981633974334020 ) ;
#6032 = CARTESIAN_POINT ( 'NONE',  ( -14.65710448143376787, 128.1889321442034770, 22.64930167012784068 ) ) ;
#6033 = CARTESIAN_POINT ( 'NONE',  ( 88.47315653655780920, 101.1271242968693826, 21.32969249565509529 ) ) ;
#6034 = CARTESIAN_POINT ( 'NONE',  ( 0.000000000000000000, 0.000000000000000000, -55.72929959498868158 ) ) ;
#6035 = ORIENTED_EDGE ( 'NONE', *, *, #3196, .T. ) ;
#6036 = ADVANCED_FACE ( 'NONE', ( #5011 ), #4642, .F. ) ;
#6037 = DIRECTION ( 'NONE',  ( -0.000000000000000000, -0.000000000000000000, 1.000000000000000000 ) ) ;
#6038 = AXIS2_PLACEMENT_3D ( 'NONE', #7789, #4807, #1583 ) ;
#6039 = VERTEX_POINT ( 'NONE', #2666 ) ;
#6040 = CARTESIAN_POINT ( 'NONE',  ( 0.000000000000000000, 180.1000000000000227, -65.77070040501132553 ) ) ;
#6041 = CARTESIAN_POINT ( 'NONE',  ( -83.30856213666963583, 89.79794340102837680, 21.86299596820716928 ) ) ;
#6042 = CARTESIAN_POINT ( 'NONE',  ( -110.8990637958517880, 51.32640377125223097, 21.86299596820718349 ) ) ;
#6043 = CIRCLE ( 'NONE', #7098, 322.5000000000000000 ) ;
#6044 = CARTESIAN_POINT ( 'NONE',  ( 593.7421166591421979, -296.8710583295712127, 94.26337537733880367 ) ) ;
#6045 = CARTESIAN_POINT ( 'NONE',  ( 635.0262584174098492, 317.5131292087049815, -70.21990042098286722 ) ) ;
#6046 = ORIENTED_EDGE ( 'NONE', *, *, #2364, .T. ) ;
#6047 = CIRCLE ( 'NONE', #7623, 180.1000000000000227 ) ;
#6048 = AXIS2_PLACEMENT_3D ( 'NONE', #3301, #248, #1934 ) ;
#6049 = ORIENTED_EDGE ( 'NONE', *, *, #1915, .T. ) ;
#6050 = CARTESIAN_POINT ( 'NONE',  ( -133.6652776103004499, -36.00297855864430829, 24.84572750543187425 ) ) ;
#6051 = DIRECTION ( 'NONE',  ( -0.000000000000000000, -0.000000000000000000, 1.000000000000000000 ) ) ;
#6052 = CARTESIAN_POINT ( 'NONE',  ( 0.000000000000000000, 0.000000000000000000, 57.77070040501133974 ) ) ;
#6053 = CARTESIAN_POINT ( 'NONE',  ( -372.6893232596835333, -186.3446616298418519, -85.37267775845593576 ) ) ;
#6054 = AXIS2_PLACEMENT_3D ( 'NONE', #1793, #4337, #5467 ) ;
#6055 = DIRECTION ( 'NONE',  ( 0.000000000000000000, 0.000000000000000000, -1.000000000000000000 ) ) ;
#6056 = AXIS2_PLACEMENT_3D ( 'NONE', #102, #3756, #5651 ) ;
#6057 = CARTESIAN_POINT ( 'NONE',  ( 0.000000000000000000, 0.000000000000000000, 47.21407607798541761 ) ) ;
#6058 = ORIENTED_EDGE ( 'NONE', *, *, #2114, .F. ) ;
#6059 = FACE_OUTER_BOUND ( 'NONE', #892, .T. ) ;
#6060 = CARTESIAN_POINT ( 'NONE',  ( 0.000000000000000000, 181.1852796634682363, 75.30398140309957000 ) ) ;
#6061 = ORIENTED_EDGE ( 'NONE', *, *, #2613, .T. ) ;
#6062 = EDGE_CURVE ( 'NONE', #492, #101, #5128, .T. ) ;
#6063 = CARTESIAN_POINT ( 'NONE',  ( -6.418317649106172418, -138.5638305507563359, 22.34478643852625268 ) ) ;
#6064 = VECTOR ( 'NONE', #88, 1000.000000000000000 ) ;
#6065 = EDGE_LOOP ( 'NONE', ( #6094, #6994, #6953, #6459 ) ) ;
#6066 = AXIS2_PLACEMENT_3D ( 'NONE', #6349, #4023, #7128 ) ;
#6067 = DIRECTION ( 'NONE',  ( -0.000000000000000000, -0.000000000000000000, 1.000000000000000000 ) ) ;
#6068 = ADVANCED_FACE ( 'NONE', ( #149, #6241 ), #4532, .F. ) ;
#6069 = CARTESIAN_POINT ( 'NONE',  ( -7.719486556186932112E-14, 315.1719565821565538, -85.51580406433575376 ) ) ;
#6070 = CIRCLE ( 'NONE', #907, 15.00000000000000000 ) ;
#6071 = CARTESIAN_POINT ( 'NONE',  ( 120.2016204498877840, -23.68197484092348404, 19.36299596820719060 ) ) ;
#6072 = DIRECTION ( 'NONE',  ( -0.000000000000000000, -0.000000000000000000, 1.000000000000000000 ) ) ;
#6073 = CARTESIAN_POINT ( 'NONE',  ( 0.000000000000000000, 0.000000000000000000, -99.50000000000000000 ) ) ;
#6074 = CIRCLE ( 'NONE', #5040, 175.0999999999999943 ) ;
#6075 = EDGE_CURVE ( 'NONE', #800, #6039, #1935, .T. ) ;
#6076 = CARTESIAN_POINT ( 'NONE',  ( 14.84835774021136778, -122.8499539518748520, 19.39817255921819950 ) ) ;
#6077 = EDGE_CURVE ( 'NONE', #5223, #575, #403, .T. ) ;
#6078 = CARTESIAN_POINT ( 'NONE',  ( 73.47315653656002610, -101.1271242968677768, 19.36299596820718705 ) ) ;
#6079 = DIRECTION ( 'NONE',  ( 1.000000000000000000, 0.000000000000000000, 0.000000000000000000 ) ) ;
#6080 = ORIENTED_EDGE ( 'NONE', *, *, #5999, .T. ) ;
#6081 = AXIS2_PLACEMENT_3D ( 'NONE', #54, #2372, #6842 ) ;
#6082 = CARTESIAN_POINT ( 'NONE',  ( 60.01176889857958230, -107.7701697085434347, 21.87944146747455676 ) ) ;
#6083 = B_SPLINE_CURVE_WITH_KNOTS ( 'NONE', 3,
 ( #3381, #7167, #105, #1940, #733, #5655, #6718, #1649 ),
 .UNSPECIFIED., .F., .F.,
 ( 4, 2, 2, 4 ),
 ( 0.003252377011292853677, 0.004176119685117890210, 0.005099862358942926742, 0.006947347706592998939 ),
 .UNSPECIFIED. ) ;
#6084 = ORIENTED_EDGE ( 'NONE', *, *, #5560, .T. ) ;
#6085 = FACE_BOUND ( 'NONE', #1161, .T. ) ;
#6086 = CARTESIAN_POINT ( 'NONE',  ( -7.523729062218040831, 137.9831642640845359, 22.22234220426125617 ) ) ;
#6087 = EDGE_CURVE ( 'NONE', #6301, #1111, #774, .T. ) ;
#6088 = CARTESIAN_POINT ( 'NONE',  ( -133.8820645368943474, -38.62712429686891369, 22.49219463776510253 ) ) ;
#6089 = VECTOR ( 'NONE', #6144, 1000.000000000000000 ) ;
#6090 = CARTESIAN_POINT ( 'NONE',  ( 631.4724989282810839, -315.7362494641405988, 84.26865681888700976 ) ) ;
#6091 = LINE ( 'NONE', #4301, #7917 ) ;
#6092 = AXIS2_PLACEMENT_3D ( 'NONE', #2958, #5540, #1713 ) ;
#6093 = ORIENTED_EDGE ( 'NONE', *, *, #4437, .F. ) ;
#6094 = ORIENTED_EDGE ( 'NONE', *, *, #4913, .F. ) ;
#6095 = CARTESIAN_POINT ( 'NONE',  ( 0.000000000000000000, 187.5195367037252652, 86.64764840476198060 ) ) ;
#6096 = DIRECTION ( 'NONE',  ( -0.000000000000000000, -0.000000000000000000, 1.000000000000000000 ) ) ;
#6097 = CARTESIAN_POINT ( 'NONE',  ( 73.47315653655780920, 101.1271242968693826, 21.86299596820718349 ) ) ;
#6098 = CIRCLE ( 'NONE', #3376, 180.1000000000000227 ) ;
#6099 = CARTESIAN_POINT ( 'NONE',  ( 0.000000000000000000, 293.3910926900519485, -94.50000000000000000 ) ) ;
#6100 = CARTESIAN_POINT ( 'NONE',  ( -78.20788844133723217, 115.3648814774449818, 25.06697952500407567 ) ) ;
#6101 = VERTEX_POINT ( 'NONE', #3475 ) ;
#6102 =( LENGTH_UNIT ( ) NAMED_UNIT ( * ) SI_UNIT ( .MILLI., .METRE. ) );
#6103 = CARTESIAN_POINT ( 'NONE',  ( -112.9511887464198878, -52.40789473341289550, 21.95114940204450349 ) ) ;
#6104 = ORIENTED_EDGE ( 'NONE', *, *, #362, .T. ) ;
#6105 = CARTESIAN_POINT ( 'NONE',  ( -5.267703911897038793, -139.0507678738989625, 22.44711014313679343 ) ) ;
#6106 = ORIENTED_EDGE ( 'NONE', *, *, #5480, .F. ) ;
#6107 = DIRECTION ( 'NONE',  ( -1.000000000000000000, 0.000000000000000000, 0.000000000000000000 ) ) ;
#6108 = CARTESIAN_POINT ( 'NONE',  ( -7.694277234782475638E-14, 314.1427079276870131, -87.18980760446915212 ) ) ;
#6109 = ADVANCED_FACE ( 'NONE', ( #336, #2102 ), #2822, .T. ) ;
#6110 = LINE ( 'NONE', #6191, #6156 ) ;
#6111 = FACE_OUTER_BOUND ( 'NONE', #7163, .T. ) ;
#6112 = DIRECTION ( 'NONE',  ( -0.000000000000000000, -0.000000000000000000, 1.000000000000000000 ) ) ;
#6113 = CARTESIAN_POINT ( 'NONE',  ( -14.99999999999948841, 124.3883947768245832, 19.50434246070319233 ) ) ;
#6114 = CARTESIAN_POINT ( 'NONE',  ( 4.697870594555825877E-14, 191.8051228250735676, 99.50000000000000000 ) ) ;
#6115 = CARTESIAN_POINT ( 'NONE',  ( 73.47315653655780920, 101.1271242968693826, 14.49999999999999822 ) ) ;
#6116 = ORIENTED_EDGE ( 'NONE', *, *, #3108, .T. ) ;
#6117 = CARTESIAN_POINT ( 'NONE',  ( -132.7861124093377896, 44.27983778622017041, 25.20676038029157340 ) ) ;
#6118 = ADVANCED_BREP_SHAPE_REPRESENTATION ( 'WHEEL 155-80-R13_REV_', ( #648, #6202, #856, #1190 ), #7152 ) ;
#6119 = EDGE_CURVE ( 'NONE', #4503, #6499, #7518, .T. ) ;
#6120 = ADVANCED_FACE ( 'NONE', ( #4604 ), #6877, .F. ) ;
#6121 = ORIENTED_EDGE ( 'NONE', *, *, #7576, .F. ) ;
#6122 = DIRECTION ( 'NONE',  ( 0.000000000000000000, 0.000000000000000000, 1.000000000000000000 ) ) ;
#6123 = CARTESIAN_POINT ( 'NONE',  ( -2.894174880992676169, 139.7239442428202949, 22.58804140404935978 ) ) ;
#6124 = CARTESIAN_POINT ( 'NONE',  ( 88.47315653655793710, 101.1271242968693684, 23.89698163186445257 ) ) ;
#6125 = CARTESIAN_POINT ( 'NONE',  ( 616.2130823823381434, -308.1065411911691285, 91.70875513312377336 ) ) ;
#6126 = CARTESIAN_POINT ( 'NONE',  ( -77.15700183018984148, -115.6851720633353864, 22.42451852042504612 ) ) ;
#6127 = EDGE_CURVE ( 'NONE', #6350, #4051, #1140, .T. ) ;
#6128 = VERTEX_POINT ( 'NONE', #3952 ) ;
#6129 = DIRECTION ( 'NONE',  ( 1.000000000000000000, 0.000000000000000000, 0.000000000000000000 ) ) ;
#6130 = CARTESIAN_POINT ( 'NONE',  ( -63.47282271190797331, -112.3241497218551501, 20.08041211471541487 ) ) ;
#6131 = CARTESIAN_POINT ( 'NONE',  ( -5.848393072772106294, 138.8397216846254025, 24.97013162713819767 ) ) ;
#6132 = DIRECTION ( 'NONE',  ( -0.000000000000000000, -0.000000000000000000, 1.000000000000000000 ) ) ;
#6133 = DIRECTION ( 'NONE',  ( -1.224646799147353207E-16, 1.000000000000000000, 0.000000000000000000 ) ) ;
#6134 = CARTESIAN_POINT ( 'NONE',  ( 27.24192716851524310, -46.23532122852795112, 17.00000000000000000 ) ) ;
#6135 = ORIENTED_EDGE ( 'NONE', *, *, #7591, .F. ) ;
#6136 = DIRECTION ( 'NONE',  ( 1.000000000000000000, 0.000000000000000000, 0.000000000000000000 ) ) ;
#6137 = EDGE_CURVE ( 'NONE', #4407, #2135, #5262, .T. ) ;
#6138 = DIRECTION ( 'NONE',  ( -0.000000000000000000, -0.000000000000000000, 1.000000000000000000 ) ) ;
#6139 = ORIENTED_EDGE ( 'NONE', *, *, #3795, .T. ) ;
#6140 = CARTESIAN_POINT ( 'NONE',  ( 0.000000000000000000, 0.000000000000000000, 99.49999999999995737 ) ) ;
#6141 = ORIENTED_EDGE ( 'NONE', *, *, #5330, .F. ) ;
#6142 = CARTESIAN_POINT ( 'NONE',  ( 60.02497995148235077, 107.8927472299000243, 19.36299596820718705 ) ) ;
#6143 = CARTESIAN_POINT ( 'NONE',  ( 3.888253587292846634E-14, -317.5000000000000000, -65.77070040501132553 ) ) ;
#6144 = DIRECTION ( 'NONE',  ( -0.000000000000000000, -0.000000000000000000, 1.000000000000000000 ) ) ;
#6145 = CARTESIAN_POINT ( 'NONE',  ( 59.66843015220474200, -107.0033705195821341, 19.36299596820719060 ) ) ;
#6146 = ORIENTED_EDGE ( 'NONE', *, *, #4177, .F. ) ;
#6147 = CARTESIAN_POINT ( 'NONE',  ( 88.29698826543757662, -98.78832223626166353, 20.89315114152568853 ) ) ;
#6148 = DIRECTION ( 'NONE',  ( 1.000000000000000000, 0.000000000000000000, 0.000000000000000000 ) ) ;
#6149 = DIRECTION ( 'NONE',  ( 1.000000000000000000, 0.000000000000000000, 0.000000000000000000 ) ) ;
#6150 = DIRECTION ( 'NONE',  ( 1.000000000000000000, 0.000000000000000000, 0.000000000000000000 ) ) ;
#6151 = CARTESIAN_POINT ( 'NONE',  ( 72.24379414401199995, 116.0808323551808598, 21.88081177390042598 ) ) ;
#6152 = CIRCLE ( 'NONE', #2139, 100.8503410874426152 ) ;
#6153 = CARTESIAN_POINT ( 'NONE',  ( 129.5927812626564446, 0.000000000000000000, 20.21482714528789870 ) ) ;
#6154 = ORIENTED_EDGE ( 'NONE', *, *, #2457, .T. ) ;
#6155 = CARTESIAN_POINT ( 'NONE',  ( -2.378106221820647298E-14, -180.1000000000000227, 65.77070040501132553 ) ) ;
#6156 = VECTOR ( 'NONE', #2541, 1000.000000000000000 ) ;
#6157 = ORIENTED_EDGE ( 'NONE', *, *, #734, .T. ) ;
#6158 = DIRECTION ( 'NONE',  ( -1.000000000000000000, 0.000000000000000000, 0.000000000000000000 ) ) ;
#6159 = CARTESIAN_POINT ( 'NONE',  ( 3.287377352574377465, 139.6586767318384261, 22.57441250680529166 ) ) ;
#6160 = CARTESIAN_POINT ( 'NONE',  ( 0.000000000000000000, 0.000000000000000000, 65.77070040501132553 ) ) ;
#6161 = CARTESIAN_POINT ( 'NONE',  ( -120.4653084327524795, -23.69970058869034801, 21.86299596820717639 ) ) ;
#6162 = ADVANCED_FACE ( 'NONE', ( #3393, #6442 ), #2259, .T. ) ;
#6163 = ADVANCED_FACE ( 'NONE', ( #5897 ), #2070, .F. ) ;
#6164 = CARTESIAN_POINT ( 'NONE',  ( -3.859743278093466056E-14, -315.1719565821565538, 85.51580406433575376 ) ) ;
#6165 = CIRCLE ( 'NONE', #6958, 101.4189655574624425 ) ;
#6166 = CARTESIAN_POINT ( 'NONE',  ( 3.949485927250214208E-14, -322.5000000000000000, -83.74324804101253505 ) ) ;
#6167 = VERTEX_POINT ( 'NONE', #3997 ) ;
#6168 = ORIENTED_EDGE ( 'NONE', *, *, #7181, .F. ) ;
#6169 = CARTESIAN_POINT ( 'NONE',  ( -127.5674687806512253, -26.32853060763155995, 22.93689045039095831 ) ) ;
#6170 = CIRCLE ( 'NONE', #5259, 122.2006631523987323 ) ;
#6171 = DIRECTION ( 'NONE',  ( -0.000000000000000000, -0.000000000000000000, 1.000000000000000000 ) ) ;
#6172 = FACE_BOUND ( 'NONE', #5486, .T. ) ;
#6173 = CARTESIAN_POINT ( 'NONE',  ( 0.000000000000000000, 317.3374506010286495, 76.28597499736081033 ) ) ;
#6174 = EDGE_CURVE ( 'NONE', #2024, #5075, #6488, .T. ) ;
#6175 = CARTESIAN_POINT ( 'NONE',  ( 76.80891268318177367, -115.7695830821622707, 24.96318100789857652 ) ) ;
#6176 = DIRECTION ( 'NONE',  ( -0.000000000000000000, -0.000000000000000000, 1.000000000000000000 ) ) ;
#6177 = CIRCLE ( 'NONE', #5800, 103.1248389675219101 ) ;
#6178 = AXIS2_PLACEMENT_3D ( 'NONE', #63, #7306, #4884 ) ;
#6179 = VERTEX_POINT ( 'NONE', #7795 ) ;
#6180 = CARTESIAN_POINT ( 'NONE',  ( -133.8820645368940916, -37.99423834486189833, 22.45121641718584726 ) ) ;
#6181 = CARTESIAN_POINT ( 'NONE',  ( 14.83748325984180383, 127.5441009372259629, 19.93702735022719708 ) ) ;
#6182 = ORIENTED_EDGE ( 'NONE', *, *, #5355, .T. ) ;
#6183 = CARTESIAN_POINT ( 'NONE',  ( -84.66773648744357672, 91.13811325181238487, 19.43580925023871586 ) ) ;
#6184 = ORIENTED_EDGE ( 'NONE', *, *, #859, .F. ) ;
#6185 = LINE ( 'NONE', #5987, #3339 ) ;
#6186 = CIRCLE ( 'NONE', #4499, 6.350000000000001421 ) ;
#6187 = AXIS2_PLACEMENT_3D ( 'NONE', #4486, #7550, #3711 ) ;
#6188 = CARTESIAN_POINT ( 'NONE',  ( 133.8272838413510328, 37.30451673681972835, 24.96279748984204261 ) ) ;
#6189 = CARTESIAN_POINT ( 'NONE',  ( -622.3145988662517993, -311.1572994331260134, -90.05439378584783583 ) ) ;
#6190 = CIRCLE ( 'NONE', #2697, 6.349999999999997868 ) ;
#6191 = CARTESIAN_POINT ( 'NONE',  ( -48.00287990626808465, 17.66032122852809394, -3.460512242138308103 ) ) ;
#6192 = VECTOR ( 'NONE', #7038, 1000.000000000000000 ) ;
#6193 = VERTEX_POINT ( 'NONE', #1662 ) ;
#6194 = CARTESIAN_POINT ( 'NONE',  ( -33.59192716851458016, -46.23532122852843429, 17.00000000000000000 ) ) ;
#6195 = CARTESIAN_POINT ( 'NONE',  ( 3.859743278093466056E-14, -315.1719565821565538, -85.51580406433575376 ) ) ;
#6196 = CARTESIAN_POINT ( 'NONE',  ( 0.000000000000000000, 0.000000000000000000, 14.82762737580027590 ) ) ;
#6197 = CARTESIAN_POINT ( 'NONE',  ( 168.5999999999999943, 2.064754503362437501E-14, 64.27070040501133974 ) ) ;
#6198 = CARTESIAN_POINT ( 'NONE',  ( 88.27762587697669971, 103.5665445104279598, 21.73103031739341162 ) ) ;
#6199 = AXIS2_PLACEMENT_3D ( 'NONE', #867, #6380, #5634 ) ;
#6200 = AXIS2_PLACEMENT_3D ( 'NONE', #7960, #7998, #6245 ) ;
#6201 = PERSON_AND_ORGANIZATION_ROLE ( 'design_owner' ) ;
#6202 = MANIFOLD_SOLID_BREP ( 'CirPattern2', #3160 ) ;
#6203 = CARTESIAN_POINT ( 'NONE',  ( -61.87395400825970171, 110.7078532292835433, 22.19904504115742228 ) ) ;
#6204 = VERTEX_POINT ( 'NONE', #5174 ) ;
#6205 = CYLINDRICAL_SURFACE ( 'NONE', #1957, 15.00000000000001421 ) ;
#6206 = AXIS2_PLACEMENT_3D ( 'NONE', #5700, #2510, #702 ) ;
#6207 = ORIENTED_EDGE ( 'NONE', *, *, #2898, .T. ) ;
#6208 = FACE_BOUND ( 'NONE', #7352, .T. ) ;
#6209 = CARTESIAN_POINT ( 'NONE',  ( 13.36688729061846104, 131.8186519112887822, 20.89257338566074296 ) ) ;
#6210 = CARTESIAN_POINT ( 'NONE',  ( -132.4309402819415880, -45.08385898597067154, 22.62083196236575944 ) ) ;
#6211 = DIRECTION ( 'NONE',  ( -0.000000000000000000, -0.000000000000000000, 1.000000000000000000 ) ) ;
#6212 = CARTESIAN_POINT ( 'NONE',  ( -133.0225510357422252, 43.65815768154197229, 22.64630104042264236 ) ) ;
#6213 = EDGE_CURVE ( 'NONE', #7339, #6374, #5821, .T. ) ;
#6214 = CARTESIAN_POINT ( 'NONE',  ( 3.960386958685788698E-14, -323.3901367678553811, -99.49999999999998579 ) ) ;
#6215 = VERTEX_POINT ( 'NONE', #4648 ) ;
#6216 = ORIENTED_EDGE ( 'NONE', *, *, #2563, .T. ) ;
#6217 = DIRECTION ( 'NONE',  ( 0.000000000000000000, 0.000000000000000000, -1.000000000000000000 ) ) ;
#6218 = CIRCLE ( 'NONE', #4405, 208.2742191587611558 ) ;
#6219 = CARTESIAN_POINT ( 'NONE',  ( -87.93788899861563380, 97.02436917733822952, 23.09790407482874386 ) ) ;
#6220 = CARTESIAN_POINT ( 'NONE',  ( 0.000000000000000000, 80.00000000000000000, 17.00000000000000000 ) ) ;
#6221 = CARTESIAN_POINT ( 'NONE',  ( 0.000000000000000000, 289.3257808412388954, 94.49999999999998579 ) ) ;
#6222 = CARTESIAN_POINT ( 'NONE',  ( 88.27075899859950425, -103.6086678332399202, 24.30476553884778568 ) ) ;
#6223 = CARTESIAN_POINT ( 'NONE',  ( 0.000000000000000000, 0.000000000000000000, 19.36299596820719060 ) ) ;
#6224 = ORIENTED_EDGE ( 'NONE', *, *, #3298, .T. ) ;
#6225 = CARTESIAN_POINT ( 'NONE',  ( 0.000000000000000000, 0.000000000000000000, -59.72929959498868158 ) ) ;
#6226 = EDGE_CURVE ( 'NONE', #5160, #408, #4261, .T. ) ;
#6227 = VERTEX_POINT ( 'NONE', #303 ) ;
#6228 = EDGE_CURVE ( 'NONE', #314, #762, #7670, .T. ) ;
#6229 = CARTESIAN_POINT ( 'NONE',  ( -85.46966904096704809, 92.11692324829232348, 19.54614950086157776 ) ) ;
#6230 = VERTEX_POINT ( 'NONE', #2741 ) ;
#6231 = LOCAL_TIME ( 14, 52, 25.00000000000000000, #3832 ) ;
#6232 = CARTESIAN_POINT ( 'NONE',  ( 85.76605329604429073, -109.7301749522309393, 22.47538344076239269 ) ) ;
#6233 = DIRECTION ( 'NONE',  ( 0.000000000000000000, 0.000000000000000000, -1.000000000000000000 ) ) ;
#6234 = DIRECTION ( 'NONE',  ( 1.000000000000000000, 0.000000000000000000, 0.000000000000000000 ) ) ;
#6235 = ORIENTED_EDGE ( 'NONE', *, *, #7122, .T. ) ;
#6236 = EDGE_CURVE ( 'NONE', #101, #6581, #537, .T. ) ;
#6237 = FACE_OUTER_BOUND ( 'NONE', #7249, .T. ) ;
#6238 = DIRECTION ( 'NONE',  ( -0.000000000000000000, -0.000000000000000000, 1.000000000000000000 ) ) ;
#6239 = CARTESIAN_POINT ( 'NONE',  ( 0.000000000000000000, 208.2742191587611558, -94.50000000000000000 ) ) ;
#6240 = CARTESIAN_POINT ( 'NONE',  ( 103.8820645368945605, -38.62712429686728655, 21.86299596820718349 ) ) ;
#6241 = FACE_OUTER_BOUND ( 'NONE', #6996, .T. ) ;
#6242 = ORIENTED_EDGE ( 'NONE', *, *, #6236, .T. ) ;
#6243 = FACE_OUTER_BOUND ( 'NONE', #1747, .T. ) ;
#6244 = EDGE_LOOP ( 'NONE', ( #1537, #4475, #2328, #7578 ) ) ;
#6245 = DIRECTION ( 'NONE',  ( 1.000000000000000000, 0.000000000000000000, 0.000000000000000000 ) ) ;
#6246 = CARTESIAN_POINT ( 'NONE',  ( -5.686359184085460150, 138.9052636302565986, 22.41660363604973227 ) ) ;
#6247 = DIRECTION ( 'NONE',  ( -0.000000000000000000, -0.000000000000000000, 1.000000000000000000 ) ) ;
#6248 = CARTESIAN_POINT ( 'NONE',  ( 122.7545079998883324, -24.13268456875195511, 22.00240902692937439 ) ) ;
#6249 = CARTESIAN_POINT ( 'NONE',  ( 0.000000000000000000, 317.3374506010286495, -76.28597499736081033 ) ) ;
#6250 = ORIENTED_EDGE ( 'NONE', *, *, #7182, .F. ) ;
#6251 = VERTEX_POINT ( 'NONE', #7871 ) ;
#6252 = CARTESIAN_POINT ( 'NONE',  ( -3.749077678574159666E-14, -289.3257808412388954, 99.49999999999998579 ) ) ;
#6253 = CARTESIAN_POINT ( 'NONE',  ( -87.20541043529262026, 95.09179473994079501, 22.64930167012784423 ) ) ;
#6254 = CARTESIAN_POINT ( 'NONE',  ( -11.84585874987947030, 134.2402851943798225, 23.98916742785687717 ) ) ;
#6255 = CARTESIAN_POINT ( 'NONE',  ( 0.000000000000000000, 302.7664859034306346, 93.41442136824588260 ) ) ;
#6256 = DIRECTION ( 'NONE',  ( 0.000000000000000000, 0.000000000000000000, -1.000000000000000000 ) ) ;
#6257 = CARTESIAN_POINT ( 'NONE',  ( 0.000000000000000000, 57.14999999999999858, -3.460512242138308103 ) ) ;
#6258 = ORIENTED_EDGE ( 'NONE', *, *, #1773, .T. ) ;
#6259 = ORIENTED_EDGE ( 'NONE', *, *, #1442, .F. ) ;
#6260 = ORIENTED_EDGE ( 'NONE', *, *, #6479, .T. ) ;
#6261 = CYLINDRICAL_SURFACE ( 'NONE', #3340, 175.0999999999999943 ) ;
#6262 = EDGE_LOOP ( 'NONE', ( #6182, #7191, #5365, #4397, #3745 ) ) ;
#6263 = CARTESIAN_POINT ( 'NONE',  ( -586.7821853801036696, 293.3910926900518916, 94.50000000000000000 ) ) ;
#6264 = DIRECTION ( 'NONE',  ( 1.000000000000000000, 0.000000000000000000, 0.000000000000000000 ) ) ;
#6265 = B_SPLINE_CURVE_WITH_KNOTS ( 'NONE', 3,
 ( #5135, #155, #193, #7593, #5666, #5825, #7062, #1433, #5058, #7557, #3918, #3836, #3881, #1985, #4420, #6403, #1948, #4456, #7635, #1391, #6325, #779, #818, #3481, #978 ),
 .UNSPECIFIED., .F., .F.,
 ( 4, 2, 2, 2, 2, 2, 1, 2, 2, 2, 2, 2, 4 ),
 ( 9.134320353628639029E-07, 0.003144815626944834613, 0.004716766724399572286, 0.006288717821854309525, 0.009432620016763784004, 0.01100457111421855767, 0.01257652221167333134, 0.01414847330912810154, 0.01572042440658287868, 0.01886432660149237397, 0.02043627769894712162, 0.02200822879640186927, 0.02515213099131138538 ),
 .UNSPECIFIED. ) ;
#6266 = EDGE_CURVE ( 'NONE', #3948, #5496, #3059, .T. ) ;
#6267 = ADVANCED_FACE ( 'NONE', ( #3665 ), #7547, .T. ) ;
#6268 = ORIENTED_EDGE ( 'NONE', *, *, #3247, .T. ) ;
#6269 = DIRECTION ( 'NONE',  ( 1.000000000000000000, 0.000000000000000000, 0.000000000000000000 ) ) ;
#6270 = DIRECTION ( 'NONE',  ( 1.000000000000000000, 0.000000000000000000, 0.000000000000000000 ) ) ;
#6271 = CARTESIAN_POINT ( 'NONE',  ( 368.5037075968030535, -184.2518537984014984, -82.49406996101799905 ) ) ;
#6272 = DIRECTION ( 'NONE',  ( -0.000000000000000000, -0.000000000000000000, 1.000000000000000000 ) ) ;
#6273 = CARTESIAN_POINT ( 'NONE',  ( 73.47315653655780920, 101.1271242968693826, 19.36299596820718705 ) ) ;
#6274 = EDGE_CURVE ( 'NONE', #7405, #4212, #2964, .T. ) ;
#6275 = VERTEX_POINT ( 'NONE', #3385 ) ;
#6276 = CARTESIAN_POINT ( 'NONE',  ( -54.35287990626808607, 17.66032122852809394, 14.49999999999999822 ) ) ;
#6277 = ORIENTED_EDGE ( 'NONE', *, *, #6361, .F. ) ;
#6278 = CARTESIAN_POINT ( 'NONE',  ( 0.000000000000000000, 0.000000000000000000, 56.27070040501133974 ) ) ;
#6279 = CIRCLE ( 'NONE', #5621, 9.999999999999994671 ) ;
#6280 = CARTESIAN_POINT ( 'NONE',  ( 1.652666802388433887, 139.9144971277826812, 22.62782403936273212 ) ) ;
#6281 = CARTESIAN_POINT ( 'NONE',  ( 0.000000000000000000, 0.000000000000000000, 65.77070040501132553 ) ) ;
#6282 = DIRECTION ( 'NONE',  ( -0.000000000000000000, -0.000000000000000000, 1.000000000000000000 ) ) ;
#6283 = ADVANCED_FACE ( 'NONE', ( #7697 ), #777, .T. ) ;
#6284 = CARTESIAN_POINT ( 'NONE',  ( -131.7226009967751281, 46.44825559885038047, 22.56824620922963121 ) ) ;
#6285 = VERTEX_POINT ( 'NONE', #5812 ) ;
#6286 = CIRCLE ( 'NONE', #7344, 15.00000000000000000 ) ;
#6287 = VERTEX_POINT ( 'NONE', #1267 ) ;
#6288 = ORIENTED_EDGE ( 'NONE', *, *, #1914, .F. ) ;
#6289 = CARTESIAN_POINT ( 'NONE',  ( 122.9843785053198104, -53.06419086976213606, 21.23104033118333689 ) ) ;
#6290 = CARTESIAN_POINT ( 'NONE',  ( 0.000000000000000000, 0.000000000000000000, 22.64930167012783713 ) ) ;
#6291 = DIRECTION ( 'NONE',  ( 0.000000000000000000, 0.000000000000000000, -1.000000000000000000 ) ) ;
#6292 = FACE_OUTER_BOUND ( 'NONE', #1849, .T. ) ;
#6293 = AXIS2_PLACEMENT_3D ( 'NONE', #2413, #7497, #7414 ) ;
#6294 = CARTESIAN_POINT ( 'NONE',  ( 644.9999999999998863, 322.5000000000000000, -65.77070040501132553 ) ) ;
#6295 = DIRECTION ( 'NONE',  ( 1.000000000000000000, 0.000000000000000000, 0.000000000000000000 ) ) ;
#6296 = ORIENTED_EDGE ( 'NONE', *, *, #6933, .F. ) ;
#6297 = ORIENTED_EDGE ( 'NONE', *, *, #1565, .F. ) ;
#6298 = VECTOR ( 'NONE', #5656, 1000.000000000000000 ) ;
#6299 = ORIENTED_EDGE ( 'NONE', *, *, #583, .F. ) ;
#6300 = CARTESIAN_POINT ( 'NONE',  ( -75.08217261280705657, 116.0572973444358240, 22.23112356978451487 ) ) ;
#6301 = VERTEX_POINT ( 'NONE', #3265 ) ;
#6302 = CARTESIAN_POINT ( 'NONE',  ( -33.59192716851458016, -46.23532122852843429, 17.00000000000000000 ) ) ;
#6303 = CARTESIAN_POINT ( 'NONE',  ( -87.21311362456826544, -95.07804656289265210, 20.08081817127977331 ) ) ;
#6304 = CIRCLE ( 'NONE', #7746, 147.5999999999999375 ) ;
#6305 = EDGE_CURVE ( 'NONE', #4954, #4032, #4416, .T. ) ;
#6306 = CARTESIAN_POINT ( 'NONE',  ( 116.2448172348911157, 53.43791264950215236, 22.39578843522658858 ) ) ;
#6307 = ORIENTED_EDGE ( 'NONE', *, *, #5770, .T. ) ;
#6308 = FACE_OUTER_BOUND ( 'NONE', #2366, .T. ) ;
#6309 = AXIS2_PLACEMENT_3D ( 'NONE', #7835, #4169, #4730 ) ;
#6310 = AXIS2_PLACEMENT_3D ( 'NONE', #2028, #3885, #3921 ) ;
#6311 = CC_DESIGN_PERSON_AND_ORGANIZATION_ASSIGNMENT ( #5658, #5091, ( #7796 ) ) ;
#6312 = CARTESIAN_POINT ( 'NONE',  ( 3.842272632720390632E-14, -313.7453701259441345, -87.70311822632901055 ) ) ;
#6313 = EDGE_CURVE ( 'NONE', #1733, #654, #7129, .T. ) ;
#6314 = CARTESIAN_POINT ( 'NONE',  ( 122.7499323072913455, 24.12263732502020730, 21.99749150601867598 ) ) ;
#6315 = DIRECTION ( 'NONE',  ( -1.000000000000000000, 0.000000000000000000, 0.000000000000000000 ) ) ;
#6316 = DATE_AND_TIME ( #7515, #2856 ) ;
#6317 = VECTOR ( 'NONE', #280, 1000.000000000000000 ) ;
#6318 = TOROIDAL_SURFACE ( 'NONE', #2052, 122.2006631523987323, 30.00000000000000711 ) ;
#6319 = DIRECTION ( 'NONE',  ( -0.000000000000000000, -0.000000000000000000, 1.000000000000000000 ) ) ;
#6320 = DIRECTION ( 'NONE',  ( -1.000000000000000000, 0.000000000000000000, 0.000000000000000000 ) ) ;
#6321 = B_SPLINE_CURVE_WITH_KNOTS ( 'NONE', 3,
 ( #5482, #6180, #2936, #1734, #5562, #2494, #573, #2412, #6684, #4197, #4836, #1129, #1768, #6848, #1209, #16, #3014, #1887 ),
 .UNSPECIFIED., .F., .F.,
 ( 4, 2, 2, 2, 2, 2, 2, 2, 4 ),
 ( 0.02453810323755808986, 0.02642860202644779083, 0.02831910081533748832, 0.03020959960422718582, 0.03210009839311688679, 0.03399059718200658775, 0.03493584657645146252, 0.03588109597089633729, 0.03966209354867589881 ),
 .UNSPECIFIED. ) ;
#6322 = ADVANCED_FACE ( 'NONE', ( #7174 ), #3226, .F. ) ;
#6323 = CARTESIAN_POINT ( 'NONE',  ( 132.7861124093380738, -44.27983778621933908, 25.20676038029156274 ) ) ;
#6324 = EDGE_CURVE ( 'NONE', #3554, #4618, #2336, .T. ) ;
#6325 = CARTESIAN_POINT ( 'NONE',  ( 133.3058168687561817, 42.77894681397996379, 25.21311275387520823 ) ) ;
#6326 = AXIS2_PLACEMENT_3D ( 'NONE', #4951, #4269, #11 ) ;
#6327 = VECTOR ( 'NONE', #5620, 1000.000000000000000 ) ;
#6328 = PLANE ( 'NONE',  #2540 ) ;
#6329 = DIRECTION ( 'NONE',  ( -0.000000000000000000, -0.000000000000000000, 1.000000000000000000 ) ) ;
#6330 = CYLINDRICAL_SURFACE ( 'NONE', #1019, 175.1000000000000227 ) ;
#6331 = CARTESIAN_POINT ( 'NONE',  ( 0.000000000000000000, 0.000000000000000000, 22.64930167012783713 ) ) ;
#6332 = ORIENTED_EDGE ( 'NONE', *, *, #4481, .T. ) ;
#6333 = CIRCLE ( 'NONE', #7642, 172.6000000000000227 ) ;
#6334 = ORIENTED_EDGE ( 'NONE', *, *, #7461, .T. ) ;
#6335 = B_SPLINE_CURVE_WITH_KNOTS ( 'NONE', 3,
 ( #305, #7227, #6527, #1591, #2711, #5861, #7147, #2868, #2744, #4042, #2779, #2186, #976, #5900, #7834, #7674, #6569, #4609, #5214, #2264, #385, #7706, #2826, #5297, #1502, #1666 ),
 .UNSPECIFIED., .F., .F.,
 ( 4, 2, 2, 2, 2, 2, 2, 2, 2, 2, 2, 2, 4 ),
 ( 9.257435878882226955E-07, 0.003068072930334138967, 0.004601646523707264222, 0.006135220117080389911, 0.009202367303826635217, 0.01073594089719979300, 0.01226951449057295078, 0.01533666167731928195, 0.01687023527069242065, 0.01840380886406556629, 0.01993738245743870499, 0.02147095605081184716, 0.02453810323755813497 ),
 .UNSPECIFIED. ) ;
#6336 = EDGE_LOOP ( 'NONE', ( #6511, #2392, #2124, #5604, #3193 ) ) ;
#6337 = ADVANCED_FACE ( 'NONE', ( #2216 ), #4001, .T. ) ;
#6338 = CARTESIAN_POINT ( 'NONE',  ( 130.5152965216104803, -48.11036923289493217, 22.43528470824580978 ) ) ;
#6339 = CARTESIAN_POINT ( 'NONE',  ( -85.12390337379585503, -91.67487123073478017, 22.00213261640084994 ) ) ;
#6340 = DIRECTION ( 'NONE',  ( -1.000000000000000000, 0.000000000000000000, 0.000000000000000000 ) ) ;
#6341 = CARTESIAN_POINT ( 'NONE',  ( -120.5162756779711515, -23.70312673091806488, 19.36299596820718349 ) ) ;
#6342 = CIRCLE ( 'NONE', #5547, 6.349999999999999645 ) ;
#6343 = CARTESIAN_POINT ( 'NONE',  ( 0.000000000000000000, 0.000000000000000000, 21.86299596820717639 ) ) ;
#6344 = FACE_OUTER_BOUND ( 'NONE', #6411, .T. ) ;
#6345 = ORIENTED_EDGE ( 'NONE', *, *, #52, .T. ) ;
#6346 = CIRCLE ( 'NONE', #5945, 149.5999999999999659 ) ;
#6347 = ORIENTED_EDGE ( 'NONE', *, *, #4040, .F. ) ;
#6348 = ORIENTED_EDGE ( 'NONE', *, *, #1779, .T. ) ;
#6349 = CARTESIAN_POINT ( 'NONE',  ( -118.8820645368943332, 38.62712429686809656, 14.49999999999999822 ) ) ;
#6350 = VERTEX_POINT ( 'NONE', #1091 ) ;
#6351 = CARTESIAN_POINT ( 'NONE',  ( -416.5484383175221978, -208.2742191587611842, -94.50000000000000000 ) ) ;
#6352 = CARTESIAN_POINT ( 'NONE',  ( 63.94909740123627984, 112.7155796549789528, 20.21482714528789870 ) ) ;
#6353 = CIRCLE ( 'NONE', #2846, 175.1000000000000227 ) ;
#6354 = CARTESIAN_POINT ( 'NONE',  ( -586.7821853801036696, -293.3910926900520053, -94.50000000000000000 ) ) ;
#6355 = CARTESIAN_POINT ( 'NONE',  ( 117.3856248595691767, 53.55229325042365929, 22.64930167012784423 ) ) ;
#6356 = VERTEX_POINT ( 'NONE', #964 ) ;
#6357 = CARTESIAN_POINT ( 'NONE',  ( -155.5999999999993406, 1.905550419473273604E-14, -37.60797925142819764 ) ) ;
#6358 = LOCAL_TIME ( 14, 52, 25.00000000000000000, #3912 ) ;
#6359 = ORIENTED_EDGE ( 'NONE', *, *, #2736, .T. ) ;
#6360 = DIRECTION ( 'NONE',  ( -0.000000000000000000, -0.000000000000000000, 1.000000000000000000 ) ) ;
#6361 = EDGE_CURVE ( 'NONE', #1487, #6747, #2330, .T. ) ;
#6362 = DIRECTION ( 'NONE',  ( -0.000000000000000000, -0.000000000000000000, 1.000000000000000000 ) ) ;
#6363 = LINE ( 'NONE', #3515, #5182 ) ;
#6364 = CARTESIAN_POINT ( 'NONE',  ( 126.4442136057544701, -25.67282379624814581, 22.64930167012784068 ) ) ;
#6365 = FACE_OUTER_BOUND ( 'NONE', #4938, .T. ) ;
#6366 = DIRECTION ( 'NONE',  ( -1.000000000000000000, 0.000000000000000000, 0.000000000000000000 ) ) ;
#6367 = CARTESIAN_POINT ( 'NONE',  ( -130.8299822704227040, 29.55267255833942741, 21.27367481845085351 ) ) ;
#6368 = EDGE_CURVE ( 'NONE', #4447, #1285, #5347, .T. ) ;
#6369 = DIRECTION ( 'NONE',  ( 0.000000000000000000, 0.000000000000000000, -1.000000000000000000 ) ) ;
#6370 = DIRECTION ( 'NONE',  ( -1.000000000000000000, 0.000000000000000000, 0.000000000000000000 ) ) ;
#6371 = CARTESIAN_POINT ( 'NONE',  ( 0.000000000000000000, 0.000000000000000000, 94.50000000000000000 ) ) ;
#6372 = EDGE_CURVE ( 'NONE', #4820, #2046, #2466, .T. ) ;
#6373 = EDGE_CURVE ( 'NONE', #7392, #5749, #4649, .T. ) ;
#6374 = VERTEX_POINT ( 'NONE', #6605 ) ;
#6375 = ORIENTED_EDGE ( 'NONE', *, *, #3838, .T. ) ;
#6376 = ORIENTED_EDGE ( 'NONE', *, *, #1926, .F. ) ;
#6377 = CARTESIAN_POINT ( 'NONE',  ( 160.6961940777126472, 1.967960797124326124E-14, -44.36102757863400115 ) ) ;
#6378 = CARTESIAN_POINT ( 'NONE',  ( -383.6102456501470215, -191.8051228250736244, -99.50000000000001421 ) ) ;
#6379 = CARTESIAN_POINT ( 'NONE',  ( 0.000000000000000000, 289.3257808412388954, 94.49999999999998579 ) ) ;
#6380 = DIRECTION ( 'NONE',  ( 0.000000000000000000, 0.000000000000000000, -1.000000000000000000 ) ) ;
#6381 = DIRECTION ( 'NONE',  ( -1.000000000000000000, 0.000000000000000000, 0.000000000000000000 ) ) ;
#6382 = EDGE_CURVE ( 'NONE', #672, #1271, #914, .T. ) ;
#6383 = CARTESIAN_POINT ( 'NONE',  ( 416.5484383175221978, 208.2742191587610137, 94.50000000000000000 ) ) ;
#6384 = ORIENTED_EDGE ( 'NONE', *, *, #4587, .F. ) ;
#6385 = EDGE_LOOP ( 'NONE', ( #908, #4502, #5640, #120 ) ) ;
#6386 = EDGE_LOOP ( 'NONE', ( #4947, #1042, #7827, #834 ) ) ;
#6387 = DIRECTION ( 'NONE',  ( 1.000000000000000000, 0.000000000000000000, 0.000000000000000000 ) ) ;
#6388 = VERTEX_POINT ( 'NONE', #4158 ) ;
#6389 = CARTESIAN_POINT ( 'NONE',  ( 83.93067465873572530, -111.9040269669884538, 22.61759513421829482 ) ) ;
#6390 = CARTESIAN_POINT ( 'NONE',  ( 0.000000000000000000, 0.000000000000000000, 36.24442096338251673 ) ) ;
#6391 = EDGE_CURVE ( 'NONE', #1644, #4310, #4525, .T. ) ;
#6392 = CARTESIAN_POINT ( 'NONE',  ( 8.090389354718883652, -137.6382843692635447, 24.71669552856027252 ) ) ;
#6393 = CARTESIAN_POINT ( 'NONE',  ( 0.000000000000000000, 0.000000000000000000, 35.77057939344513215 ) ) ;
#6394 = ORIENTED_EDGE ( 'NONE', *, *, #5210, .T. ) ;
#6395 = LINE ( 'NONE', #4567, #5654 ) ;
#6396 = ORIENTED_EDGE ( 'NONE', *, *, #213, .F. ) ;
#6397 = CARTESIAN_POINT ( 'NONE',  ( 126.4442136057539443, 25.67282379625079969, 22.64930167012784068 ) ) ;
#6398 = CARTESIAN_POINT ( 'NONE',  ( 0.000000000000000000, 0.000000000000000000, 17.11044636716703948 ) ) ;
#6399 = PERSON_AND_ORGANIZATION ( #2260, #6755 ) ;
#6400 = CARTESIAN_POINT ( 'NONE',  ( -162.6000000000000227, 1.991275695413596412E-14, -55.72929959498868158 ) ) ;
#6401 = CARTESIAN_POINT ( 'NONE',  ( 133.8820645368945748, -38.62712429686728655, 25.05948377397438520 ) ) ;
#6402 = CARTESIAN_POINT ( 'NONE',  ( 88.47315653655779499, 100.6056418782656721, 23.80530923666706400 ) ) ;
#6403 = CARTESIAN_POINT ( 'NONE',  ( 130.6794815089733959, 47.90619269442930772, 25.02209061028836956 ) ) ;
#6404 = DIRECTION ( 'NONE',  ( 1.000000000000000000, 0.000000000000000000, 0.000000000000000000 ) ) ;
#6405 = CARTESIAN_POINT ( 'NONE',  ( 155.5999999999993406, 0.000000000000000000, 5.382524305809773146 ) ) ;
#6406 = FACE_OUTER_BOUND ( 'NONE', #1620, .T. ) ;
#6407 = CIRCLE ( 'NONE', #7974, 168.5999999999999943 ) ;
#6408 = CARTESIAN_POINT ( 'NONE',  ( 0.000000000000000000, 0.000000000000000000, 51.86299596820718705 ) ) ;
#6409 = ORIENTED_EDGE ( 'NONE', *, *, #5157, .F. ) ;
#6410 = ADVANCED_FACE ( 'NONE', ( #2934 ), #4271, .F. ) ;
#6411 = EDGE_LOOP ( 'NONE', ( #3351, #5691, #1408, #4581 ) ) ;
#6412 = CIRCLE ( 'NONE', #7067, 4.000000000000003553 ) ;
#6413 = ORIENTED_EDGE ( 'NONE', *, *, #2064, .F. ) ;
#6414 = LINE ( 'NONE', #315, #3217 ) ;
#6415 = DIRECTION ( 'NONE',  ( 1.000000000000000000, 0.000000000000000000, 0.000000000000000000 ) ) ;
#6416 = EDGE_CURVE ( 'NONE', #7967, #3613, #1885, .T. ) ;
#6417 = DIRECTION ( 'NONE',  ( 1.000000000000000000, 0.000000000000000000, 0.000000000000000000 ) ) ;
#6418 = DIRECTION ( 'NONE',  ( 1.000000000000000000, 0.000000000000000000, 0.000000000000000000 ) ) ;
#6419 = CARTESIAN_POINT ( 'NONE',  ( 0.000000000000000000, 0.000000000000000000, 39.70852257852028089 ) ) ;
#6420 = CIRCLE ( 'NONE', #3942, 148.1686244700197506 ) ;
#6421 = CARTESIAN_POINT ( 'NONE',  ( 4.690285178233337026E-14, 191.4954247011830830, 89.88689247745783462 ) ) ;
#6422 = EDGE_LOOP ( 'NONE', ( #1832, #4426 ) ) ;
#6423 = EDGE_LOOP ( 'NONE', ( #4718, #7027, #2836, #5957 ) ) ;
#6424 = ORIENTED_EDGE ( 'NONE', *, *, #2103, .T. ) ;
#6425 = CARTESIAN_POINT ( 'NONE',  ( 0.000000000000000000, 194.4873006948673435, 91.56960896611401779 ) ) ;
#6426 = VERTEX_POINT ( 'NONE', #6134 ) ;
#6427 = AXIS2_PLACEMENT_3D ( 'NONE', #897, #3312, #2906 ) ;
#6428 = CARTESIAN_POINT ( 'NONE',  ( 360.6700645039173310, -180.3350322519586086, -70.87866810663062722 ) ) ;
#6429 = ADVANCED_FACE ( 'NONE', ( #1846 ), #2530, .F. ) ;
#6430 = CARTESIAN_POINT ( 'NONE',  ( 2.463128316362707909E-14, -201.1296904607625322, -93.80705434439103385 ) ) ;
#6431 = CARTESIAN_POINT ( 'NONE',  ( 0.000000000000000000, 0.000000000000000000, -65.77070040501132553 ) ) ;
#6432 = CARTESIAN_POINT ( 'NONE',  ( -87.45476934160789995, 106.7492928433117498, 24.74436749081448284 ) ) ;
#6433 = CARTESIAN_POINT ( 'NONE',  ( 3.783765040636914280E-14, -308.9678626744722578, -91.31556125657976963 ) ) ;
#6434 = VECTOR ( 'NONE', #2229, 1000.000000000000000 ) ;
#6435 = EDGE_LOOP ( 'NONE', ( #4472, #6806, #1865, #5156, #2032 ) ) ;
#6436 = CARTESIAN_POINT ( 'NONE',  ( -126.4406093035017875, 25.65605154284826028, 20.08036395196090496 ) ) ;
#6437 = ORIENTED_EDGE ( 'NONE', *, *, #6062, .F. ) ;
#6438 = FACE_OUTER_BOUND ( 'NONE', #4590, .T. ) ;
#6439 = ADVANCED_FACE ( 'NONE', ( #4873 ), #7975, .F. ) ;
#6440 = TOROIDAL_SURFACE ( 'NONE', #7487, 149.0999999999993406, 6.500000000000000000 ) ;
#6441 = CARTESIAN_POINT ( 'NONE',  ( 125.4659072166443821, 25.10173169065147292, 22.39882435432700092 ) ) ;
#6442 = FACE_BOUND ( 'NONE', #2275, .T. ) ;
#6443 = AXIS2_PLACEMENT_3D ( 'NONE', #6278, #2025, #2746 ) ;
#6444 = LINE ( 'NONE', #4493, #3571 ) ;
#6445 = VECTOR ( 'NONE', #5983, 1000.000000000000000 ) ;
#6446 = CARTESIAN_POINT ( 'NONE',  ( 0.000000000000000000, 0.000000000000000000, 22.64930167012783713 ) ) ;
#6447 = CARTESIAN_POINT ( 'NONE',  ( 158.5999999999999943, 0.000000000000000000, 49.52347715474393652 ) ) ;
#6448 = CARTESIAN_POINT ( 'NONE',  ( -3.881376242116104093E-14, -316.9384221490204254, 79.84641328172391184 ) ) ;
#6449 = CARTESIAN_POINT ( 'NONE',  ( -101.4189655574624425, 1.242024115427820394E-14, 19.16641954272702009 ) ) ;
#6450 = CARTESIAN_POINT ( 'NONE',  ( 0.000000000000000000, 0.000000000000000000, 57.77070040501134685 ) ) ;
#6451 = CIRCLE ( 'NONE', #262, 122.2006631523987323 ) ;
#6452 = CIRCLE ( 'NONE', #2573, 180.1000000000000227 ) ;
#6453 = CARTESIAN_POINT ( 'NONE',  ( 0.000000000000000000, 0.000000000000000000, 39.70852257852028089 ) ) ;
#6454 = ORIENTED_EDGE ( 'NONE', *, *, #7576, .T. ) ;
#6455 = FACE_OUTER_BOUND ( 'NONE', #2091, .T. ) ;
#6456 = VERTEX_POINT ( 'NONE', #7373 ) ;
#6457 = VECTOR ( 'NONE', #993, 1000.000000000000000 ) ;
#6458 = CIRCLE ( 'NONE', #3610, 170.0000000000000284 ) ;
#6459 = ORIENTED_EDGE ( 'NONE', *, *, #1431, .T. ) ;
#6460 = DIRECTION ( 'NONE',  ( -0.000000000000000000, -0.000000000000000000, 1.000000000000000000 ) ) ;
#6461 = B_SPLINE_CURVE_WITH_KNOTS ( 'NONE', 3,
 ( #7159, #6041, #5345, #6633, #7769, #4788, #1752, #7889, #4096, #1155, #6669, #6541, #7285, #399 ),
 .UNSPECIFIED., .F., .F.,
 ( 4, 2, 2, 2, 2, 2, 4 ),
 ( 0.04688237579686051204, 0.04774943399978129333, 0.04861649220270206767, 0.05035060860854363024, 0.05121766681146437683, 0.05208472501438512342, 0.05381884142022658885 ),
 .UNSPECIFIED. ) ;
#6462 = DIRECTION ( 'NONE',  ( 1.000000000000000000, 0.000000000000000000, 0.000000000000000000 ) ) ;
#6463 = CARTESIAN_POINT ( 'NONE',  ( 0.000000000000000000, 0.000000000000000000, -55.72929959498868158 ) ) ;
#6464 = CARTESIAN_POINT ( 'NONE',  ( 175.0999999999999943, 0.000000000000000000, 65.77070040501132553 ) ) ;
#6465 = EDGE_CURVE ( 'NONE', #6356, #4438, #6342, .T. ) ;
#6466 = AXIS2_PLACEMENT_3D ( 'NONE', #2279, #3533, #4703 ) ;
#6467 = CARTESIAN_POINT ( 'NONE',  ( 0.000000000000000000, 0.000000000000000000, 65.77070040501132553 ) ) ;
#6468 = CARTESIAN_POINT ( 'NONE',  ( 360.1999999999999318, -180.1000000000000512, 65.77070040501131132 ) ) ;
#6469 = EDGE_LOOP ( 'NONE', ( #6728, #6929, #1598, #2314, #1373 ) ) ;
#6470 = CARTESIAN_POINT ( 'NONE',  ( -2.381782502707780839E-14, -194.4873006948673435, 91.56960896611401779 ) ) ;
#6471 = AXIS2_PLACEMENT_3D ( 'NONE', #425, #7180, #5774 ) ;
#6472 = ORIENTED_EDGE ( 'NONE', *, *, #5480, .T. ) ;
#6473 = CARTESIAN_POINT ( 'NONE',  ( 2.205588885264383237E-14, -180.1000000000000227, -65.77070040501131132 ) ) ;
#6474 = CARTESIAN_POINT ( 'NONE',  ( -14.80899217409363544, -122.5346184971619437, 21.88160590861840404 ) ) ;
#6475 = CARTESIAN_POINT ( 'NONE',  ( -118.8820645368943332, 38.62712429686809656, 21.86299596820718349 ) ) ;
#6476 = CARTESIAN_POINT ( 'NONE',  ( 0.000000000000000000, 0.000000000000000000, 19.36299596820719060 ) ) ;
#6477 = CARTESIAN_POINT ( 'NONE',  ( -7.546433789322547027E-14, 308.1065411911690717, -91.70875513312377336 ) ) ;
#6478 = VECTOR ( 'NONE', #6724, 1000.000000000000114 ) ;
#6479 = EDGE_CURVE ( 'NONE', #1135, #1584, #7649, .T. ) ;
#6480 = EDGE_LOOP ( 'NONE', ( #7775, #1847, #5639, #7464 ) ) ;
#6481 = ADVANCED_FACE ( 'NONE', ( #1927 ), #2458, .T. ) ;
#6482 = CARTESIAN_POINT ( 'NONE',  ( 0.000000000000000000, 0.000000000000000000, 64.27070040501133974 ) ) ;
#6483 = ORIENTED_EDGE ( 'NONE', *, *, #705, .F. ) ;
#6484 = CARTESIAN_POINT ( 'NONE',  ( 0.000000000000000000, 0.000000000000000000, -99.50000000000000000 ) ) ;
#6485 = ORIENTED_EDGE ( 'NONE', *, *, #5907, .F. ) ;
#6486 = AXIS2_PLACEMENT_3D ( 'NONE', #2717, #3401, #5302 ) ;
#6487 = CARTESIAN_POINT ( 'NONE',  ( 115.1271544296154445, -53.16103081563193200, 22.21341185229405468 ) ) ;
#6488 = LINE ( 'NONE', #934, #5164 ) ;
#6489 = ADVANCED_FACE ( 'NONE', ( #1294 ), #1807, .T. ) ;
#6490 = AXIS2_PLACEMENT_3D ( 'NONE', #7924, #1225, #6079 ) ;
#6491 = CARTESIAN_POINT ( 'NONE',  ( 133.2826962834811297, -34.41657175155270920, 24.66505120245058080 ) ) ;
#6492 =( BOUNDED_SURFACE ( )  B_SPLINE_SURFACE ( 3, 3, ( 
 ( #3082, #5549, #1874, #44 ),
 ( #2484, #4945, #1281, #4183 ),
 ( #3578, #6045, #5432, #6879 ),
 ( #1325, #712, #4384, #3768 ),
 ( #6249, #2562, #5027, #3163 ),
 ( #1916, #5628, #119, #1612 ),
 ( #1652, #5888, #490, #5974 ),
 ( #1050, #2171, #372, #1534 ),
 ( #5286, #7134, #4803, #4157 ),
 ( #2933, #2768, #2893, #6603 ),
 ( #452, #3987, #3420, #4065 ),
 ( #3512, #2811, #6554, #5239 ),
 ( #5358, #7859, #2291, #4111 ),
 ( #7210, #923, #4639, #1006 ),
 ( #2335, #5399, #1578, #3384 ),
 ( #4757, #7258, #5848, #1090 ),
 ( #963, #4029, #1694, #7738 ),
 ( #3546, #3464, #6647, #329 ),
 ( #6011, #7904, #5931, #416 ),
 ( #6518, #7784, #2215, #4676 ),
 ( #7171, #2857, #5323, #7820 ),
 ( #2248, #4713, #2528, #4872 ),
 ( #6099, #4915, #4952, #7332 ),
 ( #3092, #3047, #2491, #1206 ) ),
 .UNSPECIFIED., .F., .F., .F. ) 
 B_SPLINE_SURFACE_WITH_KNOTS ( ( 4, 2, 2, 2, 2, 2, 2, 2, 2, 2, 2, 4 ),
 ( 4, 4 ),
 ( 0.000000000000000000, 0.1250000000000009159, 0.2500000000000018319, 0.3750000000000027756, 0.4375000000000025535, 0.5000000000000023315, 0.5625000000000021094, 0.6250000000000018874, 0.6875000000000016653, 0.7500000000000014433, 0.8750000000000007772, 1.000000000000000000 ),
 ( 0.000000000000000000, 1.000000000000000000 ),
 .UNSPECIFIED. ) 
 GEOMETRIC_REPRESENTATION_ITEM ( )  RATIONAL_B_SPLINE_SURFACE ( (
 ( 1.000000000000000000, 0.3333333333333334259, 0.3333333333333334259, 1.000000000000000000),
 ( 1.000000000000000000, 0.3333333333333334259, 0.3333333333333334259, 1.000000000000000000),
 ( 1.000000000000000000, 0.3333333333333334259, 0.3333333333333334259, 1.000000000000000000),
 ( 1.000000000000000000, 0.3333333333333334259, 0.3333333333333334259, 1.000000000000000000),
 ( 1.000000000000000000, 0.3333333333333334259, 0.3333333333333334259, 1.000000000000000000),
 ( 1.000000000000000000, 0.3333333333333334259, 0.3333333333333334259, 1.000000000000000000),
 ( 1.000000000000000000, 0.3333333333333334259, 0.3333333333333334259, 1.000000000000000000),
 ( 1.000000000000000000, 0.3333333333333334259, 0.3333333333333334259, 1.000000000000000000),
 ( 1.000000000000000000, 0.3333333333333334259, 0.3333333333333334259, 1.000000000000000000),
 ( 1.000000000000000000, 0.3333333333333334259, 0.3333333333333334259, 1.000000000000000000),
 ( 1.000000000000000000, 0.3333333333333334259, 0.3333333333333334259, 1.000000000000000000),
 ( 1.000000000000000000, 0.3333333333333334259, 0.3333333333333334259, 1.000000000000000000),
 ( 1.000000000000000000, 0.3333333333333334259, 0.3333333333333334259, 1.000000000000000000),
 ( 1.000000000000000000, 0.3333333333333334259, 0.3333333333333334259, 1.000000000000000000),
 ( 1.000000000000000000, 0.3333333333333334259, 0.3333333333333334259, 1.000000000000000000),
 ( 1.000000000000000000, 0.3333333333333334259, 0.3333333333333334259, 1.000000000000000000),
 ( 1.000000000000000000, 0.3333333333333334259, 0.3333333333333334259, 1.000000000000000000),
 ( 1.000000000000000000, 0.3333333333333334259, 0.3333333333333334259, 1.000000000000000000),
 ( 1.000000000000000000, 0.3333333333333334259, 0.3333333333333334259, 1.000000000000000000),
 ( 1.000000000000000000, 0.3333333333333334259, 0.3333333333333334259, 1.000000000000000000),
 ( 1.000000000000000000, 0.3333333333333334259, 0.3333333333333334259, 1.000000000000000000),
 ( 1.000000000000000000, 0.3333333333333334259, 0.3333333333333334259, 1.000000000000000000),
 ( 1.000000000000000000, 0.3333333333333334259, 0.3333333333333334259, 1.000000000000000000),
 ( 1.000000000000000000, 0.3333333333333334259, 0.3333333333333334259, 1.000000000000000000) ) ) 
 REPRESENTATION_ITEM ( '' )  SURFACE ( )  );
#6493 = CARTESIAN_POINT ( 'NONE',  ( 129.6409649644886883, -49.09233137781357215, 24.89154232255954113 ) ) ;
#6494 = CARTESIAN_POINT ( 'NONE',  ( -3.866653872810499597E-14, -315.7362494641405988, 84.26865681888700976 ) ) ;
#6495 = CARTESIAN_POINT ( 'NONE',  ( -2.208467200214958958E-14, -180.3350322519586939, 70.87866810663061301 ) ) ;
#6496 = DIRECTION ( 'NONE',  ( 0.000000000000000000, 0.000000000000000000, -1.000000000000000000 ) ) ;
#6497 = AXIS2_PLACEMENT_3D ( 'NONE', #6726, #2456, #6136 ) ;
#6498 = DIRECTION ( 'NONE',  ( -0.000000000000000000, -0.000000000000000000, 1.000000000000000000 ) ) ;
#6499 = VERTEX_POINT ( 'NONE', #3659 ) ;
#6500 = ORIENTED_EDGE ( 'NONE', *, *, #6014, .F. ) ;
#6501 = ORIENTED_EDGE ( 'NONE', *, *, #222, .F. ) ;
#6502 = CARTESIAN_POINT ( 'NONE',  ( -133.5374342683754207, 35.36400802799347787, 24.77840085651744317 ) ) ;
#6503 = CARTESIAN_POINT ( 'NONE',  ( 0.000000000000000000, 0.000000000000000000, 51.86299596820718705 ) ) ;
#6504 = CARTESIAN_POINT ( 'NONE',  ( 0.000000000000000000, 0.000000000000000000, 19.36299596820719060 ) ) ;
#6505 = DIRECTION ( 'NONE',  ( -0.000000000000000000, -0.000000000000000000, 1.000000000000000000 ) ) ;
#6506 = DIRECTION ( 'NONE',  ( -0.000000000000000000, -0.000000000000000000, 1.000000000000000000 ) ) ;
#6507 = CARTESIAN_POINT ( 'NONE',  ( 362.3705593269363590, -181.1852796634682647, 75.30398140309957000 ) ) ;
#6508 = CARTESIAN_POINT ( 'NONE',  ( -71.79716449948446666, 116.0375344804551929, 24.38450240397488500 ) ) ;
#6509 = ORIENTED_EDGE ( 'NONE', *, *, #3600, .T. ) ;
#6510 = ORIENTED_EDGE ( 'NONE', *, *, #7173, .T. ) ;
#6511 = ORIENTED_EDGE ( 'NONE', *, *, #1086, .F. ) ;
#6512 = CARTESIAN_POINT ( 'NONE',  ( 0.000000000000000000, 289.3257808412388954, -99.49999999999998579 ) ) ;
#6513 = B_SPLINE_CURVE_WITH_KNOTS ( 'NONE', 3,
 ( #6364, #3395, #2632, #1547, #4606, #2742, #3834, #3356, #5211, #6984, #2140, #815, #6943, #5176, #6491, #5250, #5778, #7750, #3238, #4453, #5823, #6401 ),
 .UNSPECIFIED., .F., .F.,
 ( 4, 2, 2, 2, 2, 2, 2, 2, 2, 2, 4 ),
 ( 9.134320353462841858E-07, 0.003941504644099427628, 0.004926652447115462824, 0.005911800250131497153, 0.007882095856163515504, 0.009852391462195535590, 0.01083753926521153869, 0.01182268706822754006, 0.01379298267425952719, 0.01477813047727552682, 0.01576327828029152125 ),
 .UNSPECIFIED. ) ;
#6514 = CARTESIAN_POINT ( 'NONE',  ( -317.5000000000000000, 3.888253587292846634E-14, -65.77070040501132553 ) ) ;
#6515 = CARTESIAN_POINT ( 'NONE',  ( 382.9908494023660523, 191.4954247011830546, -89.88689247745783462 ) ) ;
#6516 = CARTESIAN_POINT ( 'NONE',  ( -360.6700645039173310, -180.3350322519587507, -70.87866810663062722 ) ) ;
#6517 = CARTESIAN_POINT ( 'NONE',  ( -3.847138617391237819E-14, -314.1427079276870131, 87.18980760446915212 ) ) ;
#6518 = CARTESIAN_POINT ( 'NONE',  ( 0.000000000000000000, 305.1789865009923233, -92.80220189689723043 ) ) ;
#6519 = CARTESIAN_POINT ( 'NONE',  ( -88.27075899859877950, 103.6086678332404887, 24.30476553884777147 ) ) ;
#6520 = CARTESIAN_POINT ( 'NONE',  ( 0.000000000000000000, 0.000000000000000000, 20.21482714528789870 ) ) ;
#6521 = VERTEX_POINT ( 'NONE', #7333 ) ;
#6522 = CARTESIAN_POINT ( 'NONE',  ( 0.000000000000000000, 204.6641259029620414, 94.36274905517983314 ) ) ;
#6523 = ORIENTED_EDGE ( 'NONE', *, *, #7078, .T. ) ;
#6524 = ADVANCED_FACE ( 'NONE', ( #3744 ), #14, .F. ) ;
#6525 = DIRECTION ( 'NONE',  ( 1.000000000000000000, 0.000000000000000000, 0.000000000000000000 ) ) ;
#6526 = CARTESIAN_POINT ( 'NONE',  ( 124.7595562129822042, -24.81245547407022300, 19.74437952292885612 ) ) ;
#6527 = CARTESIAN_POINT ( 'NONE',  ( 120.0019023396413473, 53.61887724201876892, 20.64511698719539723 ) ) ;
#6528 = CARTESIAN_POINT ( 'NONE',  ( -6.349999999999999645, 57.14999999999999858, 14.49999999999999822 ) ) ;
#6529 = B_SPLINE_CURVE_WITH_KNOTS ( 'NONE', 3,
 ( #82, #6166, #6214, #1116 ),
 .UNSPECIFIED., .F., .F.,
 ( 4, 4 ),
 ( 0.000000000000000000, 1.000000000000000000 ),
 .UNSPECIFIED. ) ;
#6530 = CARTESIAN_POINT ( 'NONE',  ( -3.773216894661273514E-14, -308.1065411911690717, 91.70875513312377336 ) ) ;
#6531 = CARTESIAN_POINT ( 'NONE',  ( 133.6816057197219720, 36.10290259372072086, 22.28821973602703821 ) ) ;
#6532 = ADVANCED_FACE ( 'NONE', ( #6844 ), #7412, .F. ) ;
#6533 = CARTESIAN_POINT ( 'NONE',  ( 0.000000000000000000, 0.000000000000000000, 37.11044636716696488 ) ) ;
#6534 = CARTESIAN_POINT ( 'NONE',  ( -58.47315653655929424, 101.1271242968683453, 19.36299596820718705 ) ) ;
#6535 = ORIENTED_EDGE ( 'NONE', *, *, #4327, .T. ) ;
#6536 = ORIENTED_EDGE ( 'NONE', *, *, #7416, .F. ) ;
#6537 = VERTEX_POINT ( 'NONE', #688 ) ;
#6538 = CARTESIAN_POINT ( 'NONE',  ( -116.7436181770924861, 53.52619146743143830, 19.94292569736973064 ) ) ;
#6539 = CARTESIAN_POINT ( 'NONE',  ( -162.5999999999999943, 1.991275695413596096E-14, 49.52347715474393652 ) ) ;
#6540 = CIRCLE ( 'NONE', #6807, 175.1000000000000512 ) ;
#6541 = CARTESIAN_POINT ( 'NONE',  ( -86.71963239601966222, 94.06573834462882644, 22.41156813133921233 ) ) ;
#6542 = ADVANCED_FACE ( 'NONE', ( #2374 ), #5857, .F. ) ;
#6543 = CARTESIAN_POINT ( 'NONE',  ( -133.8820645368940632, -38.62712429686894922, 25.05948377397437454 ) ) ;
#6544 = FACE_OUTER_BOUND ( 'NONE', #1475, .T. ) ;
#6545 = CARTESIAN_POINT ( 'NONE',  ( -72.24379414401286681, -116.0808323551803767, 21.88081177390043663 ) ) ;
#6546 = CIRCLE ( 'NONE', #1497, 166.6000000000000227 ) ;
#6547 = ORIENTED_EDGE ( 'NONE', *, *, #302, .T. ) ;
#6548 = CARTESIAN_POINT ( 'NONE',  ( -360.6700645039173310, -180.3350322519586086, 70.87866810663062722 ) ) ;
#6549 = FACE_OUTER_BOUND ( 'NONE', #3261, .T. ) ;
#6550 = CARTESIAN_POINT ( 'NONE',  ( -70.38654150247567998, -115.8234475838957422, 24.16945354559127423 ) ) ;
#6551 = CARTESIAN_POINT ( 'NONE',  ( 2.245184594106244153E-14, -183.3332349922793298, -80.88990889983972465 ) ) ;
#6552 = AXIS2_PLACEMENT_3D ( 'NONE', #5032, #2526, #1802 ) ;
#6553 = CARTESIAN_POINT ( 'NONE',  ( -350.1999999999999318, -175.0999999999999659, 89.50634777422295940 ) ) ;
#6554 = CARTESIAN_POINT ( 'NONE',  ( 628.2854158553739126, -314.1427079276869563, -87.18980760446915212 ) ) ;
#6555 = CARTESIAN_POINT ( 'NONE',  ( -14.47766990425381017, -129.0136569192631839, 22.83592603184382952 ) ) ;
#6556 = EDGE_LOOP ( 'NONE', ( #6892, #2375, #6674, #6080, #4196, #1605, #2553, #6652 ) ) ;
#6557 = DIRECTION ( 'NONE',  ( -1.000000000000000000, 0.000000000000000000, 0.000000000000000000 ) ) ;
#6558 = CARTESIAN_POINT ( 'NONE',  ( 58.47315653655780920, 101.1271242968693826, 21.86299596820718349 ) ) ;
#6559 = AXIS2_PLACEMENT_3D ( 'NONE', #6811, #581, #1344 ) ;
#6560 = ORIENTED_EDGE ( 'NONE', *, *, #1511, .T. ) ;
#6561 = CARTESIAN_POINT ( 'NONE',  ( -4.088374751032779919, -139.4560133264168087, 22.53206480373038545 ) ) ;
#6562 = ORIENTED_EDGE ( 'NONE', *, *, #3435, .T. ) ;
#6563 = CARTESIAN_POINT ( 'NONE',  ( 0.000000000000000000, 0.000000000000000000, 19.36299596820719060 ) ) ;
#6564 = CARTESIAN_POINT ( 'NONE',  ( -88.47315653655870449, -101.1271242968688284, 23.89698163186446678 ) ) ;
#6565 = TOROIDAL_SURFACE ( 'NONE', #7349, 122.2006631523987323, 32.50000000000000711 ) ;
#6566 = ADVANCED_FACE ( 'NONE', ( #6344 ), #7607, .F. ) ;
#6567 = DIRECTION ( 'NONE',  ( 1.000000000000000000, 0.000000000000000000, 0.000000000000000000 ) ) ;
#6568 = EDGE_CURVE ( 'NONE', #2917, #101, #5682, .T. ) ;
#6569 = CARTESIAN_POINT ( 'NONE',  ( 131.7006028141177296, 46.43400682313869510, 22.56289665654306020 ) ) ;
#6570 = DIRECTION ( 'NONE',  ( -0.000000000000000000, -0.000000000000000000, 1.000000000000000000 ) ) ;
#6571 = CARTESIAN_POINT ( 'NONE',  ( -3.824940740472629338E-14, -312.3301137222341595, 89.15235216125219608 ) ) ;
#6572 = DIRECTION ( 'NONE',  ( -1.000000000000000000, 0.000000000000000000, 0.000000000000000000 ) ) ;
#6573 = CARTESIAN_POINT ( 'NONE',  ( 117.3673669242191977, 53.56341647960293528, 20.07916623190373073 ) ) ;
#6574 = VECTOR ( 'NONE', #3315, 1000.000000000000000 ) ;
#6575 = DIRECTION ( 'NONE',  ( -0.000000000000000000, -0.000000000000000000, 1.000000000000000000 ) ) ;
#6576 = AXIS2_PLACEMENT_3D ( 'NONE', #7819, #3986, #2891 ) ;
#6577 = ORIENTED_EDGE ( 'NONE', *, *, #966, .T. ) ;
#6578 = DIRECTION ( 'NONE',  ( 1.000000000000000000, 0.000000000000000000, 0.000000000000000000 ) ) ;
#6579 = EDGE_CURVE ( 'NONE', #3710, #5383, #4136, .T. ) ;
#6580 = EDGE_CURVE ( 'NONE', #38, #6215, #4904, .T. ) ;
#6581 = VERTEX_POINT ( 'NONE', #7690 ) ;
#6582 = ORIENTED_EDGE ( 'NONE', *, *, #5860, .T. ) ;
#6583 = CARTESIAN_POINT ( 'NONE',  ( -118.8820645368940490, -38.62712429686894922, 19.36299596820718705 ) ) ;
#6584 = CIRCLE ( 'NONE', #5, 3.999999999999996447 ) ;
#6585 = AXIS2_PLACEMENT_3D ( 'NONE', #5005, #1858, #3787 ) ;
#6586 = DIRECTION ( 'NONE',  ( -0.000000000000000000, -0.000000000000000000, 1.000000000000000000 ) ) ;
#6587 = DIRECTION ( 'NONE',  ( -0.000000000000000000, -0.000000000000000000, 1.000000000000000000 ) ) ;
#6588 = CARTESIAN_POINT ( 'NONE',  ( 72.87817994036159064, 116.1196698346769551, 24.53431729471902045 ) ) ;
#6589 = CARTESIAN_POINT ( 'NONE',  ( -3.869691853010713318E-14, -315.9843193731403517, 83.60197795724437242 ) ) ;
#6590 = CARTESIAN_POINT ( 'NONE',  ( 14.96137793480489009, 123.7596585872659603, 19.45033477645327125 ) ) ;
#6591 = CIRCLE ( 'NONE', #4377, 6.350000000000000533 ) ;
#6592 = TOROIDAL_SURFACE ( 'NONE', #2180, 168.6000000000000227, 4.000000000000000000 ) ;
#6593 = ADVANCED_FACE ( 'NONE', ( #3172 ), #5642, .T. ) ;
#6594 = ORIENTED_EDGE ( 'NONE', *, *, #1395, .F. ) ;
#6595 = ORIENTED_EDGE ( 'NONE', *, *, #29, .T. ) ;
#6596 = CARTESIAN_POINT ( 'NONE',  ( -2.327987543480847164E-14, -190.0946089192151192, 88.90489066047071276 ) ) ;
#6597 = CARTESIAN_POINT ( 'NONE',  ( 126.4442136057539443, 25.67282379625079969, 22.64930167012784068 ) ) ;
#6598 = DIRECTION ( 'NONE',  ( 1.000000000000000000, 0.000000000000000000, 0.000000000000000000 ) ) ;
#6599 = CARTESIAN_POINT ( 'NONE',  ( 14.99066326594311604, -124.3873953721201104, 22.02061765057564102 ) ) ;
#6600 = AXIS2_PLACEMENT_3D ( 'NONE', #6281, #5670, #710 ) ;
#6601 = AXIS2_PLACEMENT_3D ( 'NONE', #1909, #6122, #4216 ) ;
#6602 = CARTESIAN_POINT ( 'NONE',  ( -3.888414373727005781E-14, -317.5131292087049815, 70.21990042098286722 ) ) ;
#6603 = CARTESIAN_POINT ( 'NONE',  ( 3.859743278093466056E-14, -315.1719565821565538, -85.51580406433575376 ) ) ;
#6604 = CARTESIAN_POINT ( 'NONE',  ( -88.47315653655928713, 101.8404116317862957, 24.02237178141344387 ) ) ;
#6605 = CARTESIAN_POINT ( 'NONE',  ( 148.1686244700197506, 0.000000000000000000, 24.55361931221464289 ) ) ;
#6606 = ORIENTED_EDGE ( 'NONE', *, *, #7045, .T. ) ;
#6607 = CARTESIAN_POINT ( 'NONE',  ( 168.5999999999999943, 2.089247439345384531E-14, 60.27070040501133974 ) ) ;
#6608 = CIRCLE ( 'NONE', #4127, 122.2006631523987323 ) ;
#6609 = DIRECTION ( 'NONE',  ( -0.000000000000000000, -0.000000000000000000, 1.000000000000000000 ) ) ;
#6610 = ORIENTED_EDGE ( 'NONE', *, *, #182, .T. ) ;
#6611 = CARTESIAN_POINT ( 'NONE',  ( -11.58561493103129969, -134.5625039225173225, 21.49158094062929081 ) ) ;
#6612 = ORIENTED_EDGE ( 'NONE', *, *, #7393, .T. ) ;
#6613 = CARTESIAN_POINT ( 'NONE',  ( -33.59192716851458016, -46.23532122852843429, -3.460512242138308103 ) ) ;
#6614 = DIRECTION ( 'NONE',  ( -1.000000000000000000, 0.000000000000000000, 0.000000000000000000 ) ) ;
#6615 = AXIS2_PLACEMENT_3D ( 'NONE', #3430, #462, #543 ) ;
#6616 = DIRECTION ( 'NONE',  ( -0.000000000000000000, -0.000000000000000000, 1.000000000000000000 ) ) ;
#6617 = TOROIDAL_SURFACE ( 'NONE', #1315, 122.2006631523987323, 30.00000000000000711 ) ;
#6618 = DIRECTION ( 'NONE',  ( 1.000000000000000000, 0.000000000000000000, 0.000000000000000000 ) ) ;
#6619 = EDGE_CURVE ( 'NONE', #2241, #6835, #2947, .T. ) ;
#6620 = DIRECTION ( 'NONE',  ( -0.000000000000000000, -0.000000000000000000, 1.000000000000000000 ) ) ;
#6621 = CARTESIAN_POINT ( 'NONE',  ( 88.27908010038923692, -103.9188846971841258, 21.79280504682213504 ) ) ;
#6622 = CYLINDRICAL_SURFACE ( 'NONE', #6698, 155.5999999999993406 ) ;
#6623 = CARTESIAN_POINT ( 'NONE',  ( 578.6515616824776771, -289.3257808412389522, 99.49999999999998579 ) ) ;
#6624 = AXIS2_PLACEMENT_3D ( 'NONE', #34, #7313, #585 ) ;
#6625 = DIRECTION ( 'NONE',  ( -0.000000000000000000, -0.000000000000000000, 1.000000000000000000 ) ) ;
#6626 = ORIENTED_EDGE ( 'NONE', *, *, #3972, .T. ) ;
#6627 = LINE ( 'NONE', #4782, #7400 ) ;
#6628 = ORIENTED_EDGE ( 'NONE', *, *, #6137, .T. ) ;
#6629 = ORIENTED_EDGE ( 'NONE', *, *, #1771, .T. ) ;
#6630 = ADVANCED_FACE ( 'NONE', ( #6638 ), #4255, .F. ) ;
#6631 = CARTESIAN_POINT ( 'NONE',  ( 0.000000000000000000, 0.000000000000000000, 19.16641954272702009 ) ) ;
#6632 = CARTESIAN_POINT ( 'NONE',  ( 0.000000000000000000, 0.000000000000000000, -57.22929959498868158 ) ) ;
#6633 = CARTESIAN_POINT ( 'NONE',  ( -83.95324228820190626, 90.39154586677847192, 21.88416669115605373 ) ) ;
#6634 = CARTESIAN_POINT ( 'NONE',  ( -130.6794815089737654, -47.90619269442849060, 25.02209061028836956 ) ) ;
#6635 = EDGE_CURVE ( 'NONE', #5818, #7691, #1045, .T. ) ;
#6636 = EDGE_CURVE ( 'NONE', #4998, #5041, #4682, .T. ) ;
#6637 = DIRECTION ( 'NONE',  ( -1.000000000000000000, 0.000000000000000000, 0.000000000000000000 ) ) ;
#6638 = FACE_OUTER_BOUND ( 'NONE', #6262, .T. ) ;
#6639 = VERTEX_POINT ( 'NONE', #7441 ) ;
#6640 = ORIENTED_EDGE ( 'NONE', *, *, #2245, .T. ) ;
#6641 = CARTESIAN_POINT ( 'NONE',  ( -133.8272838413513455, -37.30451673681889702, 24.96279748984206748 ) ) ;
#6642 = CARTESIAN_POINT ( 'NONE',  ( -60.02497995148316789, -107.8927472298995696, 19.36299596820718705 ) ) ;
#6643 = DIRECTION ( 'NONE',  ( 1.000000000000000000, 0.000000000000000000, 0.000000000000000000 ) ) ;
#6644 = CARTESIAN_POINT ( 'NONE',  ( -4.763565005415561678E-14, 194.4873006948673435, -91.56960896611401779 ) ) ;
#6645 = CARTESIAN_POINT ( 'NONE',  ( -3.881376242116104093E-14, -316.9384221490204254, 79.84641328172391184 ) ) ;
#6646 = EDGE_CURVE ( 'NONE', #3776, #5726, #6529, .T. ) ;
#6647 = CARTESIAN_POINT ( 'NONE',  ( 617.9357253489444020, -308.9678626744722010, -91.31556125657976963 ) ) ;
#6648 = CARTESIAN_POINT ( 'NONE',  ( 0.000000000000000000, 0.000000000000000000, 14.90333958598047381 ) ) ;
#6649 = ORIENTED_EDGE ( 'NONE', *, *, #6324, .T. ) ;
#6650 = CARTESIAN_POINT ( 'NONE',  ( -117.3856248595699299, 53.55229325042200372, 22.64930167012784423 ) ) ;
#6651 = DIRECTION ( 'NONE',  ( -0.000000000000000000, -0.000000000000000000, 1.000000000000000000 ) ) ;
#6652 = ORIENTED_EDGE ( 'NONE', *, *, #7496, .F. ) ;
#6653 = CARTESIAN_POINT ( 'NONE',  ( 12.32227107651578102, -133.5633391709907301, 21.27466393827407742 ) ) ;
#6654 = ORIENTED_EDGE ( 'NONE', *, *, #5999, .F. ) ;
#6655 = CARTESIAN_POINT ( 'NONE',  ( 0.000000000000000000, 0.000000000000000000, 35.77057939344513215 ) ) ;
#6656 = CARTESIAN_POINT ( 'NONE',  ( -7.776828747454011562E-14, 317.5131292087049815, -70.21990042098286722 ) ) ;
#6657 = DIRECTION ( 'NONE',  ( 1.000000000000000000, 0.000000000000000000, 0.000000000000000000 ) ) ;
#6658 = CARTESIAN_POINT ( 'NONE',  ( 0.000000000000000000, 0.000000000000000000, -44.36102757863400115 ) ) ;
#6659 = LINE ( 'NONE', #5490, #4336 ) ;
#6660 = DIRECTION ( 'NONE',  ( -1.000000000000000000, 1.224646799147354193E-16, 0.000000000000000000 ) ) ;
#6661 = CARTESIAN_POINT ( 'NONE',  ( 88.47315653656005452, -102.5340113114815495, 21.57701186405695282 ) ) ;
#6662 = CARTESIAN_POINT ( 'NONE',  ( 130.0354511490462812, 28.59220500317833569, 21.04374476679814165 ) ) ;
#6663 = CARTESIAN_POINT ( 'NONE',  ( 74.37179585371451651, 116.1170555098185559, 22.15309090313270701 ) ) ;
#6664 = LINE ( 'NONE', #2355, #2600 ) ;
#6665 = ORIENTED_EDGE ( 'NONE', *, *, #2715, .F. ) ;
#6666 = CARTESIAN_POINT ( 'NONE',  ( 0.000000000000000000, 0.000000000000000000, 99.49999999999995737 ) ) ;
#6667 = ORIENTED_EDGE ( 'NONE', *, *, #2085, .F. ) ;
#6668 = CARTESIAN_POINT ( 'NONE',  ( -131.1820615814101814, 30.01701158281778348, 23.94508403473530578 ) ) ;
#6669 = CARTESIAN_POINT ( 'NONE',  ( -86.28387770887313479, 93.31889167926092910, 22.26366895717927008 ) ) ;
#6670 = CARTESIAN_POINT ( 'NONE',  ( -123.0111815810787164, -53.05692307904672589, 23.80338697695759720 ) ) ;
#6671 = CARTESIAN_POINT ( 'NONE',  ( 7.271243826855930470E-14, 296.8710583295711558, 94.26337537733878946 ) ) ;
#6672 = EDGE_CURVE ( 'NONE', #5462, #7260, #2520, .T. ) ;
#6673 = CARTESIAN_POINT ( 'NONE',  ( -81.09452510080450338, -114.0661825777171998, 22.63474017842224839 ) ) ;
#6674 = ORIENTED_EDGE ( 'NONE', *, *, #3399, .T. ) ;
#6675 = ORIENTED_EDGE ( 'NONE', *, *, #1179, .T. ) ;
#6676 = EDGE_CURVE ( 'NONE', #5871, #2089, #32, .T. ) ;
#6677 = CARTESIAN_POINT ( 'NONE',  ( -360.6700645039173310, 180.3350322519586655, 70.87866810663062722 ) ) ;
#6678 = FACE_BOUND ( 'NONE', #5079, .T. ) ;
#6679 = CARTESIAN_POINT ( 'NONE',  ( 0.000000000000000000, 0.000000000000000000, 22.64930167012783713 ) ) ;
#6680 = CARTESIAN_POINT ( 'NONE',  ( 14.54461539145625260, -121.3320082995440856, 21.86299596820718349 ) ) ;
#6681 = DIRECTION ( 'NONE',  ( -1.000000000000000000, -1.224646799147349509E-16, 0.000000000000000000 ) ) ;
#6682 = AXIS2_PLACEMENT_3D ( 'NONE', #5373, #2384, #6148 ) ;
#6683 = CARTESIAN_POINT ( 'NONE',  ( -8.092309005976209946, -137.6370741788948067, 24.71643938639230598 ) ) ;
#6684 = CARTESIAN_POINT ( 'NONE',  ( -132.3187826067052697, -31.93059049394203441, 21.73850469220601056 ) ) ;
#6685 = CARTESIAN_POINT ( 'NONE',  ( 350.1999999999999318, -175.0999999999999659, -89.50634777422295940 ) ) ;
#6686 = ORIENTED_EDGE ( 'NONE', *, *, #339, .F. ) ;
#6687 = EDGE_CURVE ( 'NONE', #4253, #680, #6074, .T. ) ;
#6688 = CARTESIAN_POINT ( 'NONE',  ( 14.31048823935946146, -129.5694877681200694, 20.39333473255723561 ) ) ;
#6689 = VERTEX_POINT ( 'NONE', #4982 ) ;
#6690 = AXIS2_PLACEMENT_3D ( 'NONE', #7767, #4663, #4701 ) ;
#6691 = CARTESIAN_POINT ( 'NONE',  ( 128.5837475874409961, 27.11444527738986920, 23.20647492275484680 ) ) ;
#6692 = CARTESIAN_POINT ( 'NONE',  ( -633.2678027596570018, 316.6339013798283304, -81.46200492995686204 ) ) ;
#6693 = AXIS2_PLACEMENT_3D ( 'NONE', #7462, #6859, #6234 ) ;
#6694 = CARTESIAN_POINT ( 'NONE',  ( 88.47315653656002610, -101.1271242968677768, 23.89698163186449165 ) ) ;
#6695 = EDGE_CURVE ( 'NONE', #323, #5142, #4790, .T. ) ;
#6696 = CARTESIAN_POINT ( 'NONE',  ( 0.000000000000000000, 0.000000000000000000, 17.73176671072666366 ) ) ;
#6697 = CARTESIAN_POINT ( 'NONE',  ( 33.59192716851524096, -46.23532122852795112, 17.00000000000000000 ) ) ;
#6698 = AXIS2_PLACEMENT_3D ( 'NONE', #5865, #1594, #1023 ) ;
#6699 = CARTESIAN_POINT ( 'NONE',  ( 350.1999999999999886, 175.0999999999999375, 65.77070040501132553 ) ) ;
#6700 = B_SPLINE_CURVE_WITH_KNOTS ( 'NONE', 3,
 ( #7375, #1810, #3661, #1848, #3747, #5447, #2495, #574 ),
 .UNSPECIFIED., .F., .F.,
 ( 4, 2, 2, 4 ),
 ( 9.257435879003098556E-07, 0.002844151326050035553, 0.004265764117281102379, 0.005687376908512170072 ),
 .UNSPECIFIED. ) ;
#6701 = CYLINDRICAL_SURFACE ( 'NONE', #7277, 6.349999999999999645 ) ;
#6702 = ORIENTED_EDGE ( 'NONE', *, *, #7665, .F. ) ;
#6703 = CARTESIAN_POINT ( 'NONE',  ( 60.57570847101429479, -108.7913805091942976, 21.95127968403708607 ) ) ;
#6704 = AXIS2_PLACEMENT_3D ( 'NONE', #735, #6979, #7703 ) ;
#6705 = VERTEX_POINT ( 'NONE', #3622 ) ;
#6706 = FACE_BOUND ( 'NONE', #7906, .T. ) ;
#6707 = CARTESIAN_POINT ( 'NONE',  ( 87.43752864692987714, 95.65023543885308754, 20.21482714528789870 ) ) ;
#6708 = CARTESIAN_POINT ( 'NONE',  ( -127.5323576541129995, -50.89233541446041187, 22.01760985240180091 ) ) ;
#6709 = CIRCLE ( 'NONE', #2803, 175.0999999999999943 ) ;
#6710 =( BOUNDED_SURFACE ( )  B_SPLINE_SURFACE ( 3, 3, ( 
 ( #6239, #7467, #2426, #6863 ),
 ( #4324, #7425, #3112, #6816 ),
 ( #7387, #1824, #1310, #1263 ),
 ( #4207, #4287, #6778, #2765 ),
 ( #4411, #4633, #2545, #3789 ),
 ( #7089, #2588, #7780, #6904 ),
 ( #960, #7512, #4449, #1609 ),
 ( #3189, #6515, #5052, #3148 ),
 ( #1489, #5845, #4025, #4061 ),
 ( #700, #2167, #291, #1349 ),
 ( #326, #3940, #1529, #1979 ),
 ( #5198, #3337, #6271, #7552 ),
 ( #2211, #5235, #2808, #5611 ),
 ( #7735, #5008, #2731, #3417 ),
 ( #7050, #7131, #5884, #2127 ),
 ( #369, #5806, #6428, #1574 ),
 ( #5280, #146, #4592, #7694 ),
 ( #880, #3982, #4673, #6473 ) ),
 .UNSPECIFIED., .F., .F., .T. ) 
 B_SPLINE_SURFACE_WITH_KNOTS ( ( 4, 2, 2, 2, 2, 2, 2, 2, 4 ),
 ( 4, 4 ),
 ( 0.000000000000000000, 0.1250000000000000000, 0.2500000000000000000, 0.3750000000000000000, 0.5000000000000000000, 0.6250000000000000000, 0.7500000000000000000, 0.8750000000000000000, 1.000000000000000000 ),
 ( 0.000000000000000000, 1.000000000000000000 ),
 .UNSPECIFIED. ) 
 GEOMETRIC_REPRESENTATION_ITEM ( )  RATIONAL_B_SPLINE_SURFACE ( (
 ( 1.000000000000000000, 0.3333333333333334259, 0.3333333333333334259, 1.000000000000000000),
 ( 1.000000000000000000, 0.3333333333333334259, 0.3333333333333334259, 1.000000000000000000),
 ( 1.000000000000000000, 0.3333333333333334259, 0.3333333333333334259, 1.000000000000000000),
 ( 1.000000000000000000, 0.3333333333333334259, 0.3333333333333334259, 1.000000000000000000),
 ( 1.000000000000000000, 0.3333333333333334259, 0.3333333333333334259, 1.000000000000000000),
 ( 1.000000000000000000, 0.3333333333333334259, 0.3333333333333334259, 1.000000000000000000),
 ( 1.000000000000000000, 0.3333333333333334259, 0.3333333333333334259, 1.000000000000000000),
 ( 1.000000000000000000, 0.3333333333333334259, 0.3333333333333334259, 1.000000000000000000),
 ( 1.000000000000000000, 0.3333333333333334259, 0.3333333333333334259, 1.000000000000000000),
 ( 1.000000000000000000, 0.3333333333333334259, 0.3333333333333334259, 1.000000000000000000),
 ( 1.000000000000000000, 0.3333333333333334259, 0.3333333333333334259, 1.000000000000000000),
 ( 1.000000000000000000, 0.3333333333333334259, 0.3333333333333334259, 1.000000000000000000),
 ( 1.000000000000000000, 0.3333333333333334259, 0.3333333333333334259, 1.000000000000000000),
 ( 1.000000000000000000, 0.3333333333333334259, 0.3333333333333334259, 1.000000000000000000),
 ( 1.000000000000000000, 0.3333333333333334259, 0.3333333333333334259, 1.000000000000000000),
 ( 1.000000000000000000, 0.3333333333333334259, 0.3333333333333334259, 1.000000000000000000),
 ( 1.000000000000000000, 0.3333333333333334259, 0.3333333333333334259, 1.000000000000000000),
 ( 1.000000000000000000, 0.3333333333333334259, 0.3333333333333334259, 1.000000000000000000) ) ) 
 REPRESENTATION_ITEM ( '' )  SURFACE ( )  );
#6711 = CARTESIAN_POINT ( 'NONE',  ( 7.546433789322547027E-14, 308.1065411911690717, 91.70875513312377336 ) ) ;
#6712 = DIRECTION ( 'NONE',  ( 1.000000000000000000, 0.000000000000000000, 0.000000000000000000 ) ) ;
#6713 = EDGE_LOOP ( 'NONE', ( #219, #7925, #3662, #3769, #4669 ) ) ;
#6714 = CIRCLE ( 'NONE', #3202, 122.2006631523987323 ) ;
#6715 = AXIS2_PLACEMENT_3D ( 'NONE', #3306, #3949, #1585 ) ;
#6716 = CARTESIAN_POINT ( 'NONE',  ( 0.000000000000000000, 0.000000000000000000, -65.77070040501132553 ) ) ;
#6717 = DIRECTION ( 'NONE',  ( 1.000000000000000000, 0.000000000000000000, 0.000000000000000000 ) ) ;
#6718 = CARTESIAN_POINT ( 'NONE',  ( 14.69510446573481488, 121.9287396677545985, 21.86299596820718705 ) ) ;
#6719 = EDGE_CURVE ( 'NONE', #7624, #364, #6091, .T. ) ;
#6720 = DIRECTION ( 'NONE',  ( 1.000000000000000000, 0.000000000000000000, 0.000000000000000000 ) ) ;
#6721 = AXIS2_PLACEMENT_3D ( 'NONE', #1480, #5189, #355 ) ;
#6722 = FACE_OUTER_BOUND ( 'NONE', #5541, .T. ) ;
#6723 = AXIS2_PLACEMENT_3D ( 'NONE', #4866, #6217, #3007 ) ;
#6724 = DIRECTION ( 'NONE',  ( 0.7071067811865369146, 8.659560562354803436E-17, -0.7071067811865580088 ) ) ;
#6725 = ORIENTED_EDGE ( 'NONE', *, *, #2204, .F. ) ;
#6726 = CARTESIAN_POINT ( 'NONE',  ( 0.000000000000000000, 0.000000000000000000, 21.86299596820717639 ) ) ;
#6727 = CARTESIAN_POINT ( 'NONE',  ( 14.51664885225353707, -128.7771558215628431, 20.21482714528789870 ) ) ;
#6728 = ORIENTED_EDGE ( 'NONE', *, *, #3246, .F. ) ;
#6729 = CARTESIAN_POINT ( 'NONE',  ( 10.48641702414260912, -135.7564299933078473, 21.74863090345352745 ) ) ;
#6730 = AXIS2_PLACEMENT_3D ( 'NONE', #2966, #6875, #5097 ) ;
#6731 = VERTEX_POINT ( 'NONE', #1200 ) ;
#6732 = CYLINDRICAL_SURFACE ( 'NONE', #380, 162.5999999999999943 ) ;
#6733 = CARTESIAN_POINT ( 'NONE',  ( 3.881376242116104093E-14, -316.9384221490204254, -79.84641328172391184 ) ) ;
#6734 = ADVANCED_FACE ( 'NONE', ( #7483 ), #6492, .T. ) ;
#6735 = ADVANCED_FACE ( 'NONE', ( #6722 ), #7449, .T. ) ;
#6736 = AXIS2_PLACEMENT_3D ( 'NONE', #6398, #4451, #6939 ) ;
#6737 = CARTESIAN_POINT ( 'NONE',  ( 162.6000000000000227, 0.000000000000000000, -55.72929959498868158 ) ) ;
#6738 = CARTESIAN_POINT ( 'NONE',  ( -166.6000000000000227, 2.040261567379490787E-14, -55.72929959498868158 ) ) ;
#6739 = DIRECTION ( 'NONE',  ( 1.000000000000000000, 0.000000000000000000, 0.000000000000000000 ) ) ;
#6740 = AXIS2_PLACEMENT_3D ( 'NONE', #872, #243, #6295 ) ;
#6741 = CARTESIAN_POINT ( 'NONE',  ( 14.68617224444811420, -121.9320447288041009, 19.36729857627090823 ) ) ;
#6742 = CARTESIAN_POINT ( 'NONE',  ( 88.06856914383374146, 104.6055116731204322, 21.88462547775458944 ) ) ;
#6743 = EDGE_CURVE ( 'NONE', #5030, #2983, #2589, .T. ) ;
#6744 = ORIENTED_EDGE ( 'NONE', *, *, #7811, .T. ) ;
#6745 = AXIS2_PLACEMENT_3D ( 'NONE', #5917, #7725, #441 ) ;
#6746 = CARTESIAN_POINT ( 'NONE',  ( -132.1421530858943925, 45.71746419001068773, 25.17166564780347571 ) ) ;
#6747 = VERTEX_POINT ( 'NONE', #4194 ) ;
#6748 = CARTESIAN_POINT ( 'NONE',  ( 0.000000000000000000, 0.000000000000000000, 35.77057939344513215 ) ) ;
#6749 = CARTESIAN_POINT ( 'NONE',  ( -3.888414373727005781E-14, -317.5131292087049815, 70.21990042098286722 ) ) ;
#6750 = CARTESIAN_POINT ( 'NONE',  ( -112.9527466391958654, 52.40856758701981732, 21.95127968403708962 ) ) ;
#6751 = CIRCLE ( 'NONE', #6490, 172.6000000000000512 ) ;
#6752 = EDGE_CURVE ( 'NONE', #3689, #565, #5819, .T. ) ;
#6753 = CARTESIAN_POINT ( 'NONE',  ( 7.621155815642245402E-14, 311.1572994331259565, 90.05439378584783583 ) ) ;
#6754 = CARTESIAN_POINT ( 'NONE',  ( -79.18586617593670951, -115.0012861490326372, 22.55843469800813494 ) ) ;
#6755 = ORGANIZATION ( 'UNSPECIFIED', 'UNSPECIFIED', '' ) ;
#6756 = ORIENTED_EDGE ( 'NONE', *, *, #3611, .F. ) ;
#6757 = ORIENTED_EDGE ( 'NONE', *, *, #3739, .F. ) ;
#6758 = DIRECTION ( 'NONE',  ( -0.000000000000000000, -0.000000000000000000, 1.000000000000000000 ) ) ;
#6759 = DIRECTION ( 'NONE',  ( 1.000000000000000000, 0.000000000000000000, 0.000000000000000000 ) ) ;
#6760 = CARTESIAN_POINT ( 'NONE',  ( -10.13161125177880173, 136.0942442683044078, 24.38822037547219779 ) ) ;
#6761 = CARTESIAN_POINT ( 'NONE',  ( 0.000000000000000000, 316.9384221490204254, 79.84641328172391184 ) ) ;
#6762 = CARTESIAN_POINT ( 'NONE',  ( 79.22550215602478829, -114.9849954871006190, 25.12783758235884335 ) ) ;
#6763 = CARTESIAN_POINT ( 'NONE',  ( 0.000000000000000000, 57.14999999999999858, 14.49999999999999822 ) ) ;
#6764 = ORIENTED_EDGE ( 'NONE', *, *, #7427, .F. ) ;
#6765 = DIRECTION ( 'NONE',  ( 0.000000000000000000, 0.000000000000000000, 1.000000000000000000 ) ) ;
#6766 = LINE ( 'NONE', #4312, #1770 ) ;
#6767 = ORIENTED_EDGE ( 'NONE', *, *, #2653, .T. ) ;
#6768 = CARTESIAN_POINT ( 'NONE',  ( -88.47315653655928713, 101.1271242968683453, 21.32969249565513437 ) ) ;
#6769 = CARTESIAN_POINT ( 'NONE',  ( 132.4787342754117390, 32.25841314387282210, 24.36008616810226712 ) ) ;
#6770 = CARTESIAN_POINT ( 'NONE',  ( -625.6784968257508126, -312.8392484128755200, -88.68418937925815726 ) ) ;
#6771 = CARTESIAN_POINT ( 'NONE',  ( 0.000000000000000000, 0.000000000000000000, 35.77057939344513215 ) ) ;
#6772 = EDGE_CURVE ( 'NONE', #3824, #4200, #159, .T. ) ;
#6773 = DIRECTION ( 'NONE',  ( 1.000000000000000000, 0.000000000000000000, 0.000000000000000000 ) ) ;
#6774 = VERTEX_POINT ( 'NONE', #4833 ) ;
#6775 = EDGE_CURVE ( 'NONE', #749, #6287, #4785, .T. ) ;
#6776 = CARTESIAN_POINT ( 'NONE',  ( 83.95086571138139675, 90.37739779200543921, 21.87944146747455676 ) ) ;
#6777 = EDGE_CURVE ( 'NONE', #3177, #7691, #4144, .T. ) ;
#6778 = CARTESIAN_POINT ( 'NONE',  ( 402.2593809215250076, -201.1296904607625038, -93.80705434439103385 ) ) ;
#6779 = CARTESIAN_POINT ( 'NONE',  ( 14.80033666471166498, -122.5411304729919948, 19.38484508003830697 ) ) ;
#6780 = CARTESIAN_POINT ( 'NONE',  ( 82.84686813369506808, 112.8430026656644571, 22.64317227294714385 ) ) ;
#6781 = CALENDAR_DATE ( 2025, 17, 8 ) ;
#6782 = FACE_OUTER_BOUND ( 'NONE', #4320, .T. ) ;
#6783 = ORIENTED_EDGE ( 'NONE', *, *, #7026, .T. ) ;
#6784 = CARTESIAN_POINT ( 'NONE',  ( 0.000000000000000000, 0.000000000000000000, 51.86299596820718705 ) ) ;
#6785 = VERTEX_POINT ( 'NONE', #3588 ) ;
#6786 = EDGE_CURVE ( 'NONE', #4310, #1644, #286, .T. ) ;
#6787 = DIRECTION ( 'NONE',  ( 1.000000000000000000, 0.000000000000000000, 0.000000000000000000 ) ) ;
#6788 = CARTESIAN_POINT ( 'NONE',  ( 6.418317649106173306, 138.5638305507563359, 22.34478643852625979 ) ) ;
#6789 = CARTESIAN_POINT ( 'NONE',  ( -125.8032966579554284, -51.97366366709744767, 21.73803750037582816 ) ) ;
#6790 = CARTESIAN_POINT ( 'NONE',  ( 586.7821853801037832, 293.3910926900517211, 94.50000000000000000 ) ) ;
#6791 = DIRECTION ( 'NONE',  ( -0.000000000000000000, -0.000000000000000000, 1.000000000000000000 ) ) ;
#6792 = ORIENTED_EDGE ( 'NONE', *, *, #7393, .F. ) ;
#6793 = ORIENTED_EDGE ( 'NONE', *, *, #6775, .T. ) ;
#6794 = DIRECTION ( 'NONE',  ( 1.000000000000000000, 0.000000000000000000, 0.000000000000000000 ) ) ;
#6795 = CARTESIAN_POINT ( 'NONE',  ( 0.000000000000000000, 0.000000000000000000, 94.49999999999998579 ) ) ;
#6796 = CARTESIAN_POINT ( 'NONE',  ( 12.57416913977446349, 133.1895796795824936, 23.76049959401590428 ) ) ;
#6797 = CARTESIAN_POINT ( 'NONE',  ( -6.349999999999999645, 57.14999999999999858, -3.460512242138308103 ) ) ;
#6798 = CARTESIAN_POINT ( 'NONE',  ( 78.89014224853059432, -115.1195394400619989, 25.10937875902079242 ) ) ;
#6799 = B_SPLINE_CURVE_WITH_KNOTS ( 'NONE', 3,
 ( #7507, #660, #7384, #3105, #3667, #3639, #3754, #4887, #1820, #4284, #6145, #615 ),
 .UNSPECIFIED., .F., .F.,
 ( 4, 2, 2, 2, 2, 4 ),
 ( 0.02296595948116300981, 0.02485479586138374802, 0.02674363224160448971, 0.02863246862182522792, 0.02957688681193559876, 0.03052130500204596614 ),
 .UNSPECIFIED. ) ;
#6800 = CARTESIAN_POINT ( 'NONE',  ( -7.898971854500428416E-14, 322.5000000000000000, -65.77070040501132553 ) ) ;
#6801 = ORIENTED_EDGE ( 'NONE', *, *, #2552, .F. ) ;
#6802 = FACE_OUTER_BOUND ( 'NONE', #2763, .T. ) ;
#6803 = FACE_OUTER_BOUND ( 'NONE', #4751, .T. ) ;
#6804 = ORIENTED_EDGE ( 'NONE', *, *, #1720, .F. ) ;
#6805 = CARTESIAN_POINT ( 'NONE',  ( -88.47315653655931555, 102.5340113114820895, 21.57701186405694926 ) ) ;
#6806 = ORIENTED_EDGE ( 'NONE', *, *, #5955, .F. ) ;
#6807 = AXIS2_PLACEMENT_3D ( 'NONE', #3154, #7519, #6985 ) ;
#6808 = CARTESIAN_POINT ( 'NONE',  ( 126.4442136057539443, 25.67282379625079969, 22.64930167012784068 ) ) ;
#6809 = CARTESIAN_POINT ( 'NONE',  ( -7.711749139269205023E-14, 314.8560525630094276, -86.09637062918555728 ) ) ;
#6810 = DIRECTION ( 'NONE',  ( -0.000000000000000000, -1.000000000000000000, -0.000000000000000000 ) ) ;
#6811 = CARTESIAN_POINT ( 'NONE',  ( 0.000000000000000000, 0.000000000000000000, 51.86299596820718705 ) ) ;
#6812 = AXIS2_PLACEMENT_3D ( 'NONE', #6903, #3870, #6270 ) ;
#6813 = ORIENTED_EDGE ( 'NONE', *, *, #4587, .T. ) ;
#6814 = CYLINDRICAL_SURFACE ( 'NONE', #6585, 180.1000000000000227 ) ;
#6815 = CARTESIAN_POINT ( 'NONE',  ( -88.47315653655857659, -101.1271242968688426, 14.49999999999999822 ) ) ;
#6816 = CARTESIAN_POINT ( 'NONE',  ( 2.528508904446387929E-14, -206.4684206259987889, -94.49999999999997158 ) ) ;
#6817 = CARTESIAN_POINT ( 'NONE',  ( 0.000000000000000000, 0.000000000000000000, 65.77070040501132553 ) ) ;
#6818 = EDGE_CURVE ( 'NONE', #4618, #3813, #3132, .T. ) ;
#6819 = DIRECTION ( 'NONE',  ( 0.000000000000000000, 0.000000000000000000, -1.000000000000000000 ) ) ;
#6820 = AXIS2_PLACEMENT_3D ( 'NONE', #6290, #6955, #2609 ) ;
#6821 = CARTESIAN_POINT ( 'NONE',  ( -610.3579730019846465, -305.1789865009923801, -92.80220189689723043 ) ) ;
#6822 = ORIENTED_EDGE ( 'NONE', *, *, #2159, .F. ) ;
#6823 = DIRECTION ( 'NONE',  ( 0.000000000000000000, 0.000000000000000000, -1.000000000000000000 ) ) ;
#6824 = AXIS2_PLACEMENT_3D ( 'NONE', #6632, #3406, #5308 ) ;
#6825 = ORIENTED_EDGE ( 'NONE', *, *, #1915, .F. ) ;
#6826 = CARTESIAN_POINT ( 'NONE',  ( 0.000000000000000000, 0.000000000000000000, 52.77070040501133263 ) ) ;
#6827 = CARTESIAN_POINT ( 'NONE',  ( -634.9999999999998863, -317.4999999999999432, 65.77070040501132553 ) ) ;
#6828 = CARTESIAN_POINT ( 'NONE',  ( -127.1064892480125650, -51.18169438030117391, 21.95044964040651436 ) ) ;
#6829 = LINE ( 'NONE', #3801, #3975 ) ;
#6830 = CARTESIAN_POINT ( 'NONE',  ( 593.7421166591423116, 296.8710583295709853, 94.26337537733880367 ) ) ;
#6831 = VECTOR ( 'NONE', #4655, 1000.000000000000000 ) ;
#6832 = EDGE_CURVE ( 'NONE', #4222, #2400, #6346, .T. ) ;
#6833 = ADVANCED_FACE ( 'NONE', ( #5073 ), #6617, .F. ) ;
#6834 = CARTESIAN_POINT ( 'NONE',  ( -80.47623955199803447, -114.4109360664921553, 22.61711700786394275 ) ) ;
#6835 = VERTEX_POINT ( 'NONE', #171 ) ;
#6836 = ORIENTED_EDGE ( 'NONE', *, *, #3151, .T. ) ;
#6837 = CARTESIAN_POINT ( 'NONE',  ( -132.4787342754119948, -32.25841314387194814, 24.36008616810228133 ) ) ;
#6838 = AXIS2_PLACEMENT_3D ( 'NONE', #1942, #2508, #6150 ) ;
#6839 = CARTESIAN_POINT ( 'NONE',  ( 0.000000000000000000, 0.000000000000000000, -39.26483350092088642 ) ) ;
#6840 = FACE_BOUND ( 'NONE', #3804, .T. ) ;
#6841 = DIRECTION ( 'NONE',  ( -0.000000000000000000, -0.000000000000000000, 1.000000000000000000 ) ) ;
#6842 = DIRECTION ( 'NONE',  ( -1.000000000000000000, 1.224646799147349509E-16, 0.000000000000000000 ) ) ;
#6843 = EDGE_CURVE ( 'NONE', #4104, #5066, #5553, .T. ) ;
#6844 = FACE_OUTER_BOUND ( 'NONE', #2671, .T. ) ;
#6845 = CIRCLE ( 'NONE', #6443, 165.0999999999999943 ) ;
#6846 = AXIS2_PLACEMENT_3D ( 'NONE', #5728, #6899, #3821 ) ;
#6847 = ORIENTED_EDGE ( 'NONE', *, *, #6978, .T. ) ;
#6848 = CARTESIAN_POINT ( 'NONE',  ( -130.2435361732916874, -28.82840270481312572, 21.10308663342379631 ) ) ;
#6849 = CARTESIAN_POINT ( 'NONE',  ( 0.000000000000000000, 180.1000000000000512, 68.44440677895181580 ) ) ;
#6850 = VERTEX_POINT ( 'NONE', #1966 ) ;
#6851 = DIRECTION ( 'NONE',  ( -0.000000000000000000, -0.000000000000000000, 1.000000000000000000 ) ) ;
#6852 = ORIENTED_EDGE ( 'NONE', *, *, #846, .F. ) ;
#6853 = DIRECTION ( 'NONE',  ( -0.000000000000000000, -0.000000000000000000, 1.000000000000000000 ) ) ;
#6854 = CIRCLE ( 'NONE', #3333, 129.0241567926366031 ) ;
#6855 = AXIS2_PLACEMENT_3D ( 'NONE', #218, #2773, #2662 ) ;
#6856 = CARTESIAN_POINT ( 'NONE',  ( 63.94909740123627984, 112.7155796549789528, 20.21482714528789870 ) ) ;
#6857 = EDGE_CURVE ( 'NONE', #7539, #3965, #670, .T. ) ;
#6858 = CIRCLE ( 'NONE', #2436, 317.5000000000000000 ) ;
#6859 = DIRECTION ( 'NONE',  ( -0.000000000000000000, -0.000000000000000000, 1.000000000000000000 ) ) ;
#6860 = AXIS2_PLACEMENT_3D ( 'NONE', #5206, #808, #930 ) ;
#6861 = CARTESIAN_POINT ( 'NONE',  ( 0.000000000000000000, 0.000000000000000000, 17.11044636716703948 ) ) ;
#6862 = CARTESIAN_POINT ( 'NONE',  ( 3.773216894661273514E-14, -308.1065411911690717, -91.70875513312377336 ) ) ;
#6863 = CARTESIAN_POINT ( 'NONE',  ( 2.550623558376911991E-14, -208.2742191587611558, -94.50000000000000000 ) ) ;
#6864 = APPLICATION_CONTEXT ( 'configuration controlled 3d designs of mechanical parts and assemblies' ) ;
#6865 = CARTESIAN_POINT ( 'NONE',  ( -151.5999999999999375, 0.000000000000000000, 17.73176671072666366 ) ) ;
#6866 = CARTESIAN_POINT ( 'NONE',  ( 0.000000000000000000, 289.3257808412388954, -99.49999999999998579 ) ) ;
#6867 = AXIS2_PLACEMENT_3D ( 'NONE', #3338, #1531, #5764 ) ;
#6868 = CIRCLE ( 'NONE', #4894, 80.00000000000000000 ) ;
#6869 = ORIENTED_EDGE ( 'NONE', *, *, #6880, .T. ) ;
#6870 = DIRECTION ( 'NONE',  ( 1.000000000000000000, 0.000000000000000000, 0.000000000000000000 ) ) ;
#6871 = CIRCLE ( 'NONE', #5028, 15.00000000000000000 ) ;
#6872 = DIRECTION ( 'NONE',  ( 1.000000000000000000, 0.000000000000000000, 0.000000000000000000 ) ) ;
#6873 = FACE_OUTER_BOUND ( 'NONE', #5165, .T. ) ;
#6874 = CARTESIAN_POINT ( 'NONE',  ( -3.888253587292845372E-14, -317.4999999999998863, 68.03790535064513278 ) ) ;
#6875 = DIRECTION ( 'NONE',  ( -0.000000000000000000, -0.000000000000000000, 1.000000000000000000 ) ) ;
#6876 = DIRECTION ( 'NONE',  ( 0.000000000000000000, 0.000000000000000000, 1.000000000000000000 ) ) ;
#6877 = CONICAL_SURFACE ( 'NONE', #5944, 155.5999999999996817, 0.7853981633974334020 ) ;
#6878 = CARTESIAN_POINT ( 'NONE',  ( -128.3514097034108659, 50.27144168998528073, 22.14220147378478387 ) ) ;
#6879 = CARTESIAN_POINT ( 'NONE',  ( 3.888414373727005781E-14, -317.5131292087049815, -70.21990042098286722 ) ) ;
#6880 = EDGE_CURVE ( 'NONE', #4302, #6456, #7006, .T. ) ;
#6881 = VERTEX_POINT ( 'NONE', #870 ) ;
#6882 = DIRECTION ( 'NONE',  ( -0.000000000000000000, -0.000000000000000000, 1.000000000000000000 ) ) ;
#6883 = AXIS2_PLACEMENT_3D ( 'NONE', #3650, #7935, #6712 ) ;
#6884 = DIRECTION ( 'NONE',  ( -0.000000000000000000, -0.000000000000000000, 1.000000000000000000 ) ) ;
#6885 = EDGE_CURVE ( 'NONE', #6581, #6167, #2337, .T. ) ;
#6886 = CARTESIAN_POINT ( 'NONE',  ( 0.000000000000000000, 317.4322264710784793, 74.34416061146623633 ) ) ;
#6887 = CARTESIAN_POINT ( 'NONE',  ( -126.4442136057541148, -25.67282379624990440, 22.64930167012783713 ) ) ;
#6888 = CARTESIAN_POINT ( 'NONE',  ( -85.22531541276076439, 110.4555020380678059, 25.09900849131273759 ) ) ;
#6889 = CARTESIAN_POINT ( 'NONE',  ( -645.0000000000000000, 322.4999999999998295, -83.74324804101253505 ) ) ;
#6890 = AXIS2_PLACEMENT_3D ( 'NONE', #7680, #5952, #432 ) ;
#6891 = VERTEX_POINT ( 'NONE', #6887 ) ;
#6892 = ORIENTED_EDGE ( 'NONE', *, *, #6266, .F. ) ;
#6893 = ORIENTED_EDGE ( 'NONE', *, *, #7347, .F. ) ;
#6894 = CARTESIAN_POINT ( 'NONE',  ( -59.66843015220396040, 107.0033705195825746, 19.36299596820718705 ) ) ;
#6895 = ORIENTED_EDGE ( 'NONE', *, *, #300, .F. ) ;
#6896 = EDGE_CURVE ( 'NONE', #3900, #4984, #1892, .T. ) ;
#6897 = AXIS2_PLACEMENT_3D ( 'NONE', #5327, #1428, #7824 ) ;
#6898 = DIRECTION ( 'NONE',  ( 1.000000000000000000, 0.000000000000000000, 0.000000000000000000 ) ) ;
#6899 = DIRECTION ( 'NONE',  ( 0.000000000000000000, 0.000000000000000000, -1.000000000000000000 ) ) ;
#6900 = CARTESIAN_POINT ( 'NONE',  ( 0.000000000000000000, 0.000000000000000000, 35.77057939344513215 ) ) ;
#6901 = ORIENTED_EDGE ( 'NONE', *, *, #349, .T. ) ;
#6902 = DIRECTION ( 'NONE',  ( 0.000000000000000000, 0.000000000000000000, 1.000000000000000000 ) ) ;
#6903 = CARTESIAN_POINT ( 'NONE',  ( 0.000000000000000000, 0.000000000000000000, 35.77057939344513215 ) ) ;
#6904 = CARTESIAN_POINT ( 'NONE',  ( 2.401268333048516338E-14, -196.0784394913188748, -92.26983495602148366 ) ) ;
#6905 = CARTESIAN_POINT ( 'NONE',  ( 0.000000000000000000, 57.14999999999999858, 14.49999999999999822 ) ) ;
#6906 = CARTESIAN_POINT ( 'NONE',  ( 63.94909740123874542, -112.7155796549775602, 20.21482714528789870 ) ) ;
#6907 = ORIENTED_EDGE ( 'NONE', *, *, #1249, .T. ) ;
#6908 = CARTESIAN_POINT ( 'NONE',  ( -103.1248389675219101, 1.262915039541619478E-14, 11.86299596820718527 ) ) ;
#6909 = ORIENTED_EDGE ( 'NONE', *, *, #5190, .T. ) ;
#6910 = CARTESIAN_POINT ( 'NONE',  ( -180.1000000000000227, 2.205588885264383237E-14, 99.49999999999995737 ) ) ;
#6911 = FACE_OUTER_BOUND ( 'NONE', #7760, .T. ) ;
#6912 = DIRECTION ( 'NONE',  ( 0.000000000000000000, 0.000000000000000000, -1.000000000000000000 ) ) ;
#6913 = CARTESIAN_POINT ( 'NONE',  ( 0.000000000000000000, 0.000000000000000000, -63.72929959498868868 ) ) ;
#6914 = CARTESIAN_POINT ( 'NONE',  ( 116.4447587503757262, -53.43110229598094918, 19.90476333764142680 ) ) ;
#6915 = ORIENTED_EDGE ( 'NONE', *, *, #111, .F. ) ;
#6916 = ORIENTED_EDGE ( 'NONE', *, *, #6274, .T. ) ;
#6917 = ORIENTED_EDGE ( 'NONE', *, *, #2695, .F. ) ;
#6918 = CARTESIAN_POINT ( 'NONE',  ( -132.8566237805738410, -33.16643099134059725, 24.49673640219628368 ) ) ;
#6919 = CARTESIAN_POINT ( 'NONE',  ( -180.1000000000000227, -2.205588885264383237E-14, -65.77070040501132553 ) ) ;
#6920 = CARTESIAN_POINT ( 'NONE',  ( 7.731595098570232416, 137.8608862213835096, 24.76378928351772402 ) ) ;
#6921 = CYLINDRICAL_SURFACE ( 'NONE', #1159, 15.00000000000000000 ) ;
#6922 = ADVANCED_FACE ( 'NONE', ( #6923 ), #5033, .F. ) ;
#6923 = FACE_OUTER_BOUND ( 'NONE', #5448, .T. ) ;
#6924 = CARTESIAN_POINT ( 'NONE',  ( -2.441942374755004378E-14, -199.3997270441714136, 93.38869490038416643 ) ) ;
#6925 = EDGE_CURVE ( 'NONE', #5769, #2432, #1696, .T. ) ;
#6926 = ORIENTED_EDGE ( 'NONE', *, *, #2451, .F. ) ;
#6927 = ORIENTED_EDGE ( 'NONE', *, *, #1962, .T. ) ;
#6928 = CARTESIAN_POINT ( 'NONE',  ( -83.93067465873500055, 111.9040269669891074, 22.61759513421829482 ) ) ;
#6929 = ORIENTED_EDGE ( 'NONE', *, *, #6368, .T. ) ;
#6930 = CARTESIAN_POINT ( 'NONE',  ( 78.54017444274163040, -115.2633386051894178, 22.52341663800065419 ) ) ;
#6931 = FACE_OUTER_BOUND ( 'NONE', #1380, .T. ) ;
#6932 = EDGE_CURVE ( 'NONE', #1584, #7324, #3871, .T. ) ;
#6933 = EDGE_CURVE ( 'NONE', #5380, #6251, #36, .T. ) ;
#6934 = CARTESIAN_POINT ( 'NONE',  ( 166.5999999999999943, 2.040261567379490471E-14, 56.27070040501133974 ) ) ;
#6935 = ORIENTED_EDGE ( 'NONE', *, *, #3777, .T. ) ;
#6936 = FACE_OUTER_BOUND ( 'NONE', #4810, .T. ) ;
#6937 = DIRECTION ( 'NONE',  ( -0.000000000000000000, -0.000000000000000000, 1.000000000000000000 ) ) ;
#6938 = CARTESIAN_POINT ( 'NONE',  ( -14.83748325984180205, -127.5441009372259629, 19.93702735022719352 ) ) ;
#6939 = DIRECTION ( 'NONE',  ( 1.000000000000000000, 0.000000000000000000, 0.000000000000000000 ) ) ;
#6940 = VECTOR ( 'NONE', #1939, 1000.000000000000000 ) ;
#6941 = EDGE_CURVE ( 'NONE', #7909, #276, #2077, .T. ) ;
#6942 = CARTESIAN_POINT ( 'NONE',  ( 0.000000000000000000, 0.000000000000000000, 21.86299596820717639 ) ) ;
#6943 = CARTESIAN_POINT ( 'NONE',  ( 132.9752352552342813, -33.48020896927366152, 24.54142632664487778 ) ) ;
#6944 = CARTESIAN_POINT ( 'NONE',  ( 132.9765749372846528, -43.78728962887731058, 25.21279313209343087 ) ) ;
#6945 = DIRECTION ( 'NONE',  ( -0.000000000000000000, -0.000000000000000000, 1.000000000000000000 ) ) ;
#6946 = AXIS2_PLACEMENT_3D ( 'NONE', #567, #682, #1241 ) ;
#6947 = CARTESIAN_POINT ( 'NONE',  ( -2.550623558376911991E-14, -208.2742191587611558, 94.50000000000000000 ) ) ;
#6948 = DIRECTION ( 'NONE',  ( -0.000000000000000000, -1.000000000000000000, -0.000000000000000000 ) ) ;
#6949 = CARTESIAN_POINT ( 'NONE',  ( 113.1436935166975530, -52.50043247400346758, 19.45548170729897919 ) ) ;
#6950 = ORIENTED_EDGE ( 'NONE', *, *, #5120, .F. ) ;
#6951 = AXIS2_PLACEMENT_3D ( 'NONE', #5204, #806, #767 ) ;
#6952 = ORIENTED_EDGE ( 'NONE', *, *, #6416, .T. ) ;
#6953 = ORIENTED_EDGE ( 'NONE', *, *, #401, .T. ) ;
#6954 = DIRECTION ( 'NONE',  ( -0.000000000000000000, -0.000000000000000000, 1.000000000000000000 ) ) ;
#6955 = DIRECTION ( 'NONE',  ( -0.000000000000000000, -0.000000000000000000, 1.000000000000000000 ) ) ;
#6956 = CARTESIAN_POINT ( 'NONE',  ( -73.47315653655930134, 101.1271242968683453, 21.86299596820718349 ) ) ;
#6957 = DIRECTION ( 'NONE',  ( 1.000000000000000000, 0.000000000000000000, 0.000000000000000000 ) ) ;
#6958 = AXIS2_PLACEMENT_3D ( 'NONE', #7014, #2702, #3992 ) ;
#6959 = DIRECTION ( 'NONE',  ( -0.000000000000000000, -0.000000000000000000, 1.000000000000000000 ) ) ;
#6960 = CARTESIAN_POINT ( 'NONE',  ( 398.7994540883427135, -199.3997270441714704, 93.38869490038415222 ) ) ;
#6961 = EDGE_LOOP ( 'NONE', ( #3945, #7732, #5194, #2970, #1043 ) ) ;
#6962 = CIRCLE ( 'NONE', #4488, 170.0000000000000284 ) ;
#6963 = ORIENTED_EDGE ( 'NONE', *, *, #2596, .F. ) ;
#6964 = ADVANCED_FACE ( 'NONE', ( #2160, #6544 ), #3452, .T. ) ;
#6965 = CARTESIAN_POINT ( 'NONE',  ( -2.506412666873533872E-14, -204.6641259029620414, 94.36274905517983314 ) ) ;
#6966 = B_SPLINE_CURVE_WITH_KNOTS ( 'NONE', 3,
 ( #5732, #6688, #7828, #5364, #1175, #6653, #7948, #4072, #5940, #6729, #4809, #1774, #1134, #7219, #5331, #5980, #3470, #2901, #7980, #7910, #3595, #422, #7867, #2416, #2342, #4117, #7338, #3517, #6561, #6105, #2299, #6063, #4839, #4880, #2863, #1619, #2982, #1096, #2256, #6611, #540, #4163, #4720, #459, #1659, #6020, #3553, #1058 ),
 .UNSPECIFIED., .F., .F.,
 ( 4, 2, 2, 2, 2, 2, 2, 2, 2, 2, 2, 2, 2, 2, 2, 2, 2, 2, 2, 2, 2, 2, 2, 4 ),
 ( 9.257435879267568712E-07, 0.002479748731405894118, 0.004958571719223862050, 0.006197983213132810670, 0.007437394707041759291, 0.009916217694859655665, 0.01115562918876862770, 0.01239504068267760148, 0.01487386367049554729, 0.01611327516440453148, 0.01735268665831351392, 0.01983150964613148229, 0.02107092114004046474, 0.02231033263394944718, 0.02478915562176741555, 0.02602856711567640147, 0.02726797860958538391, 0.02974680159740339044, 0.03098621309131241452, 0.03222562458522144208, 0.03470444757303950412, 0.03594385906694856636, 0.03718327056085762861, 0.03966209354867583636 ),
 .UNSPECIFIED. ) ;
#6967 = ORIENTED_EDGE ( 'NONE', *, *, #3917, .F. ) ;
#6968 = CARTESIAN_POINT ( 'NONE',  ( -15.00000000000000533, -124.6937020606840321, 22.05379903008223152 ) ) ;
#6969 = CARTESIAN_POINT ( 'NONE',  ( -158.5999999999999943, 1.942289823447702037E-14, 49.52347715474393652 ) ) ;
#6970 = CIRCLE ( 'NONE', #3065, 4.000000000000003553 ) ;
#6971 = CARTESIAN_POINT ( 'NONE',  ( -616.2130823823381434, -308.1065411911691285, -91.70875513312377336 ) ) ;
#6972 = CARTESIAN_POINT ( 'NONE',  ( 0.000000000000000000, 0.000000000000000000, -48.95722165634649770 ) ) ;
#6973 = VERTEX_POINT ( 'NONE', #4746 ) ;
#6974 = DIRECTION ( 'NONE',  ( 1.000000000000000000, 0.000000000000000000, 0.000000000000000000 ) ) ;
#6975 = VECTOR ( 'NONE', #2990, 1000.000000000000000 ) ;
#6976 = ORIENTED_EDGE ( 'NONE', *, *, #4000, .T. ) ;
#6977 = CARTESIAN_POINT ( 'NONE',  ( 172.5999999999999943, 0.000000000000000000, 65.77070040501132553 ) ) ;
#6978 = EDGE_CURVE ( 'NONE', #608, #287, #1568, .T. ) ;
#6979 = DIRECTION ( 'NONE',  ( -0.000000000000000000, -0.000000000000000000, 1.000000000000000000 ) ) ;
#6980 = EDGE_CURVE ( 'NONE', #5869, #3228, #3363, .T. ) ;
#6981 = AXIS2_PLACEMENT_3D ( 'NONE', #3808, #1288, #2569 ) ;
#6982 = AXIS2_PLACEMENT_3D ( 'NONE', #2126, #4519, #7048 ) ;
#6983 = DIRECTION ( 'NONE',  ( 0.000000000000000000, 0.000000000000000000, -1.000000000000000000 ) ) ;
#6984 = CARTESIAN_POINT ( 'NONE',  ( 132.1912461836208763, -31.67832206295203434, 24.26304557075799195 ) ) ;
#6985 = DIRECTION ( 'NONE',  ( 1.000000000000000000, 0.000000000000000000, 0.000000000000000000 ) ) ;
#6986 = CARTESIAN_POINT ( 'NONE',  ( 170.0000000000000284, 0.000000000000000000, -99.49999999999995737 ) ) ;
#6987 = AXIS2_PLACEMENT_3D ( 'NONE', #7679, #6247, #5137 ) ;
#6988 = AXIS2_PLACEMENT_3D ( 'NONE', #6583, #7283, #2963 ) ;
#6989 = DIRECTION ( 'NONE',  ( -1.000000000000000000, 0.000000000000000000, 0.000000000000000000 ) ) ;
#6990 = ADVANCED_FACE ( 'NONE', ( #3971 ), #7328, .T. ) ;
#6991 = DIRECTION ( 'NONE',  ( -0.000000000000000000, -0.000000000000000000, 1.000000000000000000 ) ) ;
#6992 = CARTESIAN_POINT ( 'NONE',  ( 0.000000000000000000, 0.000000000000000000, -48.95722165634649770 ) ) ;
#6993 = CARTESIAN_POINT ( 'NONE',  ( 117.3735328108826934, -53.55431902884512141, 20.08374815044084372 ) ) ;
#6994 = ORIENTED_EDGE ( 'NONE', *, *, #7181, .T. ) ;
#6995 = CIRCLE ( 'NONE', #3615, 15.00000000000000000 ) ;
#6996 = EDGE_LOOP ( 'NONE', ( #689, #6348 ) ) ;
#6997 = ORIENTED_EDGE ( 'NONE', *, *, #3750, .F. ) ;
#6998 = CARTESIAN_POINT ( 'NONE',  ( 120.0026654825654902, -53.61912269453940638, 20.64530059722081390 ) ) ;
#6999 = CARTESIAN_POINT ( 'NONE',  ( -83.95086571138207887, -90.37739779200481394, 21.87944146747455676 ) ) ;
#7000 = LINE ( 'NONE', #1517, #2178 ) ;
#7001 = DIRECTION ( 'NONE',  ( -0.000000000000000000, -0.000000000000000000, 1.000000000000000000 ) ) ;
#7002 = AXIS2_PLACEMENT_3D ( 'NONE', #5919, #479, #1643 ) ;
#7003 = CARTESIAN_POINT ( 'NONE',  ( 130.6362653317126785, -29.30312305190380329, 21.21673723129296363 ) ) ;
#7004 = CARTESIAN_POINT ( 'NONE',  ( 392.1568789826376360, 196.0784394913188180, 92.26983495602146945 ) ) ;
#7005 = EDGE_LOOP ( 'NONE', ( #2774, #7610 ) ) ;
#7006 = CIRCLE ( 'NONE', #4651, 172.5999999999999943 ) ;
#7007 = ORIENTED_EDGE ( 'NONE', *, *, #1779, .F. ) ;
#7008 = CARTESIAN_POINT ( 'NONE',  ( -54.35287990626808607, 17.66032122852809394, 14.49999999999999822 ) ) ;
#7009 = EDGE_LOOP ( 'NONE', ( #6049, #3976, #4473, #3119, #2718, #7814, #4819, #3736 ) ) ;
#7010 = CARTESIAN_POINT ( 'NONE',  ( 81.10295224065485797, -114.0616132663281519, 22.63500232392828693 ) ) ;
#7011 = CARTESIAN_POINT ( 'NONE',  ( -175.0999999999999943, -2.144356545307015663E-14, -99.49999999999995737 ) ) ;
#7012 = AXIS2_PLACEMENT_3D ( 'NONE', #6908, #1227, #4452 ) ;
#7013 = CARTESIAN_POINT ( 'NONE',  ( -60.57570847101348477, 108.7913805091947239, 21.95127968403708607 ) ) ;
#7014 = CARTESIAN_POINT ( 'NONE',  ( 0.000000000000000000, 0.000000000000000000, 19.16641954272702009 ) ) ;
#7015 = ORIENTED_EDGE ( 'NONE', *, *, #4079, .F. ) ;
#7016 = CARTESIAN_POINT ( 'NONE',  ( -14.95962650208572420, 126.2709311740187133, 19.73654235249535205 ) ) ;
#7017 = CC_DESIGN_APPROVAL ( #5460, ( #7796 ) ) ;
#7018 = EDGE_LOOP ( 'NONE', ( #1459, #1260, #7582, #6744, #2971, #7621, #331, #799 ) ) ;
#7019 = DIRECTION ( 'NONE',  ( 0.000000000000000000, 0.000000000000000000, -1.000000000000000000 ) ) ;
#7020 = DIRECTION ( 'NONE',  ( -0.000000000000000000, -0.000000000000000000, 1.000000000000000000 ) ) ;
#7021 = PERSON_AND_ORGANIZATION ( #2260, #6755 ) ;
#7022 = EDGE_CURVE ( 'NONE', #3916, #4032, #7270, .T. ) ;
#7023 = CARTESIAN_POINT ( 'NONE',  ( -82.07873731200731982, 113.4344371304404007, 25.21609037931547448 ) ) ;
#7024 = CARTESIAN_POINT ( 'NONE',  ( 0.000000000000000000, 296.8710583295711558, -94.26337537733878946 ) ) ;
#7025 = DIRECTION ( 'NONE',  ( 1.000000000000000000, 0.000000000000000000, 0.000000000000000000 ) ) ;
#7026 = EDGE_CURVE ( 'NONE', #5722, #4222, #2843, .T. ) ;
#7027 = ORIENTED_EDGE ( 'NONE', *, *, #4890, .T. ) ;
#7028 = DIRECTION ( 'NONE',  ( 0.000000000000000000, -1.000000000000000000, 0.000000000000000000 ) ) ;
#7029 = DIRECTION ( 'NONE',  ( 0.000000000000000000, 0.000000000000000000, -1.000000000000000000 ) ) ;
#7030 = CARTESIAN_POINT ( 'NONE',  ( -61.87389203079962385, -110.7080137356926883, 22.19898564087191062 ) ) ;
#7031 = DIRECTION ( 'NONE',  ( 0.000000000000000000, 0.000000000000000000, -1.000000000000000000 ) ) ;
#7032 = CARTESIAN_POINT ( 'NONE',  ( 0.000000000000000000, 208.2742191587611558, 94.50000000000000000 ) ) ;
#7033 = ORIENTED_EDGE ( 'NONE', *, *, #2007, .F. ) ;
#7034 = CARTESIAN_POINT ( 'NONE',  ( -63.48971720767440985, 112.3222544509342100, 22.64930167012784423 ) ) ;
#7035 = EDGE_CURVE ( 'NONE', #5519, #5304, #3718, .T. ) ;
#7036 = ORIENTED_EDGE ( 'NONE', *, *, #2304, .F. ) ;
#7037 = ORIENTED_EDGE ( 'NONE', *, *, #3875, .T. ) ;
#7038 = DIRECTION ( 'NONE',  ( -0.000000000000000000, 0.000000000000000000, 1.000000000000000000 ) ) ;
#7039 = CARTESIAN_POINT ( 'NONE',  ( 2.144356545307015663E-14, -175.0999999999999943, -65.77070040501132553 ) ) ;
#7040 = CARTESIAN_POINT ( 'NONE',  ( 87.43752864692987714, 95.65023543885308754, 20.21482714528789870 ) ) ;
#7041 = DIRECTION ( 'NONE',  ( 1.000000000000000000, 0.000000000000000000, 0.000000000000000000 ) ) ;
#7042 = CARTESIAN_POINT ( 'NONE',  ( 71.44189416393241743, -115.9932400970122330, 24.33211710316041376 ) ) ;
#7043 = CARTESIAN_POINT ( 'NONE',  ( -84.28398687383922550, 111.5504966727959584, 25.16854267233842535 ) ) ;
#7044 = CARTESIAN_POINT ( 'NONE',  ( -2.256434429911785567E-14, -184.2518537984015552, 82.49406996101798484 ) ) ;
#7045 = EDGE_CURVE ( 'NONE', #7563, #5112, #5710, .T. ) ;
#7046 = ORIENTED_EDGE ( 'NONE', *, *, #4277, .F. ) ;
#7047 = ORIENTED_EDGE ( 'NONE', *, *, #7866, .T. ) ;
#7048 = DIRECTION ( 'NONE',  ( 0.000000000000000000, 0.000000000000000000, -1.000000000000000000 ) ) ;
#7049 = VERTEX_POINT ( 'NONE', #7032 ) ;
#7050 = CARTESIAN_POINT ( 'NONE',  ( 0.000000000000000000, 181.1852796634682363, -75.30398140309957000 ) ) ;
#7051 = CARTESIAN_POINT ( 'NONE',  ( -14.99062835740331323, -124.3861477005087863, 22.02048096753083328 ) ) ;
#7052 = CARTESIAN_POINT ( 'NONE',  ( -593.7421166591421979, -296.8710583295712127, -94.26337537733880367 ) ) ;
#7053 = ORIENTED_EDGE ( 'NONE', *, *, #5729, .F. ) ;
#7054 = LINE ( 'NONE', #5083, #1258 ) ;
#7055 = ORIENTED_EDGE ( 'NONE', *, *, #1518, .F. ) ;
#7056 = DIRECTION ( 'NONE',  ( 1.000000000000000000, 0.000000000000000000, 0.000000000000000000 ) ) ;
#7057 = CARTESIAN_POINT ( 'NONE',  ( -110.8990637958518022, 51.32640377125225228, 19.36299596820718705 ) ) ;
#7058 = CARTESIAN_POINT ( 'NONE',  ( 0.000000000000000000, 122.2006631523987323, 19.36299596820718705 ) ) ;
#7059 = CARTESIAN_POINT ( 'NONE',  ( 2.226406733751534787E-14, -181.7999063323111386, -77.29528289382909634 ) ) ;
#7060 = CARTESIAN_POINT ( 'NONE',  ( 117.3856248595702851, -53.55229325042120792, 22.64930167012784068 ) ) ;
#7061 = EDGE_CURVE ( 'NONE', #7762, #7049, #6218, .T. ) ;
#7062 = CARTESIAN_POINT ( 'NONE',  ( 123.0111815810783611, 53.05692307904756433, 23.80338697695759720 ) ) ;
#7063 = B_SPLINE_CURVE_WITH_KNOTS ( 'NONE', 3,
 ( #5485, #7304, #1737, #2379, #4237, #3018, #1890, #1969, #4357, #4957, #6894, #761 ),
 .UNSPECIFIED., .F., .F.,
 ( 4, 2, 2, 2, 2, 4 ),
 ( 0.02296595948116315206, 0.02485479586138388680, 0.02674363224160461808, 0.02863246862182535282, 0.02957688681193573060, 0.03052130500204611185 ),
 .UNSPECIFIED. ) ;
#7064 = CARTESIAN_POINT ( 'NONE',  ( 0.000000000000000000, 314.1427079276870131, 87.18980760446915212 ) ) ;
#7065 = CARTESIAN_POINT ( 'NONE',  ( -2.218879727924843965E-14, -181.1852796634682363, 75.30398140309957000 ) ) ;
#7066 = CARTESIAN_POINT ( 'NONE',  ( 110.8990637958510632, 51.32640377125381548, 19.36299596820717994 ) ) ;
#7067 = AXIS2_PLACEMENT_3D ( 'NONE', #6738, #2425, #5455 ) ;
#7068 = CC_DESIGN_DATE_AND_TIME_ASSIGNMENT ( #2630, #3235, ( #7768 ) ) ;
#7069 = CARTESIAN_POINT ( 'NONE',  ( -100.8503410874426152, 1.248987756799086808E-14, 21.60089406756696206 ) ) ;
#7070 = ORIENTED_EDGE ( 'NONE', *, *, #7079, .F. ) ;
#7071 = EDGE_LOOP ( 'NONE', ( #2044, #1008, #539, #7053 ) ) ;
#7072 = AXIS2_PLACEMENT_3D ( 'NONE', #5968, #448, #5353 ) ;
#7073 = ORIENTED_EDGE ( 'NONE', *, *, #6213, .T. ) ;
#7074 = LINE ( 'NONE', #2643, #768 ) ;
#7075 = CARTESIAN_POINT ( 'NONE',  ( -4.288713090614031325E-14, 175.0999999999999943, -65.77070040501132553 ) ) ;
#7076 = DIRECTION ( 'NONE',  ( 1.000000000000000000, 0.000000000000000000, 0.000000000000000000 ) ) ;
#7077 = CARTESIAN_POINT ( 'NONE',  ( 87.20541043529333081, -95.09179473994014131, 22.64930167012784068 ) ) ;
#7078 = EDGE_CURVE ( 'NONE', #1556, #6705, #4004, .T. ) ;
#7079 = EDGE_CURVE ( 'NONE', #7404, #2164, #1053, .T. ) ;
#7080 = CARTESIAN_POINT ( 'NONE',  ( 634.6749012020570717, -317.3374506010287064, 76.28597499736081033 ) ) ;
#7081 = AXIS2_PLACEMENT_3D ( 'NONE', #5267, #950, #4053 ) ;
#7082 = CARTESIAN_POINT ( 'NONE',  ( 380.1892178384301815, -190.0946089192151760, 88.90489066047071276 ) ) ;
#7083 = VERTEX_POINT ( 'NONE', #3281 ) ;
#7084 = ORIENTED_EDGE ( 'NONE', *, *, #2295, .T. ) ;
#7085 = ORIENTED_EDGE ( 'NONE', *, *, #300, .T. ) ;
#7086 = CARTESIAN_POINT ( 'NONE',  ( 0.000000000000000000, 208.2742191587611558, 94.50000000000000000 ) ) ;
#7087 = VERTEX_POINT ( 'NONE', #2560 ) ;
#7088 = AXIS2_PLACEMENT_3D ( 'NONE', #2026, #1506, #854 ) ;
#7089 = CARTESIAN_POINT ( 'NONE',  ( 0.000000000000000000, 196.0784394913188748, -92.26983495602148366 ) ) ;
#7090 = CARTESIAN_POINT ( 'NONE',  ( 79.20086494694392343, -115.0085545122712603, 22.56151381861968019 ) ) ;
#7091 = CARTESIAN_POINT ( 'NONE',  ( -3.866653872810499597E-14, -315.7362494641405988, 84.26865681888700976 ) ) ;
#7092 = EDGE_CURVE ( 'NONE', #314, #3786, #7985, .T. ) ;
#7093 = CARTESIAN_POINT ( 'NONE',  ( 12.34655632323245023, -133.5605866589476989, 23.84166450026205197 ) ) ;
#7094 = ORIENTED_EDGE ( 'NONE', *, *, #6980, .F. ) ;
#7095 = DIRECTION ( 'NONE',  ( -0.000000000000000000, -0.000000000000000000, 1.000000000000000000 ) ) ;
#7096 = VERTEX_POINT ( 'NONE', #7069 ) ;
#7097 = CARTESIAN_POINT ( 'NONE',  ( 39.94192716851524239, -46.23532122852795112, 14.49999999999999822 ) ) ;
#7098 = AXIS2_PLACEMENT_3D ( 'NONE', #3149, #4450, #5699 ) ;
#7099 = CARTESIAN_POINT ( 'NONE',  ( 0.000000000000000000, 191.4954247011830830, -89.88689247745783462 ) ) ;
#7100 = CARTESIAN_POINT ( 'NONE',  ( 0.000000000000000000, 0.000000000000000000, 51.86299596820718705 ) ) ;
#7101 = AXIS2_PLACEMENT_3D ( 'NONE', #4367, #550, #3759 ) ;
#7102 = CIRCLE ( 'NONE', #3597, 175.0999999999999943 ) ;
#7103 = CARTESIAN_POINT ( 'NONE',  ( -59.55032408116456111, 106.7087671033373653, 19.36299596820717994 ) ) ;
#7104 = CARTESIAN_POINT ( 'NONE',  ( -151.5999999999999375, 0.000000000000000000, 36.24442096338251673 ) ) ;
#7105 = CARTESIAN_POINT ( 'NONE',  ( -616.2130823823381434, 308.1065411911690717, 91.70875513312377336 ) ) ;
#7106 = CARTESIAN_POINT ( 'NONE',  ( -133.0522051088401838, 33.66698703322731490, 22.00208764290303165 ) ) ;
#7107 = CARTESIAN_POINT ( 'NONE',  ( 114.9129051524376450, 53.10590599329415085, 19.65482771601760703 ) ) ;
#7108 = VECTOR ( 'NONE', #3407, 1000.000000000000000 ) ;
#7109 = CONICAL_SURFACE ( 'NONE', #5525, 150.0999999999999375, 0.7853981633974471688 ) ;
#7110 = CARTESIAN_POINT ( 'NONE',  ( -150.0999999999999375, 0.000000000000000000, 17.11044636716703948 ) ) ;
#7111 = ORIENTED_EDGE ( 'NONE', *, *, #2754, .F. ) ;
#7112 = CYLINDRICAL_SURFACE ( 'NONE', #5694, 6.350000000000001421 ) ;
#7113 = B_SPLINE_CURVE_WITH_KNOTS ( 'NONE', 3,
 ( #4160, #5738, #5977, #2252, #5361, #7862, #2631, #4535, #2815, #2296, #1009, #2068, #4716, #1698, #7215, #4761, #1093, #7261, #7788, #848, #225, #7024, #2668, #5777 ),
 .UNSPECIFIED., .F., .F.,
 ( 4, 2, 2, 2, 2, 2, 2, 2, 2, 2, 2, 4 ),
 ( 0.000000000000000000, 0.1250000000000009159, 0.2500000000000018319, 0.3750000000000027756, 0.4375000000000025535, 0.5000000000000023315, 0.5625000000000021094, 0.6250000000000018874, 0.6875000000000016653, 0.7500000000000014433, 0.8750000000000007772, 1.000000000000000000 ),
 .UNSPECIFIED. ) ;
#7114 = CIRCLE ( 'NONE', #4637, 42.00000000000000000 ) ;
#7115 = VERTEX_POINT ( 'NONE', #6534 ) ;
#7116 = CARTESIAN_POINT ( 'NONE',  ( 127.1180191690864092, -51.17429795790568647, 21.95230021006723575 ) ) ;
#7117 = CARTESIAN_POINT ( 'NONE',  ( -103.8820645368943332, 38.62712429686809656, 19.36299596820718705 ) ) ;
#7118 = CARTESIAN_POINT ( 'NONE',  ( 14.54461539145625260, 121.3320082995440856, 21.86299596820717639 ) ) ;
#7119 = CARTESIAN_POINT ( 'NONE',  ( 83.95153448214153968, -90.37794910254628178, 21.87943822414528938 ) ) ;
#7120 = AXIS2_PLACEMENT_3D ( 'NONE', #1470, #820, #5060 ) ;
#7121 = CARTESIAN_POINT ( 'NONE',  ( 634.9999999999998863, -317.5000000000000000, 65.77070040501132553 ) ) ;
#7122 = EDGE_CURVE ( 'NONE', #2031, #1799, #357, .T. ) ;
#7123 = CARTESIAN_POINT ( 'NONE',  ( -70.16547261307877648, -115.7746635610526909, 21.56568526467354374 ) ) ;
#7124 = EDGE_LOOP ( 'NONE', ( #211, #1411, #7608, #1977, #4114, #3267, #7154, #4862, #2719, #5696, #5351, #3623, #2058, #1637, #6628, #244, #5197, #4616 ) ) ;
#7125 = EDGE_CURVE ( 'NONE', #7967, #7303, #7394, .T. ) ;
#7126 = ORIENTED_EDGE ( 'NONE', *, *, #5971, .T. ) ;
#7127 = EDGE_CURVE ( 'NONE', #7291, #5464, #5430, .T. ) ;
#7128 = DIRECTION ( 'NONE',  ( 1.000000000000000000, 0.000000000000000000, 0.000000000000000000 ) ) ;
#7129 = CIRCLE ( 'NONE', #7268, 289.3257808412388954 ) ;
#7130 = CARTESIAN_POINT ( 'NONE',  ( 3.886262931281310274E-14, -317.3374506010286495, -76.28597499736081033 ) ) ;
#7131 = CARTESIAN_POINT ( 'NONE',  ( 362.3705593269363590, 181.1852796634682079, -75.30398140309957000 ) ) ;
#7132 = CARTESIAN_POINT ( 'NONE',  ( -375.0390734074504735, 187.5195367037252083, -86.64764840476198060 ) ) ;
#7133 = CARTESIAN_POINT ( 'NONE',  ( -2.550623558376911991E-14, -208.2742191587611558, 99.50000000000000000 ) ) ;
#7134 = CARTESIAN_POINT ( 'NONE',  ( 631.4724989282810839, 315.7362494641405419, -84.26865681888700976 ) ) ;
#7135 = CARTESIAN_POINT ( 'NONE',  ( 0.000000000000000000, 0.000000000000000000, -57.22929959498868158 ) ) ;
#7136 = AXIS2_PLACEMENT_3D ( 'NONE', #3743, #602, #13 ) ;
#7137 = ORIENTED_EDGE ( 'NONE', *, *, #1995, .F. ) ;
#7138 = CARTESIAN_POINT ( 'NONE',  ( 2.348935297277912938E-14, -191.8051228250735676, -99.50000000000000000 ) ) ;
#7139 = VERTEX_POINT ( 'NONE', #2873 ) ;
#7140 = ADVANCED_FACE ( 'NONE', ( #7803 ), #4736, .T. ) ;
#7141 = DIRECTION ( 'NONE',  ( 1.000000000000000000, 0.000000000000000000, 0.000000000000000000 ) ) ;
#7142 = ORIENTED_EDGE ( 'NONE', *, *, #2787, .T. ) ;
#7143 = CARTESIAN_POINT ( 'NONE',  ( -149.5999999999999659, 1.899427185477544420E-14, 39.70852257852028089 ) ) ;
#7144 = CARTESIAN_POINT ( 'NONE',  ( 0.000000000000000000, 0.000000000000000000, -65.77070040501132553 ) ) ;
#7145 = CIRCLE ( 'NONE', #678, 12.49999999999999822 ) ;
#7146 = DIRECTION ( 'NONE',  ( 1.000000000000000000, 0.000000000000000000, 0.000000000000000000 ) ) ;
#7147 = CARTESIAN_POINT ( 'NONE',  ( 123.4609555976857393, 52.92014213023519886, 21.31998770891662787 ) ) ;
#7148 = DIRECTION ( 'NONE',  ( 0.000000000000000000, -1.000000000000000000, 0.000000000000000000 ) ) ;
#7149 = CARTESIAN_POINT ( 'NONE',  ( -3.737364689854735914E-14, -305.1789865009923233, 92.80220189689723043 ) ) ;
#7150 = DIRECTION ( 'NONE',  ( -0.000000000000000000, -0.000000000000000000, 1.000000000000000000 ) ) ;
#7151 = CARTESIAN_POINT ( 'NONE',  ( 7.898971854500428416E-14, 322.5000000000000000, 83.74324804101253505 ) ) ;
#7152 =( GEOMETRIC_REPRESENTATION_CONTEXT ( 3 ) GLOBAL_UNCERTAINTY_ASSIGNED_CONTEXT ( ( #7211 ) ) GLOBAL_UNIT_ASSIGNED_CONTEXT ( ( #6102, #4274, #7977 ) ) REPRESENTATION_CONTEXT ( 'NONE', 'WORKASPACE' ) );
#7153 = DIRECTION ( 'NONE',  ( -0.000000000000000000, -0.000000000000000000, 1.000000000000000000 ) ) ;
#7154 = ORIENTED_EDGE ( 'NONE', *, *, #71, .T. ) ;
#7155 = ORIENTED_EDGE ( 'NONE', *, *, #2262, .F. ) ;
#7156 = ORIENTED_EDGE ( 'NONE', *, *, #2507, .F. ) ;
#7157 = CARTESIAN_POINT ( 'NONE',  ( -126.4442136057543138, 25.67282379624899846, 22.64930167012783713 ) ) ;
#7158 = CARTESIAN_POINT ( 'NONE',  ( -175.1000000000000512, 2.144356545307016609E-14, -65.22929959498867447 ) ) ;
#7159 = CARTESIAN_POINT ( 'NONE',  ( -83.08400613783561539, 89.61054624860909712, 21.86299596820718349 ) ) ;
#7160 = CARTESIAN_POINT ( 'NONE',  ( -122.5048700326674407, -53.19233332856818919, 23.70743701897742639 ) ) ;
#7161 = DIRECTION ( 'NONE',  ( 1.000000000000000000, 0.000000000000000000, 0.000000000000000000 ) ) ;
#7162 = CARTESIAN_POINT ( 'NONE',  ( -578.6515616824776771, -289.3257808412388385, 99.49999999999998579 ) ) ;
#7163 = EDGE_LOOP ( 'NONE', ( #5723, #6847, #1889, #59 ) ) ;
#7164 = EDGE_LOOP ( 'NONE', ( #4881, #7237, #2959, #2283, #2837, #1539 ) ) ;
#7165 = CARTESIAN_POINT ( 'NONE',  ( -366.6664699845586028, -183.3332349922792730, 80.88990889983972465 ) ) ;
#7166 = CARTESIAN_POINT ( 'NONE',  ( -48.00287990626808465, 17.66032122852809394, 14.49999999999999822 ) ) ;
#7167 = CARTESIAN_POINT ( 'NONE',  ( 15.00000000000000533, 124.6937020606840321, 22.05379903008223152 ) ) ;
#7168 = ADVANCED_FACE ( 'NONE', ( #7190 ), #3961, .F. ) ;
#7169 = CARTESIAN_POINT ( 'NONE',  ( 14.95277325265746704, -123.7712438656887173, 21.96329271012924522 ) ) ;
#7170 = CARTESIAN_POINT ( 'NONE',  ( -383.6102456501470215, 191.8051228250735960, 99.50000000000001421 ) ) ;
#7171 = CARTESIAN_POINT ( 'NONE',  ( 0.000000000000000000, 302.7664859034306346, -93.41442136824588260 ) ) ;
#7172 = DIRECTION ( 'NONE',  ( -0.7071067811865472397, 0.000000000000000000, -0.7071067811865479058 ) ) ;
#7173 = EDGE_CURVE ( 'NONE', #1028, #1990, #1816, .T. ) ;
#7174 = FACE_OUTER_BOUND ( 'NONE', #554, .T. ) ;
#7175 = ORIENTED_EDGE ( 'NONE', *, *, #5129, .T. ) ;
#7176 = FACE_OUTER_BOUND ( 'NONE', #6469, .T. ) ;
#7177 = ORIENTED_EDGE ( 'NONE', *, *, #6077, .T. ) ;
#7178 = ORIENTED_EDGE ( 'NONE', *, *, #3828, .T. ) ;
#7179 = CARTESIAN_POINT ( 'NONE',  ( 0.000000000000000000, 196.0784394913188748, -92.26983495602148366 ) ) ;
#7180 = DIRECTION ( 'NONE',  ( 0.000000000000000000, 0.000000000000000000, 1.000000000000000000 ) ) ;
#7181 = EDGE_CURVE ( 'NONE', #2400, #4222, #546, .T. ) ;
#7182 = EDGE_CURVE ( 'NONE', #5910, #4900, #2465, .T. ) ;
#7183 = CARTESIAN_POINT ( 'NONE',  ( 0.000000000000000000, 0.000000000000000000, 19.36299596820719060 ) ) ;
#7184 = CARTESIAN_POINT ( 'NONE',  ( -113.1268159688152934, -52.49343077045612915, 19.45406561543035551 ) ) ;
#7185 = DIRECTION ( 'NONE',  ( 1.000000000000000000, 0.000000000000000000, 0.000000000000000000 ) ) ;
#7186 = CARTESIAN_POINT ( 'NONE',  ( 0.000000000000000000, 302.7664859034306346, 93.41442136824588260 ) ) ;
#7187 = CARTESIAN_POINT ( 'NONE',  ( 0.000000000000000000, 0.000000000000000000, -63.72929959498868868 ) ) ;
#7188 = DIRECTION ( 'NONE',  ( -1.224646799147353207E-16, 1.000000000000000000, 0.000000000000000000 ) ) ;
#7189 = EDGE_CURVE ( 'NONE', #6167, #2514, #7794, .T. ) ;
#7190 = FACE_OUTER_BOUND ( 'NONE', #2079, .T. ) ;
#7191 = ORIENTED_EDGE ( 'NONE', *, *, #3672, .T. ) ;
#7192 = CARTESIAN_POINT ( 'NONE',  ( -118.4181427538742355, 53.65581641651765921, 22.87875047973970410 ) ) ;
#7193 = ORIENTED_EDGE ( 'NONE', *, *, #1773, .F. ) ;
#7194 = ORIENTED_EDGE ( 'NONE', *, *, #1663, .F. ) ;
#7195 = CARTESIAN_POINT ( 'NONE',  ( 0.000000000000000000, 0.000000000000000000, 35.77057939344513215 ) ) ;
#7196 = FACE_OUTER_BOUND ( 'NONE', #7526, .T. ) ;
#7197 = CLOSED_SHELL ( 'NONE', ( #5171, #6267, #6922, #1618, #6593, #6990, #6630, #2851, #2467, #6735, #1589, #5461, #3035, #7214, #4445, #7832, #7429, #3431, #5862, #1827, #5780, #7714, #7562, #5025, #442, #3540, #3161, #7927, #7, #5110, #6410, #877, #2853, #6542, #6734, #5107, #4579, #2549, #6109, #3741 ) ) ;
#7198 = CYLINDRICAL_SURFACE ( 'NONE', #5274, 15.00000000000000000 ) ;
#7199 = CARTESIAN_POINT ( 'NONE',  ( 71.44323847434245067, 115.9934187340198690, 24.33231735955657982 ) ) ;
#7200 = CARTESIAN_POINT ( 'NONE',  ( 633.2678027596570018, -316.6339013798286146, 81.46200492995686204 ) ) ;
#7201 = CARTESIAN_POINT ( 'NONE',  ( 368.5037075968031104, 184.2518537984014699, 82.49406996101799905 ) ) ;
#7202 = ORIENTED_EDGE ( 'NONE', *, *, #4190, .T. ) ;
#7203 = VERTEX_POINT ( 'NONE', #3320 ) ;
#7204 = CARTESIAN_POINT ( 'NONE',  ( -375.0390734074504167, -187.5195367037252083, 86.64764840476198060 ) ) ;
#7205 = DIRECTION ( 'NONE',  ( 0.000000000000000000, 0.000000000000000000, -1.000000000000000000 ) ) ;
#7206 = CARTESIAN_POINT ( 'NONE',  ( 126.9602443907733260, 25.98817615043075691, 20.21482714528789870 ) ) ;
#7207 = CARTESIAN_POINT ( 'NONE',  ( -4.592904008036235432E-14, 187.5195367037252652, -86.64764840476198060 ) ) ;
#7208 = TOROIDAL_SURFACE ( 'NONE', #3688, 122.2006631523987323, 30.00000000000000711 ) ;
#7209 = CARTESIAN_POINT ( 'NONE',  ( -2.144356545307015663E-14, -175.0999999999999943, 89.50634777422294519 ) ) ;
#7210 = CARTESIAN_POINT ( 'NONE',  ( 0.000000000000000000, 312.8392484128754631, -88.68418937925814305 ) ) ;
#7211 = UNCERTAINTY_MEASURE_WITH_UNIT (LENGTH_MEASURE( 1.000000000000000082E-05 ), #6102, 'distance_accuracy_value', 'NONE');
#7212 = CARTESIAN_POINT ( 'NONE',  ( -15.00000000000000355, 126.0769779107889264, 22.22430923573201156 ) ) ;
#7213 = EDGE_LOOP ( 'NONE', ( #5573, #4995, #7282, #1451, #714, #2257, #626, #3762 ) ) ;
#7214 = ADVANCED_FACE ( 'NONE', ( #3364 ), #905, .F. ) ;
#7215 = CARTESIAN_POINT ( 'NONE',  ( 0.000000000000000000, 312.3301137222341595, -89.15235216125219608 ) ) ;
#7216 = CARTESIAN_POINT ( 'NONE',  ( 0.000000000000000000, 0.000000000000000000, -38.22929959498813446 ) ) ;
#7217 = CIRCLE ( 'NONE', #3694, 6.350000000000001421 ) ;
#7218 = ORIENTED_EDGE ( 'NONE', *, *, #3392, .T. ) ;
#7219 = CARTESIAN_POINT ( 'NONE',  ( 7.877179735081429435, -137.7718720725480352, 22.17767829008579739 ) ) ;
#7220 = ORIENTED_EDGE ( 'NONE', *, *, #3233, .T. ) ;
#7221 = CARTESIAN_POINT ( 'NONE',  ( 165.0999999999999943, 0.000000000000000000, 45.77070040501133974 ) ) ;
#7222 = DIRECTION ( 'NONE',  ( -0.000000000000000000, -0.000000000000000000, 1.000000000000000000 ) ) ;
#7223 = AXIS2_PLACEMENT_3D ( 'NONE', #1888, #4457, #3837 ) ;
#7224 = CARTESIAN_POINT ( 'NONE',  ( 88.44584631507740369, -100.0831693189048366, 23.70957095540993009 ) ) ;
#7225 = AXIS2_PLACEMENT_3D ( 'NONE', #424, #3474, #2137 ) ;
#7226 = ADVANCED_FACE ( 'NONE', ( #858 ), #4917, .F. ) ;
#7227 = CARTESIAN_POINT ( 'NONE',  ( 118.9996900988454627, 53.66083270740315925, 20.43570174859627286 ) ) ;
#7228 = FACE_OUTER_BOUND ( 'NONE', #481, .T. ) ;
#7229 = CARTESIAN_POINT ( 'NONE',  ( -3.877646938263457581E-14, -316.6339013798285578, 81.46200492995686204 ) ) ;
#7230 = CARTESIAN_POINT ( 'NONE',  ( 162.5999999999999943, 0.000000000000000000, 49.52347715474393652 ) ) ;
#7231 = AXIS2_PLACEMENT_3D ( 'NONE', #5501, #1318, #6787 ) ;
#7232 = DIRECTION ( 'NONE',  ( 1.000000000000000000, 0.000000000000000000, 0.000000000000000000 ) ) ;
#7233 = AXIS2_PLACEMENT_3D ( 'NONE', #2985, #1738, #7380 ) ;
#7234 = ORIENTED_EDGE ( 'NONE', *, *, #2204, .T. ) ;
#7235 = CYLINDRICAL_SURFACE ( 'NONE', #2343, 317.5000000000000000 ) ;
#7236 = EDGE_LOOP ( 'NONE', ( #2476, #7851, #5329, #2153, #7443 ) ) ;
#7237 = ORIENTED_EDGE ( 'NONE', *, *, #5955, .T. ) ;
#7238 = EDGE_CURVE ( 'NONE', #5223, #5122, #7839, .T. ) ;
#7239 = DIRECTION ( 'NONE',  ( -1.000000000000000000, 0.000000000000000000, 0.000000000000000000 ) ) ;
#7240 = VECTOR ( 'NONE', #2143, 1000.000000000000000 ) ;
#7241 = AXIS2_PLACEMENT_3D ( 'NONE', #5574, #4965, #7465 ) ;
#7242 = DIRECTION ( 'NONE',  ( -1.000000000000000000, 0.000000000000000000, -0.000000000000000000 ) ) ;
#7243 = CARTESIAN_POINT ( 'NONE',  ( -12.99834058397893877, 132.5312489684734487, 21.04946677724785431 ) ) ;
#7244 = CARTESIAN_POINT ( 'NONE',  ( 119.8881304610666803, -23.66090128114888103, 21.86299596820718349 ) ) ;
#7245 = CARTESIAN_POINT ( 'NONE',  ( -3.888414373727005781E-14, -317.5131292087049815, 70.21990042098286722 ) ) ;
#7246 = CARTESIAN_POINT ( 'NONE',  ( -2.226406733751534787E-14, -181.7999063323111386, 77.29528289382909634 ) ) ;
#7247 = AXIS2_PLACEMENT_3D ( 'NONE', #3850, #7647, #7076 ) ;
#7248 = CIRCLE ( 'NONE', #1546, 317.5000000000000000 ) ;
#7249 = EDGE_LOOP ( 'NONE', ( #2792, #3415, #4088, #3125 ) ) ;
#7250 = B_SPLINE_CURVE_WITH_KNOTS ( 'NONE', 3,
 ( #3863, #6968, #7051, #2621, #2050, #6474, #1454, #2732 ),
 .UNSPECIFIED., .F., .F.,
 ( 4, 2, 2, 4 ),
 ( 0.003252377011292881866, 0.004176119685117917965, 0.005099862358942954497, 0.006947347706593026695 ),
 .UNSPECIFIED. ) ;
#7251 = ORIENTED_EDGE ( 'NONE', *, *, #6932, .F. ) ;
#7252 = CARTESIAN_POINT ( 'NONE',  ( -317.5000000000000000, 3.888253587292846634E-14, 99.49999999999995737 ) ) ;
#7253 = CARTESIAN_POINT ( 'NONE',  ( 0.000000000000000000, 208.2742191587611558, 94.50000000000000000 ) ) ;
#7254 = CARTESIAN_POINT ( 'NONE',  ( 0.000000000000000000, 0.000000000000000000, 26.98809383705458487 ) ) ;
#7255 = CARTESIAN_POINT ( 'NONE',  ( -360.2000000000000455, 180.0999999999999375, -68.44440677895181580 ) ) ;
#7256 = AXIS2_PLACEMENT_3D ( 'NONE', #1231, #4376, #6158 ) ;
#7257 = CARTESIAN_POINT ( 'NONE',  ( 0.000000000000000000, 208.2742191587611558, 99.50000000000000000 ) ) ;
#7258 = CARTESIAN_POINT ( 'NONE',  ( 622.3145988662517993, 311.1572994331259565, -90.05439378584783583 ) ) ;
#7259 = DIRECTION ( 'NONE',  ( 0.000000000000000000, 0.000000000000000000, -1.000000000000000000 ) ) ;
#7260 = VERTEX_POINT ( 'NONE', #5258 ) ;
#7261 = CARTESIAN_POINT ( 'NONE',  ( 0.000000000000000000, 308.9678626744722578, -91.31556125657976963 ) ) ;
#7262 = AXIS2_PLACEMENT_3D ( 'NONE', #1351, #3831, #188 ) ;
#7263 = FACE_OUTER_BOUND ( 'NONE', #3248, .T. ) ;
#7264 = VERTEX_POINT ( 'NONE', #2193 ) ;
#7265 = CARTESIAN_POINT ( 'NONE',  ( 85.46966904096775863, -92.11692324829169820, 19.54614950086158132 ) ) ;
#7266 = CARTESIAN_POINT ( 'NONE',  ( 0.000000000000000000, 187.5195367037252652, -86.64764840476198060 ) ) ;
#7267 = CARTESIAN_POINT ( 'NONE',  ( -7.739383706021426637E-14, 315.9843193731403517, -83.60197795724437242 ) ) ;
#7268 = AXIS2_PLACEMENT_3D ( 'NONE', #4677, #5287, #7860 ) ;
#7269 = B_SPLINE_CURVE_WITH_KNOTS ( 'NONE', 3,
 ( #4028, #414, #6602, #4155, #2129, #6645, #4712, #2810, #7091, #5847, #2855, #6517, #4064, #4638, #328, #962, #5887, #3419, #5238, #4595, #2767, #5322, #5357, #3341 ),
 .UNSPECIFIED., .F., .F.,
 ( 4, 2, 2, 2, 2, 2, 2, 2, 2, 2, 2, 4 ),
 ( 0.000000000000000000, 0.1250000000000009159, 0.2500000000000018319, 0.3750000000000027756, 0.4375000000000025535, 0.5000000000000023315, 0.5625000000000021094, 0.6250000000000018874, 0.6875000000000016653, 0.7500000000000014433, 0.8750000000000007772, 1.000000000000000000 ),
 .UNSPECIFIED. ) ;
#7270 = CIRCLE ( 'NONE', #3753, 129.0241567926366031 ) ;
#7271 = CARTESIAN_POINT ( 'NONE',  ( -3.949485927250214208E-14, -322.5000000000000000, 65.77070040501132553 ) ) ;
#7272 = CYLINDRICAL_SURFACE ( 'NONE', #3070, 165.0999999999999943 ) ;
#7273 = DIRECTION ( 'NONE',  ( 0.000000000000000000, 0.000000000000000000, 1.000000000000000000 ) ) ;
#7274 = CARTESIAN_POINT ( 'NONE',  ( 131.7165155493260045, 30.83829738450296176, 21.54263918718268656 ) ) ;
#7275 = EDGE_CURVE ( 'NONE', #7442, #2208, #3369, .T. ) ;
#7276 = CARTESIAN_POINT ( 'NONE',  ( 350.1999999999999886, 175.0999999999999375, 89.50634777422295940 ) ) ;
#7277 = AXIS2_PLACEMENT_3D ( 'NONE', #7993, #4132, #469 ) ;
#7278 = DIRECTION ( 'NONE',  ( 0.000000000000000000, 0.000000000000000000, -1.000000000000000000 ) ) ;
#7279 = EDGE_CURVE ( 'NONE', #4253, #6251, #1673, .T. ) ;
#7280 = VERTEX_POINT ( 'NONE', #5990 ) ;
#7281 = LINE ( 'NONE', #4137, #3876 ) ;
#7282 = ORIENTED_EDGE ( 'NONE', *, *, #3777, .F. ) ;
#7283 = DIRECTION ( 'NONE',  ( 0.000000000000000000, 0.000000000000000000, -1.000000000000000000 ) ) ;
#7284 = AXIS2_PLACEMENT_3D ( 'NONE', #6276, #5056, #739 ) ;
#7285 = CARTESIAN_POINT ( 'NONE',  ( -86.97777559603783004, 94.57385460438408131, 22.52420515271708723 ) ) ;
#7286 = LINE ( 'NONE', #400, #6457 ) ;
#7287 = CARTESIAN_POINT ( 'NONE',  ( 627.4907402518881554, 313.7453701259439640, 87.70311822632901055 ) ) ;
#7288 = ADVANCED_FACE ( 'NONE', ( #622 ), #6701, .F. ) ;
#7289 = CARTESIAN_POINT ( 'NONE',  ( 368.5037075968030535, -184.2518537984016120, 82.49406996101799905 ) ) ;
#7290 = EDGE_LOOP ( 'NONE', ( #3909, #4740, #5146, #3529 ) ) ;
#7291 = VERTEX_POINT ( 'NONE', #7880 ) ;
#7292 = CARTESIAN_POINT ( 'NONE',  ( 88.47315653656002610, -101.1271242968677768, 21.32969249565514858 ) ) ;
#7293 = DIRECTION ( 'NONE',  ( 1.000000000000000000, 0.000000000000000000, 0.000000000000000000 ) ) ;
#7294 = CARTESIAN_POINT ( 'NONE',  ( -76.10027859895090785, -115.9126678693546495, 24.89995048909403508 ) ) ;
#7295 = CARTESIAN_POINT ( 'NONE',  ( -375.0390734074504167, -187.5195367037253220, -86.64764840476198060 ) ) ;
#7296 = CARTESIAN_POINT ( 'NONE',  ( 48.00287990626782175, 17.66032122852886133, 14.49999999999999822 ) ) ;
#7297 = DIRECTION ( 'NONE',  ( 1.000000000000000000, 0.000000000000000000, 0.000000000000000000 ) ) ;
#7298 = ADVANCED_FACE ( 'NONE', ( #6782 ), #1108, .F. ) ;
#7299 = CARTESIAN_POINT ( 'NONE',  ( -5.848203646191628025, -138.8398294875808574, 24.97015432174406158 ) ) ;
#7300 = ORIENTED_EDGE ( 'NONE', *, *, #3585, .F. ) ;
#7301 = DIRECTION ( 'NONE',  ( 0.000000000000000000, 0.000000000000000000, -1.000000000000000000 ) ) ;
#7302 = CARTESIAN_POINT ( 'NONE',  ( 416.5484383175221978, 208.2742191587611273, -99.50000000000001421 ) ) ;
#7303 = VERTEX_POINT ( 'NONE', #553 ) ;
#7304 = CARTESIAN_POINT ( 'NONE',  ( -63.47453283045601324, 112.3255551956361273, 20.08089474720032186 ) ) ;
#7305 = ORIENTED_EDGE ( 'NONE', *, *, #817, .T. ) ;
#7306 = DIRECTION ( 'NONE',  ( -0.000000000000000000, -0.000000000000000000, 1.000000000000000000 ) ) ;
#7307 = CARTESIAN_POINT ( 'NONE',  ( -633.8768442980408508, 316.9384221490202549, -79.84641328172391184 ) ) ;
#7308 = DIRECTION ( 'NONE',  ( -1.000000000000000000, 0.000000000000000000, 0.000000000000000000 ) ) ;
#7309 = DIRECTION ( 'NONE',  ( -0.000000000000000000, -0.000000000000000000, 1.000000000000000000 ) ) ;
#7310 = FACE_BOUND ( 'NONE', #4697, .T. ) ;
#7311 = CARTESIAN_POINT ( 'NONE',  ( 133.8820645368937789, 37.99423834486272966, 22.45121641718582950 ) ) ;
#7312 = CARTESIAN_POINT ( 'NONE',  ( -2.144356545307015663E-14, -175.0999999999999943, 65.77070040501132553 ) ) ;
#7313 = DIRECTION ( 'NONE',  ( -0.000000000000000000, -0.000000000000000000, 1.000000000000000000 ) ) ;
#7314 = EDGE_LOOP ( 'NONE', ( #2423, #4591, #7681, #3386 ) ) ;
#7315 = CARTESIAN_POINT ( 'NONE',  ( -122.4955465377031345, 53.19458624110987444, 23.70564974794856283 ) ) ;
#7316 = ADVANCED_FACE ( 'NONE', ( #5379 ), #4818, .T. ) ;
#7317 = ORIENTED_EDGE ( 'NONE', *, *, #586, .F. ) ;
#7318 = CARTESIAN_POINT ( 'NONE',  ( -130.5877870623207286, 29.24192039824864509, 23.76984534209567457 ) ) ;
#7319 = CARTESIAN_POINT ( 'NONE',  ( -7.877179735081429435, 137.7718720725480068, 22.17767829008579739 ) ) ;
#7320 = CARTESIAN_POINT ( 'NONE',  ( 76.80590751177122399, 115.7702386559516867, 24.96292124287586134 ) ) ;
#7321 = CARTESIAN_POINT ( 'NONE',  ( 7.733307745620999195E-14, 315.7362494641405988, 84.26865681888700976 ) ) ;
#7322 = CARTESIAN_POINT ( 'NONE',  ( -76.46795517130574638, -115.8420036566437403, 22.36610186586522886 ) ) ;
#7323 = EDGE_LOOP ( 'NONE', ( #1128, #5740, #2616, #1658 ) ) ;
#7324 = VERTEX_POINT ( 'NONE', #511 ) ;
#7325 = CARTESIAN_POINT ( 'NONE',  ( 0.000000000000000000, 181.7999063323111386, 77.29528289382909634 ) ) ;
#7326 = DIRECTION ( 'NONE',  ( 1.000000000000000000, 0.000000000000000000, 0.000000000000000000 ) ) ;
#7327 = ADVANCED_FACE ( 'NONE', ( #1069 ), #42, .T. ) ;
#7328 =( BOUNDED_SURFACE ( )  B_SPLINE_SURFACE ( 3, 3, ( 
 ( #7848, #7121, #2238, #4146 ),
 ( #5348, #5877, #1078, #915 ),
 ( #7245, #1522, #4626, #5839 ),
 ( #2759, #358, #2121, #2203 ),
 ( #4586, #7080, #2798, #5272 ),
 ( #4056, #405, #2844, #5311 ),
 ( #4704, #7200, #1641, #4099 ),
 ( #6589, #3499, #5963, #2883 ),
 ( #3731, #6090, #593, #7321 ),
 ( #6164, #521, #2363, #4300 ),
 ( #3685, #2397, #4219, #4944 ),
 ( #1199, #1754, #2968, #1280 ),
 ( #3621, #43, #7287, #7934 ),
 ( #4262, #3649, #1234, #3576 ),
 ( #4858, #7440, #4340, #5431 ),
 ( #7401, #633, #1795, #6753 ),
 ( #7360, #478, #4791, #4182 ),
 ( #3036, #3080, #1721, #1115 ),
 ( #5548, #6125, #4825, #6711 ),
 ( #5504, #2922, #2483, #5390 ),
 ( #1873, #1157, #1, #562 ),
 ( #1837, #6044, #6830, #6671 ),
 ( #7891, #2324, #6790, #3003 ),
 ( #2440, #4905, #5469, #7964 ) ),
 .UNSPECIFIED., .F., .F., .F. ) 
 B_SPLINE_SURFACE_WITH_KNOTS ( ( 4, 2, 2, 2, 2, 2, 2, 2, 2, 2, 2, 4 ),
 ( 4, 4 ),
 ( 0.000000000000000000, 0.1250000000000009159, 0.2500000000000018319, 0.3750000000000027756, 0.4375000000000025535, 0.5000000000000023315, 0.5625000000000021094, 0.6250000000000018874, 0.6875000000000016653, 0.7500000000000014433, 0.8750000000000007772, 1.000000000000000000 ),
 ( 0.000000000000000000, 1.000000000000000000 ),
 .UNSPECIFIED. ) 
 GEOMETRIC_REPRESENTATION_ITEM ( )  RATIONAL_B_SPLINE_SURFACE ( (
 ( 1.000000000000000000, 0.3333333333333334259, 0.3333333333333334259, 1.000000000000000000),
 ( 1.000000000000000000, 0.3333333333333334259, 0.3333333333333334259, 1.000000000000000000),
 ( 1.000000000000000000, 0.3333333333333334259, 0.3333333333333334259, 1.000000000000000000),
 ( 1.000000000000000000, 0.3333333333333334259, 0.3333333333333334259, 1.000000000000000000),
 ( 1.000000000000000000, 0.3333333333333334259, 0.3333333333333334259, 1.000000000000000000),
 ( 1.000000000000000000, 0.3333333333333334259, 0.3333333333333334259, 1.000000000000000000),
 ( 1.000000000000000000, 0.3333333333333334259, 0.3333333333333334259, 1.000000000000000000),
 ( 1.000000000000000000, 0.3333333333333334259, 0.3333333333333334259, 1.000000000000000000),
 ( 1.000000000000000000, 0.3333333333333334259, 0.3333333333333334259, 1.000000000000000000),
 ( 1.000000000000000000, 0.3333333333333334259, 0.3333333333333334259, 1.000000000000000000),
 ( 1.000000000000000000, 0.3333333333333334259, 0.3333333333333334259, 1.000000000000000000),
 ( 1.000000000000000000, 0.3333333333333334259, 0.3333333333333334259, 1.000000000000000000),
 ( 1.000000000000000000, 0.3333333333333334259, 0.3333333333333334259, 1.000000000000000000),
 ( 1.000000000000000000, 0.3333333333333334259, 0.3333333333333334259, 1.000000000000000000),
 ( 1.000000000000000000, 0.3333333333333334259, 0.3333333333333334259, 1.000000000000000000),
 ( 1.000000000000000000, 0.3333333333333334259, 0.3333333333333334259, 1.000000000000000000),
 ( 1.000000000000000000, 0.3333333333333334259, 0.3333333333333334259, 1.000000000000000000),
 ( 1.000000000000000000, 0.3333333333333334259, 0.3333333333333334259, 1.000000000000000000),
 ( 1.000000000000000000, 0.3333333333333334259, 0.3333333333333334259, 1.000000000000000000),
 ( 1.000000000000000000, 0.3333333333333334259, 0.3333333333333334259, 1.000000000000000000),
 ( 1.000000000000000000, 0.3333333333333334259, 0.3333333333333334259, 1.000000000000000000),
 ( 1.000000000000000000, 0.3333333333333334259, 0.3333333333333334259, 1.000000000000000000),
 ( 1.000000000000000000, 0.3333333333333334259, 0.3333333333333334259, 1.000000000000000000),
 ( 1.000000000000000000, 0.3333333333333334259, 0.3333333333333334259, 1.000000000000000000) ) ) 
 REPRESENTATION_ITEM ( '' )  SURFACE ( )  );
#7329 = DIRECTION ( 'NONE',  ( 1.000000000000000000, 0.000000000000000000, 0.000000000000000000 ) ) ;
#7330 = EDGE_CURVE ( 'NONE', #575, #5223, #5175, .T. ) ;
#7331 = CARTESIAN_POINT ( 'NONE',  ( 158.0999999999992838, 0.000000000000000000, 35.77057939344513215 ) ) ;
#7332 = CARTESIAN_POINT ( 'NONE',  ( 3.593004625612164980E-14, -293.3910926900519485, -94.50000000000000000 ) ) ;
#7333 = CARTESIAN_POINT ( 'NONE',  ( -117.3856248595695462, -53.55229325042284216, 22.64930167012784423 ) ) ;
#7334 = ORIENTED_EDGE ( 'NONE', *, *, #2249, .F. ) ;
#7335 = FACE_OUTER_BOUND ( 'NONE', #7314, .T. ) ;
#7336 = DIRECTION ( 'NONE',  ( -0.000000000000000000, 0.000000000000000000, 1.000000000000000000 ) ) ;
#7337 = ORIENTED_EDGE ( 'NONE', *, *, #4439, .F. ) ;
#7338 = CARTESIAN_POINT ( 'NONE',  ( -2.064083160843940057, -139.8630573588279731, 22.61709116409042153 ) ) ;
#7339 = VERTEX_POINT ( 'NONE', #6153 ) ;
#7340 = AXIS2_PLACEMENT_3D ( 'NONE', #1726, #2850, #5883 ) ;
#7341 = EDGE_CURVE ( 'NONE', #680, #5380, #1147, .T. ) ;
#7342 = DIRECTION ( 'NONE',  ( -0.000000000000000000, -0.000000000000000000, 1.000000000000000000 ) ) ;
#7343 = CARTESIAN_POINT ( 'NONE',  ( -634.9999999999996589, 317.4999999999997158, -68.03790535064513278 ) ) ;
#7344 = AXIS2_PLACEMENT_3D ( 'NONE', #265, #7672, #6320 ) ;
#7345 = CARTESIAN_POINT ( 'NONE',  ( -42.00000000000000000, 5.143516556418883322E-15, 107.5999999999999517 ) ) ;
#7346 = CARTESIAN_POINT ( 'NONE',  ( 85.30430585716280234, 91.90177078661810128, 22.03165578865295515 ) ) ;
#7347 = EDGE_CURVE ( 'NONE', #2926, #1645, #2082, .T. ) ;
#7348 = CARTESIAN_POINT ( 'NONE',  ( 118.8820645368937647, 38.62712429686978055, 21.86299596820718349 ) ) ;
#7349 = AXIS2_PLACEMENT_3D ( 'NONE', #2899, #5362, #2297 ) ;
#7350 = CARTESIAN_POINT ( 'NONE',  ( 4.288713090614031325E-14, 175.0999999999999943, 89.50634777422294519 ) ) ;
#7351 = CARTESIAN_POINT ( 'NONE',  ( -63.48971720767440985, 112.3222544509342100, 22.64930167012784423 ) ) ;
#7352 = EDGE_LOOP ( 'NONE', ( #2002, #5935 ) ) ;
#7353 = CARTESIAN_POINT ( 'NONE',  ( 60.42835295004044838, -108.5377822811168897, 21.93000304630662001 ) ) ;
#7354 = CIRCLE ( 'NONE', #3827, 165.0999999999999943 ) ;
#7355 = ORIENTED_EDGE ( 'NONE', *, *, #5315, .F. ) ;
#7356 = DIRECTION ( 'NONE',  ( -1.000000000000000000, 0.000000000000000000, 0.000000000000000000 ) ) ;
#7357 = CARTESIAN_POINT ( 'NONE',  ( -634.6749012020570717, 317.3374506010286495, 76.28597499736081033 ) ) ;
#7358 = CARTESIAN_POINT ( 'NONE',  ( -117.3856248595699299, 53.55229325042200372, 22.64930167012784423 ) ) ;
#7359 = AXIS2_PLACEMENT_3D ( 'NONE', #6475, #1049, #371 ) ;
#7360 = CARTESIAN_POINT ( 'NONE',  ( -3.802444697280735182E-14, -310.4931723929009877, 90.48823014889568128 ) ) ;
#7361 = CARTESIAN_POINT ( 'NONE',  ( -88.06856914383446622, -104.6055116731198495, 21.88462547775459655 ) ) ;
#7362 = ORIENTED_EDGE ( 'NONE', *, *, #6687, .T. ) ;
#7363 = CIRCLE ( 'NONE', #3967, 6.500000000000005329 ) ;
#7364 = CIRCLE ( 'NONE', #637, 208.2742191587611558 ) ;
#7365 = FACE_OUTER_BOUND ( 'NONE', #3643, .T. ) ;
#7366 = CARTESIAN_POINT ( 'NONE',  ( 0.000000000000000000, 0.000000000000000000, 9.110446367167980952 ) ) ;
#7367 = CARTESIAN_POINT ( 'NONE',  ( -68.67364531773182534, -115.3430176620609870, 23.86726836958536069 ) ) ;
#7368 = DIRECTION ( 'NONE',  ( -0.000000000000000000, -0.000000000000000000, 1.000000000000000000 ) ) ;
#7369 = EDGE_CURVE ( 'NONE', #6230, #4150, #6751, .T. ) ;
#7370 = AXIS2_PLACEMENT_3D ( 'NONE', #6956, #4015, #6340 ) ;
#7371 = CARTESIAN_POINT ( 'NONE',  ( 82.07873731200807299, -113.4344371304398180, 25.21609037931546737 ) ) ;
#7372 = CIRCLE ( 'NONE', #4119, 155.5999999999993406 ) ;
#7373 = CARTESIAN_POINT ( 'NONE',  ( -172.5999999999999943, 2.113740375328331876E-14, 64.27070040501133974 ) ) ;
#7374 = ORIENTED_EDGE ( 'NONE', *, *, #4723, .T. ) ;
#7375 = CARTESIAN_POINT ( 'NONE',  ( -87.43752864693125559, 95.65023543885180857, 20.21482714528789870 ) ) ;
#7376 = ORIENTED_EDGE ( 'NONE', *, *, #7341, .F. ) ;
#7377 = CARTESIAN_POINT ( 'NONE',  ( -68.80922002295365303, 115.4531857887846513, 21.33773994916228389 ) ) ;
#7378 = AXIS2_PLACEMENT_3D ( 'NONE', #7448, #1923, #53 ) ;
#7379 = CIRCLE ( 'NONE', #5539, 101.4189655574624425 ) ;
#7380 = DIRECTION ( 'NONE',  ( 1.000000000000000000, 0.000000000000000000, 0.000000000000000000 ) ) ;
#7381 = CARTESIAN_POINT ( 'NONE',  ( -7.684545265440781264E-14, 313.7453701259441345, -87.70311822632901055 ) ) ;
#7382 = CONICAL_SURFACE ( 'NONE', #532, 100.8503410874426152, 1.341338301000019273 ) ;
#7383 = EDGE_CURVE ( 'NONE', #5731, #6426, #2984, .T. ) ;
#7384 = CARTESIAN_POINT ( 'NONE',  ( 63.01947840453761529, -111.9028651707991315, 19.95911846899593201 ) ) ;
#7385 = ORIENTED_EDGE ( 'NONE', *, *, #4147, .T. ) ;
#7386 = DIRECTION ( 'NONE',  ( 0.000000000000000000, 0.000000000000000000, -1.000000000000000000 ) ) ;
#7387 = CARTESIAN_POINT ( 'NONE',  ( 0.000000000000000000, 204.6641259029620414, -94.36274905517983314 ) ) ;
#7388 = AXIS2_PLACEMENT_3D ( 'NONE', #1052, #2894, #7259 ) ;
#7389 = CARTESIAN_POINT ( 'NONE',  ( 180.1000000000000227, 0.000000000000000000, -99.49999999999995737 ) ) ;
#7390 = CARTESIAN_POINT ( 'NONE',  ( 80.47623955199719603, 114.4109360664926953, 22.61711700786393564 ) ) ;
#7391 = DIRECTION ( 'NONE',  ( -1.000000000000000000, 0.000000000000000000, -0.000000000000000000 ) ) ;
#7392 = VERTEX_POINT ( 'NONE', #4174 ) ;
#7393 = EDGE_CURVE ( 'NONE', #6639, #3282, #6664, .T. ) ;
#7394 = CIRCLE ( 'NONE', #2716, 158.0999999999996533 ) ;
#7395 = DIRECTION ( 'NONE',  ( -0.000000000000000000, -0.000000000000000000, 1.000000000000000000 ) ) ;
#7396 = ORIENTED_EDGE ( 'NONE', *, *, #2454, .T. ) ;
#7397 = DIRECTION ( 'NONE',  ( -1.000000000000000000, 0.000000000000000000, 0.000000000000000000 ) ) ;
#7398 = CARTESIAN_POINT ( 'NONE',  ( -4.105552055036572057, 139.4332053875743043, 22.52724921459092755 ) ) ;
#7399 = CARTESIAN_POINT ( 'NONE',  ( -124.8917095234057228, -52.40792890553046135, 21.58062702938775601 ) ) ;
#7400 = VECTOR ( 'NONE', #1675, 1000.000000000000000 ) ;
#7401 = CARTESIAN_POINT ( 'NONE',  ( -3.810577907821122701E-14, -311.1572994331259565, 90.05439378584783583 ) ) ;
#7402 = DIRECTION ( 'NONE',  ( -1.000000000000000000, 0.000000000000000000, 0.000000000000000000 ) ) ;
#7403 = CC_DESIGN_APPROVAL ( #4863, ( #5307 ) ) ;
#7404 = VERTEX_POINT ( 'NONE', #2475 ) ;
#7405 = VERTEX_POINT ( 'NONE', #7351 ) ;
#7406 = CARTESIAN_POINT ( 'NONE',  ( -129.9446236206266576, -28.49176169478485932, 23.58527628763697592 ) ) ;
#7407 = CARTESIAN_POINT ( 'NONE',  ( 103.1248389675219101, 0.000000000000000000, 19.36299596820719060 ) ) ;
#7408 = PLANE ( 'NONE',  #1153 ) ;
#7409 = CARTESIAN_POINT ( 'NONE',  ( 0.000000000000000000, 317.5131292087049815, 70.21990042098286722 ) ) ;
#7410 = B_SPLINE_CURVE_WITH_KNOTS ( 'NONE', 3,
 ( #4845, #1742, #4205, #7346, #1183, #5534, #2908, #6776, #7918, #3562 ),
 .UNSPECIFIED., .F., .F.,
 ( 4, 2, 2, 2, 4 ),
 ( 9.138802968459110950E-07, 0.003474130793445003463, 0.004342435021732018487, 0.005210739250019032209, 0.006947347706593063991 ),
 .UNSPECIFIED. ) ;
#7411 = CARTESIAN_POINT ( 'NONE',  ( 88.20748019195163181, -103.9606221990450479, 24.35781370448952998 ) ) ;
#7412 = CYLINDRICAL_SURFACE ( 'NONE', #1941, 6.350000000000001421 ) ;
#7413 = ORIENTED_EDGE ( 'NONE', *, *, #2998, .F. ) ;
#7414 = DIRECTION ( 'NONE',  ( 1.000000000000000000, 0.000000000000000000, 0.000000000000000000 ) ) ;
#7415 = EDGE_LOOP ( 'NONE', ( #4538, #7396, #2522, #1899 ) ) ;
#7416 = EDGE_CURVE ( 'NONE', #3868, #6101, #7662, .T. ) ;
#7417 = CARTESIAN_POINT ( 'NONE',  ( -84.87509741923949491, 91.37542604762313658, 19.45867420922219537 ) ) ;
#7418 = CARTESIAN_POINT ( 'NONE',  ( 133.8709865339949943, 37.96297959799836264, 25.01425278246250627 ) ) ;
#7419 = CARTESIAN_POINT ( 'NONE',  ( -629.7121051260187414, -314.8560525630094844, -86.09637062918555728 ) ) ;
#7420 = DIRECTION ( 'NONE',  ( -0.000000000000000000, -0.000000000000000000, 1.000000000000000000 ) ) ;
#7421 = CARTESIAN_POINT ( 'NONE',  ( 0.000000000000000000, 0.000000000000000000, 22.64930167012783713 ) ) ;
#7422 = ORIENTED_EDGE ( 'NONE', *, *, #6313, .T. ) ;
#7423 = CARTESIAN_POINT ( 'NONE',  ( 88.47315653656002610, -101.1271242968677768, 21.32969249565514858 ) ) ;
#7424 = DIRECTION ( 'NONE',  ( -0.000000000000000000, -0.000000000000000000, 1.000000000000000000 ) ) ;
#7425 = CARTESIAN_POINT ( 'NONE',  ( 412.9368412519974640, 206.4684206259987604, -94.49999999999997158 ) ) ;
#7426 = APPLICATION_CONTEXT ( 'configuration controlled 3d designs of mechanical parts and assemblies' ) ;
#7427 = EDGE_CURVE ( 'NONE', #2485, #492, #3757, .T. ) ;
#7428 = CARTESIAN_POINT ( 'NONE',  ( 0.000000000000000000, 0.000000000000000000, -57.77070040501134685 ) ) ;
#7429 = ADVANCED_FACE ( 'NONE', ( #1746, #2994 ), #1786, .F. ) ;
#7430 = CARTESIAN_POINT ( 'NONE',  ( 63.94909740123627984, 112.7155796549789528, 20.21482714528789870 ) ) ;
#7431 = CARTESIAN_POINT ( 'NONE',  ( -617.9357253489444020, -308.9678626744722578, -91.31556125657976963 ) ) ;
#7432 = ORIENTED_EDGE ( 'NONE', *, *, #5571, .T. ) ;
#7433 = CYLINDRICAL_SURFACE ( 'NONE', #559, 322.5000000000000000 ) ;
#7434 = ORIENTED_EDGE ( 'NONE', *, *, #7534, .F. ) ;
#7435 = CARTESIAN_POINT ( 'NONE',  ( -14.88514418959349683, -127.1408064151915767, 22.41212461289586955 ) ) ;
#7436 = CARTESIAN_POINT ( 'NONE',  ( 11.58561493103129969, 134.5625039225173509, 21.49158094062928726 ) ) ;
#7437 = ADVANCED_FACE ( 'NONE', ( #1829 ), #4657, .T. ) ;
#7438 = CARTESIAN_POINT ( 'NONE',  ( -133.7777338609151059, -40.67038886127077291, 22.60351991729786647 ) ) ;
#7439 = LINE ( 'NONE', #1729, #632 ) ;
#7440 = CARTESIAN_POINT ( 'NONE',  ( 624.6602274444682052, -312.3301137222342163, 89.15235216125219608 ) ) ;
#7441 = CARTESIAN_POINT ( 'NONE',  ( -170.0000000000000284, -2.081899558550500990E-14, -52.77070040501134685 ) ) ;
#7442 = VERTEX_POINT ( 'NONE', #4283 ) ;
#7443 = ORIENTED_EDGE ( 'NONE', *, *, #5190, .F. ) ;
#7444 = CARTESIAN_POINT ( 'NONE',  ( 110.8990637958510490, 51.32640377125379416, 21.86299596820718349 ) ) ;
#7445 = CARTESIAN_POINT ( 'NONE',  ( -14.80915276444907924, 122.5351129169348781, 21.88158787895977042 ) ) ;
#7446 = DIRECTION ( 'NONE',  ( -1.000000000000000000, 0.000000000000000000, 0.000000000000000000 ) ) ;
#7447 = ADVANCED_FACE ( 'NONE', ( #1817 ), #3707, .T. ) ;
#7448 = CARTESIAN_POINT ( 'NONE',  ( 0.000000000000000000, 0.000000000000000000, 21.86299596820717639 ) ) ;
#7449 = CYLINDRICAL_SURFACE ( 'NONE', #7786, 180.1000000000000227 ) ;
#7450 = CARTESIAN_POINT ( 'NONE',  ( -54.35287990626808607, 17.66032122852809394, -3.460512242138308103 ) ) ;
#7451 = ORIENTED_EDGE ( 'NONE', *, *, #5270, .F. ) ;
#7452 = FACE_BOUND ( 'NONE', #497, .T. ) ;
#7453 = DIRECTION ( 'NONE',  ( -0.000000000000000000, -0.000000000000000000, 1.000000000000000000 ) ) ;
#7454 = ORIENTED_EDGE ( 'NONE', *, *, #6832, .T. ) ;
#7455 = CARTESIAN_POINT ( 'NONE',  ( -82.30267103671512530, 113.2743240185677678, 22.64923644136579028 ) ) ;
#7456 = ORIENTED_EDGE ( 'NONE', *, *, #3932, .F. ) ;
#7457 = CARTESIAN_POINT ( 'NONE',  ( 85.96634581926971919, -109.4364882568087438, 22.45024846000348617 ) ) ;
#7458 = TOROIDAL_SURFACE ( 'NONE', #4973, 168.5999999999999943, 6.500000000000000000 ) ;
#7459 = CARTESIAN_POINT ( 'NONE',  ( 127.5674687806510548, 26.32853060763246589, 22.93689045039096541 ) ) ;
#7460 = CARTESIAN_POINT ( 'NONE',  ( 3.810577907821122701E-14, -311.1572994331259565, -90.05439378584783583 ) ) ;
#7461 = EDGE_CURVE ( 'NONE', #2432, #3978, #1216, .T. ) ;
#7462 = CARTESIAN_POINT ( 'NONE',  ( 0.000000000000000000, 0.000000000000000000, -65.77070040501132553 ) ) ;
#7463 = CONICAL_SURFACE ( 'NONE', #4848, 155.5999999999996817, 0.7853981633974334020 ) ;
#7464 = ORIENTED_EDGE ( 'NONE', *, *, #4439, .T. ) ;
#7465 = DIRECTION ( 'NONE',  ( -1.000000000000000000, 0.000000000000000000, 0.000000000000000000 ) ) ;
#7466 = DIRECTION ( 'NONE',  ( 1.000000000000000000, 0.000000000000000000, 0.000000000000000000 ) ) ;
#7467 = CARTESIAN_POINT ( 'NONE',  ( 416.5484383175221978, 208.2742191587611273, -94.50000000000000000 ) ) ;
#7468 = CARTESIAN_POINT ( 'NONE',  ( 0.000000000000000000, 0.000000000000000000, 9.110446367167980952 ) ) ;
#7469 = FACE_OUTER_BOUND ( 'NONE', #235, .T. ) ;
#7470 = AXIS2_PLACEMENT_3D ( 'NONE', #2919, #1562, #7242 ) ;
#7471 = EDGE_CURVE ( 'NONE', #7549, #7442, #790, .T. ) ;
#7472 = CARTESIAN_POINT ( 'NONE',  ( 4.220018911646232773, -139.4004924451556349, 25.08769150607107790 ) ) ;
#7473 = ORIENTED_EDGE ( 'NONE', *, *, #2895, .F. ) ;
#7474 = FACE_OUTER_BOUND ( 'NONE', #7164, .T. ) ;
#7475 = EDGE_CURVE ( 'NONE', #4310, #1111, #3558, .T. ) ;
#7476 = AXIS2_PLACEMENT_3D ( 'NONE', #4167, #2185, #4650 ) ;
#7477 = ORIENTED_EDGE ( 'NONE', *, *, #2648, .T. ) ;
#7478 = CARTESIAN_POINT ( 'NONE',  ( -14.65710448143376787, -128.1889321442034770, 22.64930167012784423 ) ) ;
#7479 = CARTESIAN_POINT ( 'NONE',  ( 317.5000000000000000, 0.000000000000000000, -65.77070040501132553 ) ) ;
#7480 = CARTESIAN_POINT ( 'NONE',  ( -130.5289423452634594, -48.13602175606839495, 22.43970828302891007 ) ) ;
#7481 = CARTESIAN_POINT ( 'NONE',  ( -129.4838081145468891, 49.25075989885390726, 22.30308795627933094 ) ) ;
#7482 = DESIGN_CONTEXT ( 'detailed design', #7426, 'design' ) ;
#7483 = FACE_OUTER_BOUND ( 'NONE', #3284, .T. ) ;
#7484 = EDGE_CURVE ( 'NONE', #7324, #322, #2207, .T. ) ;
#7485 = ORIENTED_EDGE ( 'NONE', *, *, #549, .T. ) ;
#7486 = CARTESIAN_POINT ( 'NONE',  ( 73.47315653656002610, -101.1271242968677768, 14.49999999999999822 ) ) ;
#7487 = AXIS2_PLACEMENT_3D ( 'NONE', #3068, #4325, #5613 ) ;
#7488 = CARTESIAN_POINT ( 'NONE',  ( -88.47315653655928713, 101.1271242968683453, 23.89698163186447744 ) ) ;
#7489 = CARTESIAN_POINT ( 'NONE',  ( -13.23383171960088056, 132.1124394553057755, 23.52483785205066624 ) ) ;
#7490 = DIRECTION ( 'NONE',  ( -1.000000000000000000, 0.000000000000000000, 0.000000000000000000 ) ) ;
#7491 = CARTESIAN_POINT ( 'NONE',  ( 0.000000000000000000, 0.000000000000000000, 17.00000000000000000 ) ) ;
#7492 = DIRECTION ( 'NONE',  ( 0.000000000000000000, -0.000000000000000000, 1.000000000000000000 ) ) ;
#7493 = TOROIDAL_SURFACE ( 'NONE', #4239, 122.2006631523987323, 30.00000000000000711 ) ;
#7494 = AXIS2_PLACEMENT_3D ( 'NONE', #1343, #3783, #728 ) ;
#7495 = ORIENTED_EDGE ( 'NONE', *, *, #6119, .T. ) ;
#7496 = EDGE_CURVE ( 'NONE', #5496, #7405, #7505, .T. ) ;
#7497 = DIRECTION ( 'NONE',  ( -0.000000000000000000, -0.000000000000000000, 1.000000000000000000 ) ) ;
#7498 = ORIENTED_EDGE ( 'NONE', *, *, #1386, .F. ) ;
#7499 = DIRECTION ( 'NONE',  ( -0.000000000000000000, -0.000000000000000000, 1.000000000000000000 ) ) ;
#7500 = ORIENTED_EDGE ( 'NONE', *, *, #253, .F. ) ;
#7501 = DIRECTION ( 'NONE',  ( -0.9737898099359781900, 1.192548573780405048E-16, 0.2274497880079283385 ) ) ;
#7502 = VECTOR ( 'NONE', #3253, 1000.000000000000000 ) ;
#7503 = VECTOR ( 'NONE', #79, 1000.000000000000000 ) ;
#7504 = DIRECTION ( 'NONE',  ( 1.000000000000000000, 0.000000000000000000, 0.000000000000000000 ) ) ;
#7505 = B_SPLINE_CURVE_WITH_KNOTS ( 'NONE', 3,
 ( #5201, #6604, #5932, #6519, #1653, #4562, #5324, #6432, #3855, #7571, #687, #6888, #360, #7043, #2799, #871, #7023, #3793, #535, #5444, #4231, #6100, #2531, #5638, #2575, #7538, #285, #2162, #7653, #6508, #2206, #5313, #2678, #4010, #4547, #275, #3963, #7034 ),
 .UNSPECIFIED., .F., .F.,
 ( 4, 2, 2, 2, 2, 2, 2, 2, 2, 2, 2, 2, 2, 2, 2, 2, 2, 2, 4 ),
 ( 0.006302532813820056930, 0.008465742661115199102, 0.009547347584762770623, 0.01062895250841034214, 0.01495537220300054496, 0.01603697712664810954, 0.01711858205029567759, 0.01928179189759080675, 0.02144500174488593938, 0.02360821159218107201, 0.02468981651582862619, 0.02577142143947618036, 0.02793463128677125748, 0.03009784113406632766, 0.03117944605771385061, 0.03226105098136136662, 0.03442426082865635006, 0.03658747067595133351, 0.04091389037054133510 ),
 .UNSPECIFIED. ) ;
#7506 = CONICAL_SURFACE ( 'NONE', #4636, 158.0999999999996533, 0.7853981633974334020 ) ;
#7507 = CARTESIAN_POINT ( 'NONE',  ( 63.94909740123874542, -112.7155796549775602, 20.21482714528789870 ) ) ;
#7508 = AXIS2_PLACEMENT_3D ( 'NONE', #7685, #3325, #910 ) ;
#7509 = CARTESIAN_POINT ( 'NONE',  ( -172.6000000000000227, 2.113740375328332191E-14, -63.72929959498868868 ) ) ;
#7510 = EDGE_LOOP ( 'NONE', ( #5532, #200, #3425, #5599 ) ) ;
#7511 = CARTESIAN_POINT ( 'NONE',  ( 162.5999999999999943, 0.000000000000000000, 47.21407607798541761 ) ) ;
#7512 = CARTESIAN_POINT ( 'NONE',  ( 388.9746013897345733, 194.4873006948673435, -91.56960896611400358 ) ) ;
#7513 = CARTESIAN_POINT ( 'NONE',  ( 0.000000000000000000, 0.000000000000000000, 11.86299596820718527 ) ) ;
#7514 = AXIS2_PLACEMENT_3D ( 'NONE', #4458, #6948, #3279 ) ;
#7515 = CALENDAR_DATE ( 2025, 17, 8 ) ;
#7516 = VERTEX_POINT ( 'NONE', #3924 ) ;
#7517 = CARTESIAN_POINT ( 'NONE',  ( -162.5999999999999943, 1.991275695413596096E-14, 56.27070040501133974 ) ) ;
#7518 = CIRCLE ( 'NONE', #4899, 289.3257808412388954 ) ;
#7519 = DIRECTION ( 'NONE',  ( -0.000000000000000000, -0.000000000000000000, 1.000000000000000000 ) ) ;
#7520 = ADVANCED_FACE ( 'NONE', ( #6455 ), #7112, .F. ) ;
#7521 = DIRECTION ( 'NONE',  ( 0.9737898099359781900, 0.000000000000000000, 0.2274497880079283385 ) ) ;
#7522 = CARTESIAN_POINT ( 'NONE',  ( 0.4019765354788113476, 140.0003969059679889, 22.64574218993274357 ) ) ;
#7523 = CARTESIAN_POINT ( 'NONE',  ( 82.27449788007929499, 0.000000000000000000, 17.26210190064021788 ) ) ;
#7524 = CARTESIAN_POINT ( 'NONE',  ( 165.1000000000000227, 0.000000000000000000, -55.72929959498868158 ) ) ;
#7525 = EDGE_CURVE ( 'NONE', #762, #7868, #4199, .T. ) ;
#7526 = EDGE_LOOP ( 'NONE', ( #5844, #1830, #3053, #2704, #1867 ) ) ;
#7527 = ORIENTED_EDGE ( 'NONE', *, *, #4298, .F. ) ;
#7528 = EDGE_LOOP ( 'NONE', ( #5039, #1736 ) ) ;
#7529 = DIRECTION ( 'NONE',  ( 1.000000000000000000, 0.000000000000000000, 0.000000000000000000 ) ) ;
#7530 = CARTESIAN_POINT ( 'NONE',  ( 0.000000000000000000, 0.000000000000000000, 99.50000000000000000 ) ) ;
#7531 = CARTESIAN_POINT ( 'NONE',  ( 3.395851672745879846, 139.6353795535830500, 25.13683382087325668 ) ) ;
#7532 = FACE_OUTER_BOUND ( 'NONE', #5601, .T. ) ;
#7533 = EDGE_CURVE ( 'NONE', #3813, #4200, #5536, .T. ) ;
#7534 = EDGE_CURVE ( 'NONE', #1586, #5910, #293, .T. ) ;
#7535 = CARTESIAN_POINT ( 'NONE',  ( 133.0522051088404112, -33.66698703322646935, 22.00208764290304586 ) ) ;
#7536 = CARTESIAN_POINT ( 'NONE',  ( 122.2006631523987323, 0.000000000000000000, 51.86299596820718705 ) ) ;
#7537 = AXIS2_PLACEMENT_3D ( 'NONE', #4935, #3026, #5495 ) ;
#7538 = CARTESIAN_POINT ( 'NONE',  ( -74.67867881036929134, 116.0958259002349280, 24.75488200630829994 ) ) ;
#7539 = VERTEX_POINT ( 'NONE', #7926 ) ;
#7540 = ORIENTED_EDGE ( 'NONE', *, *, #898, .F. ) ;
#7541 = CARTESIAN_POINT ( 'NONE',  ( 180.1000000000000227, 0.000000000000000000, -65.77070040501132553 ) ) ;
#7542 = ORIENTED_EDGE ( 'NONE', *, *, #7822, .T. ) ;
#7543 = AXIS2_PLACEMENT_3D ( 'NONE', #1982, #6319, #4898 ) ;
#7544 = CARTESIAN_POINT ( 'NONE',  ( 54.35287990626782317, 17.66032122852886133, 17.00000000000000000 ) ) ;
#7545 = DIRECTION ( 'NONE',  ( -1.000000000000000000, 0.000000000000000000, 0.000000000000000000 ) ) ;
#7546 = ADVANCED_FACE ( 'NONE', ( #5497 ), #1715, .F. ) ;
#7547 =( BOUNDED_SURFACE ( )  B_SPLINE_SURFACE ( 3, 3, ( 
 ( #6143, #2986, #1137, #3021 ),
 ( #7984, #5410, #7343, #2382 ),
 ( #4812, #7951, #613, #6656 ),
 ( #1776, #4242, #3520, #5527 ),
 ( #5453, #2464, #499, #4842 ),
 ( #6733, #4166, #7307, #1740 ),
 ( #4924, #25, #6692, #1100 ),
 ( #579, #7913, #3599, #7267 ),
 ( #5488, #4282, #2420, #3638 ),
 ( #1180, #2904, #3557, #6069 ),
 ( #4317, #7419, #6024, #6809 ),
 ( #2303, #1853, #5368, #6108 ),
 ( #4768, #4885, #2345, #7381 ),
 ( #1704, #6770, #1215, #4203 ),
 ( #1257, #4961, #3706, #658 ),
 ( #7460, #6189, #3103, #2501 ),
 ( #1896, #5570, #64, #4361 ),
 ( #6433, #7431, #1416, #7619 ),
 ( #5766, #6971, #2096, #6477 ),
 ( #1492, #6821, #3116, #3342 ),
 ( #2511, #294, #251, #3865 ),
 ( #2700, #7052, #2054, #1536 ),
 ( #330, #6354, #215, #2769 ),
 ( #7663, #805, #5163, #5202 ) ),
 .UNSPECIFIED., .F., .F., .F. ) 
 B_SPLINE_SURFACE_WITH_KNOTS ( ( 4, 2, 2, 2, 2, 2, 2, 2, 2, 2, 2, 4 ),
 ( 4, 4 ),
 ( 0.000000000000000000, 0.1250000000000009159, 0.2500000000000018319, 0.3750000000000027756, 0.4375000000000025535, 0.5000000000000023315, 0.5625000000000021094, 0.6250000000000018874, 0.6875000000000016653, 0.7500000000000014433, 0.8750000000000007772, 1.000000000000000000 ),
 ( 0.000000000000000000, 1.000000000000000000 ),
 .UNSPECIFIED. ) 
 GEOMETRIC_REPRESENTATION_ITEM ( )  RATIONAL_B_SPLINE_SURFACE ( (
 ( 1.000000000000000000, 0.3333333333333334259, 0.3333333333333334259, 1.000000000000000000),
 ( 1.000000000000000000, 0.3333333333333334259, 0.3333333333333334259, 1.000000000000000000),
 ( 1.000000000000000000, 0.3333333333333334259, 0.3333333333333334259, 1.000000000000000000),
 ( 1.000000000000000000, 0.3333333333333334259, 0.3333333333333334259, 1.000000000000000000),
 ( 1.000000000000000000, 0.3333333333333334259, 0.3333333333333334259, 1.000000000000000000),
 ( 1.000000000000000000, 0.3333333333333334259, 0.3333333333333334259, 1.000000000000000000),
 ( 1.000000000000000000, 0.3333333333333334259, 0.3333333333333334259, 1.000000000000000000),
 ( 1.000000000000000000, 0.3333333333333334259, 0.3333333333333334259, 1.000000000000000000),
 ( 1.000000000000000000, 0.3333333333333334259, 0.3333333333333334259, 1.000000000000000000),
 ( 1.000000000000000000, 0.3333333333333334259, 0.3333333333333334259, 1.000000000000000000),
 ( 1.000000000000000000, 0.3333333333333334259, 0.3333333333333334259, 1.000000000000000000),
 ( 1.000000000000000000, 0.3333333333333334259, 0.3333333333333334259, 1.000000000000000000),
 ( 1.000000000000000000, 0.3333333333333334259, 0.3333333333333334259, 1.000000000000000000),
 ( 1.000000000000000000, 0.3333333333333334259, 0.3333333333333334259, 1.000000000000000000),
 ( 1.000000000000000000, 0.3333333333333334259, 0.3333333333333334259, 1.000000000000000000),
 ( 1.000000000000000000, 0.3333333333333334259, 0.3333333333333334259, 1.000000000000000000),
 ( 1.000000000000000000, 0.3333333333333334259, 0.3333333333333334259, 1.000000000000000000),
 ( 1.000000000000000000, 0.3333333333333334259, 0.3333333333333334259, 1.000000000000000000),
 ( 1.000000000000000000, 0.3333333333333334259, 0.3333333333333334259, 1.000000000000000000),
 ( 1.000000000000000000, 0.3333333333333334259, 0.3333333333333334259, 1.000000000000000000),
 ( 1.000000000000000000, 0.3333333333333334259, 0.3333333333333334259, 1.000000000000000000),
 ( 1.000000000000000000, 0.3333333333333334259, 0.3333333333333334259, 1.000000000000000000),
 ( 1.000000000000000000, 0.3333333333333334259, 0.3333333333333334259, 1.000000000000000000),
 ( 1.000000000000000000, 0.3333333333333334259, 0.3333333333333334259, 1.000000000000000000) ) ) 
 REPRESENTATION_ITEM ( '' )  SURFACE ( )  );
#7548 = DIRECTION ( 'NONE',  ( -0.000000000000000000, -0.000000000000000000, 1.000000000000000000 ) ) ;
#7549 = VERTEX_POINT ( 'NONE', #471 ) ;
#7550 = DIRECTION ( 'NONE',  ( 0.000000000000000000, -0.000000000000000000, 1.000000000000000000 ) ) ;
#7551 = CARTESIAN_POINT ( 'NONE',  ( 3.635621913427965235E-14, -296.8710583295711558, -94.26337537733878946 ) ) ;
#7552 = CARTESIAN_POINT ( 'NONE',  ( 2.256434429911785567E-14, -184.2518537984015552, -82.49406996101798484 ) ) ;
#7553 = CARTESIAN_POINT ( 'NONE',  ( 122.1823112447102631, 23.98320407075823724, 21.94667850066395687 ) ) ;
#7554 = DIRECTION ( 'NONE',  ( 0.000000000000000000, -0.000000000000000000, 1.000000000000000000 ) ) ;
#7555 = CYLINDRICAL_SURFACE ( 'NONE', #2605, 15.00000000000000000 ) ;
#7556 = ORIENTED_EDGE ( 'NONE', *, *, #3081, .T. ) ;
#7557 = CARTESIAN_POINT ( 'NONE',  ( 126.7938008737651785, 51.38158817264187661, 24.46750498239966376 ) ) ;
#7558 = CARTESIAN_POINT ( 'NONE',  ( -131.7180201638082053, 30.84079755625217345, 21.54311459392168970 ) ) ;
#7559 = CARTESIAN_POINT ( 'NONE',  ( 147.5999999999999375, 0.000000000000000000, 36.24442096338251673 ) ) ;
#7560 = CYLINDRICAL_SURFACE ( 'NONE', #4628, 15.00000000000000000 ) ;
#7561 = CARTESIAN_POINT ( 'NONE',  ( -129.8390855117707758, 48.88420537693329493, 22.35037841255364199 ) ) ;
#7562 = ADVANCED_FACE ( 'NONE', ( #1748 ), #7235, .F. ) ;
#7563 = VERTEX_POINT ( 'NONE', #2433 ) ;
#7564 = EDGE_LOOP ( 'NONE', ( #135, #3779, #6139, #2209 ) ) ;
#7565 = EDGE_LOOP ( 'NONE', ( #6409, #860 ) ) ;
#7566 = CARTESIAN_POINT ( 'NONE',  ( -117.9884619973339284, 53.60048312183756991, 20.21482714528789870 ) ) ;
#7567 = FACE_OUTER_BOUND ( 'NONE', #3457, .T. ) ;
#7568 = CARTESIAN_POINT ( 'NONE',  ( 11.83584130777581578, 134.2244999704239206, 23.98553784867455718 ) ) ;
#7569 = CARTESIAN_POINT ( 'NONE',  ( -15.00000000000000355, 125.0000000000000000, -99.50000000000000000 ) ) ;
#7570 = DIRECTION ( 'NONE',  ( 1.000000000000000000, 0.000000000000000000, 0.000000000000000000 ) ) ;
#7571 = CARTESIAN_POINT ( 'NONE',  ( -85.87279221043267796, 109.5758267648457576, 25.02964865147335871 ) ) ;
#7572 = CARTESIAN_POINT ( 'NONE',  ( 375.0390734074504167, -187.5195367037253220, 86.64764840476198060 ) ) ;
#7573 = EDGE_LOOP ( 'NONE', ( #3698, #3380 ) ) ;
#7574 = EDGE_CURVE ( 'NONE', #419, #1586, #5381, .T. ) ;
#7575 = ORIENTED_EDGE ( 'NONE', *, *, #98, .F. ) ;
#7576 = EDGE_CURVE ( 'NONE', #5976, #6275, #6353, .T. ) ;
#7577 = CARTESIAN_POINT ( 'NONE',  ( -63.94909740123789987, 112.7155796549780433, 20.21482714528789870 ) ) ;
#7578 = ORIENTED_EDGE ( 'NONE', *, *, #3445, .F. ) ;
#7579 = CARTESIAN_POINT ( 'NONE',  ( 84.42712224823260669, -111.3992660594899746, 22.59327359261413903 ) ) ;
#7580 = CARTESIAN_POINT ( 'NONE',  ( 0.000000000000000000, 0.000000000000000000, 14.49999999999999822 ) ) ;
#7581 = CARTESIAN_POINT ( 'NONE',  ( -33.59192716851458016, -46.23532122852843429, 14.49999999999999822 ) ) ;
#7582 = ORIENTED_EDGE ( 'NONE', *, *, #3932, .T. ) ;
#7583 = EDGE_CURVE ( 'NONE', #7303, #5122, #6627, .T. ) ;
#7584 = DIRECTION ( 'NONE',  ( 1.000000000000000000, 0.000000000000000000, 0.000000000000000000 ) ) ;
#7585 = CARTESIAN_POINT ( 'NONE',  ( 0.000000000000000000, 0.000000000000000000, 57.77070040501133974 ) ) ;
#7586 = CARTESIAN_POINT ( 'NONE',  ( 150.0999999999999375, 1.838194845520176530E-14, 17.11044636716703948 ) ) ;
#7587 = CARTESIAN_POINT ( 'NONE',  ( 0.000000000000000000, 0.000000000000000000, -65.77070040501132553 ) ) ;
#7588 = SECURITY_CLASSIFICATION_LEVEL ( 'unclassified' ) ;
#7589 = AXIS2_PLACEMENT_3D ( 'NONE', #411, #4829, #484 ) ;
#7590 = CARTESIAN_POINT ( 'NONE',  ( 2.208467200214958958E-14, -180.3350322519586939, -70.87866810663061301 ) ) ;
#7591 = EDGE_CURVE ( 'NONE', #5263, #3989, #7281, .T. ) ;
#7592 = CARTESIAN_POINT ( 'NONE',  ( 131.6163948984159333, -46.62440613344278972, 25.12580907789951468 ) ) ;
#7593 = CARTESIAN_POINT ( 'NONE',  ( 120.9785186341933922, 53.48878558309515796, 23.40870425772280683 ) ) ;
#7594 = CIRCLE ( 'NONE', #2659, 180.1000000000000227 ) ;
#7595 = LINE ( 'NONE', #5136, #1389 ) ;
#7596 = CARTESIAN_POINT ( 'NONE',  ( 0.000000000000000000, 0.000000000000000000, -57.22929959498868158 ) ) ;
#7597 = DIRECTION ( 'NONE',  ( -0.000000000000000000, -0.000000000000000000, 1.000000000000000000 ) ) ;
#7598 = CARTESIAN_POINT ( 'NONE',  ( 117.9884619973343121, -53.60048312183677410, 20.21482714528789870 ) ) ;
#7599 = AXIS2_PLACEMENT_3D ( 'NONE', #99, #4843, #4927 ) ;
#7600 = ORIENTED_EDGE ( 'NONE', *, *, #635, .T. ) ;
#7601 = ORIENTED_EDGE ( 'NONE', *, *, #4526, .F. ) ;
#7602 = CARTESIAN_POINT ( 'NONE',  ( 133.6715922048096274, -41.18262247524123865, 22.61548531002612705 ) ) ;
#7603 = DIRECTION ( 'NONE',  ( 1.000000000000000000, 0.000000000000000000, 0.000000000000000000 ) ) ;
#7604 = LINE ( 'NONE', #238, #7502 ) ;
#7605 = FACE_OUTER_BOUND ( 'NONE', #2179, .T. ) ;
#7606 = DIRECTION ( 'NONE',  ( 0.000000000000000000, 0.000000000000000000, -1.000000000000000000 ) ) ;
#7607 = CYLINDRICAL_SURFACE ( 'NONE', #1170, 6.350000000000001421 ) ;
#7608 = ORIENTED_EDGE ( 'NONE', *, *, #4624, .T. ) ;
#7609 = VECTOR ( 'NONE', #5896, 1000.000000000000114 ) ;
#7610 = ORIENTED_EDGE ( 'NONE', *, *, #635, .F. ) ;
#7611 = CARTESIAN_POINT ( 'NONE',  ( -392.1568789826376360, 196.0784394913188748, 92.26983495602146945 ) ) ;
#7612 = ORIENTED_EDGE ( 'NONE', *, *, #6137, .F. ) ;
#7613 = CARTESIAN_POINT ( 'NONE',  ( 68.80922002295451989, -115.4531857887841255, 21.33773994916228034 ) ) ;
#7614 = B_SPLINE_CURVE_WITH_KNOTS ( 'NONE', 3,
 ( #7430, #1711, #3673, #2992, #5420, #33, #1784, #667, #6151, #2354, #1863, #6663, #4847, #3114, #4172, #621, #7955, #1188, #1107, #7390, #4326, #4291, #3069, #6780, #3566, #2386, #1223, #3025, #4892, #5537, #4817, #1266, #6742, #3717, #6198, #3641, #5577, #6033 ),
 .UNSPECIFIED., .F., .F.,
 ( 4, 2, 2, 2, 2, 2, 2, 2, 2, 2, 2, 2, 2, 2, 2, 2, 2, 2, 4 ),
 ( 9.257435878878144256E-07, 0.004249498221780135913, 0.006373784460876249884, 0.008498070699972362987, 0.009560213819520400891, 0.01062235693906843706, 0.01274664317816455276, 0.01487092941726066674, 0.01593307253680872199, 0.01699521565635677897, 0.01911950189545287213, 0.02018164501500094299, 0.02124378813454902079, 0.02336807437364517639, 0.02549236061274132853, 0.02974093309093369525, 0.03080307621048178346, 0.03186521933002987167, 0.03398950556912606891 ),
 .UNSPECIFIED. ) ;
#7615 = CARTESIAN_POINT ( 'NONE',  ( 0.000000000000000000, 0.000000000000000000, 49.52347715474393652 ) ) ;
#7616 = VECTOR ( 'NONE', #7521, 1000.000000000000000 ) ;
#7617 = AXIS2_PLACEMENT_3D ( 'NONE', #7737, #2733, #7858 ) ;
#7618 = ADVANCED_FACE ( 'NONE', ( #4176 ), #1110, .T. ) ;
#7619 = CARTESIAN_POINT ( 'NONE',  ( -7.567530081273828560E-14, 308.9678626744722578, -91.31556125657976963 ) ) ;
#7620 = CARTESIAN_POINT ( 'NONE',  ( 113.4953191957835514, 52.62953751874260178, 22.00240902692937084 ) ) ;
#7621 = ORIENTED_EDGE ( 'NONE', *, *, #2784, .F. ) ;
#7622 = CARTESIAN_POINT ( 'NONE',  ( 0.000000000000000000, 0.000000000000000000, 35.77057939344513215 ) ) ;
#7623 = AXIS2_PLACEMENT_3D ( 'NONE', #5986, #6570, #6029 ) ;
#7624 = VERTEX_POINT ( 'NONE', #3678 ) ;
#7625 = AXIS2_PLACEMENT_3D ( 'NONE', #6194, #6902, #662 ) ;
#7626 = CARTESIAN_POINT ( 'NONE',  ( -133.8820645368943190, 38.62712429686809656, 22.49219463776504213 ) ) ;
#7627 = CARTESIAN_POINT ( 'NONE',  ( 147.5999999999999375, 1.811060496227125635E-14, 26.98809383705458487 ) ) ;
#7628 = CARTESIAN_POINT ( 'NONE',  ( -103.8820645368940490, -38.62712429686894922, 14.49999999999999822 ) ) ;
#7629 = EDGE_CURVE ( 'NONE', #5908, #7096, #5951, .T. ) ;
#7630 = AXIS2_PLACEMENT_3D ( 'NONE', #2309, #6853, #6898 ) ;
#7631 = VECTOR ( 'NONE', #639, 1000.000000000000000 ) ;
#7632 = CARTESIAN_POINT ( 'NONE',  ( 180.1000000000000227, 0.000000000000000000, 65.77070040501132553 ) ) ;
#7633 = DIRECTION ( 'NONE',  ( 0.000000000000000000, 0.000000000000000000, -1.000000000000000000 ) ) ;
#7634 = CARTESIAN_POINT ( 'NONE',  ( 87.93812690642582197, 97.02548923594387986, 23.09813575236987759 ) ) ;
#7635 = CARTESIAN_POINT ( 'NONE',  ( 132.7857389094420739, 44.28072449072837458, 25.20674343933888650 ) ) ;
#7636 = AXIS2_PLACEMENT_3D ( 'NONE', #4498, #1320, #6912 ) ;
#7637 = AXIS2_PLACEMENT_3D ( 'NONE', #3155, #3000, #3120 ) ;
#7638 = DIRECTION ( 'NONE',  ( -1.000000000000000000, 0.000000000000000000, 0.000000000000000000 ) ) ;
#7639 = CARTESIAN_POINT ( 'NONE',  ( 59.55032408116302634, 106.7087671033382037, 21.86299596820718349 ) ) ;
#7640 = CARTESIAN_POINT ( 'NONE',  ( -133.7500210402805862, 40.67800647828446614, 22.59850675687060573 ) ) ;
#7641 = ORIENTED_EDGE ( 'NONE', *, *, #604, .T. ) ;
#7642 = AXIS2_PLACEMENT_3D ( 'NONE', #7878, #5301, #5257 ) ;
#7643 = ORIENTED_EDGE ( 'NONE', *, *, #4039, .T. ) ;
#7644 = ORIENTED_EDGE ( 'NONE', *, *, #3289, .T. ) ;
#7645 = CARTESIAN_POINT ( 'NONE',  ( 0.000000000000000000, 175.0999999999999943, 65.77070040501132553 ) ) ;
#7646 = CARTESIAN_POINT ( 'NONE',  ( 0.000000000000000000, 0.000000000000000000, 51.86299596820718705 ) ) ;
#7647 = DIRECTION ( 'NONE',  ( -0.000000000000000000, -0.000000000000000000, 1.000000000000000000 ) ) ;
#7648 = CARTESIAN_POINT ( 'NONE',  ( 119.8881304610661971, 23.66090128115137858, 19.36299596820718349 ) ) ;
#7649 = CIRCLE ( 'NONE', #282, 122.2006631523987323 ) ;
#7650 = CARTESIAN_POINT ( 'NONE',  ( 644.9999999999998863, 322.5000000000000000, -83.74324804101253505 ) ) ;
#7651 = PRODUCT ( 'WHEEL 155-80-R13_REV_', 'WHEEL 155-80-R13_REV_', '', ( #5685 ) ) ;
#7652 = CARTESIAN_POINT ( 'NONE',  ( 372.6893232596835333, 186.3446616298416814, 85.37267775845593576 ) ) ;
#7653 = CARTESIAN_POINT ( 'NONE',  ( -72.51349764473921766, 116.1007122423976057, 24.48536986287355433 ) ) ;
#7654 = VERTEX_POINT ( 'NONE', #7517 ) ;
#7655 = AXIS2_PLACEMENT_3D ( 'NONE', #953, #320, #6000 ) ;
#7656 = VERTEX_POINT ( 'NONE', #2594 ) ;
#7657 = ORIENTED_EDGE ( 'NONE', *, *, #5436, .T. ) ;
#7658 = DIRECTION ( 'NONE',  ( 1.000000000000000000, 0.000000000000000000, 0.000000000000000000 ) ) ;
#7659 = ORIENTED_EDGE ( 'NONE', *, *, #3734, .F. ) ;
#7660 = CARTESIAN_POINT ( 'NONE',  ( 2.506412666873533872E-14, -204.6641259029620414, -94.36274905517983314 ) ) ;
#7661 = DIRECTION ( 'NONE',  ( -0.000000000000000000, -0.000000000000000000, 1.000000000000000000 ) ) ;
#7662 = CIRCLE ( 'NONE', #6624, 160.5999999999999659 ) ;
#7663 = CARTESIAN_POINT ( 'NONE',  ( 3.543218914180317879E-14, -289.3257808412388954, -94.49999999999998579 ) ) ;
#7664 = ORIENTED_EDGE ( 'NONE', *, *, #29, .F. ) ;
#7665 = EDGE_CURVE ( 'NONE', #2089, #5981, #3502, .T. ) ;
#7666 = ORIENTED_EDGE ( 'NONE', *, *, #2787, .F. ) ;
#7667 = CARTESIAN_POINT ( 'NONE',  ( -14.51664885225353885, 128.7771558215628431, 20.21482714528789870 ) ) ;
#7668 = APPROVAL_PERSON_ORGANIZATION ( #5578, #2943, #2387 ) ;
#7669 = DIRECTION ( 'NONE',  ( 1.000000000000000000, 0.000000000000000000, 0.000000000000000000 ) ) ;
#7670 = LINE ( 'NONE', #4038, #3998 ) ;
#7671 = CALENDAR_DATE ( 2025, 17, 8 ) ;
#7672 = DIRECTION ( 'NONE',  ( 0.000000000000000000, 0.000000000000000000, -1.000000000000000000 ) ) ;
#7673 = ADVANCED_FACE ( 'NONE', ( #706 ), #1060, .T. ) ;
#7674 = CARTESIAN_POINT ( 'NONE',  ( 131.4247906647191257, 46.87013616605511857, 22.53622898025204790 ) ) ;
#7675 = EDGE_CURVE ( 'NONE', #1644, #3981, #1353, .T. ) ;
#7676 = DIRECTION ( 'NONE',  ( -1.000000000000000000, 0.000000000000000000, -0.000000000000000000 ) ) ;
#7677 = CARTESIAN_POINT ( 'NONE',  ( -624.6602274444682052, 312.3301137222341595, 89.15235216125219608 ) ) ;
#7678 = CARTESIAN_POINT ( 'NONE',  ( -133.2504737586741328, 34.27438926719110412, 22.08199687360340135 ) ) ;
#7679 = CARTESIAN_POINT ( 'NONE',  ( 0.000000000000000000, 0.000000000000000000, 19.36299596820719060 ) ) ;
#7680 = CARTESIAN_POINT ( 'NONE',  ( -73.47315653655857659, -101.1271242968688426, 21.86299596820718349 ) ) ;
#7681 = ORIENTED_EDGE ( 'NONE', *, *, #3392, .F. ) ;
#7682 = ORIENTED_EDGE ( 'NONE', *, *, #7173, .F. ) ;
#7683 = ORIENTED_EDGE ( 'NONE', *, *, #6026, .F. ) ;
#7684 = EDGE_CURVE ( 'NONE', #7264, #7087, #4382, .T. ) ;
#7685 = CARTESIAN_POINT ( 'NONE',  ( 0.000000000000000000, 0.000000000000000000, 17.73176671072666366 ) ) ;
#7686 = CARTESIAN_POINT ( 'NONE',  ( -350.1999999999999318, -175.1000000000000512, -65.77070040501132553 ) ) ;
#7687 = DIRECTION ( 'NONE',  ( 1.000000000000000000, 0.000000000000000000, 0.000000000000000000 ) ) ;
#7688 = DIRECTION ( 'NONE',  ( 0.000000000000000000, 0.000000000000000000, -1.000000000000000000 ) ) ;
#7689 = CARTESIAN_POINT ( 'NONE',  ( 3.960386958685788698E-14, -323.3901367678553811, -99.49999999999998579 ) ) ;
#7690 = CARTESIAN_POINT ( 'NONE',  ( -110.8990637958514185, -51.32640377125301256, 21.86299596820718349 ) ) ;
#7691 = VERTEX_POINT ( 'NONE', #5618 ) ;
#7692 = DIRECTION ( 'NONE',  ( 1.000000000000000000, 0.000000000000000000, 0.000000000000000000 ) ) ;
#7693 = VERTEX_POINT ( 'NONE', #6155 ) ;
#7694 = CARTESIAN_POINT ( 'NONE',  ( 2.205588885264383868E-14, -180.1000000000000512, -68.44440677895181580 ) ) ;
#7695 = CARTESIAN_POINT ( 'NONE',  ( -402.2593809215250076, -201.1296904607626175, -93.80705434439103385 ) ) ;
#7696 = CARTESIAN_POINT ( 'NONE',  ( 168.5999999999999943, 2.104555524334726740E-14, 57.77070040501133974 ) ) ;
#7697 = FACE_OUTER_BOUND ( 'NONE', #7290, .T. ) ;
#7698 = EDGE_LOOP ( 'NONE', ( #1192, #3402 ) ) ;
#7699 = CARTESIAN_POINT ( 'NONE',  ( 110.8990637958510490, 51.32640377125379416, 21.86299596820718349 ) ) ;
#7700 = ORIENTED_EDGE ( 'NONE', *, *, #3233, .F. ) ;
#7701 = FACE_OUTER_BOUND ( 'NONE', #4760, .T. ) ;
#7702 = ORIENTED_EDGE ( 'NONE', *, *, #6636, .T. ) ;
#7703 = DIRECTION ( 'NONE',  ( 1.000000000000000000, 0.000000000000000000, 0.000000000000000000 ) ) ;
#7704 = CARTESIAN_POINT ( 'NONE',  ( -125.4480832331073259, 25.12832965938510910, 22.41160322118911097 ) ) ;
#7705 = CARTESIAN_POINT ( 'NONE',  ( -42.00000000000000000, 5.143516556418883322E-15, 17.00000000000000000 ) ) ;
#7706 = CARTESIAN_POINT ( 'NONE',  ( 133.3325416283661582, 42.68296452980046496, 22.64493867139645999 ) ) ;
#7707 = CARTESIAN_POINT ( 'NONE',  ( 0.000000000000000000, 0.000000000000000000, 35.77057939344513215 ) ) ;
#7708 = CARTESIAN_POINT ( 'NONE',  ( 0.000000000000000000, 315.7362494641405988, 84.26865681888700976 ) ) ;
#7709 = CARTESIAN_POINT ( 'NONE',  ( -130.2365254069227660, 28.82026680366592331, 21.10107713673819418 ) ) ;
#7710 = ADVANCED_FACE ( 'NONE', ( #2551 ), #3884, .T. ) ;
#7711 = CARTESIAN_POINT ( 'NONE',  ( -3.949485927250214208E-14, -322.5000000000000000, 65.77070040501132553 ) ) ;
#7712 = CIRCLE ( 'NONE', #4204, 10.00000000000000000 ) ;
#7713 = DIRECTION ( 'NONE',  ( 1.000000000000000000, 0.000000000000000000, 0.000000000000000000 ) ) ;
#7714 = ADVANCED_FACE ( 'NONE', ( #7474 ), #7433, .T. ) ;
#7715 = EDGE_CURVE ( 'NONE', #2462, #3469, #7145, .T. ) ;
#7716 = ORIENTED_EDGE ( 'NONE', *, *, #734, .F. ) ;
#7717 = CARTESIAN_POINT ( 'NONE',  ( -133.8820645368943190, 38.62712429686809656, 25.05948377397438165 ) ) ;
#7718 = EDGE_LOOP ( 'NONE', ( #7659, #4264, #5314, #1247 ) ) ;
#7719 = AXIS2_PLACEMENT_3D ( 'NONE', #6795, #6096, #5633 ) ;
#7720 = ORIENTED_EDGE ( 'NONE', *, *, #4596, .T. ) ;
#7721 = CARTESIAN_POINT ( 'NONE',  ( 63.48971720767524118, -112.3222544509337126, 22.64930167012784779 ) ) ;
#7722 = DIRECTION ( 'NONE',  ( 1.000000000000000000, 0.000000000000000000, 0.000000000000000000 ) ) ;
#7723 = DIRECTION ( 'NONE',  ( 1.000000000000000000, 0.000000000000000000, 0.000000000000000000 ) ) ;
#7724 = CARTESIAN_POINT ( 'NONE',  ( -133.8820645368941484, -39.68487625903962623, 25.12797130018103076 ) ) ;
#7725 = DIRECTION ( 'NONE',  ( 1.224646799147353207E-16, 1.000000000000000000, 0.000000000000000000 ) ) ;
#7726 = CIRCLE ( 'NONE', #6427, 165.0999999999999943 ) ;
#7727 = EDGE_CURVE ( 'NONE', #6689, #527, #174, .T. ) ;
#7728 = CARTESIAN_POINT ( 'NONE',  ( -646.7802735357106485, 323.3901367678553811, 99.49999999999998579 ) ) ;
#7729 = ORIENTED_EDGE ( 'NONE', *, *, #1185, .F. ) ;
#7730 = ORIENTED_EDGE ( 'NONE', *, *, #3298, .F. ) ;
#7731 = B_SPLINE_CURVE_WITH_KNOTS ( 'NONE', 3,
 ( #7157, #2838, #4012, #2276, #2234, #1600, #7318, #6668, #397, #5427, #5264, #7885, #1075, #1112, #2320, #6502, #5911, #4094, #516, #4741, #3447, #4787 ),
 .UNSPECIFIED., .F., .F.,
 ( 4, 2, 2, 2, 2, 2, 2, 2, 2, 2, 4 ),
 ( 9.134320353462841858E-07, 0.003941504644099282778, 0.004926652447115281545, 0.005911800250131280313, 0.007882095856163336828, 0.009852391462195391608, 0.01083753926521139471, 0.01182268706822739782, 0.01379298267425942484, 0.01477813047727543141, 0.01576327828029144146 ),
 .UNSPECIFIED. ) ;
#7732 = ORIENTED_EDGE ( 'NONE', *, *, #318, .T. ) ;
#7733 = CARTESIAN_POINT ( 'NONE',  ( 0.000000000000000000, 0.000000000000000000, -52.77070040501133263 ) ) ;
#7734 = AXIS2_PLACEMENT_3D ( 'NONE', #2533, #3699, #5483 ) ;
#7735 = CARTESIAN_POINT ( 'NONE',  ( 0.000000000000000000, 181.7999063323111386, -77.29528289382909634 ) ) ;
#7736 = CARTESIAN_POINT ( 'NONE',  ( -172.5999999999999943, 2.113740375328331876E-14, 65.77070040501132553 ) ) ;
#7737 = CARTESIAN_POINT ( 'NONE',  ( -73.47315653655930134, 101.1271242968683453, 19.36299596820718705 ) ) ;
#7738 = CARTESIAN_POINT ( 'NONE',  ( 3.802444697280735182E-14, -310.4931723929009877, -90.48823014889568128 ) ) ;
#7739 = ADVANCED_FACE ( 'NONE', ( #6243 ), #7555, .F. ) ;
#7740 = CARTESIAN_POINT ( 'NONE',  ( -11.83584130777581933, -134.2244999704239774, 23.98553784867456073 ) ) ;
#7741 = CIRCLE ( 'NONE', #117, 153.6961940777119082 ) ;
#7742 = ORIENTED_EDGE ( 'NONE', *, *, #786, .T. ) ;
#7743 = CARTESIAN_POINT ( 'NONE',  ( 383.6102456501470215, 191.8051228250735960, -99.50000000000001421 ) ) ;
#7744 = ORIENTED_EDGE ( 'NONE', *, *, #2373, .F. ) ;
#7745 = DIRECTION ( 'NONE',  ( -0.000000000000000000, -0.000000000000000000, 1.000000000000000000 ) ) ;
#7746 = AXIS2_PLACEMENT_3D ( 'NONE', #6390, #3864, #7545 ) ;
#7747 = CARTESIAN_POINT ( 'NONE',  ( 110.8990637958521432, -51.32640377125147779, 21.86299596820718349 ) ) ;
#7748 = DIRECTION ( 'NONE',  ( 0.000000000000000000, 0.000000000000000000, -1.000000000000000000 ) ) ;
#7749 = AXIS2_PLACEMENT_3D ( 'NONE', #6196, #1184, #664 ) ;
#7750 = CARTESIAN_POINT ( 'NONE',  ( 133.7947477994502208, -36.97815785840213465, 24.93509206532757716 ) ) ;
#7751 = AXIS2_PLACEMENT_3D ( 'NONE', #5085, #5697, #1308 ) ;
#7752 = CARTESIAN_POINT ( 'NONE',  ( 121.4822469512134830, -53.40911506534529707, 23.50883336092712383 ) ) ;
#7753 = DIRECTION ( 'NONE',  ( -0.000000000000000000, -0.000000000000000000, 1.000000000000000000 ) ) ;
#7754 = CARTESIAN_POINT ( 'NONE',  ( -624.6602274444682052, -312.3301137222341026, 89.15235216125219608 ) ) ;
#7755 = CARTESIAN_POINT ( 'NONE',  ( -170.0000000000000284, 2.081899558550500990E-14, 52.77070040501134685 ) ) ;
#7756 = CARTESIAN_POINT ( 'NONE',  ( 646.7802735357107622, 323.3901367678552106, 99.49999999999998579 ) ) ;
#7757 = AXIS2_PLACEMENT_3D ( 'NONE', #4869, #1331, #7446 ) ;
#7758 = AXIS2_PLACEMENT_3D ( 'NONE', #7486, #1960, #1920 ) ;
#7759 = DIRECTION ( 'NONE',  ( 1.000000000000000000, 0.000000000000000000, 0.000000000000000000 ) ) ;
#7760 = EDGE_LOOP ( 'NONE', ( #4151, #1307, #7317, #6260, #1070 ) ) ;
#7761 = EDGE_CURVE ( 'NONE', #3126, #7823, #299, .T. ) ;
#7762 = VERTEX_POINT ( 'NONE', #775 ) ;
#7763 = CIRCLE ( 'NONE', #1797, 4.000000000000003553 ) ;
#7764 = AXIS2_PLACEMENT_3D ( 'NONE', #437, #353, #7239 ) ;
#7765 = ORIENTED_EDGE ( 'NONE', *, *, #1926, .T. ) ;
#7766 = DIRECTION ( 'NONE',  ( -1.000000000000000000, 0.000000000000000000, 0.000000000000000000 ) ) ;
#7767 = CARTESIAN_POINT ( 'NONE',  ( 149.0999999999993406, 0.000000000000000000, 5.382524305809773146 ) ) ;
#7768 = PRODUCT_DEFINITION ( 'UNKNOWN', '', #7796, #7482 ) ;
#7769 = CARTESIAN_POINT ( 'NONE',  ( -84.15880934266643010, 90.59619753822559574, 21.89683300532963273 ) ) ;
#7770 = ADVANCED_FACE ( 'NONE', ( #3237 ), #1831, .F. ) ;
#7771 = CARTESIAN_POINT ( 'NONE',  ( 84.55464545962722411, -91.01347529267023617, 21.93024054607712969 ) ) ;
#7772 = CIRCLE ( 'NONE', #2961, 6.500000000000005329 ) ;
#7773 = DIRECTION ( 'NONE',  ( 0.000000000000000000, 0.000000000000000000, -1.000000000000000000 ) ) ;
#7774 = CARTESIAN_POINT ( 'NONE',  ( 362.3705593269364158, 181.1852796634681226, 75.30398140309957000 ) ) ;
#7775 = ORIENTED_EDGE ( 'NONE', *, *, #5271, .F. ) ;
#7776 = ORIENTED_EDGE ( 'NONE', *, *, #20, .F. ) ;
#7777 = CARTESIAN_POINT ( 'NONE',  ( 0.000000000000000000, 181.1852796634682363, 75.30398140309957000 ) ) ;
#7778 = AXIS2_PLACEMENT_3D ( 'NONE', #4972, #2130, #4524 ) ;
#7779 = CARTESIAN_POINT ( 'NONE',  ( 0.000000000000000000, 0.000000000000000000, -65.77070040501132553 ) ) ;
#7780 = CARTESIAN_POINT ( 'NONE',  ( 392.1568789826376360, -196.0784394913188180, -92.26983495602146945 ) ) ;
#7781 = ADVANCED_FACE ( 'NONE', ( #3073 ), #3636, .T. ) ;
#7782 = CARTESIAN_POINT ( 'NONE',  ( -4.437759455849687931E-14, 181.1852796634682363, -75.30398140309957000 ) ) ;
#7783 = DIRECTION ( 'NONE',  ( 1.000000000000000000, 0.000000000000000000, 0.000000000000000000 ) ) ;
#7784 = CARTESIAN_POINT ( 'NONE',  ( 610.3579730019846465, 305.1789865009923233, -92.80220189689723043 ) ) ;
#7785 = DIRECTION ( 'NONE',  ( 0.000000000000000000, 0.000000000000000000, -1.000000000000000000 ) ) ;
#7786 = AXIS2_PLACEMENT_3D ( 'NONE', #89, #6055, #7297 ) ;
#7787 = VERTEX_POINT ( 'NONE', #4331 ) ;
#7788 = CARTESIAN_POINT ( 'NONE',  ( 0.000000000000000000, 308.1065411911690717, -91.70875513312377336 ) ) ;
#7789 = CARTESIAN_POINT ( 'NONE',  ( 0.000000000000000000, 0.000000000000000000, 107.5999999999999517 ) ) ;
#7790 = ORIENTED_EDGE ( 'NONE', *, *, #3739, .T. ) ;
#7791 = CARTESIAN_POINT ( 'NONE',  ( 155.5999999999996817, 1.905550419473277706E-14, -39.26483350092088642 ) ) ;
#7792 = ORIENTED_EDGE ( 'NONE', *, *, #4725, .T. ) ;
#7793 = ADVANCED_FACE ( 'NONE', ( #1269 ), #6205, .F. ) ;
#7794 = CIRCLE ( 'NONE', #6890, 15.00000000000000000 ) ;
#7795 = CARTESIAN_POINT ( 'NONE',  ( -160.6961940777126472, 0.000000000000000000, -44.36102757863400115 ) ) ;
#7796 = PRODUCT_DEFINITION_FORMATION_WITH_SPECIFIED_SOURCE ( 'ANY', '', #7651, .NOT_KNOWN. ) ;
#7797 = CARTESIAN_POINT ( 'NONE',  ( 133.8820645368945748, -38.62712429686728655, 25.05948377397438520 ) ) ;
#7798 = CARTESIAN_POINT ( 'NONE',  ( 0.000000000000000000, 0.000000000000000000, -99.49999999999998579 ) ) ;
#7799 = DIRECTION ( 'NONE',  ( -0.000000000000000000, -0.000000000000000000, 1.000000000000000000 ) ) ;
#7800 = CARTESIAN_POINT ( 'NONE',  ( 0.000000000000000000, 312.3301137222341595, 89.15235216125219608 ) ) ;
#7801 = CARTESIAN_POINT ( 'NONE',  ( -101.4189655574624425, 1.242024115427820394E-14, 19.16641954272702009 ) ) ;
#7802 = DIRECTION ( 'NONE',  ( 1.000000000000000000, 0.000000000000000000, 0.000000000000000000 ) ) ;
#7803 = FACE_OUTER_BOUND ( 'NONE', #1073, .T. ) ;
#7804 = ORIENTED_EDGE ( 'NONE', *, *, #2800, .F. ) ;
#7805 = ORIENTED_EDGE ( 'NONE', *, *, #4437, .T. ) ;
#7806 = ORIENTED_EDGE ( 'NONE', *, *, #594, .F. ) ;
#7807 = DIRECTION ( 'NONE',  ( -0.000000000000000000, -0.000000000000000000, 1.000000000000000000 ) ) ;
#7808 = DIRECTION ( 'NONE',  ( 1.000000000000000000, 0.000000000000000000, 0.000000000000000000 ) ) ;
#7809 = DIRECTION ( 'NONE',  ( -0.000000000000000000, -0.000000000000000000, 1.000000000000000000 ) ) ;
#7810 = CARTESIAN_POINT ( 'NONE',  ( 69.69414685460607473, 115.6607685151770255, 24.05327380380940028 ) ) ;
#7811 = EDGE_CURVE ( 'NONE', #2176, #917, #1326, .T. ) ;
#7812 = DIRECTION ( 'NONE',  ( 1.000000000000000000, 0.000000000000000000, 0.000000000000000000 ) ) ;
#7813 = CARTESIAN_POINT ( 'NONE',  ( -2.208467200214958958E-14, -180.3350322519586939, 70.87866810663061301 ) ) ;
#7814 = ORIENTED_EDGE ( 'NONE', *, *, #3686, .F. ) ;
#7815 = DIRECTION ( 'NONE',  ( -0.000000000000000000, 0.000000000000000000, 1.000000000000000000 ) ) ;
#7816 = CARTESIAN_POINT ( 'NONE',  ( 0.000000000000000000, 0.000000000000000000, 35.77057939344513215 ) ) ;
#7817 = CARTESIAN_POINT ( 'NONE',  ( -69.69414685460694159, -115.6607685151764997, 24.05327380380939317 ) ) ;
#7818 = CARTESIAN_POINT ( 'NONE',  ( 2.381782502707780839E-14, -194.4873006948673435, -91.56960896611401779 ) ) ;
#7819 = CARTESIAN_POINT ( 'NONE',  ( 0.000000000000000000, 0.000000000000000000, -55.72929959498868158 ) ) ;
#7820 = CARTESIAN_POINT ( 'NONE',  ( 3.707820078507285874E-14, -302.7664859034306346, -93.41442136824588260 ) ) ;
#7821 = DIRECTION ( 'NONE',  ( -0.000000000000000000, 0.000000000000000000, 1.000000000000000000 ) ) ;
#7822 = EDGE_CURVE ( 'NONE', #4706, #3323, #2348, .T. ) ;
#7823 = VERTEX_POINT ( 'NONE', #814 ) ;
#7825 = EDGE_CURVE ( 'NONE', #5521, #5790, #6363, .T. ) ;
#7824 = DIRECTION ( 'NONE',  ( -1.000000000000000000, 0.000000000000000000, 0.000000000000000000 ) ) ;
#7826 = DIRECTION ( 'NONE',  ( 1.000000000000000000, 0.000000000000000000, 0.000000000000000000 ) ) ;
#7827 = ORIENTED_EDGE ( 'NONE', *, *, #2062, .T. ) ;
#7828 = CARTESIAN_POINT ( 'NONE',  ( 14.04238316592527447, -130.3354788811242599, 20.56433453456790161 ) ) ;
#7829 = EDGE_LOOP ( 'NONE', ( #3344, #7700, #3135, #290 ) ) ;
#7830 = CARTESIAN_POINT ( 'NONE',  ( 114.5733369431010971, -53.00643556942315371, 22.13072015034364171 ) ) ;
#7831 = CARTESIAN_POINT ( 'NONE',  ( -88.33714232293918656, -99.04577779070476140, 23.51151389786123502 ) ) ;
#7832 = ADVANCED_FACE ( 'NONE', ( #3549 ), #3914, .F. ) ;
#7833 = CARTESIAN_POINT ( 'NONE',  ( 125.8875028806435381, -25.34880299114599111, 19.95656656191701472 ) ) ;
#7834 = CARTESIAN_POINT ( 'NONE',  ( 130.5289423452631468, 48.13602175606924760, 22.43970828302891007 ) ) ;
#7835 = CARTESIAN_POINT ( 'NONE',  ( 118.8820645368945605, -38.62712429686728655, 14.49999999999999822 ) ) ;
#7836 = CARTESIAN_POINT ( 'NONE',  ( -622.3145988662517993, 311.1572994331259565, 90.05439378584783583 ) ) ;
#7837 = DIRECTION ( 'NONE',  ( 0.000000000000000000, 0.000000000000000000, -1.000000000000000000 ) ) ;
#7838 = CARTESIAN_POINT ( 'NONE',  ( 416.5484383175221978, 208.2742191587610137, 99.50000000000001421 ) ) ;
#7839 = LINE ( 'NONE', #7110, #7923 ) ;
#7840 = ORIENTED_EDGE ( 'NONE', *, *, #7369, .T. ) ;
#7841 = CARTESIAN_POINT ( 'NONE',  ( -120.9739401471410503, 53.48939115427759106, 23.40778368995144376 ) ) ;
#7842 = VERTEX_POINT ( 'NONE', #455 ) ;
#7843 = ORIENTED_EDGE ( 'NONE', *, *, #4381, .F. ) ;
#7844 = CARTESIAN_POINT ( 'NONE',  ( -113.1295972881500091, 52.49462861757788801, 19.45428154123677089 ) ) ;
#7845 = DIRECTION ( 'NONE',  ( -0.000000000000000000, -0.000000000000000000, 1.000000000000000000 ) ) ;
#7846 = CARTESIAN_POINT ( 'NONE',  ( 133.8820645368945748, -38.62712429686728655, 22.49219463776504568 ) ) ;
#7847 = CARTESIAN_POINT ( 'NONE',  ( 76.10027859895011204, 115.9126678693552037, 24.89995048909404218 ) ) ;
#7848 = CARTESIAN_POINT ( 'NONE',  ( -3.888253587292846634E-14, -317.5000000000000000, 65.77070040501132553 ) ) ;
#7849 = CARTESIAN_POINT ( 'NONE',  ( 360.2000000000000455, 180.0999999999999375, 68.44440677895181580 ) ) ;
#7850 = AXIS2_PLACEMENT_3D ( 'NONE', #1690, #2369, #2243 ) ;
#7851 = ORIENTED_EDGE ( 'NONE', *, *, #1956, .T. ) ;
#7852 = VERTEX_POINT ( 'NONE', #6607 ) ;
#7853 = CARTESIAN_POINT ( 'NONE',  ( -133.8820645368940632, -38.62712429686894922, 25.05948377397437454 ) ) ;
#7854 = CARTESIAN_POINT ( 'NONE',  ( -59.55032408116381504, -106.7087671033377774, 19.36299596820718349 ) ) ;
#7855 = CARTESIAN_POINT ( 'NONE',  ( -76.80590751177203401, -115.7702386559511325, 24.96292124287585068 ) ) ;
#7856 = CARTESIAN_POINT ( 'NONE',  ( 2.327987543480847164E-14, -190.0946089192151192, -88.90489066047071276 ) ) ;
#7857 = CIRCLE ( 'NONE', #7719, 289.3257808412388954 ) ;
#7858 = DIRECTION ( 'NONE',  ( -1.000000000000000000, 0.000000000000000000, 0.000000000000000000 ) ) ;
#7859 = CARTESIAN_POINT ( 'NONE',  ( 627.4907402518880417, 313.7453701259440777, -87.70311822632901055 ) ) ;
#7860 = DIRECTION ( 'NONE',  ( 1.000000000000000000, 0.000000000000000000, 0.000000000000000000 ) ) ;
#7861 = ORIENTED_EDGE ( 'NONE', *, *, #6925, .F. ) ;
#7862 = CARTESIAN_POINT ( 'NONE',  ( 0.000000000000000000, 316.9384221490204254, -79.84641328172391184 ) ) ;
#7863 = CARTESIAN_POINT ( 'NONE',  ( 166.5999999999999943, 2.040261567379490471E-14, 60.27070040501133974 ) ) ;
#7864 = TOROIDAL_SURFACE ( 'NONE', #7081, 122.2006631523987323, 30.00000000000000711 ) ;
#7865 = VERTEX_POINT ( 'NONE', #6400 ) ;
#7866 = EDGE_CURVE ( 'NONE', #7944, #6499, #7113, .T. ) ;
#7867 = CARTESIAN_POINT ( 'NONE',  ( 0.8475957018076204497, -139.9991850249564891, 22.64548945673731950 ) ) ;
#7868 = VERTEX_POINT ( 'NONE', #6650 ) ;
#7869 = EDGE_CURVE ( 'NONE', #7693, #7909, #6098, .T. ) ;
#7870 = CARTESIAN_POINT ( 'NONE',  ( 80.00000000000000000, 0.000000000000000000, 14.49999999999999822 ) ) ;
#7871 = CARTESIAN_POINT ( 'NONE',  ( -175.0999999999999943, 2.144356545307015663E-14, 65.77070040501132553 ) ) ;
#7872 = CARTESIAN_POINT ( 'NONE',  ( 126.9602443907738802, -25.98817615042811013, 20.21482714528789870 ) ) ;
#7873 = AXIS2_PLACEMENT_3D ( 'NONE', #772, #6272, #4412 ) ;
#7874 = DIRECTION ( 'NONE',  ( 1.224646799147353207E-16, 1.000000000000000000, 0.000000000000000000 ) ) ;
#7875 = CARTESIAN_POINT ( 'NONE',  ( 0.000000000000000000, 0.000000000000000000, 5.382524305809773146 ) ) ;
#7876 = CARTESIAN_POINT ( 'NONE',  ( 0.000000000000000000, 208.2742191587611558, -94.50000000000000000 ) ) ;
#7877 = EDGE_CURVE ( 'NONE', #2031, #7842, #5092, .T. ) ;
#7878 = CARTESIAN_POINT ( 'NONE',  ( 0.000000000000000000, 0.000000000000000000, -63.72929959498868868 ) ) ;
#7879 = TOROIDAL_SURFACE ( 'NONE', #7757, 166.5999999999999943, 4.000000000000000000 ) ;
#7880 = CARTESIAN_POINT ( 'NONE',  ( -165.0999999999999943, 2.021891865392280199E-14, 45.77070040501133974 ) ) ;
#7881 = AXIS2_PLACEMENT_3D ( 'NONE', #3509, #292, #5284 ) ;
#7882 = ORIENTED_EDGE ( 'NONE', *, *, #1425, .T. ) ;
#7883 = DIRECTION ( 'NONE',  ( 0.000000000000000000, 0.000000000000000000, -1.000000000000000000 ) ) ;
#7884 = ORIENTED_EDGE ( 'NONE', *, *, #1339, .F. ) ;
#7885 = CARTESIAN_POINT ( 'NONE',  ( -132.8581888973998275, 33.17041978040319350, 24.49731662208957061 ) ) ;
#7886 = AXIS2_PLACEMENT_3D ( 'NONE', #387, #341, #1549 ) ;
#7887 = AXIS2_PLACEMENT_3D ( 'NONE', #2626, #2012, #6974 ) ;
#7888 = DIRECTION ( 'NONE',  ( -0.000000000000000000, -0.000000000000000000, 1.000000000000000000 ) ) ;
#7889 = CARTESIAN_POINT ( 'NONE',  ( -85.64512487479802871, 92.35637734785898090, 22.09750828176034432 ) ) ;
#7890 = CARTESIAN_POINT ( 'NONE',  ( -128.9012440798824457, -49.82662924587385334, 24.79111485658211933 ) ) ;
#7891 = CARTESIAN_POINT ( 'NONE',  ( -3.593004625612164980E-14, -293.3910926900519485, 94.50000000000000000 ) ) ;
#7892 = CARTESIAN_POINT ( 'NONE',  ( 360.1999999999999886, -180.1000000000000796, 68.44440677895181580 ) ) ;
#7893 = AXIS2_PLACEMENT_3D ( 'NONE', #992, #3449, #4822 ) ;
#7894 = AXIS2_PLACEMENT_3D ( 'NONE', #2525, #8, #2446 ) ;
#7895 = ORIENTED_EDGE ( 'NONE', *, *, #1755, .T. ) ;
#7896 = ORIENTED_EDGE ( 'NONE', *, *, #4865, .T. ) ;
#7897 = CARTESIAN_POINT ( 'NONE',  ( -372.6893232596835333, 186.3446616298417666, 85.37267775845593576 ) ) ;
#7898 = FACE_OUTER_BOUND ( 'NONE', #6480, .T. ) ;
#7899 = CARTESIAN_POINT ( 'NONE',  ( -88.47315653655860501, -101.8422365537209657, 24.02269258794262896 ) ) ;
#7900 = CARTESIAN_POINT ( 'NONE',  ( -4.512868859823571133E-14, 184.2518537984015552, -82.49406996101798484 ) ) ;
#7901 = VECTOR ( 'NONE', #4831, 1000.000000000000000 ) ;
#7902 = TOROIDAL_SURFACE ( 'NONE', #6200, 122.2006631523987323, 32.50000000000000711 ) ;
#7903 = CARTESIAN_POINT ( 'NONE',  ( -123.0311386597406482, -24.20948143963729748, 22.03165578865295160 ) ) ;
#7904 = CARTESIAN_POINT ( 'NONE',  ( 616.2130823823381434, 308.1065411911690717, -91.70875513312377336 ) ) ;
#7905 = CARTESIAN_POINT ( 'NONE',  ( -14.23154095931800001, -129.8122344270091730, 23.01490636835806214 ) ) ;
#7906 = EDGE_LOOP ( 'NONE', ( #1477, #6345 ) ) ;
#7907 = AXIS2_PLACEMENT_3D ( 'NONE', #2428, #4209, #3608 ) ;
#7908 = CARTESIAN_POINT ( 'NONE',  ( 0.000000000000000000, 201.1296904607625322, 93.80705434439103385 ) ) ;
#7909 = VERTEX_POINT ( 'NONE', #7632 ) ;
#7910 = CARTESIAN_POINT ( 'NONE',  ( 3.299483787638355814, -139.6385239068571593, 22.57019492230476132 ) ) ;
#7911 = ORIENTED_EDGE ( 'NONE', *, *, #1804, .F. ) ;
#7912 = CARTESIAN_POINT ( 'NONE',  ( 60.63729491177523556, 108.9898245311132428, 19.43661872978136529 ) ) ;
#7913 = CARTESIAN_POINT ( 'NONE',  ( -631.9686387462807033, -315.9843193731404085, -83.60197795724438663 ) ) ;
#7914 = AXIS2_PLACEMENT_3D ( 'NONE', #5505, #1796, #7402 ) ;
#7915 = ADVANCED_FACE ( 'NONE', ( #2218 ), #1705, .T. ) ;
#7916 = DIRECTION ( 'NONE',  ( -0.000000000000000000, -0.000000000000000000, 1.000000000000000000 ) ) ;
#7917 = VECTOR ( 'NONE', #1838, 1000.000000000000000 ) ;
#7918 = CARTESIAN_POINT ( 'NONE',  ( 83.52814726493625130, 89.98119224748521106, 21.86299596820717994 ) ) ;
#7919 = DIRECTION ( 'NONE',  ( -0.000000000000000000, -0.000000000000000000, 1.000000000000000000 ) ) ;
#7920 = CARTESIAN_POINT ( 'NONE',  ( -586.7821853801036696, -293.3910926900518348, 94.50000000000000000 ) ) ;
#7921 = DIRECTION ( 'NONE',  ( -1.000000000000000000, 0.000000000000000000, 0.000000000000000000 ) ) ;
#7922 = CARTESIAN_POINT ( 'NONE',  ( -58.47315653655929424, 101.1271242968683453, 21.86299596820718349 ) ) ;
#7923 = VECTOR ( 'NONE', #1555, 1000.000000000000000 ) ;
#7924 = CARTESIAN_POINT ( 'NONE',  ( 0.000000000000000000, 0.000000000000000000, -65.22929959498868868 ) ) ;
#7925 = ORIENTED_EDGE ( 'NONE', *, *, #1229, .F. ) ;
#7926 = CARTESIAN_POINT ( 'NONE',  ( -80.00000000000000000, 9.936447220604152751E-15, 17.00000000000000000 ) ) ;
#7927 = ADVANCED_FACE ( 'NONE', ( #7452, #6802 ), #4806, .T. ) ;
#7928 = EDGE_CURVE ( 'NONE', #3017, #4071, #5959, .T. ) ;
#7929 = ORIENTED_EDGE ( 'NONE', *, *, #20, .T. ) ;
#7930 = DIRECTION ( 'NONE',  ( 0.000000000000000000, 0.000000000000000000, -1.000000000000000000 ) ) ;
#7931 = AXIS2_PLACEMENT_3D ( 'NONE', #57, #7301, #7945 ) ;
#7932 = CARTESIAN_POINT ( 'NONE',  ( -14.51664885225353885, 128.7771558215628431, 20.21482714528789870 ) ) ;
#7933 = CARTESIAN_POINT ( 'NONE',  ( 78.20428419444380097, 115.3660799725806214, 25.06673885949244251 ) ) ;
#7934 = CARTESIAN_POINT ( 'NONE',  ( 7.684545265440781264E-14, 313.7453701259441345, 87.70311822632901055 ) ) ;
#7935 = DIRECTION ( 'NONE',  ( -0.000000000000000000, -0.000000000000000000, 1.000000000000000000 ) ) ;
#7936 = ADVANCED_FACE ( 'NONE', ( #7335 ), #2214, .T. ) ;
#7937 = ORIENTED_EDGE ( 'NONE', *, *, #5623, .F. ) ;
#7938 = VERTEX_POINT ( 'NONE', #1248 ) ;
#7939 = CARTESIAN_POINT ( 'NONE',  ( 58.47315653655780920, 101.1271242968693826, 19.36299596820718705 ) ) ;
#7940 = CARTESIAN_POINT ( 'NONE',  ( -71.44323847434330332, -115.9934187340193290, 24.33231735955659047 ) ) ;
#7941 = CARTESIAN_POINT ( 'NONE',  ( 0.000000000000000000, 317.5000000000000000, 65.77070040501132553 ) ) ;
#7942 = CARTESIAN_POINT ( 'NONE',  ( 88.47315653656005452, -101.8404116317857273, 24.02237178141345098 ) ) ;
#7943 = CARTESIAN_POINT ( 'NONE',  ( 3.949485927250214208E-14, -322.5000000000000000, -83.74324804101253505 ) ) ;
#7944 = VERTEX_POINT ( 'NONE', #2339 ) ;
#7945 = DIRECTION ( 'NONE',  ( -1.000000000000000000, 0.000000000000000000, -0.000000000000000000 ) ) ;
#7946 = FACE_OUTER_BOUND ( 'NONE', #661, .T. ) ;
#7947 = ORIENTED_EDGE ( 'NONE', *, *, #458, .T. ) ;
#7948 = CARTESIAN_POINT ( 'NONE',  ( 12.08222545725010910, -133.8987256249889697, 21.34757163019849102 ) ) ;
#7949 = ORIENTED_EDGE ( 'NONE', *, *, #2695, .T. ) ;
#7950 = DIRECTION ( 'NONE',  ( 0.000000000000000000, 0.000000000000000000, -1.000000000000000000 ) ) ;
#7951 = CARTESIAN_POINT ( 'NONE',  ( -635.0262584174098492, -317.5131292087050383, -70.21990042098286722 ) ) ;
#7952 = LINE ( 'NONE', #2989, #5748 ) ;
#7953 = FACE_OUTER_BOUND ( 'NONE', #6065, .T. ) ;
#7954 = CARTESIAN_POINT ( 'NONE',  ( 14.99999999999948486, -124.3883947768245264, 19.50434246070318167 ) ) ;
#7955 = CARTESIAN_POINT ( 'NONE',  ( 78.51944216847707025, 115.2573196191204232, 22.51981567745431434 ) ) ;
#7956 = DIRECTION ( 'NONE',  ( -0.000000000000000000, -0.000000000000000000, 1.000000000000000000 ) ) ;
#7957 = ORIENTED_EDGE ( 'NONE', *, *, #3256, .T. ) ;
#7958 = DIRECTION ( 'NONE',  ( 1.000000000000000000, 0.000000000000000000, 0.000000000000000000 ) ) ;
#7959 = ORIENTED_EDGE ( 'NONE', *, *, #5969, .F. ) ;
#7960 = CARTESIAN_POINT ( 'NONE',  ( 0.000000000000000000, 0.000000000000000000, 51.86299596820718705 ) ) ;
#7961 = DIRECTION ( 'NONE',  ( 0.000000000000000000, 0.000000000000000000, -1.000000000000000000 ) ) ;
#7962 = CARTESIAN_POINT ( 'NONE',  ( 77.85576077270449957, 115.4772039798640719, 25.04265263095182803 ) ) ;
#7963 = EDGE_CURVE ( 'NONE', #7624, #4918, #6321, .T. ) ;
#7964 = CARTESIAN_POINT ( 'NONE',  ( 7.086437828360635759E-14, 289.3257808412388954, 94.49999999999998579 ) ) ;
#7965 = CARTESIAN_POINT ( 'NONE',  ( -78.51944216847792291, -115.2573196191198974, 22.51981567745430368 ) ) ;
#7966 = EDGE_LOOP ( 'NONE', ( #7473, #2367, #5184, #444 ) ) ;
#7967 = VERTEX_POINT ( 'NONE', #4354 ) ;
#7968 = FACE_OUTER_BOUND ( 'NONE', #5890, .T. ) ;
#7969 = CARTESIAN_POINT ( 'NONE',  ( -88.33737340650827718, 99.04713919046584181, 23.51178674161458915 ) ) ;
#7970 = DIRECTION ( 'NONE',  ( -0.000000000000000000, -0.000000000000000000, 1.000000000000000000 ) ) ;
#7971 = DIRECTION ( 'NONE',  ( -1.000000000000000000, -1.224646799147349509E-16, 0.000000000000000000 ) ) ;
#7972 = ADVANCED_FACE ( 'NONE', ( #6059 ), #3746, .F. ) ;
#7973 = CARTESIAN_POINT ( 'NONE',  ( 88.42253418712118673, -102.5499720226530229, 24.13989366923688706 ) ) ;
#7974 = AXIS2_PLACEMENT_3D ( 'NONE', #7585, #145, #1901 ) ;
#7975 = CYLINDRICAL_SURFACE ( 'NONE', #153, 6.349999999999999645 ) ;
#7976 = ORIENTED_EDGE ( 'NONE', *, *, #1217, .T. ) ;
#7977 =( NAMED_UNIT ( * ) SI_UNIT ( $, .STERADIAN. ) SOLID_ANGLE_UNIT ( ) );
#7978 = CARTESIAN_POINT ( 'NONE',  ( -113.7623820923303981, -52.72932571814472169, 22.03144334503540591 ) ) ;
#7979 = ORIENTED_EDGE ( 'NONE', *, *, #830, .T. ) ;
#7980 = CARTESIAN_POINT ( 'NONE',  ( 4.105552055036569392, -139.4332053875742758, 22.52724921459092400 ) ) ;
#7981 = AXIS2_PLACEMENT_3D ( 'NONE', #7816, #1608, #7326 ) ;
#7982 = CARTESIAN_POINT ( 'NONE',  ( 132.8566237805736137, 33.16643099134144279, 24.49673640219628012 ) ) ;
#7983 = EDGE_CURVE ( 'NONE', #4330, #4212, #1828, .T. ) ;
#7984 = CARTESIAN_POINT ( 'NONE',  ( 3.888253587292845372E-14, -317.4999999999998863, -68.03790535064513278 ) ) ;
#7985 = B_SPLINE_CURVE_WITH_KNOTS ( 'NONE', 3,
 ( #5744, #1396, #232, #7640, #3767, #2078, #2603, #6212, #676, #3162, #6284, #3123, #5589, #7561, #7481, #1913, #6878, #3205, #5672, #5062, #392, #4048, #4087, #5183, #4578, #2148, #1632, #1596 ),
 .UNSPECIFIED., .F., .F.,
 ( 4, 2, 2, 2, 2, 2, 2, 2, 2, 2, 2, 2, 2, 4 ),
 ( 0.01515173351395495902, 0.01668363101612500843, 0.01821552851829505784, 0.01974742602046510725, 0.02127932352263515667, 0.02434311852697528672, 0.02587501602914532919, 0.02740691353131537167, 0.02893881103348541067, 0.03047070853565545315, 0.03353450353999561095, 0.03506640104216568465, 0.03659829854433576529, 0.03966209354867591963 ),
 .UNSPECIFIED. ) ;
#7986 = CIRCLE ( 'NONE', #5629, 9.999999999999998224 ) ;
#7987 = FACE_OUTER_BOUND ( 'NONE', #5895, .T. ) ;
#7988 = VERTEX_POINT ( 'NONE', #1169 ) ;
#7989 = CARTESIAN_POINT ( 'NONE',  ( 0.000000000000000000, 0.000000000000000000, 64.27070040501133974 ) ) ;
#7990 = CARTESIAN_POINT ( 'NONE',  ( -158.0999999999996533, 0.000000000000000000, -38.22929959498813446 ) ) ;
#7991 = AXIS2_PLACEMENT_3D ( 'NONE', #467, #7837, #7921 ) ;
#7992 = CARTESIAN_POINT ( 'NONE',  ( -2.348935297277912938E-14, -191.8051228250735676, 99.50000000000000000 ) ) ;
#7993 = CARTESIAN_POINT ( 'NONE',  ( 0.000000000000000000, 57.14999999999999858, -3.460512242138308103 ) ) ;
#7994 = ORIENTED_EDGE ( 'NONE', *, *, #5745, .T. ) ;
#7995 = DIRECTION ( 'NONE',  ( 0.000000000000000000, 0.000000000000000000, -1.000000000000000000 ) ) ;
#7996 = CIRCLE ( 'NONE', #624, 180.1000000000000227 ) ;
#7997 = ORIENTED_EDGE ( 'NONE', *, *, #3264, .F. ) ;
#7998 = DIRECTION ( 'NONE',  ( -0.000000000000000000, -0.000000000000000000, 1.000000000000000000 ) ) ;
#7999 = CARTESIAN_POINT ( 'NONE',  ( 14.04187313972508022, 130.3373791461706901, 20.56476157428917517 ) ) ;
#8000 = CARTESIAN_POINT ( 'NONE',  ( -128.7400324951501602, -49.94434041365979482, 22.19900947089679732 ) ) ;
#8001 = VECTOR ( 'NONE', #3752, 1000.000000000000114 ) ;
ENDSEC;
END-ISO-10303-21;
